[ T-Deposit ]
    title = Histograma dosis-volumen del pouch
     mesh =  xyz            # mesh type is xyz scoring mesh
   x-type =    2            # x-mesh is linear given by xmin, xmax and nx
     xmin = -0.8000000      # minimum value of x-mesh points
     xmax =  0.8000000      # maximum value of x-mesh points
#    xdel =  0.1000000      # mesh width of x-mesh points
       nx =     16          # number of x-mesh points
#    data = ( x(i), i = 1, nx + 1 )
#          -8.00000E-01 -7.00000E-01 -6.00000E-01 -5.00000E-01 -4.00000E-01
#          -3.00000E-01 -2.00000E-01 -1.00000E-01  0.00000E+00  1.00000E-01
#           2.00000E-01  3.00000E-01  4.00000E-01  5.00000E-01  6.00000E-01
#           7.00000E-01  8.00000E-01
   y-type =    2            # y-mesh is linear given by ymin, ymax and ny
     ymin =  -1.650000      # minimum value of y-mesh points
     ymax =   1.650000      # maximum value of y-mesh points
#    ydel =  0.1000000      # mesh width of y-mesh points
       ny =     33          # number of y-mesh points
#    data = ( y(i), i = 1, ny + 1 )
#          -1.65000E+00 -1.55000E+00 -1.45000E+00 -1.35000E+00 -1.25000E+00
#          -1.15000E+00 -1.05000E+00 -9.50000E-01 -8.50000E-01 -7.50000E-01
#          -6.50000E-01 -5.50000E-01 -4.50000E-01 -3.50000E-01 -2.50000E-01
#          -1.50000E-01 -5.00000E-02  5.00000E-02  1.50000E-01  2.50000E-01
#           3.50000E-01  4.50000E-01  5.50000E-01  6.50000E-01  7.50000E-01
#           8.50000E-01  9.50000E-01  1.05000E+00  1.15000E+00  1.25000E+00
#           1.35000E+00  1.45000E+00  1.55000E+00  1.65000E+00
   z-type =    2            # z-mesh is linear given by zmin, zmax and nz
     zmin =   98.45500      # minimum value of z-mesh points
     zmax =   98.58000      # maximum value of z-mesh points
#    zdel =  3.1250000E-02  # mesh width of z-mesh points
       nz =      4          # number of z-mesh points
#    data = ( z(i), i = 1, nz + 1 )
#           9.84550E+01  9.84862E+01  9.85175E+01  9.85487E+01  9.85800E+01
     unit =    0            # unit is [Gy/source]
   letmat =    0            # (D=0) mat ID for LET, 0:real mat, <0: electron for H2O
  dedxfnc =    0            # (D=0) user defined multiplier, 0(no), 1, 2
 material =  all            # (D=all) number of specific material
   output =  dose           # total deposit energy
  deposit =    0            # (D=0) 0-> total deposit dist, 1-> each process
     axis =     z           # axis of output
     file = ./out/histograma_dosis.out  # file name of output for the above axis
     part =  proton   
# kf/name :  2212     
   epsout =    1            # (D=0) generate eps file by ANGEL
   mother =  all            # (D=all) number of specific mother
#    used :        main (  %)        temp (  %)       total (  %)
#  memory :          59 (  0)           0 (  0)          59 (  0)

#------------------------------------------------------------------------------
#newpage:
#   no. =  1   ix  =  1   iy  =  1
#   x = (  -8.0000E-01  -  -7.0000E-01  )
#   y = (  -1.6500E+00  -  -1.5500E+00  )

x: z[cm]
y: Dose [Gy/source]      
p: xlin ylog afac(0.8) form(0.9)
h: n            x            y(proton  ),hh0l n 
#  z-lower      z-upper        proton    r.err 
   9.8455E+01   9.8486E+01   0.0000E+00  0.0000
   9.8486E+01   9.8517E+01   0.0000E+00  0.0000
   9.8517E+01   9.8549E+01   0.0000E+00  0.0000
   9.8549E+01   9.8580E+01   0.0000E+00  0.0000

#   sum over    1.2500E-03   0.0000E+00  0.0000

'no. =  1,  ix =  1,  iy =  1'
msuc: {\huge Histograma dosis-volumen del pouch}
msdr: {\it plotted by \ANGEL \version}
msdl: {\it calculated by \PHITS  3.36}
wt: s(0.7)
\vspace{-3}
  xmin  &=&  -8.0000E-01 [cm]
  xmax  &=&  -7.0000E-01 [cm]
  ymin  &=&  -1.6500E+00 [cm]
  ymax  &=&  -1.5500E+00 [cm]
e:

#------------------------------------------------------------------------------
 newpage:
#   no. =  2   ix  =  1   iy  =  2
#   x = (  -8.0000E-01  -  -7.0000E-01  )
#   y = (  -1.5500E+00  -  -1.4500E+00  )

x: z[cm]
y: Dose [Gy/source]      
p: xlin ylog afac(0.8) form(0.9)
h: n            x            y(proton  ),hh0l n 
#  z-lower      z-upper        proton    r.err 
   9.8455E+01   9.8486E+01   0.0000E+00  0.0000
   9.8486E+01   9.8517E+01   0.0000E+00  0.0000
   9.8517E+01   9.8549E+01   0.0000E+00  0.0000
   9.8549E+01   9.8580E+01   1.3529E-04  1.0000

#   sum over    1.2500E-03   3.3824E-05  1.0000

'no. =  2,  ix =  1,  iy =  2'
msuc: {\huge Histograma dosis-volumen del pouch}
msdr: {\it plotted by \ANGEL \version}
msdl: {\it calculated by \PHITS  3.36}
wt: s(0.7)
\vspace{-3}
  xmin  &=&  -8.0000E-01 [cm]
  xmax  &=&  -7.0000E-01 [cm]
  ymin  &=&  -1.5500E+00 [cm]
  ymax  &=&  -1.4500E+00 [cm]
e:

#------------------------------------------------------------------------------
 newpage:
#   no. =  3   ix  =  1   iy  =  3
#   x = (  -8.0000E-01  -  -7.0000E-01  )
#   y = (  -1.4500E+00  -  -1.3500E+00  )

x: z[cm]
y: Dose [Gy/source]      
p: xlin ylog afac(0.8) form(0.9)
h: n            x            y(proton  ),hh0l n 
#  z-lower      z-upper        proton    r.err 
   9.8455E+01   9.8486E+01   1.4746E-04  0.5139
   9.8486E+01   9.8517E+01   3.8200E-04  0.5930
   9.8517E+01   9.8549E+01   2.8978E-04  0.4630
   9.8549E+01   9.8580E+01   2.2875E-04  0.4762

#   sum over    1.2500E-03   2.6200E-04  0.4329

'no. =  3,  ix =  1,  iy =  3'
msuc: {\huge Histograma dosis-volumen del pouch}
msdr: {\it plotted by \ANGEL \version}
msdl: {\it calculated by \PHITS  3.36}
wt: s(0.7)
\vspace{-3}
  xmin  &=&  -8.0000E-01 [cm]
  xmax  &=&  -7.0000E-01 [cm]
  ymin  &=&  -1.4500E+00 [cm]
  ymax  &=&  -1.3500E+00 [cm]
e:

#------------------------------------------------------------------------------
 newpage:
#   no. =  4   ix  =  1   iy  =  4
#   x = (  -8.0000E-01  -  -7.0000E-01  )
#   y = (  -1.3500E+00  -  -1.2500E+00  )

x: z[cm]
y: Dose [Gy/source]      
p: xlin ylog afac(0.8) form(0.9)
h: n            x            y(proton  ),hh0l n 
#  z-lower      z-upper        proton    r.err 
   9.8455E+01   9.8486E+01   2.6528E-01  0.0124
   9.8486E+01   9.8517E+01   2.6646E-01  0.0129
   9.8517E+01   9.8549E+01   2.6191E-01  0.0139
   9.8549E+01   9.8580E+01   2.5934E-01  0.0155

#   sum over    1.2500E-03   2.6325E-01  0.0119

'no. =  4,  ix =  1,  iy =  4'
msuc: {\huge Histograma dosis-volumen del pouch}
msdr: {\it plotted by \ANGEL \version}
msdl: {\it calculated by \PHITS  3.36}
wt: s(0.7)
\vspace{-3}
  xmin  &=&  -8.0000E-01 [cm]
  xmax  &=&  -7.0000E-01 [cm]
  ymin  &=&  -1.3500E+00 [cm]
  ymax  &=&  -1.2500E+00 [cm]
e:

#------------------------------------------------------------------------------
 newpage:
#   no. =  5   ix  =  1   iy  =  5
#   x = (  -8.0000E-01  -  -7.0000E-01  )
#   y = (  -1.2500E+00  -  -1.1500E+00  )

x: z[cm]
y: Dose [Gy/source]      
p: xlin ylog afac(0.8) form(0.9)
h: n            x            y(proton  ),hh0l n 
#  z-lower      z-upper        proton    r.err 
   9.8455E+01   9.8486E+01   3.6964E-01  0.0103
   9.8486E+01   9.8517E+01   3.7489E-01  0.0109
   9.8517E+01   9.8549E+01   3.5577E-01  0.0117
   9.8549E+01   9.8580E+01   3.5074E-01  0.0133

#   sum over    1.2500E-03   3.6276E-01  0.0100

'no. =  5,  ix =  1,  iy =  5'
msuc: {\huge Histograma dosis-volumen del pouch}
msdr: {\it plotted by \ANGEL \version}
msdl: {\it calculated by \PHITS  3.36}
wt: s(0.7)
\vspace{-3}
  xmin  &=&  -8.0000E-01 [cm]
  xmax  &=&  -7.0000E-01 [cm]
  ymin  &=&  -1.2500E+00 [cm]
  ymax  &=&  -1.1500E+00 [cm]
e:

#------------------------------------------------------------------------------
 newpage:
#   no. =  6   ix  =  1   iy  =  6
#   x = (  -8.0000E-01  -  -7.0000E-01  )
#   y = (  -1.1500E+00  -  -1.0500E+00  )

x: z[cm]
y: Dose [Gy/source]      
p: xlin ylog afac(0.8) form(0.9)
h: n            x            y(proton  ),hh0l n 
#  z-lower      z-upper        proton    r.err 
   9.8455E+01   9.8486E+01   3.7018E-01  0.0103
   9.8486E+01   9.8517E+01   3.6967E-01  0.0109
   9.8517E+01   9.8549E+01   3.5946E-01  0.0117
   9.8549E+01   9.8580E+01   3.5395E-01  0.0132

#   sum over    1.2500E-03   3.6331E-01  0.0100

'no. =  6,  ix =  1,  iy =  6'
msuc: {\huge Histograma dosis-volumen del pouch}
msdr: {\it plotted by \ANGEL \version}
msdl: {\it calculated by \PHITS  3.36}
wt: s(0.7)
\vspace{-3}
  xmin  &=&  -8.0000E-01 [cm]
  xmax  &=&  -7.0000E-01 [cm]
  ymin  &=&  -1.1500E+00 [cm]
  ymax  &=&  -1.0500E+00 [cm]
e:

#------------------------------------------------------------------------------
 newpage:
#   no. =  7   ix  =  1   iy  =  7
#   x = (  -8.0000E-01  -  -7.0000E-01  )
#   y = (  -1.0500E+00  -  -9.5000E-01  )

x: z[cm]
y: Dose [Gy/source]      
p: xlin ylog afac(0.8) form(0.9)
h: n            x            y(proton  ),hh0l n 
#  z-lower      z-upper        proton    r.err 
   9.8455E+01   9.8486E+01   3.6353E-01  0.0103
   9.8486E+01   9.8517E+01   3.7011E-01  0.0109
   9.8517E+01   9.8549E+01   3.6235E-01  0.0117
   9.8549E+01   9.8580E+01   3.5211E-01  0.0133

#   sum over    1.2500E-03   3.6202E-01  0.0100

'no. =  7,  ix =  1,  iy =  7'
msuc: {\huge Histograma dosis-volumen del pouch}
msdr: {\it plotted by \ANGEL \version}
msdl: {\it calculated by \PHITS  3.36}
wt: s(0.7)
\vspace{-3}
  xmin  &=&  -8.0000E-01 [cm]
  xmax  &=&  -7.0000E-01 [cm]
  ymin  &=&  -1.0500E+00 [cm]
  ymax  &=&  -9.5000E-01 [cm]
e:

#------------------------------------------------------------------------------
 newpage:
#   no. =  8   ix  =  1   iy  =  8
#   x = (  -8.0000E-01  -  -7.0000E-01  )
#   y = (  -9.5000E-01  -  -8.5000E-01  )

x: z[cm]
y: Dose [Gy/source]      
p: xlin ylog afac(0.8) form(0.9)
h: n            x            y(proton  ),hh0l n 
#  z-lower      z-upper        proton    r.err 
   9.8455E+01   9.8486E+01   3.6176E-01  0.0104
   9.8486E+01   9.8517E+01   3.6396E-01  0.0110
   9.8517E+01   9.8549E+01   3.4625E-01  0.0119
   9.8549E+01   9.8580E+01   3.3892E-01  0.0135

#   sum over    1.2500E-03   3.5272E-01  0.0101

'no. =  8,  ix =  1,  iy =  8'
msuc: {\huge Histograma dosis-volumen del pouch}
msdr: {\it plotted by \ANGEL \version}
msdl: {\it calculated by \PHITS  3.36}
wt: s(0.7)
\vspace{-3}
  xmin  &=&  -8.0000E-01 [cm]
  xmax  &=&  -7.0000E-01 [cm]
  ymin  &=&  -9.5000E-01 [cm]
  ymax  &=&  -8.5000E-01 [cm]
e:

#------------------------------------------------------------------------------
 newpage:
#   no. =  9   ix  =  1   iy  =  9
#   x = (  -8.0000E-01  -  -7.0000E-01  )
#   y = (  -8.5000E-01  -  -7.5000E-01  )

x: z[cm]
y: Dose [Gy/source]      
p: xlin ylog afac(0.8) form(0.9)
h: n            x            y(proton  ),hh0l n 
#  z-lower      z-upper        proton    r.err 
   9.8455E+01   9.8486E+01   3.7376E-01  0.0102
   9.8486E+01   9.8517E+01   3.7699E-01  0.0108
   9.8517E+01   9.8549E+01   3.6614E-01  0.0116
   9.8549E+01   9.8580E+01   3.5900E-01  0.0131

#   sum over    1.2500E-03   3.6897E-01  0.0099

'no. =  9,  ix =  1,  iy =  9'
msuc: {\huge Histograma dosis-volumen del pouch}
msdr: {\it plotted by \ANGEL \version}
msdl: {\it calculated by \PHITS  3.36}
wt: s(0.7)
\vspace{-3}
  xmin  &=&  -8.0000E-01 [cm]
  xmax  &=&  -7.0000E-01 [cm]
  ymin  &=&  -8.5000E-01 [cm]
  ymax  &=&  -7.5000E-01 [cm]
e:

#------------------------------------------------------------------------------
 newpage:
#   no. = 10   ix  =  1   iy  = 10
#   x = (  -8.0000E-01  -  -7.0000E-01  )
#   y = (  -7.5000E-01  -  -6.5000E-01  )

x: z[cm]
y: Dose [Gy/source]      
p: xlin ylog afac(0.8) form(0.9)
h: n            x            y(proton  ),hh0l n 
#  z-lower      z-upper        proton    r.err 
   9.8455E+01   9.8486E+01   3.6368E-01  0.0104
   9.8486E+01   9.8517E+01   3.6618E-01  0.0110
   9.8517E+01   9.8549E+01   3.5315E-01  0.0118
   9.8549E+01   9.8580E+01   3.4657E-01  0.0133

#   sum over    1.2500E-03   3.5739E-01  0.0101

'no. = 10,  ix =  1,  iy = 10'
msuc: {\huge Histograma dosis-volumen del pouch}
msdr: {\it plotted by \ANGEL \version}
msdl: {\it calculated by \PHITS  3.36}
wt: s(0.7)
\vspace{-3}
  xmin  &=&  -8.0000E-01 [cm]
  xmax  &=&  -7.0000E-01 [cm]
  ymin  &=&  -7.5000E-01 [cm]
  ymax  &=&  -6.5000E-01 [cm]
e:

#------------------------------------------------------------------------------
 newpage:
#   no. = 11   ix  =  1   iy  = 11
#   x = (  -8.0000E-01  -  -7.0000E-01  )
#   y = (  -6.5000E-01  -  -5.5000E-01  )

x: z[cm]
y: Dose [Gy/source]      
p: xlin ylog afac(0.8) form(0.9)
h: n            x            y(proton  ),hh0l n 
#  z-lower      z-upper        proton    r.err 
   9.8455E+01   9.8486E+01   3.6465E-01  0.0104
   9.8486E+01   9.8517E+01   3.6549E-01  0.0110
   9.8517E+01   9.8549E+01   3.4850E-01  0.0119
   9.8549E+01   9.8580E+01   3.3993E-01  0.0134

#   sum over    1.2500E-03   3.5464E-01  0.0101

'no. = 11,  ix =  1,  iy = 11'
msuc: {\huge Histograma dosis-volumen del pouch}
msdr: {\it plotted by \ANGEL \version}
msdl: {\it calculated by \PHITS  3.36}
wt: s(0.7)
\vspace{-3}
  xmin  &=&  -8.0000E-01 [cm]
  xmax  &=&  -7.0000E-01 [cm]
  ymin  &=&  -6.5000E-01 [cm]
  ymax  &=&  -5.5000E-01 [cm]
e:

#------------------------------------------------------------------------------
 newpage:
#   no. = 12   ix  =  1   iy  = 12
#   x = (  -8.0000E-01  -  -7.0000E-01  )
#   y = (  -5.5000E-01  -  -4.5000E-01  )

x: z[cm]
y: Dose [Gy/source]      
p: xlin ylog afac(0.8) form(0.9)
h: n            x            y(proton  ),hh0l n 
#  z-lower      z-upper        proton    r.err 
   9.8455E+01   9.8486E+01   3.5902E-01  0.0105
   9.8486E+01   9.8517E+01   3.6013E-01  0.0111
   9.8517E+01   9.8549E+01   3.4433E-01  0.0120
   9.8549E+01   9.8580E+01   3.2832E-01  0.0136

#   sum over    1.2500E-03   3.4794E-01  0.0102

'no. = 12,  ix =  1,  iy = 12'
msuc: {\huge Histograma dosis-volumen del pouch}
msdr: {\it plotted by \ANGEL \version}
msdl: {\it calculated by \PHITS  3.36}
wt: s(0.7)
\vspace{-3}
  xmin  &=&  -8.0000E-01 [cm]
  xmax  &=&  -7.0000E-01 [cm]
  ymin  &=&  -5.5000E-01 [cm]
  ymax  &=&  -4.5000E-01 [cm]
e:

#------------------------------------------------------------------------------
 newpage:
#   no. = 13   ix  =  1   iy  = 13
#   x = (  -8.0000E-01  -  -7.0000E-01  )
#   y = (  -4.5000E-01  -  -3.5000E-01  )

x: z[cm]
y: Dose [Gy/source]      
p: xlin ylog afac(0.8) form(0.9)
h: n            x            y(proton  ),hh0l n 
#  z-lower      z-upper        proton    r.err 
   9.8455E+01   9.8486E+01   3.6483E-01  0.0104
   9.8486E+01   9.8517E+01   3.6514E-01  0.0110
   9.8517E+01   9.8549E+01   3.5062E-01  0.0118
   9.8549E+01   9.8580E+01   3.4029E-01  0.0134

#   sum over    1.2500E-03   3.5522E-01  0.0101

'no. = 13,  ix =  1,  iy = 13'
msuc: {\huge Histograma dosis-volumen del pouch}
msdr: {\it plotted by \ANGEL \version}
msdl: {\it calculated by \PHITS  3.36}
wt: s(0.7)
\vspace{-3}
  xmin  &=&  -8.0000E-01 [cm]
  xmax  &=&  -7.0000E-01 [cm]
  ymin  &=&  -4.5000E-01 [cm]
  ymax  &=&  -3.5000E-01 [cm]
e:

#------------------------------------------------------------------------------
 newpage:
#   no. = 14   ix  =  1   iy  = 14
#   x = (  -8.0000E-01  -  -7.0000E-01  )
#   y = (  -3.5000E-01  -  -2.5000E-01  )

x: z[cm]
y: Dose [Gy/source]      
p: xlin ylog afac(0.8) form(0.9)
h: n            x            y(proton  ),hh0l n 
#  z-lower      z-upper        proton    r.err 
   9.8455E+01   9.8486E+01   3.6311E-01  0.0104
   9.8486E+01   9.8517E+01   3.6496E-01  0.0110
   9.8517E+01   9.8549E+01   3.5236E-01  0.0118
   9.8549E+01   9.8580E+01   3.4148E-01  0.0133

#   sum over    1.2500E-03   3.5548E-01  0.0101

'no. = 14,  ix =  1,  iy = 14'
msuc: {\huge Histograma dosis-volumen del pouch}
msdr: {\it plotted by \ANGEL \version}
msdl: {\it calculated by \PHITS  3.36}
wt: s(0.7)
\vspace{-3}
  xmin  &=&  -8.0000E-01 [cm]
  xmax  &=&  -7.0000E-01 [cm]
  ymin  &=&  -3.5000E-01 [cm]
  ymax  &=&  -2.5000E-01 [cm]
e:

#------------------------------------------------------------------------------
 newpage:
#   no. = 15   ix  =  1   iy  = 15
#   x = (  -8.0000E-01  -  -7.0000E-01  )
#   y = (  -2.5000E-01  -  -1.5000E-01  )

x: z[cm]
y: Dose [Gy/source]      
p: xlin ylog afac(0.8) form(0.9)
h: n            x            y(proton  ),hh0l n 
#  z-lower      z-upper        proton    r.err 
   9.8455E+01   9.8486E+01   3.6080E-01  0.0104
   9.8486E+01   9.8517E+01   3.6291E-01  0.0110
   9.8517E+01   9.8549E+01   3.4536E-01  0.0119
   9.8549E+01   9.8580E+01   3.3937E-01  0.0134

#   sum over    1.2500E-03   3.5211E-01  0.0101

'no. = 15,  ix =  1,  iy = 15'
msuc: {\huge Histograma dosis-volumen del pouch}
msdr: {\it plotted by \ANGEL \version}
msdl: {\it calculated by \PHITS  3.36}
wt: s(0.7)
\vspace{-3}
  xmin  &=&  -8.0000E-01 [cm]
  xmax  &=&  -7.0000E-01 [cm]
  ymin  &=&  -2.5000E-01 [cm]
  ymax  &=&  -1.5000E-01 [cm]
e:

#------------------------------------------------------------------------------
 newpage:
#   no. = 16   ix  =  1   iy  = 16
#   x = (  -8.0000E-01  -  -7.0000E-01  )
#   y = (  -1.5000E-01  -  -5.0000E-02  )

x: z[cm]
y: Dose [Gy/source]      
p: xlin ylog afac(0.8) form(0.9)
h: n            x            y(proton  ),hh0l n 
#  z-lower      z-upper        proton    r.err 
   9.8455E+01   9.8486E+01   3.5764E-01  0.0105
   9.8486E+01   9.8517E+01   3.5850E-01  0.0111
   9.8517E+01   9.8549E+01   3.4096E-01  0.0120
   9.8549E+01   9.8580E+01   3.3347E-01  0.0135

#   sum over    1.2500E-03   3.4764E-01  0.0102

'no. = 16,  ix =  1,  iy = 16'
msuc: {\huge Histograma dosis-volumen del pouch}
msdr: {\it plotted by \ANGEL \version}
msdl: {\it calculated by \PHITS  3.36}
wt: s(0.7)
\vspace{-3}
  xmin  &=&  -8.0000E-01 [cm]
  xmax  &=&  -7.0000E-01 [cm]
  ymin  &=&  -1.5000E-01 [cm]
  ymax  &=&  -5.0000E-02 [cm]
e:

#------------------------------------------------------------------------------
 newpage:
#   no. = 17   ix  =  1   iy  = 17
#   x = (  -8.0000E-01  -  -7.0000E-01  )
#   y = (  -5.0000E-02  -   5.0000E-02  )

x: z[cm]
y: Dose [Gy/source]      
p: xlin ylog afac(0.8) form(0.9)
h: n            x            y(proton  ),hh0l n 
#  z-lower      z-upper        proton    r.err 
   9.8455E+01   9.8486E+01   3.5370E-01  0.0105
   9.8486E+01   9.8517E+01   3.5616E-01  0.0112
   9.8517E+01   9.8549E+01   3.4177E-01  0.0119
   9.8549E+01   9.8580E+01   3.3313E-01  0.0135

#   sum over    1.2500E-03   3.4619E-01  0.0102

'no. = 17,  ix =  1,  iy = 17'
msuc: {\huge Histograma dosis-volumen del pouch}
msdr: {\it plotted by \ANGEL \version}
msdl: {\it calculated by \PHITS  3.36}
wt: s(0.7)
\vspace{-3}
  xmin  &=&  -8.0000E-01 [cm]
  xmax  &=&  -7.0000E-01 [cm]
  ymin  &=&  -5.0000E-02 [cm]
  ymax  &=&   5.0000E-02 [cm]
e:

#------------------------------------------------------------------------------
 newpage:
#   no. = 18   ix  =  1   iy  = 18
#   x = (  -8.0000E-01  -  -7.0000E-01  )
#   y = (   5.0000E-02  -   1.5000E-01  )

x: z[cm]
y: Dose [Gy/source]      
p: xlin ylog afac(0.8) form(0.9)
h: n            x            y(proton  ),hh0l n 
#  z-lower      z-upper        proton    r.err 
   9.8455E+01   9.8486E+01   3.5767E-01  0.0105
   9.8486E+01   9.8517E+01   3.5890E-01  0.0111
   9.8517E+01   9.8549E+01   3.4703E-01  0.0119
   9.8549E+01   9.8580E+01   3.3971E-01  0.0134

#   sum over    1.2500E-03   3.5083E-01  0.0101

'no. = 18,  ix =  1,  iy = 18'
msuc: {\huge Histograma dosis-volumen del pouch}
msdr: {\it plotted by \ANGEL \version}
msdl: {\it calculated by \PHITS  3.36}
wt: s(0.7)
\vspace{-3}
  xmin  &=&  -8.0000E-01 [cm]
  xmax  &=&  -7.0000E-01 [cm]
  ymin  &=&   5.0000E-02 [cm]
  ymax  &=&   1.5000E-01 [cm]
e:

#------------------------------------------------------------------------------
 newpage:
#   no. = 19   ix  =  1   iy  = 19
#   x = (  -8.0000E-01  -  -7.0000E-01  )
#   y = (   1.5000E-01  -   2.5000E-01  )

x: z[cm]
y: Dose [Gy/source]      
p: xlin ylog afac(0.8) form(0.9)
h: n            x            y(proton  ),hh0l n 
#  z-lower      z-upper        proton    r.err 
   9.8455E+01   9.8486E+01   3.6093E-01  0.0104
   9.8486E+01   9.8517E+01   3.6131E-01  0.0110
   9.8517E+01   9.8549E+01   3.4932E-01  0.0118
   9.8549E+01   9.8580E+01   3.3636E-01  0.0135

#   sum over    1.2500E-03   3.5198E-01  0.0101

'no. = 19,  ix =  1,  iy = 19'
msuc: {\huge Histograma dosis-volumen del pouch}
msdr: {\it plotted by \ANGEL \version}
msdl: {\it calculated by \PHITS  3.36}
wt: s(0.7)
\vspace{-3}
  xmin  &=&  -8.0000E-01 [cm]
  xmax  &=&  -7.0000E-01 [cm]
  ymin  &=&   1.5000E-01 [cm]
  ymax  &=&   2.5000E-01 [cm]
e:

#------------------------------------------------------------------------------
 newpage:
#   no. = 20   ix  =  1   iy  = 20
#   x = (  -8.0000E-01  -  -7.0000E-01  )
#   y = (   2.5000E-01  -   3.5000E-01  )

x: z[cm]
y: Dose [Gy/source]      
p: xlin ylog afac(0.8) form(0.9)
h: n            x            y(proton  ),hh0l n 
#  z-lower      z-upper        proton    r.err 
   9.8455E+01   9.8486E+01   3.5645E-01  0.0104
   9.8486E+01   9.8517E+01   3.6626E-01  0.0110
   9.8517E+01   9.8549E+01   3.4995E-01  0.0118
   9.8549E+01   9.8580E+01   3.3896E-01  0.0134

#   sum over    1.2500E-03   3.5290E-01  0.0101

'no. = 20,  ix =  1,  iy = 20'
msuc: {\huge Histograma dosis-volumen del pouch}
msdr: {\it plotted by \ANGEL \version}
msdl: {\it calculated by \PHITS  3.36}
wt: s(0.7)
\vspace{-3}
  xmin  &=&  -8.0000E-01 [cm]
  xmax  &=&  -7.0000E-01 [cm]
  ymin  &=&   2.5000E-01 [cm]
  ymax  &=&   3.5000E-01 [cm]
e:

#------------------------------------------------------------------------------
 newpage:
#   no. = 21   ix  =  1   iy  = 21
#   x = (  -8.0000E-01  -  -7.0000E-01  )
#   y = (   3.5000E-01  -   4.5000E-01  )

x: z[cm]
y: Dose [Gy/source]      
p: xlin ylog afac(0.8) form(0.9)
h: n            x            y(proton  ),hh0l n 
#  z-lower      z-upper        proton    r.err 
   9.8455E+01   9.8486E+01   3.5661E-01  0.0105
   9.8486E+01   9.8517E+01   3.6034E-01  0.0111
   9.8517E+01   9.8549E+01   3.4684E-01  0.0119
   9.8549E+01   9.8580E+01   3.3800E-01  0.0134

#   sum over    1.2500E-03   3.5045E-01  0.0101

'no. = 21,  ix =  1,  iy = 21'
msuc: {\huge Histograma dosis-volumen del pouch}
msdr: {\it plotted by \ANGEL \version}
msdl: {\it calculated by \PHITS  3.36}
wt: s(0.7)
\vspace{-3}
  xmin  &=&  -8.0000E-01 [cm]
  xmax  &=&  -7.0000E-01 [cm]
  ymin  &=&   3.5000E-01 [cm]
  ymax  &=&   4.5000E-01 [cm]
e:

#------------------------------------------------------------------------------
 newpage:
#   no. = 22   ix  =  1   iy  = 22
#   x = (  -8.0000E-01  -  -7.0000E-01  )
#   y = (   4.5000E-01  -   5.5000E-01  )

x: z[cm]
y: Dose [Gy/source]      
p: xlin ylog afac(0.8) form(0.9)
h: n            x            y(proton  ),hh0l n 
#  z-lower      z-upper        proton    r.err 
   9.8455E+01   9.8486E+01   3.6249E-01  0.0104
   9.8486E+01   9.8517E+01   3.6220E-01  0.0110
   9.8517E+01   9.8549E+01   3.4985E-01  0.0118
   9.8549E+01   9.8580E+01   3.3981E-01  0.0134

#   sum over    1.2500E-03   3.5359E-01  0.0101

'no. = 22,  ix =  1,  iy = 22'
msuc: {\huge Histograma dosis-volumen del pouch}
msdr: {\it plotted by \ANGEL \version}
msdl: {\it calculated by \PHITS  3.36}
wt: s(0.7)
\vspace{-3}
  xmin  &=&  -8.0000E-01 [cm]
  xmax  &=&  -7.0000E-01 [cm]
  ymin  &=&   4.5000E-01 [cm]
  ymax  &=&   5.5000E-01 [cm]
e:

#------------------------------------------------------------------------------
 newpage:
#   no. = 23   ix  =  1   iy  = 23
#   x = (  -8.0000E-01  -  -7.0000E-01  )
#   y = (   5.5000E-01  -   6.5000E-01  )

x: z[cm]
y: Dose [Gy/source]      
p: xlin ylog afac(0.8) form(0.9)
h: n            x            y(proton  ),hh0l n 
#  z-lower      z-upper        proton    r.err 
   9.8455E+01   9.8486E+01   3.6124E-01  0.0104
   9.8486E+01   9.8517E+01   3.6556E-01  0.0110
   9.8517E+01   9.8549E+01   3.5134E-01  0.0118
   9.8549E+01   9.8580E+01   3.4280E-01  0.0134

#   sum over    1.2500E-03   3.5523E-01  0.0101

'no. = 23,  ix =  1,  iy = 23'
msuc: {\huge Histograma dosis-volumen del pouch}
msdr: {\it plotted by \ANGEL \version}
msdl: {\it calculated by \PHITS  3.36}
wt: s(0.7)
\vspace{-3}
  xmin  &=&  -8.0000E-01 [cm]
  xmax  &=&  -7.0000E-01 [cm]
  ymin  &=&   5.5000E-01 [cm]
  ymax  &=&   6.5000E-01 [cm]
e:

#------------------------------------------------------------------------------
 newpage:
#   no. = 24   ix  =  1   iy  = 24
#   x = (  -8.0000E-01  -  -7.0000E-01  )
#   y = (   6.5000E-01  -   7.5000E-01  )

x: z[cm]
y: Dose [Gy/source]      
p: xlin ylog afac(0.8) form(0.9)
h: n            x            y(proton  ),hh0l n 
#  z-lower      z-upper        proton    r.err 
   9.8455E+01   9.8486E+01   3.6661E-01  0.0103
   9.8486E+01   9.8517E+01   3.7348E-01  0.0109
   9.8517E+01   9.8549E+01   3.5883E-01  0.0117
   9.8549E+01   9.8580E+01   3.4982E-01  0.0133

#   sum over    1.2500E-03   3.6218E-01  0.0100

'no. = 24,  ix =  1,  iy = 24'
msuc: {\huge Histograma dosis-volumen del pouch}
msdr: {\it plotted by \ANGEL \version}
msdl: {\it calculated by \PHITS  3.36}
wt: s(0.7)
\vspace{-3}
  xmin  &=&  -8.0000E-01 [cm]
  xmax  &=&  -7.0000E-01 [cm]
  ymin  &=&   6.5000E-01 [cm]
  ymax  &=&   7.5000E-01 [cm]
e:

#------------------------------------------------------------------------------
 newpage:
#   no. = 25   ix  =  1   iy  = 25
#   x = (  -8.0000E-01  -  -7.0000E-01  )
#   y = (   7.5000E-01  -   8.5000E-01  )

x: z[cm]
y: Dose [Gy/source]      
p: xlin ylog afac(0.8) form(0.9)
h: n            x            y(proton  ),hh0l n 
#  z-lower      z-upper        proton    r.err 
   9.8455E+01   9.8486E+01   3.7210E-01  0.0102
   9.8486E+01   9.8517E+01   3.7658E-01  0.0108
   9.8517E+01   9.8549E+01   3.6478E-01  0.0116
   9.8549E+01   9.8580E+01   3.5420E-01  0.0132

#   sum over    1.2500E-03   3.6691E-01  0.0100

'no. = 25,  ix =  1,  iy = 25'
msuc: {\huge Histograma dosis-volumen del pouch}
msdr: {\it plotted by \ANGEL \version}
msdl: {\it calculated by \PHITS  3.36}
wt: s(0.7)
\vspace{-3}
  xmin  &=&  -8.0000E-01 [cm]
  xmax  &=&  -7.0000E-01 [cm]
  ymin  &=&   7.5000E-01 [cm]
  ymax  &=&   8.5000E-01 [cm]
e:

#------------------------------------------------------------------------------
 newpage:
#   no. = 26   ix  =  1   iy  = 26
#   x = (  -8.0000E-01  -  -7.0000E-01  )
#   y = (   8.5000E-01  -   9.5000E-01  )

x: z[cm]
y: Dose [Gy/source]      
p: xlin ylog afac(0.8) form(0.9)
h: n            x            y(proton  ),hh0l n 
#  z-lower      z-upper        proton    r.err 
   9.8455E+01   9.8486E+01   3.7627E-01  0.0102
   9.8486E+01   9.8517E+01   3.7706E-01  0.0108
   9.8517E+01   9.8549E+01   3.6674E-01  0.0116
   9.8549E+01   9.8580E+01   3.5593E-01  0.0132

#   sum over    1.2500E-03   3.6900E-01  0.0099

'no. = 26,  ix =  1,  iy = 26'
msuc: {\huge Histograma dosis-volumen del pouch}
msdr: {\it plotted by \ANGEL \version}
msdl: {\it calculated by \PHITS  3.36}
wt: s(0.7)
\vspace{-3}
  xmin  &=&  -8.0000E-01 [cm]
  xmax  &=&  -7.0000E-01 [cm]
  ymin  &=&   8.5000E-01 [cm]
  ymax  &=&   9.5000E-01 [cm]
e:

#------------------------------------------------------------------------------
 newpage:
#   no. = 27   ix  =  1   iy  = 27
#   x = (  -8.0000E-01  -  -7.0000E-01  )
#   y = (   9.5000E-01  -   1.0500E+00  )

x: z[cm]
y: Dose [Gy/source]      
p: xlin ylog afac(0.8) form(0.9)
h: n            x            y(proton  ),hh0l n 
#  z-lower      z-upper        proton    r.err 
   9.8455E+01   9.8486E+01   3.6975E-01  0.0103
   9.8486E+01   9.8517E+01   3.7415E-01  0.0108
   9.8517E+01   9.8549E+01   3.6012E-01  0.0117
   9.8549E+01   9.8580E+01   3.5696E-01  0.0132

#   sum over    1.2500E-03   3.6525E-01  0.0100

'no. = 27,  ix =  1,  iy = 27'
msuc: {\huge Histograma dosis-volumen del pouch}
msdr: {\it plotted by \ANGEL \version}
msdl: {\it calculated by \PHITS  3.36}
wt: s(0.7)
\vspace{-3}
  xmin  &=&  -8.0000E-01 [cm]
  xmax  &=&  -7.0000E-01 [cm]
  ymin  &=&   9.5000E-01 [cm]
  ymax  &=&   1.0500E+00 [cm]
e:

#------------------------------------------------------------------------------
 newpage:
#   no. = 28   ix  =  1   iy  = 28
#   x = (  -8.0000E-01  -  -7.0000E-01  )
#   y = (   1.0500E+00  -   1.1500E+00  )

x: z[cm]
y: Dose [Gy/source]      
p: xlin ylog afac(0.8) form(0.9)
h: n            x            y(proton  ),hh0l n 
#  z-lower      z-upper        proton    r.err 
   9.8455E+01   9.8486E+01   3.7196E-01  0.0103
   9.8486E+01   9.8517E+01   3.7418E-01  0.0109
   9.8517E+01   9.8549E+01   3.5336E-01  0.0118
   9.8549E+01   9.8580E+01   3.5235E-01  0.0132

#   sum over    1.2500E-03   3.6296E-01  0.0100

'no. = 28,  ix =  1,  iy = 28'
msuc: {\huge Histograma dosis-volumen del pouch}
msdr: {\it plotted by \ANGEL \version}
msdl: {\it calculated by \PHITS  3.36}
wt: s(0.7)
\vspace{-3}
  xmin  &=&  -8.0000E-01 [cm]
  xmax  &=&  -7.0000E-01 [cm]
  ymin  &=&   1.0500E+00 [cm]
  ymax  &=&   1.1500E+00 [cm]
e:

#------------------------------------------------------------------------------
 newpage:
#   no. = 29   ix  =  1   iy  = 29
#   x = (  -8.0000E-01  -  -7.0000E-01  )
#   y = (   1.1500E+00  -   1.2500E+00  )

x: z[cm]
y: Dose [Gy/source]      
p: xlin ylog afac(0.8) form(0.9)
h: n            x            y(proton  ),hh0l n 
#  z-lower      z-upper        proton    r.err 
   9.8455E+01   9.8486E+01   3.7738E-01  0.0102
   9.8486E+01   9.8517E+01   3.7779E-01  0.0108
   9.8517E+01   9.8549E+01   3.6116E-01  0.0116
   9.8549E+01   9.8580E+01   3.5391E-01  0.0132

#   sum over    1.2500E-03   3.6756E-01  0.0099

'no. = 29,  ix =  1,  iy = 29'
msuc: {\huge Histograma dosis-volumen del pouch}
msdr: {\it plotted by \ANGEL \version}
msdl: {\it calculated by \PHITS  3.36}
wt: s(0.7)
\vspace{-3}
  xmin  &=&  -8.0000E-01 [cm]
  xmax  &=&  -7.0000E-01 [cm]
  ymin  &=&   1.1500E+00 [cm]
  ymax  &=&   1.2500E+00 [cm]
e:

#------------------------------------------------------------------------------
 newpage:
#   no. = 30   ix  =  1   iy  = 30
#   x = (  -8.0000E-01  -  -7.0000E-01  )
#   y = (   1.2500E+00  -   1.3500E+00  )

x: z[cm]
y: Dose [Gy/source]      
p: xlin ylog afac(0.8) form(0.9)
h: n            x            y(proton  ),hh0l n 
#  z-lower      z-upper        proton    r.err 
   9.8455E+01   9.8486E+01   3.7048E-01  0.0102
   9.8486E+01   9.8517E+01   3.7584E-01  0.0108
   9.8517E+01   9.8549E+01   3.6239E-01  0.0116
   9.8549E+01   9.8580E+01   3.5879E-01  0.0131

#   sum over    1.2500E-03   3.6687E-01  0.0100

'no. = 30,  ix =  1,  iy = 30'
msuc: {\huge Histograma dosis-volumen del pouch}
msdr: {\it plotted by \ANGEL \version}
msdl: {\it calculated by \PHITS  3.36}
wt: s(0.7)
\vspace{-3}
  xmin  &=&  -8.0000E-01 [cm]
  xmax  &=&  -7.0000E-01 [cm]
  ymin  &=&   1.2500E+00 [cm]
  ymax  &=&   1.3500E+00 [cm]
e:

#------------------------------------------------------------------------------
 newpage:
#   no. = 31   ix  =  1   iy  = 31
#   x = (  -8.0000E-01  -  -7.0000E-01  )
#   y = (   1.3500E+00  -   1.4500E+00  )

x: z[cm]
y: Dose [Gy/source]      
p: xlin ylog afac(0.8) form(0.9)
h: n            x            y(proton  ),hh0l n 
#  z-lower      z-upper        proton    r.err 
   9.8455E+01   9.8486E+01   3.7746E-01  0.0102
   9.8486E+01   9.8517E+01   3.7826E-01  0.0108
   9.8517E+01   9.8549E+01   3.6323E-01  0.0116
   9.8549E+01   9.8580E+01   3.6483E-01  0.0130

#   sum over    1.2500E-03   3.7094E-01  0.0099

'no. = 31,  ix =  1,  iy = 31'
msuc: {\huge Histograma dosis-volumen del pouch}
msdr: {\it plotted by \ANGEL \version}
msdl: {\it calculated by \PHITS  3.36}
wt: s(0.7)
\vspace{-3}
  xmin  &=&  -8.0000E-01 [cm]
  xmax  &=&  -7.0000E-01 [cm]
  ymin  &=&   1.3500E+00 [cm]
  ymax  &=&   1.4500E+00 [cm]
e:

#------------------------------------------------------------------------------
 newpage:
#   no. = 32   ix  =  1   iy  = 32
#   x = (  -8.0000E-01  -  -7.0000E-01  )
#   y = (   1.4500E+00  -   1.5500E+00  )

x: z[cm]
y: Dose [Gy/source]      
p: xlin ylog afac(0.8) form(0.9)
h: n            x            y(proton  ),hh0l n 
#  z-lower      z-upper        proton    r.err 
   9.8455E+01   9.8486E+01   3.7349E-01  0.0103
   9.8486E+01   9.8517E+01   3.8181E-01  0.0108
   9.8517E+01   9.8549E+01   3.6068E-01  0.0117
   9.8549E+01   9.8580E+01   3.4879E-01  0.0133

#   sum over    1.2500E-03   3.6619E-01  0.0099

'no. = 32,  ix =  1,  iy = 32'
msuc: {\huge Histograma dosis-volumen del pouch}
msdr: {\it plotted by \ANGEL \version}
msdl: {\it calculated by \PHITS  3.36}
wt: s(0.7)
\vspace{-3}
  xmin  &=&  -8.0000E-01 [cm]
  xmax  &=&  -7.0000E-01 [cm]
  ymin  &=&   1.4500E+00 [cm]
  ymax  &=&   1.5500E+00 [cm]
e:

#------------------------------------------------------------------------------
 newpage:
#   no. = 33   ix  =  1   iy  = 33
#   x = (  -8.0000E-01  -  -7.0000E-01  )
#   y = (   1.5500E+00  -   1.6500E+00  )

x: z[cm]
y: Dose [Gy/source]      
p: xlin ylog afac(0.8) form(0.9)
h: n            x            y(proton  ),hh0l n 
#  z-lower      z-upper        proton    r.err 
   9.8455E+01   9.8486E+01   3.7812E-01  0.0101
   9.8486E+01   9.8517E+01   3.8440E-01  0.0107
   9.8517E+01   9.8549E+01   3.7166E-01  0.0115
   9.8549E+01   9.8580E+01   3.6624E-01  0.0130

#   sum over    1.2500E-03   3.7510E-01  0.0099

'no. = 33,  ix =  1,  iy = 33'
msuc: {\huge Histograma dosis-volumen del pouch}
msdr: {\it plotted by \ANGEL \version}
msdl: {\it calculated by \PHITS  3.36}
wt: s(0.7)
\vspace{-3}
  xmin  &=&  -8.0000E-01 [cm]
  xmax  &=&  -7.0000E-01 [cm]
  ymin  &=&   1.5500E+00 [cm]
  ymax  &=&   1.6500E+00 [cm]
e:

#------------------------------------------------------------------------------
 newpage:
#   no. = 34   ix  =  2   iy  =  1
#   x = (  -7.0000E-01  -  -6.0000E-01  )
#   y = (  -1.6500E+00  -  -1.5500E+00  )

x: z[cm]
y: Dose [Gy/source]      
p: xlin ylog afac(0.8) form(0.9)
h: n            x            y(proton  ),hh0l n 
#  z-lower      z-upper        proton    r.err 
   9.8455E+01   9.8486E+01   0.0000E+00  0.0000
   9.8486E+01   9.8517E+01   0.0000E+00  0.0000
   9.8517E+01   9.8549E+01   0.0000E+00  0.0000
   9.8549E+01   9.8580E+01   0.0000E+00  0.0000

#   sum over    1.2500E-03   0.0000E+00  0.0000

'no. = 34,  ix =  2,  iy =  1'
msuc: {\huge Histograma dosis-volumen del pouch}
msdr: {\it plotted by \ANGEL \version}
msdl: {\it calculated by \PHITS  3.36}
wt: s(0.7)
\vspace{-3}
  xmin  &=&  -7.0000E-01 [cm]
  xmax  &=&  -6.0000E-01 [cm]
  ymin  &=&  -1.6500E+00 [cm]
  ymax  &=&  -1.5500E+00 [cm]
e:

#------------------------------------------------------------------------------
 newpage:
#   no. = 35   ix  =  2   iy  =  2
#   x = (  -7.0000E-01  -  -6.0000E-01  )
#   y = (  -1.5500E+00  -  -1.4500E+00  )

x: z[cm]
y: Dose [Gy/source]      
p: xlin ylog afac(0.8) form(0.9)
h: n            x            y(proton  ),hh0l n 
#  z-lower      z-upper        proton    r.err 
   9.8455E+01   9.8486E+01   0.0000E+00  0.0000
   9.8486E+01   9.8517E+01   0.0000E+00  0.0000
   9.8517E+01   9.8549E+01   0.0000E+00  0.0000
   9.8549E+01   9.8580E+01   0.0000E+00  0.0000

#   sum over    1.2500E-03   0.0000E+00  0.0000

'no. = 35,  ix =  2,  iy =  2'
msuc: {\huge Histograma dosis-volumen del pouch}
msdr: {\it plotted by \ANGEL \version}
msdl: {\it calculated by \PHITS  3.36}
wt: s(0.7)
\vspace{-3}
  xmin  &=&  -7.0000E-01 [cm]
  xmax  &=&  -6.0000E-01 [cm]
  ymin  &=&  -1.5500E+00 [cm]
  ymax  &=&  -1.4500E+00 [cm]
e:

#------------------------------------------------------------------------------
 newpage:
#   no. = 36   ix  =  2   iy  =  3
#   x = (  -7.0000E-01  -  -6.0000E-01  )
#   y = (  -1.4500E+00  -  -1.3500E+00  )

x: z[cm]
y: Dose [Gy/source]      
p: xlin ylog afac(0.8) form(0.9)
h: n            x            y(proton  ),hh0l n 
#  z-lower      z-upper        proton    r.err 
   9.8455E+01   9.8486E+01   1.8855E-04  0.4887
   9.8486E+01   9.8517E+01   3.2485E-04  0.5905
   9.8517E+01   9.8549E+01   1.8832E-04  0.5425
   9.8549E+01   9.8580E+01   4.8161E-04  0.3851

#   sum over    1.2500E-03   2.9583E-04  0.4090

'no. = 36,  ix =  2,  iy =  3'
msuc: {\huge Histograma dosis-volumen del pouch}
msdr: {\it plotted by \ANGEL \version}
msdl: {\it calculated by \PHITS  3.36}
wt: s(0.7)
\vspace{-3}
  xmin  &=&  -7.0000E-01 [cm]
  xmax  &=&  -6.0000E-01 [cm]
  ymin  &=&  -1.4500E+00 [cm]
  ymax  &=&  -1.3500E+00 [cm]
e:

#------------------------------------------------------------------------------
 newpage:
#   no. = 37   ix  =  2   iy  =  4
#   x = (  -7.0000E-01  -  -6.0000E-01  )
#   y = (  -1.3500E+00  -  -1.2500E+00  )

x: z[cm]
y: Dose [Gy/source]      
p: xlin ylog afac(0.8) form(0.9)
h: n            x            y(proton  ),hh0l n 
#  z-lower      z-upper        proton    r.err 
   9.8455E+01   9.8486E+01   2.6749E-01  0.0124
   9.8486E+01   9.8517E+01   2.6544E-01  0.0130
   9.8517E+01   9.8549E+01   2.5842E-01  0.0138
   9.8549E+01   9.8580E+01   2.6369E-01  0.0154

#   sum over    1.2500E-03   2.6376E-01  0.0119

'no. = 37,  ix =  2,  iy =  4'
msuc: {\huge Histograma dosis-volumen del pouch}
msdr: {\it plotted by \ANGEL \version}
msdl: {\it calculated by \PHITS  3.36}
wt: s(0.7)
\vspace{-3}
  xmin  &=&  -7.0000E-01 [cm]
  xmax  &=&  -6.0000E-01 [cm]
  ymin  &=&  -1.3500E+00 [cm]
  ymax  &=&  -1.2500E+00 [cm]
e:

#------------------------------------------------------------------------------
 newpage:
#   no. = 38   ix  =  2   iy  =  5
#   x = (  -7.0000E-01  -  -6.0000E-01  )
#   y = (  -1.2500E+00  -  -1.1500E+00  )

x: z[cm]
y: Dose [Gy/source]      
p: xlin ylog afac(0.8) form(0.9)
h: n            x            y(proton  ),hh0l n 
#  z-lower      z-upper        proton    r.err 
   9.8455E+01   9.8486E+01   3.7602E-01  0.0102
   9.8486E+01   9.8517E+01   3.8024E-01  0.0108
   9.8517E+01   9.8549E+01   3.6426E-01  0.0116
   9.8549E+01   9.8580E+01   3.5796E-01  0.0132

#   sum over    1.2500E-03   3.6962E-01  0.0099

'no. = 38,  ix =  2,  iy =  5'
msuc: {\huge Histograma dosis-volumen del pouch}
msdr: {\it plotted by \ANGEL \version}
msdl: {\it calculated by \PHITS  3.36}
wt: s(0.7)
\vspace{-3}
  xmin  &=&  -7.0000E-01 [cm]
  xmax  &=&  -6.0000E-01 [cm]
  ymin  &=&  -1.2500E+00 [cm]
  ymax  &=&  -1.1500E+00 [cm]
e:

#------------------------------------------------------------------------------
 newpage:
#   no. = 39   ix  =  2   iy  =  6
#   x = (  -7.0000E-01  -  -6.0000E-01  )
#   y = (  -1.1500E+00  -  -1.0500E+00  )

x: z[cm]
y: Dose [Gy/source]      
p: xlin ylog afac(0.8) form(0.9)
h: n            x            y(proton  ),hh0l n 
#  z-lower      z-upper        proton    r.err 
   9.8455E+01   9.8486E+01   3.6896E-01  0.0103
   9.8486E+01   9.8517E+01   3.7319E-01  0.0109
   9.8517E+01   9.8549E+01   3.5813E-01  0.0117
   9.8549E+01   9.8580E+01   3.4905E-01  0.0133

#   sum over    1.2500E-03   3.6233E-01  0.0100

'no. = 39,  ix =  2,  iy =  6'
msuc: {\huge Histograma dosis-volumen del pouch}
msdr: {\it plotted by \ANGEL \version}
msdl: {\it calculated by \PHITS  3.36}
wt: s(0.7)
\vspace{-3}
  xmin  &=&  -7.0000E-01 [cm]
  xmax  &=&  -6.0000E-01 [cm]
  ymin  &=&  -1.1500E+00 [cm]
  ymax  &=&  -1.0500E+00 [cm]
e:

#------------------------------------------------------------------------------
 newpage:
#   no. = 40   ix  =  2   iy  =  7
#   x = (  -7.0000E-01  -  -6.0000E-01  )
#   y = (  -1.0500E+00  -  -9.5000E-01  )

x: z[cm]
y: Dose [Gy/source]      
p: xlin ylog afac(0.8) form(0.9)
h: n            x            y(proton  ),hh0l n 
#  z-lower      z-upper        proton    r.err 
   9.8455E+01   9.8486E+01   3.6638E-01  0.0103
   9.8486E+01   9.8517E+01   3.6969E-01  0.0109
   9.8517E+01   9.8549E+01   3.5151E-01  0.0118
   9.8549E+01   9.8580E+01   3.4536E-01  0.0133

#   sum over    1.2500E-03   3.5823E-01  0.0100

'no. = 40,  ix =  2,  iy =  7'
msuc: {\huge Histograma dosis-volumen del pouch}
msdr: {\it plotted by \ANGEL \version}
msdl: {\it calculated by \PHITS  3.36}
wt: s(0.7)
\vspace{-3}
  xmin  &=&  -7.0000E-01 [cm]
  xmax  &=&  -6.0000E-01 [cm]
  ymin  &=&  -1.0500E+00 [cm]
  ymax  &=&  -9.5000E-01 [cm]
e:

#------------------------------------------------------------------------------
 newpage:
#   no. = 41   ix  =  2   iy  =  8
#   x = (  -7.0000E-01  -  -6.0000E-01  )
#   y = (  -9.5000E-01  -  -8.5000E-01  )

x: z[cm]
y: Dose [Gy/source]      
p: xlin ylog afac(0.8) form(0.9)
h: n            x            y(proton  ),hh0l n 
#  z-lower      z-upper        proton    r.err 
   9.8455E+01   9.8486E+01   3.6497E-01  0.0104
   9.8486E+01   9.8517E+01   3.6768E-01  0.0110
   9.8517E+01   9.8549E+01   3.5193E-01  0.0118
   9.8549E+01   9.8580E+01   3.4403E-01  0.0133

#   sum over    1.2500E-03   3.5715E-01  0.0100

'no. = 41,  ix =  2,  iy =  8'
msuc: {\huge Histograma dosis-volumen del pouch}
msdr: {\it plotted by \ANGEL \version}
msdl: {\it calculated by \PHITS  3.36}
wt: s(0.7)
\vspace{-3}
  xmin  &=&  -7.0000E-01 [cm]
  xmax  &=&  -6.0000E-01 [cm]
  ymin  &=&  -9.5000E-01 [cm]
  ymax  &=&  -8.5000E-01 [cm]
e:

#------------------------------------------------------------------------------
 newpage:
#   no. = 42   ix  =  2   iy  =  9
#   x = (  -7.0000E-01  -  -6.0000E-01  )
#   y = (  -8.5000E-01  -  -7.5000E-01  )

x: z[cm]
y: Dose [Gy/source]      
p: xlin ylog afac(0.8) form(0.9)
h: n            x            y(proton  ),hh0l n 
#  z-lower      z-upper        proton    r.err 
   9.8455E+01   9.8486E+01   3.6290E-01  0.0104
   9.8486E+01   9.8517E+01   3.6249E-01  0.0110
   9.8517E+01   9.8549E+01   3.4890E-01  0.0119
   9.8549E+01   9.8580E+01   3.3470E-01  0.0135

#   sum over    1.2500E-03   3.5225E-01  0.0101

'no. = 42,  ix =  2,  iy =  9'
msuc: {\huge Histograma dosis-volumen del pouch}
msdr: {\it plotted by \ANGEL \version}
msdl: {\it calculated by \PHITS  3.36}
wt: s(0.7)
\vspace{-3}
  xmin  &=&  -7.0000E-01 [cm]
  xmax  &=&  -6.0000E-01 [cm]
  ymin  &=&  -8.5000E-01 [cm]
  ymax  &=&  -7.5000E-01 [cm]
e:

#------------------------------------------------------------------------------
 newpage:
#   no. = 43   ix  =  2   iy  = 10
#   x = (  -7.0000E-01  -  -6.0000E-01  )
#   y = (  -7.5000E-01  -  -6.5000E-01  )

x: z[cm]
y: Dose [Gy/source]      
p: xlin ylog afac(0.8) form(0.9)
h: n            x            y(proton  ),hh0l n 
#  z-lower      z-upper        proton    r.err 
   9.8455E+01   9.8486E+01   3.6007E-01  0.0105
   9.8486E+01   9.8517E+01   3.6221E-01  0.0111
   9.8517E+01   9.8549E+01   3.4481E-01  0.0119
   9.8549E+01   9.8580E+01   3.2893E-01  0.0136

#   sum over    1.2500E-03   3.4900E-01  0.0101

'no. = 43,  ix =  2,  iy = 10'
msuc: {\huge Histograma dosis-volumen del pouch}
msdr: {\it plotted by \ANGEL \version}
msdl: {\it calculated by \PHITS  3.36}
wt: s(0.7)
\vspace{-3}
  xmin  &=&  -7.0000E-01 [cm]
  xmax  &=&  -6.0000E-01 [cm]
  ymin  &=&  -7.5000E-01 [cm]
  ymax  &=&  -6.5000E-01 [cm]
e:

#------------------------------------------------------------------------------
 newpage:
#   no. = 44   ix  =  2   iy  = 11
#   x = (  -7.0000E-01  -  -6.0000E-01  )
#   y = (  -6.5000E-01  -  -5.5000E-01  )

x: z[cm]
y: Dose [Gy/source]      
p: xlin ylog afac(0.8) form(0.9)
h: n            x            y(proton  ),hh0l n 
#  z-lower      z-upper        proton    r.err 
   9.8455E+01   9.8486E+01   3.6269E-01  0.0104
   9.8486E+01   9.8517E+01   3.6442E-01  0.0110
   9.8517E+01   9.8549E+01   3.4804E-01  0.0119
   9.8549E+01   9.8580E+01   3.4085E-01  0.0133

#   sum over    1.2500E-03   3.5400E-01  0.0101

'no. = 44,  ix =  2,  iy = 11'
msuc: {\huge Histograma dosis-volumen del pouch}
msdr: {\it plotted by \ANGEL \version}
msdl: {\it calculated by \PHITS  3.36}
wt: s(0.7)
\vspace{-3}
  xmin  &=&  -7.0000E-01 [cm]
  xmax  &=&  -6.0000E-01 [cm]
  ymin  &=&  -6.5000E-01 [cm]
  ymax  &=&  -5.5000E-01 [cm]
e:

#------------------------------------------------------------------------------
 newpage:
#   no. = 45   ix  =  2   iy  = 12
#   x = (  -7.0000E-01  -  -6.0000E-01  )
#   y = (  -5.5000E-01  -  -4.5000E-01  )

x: z[cm]
y: Dose [Gy/source]      
p: xlin ylog afac(0.8) form(0.9)
h: n            x            y(proton  ),hh0l n 
#  z-lower      z-upper        proton    r.err 
   9.8455E+01   9.8486E+01   3.6883E-01  0.0103
   9.8486E+01   9.8517E+01   3.7158E-01  0.0109
   9.8517E+01   9.8549E+01   3.5476E-01  0.0118
   9.8549E+01   9.8580E+01   3.4333E-01  0.0133

#   sum over    1.2500E-03   3.5963E-01  0.0100

'no. = 45,  ix =  2,  iy = 12'
msuc: {\huge Histograma dosis-volumen del pouch}
msdr: {\it plotted by \ANGEL \version}
msdl: {\it calculated by \PHITS  3.36}
wt: s(0.7)
\vspace{-3}
  xmin  &=&  -7.0000E-01 [cm]
  xmax  &=&  -6.0000E-01 [cm]
  ymin  &=&  -5.5000E-01 [cm]
  ymax  &=&  -4.5000E-01 [cm]
e:

#------------------------------------------------------------------------------
 newpage:
#   no. = 46   ix  =  2   iy  = 13
#   x = (  -7.0000E-01  -  -6.0000E-01  )
#   y = (  -4.5000E-01  -  -3.5000E-01  )

x: z[cm]
y: Dose [Gy/source]      
p: xlin ylog afac(0.8) form(0.9)
h: n            x            y(proton  ),hh0l n 
#  z-lower      z-upper        proton    r.err 
   9.8455E+01   9.8486E+01   3.4980E-01  0.0106
   9.8486E+01   9.8517E+01   3.5310E-01  0.0112
   9.8517E+01   9.8549E+01   3.3848E-01  0.0120
   9.8549E+01   9.8580E+01   3.2657E-01  0.0136

#   sum over    1.2500E-03   3.4199E-01  0.0102

'no. = 46,  ix =  2,  iy = 13'
msuc: {\huge Histograma dosis-volumen del pouch}
msdr: {\it plotted by \ANGEL \version}
msdl: {\it calculated by \PHITS  3.36}
wt: s(0.7)
\vspace{-3}
  xmin  &=&  -7.0000E-01 [cm]
  xmax  &=&  -6.0000E-01 [cm]
  ymin  &=&  -4.5000E-01 [cm]
  ymax  &=&  -3.5000E-01 [cm]
e:

#------------------------------------------------------------------------------
 newpage:
#   no. = 47   ix  =  2   iy  = 14
#   x = (  -7.0000E-01  -  -6.0000E-01  )
#   y = (  -3.5000E-01  -  -2.5000E-01  )

x: z[cm]
y: Dose [Gy/source]      
p: xlin ylog afac(0.8) form(0.9)
h: n            x            y(proton  ),hh0l n 
#  z-lower      z-upper        proton    r.err 
   9.8455E+01   9.8486E+01   3.5929E-01  0.0104
   9.8486E+01   9.8517E+01   3.6250E-01  0.0110
   9.8517E+01   9.8549E+01   3.5018E-01  0.0118
   9.8549E+01   9.8580E+01   3.3762E-01  0.0134

#   sum over    1.2500E-03   3.5240E-01  0.0101

'no. = 47,  ix =  2,  iy = 14'
msuc: {\huge Histograma dosis-volumen del pouch}
msdr: {\it plotted by \ANGEL \version}
msdl: {\it calculated by \PHITS  3.36}
wt: s(0.7)
\vspace{-3}
  xmin  &=&  -7.0000E-01 [cm]
  xmax  &=&  -6.0000E-01 [cm]
  ymin  &=&  -3.5000E-01 [cm]
  ymax  &=&  -2.5000E-01 [cm]
e:

#------------------------------------------------------------------------------
 newpage:
#   no. = 48   ix  =  2   iy  = 15
#   x = (  -7.0000E-01  -  -6.0000E-01  )
#   y = (  -2.5000E-01  -  -1.5000E-01  )

x: z[cm]
y: Dose [Gy/source]      
p: xlin ylog afac(0.8) form(0.9)
h: n            x            y(proton  ),hh0l n 
#  z-lower      z-upper        proton    r.err 
   9.8455E+01   9.8486E+01   3.6434E-01  0.0104
   9.8486E+01   9.8517E+01   3.6913E-01  0.0110
   9.8517E+01   9.8549E+01   3.5342E-01  0.0118
   9.8549E+01   9.8580E+01   3.3942E-01  0.0134

#   sum over    1.2500E-03   3.5658E-01  0.0100

'no. = 48,  ix =  2,  iy = 15'
msuc: {\huge Histograma dosis-volumen del pouch}
msdr: {\it plotted by \ANGEL \version}
msdl: {\it calculated by \PHITS  3.36}
wt: s(0.7)
\vspace{-3}
  xmin  &=&  -7.0000E-01 [cm]
  xmax  &=&  -6.0000E-01 [cm]
  ymin  &=&  -2.5000E-01 [cm]
  ymax  &=&  -1.5000E-01 [cm]
e:

#------------------------------------------------------------------------------
 newpage:
#   no. = 49   ix  =  2   iy  = 16
#   x = (  -7.0000E-01  -  -6.0000E-01  )
#   y = (  -1.5000E-01  -  -5.0000E-02  )

x: z[cm]
y: Dose [Gy/source]      
p: xlin ylog afac(0.8) form(0.9)
h: n            x            y(proton  ),hh0l n 
#  z-lower      z-upper        proton    r.err 
   9.8455E+01   9.8486E+01   3.6070E-01  0.0104
   9.8486E+01   9.8517E+01   3.6298E-01  0.0111
   9.8517E+01   9.8549E+01   3.4508E-01  0.0119
   9.8549E+01   9.8580E+01   3.3895E-01  0.0134

#   sum over    1.2500E-03   3.5193E-01  0.0101

'no. = 49,  ix =  2,  iy = 16'
msuc: {\huge Histograma dosis-volumen del pouch}
msdr: {\it plotted by \ANGEL \version}
msdl: {\it calculated by \PHITS  3.36}
wt: s(0.7)
\vspace{-3}
  xmin  &=&  -7.0000E-01 [cm]
  xmax  &=&  -6.0000E-01 [cm]
  ymin  &=&  -1.5000E-01 [cm]
  ymax  &=&  -5.0000E-02 [cm]
e:

#------------------------------------------------------------------------------
 newpage:
#   no. = 50   ix  =  2   iy  = 17
#   x = (  -7.0000E-01  -  -6.0000E-01  )
#   y = (  -5.0000E-02  -   5.0000E-02  )

x: z[cm]
y: Dose [Gy/source]      
p: xlin ylog afac(0.8) form(0.9)
h: n            x            y(proton  ),hh0l n 
#  z-lower      z-upper        proton    r.err 
   9.8455E+01   9.8486E+01   3.5915E-01  0.0104
   9.8486E+01   9.8517E+01   3.6762E-01  0.0110
   9.8517E+01   9.8549E+01   3.5100E-01  0.0118
   9.8549E+01   9.8580E+01   3.3502E-01  0.0135

#   sum over    1.2500E-03   3.5320E-01  0.0101

'no. = 50,  ix =  2,  iy = 17'
msuc: {\huge Histograma dosis-volumen del pouch}
msdr: {\it plotted by \ANGEL \version}
msdl: {\it calculated by \PHITS  3.36}
wt: s(0.7)
\vspace{-3}
  xmin  &=&  -7.0000E-01 [cm]
  xmax  &=&  -6.0000E-01 [cm]
  ymin  &=&  -5.0000E-02 [cm]
  ymax  &=&   5.0000E-02 [cm]
e:

#------------------------------------------------------------------------------
 newpage:
#   no. = 51   ix  =  2   iy  = 18
#   x = (  -7.0000E-01  -  -6.0000E-01  )
#   y = (   5.0000E-02  -   1.5000E-01  )

x: z[cm]
y: Dose [Gy/source]      
p: xlin ylog afac(0.8) form(0.9)
h: n            x            y(proton  ),hh0l n 
#  z-lower      z-upper        proton    r.err 
   9.8455E+01   9.8486E+01   3.6226E-01  0.0104
   9.8486E+01   9.8517E+01   3.6081E-01  0.0110
   9.8517E+01   9.8549E+01   3.4563E-01  0.0119
   9.8549E+01   9.8580E+01   3.3667E-01  0.0134

#   sum over    1.2500E-03   3.5134E-01  0.0101

'no. = 51,  ix =  2,  iy = 18'
msuc: {\huge Histograma dosis-volumen del pouch}
msdr: {\it plotted by \ANGEL \version}
msdl: {\it calculated by \PHITS  3.36}
wt: s(0.7)
\vspace{-3}
  xmin  &=&  -7.0000E-01 [cm]
  xmax  &=&  -6.0000E-01 [cm]
  ymin  &=&   5.0000E-02 [cm]
  ymax  &=&   1.5000E-01 [cm]
e:

#------------------------------------------------------------------------------
 newpage:
#   no. = 52   ix  =  2   iy  = 19
#   x = (  -7.0000E-01  -  -6.0000E-01  )
#   y = (   1.5000E-01  -   2.5000E-01  )

x: z[cm]
y: Dose [Gy/source]      
p: xlin ylog afac(0.8) form(0.9)
h: n            x            y(proton  ),hh0l n 
#  z-lower      z-upper        proton    r.err 
   9.8455E+01   9.8486E+01   3.6909E-01  0.0103
   9.8486E+01   9.8517E+01   3.6878E-01  0.0109
   9.8517E+01   9.8549E+01   3.5299E-01  0.0118
   9.8549E+01   9.8580E+01   3.4027E-01  0.0133

#   sum over    1.2500E-03   3.5778E-01  0.0100

'no. = 52,  ix =  2,  iy = 19'
msuc: {\huge Histograma dosis-volumen del pouch}
msdr: {\it plotted by \ANGEL \version}
msdl: {\it calculated by \PHITS  3.36}
wt: s(0.7)
\vspace{-3}
  xmin  &=&  -7.0000E-01 [cm]
  xmax  &=&  -6.0000E-01 [cm]
  ymin  &=&   1.5000E-01 [cm]
  ymax  &=&   2.5000E-01 [cm]
e:

#------------------------------------------------------------------------------
 newpage:
#   no. = 53   ix  =  2   iy  = 20
#   x = (  -7.0000E-01  -  -6.0000E-01  )
#   y = (   2.5000E-01  -   3.5000E-01  )

x: z[cm]
y: Dose [Gy/source]      
p: xlin ylog afac(0.8) form(0.9)
h: n            x            y(proton  ),hh0l n 
#  z-lower      z-upper        proton    r.err 
   9.8455E+01   9.8486E+01   3.5953E-01  0.0105
   9.8486E+01   9.8517E+01   3.6052E-01  0.0110
   9.8517E+01   9.8549E+01   3.4948E-01  0.0118
   9.8549E+01   9.8580E+01   3.3851E-01  0.0134

#   sum over    1.2500E-03   3.5201E-01  0.0101

'no. = 53,  ix =  2,  iy = 20'
msuc: {\huge Histograma dosis-volumen del pouch}
msdr: {\it plotted by \ANGEL \version}
msdl: {\it calculated by \PHITS  3.36}
wt: s(0.7)
\vspace{-3}
  xmin  &=&  -7.0000E-01 [cm]
  xmax  &=&  -6.0000E-01 [cm]
  ymin  &=&   2.5000E-01 [cm]
  ymax  &=&   3.5000E-01 [cm]
e:

#------------------------------------------------------------------------------
 newpage:
#   no. = 54   ix  =  2   iy  = 21
#   x = (  -7.0000E-01  -  -6.0000E-01  )
#   y = (   3.5000E-01  -   4.5000E-01  )

x: z[cm]
y: Dose [Gy/source]      
p: xlin ylog afac(0.8) form(0.9)
h: n            x            y(proton  ),hh0l n 
#  z-lower      z-upper        proton    r.err 
   9.8455E+01   9.8486E+01   3.5753E-01  0.0104
   9.8486E+01   9.8517E+01   3.6151E-01  0.0111
   9.8517E+01   9.8549E+01   3.4551E-01  0.0119
   9.8549E+01   9.8580E+01   3.3526E-01  0.0134

#   sum over    1.2500E-03   3.4995E-01  0.0101

'no. = 54,  ix =  2,  iy = 21'
msuc: {\huge Histograma dosis-volumen del pouch}
msdr: {\it plotted by \ANGEL \version}
msdl: {\it calculated by \PHITS  3.36}
wt: s(0.7)
\vspace{-3}
  xmin  &=&  -7.0000E-01 [cm]
  xmax  &=&  -6.0000E-01 [cm]
  ymin  &=&   3.5000E-01 [cm]
  ymax  &=&   4.5000E-01 [cm]
e:

#------------------------------------------------------------------------------
 newpage:
#   no. = 55   ix  =  2   iy  = 22
#   x = (  -7.0000E-01  -  -6.0000E-01  )
#   y = (   4.5000E-01  -   5.5000E-01  )

x: z[cm]
y: Dose [Gy/source]      
p: xlin ylog afac(0.8) form(0.9)
h: n            x            y(proton  ),hh0l n 
#  z-lower      z-upper        proton    r.err 
   9.8455E+01   9.8486E+01   3.5777E-01  0.0105
   9.8486E+01   9.8517E+01   3.6233E-01  0.0111
   9.8517E+01   9.8549E+01   3.4362E-01  0.0119
   9.8549E+01   9.8580E+01   3.3035E-01  0.0136

#   sum over    1.2500E-03   3.4852E-01  0.0102

'no. = 55,  ix =  2,  iy = 22'
msuc: {\huge Histograma dosis-volumen del pouch}
msdr: {\it plotted by \ANGEL \version}
msdl: {\it calculated by \PHITS  3.36}
wt: s(0.7)
\vspace{-3}
  xmin  &=&  -7.0000E-01 [cm]
  xmax  &=&  -6.0000E-01 [cm]
  ymin  &=&   4.5000E-01 [cm]
  ymax  &=&   5.5000E-01 [cm]
e:

#------------------------------------------------------------------------------
 newpage:
#   no. = 56   ix  =  2   iy  = 23
#   x = (  -7.0000E-01  -  -6.0000E-01  )
#   y = (   5.5000E-01  -   6.5000E-01  )

x: z[cm]
y: Dose [Gy/source]      
p: xlin ylog afac(0.8) form(0.9)
h: n            x            y(proton  ),hh0l n 
#  z-lower      z-upper        proton    r.err 
   9.8455E+01   9.8486E+01   3.6894E-01  0.0103
   9.8486E+01   9.8517E+01   3.6842E-01  0.0109
   9.8517E+01   9.8549E+01   3.5669E-01  0.0117
   9.8549E+01   9.8580E+01   3.4686E-01  0.0132

#   sum over    1.2500E-03   3.6023E-01  0.0100

'no. = 56,  ix =  2,  iy = 23'
msuc: {\huge Histograma dosis-volumen del pouch}
msdr: {\it plotted by \ANGEL \version}
msdl: {\it calculated by \PHITS  3.36}
wt: s(0.7)
\vspace{-3}
  xmin  &=&  -7.0000E-01 [cm]
  xmax  &=&  -6.0000E-01 [cm]
  ymin  &=&   5.5000E-01 [cm]
  ymax  &=&   6.5000E-01 [cm]
e:

#------------------------------------------------------------------------------
 newpage:
#   no. = 57   ix  =  2   iy  = 24
#   x = (  -7.0000E-01  -  -6.0000E-01  )
#   y = (   6.5000E-01  -   7.5000E-01  )

x: z[cm]
y: Dose [Gy/source]      
p: xlin ylog afac(0.8) form(0.9)
h: n            x            y(proton  ),hh0l n 
#  z-lower      z-upper        proton    r.err 
   9.8455E+01   9.8486E+01   3.6057E-01  0.0104
   9.8486E+01   9.8517E+01   3.6700E-01  0.0110
   9.8517E+01   9.8549E+01   3.4969E-01  0.0118
   9.8549E+01   9.8580E+01   3.3794E-01  0.0134

#   sum over    1.2500E-03   3.5380E-01  0.0101

'no. = 57,  ix =  2,  iy = 24'
msuc: {\huge Histograma dosis-volumen del pouch}
msdr: {\it plotted by \ANGEL \version}
msdl: {\it calculated by \PHITS  3.36}
wt: s(0.7)
\vspace{-3}
  xmin  &=&  -7.0000E-01 [cm]
  xmax  &=&  -6.0000E-01 [cm]
  ymin  &=&   6.5000E-01 [cm]
  ymax  &=&   7.5000E-01 [cm]
e:

#------------------------------------------------------------------------------
 newpage:
#   no. = 58   ix  =  2   iy  = 25
#   x = (  -7.0000E-01  -  -6.0000E-01  )
#   y = (   7.5000E-01  -   8.5000E-01  )

x: z[cm]
y: Dose [Gy/source]      
p: xlin ylog afac(0.8) form(0.9)
h: n            x            y(proton  ),hh0l n 
#  z-lower      z-upper        proton    r.err 
   9.8455E+01   9.8486E+01   3.6276E-01  0.0104
   9.8486E+01   9.8517E+01   3.6749E-01  0.0109
   9.8517E+01   9.8549E+01   3.5439E-01  0.0117
   9.8549E+01   9.8580E+01   3.4352E-01  0.0133

#   sum over    1.2500E-03   3.5704E-01  0.0101

'no. = 58,  ix =  2,  iy = 25'
msuc: {\huge Histograma dosis-volumen del pouch}
msdr: {\it plotted by \ANGEL \version}
msdl: {\it calculated by \PHITS  3.36}
wt: s(0.7)
\vspace{-3}
  xmin  &=&  -7.0000E-01 [cm]
  xmax  &=&  -6.0000E-01 [cm]
  ymin  &=&   7.5000E-01 [cm]
  ymax  &=&   8.5000E-01 [cm]
e:

#------------------------------------------------------------------------------
 newpage:
#   no. = 59   ix  =  2   iy  = 26
#   x = (  -7.0000E-01  -  -6.0000E-01  )
#   y = (   8.5000E-01  -   9.5000E-01  )

x: z[cm]
y: Dose [Gy/source]      
p: xlin ylog afac(0.8) form(0.9)
h: n            x            y(proton  ),hh0l n 
#  z-lower      z-upper        proton    r.err 
   9.8455E+01   9.8486E+01   3.7013E-01  0.0103
   9.8486E+01   9.8517E+01   3.7275E-01  0.0109
   9.8517E+01   9.8549E+01   3.5809E-01  0.0117
   9.8549E+01   9.8580E+01   3.5034E-01  0.0132

#   sum over    1.2500E-03   3.6283E-01  0.0100

'no. = 59,  ix =  2,  iy = 26'
msuc: {\huge Histograma dosis-volumen del pouch}
msdr: {\it plotted by \ANGEL \version}
msdl: {\it calculated by \PHITS  3.36}
wt: s(0.7)
\vspace{-3}
  xmin  &=&  -7.0000E-01 [cm]
  xmax  &=&  -6.0000E-01 [cm]
  ymin  &=&   8.5000E-01 [cm]
  ymax  &=&   9.5000E-01 [cm]
e:

#------------------------------------------------------------------------------
 newpage:
#   no. = 60   ix  =  2   iy  = 27
#   x = (  -7.0000E-01  -  -6.0000E-01  )
#   y = (   9.5000E-01  -   1.0500E+00  )

x: z[cm]
y: Dose [Gy/source]      
p: xlin ylog afac(0.8) form(0.9)
h: n            x            y(proton  ),hh0l n 
#  z-lower      z-upper        proton    r.err 
   9.8455E+01   9.8486E+01   3.6126E-01  0.0104
   9.8486E+01   9.8517E+01   3.6654E-01  0.0110
   9.8517E+01   9.8549E+01   3.4739E-01  0.0118
   9.8549E+01   9.8580E+01   3.4742E-01  0.0133

#   sum over    1.2500E-03   3.5565E-01  0.0101

'no. = 60,  ix =  2,  iy = 27'
msuc: {\huge Histograma dosis-volumen del pouch}
msdr: {\it plotted by \ANGEL \version}
msdl: {\it calculated by \PHITS  3.36}
wt: s(0.7)
\vspace{-3}
  xmin  &=&  -7.0000E-01 [cm]
  xmax  &=&  -6.0000E-01 [cm]
  ymin  &=&   9.5000E-01 [cm]
  ymax  &=&   1.0500E+00 [cm]
e:

#------------------------------------------------------------------------------
 newpage:
#   no. = 61   ix  =  2   iy  = 28
#   x = (  -7.0000E-01  -  -6.0000E-01  )
#   y = (   1.0500E+00  -   1.1500E+00  )

x: z[cm]
y: Dose [Gy/source]      
p: xlin ylog afac(0.8) form(0.9)
h: n            x            y(proton  ),hh0l n 
#  z-lower      z-upper        proton    r.err 
   9.8455E+01   9.8486E+01   3.6641E-01  0.0103
   9.8486E+01   9.8517E+01   3.7092E-01  0.0109
   9.8517E+01   9.8549E+01   3.5803E-01  0.0117
   9.8549E+01   9.8580E+01   3.5578E-01  0.0132

#   sum over    1.2500E-03   3.6278E-01  0.0100

'no. = 61,  ix =  2,  iy = 28'
msuc: {\huge Histograma dosis-volumen del pouch}
msdr: {\it plotted by \ANGEL \version}
msdl: {\it calculated by \PHITS  3.36}
wt: s(0.7)
\vspace{-3}
  xmin  &=&  -7.0000E-01 [cm]
  xmax  &=&  -6.0000E-01 [cm]
  ymin  &=&   1.0500E+00 [cm]
  ymax  &=&   1.1500E+00 [cm]
e:

#------------------------------------------------------------------------------
 newpage:
#   no. = 62   ix  =  2   iy  = 29
#   x = (  -7.0000E-01  -  -6.0000E-01  )
#   y = (   1.1500E+00  -   1.2500E+00  )

x: z[cm]
y: Dose [Gy/source]      
p: xlin ylog afac(0.8) form(0.9)
h: n            x            y(proton  ),hh0l n 
#  z-lower      z-upper        proton    r.err 
   9.8455E+01   9.8486E+01   3.6645E-01  0.0103
   9.8486E+01   9.8517E+01   3.6911E-01  0.0109
   9.8517E+01   9.8549E+01   3.5630E-01  0.0117
   9.8549E+01   9.8580E+01   3.5056E-01  0.0133

#   sum over    1.2500E-03   3.6060E-01  0.0101

'no. = 62,  ix =  2,  iy = 29'
msuc: {\huge Histograma dosis-volumen del pouch}
msdr: {\it plotted by \ANGEL \version}
msdl: {\it calculated by \PHITS  3.36}
wt: s(0.7)
\vspace{-3}
  xmin  &=&  -7.0000E-01 [cm]
  xmax  &=&  -6.0000E-01 [cm]
  ymin  &=&   1.1500E+00 [cm]
  ymax  &=&   1.2500E+00 [cm]
e:

#------------------------------------------------------------------------------
 newpage:
#   no. = 63   ix  =  2   iy  = 30
#   x = (  -7.0000E-01  -  -6.0000E-01  )
#   y = (   1.2500E+00  -   1.3500E+00  )

x: z[cm]
y: Dose [Gy/source]      
p: xlin ylog afac(0.8) form(0.9)
h: n            x            y(proton  ),hh0l n 
#  z-lower      z-upper        proton    r.err 
   9.8455E+01   9.8486E+01   3.7494E-01  0.0102
   9.8486E+01   9.8517E+01   3.7949E-01  0.0108
   9.8517E+01   9.8549E+01   3.6830E-01  0.0115
   9.8549E+01   9.8580E+01   3.6679E-01  0.0130

#   sum over    1.2500E-03   3.7238E-01  0.0099

'no. = 63,  ix =  2,  iy = 30'
msuc: {\huge Histograma dosis-volumen del pouch}
msdr: {\it plotted by \ANGEL \version}
msdl: {\it calculated by \PHITS  3.36}
wt: s(0.7)
\vspace{-3}
  xmin  &=&  -7.0000E-01 [cm]
  xmax  &=&  -6.0000E-01 [cm]
  ymin  &=&   1.2500E+00 [cm]
  ymax  &=&   1.3500E+00 [cm]
e:

#------------------------------------------------------------------------------
 newpage:
#   no. = 64   ix  =  2   iy  = 31
#   x = (  -7.0000E-01  -  -6.0000E-01  )
#   y = (   1.3500E+00  -   1.4500E+00  )

x: z[cm]
y: Dose [Gy/source]      
p: xlin ylog afac(0.8) form(0.9)
h: n            x            y(proton  ),hh0l n 
#  z-lower      z-upper        proton    r.err 
   9.8455E+01   9.8486E+01   3.7244E-01  0.0102
   9.8486E+01   9.8517E+01   3.7681E-01  0.0108
   9.8517E+01   9.8549E+01   3.6446E-01  0.0116
   9.8549E+01   9.8580E+01   3.5905E-01  0.0131

#   sum over    1.2500E-03   3.6819E-01  0.0099

'no. = 64,  ix =  2,  iy = 31'
msuc: {\huge Histograma dosis-volumen del pouch}
msdr: {\it plotted by \ANGEL \version}
msdl: {\it calculated by \PHITS  3.36}
wt: s(0.7)
\vspace{-3}
  xmin  &=&  -7.0000E-01 [cm]
  xmax  &=&  -6.0000E-01 [cm]
  ymin  &=&   1.3500E+00 [cm]
  ymax  &=&   1.4500E+00 [cm]
e:

#------------------------------------------------------------------------------
 newpage:
#   no. = 65   ix  =  2   iy  = 32
#   x = (  -7.0000E-01  -  -6.0000E-01  )
#   y = (   1.4500E+00  -   1.5500E+00  )

x: z[cm]
y: Dose [Gy/source]      
p: xlin ylog afac(0.8) form(0.9)
h: n            x            y(proton  ),hh0l n 
#  z-lower      z-upper        proton    r.err 
   9.8455E+01   9.8486E+01   3.7227E-01  0.0102
   9.8486E+01   9.8517E+01   3.7400E-01  0.0108
   9.8517E+01   9.8549E+01   3.6775E-01  0.0115
   9.8549E+01   9.8580E+01   3.6662E-01  0.0130

#   sum over    1.2500E-03   3.7016E-01  0.0099

'no. = 65,  ix =  2,  iy = 32'
msuc: {\huge Histograma dosis-volumen del pouch}
msdr: {\it plotted by \ANGEL \version}
msdl: {\it calculated by \PHITS  3.36}
wt: s(0.7)
\vspace{-3}
  xmin  &=&  -7.0000E-01 [cm]
  xmax  &=&  -6.0000E-01 [cm]
  ymin  &=&   1.4500E+00 [cm]
  ymax  &=&   1.5500E+00 [cm]
e:

#------------------------------------------------------------------------------
 newpage:
#   no. = 66   ix  =  2   iy  = 33
#   x = (  -7.0000E-01  -  -6.0000E-01  )
#   y = (   1.5500E+00  -   1.6500E+00  )

x: z[cm]
y: Dose [Gy/source]      
p: xlin ylog afac(0.8) form(0.9)
h: n            x            y(proton  ),hh0l n 
#  z-lower      z-upper        proton    r.err 
   9.8455E+01   9.8486E+01   3.7669E-01  0.0102
   9.8486E+01   9.8517E+01   3.7916E-01  0.0108
   9.8517E+01   9.8549E+01   3.6371E-01  0.0116
   9.8549E+01   9.8580E+01   3.5867E-01  0.0132

#   sum over    1.2500E-03   3.6956E-01  0.0099

'no. = 66,  ix =  2,  iy = 33'
msuc: {\huge Histograma dosis-volumen del pouch}
msdr: {\it plotted by \ANGEL \version}
msdl: {\it calculated by \PHITS  3.36}
wt: s(0.7)
\vspace{-3}
  xmin  &=&  -7.0000E-01 [cm]
  xmax  &=&  -6.0000E-01 [cm]
  ymin  &=&   1.5500E+00 [cm]
  ymax  &=&   1.6500E+00 [cm]
e:

#------------------------------------------------------------------------------
 newpage:
#   no. = 67   ix  =  3   iy  =  1
#   x = (  -6.0000E-01  -  -5.0000E-01  )
#   y = (  -1.6500E+00  -  -1.5500E+00  )

x: z[cm]
y: Dose [Gy/source]      
p: xlin ylog afac(0.8) form(0.9)
h: n            x            y(proton  ),hh0l n 
#  z-lower      z-upper        proton    r.err 
   9.8455E+01   9.8486E+01   0.0000E+00  0.0000
   9.8486E+01   9.8517E+01   0.0000E+00  0.0000
   9.8517E+01   9.8549E+01   0.0000E+00  0.0000
   9.8549E+01   9.8580E+01   0.0000E+00  0.0000

#   sum over    1.2500E-03   0.0000E+00  0.0000

'no. = 67,  ix =  3,  iy =  1'
msuc: {\huge Histograma dosis-volumen del pouch}
msdr: {\it plotted by \ANGEL \version}
msdl: {\it calculated by \PHITS  3.36}
wt: s(0.7)
\vspace{-3}
  xmin  &=&  -6.0000E-01 [cm]
  xmax  &=&  -5.0000E-01 [cm]
  ymin  &=&  -1.6500E+00 [cm]
  ymax  &=&  -1.5500E+00 [cm]
e:

#------------------------------------------------------------------------------
 newpage:
#   no. = 68   ix  =  3   iy  =  2
#   x = (  -6.0000E-01  -  -5.0000E-01  )
#   y = (  -1.5500E+00  -  -1.4500E+00  )

x: z[cm]
y: Dose [Gy/source]      
p: xlin ylog afac(0.8) form(0.9)
h: n            x            y(proton  ),hh0l n 
#  z-lower      z-upper        proton    r.err 
   9.8455E+01   9.8486E+01   0.0000E+00  0.0000
   9.8486E+01   9.8517E+01   0.0000E+00  0.0000
   9.8517E+01   9.8549E+01   0.0000E+00  0.0000
   9.8549E+01   9.8580E+01   0.0000E+00  0.0000

#   sum over    1.2500E-03   0.0000E+00  0.0000

'no. = 68,  ix =  3,  iy =  2'
msuc: {\huge Histograma dosis-volumen del pouch}
msdr: {\it plotted by \ANGEL \version}
msdl: {\it calculated by \PHITS  3.36}
wt: s(0.7)
\vspace{-3}
  xmin  &=&  -6.0000E-01 [cm]
  xmax  &=&  -5.0000E-01 [cm]
  ymin  &=&  -1.5500E+00 [cm]
  ymax  &=&  -1.4500E+00 [cm]
e:

#------------------------------------------------------------------------------
 newpage:
#   no. = 69   ix  =  3   iy  =  3
#   x = (  -6.0000E-01  -  -5.0000E-01  )
#   y = (  -1.4500E+00  -  -1.3500E+00  )

x: z[cm]
y: Dose [Gy/source]      
p: xlin ylog afac(0.8) form(0.9)
h: n            x            y(proton  ),hh0l n 
#  z-lower      z-upper        proton    r.err 
   9.8455E+01   9.8486E+01   2.2245E-04  0.6422
   9.8486E+01   9.8517E+01   2.6399E-04  0.5400
   9.8517E+01   9.8549E+01   6.8425E-04  0.4655
   9.8549E+01   9.8580E+01   5.8646E-04  0.5253

#   sum over    1.2500E-03   4.3929E-04  0.4208

'no. = 69,  ix =  3,  iy =  3'
msuc: {\huge Histograma dosis-volumen del pouch}
msdr: {\it plotted by \ANGEL \version}
msdl: {\it calculated by \PHITS  3.36}
wt: s(0.7)
\vspace{-3}
  xmin  &=&  -6.0000E-01 [cm]
  xmax  &=&  -5.0000E-01 [cm]
  ymin  &=&  -1.4500E+00 [cm]
  ymax  &=&  -1.3500E+00 [cm]
e:

#------------------------------------------------------------------------------
 newpage:
#   no. = 70   ix  =  3   iy  =  4
#   x = (  -6.0000E-01  -  -5.0000E-01  )
#   y = (  -1.3500E+00  -  -1.2500E+00  )

x: z[cm]
y: Dose [Gy/source]      
p: xlin ylog afac(0.8) form(0.9)
h: n            x            y(proton  ),hh0l n 
#  z-lower      z-upper        proton    r.err 
   9.8455E+01   9.8486E+01   2.5888E-01  0.0126
   9.8486E+01   9.8517E+01   2.6304E-01  0.0132
   9.8517E+01   9.8549E+01   2.5567E-01  0.0140
   9.8549E+01   9.8580E+01   2.4795E-01  0.0158

#   sum over    1.2500E-03   2.5638E-01  0.0120

'no. = 70,  ix =  3,  iy =  4'
msuc: {\huge Histograma dosis-volumen del pouch}
msdr: {\it plotted by \ANGEL \version}
msdl: {\it calculated by \PHITS  3.36}
wt: s(0.7)
\vspace{-3}
  xmin  &=&  -6.0000E-01 [cm]
  xmax  &=&  -5.0000E-01 [cm]
  ymin  &=&  -1.3500E+00 [cm]
  ymax  &=&  -1.2500E+00 [cm]
e:

#------------------------------------------------------------------------------
 newpage:
#   no. = 71   ix  =  3   iy  =  5
#   x = (  -6.0000E-01  -  -5.0000E-01  )
#   y = (  -1.2500E+00  -  -1.1500E+00  )

x: z[cm]
y: Dose [Gy/source]      
p: xlin ylog afac(0.8) form(0.9)
h: n            x            y(proton  ),hh0l n 
#  z-lower      z-upper        proton    r.err 
   9.8455E+01   9.8486E+01   3.6711E-01  0.0103
   9.8486E+01   9.8517E+01   3.7005E-01  0.0109
   9.8517E+01   9.8549E+01   3.5413E-01  0.0118
   9.8549E+01   9.8580E+01   3.3760E-01  0.0135

#   sum over    1.2500E-03   3.5722E-01  0.0100

'no. = 71,  ix =  3,  iy =  5'
msuc: {\huge Histograma dosis-volumen del pouch}
msdr: {\it plotted by \ANGEL \version}
msdl: {\it calculated by \PHITS  3.36}
wt: s(0.7)
\vspace{-3}
  xmin  &=&  -6.0000E-01 [cm]
  xmax  &=&  -5.0000E-01 [cm]
  ymin  &=&  -1.2500E+00 [cm]
  ymax  &=&  -1.1500E+00 [cm]
e:

#------------------------------------------------------------------------------
 newpage:
#   no. = 72   ix  =  3   iy  =  6
#   x = (  -6.0000E-01  -  -5.0000E-01  )
#   y = (  -1.1500E+00  -  -1.0500E+00  )

x: z[cm]
y: Dose [Gy/source]      
p: xlin ylog afac(0.8) form(0.9)
h: n            x            y(proton  ),hh0l n 
#  z-lower      z-upper        proton    r.err 
   9.8455E+01   9.8486E+01   3.6319E-01  0.0103
   9.8486E+01   9.8517E+01   3.6925E-01  0.0110
   9.8517E+01   9.8549E+01   3.5416E-01  0.0117
   9.8549E+01   9.8580E+01   3.4549E-01  0.0133

#   sum over    1.2500E-03   3.5802E-01  0.0100

'no. = 72,  ix =  3,  iy =  6'
msuc: {\huge Histograma dosis-volumen del pouch}
msdr: {\it plotted by \ANGEL \version}
msdl: {\it calculated by \PHITS  3.36}
wt: s(0.7)
\vspace{-3}
  xmin  &=&  -6.0000E-01 [cm]
  xmax  &=&  -5.0000E-01 [cm]
  ymin  &=&  -1.1500E+00 [cm]
  ymax  &=&  -1.0500E+00 [cm]
e:

#------------------------------------------------------------------------------
 newpage:
#   no. = 73   ix  =  3   iy  =  7
#   x = (  -6.0000E-01  -  -5.0000E-01  )
#   y = (  -1.0500E+00  -  -9.5000E-01  )

x: z[cm]
y: Dose [Gy/source]      
p: xlin ylog afac(0.8) form(0.9)
h: n            x            y(proton  ),hh0l n 
#  z-lower      z-upper        proton    r.err 
   9.8455E+01   9.8486E+01   3.6803E-01  0.0104
   9.8486E+01   9.8517E+01   3.6980E-01  0.0109
   9.8517E+01   9.8549E+01   3.5451E-01  0.0118
   9.8549E+01   9.8580E+01   3.4118E-01  0.0133

#   sum over    1.2500E-03   3.5838E-01  0.0100

'no. = 73,  ix =  3,  iy =  7'
msuc: {\huge Histograma dosis-volumen del pouch}
msdr: {\it plotted by \ANGEL \version}
msdl: {\it calculated by \PHITS  3.36}
wt: s(0.7)
\vspace{-3}
  xmin  &=&  -6.0000E-01 [cm]
  xmax  &=&  -5.0000E-01 [cm]
  ymin  &=&  -1.0500E+00 [cm]
  ymax  &=&  -9.5000E-01 [cm]
e:

#------------------------------------------------------------------------------
 newpage:
#   no. = 74   ix  =  3   iy  =  8
#   x = (  -6.0000E-01  -  -5.0000E-01  )
#   y = (  -9.5000E-01  -  -8.5000E-01  )

x: z[cm]
y: Dose [Gy/source]      
p: xlin ylog afac(0.8) form(0.9)
h: n            x            y(proton  ),hh0l n 
#  z-lower      z-upper        proton    r.err 
   9.8455E+01   9.8486E+01   3.6085E-01  0.0104
   9.8486E+01   9.8517E+01   3.6546E-01  0.0110
   9.8517E+01   9.8549E+01   3.5115E-01  0.0118
   9.8549E+01   9.8580E+01   3.4054E-01  0.0133

#   sum over    1.2500E-03   3.5450E-01  0.0101

'no. = 74,  ix =  3,  iy =  8'
msuc: {\huge Histograma dosis-volumen del pouch}
msdr: {\it plotted by \ANGEL \version}
msdl: {\it calculated by \PHITS  3.36}
wt: s(0.7)
\vspace{-3}
  xmin  &=&  -6.0000E-01 [cm]
  xmax  &=&  -5.0000E-01 [cm]
  ymin  &=&  -9.5000E-01 [cm]
  ymax  &=&  -8.5000E-01 [cm]
e:

#------------------------------------------------------------------------------
 newpage:
#   no. = 75   ix  =  3   iy  =  9
#   x = (  -6.0000E-01  -  -5.0000E-01  )
#   y = (  -8.5000E-01  -  -7.5000E-01  )

x: z[cm]
y: Dose [Gy/source]      
p: xlin ylog afac(0.8) form(0.9)
h: n            x            y(proton  ),hh0l n 
#  z-lower      z-upper        proton    r.err 
   9.8455E+01   9.8486E+01   3.6188E-01  0.0104
   9.8486E+01   9.8517E+01   3.6654E-01  0.0110
   9.8517E+01   9.8549E+01   3.5213E-01  0.0118
   9.8549E+01   9.8580E+01   3.4238E-01  0.0133

#   sum over    1.2500E-03   3.5573E-01  0.0101

'no. = 75,  ix =  3,  iy =  9'
msuc: {\huge Histograma dosis-volumen del pouch}
msdr: {\it plotted by \ANGEL \version}
msdl: {\it calculated by \PHITS  3.36}
wt: s(0.7)
\vspace{-3}
  xmin  &=&  -6.0000E-01 [cm]
  xmax  &=&  -5.0000E-01 [cm]
  ymin  &=&  -8.5000E-01 [cm]
  ymax  &=&  -7.5000E-01 [cm]
e:

#------------------------------------------------------------------------------
 newpage:
#   no. = 76   ix  =  3   iy  = 10
#   x = (  -6.0000E-01  -  -5.0000E-01  )
#   y = (  -7.5000E-01  -  -6.5000E-01  )

x: z[cm]
y: Dose [Gy/source]      
p: xlin ylog afac(0.8) form(0.9)
h: n            x            y(proton  ),hh0l n 
#  z-lower      z-upper        proton    r.err 
   9.8455E+01   9.8486E+01   3.6015E-01  0.0104
   9.8486E+01   9.8517E+01   3.6370E-01  0.0110
   9.8517E+01   9.8549E+01   3.4850E-01  0.0118
   9.8549E+01   9.8580E+01   3.4038E-01  0.0133

#   sum over    1.2500E-03   3.5319E-01  0.0101

'no. = 76,  ix =  3,  iy = 10'
msuc: {\huge Histograma dosis-volumen del pouch}
msdr: {\it plotted by \ANGEL \version}
msdl: {\it calculated by \PHITS  3.36}
wt: s(0.7)
\vspace{-3}
  xmin  &=&  -6.0000E-01 [cm]
  xmax  &=&  -5.0000E-01 [cm]
  ymin  &=&  -7.5000E-01 [cm]
  ymax  &=&  -6.5000E-01 [cm]
e:

#------------------------------------------------------------------------------
 newpage:
#   no. = 77   ix  =  3   iy  = 11
#   x = (  -6.0000E-01  -  -5.0000E-01  )
#   y = (  -6.5000E-01  -  -5.5000E-01  )

x: z[cm]
y: Dose [Gy/source]      
p: xlin ylog afac(0.8) form(0.9)
h: n            x            y(proton  ),hh0l n 
#  z-lower      z-upper        proton    r.err 
   9.8455E+01   9.8486E+01   3.5546E-01  0.0105
   9.8486E+01   9.8517E+01   3.6297E-01  0.0110
   9.8517E+01   9.8549E+01   3.5024E-01  0.0118
   9.8549E+01   9.8580E+01   3.3863E-01  0.0134

#   sum over    1.2500E-03   3.5183E-01  0.0101

'no. = 77,  ix =  3,  iy = 11'
msuc: {\huge Histograma dosis-volumen del pouch}
msdr: {\it plotted by \ANGEL \version}
msdl: {\it calculated by \PHITS  3.36}
wt: s(0.7)
\vspace{-3}
  xmin  &=&  -6.0000E-01 [cm]
  xmax  &=&  -5.0000E-01 [cm]
  ymin  &=&  -6.5000E-01 [cm]
  ymax  &=&  -5.5000E-01 [cm]
e:

#------------------------------------------------------------------------------
 newpage:
#   no. = 78   ix  =  3   iy  = 12
#   x = (  -6.0000E-01  -  -5.0000E-01  )
#   y = (  -5.5000E-01  -  -4.5000E-01  )

x: z[cm]
y: Dose [Gy/source]      
p: xlin ylog afac(0.8) form(0.9)
h: n            x            y(proton  ),hh0l n 
#  z-lower      z-upper        proton    r.err 
   9.8455E+01   9.8486E+01   3.5893E-01  0.0104
   9.8486E+01   9.8517E+01   3.5974E-01  0.0110
   9.8517E+01   9.8549E+01   3.4936E-01  0.0119
   9.8549E+01   9.8580E+01   3.3848E-01  0.0134

#   sum over    1.2500E-03   3.5163E-01  0.0101

'no. = 78,  ix =  3,  iy = 12'
msuc: {\huge Histograma dosis-volumen del pouch}
msdr: {\it plotted by \ANGEL \version}
msdl: {\it calculated by \PHITS  3.36}
wt: s(0.7)
\vspace{-3}
  xmin  &=&  -6.0000E-01 [cm]
  xmax  &=&  -5.0000E-01 [cm]
  ymin  &=&  -5.5000E-01 [cm]
  ymax  &=&  -4.5000E-01 [cm]
e:

#------------------------------------------------------------------------------
 newpage:
#   no. = 79   ix  =  3   iy  = 13
#   x = (  -6.0000E-01  -  -5.0000E-01  )
#   y = (  -4.5000E-01  -  -3.5000E-01  )

x: z[cm]
y: Dose [Gy/source]      
p: xlin ylog afac(0.8) form(0.9)
h: n            x            y(proton  ),hh0l n 
#  z-lower      z-upper        proton    r.err 
   9.8455E+01   9.8486E+01   3.5739E-01  0.0105
   9.8486E+01   9.8517E+01   3.6245E-01  0.0110
   9.8517E+01   9.8549E+01   3.4445E-01  0.0119
   9.8549E+01   9.8580E+01   3.3021E-01  0.0135

#   sum over    1.2500E-03   3.4862E-01  0.0101

'no. = 79,  ix =  3,  iy = 13'
msuc: {\huge Histograma dosis-volumen del pouch}
msdr: {\it plotted by \ANGEL \version}
msdl: {\it calculated by \PHITS  3.36}
wt: s(0.7)
\vspace{-3}
  xmin  &=&  -6.0000E-01 [cm]
  xmax  &=&  -5.0000E-01 [cm]
  ymin  &=&  -4.5000E-01 [cm]
  ymax  &=&  -3.5000E-01 [cm]
e:

#------------------------------------------------------------------------------
 newpage:
#   no. = 80   ix  =  3   iy  = 14
#   x = (  -6.0000E-01  -  -5.0000E-01  )
#   y = (  -3.5000E-01  -  -2.5000E-01  )

x: z[cm]
y: Dose [Gy/source]      
p: xlin ylog afac(0.8) form(0.9)
h: n            x            y(proton  ),hh0l n 
#  z-lower      z-upper        proton    r.err 
   9.8455E+01   9.8486E+01   3.6892E-01  0.0104
   9.8486E+01   9.8517E+01   3.6650E-01  0.0110
   9.8517E+01   9.8549E+01   3.4577E-01  0.0119
   9.8549E+01   9.8580E+01   3.3321E-01  0.0135

#   sum over    1.2500E-03   3.5360E-01  0.0101

'no. = 80,  ix =  3,  iy = 14'
msuc: {\huge Histograma dosis-volumen del pouch}
msdr: {\it plotted by \ANGEL \version}
msdl: {\it calculated by \PHITS  3.36}
wt: s(0.7)
\vspace{-3}
  xmin  &=&  -6.0000E-01 [cm]
  xmax  &=&  -5.0000E-01 [cm]
  ymin  &=&  -3.5000E-01 [cm]
  ymax  &=&  -2.5000E-01 [cm]
e:

#------------------------------------------------------------------------------
 newpage:
#   no. = 81   ix  =  3   iy  = 15
#   x = (  -6.0000E-01  -  -5.0000E-01  )
#   y = (  -2.5000E-01  -  -1.5000E-01  )

x: z[cm]
y: Dose [Gy/source]      
p: xlin ylog afac(0.8) form(0.9)
h: n            x            y(proton  ),hh0l n 
#  z-lower      z-upper        proton    r.err 
   9.8455E+01   9.8486E+01   3.6080E-01  0.0104
   9.8486E+01   9.8517E+01   3.6294E-01  0.0110
   9.8517E+01   9.8549E+01   3.4615E-01  0.0119
   9.8549E+01   9.8580E+01   3.3503E-01  0.0135

#   sum over    1.2500E-03   3.5123E-01  0.0101

'no. = 81,  ix =  3,  iy = 15'
msuc: {\huge Histograma dosis-volumen del pouch}
msdr: {\it plotted by \ANGEL \version}
msdl: {\it calculated by \PHITS  3.36}
wt: s(0.7)
\vspace{-3}
  xmin  &=&  -6.0000E-01 [cm]
  xmax  &=&  -5.0000E-01 [cm]
  ymin  &=&  -2.5000E-01 [cm]
  ymax  &=&  -1.5000E-01 [cm]
e:

#------------------------------------------------------------------------------
 newpage:
#   no. = 82   ix  =  3   iy  = 16
#   x = (  -6.0000E-01  -  -5.0000E-01  )
#   y = (  -1.5000E-01  -  -5.0000E-02  )

x: z[cm]
y: Dose [Gy/source]      
p: xlin ylog afac(0.8) form(0.9)
h: n            x            y(proton  ),hh0l n 
#  z-lower      z-upper        proton    r.err 
   9.8455E+01   9.8486E+01   3.6001E-01  0.0104
   9.8486E+01   9.8517E+01   3.6696E-01  0.0110
   9.8517E+01   9.8549E+01   3.4890E-01  0.0118
   9.8549E+01   9.8580E+01   3.3657E-01  0.0134

#   sum over    1.2500E-03   3.5311E-01  0.0101

'no. = 82,  ix =  3,  iy = 16'
msuc: {\huge Histograma dosis-volumen del pouch}
msdr: {\it plotted by \ANGEL \version}
msdl: {\it calculated by \PHITS  3.36}
wt: s(0.7)
\vspace{-3}
  xmin  &=&  -6.0000E-01 [cm]
  xmax  &=&  -5.0000E-01 [cm]
  ymin  &=&  -1.5000E-01 [cm]
  ymax  &=&  -5.0000E-02 [cm]
e:

#------------------------------------------------------------------------------
 newpage:
#   no. = 83   ix  =  3   iy  = 17
#   x = (  -6.0000E-01  -  -5.0000E-01  )
#   y = (  -5.0000E-02  -   5.0000E-02  )

x: z[cm]
y: Dose [Gy/source]      
p: xlin ylog afac(0.8) form(0.9)
h: n            x            y(proton  ),hh0l n 
#  z-lower      z-upper        proton    r.err 
   9.8455E+01   9.8486E+01   3.6154E-01  0.0104
   9.8486E+01   9.8517E+01   3.6091E-01  0.0110
   9.8517E+01   9.8549E+01   3.4937E-01  0.0119
   9.8549E+01   9.8580E+01   3.3432E-01  0.0135

#   sum over    1.2500E-03   3.5154E-01  0.0101

'no. = 83,  ix =  3,  iy = 17'
msuc: {\huge Histograma dosis-volumen del pouch}
msdr: {\it plotted by \ANGEL \version}
msdl: {\it calculated by \PHITS  3.36}
wt: s(0.7)
\vspace{-3}
  xmin  &=&  -6.0000E-01 [cm]
  xmax  &=&  -5.0000E-01 [cm]
  ymin  &=&  -5.0000E-02 [cm]
  ymax  &=&   5.0000E-02 [cm]
e:

#------------------------------------------------------------------------------
 newpage:
#   no. = 84   ix  =  3   iy  = 18
#   x = (  -6.0000E-01  -  -5.0000E-01  )
#   y = (   5.0000E-02  -   1.5000E-01  )

x: z[cm]
y: Dose [Gy/source]      
p: xlin ylog afac(0.8) form(0.9)
h: n            x            y(proton  ),hh0l n 
#  z-lower      z-upper        proton    r.err 
   9.8455E+01   9.8486E+01   3.6358E-01  0.0103
   9.8486E+01   9.8517E+01   3.6406E-01  0.0110
   9.8517E+01   9.8549E+01   3.5211E-01  0.0118
   9.8549E+01   9.8580E+01   3.4251E-01  0.0133

#   sum over    1.2500E-03   3.5557E-01  0.0101

'no. = 84,  ix =  3,  iy = 18'
msuc: {\huge Histograma dosis-volumen del pouch}
msdr: {\it plotted by \ANGEL \version}
msdl: {\it calculated by \PHITS  3.36}
wt: s(0.7)
\vspace{-3}
  xmin  &=&  -6.0000E-01 [cm]
  xmax  &=&  -5.0000E-01 [cm]
  ymin  &=&   5.0000E-02 [cm]
  ymax  &=&   1.5000E-01 [cm]
e:

#------------------------------------------------------------------------------
 newpage:
#   no. = 85   ix  =  3   iy  = 19
#   x = (  -6.0000E-01  -  -5.0000E-01  )
#   y = (   1.5000E-01  -   2.5000E-01  )

x: z[cm]
y: Dose [Gy/source]      
p: xlin ylog afac(0.8) form(0.9)
h: n            x            y(proton  ),hh0l n 
#  z-lower      z-upper        proton    r.err 
   9.8455E+01   9.8486E+01   3.5767E-01  0.0105
   9.8486E+01   9.8517E+01   3.5725E-01  0.0111
   9.8517E+01   9.8549E+01   3.4379E-01  0.0119
   9.8549E+01   9.8580E+01   3.3269E-01  0.0135

#   sum over    1.2500E-03   3.4785E-01  0.0101

'no. = 85,  ix =  3,  iy = 19'
msuc: {\huge Histograma dosis-volumen del pouch}
msdr: {\it plotted by \ANGEL \version}
msdl: {\it calculated by \PHITS  3.36}
wt: s(0.7)
\vspace{-3}
  xmin  &=&  -6.0000E-01 [cm]
  xmax  &=&  -5.0000E-01 [cm]
  ymin  &=&   1.5000E-01 [cm]
  ymax  &=&   2.5000E-01 [cm]
e:

#------------------------------------------------------------------------------
 newpage:
#   no. = 86   ix  =  3   iy  = 20
#   x = (  -6.0000E-01  -  -5.0000E-01  )
#   y = (   2.5000E-01  -   3.5000E-01  )

x: z[cm]
y: Dose [Gy/source]      
p: xlin ylog afac(0.8) form(0.9)
h: n            x            y(proton  ),hh0l n 
#  z-lower      z-upper        proton    r.err 
   9.8455E+01   9.8486E+01   3.6413E-01  0.0104
   9.8486E+01   9.8517E+01   3.6110E-01  0.0111
   9.8517E+01   9.8549E+01   3.4669E-01  0.0119
   9.8549E+01   9.8580E+01   3.3113E-01  0.0135

#   sum over    1.2500E-03   3.5076E-01  0.0101

'no. = 86,  ix =  3,  iy = 20'
msuc: {\huge Histograma dosis-volumen del pouch}
msdr: {\it plotted by \ANGEL \version}
msdl: {\it calculated by \PHITS  3.36}
wt: s(0.7)
\vspace{-3}
  xmin  &=&  -6.0000E-01 [cm]
  xmax  &=&  -5.0000E-01 [cm]
  ymin  &=&   2.5000E-01 [cm]
  ymax  &=&   3.5000E-01 [cm]
e:

#------------------------------------------------------------------------------
 newpage:
#   no. = 87   ix  =  3   iy  = 21
#   x = (  -6.0000E-01  -  -5.0000E-01  )
#   y = (   3.5000E-01  -   4.5000E-01  )

x: z[cm]
y: Dose [Gy/source]      
p: xlin ylog afac(0.8) form(0.9)
h: n            x            y(proton  ),hh0l n 
#  z-lower      z-upper        proton    r.err 
   9.8455E+01   9.8486E+01   3.6103E-01  0.0104
   9.8486E+01   9.8517E+01   3.6403E-01  0.0110
   9.8517E+01   9.8549E+01   3.4830E-01  0.0119
   9.8549E+01   9.8580E+01   3.3198E-01  0.0135

#   sum over    1.2500E-03   3.5134E-01  0.0101

'no. = 87,  ix =  3,  iy = 21'
msuc: {\huge Histograma dosis-volumen del pouch}
msdr: {\it plotted by \ANGEL \version}
msdl: {\it calculated by \PHITS  3.36}
wt: s(0.7)
\vspace{-3}
  xmin  &=&  -6.0000E-01 [cm]
  xmax  &=&  -5.0000E-01 [cm]
  ymin  &=&   3.5000E-01 [cm]
  ymax  &=&   4.5000E-01 [cm]
e:

#------------------------------------------------------------------------------
 newpage:
#   no. = 88   ix  =  3   iy  = 22
#   x = (  -6.0000E-01  -  -5.0000E-01  )
#   y = (   4.5000E-01  -   5.5000E-01  )

x: z[cm]
y: Dose [Gy/source]      
p: xlin ylog afac(0.8) form(0.9)
h: n            x            y(proton  ),hh0l n 
#  z-lower      z-upper        proton    r.err 
   9.8455E+01   9.8486E+01   3.6184E-01  0.0104
   9.8486E+01   9.8517E+01   3.6387E-01  0.0110
   9.8517E+01   9.8549E+01   3.4840E-01  0.0119
   9.8549E+01   9.8580E+01   3.3549E-01  0.0134

#   sum over    1.2500E-03   3.5240E-01  0.0101

'no. = 88,  ix =  3,  iy = 22'
msuc: {\huge Histograma dosis-volumen del pouch}
msdr: {\it plotted by \ANGEL \version}
msdl: {\it calculated by \PHITS  3.36}
wt: s(0.7)
\vspace{-3}
  xmin  &=&  -6.0000E-01 [cm]
  xmax  &=&  -5.0000E-01 [cm]
  ymin  &=&   4.5000E-01 [cm]
  ymax  &=&   5.5000E-01 [cm]
e:

#------------------------------------------------------------------------------
 newpage:
#   no. = 89   ix  =  3   iy  = 23
#   x = (  -6.0000E-01  -  -5.0000E-01  )
#   y = (   5.5000E-01  -   6.5000E-01  )

x: z[cm]
y: Dose [Gy/source]      
p: xlin ylog afac(0.8) form(0.9)
h: n            x            y(proton  ),hh0l n 
#  z-lower      z-upper        proton    r.err 
   9.8455E+01   9.8486E+01   3.5615E-01  0.0104
   9.8486E+01   9.8517E+01   3.6301E-01  0.0110
   9.8517E+01   9.8549E+01   3.5133E-01  0.0118
   9.8549E+01   9.8580E+01   3.3868E-01  0.0134

#   sum over    1.2500E-03   3.5229E-01  0.0101

'no. = 89,  ix =  3,  iy = 23'
msuc: {\huge Histograma dosis-volumen del pouch}
msdr: {\it plotted by \ANGEL \version}
msdl: {\it calculated by \PHITS  3.36}
wt: s(0.7)
\vspace{-3}
  xmin  &=&  -6.0000E-01 [cm]
  xmax  &=&  -5.0000E-01 [cm]
  ymin  &=&   5.5000E-01 [cm]
  ymax  &=&   6.5000E-01 [cm]
e:

#------------------------------------------------------------------------------
 newpage:
#   no. = 90   ix  =  3   iy  = 24
#   x = (  -6.0000E-01  -  -5.0000E-01  )
#   y = (   6.5000E-01  -   7.5000E-01  )

x: z[cm]
y: Dose [Gy/source]      
p: xlin ylog afac(0.8) form(0.9)
h: n            x            y(proton  ),hh0l n 
#  z-lower      z-upper        proton    r.err 
   9.8455E+01   9.8486E+01   3.6288E-01  0.0103
   9.8486E+01   9.8517E+01   3.7007E-01  0.0109
   9.8517E+01   9.8549E+01   3.5993E-01  0.0117
   9.8549E+01   9.8580E+01   3.4684E-01  0.0132

#   sum over    1.2500E-03   3.5993E-01  0.0100

'no. = 90,  ix =  3,  iy = 24'
msuc: {\huge Histograma dosis-volumen del pouch}
msdr: {\it plotted by \ANGEL \version}
msdl: {\it calculated by \PHITS  3.36}
wt: s(0.7)
\vspace{-3}
  xmin  &=&  -6.0000E-01 [cm]
  xmax  &=&  -5.0000E-01 [cm]
  ymin  &=&   6.5000E-01 [cm]
  ymax  &=&   7.5000E-01 [cm]
e:

#------------------------------------------------------------------------------
 newpage:
#   no. = 91   ix  =  3   iy  = 25
#   x = (  -6.0000E-01  -  -5.0000E-01  )
#   y = (   7.5000E-01  -   8.5000E-01  )

x: z[cm]
y: Dose [Gy/source]      
p: xlin ylog afac(0.8) form(0.9)
h: n            x            y(proton  ),hh0l n 
#  z-lower      z-upper        proton    r.err 
   9.8455E+01   9.8486E+01   3.6311E-01  0.0104
   9.8486E+01   9.8517E+01   3.6562E-01  0.0110
   9.8517E+01   9.8549E+01   3.5258E-01  0.0118
   9.8549E+01   9.8580E+01   3.4230E-01  0.0133

#   sum over    1.2500E-03   3.5590E-01  0.0100

'no. = 91,  ix =  3,  iy = 25'
msuc: {\huge Histograma dosis-volumen del pouch}
msdr: {\it plotted by \ANGEL \version}
msdl: {\it calculated by \PHITS  3.36}
wt: s(0.7)
\vspace{-3}
  xmin  &=&  -6.0000E-01 [cm]
  xmax  &=&  -5.0000E-01 [cm]
  ymin  &=&   7.5000E-01 [cm]
  ymax  &=&   8.5000E-01 [cm]
e:

#------------------------------------------------------------------------------
 newpage:
#   no. = 92   ix  =  3   iy  = 26
#   x = (  -6.0000E-01  -  -5.0000E-01  )
#   y = (   8.5000E-01  -   9.5000E-01  )

x: z[cm]
y: Dose [Gy/source]      
p: xlin ylog afac(0.8) form(0.9)
h: n            x            y(proton  ),hh0l n 
#  z-lower      z-upper        proton    r.err 
   9.8455E+01   9.8486E+01   3.6319E-01  0.0104
   9.8486E+01   9.8517E+01   3.6856E-01  0.0110
   9.8517E+01   9.8549E+01   3.5504E-01  0.0117
   9.8549E+01   9.8580E+01   3.4271E-01  0.0133

#   sum over    1.2500E-03   3.5738E-01  0.0100

'no. = 92,  ix =  3,  iy = 26'
msuc: {\huge Histograma dosis-volumen del pouch}
msdr: {\it plotted by \ANGEL \version}
msdl: {\it calculated by \PHITS  3.36}
wt: s(0.7)
\vspace{-3}
  xmin  &=&  -6.0000E-01 [cm]
  xmax  &=&  -5.0000E-01 [cm]
  ymin  &=&   8.5000E-01 [cm]
  ymax  &=&   9.5000E-01 [cm]
e:

#------------------------------------------------------------------------------
 newpage:
#   no. = 93   ix  =  3   iy  = 27
#   x = (  -6.0000E-01  -  -5.0000E-01  )
#   y = (   9.5000E-01  -   1.0500E+00  )

x: z[cm]
y: Dose [Gy/source]      
p: xlin ylog afac(0.8) form(0.9)
h: n            x            y(proton  ),hh0l n 
#  z-lower      z-upper        proton    r.err 
   9.8455E+01   9.8486E+01   3.6194E-01  0.0104
   9.8486E+01   9.8517E+01   3.6383E-01  0.0110
   9.8517E+01   9.8549E+01   3.5356E-01  0.0118
   9.8549E+01   9.8580E+01   3.3996E-01  0.0134

#   sum over    1.2500E-03   3.5482E-01  0.0101

'no. = 93,  ix =  3,  iy = 27'
msuc: {\huge Histograma dosis-volumen del pouch}
msdr: {\it plotted by \ANGEL \version}
msdl: {\it calculated by \PHITS  3.36}
wt: s(0.7)
\vspace{-3}
  xmin  &=&  -6.0000E-01 [cm]
  xmax  &=&  -5.0000E-01 [cm]
  ymin  &=&   9.5000E-01 [cm]
  ymax  &=&   1.0500E+00 [cm]
e:

#------------------------------------------------------------------------------
 newpage:
#   no. = 94   ix  =  3   iy  = 28
#   x = (  -6.0000E-01  -  -5.0000E-01  )
#   y = (   1.0500E+00  -   1.1500E+00  )

x: z[cm]
y: Dose [Gy/source]      
p: xlin ylog afac(0.8) form(0.9)
h: n            x            y(proton  ),hh0l n 
#  z-lower      z-upper        proton    r.err 
   9.8455E+01   9.8486E+01   3.6515E-01  0.0103
   9.8486E+01   9.8517E+01   3.7078E-01  0.0109
   9.8517E+01   9.8549E+01   3.5708E-01  0.0117
   9.8549E+01   9.8580E+01   3.4351E-01  0.0133

#   sum over    1.2500E-03   3.5913E-01  0.0100

'no. = 94,  ix =  3,  iy = 28'
msuc: {\huge Histograma dosis-volumen del pouch}
msdr: {\it plotted by \ANGEL \version}
msdl: {\it calculated by \PHITS  3.36}
wt: s(0.7)
\vspace{-3}
  xmin  &=&  -6.0000E-01 [cm]
  xmax  &=&  -5.0000E-01 [cm]
  ymin  &=&   1.0500E+00 [cm]
  ymax  &=&   1.1500E+00 [cm]
e:

#------------------------------------------------------------------------------
 newpage:
#   no. = 95   ix  =  3   iy  = 29
#   x = (  -6.0000E-01  -  -5.0000E-01  )
#   y = (   1.1500E+00  -   1.2500E+00  )

x: z[cm]
y: Dose [Gy/source]      
p: xlin ylog afac(0.8) form(0.9)
h: n            x            y(proton  ),hh0l n 
#  z-lower      z-upper        proton    r.err 
   9.8455E+01   9.8486E+01   3.6910E-01  0.0103
   9.8486E+01   9.8517E+01   3.7812E-01  0.0108
   9.8517E+01   9.8549E+01   3.6487E-01  0.0116
   9.8549E+01   9.8580E+01   3.5372E-01  0.0131

#   sum over    1.2500E-03   3.6645E-01  0.0099

'no. = 95,  ix =  3,  iy = 29'
msuc: {\huge Histograma dosis-volumen del pouch}
msdr: {\it plotted by \ANGEL \version}
msdl: {\it calculated by \PHITS  3.36}
wt: s(0.7)
\vspace{-3}
  xmin  &=&  -6.0000E-01 [cm]
  xmax  &=&  -5.0000E-01 [cm]
  ymin  &=&   1.1500E+00 [cm]
  ymax  &=&   1.2500E+00 [cm]
e:

#------------------------------------------------------------------------------
 newpage:
#   no. = 96   ix  =  3   iy  = 30
#   x = (  -6.0000E-01  -  -5.0000E-01  )
#   y = (   1.2500E+00  -   1.3500E+00  )

x: z[cm]
y: Dose [Gy/source]      
p: xlin ylog afac(0.8) form(0.9)
h: n            x            y(proton  ),hh0l n 
#  z-lower      z-upper        proton    r.err 
   9.8455E+01   9.8486E+01   3.7150E-01  0.0102
   9.8486E+01   9.8517E+01   3.7916E-01  0.0108
   9.8517E+01   9.8549E+01   3.6531E-01  0.0116
   9.8549E+01   9.8580E+01   3.6101E-01  0.0131

#   sum over    1.2500E-03   3.6925E-01  0.0099

'no. = 96,  ix =  3,  iy = 30'
msuc: {\huge Histograma dosis-volumen del pouch}
msdr: {\it plotted by \ANGEL \version}
msdl: {\it calculated by \PHITS  3.36}
wt: s(0.7)
\vspace{-3}
  xmin  &=&  -6.0000E-01 [cm]
  xmax  &=&  -5.0000E-01 [cm]
  ymin  &=&   1.2500E+00 [cm]
  ymax  &=&   1.3500E+00 [cm]
e:

#------------------------------------------------------------------------------
 newpage:
#   no. = 97   ix  =  3   iy  = 31
#   x = (  -6.0000E-01  -  -5.0000E-01  )
#   y = (   1.3500E+00  -   1.4500E+00  )

x: z[cm]
y: Dose [Gy/source]      
p: xlin ylog afac(0.8) form(0.9)
h: n            x            y(proton  ),hh0l n 
#  z-lower      z-upper        proton    r.err 
   9.8455E+01   9.8486E+01   3.6687E-01  0.0103
   9.8486E+01   9.8517E+01   3.7478E-01  0.0109
   9.8517E+01   9.8549E+01   3.5873E-01  0.0117
   9.8549E+01   9.8580E+01   3.5432E-01  0.0132

#   sum over    1.2500E-03   3.6368E-01  0.0100

'no. = 97,  ix =  3,  iy = 31'
msuc: {\huge Histograma dosis-volumen del pouch}
msdr: {\it plotted by \ANGEL \version}
msdl: {\it calculated by \PHITS  3.36}
wt: s(0.7)
\vspace{-3}
  xmin  &=&  -6.0000E-01 [cm]
  xmax  &=&  -5.0000E-01 [cm]
  ymin  &=&   1.3500E+00 [cm]
  ymax  &=&   1.4500E+00 [cm]
e:

#------------------------------------------------------------------------------
 newpage:
#   no. = 98   ix  =  3   iy  = 32
#   x = (  -6.0000E-01  -  -5.0000E-01  )
#   y = (   1.4500E+00  -   1.5500E+00  )

x: z[cm]
y: Dose [Gy/source]      
p: xlin ylog afac(0.8) form(0.9)
h: n            x            y(proton  ),hh0l n 
#  z-lower      z-upper        proton    r.err 
   9.8455E+01   9.8486E+01   3.7415E-01  0.0102
   9.8486E+01   9.8517E+01   3.7633E-01  0.0108
   9.8517E+01   9.8549E+01   3.6572E-01  0.0116
   9.8549E+01   9.8580E+01   3.6494E-01  0.0130

#   sum over    1.2500E-03   3.7028E-01  0.0099

'no. = 98,  ix =  3,  iy = 32'
msuc: {\huge Histograma dosis-volumen del pouch}
msdr: {\it plotted by \ANGEL \version}
msdl: {\it calculated by \PHITS  3.36}
wt: s(0.7)
\vspace{-3}
  xmin  &=&  -6.0000E-01 [cm]
  xmax  &=&  -5.0000E-01 [cm]
  ymin  &=&   1.4500E+00 [cm]
  ymax  &=&   1.5500E+00 [cm]
e:

#------------------------------------------------------------------------------
 newpage:
#   no. = 99   ix  =  3   iy  = 33
#   x = (  -6.0000E-01  -  -5.0000E-01  )
#   y = (   1.5500E+00  -   1.6500E+00  )

x: z[cm]
y: Dose [Gy/source]      
p: xlin ylog afac(0.8) form(0.9)
h: n            x            y(proton  ),hh0l n 
#  z-lower      z-upper        proton    r.err 
   9.8455E+01   9.8486E+01   3.7519E-01  0.0102
   9.8486E+01   9.8517E+01   3.8096E-01  0.0108
   9.8517E+01   9.8549E+01   3.6377E-01  0.0116
   9.8549E+01   9.8580E+01   3.5698E-01  0.0131

#   sum over    1.2500E-03   3.6923E-01  0.0099

'no. = 99,  ix =  3,  iy = 33'
msuc: {\huge Histograma dosis-volumen del pouch}
msdr: {\it plotted by \ANGEL \version}
msdl: {\it calculated by \PHITS  3.36}
wt: s(0.7)
\vspace{-3}
  xmin  &=&  -6.0000E-01 [cm]
  xmax  &=&  -5.0000E-01 [cm]
  ymin  &=&   1.5500E+00 [cm]
  ymax  &=&   1.6500E+00 [cm]
e:

#------------------------------------------------------------------------------
 newpage:
#   no. =100   ix  =  4   iy  =  1
#   x = (  -5.0000E-01  -  -4.0000E-01  )
#   y = (  -1.6500E+00  -  -1.5500E+00  )

x: z[cm]
y: Dose [Gy/source]      
p: xlin ylog afac(0.8) form(0.9)
h: n            x            y(proton  ),hh0l n 
#  z-lower      z-upper        proton    r.err 
   9.8455E+01   9.8486E+01   0.0000E+00  0.0000
   9.8486E+01   9.8517E+01   0.0000E+00  0.0000
   9.8517E+01   9.8549E+01   6.2461E-05  1.0000
   9.8549E+01   9.8580E+01   2.5185E-05  1.0000

#   sum over    1.2500E-03   2.1912E-05  0.7684

'no. =100,  ix =  4,  iy =  1'
msuc: {\huge Histograma dosis-volumen del pouch}
msdr: {\it plotted by \ANGEL \version}
msdl: {\it calculated by \PHITS  3.36}
wt: s(0.7)
\vspace{-3}
  xmin  &=&  -5.0000E-01 [cm]
  xmax  &=&  -4.0000E-01 [cm]
  ymin  &=&  -1.6500E+00 [cm]
  ymax  &=&  -1.5500E+00 [cm]
e:

#------------------------------------------------------------------------------
 newpage:
#   no. =101   ix  =  4   iy  =  2
#   x = (  -5.0000E-01  -  -4.0000E-01  )
#   y = (  -1.5500E+00  -  -1.4500E+00  )

x: z[cm]
y: Dose [Gy/source]      
p: xlin ylog afac(0.8) form(0.9)
h: n            x            y(proton  ),hh0l n 
#  z-lower      z-upper        proton    r.err 
   9.8455E+01   9.8486E+01   0.0000E+00  0.0000
   9.8486E+01   9.8517E+01   4.8666E-05  0.8234
   9.8517E+01   9.8549E+01   9.0859E-05  0.7086
   9.8549E+01   9.8580E+01   6.5463E-05  1.0000

#   sum over    1.2500E-03   5.1248E-05  0.7149

'no. =101,  ix =  4,  iy =  2'
msuc: {\huge Histograma dosis-volumen del pouch}
msdr: {\it plotted by \ANGEL \version}
msdl: {\it calculated by \PHITS  3.36}
wt: s(0.7)
\vspace{-3}
  xmin  &=&  -5.0000E-01 [cm]
  xmax  &=&  -4.0000E-01 [cm]
  ymin  &=&  -1.5500E+00 [cm]
  ymax  &=&  -1.4500E+00 [cm]
e:

#------------------------------------------------------------------------------
 newpage:
#   no. =102   ix  =  4   iy  =  3
#   x = (  -5.0000E-01  -  -4.0000E-01  )
#   y = (  -1.4500E+00  -  -1.3500E+00  )

x: z[cm]
y: Dose [Gy/source]      
p: xlin ylog afac(0.8) form(0.9)
h: n            x            y(proton  ),hh0l n 
#  z-lower      z-upper        proton    r.err 
   9.8455E+01   9.8486E+01   1.6911E-04  0.5870
   9.8486E+01   9.8517E+01   2.9937E-04  0.5288
   9.8517E+01   9.8549E+01   1.0277E-04  0.5934
   9.8549E+01   9.8580E+01   1.0081E-04  0.5404

#   sum over    1.2500E-03   1.6801E-04  0.4444

'no. =102,  ix =  4,  iy =  3'
msuc: {\huge Histograma dosis-volumen del pouch}
msdr: {\it plotted by \ANGEL \version}
msdl: {\it calculated by \PHITS  3.36}
wt: s(0.7)
\vspace{-3}
  xmin  &=&  -5.0000E-01 [cm]
  xmax  &=&  -4.0000E-01 [cm]
  ymin  &=&  -1.4500E+00 [cm]
  ymax  &=&  -1.3500E+00 [cm]
e:

#------------------------------------------------------------------------------
 newpage:
#   no. =103   ix  =  4   iy  =  4
#   x = (  -5.0000E-01  -  -4.0000E-01  )
#   y = (  -1.3500E+00  -  -1.2500E+00  )

x: z[cm]
y: Dose [Gy/source]      
p: xlin ylog afac(0.8) form(0.9)
h: n            x            y(proton  ),hh0l n 
#  z-lower      z-upper        proton    r.err 
   9.8455E+01   9.8486E+01   2.7122E-01  0.0121
   9.8486E+01   9.8517E+01   2.7307E-01  0.0127
   9.8517E+01   9.8549E+01   2.6476E-01  0.0136
   9.8549E+01   9.8580E+01   2.5701E-01  0.0153

#   sum over    1.2500E-03   2.6652E-01  0.0116

'no. =103,  ix =  4,  iy =  4'
msuc: {\huge Histograma dosis-volumen del pouch}
msdr: {\it plotted by \ANGEL \version}
msdl: {\it calculated by \PHITS  3.36}
wt: s(0.7)
\vspace{-3}
  xmin  &=&  -5.0000E-01 [cm]
  xmax  &=&  -4.0000E-01 [cm]
  ymin  &=&  -1.3500E+00 [cm]
  ymax  &=&  -1.2500E+00 [cm]
e:

#------------------------------------------------------------------------------
 newpage:
#   no. =104   ix  =  4   iy  =  5
#   x = (  -5.0000E-01  -  -4.0000E-01  )
#   y = (  -1.2500E+00  -  -1.1500E+00  )

x: z[cm]
y: Dose [Gy/source]      
p: xlin ylog afac(0.8) form(0.9)
h: n            x            y(proton  ),hh0l n 
#  z-lower      z-upper        proton    r.err 
   9.8455E+01   9.8486E+01   3.7336E-01  0.0102
   9.8486E+01   9.8517E+01   3.8052E-01  0.0108
   9.8517E+01   9.8549E+01   3.6572E-01  0.0116
   9.8549E+01   9.8580E+01   3.5286E-01  0.0131

#   sum over    1.2500E-03   3.6812E-01  0.0099

'no. =104,  ix =  4,  iy =  5'
msuc: {\huge Histograma dosis-volumen del pouch}
msdr: {\it plotted by \ANGEL \version}
msdl: {\it calculated by \PHITS  3.36}
wt: s(0.7)
\vspace{-3}
  xmin  &=&  -5.0000E-01 [cm]
  xmax  &=&  -4.0000E-01 [cm]
  ymin  &=&  -1.2500E+00 [cm]
  ymax  &=&  -1.1500E+00 [cm]
e:

#------------------------------------------------------------------------------
 newpage:
#   no. =105   ix  =  4   iy  =  6
#   x = (  -5.0000E-01  -  -4.0000E-01  )
#   y = (  -1.1500E+00  -  -1.0500E+00  )

x: z[cm]
y: Dose [Gy/source]      
p: xlin ylog afac(0.8) form(0.9)
h: n            x            y(proton  ),hh0l n 
#  z-lower      z-upper        proton    r.err 
   9.8455E+01   9.8486E+01   3.7047E-01  0.0102
   9.8486E+01   9.8517E+01   3.7367E-01  0.0108
   9.8517E+01   9.8549E+01   3.6258E-01  0.0116
   9.8549E+01   9.8580E+01   3.5827E-01  0.0130

#   sum over    1.2500E-03   3.6625E-01  0.0099

'no. =105,  ix =  4,  iy =  6'
msuc: {\huge Histograma dosis-volumen del pouch}
msdr: {\it plotted by \ANGEL \version}
msdl: {\it calculated by \PHITS  3.36}
wt: s(0.7)
\vspace{-3}
  xmin  &=&  -5.0000E-01 [cm]
  xmax  &=&  -4.0000E-01 [cm]
  ymin  &=&  -1.1500E+00 [cm]
  ymax  &=&  -1.0500E+00 [cm]
e:

#------------------------------------------------------------------------------
 newpage:
#   no. =106   ix  =  4   iy  =  7
#   x = (  -5.0000E-01  -  -4.0000E-01  )
#   y = (  -1.0500E+00  -  -9.5000E-01  )

x: z[cm]
y: Dose [Gy/source]      
p: xlin ylog afac(0.8) form(0.9)
h: n            x            y(proton  ),hh0l n 
#  z-lower      z-upper        proton    r.err 
   9.8455E+01   9.8486E+01   3.6439E-01  0.0103
   9.8486E+01   9.8517E+01   3.7146E-01  0.0109
   9.8517E+01   9.8549E+01   3.5765E-01  0.0117
   9.8549E+01   9.8580E+01   3.5001E-01  0.0132

#   sum over    1.2500E-03   3.6088E-01  0.0100

'no. =106,  ix =  4,  iy =  7'
msuc: {\huge Histograma dosis-volumen del pouch}
msdr: {\it plotted by \ANGEL \version}
msdl: {\it calculated by \PHITS  3.36}
wt: s(0.7)
\vspace{-3}
  xmin  &=&  -5.0000E-01 [cm]
  xmax  &=&  -4.0000E-01 [cm]
  ymin  &=&  -1.0500E+00 [cm]
  ymax  &=&  -9.5000E-01 [cm]
e:

#------------------------------------------------------------------------------
 newpage:
#   no. =107   ix  =  4   iy  =  8
#   x = (  -5.0000E-01  -  -4.0000E-01  )
#   y = (  -9.5000E-01  -  -8.5000E-01  )

x: z[cm]
y: Dose [Gy/source]      
p: xlin ylog afac(0.8) form(0.9)
h: n            x            y(proton  ),hh0l n 
#  z-lower      z-upper        proton    r.err 
   9.8455E+01   9.8486E+01   3.7322E-01  0.0103
   9.8486E+01   9.8517E+01   3.7191E-01  0.0108
   9.8517E+01   9.8549E+01   3.5962E-01  0.0117
   9.8549E+01   9.8580E+01   3.4856E-01  0.0132

#   sum over    1.2500E-03   3.6332E-01  0.0099

'no. =107,  ix =  4,  iy =  8'
msuc: {\huge Histograma dosis-volumen del pouch}
msdr: {\it plotted by \ANGEL \version}
msdl: {\it calculated by \PHITS  3.36}
wt: s(0.7)
\vspace{-3}
  xmin  &=&  -5.0000E-01 [cm]
  xmax  &=&  -4.0000E-01 [cm]
  ymin  &=&  -9.5000E-01 [cm]
  ymax  &=&  -8.5000E-01 [cm]
e:

#------------------------------------------------------------------------------
 newpage:
#   no. =108   ix  =  4   iy  =  9
#   x = (  -5.0000E-01  -  -4.0000E-01  )
#   y = (  -8.5000E-01  -  -7.5000E-01  )

x: z[cm]
y: Dose [Gy/source]      
p: xlin ylog afac(0.8) form(0.9)
h: n            x            y(proton  ),hh0l n 
#  z-lower      z-upper        proton    r.err 
   9.8455E+01   9.8486E+01   3.6417E-01  0.0104
   9.8486E+01   9.8517E+01   3.6575E-01  0.0110
   9.8517E+01   9.8549E+01   3.5000E-01  0.0118
   9.8549E+01   9.8580E+01   3.4113E-01  0.0133

#   sum over    1.2500E-03   3.5526E-01  0.0101

'no. =108,  ix =  4,  iy =  9'
msuc: {\huge Histograma dosis-volumen del pouch}
msdr: {\it plotted by \ANGEL \version}
msdl: {\it calculated by \PHITS  3.36}
wt: s(0.7)
\vspace{-3}
  xmin  &=&  -5.0000E-01 [cm]
  xmax  &=&  -4.0000E-01 [cm]
  ymin  &=&  -8.5000E-01 [cm]
  ymax  &=&  -7.5000E-01 [cm]
e:

#------------------------------------------------------------------------------
 newpage:
#   no. =109   ix  =  4   iy  = 10
#   x = (  -5.0000E-01  -  -4.0000E-01  )
#   y = (  -7.5000E-01  -  -6.5000E-01  )

x: z[cm]
y: Dose [Gy/source]      
p: xlin ylog afac(0.8) form(0.9)
h: n            x            y(proton  ),hh0l n 
#  z-lower      z-upper        proton    r.err 
   9.8455E+01   9.8486E+01   3.6276E-01  0.0104
   9.8486E+01   9.8517E+01   3.6553E-01  0.0109
   9.8517E+01   9.8549E+01   3.5688E-01  0.0117
   9.8549E+01   9.8580E+01   3.4290E-01  0.0133

#   sum over    1.2500E-03   3.5702E-01  0.0100

'no. =109,  ix =  4,  iy = 10'
msuc: {\huge Histograma dosis-volumen del pouch}
msdr: {\it plotted by \ANGEL \version}
msdl: {\it calculated by \PHITS  3.36}
wt: s(0.7)
\vspace{-3}
  xmin  &=&  -5.0000E-01 [cm]
  xmax  &=&  -4.0000E-01 [cm]
  ymin  &=&  -7.5000E-01 [cm]
  ymax  &=&  -6.5000E-01 [cm]
e:

#------------------------------------------------------------------------------
 newpage:
#   no. =110   ix  =  4   iy  = 11
#   x = (  -5.0000E-01  -  -4.0000E-01  )
#   y = (  -6.5000E-01  -  -5.5000E-01  )

x: z[cm]
y: Dose [Gy/source]      
p: xlin ylog afac(0.8) form(0.9)
h: n            x            y(proton  ),hh0l n 
#  z-lower      z-upper        proton    r.err 
   9.8455E+01   9.8486E+01   3.6251E-01  0.0104
   9.8486E+01   9.8517E+01   3.7008E-01  0.0109
   9.8517E+01   9.8549E+01   3.5288E-01  0.0118
   9.8549E+01   9.8580E+01   3.3944E-01  0.0134

#   sum over    1.2500E-03   3.5623E-01  0.0101

'no. =110,  ix =  4,  iy = 11'
msuc: {\huge Histograma dosis-volumen del pouch}
msdr: {\it plotted by \ANGEL \version}
msdl: {\it calculated by \PHITS  3.36}
wt: s(0.7)
\vspace{-3}
  xmin  &=&  -5.0000E-01 [cm]
  xmax  &=&  -4.0000E-01 [cm]
  ymin  &=&  -6.5000E-01 [cm]
  ymax  &=&  -5.5000E-01 [cm]
e:

#------------------------------------------------------------------------------
 newpage:
#   no. =111   ix  =  4   iy  = 12
#   x = (  -5.0000E-01  -  -4.0000E-01  )
#   y = (  -5.5000E-01  -  -4.5000E-01  )

x: z[cm]
y: Dose [Gy/source]      
p: xlin ylog afac(0.8) form(0.9)
h: n            x            y(proton  ),hh0l n 
#  z-lower      z-upper        proton    r.err 
   9.8455E+01   9.8486E+01   3.5751E-01  0.0105
   9.8486E+01   9.8517E+01   3.6276E-01  0.0111
   9.8517E+01   9.8549E+01   3.4598E-01  0.0119
   9.8549E+01   9.8580E+01   3.2849E-01  0.0136

#   sum over    1.2500E-03   3.4868E-01  0.0101

'no. =111,  ix =  4,  iy = 12'
msuc: {\huge Histograma dosis-volumen del pouch}
msdr: {\it plotted by \ANGEL \version}
msdl: {\it calculated by \PHITS  3.36}
wt: s(0.7)
\vspace{-3}
  xmin  &=&  -5.0000E-01 [cm]
  xmax  &=&  -4.0000E-01 [cm]
  ymin  &=&  -5.5000E-01 [cm]
  ymax  &=&  -4.5000E-01 [cm]
e:

#------------------------------------------------------------------------------
 newpage:
#   no. =112   ix  =  4   iy  = 13
#   x = (  -5.0000E-01  -  -4.0000E-01  )
#   y = (  -4.5000E-01  -  -3.5000E-01  )

x: z[cm]
y: Dose [Gy/source]      
p: xlin ylog afac(0.8) form(0.9)
h: n            x            y(proton  ),hh0l n 
#  z-lower      z-upper        proton    r.err 
   9.8455E+01   9.8486E+01   3.6396E-01  0.0104
   9.8486E+01   9.8517E+01   3.6046E-01  0.0111
   9.8517E+01   9.8549E+01   3.4516E-01  0.0119
   9.8549E+01   9.8580E+01   3.3166E-01  0.0135

#   sum over    1.2500E-03   3.5031E-01  0.0101

'no. =112,  ix =  4,  iy = 13'
msuc: {\huge Histograma dosis-volumen del pouch}
msdr: {\it plotted by \ANGEL \version}
msdl: {\it calculated by \PHITS  3.36}
wt: s(0.7)
\vspace{-3}
  xmin  &=&  -5.0000E-01 [cm]
  xmax  &=&  -4.0000E-01 [cm]
  ymin  &=&  -4.5000E-01 [cm]
  ymax  &=&  -3.5000E-01 [cm]
e:

#------------------------------------------------------------------------------
 newpage:
#   no. =113   ix  =  4   iy  = 14
#   x = (  -5.0000E-01  -  -4.0000E-01  )
#   y = (  -3.5000E-01  -  -2.5000E-01  )

x: z[cm]
y: Dose [Gy/source]      
p: xlin ylog afac(0.8) form(0.9)
h: n            x            y(proton  ),hh0l n 
#  z-lower      z-upper        proton    r.err 
   9.8455E+01   9.8486E+01   3.5982E-01  0.0104
   9.8486E+01   9.8517E+01   3.6482E-01  0.0110
   9.8517E+01   9.8549E+01   3.4781E-01  0.0119
   9.8549E+01   9.8580E+01   3.3529E-01  0.0134

#   sum over    1.2500E-03   3.5193E-01  0.0101

'no. =113,  ix =  4,  iy = 14'
msuc: {\huge Histograma dosis-volumen del pouch}
msdr: {\it plotted by \ANGEL \version}
msdl: {\it calculated by \PHITS  3.36}
wt: s(0.7)
\vspace{-3}
  xmin  &=&  -5.0000E-01 [cm]
  xmax  &=&  -4.0000E-01 [cm]
  ymin  &=&  -3.5000E-01 [cm]
  ymax  &=&  -2.5000E-01 [cm]
e:

#------------------------------------------------------------------------------
 newpage:
#   no. =114   ix  =  4   iy  = 15
#   x = (  -5.0000E-01  -  -4.0000E-01  )
#   y = (  -2.5000E-01  -  -1.5000E-01  )

x: z[cm]
y: Dose [Gy/source]      
p: xlin ylog afac(0.8) form(0.9)
h: n            x            y(proton  ),hh0l n 
#  z-lower      z-upper        proton    r.err 
   9.8455E+01   9.8486E+01   3.6082E-01  0.0104
   9.8486E+01   9.8517E+01   3.6215E-01  0.0110
   9.8517E+01   9.8549E+01   3.4811E-01  0.0118
   9.8549E+01   9.8580E+01   3.3910E-01  0.0134

#   sum over    1.2500E-03   3.5254E-01  0.0101

'no. =114,  ix =  4,  iy = 15'
msuc: {\huge Histograma dosis-volumen del pouch}
msdr: {\it plotted by \ANGEL \version}
msdl: {\it calculated by \PHITS  3.36}
wt: s(0.7)
\vspace{-3}
  xmin  &=&  -5.0000E-01 [cm]
  xmax  &=&  -4.0000E-01 [cm]
  ymin  &=&  -2.5000E-01 [cm]
  ymax  &=&  -1.5000E-01 [cm]
e:

#------------------------------------------------------------------------------
 newpage:
#   no. =115   ix  =  4   iy  = 16
#   x = (  -5.0000E-01  -  -4.0000E-01  )
#   y = (  -1.5000E-01  -  -5.0000E-02  )

x: z[cm]
y: Dose [Gy/source]      
p: xlin ylog afac(0.8) form(0.9)
h: n            x            y(proton  ),hh0l n 
#  z-lower      z-upper        proton    r.err 
   9.8455E+01   9.8486E+01   3.5426E-01  0.0105
   9.8486E+01   9.8517E+01   3.5467E-01  0.0112
   9.8517E+01   9.8549E+01   3.3693E-01  0.0121
   9.8549E+01   9.8580E+01   3.1780E-01  0.0138

#   sum over    1.2500E-03   3.4092E-01  0.0102

'no. =115,  ix =  4,  iy = 16'
msuc: {\huge Histograma dosis-volumen del pouch}
msdr: {\it plotted by \ANGEL \version}
msdl: {\it calculated by \PHITS  3.36}
wt: s(0.7)
\vspace{-3}
  xmin  &=&  -5.0000E-01 [cm]
  xmax  &=&  -4.0000E-01 [cm]
  ymin  &=&  -1.5000E-01 [cm]
  ymax  &=&  -5.0000E-02 [cm]
e:

#------------------------------------------------------------------------------
 newpage:
#   no. =116   ix  =  4   iy  = 17
#   x = (  -5.0000E-01  -  -4.0000E-01  )
#   y = (  -5.0000E-02  -   5.0000E-02  )

x: z[cm]
y: Dose [Gy/source]      
p: xlin ylog afac(0.8) form(0.9)
h: n            x            y(proton  ),hh0l n 
#  z-lower      z-upper        proton    r.err 
   9.8455E+01   9.8486E+01   3.5709E-01  0.0105
   9.8486E+01   9.8517E+01   3.5502E-01  0.0111
   9.8517E+01   9.8549E+01   3.4670E-01  0.0119
   9.8549E+01   9.8580E+01   3.3540E-01  0.0135

#   sum over    1.2500E-03   3.4855E-01  0.0102

'no. =116,  ix =  4,  iy = 17'
msuc: {\huge Histograma dosis-volumen del pouch}
msdr: {\it plotted by \ANGEL \version}
msdl: {\it calculated by \PHITS  3.36}
wt: s(0.7)
\vspace{-3}
  xmin  &=&  -5.0000E-01 [cm]
  xmax  &=&  -4.0000E-01 [cm]
  ymin  &=&  -5.0000E-02 [cm]
  ymax  &=&   5.0000E-02 [cm]
e:

#------------------------------------------------------------------------------
 newpage:
#   no. =117   ix  =  4   iy  = 18
#   x = (  -5.0000E-01  -  -4.0000E-01  )
#   y = (   5.0000E-02  -   1.5000E-01  )

x: z[cm]
y: Dose [Gy/source]      
p: xlin ylog afac(0.8) form(0.9)
h: n            x            y(proton  ),hh0l n 
#  z-lower      z-upper        proton    r.err 
   9.8455E+01   9.8486E+01   3.5629E-01  0.0105
   9.8486E+01   9.8517E+01   3.5706E-01  0.0111
   9.8517E+01   9.8549E+01   3.4229E-01  0.0120
   9.8549E+01   9.8580E+01   3.3193E-01  0.0135

#   sum over    1.2500E-03   3.4689E-01  0.0102

'no. =117,  ix =  4,  iy = 18'
msuc: {\huge Histograma dosis-volumen del pouch}
msdr: {\it plotted by \ANGEL \version}
msdl: {\it calculated by \PHITS  3.36}
wt: s(0.7)
\vspace{-3}
  xmin  &=&  -5.0000E-01 [cm]
  xmax  &=&  -4.0000E-01 [cm]
  ymin  &=&   5.0000E-02 [cm]
  ymax  &=&   1.5000E-01 [cm]
e:

#------------------------------------------------------------------------------
 newpage:
#   no. =118   ix  =  4   iy  = 19
#   x = (  -5.0000E-01  -  -4.0000E-01  )
#   y = (   1.5000E-01  -   2.5000E-01  )

x: z[cm]
y: Dose [Gy/source]      
p: xlin ylog afac(0.8) form(0.9)
h: n            x            y(proton  ),hh0l n 
#  z-lower      z-upper        proton    r.err 
   9.8455E+01   9.8486E+01   3.5774E-01  0.0105
   9.8486E+01   9.8517E+01   3.5300E-01  0.0111
   9.8517E+01   9.8549E+01   3.4293E-01  0.0120
   9.8549E+01   9.8580E+01   3.3429E-01  0.0135

#   sum over    1.2500E-03   3.4699E-01  0.0102

'no. =118,  ix =  4,  iy = 19'
msuc: {\huge Histograma dosis-volumen del pouch}
msdr: {\it plotted by \ANGEL \version}
msdl: {\it calculated by \PHITS  3.36}
wt: s(0.7)
\vspace{-3}
  xmin  &=&  -5.0000E-01 [cm]
  xmax  &=&  -4.0000E-01 [cm]
  ymin  &=&   1.5000E-01 [cm]
  ymax  &=&   2.5000E-01 [cm]
e:

#------------------------------------------------------------------------------
 newpage:
#   no. =119   ix  =  4   iy  = 20
#   x = (  -5.0000E-01  -  -4.0000E-01  )
#   y = (   2.5000E-01  -   3.5000E-01  )

x: z[cm]
y: Dose [Gy/source]      
p: xlin ylog afac(0.8) form(0.9)
h: n            x            y(proton  ),hh0l n 
#  z-lower      z-upper        proton    r.err 
   9.8455E+01   9.8486E+01   3.5796E-01  0.0105
   9.8486E+01   9.8517E+01   3.5794E-01  0.0111
   9.8517E+01   9.8549E+01   3.4295E-01  0.0119
   9.8549E+01   9.8580E+01   3.3274E-01  0.0135

#   sum over    1.2500E-03   3.4790E-01  0.0102

'no. =119,  ix =  4,  iy = 20'
msuc: {\huge Histograma dosis-volumen del pouch}
msdr: {\it plotted by \ANGEL \version}
msdl: {\it calculated by \PHITS  3.36}
wt: s(0.7)
\vspace{-3}
  xmin  &=&  -5.0000E-01 [cm]
  xmax  &=&  -4.0000E-01 [cm]
  ymin  &=&   2.5000E-01 [cm]
  ymax  &=&   3.5000E-01 [cm]
e:

#------------------------------------------------------------------------------
 newpage:
#   no. =120   ix  =  4   iy  = 21
#   x = (  -5.0000E-01  -  -4.0000E-01  )
#   y = (   3.5000E-01  -   4.5000E-01  )

x: z[cm]
y: Dose [Gy/source]      
p: xlin ylog afac(0.8) form(0.9)
h: n            x            y(proton  ),hh0l n 
#  z-lower      z-upper        proton    r.err 
   9.8455E+01   9.8486E+01   3.6233E-01  0.0104
   9.8486E+01   9.8517E+01   3.6184E-01  0.0110
   9.8517E+01   9.8549E+01   3.4530E-01  0.0119
   9.8549E+01   9.8580E+01   3.3420E-01  0.0135

#   sum over    1.2500E-03   3.5092E-01  0.0101

'no. =120,  ix =  4,  iy = 21'
msuc: {\huge Histograma dosis-volumen del pouch}
msdr: {\it plotted by \ANGEL \version}
msdl: {\it calculated by \PHITS  3.36}
wt: s(0.7)
\vspace{-3}
  xmin  &=&  -5.0000E-01 [cm]
  xmax  &=&  -4.0000E-01 [cm]
  ymin  &=&   3.5000E-01 [cm]
  ymax  &=&   4.5000E-01 [cm]
e:

#------------------------------------------------------------------------------
 newpage:
#   no. =121   ix  =  4   iy  = 22
#   x = (  -5.0000E-01  -  -4.0000E-01  )
#   y = (   4.5000E-01  -   5.5000E-01  )

x: z[cm]
y: Dose [Gy/source]      
p: xlin ylog afac(0.8) form(0.9)
h: n            x            y(proton  ),hh0l n 
#  z-lower      z-upper        proton    r.err 
   9.8455E+01   9.8486E+01   3.6251E-01  0.0104
   9.8486E+01   9.8517E+01   3.6419E-01  0.0110
   9.8517E+01   9.8549E+01   3.5270E-01  0.0118
   9.8549E+01   9.8580E+01   3.4244E-01  0.0133

#   sum over    1.2500E-03   3.5546E-01  0.0101

'no. =121,  ix =  4,  iy = 22'
msuc: {\huge Histograma dosis-volumen del pouch}
msdr: {\it plotted by \ANGEL \version}
msdl: {\it calculated by \PHITS  3.36}
wt: s(0.7)
\vspace{-3}
  xmin  &=&  -5.0000E-01 [cm]
  xmax  &=&  -4.0000E-01 [cm]
  ymin  &=&   4.5000E-01 [cm]
  ymax  &=&   5.5000E-01 [cm]
e:

#------------------------------------------------------------------------------
 newpage:
#   no. =122   ix  =  4   iy  = 23
#   x = (  -5.0000E-01  -  -4.0000E-01  )
#   y = (   5.5000E-01  -   6.5000E-01  )

x: z[cm]
y: Dose [Gy/source]      
p: xlin ylog afac(0.8) form(0.9)
h: n            x            y(proton  ),hh0l n 
#  z-lower      z-upper        proton    r.err 
   9.8455E+01   9.8486E+01   3.5922E-01  0.0104
   9.8486E+01   9.8517E+01   3.6329E-01  0.0110
   9.8517E+01   9.8549E+01   3.4832E-01  0.0119
   9.8549E+01   9.8580E+01   3.3366E-01  0.0135

#   sum over    1.2500E-03   3.5112E-01  0.0101

'no. =122,  ix =  4,  iy = 23'
msuc: {\huge Histograma dosis-volumen del pouch}
msdr: {\it plotted by \ANGEL \version}
msdl: {\it calculated by \PHITS  3.36}
wt: s(0.7)
\vspace{-3}
  xmin  &=&  -5.0000E-01 [cm]
  xmax  &=&  -4.0000E-01 [cm]
  ymin  &=&   5.5000E-01 [cm]
  ymax  &=&   6.5000E-01 [cm]
e:

#------------------------------------------------------------------------------
 newpage:
#   no. =123   ix  =  4   iy  = 24
#   x = (  -5.0000E-01  -  -4.0000E-01  )
#   y = (   6.5000E-01  -   7.5000E-01  )

x: z[cm]
y: Dose [Gy/source]      
p: xlin ylog afac(0.8) form(0.9)
h: n            x            y(proton  ),hh0l n 
#  z-lower      z-upper        proton    r.err 
   9.8455E+01   9.8486E+01   3.5969E-01  0.0104
   9.8486E+01   9.8517E+01   3.6318E-01  0.0110
   9.8517E+01   9.8549E+01   3.4848E-01  0.0119
   9.8549E+01   9.8580E+01   3.3728E-01  0.0134

#   sum over    1.2500E-03   3.5216E-01  0.0101

'no. =123,  ix =  4,  iy = 24'
msuc: {\huge Histograma dosis-volumen del pouch}
msdr: {\it plotted by \ANGEL \version}
msdl: {\it calculated by \PHITS  3.36}
wt: s(0.7)
\vspace{-3}
  xmin  &=&  -5.0000E-01 [cm]
  xmax  &=&  -4.0000E-01 [cm]
  ymin  &=&   6.5000E-01 [cm]
  ymax  &=&   7.5000E-01 [cm]
e:

#------------------------------------------------------------------------------
 newpage:
#   no. =124   ix  =  4   iy  = 25
#   x = (  -5.0000E-01  -  -4.0000E-01  )
#   y = (   7.5000E-01  -   8.5000E-01  )

x: z[cm]
y: Dose [Gy/source]      
p: xlin ylog afac(0.8) form(0.9)
h: n            x            y(proton  ),hh0l n 
#  z-lower      z-upper        proton    r.err 
   9.8455E+01   9.8486E+01   3.6445E-01  0.0104
   9.8486E+01   9.8517E+01   3.6982E-01  0.0109
   9.8517E+01   9.8549E+01   3.5448E-01  0.0118
   9.8549E+01   9.8580E+01   3.4007E-01  0.0133

#   sum over    1.2500E-03   3.5721E-01  0.0100

'no. =124,  ix =  4,  iy = 25'
msuc: {\huge Histograma dosis-volumen del pouch}
msdr: {\it plotted by \ANGEL \version}
msdl: {\it calculated by \PHITS  3.36}
wt: s(0.7)
\vspace{-3}
  xmin  &=&  -5.0000E-01 [cm]
  xmax  &=&  -4.0000E-01 [cm]
  ymin  &=&   7.5000E-01 [cm]
  ymax  &=&   8.5000E-01 [cm]
e:

#------------------------------------------------------------------------------
 newpage:
#   no. =125   ix  =  4   iy  = 26
#   x = (  -5.0000E-01  -  -4.0000E-01  )
#   y = (   8.5000E-01  -   9.5000E-01  )

x: z[cm]
y: Dose [Gy/source]      
p: xlin ylog afac(0.8) form(0.9)
h: n            x            y(proton  ),hh0l n 
#  z-lower      z-upper        proton    r.err 
   9.8455E+01   9.8486E+01   3.6379E-01  0.0103
   9.8486E+01   9.8517E+01   3.6654E-01  0.0110
   9.8517E+01   9.8549E+01   3.5375E-01  0.0118
   9.8549E+01   9.8580E+01   3.4575E-01  0.0133

#   sum over    1.2500E-03   3.5746E-01  0.0100

'no. =125,  ix =  4,  iy = 26'
msuc: {\huge Histograma dosis-volumen del pouch}
msdr: {\it plotted by \ANGEL \version}
msdl: {\it calculated by \PHITS  3.36}
wt: s(0.7)
\vspace{-3}
  xmin  &=&  -5.0000E-01 [cm]
  xmax  &=&  -4.0000E-01 [cm]
  ymin  &=&   8.5000E-01 [cm]
  ymax  &=&   9.5000E-01 [cm]
e:

#------------------------------------------------------------------------------
 newpage:
#   no. =126   ix  =  4   iy  = 27
#   x = (  -5.0000E-01  -  -4.0000E-01  )
#   y = (   9.5000E-01  -   1.0500E+00  )

x: z[cm]
y: Dose [Gy/source]      
p: xlin ylog afac(0.8) form(0.9)
h: n            x            y(proton  ),hh0l n 
#  z-lower      z-upper        proton    r.err 
   9.8455E+01   9.8486E+01   3.5798E-01  0.0104
   9.8486E+01   9.8517E+01   3.6488E-01  0.0109
   9.8517E+01   9.8549E+01   3.5533E-01  0.0117
   9.8549E+01   9.8580E+01   3.4578E-01  0.0132

#   sum over    1.2500E-03   3.5599E-01  0.0101

'no. =126,  ix =  4,  iy = 27'
msuc: {\huge Histograma dosis-volumen del pouch}
msdr: {\it plotted by \ANGEL \version}
msdl: {\it calculated by \PHITS  3.36}
wt: s(0.7)
\vspace{-3}
  xmin  &=&  -5.0000E-01 [cm]
  xmax  &=&  -4.0000E-01 [cm]
  ymin  &=&   9.5000E-01 [cm]
  ymax  &=&   1.0500E+00 [cm]
e:

#------------------------------------------------------------------------------
 newpage:
#   no. =127   ix  =  4   iy  = 28
#   x = (  -5.0000E-01  -  -4.0000E-01  )
#   y = (   1.0500E+00  -   1.1500E+00  )

x: z[cm]
y: Dose [Gy/source]      
p: xlin ylog afac(0.8) form(0.9)
h: n            x            y(proton  ),hh0l n 
#  z-lower      z-upper        proton    r.err 
   9.8455E+01   9.8486E+01   3.6832E-01  0.0104
   9.8486E+01   9.8517E+01   3.6329E-01  0.0110
   9.8517E+01   9.8549E+01   3.5090E-01  0.0118
   9.8549E+01   9.8580E+01   3.4206E-01  0.0133

#   sum over    1.2500E-03   3.5614E-01  0.0100

'no. =127,  ix =  4,  iy = 28'
msuc: {\huge Histograma dosis-volumen del pouch}
msdr: {\it plotted by \ANGEL \version}
msdl: {\it calculated by \PHITS  3.36}
wt: s(0.7)
\vspace{-3}
  xmin  &=&  -5.0000E-01 [cm]
  xmax  &=&  -4.0000E-01 [cm]
  ymin  &=&   1.0500E+00 [cm]
  ymax  &=&   1.1500E+00 [cm]
e:

#------------------------------------------------------------------------------
 newpage:
#   no. =128   ix  =  4   iy  = 29
#   x = (  -5.0000E-01  -  -4.0000E-01  )
#   y = (   1.1500E+00  -   1.2500E+00  )

x: z[cm]
y: Dose [Gy/source]      
p: xlin ylog afac(0.8) form(0.9)
h: n            x            y(proton  ),hh0l n 
#  z-lower      z-upper        proton    r.err 
   9.8455E+01   9.8486E+01   3.6981E-01  0.0103
   9.8486E+01   9.8517E+01   3.7552E-01  0.0108
   9.8517E+01   9.8549E+01   3.6389E-01  0.0116
   9.8549E+01   9.8580E+01   3.5303E-01  0.0131

#   sum over    1.2500E-03   3.6556E-01  0.0099

'no. =128,  ix =  4,  iy = 29'
msuc: {\huge Histograma dosis-volumen del pouch}
msdr: {\it plotted by \ANGEL \version}
msdl: {\it calculated by \PHITS  3.36}
wt: s(0.7)
\vspace{-3}
  xmin  &=&  -5.0000E-01 [cm]
  xmax  &=&  -4.0000E-01 [cm]
  ymin  &=&   1.1500E+00 [cm]
  ymax  &=&   1.2500E+00 [cm]
e:

#------------------------------------------------------------------------------
 newpage:
#   no. =129   ix  =  4   iy  = 30
#   x = (  -5.0000E-01  -  -4.0000E-01  )
#   y = (   1.2500E+00  -   1.3500E+00  )

x: z[cm]
y: Dose [Gy/source]      
p: xlin ylog afac(0.8) form(0.9)
h: n            x            y(proton  ),hh0l n 
#  z-lower      z-upper        proton    r.err 
   9.8455E+01   9.8486E+01   3.6570E-01  0.0103
   9.8486E+01   9.8517E+01   3.6756E-01  0.0109
   9.8517E+01   9.8549E+01   3.6259E-01  0.0116
   9.8549E+01   9.8580E+01   3.5633E-01  0.0131

#   sum over    1.2500E-03   3.6304E-01  0.0100

'no. =129,  ix =  4,  iy = 30'
msuc: {\huge Histograma dosis-volumen del pouch}
msdr: {\it plotted by \ANGEL \version}
msdl: {\it calculated by \PHITS  3.36}
wt: s(0.7)
\vspace{-3}
  xmin  &=&  -5.0000E-01 [cm]
  xmax  &=&  -4.0000E-01 [cm]
  ymin  &=&   1.2500E+00 [cm]
  ymax  &=&   1.3500E+00 [cm]
e:

#------------------------------------------------------------------------------
 newpage:
#   no. =130   ix  =  4   iy  = 31
#   x = (  -5.0000E-01  -  -4.0000E-01  )
#   y = (   1.3500E+00  -   1.4500E+00  )

x: z[cm]
y: Dose [Gy/source]      
p: xlin ylog afac(0.8) form(0.9)
h: n            x            y(proton  ),hh0l n 
#  z-lower      z-upper        proton    r.err 
   9.8455E+01   9.8486E+01   3.7059E-01  0.0102
   9.8486E+01   9.8517E+01   3.7337E-01  0.0108
   9.8517E+01   9.8549E+01   3.6151E-01  0.0117
   9.8549E+01   9.8580E+01   3.5348E-01  0.0132

#   sum over    1.2500E-03   3.6474E-01  0.0100

'no. =130,  ix =  4,  iy = 31'
msuc: {\huge Histograma dosis-volumen del pouch}
msdr: {\it plotted by \ANGEL \version}
msdl: {\it calculated by \PHITS  3.36}
wt: s(0.7)
\vspace{-3}
  xmin  &=&  -5.0000E-01 [cm]
  xmax  &=&  -4.0000E-01 [cm]
  ymin  &=&   1.3500E+00 [cm]
  ymax  &=&   1.4500E+00 [cm]
e:

#------------------------------------------------------------------------------
 newpage:
#   no. =131   ix  =  4   iy  = 32
#   x = (  -5.0000E-01  -  -4.0000E-01  )
#   y = (   1.4500E+00  -   1.5500E+00  )

x: z[cm]
y: Dose [Gy/source]      
p: xlin ylog afac(0.8) form(0.9)
h: n            x            y(proton  ),hh0l n 
#  z-lower      z-upper        proton    r.err 
   9.8455E+01   9.8486E+01   3.7401E-01  0.0102
   9.8486E+01   9.8517E+01   3.7788E-01  0.0108
   9.8517E+01   9.8549E+01   3.6526E-01  0.0116
   9.8549E+01   9.8580E+01   3.6149E-01  0.0131

#   sum over    1.2500E-03   3.6966E-01  0.0099

'no. =131,  ix =  4,  iy = 32'
msuc: {\huge Histograma dosis-volumen del pouch}
msdr: {\it plotted by \ANGEL \version}
msdl: {\it calculated by \PHITS  3.36}
wt: s(0.7)
\vspace{-3}
  xmin  &=&  -5.0000E-01 [cm]
  xmax  &=&  -4.0000E-01 [cm]
  ymin  &=&   1.4500E+00 [cm]
  ymax  &=&   1.5500E+00 [cm]
e:

#------------------------------------------------------------------------------
 newpage:
#   no. =132   ix  =  4   iy  = 33
#   x = (  -5.0000E-01  -  -4.0000E-01  )
#   y = (   1.5500E+00  -   1.6500E+00  )

x: z[cm]
y: Dose [Gy/source]      
p: xlin ylog afac(0.8) form(0.9)
h: n            x            y(proton  ),hh0l n 
#  z-lower      z-upper        proton    r.err 
   9.8455E+01   9.8486E+01   3.7473E-01  0.0102
   9.8486E+01   9.8517E+01   3.7843E-01  0.0108
   9.8517E+01   9.8549E+01   3.7045E-01  0.0115
   9.8549E+01   9.8580E+01   3.5842E-01  0.0131

#   sum over    1.2500E-03   3.7051E-01  0.0099

'no. =132,  ix =  4,  iy = 33'
msuc: {\huge Histograma dosis-volumen del pouch}
msdr: {\it plotted by \ANGEL \version}
msdl: {\it calculated by \PHITS  3.36}
wt: s(0.7)
\vspace{-3}
  xmin  &=&  -5.0000E-01 [cm]
  xmax  &=&  -4.0000E-01 [cm]
  ymin  &=&   1.5500E+00 [cm]
  ymax  &=&   1.6500E+00 [cm]
e:

#------------------------------------------------------------------------------
 newpage:
#   no. =133   ix  =  5   iy  =  1
#   x = (  -4.0000E-01  -  -3.0000E-01  )
#   y = (  -1.6500E+00  -  -1.5500E+00  )

x: z[cm]
y: Dose [Gy/source]      
p: xlin ylog afac(0.8) form(0.9)
h: n            x            y(proton  ),hh0l n 
#  z-lower      z-upper        proton    r.err 
   9.8455E+01   9.8486E+01   0.0000E+00  0.0000
   9.8486E+01   9.8517E+01   0.0000E+00  0.0000
   9.8517E+01   9.8549E+01   0.0000E+00  0.0000
   9.8549E+01   9.8580E+01   0.0000E+00  0.0000

#   sum over    1.2500E-03   0.0000E+00  0.0000

'no. =133,  ix =  5,  iy =  1'
msuc: {\huge Histograma dosis-volumen del pouch}
msdr: {\it plotted by \ANGEL \version}
msdl: {\it calculated by \PHITS  3.36}
wt: s(0.7)
\vspace{-3}
  xmin  &=&  -4.0000E-01 [cm]
  xmax  &=&  -3.0000E-01 [cm]
  ymin  &=&  -1.6500E+00 [cm]
  ymax  &=&  -1.5500E+00 [cm]
e:

#------------------------------------------------------------------------------
 newpage:
#   no. =134   ix  =  5   iy  =  2
#   x = (  -4.0000E-01  -  -3.0000E-01  )
#   y = (  -1.5500E+00  -  -1.4500E+00  )

x: z[cm]
y: Dose [Gy/source]      
p: xlin ylog afac(0.8) form(0.9)
h: n            x            y(proton  ),hh0l n 
#  z-lower      z-upper        proton    r.err 
   9.8455E+01   9.8486E+01   0.0000E+00  0.0000
   9.8486E+01   9.8517E+01   1.4155E-05  1.0000
   9.8517E+01   9.8549E+01   4.1780E-05  1.0000
   9.8549E+01   9.8580E+01   0.0000E+00  0.0000

#   sum over    1.2500E-03   1.3984E-05  1.0000

'no. =134,  ix =  5,  iy =  2'
msuc: {\huge Histograma dosis-volumen del pouch}
msdr: {\it plotted by \ANGEL \version}
msdl: {\it calculated by \PHITS  3.36}
wt: s(0.7)
\vspace{-3}
  xmin  &=&  -4.0000E-01 [cm]
  xmax  &=&  -3.0000E-01 [cm]
  ymin  &=&  -1.5500E+00 [cm]
  ymax  &=&  -1.4500E+00 [cm]
e:

#------------------------------------------------------------------------------
 newpage:
#   no. =135   ix  =  5   iy  =  3
#   x = (  -4.0000E-01  -  -3.0000E-01  )
#   y = (  -1.4500E+00  -  -1.3500E+00  )

x: z[cm]
y: Dose [Gy/source]      
p: xlin ylog afac(0.8) form(0.9)
h: n            x            y(proton  ),hh0l n 
#  z-lower      z-upper        proton    r.err 
   9.8455E+01   9.8486E+01   1.7900E-04  0.5304
   9.8486E+01   9.8517E+01   1.4019E-04  0.5397
   9.8517E+01   9.8549E+01   1.8549E-04  0.6226
   9.8549E+01   9.8580E+01   6.0932E-05  0.6783

#   sum over    1.2500E-03   1.4140E-04  0.4507

'no. =135,  ix =  5,  iy =  3'
msuc: {\huge Histograma dosis-volumen del pouch}
msdr: {\it plotted by \ANGEL \version}
msdl: {\it calculated by \PHITS  3.36}
wt: s(0.7)
\vspace{-3}
  xmin  &=&  -4.0000E-01 [cm]
  xmax  &=&  -3.0000E-01 [cm]
  ymin  &=&  -1.4500E+00 [cm]
  ymax  &=&  -1.3500E+00 [cm]
e:

#------------------------------------------------------------------------------
 newpage:
#   no. =136   ix  =  5   iy  =  4
#   x = (  -4.0000E-01  -  -3.0000E-01  )
#   y = (  -1.3500E+00  -  -1.2500E+00  )

x: z[cm]
y: Dose [Gy/source]      
p: xlin ylog afac(0.8) form(0.9)
h: n            x            y(proton  ),hh0l n 
#  z-lower      z-upper        proton    r.err 
   9.8455E+01   9.8486E+01   2.6380E-01  0.0122
   9.8486E+01   9.8517E+01   2.6874E-01  0.0128
   9.8517E+01   9.8549E+01   2.6089E-01  0.0136
   9.8549E+01   9.8580E+01   2.5728E-01  0.0154

#   sum over    1.2500E-03   2.6268E-01  0.0117

'no. =136,  ix =  5,  iy =  4'
msuc: {\huge Histograma dosis-volumen del pouch}
msdr: {\it plotted by \ANGEL \version}
msdl: {\it calculated by \PHITS  3.36}
wt: s(0.7)
\vspace{-3}
  xmin  &=&  -4.0000E-01 [cm]
  xmax  &=&  -3.0000E-01 [cm]
  ymin  &=&  -1.3500E+00 [cm]
  ymax  &=&  -1.2500E+00 [cm]
e:

#------------------------------------------------------------------------------
 newpage:
#   no. =137   ix  =  5   iy  =  5
#   x = (  -4.0000E-01  -  -3.0000E-01  )
#   y = (  -1.2500E+00  -  -1.1500E+00  )

x: z[cm]
y: Dose [Gy/source]      
p: xlin ylog afac(0.8) form(0.9)
h: n            x            y(proton  ),hh0l n 
#  z-lower      z-upper        proton    r.err 
   9.8455E+01   9.8486E+01   3.6426E-01  0.0103
   9.8486E+01   9.8517E+01   3.6674E-01  0.0109
   9.8517E+01   9.8549E+01   3.5448E-01  0.0118
   9.8549E+01   9.8580E+01   3.4455E-01  0.0133

#   sum over    1.2500E-03   3.5751E-01  0.0100

'no. =137,  ix =  5,  iy =  5'
msuc: {\huge Histograma dosis-volumen del pouch}
msdr: {\it plotted by \ANGEL \version}
msdl: {\it calculated by \PHITS  3.36}
wt: s(0.7)
\vspace{-3}
  xmin  &=&  -4.0000E-01 [cm]
  xmax  &=&  -3.0000E-01 [cm]
  ymin  &=&  -1.2500E+00 [cm]
  ymax  &=&  -1.1500E+00 [cm]
e:

#------------------------------------------------------------------------------
 newpage:
#   no. =138   ix  =  5   iy  =  6
#   x = (  -4.0000E-01  -  -3.0000E-01  )
#   y = (  -1.1500E+00  -  -1.0500E+00  )

x: z[cm]
y: Dose [Gy/source]      
p: xlin ylog afac(0.8) form(0.9)
h: n            x            y(proton  ),hh0l n 
#  z-lower      z-upper        proton    r.err 
   9.8455E+01   9.8486E+01   3.6069E-01  0.0104
   9.8486E+01   9.8517E+01   3.6526E-01  0.0110
   9.8517E+01   9.8549E+01   3.5356E-01  0.0117
   9.8549E+01   9.8580E+01   3.4514E-01  0.0133

#   sum over    1.2500E-03   3.5616E-01  0.0101

'no. =138,  ix =  5,  iy =  6'
msuc: {\huge Histograma dosis-volumen del pouch}
msdr: {\it plotted by \ANGEL \version}
msdl: {\it calculated by \PHITS  3.36}
wt: s(0.7)
\vspace{-3}
  xmin  &=&  -4.0000E-01 [cm]
  xmax  &=&  -3.0000E-01 [cm]
  ymin  &=&  -1.1500E+00 [cm]
  ymax  &=&  -1.0500E+00 [cm]
e:

#------------------------------------------------------------------------------
 newpage:
#   no. =139   ix  =  5   iy  =  7
#   x = (  -4.0000E-01  -  -3.0000E-01  )
#   y = (  -1.0500E+00  -  -9.5000E-01  )

x: z[cm]
y: Dose [Gy/source]      
p: xlin ylog afac(0.8) form(0.9)
h: n            x            y(proton  ),hh0l n 
#  z-lower      z-upper        proton    r.err 
   9.8455E+01   9.8486E+01   3.6174E-01  0.0105
   9.8486E+01   9.8517E+01   3.6131E-01  0.0111
   9.8517E+01   9.8549E+01   3.4364E-01  0.0119
   9.8549E+01   9.8580E+01   3.3621E-01  0.0134

#   sum over    1.2500E-03   3.5073E-01  0.0101

'no. =139,  ix =  5,  iy =  7'
msuc: {\huge Histograma dosis-volumen del pouch}
msdr: {\it plotted by \ANGEL \version}
msdl: {\it calculated by \PHITS  3.36}
wt: s(0.7)
\vspace{-3}
  xmin  &=&  -4.0000E-01 [cm]
  xmax  &=&  -3.0000E-01 [cm]
  ymin  &=&  -1.0500E+00 [cm]
  ymax  &=&  -9.5000E-01 [cm]
e:

#------------------------------------------------------------------------------
 newpage:
#   no. =140   ix  =  5   iy  =  8
#   x = (  -4.0000E-01  -  -3.0000E-01  )
#   y = (  -9.5000E-01  -  -8.5000E-01  )

x: z[cm]
y: Dose [Gy/source]      
p: xlin ylog afac(0.8) form(0.9)
h: n            x            y(proton  ),hh0l n 
#  z-lower      z-upper        proton    r.err 
   9.8455E+01   9.8486E+01   3.6117E-01  0.0104
   9.8486E+01   9.8517E+01   3.6242E-01  0.0110
   9.8517E+01   9.8549E+01   3.4730E-01  0.0119
   9.8549E+01   9.8580E+01   3.4031E-01  0.0134

#   sum over    1.2500E-03   3.5280E-01  0.0101

'no. =140,  ix =  5,  iy =  8'
msuc: {\huge Histograma dosis-volumen del pouch}
msdr: {\it plotted by \ANGEL \version}
msdl: {\it calculated by \PHITS  3.36}
wt: s(0.7)
\vspace{-3}
  xmin  &=&  -4.0000E-01 [cm]
  xmax  &=&  -3.0000E-01 [cm]
  ymin  &=&  -9.5000E-01 [cm]
  ymax  &=&  -8.5000E-01 [cm]
e:

#------------------------------------------------------------------------------
 newpage:
#   no. =141   ix  =  5   iy  =  9
#   x = (  -4.0000E-01  -  -3.0000E-01  )
#   y = (  -8.5000E-01  -  -7.5000E-01  )

x: z[cm]
y: Dose [Gy/source]      
p: xlin ylog afac(0.8) form(0.9)
h: n            x            y(proton  ),hh0l n 
#  z-lower      z-upper        proton    r.err 
   9.8455E+01   9.8486E+01   3.6904E-01  0.0103
   9.8486E+01   9.8517E+01   3.7049E-01  0.0108
   9.8517E+01   9.8549E+01   3.6004E-01  0.0117
   9.8549E+01   9.8580E+01   3.4786E-01  0.0132

#   sum over    1.2500E-03   3.6186E-01  0.0100

'no. =141,  ix =  5,  iy =  9'
msuc: {\huge Histograma dosis-volumen del pouch}
msdr: {\it plotted by \ANGEL \version}
msdl: {\it calculated by \PHITS  3.36}
wt: s(0.7)
\vspace{-3}
  xmin  &=&  -4.0000E-01 [cm]
  xmax  &=&  -3.0000E-01 [cm]
  ymin  &=&  -8.5000E-01 [cm]
  ymax  &=&  -7.5000E-01 [cm]
e:

#------------------------------------------------------------------------------
 newpage:
#   no. =142   ix  =  5   iy  = 10
#   x = (  -4.0000E-01  -  -3.0000E-01  )
#   y = (  -7.5000E-01  -  -6.5000E-01  )

x: z[cm]
y: Dose [Gy/source]      
p: xlin ylog afac(0.8) form(0.9)
h: n            x            y(proton  ),hh0l n 
#  z-lower      z-upper        proton    r.err 
   9.8455E+01   9.8486E+01   3.6616E-01  0.0104
   9.8486E+01   9.8517E+01   3.6715E-01  0.0109
   9.8517E+01   9.8549E+01   3.5320E-01  0.0118
   9.8549E+01   9.8580E+01   3.4357E-01  0.0133

#   sum over    1.2500E-03   3.5752E-01  0.0100

'no. =142,  ix =  5,  iy = 10'
msuc: {\huge Histograma dosis-volumen del pouch}
msdr: {\it plotted by \ANGEL \version}
msdl: {\it calculated by \PHITS  3.36}
wt: s(0.7)
\vspace{-3}
  xmin  &=&  -4.0000E-01 [cm]
  xmax  &=&  -3.0000E-01 [cm]
  ymin  &=&  -7.5000E-01 [cm]
  ymax  &=&  -6.5000E-01 [cm]
e:

#------------------------------------------------------------------------------
 newpage:
#   no. =143   ix  =  5   iy  = 11
#   x = (  -4.0000E-01  -  -3.0000E-01  )
#   y = (  -6.5000E-01  -  -5.5000E-01  )

x: z[cm]
y: Dose [Gy/source]      
p: xlin ylog afac(0.8) form(0.9)
h: n            x            y(proton  ),hh0l n 
#  z-lower      z-upper        proton    r.err 
   9.8455E+01   9.8486E+01   3.5543E-01  0.0105
   9.8486E+01   9.8517E+01   3.5611E-01  0.0111
   9.8517E+01   9.8549E+01   3.4142E-01  0.0120
   9.8549E+01   9.8580E+01   3.2711E-01  0.0136

#   sum over    1.2500E-03   3.4502E-01  0.0102

'no. =143,  ix =  5,  iy = 11'
msuc: {\huge Histograma dosis-volumen del pouch}
msdr: {\it plotted by \ANGEL \version}
msdl: {\it calculated by \PHITS  3.36}
wt: s(0.7)
\vspace{-3}
  xmin  &=&  -4.0000E-01 [cm]
  xmax  &=&  -3.0000E-01 [cm]
  ymin  &=&  -6.5000E-01 [cm]
  ymax  &=&  -5.5000E-01 [cm]
e:

#------------------------------------------------------------------------------
 newpage:
#   no. =144   ix  =  5   iy  = 12
#   x = (  -4.0000E-01  -  -3.0000E-01  )
#   y = (  -5.5000E-01  -  -4.5000E-01  )

x: z[cm]
y: Dose [Gy/source]      
p: xlin ylog afac(0.8) form(0.9)
h: n            x            y(proton  ),hh0l n 
#  z-lower      z-upper        proton    r.err 
   9.8455E+01   9.8486E+01   3.6171E-01  0.0104
   9.8486E+01   9.8517E+01   3.6285E-01  0.0111
   9.8517E+01   9.8549E+01   3.4365E-01  0.0119
   9.8549E+01   9.8580E+01   3.3240E-01  0.0135

#   sum over    1.2500E-03   3.5015E-01  0.0101

'no. =144,  ix =  5,  iy = 12'
msuc: {\huge Histograma dosis-volumen del pouch}
msdr: {\it plotted by \ANGEL \version}
msdl: {\it calculated by \PHITS  3.36}
wt: s(0.7)
\vspace{-3}
  xmin  &=&  -4.0000E-01 [cm]
  xmax  &=&  -3.0000E-01 [cm]
  ymin  &=&  -5.5000E-01 [cm]
  ymax  &=&  -4.5000E-01 [cm]
e:

#------------------------------------------------------------------------------
 newpage:
#   no. =145   ix  =  5   iy  = 13
#   x = (  -4.0000E-01  -  -3.0000E-01  )
#   y = (  -4.5000E-01  -  -3.5000E-01  )

x: z[cm]
y: Dose [Gy/source]      
p: xlin ylog afac(0.8) form(0.9)
h: n            x            y(proton  ),hh0l n 
#  z-lower      z-upper        proton    r.err 
   9.8455E+01   9.8486E+01   3.6065E-01  0.0104
   9.8486E+01   9.8517E+01   3.6312E-01  0.0110
   9.8517E+01   9.8549E+01   3.4850E-01  0.0119
   9.8549E+01   9.8580E+01   3.3403E-01  0.0135

#   sum over    1.2500E-03   3.5157E-01  0.0101

'no. =145,  ix =  5,  iy = 13'
msuc: {\huge Histograma dosis-volumen del pouch}
msdr: {\it plotted by \ANGEL \version}
msdl: {\it calculated by \PHITS  3.36}
wt: s(0.7)
\vspace{-3}
  xmin  &=&  -4.0000E-01 [cm]
  xmax  &=&  -3.0000E-01 [cm]
  ymin  &=&  -4.5000E-01 [cm]
  ymax  &=&  -3.5000E-01 [cm]
e:

#------------------------------------------------------------------------------
 newpage:
#   no. =146   ix  =  5   iy  = 14
#   x = (  -4.0000E-01  -  -3.0000E-01  )
#   y = (  -3.5000E-01  -  -2.5000E-01  )

x: z[cm]
y: Dose [Gy/source]      
p: xlin ylog afac(0.8) form(0.9)
h: n            x            y(proton  ),hh0l n 
#  z-lower      z-upper        proton    r.err 
   9.8455E+01   9.8486E+01   3.6009E-01  0.0104
   9.8486E+01   9.8517E+01   3.6151E-01  0.0111
   9.8517E+01   9.8549E+01   3.4305E-01  0.0119
   9.8549E+01   9.8580E+01   3.3614E-01  0.0135

#   sum over    1.2500E-03   3.5020E-01  0.0101

'no. =146,  ix =  5,  iy = 14'
msuc: {\huge Histograma dosis-volumen del pouch}
msdr: {\it plotted by \ANGEL \version}
msdl: {\it calculated by \PHITS  3.36}
wt: s(0.7)
\vspace{-3}
  xmin  &=&  -4.0000E-01 [cm]
  xmax  &=&  -3.0000E-01 [cm]
  ymin  &=&  -3.5000E-01 [cm]
  ymax  &=&  -2.5000E-01 [cm]
e:

#------------------------------------------------------------------------------
 newpage:
#   no. =147   ix  =  5   iy  = 15
#   x = (  -4.0000E-01  -  -3.0000E-01  )
#   y = (  -2.5000E-01  -  -1.5000E-01  )

x: z[cm]
y: Dose [Gy/source]      
p: xlin ylog afac(0.8) form(0.9)
h: n            x            y(proton  ),hh0l n 
#  z-lower      z-upper        proton    r.err 
   9.8455E+01   9.8486E+01   3.5790E-01  0.0105
   9.8486E+01   9.8517E+01   3.5988E-01  0.0111
   9.8517E+01   9.8549E+01   3.4426E-01  0.0119
   9.8549E+01   9.8580E+01   3.2865E-01  0.0136

#   sum over    1.2500E-03   3.4767E-01  0.0102

'no. =147,  ix =  5,  iy = 15'
msuc: {\huge Histograma dosis-volumen del pouch}
msdr: {\it plotted by \ANGEL \version}
msdl: {\it calculated by \PHITS  3.36}
wt: s(0.7)
\vspace{-3}
  xmin  &=&  -4.0000E-01 [cm]
  xmax  &=&  -3.0000E-01 [cm]
  ymin  &=&  -2.5000E-01 [cm]
  ymax  &=&  -1.5000E-01 [cm]
e:

#------------------------------------------------------------------------------
 newpage:
#   no. =148   ix  =  5   iy  = 16
#   x = (  -4.0000E-01  -  -3.0000E-01  )
#   y = (  -1.5000E-01  -  -5.0000E-02  )

x: z[cm]
y: Dose [Gy/source]      
p: xlin ylog afac(0.8) form(0.9)
h: n            x            y(proton  ),hh0l n 
#  z-lower      z-upper        proton    r.err 
   9.8455E+01   9.8486E+01   3.5533E-01  0.0105
   9.8486E+01   9.8517E+01   3.5638E-01  0.0111
   9.8517E+01   9.8549E+01   3.4001E-01  0.0120
   9.8549E+01   9.8580E+01   3.2982E-01  0.0136

#   sum over    1.2500E-03   3.4538E-01  0.0102

'no. =148,  ix =  5,  iy = 16'
msuc: {\huge Histograma dosis-volumen del pouch}
msdr: {\it plotted by \ANGEL \version}
msdl: {\it calculated by \PHITS  3.36}
wt: s(0.7)
\vspace{-3}
  xmin  &=&  -4.0000E-01 [cm]
  xmax  &=&  -3.0000E-01 [cm]
  ymin  &=&  -1.5000E-01 [cm]
  ymax  &=&  -5.0000E-02 [cm]
e:

#------------------------------------------------------------------------------
 newpage:
#   no. =149   ix  =  5   iy  = 17
#   x = (  -4.0000E-01  -  -3.0000E-01  )
#   y = (  -5.0000E-02  -   5.0000E-02  )

x: z[cm]
y: Dose [Gy/source]      
p: xlin ylog afac(0.8) form(0.9)
h: n            x            y(proton  ),hh0l n 
#  z-lower      z-upper        proton    r.err 
   9.8455E+01   9.8486E+01   3.5661E-01  0.0105
   9.8486E+01   9.8517E+01   3.6032E-01  0.0111
   9.8517E+01   9.8549E+01   3.3901E-01  0.0120
   9.8549E+01   9.8580E+01   3.2791E-01  0.0136

#   sum over    1.2500E-03   3.4596E-01  0.0102

'no. =149,  ix =  5,  iy = 17'
msuc: {\huge Histograma dosis-volumen del pouch}
msdr: {\it plotted by \ANGEL \version}
msdl: {\it calculated by \PHITS  3.36}
wt: s(0.7)
\vspace{-3}
  xmin  &=&  -4.0000E-01 [cm]
  xmax  &=&  -3.0000E-01 [cm]
  ymin  &=&  -5.0000E-02 [cm]
  ymax  &=&   5.0000E-02 [cm]
e:

#------------------------------------------------------------------------------
 newpage:
#   no. =150   ix  =  5   iy  = 18
#   x = (  -4.0000E-01  -  -3.0000E-01  )
#   y = (   5.0000E-02  -   1.5000E-01  )

x: z[cm]
y: Dose [Gy/source]      
p: xlin ylog afac(0.8) form(0.9)
h: n            x            y(proton  ),hh0l n 
#  z-lower      z-upper        proton    r.err 
   9.8455E+01   9.8486E+01   3.5657E-01  0.0105
   9.8486E+01   9.8517E+01   3.5770E-01  0.0111
   9.8517E+01   9.8549E+01   3.4472E-01  0.0119
   9.8549E+01   9.8580E+01   3.3548E-01  0.0135

#   sum over    1.2500E-03   3.4861E-01  0.0102

'no. =150,  ix =  5,  iy = 18'
msuc: {\huge Histograma dosis-volumen del pouch}
msdr: {\it plotted by \ANGEL \version}
msdl: {\it calculated by \PHITS  3.36}
wt: s(0.7)
\vspace{-3}
  xmin  &=&  -4.0000E-01 [cm]
  xmax  &=&  -3.0000E-01 [cm]
  ymin  &=&   5.0000E-02 [cm]
  ymax  &=&   1.5000E-01 [cm]
e:

#------------------------------------------------------------------------------
 newpage:
#   no. =151   ix  =  5   iy  = 19
#   x = (  -4.0000E-01  -  -3.0000E-01  )
#   y = (   1.5000E-01  -   2.5000E-01  )

x: z[cm]
y: Dose [Gy/source]      
p: xlin ylog afac(0.8) form(0.9)
h: n            x            y(proton  ),hh0l n 
#  z-lower      z-upper        proton    r.err 
   9.8455E+01   9.8486E+01   3.6530E-01  0.0104
   9.8486E+01   9.8517E+01   3.6984E-01  0.0109
   9.8517E+01   9.8549E+01   3.5196E-01  0.0118
   9.8549E+01   9.8580E+01   3.4059E-01  0.0133

#   sum over    1.2500E-03   3.5692E-01  0.0100

'no. =151,  ix =  5,  iy = 19'
msuc: {\huge Histograma dosis-volumen del pouch}
msdr: {\it plotted by \ANGEL \version}
msdl: {\it calculated by \PHITS  3.36}
wt: s(0.7)
\vspace{-3}
  xmin  &=&  -4.0000E-01 [cm]
  xmax  &=&  -3.0000E-01 [cm]
  ymin  &=&   1.5000E-01 [cm]
  ymax  &=&   2.5000E-01 [cm]
e:

#------------------------------------------------------------------------------
 newpage:
#   no. =152   ix  =  5   iy  = 20
#   x = (  -4.0000E-01  -  -3.0000E-01  )
#   y = (   2.5000E-01  -   3.5000E-01  )

x: z[cm]
y: Dose [Gy/source]      
p: xlin ylog afac(0.8) form(0.9)
h: n            x            y(proton  ),hh0l n 
#  z-lower      z-upper        proton    r.err 
   9.8455E+01   9.8486E+01   3.5023E-01  0.0106
   9.8486E+01   9.8517E+01   3.5279E-01  0.0112
   9.8517E+01   9.8549E+01   3.3878E-01  0.0120
   9.8549E+01   9.8580E+01   3.3255E-01  0.0135

#   sum over    1.2500E-03   3.4359E-01  0.0102

'no. =152,  ix =  5,  iy = 20'
msuc: {\huge Histograma dosis-volumen del pouch}
msdr: {\it plotted by \ANGEL \version}
msdl: {\it calculated by \PHITS  3.36}
wt: s(0.7)
\vspace{-3}
  xmin  &=&  -4.0000E-01 [cm]
  xmax  &=&  -3.0000E-01 [cm]
  ymin  &=&   2.5000E-01 [cm]
  ymax  &=&   3.5000E-01 [cm]
e:

#------------------------------------------------------------------------------
 newpage:
#   no. =153   ix  =  5   iy  = 21
#   x = (  -4.0000E-01  -  -3.0000E-01  )
#   y = (   3.5000E-01  -   4.5000E-01  )

x: z[cm]
y: Dose [Gy/source]      
p: xlin ylog afac(0.8) form(0.9)
h: n            x            y(proton  ),hh0l n 
#  z-lower      z-upper        proton    r.err 
   9.8455E+01   9.8486E+01   3.5745E-01  0.0104
   9.8486E+01   9.8517E+01   3.6231E-01  0.0110
   9.8517E+01   9.8549E+01   3.4951E-01  0.0119
   9.8549E+01   9.8580E+01   3.3471E-01  0.0134

#   sum over    1.2500E-03   3.5100E-01  0.0101

'no. =153,  ix =  5,  iy = 21'
msuc: {\huge Histograma dosis-volumen del pouch}
msdr: {\it plotted by \ANGEL \version}
msdl: {\it calculated by \PHITS  3.36}
wt: s(0.7)
\vspace{-3}
  xmin  &=&  -4.0000E-01 [cm]
  xmax  &=&  -3.0000E-01 [cm]
  ymin  &=&   3.5000E-01 [cm]
  ymax  &=&   4.5000E-01 [cm]
e:

#------------------------------------------------------------------------------
 newpage:
#   no. =154   ix  =  5   iy  = 22
#   x = (  -4.0000E-01  -  -3.0000E-01  )
#   y = (   4.5000E-01  -   5.5000E-01  )

x: z[cm]
y: Dose [Gy/source]      
p: xlin ylog afac(0.8) form(0.9)
h: n            x            y(proton  ),hh0l n 
#  z-lower      z-upper        proton    r.err 
   9.8455E+01   9.8486E+01   3.6018E-01  0.0104
   9.8486E+01   9.8517E+01   3.6528E-01  0.0110
   9.8517E+01   9.8549E+01   3.5196E-01  0.0118
   9.8549E+01   9.8580E+01   3.3714E-01  0.0134

#   sum over    1.2500E-03   3.5364E-01  0.0101

'no. =154,  ix =  5,  iy = 22'
msuc: {\huge Histograma dosis-volumen del pouch}
msdr: {\it plotted by \ANGEL \version}
msdl: {\it calculated by \PHITS  3.36}
wt: s(0.7)
\vspace{-3}
  xmin  &=&  -4.0000E-01 [cm]
  xmax  &=&  -3.0000E-01 [cm]
  ymin  &=&   4.5000E-01 [cm]
  ymax  &=&   5.5000E-01 [cm]
e:

#------------------------------------------------------------------------------
 newpage:
#   no. =155   ix  =  5   iy  = 23
#   x = (  -4.0000E-01  -  -3.0000E-01  )
#   y = (   5.5000E-01  -   6.5000E-01  )

x: z[cm]
y: Dose [Gy/source]      
p: xlin ylog afac(0.8) form(0.9)
h: n            x            y(proton  ),hh0l n 
#  z-lower      z-upper        proton    r.err 
   9.8455E+01   9.8486E+01   3.5805E-01  0.0104
   9.8486E+01   9.8517E+01   3.5943E-01  0.0110
   9.8517E+01   9.8549E+01   3.4705E-01  0.0118
   9.8549E+01   9.8580E+01   3.4277E-01  0.0133

#   sum over    1.2500E-03   3.5182E-01  0.0101

'no. =155,  ix =  5,  iy = 23'
msuc: {\huge Histograma dosis-volumen del pouch}
msdr: {\it plotted by \ANGEL \version}
msdl: {\it calculated by \PHITS  3.36}
wt: s(0.7)
\vspace{-3}
  xmin  &=&  -4.0000E-01 [cm]
  xmax  &=&  -3.0000E-01 [cm]
  ymin  &=&   5.5000E-01 [cm]
  ymax  &=&   6.5000E-01 [cm]
e:

#------------------------------------------------------------------------------
 newpage:
#   no. =156   ix  =  5   iy  = 24
#   x = (  -4.0000E-01  -  -3.0000E-01  )
#   y = (   6.5000E-01  -   7.5000E-01  )

x: z[cm]
y: Dose [Gy/source]      
p: xlin ylog afac(0.8) form(0.9)
h: n            x            y(proton  ),hh0l n 
#  z-lower      z-upper        proton    r.err 
   9.8455E+01   9.8486E+01   3.6064E-01  0.0104
   9.8486E+01   9.8517E+01   3.6205E-01  0.0110
   9.8517E+01   9.8549E+01   3.5039E-01  0.0118
   9.8549E+01   9.8580E+01   3.4438E-01  0.0133

#   sum over    1.2500E-03   3.5437E-01  0.0101

'no. =156,  ix =  5,  iy = 24'
msuc: {\huge Histograma dosis-volumen del pouch}
msdr: {\it plotted by \ANGEL \version}
msdl: {\it calculated by \PHITS  3.36}
wt: s(0.7)
\vspace{-3}
  xmin  &=&  -4.0000E-01 [cm]
  xmax  &=&  -3.0000E-01 [cm]
  ymin  &=&   6.5000E-01 [cm]
  ymax  &=&   7.5000E-01 [cm]
e:

#------------------------------------------------------------------------------
 newpage:
#   no. =157   ix  =  5   iy  = 25
#   x = (  -4.0000E-01  -  -3.0000E-01  )
#   y = (   7.5000E-01  -   8.5000E-01  )

x: z[cm]
y: Dose [Gy/source]      
p: xlin ylog afac(0.8) form(0.9)
h: n            x            y(proton  ),hh0l n 
#  z-lower      z-upper        proton    r.err 
   9.8455E+01   9.8486E+01   3.6566E-01  0.0103
   9.8486E+01   9.8517E+01   3.7136E-01  0.0109
   9.8517E+01   9.8549E+01   3.5489E-01  0.0117
   9.8549E+01   9.8580E+01   3.4478E-01  0.0133

#   sum over    1.2500E-03   3.5917E-01  0.0100

'no. =157,  ix =  5,  iy = 25'
msuc: {\huge Histograma dosis-volumen del pouch}
msdr: {\it plotted by \ANGEL \version}
msdl: {\it calculated by \PHITS  3.36}
wt: s(0.7)
\vspace{-3}
  xmin  &=&  -4.0000E-01 [cm]
  xmax  &=&  -3.0000E-01 [cm]
  ymin  &=&   7.5000E-01 [cm]
  ymax  &=&   8.5000E-01 [cm]
e:

#------------------------------------------------------------------------------
 newpage:
#   no. =158   ix  =  5   iy  = 26
#   x = (  -4.0000E-01  -  -3.0000E-01  )
#   y = (   8.5000E-01  -   9.5000E-01  )

x: z[cm]
y: Dose [Gy/source]      
p: xlin ylog afac(0.8) form(0.9)
h: n            x            y(proton  ),hh0l n 
#  z-lower      z-upper        proton    r.err 
   9.8455E+01   9.8486E+01   3.6870E-01  0.0103
   9.8486E+01   9.8517E+01   3.7140E-01  0.0109
   9.8517E+01   9.8549E+01   3.5333E-01  0.0118
   9.8549E+01   9.8580E+01   3.3915E-01  0.0134

#   sum over    1.2500E-03   3.5814E-01  0.0100

'no. =158,  ix =  5,  iy = 26'
msuc: {\huge Histograma dosis-volumen del pouch}
msdr: {\it plotted by \ANGEL \version}
msdl: {\it calculated by \PHITS  3.36}
wt: s(0.7)
\vspace{-3}
  xmin  &=&  -4.0000E-01 [cm]
  xmax  &=&  -3.0000E-01 [cm]
  ymin  &=&   8.5000E-01 [cm]
  ymax  &=&   9.5000E-01 [cm]
e:

#------------------------------------------------------------------------------
 newpage:
#   no. =159   ix  =  5   iy  = 27
#   x = (  -4.0000E-01  -  -3.0000E-01  )
#   y = (   9.5000E-01  -   1.0500E+00  )

x: z[cm]
y: Dose [Gy/source]      
p: xlin ylog afac(0.8) form(0.9)
h: n            x            y(proton  ),hh0l n 
#  z-lower      z-upper        proton    r.err 
   9.8455E+01   9.8486E+01   3.6456E-01  0.0104
   9.8486E+01   9.8517E+01   3.7029E-01  0.0109
   9.8517E+01   9.8549E+01   3.5472E-01  0.0118
   9.8549E+01   9.8580E+01   3.4243E-01  0.0133

#   sum over    1.2500E-03   3.5800E-01  0.0100

'no. =159,  ix =  5,  iy = 27'
msuc: {\huge Histograma dosis-volumen del pouch}
msdr: {\it plotted by \ANGEL \version}
msdl: {\it calculated by \PHITS  3.36}
wt: s(0.7)
\vspace{-3}
  xmin  &=&  -4.0000E-01 [cm]
  xmax  &=&  -3.0000E-01 [cm]
  ymin  &=&   9.5000E-01 [cm]
  ymax  &=&   1.0500E+00 [cm]
e:

#------------------------------------------------------------------------------
 newpage:
#   no. =160   ix  =  5   iy  = 28
#   x = (  -4.0000E-01  -  -3.0000E-01  )
#   y = (   1.0500E+00  -   1.1500E+00  )

x: z[cm]
y: Dose [Gy/source]      
p: xlin ylog afac(0.8) form(0.9)
h: n            x            y(proton  ),hh0l n 
#  z-lower      z-upper        proton    r.err 
   9.8455E+01   9.8486E+01   3.6352E-01  0.0103
   9.8486E+01   9.8517E+01   3.6833E-01  0.0109
   9.8517E+01   9.8549E+01   3.5483E-01  0.0117
   9.8549E+01   9.8580E+01   3.4749E-01  0.0132

#   sum over    1.2500E-03   3.5854E-01  0.0100

'no. =160,  ix =  5,  iy = 28'
msuc: {\huge Histograma dosis-volumen del pouch}
msdr: {\it plotted by \ANGEL \version}
msdl: {\it calculated by \PHITS  3.36}
wt: s(0.7)
\vspace{-3}
  xmin  &=&  -4.0000E-01 [cm]
  xmax  &=&  -3.0000E-01 [cm]
  ymin  &=&   1.0500E+00 [cm]
  ymax  &=&   1.1500E+00 [cm]
e:

#------------------------------------------------------------------------------
 newpage:
#   no. =161   ix  =  5   iy  = 29
#   x = (  -4.0000E-01  -  -3.0000E-01  )
#   y = (   1.1500E+00  -   1.2500E+00  )

x: z[cm]
y: Dose [Gy/source]      
p: xlin ylog afac(0.8) form(0.9)
h: n            x            y(proton  ),hh0l n 
#  z-lower      z-upper        proton    r.err 
   9.8455E+01   9.8486E+01   3.7379E-01  0.0102
   9.8486E+01   9.8517E+01   3.7593E-01  0.0108
   9.8517E+01   9.8549E+01   3.6162E-01  0.0116
   9.8549E+01   9.8580E+01   3.5064E-01  0.0132

#   sum over    1.2500E-03   3.6549E-01  0.0099

'no. =161,  ix =  5,  iy = 29'
msuc: {\huge Histograma dosis-volumen del pouch}
msdr: {\it plotted by \ANGEL \version}
msdl: {\it calculated by \PHITS  3.36}
wt: s(0.7)
\vspace{-3}
  xmin  &=&  -4.0000E-01 [cm]
  xmax  &=&  -3.0000E-01 [cm]
  ymin  &=&   1.1500E+00 [cm]
  ymax  &=&   1.2500E+00 [cm]
e:

#------------------------------------------------------------------------------
 newpage:
#   no. =162   ix  =  5   iy  = 30
#   x = (  -4.0000E-01  -  -3.0000E-01  )
#   y = (   1.2500E+00  -   1.3500E+00  )

x: z[cm]
y: Dose [Gy/source]      
p: xlin ylog afac(0.8) form(0.9)
h: n            x            y(proton  ),hh0l n 
#  z-lower      z-upper        proton    r.err 
   9.8455E+01   9.8486E+01   3.6950E-01  0.0103
   9.8486E+01   9.8517E+01   3.7148E-01  0.0109
   9.8517E+01   9.8549E+01   3.5813E-01  0.0117
   9.8549E+01   9.8580E+01   3.4856E-01  0.0132

#   sum over    1.2500E-03   3.6192E-01  0.0100

'no. =162,  ix =  5,  iy = 30'
msuc: {\huge Histograma dosis-volumen del pouch}
msdr: {\it plotted by \ANGEL \version}
msdl: {\it calculated by \PHITS  3.36}
wt: s(0.7)
\vspace{-3}
  xmin  &=&  -4.0000E-01 [cm]
  xmax  &=&  -3.0000E-01 [cm]
  ymin  &=&   1.2500E+00 [cm]
  ymax  &=&   1.3500E+00 [cm]
e:

#------------------------------------------------------------------------------
 newpage:
#   no. =163   ix  =  5   iy  = 31
#   x = (  -4.0000E-01  -  -3.0000E-01  )
#   y = (   1.3500E+00  -   1.4500E+00  )

x: z[cm]
y: Dose [Gy/source]      
p: xlin ylog afac(0.8) form(0.9)
h: n            x            y(proton  ),hh0l n 
#  z-lower      z-upper        proton    r.err 
   9.8455E+01   9.8486E+01   3.6777E-01  0.0104
   9.8486E+01   9.8517E+01   3.6639E-01  0.0109
   9.8517E+01   9.8549E+01   3.5252E-01  0.0118
   9.8549E+01   9.8580E+01   3.4172E-01  0.0133

#   sum over    1.2500E-03   3.5710E-01  0.0100

'no. =163,  ix =  5,  iy = 31'
msuc: {\huge Histograma dosis-volumen del pouch}
msdr: {\it plotted by \ANGEL \version}
msdl: {\it calculated by \PHITS  3.36}
wt: s(0.7)
\vspace{-3}
  xmin  &=&  -4.0000E-01 [cm]
  xmax  &=&  -3.0000E-01 [cm]
  ymin  &=&   1.3500E+00 [cm]
  ymax  &=&   1.4500E+00 [cm]
e:

#------------------------------------------------------------------------------
 newpage:
#   no. =164   ix  =  5   iy  = 32
#   x = (  -4.0000E-01  -  -3.0000E-01  )
#   y = (   1.4500E+00  -   1.5500E+00  )

x: z[cm]
y: Dose [Gy/source]      
p: xlin ylog afac(0.8) form(0.9)
h: n            x            y(proton  ),hh0l n 
#  z-lower      z-upper        proton    r.err 
   9.8455E+01   9.8486E+01   3.7432E-01  0.0102
   9.8486E+01   9.8517E+01   3.7966E-01  0.0107
   9.8517E+01   9.8549E+01   3.6620E-01  0.0115
   9.8549E+01   9.8580E+01   3.6386E-01  0.0130

#   sum over    1.2500E-03   3.7101E-01  0.0099

'no. =164,  ix =  5,  iy = 32'
msuc: {\huge Histograma dosis-volumen del pouch}
msdr: {\it plotted by \ANGEL \version}
msdl: {\it calculated by \PHITS  3.36}
wt: s(0.7)
\vspace{-3}
  xmin  &=&  -4.0000E-01 [cm]
  xmax  &=&  -3.0000E-01 [cm]
  ymin  &=&   1.4500E+00 [cm]
  ymax  &=&   1.5500E+00 [cm]
e:

#------------------------------------------------------------------------------
 newpage:
#   no. =165   ix  =  5   iy  = 33
#   x = (  -4.0000E-01  -  -3.0000E-01  )
#   y = (   1.5500E+00  -   1.6500E+00  )

x: z[cm]
y: Dose [Gy/source]      
p: xlin ylog afac(0.8) form(0.9)
h: n            x            y(proton  ),hh0l n 
#  z-lower      z-upper        proton    r.err 
   9.8455E+01   9.8486E+01   3.7580E-01  0.0102
   9.8486E+01   9.8517E+01   3.8005E-01  0.0108
   9.8517E+01   9.8549E+01   3.7020E-01  0.0115
   9.8549E+01   9.8580E+01   3.6792E-01  0.0130

#   sum over    1.2500E-03   3.7349E-01  0.0099

'no. =165,  ix =  5,  iy = 33'
msuc: {\huge Histograma dosis-volumen del pouch}
msdr: {\it plotted by \ANGEL \version}
msdl: {\it calculated by \PHITS  3.36}
wt: s(0.7)
\vspace{-3}
  xmin  &=&  -4.0000E-01 [cm]
  xmax  &=&  -3.0000E-01 [cm]
  ymin  &=&   1.5500E+00 [cm]
  ymax  &=&   1.6500E+00 [cm]
e:

#------------------------------------------------------------------------------
 newpage:
#   no. =166   ix  =  6   iy  =  1
#   x = (  -3.0000E-01  -  -2.0000E-01  )
#   y = (  -1.6500E+00  -  -1.5500E+00  )

x: z[cm]
y: Dose [Gy/source]      
p: xlin ylog afac(0.8) form(0.9)
h: n            x            y(proton  ),hh0l n 
#  z-lower      z-upper        proton    r.err 
   9.8455E+01   9.8486E+01   0.0000E+00  0.0000
   9.8486E+01   9.8517E+01   0.0000E+00  0.0000
   9.8517E+01   9.8549E+01   0.0000E+00  0.0000
   9.8549E+01   9.8580E+01   0.0000E+00  0.0000

#   sum over    1.2500E-03   0.0000E+00  0.0000

'no. =166,  ix =  6,  iy =  1'
msuc: {\huge Histograma dosis-volumen del pouch}
msdr: {\it plotted by \ANGEL \version}
msdl: {\it calculated by \PHITS  3.36}
wt: s(0.7)
\vspace{-3}
  xmin  &=&  -3.0000E-01 [cm]
  xmax  &=&  -2.0000E-01 [cm]
  ymin  &=&  -1.6500E+00 [cm]
  ymax  &=&  -1.5500E+00 [cm]
e:

#------------------------------------------------------------------------------
 newpage:
#   no. =167   ix  =  6   iy  =  2
#   x = (  -3.0000E-01  -  -2.0000E-01  )
#   y = (  -1.5500E+00  -  -1.4500E+00  )

x: z[cm]
y: Dose [Gy/source]      
p: xlin ylog afac(0.8) form(0.9)
h: n            x            y(proton  ),hh0l n 
#  z-lower      z-upper        proton    r.err 
   9.8455E+01   9.8486E+01   0.0000E+00  0.0000
   9.8486E+01   9.8517E+01   0.0000E+00  0.0000
   9.8517E+01   9.8549E+01   0.0000E+00  0.0000
   9.8549E+01   9.8580E+01   0.0000E+00  0.0000

#   sum over    1.2500E-03   0.0000E+00  0.0000

'no. =167,  ix =  6,  iy =  2'
msuc: {\huge Histograma dosis-volumen del pouch}
msdr: {\it plotted by \ANGEL \version}
msdl: {\it calculated by \PHITS  3.36}
wt: s(0.7)
\vspace{-3}
  xmin  &=&  -3.0000E-01 [cm]
  xmax  &=&  -2.0000E-01 [cm]
  ymin  &=&  -1.5500E+00 [cm]
  ymax  &=&  -1.4500E+00 [cm]
e:

#------------------------------------------------------------------------------
 newpage:
#   no. =168   ix  =  6   iy  =  3
#   x = (  -3.0000E-01  -  -2.0000E-01  )
#   y = (  -1.4500E+00  -  -1.3500E+00  )

x: z[cm]
y: Dose [Gy/source]      
p: xlin ylog afac(0.8) form(0.9)
h: n            x            y(proton  ),hh0l n 
#  z-lower      z-upper        proton    r.err 
   9.8455E+01   9.8486E+01   1.5264E-04  0.4717
   9.8486E+01   9.8517E+01   2.4968E-04  0.4906
   9.8517E+01   9.8549E+01   1.0012E-04  0.5327
   9.8549E+01   9.8580E+01   8.8879E-05  0.7101

#   sum over    1.2500E-03   1.4783E-04  0.4376

'no. =168,  ix =  6,  iy =  3'
msuc: {\huge Histograma dosis-volumen del pouch}
msdr: {\it plotted by \ANGEL \version}
msdl: {\it calculated by \PHITS  3.36}
wt: s(0.7)
\vspace{-3}
  xmin  &=&  -3.0000E-01 [cm]
  xmax  &=&  -2.0000E-01 [cm]
  ymin  &=&  -1.4500E+00 [cm]
  ymax  &=&  -1.3500E+00 [cm]
e:

#------------------------------------------------------------------------------
 newpage:
#   no. =169   ix  =  6   iy  =  4
#   x = (  -3.0000E-01  -  -2.0000E-01  )
#   y = (  -1.3500E+00  -  -1.2500E+00  )

x: z[cm]
y: Dose [Gy/source]      
p: xlin ylog afac(0.8) form(0.9)
h: n            x            y(proton  ),hh0l n 
#  z-lower      z-upper        proton    r.err 
   9.8455E+01   9.8486E+01   2.6522E-01  0.0122
   9.8486E+01   9.8517E+01   2.6805E-01  0.0129
   9.8517E+01   9.8549E+01   2.5596E-01  0.0138
   9.8549E+01   9.8580E+01   2.4821E-01  0.0156

#   sum over    1.2500E-03   2.5936E-01  0.0117

'no. =169,  ix =  6,  iy =  4'
msuc: {\huge Histograma dosis-volumen del pouch}
msdr: {\it plotted by \ANGEL \version}
msdl: {\it calculated by \PHITS  3.36}
wt: s(0.7)
\vspace{-3}
  xmin  &=&  -3.0000E-01 [cm]
  xmax  &=&  -2.0000E-01 [cm]
  ymin  &=&  -1.3500E+00 [cm]
  ymax  &=&  -1.2500E+00 [cm]
e:

#------------------------------------------------------------------------------
 newpage:
#   no. =170   ix  =  6   iy  =  5
#   x = (  -3.0000E-01  -  -2.0000E-01  )
#   y = (  -1.2500E+00  -  -1.1500E+00  )

x: z[cm]
y: Dose [Gy/source]      
p: xlin ylog afac(0.8) form(0.9)
h: n            x            y(proton  ),hh0l n 
#  z-lower      z-upper        proton    r.err 
   9.8455E+01   9.8486E+01   3.7205E-01  0.0102
   9.8486E+01   9.8517E+01   3.7703E-01  0.0108
   9.8517E+01   9.8549E+01   3.5990E-01  0.0116
   9.8549E+01   9.8580E+01   3.5314E-01  0.0131

#   sum over    1.2500E-03   3.6553E-01  0.0099

'no. =170,  ix =  6,  iy =  5'
msuc: {\huge Histograma dosis-volumen del pouch}
msdr: {\it plotted by \ANGEL \version}
msdl: {\it calculated by \PHITS  3.36}
wt: s(0.7)
\vspace{-3}
  xmin  &=&  -3.0000E-01 [cm]
  xmax  &=&  -2.0000E-01 [cm]
  ymin  &=&  -1.2500E+00 [cm]
  ymax  &=&  -1.1500E+00 [cm]
e:

#------------------------------------------------------------------------------
 newpage:
#   no. =171   ix  =  6   iy  =  6
#   x = (  -3.0000E-01  -  -2.0000E-01  )
#   y = (  -1.1500E+00  -  -1.0500E+00  )

x: z[cm]
y: Dose [Gy/source]      
p: xlin ylog afac(0.8) form(0.9)
h: n            x            y(proton  ),hh0l n 
#  z-lower      z-upper        proton    r.err 
   9.8455E+01   9.8486E+01   3.6068E-01  0.0104
   9.8486E+01   9.8517E+01   3.6380E-01  0.0110
   9.8517E+01   9.8549E+01   3.5171E-01  0.0118
   9.8549E+01   9.8580E+01   3.4951E-01  0.0132

#   sum over    1.2500E-03   3.5642E-01  0.0101

'no. =171,  ix =  6,  iy =  6'
msuc: {\huge Histograma dosis-volumen del pouch}
msdr: {\it plotted by \ANGEL \version}
msdl: {\it calculated by \PHITS  3.36}
wt: s(0.7)
\vspace{-3}
  xmin  &=&  -3.0000E-01 [cm]
  xmax  &=&  -2.0000E-01 [cm]
  ymin  &=&  -1.1500E+00 [cm]
  ymax  &=&  -1.0500E+00 [cm]
e:

#------------------------------------------------------------------------------
 newpage:
#   no. =172   ix  =  6   iy  =  7
#   x = (  -3.0000E-01  -  -2.0000E-01  )
#   y = (  -1.0500E+00  -  -9.5000E-01  )

x: z[cm]
y: Dose [Gy/source]      
p: xlin ylog afac(0.8) form(0.9)
h: n            x            y(proton  ),hh0l n 
#  z-lower      z-upper        proton    r.err 
   9.8455E+01   9.8486E+01   3.6218E-01  0.0104
   9.8486E+01   9.8517E+01   3.6725E-01  0.0110
   9.8517E+01   9.8549E+01   3.5366E-01  0.0118
   9.8549E+01   9.8580E+01   3.4086E-01  0.0134

#   sum over    1.2500E-03   3.5599E-01  0.0101

'no. =172,  ix =  6,  iy =  7'
msuc: {\huge Histograma dosis-volumen del pouch}
msdr: {\it plotted by \ANGEL \version}
msdl: {\it calculated by \PHITS  3.36}
wt: s(0.7)
\vspace{-3}
  xmin  &=&  -3.0000E-01 [cm]
  xmax  &=&  -2.0000E-01 [cm]
  ymin  &=&  -1.0500E+00 [cm]
  ymax  &=&  -9.5000E-01 [cm]
e:

#------------------------------------------------------------------------------
 newpage:
#   no. =173   ix  =  6   iy  =  8
#   x = (  -3.0000E-01  -  -2.0000E-01  )
#   y = (  -9.5000E-01  -  -8.5000E-01  )

x: z[cm]
y: Dose [Gy/source]      
p: xlin ylog afac(0.8) form(0.9)
h: n            x            y(proton  ),hh0l n 
#  z-lower      z-upper        proton    r.err 
   9.8455E+01   9.8486E+01   3.6429E-01  0.0104
   9.8486E+01   9.8517E+01   3.6977E-01  0.0109
   9.8517E+01   9.8549E+01   3.5424E-01  0.0118
   9.8549E+01   9.8580E+01   3.4477E-01  0.0133

#   sum over    1.2500E-03   3.5827E-01  0.0100

'no. =173,  ix =  6,  iy =  8'
msuc: {\huge Histograma dosis-volumen del pouch}
msdr: {\it plotted by \ANGEL \version}
msdl: {\it calculated by \PHITS  3.36}
wt: s(0.7)
\vspace{-3}
  xmin  &=&  -3.0000E-01 [cm]
  xmax  &=&  -2.0000E-01 [cm]
  ymin  &=&  -9.5000E-01 [cm]
  ymax  &=&  -8.5000E-01 [cm]
e:

#------------------------------------------------------------------------------
 newpage:
#   no. =174   ix  =  6   iy  =  9
#   x = (  -3.0000E-01  -  -2.0000E-01  )
#   y = (  -8.5000E-01  -  -7.5000E-01  )

x: z[cm]
y: Dose [Gy/source]      
p: xlin ylog afac(0.8) form(0.9)
h: n            x            y(proton  ),hh0l n 
#  z-lower      z-upper        proton    r.err 
   9.8455E+01   9.8486E+01   3.6000E-01  0.0104
   9.8486E+01   9.8517E+01   3.6276E-01  0.0111
   9.8517E+01   9.8549E+01   3.4713E-01  0.0118
   9.8549E+01   9.8580E+01   3.4048E-01  0.0133

#   sum over    1.2500E-03   3.5260E-01  0.0101

'no. =174,  ix =  6,  iy =  9'
msuc: {\huge Histograma dosis-volumen del pouch}
msdr: {\it plotted by \ANGEL \version}
msdl: {\it calculated by \PHITS  3.36}
wt: s(0.7)
\vspace{-3}
  xmin  &=&  -3.0000E-01 [cm]
  xmax  &=&  -2.0000E-01 [cm]
  ymin  &=&  -8.5000E-01 [cm]
  ymax  &=&  -7.5000E-01 [cm]
e:

#------------------------------------------------------------------------------
 newpage:
#   no. =175   ix  =  6   iy  = 10
#   x = (  -3.0000E-01  -  -2.0000E-01  )
#   y = (  -7.5000E-01  -  -6.5000E-01  )

x: z[cm]
y: Dose [Gy/source]      
p: xlin ylog afac(0.8) form(0.9)
h: n            x            y(proton  ),hh0l n 
#  z-lower      z-upper        proton    r.err 
   9.8455E+01   9.8486E+01   3.6882E-01  0.0103
   9.8486E+01   9.8517E+01   3.7344E-01  0.0109
   9.8517E+01   9.8549E+01   3.5770E-01  0.0117
   9.8549E+01   9.8580E+01   3.4739E-01  0.0132

#   sum over    1.2500E-03   3.6184E-01  0.0100

'no. =175,  ix =  6,  iy = 10'
msuc: {\huge Histograma dosis-volumen del pouch}
msdr: {\it plotted by \ANGEL \version}
msdl: {\it calculated by \PHITS  3.36}
wt: s(0.7)
\vspace{-3}
  xmin  &=&  -3.0000E-01 [cm]
  xmax  &=&  -2.0000E-01 [cm]
  ymin  &=&  -7.5000E-01 [cm]
  ymax  &=&  -6.5000E-01 [cm]
e:

#------------------------------------------------------------------------------
 newpage:
#   no. =176   ix  =  6   iy  = 11
#   x = (  -3.0000E-01  -  -2.0000E-01  )
#   y = (  -6.5000E-01  -  -5.5000E-01  )

x: z[cm]
y: Dose [Gy/source]      
p: xlin ylog afac(0.8) form(0.9)
h: n            x            y(proton  ),hh0l n 
#  z-lower      z-upper        proton    r.err 
   9.8455E+01   9.8486E+01   3.6268E-01  0.0104
   9.8486E+01   9.8517E+01   3.6364E-01  0.0110
   9.8517E+01   9.8549E+01   3.4755E-01  0.0119
   9.8549E+01   9.8580E+01   3.3252E-01  0.0135

#   sum over    1.2500E-03   3.5160E-01  0.0101

'no. =176,  ix =  6,  iy = 11'
msuc: {\huge Histograma dosis-volumen del pouch}
msdr: {\it plotted by \ANGEL \version}
msdl: {\it calculated by \PHITS  3.36}
wt: s(0.7)
\vspace{-3}
  xmin  &=&  -3.0000E-01 [cm]
  xmax  &=&  -2.0000E-01 [cm]
  ymin  &=&  -6.5000E-01 [cm]
  ymax  &=&  -5.5000E-01 [cm]
e:

#------------------------------------------------------------------------------
 newpage:
#   no. =177   ix  =  6   iy  = 12
#   x = (  -3.0000E-01  -  -2.0000E-01  )
#   y = (  -5.5000E-01  -  -4.5000E-01  )

x: z[cm]
y: Dose [Gy/source]      
p: xlin ylog afac(0.8) form(0.9)
h: n            x            y(proton  ),hh0l n 
#  z-lower      z-upper        proton    r.err 
   9.8455E+01   9.8486E+01   3.5341E-01  0.0105
   9.8486E+01   9.8517E+01   3.5660E-01  0.0112
   9.8517E+01   9.8549E+01   3.4015E-01  0.0120
   9.8549E+01   9.8580E+01   3.2776E-01  0.0136

#   sum over    1.2500E-03   3.4448E-01  0.0102

'no. =177,  ix =  6,  iy = 12'
msuc: {\huge Histograma dosis-volumen del pouch}
msdr: {\it plotted by \ANGEL \version}
msdl: {\it calculated by \PHITS  3.36}
wt: s(0.7)
\vspace{-3}
  xmin  &=&  -3.0000E-01 [cm]
  xmax  &=&  -2.0000E-01 [cm]
  ymin  &=&  -5.5000E-01 [cm]
  ymax  &=&  -4.5000E-01 [cm]
e:

#------------------------------------------------------------------------------
 newpage:
#   no. =178   ix  =  6   iy  = 13
#   x = (  -3.0000E-01  -  -2.0000E-01  )
#   y = (  -4.5000E-01  -  -3.5000E-01  )

x: z[cm]
y: Dose [Gy/source]      
p: xlin ylog afac(0.8) form(0.9)
h: n            x            y(proton  ),hh0l n 
#  z-lower      z-upper        proton    r.err 
   9.8455E+01   9.8486E+01   3.5190E-01  0.0105
   9.8486E+01   9.8517E+01   3.5542E-01  0.0112
   9.8517E+01   9.8549E+01   3.4074E-01  0.0120
   9.8549E+01   9.8580E+01   3.2756E-01  0.0136

#   sum over    1.2500E-03   3.4390E-01  0.0102

'no. =178,  ix =  6,  iy = 13'
msuc: {\huge Histograma dosis-volumen del pouch}
msdr: {\it plotted by \ANGEL \version}
msdl: {\it calculated by \PHITS  3.36}
wt: s(0.7)
\vspace{-3}
  xmin  &=&  -3.0000E-01 [cm]
  xmax  &=&  -2.0000E-01 [cm]
  ymin  &=&  -4.5000E-01 [cm]
  ymax  &=&  -3.5000E-01 [cm]
e:

#------------------------------------------------------------------------------
 newpage:
#   no. =179   ix  =  6   iy  = 14
#   x = (  -3.0000E-01  -  -2.0000E-01  )
#   y = (  -3.5000E-01  -  -2.5000E-01  )

x: z[cm]
y: Dose [Gy/source]      
p: xlin ylog afac(0.8) form(0.9)
h: n            x            y(proton  ),hh0l n 
#  z-lower      z-upper        proton    r.err 
   9.8455E+01   9.8486E+01   3.5716E-01  0.0105
   9.8486E+01   9.8517E+01   3.5970E-01  0.0111
   9.8517E+01   9.8549E+01   3.4564E-01  0.0119
   9.8549E+01   9.8580E+01   3.3414E-01  0.0135

#   sum over    1.2500E-03   3.4916E-01  0.0102

'no. =179,  ix =  6,  iy = 14'
msuc: {\huge Histograma dosis-volumen del pouch}
msdr: {\it plotted by \ANGEL \version}
msdl: {\it calculated by \PHITS  3.36}
wt: s(0.7)
\vspace{-3}
  xmin  &=&  -3.0000E-01 [cm]
  xmax  &=&  -2.0000E-01 [cm]
  ymin  &=&  -3.5000E-01 [cm]
  ymax  &=&  -2.5000E-01 [cm]
e:

#------------------------------------------------------------------------------
 newpage:
#   no. =180   ix  =  6   iy  = 15
#   x = (  -3.0000E-01  -  -2.0000E-01  )
#   y = (  -2.5000E-01  -  -1.5000E-01  )

x: z[cm]
y: Dose [Gy/source]      
p: xlin ylog afac(0.8) form(0.9)
h: n            x            y(proton  ),hh0l n 
#  z-lower      z-upper        proton    r.err 
   9.8455E+01   9.8486E+01   3.5740E-01  0.0105
   9.8486E+01   9.8517E+01   3.5657E-01  0.0111
   9.8517E+01   9.8549E+01   3.4359E-01  0.0119
   9.8549E+01   9.8580E+01   3.3055E-01  0.0135

#   sum over    1.2500E-03   3.4703E-01  0.0102

'no. =180,  ix =  6,  iy = 15'
msuc: {\huge Histograma dosis-volumen del pouch}
msdr: {\it plotted by \ANGEL \version}
msdl: {\it calculated by \PHITS  3.36}
wt: s(0.7)
\vspace{-3}
  xmin  &=&  -3.0000E-01 [cm]
  xmax  &=&  -2.0000E-01 [cm]
  ymin  &=&  -2.5000E-01 [cm]
  ymax  &=&  -1.5000E-01 [cm]
e:

#------------------------------------------------------------------------------
 newpage:
#   no. =181   ix  =  6   iy  = 16
#   x = (  -3.0000E-01  -  -2.0000E-01  )
#   y = (  -1.5000E-01  -  -5.0000E-02  )

x: z[cm]
y: Dose [Gy/source]      
p: xlin ylog afac(0.8) form(0.9)
h: n            x            y(proton  ),hh0l n 
#  z-lower      z-upper        proton    r.err 
   9.8455E+01   9.8486E+01   3.5725E-01  0.0105
   9.8486E+01   9.8517E+01   3.5635E-01  0.0112
   9.8517E+01   9.8549E+01   3.4075E-01  0.0120
   9.8549E+01   9.8580E+01   3.2537E-01  0.0136

#   sum over    1.2500E-03   3.4493E-01  0.0102

'no. =181,  ix =  6,  iy = 16'
msuc: {\huge Histograma dosis-volumen del pouch}
msdr: {\it plotted by \ANGEL \version}
msdl: {\it calculated by \PHITS  3.36}
wt: s(0.7)
\vspace{-3}
  xmin  &=&  -3.0000E-01 [cm]
  xmax  &=&  -2.0000E-01 [cm]
  ymin  &=&  -1.5000E-01 [cm]
  ymax  &=&  -5.0000E-02 [cm]
e:

#------------------------------------------------------------------------------
 newpage:
#   no. =182   ix  =  6   iy  = 17
#   x = (  -3.0000E-01  -  -2.0000E-01  )
#   y = (  -5.0000E-02  -   5.0000E-02  )

x: z[cm]
y: Dose [Gy/source]      
p: xlin ylog afac(0.8) form(0.9)
h: n            x            y(proton  ),hh0l n 
#  z-lower      z-upper        proton    r.err 
   9.8455E+01   9.8486E+01   3.5843E-01  0.0105
   9.8486E+01   9.8517E+01   3.5652E-01  0.0112
   9.8517E+01   9.8549E+01   3.3714E-01  0.0121
   9.8549E+01   9.8580E+01   3.2219E-01  0.0137

#   sum over    1.2500E-03   3.4357E-01  0.0102

'no. =182,  ix =  6,  iy = 17'
msuc: {\huge Histograma dosis-volumen del pouch}
msdr: {\it plotted by \ANGEL \version}
msdl: {\it calculated by \PHITS  3.36}
wt: s(0.7)
\vspace{-3}
  xmin  &=&  -3.0000E-01 [cm]
  xmax  &=&  -2.0000E-01 [cm]
  ymin  &=&  -5.0000E-02 [cm]
  ymax  &=&   5.0000E-02 [cm]
e:

#------------------------------------------------------------------------------
 newpage:
#   no. =183   ix  =  6   iy  = 18
#   x = (  -3.0000E-01  -  -2.0000E-01  )
#   y = (   5.0000E-02  -   1.5000E-01  )

x: z[cm]
y: Dose [Gy/source]      
p: xlin ylog afac(0.8) form(0.9)
h: n            x            y(proton  ),hh0l n 
#  z-lower      z-upper        proton    r.err 
   9.8455E+01   9.8486E+01   3.5726E-01  0.0105
   9.8486E+01   9.8517E+01   3.5580E-01  0.0111
   9.8517E+01   9.8549E+01   3.4295E-01  0.0120
   9.8549E+01   9.8580E+01   3.3669E-01  0.0134

#   sum over    1.2500E-03   3.4817E-01  0.0102

'no. =183,  ix =  6,  iy = 18'
msuc: {\huge Histograma dosis-volumen del pouch}
msdr: {\it plotted by \ANGEL \version}
msdl: {\it calculated by \PHITS  3.36}
wt: s(0.7)
\vspace{-3}
  xmin  &=&  -3.0000E-01 [cm]
  xmax  &=&  -2.0000E-01 [cm]
  ymin  &=&   5.0000E-02 [cm]
  ymax  &=&   1.5000E-01 [cm]
e:

#------------------------------------------------------------------------------
 newpage:
#   no. =184   ix  =  6   iy  = 19
#   x = (  -3.0000E-01  -  -2.0000E-01  )
#   y = (   1.5000E-01  -   2.5000E-01  )

x: z[cm]
y: Dose [Gy/source]      
p: xlin ylog afac(0.8) form(0.9)
h: n            x            y(proton  ),hh0l n 
#  z-lower      z-upper        proton    r.err 
   9.8455E+01   9.8486E+01   3.6365E-01  0.0104
   9.8486E+01   9.8517E+01   3.6347E-01  0.0110
   9.8517E+01   9.8549E+01   3.4838E-01  0.0119
   9.8549E+01   9.8580E+01   3.2996E-01  0.0135

#   sum over    1.2500E-03   3.5137E-01  0.0101

'no. =184,  ix =  6,  iy = 19'
msuc: {\huge Histograma dosis-volumen del pouch}
msdr: {\it plotted by \ANGEL \version}
msdl: {\it calculated by \PHITS  3.36}
wt: s(0.7)
\vspace{-3}
  xmin  &=&  -3.0000E-01 [cm]
  xmax  &=&  -2.0000E-01 [cm]
  ymin  &=&   1.5000E-01 [cm]
  ymax  &=&   2.5000E-01 [cm]
e:

#------------------------------------------------------------------------------
 newpage:
#   no. =185   ix  =  6   iy  = 20
#   x = (  -3.0000E-01  -  -2.0000E-01  )
#   y = (   2.5000E-01  -   3.5000E-01  )

x: z[cm]
y: Dose [Gy/source]      
p: xlin ylog afac(0.8) form(0.9)
h: n            x            y(proton  ),hh0l n 
#  z-lower      z-upper        proton    r.err 
   9.8455E+01   9.8486E+01   3.6114E-01  0.0104
   9.8486E+01   9.8517E+01   3.6192E-01  0.0111
   9.8517E+01   9.8549E+01   3.4620E-01  0.0119
   9.8549E+01   9.8580E+01   3.3217E-01  0.0135

#   sum over    1.2500E-03   3.5036E-01  0.0101

'no. =185,  ix =  6,  iy = 20'
msuc: {\huge Histograma dosis-volumen del pouch}
msdr: {\it plotted by \ANGEL \version}
msdl: {\it calculated by \PHITS  3.36}
wt: s(0.7)
\vspace{-3}
  xmin  &=&  -3.0000E-01 [cm]
  xmax  &=&  -2.0000E-01 [cm]
  ymin  &=&   2.5000E-01 [cm]
  ymax  &=&   3.5000E-01 [cm]
e:

#------------------------------------------------------------------------------
 newpage:
#   no. =186   ix  =  6   iy  = 21
#   x = (  -3.0000E-01  -  -2.0000E-01  )
#   y = (   3.5000E-01  -   4.5000E-01  )

x: z[cm]
y: Dose [Gy/source]      
p: xlin ylog afac(0.8) form(0.9)
h: n            x            y(proton  ),hh0l n 
#  z-lower      z-upper        proton    r.err 
   9.8455E+01   9.8486E+01   3.5197E-01  0.0105
   9.8486E+01   9.8517E+01   3.5674E-01  0.0112
   9.8517E+01   9.8549E+01   3.3906E-01  0.0120
   9.8549E+01   9.8580E+01   3.2983E-01  0.0136

#   sum over    1.2500E-03   3.4440E-01  0.0102

'no. =186,  ix =  6,  iy = 21'
msuc: {\huge Histograma dosis-volumen del pouch}
msdr: {\it plotted by \ANGEL \version}
msdl: {\it calculated by \PHITS  3.36}
wt: s(0.7)
\vspace{-3}
  xmin  &=&  -3.0000E-01 [cm]
  xmax  &=&  -2.0000E-01 [cm]
  ymin  &=&   3.5000E-01 [cm]
  ymax  &=&   4.5000E-01 [cm]
e:

#------------------------------------------------------------------------------
 newpage:
#   no. =187   ix  =  6   iy  = 22
#   x = (  -3.0000E-01  -  -2.0000E-01  )
#   y = (   4.5000E-01  -   5.5000E-01  )

x: z[cm]
y: Dose [Gy/source]      
p: xlin ylog afac(0.8) form(0.9)
h: n            x            y(proton  ),hh0l n 
#  z-lower      z-upper        proton    r.err 
   9.8455E+01   9.8486E+01   3.6447E-01  0.0104
   9.8486E+01   9.8517E+01   3.6798E-01  0.0110
   9.8517E+01   9.8549E+01   3.5197E-01  0.0118
   9.8549E+01   9.8580E+01   3.3629E-01  0.0134

#   sum over    1.2500E-03   3.5518E-01  0.0101

'no. =187,  ix =  6,  iy = 22'
msuc: {\huge Histograma dosis-volumen del pouch}
msdr: {\it plotted by \ANGEL \version}
msdl: {\it calculated by \PHITS  3.36}
wt: s(0.7)
\vspace{-3}
  xmin  &=&  -3.0000E-01 [cm]
  xmax  &=&  -2.0000E-01 [cm]
  ymin  &=&   4.5000E-01 [cm]
  ymax  &=&   5.5000E-01 [cm]
e:

#------------------------------------------------------------------------------
 newpage:
#   no. =188   ix  =  6   iy  = 23
#   x = (  -3.0000E-01  -  -2.0000E-01  )
#   y = (   5.5000E-01  -   6.5000E-01  )

x: z[cm]
y: Dose [Gy/source]      
p: xlin ylog afac(0.8) form(0.9)
h: n            x            y(proton  ),hh0l n 
#  z-lower      z-upper        proton    r.err 
   9.8455E+01   9.8486E+01   3.5948E-01  0.0105
   9.8486E+01   9.8517E+01   3.5993E-01  0.0111
   9.8517E+01   9.8549E+01   3.4231E-01  0.0119
   9.8549E+01   9.8580E+01   3.3398E-01  0.0135

#   sum over    1.2500E-03   3.4892E-01  0.0101

'no. =188,  ix =  6,  iy = 23'
msuc: {\huge Histograma dosis-volumen del pouch}
msdr: {\it plotted by \ANGEL \version}
msdl: {\it calculated by \PHITS  3.36}
wt: s(0.7)
\vspace{-3}
  xmin  &=&  -3.0000E-01 [cm]
  xmax  &=&  -2.0000E-01 [cm]
  ymin  &=&   5.5000E-01 [cm]
  ymax  &=&   6.5000E-01 [cm]
e:

#------------------------------------------------------------------------------
 newpage:
#   no. =189   ix  =  6   iy  = 24
#   x = (  -3.0000E-01  -  -2.0000E-01  )
#   y = (   6.5000E-01  -   7.5000E-01  )

x: z[cm]
y: Dose [Gy/source]      
p: xlin ylog afac(0.8) form(0.9)
h: n            x            y(proton  ),hh0l n 
#  z-lower      z-upper        proton    r.err 
   9.8455E+01   9.8486E+01   3.6263E-01  0.0104
   9.8486E+01   9.8517E+01   3.6313E-01  0.0110
   9.8517E+01   9.8549E+01   3.5138E-01  0.0118
   9.8549E+01   9.8580E+01   3.4367E-01  0.0133

#   sum over    1.2500E-03   3.5520E-01  0.0101

'no. =189,  ix =  6,  iy = 24'
msuc: {\huge Histograma dosis-volumen del pouch}
msdr: {\it plotted by \ANGEL \version}
msdl: {\it calculated by \PHITS  3.36}
wt: s(0.7)
\vspace{-3}
  xmin  &=&  -3.0000E-01 [cm]
  xmax  &=&  -2.0000E-01 [cm]
  ymin  &=&   6.5000E-01 [cm]
  ymax  &=&   7.5000E-01 [cm]
e:

#------------------------------------------------------------------------------
 newpage:
#   no. =190   ix  =  6   iy  = 25
#   x = (  -3.0000E-01  -  -2.0000E-01  )
#   y = (   7.5000E-01  -   8.5000E-01  )

x: z[cm]
y: Dose [Gy/source]      
p: xlin ylog afac(0.8) form(0.9)
h: n            x            y(proton  ),hh0l n 
#  z-lower      z-upper        proton    r.err 
   9.8455E+01   9.8486E+01   3.5941E-01  0.0105
   9.8486E+01   9.8517E+01   3.6157E-01  0.0110
   9.8517E+01   9.8549E+01   3.4676E-01  0.0119
   9.8549E+01   9.8580E+01   3.3174E-01  0.0135

#   sum over    1.2500E-03   3.4987E-01  0.0101

'no. =190,  ix =  6,  iy = 25'
msuc: {\huge Histograma dosis-volumen del pouch}
msdr: {\it plotted by \ANGEL \version}
msdl: {\it calculated by \PHITS  3.36}
wt: s(0.7)
\vspace{-3}
  xmin  &=&  -3.0000E-01 [cm]
  xmax  &=&  -2.0000E-01 [cm]
  ymin  &=&   7.5000E-01 [cm]
  ymax  &=&   8.5000E-01 [cm]
e:

#------------------------------------------------------------------------------
 newpage:
#   no. =191   ix  =  6   iy  = 26
#   x = (  -3.0000E-01  -  -2.0000E-01  )
#   y = (   8.5000E-01  -   9.5000E-01  )

x: z[cm]
y: Dose [Gy/source]      
p: xlin ylog afac(0.8) form(0.9)
h: n            x            y(proton  ),hh0l n 
#  z-lower      z-upper        proton    r.err 
   9.8455E+01   9.8486E+01   3.6206E-01  0.0104
   9.8486E+01   9.8517E+01   3.6239E-01  0.0110
   9.8517E+01   9.8549E+01   3.5170E-01  0.0118
   9.8549E+01   9.8580E+01   3.4324E-01  0.0133

#   sum over    1.2500E-03   3.5485E-01  0.0101

'no. =191,  ix =  6,  iy = 26'
msuc: {\huge Histograma dosis-volumen del pouch}
msdr: {\it plotted by \ANGEL \version}
msdl: {\it calculated by \PHITS  3.36}
wt: s(0.7)
\vspace{-3}
  xmin  &=&  -3.0000E-01 [cm]
  xmax  &=&  -2.0000E-01 [cm]
  ymin  &=&   8.5000E-01 [cm]
  ymax  &=&   9.5000E-01 [cm]
e:

#------------------------------------------------------------------------------
 newpage:
#   no. =192   ix  =  6   iy  = 27
#   x = (  -3.0000E-01  -  -2.0000E-01  )
#   y = (   9.5000E-01  -   1.0500E+00  )

x: z[cm]
y: Dose [Gy/source]      
p: xlin ylog afac(0.8) form(0.9)
h: n            x            y(proton  ),hh0l n 
#  z-lower      z-upper        proton    r.err 
   9.8455E+01   9.8486E+01   3.6564E-01  0.0103
   9.8486E+01   9.8517E+01   3.6904E-01  0.0109
   9.8517E+01   9.8549E+01   3.5340E-01  0.0118
   9.8549E+01   9.8580E+01   3.4370E-01  0.0133

#   sum over    1.2500E-03   3.5794E-01  0.0100

'no. =192,  ix =  6,  iy = 27'
msuc: {\huge Histograma dosis-volumen del pouch}
msdr: {\it plotted by \ANGEL \version}
msdl: {\it calculated by \PHITS  3.36}
wt: s(0.7)
\vspace{-3}
  xmin  &=&  -3.0000E-01 [cm]
  xmax  &=&  -2.0000E-01 [cm]
  ymin  &=&   9.5000E-01 [cm]
  ymax  &=&   1.0500E+00 [cm]
e:

#------------------------------------------------------------------------------
 newpage:
#   no. =193   ix  =  6   iy  = 28
#   x = (  -3.0000E-01  -  -2.0000E-01  )
#   y = (   1.0500E+00  -   1.1500E+00  )

x: z[cm]
y: Dose [Gy/source]      
p: xlin ylog afac(0.8) form(0.9)
h: n            x            y(proton  ),hh0l n 
#  z-lower      z-upper        proton    r.err 
   9.8455E+01   9.8486E+01   3.6549E-01  0.0103
   9.8486E+01   9.8517E+01   3.7137E-01  0.0109
   9.8517E+01   9.8549E+01   3.5891E-01  0.0117
   9.8549E+01   9.8580E+01   3.4909E-01  0.0132

#   sum over    1.2500E-03   3.6122E-01  0.0100

'no. =193,  ix =  6,  iy = 28'
msuc: {\huge Histograma dosis-volumen del pouch}
msdr: {\it plotted by \ANGEL \version}
msdl: {\it calculated by \PHITS  3.36}
wt: s(0.7)
\vspace{-3}
  xmin  &=&  -3.0000E-01 [cm]
  xmax  &=&  -2.0000E-01 [cm]
  ymin  &=&   1.0500E+00 [cm]
  ymax  &=&   1.1500E+00 [cm]
e:

#------------------------------------------------------------------------------
 newpage:
#   no. =194   ix  =  6   iy  = 29
#   x = (  -3.0000E-01  -  -2.0000E-01  )
#   y = (   1.1500E+00  -   1.2500E+00  )

x: z[cm]
y: Dose [Gy/source]      
p: xlin ylog afac(0.8) form(0.9)
h: n            x            y(proton  ),hh0l n 
#  z-lower      z-upper        proton    r.err 
   9.8455E+01   9.8486E+01   3.6324E-01  0.0103
   9.8486E+01   9.8517E+01   3.7013E-01  0.0109
   9.8517E+01   9.8549E+01   3.5692E-01  0.0117
   9.8549E+01   9.8580E+01   3.5034E-01  0.0131

#   sum over    1.2500E-03   3.6015E-01  0.0100

'no. =194,  ix =  6,  iy = 29'
msuc: {\huge Histograma dosis-volumen del pouch}
msdr: {\it plotted by \ANGEL \version}
msdl: {\it calculated by \PHITS  3.36}
wt: s(0.7)
\vspace{-3}
  xmin  &=&  -3.0000E-01 [cm]
  xmax  &=&  -2.0000E-01 [cm]
  ymin  &=&   1.1500E+00 [cm]
  ymax  &=&   1.2500E+00 [cm]
e:

#------------------------------------------------------------------------------
 newpage:
#   no. =195   ix  =  6   iy  = 30
#   x = (  -3.0000E-01  -  -2.0000E-01  )
#   y = (   1.2500E+00  -   1.3500E+00  )

x: z[cm]
y: Dose [Gy/source]      
p: xlin ylog afac(0.8) form(0.9)
h: n            x            y(proton  ),hh0l n 
#  z-lower      z-upper        proton    r.err 
   9.8455E+01   9.8486E+01   3.7295E-01  0.0102
   9.8486E+01   9.8517E+01   3.8025E-01  0.0108
   9.8517E+01   9.8549E+01   3.6029E-01  0.0116
   9.8549E+01   9.8580E+01   3.4484E-01  0.0133

#   sum over    1.2500E-03   3.6458E-01  0.0099

'no. =195,  ix =  6,  iy = 30'
msuc: {\huge Histograma dosis-volumen del pouch}
msdr: {\it plotted by \ANGEL \version}
msdl: {\it calculated by \PHITS  3.36}
wt: s(0.7)
\vspace{-3}
  xmin  &=&  -3.0000E-01 [cm]
  xmax  &=&  -2.0000E-01 [cm]
  ymin  &=&   1.2500E+00 [cm]
  ymax  &=&   1.3500E+00 [cm]
e:

#------------------------------------------------------------------------------
 newpage:
#   no. =196   ix  =  6   iy  = 31
#   x = (  -3.0000E-01  -  -2.0000E-01  )
#   y = (   1.3500E+00  -   1.4500E+00  )

x: z[cm]
y: Dose [Gy/source]      
p: xlin ylog afac(0.8) form(0.9)
h: n            x            y(proton  ),hh0l n 
#  z-lower      z-upper        proton    r.err 
   9.8455E+01   9.8486E+01   3.7499E-01  0.0102
   9.8486E+01   9.8517E+01   3.7749E-01  0.0108
   9.8517E+01   9.8549E+01   3.6524E-01  0.0116
   9.8549E+01   9.8580E+01   3.5466E-01  0.0131

#   sum over    1.2500E-03   3.6810E-01  0.0099

'no. =196,  ix =  6,  iy = 31'
msuc: {\huge Histograma dosis-volumen del pouch}
msdr: {\it plotted by \ANGEL \version}
msdl: {\it calculated by \PHITS  3.36}
wt: s(0.7)
\vspace{-3}
  xmin  &=&  -3.0000E-01 [cm]
  xmax  &=&  -2.0000E-01 [cm]
  ymin  &=&   1.3500E+00 [cm]
  ymax  &=&   1.4500E+00 [cm]
e:

#------------------------------------------------------------------------------
 newpage:
#   no. =197   ix  =  6   iy  = 32
#   x = (  -3.0000E-01  -  -2.0000E-01  )
#   y = (   1.4500E+00  -   1.5500E+00  )

x: z[cm]
y: Dose [Gy/source]      
p: xlin ylog afac(0.8) form(0.9)
h: n            x            y(proton  ),hh0l n 
#  z-lower      z-upper        proton    r.err 
   9.8455E+01   9.8486E+01   3.6928E-01  0.0103
   9.8486E+01   9.8517E+01   3.7453E-01  0.0108
   9.8517E+01   9.8549E+01   3.6531E-01  0.0115
   9.8549E+01   9.8580E+01   3.5859E-01  0.0130

#   sum over    1.2500E-03   3.6693E-01  0.0099

'no. =197,  ix =  6,  iy = 32'
msuc: {\huge Histograma dosis-volumen del pouch}
msdr: {\it plotted by \ANGEL \version}
msdl: {\it calculated by \PHITS  3.36}
wt: s(0.7)
\vspace{-3}
  xmin  &=&  -3.0000E-01 [cm]
  xmax  &=&  -2.0000E-01 [cm]
  ymin  &=&   1.4500E+00 [cm]
  ymax  &=&   1.5500E+00 [cm]
e:

#------------------------------------------------------------------------------
 newpage:
#   no. =198   ix  =  6   iy  = 33
#   x = (  -3.0000E-01  -  -2.0000E-01  )
#   y = (   1.5500E+00  -   1.6500E+00  )

x: z[cm]
y: Dose [Gy/source]      
p: xlin ylog afac(0.8) form(0.9)
h: n            x            y(proton  ),hh0l n 
#  z-lower      z-upper        proton    r.err 
   9.8455E+01   9.8486E+01   3.7322E-01  0.0102
   9.8486E+01   9.8517E+01   3.7980E-01  0.0108
   9.8517E+01   9.8549E+01   3.6494E-01  0.0116
   9.8549E+01   9.8580E+01   3.5965E-01  0.0131

#   sum over    1.2500E-03   3.6940E-01  0.0099

'no. =198,  ix =  6,  iy = 33'
msuc: {\huge Histograma dosis-volumen del pouch}
msdr: {\it plotted by \ANGEL \version}
msdl: {\it calculated by \PHITS  3.36}
wt: s(0.7)
\vspace{-3}
  xmin  &=&  -3.0000E-01 [cm]
  xmax  &=&  -2.0000E-01 [cm]
  ymin  &=&   1.5500E+00 [cm]
  ymax  &=&   1.6500E+00 [cm]
e:

#------------------------------------------------------------------------------
 newpage:
#   no. =199   ix  =  7   iy  =  1
#   x = (  -2.0000E-01  -  -1.0000E-01  )
#   y = (  -1.6500E+00  -  -1.5500E+00  )

x: z[cm]
y: Dose [Gy/source]      
p: xlin ylog afac(0.8) form(0.9)
h: n            x            y(proton  ),hh0l n 
#  z-lower      z-upper        proton    r.err 
   9.8455E+01   9.8486E+01   0.0000E+00  0.0000
   9.8486E+01   9.8517E+01   0.0000E+00  0.0000
   9.8517E+01   9.8549E+01   0.0000E+00  0.0000
   9.8549E+01   9.8580E+01   0.0000E+00  0.0000

#   sum over    1.2500E-03   0.0000E+00  0.0000

'no. =199,  ix =  7,  iy =  1'
msuc: {\huge Histograma dosis-volumen del pouch}
msdr: {\it plotted by \ANGEL \version}
msdl: {\it calculated by \PHITS  3.36}
wt: s(0.7)
\vspace{-3}
  xmin  &=&  -2.0000E-01 [cm]
  xmax  &=&  -1.0000E-01 [cm]
  ymin  &=&  -1.6500E+00 [cm]
  ymax  &=&  -1.5500E+00 [cm]
e:

#------------------------------------------------------------------------------
 newpage:
#   no. =200   ix  =  7   iy  =  2
#   x = (  -2.0000E-01  -  -1.0000E-01  )
#   y = (  -1.5500E+00  -  -1.4500E+00  )

x: z[cm]
y: Dose [Gy/source]      
p: xlin ylog afac(0.8) form(0.9)
h: n            x            y(proton  ),hh0l n 
#  z-lower      z-upper        proton    r.err 
   9.8455E+01   9.8486E+01   0.0000E+00  0.0000
   9.8486E+01   9.8517E+01   0.0000E+00  0.0000
   9.8517E+01   9.8549E+01   0.0000E+00  0.0000
   9.8549E+01   9.8580E+01   0.0000E+00  0.0000

#   sum over    1.2500E-03   0.0000E+00  0.0000

'no. =200,  ix =  7,  iy =  2'
msuc: {\huge Histograma dosis-volumen del pouch}
msdr: {\it plotted by \ANGEL \version}
msdl: {\it calculated by \PHITS  3.36}
wt: s(0.7)
\vspace{-3}
  xmin  &=&  -2.0000E-01 [cm]
  xmax  &=&  -1.0000E-01 [cm]
  ymin  &=&  -1.5500E+00 [cm]
  ymax  &=&  -1.4500E+00 [cm]
e:

#------------------------------------------------------------------------------
 newpage:
#   no. =201   ix  =  7   iy  =  3
#   x = (  -2.0000E-01  -  -1.0000E-01  )
#   y = (  -1.4500E+00  -  -1.3500E+00  )

x: z[cm]
y: Dose [Gy/source]      
p: xlin ylog afac(0.8) form(0.9)
h: n            x            y(proton  ),hh0l n 
#  z-lower      z-upper        proton    r.err 
   9.8455E+01   9.8486E+01   6.8395E-05  0.7951
   9.8486E+01   9.8517E+01   1.7610E-08  1.0000
   9.8517E+01   9.8549E+01   5.0074E-05  1.0000
   9.8549E+01   9.8580E+01   2.2793E-05  1.0000

#   sum over    1.2500E-03   3.5320E-05  0.6436

'no. =201,  ix =  7,  iy =  3'
msuc: {\huge Histograma dosis-volumen del pouch}
msdr: {\it plotted by \ANGEL \version}
msdl: {\it calculated by \PHITS  3.36}
wt: s(0.7)
\vspace{-3}
  xmin  &=&  -2.0000E-01 [cm]
  xmax  &=&  -1.0000E-01 [cm]
  ymin  &=&  -1.4500E+00 [cm]
  ymax  &=&  -1.3500E+00 [cm]
e:

#------------------------------------------------------------------------------
 newpage:
#   no. =202   ix  =  7   iy  =  4
#   x = (  -2.0000E-01  -  -1.0000E-01  )
#   y = (  -1.3500E+00  -  -1.2500E+00  )

x: z[cm]
y: Dose [Gy/source]      
p: xlin ylog afac(0.8) form(0.9)
h: n            x            y(proton  ),hh0l n 
#  z-lower      z-upper        proton    r.err 
   9.8455E+01   9.8486E+01   2.6952E-01  0.0120
   9.8486E+01   9.8517E+01   2.7473E-01  0.0126
   9.8517E+01   9.8549E+01   2.6852E-01  0.0135
   9.8549E+01   9.8580E+01   2.5774E-01  0.0153

#   sum over    1.2500E-03   2.6763E-01  0.0116

'no. =202,  ix =  7,  iy =  4'
msuc: {\huge Histograma dosis-volumen del pouch}
msdr: {\it plotted by \ANGEL \version}
msdl: {\it calculated by \PHITS  3.36}
wt: s(0.7)
\vspace{-3}
  xmin  &=&  -2.0000E-01 [cm]
  xmax  &=&  -1.0000E-01 [cm]
  ymin  &=&  -1.3500E+00 [cm]
  ymax  &=&  -1.2500E+00 [cm]
e:

#------------------------------------------------------------------------------
 newpage:
#   no. =203   ix  =  7   iy  =  5
#   x = (  -2.0000E-01  -  -1.0000E-01  )
#   y = (  -1.2500E+00  -  -1.1500E+00  )

x: z[cm]
y: Dose [Gy/source]      
p: xlin ylog afac(0.8) form(0.9)
h: n            x            y(proton  ),hh0l n 
#  z-lower      z-upper        proton    r.err 
   9.8455E+01   9.8486E+01   3.7222E-01  0.0102
   9.8486E+01   9.8517E+01   3.7516E-01  0.0108
   9.8517E+01   9.8549E+01   3.6335E-01  0.0116
   9.8549E+01   9.8580E+01   3.5679E-01  0.0131

#   sum over    1.2500E-03   3.6688E-01  0.0099

'no. =203,  ix =  7,  iy =  5'
msuc: {\huge Histograma dosis-volumen del pouch}
msdr: {\it plotted by \ANGEL \version}
msdl: {\it calculated by \PHITS  3.36}
wt: s(0.7)
\vspace{-3}
  xmin  &=&  -2.0000E-01 [cm]
  xmax  &=&  -1.0000E-01 [cm]
  ymin  &=&  -1.2500E+00 [cm]
  ymax  &=&  -1.1500E+00 [cm]
e:

#------------------------------------------------------------------------------
 newpage:
#   no. =204   ix  =  7   iy  =  6
#   x = (  -2.0000E-01  -  -1.0000E-01  )
#   y = (  -1.1500E+00  -  -1.0500E+00  )

x: z[cm]
y: Dose [Gy/source]      
p: xlin ylog afac(0.8) form(0.9)
h: n            x            y(proton  ),hh0l n 
#  z-lower      z-upper        proton    r.err 
   9.8455E+01   9.8486E+01   3.6669E-01  0.0103
   9.8486E+01   9.8517E+01   3.7049E-01  0.0109
   9.8517E+01   9.8549E+01   3.5452E-01  0.0117
   9.8549E+01   9.8580E+01   3.4315E-01  0.0133

#   sum over    1.2500E-03   3.5871E-01  0.0100

'no. =204,  ix =  7,  iy =  6'
msuc: {\huge Histograma dosis-volumen del pouch}
msdr: {\it plotted by \ANGEL \version}
msdl: {\it calculated by \PHITS  3.36}
wt: s(0.7)
\vspace{-3}
  xmin  &=&  -2.0000E-01 [cm]
  xmax  &=&  -1.0000E-01 [cm]
  ymin  &=&  -1.1500E+00 [cm]
  ymax  &=&  -1.0500E+00 [cm]
e:

#------------------------------------------------------------------------------
 newpage:
#   no. =205   ix  =  7   iy  =  7
#   x = (  -2.0000E-01  -  -1.0000E-01  )
#   y = (  -1.0500E+00  -  -9.5000E-01  )

x: z[cm]
y: Dose [Gy/source]      
p: xlin ylog afac(0.8) form(0.9)
h: n            x            y(proton  ),hh0l n 
#  z-lower      z-upper        proton    r.err 
   9.8455E+01   9.8486E+01   3.6530E-01  0.0104
   9.8486E+01   9.8517E+01   3.6824E-01  0.0109
   9.8517E+01   9.8549E+01   3.5546E-01  0.0117
   9.8549E+01   9.8580E+01   3.4081E-01  0.0133

#   sum over    1.2500E-03   3.5745E-01  0.0100

'no. =205,  ix =  7,  iy =  7'
msuc: {\huge Histograma dosis-volumen del pouch}
msdr: {\it plotted by \ANGEL \version}
msdl: {\it calculated by \PHITS  3.36}
wt: s(0.7)
\vspace{-3}
  xmin  &=&  -2.0000E-01 [cm]
  xmax  &=&  -1.0000E-01 [cm]
  ymin  &=&  -1.0500E+00 [cm]
  ymax  &=&  -9.5000E-01 [cm]
e:

#------------------------------------------------------------------------------
 newpage:
#   no. =206   ix  =  7   iy  =  8
#   x = (  -2.0000E-01  -  -1.0000E-01  )
#   y = (  -9.5000E-01  -  -8.5000E-01  )

x: z[cm]
y: Dose [Gy/source]      
p: xlin ylog afac(0.8) form(0.9)
h: n            x            y(proton  ),hh0l n 
#  z-lower      z-upper        proton    r.err 
   9.8455E+01   9.8486E+01   3.5909E-01  0.0104
   9.8486E+01   9.8517E+01   3.6071E-01  0.0110
   9.8517E+01   9.8549E+01   3.4765E-01  0.0119
   9.8549E+01   9.8580E+01   3.3859E-01  0.0134

#   sum over    1.2500E-03   3.5151E-01  0.0101

'no. =206,  ix =  7,  iy =  8'
msuc: {\huge Histograma dosis-volumen del pouch}
msdr: {\it plotted by \ANGEL \version}
msdl: {\it calculated by \PHITS  3.36}
wt: s(0.7)
\vspace{-3}
  xmin  &=&  -2.0000E-01 [cm]
  xmax  &=&  -1.0000E-01 [cm]
  ymin  &=&  -9.5000E-01 [cm]
  ymax  &=&  -8.5000E-01 [cm]
e:

#------------------------------------------------------------------------------
 newpage:
#   no. =207   ix  =  7   iy  =  9
#   x = (  -2.0000E-01  -  -1.0000E-01  )
#   y = (  -8.5000E-01  -  -7.5000E-01  )

x: z[cm]
y: Dose [Gy/source]      
p: xlin ylog afac(0.8) form(0.9)
h: n            x            y(proton  ),hh0l n 
#  z-lower      z-upper        proton    r.err 
   9.8455E+01   9.8486E+01   3.6383E-01  0.0104
   9.8486E+01   9.8517E+01   3.6656E-01  0.0110
   9.8517E+01   9.8549E+01   3.5131E-01  0.0118
   9.8549E+01   9.8580E+01   3.4042E-01  0.0134

#   sum over    1.2500E-03   3.5553E-01  0.0101

'no. =207,  ix =  7,  iy =  9'
msuc: {\huge Histograma dosis-volumen del pouch}
msdr: {\it plotted by \ANGEL \version}
msdl: {\it calculated by \PHITS  3.36}
wt: s(0.7)
\vspace{-3}
  xmin  &=&  -2.0000E-01 [cm]
  xmax  &=&  -1.0000E-01 [cm]
  ymin  &=&  -8.5000E-01 [cm]
  ymax  &=&  -7.5000E-01 [cm]
e:

#------------------------------------------------------------------------------
 newpage:
#   no. =208   ix  =  7   iy  = 10
#   x = (  -2.0000E-01  -  -1.0000E-01  )
#   y = (  -7.5000E-01  -  -6.5000E-01  )

x: z[cm]
y: Dose [Gy/source]      
p: xlin ylog afac(0.8) form(0.9)
h: n            x            y(proton  ),hh0l n 
#  z-lower      z-upper        proton    r.err 
   9.8455E+01   9.8486E+01   3.6141E-01  0.0104
   9.8486E+01   9.8517E+01   3.6394E-01  0.0110
   9.8517E+01   9.8549E+01   3.5179E-01  0.0118
   9.8549E+01   9.8580E+01   3.3956E-01  0.0134

#   sum over    1.2500E-03   3.5418E-01  0.0101

'no. =208,  ix =  7,  iy = 10'
msuc: {\huge Histograma dosis-volumen del pouch}
msdr: {\it plotted by \ANGEL \version}
msdl: {\it calculated by \PHITS  3.36}
wt: s(0.7)
\vspace{-3}
  xmin  &=&  -2.0000E-01 [cm]
  xmax  &=&  -1.0000E-01 [cm]
  ymin  &=&  -7.5000E-01 [cm]
  ymax  &=&  -6.5000E-01 [cm]
e:

#------------------------------------------------------------------------------
 newpage:
#   no. =209   ix  =  7   iy  = 11
#   x = (  -2.0000E-01  -  -1.0000E-01  )
#   y = (  -6.5000E-01  -  -5.5000E-01  )

x: z[cm]
y: Dose [Gy/source]      
p: xlin ylog afac(0.8) form(0.9)
h: n            x            y(proton  ),hh0l n 
#  z-lower      z-upper        proton    r.err 
   9.8455E+01   9.8486E+01   3.6085E-01  0.0104
   9.8486E+01   9.8517E+01   3.6288E-01  0.0110
   9.8517E+01   9.8549E+01   3.4802E-01  0.0119
   9.8549E+01   9.8580E+01   3.3527E-01  0.0134

#   sum over    1.2500E-03   3.5175E-01  0.0101

'no. =209,  ix =  7,  iy = 11'
msuc: {\huge Histograma dosis-volumen del pouch}
msdr: {\it plotted by \ANGEL \version}
msdl: {\it calculated by \PHITS  3.36}
wt: s(0.7)
\vspace{-3}
  xmin  &=&  -2.0000E-01 [cm]
  xmax  &=&  -1.0000E-01 [cm]
  ymin  &=&  -6.5000E-01 [cm]
  ymax  &=&  -5.5000E-01 [cm]
e:

#------------------------------------------------------------------------------
 newpage:
#   no. =210   ix  =  7   iy  = 12
#   x = (  -2.0000E-01  -  -1.0000E-01  )
#   y = (  -5.5000E-01  -  -4.5000E-01  )

x: z[cm]
y: Dose [Gy/source]      
p: xlin ylog afac(0.8) form(0.9)
h: n            x            y(proton  ),hh0l n 
#  z-lower      z-upper        proton    r.err 
   9.8455E+01   9.8486E+01   3.5720E-01  0.0105
   9.8486E+01   9.8517E+01   3.5757E-01  0.0111
   9.8517E+01   9.8549E+01   3.4129E-01  0.0120
   9.8549E+01   9.8580E+01   3.2245E-01  0.0137

#   sum over    1.2500E-03   3.4463E-01  0.0102

'no. =210,  ix =  7,  iy = 12'
msuc: {\huge Histograma dosis-volumen del pouch}
msdr: {\it plotted by \ANGEL \version}
msdl: {\it calculated by \PHITS  3.36}
wt: s(0.7)
\vspace{-3}
  xmin  &=&  -2.0000E-01 [cm]
  xmax  &=&  -1.0000E-01 [cm]
  ymin  &=&  -5.5000E-01 [cm]
  ymax  &=&  -4.5000E-01 [cm]
e:

#------------------------------------------------------------------------------
 newpage:
#   no. =211   ix  =  7   iy  = 13
#   x = (  -2.0000E-01  -  -1.0000E-01  )
#   y = (  -4.5000E-01  -  -3.5000E-01  )

x: z[cm]
y: Dose [Gy/source]      
p: xlin ylog afac(0.8) form(0.9)
h: n            x            y(proton  ),hh0l n 
#  z-lower      z-upper        proton    r.err 
   9.8455E+01   9.8486E+01   3.6339E-01  0.0104
   9.8486E+01   9.8517E+01   3.6727E-01  0.0110
   9.8517E+01   9.8549E+01   3.5067E-01  0.0118
   9.8549E+01   9.8580E+01   3.3864E-01  0.0134

#   sum over    1.2500E-03   3.5500E-01  0.0101

'no. =211,  ix =  7,  iy = 13'
msuc: {\huge Histograma dosis-volumen del pouch}
msdr: {\it plotted by \ANGEL \version}
msdl: {\it calculated by \PHITS  3.36}
wt: s(0.7)
\vspace{-3}
  xmin  &=&  -2.0000E-01 [cm]
  xmax  &=&  -1.0000E-01 [cm]
  ymin  &=&  -4.5000E-01 [cm]
  ymax  &=&  -3.5000E-01 [cm]
e:

#------------------------------------------------------------------------------
 newpage:
#   no. =212   ix  =  7   iy  = 14
#   x = (  -2.0000E-01  -  -1.0000E-01  )
#   y = (  -3.5000E-01  -  -2.5000E-01  )

x: z[cm]
y: Dose [Gy/source]      
p: xlin ylog afac(0.8) form(0.9)
h: n            x            y(proton  ),hh0l n 
#  z-lower      z-upper        proton    r.err 
   9.8455E+01   9.8486E+01   3.5083E-01  0.0106
   9.8486E+01   9.8517E+01   3.5187E-01  0.0112
   9.8517E+01   9.8549E+01   3.4010E-01  0.0120
   9.8549E+01   9.8580E+01   3.2951E-01  0.0136

#   sum over    1.2500E-03   3.4308E-01  0.0102

'no. =212,  ix =  7,  iy = 14'
msuc: {\huge Histograma dosis-volumen del pouch}
msdr: {\it plotted by \ANGEL \version}
msdl: {\it calculated by \PHITS  3.36}
wt: s(0.7)
\vspace{-3}
  xmin  &=&  -2.0000E-01 [cm]
  xmax  &=&  -1.0000E-01 [cm]
  ymin  &=&  -3.5000E-01 [cm]
  ymax  &=&  -2.5000E-01 [cm]
e:

#------------------------------------------------------------------------------
 newpage:
#   no. =213   ix  =  7   iy  = 15
#   x = (  -2.0000E-01  -  -1.0000E-01  )
#   y = (  -2.5000E-01  -  -1.5000E-01  )

x: z[cm]
y: Dose [Gy/source]      
p: xlin ylog afac(0.8) form(0.9)
h: n            x            y(proton  ),hh0l n 
#  z-lower      z-upper        proton    r.err 
   9.8455E+01   9.8486E+01   3.5668E-01  0.0105
   9.8486E+01   9.8517E+01   3.5609E-01  0.0111
   9.8517E+01   9.8549E+01   3.4288E-01  0.0120
   9.8549E+01   9.8580E+01   3.2552E-01  0.0136

#   sum over    1.2500E-03   3.4529E-01  0.0102

'no. =213,  ix =  7,  iy = 15'
msuc: {\huge Histograma dosis-volumen del pouch}
msdr: {\it plotted by \ANGEL \version}
msdl: {\it calculated by \PHITS  3.36}
wt: s(0.7)
\vspace{-3}
  xmin  &=&  -2.0000E-01 [cm]
  xmax  &=&  -1.0000E-01 [cm]
  ymin  &=&  -2.5000E-01 [cm]
  ymax  &=&  -1.5000E-01 [cm]
e:

#------------------------------------------------------------------------------
 newpage:
#   no. =214   ix  =  7   iy  = 16
#   x = (  -2.0000E-01  -  -1.0000E-01  )
#   y = (  -1.5000E-01  -  -5.0000E-02  )

x: z[cm]
y: Dose [Gy/source]      
p: xlin ylog afac(0.8) form(0.9)
h: n            x            y(proton  ),hh0l n 
#  z-lower      z-upper        proton    r.err 
   9.8455E+01   9.8486E+01   3.5043E-01  0.0106
   9.8486E+01   9.8517E+01   3.5329E-01  0.0112
   9.8517E+01   9.8549E+01   3.3852E-01  0.0120
   9.8549E+01   9.8580E+01   3.2499E-01  0.0136

#   sum over    1.2500E-03   3.4181E-01  0.0102

'no. =214,  ix =  7,  iy = 16'
msuc: {\huge Histograma dosis-volumen del pouch}
msdr: {\it plotted by \ANGEL \version}
msdl: {\it calculated by \PHITS  3.36}
wt: s(0.7)
\vspace{-3}
  xmin  &=&  -2.0000E-01 [cm]
  xmax  &=&  -1.0000E-01 [cm]
  ymin  &=&  -1.5000E-01 [cm]
  ymax  &=&  -5.0000E-02 [cm]
e:

#------------------------------------------------------------------------------
 newpage:
#   no. =215   ix  =  7   iy  = 17
#   x = (  -2.0000E-01  -  -1.0000E-01  )
#   y = (  -5.0000E-02  -   5.0000E-02  )

x: z[cm]
y: Dose [Gy/source]      
p: xlin ylog afac(0.8) form(0.9)
h: n            x            y(proton  ),hh0l n 
#  z-lower      z-upper        proton    r.err 
   9.8455E+01   9.8486E+01   3.5627E-01  0.0105
   9.8486E+01   9.8517E+01   3.5768E-01  0.0111
   9.8517E+01   9.8549E+01   3.4184E-01  0.0120
   9.8549E+01   9.8580E+01   3.3454E-01  0.0135

#   sum over    1.2500E-03   3.4758E-01  0.0102

'no. =215,  ix =  7,  iy = 17'
msuc: {\huge Histograma dosis-volumen del pouch}
msdr: {\it plotted by \ANGEL \version}
msdl: {\it calculated by \PHITS  3.36}
wt: s(0.7)
\vspace{-3}
  xmin  &=&  -2.0000E-01 [cm]
  xmax  &=&  -1.0000E-01 [cm]
  ymin  &=&  -5.0000E-02 [cm]
  ymax  &=&   5.0000E-02 [cm]
e:

#------------------------------------------------------------------------------
 newpage:
#   no. =216   ix  =  7   iy  = 18
#   x = (  -2.0000E-01  -  -1.0000E-01  )
#   y = (   5.0000E-02  -   1.5000E-01  )

x: z[cm]
y: Dose [Gy/source]      
p: xlin ylog afac(0.8) form(0.9)
h: n            x            y(proton  ),hh0l n 
#  z-lower      z-upper        proton    r.err 
   9.8455E+01   9.8486E+01   3.5980E-01  0.0105
   9.8486E+01   9.8517E+01   3.6379E-01  0.0110
   9.8517E+01   9.8549E+01   3.4708E-01  0.0119
   9.8549E+01   9.8580E+01   3.3554E-01  0.0135

#   sum over    1.2500E-03   3.5155E-01  0.0101

'no. =216,  ix =  7,  iy = 18'
msuc: {\huge Histograma dosis-volumen del pouch}
msdr: {\it plotted by \ANGEL \version}
msdl: {\it calculated by \PHITS  3.36}
wt: s(0.7)
\vspace{-3}
  xmin  &=&  -2.0000E-01 [cm]
  xmax  &=&  -1.0000E-01 [cm]
  ymin  &=&   5.0000E-02 [cm]
  ymax  &=&   1.5000E-01 [cm]
e:

#------------------------------------------------------------------------------
 newpage:
#   no. =217   ix  =  7   iy  = 19
#   x = (  -2.0000E-01  -  -1.0000E-01  )
#   y = (   1.5000E-01  -   2.5000E-01  )

x: z[cm]
y: Dose [Gy/source]      
p: xlin ylog afac(0.8) form(0.9)
h: n            x            y(proton  ),hh0l n 
#  z-lower      z-upper        proton    r.err 
   9.8455E+01   9.8486E+01   3.5312E-01  0.0105
   9.8486E+01   9.8517E+01   3.5513E-01  0.0111
   9.8517E+01   9.8549E+01   3.4830E-01  0.0118
   9.8549E+01   9.8580E+01   3.3961E-01  0.0134

#   sum over    1.2500E-03   3.4904E-01  0.0102

'no. =217,  ix =  7,  iy = 19'
msuc: {\huge Histograma dosis-volumen del pouch}
msdr: {\it plotted by \ANGEL \version}
msdl: {\it calculated by \PHITS  3.36}
wt: s(0.7)
\vspace{-3}
  xmin  &=&  -2.0000E-01 [cm]
  xmax  &=&  -1.0000E-01 [cm]
  ymin  &=&   1.5000E-01 [cm]
  ymax  &=&   2.5000E-01 [cm]
e:

#------------------------------------------------------------------------------
 newpage:
#   no. =218   ix  =  7   iy  = 20
#   x = (  -2.0000E-01  -  -1.0000E-01  )
#   y = (   2.5000E-01  -   3.5000E-01  )

x: z[cm]
y: Dose [Gy/source]      
p: xlin ylog afac(0.8) form(0.9)
h: n            x            y(proton  ),hh0l n 
#  z-lower      z-upper        proton    r.err 
   9.8455E+01   9.8486E+01   3.5237E-01  0.0106
   9.8486E+01   9.8517E+01   3.5268E-01  0.0112
   9.8517E+01   9.8549E+01   3.3985E-01  0.0120
   9.8549E+01   9.8580E+01   3.2778E-01  0.0136

#   sum over    1.2500E-03   3.4317E-01  0.0102

'no. =218,  ix =  7,  iy = 20'
msuc: {\huge Histograma dosis-volumen del pouch}
msdr: {\it plotted by \ANGEL \version}
msdl: {\it calculated by \PHITS  3.36}
wt: s(0.7)
\vspace{-3}
  xmin  &=&  -2.0000E-01 [cm]
  xmax  &=&  -1.0000E-01 [cm]
  ymin  &=&   2.5000E-01 [cm]
  ymax  &=&   3.5000E-01 [cm]
e:

#------------------------------------------------------------------------------
 newpage:
#   no. =219   ix  =  7   iy  = 21
#   x = (  -2.0000E-01  -  -1.0000E-01  )
#   y = (   3.5000E-01  -   4.5000E-01  )

x: z[cm]
y: Dose [Gy/source]      
p: xlin ylog afac(0.8) form(0.9)
h: n            x            y(proton  ),hh0l n 
#  z-lower      z-upper        proton    r.err 
   9.8455E+01   9.8486E+01   3.6033E-01  0.0104
   9.8486E+01   9.8517E+01   3.6110E-01  0.0110
   9.8517E+01   9.8549E+01   3.4806E-01  0.0119
   9.8549E+01   9.8580E+01   3.3906E-01  0.0134

#   sum over    1.2500E-03   3.5213E-01  0.0101

'no. =219,  ix =  7,  iy = 21'
msuc: {\huge Histograma dosis-volumen del pouch}
msdr: {\it plotted by \ANGEL \version}
msdl: {\it calculated by \PHITS  3.36}
wt: s(0.7)
\vspace{-3}
  xmin  &=&  -2.0000E-01 [cm]
  xmax  &=&  -1.0000E-01 [cm]
  ymin  &=&   3.5000E-01 [cm]
  ymax  &=&   4.5000E-01 [cm]
e:

#------------------------------------------------------------------------------
 newpage:
#   no. =220   ix  =  7   iy  = 22
#   x = (  -2.0000E-01  -  -1.0000E-01  )
#   y = (   4.5000E-01  -   5.5000E-01  )

x: z[cm]
y: Dose [Gy/source]      
p: xlin ylog afac(0.8) form(0.9)
h: n            x            y(proton  ),hh0l n 
#  z-lower      z-upper        proton    r.err 
   9.8455E+01   9.8486E+01   3.5785E-01  0.0105
   9.8486E+01   9.8517E+01   3.6080E-01  0.0111
   9.8517E+01   9.8549E+01   3.4028E-01  0.0120
   9.8549E+01   9.8580E+01   3.3418E-01  0.0135

#   sum over    1.2500E-03   3.4827E-01  0.0102

'no. =220,  ix =  7,  iy = 22'
msuc: {\huge Histograma dosis-volumen del pouch}
msdr: {\it plotted by \ANGEL \version}
msdl: {\it calculated by \PHITS  3.36}
wt: s(0.7)
\vspace{-3}
  xmin  &=&  -2.0000E-01 [cm]
  xmax  &=&  -1.0000E-01 [cm]
  ymin  &=&   4.5000E-01 [cm]
  ymax  &=&   5.5000E-01 [cm]
e:

#------------------------------------------------------------------------------
 newpage:
#   no. =221   ix  =  7   iy  = 23
#   x = (  -2.0000E-01  -  -1.0000E-01  )
#   y = (   5.5000E-01  -   6.5000E-01  )

x: z[cm]
y: Dose [Gy/source]      
p: xlin ylog afac(0.8) form(0.9)
h: n            x            y(proton  ),hh0l n 
#  z-lower      z-upper        proton    r.err 
   9.8455E+01   9.8486E+01   3.5828E-01  0.0104
   9.8486E+01   9.8517E+01   3.6214E-01  0.0110
   9.8517E+01   9.8549E+01   3.5114E-01  0.0118
   9.8549E+01   9.8580E+01   3.3690E-01  0.0134

#   sum over    1.2500E-03   3.5212E-01  0.0101

'no. =221,  ix =  7,  iy = 23'
msuc: {\huge Histograma dosis-volumen del pouch}
msdr: {\it plotted by \ANGEL \version}
msdl: {\it calculated by \PHITS  3.36}
wt: s(0.7)
\vspace{-3}
  xmin  &=&  -2.0000E-01 [cm]
  xmax  &=&  -1.0000E-01 [cm]
  ymin  &=&   5.5000E-01 [cm]
  ymax  &=&   6.5000E-01 [cm]
e:

#------------------------------------------------------------------------------
 newpage:
#   no. =222   ix  =  7   iy  = 24
#   x = (  -2.0000E-01  -  -1.0000E-01  )
#   y = (   6.5000E-01  -   7.5000E-01  )

x: z[cm]
y: Dose [Gy/source]      
p: xlin ylog afac(0.8) form(0.9)
h: n            x            y(proton  ),hh0l n 
#  z-lower      z-upper        proton    r.err 
   9.8455E+01   9.8486E+01   3.5898E-01  0.0105
   9.8486E+01   9.8517E+01   3.5810E-01  0.0111
   9.8517E+01   9.8549E+01   3.4561E-01  0.0119
   9.8549E+01   9.8580E+01   3.3263E-01  0.0135

#   sum over    1.2500E-03   3.4883E-01  0.0101

'no. =222,  ix =  7,  iy = 24'
msuc: {\huge Histograma dosis-volumen del pouch}
msdr: {\it plotted by \ANGEL \version}
msdl: {\it calculated by \PHITS  3.36}
wt: s(0.7)
\vspace{-3}
  xmin  &=&  -2.0000E-01 [cm]
  xmax  &=&  -1.0000E-01 [cm]
  ymin  &=&   6.5000E-01 [cm]
  ymax  &=&   7.5000E-01 [cm]
e:

#------------------------------------------------------------------------------
 newpage:
#   no. =223   ix  =  7   iy  = 25
#   x = (  -2.0000E-01  -  -1.0000E-01  )
#   y = (   7.5000E-01  -   8.5000E-01  )

x: z[cm]
y: Dose [Gy/source]      
p: xlin ylog afac(0.8) form(0.9)
h: n            x            y(proton  ),hh0l n 
#  z-lower      z-upper        proton    r.err 
   9.8455E+01   9.8486E+01   3.6118E-01  0.0104
   9.8486E+01   9.8517E+01   3.5921E-01  0.0110
   9.8517E+01   9.8549E+01   3.4727E-01  0.0119
   9.8549E+01   9.8580E+01   3.4009E-01  0.0134

#   sum over    1.2500E-03   3.5194E-01  0.0101

'no. =223,  ix =  7,  iy = 25'
msuc: {\huge Histograma dosis-volumen del pouch}
msdr: {\it plotted by \ANGEL \version}
msdl: {\it calculated by \PHITS  3.36}
wt: s(0.7)
\vspace{-3}
  xmin  &=&  -2.0000E-01 [cm]
  xmax  &=&  -1.0000E-01 [cm]
  ymin  &=&   7.5000E-01 [cm]
  ymax  &=&   8.5000E-01 [cm]
e:

#------------------------------------------------------------------------------
 newpage:
#   no. =224   ix  =  7   iy  = 26
#   x = (  -2.0000E-01  -  -1.0000E-01  )
#   y = (   8.5000E-01  -   9.5000E-01  )

x: z[cm]
y: Dose [Gy/source]      
p: xlin ylog afac(0.8) form(0.9)
h: n            x            y(proton  ),hh0l n 
#  z-lower      z-upper        proton    r.err 
   9.8455E+01   9.8486E+01   3.6130E-01  0.0104
   9.8486E+01   9.8517E+01   3.6241E-01  0.0110
   9.8517E+01   9.8549E+01   3.4862E-01  0.0118
   9.8549E+01   9.8580E+01   3.4051E-01  0.0133

#   sum over    1.2500E-03   3.5321E-01  0.0101

'no. =224,  ix =  7,  iy = 26'
msuc: {\huge Histograma dosis-volumen del pouch}
msdr: {\it plotted by \ANGEL \version}
msdl: {\it calculated by \PHITS  3.36}
wt: s(0.7)
\vspace{-3}
  xmin  &=&  -2.0000E-01 [cm]
  xmax  &=&  -1.0000E-01 [cm]
  ymin  &=&   8.5000E-01 [cm]
  ymax  &=&   9.5000E-01 [cm]
e:

#------------------------------------------------------------------------------
 newpage:
#   no. =225   ix  =  7   iy  = 27
#   x = (  -2.0000E-01  -  -1.0000E-01  )
#   y = (   9.5000E-01  -   1.0500E+00  )

x: z[cm]
y: Dose [Gy/source]      
p: xlin ylog afac(0.8) form(0.9)
h: n            x            y(proton  ),hh0l n 
#  z-lower      z-upper        proton    r.err 
   9.8455E+01   9.8486E+01   3.6700E-01  0.0103
   9.8486E+01   9.8517E+01   3.7154E-01  0.0109
   9.8517E+01   9.8549E+01   3.6058E-01  0.0117
   9.8549E+01   9.8580E+01   3.4477E-01  0.0132

#   sum over    1.2500E-03   3.6097E-01  0.0100

'no. =225,  ix =  7,  iy = 27'
msuc: {\huge Histograma dosis-volumen del pouch}
msdr: {\it plotted by \ANGEL \version}
msdl: {\it calculated by \PHITS  3.36}
wt: s(0.7)
\vspace{-3}
  xmin  &=&  -2.0000E-01 [cm]
  xmax  &=&  -1.0000E-01 [cm]
  ymin  &=&   9.5000E-01 [cm]
  ymax  &=&   1.0500E+00 [cm]
e:

#------------------------------------------------------------------------------
 newpage:
#   no. =226   ix  =  7   iy  = 28
#   x = (  -2.0000E-01  -  -1.0000E-01  )
#   y = (   1.0500E+00  -   1.1500E+00  )

x: z[cm]
y: Dose [Gy/source]      
p: xlin ylog afac(0.8) form(0.9)
h: n            x            y(proton  ),hh0l n 
#  z-lower      z-upper        proton    r.err 
   9.8455E+01   9.8486E+01   3.6333E-01  0.0103
   9.8486E+01   9.8517E+01   3.6688E-01  0.0109
   9.8517E+01   9.8549E+01   3.5431E-01  0.0117
   9.8549E+01   9.8580E+01   3.4663E-01  0.0132

#   sum over    1.2500E-03   3.5779E-01  0.0100

'no. =226,  ix =  7,  iy = 28'
msuc: {\huge Histograma dosis-volumen del pouch}
msdr: {\it plotted by \ANGEL \version}
msdl: {\it calculated by \PHITS  3.36}
wt: s(0.7)
\vspace{-3}
  xmin  &=&  -2.0000E-01 [cm]
  xmax  &=&  -1.0000E-01 [cm]
  ymin  &=&   1.0500E+00 [cm]
  ymax  &=&   1.1500E+00 [cm]
e:

#------------------------------------------------------------------------------
 newpage:
#   no. =227   ix  =  7   iy  = 29
#   x = (  -2.0000E-01  -  -1.0000E-01  )
#   y = (   1.1500E+00  -   1.2500E+00  )

x: z[cm]
y: Dose [Gy/source]      
p: xlin ylog afac(0.8) form(0.9)
h: n            x            y(proton  ),hh0l n 
#  z-lower      z-upper        proton    r.err 
   9.8455E+01   9.8486E+01   3.7334E-01  0.0102
   9.8486E+01   9.8517E+01   3.7911E-01  0.0108
   9.8517E+01   9.8549E+01   3.6097E-01  0.0116
   9.8549E+01   9.8580E+01   3.4827E-01  0.0132

#   sum over    1.2500E-03   3.6542E-01  0.0099

'no. =227,  ix =  7,  iy = 29'
msuc: {\huge Histograma dosis-volumen del pouch}
msdr: {\it plotted by \ANGEL \version}
msdl: {\it calculated by \PHITS  3.36}
wt: s(0.7)
\vspace{-3}
  xmin  &=&  -2.0000E-01 [cm]
  xmax  &=&  -1.0000E-01 [cm]
  ymin  &=&   1.1500E+00 [cm]
  ymax  &=&   1.2500E+00 [cm]
e:

#------------------------------------------------------------------------------
 newpage:
#   no. =228   ix  =  7   iy  = 30
#   x = (  -2.0000E-01  -  -1.0000E-01  )
#   y = (   1.2500E+00  -   1.3500E+00  )

x: z[cm]
y: Dose [Gy/source]      
p: xlin ylog afac(0.8) form(0.9)
h: n            x            y(proton  ),hh0l n 
#  z-lower      z-upper        proton    r.err 
   9.8455E+01   9.8486E+01   3.6941E-01  0.0103
   9.8486E+01   9.8517E+01   3.7584E-01  0.0108
   9.8517E+01   9.8549E+01   3.6521E-01  0.0116
   9.8549E+01   9.8580E+01   3.5265E-01  0.0131

#   sum over    1.2500E-03   3.6578E-01  0.0099

'no. =228,  ix =  7,  iy = 30'
msuc: {\huge Histograma dosis-volumen del pouch}
msdr: {\it plotted by \ANGEL \version}
msdl: {\it calculated by \PHITS  3.36}
wt: s(0.7)
\vspace{-3}
  xmin  &=&  -2.0000E-01 [cm]
  xmax  &=&  -1.0000E-01 [cm]
  ymin  &=&   1.2500E+00 [cm]
  ymax  &=&   1.3500E+00 [cm]
e:

#------------------------------------------------------------------------------
 newpage:
#   no. =229   ix  =  7   iy  = 31
#   x = (  -2.0000E-01  -  -1.0000E-01  )
#   y = (   1.3500E+00  -   1.4500E+00  )

x: z[cm]
y: Dose [Gy/source]      
p: xlin ylog afac(0.8) form(0.9)
h: n            x            y(proton  ),hh0l n 
#  z-lower      z-upper        proton    r.err 
   9.8455E+01   9.8486E+01   3.7642E-01  0.0102
   9.8486E+01   9.8517E+01   3.7829E-01  0.0108
   9.8517E+01   9.8549E+01   3.6427E-01  0.0116
   9.8549E+01   9.8580E+01   3.5260E-01  0.0131

#   sum over    1.2500E-03   3.6789E-01  0.0099

'no. =229,  ix =  7,  iy = 31'
msuc: {\huge Histograma dosis-volumen del pouch}
msdr: {\it plotted by \ANGEL \version}
msdl: {\it calculated by \PHITS  3.36}
wt: s(0.7)
\vspace{-3}
  xmin  &=&  -2.0000E-01 [cm]
  xmax  &=&  -1.0000E-01 [cm]
  ymin  &=&   1.3500E+00 [cm]
  ymax  &=&   1.4500E+00 [cm]
e:

#------------------------------------------------------------------------------
 newpage:
#   no. =230   ix  =  7   iy  = 32
#   x = (  -2.0000E-01  -  -1.0000E-01  )
#   y = (   1.4500E+00  -   1.5500E+00  )

x: z[cm]
y: Dose [Gy/source]      
p: xlin ylog afac(0.8) form(0.9)
h: n            x            y(proton  ),hh0l n 
#  z-lower      z-upper        proton    r.err 
   9.8455E+01   9.8486E+01   3.7371E-01  0.0102
   9.8486E+01   9.8517E+01   3.8149E-01  0.0107
   9.8517E+01   9.8549E+01   3.6535E-01  0.0115
   9.8549E+01   9.8580E+01   3.5766E-01  0.0131

#   sum over    1.2500E-03   3.6955E-01  0.0099

'no. =230,  ix =  7,  iy = 32'
msuc: {\huge Histograma dosis-volumen del pouch}
msdr: {\it plotted by \ANGEL \version}
msdl: {\it calculated by \PHITS  3.36}
wt: s(0.7)
\vspace{-3}
  xmin  &=&  -2.0000E-01 [cm]
  xmax  &=&  -1.0000E-01 [cm]
  ymin  &=&   1.4500E+00 [cm]
  ymax  &=&   1.5500E+00 [cm]
e:

#------------------------------------------------------------------------------
 newpage:
#   no. =231   ix  =  7   iy  = 33
#   x = (  -2.0000E-01  -  -1.0000E-01  )
#   y = (   1.5500E+00  -   1.6500E+00  )

x: z[cm]
y: Dose [Gy/source]      
p: xlin ylog afac(0.8) form(0.9)
h: n            x            y(proton  ),hh0l n 
#  z-lower      z-upper        proton    r.err 
   9.8455E+01   9.8486E+01   3.7993E-01  0.0101
   9.8486E+01   9.8517E+01   3.8249E-01  0.0107
   9.8517E+01   9.8549E+01   3.6984E-01  0.0115
   9.8549E+01   9.8580E+01   3.5759E-01  0.0131

#   sum over    1.2500E-03   3.7246E-01  0.0098

'no. =231,  ix =  7,  iy = 33'
msuc: {\huge Histograma dosis-volumen del pouch}
msdr: {\it plotted by \ANGEL \version}
msdl: {\it calculated by \PHITS  3.36}
wt: s(0.7)
\vspace{-3}
  xmin  &=&  -2.0000E-01 [cm]
  xmax  &=&  -1.0000E-01 [cm]
  ymin  &=&   1.5500E+00 [cm]
  ymax  &=&   1.6500E+00 [cm]
e:

#------------------------------------------------------------------------------
 newpage:
#   no. =232   ix  =  8   iy  =  1
#   x = (  -1.0000E-01  -   0.0000E+00  )
#   y = (  -1.6500E+00  -  -1.5500E+00  )

x: z[cm]
y: Dose [Gy/source]      
p: xlin ylog afac(0.8) form(0.9)
h: n            x            y(proton  ),hh0l n 
#  z-lower      z-upper        proton    r.err 
   9.8455E+01   9.8486E+01   0.0000E+00  0.0000
   9.8486E+01   9.8517E+01   0.0000E+00  0.0000
   9.8517E+01   9.8549E+01   0.0000E+00  0.0000
   9.8549E+01   9.8580E+01   0.0000E+00  0.0000

#   sum over    1.2500E-03   0.0000E+00  0.0000

'no. =232,  ix =  8,  iy =  1'
msuc: {\huge Histograma dosis-volumen del pouch}
msdr: {\it plotted by \ANGEL \version}
msdl: {\it calculated by \PHITS  3.36}
wt: s(0.7)
\vspace{-3}
  xmin  &=&  -1.0000E-01 [cm]
  xmax  &=&   0.0000E+00 [cm]
  ymin  &=&  -1.6500E+00 [cm]
  ymax  &=&  -1.5500E+00 [cm]
e:

#------------------------------------------------------------------------------
 newpage:
#   no. =233   ix  =  8   iy  =  2
#   x = (  -1.0000E-01  -   0.0000E+00  )
#   y = (  -1.5500E+00  -  -1.4500E+00  )

x: z[cm]
y: Dose [Gy/source]      
p: xlin ylog afac(0.8) form(0.9)
h: n            x            y(proton  ),hh0l n 
#  z-lower      z-upper        proton    r.err 
   9.8455E+01   9.8486E+01   0.0000E+00  0.0000
   9.8486E+01   9.8517E+01   0.0000E+00  0.0000
   9.8517E+01   9.8549E+01   0.0000E+00  0.0000
   9.8549E+01   9.8580E+01   0.0000E+00  0.0000

#   sum over    1.2500E-03   0.0000E+00  0.0000

'no. =233,  ix =  8,  iy =  2'
msuc: {\huge Histograma dosis-volumen del pouch}
msdr: {\it plotted by \ANGEL \version}
msdl: {\it calculated by \PHITS  3.36}
wt: s(0.7)
\vspace{-3}
  xmin  &=&  -1.0000E-01 [cm]
  xmax  &=&   0.0000E+00 [cm]
  ymin  &=&  -1.5500E+00 [cm]
  ymax  &=&  -1.4500E+00 [cm]
e:

#------------------------------------------------------------------------------
 newpage:
#   no. =234   ix  =  8   iy  =  3
#   x = (  -1.0000E-01  -   0.0000E+00  )
#   y = (  -1.4500E+00  -  -1.3500E+00  )

x: z[cm]
y: Dose [Gy/source]      
p: xlin ylog afac(0.8) form(0.9)
h: n            x            y(proton  ),hh0l n 
#  z-lower      z-upper        proton    r.err 
   9.8455E+01   9.8486E+01   5.2623E-05  1.0000
   9.8486E+01   9.8517E+01   2.3207E-04  0.5511
   9.8517E+01   9.8549E+01   1.9104E-04  0.5362
   9.8549E+01   9.8580E+01   2.2016E-04  0.5219

#   sum over    1.2500E-03   1.7397E-04  0.3797

'no. =234,  ix =  8,  iy =  3'
msuc: {\huge Histograma dosis-volumen del pouch}
msdr: {\it plotted by \ANGEL \version}
msdl: {\it calculated by \PHITS  3.36}
wt: s(0.7)
\vspace{-3}
  xmin  &=&  -1.0000E-01 [cm]
  xmax  &=&   0.0000E+00 [cm]
  ymin  &=&  -1.4500E+00 [cm]
  ymax  &=&  -1.3500E+00 [cm]
e:

#------------------------------------------------------------------------------
 newpage:
#   no. =235   ix  =  8   iy  =  4
#   x = (  -1.0000E-01  -   0.0000E+00  )
#   y = (  -1.3500E+00  -  -1.2500E+00  )

x: z[cm]
y: Dose [Gy/source]      
p: xlin ylog afac(0.8) form(0.9)
h: n            x            y(proton  ),hh0l n 
#  z-lower      z-upper        proton    r.err 
   9.8455E+01   9.8486E+01   2.6339E-01  0.0121
   9.8486E+01   9.8517E+01   2.6880E-01  0.0128
   9.8517E+01   9.8549E+01   2.5890E-01  0.0137
   9.8549E+01   9.8580E+01   2.4853E-01  0.0156

#   sum over    1.2500E-03   2.5990E-01  0.0117

'no. =235,  ix =  8,  iy =  4'
msuc: {\huge Histograma dosis-volumen del pouch}
msdr: {\it plotted by \ANGEL \version}
msdl: {\it calculated by \PHITS  3.36}
wt: s(0.7)
\vspace{-3}
  xmin  &=&  -1.0000E-01 [cm]
  xmax  &=&   0.0000E+00 [cm]
  ymin  &=&  -1.3500E+00 [cm]
  ymax  &=&  -1.2500E+00 [cm]
e:

#------------------------------------------------------------------------------
 newpage:
#   no. =236   ix  =  8   iy  =  5
#   x = (  -1.0000E-01  -   0.0000E+00  )
#   y = (  -1.2500E+00  -  -1.1500E+00  )

x: z[cm]
y: Dose [Gy/source]      
p: xlin ylog afac(0.8) form(0.9)
h: n            x            y(proton  ),hh0l n 
#  z-lower      z-upper        proton    r.err 
   9.8455E+01   9.8486E+01   3.6436E-01  0.0104
   9.8486E+01   9.8517E+01   3.6512E-01  0.0110
   9.8517E+01   9.8549E+01   3.4964E-01  0.0118
   9.8549E+01   9.8580E+01   3.4037E-01  0.0134

#   sum over    1.2500E-03   3.5487E-01  0.0100

'no. =236,  ix =  8,  iy =  5'
msuc: {\huge Histograma dosis-volumen del pouch}
msdr: {\it plotted by \ANGEL \version}
msdl: {\it calculated by \PHITS  3.36}
wt: s(0.7)
\vspace{-3}
  xmin  &=&  -1.0000E-01 [cm]
  xmax  &=&   0.0000E+00 [cm]
  ymin  &=&  -1.2500E+00 [cm]
  ymax  &=&  -1.1500E+00 [cm]
e:

#------------------------------------------------------------------------------
 newpage:
#   no. =237   ix  =  8   iy  =  6
#   x = (  -1.0000E-01  -   0.0000E+00  )
#   y = (  -1.1500E+00  -  -1.0500E+00  )

x: z[cm]
y: Dose [Gy/source]      
p: xlin ylog afac(0.8) form(0.9)
h: n            x            y(proton  ),hh0l n 
#  z-lower      z-upper        proton    r.err 
   9.8455E+01   9.8486E+01   3.6318E-01  0.0103
   9.8486E+01   9.8517E+01   3.6831E-01  0.0110
   9.8517E+01   9.8549E+01   3.5439E-01  0.0118
   9.8549E+01   9.8580E+01   3.4084E-01  0.0133

#   sum over    1.2500E-03   3.5668E-01  0.0100

'no. =237,  ix =  8,  iy =  6'
msuc: {\huge Histograma dosis-volumen del pouch}
msdr: {\it plotted by \ANGEL \version}
msdl: {\it calculated by \PHITS  3.36}
wt: s(0.7)
\vspace{-3}
  xmin  &=&  -1.0000E-01 [cm]
  xmax  &=&   0.0000E+00 [cm]
  ymin  &=&  -1.1500E+00 [cm]
  ymax  &=&  -1.0500E+00 [cm]
e:

#------------------------------------------------------------------------------
 newpage:
#   no. =238   ix  =  8   iy  =  7
#   x = (  -1.0000E-01  -   0.0000E+00  )
#   y = (  -1.0500E+00  -  -9.5000E-01  )

x: z[cm]
y: Dose [Gy/source]      
p: xlin ylog afac(0.8) form(0.9)
h: n            x            y(proton  ),hh0l n 
#  z-lower      z-upper        proton    r.err 
   9.8455E+01   9.8486E+01   3.6522E-01  0.0104
   9.8486E+01   9.8517E+01   3.6822E-01  0.0110
   9.8517E+01   9.8549E+01   3.5098E-01  0.0118
   9.8549E+01   9.8580E+01   3.4108E-01  0.0133

#   sum over    1.2500E-03   3.5638E-01  0.0100

'no. =238,  ix =  8,  iy =  7'
msuc: {\huge Histograma dosis-volumen del pouch}
msdr: {\it plotted by \ANGEL \version}
msdl: {\it calculated by \PHITS  3.36}
wt: s(0.7)
\vspace{-3}
  xmin  &=&  -1.0000E-01 [cm]
  xmax  &=&   0.0000E+00 [cm]
  ymin  &=&  -1.0500E+00 [cm]
  ymax  &=&  -9.5000E-01 [cm]
e:

#------------------------------------------------------------------------------
 newpage:
#   no. =239   ix  =  8   iy  =  8
#   x = (  -1.0000E-01  -   0.0000E+00  )
#   y = (  -9.5000E-01  -  -8.5000E-01  )

x: z[cm]
y: Dose [Gy/source]      
p: xlin ylog afac(0.8) form(0.9)
h: n            x            y(proton  ),hh0l n 
#  z-lower      z-upper        proton    r.err 
   9.8455E+01   9.8486E+01   3.7380E-01  0.0103
   9.8486E+01   9.8517E+01   3.7199E-01  0.0109
   9.8517E+01   9.8549E+01   3.5472E-01  0.0117
   9.8549E+01   9.8580E+01   3.4521E-01  0.0133

#   sum over    1.2500E-03   3.6143E-01  0.0100

'no. =239,  ix =  8,  iy =  8'
msuc: {\huge Histograma dosis-volumen del pouch}
msdr: {\it plotted by \ANGEL \version}
msdl: {\it calculated by \PHITS  3.36}
wt: s(0.7)
\vspace{-3}
  xmin  &=&  -1.0000E-01 [cm]
  xmax  &=&   0.0000E+00 [cm]
  ymin  &=&  -9.5000E-01 [cm]
  ymax  &=&  -8.5000E-01 [cm]
e:

#------------------------------------------------------------------------------
 newpage:
#   no. =240   ix  =  8   iy  =  9
#   x = (  -1.0000E-01  -   0.0000E+00  )
#   y = (  -8.5000E-01  -  -7.5000E-01  )

x: z[cm]
y: Dose [Gy/source]      
p: xlin ylog afac(0.8) form(0.9)
h: n            x            y(proton  ),hh0l n 
#  z-lower      z-upper        proton    r.err 
   9.8455E+01   9.8486E+01   3.6235E-01  0.0104
   9.8486E+01   9.8517E+01   3.6650E-01  0.0110
   9.8517E+01   9.8549E+01   3.5260E-01  0.0118
   9.8549E+01   9.8580E+01   3.4139E-01  0.0133

#   sum over    1.2500E-03   3.5571E-01  0.0101

'no. =240,  ix =  8,  iy =  9'
msuc: {\huge Histograma dosis-volumen del pouch}
msdr: {\it plotted by \ANGEL \version}
msdl: {\it calculated by \PHITS  3.36}
wt: s(0.7)
\vspace{-3}
  xmin  &=&  -1.0000E-01 [cm]
  xmax  &=&   0.0000E+00 [cm]
  ymin  &=&  -8.5000E-01 [cm]
  ymax  &=&  -7.5000E-01 [cm]
e:

#------------------------------------------------------------------------------
 newpage:
#   no. =241   ix  =  8   iy  = 10
#   x = (  -1.0000E-01  -   0.0000E+00  )
#   y = (  -7.5000E-01  -  -6.5000E-01  )

x: z[cm]
y: Dose [Gy/source]      
p: xlin ylog afac(0.8) form(0.9)
h: n            x            y(proton  ),hh0l n 
#  z-lower      z-upper        proton    r.err 
   9.8455E+01   9.8486E+01   3.5932E-01  0.0104
   9.8486E+01   9.8517E+01   3.6148E-01  0.0111
   9.8517E+01   9.8549E+01   3.4465E-01  0.0119
   9.8549E+01   9.8580E+01   3.3346E-01  0.0135

#   sum over    1.2500E-03   3.4973E-01  0.0101

'no. =241,  ix =  8,  iy = 10'
msuc: {\huge Histograma dosis-volumen del pouch}
msdr: {\it plotted by \ANGEL \version}
msdl: {\it calculated by \PHITS  3.36}
wt: s(0.7)
\vspace{-3}
  xmin  &=&  -1.0000E-01 [cm]
  xmax  &=&   0.0000E+00 [cm]
  ymin  &=&  -7.5000E-01 [cm]
  ymax  &=&  -6.5000E-01 [cm]
e:

#------------------------------------------------------------------------------
 newpage:
#   no. =242   ix  =  8   iy  = 11
#   x = (  -1.0000E-01  -   0.0000E+00  )
#   y = (  -6.5000E-01  -  -5.5000E-01  )

x: z[cm]
y: Dose [Gy/source]      
p: xlin ylog afac(0.8) form(0.9)
h: n            x            y(proton  ),hh0l n 
#  z-lower      z-upper        proton    r.err 
   9.8455E+01   9.8486E+01   3.6059E-01  0.0104
   9.8486E+01   9.8517E+01   3.6262E-01  0.0110
   9.8517E+01   9.8549E+01   3.4941E-01  0.0119
   9.8549E+01   9.8580E+01   3.3310E-01  0.0135

#   sum over    1.2500E-03   3.5143E-01  0.0101

'no. =242,  ix =  8,  iy = 11'
msuc: {\huge Histograma dosis-volumen del pouch}
msdr: {\it plotted by \ANGEL \version}
msdl: {\it calculated by \PHITS  3.36}
wt: s(0.7)
\vspace{-3}
  xmin  &=&  -1.0000E-01 [cm]
  xmax  &=&   0.0000E+00 [cm]
  ymin  &=&  -6.5000E-01 [cm]
  ymax  &=&  -5.5000E-01 [cm]
e:

#------------------------------------------------------------------------------
 newpage:
#   no. =243   ix  =  8   iy  = 12
#   x = (  -1.0000E-01  -   0.0000E+00  )
#   y = (  -5.5000E-01  -  -4.5000E-01  )

x: z[cm]
y: Dose [Gy/source]      
p: xlin ylog afac(0.8) form(0.9)
h: n            x            y(proton  ),hh0l n 
#  z-lower      z-upper        proton    r.err 
   9.8455E+01   9.8486E+01   3.5334E-01  0.0105
   9.8486E+01   9.8517E+01   3.5332E-01  0.0111
   9.8517E+01   9.8549E+01   3.4215E-01  0.0120
   9.8549E+01   9.8580E+01   3.3238E-01  0.0135

#   sum over    1.2500E-03   3.4529E-01  0.0102

'no. =243,  ix =  8,  iy = 12'
msuc: {\huge Histograma dosis-volumen del pouch}
msdr: {\it plotted by \ANGEL \version}
msdl: {\it calculated by \PHITS  3.36}
wt: s(0.7)
\vspace{-3}
  xmin  &=&  -1.0000E-01 [cm]
  xmax  &=&   0.0000E+00 [cm]
  ymin  &=&  -5.5000E-01 [cm]
  ymax  &=&  -4.5000E-01 [cm]
e:

#------------------------------------------------------------------------------
 newpage:
#   no. =244   ix  =  8   iy  = 13
#   x = (  -1.0000E-01  -   0.0000E+00  )
#   y = (  -4.5000E-01  -  -3.5000E-01  )

x: z[cm]
y: Dose [Gy/source]      
p: xlin ylog afac(0.8) form(0.9)
h: n            x            y(proton  ),hh0l n 
#  z-lower      z-upper        proton    r.err 
   9.8455E+01   9.8486E+01   3.5662E-01  0.0105
   9.8486E+01   9.8517E+01   3.5894E-01  0.0111
   9.8517E+01   9.8549E+01   3.4463E-01  0.0119
   9.8549E+01   9.8580E+01   3.3275E-01  0.0135

#   sum over    1.2500E-03   3.4824E-01  0.0101

'no. =244,  ix =  8,  iy = 13'
msuc: {\huge Histograma dosis-volumen del pouch}
msdr: {\it plotted by \ANGEL \version}
msdl: {\it calculated by \PHITS  3.36}
wt: s(0.7)
\vspace{-3}
  xmin  &=&  -1.0000E-01 [cm]
  xmax  &=&   0.0000E+00 [cm]
  ymin  &=&  -4.5000E-01 [cm]
  ymax  &=&  -3.5000E-01 [cm]
e:

#------------------------------------------------------------------------------
 newpage:
#   no. =245   ix  =  8   iy  = 14
#   x = (  -1.0000E-01  -   0.0000E+00  )
#   y = (  -3.5000E-01  -  -2.5000E-01  )

x: z[cm]
y: Dose [Gy/source]      
p: xlin ylog afac(0.8) form(0.9)
h: n            x            y(proton  ),hh0l n 
#  z-lower      z-upper        proton    r.err 
   9.8455E+01   9.8486E+01   3.5242E-01  0.0105
   9.8486E+01   9.8517E+01   3.5549E-01  0.0111
   9.8517E+01   9.8549E+01   3.4363E-01  0.0120
   9.8549E+01   9.8580E+01   3.2809E-01  0.0136

#   sum over    1.2500E-03   3.4491E-01  0.0102

'no. =245,  ix =  8,  iy = 14'
msuc: {\huge Histograma dosis-volumen del pouch}
msdr: {\it plotted by \ANGEL \version}
msdl: {\it calculated by \PHITS  3.36}
wt: s(0.7)
\vspace{-3}
  xmin  &=&  -1.0000E-01 [cm]
  xmax  &=&   0.0000E+00 [cm]
  ymin  &=&  -3.5000E-01 [cm]
  ymax  &=&  -2.5000E-01 [cm]
e:

#------------------------------------------------------------------------------
 newpage:
#   no. =246   ix  =  8   iy  = 15
#   x = (  -1.0000E-01  -   0.0000E+00  )
#   y = (  -2.5000E-01  -  -1.5000E-01  )

x: z[cm]
y: Dose [Gy/source]      
p: xlin ylog afac(0.8) form(0.9)
h: n            x            y(proton  ),hh0l n 
#  z-lower      z-upper        proton    r.err 
   9.8455E+01   9.8486E+01   3.5473E-01  0.0105
   9.8486E+01   9.8517E+01   3.5789E-01  0.0111
   9.8517E+01   9.8549E+01   3.4556E-01  0.0119
   9.8549E+01   9.8580E+01   3.3190E-01  0.0135

#   sum over    1.2500E-03   3.4752E-01  0.0102

'no. =246,  ix =  8,  iy = 15'
msuc: {\huge Histograma dosis-volumen del pouch}
msdr: {\it plotted by \ANGEL \version}
msdl: {\it calculated by \PHITS  3.36}
wt: s(0.7)
\vspace{-3}
  xmin  &=&  -1.0000E-01 [cm]
  xmax  &=&   0.0000E+00 [cm]
  ymin  &=&  -2.5000E-01 [cm]
  ymax  &=&  -1.5000E-01 [cm]
e:

#------------------------------------------------------------------------------
 newpage:
#   no. =247   ix  =  8   iy  = 16
#   x = (  -1.0000E-01  -   0.0000E+00  )
#   y = (  -1.5000E-01  -  -5.0000E-02  )

x: z[cm]
y: Dose [Gy/source]      
p: xlin ylog afac(0.8) form(0.9)
h: n            x            y(proton  ),hh0l n 
#  z-lower      z-upper        proton    r.err 
   9.8455E+01   9.8486E+01   3.5600E-01  0.0105
   9.8486E+01   9.8517E+01   3.5755E-01  0.0111
   9.8517E+01   9.8549E+01   3.4143E-01  0.0120
   9.8549E+01   9.8580E+01   3.3096E-01  0.0135

#   sum over    1.2500E-03   3.4648E-01  0.0102

'no. =247,  ix =  8,  iy = 16'
msuc: {\huge Histograma dosis-volumen del pouch}
msdr: {\it plotted by \ANGEL \version}
msdl: {\it calculated by \PHITS  3.36}
wt: s(0.7)
\vspace{-3}
  xmin  &=&  -1.0000E-01 [cm]
  xmax  &=&   0.0000E+00 [cm]
  ymin  &=&  -1.5000E-01 [cm]
  ymax  &=&  -5.0000E-02 [cm]
e:

#------------------------------------------------------------------------------
 newpage:
#   no. =248   ix  =  8   iy  = 17
#   x = (  -1.0000E-01  -   0.0000E+00  )
#   y = (  -5.0000E-02  -   5.0000E-02  )

x: z[cm]
y: Dose [Gy/source]      
p: xlin ylog afac(0.8) form(0.9)
h: n            x            y(proton  ),hh0l n 
#  z-lower      z-upper        proton    r.err 
   9.8455E+01   9.8486E+01   3.5288E-01  0.0105
   9.8486E+01   9.8517E+01   3.5404E-01  0.0111
   9.8517E+01   9.8549E+01   3.4149E-01  0.0120
   9.8549E+01   9.8580E+01   3.2669E-01  0.0136

#   sum over    1.2500E-03   3.4377E-01  0.0102

'no. =248,  ix =  8,  iy = 17'
msuc: {\huge Histograma dosis-volumen del pouch}
msdr: {\it plotted by \ANGEL \version}
msdl: {\it calculated by \PHITS  3.36}
wt: s(0.7)
\vspace{-3}
  xmin  &=&  -1.0000E-01 [cm]
  xmax  &=&   0.0000E+00 [cm]
  ymin  &=&  -5.0000E-02 [cm]
  ymax  &=&   5.0000E-02 [cm]
e:

#------------------------------------------------------------------------------
 newpage:
#   no. =249   ix  =  8   iy  = 18
#   x = (  -1.0000E-01  -   0.0000E+00  )
#   y = (   5.0000E-02  -   1.5000E-01  )

x: z[cm]
y: Dose [Gy/source]      
p: xlin ylog afac(0.8) form(0.9)
h: n            x            y(proton  ),hh0l n 
#  z-lower      z-upper        proton    r.err 
   9.8455E+01   9.8486E+01   3.5266E-01  0.0105
   9.8486E+01   9.8517E+01   3.5676E-01  0.0111
   9.8517E+01   9.8549E+01   3.4481E-01  0.0119
   9.8549E+01   9.8580E+01   3.3253E-01  0.0135

#   sum over    1.2500E-03   3.4669E-01  0.0102

'no. =249,  ix =  8,  iy = 18'
msuc: {\huge Histograma dosis-volumen del pouch}
msdr: {\it plotted by \ANGEL \version}
msdl: {\it calculated by \PHITS  3.36}
wt: s(0.7)
\vspace{-3}
  xmin  &=&  -1.0000E-01 [cm]
  xmax  &=&   0.0000E+00 [cm]
  ymin  &=&   5.0000E-02 [cm]
  ymax  &=&   1.5000E-01 [cm]
e:

#------------------------------------------------------------------------------
 newpage:
#   no. =250   ix  =  8   iy  = 19
#   x = (  -1.0000E-01  -   0.0000E+00  )
#   y = (   1.5000E-01  -   2.5000E-01  )

x: z[cm]
y: Dose [Gy/source]      
p: xlin ylog afac(0.8) form(0.9)
h: n            x            y(proton  ),hh0l n 
#  z-lower      z-upper        proton    r.err 
   9.8455E+01   9.8486E+01   3.5255E-01  0.0106
   9.8486E+01   9.8517E+01   3.5330E-01  0.0111
   9.8517E+01   9.8549E+01   3.3804E-01  0.0120
   9.8549E+01   9.8580E+01   3.2673E-01  0.0136

#   sum over    1.2500E-03   3.4265E-01  0.0102

'no. =250,  ix =  8,  iy = 19'
msuc: {\huge Histograma dosis-volumen del pouch}
msdr: {\it plotted by \ANGEL \version}
msdl: {\it calculated by \PHITS  3.36}
wt: s(0.7)
\vspace{-3}
  xmin  &=&  -1.0000E-01 [cm]
  xmax  &=&   0.0000E+00 [cm]
  ymin  &=&   1.5000E-01 [cm]
  ymax  &=&   2.5000E-01 [cm]
e:

#------------------------------------------------------------------------------
 newpage:
#   no. =251   ix  =  8   iy  = 20
#   x = (  -1.0000E-01  -   0.0000E+00  )
#   y = (   2.5000E-01  -   3.5000E-01  )

x: z[cm]
y: Dose [Gy/source]      
p: xlin ylog afac(0.8) form(0.9)
h: n            x            y(proton  ),hh0l n 
#  z-lower      z-upper        proton    r.err 
   9.8455E+01   9.8486E+01   3.5234E-01  0.0106
   9.8486E+01   9.8517E+01   3.5519E-01  0.0112
   9.8517E+01   9.8549E+01   3.3921E-01  0.0120
   9.8549E+01   9.8580E+01   3.2720E-01  0.0136

#   sum over    1.2500E-03   3.4349E-01  0.0102

'no. =251,  ix =  8,  iy = 20'
msuc: {\huge Histograma dosis-volumen del pouch}
msdr: {\it plotted by \ANGEL \version}
msdl: {\it calculated by \PHITS  3.36}
wt: s(0.7)
\vspace{-3}
  xmin  &=&  -1.0000E-01 [cm]
  xmax  &=&   0.0000E+00 [cm]
  ymin  &=&   2.5000E-01 [cm]
  ymax  &=&   3.5000E-01 [cm]
e:

#------------------------------------------------------------------------------
 newpage:
#   no. =252   ix  =  8   iy  = 21
#   x = (  -1.0000E-01  -   0.0000E+00  )
#   y = (   3.5000E-01  -   4.5000E-01  )

x: z[cm]
y: Dose [Gy/source]      
p: xlin ylog afac(0.8) form(0.9)
h: n            x            y(proton  ),hh0l n 
#  z-lower      z-upper        proton    r.err 
   9.8455E+01   9.8486E+01   3.5781E-01  0.0105
   9.8486E+01   9.8517E+01   3.5862E-01  0.0111
   9.8517E+01   9.8549E+01   3.4418E-01  0.0119
   9.8549E+01   9.8580E+01   3.3244E-01  0.0135

#   sum over    1.2500E-03   3.4826E-01  0.0102

'no. =252,  ix =  8,  iy = 21'
msuc: {\huge Histograma dosis-volumen del pouch}
msdr: {\it plotted by \ANGEL \version}
msdl: {\it calculated by \PHITS  3.36}
wt: s(0.7)
\vspace{-3}
  xmin  &=&  -1.0000E-01 [cm]
  xmax  &=&   0.0000E+00 [cm]
  ymin  &=&   3.5000E-01 [cm]
  ymax  &=&   4.5000E-01 [cm]
e:

#------------------------------------------------------------------------------
 newpage:
#   no. =253   ix  =  8   iy  = 22
#   x = (  -1.0000E-01  -   0.0000E+00  )
#   y = (   4.5000E-01  -   5.5000E-01  )

x: z[cm]
y: Dose [Gy/source]      
p: xlin ylog afac(0.8) form(0.9)
h: n            x            y(proton  ),hh0l n 
#  z-lower      z-upper        proton    r.err 
   9.8455E+01   9.8486E+01   3.5925E-01  0.0104
   9.8486E+01   9.8517E+01   3.6189E-01  0.0111
   9.8517E+01   9.8549E+01   3.4278E-01  0.0119
   9.8549E+01   9.8580E+01   3.3325E-01  0.0135

#   sum over    1.2500E-03   3.4929E-01  0.0101

'no. =253,  ix =  8,  iy = 22'
msuc: {\huge Histograma dosis-volumen del pouch}
msdr: {\it plotted by \ANGEL \version}
msdl: {\it calculated by \PHITS  3.36}
wt: s(0.7)
\vspace{-3}
  xmin  &=&  -1.0000E-01 [cm]
  xmax  &=&   0.0000E+00 [cm]
  ymin  &=&   4.5000E-01 [cm]
  ymax  &=&   5.5000E-01 [cm]
e:

#------------------------------------------------------------------------------
 newpage:
#   no. =254   ix  =  8   iy  = 23
#   x = (  -1.0000E-01  -   0.0000E+00  )
#   y = (   5.5000E-01  -   6.5000E-01  )

x: z[cm]
y: Dose [Gy/source]      
p: xlin ylog afac(0.8) form(0.9)
h: n            x            y(proton  ),hh0l n 
#  z-lower      z-upper        proton    r.err 
   9.8455E+01   9.8486E+01   3.5964E-01  0.0105
   9.8486E+01   9.8517E+01   3.6264E-01  0.0110
   9.8517E+01   9.8549E+01   3.4437E-01  0.0119
   9.8549E+01   9.8580E+01   3.3609E-01  0.0134

#   sum over    1.2500E-03   3.5069E-01  0.0101

'no. =254,  ix =  8,  iy = 23'
msuc: {\huge Histograma dosis-volumen del pouch}
msdr: {\it plotted by \ANGEL \version}
msdl: {\it calculated by \PHITS  3.36}
wt: s(0.7)
\vspace{-3}
  xmin  &=&  -1.0000E-01 [cm]
  xmax  &=&   0.0000E+00 [cm]
  ymin  &=&   5.5000E-01 [cm]
  ymax  &=&   6.5000E-01 [cm]
e:

#------------------------------------------------------------------------------
 newpage:
#   no. =255   ix  =  8   iy  = 24
#   x = (  -1.0000E-01  -   0.0000E+00  )
#   y = (   6.5000E-01  -   7.5000E-01  )

x: z[cm]
y: Dose [Gy/source]      
p: xlin ylog afac(0.8) form(0.9)
h: n            x            y(proton  ),hh0l n 
#  z-lower      z-upper        proton    r.err 
   9.8455E+01   9.8486E+01   3.5761E-01  0.0105
   9.8486E+01   9.8517E+01   3.6054E-01  0.0111
   9.8517E+01   9.8549E+01   3.4539E-01  0.0119
   9.8549E+01   9.8580E+01   3.3467E-01  0.0135

#   sum over    1.2500E-03   3.4955E-01  0.0101

'no. =255,  ix =  8,  iy = 24'
msuc: {\huge Histograma dosis-volumen del pouch}
msdr: {\it plotted by \ANGEL \version}
msdl: {\it calculated by \PHITS  3.36}
wt: s(0.7)
\vspace{-3}
  xmin  &=&  -1.0000E-01 [cm]
  xmax  &=&   0.0000E+00 [cm]
  ymin  &=&   6.5000E-01 [cm]
  ymax  &=&   7.5000E-01 [cm]
e:

#------------------------------------------------------------------------------
 newpage:
#   no. =256   ix  =  8   iy  = 25
#   x = (  -1.0000E-01  -   0.0000E+00  )
#   y = (   7.5000E-01  -   8.5000E-01  )

x: z[cm]
y: Dose [Gy/source]      
p: xlin ylog afac(0.8) form(0.9)
h: n            x            y(proton  ),hh0l n 
#  z-lower      z-upper        proton    r.err 
   9.8455E+01   9.8486E+01   3.5718E-01  0.0104
   9.8486E+01   9.8517E+01   3.6305E-01  0.0111
   9.8517E+01   9.8549E+01   3.4140E-01  0.0120
   9.8549E+01   9.8580E+01   3.3577E-01  0.0135

#   sum over    1.2500E-03   3.4935E-01  0.0101

'no. =256,  ix =  8,  iy = 25'
msuc: {\huge Histograma dosis-volumen del pouch}
msdr: {\it plotted by \ANGEL \version}
msdl: {\it calculated by \PHITS  3.36}
wt: s(0.7)
\vspace{-3}
  xmin  &=&  -1.0000E-01 [cm]
  xmax  &=&   0.0000E+00 [cm]
  ymin  &=&   7.5000E-01 [cm]
  ymax  &=&   8.5000E-01 [cm]
e:

#------------------------------------------------------------------------------
 newpage:
#   no. =257   ix  =  8   iy  = 26
#   x = (  -1.0000E-01  -   0.0000E+00  )
#   y = (   8.5000E-01  -   9.5000E-01  )

x: z[cm]
y: Dose [Gy/source]      
p: xlin ylog afac(0.8) form(0.9)
h: n            x            y(proton  ),hh0l n 
#  z-lower      z-upper        proton    r.err 
   9.8455E+01   9.8486E+01   3.6419E-01  0.0103
   9.8486E+01   9.8517E+01   3.6950E-01  0.0109
   9.8517E+01   9.8549E+01   3.5739E-01  0.0117
   9.8549E+01   9.8580E+01   3.4374E-01  0.0133

#   sum over    1.2500E-03   3.5871E-01  0.0100

'no. =257,  ix =  8,  iy = 26'
msuc: {\huge Histograma dosis-volumen del pouch}
msdr: {\it plotted by \ANGEL \version}
msdl: {\it calculated by \PHITS  3.36}
wt: s(0.7)
\vspace{-3}
  xmin  &=&  -1.0000E-01 [cm]
  xmax  &=&   0.0000E+00 [cm]
  ymin  &=&   8.5000E-01 [cm]
  ymax  &=&   9.5000E-01 [cm]
e:

#------------------------------------------------------------------------------
 newpage:
#   no. =258   ix  =  8   iy  = 27
#   x = (  -1.0000E-01  -   0.0000E+00  )
#   y = (   9.5000E-01  -   1.0500E+00  )

x: z[cm]
y: Dose [Gy/source]      
p: xlin ylog afac(0.8) form(0.9)
h: n            x            y(proton  ),hh0l n 
#  z-lower      z-upper        proton    r.err 
   9.8455E+01   9.8486E+01   3.6755E-01  0.0103
   9.8486E+01   9.8517E+01   3.6817E-01  0.0109
   9.8517E+01   9.8549E+01   3.5465E-01  0.0118
   9.8549E+01   9.8580E+01   3.4315E-01  0.0133

#   sum over    1.2500E-03   3.5838E-01  0.0100

'no. =258,  ix =  8,  iy = 27'
msuc: {\huge Histograma dosis-volumen del pouch}
msdr: {\it plotted by \ANGEL \version}
msdl: {\it calculated by \PHITS  3.36}
wt: s(0.7)
\vspace{-3}
  xmin  &=&  -1.0000E-01 [cm]
  xmax  &=&   0.0000E+00 [cm]
  ymin  &=&   9.5000E-01 [cm]
  ymax  &=&   1.0500E+00 [cm]
e:

#------------------------------------------------------------------------------
 newpage:
#   no. =259   ix  =  8   iy  = 28
#   x = (  -1.0000E-01  -   0.0000E+00  )
#   y = (   1.0500E+00  -   1.1500E+00  )

x: z[cm]
y: Dose [Gy/source]      
p: xlin ylog afac(0.8) form(0.9)
h: n            x            y(proton  ),hh0l n 
#  z-lower      z-upper        proton    r.err 
   9.8455E+01   9.8486E+01   3.7152E-01  0.0103
   9.8486E+01   9.8517E+01   3.7459E-01  0.0108
   9.8517E+01   9.8549E+01   3.6116E-01  0.0116
   9.8549E+01   9.8580E+01   3.4995E-01  0.0132

#   sum over    1.2500E-03   3.6431E-01  0.0099

'no. =259,  ix =  8,  iy = 28'
msuc: {\huge Histograma dosis-volumen del pouch}
msdr: {\it plotted by \ANGEL \version}
msdl: {\it calculated by \PHITS  3.36}
wt: s(0.7)
\vspace{-3}
  xmin  &=&  -1.0000E-01 [cm]
  xmax  &=&   0.0000E+00 [cm]
  ymin  &=&   1.0500E+00 [cm]
  ymax  &=&   1.1500E+00 [cm]
e:

#------------------------------------------------------------------------------
 newpage:
#   no. =260   ix  =  8   iy  = 29
#   x = (  -1.0000E-01  -   0.0000E+00  )
#   y = (   1.1500E+00  -   1.2500E+00  )

x: z[cm]
y: Dose [Gy/source]      
p: xlin ylog afac(0.8) form(0.9)
h: n            x            y(proton  ),hh0l n 
#  z-lower      z-upper        proton    r.err 
   9.8455E+01   9.8486E+01   3.6999E-01  0.0103
   9.8486E+01   9.8517E+01   3.7125E-01  0.0109
   9.8517E+01   9.8549E+01   3.5459E-01  0.0117
   9.8549E+01   9.8580E+01   3.4770E-01  0.0132

#   sum over    1.2500E-03   3.6089E-01  0.0100

'no. =260,  ix =  8,  iy = 29'
msuc: {\huge Histograma dosis-volumen del pouch}
msdr: {\it plotted by \ANGEL \version}
msdl: {\it calculated by \PHITS  3.36}
wt: s(0.7)
\vspace{-3}
  xmin  &=&  -1.0000E-01 [cm]
  xmax  &=&   0.0000E+00 [cm]
  ymin  &=&   1.1500E+00 [cm]
  ymax  &=&   1.2500E+00 [cm]
e:

#------------------------------------------------------------------------------
 newpage:
#   no. =261   ix  =  8   iy  = 30
#   x = (  -1.0000E-01  -   0.0000E+00  )
#   y = (   1.2500E+00  -   1.3500E+00  )

x: z[cm]
y: Dose [Gy/source]      
p: xlin ylog afac(0.8) form(0.9)
h: n            x            y(proton  ),hh0l n 
#  z-lower      z-upper        proton    r.err 
   9.8455E+01   9.8486E+01   3.6811E-01  0.0103
   9.8486E+01   9.8517E+01   3.7364E-01  0.0109
   9.8517E+01   9.8549E+01   3.5693E-01  0.0117
   9.8549E+01   9.8580E+01   3.4821E-01  0.0132

#   sum over    1.2500E-03   3.6172E-01  0.0100

'no. =261,  ix =  8,  iy = 30'
msuc: {\huge Histograma dosis-volumen del pouch}
msdr: {\it plotted by \ANGEL \version}
msdl: {\it calculated by \PHITS  3.36}
wt: s(0.7)
\vspace{-3}
  xmin  &=&  -1.0000E-01 [cm]
  xmax  &=&   0.0000E+00 [cm]
  ymin  &=&   1.2500E+00 [cm]
  ymax  &=&   1.3500E+00 [cm]
e:

#------------------------------------------------------------------------------
 newpage:
#   no. =262   ix  =  8   iy  = 31
#   x = (  -1.0000E-01  -   0.0000E+00  )
#   y = (   1.3500E+00  -   1.4500E+00  )

x: z[cm]
y: Dose [Gy/source]      
p: xlin ylog afac(0.8) form(0.9)
h: n            x            y(proton  ),hh0l n 
#  z-lower      z-upper        proton    r.err 
   9.8455E+01   9.8486E+01   3.6972E-01  0.0103
   9.8486E+01   9.8517E+01   3.7082E-01  0.0109
   9.8517E+01   9.8549E+01   3.5976E-01  0.0116
   9.8549E+01   9.8580E+01   3.5188E-01  0.0132

#   sum over    1.2500E-03   3.6304E-01  0.0100

'no. =262,  ix =  8,  iy = 31'
msuc: {\huge Histograma dosis-volumen del pouch}
msdr: {\it plotted by \ANGEL \version}
msdl: {\it calculated by \PHITS  3.36}
wt: s(0.7)
\vspace{-3}
  xmin  &=&  -1.0000E-01 [cm]
  xmax  &=&   0.0000E+00 [cm]
  ymin  &=&   1.3500E+00 [cm]
  ymax  &=&   1.4500E+00 [cm]
e:

#------------------------------------------------------------------------------
 newpage:
#   no. =263   ix  =  8   iy  = 32
#   x = (  -1.0000E-01  -   0.0000E+00  )
#   y = (   1.4500E+00  -   1.5500E+00  )

x: z[cm]
y: Dose [Gy/source]      
p: xlin ylog afac(0.8) form(0.9)
h: n            x            y(proton  ),hh0l n 
#  z-lower      z-upper        proton    r.err 
   9.8455E+01   9.8486E+01   3.6867E-01  0.0103
   9.8486E+01   9.8517E+01   3.7357E-01  0.0108
   9.8517E+01   9.8549E+01   3.6428E-01  0.0116
   9.8549E+01   9.8580E+01   3.5102E-01  0.0132

#   sum over    1.2500E-03   3.6439E-01  0.0099

'no. =263,  ix =  8,  iy = 32'
msuc: {\huge Histograma dosis-volumen del pouch}
msdr: {\it plotted by \ANGEL \version}
msdl: {\it calculated by \PHITS  3.36}
wt: s(0.7)
\vspace{-3}
  xmin  &=&  -1.0000E-01 [cm]
  xmax  &=&   0.0000E+00 [cm]
  ymin  &=&   1.4500E+00 [cm]
  ymax  &=&   1.5500E+00 [cm]
e:

#------------------------------------------------------------------------------
 newpage:
#   no. =264   ix  =  8   iy  = 33
#   x = (  -1.0000E-01  -   0.0000E+00  )
#   y = (   1.5500E+00  -   1.6500E+00  )

x: z[cm]
y: Dose [Gy/source]      
p: xlin ylog afac(0.8) form(0.9)
h: n            x            y(proton  ),hh0l n 
#  z-lower      z-upper        proton    r.err 
   9.8455E+01   9.8486E+01   3.7508E-01  0.0102
   9.8486E+01   9.8517E+01   3.8074E-01  0.0107
   9.8517E+01   9.8549E+01   3.6752E-01  0.0115
   9.8549E+01   9.8580E+01   3.5966E-01  0.0130

#   sum over    1.2500E-03   3.7075E-01  0.0099

'no. =264,  ix =  8,  iy = 33'
msuc: {\huge Histograma dosis-volumen del pouch}
msdr: {\it plotted by \ANGEL \version}
msdl: {\it calculated by \PHITS  3.36}
wt: s(0.7)
\vspace{-3}
  xmin  &=&  -1.0000E-01 [cm]
  xmax  &=&   0.0000E+00 [cm]
  ymin  &=&   1.5500E+00 [cm]
  ymax  &=&   1.6500E+00 [cm]
e:

#------------------------------------------------------------------------------
 newpage:
#   no. =265   ix  =  9   iy  =  1
#   x = (   0.0000E+00  -   1.0000E-01  )
#   y = (  -1.6500E+00  -  -1.5500E+00  )

x: z[cm]
y: Dose [Gy/source]      
p: xlin ylog afac(0.8) form(0.9)
h: n            x            y(proton  ),hh0l n 
#  z-lower      z-upper        proton    r.err 
   9.8455E+01   9.8486E+01   0.0000E+00  0.0000
   9.8486E+01   9.8517E+01   0.0000E+00  0.0000
   9.8517E+01   9.8549E+01   0.0000E+00  0.0000
   9.8549E+01   9.8580E+01   0.0000E+00  0.0000

#   sum over    1.2500E-03   0.0000E+00  0.0000

'no. =265,  ix =  9,  iy =  1'
msuc: {\huge Histograma dosis-volumen del pouch}
msdr: {\it plotted by \ANGEL \version}
msdl: {\it calculated by \PHITS  3.36}
wt: s(0.7)
\vspace{-3}
  xmin  &=&   0.0000E+00 [cm]
  xmax  &=&   1.0000E-01 [cm]
  ymin  &=&  -1.6500E+00 [cm]
  ymax  &=&  -1.5500E+00 [cm]
e:

#------------------------------------------------------------------------------
 newpage:
#   no. =266   ix  =  9   iy  =  2
#   x = (   0.0000E+00  -   1.0000E-01  )
#   y = (  -1.5500E+00  -  -1.4500E+00  )

x: z[cm]
y: Dose [Gy/source]      
p: xlin ylog afac(0.8) form(0.9)
h: n            x            y(proton  ),hh0l n 
#  z-lower      z-upper        proton    r.err 
   9.8455E+01   9.8486E+01   0.0000E+00  0.0000
   9.8486E+01   9.8517E+01   0.0000E+00  0.0000
   9.8517E+01   9.8549E+01   0.0000E+00  0.0000
   9.8549E+01   9.8580E+01   0.0000E+00  0.0000

#   sum over    1.2500E-03   0.0000E+00  0.0000

'no. =266,  ix =  9,  iy =  2'
msuc: {\huge Histograma dosis-volumen del pouch}
msdr: {\it plotted by \ANGEL \version}
msdl: {\it calculated by \PHITS  3.36}
wt: s(0.7)
\vspace{-3}
  xmin  &=&   0.0000E+00 [cm]
  xmax  &=&   1.0000E-01 [cm]
  ymin  &=&  -1.5500E+00 [cm]
  ymax  &=&  -1.4500E+00 [cm]
e:

#------------------------------------------------------------------------------
 newpage:
#   no. =267   ix  =  9   iy  =  3
#   x = (   0.0000E+00  -   1.0000E-01  )
#   y = (  -1.4500E+00  -  -1.3500E+00  )

x: z[cm]
y: Dose [Gy/source]      
p: xlin ylog afac(0.8) form(0.9)
h: n            x            y(proton  ),hh0l n 
#  z-lower      z-upper        proton    r.err 
   9.8455E+01   9.8486E+01   1.2359E-04  0.4864
   9.8486E+01   9.8517E+01   2.0256E-04  0.4029
   9.8517E+01   9.8549E+01   2.4293E-04  0.4747
   9.8549E+01   9.8580E+01   2.0716E-04  0.4609

#   sum over    1.2500E-03   1.9406E-04  0.3631

'no. =267,  ix =  9,  iy =  3'
msuc: {\huge Histograma dosis-volumen del pouch}
msdr: {\it plotted by \ANGEL \version}
msdl: {\it calculated by \PHITS  3.36}
wt: s(0.7)
\vspace{-3}
  xmin  &=&   0.0000E+00 [cm]
  xmax  &=&   1.0000E-01 [cm]
  ymin  &=&  -1.4500E+00 [cm]
  ymax  &=&  -1.3500E+00 [cm]
e:

#------------------------------------------------------------------------------
 newpage:
#   no. =268   ix  =  9   iy  =  4
#   x = (   0.0000E+00  -   1.0000E-01  )
#   y = (  -1.3500E+00  -  -1.2500E+00  )

x: z[cm]
y: Dose [Gy/source]      
p: xlin ylog afac(0.8) form(0.9)
h: n            x            y(proton  ),hh0l n 
#  z-lower      z-upper        proton    r.err 
   9.8455E+01   9.8486E+01   2.6495E-01  0.0121
   9.8486E+01   9.8517E+01   2.7125E-01  0.0128
   9.8517E+01   9.8549E+01   2.6276E-01  0.0136
   9.8549E+01   9.8580E+01   2.5307E-01  0.0154

#   sum over    1.2500E-03   2.6301E-01  0.0117

'no. =268,  ix =  9,  iy =  4'
msuc: {\huge Histograma dosis-volumen del pouch}
msdr: {\it plotted by \ANGEL \version}
msdl: {\it calculated by \PHITS  3.36}
wt: s(0.7)
\vspace{-3}
  xmin  &=&   0.0000E+00 [cm]
  xmax  &=&   1.0000E-01 [cm]
  ymin  &=&  -1.3500E+00 [cm]
  ymax  &=&  -1.2500E+00 [cm]
e:

#------------------------------------------------------------------------------
 newpage:
#   no. =269   ix  =  9   iy  =  5
#   x = (   0.0000E+00  -   1.0000E-01  )
#   y = (  -1.2500E+00  -  -1.1500E+00  )

x: z[cm]
y: Dose [Gy/source]      
p: xlin ylog afac(0.8) form(0.9)
h: n            x            y(proton  ),hh0l n 
#  z-lower      z-upper        proton    r.err 
   9.8455E+01   9.8486E+01   3.6962E-01  0.0103
   9.8486E+01   9.8517E+01   3.7169E-01  0.0109
   9.8517E+01   9.8549E+01   3.5865E-01  0.0117
   9.8549E+01   9.8580E+01   3.5428E-01  0.0131

#   sum over    1.2500E-03   3.6356E-01  0.0099

'no. =269,  ix =  9,  iy =  5'
msuc: {\huge Histograma dosis-volumen del pouch}
msdr: {\it plotted by \ANGEL \version}
msdl: {\it calculated by \PHITS  3.36}
wt: s(0.7)
\vspace{-3}
  xmin  &=&   0.0000E+00 [cm]
  xmax  &=&   1.0000E-01 [cm]
  ymin  &=&  -1.2500E+00 [cm]
  ymax  &=&  -1.1500E+00 [cm]
e:

#------------------------------------------------------------------------------
 newpage:
#   no. =270   ix  =  9   iy  =  6
#   x = (   0.0000E+00  -   1.0000E-01  )
#   y = (  -1.1500E+00  -  -1.0500E+00  )

x: z[cm]
y: Dose [Gy/source]      
p: xlin ylog afac(0.8) form(0.9)
h: n            x            y(proton  ),hh0l n 
#  z-lower      z-upper        proton    r.err 
   9.8455E+01   9.8486E+01   3.6353E-01  0.0104
   9.8486E+01   9.8517E+01   3.6740E-01  0.0109
   9.8517E+01   9.8549E+01   3.5701E-01  0.0117
   9.8549E+01   9.8580E+01   3.4547E-01  0.0133

#   sum over    1.2500E-03   3.5835E-01  0.0100

'no. =270,  ix =  9,  iy =  6'
msuc: {\huge Histograma dosis-volumen del pouch}
msdr: {\it plotted by \ANGEL \version}
msdl: {\it calculated by \PHITS  3.36}
wt: s(0.7)
\vspace{-3}
  xmin  &=&   0.0000E+00 [cm]
  xmax  &=&   1.0000E-01 [cm]
  ymin  &=&  -1.1500E+00 [cm]
  ymax  &=&  -1.0500E+00 [cm]
e:

#------------------------------------------------------------------------------
 newpage:
#   no. =271   ix  =  9   iy  =  7
#   x = (   0.0000E+00  -   1.0000E-01  )
#   y = (  -1.0500E+00  -  -9.5000E-01  )

x: z[cm]
y: Dose [Gy/source]      
p: xlin ylog afac(0.8) form(0.9)
h: n            x            y(proton  ),hh0l n 
#  z-lower      z-upper        proton    r.err 
   9.8455E+01   9.8486E+01   3.6434E-01  0.0104
   9.8486E+01   9.8517E+01   3.6846E-01  0.0109
   9.8517E+01   9.8549E+01   3.5419E-01  0.0118
   9.8549E+01   9.8580E+01   3.4088E-01  0.0133

#   sum over    1.2500E-03   3.5697E-01  0.0100

'no. =271,  ix =  9,  iy =  7'
msuc: {\huge Histograma dosis-volumen del pouch}
msdr: {\it plotted by \ANGEL \version}
msdl: {\it calculated by \PHITS  3.36}
wt: s(0.7)
\vspace{-3}
  xmin  &=&   0.0000E+00 [cm]
  xmax  &=&   1.0000E-01 [cm]
  ymin  &=&  -1.0500E+00 [cm]
  ymax  &=&  -9.5000E-01 [cm]
e:

#------------------------------------------------------------------------------
 newpage:
#   no. =272   ix  =  9   iy  =  8
#   x = (   0.0000E+00  -   1.0000E-01  )
#   y = (  -9.5000E-01  -  -8.5000E-01  )

x: z[cm]
y: Dose [Gy/source]      
p: xlin ylog afac(0.8) form(0.9)
h: n            x            y(proton  ),hh0l n 
#  z-lower      z-upper        proton    r.err 
   9.8455E+01   9.8486E+01   3.6834E-01  0.0103
   9.8486E+01   9.8517E+01   3.6716E-01  0.0110
   9.8517E+01   9.8549E+01   3.5010E-01  0.0118
   9.8549E+01   9.8580E+01   3.4374E-01  0.0133

#   sum over    1.2500E-03   3.5734E-01  0.0100

'no. =272,  ix =  9,  iy =  8'
msuc: {\huge Histograma dosis-volumen del pouch}
msdr: {\it plotted by \ANGEL \version}
msdl: {\it calculated by \PHITS  3.36}
wt: s(0.7)
\vspace{-3}
  xmin  &=&   0.0000E+00 [cm]
  xmax  &=&   1.0000E-01 [cm]
  ymin  &=&  -9.5000E-01 [cm]
  ymax  &=&  -8.5000E-01 [cm]
e:

#------------------------------------------------------------------------------
 newpage:
#   no. =273   ix  =  9   iy  =  9
#   x = (   0.0000E+00  -   1.0000E-01  )
#   y = (  -8.5000E-01  -  -7.5000E-01  )

x: z[cm]
y: Dose [Gy/source]      
p: xlin ylog afac(0.8) form(0.9)
h: n            x            y(proton  ),hh0l n 
#  z-lower      z-upper        proton    r.err 
   9.8455E+01   9.8486E+01   3.5354E-01  0.0105
   9.8486E+01   9.8517E+01   3.5513E-01  0.0111
   9.8517E+01   9.8549E+01   3.4359E-01  0.0119
   9.8549E+01   9.8580E+01   3.3022E-01  0.0135

#   sum over    1.2500E-03   3.4562E-01  0.0102

'no. =273,  ix =  9,  iy =  9'
msuc: {\huge Histograma dosis-volumen del pouch}
msdr: {\it plotted by \ANGEL \version}
msdl: {\it calculated by \PHITS  3.36}
wt: s(0.7)
\vspace{-3}
  xmin  &=&   0.0000E+00 [cm]
  xmax  &=&   1.0000E-01 [cm]
  ymin  &=&  -8.5000E-01 [cm]
  ymax  &=&  -7.5000E-01 [cm]
e:

#------------------------------------------------------------------------------
 newpage:
#   no. =274   ix  =  9   iy  = 10
#   x = (   0.0000E+00  -   1.0000E-01  )
#   y = (  -7.5000E-01  -  -6.5000E-01  )

x: z[cm]
y: Dose [Gy/source]      
p: xlin ylog afac(0.8) form(0.9)
h: n            x            y(proton  ),hh0l n 
#  z-lower      z-upper        proton    r.err 
   9.8455E+01   9.8486E+01   3.6706E-01  0.0104
   9.8486E+01   9.8517E+01   3.6629E-01  0.0110
   9.8517E+01   9.8549E+01   3.5064E-01  0.0118
   9.8549E+01   9.8580E+01   3.3979E-01  0.0134

#   sum over    1.2500E-03   3.5594E-01  0.0101

'no. =274,  ix =  9,  iy = 10'
msuc: {\huge Histograma dosis-volumen del pouch}
msdr: {\it plotted by \ANGEL \version}
msdl: {\it calculated by \PHITS  3.36}
wt: s(0.7)
\vspace{-3}
  xmin  &=&   0.0000E+00 [cm]
  xmax  &=&   1.0000E-01 [cm]
  ymin  &=&  -7.5000E-01 [cm]
  ymax  &=&  -6.5000E-01 [cm]
e:

#------------------------------------------------------------------------------
 newpage:
#   no. =275   ix  =  9   iy  = 11
#   x = (   0.0000E+00  -   1.0000E-01  )
#   y = (  -6.5000E-01  -  -5.5000E-01  )

x: z[cm]
y: Dose [Gy/source]      
p: xlin ylog afac(0.8) form(0.9)
h: n            x            y(proton  ),hh0l n 
#  z-lower      z-upper        proton    r.err 
   9.8455E+01   9.8486E+01   3.6005E-01  0.0104
   9.8486E+01   9.8517E+01   3.6371E-01  0.0110
   9.8517E+01   9.8549E+01   3.5525E-01  0.0117
   9.8549E+01   9.8580E+01   3.4161E-01  0.0133

#   sum over    1.2500E-03   3.5515E-01  0.0101

'no. =275,  ix =  9,  iy = 11'
msuc: {\huge Histograma dosis-volumen del pouch}
msdr: {\it plotted by \ANGEL \version}
msdl: {\it calculated by \PHITS  3.36}
wt: s(0.7)
\vspace{-3}
  xmin  &=&   0.0000E+00 [cm]
  xmax  &=&   1.0000E-01 [cm]
  ymin  &=&  -6.5000E-01 [cm]
  ymax  &=&  -5.5000E-01 [cm]
e:

#------------------------------------------------------------------------------
 newpage:
#   no. =276   ix  =  9   iy  = 12
#   x = (   0.0000E+00  -   1.0000E-01  )
#   y = (  -5.5000E-01  -  -4.5000E-01  )

x: z[cm]
y: Dose [Gy/source]      
p: xlin ylog afac(0.8) form(0.9)
h: n            x            y(proton  ),hh0l n 
#  z-lower      z-upper        proton    r.err 
   9.8455E+01   9.8486E+01   3.5670E-01  0.0105
   9.8486E+01   9.8517E+01   3.5821E-01  0.0111
   9.8517E+01   9.8549E+01   3.4225E-01  0.0120
   9.8549E+01   9.8580E+01   3.3135E-01  0.0135

#   sum over    1.2500E-03   3.4713E-01  0.0102

'no. =276,  ix =  9,  iy = 12'
msuc: {\huge Histograma dosis-volumen del pouch}
msdr: {\it plotted by \ANGEL \version}
msdl: {\it calculated by \PHITS  3.36}
wt: s(0.7)
\vspace{-3}
  xmin  &=&   0.0000E+00 [cm]
  xmax  &=&   1.0000E-01 [cm]
  ymin  &=&  -5.5000E-01 [cm]
  ymax  &=&  -4.5000E-01 [cm]
e:

#------------------------------------------------------------------------------
 newpage:
#   no. =277   ix  =  9   iy  = 13
#   x = (   0.0000E+00  -   1.0000E-01  )
#   y = (  -4.5000E-01  -  -3.5000E-01  )

x: z[cm]
y: Dose [Gy/source]      
p: xlin ylog afac(0.8) form(0.9)
h: n            x            y(proton  ),hh0l n 
#  z-lower      z-upper        proton    r.err 
   9.8455E+01   9.8486E+01   3.6224E-01  0.0104
   9.8486E+01   9.8517E+01   3.6449E-01  0.0110
   9.8517E+01   9.8549E+01   3.5222E-01  0.0118
   9.8549E+01   9.8580E+01   3.3952E-01  0.0133

#   sum over    1.2500E-03   3.5462E-01  0.0101

'no. =277,  ix =  9,  iy = 13'
msuc: {\huge Histograma dosis-volumen del pouch}
msdr: {\it plotted by \ANGEL \version}
msdl: {\it calculated by \PHITS  3.36}
wt: s(0.7)
\vspace{-3}
  xmin  &=&   0.0000E+00 [cm]
  xmax  &=&   1.0000E-01 [cm]
  ymin  &=&  -4.5000E-01 [cm]
  ymax  &=&  -3.5000E-01 [cm]
e:

#------------------------------------------------------------------------------
 newpage:
#   no. =278   ix  =  9   iy  = 14
#   x = (   0.0000E+00  -   1.0000E-01  )
#   y = (  -3.5000E-01  -  -2.5000E-01  )

x: z[cm]
y: Dose [Gy/source]      
p: xlin ylog afac(0.8) form(0.9)
h: n            x            y(proton  ),hh0l n 
#  z-lower      z-upper        proton    r.err 
   9.8455E+01   9.8486E+01   3.5653E-01  0.0105
   9.8486E+01   9.8517E+01   3.5744E-01  0.0111
   9.8517E+01   9.8549E+01   3.4326E-01  0.0119
   9.8549E+01   9.8580E+01   3.3296E-01  0.0135

#   sum over    1.2500E-03   3.4755E-01  0.0102

'no. =278,  ix =  9,  iy = 14'
msuc: {\huge Histograma dosis-volumen del pouch}
msdr: {\it plotted by \ANGEL \version}
msdl: {\it calculated by \PHITS  3.36}
wt: s(0.7)
\vspace{-3}
  xmin  &=&   0.0000E+00 [cm]
  xmax  &=&   1.0000E-01 [cm]
  ymin  &=&  -3.5000E-01 [cm]
  ymax  &=&  -2.5000E-01 [cm]
e:

#------------------------------------------------------------------------------
 newpage:
#   no. =279   ix  =  9   iy  = 15
#   x = (   0.0000E+00  -   1.0000E-01  )
#   y = (  -2.5000E-01  -  -1.5000E-01  )

x: z[cm]
y: Dose [Gy/source]      
p: xlin ylog afac(0.8) form(0.9)
h: n            x            y(proton  ),hh0l n 
#  z-lower      z-upper        proton    r.err 
   9.8455E+01   9.8486E+01   3.5165E-01  0.0105
   9.8486E+01   9.8517E+01   3.5515E-01  0.0112
   9.8517E+01   9.8549E+01   3.4128E-01  0.0120
   9.8549E+01   9.8580E+01   3.2505E-01  0.0136

#   sum over    1.2500E-03   3.4328E-01  0.0102

'no. =279,  ix =  9,  iy = 15'
msuc: {\huge Histograma dosis-volumen del pouch}
msdr: {\it plotted by \ANGEL \version}
msdl: {\it calculated by \PHITS  3.36}
wt: s(0.7)
\vspace{-3}
  xmin  &=&   0.0000E+00 [cm]
  xmax  &=&   1.0000E-01 [cm]
  ymin  &=&  -2.5000E-01 [cm]
  ymax  &=&  -1.5000E-01 [cm]
e:

#------------------------------------------------------------------------------
 newpage:
#   no. =280   ix  =  9   iy  = 16
#   x = (   0.0000E+00  -   1.0000E-01  )
#   y = (  -1.5000E-01  -  -5.0000E-02  )

x: z[cm]
y: Dose [Gy/source]      
p: xlin ylog afac(0.8) form(0.9)
h: n            x            y(proton  ),hh0l n 
#  z-lower      z-upper        proton    r.err 
   9.8455E+01   9.8486E+01   3.5675E-01  0.0105
   9.8486E+01   9.8517E+01   3.6206E-01  0.0111
   9.8517E+01   9.8549E+01   3.4530E-01  0.0119
   9.8549E+01   9.8580E+01   3.3355E-01  0.0135

#   sum over    1.2500E-03   3.4942E-01  0.0101

'no. =280,  ix =  9,  iy = 16'
msuc: {\huge Histograma dosis-volumen del pouch}
msdr: {\it plotted by \ANGEL \version}
msdl: {\it calculated by \PHITS  3.36}
wt: s(0.7)
\vspace{-3}
  xmin  &=&   0.0000E+00 [cm]
  xmax  &=&   1.0000E-01 [cm]
  ymin  &=&  -1.5000E-01 [cm]
  ymax  &=&  -5.0000E-02 [cm]
e:

#------------------------------------------------------------------------------
 newpage:
#   no. =281   ix  =  9   iy  = 17
#   x = (   0.0000E+00  -   1.0000E-01  )
#   y = (  -5.0000E-02  -   5.0000E-02  )

x: z[cm]
y: Dose [Gy/source]      
p: xlin ylog afac(0.8) form(0.9)
h: n            x            y(proton  ),hh0l n 
#  z-lower      z-upper        proton    r.err 
   9.8455E+01   9.8486E+01   3.6023E-01  0.0104
   9.8486E+01   9.8517E+01   3.6246E-01  0.0110
   9.8517E+01   9.8549E+01   3.5065E-01  0.0118
   9.8549E+01   9.8580E+01   3.3975E-01  0.0134

#   sum over    1.2500E-03   3.5327E-01  0.0101

'no. =281,  ix =  9,  iy = 17'
msuc: {\huge Histograma dosis-volumen del pouch}
msdr: {\it plotted by \ANGEL \version}
msdl: {\it calculated by \PHITS  3.36}
wt: s(0.7)
\vspace{-3}
  xmin  &=&   0.0000E+00 [cm]
  xmax  &=&   1.0000E-01 [cm]
  ymin  &=&  -5.0000E-02 [cm]
  ymax  &=&   5.0000E-02 [cm]
e:

#------------------------------------------------------------------------------
 newpage:
#   no. =282   ix  =  9   iy  = 18
#   x = (   0.0000E+00  -   1.0000E-01  )
#   y = (   5.0000E-02  -   1.5000E-01  )

x: z[cm]
y: Dose [Gy/source]      
p: xlin ylog afac(0.8) form(0.9)
h: n            x            y(proton  ),hh0l n 
#  z-lower      z-upper        proton    r.err 
   9.8455E+01   9.8486E+01   3.5827E-01  0.0105
   9.8486E+01   9.8517E+01   3.5966E-01  0.0111
   9.8517E+01   9.8549E+01   3.3617E-01  0.0120
   9.8549E+01   9.8580E+01   3.2982E-01  0.0136

#   sum over    1.2500E-03   3.4598E-01  0.0102

'no. =282,  ix =  9,  iy = 18'
msuc: {\huge Histograma dosis-volumen del pouch}
msdr: {\it plotted by \ANGEL \version}
msdl: {\it calculated by \PHITS  3.36}
wt: s(0.7)
\vspace{-3}
  xmin  &=&   0.0000E+00 [cm]
  xmax  &=&   1.0000E-01 [cm]
  ymin  &=&   5.0000E-02 [cm]
  ymax  &=&   1.5000E-01 [cm]
e:

#------------------------------------------------------------------------------
 newpage:
#   no. =283   ix  =  9   iy  = 19
#   x = (   0.0000E+00  -   1.0000E-01  )
#   y = (   1.5000E-01  -   2.5000E-01  )

x: z[cm]
y: Dose [Gy/source]      
p: xlin ylog afac(0.8) form(0.9)
h: n            x            y(proton  ),hh0l n 
#  z-lower      z-upper        proton    r.err 
   9.8455E+01   9.8486E+01   3.5593E-01  0.0105
   9.8486E+01   9.8517E+01   3.5794E-01  0.0111
   9.8517E+01   9.8549E+01   3.4022E-01  0.0120
   9.8549E+01   9.8580E+01   3.2522E-01  0.0136

#   sum over    1.2500E-03   3.4483E-01  0.0102

'no. =283,  ix =  9,  iy = 19'
msuc: {\huge Histograma dosis-volumen del pouch}
msdr: {\it plotted by \ANGEL \version}
msdl: {\it calculated by \PHITS  3.36}
wt: s(0.7)
\vspace{-3}
  xmin  &=&   0.0000E+00 [cm]
  xmax  &=&   1.0000E-01 [cm]
  ymin  &=&   1.5000E-01 [cm]
  ymax  &=&   2.5000E-01 [cm]
e:

#------------------------------------------------------------------------------
 newpage:
#   no. =284   ix  =  9   iy  = 20
#   x = (   0.0000E+00  -   1.0000E-01  )
#   y = (   2.5000E-01  -   3.5000E-01  )

x: z[cm]
y: Dose [Gy/source]      
p: xlin ylog afac(0.8) form(0.9)
h: n            x            y(proton  ),hh0l n 
#  z-lower      z-upper        proton    r.err 
   9.8455E+01   9.8486E+01   3.6232E-01  0.0104
   9.8486E+01   9.8517E+01   3.6042E-01  0.0111
   9.8517E+01   9.8549E+01   3.4311E-01  0.0120
   9.8549E+01   9.8580E+01   3.2975E-01  0.0136

#   sum over    1.2500E-03   3.4890E-01  0.0101

'no. =284,  ix =  9,  iy = 20'
msuc: {\huge Histograma dosis-volumen del pouch}
msdr: {\it plotted by \ANGEL \version}
msdl: {\it calculated by \PHITS  3.36}
wt: s(0.7)
\vspace{-3}
  xmin  &=&   0.0000E+00 [cm]
  xmax  &=&   1.0000E-01 [cm]
  ymin  &=&   2.5000E-01 [cm]
  ymax  &=&   3.5000E-01 [cm]
e:

#------------------------------------------------------------------------------
 newpage:
#   no. =285   ix  =  9   iy  = 21
#   x = (   0.0000E+00  -   1.0000E-01  )
#   y = (   3.5000E-01  -   4.5000E-01  )

x: z[cm]
y: Dose [Gy/source]      
p: xlin ylog afac(0.8) form(0.9)
h: n            x            y(proton  ),hh0l n 
#  z-lower      z-upper        proton    r.err 
   9.8455E+01   9.8486E+01   3.5340E-01  0.0105
   9.8486E+01   9.8517E+01   3.5252E-01  0.0112
   9.8517E+01   9.8549E+01   3.3837E-01  0.0120
   9.8549E+01   9.8580E+01   3.2506E-01  0.0137

#   sum over    1.2500E-03   3.4234E-01  0.0102

'no. =285,  ix =  9,  iy = 21'
msuc: {\huge Histograma dosis-volumen del pouch}
msdr: {\it plotted by \ANGEL \version}
msdl: {\it calculated by \PHITS  3.36}
wt: s(0.7)
\vspace{-3}
  xmin  &=&   0.0000E+00 [cm]
  xmax  &=&   1.0000E-01 [cm]
  ymin  &=&   3.5000E-01 [cm]
  ymax  &=&   4.5000E-01 [cm]
e:

#------------------------------------------------------------------------------
 newpage:
#   no. =286   ix  =  9   iy  = 22
#   x = (   0.0000E+00  -   1.0000E-01  )
#   y = (   4.5000E-01  -   5.5000E-01  )

x: z[cm]
y: Dose [Gy/source]      
p: xlin ylog afac(0.8) form(0.9)
h: n            x            y(proton  ),hh0l n 
#  z-lower      z-upper        proton    r.err 
   9.8455E+01   9.8486E+01   3.5900E-01  0.0105
   9.8486E+01   9.8517E+01   3.5849E-01  0.0111
   9.8517E+01   9.8549E+01   3.3983E-01  0.0120
   9.8549E+01   9.8580E+01   3.2432E-01  0.0137

#   sum over    1.2500E-03   3.4541E-01  0.0102

'no. =286,  ix =  9,  iy = 22'
msuc: {\huge Histograma dosis-volumen del pouch}
msdr: {\it plotted by \ANGEL \version}
msdl: {\it calculated by \PHITS  3.36}
wt: s(0.7)
\vspace{-3}
  xmin  &=&   0.0000E+00 [cm]
  xmax  &=&   1.0000E-01 [cm]
  ymin  &=&   4.5000E-01 [cm]
  ymax  &=&   5.5000E-01 [cm]
e:

#------------------------------------------------------------------------------
 newpage:
#   no. =287   ix  =  9   iy  = 23
#   x = (   0.0000E+00  -   1.0000E-01  )
#   y = (   5.5000E-01  -   6.5000E-01  )

x: z[cm]
y: Dose [Gy/source]      
p: xlin ylog afac(0.8) form(0.9)
h: n            x            y(proton  ),hh0l n 
#  z-lower      z-upper        proton    r.err 
   9.8455E+01   9.8486E+01   3.6944E-01  0.0103
   9.8486E+01   9.8517E+01   3.6762E-01  0.0109
   9.8517E+01   9.8549E+01   3.5526E-01  0.0117
   9.8549E+01   9.8580E+01   3.4475E-01  0.0133

#   sum over    1.2500E-03   3.5927E-01  0.0100

'no. =287,  ix =  9,  iy = 23'
msuc: {\huge Histograma dosis-volumen del pouch}
msdr: {\it plotted by \ANGEL \version}
msdl: {\it calculated by \PHITS  3.36}
wt: s(0.7)
\vspace{-3}
  xmin  &=&   0.0000E+00 [cm]
  xmax  &=&   1.0000E-01 [cm]
  ymin  &=&   5.5000E-01 [cm]
  ymax  &=&   6.5000E-01 [cm]
e:

#------------------------------------------------------------------------------
 newpage:
#   no. =288   ix  =  9   iy  = 24
#   x = (   0.0000E+00  -   1.0000E-01  )
#   y = (   6.5000E-01  -   7.5000E-01  )

x: z[cm]
y: Dose [Gy/source]      
p: xlin ylog afac(0.8) form(0.9)
h: n            x            y(proton  ),hh0l n 
#  z-lower      z-upper        proton    r.err 
   9.8455E+01   9.8486E+01   3.5393E-01  0.0105
   9.8486E+01   9.8517E+01   3.5821E-01  0.0111
   9.8517E+01   9.8549E+01   3.4840E-01  0.0119
   9.8549E+01   9.8580E+01   3.3448E-01  0.0135

#   sum over    1.2500E-03   3.4876E-01  0.0102

'no. =288,  ix =  9,  iy = 24'
msuc: {\huge Histograma dosis-volumen del pouch}
msdr: {\it plotted by \ANGEL \version}
msdl: {\it calculated by \PHITS  3.36}
wt: s(0.7)
\vspace{-3}
  xmin  &=&   0.0000E+00 [cm]
  xmax  &=&   1.0000E-01 [cm]
  ymin  &=&   6.5000E-01 [cm]
  ymax  &=&   7.5000E-01 [cm]
e:

#------------------------------------------------------------------------------
 newpage:
#   no. =289   ix  =  9   iy  = 25
#   x = (   0.0000E+00  -   1.0000E-01  )
#   y = (   7.5000E-01  -   8.5000E-01  )

x: z[cm]
y: Dose [Gy/source]      
p: xlin ylog afac(0.8) form(0.9)
h: n            x            y(proton  ),hh0l n 
#  z-lower      z-upper        proton    r.err 
   9.8455E+01   9.8486E+01   3.5986E-01  0.0104
   9.8486E+01   9.8517E+01   3.6228E-01  0.0111
   9.8517E+01   9.8549E+01   3.4383E-01  0.0119
   9.8549E+01   9.8580E+01   3.3351E-01  0.0135

#   sum over    1.2500E-03   3.4987E-01  0.0101

'no. =289,  ix =  9,  iy = 25'
msuc: {\huge Histograma dosis-volumen del pouch}
msdr: {\it plotted by \ANGEL \version}
msdl: {\it calculated by \PHITS  3.36}
wt: s(0.7)
\vspace{-3}
  xmin  &=&   0.0000E+00 [cm]
  xmax  &=&   1.0000E-01 [cm]
  ymin  &=&   7.5000E-01 [cm]
  ymax  &=&   8.5000E-01 [cm]
e:

#------------------------------------------------------------------------------
 newpage:
#   no. =290   ix  =  9   iy  = 26
#   x = (   0.0000E+00  -   1.0000E-01  )
#   y = (   8.5000E-01  -   9.5000E-01  )

x: z[cm]
y: Dose [Gy/source]      
p: xlin ylog afac(0.8) form(0.9)
h: n            x            y(proton  ),hh0l n 
#  z-lower      z-upper        proton    r.err 
   9.8455E+01   9.8486E+01   3.7159E-01  0.0102
   9.8486E+01   9.8517E+01   3.7225E-01  0.0109
   9.8517E+01   9.8549E+01   3.6041E-01  0.0116
   9.8549E+01   9.8580E+01   3.5096E-01  0.0131

#   sum over    1.2500E-03   3.6380E-01  0.0099

'no. =290,  ix =  9,  iy = 26'
msuc: {\huge Histograma dosis-volumen del pouch}
msdr: {\it plotted by \ANGEL \version}
msdl: {\it calculated by \PHITS  3.36}
wt: s(0.7)
\vspace{-3}
  xmin  &=&   0.0000E+00 [cm]
  xmax  &=&   1.0000E-01 [cm]
  ymin  &=&   8.5000E-01 [cm]
  ymax  &=&   9.5000E-01 [cm]
e:

#------------------------------------------------------------------------------
 newpage:
#   no. =291   ix  =  9   iy  = 27
#   x = (   0.0000E+00  -   1.0000E-01  )
#   y = (   9.5000E-01  -   1.0500E+00  )

x: z[cm]
y: Dose [Gy/source]      
p: xlin ylog afac(0.8) form(0.9)
h: n            x            y(proton  ),hh0l n 
#  z-lower      z-upper        proton    r.err 
   9.8455E+01   9.8486E+01   3.6619E-01  0.0103
   9.8486E+01   9.8517E+01   3.6705E-01  0.0109
   9.8517E+01   9.8549E+01   3.5567E-01  0.0117
   9.8549E+01   9.8580E+01   3.4814E-01  0.0132

#   sum over    1.2500E-03   3.5926E-01  0.0100

'no. =291,  ix =  9,  iy = 27'
msuc: {\huge Histograma dosis-volumen del pouch}
msdr: {\it plotted by \ANGEL \version}
msdl: {\it calculated by \PHITS  3.36}
wt: s(0.7)
\vspace{-3}
  xmin  &=&   0.0000E+00 [cm]
  xmax  &=&   1.0000E-01 [cm]
  ymin  &=&   9.5000E-01 [cm]
  ymax  &=&   1.0500E+00 [cm]
e:

#------------------------------------------------------------------------------
 newpage:
#   no. =292   ix  =  9   iy  = 28
#   x = (   0.0000E+00  -   1.0000E-01  )
#   y = (   1.0500E+00  -   1.1500E+00  )

x: z[cm]
y: Dose [Gy/source]      
p: xlin ylog afac(0.8) form(0.9)
h: n            x            y(proton  ),hh0l n 
#  z-lower      z-upper        proton    r.err 
   9.8455E+01   9.8486E+01   3.6645E-01  0.0103
   9.8486E+01   9.8517E+01   3.6738E-01  0.0109
   9.8517E+01   9.8549E+01   3.5816E-01  0.0117
   9.8549E+01   9.8580E+01   3.5209E-01  0.0131

#   sum over    1.2500E-03   3.6102E-01  0.0100

'no. =292,  ix =  9,  iy = 28'
msuc: {\huge Histograma dosis-volumen del pouch}
msdr: {\it plotted by \ANGEL \version}
msdl: {\it calculated by \PHITS  3.36}
wt: s(0.7)
\vspace{-3}
  xmin  &=&   0.0000E+00 [cm]
  xmax  &=&   1.0000E-01 [cm]
  ymin  &=&   1.0500E+00 [cm]
  ymax  &=&   1.1500E+00 [cm]
e:

#------------------------------------------------------------------------------
 newpage:
#   no. =293   ix  =  9   iy  = 29
#   x = (   0.0000E+00  -   1.0000E-01  )
#   y = (   1.1500E+00  -   1.2500E+00  )

x: z[cm]
y: Dose [Gy/source]      
p: xlin ylog afac(0.8) form(0.9)
h: n            x            y(proton  ),hh0l n 
#  z-lower      z-upper        proton    r.err 
   9.8455E+01   9.8486E+01   3.7295E-01  0.0102
   9.8486E+01   9.8517E+01   3.7410E-01  0.0108
   9.8517E+01   9.8549E+01   3.6387E-01  0.0116
   9.8549E+01   9.8580E+01   3.5082E-01  0.0132

#   sum over    1.2500E-03   3.6544E-01  0.0099

'no. =293,  ix =  9,  iy = 29'
msuc: {\huge Histograma dosis-volumen del pouch}
msdr: {\it plotted by \ANGEL \version}
msdl: {\it calculated by \PHITS  3.36}
wt: s(0.7)
\vspace{-3}
  xmin  &=&   0.0000E+00 [cm]
  xmax  &=&   1.0000E-01 [cm]
  ymin  &=&   1.1500E+00 [cm]
  ymax  &=&   1.2500E+00 [cm]
e:

#------------------------------------------------------------------------------
 newpage:
#   no. =294   ix  =  9   iy  = 30
#   x = (   0.0000E+00  -   1.0000E-01  )
#   y = (   1.2500E+00  -   1.3500E+00  )

x: z[cm]
y: Dose [Gy/source]      
p: xlin ylog afac(0.8) form(0.9)
h: n            x            y(proton  ),hh0l n 
#  z-lower      z-upper        proton    r.err 
   9.8455E+01   9.8486E+01   3.6333E-01  0.0103
   9.8486E+01   9.8517E+01   3.7431E-01  0.0109
   9.8517E+01   9.8549E+01   3.6287E-01  0.0116
   9.8549E+01   9.8580E+01   3.4823E-01  0.0132

#   sum over    1.2500E-03   3.6218E-01  0.0100

'no. =294,  ix =  9,  iy = 30'
msuc: {\huge Histograma dosis-volumen del pouch}
msdr: {\it plotted by \ANGEL \version}
msdl: {\it calculated by \PHITS  3.36}
wt: s(0.7)
\vspace{-3}
  xmin  &=&   0.0000E+00 [cm]
  xmax  &=&   1.0000E-01 [cm]
  ymin  &=&   1.2500E+00 [cm]
  ymax  &=&   1.3500E+00 [cm]
e:

#------------------------------------------------------------------------------
 newpage:
#   no. =295   ix  =  9   iy  = 31
#   x = (   0.0000E+00  -   1.0000E-01  )
#   y = (   1.3500E+00  -   1.4500E+00  )

x: z[cm]
y: Dose [Gy/source]      
p: xlin ylog afac(0.8) form(0.9)
h: n            x            y(proton  ),hh0l n 
#  z-lower      z-upper        proton    r.err 
   9.8455E+01   9.8486E+01   3.7524E-01  0.0102
   9.8486E+01   9.8517E+01   3.7935E-01  0.0107
   9.8517E+01   9.8549E+01   3.7015E-01  0.0115
   9.8549E+01   9.8580E+01   3.5902E-01  0.0130

#   sum over    1.2500E-03   3.7094E-01  0.0099

'no. =295,  ix =  9,  iy = 31'
msuc: {\huge Histograma dosis-volumen del pouch}
msdr: {\it plotted by \ANGEL \version}
msdl: {\it calculated by \PHITS  3.36}
wt: s(0.7)
\vspace{-3}
  xmin  &=&   0.0000E+00 [cm]
  xmax  &=&   1.0000E-01 [cm]
  ymin  &=&   1.3500E+00 [cm]
  ymax  &=&   1.4500E+00 [cm]
e:

#------------------------------------------------------------------------------
 newpage:
#   no. =296   ix  =  9   iy  = 32
#   x = (   0.0000E+00  -   1.0000E-01  )
#   y = (   1.4500E+00  -   1.5500E+00  )

x: z[cm]
y: Dose [Gy/source]      
p: xlin ylog afac(0.8) form(0.9)
h: n            x            y(proton  ),hh0l n 
#  z-lower      z-upper        proton    r.err 
   9.8455E+01   9.8486E+01   3.6843E-01  0.0103
   9.8486E+01   9.8517E+01   3.7254E-01  0.0108
   9.8517E+01   9.8549E+01   3.6209E-01  0.0116
   9.8549E+01   9.8580E+01   3.5206E-01  0.0131

#   sum over    1.2500E-03   3.6378E-01  0.0100

'no. =296,  ix =  9,  iy = 32'
msuc: {\huge Histograma dosis-volumen del pouch}
msdr: {\it plotted by \ANGEL \version}
msdl: {\it calculated by \PHITS  3.36}
wt: s(0.7)
\vspace{-3}
  xmin  &=&   0.0000E+00 [cm]
  xmax  &=&   1.0000E-01 [cm]
  ymin  &=&   1.4500E+00 [cm]
  ymax  &=&   1.5500E+00 [cm]
e:

#------------------------------------------------------------------------------
 newpage:
#   no. =297   ix  =  9   iy  = 33
#   x = (   0.0000E+00  -   1.0000E-01  )
#   y = (   1.5500E+00  -   1.6500E+00  )

x: z[cm]
y: Dose [Gy/source]      
p: xlin ylog afac(0.8) form(0.9)
h: n            x            y(proton  ),hh0l n 
#  z-lower      z-upper        proton    r.err 
   9.8455E+01   9.8486E+01   3.6657E-01  0.0103
   9.8486E+01   9.8517E+01   3.6946E-01  0.0109
   9.8517E+01   9.8549E+01   3.5828E-01  0.0116
   9.8549E+01   9.8580E+01   3.5452E-01  0.0131

#   sum over    1.2500E-03   3.6221E-01  0.0100

'no. =297,  ix =  9,  iy = 33'
msuc: {\huge Histograma dosis-volumen del pouch}
msdr: {\it plotted by \ANGEL \version}
msdl: {\it calculated by \PHITS  3.36}
wt: s(0.7)
\vspace{-3}
  xmin  &=&   0.0000E+00 [cm]
  xmax  &=&   1.0000E-01 [cm]
  ymin  &=&   1.5500E+00 [cm]
  ymax  &=&   1.6500E+00 [cm]
e:

#------------------------------------------------------------------------------
 newpage:
#   no. =298   ix  = 10   iy  =  1
#   x = (   1.0000E-01  -   2.0000E-01  )
#   y = (  -1.6500E+00  -  -1.5500E+00  )

x: z[cm]
y: Dose [Gy/source]      
p: xlin ylog afac(0.8) form(0.9)
h: n            x            y(proton  ),hh0l n 
#  z-lower      z-upper        proton    r.err 
   9.8455E+01   9.8486E+01   0.0000E+00  0.0000
   9.8486E+01   9.8517E+01   0.0000E+00  0.0000
   9.8517E+01   9.8549E+01   0.0000E+00  0.0000
   9.8549E+01   9.8580E+01   0.0000E+00  0.0000

#   sum over    1.2500E-03   0.0000E+00  0.0000

'no. =298,  ix = 10,  iy =  1'
msuc: {\huge Histograma dosis-volumen del pouch}
msdr: {\it plotted by \ANGEL \version}
msdl: {\it calculated by \PHITS  3.36}
wt: s(0.7)
\vspace{-3}
  xmin  &=&   1.0000E-01 [cm]
  xmax  &=&   2.0000E-01 [cm]
  ymin  &=&  -1.6500E+00 [cm]
  ymax  &=&  -1.5500E+00 [cm]
e:

#------------------------------------------------------------------------------
 newpage:
#   no. =299   ix  = 10   iy  =  2
#   x = (   1.0000E-01  -   2.0000E-01  )
#   y = (  -1.5500E+00  -  -1.4500E+00  )

x: z[cm]
y: Dose [Gy/source]      
p: xlin ylog afac(0.8) form(0.9)
h: n            x            y(proton  ),hh0l n 
#  z-lower      z-upper        proton    r.err 
   9.8455E+01   9.8486E+01   4.5797E-05  1.0000
   9.8486E+01   9.8517E+01   0.0000E+00  0.0000
   9.8517E+01   9.8549E+01   0.0000E+00  0.0000
   9.8549E+01   9.8580E+01   0.0000E+00  0.0000

#   sum over    1.2500E-03   1.1449E-05  1.0000

'no. =299,  ix = 10,  iy =  2'
msuc: {\huge Histograma dosis-volumen del pouch}
msdr: {\it plotted by \ANGEL \version}
msdl: {\it calculated by \PHITS  3.36}
wt: s(0.7)
\vspace{-3}
  xmin  &=&   1.0000E-01 [cm]
  xmax  &=&   2.0000E-01 [cm]
  ymin  &=&  -1.5500E+00 [cm]
  ymax  &=&  -1.4500E+00 [cm]
e:

#------------------------------------------------------------------------------
 newpage:
#   no. =300   ix  = 10   iy  =  3
#   x = (   1.0000E-01  -   2.0000E-01  )
#   y = (  -1.4500E+00  -  -1.3500E+00  )

x: z[cm]
y: Dose [Gy/source]      
p: xlin ylog afac(0.8) form(0.9)
h: n            x            y(proton  ),hh0l n 
#  z-lower      z-upper        proton    r.err 
   9.8455E+01   9.8486E+01   4.1663E-05  0.7576
   9.8486E+01   9.8517E+01   5.2095E-05  0.7979
   9.8517E+01   9.8549E+01   1.4089E-04  0.7694
   9.8549E+01   9.8580E+01   6.7776E-05  1.0000

#   sum over    1.2500E-03   7.5605E-05  0.6203

'no. =300,  ix = 10,  iy =  3'
msuc: {\huge Histograma dosis-volumen del pouch}
msdr: {\it plotted by \ANGEL \version}
msdl: {\it calculated by \PHITS  3.36}
wt: s(0.7)
\vspace{-3}
  xmin  &=&   1.0000E-01 [cm]
  xmax  &=&   2.0000E-01 [cm]
  ymin  &=&  -1.4500E+00 [cm]
  ymax  &=&  -1.3500E+00 [cm]
e:

#------------------------------------------------------------------------------
 newpage:
#   no. =301   ix  = 10   iy  =  4
#   x = (   1.0000E-01  -   2.0000E-01  )
#   y = (  -1.3500E+00  -  -1.2500E+00  )

x: z[cm]
y: Dose [Gy/source]      
p: xlin ylog afac(0.8) form(0.9)
h: n            x            y(proton  ),hh0l n 
#  z-lower      z-upper        proton    r.err 
   9.8455E+01   9.8486E+01   2.6830E-01  0.0121
   9.8486E+01   9.8517E+01   2.7180E-01  0.0128
   9.8517E+01   9.8549E+01   2.6003E-01  0.0137
   9.8549E+01   9.8580E+01   2.5188E-01  0.0155

#   sum over    1.2500E-03   2.6300E-01  0.0117

'no. =301,  ix = 10,  iy =  4'
msuc: {\huge Histograma dosis-volumen del pouch}
msdr: {\it plotted by \ANGEL \version}
msdl: {\it calculated by \PHITS  3.36}
wt: s(0.7)
\vspace{-3}
  xmin  &=&   1.0000E-01 [cm]
  xmax  &=&   2.0000E-01 [cm]
  ymin  &=&  -1.3500E+00 [cm]
  ymax  &=&  -1.2500E+00 [cm]
e:

#------------------------------------------------------------------------------
 newpage:
#   no. =302   ix  = 10   iy  =  5
#   x = (   1.0000E-01  -   2.0000E-01  )
#   y = (  -1.2500E+00  -  -1.1500E+00  )

x: z[cm]
y: Dose [Gy/source]      
p: xlin ylog afac(0.8) form(0.9)
h: n            x            y(proton  ),hh0l n 
#  z-lower      z-upper        proton    r.err 
   9.8455E+01   9.8486E+01   3.5675E-01  0.0104
   9.8486E+01   9.8517E+01   3.6151E-01  0.0110
   9.8517E+01   9.8549E+01   3.5127E-01  0.0118
   9.8549E+01   9.8580E+01   3.4415E-01  0.0133

#   sum over    1.2500E-03   3.5342E-01  0.0101

'no. =302,  ix = 10,  iy =  5'
msuc: {\huge Histograma dosis-volumen del pouch}
msdr: {\it plotted by \ANGEL \version}
msdl: {\it calculated by \PHITS  3.36}
wt: s(0.7)
\vspace{-3}
  xmin  &=&   1.0000E-01 [cm]
  xmax  &=&   2.0000E-01 [cm]
  ymin  &=&  -1.2500E+00 [cm]
  ymax  &=&  -1.1500E+00 [cm]
e:

#------------------------------------------------------------------------------
 newpage:
#   no. =303   ix  = 10   iy  =  6
#   x = (   1.0000E-01  -   2.0000E-01  )
#   y = (  -1.1500E+00  -  -1.0500E+00  )

x: z[cm]
y: Dose [Gy/source]      
p: xlin ylog afac(0.8) form(0.9)
h: n            x            y(proton  ),hh0l n 
#  z-lower      z-upper        proton    r.err 
   9.8455E+01   9.8486E+01   3.6231E-01  0.0104
   9.8486E+01   9.8517E+01   3.6441E-01  0.0110
   9.8517E+01   9.8549E+01   3.5071E-01  0.0118
   9.8549E+01   9.8580E+01   3.4289E-01  0.0133

#   sum over    1.2500E-03   3.5508E-01  0.0101

'no. =303,  ix = 10,  iy =  6'
msuc: {\huge Histograma dosis-volumen del pouch}
msdr: {\it plotted by \ANGEL \version}
msdl: {\it calculated by \PHITS  3.36}
wt: s(0.7)
\vspace{-3}
  xmin  &=&   1.0000E-01 [cm]
  xmax  &=&   2.0000E-01 [cm]
  ymin  &=&  -1.1500E+00 [cm]
  ymax  &=&  -1.0500E+00 [cm]
e:

#------------------------------------------------------------------------------
 newpage:
#   no. =304   ix  = 10   iy  =  7
#   x = (   1.0000E-01  -   2.0000E-01  )
#   y = (  -1.0500E+00  -  -9.5000E-01  )

x: z[cm]
y: Dose [Gy/source]      
p: xlin ylog afac(0.8) form(0.9)
h: n            x            y(proton  ),hh0l n 
#  z-lower      z-upper        proton    r.err 
   9.8455E+01   9.8486E+01   3.6933E-01  0.0103
   9.8486E+01   9.8517E+01   3.7373E-01  0.0109
   9.8517E+01   9.8549E+01   3.6013E-01  0.0117
   9.8549E+01   9.8580E+01   3.4748E-01  0.0132

#   sum over    1.2500E-03   3.6267E-01  0.0100

'no. =304,  ix = 10,  iy =  7'
msuc: {\huge Histograma dosis-volumen del pouch}
msdr: {\it plotted by \ANGEL \version}
msdl: {\it calculated by \PHITS  3.36}
wt: s(0.7)
\vspace{-3}
  xmin  &=&   1.0000E-01 [cm]
  xmax  &=&   2.0000E-01 [cm]
  ymin  &=&  -1.0500E+00 [cm]
  ymax  &=&  -9.5000E-01 [cm]
e:

#------------------------------------------------------------------------------
 newpage:
#   no. =305   ix  = 10   iy  =  8
#   x = (   1.0000E-01  -   2.0000E-01  )
#   y = (  -9.5000E-01  -  -8.5000E-01  )

x: z[cm]
y: Dose [Gy/source]      
p: xlin ylog afac(0.8) form(0.9)
h: n            x            y(proton  ),hh0l n 
#  z-lower      z-upper        proton    r.err 
   9.8455E+01   9.8486E+01   3.6312E-01  0.0104
   9.8486E+01   9.8517E+01   3.6761E-01  0.0109
   9.8517E+01   9.8549E+01   3.5091E-01  0.0118
   9.8549E+01   9.8580E+01   3.3926E-01  0.0134

#   sum over    1.2500E-03   3.5522E-01  0.0101

'no. =305,  ix = 10,  iy =  8'
msuc: {\huge Histograma dosis-volumen del pouch}
msdr: {\it plotted by \ANGEL \version}
msdl: {\it calculated by \PHITS  3.36}
wt: s(0.7)
\vspace{-3}
  xmin  &=&   1.0000E-01 [cm]
  xmax  &=&   2.0000E-01 [cm]
  ymin  &=&  -9.5000E-01 [cm]
  ymax  &=&  -8.5000E-01 [cm]
e:

#------------------------------------------------------------------------------
 newpage:
#   no. =306   ix  = 10   iy  =  9
#   x = (   1.0000E-01  -   2.0000E-01  )
#   y = (  -8.5000E-01  -  -7.5000E-01  )

x: z[cm]
y: Dose [Gy/source]      
p: xlin ylog afac(0.8) form(0.9)
h: n            x            y(proton  ),hh0l n 
#  z-lower      z-upper        proton    r.err 
   9.8455E+01   9.8486E+01   3.6280E-01  0.0104
   9.8486E+01   9.8517E+01   3.6603E-01  0.0110
   9.8517E+01   9.8549E+01   3.5351E-01  0.0118
   9.8549E+01   9.8580E+01   3.4322E-01  0.0133

#   sum over    1.2500E-03   3.5639E-01  0.0101

'no. =306,  ix = 10,  iy =  9'
msuc: {\huge Histograma dosis-volumen del pouch}
msdr: {\it plotted by \ANGEL \version}
msdl: {\it calculated by \PHITS  3.36}
wt: s(0.7)
\vspace{-3}
  xmin  &=&   1.0000E-01 [cm]
  xmax  &=&   2.0000E-01 [cm]
  ymin  &=&  -8.5000E-01 [cm]
  ymax  &=&  -7.5000E-01 [cm]
e:

#------------------------------------------------------------------------------
 newpage:
#   no. =307   ix  = 10   iy  = 10
#   x = (   1.0000E-01  -   2.0000E-01  )
#   y = (  -7.5000E-01  -  -6.5000E-01  )

x: z[cm]
y: Dose [Gy/source]      
p: xlin ylog afac(0.8) form(0.9)
h: n            x            y(proton  ),hh0l n 
#  z-lower      z-upper        proton    r.err 
   9.8455E+01   9.8486E+01   3.5838E-01  0.0104
   9.8486E+01   9.8517E+01   3.6326E-01  0.0111
   9.8517E+01   9.8549E+01   3.4421E-01  0.0119
   9.8549E+01   9.8580E+01   3.3443E-01  0.0134

#   sum over    1.2500E-03   3.5007E-01  0.0101

'no. =307,  ix = 10,  iy = 10'
msuc: {\huge Histograma dosis-volumen del pouch}
msdr: {\it plotted by \ANGEL \version}
msdl: {\it calculated by \PHITS  3.36}
wt: s(0.7)
\vspace{-3}
  xmin  &=&   1.0000E-01 [cm]
  xmax  &=&   2.0000E-01 [cm]
  ymin  &=&  -7.5000E-01 [cm]
  ymax  &=&  -6.5000E-01 [cm]
e:

#------------------------------------------------------------------------------
 newpage:
#   no. =308   ix  = 10   iy  = 11
#   x = (   1.0000E-01  -   2.0000E-01  )
#   y = (  -6.5000E-01  -  -5.5000E-01  )

x: z[cm]
y: Dose [Gy/source]      
p: xlin ylog afac(0.8) form(0.9)
h: n            x            y(proton  ),hh0l n 
#  z-lower      z-upper        proton    r.err 
   9.8455E+01   9.8486E+01   3.6244E-01  0.0104
   9.8486E+01   9.8517E+01   3.6335E-01  0.0110
   9.8517E+01   9.8549E+01   3.4488E-01  0.0119
   9.8549E+01   9.8580E+01   3.3761E-01  0.0134

#   sum over    1.2500E-03   3.5207E-01  0.0101

'no. =308,  ix = 10,  iy = 11'
msuc: {\huge Histograma dosis-volumen del pouch}
msdr: {\it plotted by \ANGEL \version}
msdl: {\it calculated by \PHITS  3.36}
wt: s(0.7)
\vspace{-3}
  xmin  &=&   1.0000E-01 [cm]
  xmax  &=&   2.0000E-01 [cm]
  ymin  &=&  -6.5000E-01 [cm]
  ymax  &=&  -5.5000E-01 [cm]
e:

#------------------------------------------------------------------------------
 newpage:
#   no. =309   ix  = 10   iy  = 12
#   x = (   1.0000E-01  -   2.0000E-01  )
#   y = (  -5.5000E-01  -  -4.5000E-01  )

x: z[cm]
y: Dose [Gy/source]      
p: xlin ylog afac(0.8) form(0.9)
h: n            x            y(proton  ),hh0l n 
#  z-lower      z-upper        proton    r.err 
   9.8455E+01   9.8486E+01   3.4940E-01  0.0106
   9.8486E+01   9.8517E+01   3.5400E-01  0.0112
   9.8517E+01   9.8549E+01   3.4032E-01  0.0120
   9.8549E+01   9.8580E+01   3.2609E-01  0.0136

#   sum over    1.2500E-03   3.4245E-01  0.0103

'no. =309,  ix = 10,  iy = 12'
msuc: {\huge Histograma dosis-volumen del pouch}
msdr: {\it plotted by \ANGEL \version}
msdl: {\it calculated by \PHITS  3.36}
wt: s(0.7)
\vspace{-3}
  xmin  &=&   1.0000E-01 [cm]
  xmax  &=&   2.0000E-01 [cm]
  ymin  &=&  -5.5000E-01 [cm]
  ymax  &=&  -4.5000E-01 [cm]
e:

#------------------------------------------------------------------------------
 newpage:
#   no. =310   ix  = 10   iy  = 13
#   x = (   1.0000E-01  -   2.0000E-01  )
#   y = (  -4.5000E-01  -  -3.5000E-01  )

x: z[cm]
y: Dose [Gy/source]      
p: xlin ylog afac(0.8) form(0.9)
h: n            x            y(proton  ),hh0l n 
#  z-lower      z-upper        proton    r.err 
   9.8455E+01   9.8486E+01   3.5924E-01  0.0105
   9.8486E+01   9.8517E+01   3.5931E-01  0.0111
   9.8517E+01   9.8549E+01   3.4385E-01  0.0119
   9.8549E+01   9.8580E+01   3.3114E-01  0.0135

#   sum over    1.2500E-03   3.4839E-01  0.0102

'no. =310,  ix = 10,  iy = 13'
msuc: {\huge Histograma dosis-volumen del pouch}
msdr: {\it plotted by \ANGEL \version}
msdl: {\it calculated by \PHITS  3.36}
wt: s(0.7)
\vspace{-3}
  xmin  &=&   1.0000E-01 [cm]
  xmax  &=&   2.0000E-01 [cm]
  ymin  &=&  -4.5000E-01 [cm]
  ymax  &=&  -3.5000E-01 [cm]
e:

#------------------------------------------------------------------------------
 newpage:
#   no. =311   ix  = 10   iy  = 14
#   x = (   1.0000E-01  -   2.0000E-01  )
#   y = (  -3.5000E-01  -  -2.5000E-01  )

x: z[cm]
y: Dose [Gy/source]      
p: xlin ylog afac(0.8) form(0.9)
h: n            x            y(proton  ),hh0l n 
#  z-lower      z-upper        proton    r.err 
   9.8455E+01   9.8486E+01   3.5451E-01  0.0105
   9.8486E+01   9.8517E+01   3.5248E-01  0.0111
   9.8517E+01   9.8549E+01   3.3879E-01  0.0120
   9.8549E+01   9.8580E+01   3.2764E-01  0.0136

#   sum over    1.2500E-03   3.4335E-01  0.0102

'no. =311,  ix = 10,  iy = 14'
msuc: {\huge Histograma dosis-volumen del pouch}
msdr: {\it plotted by \ANGEL \version}
msdl: {\it calculated by \PHITS  3.36}
wt: s(0.7)
\vspace{-3}
  xmin  &=&   1.0000E-01 [cm]
  xmax  &=&   2.0000E-01 [cm]
  ymin  &=&  -3.5000E-01 [cm]
  ymax  &=&  -2.5000E-01 [cm]
e:

#------------------------------------------------------------------------------
 newpage:
#   no. =312   ix  = 10   iy  = 15
#   x = (   1.0000E-01  -   2.0000E-01  )
#   y = (  -2.5000E-01  -  -1.5000E-01  )

x: z[cm]
y: Dose [Gy/source]      
p: xlin ylog afac(0.8) form(0.9)
h: n            x            y(proton  ),hh0l n 
#  z-lower      z-upper        proton    r.err 
   9.8455E+01   9.8486E+01   3.6039E-01  0.0104
   9.8486E+01   9.8517E+01   3.6173E-01  0.0111
   9.8517E+01   9.8549E+01   3.4431E-01  0.0119
   9.8549E+01   9.8580E+01   3.3594E-01  0.0134

#   sum over    1.2500E-03   3.5059E-01  0.0101

'no. =312,  ix = 10,  iy = 15'
msuc: {\huge Histograma dosis-volumen del pouch}
msdr: {\it plotted by \ANGEL \version}
msdl: {\it calculated by \PHITS  3.36}
wt: s(0.7)
\vspace{-3}
  xmin  &=&   1.0000E-01 [cm]
  xmax  &=&   2.0000E-01 [cm]
  ymin  &=&  -2.5000E-01 [cm]
  ymax  &=&  -1.5000E-01 [cm]
e:

#------------------------------------------------------------------------------
 newpage:
#   no. =313   ix  = 10   iy  = 16
#   x = (   1.0000E-01  -   2.0000E-01  )
#   y = (  -1.5000E-01  -  -5.0000E-02  )

x: z[cm]
y: Dose [Gy/source]      
p: xlin ylog afac(0.8) form(0.9)
h: n            x            y(proton  ),hh0l n 
#  z-lower      z-upper        proton    r.err 
   9.8455E+01   9.8486E+01   3.6156E-01  0.0104
   9.8486E+01   9.8517E+01   3.6331E-01  0.0110
   9.8517E+01   9.8549E+01   3.5061E-01  0.0118
   9.8549E+01   9.8580E+01   3.3629E-01  0.0134

#   sum over    1.2500E-03   3.5294E-01  0.0101

'no. =313,  ix = 10,  iy = 16'
msuc: {\huge Histograma dosis-volumen del pouch}
msdr: {\it plotted by \ANGEL \version}
msdl: {\it calculated by \PHITS  3.36}
wt: s(0.7)
\vspace{-3}
  xmin  &=&   1.0000E-01 [cm]
  xmax  &=&   2.0000E-01 [cm]
  ymin  &=&  -1.5000E-01 [cm]
  ymax  &=&  -5.0000E-02 [cm]
e:

#------------------------------------------------------------------------------
 newpage:
#   no. =314   ix  = 10   iy  = 17
#   x = (   1.0000E-01  -   2.0000E-01  )
#   y = (  -5.0000E-02  -   5.0000E-02  )

x: z[cm]
y: Dose [Gy/source]      
p: xlin ylog afac(0.8) form(0.9)
h: n            x            y(proton  ),hh0l n 
#  z-lower      z-upper        proton    r.err 
   9.8455E+01   9.8486E+01   3.5384E-01  0.0105
   9.8486E+01   9.8517E+01   3.5805E-01  0.0111
   9.8517E+01   9.8549E+01   3.4533E-01  0.0120
   9.8549E+01   9.8580E+01   3.2414E-01  0.0137

#   sum over    1.2500E-03   3.4534E-01  0.0102

'no. =314,  ix = 10,  iy = 17'
msuc: {\huge Histograma dosis-volumen del pouch}
msdr: {\it plotted by \ANGEL \version}
msdl: {\it calculated by \PHITS  3.36}
wt: s(0.7)
\vspace{-3}
  xmin  &=&   1.0000E-01 [cm]
  xmax  &=&   2.0000E-01 [cm]
  ymin  &=&  -5.0000E-02 [cm]
  ymax  &=&   5.0000E-02 [cm]
e:

#------------------------------------------------------------------------------
 newpage:
#   no. =315   ix  = 10   iy  = 18
#   x = (   1.0000E-01  -   2.0000E-01  )
#   y = (   5.0000E-02  -   1.5000E-01  )

x: z[cm]
y: Dose [Gy/source]      
p: xlin ylog afac(0.8) form(0.9)
h: n            x            y(proton  ),hh0l n 
#  z-lower      z-upper        proton    r.err 
   9.8455E+01   9.8486E+01   3.5037E-01  0.0106
   9.8486E+01   9.8517E+01   3.5440E-01  0.0112
   9.8517E+01   9.8549E+01   3.3851E-01  0.0120
   9.8549E+01   9.8580E+01   3.2547E-01  0.0137

#   sum over    1.2500E-03   3.4219E-01  0.0102

'no. =315,  ix = 10,  iy = 18'
msuc: {\huge Histograma dosis-volumen del pouch}
msdr: {\it plotted by \ANGEL \version}
msdl: {\it calculated by \PHITS  3.36}
wt: s(0.7)
\vspace{-3}
  xmin  &=&   1.0000E-01 [cm]
  xmax  &=&   2.0000E-01 [cm]
  ymin  &=&   5.0000E-02 [cm]
  ymax  &=&   1.5000E-01 [cm]
e:

#------------------------------------------------------------------------------
 newpage:
#   no. =316   ix  = 10   iy  = 19
#   x = (   1.0000E-01  -   2.0000E-01  )
#   y = (   1.5000E-01  -   2.5000E-01  )

x: z[cm]
y: Dose [Gy/source]      
p: xlin ylog afac(0.8) form(0.9)
h: n            x            y(proton  ),hh0l n 
#  z-lower      z-upper        proton    r.err 
   9.8455E+01   9.8486E+01   3.6153E-01  0.0104
   9.8486E+01   9.8517E+01   3.6556E-01  0.0110
   9.8517E+01   9.8549E+01   3.4650E-01  0.0119
   9.8549E+01   9.8580E+01   3.3429E-01  0.0135

#   sum over    1.2500E-03   3.5197E-01  0.0101

'no. =316,  ix = 10,  iy = 19'
msuc: {\huge Histograma dosis-volumen del pouch}
msdr: {\it plotted by \ANGEL \version}
msdl: {\it calculated by \PHITS  3.36}
wt: s(0.7)
\vspace{-3}
  xmin  &=&   1.0000E-01 [cm]
  xmax  &=&   2.0000E-01 [cm]
  ymin  &=&   1.5000E-01 [cm]
  ymax  &=&   2.5000E-01 [cm]
e:

#------------------------------------------------------------------------------
 newpage:
#   no. =317   ix  = 10   iy  = 20
#   x = (   1.0000E-01  -   2.0000E-01  )
#   y = (   2.5000E-01  -   3.5000E-01  )

x: z[cm]
y: Dose [Gy/source]      
p: xlin ylog afac(0.8) form(0.9)
h: n            x            y(proton  ),hh0l n 
#  z-lower      z-upper        proton    r.err 
   9.8455E+01   9.8486E+01   3.5717E-01  0.0105
   9.8486E+01   9.8517E+01   3.5690E-01  0.0111
   9.8517E+01   9.8549E+01   3.4069E-01  0.0120
   9.8549E+01   9.8580E+01   3.2843E-01  0.0136

#   sum over    1.2500E-03   3.4580E-01  0.0102

'no. =317,  ix = 10,  iy = 20'
msuc: {\huge Histograma dosis-volumen del pouch}
msdr: {\it plotted by \ANGEL \version}
msdl: {\it calculated by \PHITS  3.36}
wt: s(0.7)
\vspace{-3}
  xmin  &=&   1.0000E-01 [cm]
  xmax  &=&   2.0000E-01 [cm]
  ymin  &=&   2.5000E-01 [cm]
  ymax  &=&   3.5000E-01 [cm]
e:

#------------------------------------------------------------------------------
 newpage:
#   no. =318   ix  = 10   iy  = 21
#   x = (   1.0000E-01  -   2.0000E-01  )
#   y = (   3.5000E-01  -   4.5000E-01  )

x: z[cm]
y: Dose [Gy/source]      
p: xlin ylog afac(0.8) form(0.9)
h: n            x            y(proton  ),hh0l n 
#  z-lower      z-upper        proton    r.err 
   9.8455E+01   9.8486E+01   3.5654E-01  0.0104
   9.8486E+01   9.8517E+01   3.6102E-01  0.0111
   9.8517E+01   9.8549E+01   3.4543E-01  0.0119
   9.8549E+01   9.8580E+01   3.2927E-01  0.0136

#   sum over    1.2500E-03   3.4807E-01  0.0101

'no. =318,  ix = 10,  iy = 21'
msuc: {\huge Histograma dosis-volumen del pouch}
msdr: {\it plotted by \ANGEL \version}
msdl: {\it calculated by \PHITS  3.36}
wt: s(0.7)
\vspace{-3}
  xmin  &=&   1.0000E-01 [cm]
  xmax  &=&   2.0000E-01 [cm]
  ymin  &=&   3.5000E-01 [cm]
  ymax  &=&   4.5000E-01 [cm]
e:

#------------------------------------------------------------------------------
 newpage:
#   no. =319   ix  = 10   iy  = 22
#   x = (   1.0000E-01  -   2.0000E-01  )
#   y = (   4.5000E-01  -   5.5000E-01  )

x: z[cm]
y: Dose [Gy/source]      
p: xlin ylog afac(0.8) form(0.9)
h: n            x            y(proton  ),hh0l n 
#  z-lower      z-upper        proton    r.err 
   9.8455E+01   9.8486E+01   3.5999E-01  0.0105
   9.8486E+01   9.8517E+01   3.5928E-01  0.0111
   9.8517E+01   9.8549E+01   3.4323E-01  0.0119
   9.8549E+01   9.8580E+01   3.3447E-01  0.0135

#   sum over    1.2500E-03   3.4924E-01  0.0101

'no. =319,  ix = 10,  iy = 22'
msuc: {\huge Histograma dosis-volumen del pouch}
msdr: {\it plotted by \ANGEL \version}
msdl: {\it calculated by \PHITS  3.36}
wt: s(0.7)
\vspace{-3}
  xmin  &=&   1.0000E-01 [cm]
  xmax  &=&   2.0000E-01 [cm]
  ymin  &=&   4.5000E-01 [cm]
  ymax  &=&   5.5000E-01 [cm]
e:

#------------------------------------------------------------------------------
 newpage:
#   no. =320   ix  = 10   iy  = 23
#   x = (   1.0000E-01  -   2.0000E-01  )
#   y = (   5.5000E-01  -   6.5000E-01  )

x: z[cm]
y: Dose [Gy/source]      
p: xlin ylog afac(0.8) form(0.9)
h: n            x            y(proton  ),hh0l n 
#  z-lower      z-upper        proton    r.err 
   9.8455E+01   9.8486E+01   3.5398E-01  0.0105
   9.8486E+01   9.8517E+01   3.5595E-01  0.0111
   9.8517E+01   9.8549E+01   3.4729E-01  0.0119
   9.8549E+01   9.8580E+01   3.3298E-01  0.0135

#   sum over    1.2500E-03   3.4755E-01  0.0102

'no. =320,  ix = 10,  iy = 23'
msuc: {\huge Histograma dosis-volumen del pouch}
msdr: {\it plotted by \ANGEL \version}
msdl: {\it calculated by \PHITS  3.36}
wt: s(0.7)
\vspace{-3}
  xmin  &=&   1.0000E-01 [cm]
  xmax  &=&   2.0000E-01 [cm]
  ymin  &=&   5.5000E-01 [cm]
  ymax  &=&   6.5000E-01 [cm]
e:

#------------------------------------------------------------------------------
 newpage:
#   no. =321   ix  = 10   iy  = 24
#   x = (   1.0000E-01  -   2.0000E-01  )
#   y = (   6.5000E-01  -   7.5000E-01  )

x: z[cm]
y: Dose [Gy/source]      
p: xlin ylog afac(0.8) form(0.9)
h: n            x            y(proton  ),hh0l n 
#  z-lower      z-upper        proton    r.err 
   9.8455E+01   9.8486E+01   3.6461E-01  0.0104
   9.8486E+01   9.8517E+01   3.6562E-01  0.0110
   9.8517E+01   9.8549E+01   3.5054E-01  0.0118
   9.8549E+01   9.8580E+01   3.3658E-01  0.0135

#   sum over    1.2500E-03   3.5434E-01  0.0101

'no. =321,  ix = 10,  iy = 24'
msuc: {\huge Histograma dosis-volumen del pouch}
msdr: {\it plotted by \ANGEL \version}
msdl: {\it calculated by \PHITS  3.36}
wt: s(0.7)
\vspace{-3}
  xmin  &=&   1.0000E-01 [cm]
  xmax  &=&   2.0000E-01 [cm]
  ymin  &=&   6.5000E-01 [cm]
  ymax  &=&   7.5000E-01 [cm]
e:

#------------------------------------------------------------------------------
 newpage:
#   no. =322   ix  = 10   iy  = 25
#   x = (   1.0000E-01  -   2.0000E-01  )
#   y = (   7.5000E-01  -   8.5000E-01  )

x: z[cm]
y: Dose [Gy/source]      
p: xlin ylog afac(0.8) form(0.9)
h: n            x            y(proton  ),hh0l n 
#  z-lower      z-upper        proton    r.err 
   9.8455E+01   9.8486E+01   3.5348E-01  0.0104
   9.8486E+01   9.8517E+01   3.6307E-01  0.0110
   9.8517E+01   9.8549E+01   3.4786E-01  0.0119
   9.8549E+01   9.8580E+01   3.3663E-01  0.0134

#   sum over    1.2500E-03   3.5026E-01  0.0101

'no. =322,  ix = 10,  iy = 25'
msuc: {\huge Histograma dosis-volumen del pouch}
msdr: {\it plotted by \ANGEL \version}
msdl: {\it calculated by \PHITS  3.36}
wt: s(0.7)
\vspace{-3}
  xmin  &=&   1.0000E-01 [cm]
  xmax  &=&   2.0000E-01 [cm]
  ymin  &=&   7.5000E-01 [cm]
  ymax  &=&   8.5000E-01 [cm]
e:

#------------------------------------------------------------------------------
 newpage:
#   no. =323   ix  = 10   iy  = 26
#   x = (   1.0000E-01  -   2.0000E-01  )
#   y = (   8.5000E-01  -   9.5000E-01  )

x: z[cm]
y: Dose [Gy/source]      
p: xlin ylog afac(0.8) form(0.9)
h: n            x            y(proton  ),hh0l n 
#  z-lower      z-upper        proton    r.err 
   9.8455E+01   9.8486E+01   3.6030E-01  0.0104
   9.8486E+01   9.8517E+01   3.6339E-01  0.0109
   9.8517E+01   9.8549E+01   3.5395E-01  0.0118
   9.8549E+01   9.8580E+01   3.4681E-01  0.0132

#   sum over    1.2500E-03   3.5611E-01  0.0101

'no. =323,  ix = 10,  iy = 26'
msuc: {\huge Histograma dosis-volumen del pouch}
msdr: {\it plotted by \ANGEL \version}
msdl: {\it calculated by \PHITS  3.36}
wt: s(0.7)
\vspace{-3}
  xmin  &=&   1.0000E-01 [cm]
  xmax  &=&   2.0000E-01 [cm]
  ymin  &=&   8.5000E-01 [cm]
  ymax  &=&   9.5000E-01 [cm]
e:

#------------------------------------------------------------------------------
 newpage:
#   no. =324   ix  = 10   iy  = 27
#   x = (   1.0000E-01  -   2.0000E-01  )
#   y = (   9.5000E-01  -   1.0500E+00  )

x: z[cm]
y: Dose [Gy/source]      
p: xlin ylog afac(0.8) form(0.9)
h: n            x            y(proton  ),hh0l n 
#  z-lower      z-upper        proton    r.err 
   9.8455E+01   9.8486E+01   3.6918E-01  0.0103
   9.8486E+01   9.8517E+01   3.6752E-01  0.0110
   9.8517E+01   9.8549E+01   3.5435E-01  0.0118
   9.8549E+01   9.8580E+01   3.4138E-01  0.0133

#   sum over    1.2500E-03   3.5811E-01  0.0100

'no. =324,  ix = 10,  iy = 27'
msuc: {\huge Histograma dosis-volumen del pouch}
msdr: {\it plotted by \ANGEL \version}
msdl: {\it calculated by \PHITS  3.36}
wt: s(0.7)
\vspace{-3}
  xmin  &=&   1.0000E-01 [cm]
  xmax  &=&   2.0000E-01 [cm]
  ymin  &=&   9.5000E-01 [cm]
  ymax  &=&   1.0500E+00 [cm]
e:

#------------------------------------------------------------------------------
 newpage:
#   no. =325   ix  = 10   iy  = 28
#   x = (   1.0000E-01  -   2.0000E-01  )
#   y = (   1.0500E+00  -   1.1500E+00  )

x: z[cm]
y: Dose [Gy/source]      
p: xlin ylog afac(0.8) form(0.9)
h: n            x            y(proton  ),hh0l n 
#  z-lower      z-upper        proton    r.err 
   9.8455E+01   9.8486E+01   3.6880E-01  0.0103
   9.8486E+01   9.8517E+01   3.6965E-01  0.0109
   9.8517E+01   9.8549E+01   3.5529E-01  0.0117
   9.8549E+01   9.8580E+01   3.4626E-01  0.0132

#   sum over    1.2500E-03   3.6000E-01  0.0100

'no. =325,  ix = 10,  iy = 28'
msuc: {\huge Histograma dosis-volumen del pouch}
msdr: {\it plotted by \ANGEL \version}
msdl: {\it calculated by \PHITS  3.36}
wt: s(0.7)
\vspace{-3}
  xmin  &=&   1.0000E-01 [cm]
  xmax  &=&   2.0000E-01 [cm]
  ymin  &=&   1.0500E+00 [cm]
  ymax  &=&   1.1500E+00 [cm]
e:

#------------------------------------------------------------------------------
 newpage:
#   no. =326   ix  = 10   iy  = 29
#   x = (   1.0000E-01  -   2.0000E-01  )
#   y = (   1.1500E+00  -   1.2500E+00  )

x: z[cm]
y: Dose [Gy/source]      
p: xlin ylog afac(0.8) form(0.9)
h: n            x            y(proton  ),hh0l n 
#  z-lower      z-upper        proton    r.err 
   9.8455E+01   9.8486E+01   3.6516E-01  0.0103
   9.8486E+01   9.8517E+01   3.6407E-01  0.0110
   9.8517E+01   9.8549E+01   3.5451E-01  0.0117
   9.8549E+01   9.8580E+01   3.4373E-01  0.0133

#   sum over    1.2500E-03   3.5687E-01  0.0100

'no. =326,  ix = 10,  iy = 29'
msuc: {\huge Histograma dosis-volumen del pouch}
msdr: {\it plotted by \ANGEL \version}
msdl: {\it calculated by \PHITS  3.36}
wt: s(0.7)
\vspace{-3}
  xmin  &=&   1.0000E-01 [cm]
  xmax  &=&   2.0000E-01 [cm]
  ymin  &=&   1.1500E+00 [cm]
  ymax  &=&   1.2500E+00 [cm]
e:

#------------------------------------------------------------------------------
 newpage:
#   no. =327   ix  = 10   iy  = 30
#   x = (   1.0000E-01  -   2.0000E-01  )
#   y = (   1.2500E+00  -   1.3500E+00  )

x: z[cm]
y: Dose [Gy/source]      
p: xlin ylog afac(0.8) form(0.9)
h: n            x            y(proton  ),hh0l n 
#  z-lower      z-upper        proton    r.err 
   9.8455E+01   9.8486E+01   3.7195E-01  0.0102
   9.8486E+01   9.8517E+01   3.7855E-01  0.0108
   9.8517E+01   9.8549E+01   3.6120E-01  0.0117
   9.8549E+01   9.8580E+01   3.4704E-01  0.0132

#   sum over    1.2500E-03   3.6469E-01  0.0099

'no. =327,  ix = 10,  iy = 30'
msuc: {\huge Histograma dosis-volumen del pouch}
msdr: {\it plotted by \ANGEL \version}
msdl: {\it calculated by \PHITS  3.36}
wt: s(0.7)
\vspace{-3}
  xmin  &=&   1.0000E-01 [cm]
  xmax  &=&   2.0000E-01 [cm]
  ymin  &=&   1.2500E+00 [cm]
  ymax  &=&   1.3500E+00 [cm]
e:

#------------------------------------------------------------------------------
 newpage:
#   no. =328   ix  = 10   iy  = 31
#   x = (   1.0000E-01  -   2.0000E-01  )
#   y = (   1.3500E+00  -   1.4500E+00  )

x: z[cm]
y: Dose [Gy/source]      
p: xlin ylog afac(0.8) form(0.9)
h: n            x            y(proton  ),hh0l n 
#  z-lower      z-upper        proton    r.err 
   9.8455E+01   9.8486E+01   3.7306E-01  0.0102
   9.8486E+01   9.8517E+01   3.7700E-01  0.0108
   9.8517E+01   9.8549E+01   3.6495E-01  0.0116
   9.8549E+01   9.8580E+01   3.5387E-01  0.0131

#   sum over    1.2500E-03   3.6722E-01  0.0099

'no. =328,  ix = 10,  iy = 31'
msuc: {\huge Histograma dosis-volumen del pouch}
msdr: {\it plotted by \ANGEL \version}
msdl: {\it calculated by \PHITS  3.36}
wt: s(0.7)
\vspace{-3}
  xmin  &=&   1.0000E-01 [cm]
  xmax  &=&   2.0000E-01 [cm]
  ymin  &=&   1.3500E+00 [cm]
  ymax  &=&   1.4500E+00 [cm]
e:

#------------------------------------------------------------------------------
 newpage:
#   no. =329   ix  = 10   iy  = 32
#   x = (   1.0000E-01  -   2.0000E-01  )
#   y = (   1.4500E+00  -   1.5500E+00  )

x: z[cm]
y: Dose [Gy/source]      
p: xlin ylog afac(0.8) form(0.9)
h: n            x            y(proton  ),hh0l n 
#  z-lower      z-upper        proton    r.err 
   9.8455E+01   9.8486E+01   3.6391E-01  0.0103
   9.8486E+01   9.8517E+01   3.7240E-01  0.0108
   9.8517E+01   9.8549E+01   3.6364E-01  0.0116
   9.8549E+01   9.8580E+01   3.5702E-01  0.0131

#   sum over    1.2500E-03   3.6424E-01  0.0100

'no. =329,  ix = 10,  iy = 32'
msuc: {\huge Histograma dosis-volumen del pouch}
msdr: {\it plotted by \ANGEL \version}
msdl: {\it calculated by \PHITS  3.36}
wt: s(0.7)
\vspace{-3}
  xmin  &=&   1.0000E-01 [cm]
  xmax  &=&   2.0000E-01 [cm]
  ymin  &=&   1.4500E+00 [cm]
  ymax  &=&   1.5500E+00 [cm]
e:

#------------------------------------------------------------------------------
 newpage:
#   no. =330   ix  = 10   iy  = 33
#   x = (   1.0000E-01  -   2.0000E-01  )
#   y = (   1.5500E+00  -   1.6500E+00  )

x: z[cm]
y: Dose [Gy/source]      
p: xlin ylog afac(0.8) form(0.9)
h: n            x            y(proton  ),hh0l n 
#  z-lower      z-upper        proton    r.err 
   9.8455E+01   9.8486E+01   3.6946E-01  0.0103
   9.8486E+01   9.8517E+01   3.7780E-01  0.0108
   9.8517E+01   9.8549E+01   3.5916E-01  0.0117
   9.8549E+01   9.8580E+01   3.5401E-01  0.0131

#   sum over    1.2500E-03   3.6511E-01  0.0099

'no. =330,  ix = 10,  iy = 33'
msuc: {\huge Histograma dosis-volumen del pouch}
msdr: {\it plotted by \ANGEL \version}
msdl: {\it calculated by \PHITS  3.36}
wt: s(0.7)
\vspace{-3}
  xmin  &=&   1.0000E-01 [cm]
  xmax  &=&   2.0000E-01 [cm]
  ymin  &=&   1.5500E+00 [cm]
  ymax  &=&   1.6500E+00 [cm]
e:

#------------------------------------------------------------------------------
 newpage:
#   no. =331   ix  = 11   iy  =  1
#   x = (   2.0000E-01  -   3.0000E-01  )
#   y = (  -1.6500E+00  -  -1.5500E+00  )

x: z[cm]
y: Dose [Gy/source]      
p: xlin ylog afac(0.8) form(0.9)
h: n            x            y(proton  ),hh0l n 
#  z-lower      z-upper        proton    r.err 
   9.8455E+01   9.8486E+01   0.0000E+00  0.0000
   9.8486E+01   9.8517E+01   0.0000E+00  0.0000
   9.8517E+01   9.8549E+01   0.0000E+00  0.0000
   9.8549E+01   9.8580E+01   0.0000E+00  0.0000

#   sum over    1.2500E-03   0.0000E+00  0.0000

'no. =331,  ix = 11,  iy =  1'
msuc: {\huge Histograma dosis-volumen del pouch}
msdr: {\it plotted by \ANGEL \version}
msdl: {\it calculated by \PHITS  3.36}
wt: s(0.7)
\vspace{-3}
  xmin  &=&   2.0000E-01 [cm]
  xmax  &=&   3.0000E-01 [cm]
  ymin  &=&  -1.6500E+00 [cm]
  ymax  &=&  -1.5500E+00 [cm]
e:

#------------------------------------------------------------------------------
 newpage:
#   no. =332   ix  = 11   iy  =  2
#   x = (   2.0000E-01  -   3.0000E-01  )
#   y = (  -1.5500E+00  -  -1.4500E+00  )

x: z[cm]
y: Dose [Gy/source]      
p: xlin ylog afac(0.8) form(0.9)
h: n            x            y(proton  ),hh0l n 
#  z-lower      z-upper        proton    r.err 
   9.8455E+01   9.8486E+01   0.0000E+00  0.0000
   9.8486E+01   9.8517E+01   0.0000E+00  0.0000
   9.8517E+01   9.8549E+01   0.0000E+00  0.0000
   9.8549E+01   9.8580E+01   0.0000E+00  0.0000

#   sum over    1.2500E-03   0.0000E+00  0.0000

'no. =332,  ix = 11,  iy =  2'
msuc: {\huge Histograma dosis-volumen del pouch}
msdr: {\it plotted by \ANGEL \version}
msdl: {\it calculated by \PHITS  3.36}
wt: s(0.7)
\vspace{-3}
  xmin  &=&   2.0000E-01 [cm]
  xmax  &=&   3.0000E-01 [cm]
  ymin  &=&  -1.5500E+00 [cm]
  ymax  &=&  -1.4500E+00 [cm]
e:

#------------------------------------------------------------------------------
 newpage:
#   no. =333   ix  = 11   iy  =  3
#   x = (   2.0000E-01  -   3.0000E-01  )
#   y = (  -1.4500E+00  -  -1.3500E+00  )

x: z[cm]
y: Dose [Gy/source]      
p: xlin ylog afac(0.8) form(0.9)
h: n            x            y(proton  ),hh0l n 
#  z-lower      z-upper        proton    r.err 
   9.8455E+01   9.8486E+01   1.9059E-04  0.4432
   9.8486E+01   9.8517E+01   2.2705E-04  0.5199
   9.8517E+01   9.8549E+01   1.4665E-04  0.6858
   9.8549E+01   9.8580E+01   9.0230E-05  1.0000

#   sum over    1.2500E-03   1.6363E-04  0.4714

'no. =333,  ix = 11,  iy =  3'
msuc: {\huge Histograma dosis-volumen del pouch}
msdr: {\it plotted by \ANGEL \version}
msdl: {\it calculated by \PHITS  3.36}
wt: s(0.7)
\vspace{-3}
  xmin  &=&   2.0000E-01 [cm]
  xmax  &=&   3.0000E-01 [cm]
  ymin  &=&  -1.4500E+00 [cm]
  ymax  &=&  -1.3500E+00 [cm]
e:

#------------------------------------------------------------------------------
 newpage:
#   no. =334   ix  = 11   iy  =  4
#   x = (   2.0000E-01  -   3.0000E-01  )
#   y = (  -1.3500E+00  -  -1.2500E+00  )

x: z[cm]
y: Dose [Gy/source]      
p: xlin ylog afac(0.8) form(0.9)
h: n            x            y(proton  ),hh0l n 
#  z-lower      z-upper        proton    r.err 
   9.8455E+01   9.8486E+01   2.5817E-01  0.0123
   9.8486E+01   9.8517E+01   2.6188E-01  0.0129
   9.8517E+01   9.8549E+01   2.5723E-01  0.0138
   9.8549E+01   9.8580E+01   2.4854E-01  0.0155

#   sum over    1.2500E-03   2.5645E-01  0.0119

'no. =334,  ix = 11,  iy =  4'
msuc: {\huge Histograma dosis-volumen del pouch}
msdr: {\it plotted by \ANGEL \version}
msdl: {\it calculated by \PHITS  3.36}
wt: s(0.7)
\vspace{-3}
  xmin  &=&   2.0000E-01 [cm]
  xmax  &=&   3.0000E-01 [cm]
  ymin  &=&  -1.3500E+00 [cm]
  ymax  &=&  -1.2500E+00 [cm]
e:

#------------------------------------------------------------------------------
 newpage:
#   no. =335   ix  = 11   iy  =  5
#   x = (   2.0000E-01  -   3.0000E-01  )
#   y = (  -1.2500E+00  -  -1.1500E+00  )

x: z[cm]
y: Dose [Gy/source]      
p: xlin ylog afac(0.8) form(0.9)
h: n            x            y(proton  ),hh0l n 
#  z-lower      z-upper        proton    r.err 
   9.8455E+01   9.8486E+01   3.6478E-01  0.0103
   9.8486E+01   9.8517E+01   3.6837E-01  0.0109
   9.8517E+01   9.8549E+01   3.5295E-01  0.0118
   9.8549E+01   9.8580E+01   3.4441E-01  0.0133

#   sum over    1.2500E-03   3.5763E-01  0.0100

'no. =335,  ix = 11,  iy =  5'
msuc: {\huge Histograma dosis-volumen del pouch}
msdr: {\it plotted by \ANGEL \version}
msdl: {\it calculated by \PHITS  3.36}
wt: s(0.7)
\vspace{-3}
  xmin  &=&   2.0000E-01 [cm]
  xmax  &=&   3.0000E-01 [cm]
  ymin  &=&  -1.2500E+00 [cm]
  ymax  &=&  -1.1500E+00 [cm]
e:

#------------------------------------------------------------------------------
 newpage:
#   no. =336   ix  = 11   iy  =  6
#   x = (   2.0000E-01  -   3.0000E-01  )
#   y = (  -1.1500E+00  -  -1.0500E+00  )

x: z[cm]
y: Dose [Gy/source]      
p: xlin ylog afac(0.8) form(0.9)
h: n            x            y(proton  ),hh0l n 
#  z-lower      z-upper        proton    r.err 
   9.8455E+01   9.8486E+01   3.6273E-01  0.0104
   9.8486E+01   9.8517E+01   3.6806E-01  0.0109
   9.8517E+01   9.8549E+01   3.5768E-01  0.0117
   9.8549E+01   9.8580E+01   3.4418E-01  0.0133

#   sum over    1.2500E-03   3.5816E-01  0.0100

'no. =336,  ix = 11,  iy =  6'
msuc: {\huge Histograma dosis-volumen del pouch}
msdr: {\it plotted by \ANGEL \version}
msdl: {\it calculated by \PHITS  3.36}
wt: s(0.7)
\vspace{-3}
  xmin  &=&   2.0000E-01 [cm]
  xmax  &=&   3.0000E-01 [cm]
  ymin  &=&  -1.1500E+00 [cm]
  ymax  &=&  -1.0500E+00 [cm]
e:

#------------------------------------------------------------------------------
 newpage:
#   no. =337   ix  = 11   iy  =  7
#   x = (   2.0000E-01  -   3.0000E-01  )
#   y = (  -1.0500E+00  -  -9.5000E-01  )

x: z[cm]
y: Dose [Gy/source]      
p: xlin ylog afac(0.8) form(0.9)
h: n            x            y(proton  ),hh0l n 
#  z-lower      z-upper        proton    r.err 
   9.8455E+01   9.8486E+01   3.6530E-01  0.0104
   9.8486E+01   9.8517E+01   3.6489E-01  0.0110
   9.8517E+01   9.8549E+01   3.5079E-01  0.0118
   9.8549E+01   9.8580E+01   3.3883E-01  0.0134

#   sum over    1.2500E-03   3.5495E-01  0.0101

'no. =337,  ix = 11,  iy =  7'
msuc: {\huge Histograma dosis-volumen del pouch}
msdr: {\it plotted by \ANGEL \version}
msdl: {\it calculated by \PHITS  3.36}
wt: s(0.7)
\vspace{-3}
  xmin  &=&   2.0000E-01 [cm]
  xmax  &=&   3.0000E-01 [cm]
  ymin  &=&  -1.0500E+00 [cm]
  ymax  &=&  -9.5000E-01 [cm]
e:

#------------------------------------------------------------------------------
 newpage:
#   no. =338   ix  = 11   iy  =  8
#   x = (   2.0000E-01  -   3.0000E-01  )
#   y = (  -9.5000E-01  -  -8.5000E-01  )

x: z[cm]
y: Dose [Gy/source]      
p: xlin ylog afac(0.8) form(0.9)
h: n            x            y(proton  ),hh0l n 
#  z-lower      z-upper        proton    r.err 
   9.8455E+01   9.8486E+01   3.6210E-01  0.0104
   9.8486E+01   9.8517E+01   3.6266E-01  0.0110
   9.8517E+01   9.8549E+01   3.4561E-01  0.0119
   9.8549E+01   9.8580E+01   3.4131E-01  0.0134

#   sum over    1.2500E-03   3.5292E-01  0.0101

'no. =338,  ix = 11,  iy =  8'
msuc: {\huge Histograma dosis-volumen del pouch}
msdr: {\it plotted by \ANGEL \version}
msdl: {\it calculated by \PHITS  3.36}
wt: s(0.7)
\vspace{-3}
  xmin  &=&   2.0000E-01 [cm]
  xmax  &=&   3.0000E-01 [cm]
  ymin  &=&  -9.5000E-01 [cm]
  ymax  &=&  -8.5000E-01 [cm]
e:

#------------------------------------------------------------------------------
 newpage:
#   no. =339   ix  = 11   iy  =  9
#   x = (   2.0000E-01  -   3.0000E-01  )
#   y = (  -8.5000E-01  -  -7.5000E-01  )

x: z[cm]
y: Dose [Gy/source]      
p: xlin ylog afac(0.8) form(0.9)
h: n            x            y(proton  ),hh0l n 
#  z-lower      z-upper        proton    r.err 
   9.8455E+01   9.8486E+01   3.6846E-01  0.0103
   9.8486E+01   9.8517E+01   3.6962E-01  0.0109
   9.8517E+01   9.8549E+01   3.5283E-01  0.0118
   9.8549E+01   9.8580E+01   3.3917E-01  0.0134

#   sum over    1.2500E-03   3.5752E-01  0.0100

'no. =339,  ix = 11,  iy =  9'
msuc: {\huge Histograma dosis-volumen del pouch}
msdr: {\it plotted by \ANGEL \version}
msdl: {\it calculated by \PHITS  3.36}
wt: s(0.7)
\vspace{-3}
  xmin  &=&   2.0000E-01 [cm]
  xmax  &=&   3.0000E-01 [cm]
  ymin  &=&  -8.5000E-01 [cm]
  ymax  &=&  -7.5000E-01 [cm]
e:

#------------------------------------------------------------------------------
 newpage:
#   no. =340   ix  = 11   iy  = 10
#   x = (   2.0000E-01  -   3.0000E-01  )
#   y = (  -7.5000E-01  -  -6.5000E-01  )

x: z[cm]
y: Dose [Gy/source]      
p: xlin ylog afac(0.8) form(0.9)
h: n            x            y(proton  ),hh0l n 
#  z-lower      z-upper        proton    r.err 
   9.8455E+01   9.8486E+01   3.6185E-01  0.0104
   9.8486E+01   9.8517E+01   3.6167E-01  0.0110
   9.8517E+01   9.8549E+01   3.4639E-01  0.0119
   9.8549E+01   9.8580E+01   3.3097E-01  0.0135

#   sum over    1.2500E-03   3.5022E-01  0.0101

'no. =340,  ix = 11,  iy = 10'
msuc: {\huge Histograma dosis-volumen del pouch}
msdr: {\it plotted by \ANGEL \version}
msdl: {\it calculated by \PHITS  3.36}
wt: s(0.7)
\vspace{-3}
  xmin  &=&   2.0000E-01 [cm]
  xmax  &=&   3.0000E-01 [cm]
  ymin  &=&  -7.5000E-01 [cm]
  ymax  &=&  -6.5000E-01 [cm]
e:

#------------------------------------------------------------------------------
 newpage:
#   no. =341   ix  = 11   iy  = 11
#   x = (   2.0000E-01  -   3.0000E-01  )
#   y = (  -6.5000E-01  -  -5.5000E-01  )

x: z[cm]
y: Dose [Gy/source]      
p: xlin ylog afac(0.8) form(0.9)
h: n            x            y(proton  ),hh0l n 
#  z-lower      z-upper        proton    r.err 
   9.8455E+01   9.8486E+01   3.6294E-01  0.0104
   9.8486E+01   9.8517E+01   3.6456E-01  0.0110
   9.8517E+01   9.8549E+01   3.5040E-01  0.0118
   9.8549E+01   9.8580E+01   3.4013E-01  0.0133

#   sum over    1.2500E-03   3.5451E-01  0.0101

'no. =341,  ix = 11,  iy = 11'
msuc: {\huge Histograma dosis-volumen del pouch}
msdr: {\it plotted by \ANGEL \version}
msdl: {\it calculated by \PHITS  3.36}
wt: s(0.7)
\vspace{-3}
  xmin  &=&   2.0000E-01 [cm]
  xmax  &=&   3.0000E-01 [cm]
  ymin  &=&  -6.5000E-01 [cm]
  ymax  &=&  -5.5000E-01 [cm]
e:

#------------------------------------------------------------------------------
 newpage:
#   no. =342   ix  = 11   iy  = 12
#   x = (   2.0000E-01  -   3.0000E-01  )
#   y = (  -5.5000E-01  -  -4.5000E-01  )

x: z[cm]
y: Dose [Gy/source]      
p: xlin ylog afac(0.8) form(0.9)
h: n            x            y(proton  ),hh0l n 
#  z-lower      z-upper        proton    r.err 
   9.8455E+01   9.8486E+01   3.5381E-01  0.0105
   9.8486E+01   9.8517E+01   3.5722E-01  0.0111
   9.8517E+01   9.8549E+01   3.4376E-01  0.0120
   9.8549E+01   9.8580E+01   3.3045E-01  0.0136

#   sum over    1.2500E-03   3.4631E-01  0.0102

'no. =342,  ix = 11,  iy = 12'
msuc: {\huge Histograma dosis-volumen del pouch}
msdr: {\it plotted by \ANGEL \version}
msdl: {\it calculated by \PHITS  3.36}
wt: s(0.7)
\vspace{-3}
  xmin  &=&   2.0000E-01 [cm]
  xmax  &=&   3.0000E-01 [cm]
  ymin  &=&  -5.5000E-01 [cm]
  ymax  &=&  -4.5000E-01 [cm]
e:

#------------------------------------------------------------------------------
 newpage:
#   no. =343   ix  = 11   iy  = 13
#   x = (   2.0000E-01  -   3.0000E-01  )
#   y = (  -4.5000E-01  -  -3.5000E-01  )

x: z[cm]
y: Dose [Gy/source]      
p: xlin ylog afac(0.8) form(0.9)
h: n            x            y(proton  ),hh0l n 
#  z-lower      z-upper        proton    r.err 
   9.8455E+01   9.8486E+01   3.6123E-01  0.0104
   9.8486E+01   9.8517E+01   3.6208E-01  0.0111
   9.8517E+01   9.8549E+01   3.4492E-01  0.0120
   9.8549E+01   9.8580E+01   3.2897E-01  0.0135

#   sum over    1.2500E-03   3.4930E-01  0.0101

'no. =343,  ix = 11,  iy = 13'
msuc: {\huge Histograma dosis-volumen del pouch}
msdr: {\it plotted by \ANGEL \version}
msdl: {\it calculated by \PHITS  3.36}
wt: s(0.7)
\vspace{-3}
  xmin  &=&   2.0000E-01 [cm]
  xmax  &=&   3.0000E-01 [cm]
  ymin  &=&  -4.5000E-01 [cm]
  ymax  &=&  -3.5000E-01 [cm]
e:

#------------------------------------------------------------------------------
 newpage:
#   no. =344   ix  = 11   iy  = 14
#   x = (   2.0000E-01  -   3.0000E-01  )
#   y = (  -3.5000E-01  -  -2.5000E-01  )

x: z[cm]
y: Dose [Gy/source]      
p: xlin ylog afac(0.8) form(0.9)
h: n            x            y(proton  ),hh0l n 
#  z-lower      z-upper        proton    r.err 
   9.8455E+01   9.8486E+01   3.5425E-01  0.0105
   9.8486E+01   9.8517E+01   3.6065E-01  0.0111
   9.8517E+01   9.8549E+01   3.4565E-01  0.0119
   9.8549E+01   9.8580E+01   3.2989E-01  0.0135

#   sum over    1.2500E-03   3.4761E-01  0.0101

'no. =344,  ix = 11,  iy = 14'
msuc: {\huge Histograma dosis-volumen del pouch}
msdr: {\it plotted by \ANGEL \version}
msdl: {\it calculated by \PHITS  3.36}
wt: s(0.7)
\vspace{-3}
  xmin  &=&   2.0000E-01 [cm]
  xmax  &=&   3.0000E-01 [cm]
  ymin  &=&  -3.5000E-01 [cm]
  ymax  &=&  -2.5000E-01 [cm]
e:

#------------------------------------------------------------------------------
 newpage:
#   no. =345   ix  = 11   iy  = 15
#   x = (   2.0000E-01  -   3.0000E-01  )
#   y = (  -2.5000E-01  -  -1.5000E-01  )

x: z[cm]
y: Dose [Gy/source]      
p: xlin ylog afac(0.8) form(0.9)
h: n            x            y(proton  ),hh0l n 
#  z-lower      z-upper        proton    r.err 
   9.8455E+01   9.8486E+01   3.6083E-01  0.0104
   9.8486E+01   9.8517E+01   3.6537E-01  0.0110
   9.8517E+01   9.8549E+01   3.4546E-01  0.0119
   9.8549E+01   9.8580E+01   3.2996E-01  0.0136

#   sum over    1.2500E-03   3.5040E-01  0.0101

'no. =345,  ix = 11,  iy = 15'
msuc: {\huge Histograma dosis-volumen del pouch}
msdr: {\it plotted by \ANGEL \version}
msdl: {\it calculated by \PHITS  3.36}
wt: s(0.7)
\vspace{-3}
  xmin  &=&   2.0000E-01 [cm]
  xmax  &=&   3.0000E-01 [cm]
  ymin  &=&  -2.5000E-01 [cm]
  ymax  &=&  -1.5000E-01 [cm]
e:

#------------------------------------------------------------------------------
 newpage:
#   no. =346   ix  = 11   iy  = 16
#   x = (   2.0000E-01  -   3.0000E-01  )
#   y = (  -1.5000E-01  -  -5.0000E-02  )

x: z[cm]
y: Dose [Gy/source]      
p: xlin ylog afac(0.8) form(0.9)
h: n            x            y(proton  ),hh0l n 
#  z-lower      z-upper        proton    r.err 
   9.8455E+01   9.8486E+01   3.5617E-01  0.0105
   9.8486E+01   9.8517E+01   3.5639E-01  0.0112
   9.8517E+01   9.8549E+01   3.3925E-01  0.0120
   9.8549E+01   9.8580E+01   3.2936E-01  0.0136

#   sum over    1.2500E-03   3.4529E-01  0.0102

'no. =346,  ix = 11,  iy = 16'
msuc: {\huge Histograma dosis-volumen del pouch}
msdr: {\it plotted by \ANGEL \version}
msdl: {\it calculated by \PHITS  3.36}
wt: s(0.7)
\vspace{-3}
  xmin  &=&   2.0000E-01 [cm]
  xmax  &=&   3.0000E-01 [cm]
  ymin  &=&  -1.5000E-01 [cm]
  ymax  &=&  -5.0000E-02 [cm]
e:

#------------------------------------------------------------------------------
 newpage:
#   no. =347   ix  = 11   iy  = 17
#   x = (   2.0000E-01  -   3.0000E-01  )
#   y = (  -5.0000E-02  -   5.0000E-02  )

x: z[cm]
y: Dose [Gy/source]      
p: xlin ylog afac(0.8) form(0.9)
h: n            x            y(proton  ),hh0l n 
#  z-lower      z-upper        proton    r.err 
   9.8455E+01   9.8486E+01   3.5212E-01  0.0105
   9.8486E+01   9.8517E+01   3.5421E-01  0.0111
   9.8517E+01   9.8549E+01   3.4136E-01  0.0120
   9.8549E+01   9.8580E+01   3.2845E-01  0.0136

#   sum over    1.2500E-03   3.4404E-01  0.0102

'no. =347,  ix = 11,  iy = 17'
msuc: {\huge Histograma dosis-volumen del pouch}
msdr: {\it plotted by \ANGEL \version}
msdl: {\it calculated by \PHITS  3.36}
wt: s(0.7)
\vspace{-3}
  xmin  &=&   2.0000E-01 [cm]
  xmax  &=&   3.0000E-01 [cm]
  ymin  &=&  -5.0000E-02 [cm]
  ymax  &=&   5.0000E-02 [cm]
e:

#------------------------------------------------------------------------------
 newpage:
#   no. =348   ix  = 11   iy  = 18
#   x = (   2.0000E-01  -   3.0000E-01  )
#   y = (   5.0000E-02  -   1.5000E-01  )

x: z[cm]
y: Dose [Gy/source]      
p: xlin ylog afac(0.8) form(0.9)
h: n            x            y(proton  ),hh0l n 
#  z-lower      z-upper        proton    r.err 
   9.8455E+01   9.8486E+01   3.5574E-01  0.0105
   9.8486E+01   9.8517E+01   3.6245E-01  0.0111
   9.8517E+01   9.8549E+01   3.4854E-01  0.0119
   9.8549E+01   9.8580E+01   3.3246E-01  0.0135

#   sum over    1.2500E-03   3.4980E-01  0.0101

'no. =348,  ix = 11,  iy = 18'
msuc: {\huge Histograma dosis-volumen del pouch}
msdr: {\it plotted by \ANGEL \version}
msdl: {\it calculated by \PHITS  3.36}
wt: s(0.7)
\vspace{-3}
  xmin  &=&   2.0000E-01 [cm]
  xmax  &=&   3.0000E-01 [cm]
  ymin  &=&   5.0000E-02 [cm]
  ymax  &=&   1.5000E-01 [cm]
e:

#------------------------------------------------------------------------------
 newpage:
#   no. =349   ix  = 11   iy  = 19
#   x = (   2.0000E-01  -   3.0000E-01  )
#   y = (   1.5000E-01  -   2.5000E-01  )

x: z[cm]
y: Dose [Gy/source]      
p: xlin ylog afac(0.8) form(0.9)
h: n            x            y(proton  ),hh0l n 
#  z-lower      z-upper        proton    r.err 
   9.8455E+01   9.8486E+01   3.6004E-01  0.0104
   9.8486E+01   9.8517E+01   3.6481E-01  0.0110
   9.8517E+01   9.8549E+01   3.4585E-01  0.0119
   9.8549E+01   9.8580E+01   3.3886E-01  0.0134

#   sum over    1.2500E-03   3.5239E-01  0.0101

'no. =349,  ix = 11,  iy = 19'
msuc: {\huge Histograma dosis-volumen del pouch}
msdr: {\it plotted by \ANGEL \version}
msdl: {\it calculated by \PHITS  3.36}
wt: s(0.7)
\vspace{-3}
  xmin  &=&   2.0000E-01 [cm]
  xmax  &=&   3.0000E-01 [cm]
  ymin  &=&   1.5000E-01 [cm]
  ymax  &=&   2.5000E-01 [cm]
e:

#------------------------------------------------------------------------------
 newpage:
#   no. =350   ix  = 11   iy  = 20
#   x = (   2.0000E-01  -   3.0000E-01  )
#   y = (   2.5000E-01  -   3.5000E-01  )

x: z[cm]
y: Dose [Gy/source]      
p: xlin ylog afac(0.8) form(0.9)
h: n            x            y(proton  ),hh0l n 
#  z-lower      z-upper        proton    r.err 
   9.8455E+01   9.8486E+01   3.5810E-01  0.0105
   9.8486E+01   9.8517E+01   3.5804E-01  0.0111
   9.8517E+01   9.8549E+01   3.4156E-01  0.0120
   9.8549E+01   9.8580E+01   3.2958E-01  0.0136

#   sum over    1.2500E-03   3.4682E-01  0.0102

'no. =350,  ix = 11,  iy = 20'
msuc: {\huge Histograma dosis-volumen del pouch}
msdr: {\it plotted by \ANGEL \version}
msdl: {\it calculated by \PHITS  3.36}
wt: s(0.7)
\vspace{-3}
  xmin  &=&   2.0000E-01 [cm]
  xmax  &=&   3.0000E-01 [cm]
  ymin  &=&   2.5000E-01 [cm]
  ymax  &=&   3.5000E-01 [cm]
e:

#------------------------------------------------------------------------------
 newpage:
#   no. =351   ix  = 11   iy  = 21
#   x = (   2.0000E-01  -   3.0000E-01  )
#   y = (   3.5000E-01  -   4.5000E-01  )

x: z[cm]
y: Dose [Gy/source]      
p: xlin ylog afac(0.8) form(0.9)
h: n            x            y(proton  ),hh0l n 
#  z-lower      z-upper        proton    r.err 
   9.8455E+01   9.8486E+01   3.5034E-01  0.0105
   9.8486E+01   9.8517E+01   3.5849E-01  0.0111
   9.8517E+01   9.8549E+01   3.4609E-01  0.0119
   9.8549E+01   9.8580E+01   3.3501E-01  0.0135

#   sum over    1.2500E-03   3.4748E-01  0.0102

'no. =351,  ix = 11,  iy = 21'
msuc: {\huge Histograma dosis-volumen del pouch}
msdr: {\it plotted by \ANGEL \version}
msdl: {\it calculated by \PHITS  3.36}
wt: s(0.7)
\vspace{-3}
  xmin  &=&   2.0000E-01 [cm]
  xmax  &=&   3.0000E-01 [cm]
  ymin  &=&   3.5000E-01 [cm]
  ymax  &=&   4.5000E-01 [cm]
e:

#------------------------------------------------------------------------------
 newpage:
#   no. =352   ix  = 11   iy  = 22
#   x = (   2.0000E-01  -   3.0000E-01  )
#   y = (   4.5000E-01  -   5.5000E-01  )

x: z[cm]
y: Dose [Gy/source]      
p: xlin ylog afac(0.8) form(0.9)
h: n            x            y(proton  ),hh0l n 
#  z-lower      z-upper        proton    r.err 
   9.8455E+01   9.8486E+01   3.5792E-01  0.0104
   9.8486E+01   9.8517E+01   3.6764E-01  0.0110
   9.8517E+01   9.8549E+01   3.4846E-01  0.0119
   9.8549E+01   9.8580E+01   3.3741E-01  0.0134

#   sum over    1.2500E-03   3.5285E-01  0.0101

'no. =352,  ix = 11,  iy = 22'
msuc: {\huge Histograma dosis-volumen del pouch}
msdr: {\it plotted by \ANGEL \version}
msdl: {\it calculated by \PHITS  3.36}
wt: s(0.7)
\vspace{-3}
  xmin  &=&   2.0000E-01 [cm]
  xmax  &=&   3.0000E-01 [cm]
  ymin  &=&   4.5000E-01 [cm]
  ymax  &=&   5.5000E-01 [cm]
e:

#------------------------------------------------------------------------------
 newpage:
#   no. =353   ix  = 11   iy  = 23
#   x = (   2.0000E-01  -   3.0000E-01  )
#   y = (   5.5000E-01  -   6.5000E-01  )

x: z[cm]
y: Dose [Gy/source]      
p: xlin ylog afac(0.8) form(0.9)
h: n            x            y(proton  ),hh0l n 
#  z-lower      z-upper        proton    r.err 
   9.8455E+01   9.8486E+01   3.5832E-01  0.0105
   9.8486E+01   9.8517E+01   3.6230E-01  0.0110
   9.8517E+01   9.8549E+01   3.5056E-01  0.0118
   9.8549E+01   9.8580E+01   3.3365E-01  0.0134

#   sum over    1.2500E-03   3.5120E-01  0.0101

'no. =353,  ix = 11,  iy = 23'
msuc: {\huge Histograma dosis-volumen del pouch}
msdr: {\it plotted by \ANGEL \version}
msdl: {\it calculated by \PHITS  3.36}
wt: s(0.7)
\vspace{-3}
  xmin  &=&   2.0000E-01 [cm]
  xmax  &=&   3.0000E-01 [cm]
  ymin  &=&   5.5000E-01 [cm]
  ymax  &=&   6.5000E-01 [cm]
e:

#------------------------------------------------------------------------------
 newpage:
#   no. =354   ix  = 11   iy  = 24
#   x = (   2.0000E-01  -   3.0000E-01  )
#   y = (   6.5000E-01  -   7.5000E-01  )

x: z[cm]
y: Dose [Gy/source]      
p: xlin ylog afac(0.8) form(0.9)
h: n            x            y(proton  ),hh0l n 
#  z-lower      z-upper        proton    r.err 
   9.8455E+01   9.8486E+01   3.5755E-01  0.0104
   9.8486E+01   9.8517E+01   3.6174E-01  0.0110
   9.8517E+01   9.8549E+01   3.4791E-01  0.0119
   9.8549E+01   9.8580E+01   3.4077E-01  0.0134

#   sum over    1.2500E-03   3.5199E-01  0.0101

'no. =354,  ix = 11,  iy = 24'
msuc: {\huge Histograma dosis-volumen del pouch}
msdr: {\it plotted by \ANGEL \version}
msdl: {\it calculated by \PHITS  3.36}
wt: s(0.7)
\vspace{-3}
  xmin  &=&   2.0000E-01 [cm]
  xmax  &=&   3.0000E-01 [cm]
  ymin  &=&   6.5000E-01 [cm]
  ymax  &=&   7.5000E-01 [cm]
e:

#------------------------------------------------------------------------------
 newpage:
#   no. =355   ix  = 11   iy  = 25
#   x = (   2.0000E-01  -   3.0000E-01  )
#   y = (   7.5000E-01  -   8.5000E-01  )

x: z[cm]
y: Dose [Gy/source]      
p: xlin ylog afac(0.8) form(0.9)
h: n            x            y(proton  ),hh0l n 
#  z-lower      z-upper        proton    r.err 
   9.8455E+01   9.8486E+01   3.6053E-01  0.0104
   9.8486E+01   9.8517E+01   3.6187E-01  0.0110
   9.8517E+01   9.8549E+01   3.4533E-01  0.0119
   9.8549E+01   9.8580E+01   3.3469E-01  0.0135

#   sum over    1.2500E-03   3.5060E-01  0.0101

'no. =355,  ix = 11,  iy = 25'
msuc: {\huge Histograma dosis-volumen del pouch}
msdr: {\it plotted by \ANGEL \version}
msdl: {\it calculated by \PHITS  3.36}
wt: s(0.7)
\vspace{-3}
  xmin  &=&   2.0000E-01 [cm]
  xmax  &=&   3.0000E-01 [cm]
  ymin  &=&   7.5000E-01 [cm]
  ymax  &=&   8.5000E-01 [cm]
e:

#------------------------------------------------------------------------------
 newpage:
#   no. =356   ix  = 11   iy  = 26
#   x = (   2.0000E-01  -   3.0000E-01  )
#   y = (   8.5000E-01  -   9.5000E-01  )

x: z[cm]
y: Dose [Gy/source]      
p: xlin ylog afac(0.8) form(0.9)
h: n            x            y(proton  ),hh0l n 
#  z-lower      z-upper        proton    r.err 
   9.8455E+01   9.8486E+01   3.6444E-01  0.0104
   9.8486E+01   9.8517E+01   3.6769E-01  0.0109
   9.8517E+01   9.8549E+01   3.5258E-01  0.0118
   9.8549E+01   9.8580E+01   3.4133E-01  0.0133

#   sum over    1.2500E-03   3.5651E-01  0.0100

'no. =356,  ix = 11,  iy = 26'
msuc: {\huge Histograma dosis-volumen del pouch}
msdr: {\it plotted by \ANGEL \version}
msdl: {\it calculated by \PHITS  3.36}
wt: s(0.7)
\vspace{-3}
  xmin  &=&   2.0000E-01 [cm]
  xmax  &=&   3.0000E-01 [cm]
  ymin  &=&   8.5000E-01 [cm]
  ymax  &=&   9.5000E-01 [cm]
e:

#------------------------------------------------------------------------------
 newpage:
#   no. =357   ix  = 11   iy  = 27
#   x = (   2.0000E-01  -   3.0000E-01  )
#   y = (   9.5000E-01  -   1.0500E+00  )

x: z[cm]
y: Dose [Gy/source]      
p: xlin ylog afac(0.8) form(0.9)
h: n            x            y(proton  ),hh0l n 
#  z-lower      z-upper        proton    r.err 
   9.8455E+01   9.8486E+01   3.6181E-01  0.0104
   9.8486E+01   9.8517E+01   3.6310E-01  0.0110
   9.8517E+01   9.8549E+01   3.5087E-01  0.0118
   9.8549E+01   9.8580E+01   3.3748E-01  0.0134

#   sum over    1.2500E-03   3.5331E-01  0.0101

'no. =357,  ix = 11,  iy = 27'
msuc: {\huge Histograma dosis-volumen del pouch}
msdr: {\it plotted by \ANGEL \version}
msdl: {\it calculated by \PHITS  3.36}
wt: s(0.7)
\vspace{-3}
  xmin  &=&   2.0000E-01 [cm]
  xmax  &=&   3.0000E-01 [cm]
  ymin  &=&   9.5000E-01 [cm]
  ymax  &=&   1.0500E+00 [cm]
e:

#------------------------------------------------------------------------------
 newpage:
#   no. =358   ix  = 11   iy  = 28
#   x = (   2.0000E-01  -   3.0000E-01  )
#   y = (   1.0500E+00  -   1.1500E+00  )

x: z[cm]
y: Dose [Gy/source]      
p: xlin ylog afac(0.8) form(0.9)
h: n            x            y(proton  ),hh0l n 
#  z-lower      z-upper        proton    r.err 
   9.8455E+01   9.8486E+01   3.6162E-01  0.0104
   9.8486E+01   9.8517E+01   3.6515E-01  0.0110
   9.8517E+01   9.8549E+01   3.5507E-01  0.0117
   9.8549E+01   9.8580E+01   3.4644E-01  0.0132

#   sum over    1.2500E-03   3.5707E-01  0.0100

'no. =358,  ix = 11,  iy = 28'
msuc: {\huge Histograma dosis-volumen del pouch}
msdr: {\it plotted by \ANGEL \version}
msdl: {\it calculated by \PHITS  3.36}
wt: s(0.7)
\vspace{-3}
  xmin  &=&   2.0000E-01 [cm]
  xmax  &=&   3.0000E-01 [cm]
  ymin  &=&   1.0500E+00 [cm]
  ymax  &=&   1.1500E+00 [cm]
e:

#------------------------------------------------------------------------------
 newpage:
#   no. =359   ix  = 11   iy  = 29
#   x = (   2.0000E-01  -   3.0000E-01  )
#   y = (   1.1500E+00  -   1.2500E+00  )

x: z[cm]
y: Dose [Gy/source]      
p: xlin ylog afac(0.8) form(0.9)
h: n            x            y(proton  ),hh0l n 
#  z-lower      z-upper        proton    r.err 
   9.8455E+01   9.8486E+01   3.6637E-01  0.0103
   9.8486E+01   9.8517E+01   3.7108E-01  0.0109
   9.8517E+01   9.8549E+01   3.5187E-01  0.0118
   9.8549E+01   9.8580E+01   3.3998E-01  0.0134

#   sum over    1.2500E-03   3.5732E-01  0.0100

'no. =359,  ix = 11,  iy = 29'
msuc: {\huge Histograma dosis-volumen del pouch}
msdr: {\it plotted by \ANGEL \version}
msdl: {\it calculated by \PHITS  3.36}
wt: s(0.7)
\vspace{-3}
  xmin  &=&   2.0000E-01 [cm]
  xmax  &=&   3.0000E-01 [cm]
  ymin  &=&   1.1500E+00 [cm]
  ymax  &=&   1.2500E+00 [cm]
e:

#------------------------------------------------------------------------------
 newpage:
#   no. =360   ix  = 11   iy  = 30
#   x = (   2.0000E-01  -   3.0000E-01  )
#   y = (   1.2500E+00  -   1.3500E+00  )

x: z[cm]
y: Dose [Gy/source]      
p: xlin ylog afac(0.8) form(0.9)
h: n            x            y(proton  ),hh0l n 
#  z-lower      z-upper        proton    r.err 
   9.8455E+01   9.8486E+01   3.8008E-01  0.0102
   9.8486E+01   9.8517E+01   3.8346E-01  0.0107
   9.8517E+01   9.8549E+01   3.6814E-01  0.0115
   9.8549E+01   9.8580E+01   3.5565E-01  0.0131

#   sum over    1.2500E-03   3.7183E-01  0.0098

'no. =360,  ix = 11,  iy = 30'
msuc: {\huge Histograma dosis-volumen del pouch}
msdr: {\it plotted by \ANGEL \version}
msdl: {\it calculated by \PHITS  3.36}
wt: s(0.7)
\vspace{-3}
  xmin  &=&   2.0000E-01 [cm]
  xmax  &=&   3.0000E-01 [cm]
  ymin  &=&   1.2500E+00 [cm]
  ymax  &=&   1.3500E+00 [cm]
e:

#------------------------------------------------------------------------------
 newpage:
#   no. =361   ix  = 11   iy  = 31
#   x = (   2.0000E-01  -   3.0000E-01  )
#   y = (   1.3500E+00  -   1.4500E+00  )

x: z[cm]
y: Dose [Gy/source]      
p: xlin ylog afac(0.8) form(0.9)
h: n            x            y(proton  ),hh0l n 
#  z-lower      z-upper        proton    r.err 
   9.8455E+01   9.8486E+01   3.7159E-01  0.0103
   9.8486E+01   9.8517E+01   3.7659E-01  0.0108
   9.8517E+01   9.8549E+01   3.6222E-01  0.0116
   9.8549E+01   9.8580E+01   3.4598E-01  0.0132

#   sum over    1.2500E-03   3.6409E-01  0.0099

'no. =361,  ix = 11,  iy = 31'
msuc: {\huge Histograma dosis-volumen del pouch}
msdr: {\it plotted by \ANGEL \version}
msdl: {\it calculated by \PHITS  3.36}
wt: s(0.7)
\vspace{-3}
  xmin  &=&   2.0000E-01 [cm]
  xmax  &=&   3.0000E-01 [cm]
  ymin  &=&   1.3500E+00 [cm]
  ymax  &=&   1.4500E+00 [cm]
e:

#------------------------------------------------------------------------------
 newpage:
#   no. =362   ix  = 11   iy  = 32
#   x = (   2.0000E-01  -   3.0000E-01  )
#   y = (   1.4500E+00  -   1.5500E+00  )

x: z[cm]
y: Dose [Gy/source]      
p: xlin ylog afac(0.8) form(0.9)
h: n            x            y(proton  ),hh0l n 
#  z-lower      z-upper        proton    r.err 
   9.8455E+01   9.8486E+01   3.6499E-01  0.0103
   9.8486E+01   9.8517E+01   3.7265E-01  0.0109
   9.8517E+01   9.8549E+01   3.5860E-01  0.0117
   9.8549E+01   9.8580E+01   3.5011E-01  0.0131

#   sum over    1.2500E-03   3.6159E-01  0.0100

'no. =362,  ix = 11,  iy = 32'
msuc: {\huge Histograma dosis-volumen del pouch}
msdr: {\it plotted by \ANGEL \version}
msdl: {\it calculated by \PHITS  3.36}
wt: s(0.7)
\vspace{-3}
  xmin  &=&   2.0000E-01 [cm]
  xmax  &=&   3.0000E-01 [cm]
  ymin  &=&   1.4500E+00 [cm]
  ymax  &=&   1.5500E+00 [cm]
e:

#------------------------------------------------------------------------------
 newpage:
#   no. =363   ix  = 11   iy  = 33
#   x = (   2.0000E-01  -   3.0000E-01  )
#   y = (   1.5500E+00  -   1.6500E+00  )

x: z[cm]
y: Dose [Gy/source]      
p: xlin ylog afac(0.8) form(0.9)
h: n            x            y(proton  ),hh0l n 
#  z-lower      z-upper        proton    r.err 
   9.8455E+01   9.8486E+01   3.7449E-01  0.0102
   9.8486E+01   9.8517E+01   3.7982E-01  0.0108
   9.8517E+01   9.8549E+01   3.6548E-01  0.0116
   9.8549E+01   9.8580E+01   3.5959E-01  0.0131

#   sum over    1.2500E-03   3.6984E-01  0.0099

'no. =363,  ix = 11,  iy = 33'
msuc: {\huge Histograma dosis-volumen del pouch}
msdr: {\it plotted by \ANGEL \version}
msdl: {\it calculated by \PHITS  3.36}
wt: s(0.7)
\vspace{-3}
  xmin  &=&   2.0000E-01 [cm]
  xmax  &=&   3.0000E-01 [cm]
  ymin  &=&   1.5500E+00 [cm]
  ymax  &=&   1.6500E+00 [cm]
e:

#------------------------------------------------------------------------------
 newpage:
#   no. =364   ix  = 12   iy  =  1
#   x = (   3.0000E-01  -   4.0000E-01  )
#   y = (  -1.6500E+00  -  -1.5500E+00  )

x: z[cm]
y: Dose [Gy/source]      
p: xlin ylog afac(0.8) form(0.9)
h: n            x            y(proton  ),hh0l n 
#  z-lower      z-upper        proton    r.err 
   9.8455E+01   9.8486E+01   0.0000E+00  0.0000
   9.8486E+01   9.8517E+01   0.0000E+00  0.0000
   9.8517E+01   9.8549E+01   0.0000E+00  0.0000
   9.8549E+01   9.8580E+01   0.0000E+00  0.0000

#   sum over    1.2500E-03   0.0000E+00  0.0000

'no. =364,  ix = 12,  iy =  1'
msuc: {\huge Histograma dosis-volumen del pouch}
msdr: {\it plotted by \ANGEL \version}
msdl: {\it calculated by \PHITS  3.36}
wt: s(0.7)
\vspace{-3}
  xmin  &=&   3.0000E-01 [cm]
  xmax  &=&   4.0000E-01 [cm]
  ymin  &=&  -1.6500E+00 [cm]
  ymax  &=&  -1.5500E+00 [cm]
e:

#------------------------------------------------------------------------------
 newpage:
#   no. =365   ix  = 12   iy  =  2
#   x = (   3.0000E-01  -   4.0000E-01  )
#   y = (  -1.5500E+00  -  -1.4500E+00  )

x: z[cm]
y: Dose [Gy/source]      
p: xlin ylog afac(0.8) form(0.9)
h: n            x            y(proton  ),hh0l n 
#  z-lower      z-upper        proton    r.err 
   9.8455E+01   9.8486E+01   0.0000E+00  0.0000
   9.8486E+01   9.8517E+01   0.0000E+00  0.0000
   9.8517E+01   9.8549E+01   2.3748E-05  1.0000
   9.8549E+01   9.8580E+01   8.4791E-05  1.0000

#   sum over    1.2500E-03   2.7135E-05  1.0000

'no. =365,  ix = 12,  iy =  2'
msuc: {\huge Histograma dosis-volumen del pouch}
msdr: {\it plotted by \ANGEL \version}
msdl: {\it calculated by \PHITS  3.36}
wt: s(0.7)
\vspace{-3}
  xmin  &=&   3.0000E-01 [cm]
  xmax  &=&   4.0000E-01 [cm]
  ymin  &=&  -1.5500E+00 [cm]
  ymax  &=&  -1.4500E+00 [cm]
e:

#------------------------------------------------------------------------------
 newpage:
#   no. =366   ix  = 12   iy  =  3
#   x = (   3.0000E-01  -   4.0000E-01  )
#   y = (  -1.4500E+00  -  -1.3500E+00  )

x: z[cm]
y: Dose [Gy/source]      
p: xlin ylog afac(0.8) form(0.9)
h: n            x            y(proton  ),hh0l n 
#  z-lower      z-upper        proton    r.err 
   9.8455E+01   9.8486E+01   2.4089E-04  0.4979
   9.8486E+01   9.8517E+01   1.3514E-04  0.7345
   9.8517E+01   9.8549E+01   7.3054E-05  0.8468
   9.8549E+01   9.8580E+01   0.0000E+00  0.0000

#   sum over    1.2500E-03   1.1227E-04  0.4651

'no. =366,  ix = 12,  iy =  3'
msuc: {\huge Histograma dosis-volumen del pouch}
msdr: {\it plotted by \ANGEL \version}
msdl: {\it calculated by \PHITS  3.36}
wt: s(0.7)
\vspace{-3}
  xmin  &=&   3.0000E-01 [cm]
  xmax  &=&   4.0000E-01 [cm]
  ymin  &=&  -1.4500E+00 [cm]
  ymax  &=&  -1.3500E+00 [cm]
e:

#------------------------------------------------------------------------------
 newpage:
#   no. =367   ix  = 12   iy  =  4
#   x = (   3.0000E-01  -   4.0000E-01  )
#   y = (  -1.3500E+00  -  -1.2500E+00  )

x: z[cm]
y: Dose [Gy/source]      
p: xlin ylog afac(0.8) form(0.9)
h: n            x            y(proton  ),hh0l n 
#  z-lower      z-upper        proton    r.err 
   9.8455E+01   9.8486E+01   2.6274E-01  0.0122
   9.8486E+01   9.8517E+01   2.6533E-01  0.0129
   9.8517E+01   9.8549E+01   2.5795E-01  0.0138
   9.8549E+01   9.8580E+01   2.5028E-01  0.0155

#   sum over    1.2500E-03   2.5907E-01  0.0118

'no. =367,  ix = 12,  iy =  4'
msuc: {\huge Histograma dosis-volumen del pouch}
msdr: {\it plotted by \ANGEL \version}
msdl: {\it calculated by \PHITS  3.36}
wt: s(0.7)
\vspace{-3}
  xmin  &=&   3.0000E-01 [cm]
  xmax  &=&   4.0000E-01 [cm]
  ymin  &=&  -1.3500E+00 [cm]
  ymax  &=&  -1.2500E+00 [cm]
e:

#------------------------------------------------------------------------------
 newpage:
#   no. =368   ix  = 12   iy  =  5
#   x = (   3.0000E-01  -   4.0000E-01  )
#   y = (  -1.2500E+00  -  -1.1500E+00  )

x: z[cm]
y: Dose [Gy/source]      
p: xlin ylog afac(0.8) form(0.9)
h: n            x            y(proton  ),hh0l n 
#  z-lower      z-upper        proton    r.err 
   9.8455E+01   9.8486E+01   3.6251E-01  0.0103
   9.8486E+01   9.8517E+01   3.7036E-01  0.0109
   9.8517E+01   9.8549E+01   3.6046E-01  0.0116
   9.8549E+01   9.8580E+01   3.5244E-01  0.0131

#   sum over    1.2500E-03   3.6144E-01  0.0100

'no. =368,  ix = 12,  iy =  5'
msuc: {\huge Histograma dosis-volumen del pouch}
msdr: {\it plotted by \ANGEL \version}
msdl: {\it calculated by \PHITS  3.36}
wt: s(0.7)
\vspace{-3}
  xmin  &=&   3.0000E-01 [cm]
  xmax  &=&   4.0000E-01 [cm]
  ymin  &=&  -1.2500E+00 [cm]
  ymax  &=&  -1.1500E+00 [cm]
e:

#------------------------------------------------------------------------------
 newpage:
#   no. =369   ix  = 12   iy  =  6
#   x = (   3.0000E-01  -   4.0000E-01  )
#   y = (  -1.1500E+00  -  -1.0500E+00  )

x: z[cm]
y: Dose [Gy/source]      
p: xlin ylog afac(0.8) form(0.9)
h: n            x            y(proton  ),hh0l n 
#  z-lower      z-upper        proton    r.err 
   9.8455E+01   9.8486E+01   3.6505E-01  0.0103
   9.8486E+01   9.8517E+01   3.6880E-01  0.0109
   9.8517E+01   9.8549E+01   3.5427E-01  0.0117
   9.8549E+01   9.8580E+01   3.4377E-01  0.0133

#   sum over    1.2500E-03   3.5797E-01  0.0100

'no. =369,  ix = 12,  iy =  6'
msuc: {\huge Histograma dosis-volumen del pouch}
msdr: {\it plotted by \ANGEL \version}
msdl: {\it calculated by \PHITS  3.36}
wt: s(0.7)
\vspace{-3}
  xmin  &=&   3.0000E-01 [cm]
  xmax  &=&   4.0000E-01 [cm]
  ymin  &=&  -1.1500E+00 [cm]
  ymax  &=&  -1.0500E+00 [cm]
e:

#------------------------------------------------------------------------------
 newpage:
#   no. =370   ix  = 12   iy  =  7
#   x = (   3.0000E-01  -   4.0000E-01  )
#   y = (  -1.0500E+00  -  -9.5000E-01  )

x: z[cm]
y: Dose [Gy/source]      
p: xlin ylog afac(0.8) form(0.9)
h: n            x            y(proton  ),hh0l n 
#  z-lower      z-upper        proton    r.err 
   9.8455E+01   9.8486E+01   3.6859E-01  0.0103
   9.8486E+01   9.8517E+01   3.7380E-01  0.0109
   9.8517E+01   9.8549E+01   3.5812E-01  0.0117
   9.8549E+01   9.8580E+01   3.5019E-01  0.0132

#   sum over    1.2500E-03   3.6267E-01  0.0100

'no. =370,  ix = 12,  iy =  7'
msuc: {\huge Histograma dosis-volumen del pouch}
msdr: {\it plotted by \ANGEL \version}
msdl: {\it calculated by \PHITS  3.36}
wt: s(0.7)
\vspace{-3}
  xmin  &=&   3.0000E-01 [cm]
  xmax  &=&   4.0000E-01 [cm]
  ymin  &=&  -1.0500E+00 [cm]
  ymax  &=&  -9.5000E-01 [cm]
e:

#------------------------------------------------------------------------------
 newpage:
#   no. =371   ix  = 12   iy  =  8
#   x = (   3.0000E-01  -   4.0000E-01  )
#   y = (  -9.5000E-01  -  -8.5000E-01  )

x: z[cm]
y: Dose [Gy/source]      
p: xlin ylog afac(0.8) form(0.9)
h: n            x            y(proton  ),hh0l n 
#  z-lower      z-upper        proton    r.err 
   9.8455E+01   9.8486E+01   3.6429E-01  0.0104
   9.8486E+01   9.8517E+01   3.6586E-01  0.0110
   9.8517E+01   9.8549E+01   3.5602E-01  0.0117
   9.8549E+01   9.8580E+01   3.4467E-01  0.0133

#   sum over    1.2500E-03   3.5771E-01  0.0100

'no. =371,  ix = 12,  iy =  8'
msuc: {\huge Histograma dosis-volumen del pouch}
msdr: {\it plotted by \ANGEL \version}
msdl: {\it calculated by \PHITS  3.36}
wt: s(0.7)
\vspace{-3}
  xmin  &=&   3.0000E-01 [cm]
  xmax  &=&   4.0000E-01 [cm]
  ymin  &=&  -9.5000E-01 [cm]
  ymax  &=&  -8.5000E-01 [cm]
e:

#------------------------------------------------------------------------------
 newpage:
#   no. =372   ix  = 12   iy  =  9
#   x = (   3.0000E-01  -   4.0000E-01  )
#   y = (  -8.5000E-01  -  -7.5000E-01  )

x: z[cm]
y: Dose [Gy/source]      
p: xlin ylog afac(0.8) form(0.9)
h: n            x            y(proton  ),hh0l n 
#  z-lower      z-upper        proton    r.err 
   9.8455E+01   9.8486E+01   3.5999E-01  0.0104
   9.8486E+01   9.8517E+01   3.6109E-01  0.0110
   9.8517E+01   9.8549E+01   3.5001E-01  0.0118
   9.8549E+01   9.8580E+01   3.3988E-01  0.0133

#   sum over    1.2500E-03   3.5275E-01  0.0101

'no. =372,  ix = 12,  iy =  9'
msuc: {\huge Histograma dosis-volumen del pouch}
msdr: {\it plotted by \ANGEL \version}
msdl: {\it calculated by \PHITS  3.36}
wt: s(0.7)
\vspace{-3}
  xmin  &=&   3.0000E-01 [cm]
  xmax  &=&   4.0000E-01 [cm]
  ymin  &=&  -8.5000E-01 [cm]
  ymax  &=&  -7.5000E-01 [cm]
e:

#------------------------------------------------------------------------------
 newpage:
#   no. =373   ix  = 12   iy  = 10
#   x = (   3.0000E-01  -   4.0000E-01  )
#   y = (  -7.5000E-01  -  -6.5000E-01  )

x: z[cm]
y: Dose [Gy/source]      
p: xlin ylog afac(0.8) form(0.9)
h: n            x            y(proton  ),hh0l n 
#  z-lower      z-upper        proton    r.err 
   9.8455E+01   9.8486E+01   3.6812E-01  0.0104
   9.8486E+01   9.8517E+01   3.6719E-01  0.0110
   9.8517E+01   9.8549E+01   3.4912E-01  0.0119
   9.8549E+01   9.8580E+01   3.3802E-01  0.0134

#   sum over    1.2500E-03   3.5561E-01  0.0100

'no. =373,  ix = 12,  iy = 10'
msuc: {\huge Histograma dosis-volumen del pouch}
msdr: {\it plotted by \ANGEL \version}
msdl: {\it calculated by \PHITS  3.36}
wt: s(0.7)
\vspace{-3}
  xmin  &=&   3.0000E-01 [cm]
  xmax  &=&   4.0000E-01 [cm]
  ymin  &=&  -7.5000E-01 [cm]
  ymax  &=&  -6.5000E-01 [cm]
e:

#------------------------------------------------------------------------------
 newpage:
#   no. =374   ix  = 12   iy  = 11
#   x = (   3.0000E-01  -   4.0000E-01  )
#   y = (  -6.5000E-01  -  -5.5000E-01  )

x: z[cm]
y: Dose [Gy/source]      
p: xlin ylog afac(0.8) form(0.9)
h: n            x            y(proton  ),hh0l n 
#  z-lower      z-upper        proton    r.err 
   9.8455E+01   9.8486E+01   3.5648E-01  0.0105
   9.8486E+01   9.8517E+01   3.5662E-01  0.0111
   9.8517E+01   9.8549E+01   3.4655E-01  0.0119
   9.8549E+01   9.8580E+01   3.3916E-01  0.0134

#   sum over    1.2500E-03   3.4970E-01  0.0101

'no. =374,  ix = 12,  iy = 11'
msuc: {\huge Histograma dosis-volumen del pouch}
msdr: {\it plotted by \ANGEL \version}
msdl: {\it calculated by \PHITS  3.36}
wt: s(0.7)
\vspace{-3}
  xmin  &=&   3.0000E-01 [cm]
  xmax  &=&   4.0000E-01 [cm]
  ymin  &=&  -6.5000E-01 [cm]
  ymax  &=&  -5.5000E-01 [cm]
e:

#------------------------------------------------------------------------------
 newpage:
#   no. =375   ix  = 12   iy  = 12
#   x = (   3.0000E-01  -   4.0000E-01  )
#   y = (  -5.5000E-01  -  -4.5000E-01  )

x: z[cm]
y: Dose [Gy/source]      
p: xlin ylog afac(0.8) form(0.9)
h: n            x            y(proton  ),hh0l n 
#  z-lower      z-upper        proton    r.err 
   9.8455E+01   9.8486E+01   3.6233E-01  0.0104
   9.8486E+01   9.8517E+01   3.6604E-01  0.0110
   9.8517E+01   9.8549E+01   3.5531E-01  0.0118
   9.8549E+01   9.8580E+01   3.4031E-01  0.0133

#   sum over    1.2500E-03   3.5599E-01  0.0101

'no. =375,  ix = 12,  iy = 12'
msuc: {\huge Histograma dosis-volumen del pouch}
msdr: {\it plotted by \ANGEL \version}
msdl: {\it calculated by \PHITS  3.36}
wt: s(0.7)
\vspace{-3}
  xmin  &=&   3.0000E-01 [cm]
  xmax  &=&   4.0000E-01 [cm]
  ymin  &=&  -5.5000E-01 [cm]
  ymax  &=&  -4.5000E-01 [cm]
e:

#------------------------------------------------------------------------------
 newpage:
#   no. =376   ix  = 12   iy  = 13
#   x = (   3.0000E-01  -   4.0000E-01  )
#   y = (  -4.5000E-01  -  -3.5000E-01  )

x: z[cm]
y: Dose [Gy/source]      
p: xlin ylog afac(0.8) form(0.9)
h: n            x            y(proton  ),hh0l n 
#  z-lower      z-upper        proton    r.err 
   9.8455E+01   9.8486E+01   3.5590E-01  0.0105
   9.8486E+01   9.8517E+01   3.5863E-01  0.0111
   9.8517E+01   9.8549E+01   3.4532E-01  0.0119
   9.8549E+01   9.8580E+01   3.2630E-01  0.0136

#   sum over    1.2500E-03   3.4654E-01  0.0102

'no. =376,  ix = 12,  iy = 13'
msuc: {\huge Histograma dosis-volumen del pouch}
msdr: {\it plotted by \ANGEL \version}
msdl: {\it calculated by \PHITS  3.36}
wt: s(0.7)
\vspace{-3}
  xmin  &=&   3.0000E-01 [cm]
  xmax  &=&   4.0000E-01 [cm]
  ymin  &=&  -4.5000E-01 [cm]
  ymax  &=&  -3.5000E-01 [cm]
e:

#------------------------------------------------------------------------------
 newpage:
#   no. =377   ix  = 12   iy  = 14
#   x = (   3.0000E-01  -   4.0000E-01  )
#   y = (  -3.5000E-01  -  -2.5000E-01  )

x: z[cm]
y: Dose [Gy/source]      
p: xlin ylog afac(0.8) form(0.9)
h: n            x            y(proton  ),hh0l n 
#  z-lower      z-upper        proton    r.err 
   9.8455E+01   9.8486E+01   3.6034E-01  0.0104
   9.8486E+01   9.8517E+01   3.6393E-01  0.0111
   9.8517E+01   9.8549E+01   3.4540E-01  0.0119
   9.8549E+01   9.8580E+01   3.3047E-01  0.0135

#   sum over    1.2500E-03   3.5004E-01  0.0101

'no. =377,  ix = 12,  iy = 14'
msuc: {\huge Histograma dosis-volumen del pouch}
msdr: {\it plotted by \ANGEL \version}
msdl: {\it calculated by \PHITS  3.36}
wt: s(0.7)
\vspace{-3}
  xmin  &=&   3.0000E-01 [cm]
  xmax  &=&   4.0000E-01 [cm]
  ymin  &=&  -3.5000E-01 [cm]
  ymax  &=&  -2.5000E-01 [cm]
e:

#------------------------------------------------------------------------------
 newpage:
#   no. =378   ix  = 12   iy  = 15
#   x = (   3.0000E-01  -   4.0000E-01  )
#   y = (  -2.5000E-01  -  -1.5000E-01  )

x: z[cm]
y: Dose [Gy/source]      
p: xlin ylog afac(0.8) form(0.9)
h: n            x            y(proton  ),hh0l n 
#  z-lower      z-upper        proton    r.err 
   9.8455E+01   9.8486E+01   3.5749E-01  0.0105
   9.8486E+01   9.8517E+01   3.5826E-01  0.0111
   9.8517E+01   9.8549E+01   3.3929E-01  0.0120
   9.8549E+01   9.8580E+01   3.2690E-01  0.0136

#   sum over    1.2500E-03   3.4548E-01  0.0102

'no. =378,  ix = 12,  iy = 15'
msuc: {\huge Histograma dosis-volumen del pouch}
msdr: {\it plotted by \ANGEL \version}
msdl: {\it calculated by \PHITS  3.36}
wt: s(0.7)
\vspace{-3}
  xmin  &=&   3.0000E-01 [cm]
  xmax  &=&   4.0000E-01 [cm]
  ymin  &=&  -2.5000E-01 [cm]
  ymax  &=&  -1.5000E-01 [cm]
e:

#------------------------------------------------------------------------------
 newpage:
#   no. =379   ix  = 12   iy  = 16
#   x = (   3.0000E-01  -   4.0000E-01  )
#   y = (  -1.5000E-01  -  -5.0000E-02  )

x: z[cm]
y: Dose [Gy/source]      
p: xlin ylog afac(0.8) form(0.9)
h: n            x            y(proton  ),hh0l n 
#  z-lower      z-upper        proton    r.err 
   9.8455E+01   9.8486E+01   3.5865E-01  0.0105
   9.8486E+01   9.8517E+01   3.6027E-01  0.0111
   9.8517E+01   9.8549E+01   3.4092E-01  0.0120
   9.8549E+01   9.8580E+01   3.2601E-01  0.0136

#   sum over    1.2500E-03   3.4646E-01  0.0102

'no. =379,  ix = 12,  iy = 16'
msuc: {\huge Histograma dosis-volumen del pouch}
msdr: {\it plotted by \ANGEL \version}
msdl: {\it calculated by \PHITS  3.36}
wt: s(0.7)
\vspace{-3}
  xmin  &=&   3.0000E-01 [cm]
  xmax  &=&   4.0000E-01 [cm]
  ymin  &=&  -1.5000E-01 [cm]
  ymax  &=&  -5.0000E-02 [cm]
e:

#------------------------------------------------------------------------------
 newpage:
#   no. =380   ix  = 12   iy  = 17
#   x = (   3.0000E-01  -   4.0000E-01  )
#   y = (  -5.0000E-02  -   5.0000E-02  )

x: z[cm]
y: Dose [Gy/source]      
p: xlin ylog afac(0.8) form(0.9)
h: n            x            y(proton  ),hh0l n 
#  z-lower      z-upper        proton    r.err 
   9.8455E+01   9.8486E+01   3.6220E-01  0.0104
   9.8486E+01   9.8517E+01   3.6375E-01  0.0111
   9.8517E+01   9.8549E+01   3.4415E-01  0.0119
   9.8549E+01   9.8580E+01   3.3166E-01  0.0135

#   sum over    1.2500E-03   3.5044E-01  0.0101

'no. =380,  ix = 12,  iy = 17'
msuc: {\huge Histograma dosis-volumen del pouch}
msdr: {\it plotted by \ANGEL \version}
msdl: {\it calculated by \PHITS  3.36}
wt: s(0.7)
\vspace{-3}
  xmin  &=&   3.0000E-01 [cm]
  xmax  &=&   4.0000E-01 [cm]
  ymin  &=&  -5.0000E-02 [cm]
  ymax  &=&   5.0000E-02 [cm]
e:

#------------------------------------------------------------------------------
 newpage:
#   no. =381   ix  = 12   iy  = 18
#   x = (   3.0000E-01  -   4.0000E-01  )
#   y = (   5.0000E-02  -   1.5000E-01  )

x: z[cm]
y: Dose [Gy/source]      
p: xlin ylog afac(0.8) form(0.9)
h: n            x            y(proton  ),hh0l n 
#  z-lower      z-upper        proton    r.err 
   9.8455E+01   9.8486E+01   3.5985E-01  0.0104
   9.8486E+01   9.8517E+01   3.6605E-01  0.0110
   9.8517E+01   9.8549E+01   3.4841E-01  0.0118
   9.8549E+01   9.8580E+01   3.3638E-01  0.0134

#   sum over    1.2500E-03   3.5267E-01  0.0101

'no. =381,  ix = 12,  iy = 18'
msuc: {\huge Histograma dosis-volumen del pouch}
msdr: {\it plotted by \ANGEL \version}
msdl: {\it calculated by \PHITS  3.36}
wt: s(0.7)
\vspace{-3}
  xmin  &=&   3.0000E-01 [cm]
  xmax  &=&   4.0000E-01 [cm]
  ymin  &=&   5.0000E-02 [cm]
  ymax  &=&   1.5000E-01 [cm]
e:

#------------------------------------------------------------------------------
 newpage:
#   no. =382   ix  = 12   iy  = 19
#   x = (   3.0000E-01  -   4.0000E-01  )
#   y = (   1.5000E-01  -   2.5000E-01  )

x: z[cm]
y: Dose [Gy/source]      
p: xlin ylog afac(0.8) form(0.9)
h: n            x            y(proton  ),hh0l n 
#  z-lower      z-upper        proton    r.err 
   9.8455E+01   9.8486E+01   3.5988E-01  0.0104
   9.8486E+01   9.8517E+01   3.6182E-01  0.0111
   9.8517E+01   9.8549E+01   3.4956E-01  0.0119
   9.8549E+01   9.8580E+01   3.3410E-01  0.0135

#   sum over    1.2500E-03   3.5134E-01  0.0101

'no. =382,  ix = 12,  iy = 19'
msuc: {\huge Histograma dosis-volumen del pouch}
msdr: {\it plotted by \ANGEL \version}
msdl: {\it calculated by \PHITS  3.36}
wt: s(0.7)
\vspace{-3}
  xmin  &=&   3.0000E-01 [cm]
  xmax  &=&   4.0000E-01 [cm]
  ymin  &=&   1.5000E-01 [cm]
  ymax  &=&   2.5000E-01 [cm]
e:

#------------------------------------------------------------------------------
 newpage:
#   no. =383   ix  = 12   iy  = 20
#   x = (   3.0000E-01  -   4.0000E-01  )
#   y = (   2.5000E-01  -   3.5000E-01  )

x: z[cm]
y: Dose [Gy/source]      
p: xlin ylog afac(0.8) form(0.9)
h: n            x            y(proton  ),hh0l n 
#  z-lower      z-upper        proton    r.err 
   9.8455E+01   9.8486E+01   3.6266E-01  0.0104
   9.8486E+01   9.8517E+01   3.6160E-01  0.0110
   9.8517E+01   9.8549E+01   3.4799E-01  0.0119
   9.8549E+01   9.8580E+01   3.3643E-01  0.0134

#   sum over    1.2500E-03   3.5217E-01  0.0101

'no. =383,  ix = 12,  iy = 20'
msuc: {\huge Histograma dosis-volumen del pouch}
msdr: {\it plotted by \ANGEL \version}
msdl: {\it calculated by \PHITS  3.36}
wt: s(0.7)
\vspace{-3}
  xmin  &=&   3.0000E-01 [cm]
  xmax  &=&   4.0000E-01 [cm]
  ymin  &=&   2.5000E-01 [cm]
  ymax  &=&   3.5000E-01 [cm]
e:

#------------------------------------------------------------------------------
 newpage:
#   no. =384   ix  = 12   iy  = 21
#   x = (   3.0000E-01  -   4.0000E-01  )
#   y = (   3.5000E-01  -   4.5000E-01  )

x: z[cm]
y: Dose [Gy/source]      
p: xlin ylog afac(0.8) form(0.9)
h: n            x            y(proton  ),hh0l n 
#  z-lower      z-upper        proton    r.err 
   9.8455E+01   9.8486E+01   3.6434E-01  0.0104
   9.8486E+01   9.8517E+01   3.6796E-01  0.0110
   9.8517E+01   9.8549E+01   3.5067E-01  0.0118
   9.8549E+01   9.8580E+01   3.3818E-01  0.0134

#   sum over    1.2500E-03   3.5529E-01  0.0101

'no. =384,  ix = 12,  iy = 21'
msuc: {\huge Histograma dosis-volumen del pouch}
msdr: {\it plotted by \ANGEL \version}
msdl: {\it calculated by \PHITS  3.36}
wt: s(0.7)
\vspace{-3}
  xmin  &=&   3.0000E-01 [cm]
  xmax  &=&   4.0000E-01 [cm]
  ymin  &=&   3.5000E-01 [cm]
  ymax  &=&   4.5000E-01 [cm]
e:

#------------------------------------------------------------------------------
 newpage:
#   no. =385   ix  = 12   iy  = 22
#   x = (   3.0000E-01  -   4.0000E-01  )
#   y = (   4.5000E-01  -   5.5000E-01  )

x: z[cm]
y: Dose [Gy/source]      
p: xlin ylog afac(0.8) form(0.9)
h: n            x            y(proton  ),hh0l n 
#  z-lower      z-upper        proton    r.err 
   9.8455E+01   9.8486E+01   3.6425E-01  0.0104
   9.8486E+01   9.8517E+01   3.6733E-01  0.0110
   9.8517E+01   9.8549E+01   3.5035E-01  0.0118
   9.8549E+01   9.8580E+01   3.3830E-01  0.0134

#   sum over    1.2500E-03   3.5506E-01  0.0100

'no. =385,  ix = 12,  iy = 22'
msuc: {\huge Histograma dosis-volumen del pouch}
msdr: {\it plotted by \ANGEL \version}
msdl: {\it calculated by \PHITS  3.36}
wt: s(0.7)
\vspace{-3}
  xmin  &=&   3.0000E-01 [cm]
  xmax  &=&   4.0000E-01 [cm]
  ymin  &=&   4.5000E-01 [cm]
  ymax  &=&   5.5000E-01 [cm]
e:

#------------------------------------------------------------------------------
 newpage:
#   no. =386   ix  = 12   iy  = 23
#   x = (   3.0000E-01  -   4.0000E-01  )
#   y = (   5.5000E-01  -   6.5000E-01  )

x: z[cm]
y: Dose [Gy/source]      
p: xlin ylog afac(0.8) form(0.9)
h: n            x            y(proton  ),hh0l n 
#  z-lower      z-upper        proton    r.err 
   9.8455E+01   9.8486E+01   3.6660E-01  0.0104
   9.8486E+01   9.8517E+01   3.6738E-01  0.0110
   9.8517E+01   9.8549E+01   3.5018E-01  0.0118
   9.8549E+01   9.8580E+01   3.4117E-01  0.0133

#   sum over    1.2500E-03   3.5633E-01  0.0100

'no. =386,  ix = 12,  iy = 23'
msuc: {\huge Histograma dosis-volumen del pouch}
msdr: {\it plotted by \ANGEL \version}
msdl: {\it calculated by \PHITS  3.36}
wt: s(0.7)
\vspace{-3}
  xmin  &=&   3.0000E-01 [cm]
  xmax  &=&   4.0000E-01 [cm]
  ymin  &=&   5.5000E-01 [cm]
  ymax  &=&   6.5000E-01 [cm]
e:

#------------------------------------------------------------------------------
 newpage:
#   no. =387   ix  = 12   iy  = 24
#   x = (   3.0000E-01  -   4.0000E-01  )
#   y = (   6.5000E-01  -   7.5000E-01  )

x: z[cm]
y: Dose [Gy/source]      
p: xlin ylog afac(0.8) form(0.9)
h: n            x            y(proton  ),hh0l n 
#  z-lower      z-upper        proton    r.err 
   9.8455E+01   9.8486E+01   3.6419E-01  0.0104
   9.8486E+01   9.8517E+01   3.6674E-01  0.0110
   9.8517E+01   9.8549E+01   3.5190E-01  0.0118
   9.8549E+01   9.8580E+01   3.4076E-01  0.0133

#   sum over    1.2500E-03   3.5590E-01  0.0101

'no. =387,  ix = 12,  iy = 24'
msuc: {\huge Histograma dosis-volumen del pouch}
msdr: {\it plotted by \ANGEL \version}
msdl: {\it calculated by \PHITS  3.36}
wt: s(0.7)
\vspace{-3}
  xmin  &=&   3.0000E-01 [cm]
  xmax  &=&   4.0000E-01 [cm]
  ymin  &=&   6.5000E-01 [cm]
  ymax  &=&   7.5000E-01 [cm]
e:

#------------------------------------------------------------------------------
 newpage:
#   no. =388   ix  = 12   iy  = 25
#   x = (   3.0000E-01  -   4.0000E-01  )
#   y = (   7.5000E-01  -   8.5000E-01  )

x: z[cm]
y: Dose [Gy/source]      
p: xlin ylog afac(0.8) form(0.9)
h: n            x            y(proton  ),hh0l n 
#  z-lower      z-upper        proton    r.err 
   9.8455E+01   9.8486E+01   3.5935E-01  0.0104
   9.8486E+01   9.8517E+01   3.6256E-01  0.0110
   9.8517E+01   9.8549E+01   3.5035E-01  0.0118
   9.8549E+01   9.8580E+01   3.3417E-01  0.0135

#   sum over    1.2500E-03   3.5161E-01  0.0101

'no. =388,  ix = 12,  iy = 25'
msuc: {\huge Histograma dosis-volumen del pouch}
msdr: {\it plotted by \ANGEL \version}
msdl: {\it calculated by \PHITS  3.36}
wt: s(0.7)
\vspace{-3}
  xmin  &=&   3.0000E-01 [cm]
  xmax  &=&   4.0000E-01 [cm]
  ymin  &=&   7.5000E-01 [cm]
  ymax  &=&   8.5000E-01 [cm]
e:

#------------------------------------------------------------------------------
 newpage:
#   no. =389   ix  = 12   iy  = 26
#   x = (   3.0000E-01  -   4.0000E-01  )
#   y = (   8.5000E-01  -   9.5000E-01  )

x: z[cm]
y: Dose [Gy/source]      
p: xlin ylog afac(0.8) form(0.9)
h: n            x            y(proton  ),hh0l n 
#  z-lower      z-upper        proton    r.err 
   9.8455E+01   9.8486E+01   3.6592E-01  0.0103
   9.8486E+01   9.8517E+01   3.7141E-01  0.0109
   9.8517E+01   9.8549E+01   3.5424E-01  0.0118
   9.8549E+01   9.8580E+01   3.4394E-01  0.0133

#   sum over    1.2500E-03   3.5888E-01  0.0100

'no. =389,  ix = 12,  iy = 26'
msuc: {\huge Histograma dosis-volumen del pouch}
msdr: {\it plotted by \ANGEL \version}
msdl: {\it calculated by \PHITS  3.36}
wt: s(0.7)
\vspace{-3}
  xmin  &=&   3.0000E-01 [cm]
  xmax  &=&   4.0000E-01 [cm]
  ymin  &=&   8.5000E-01 [cm]
  ymax  &=&   9.5000E-01 [cm]
e:

#------------------------------------------------------------------------------
 newpage:
#   no. =390   ix  = 12   iy  = 27
#   x = (   3.0000E-01  -   4.0000E-01  )
#   y = (   9.5000E-01  -   1.0500E+00  )

x: z[cm]
y: Dose [Gy/source]      
p: xlin ylog afac(0.8) form(0.9)
h: n            x            y(proton  ),hh0l n 
#  z-lower      z-upper        proton    r.err 
   9.8455E+01   9.8486E+01   3.6673E-01  0.0103
   9.8486E+01   9.8517E+01   3.7077E-01  0.0109
   9.8517E+01   9.8549E+01   3.5972E-01  0.0117
   9.8549E+01   9.8580E+01   3.4851E-01  0.0132

#   sum over    1.2500E-03   3.6143E-01  0.0100

'no. =390,  ix = 12,  iy = 27'
msuc: {\huge Histograma dosis-volumen del pouch}
msdr: {\it plotted by \ANGEL \version}
msdl: {\it calculated by \PHITS  3.36}
wt: s(0.7)
\vspace{-3}
  xmin  &=&   3.0000E-01 [cm]
  xmax  &=&   4.0000E-01 [cm]
  ymin  &=&   9.5000E-01 [cm]
  ymax  &=&   1.0500E+00 [cm]
e:

#------------------------------------------------------------------------------
 newpage:
#   no. =391   ix  = 12   iy  = 28
#   x = (   3.0000E-01  -   4.0000E-01  )
#   y = (   1.0500E+00  -   1.1500E+00  )

x: z[cm]
y: Dose [Gy/source]      
p: xlin ylog afac(0.8) form(0.9)
h: n            x            y(proton  ),hh0l n 
#  z-lower      z-upper        proton    r.err 
   9.8455E+01   9.8486E+01   3.6890E-01  0.0103
   9.8486E+01   9.8517E+01   3.7468E-01  0.0108
   9.8517E+01   9.8549E+01   3.6436E-01  0.0116
   9.8549E+01   9.8580E+01   3.5940E-01  0.0130

#   sum over    1.2500E-03   3.6684E-01  0.0099

'no. =391,  ix = 12,  iy = 28'
msuc: {\huge Histograma dosis-volumen del pouch}
msdr: {\it plotted by \ANGEL \version}
msdl: {\it calculated by \PHITS  3.36}
wt: s(0.7)
\vspace{-3}
  xmin  &=&   3.0000E-01 [cm]
  xmax  &=&   4.0000E-01 [cm]
  ymin  &=&   1.0500E+00 [cm]
  ymax  &=&   1.1500E+00 [cm]
e:

#------------------------------------------------------------------------------
 newpage:
#   no. =392   ix  = 12   iy  = 29
#   x = (   3.0000E-01  -   4.0000E-01  )
#   y = (   1.1500E+00  -   1.2500E+00  )

x: z[cm]
y: Dose [Gy/source]      
p: xlin ylog afac(0.8) form(0.9)
h: n            x            y(proton  ),hh0l n 
#  z-lower      z-upper        proton    r.err 
   9.8455E+01   9.8486E+01   3.6382E-01  0.0104
   9.8486E+01   9.8517E+01   3.6771E-01  0.0109
   9.8517E+01   9.8549E+01   3.5262E-01  0.0118
   9.8549E+01   9.8580E+01   3.4188E-01  0.0133

#   sum over    1.2500E-03   3.5651E-01  0.0101

'no. =392,  ix = 12,  iy = 29'
msuc: {\huge Histograma dosis-volumen del pouch}
msdr: {\it plotted by \ANGEL \version}
msdl: {\it calculated by \PHITS  3.36}
wt: s(0.7)
\vspace{-3}
  xmin  &=&   3.0000E-01 [cm]
  xmax  &=&   4.0000E-01 [cm]
  ymin  &=&   1.1500E+00 [cm]
  ymax  &=&   1.2500E+00 [cm]
e:

#------------------------------------------------------------------------------
 newpage:
#   no. =393   ix  = 12   iy  = 30
#   x = (   3.0000E-01  -   4.0000E-01  )
#   y = (   1.2500E+00  -   1.3500E+00  )

x: z[cm]
y: Dose [Gy/source]      
p: xlin ylog afac(0.8) form(0.9)
h: n            x            y(proton  ),hh0l n 
#  z-lower      z-upper        proton    r.err 
   9.8455E+01   9.8486E+01   3.6701E-01  0.0103
   9.8486E+01   9.8517E+01   3.6689E-01  0.0109
   9.8517E+01   9.8549E+01   3.5334E-01  0.0118
   9.8549E+01   9.8580E+01   3.4411E-01  0.0133

#   sum over    1.2500E-03   3.5784E-01  0.0100

'no. =393,  ix = 12,  iy = 30'
msuc: {\huge Histograma dosis-volumen del pouch}
msdr: {\it plotted by \ANGEL \version}
msdl: {\it calculated by \PHITS  3.36}
wt: s(0.7)
\vspace{-3}
  xmin  &=&   3.0000E-01 [cm]
  xmax  &=&   4.0000E-01 [cm]
  ymin  &=&   1.2500E+00 [cm]
  ymax  &=&   1.3500E+00 [cm]
e:

#------------------------------------------------------------------------------
 newpage:
#   no. =394   ix  = 12   iy  = 31
#   x = (   3.0000E-01  -   4.0000E-01  )
#   y = (   1.3500E+00  -   1.4500E+00  )

x: z[cm]
y: Dose [Gy/source]      
p: xlin ylog afac(0.8) form(0.9)
h: n            x            y(proton  ),hh0l n 
#  z-lower      z-upper        proton    r.err 
   9.8455E+01   9.8486E+01   3.6938E-01  0.0103
   9.8486E+01   9.8517E+01   3.7196E-01  0.0109
   9.8517E+01   9.8549E+01   3.6308E-01  0.0116
   9.8549E+01   9.8580E+01   3.4970E-01  0.0132

#   sum over    1.2500E-03   3.6352E-01  0.0099

'no. =394,  ix = 12,  iy = 31'
msuc: {\huge Histograma dosis-volumen del pouch}
msdr: {\it plotted by \ANGEL \version}
msdl: {\it calculated by \PHITS  3.36}
wt: s(0.7)
\vspace{-3}
  xmin  &=&   3.0000E-01 [cm]
  xmax  &=&   4.0000E-01 [cm]
  ymin  &=&   1.3500E+00 [cm]
  ymax  &=&   1.4500E+00 [cm]
e:

#------------------------------------------------------------------------------
 newpage:
#   no. =395   ix  = 12   iy  = 32
#   x = (   3.0000E-01  -   4.0000E-01  )
#   y = (   1.4500E+00  -   1.5500E+00  )

x: z[cm]
y: Dose [Gy/source]      
p: xlin ylog afac(0.8) form(0.9)
h: n            x            y(proton  ),hh0l n 
#  z-lower      z-upper        proton    r.err 
   9.8455E+01   9.8486E+01   3.7041E-01  0.0103
   9.8486E+01   9.8517E+01   3.7271E-01  0.0108
   9.8517E+01   9.8549E+01   3.6329E-01  0.0116
   9.8549E+01   9.8580E+01   3.5827E-01  0.0131

#   sum over    1.2500E-03   3.6617E-01  0.0100

'no. =395,  ix = 12,  iy = 32'
msuc: {\huge Histograma dosis-volumen del pouch}
msdr: {\it plotted by \ANGEL \version}
msdl: {\it calculated by \PHITS  3.36}
wt: s(0.7)
\vspace{-3}
  xmin  &=&   3.0000E-01 [cm]
  xmax  &=&   4.0000E-01 [cm]
  ymin  &=&   1.4500E+00 [cm]
  ymax  &=&   1.5500E+00 [cm]
e:

#------------------------------------------------------------------------------
 newpage:
#   no. =396   ix  = 12   iy  = 33
#   x = (   3.0000E-01  -   4.0000E-01  )
#   y = (   1.5500E+00  -   1.6500E+00  )

x: z[cm]
y: Dose [Gy/source]      
p: xlin ylog afac(0.8) form(0.9)
h: n            x            y(proton  ),hh0l n 
#  z-lower      z-upper        proton    r.err 
   9.8455E+01   9.8486E+01   3.7755E-01  0.0102
   9.8486E+01   9.8517E+01   3.7985E-01  0.0107
   9.8517E+01   9.8549E+01   3.6818E-01  0.0115
   9.8549E+01   9.8580E+01   3.6543E-01  0.0130

#   sum over    1.2500E-03   3.7275E-01  0.0099

'no. =396,  ix = 12,  iy = 33'
msuc: {\huge Histograma dosis-volumen del pouch}
msdr: {\it plotted by \ANGEL \version}
msdl: {\it calculated by \PHITS  3.36}
wt: s(0.7)
\vspace{-3}
  xmin  &=&   3.0000E-01 [cm]
  xmax  &=&   4.0000E-01 [cm]
  ymin  &=&   1.5500E+00 [cm]
  ymax  &=&   1.6500E+00 [cm]
e:

#------------------------------------------------------------------------------
 newpage:
#   no. =397   ix  = 13   iy  =  1
#   x = (   4.0000E-01  -   5.0000E-01  )
#   y = (  -1.6500E+00  -  -1.5500E+00  )

x: z[cm]
y: Dose [Gy/source]      
p: xlin ylog afac(0.8) form(0.9)
h: n            x            y(proton  ),hh0l n 
#  z-lower      z-upper        proton    r.err 
   9.8455E+01   9.8486E+01   0.0000E+00  0.0000
   9.8486E+01   9.8517E+01   9.2065E-05  1.0000
   9.8517E+01   9.8549E+01   0.0000E+00  0.0000
   9.8549E+01   9.8580E+01   0.0000E+00  0.0000

#   sum over    1.2500E-03   2.3016E-05  1.0000

'no. =397,  ix = 13,  iy =  1'
msuc: {\huge Histograma dosis-volumen del pouch}
msdr: {\it plotted by \ANGEL \version}
msdl: {\it calculated by \PHITS  3.36}
wt: s(0.7)
\vspace{-3}
  xmin  &=&   4.0000E-01 [cm]
  xmax  &=&   5.0000E-01 [cm]
  ymin  &=&  -1.6500E+00 [cm]
  ymax  &=&  -1.5500E+00 [cm]
e:

#------------------------------------------------------------------------------
 newpage:
#   no. =398   ix  = 13   iy  =  2
#   x = (   4.0000E-01  -   5.0000E-01  )
#   y = (  -1.5500E+00  -  -1.4500E+00  )

x: z[cm]
y: Dose [Gy/source]      
p: xlin ylog afac(0.8) form(0.9)
h: n            x            y(proton  ),hh0l n 
#  z-lower      z-upper        proton    r.err 
   9.8455E+01   9.8486E+01   2.5839E-05  1.0000
   9.8486E+01   9.8517E+01   1.0913E-05  1.0000
   9.8517E+01   9.8549E+01   0.0000E+00  0.0000
   9.8549E+01   9.8580E+01   1.7138E-05  1.0000

#   sum over    1.2500E-03   1.3473E-05  0.7525

'no. =398,  ix = 13,  iy =  2'
msuc: {\huge Histograma dosis-volumen del pouch}
msdr: {\it plotted by \ANGEL \version}
msdl: {\it calculated by \PHITS  3.36}
wt: s(0.7)
\vspace{-3}
  xmin  &=&   4.0000E-01 [cm]
  xmax  &=&   5.0000E-01 [cm]
  ymin  &=&  -1.5500E+00 [cm]
  ymax  &=&  -1.4500E+00 [cm]
e:

#------------------------------------------------------------------------------
 newpage:
#   no. =399   ix  = 13   iy  =  3
#   x = (   4.0000E-01  -   5.0000E-01  )
#   y = (  -1.4500E+00  -  -1.3500E+00  )

x: z[cm]
y: Dose [Gy/source]      
p: xlin ylog afac(0.8) form(0.9)
h: n            x            y(proton  ),hh0l n 
#  z-lower      z-upper        proton    r.err 
   9.8455E+01   9.8486E+01   2.4667E-04  0.5587
   9.8486E+01   9.8517E+01   8.0616E-05  0.7349
   9.8517E+01   9.8549E+01   1.7571E-04  0.6960
   9.8549E+01   9.8580E+01   5.4377E-04  0.6475

#   sum over    1.2500E-03   2.6169E-04  0.4699

'no. =399,  ix = 13,  iy =  3'
msuc: {\huge Histograma dosis-volumen del pouch}
msdr: {\it plotted by \ANGEL \version}
msdl: {\it calculated by \PHITS  3.36}
wt: s(0.7)
\vspace{-3}
  xmin  &=&   4.0000E-01 [cm]
  xmax  &=&   5.0000E-01 [cm]
  ymin  &=&  -1.4500E+00 [cm]
  ymax  &=&  -1.3500E+00 [cm]
e:

#------------------------------------------------------------------------------
 newpage:
#   no. =400   ix  = 13   iy  =  4
#   x = (   4.0000E-01  -   5.0000E-01  )
#   y = (  -1.3500E+00  -  -1.2500E+00  )

x: z[cm]
y: Dose [Gy/source]      
p: xlin ylog afac(0.8) form(0.9)
h: n            x            y(proton  ),hh0l n 
#  z-lower      z-upper        proton    r.err 
   9.8455E+01   9.8486E+01   2.6417E-01  0.0122
   9.8486E+01   9.8517E+01   2.6915E-01  0.0129
   9.8517E+01   9.8549E+01   2.6183E-01  0.0138
   9.8549E+01   9.8580E+01   2.5244E-01  0.0155

#   sum over    1.2500E-03   2.6190E-01  0.0118

'no. =400,  ix = 13,  iy =  4'
msuc: {\huge Histograma dosis-volumen del pouch}
msdr: {\it plotted by \ANGEL \version}
msdl: {\it calculated by \PHITS  3.36}
wt: s(0.7)
\vspace{-3}
  xmin  &=&   4.0000E-01 [cm]
  xmax  &=&   5.0000E-01 [cm]
  ymin  &=&  -1.3500E+00 [cm]
  ymax  &=&  -1.2500E+00 [cm]
e:

#------------------------------------------------------------------------------
 newpage:
#   no. =401   ix  = 13   iy  =  5
#   x = (   4.0000E-01  -   5.0000E-01  )
#   y = (  -1.2500E+00  -  -1.1500E+00  )

x: z[cm]
y: Dose [Gy/source]      
p: xlin ylog afac(0.8) form(0.9)
h: n            x            y(proton  ),hh0l n 
#  z-lower      z-upper        proton    r.err 
   9.8455E+01   9.8486E+01   3.7160E-01  0.0102
   9.8486E+01   9.8517E+01   3.7754E-01  0.0108
   9.8517E+01   9.8549E+01   3.6230E-01  0.0116
   9.8549E+01   9.8580E+01   3.5137E-01  0.0131

#   sum over    1.2500E-03   3.6571E-01  0.0099

'no. =401,  ix = 13,  iy =  5'
msuc: {\huge Histograma dosis-volumen del pouch}
msdr: {\it plotted by \ANGEL \version}
msdl: {\it calculated by \PHITS  3.36}
wt: s(0.7)
\vspace{-3}
  xmin  &=&   4.0000E-01 [cm]
  xmax  &=&   5.0000E-01 [cm]
  ymin  &=&  -1.2500E+00 [cm]
  ymax  &=&  -1.1500E+00 [cm]
e:

#------------------------------------------------------------------------------
 newpage:
#   no. =402   ix  = 13   iy  =  6
#   x = (   4.0000E-01  -   5.0000E-01  )
#   y = (  -1.1500E+00  -  -1.0500E+00  )

x: z[cm]
y: Dose [Gy/source]      
p: xlin ylog afac(0.8) form(0.9)
h: n            x            y(proton  ),hh0l n 
#  z-lower      z-upper        proton    r.err 
   9.8455E+01   9.8486E+01   3.6605E-01  0.0103
   9.8486E+01   9.8517E+01   3.6909E-01  0.0109
   9.8517E+01   9.8549E+01   3.5865E-01  0.0117
   9.8549E+01   9.8580E+01   3.4669E-01  0.0133

#   sum over    1.2500E-03   3.6012E-01  0.0100

'no. =402,  ix = 13,  iy =  6'
msuc: {\huge Histograma dosis-volumen del pouch}
msdr: {\it plotted by \ANGEL \version}
msdl: {\it calculated by \PHITS  3.36}
wt: s(0.7)
\vspace{-3}
  xmin  &=&   4.0000E-01 [cm]
  xmax  &=&   5.0000E-01 [cm]
  ymin  &=&  -1.1500E+00 [cm]
  ymax  &=&  -1.0500E+00 [cm]
e:

#------------------------------------------------------------------------------
 newpage:
#   no. =403   ix  = 13   iy  =  7
#   x = (   4.0000E-01  -   5.0000E-01  )
#   y = (  -1.0500E+00  -  -9.5000E-01  )

x: z[cm]
y: Dose [Gy/source]      
p: xlin ylog afac(0.8) form(0.9)
h: n            x            y(proton  ),hh0l n 
#  z-lower      z-upper        proton    r.err 
   9.8455E+01   9.8486E+01   3.6623E-01  0.0103
   9.8486E+01   9.8517E+01   3.7102E-01  0.0109
   9.8517E+01   9.8549E+01   3.5816E-01  0.0117
   9.8549E+01   9.8580E+01   3.5044E-01  0.0132

#   sum over    1.2500E-03   3.6146E-01  0.0100

'no. =403,  ix = 13,  iy =  7'
msuc: {\huge Histograma dosis-volumen del pouch}
msdr: {\it plotted by \ANGEL \version}
msdl: {\it calculated by \PHITS  3.36}
wt: s(0.7)
\vspace{-3}
  xmin  &=&   4.0000E-01 [cm]
  xmax  &=&   5.0000E-01 [cm]
  ymin  &=&  -1.0500E+00 [cm]
  ymax  &=&  -9.5000E-01 [cm]
e:

#------------------------------------------------------------------------------
 newpage:
#   no. =404   ix  = 13   iy  =  8
#   x = (   4.0000E-01  -   5.0000E-01  )
#   y = (  -9.5000E-01  -  -8.5000E-01  )

x: z[cm]
y: Dose [Gy/source]      
p: xlin ylog afac(0.8) form(0.9)
h: n            x            y(proton  ),hh0l n 
#  z-lower      z-upper        proton    r.err 
   9.8455E+01   9.8486E+01   3.6571E-01  0.0103
   9.8486E+01   9.8517E+01   3.6759E-01  0.0110
   9.8517E+01   9.8549E+01   3.5298E-01  0.0118
   9.8549E+01   9.8580E+01   3.4596E-01  0.0133

#   sum over    1.2500E-03   3.5806E-01  0.0100

'no. =404,  ix = 13,  iy =  8'
msuc: {\huge Histograma dosis-volumen del pouch}
msdr: {\it plotted by \ANGEL \version}
msdl: {\it calculated by \PHITS  3.36}
wt: s(0.7)
\vspace{-3}
  xmin  &=&   4.0000E-01 [cm]
  xmax  &=&   5.0000E-01 [cm]
  ymin  &=&  -9.5000E-01 [cm]
  ymax  &=&  -8.5000E-01 [cm]
e:

#------------------------------------------------------------------------------
 newpage:
#   no. =405   ix  = 13   iy  =  9
#   x = (   4.0000E-01  -   5.0000E-01  )
#   y = (  -8.5000E-01  -  -7.5000E-01  )

x: z[cm]
y: Dose [Gy/source]      
p: xlin ylog afac(0.8) form(0.9)
h: n            x            y(proton  ),hh0l n 
#  z-lower      z-upper        proton    r.err 
   9.8455E+01   9.8486E+01   3.5338E-01  0.0106
   9.8486E+01   9.8517E+01   3.5612E-01  0.0112
   9.8517E+01   9.8549E+01   3.3824E-01  0.0120
   9.8549E+01   9.8580E+01   3.2862E-01  0.0136

#   sum over    1.2500E-03   3.4409E-01  0.0102

'no. =405,  ix = 13,  iy =  9'
msuc: {\huge Histograma dosis-volumen del pouch}
msdr: {\it plotted by \ANGEL \version}
msdl: {\it calculated by \PHITS  3.36}
wt: s(0.7)
\vspace{-3}
  xmin  &=&   4.0000E-01 [cm]
  xmax  &=&   5.0000E-01 [cm]
  ymin  &=&  -8.5000E-01 [cm]
  ymax  &=&  -7.5000E-01 [cm]
e:

#------------------------------------------------------------------------------
 newpage:
#   no. =406   ix  = 13   iy  = 10
#   x = (   4.0000E-01  -   5.0000E-01  )
#   y = (  -7.5000E-01  -  -6.5000E-01  )

x: z[cm]
y: Dose [Gy/source]      
p: xlin ylog afac(0.8) form(0.9)
h: n            x            y(proton  ),hh0l n 
#  z-lower      z-upper        proton    r.err 
   9.8455E+01   9.8486E+01   3.7085E-01  0.0103
   9.8486E+01   9.8517E+01   3.7457E-01  0.0109
   9.8517E+01   9.8549E+01   3.5837E-01  0.0117
   9.8549E+01   9.8580E+01   3.4462E-01  0.0133

#   sum over    1.2500E-03   3.6210E-01  0.0100

'no. =406,  ix = 13,  iy = 10'
msuc: {\huge Histograma dosis-volumen del pouch}
msdr: {\it plotted by \ANGEL \version}
msdl: {\it calculated by \PHITS  3.36}
wt: s(0.7)
\vspace{-3}
  xmin  &=&   4.0000E-01 [cm]
  xmax  &=&   5.0000E-01 [cm]
  ymin  &=&  -7.5000E-01 [cm]
  ymax  &=&  -6.5000E-01 [cm]
e:

#------------------------------------------------------------------------------
 newpage:
#   no. =407   ix  = 13   iy  = 11
#   x = (   4.0000E-01  -   5.0000E-01  )
#   y = (  -6.5000E-01  -  -5.5000E-01  )

x: z[cm]
y: Dose [Gy/source]      
p: xlin ylog afac(0.8) form(0.9)
h: n            x            y(proton  ),hh0l n 
#  z-lower      z-upper        proton    r.err 
   9.8455E+01   9.8486E+01   3.5416E-01  0.0105
   9.8486E+01   9.8517E+01   3.6138E-01  0.0111
   9.8517E+01   9.8549E+01   3.4751E-01  0.0119
   9.8549E+01   9.8580E+01   3.2847E-01  0.0136

#   sum over    1.2500E-03   3.4788E-01  0.0102

'no. =407,  ix = 13,  iy = 11'
msuc: {\huge Histograma dosis-volumen del pouch}
msdr: {\it plotted by \ANGEL \version}
msdl: {\it calculated by \PHITS  3.36}
wt: s(0.7)
\vspace{-3}
  xmin  &=&   4.0000E-01 [cm]
  xmax  &=&   5.0000E-01 [cm]
  ymin  &=&  -6.5000E-01 [cm]
  ymax  &=&  -5.5000E-01 [cm]
e:

#------------------------------------------------------------------------------
 newpage:
#   no. =408   ix  = 13   iy  = 12
#   x = (   4.0000E-01  -   5.0000E-01  )
#   y = (  -5.5000E-01  -  -4.5000E-01  )

x: z[cm]
y: Dose [Gy/source]      
p: xlin ylog afac(0.8) form(0.9)
h: n            x            y(proton  ),hh0l n 
#  z-lower      z-upper        proton    r.err 
   9.8455E+01   9.8486E+01   3.5436E-01  0.0105
   9.8486E+01   9.8517E+01   3.5559E-01  0.0111
   9.8517E+01   9.8549E+01   3.4015E-01  0.0120
   9.8549E+01   9.8580E+01   3.3717E-01  0.0134

#   sum over    1.2500E-03   3.4682E-01  0.0102

'no. =408,  ix = 13,  iy = 12'
msuc: {\huge Histograma dosis-volumen del pouch}
msdr: {\it plotted by \ANGEL \version}
msdl: {\it calculated by \PHITS  3.36}
wt: s(0.7)
\vspace{-3}
  xmin  &=&   4.0000E-01 [cm]
  xmax  &=&   5.0000E-01 [cm]
  ymin  &=&  -5.5000E-01 [cm]
  ymax  &=&  -4.5000E-01 [cm]
e:

#------------------------------------------------------------------------------
 newpage:
#   no. =409   ix  = 13   iy  = 13
#   x = (   4.0000E-01  -   5.0000E-01  )
#   y = (  -4.5000E-01  -  -3.5000E-01  )

x: z[cm]
y: Dose [Gy/source]      
p: xlin ylog afac(0.8) form(0.9)
h: n            x            y(proton  ),hh0l n 
#  z-lower      z-upper        proton    r.err 
   9.8455E+01   9.8486E+01   3.5335E-01  0.0105
   9.8486E+01   9.8517E+01   3.5593E-01  0.0111
   9.8517E+01   9.8549E+01   3.4001E-01  0.0120
   9.8549E+01   9.8580E+01   3.2997E-01  0.0136

#   sum over    1.2500E-03   3.4481E-01  0.0102

'no. =409,  ix = 13,  iy = 13'
msuc: {\huge Histograma dosis-volumen del pouch}
msdr: {\it plotted by \ANGEL \version}
msdl: {\it calculated by \PHITS  3.36}
wt: s(0.7)
\vspace{-3}
  xmin  &=&   4.0000E-01 [cm]
  xmax  &=&   5.0000E-01 [cm]
  ymin  &=&  -4.5000E-01 [cm]
  ymax  &=&  -3.5000E-01 [cm]
e:

#------------------------------------------------------------------------------
 newpage:
#   no. =410   ix  = 13   iy  = 14
#   x = (   4.0000E-01  -   5.0000E-01  )
#   y = (  -3.5000E-01  -  -2.5000E-01  )

x: z[cm]
y: Dose [Gy/source]      
p: xlin ylog afac(0.8) form(0.9)
h: n            x            y(proton  ),hh0l n 
#  z-lower      z-upper        proton    r.err 
   9.8455E+01   9.8486E+01   3.5834E-01  0.0105
   9.8486E+01   9.8517E+01   3.5816E-01  0.0111
   9.8517E+01   9.8549E+01   3.4653E-01  0.0119
   9.8549E+01   9.8580E+01   3.2562E-01  0.0136

#   sum over    1.2500E-03   3.4716E-01  0.0102

'no. =410,  ix = 13,  iy = 14'
msuc: {\huge Histograma dosis-volumen del pouch}
msdr: {\it plotted by \ANGEL \version}
msdl: {\it calculated by \PHITS  3.36}
wt: s(0.7)
\vspace{-3}
  xmin  &=&   4.0000E-01 [cm]
  xmax  &=&   5.0000E-01 [cm]
  ymin  &=&  -3.5000E-01 [cm]
  ymax  &=&  -2.5000E-01 [cm]
e:

#------------------------------------------------------------------------------
 newpage:
#   no. =411   ix  = 13   iy  = 15
#   x = (   4.0000E-01  -   5.0000E-01  )
#   y = (  -2.5000E-01  -  -1.5000E-01  )

x: z[cm]
y: Dose [Gy/source]      
p: xlin ylog afac(0.8) form(0.9)
h: n            x            y(proton  ),hh0l n 
#  z-lower      z-upper        proton    r.err 
   9.8455E+01   9.8486E+01   3.6258E-01  0.0104
   9.8486E+01   9.8517E+01   3.6258E-01  0.0110
   9.8517E+01   9.8549E+01   3.4640E-01  0.0119
   9.8549E+01   9.8580E+01   3.3205E-01  0.0135

#   sum over    1.2500E-03   3.5090E-01  0.0101

'no. =411,  ix = 13,  iy = 15'
msuc: {\huge Histograma dosis-volumen del pouch}
msdr: {\it plotted by \ANGEL \version}
msdl: {\it calculated by \PHITS  3.36}
wt: s(0.7)
\vspace{-3}
  xmin  &=&   4.0000E-01 [cm]
  xmax  &=&   5.0000E-01 [cm]
  ymin  &=&  -2.5000E-01 [cm]
  ymax  &=&  -1.5000E-01 [cm]
e:

#------------------------------------------------------------------------------
 newpage:
#   no. =412   ix  = 13   iy  = 16
#   x = (   4.0000E-01  -   5.0000E-01  )
#   y = (  -1.5000E-01  -  -5.0000E-02  )

x: z[cm]
y: Dose [Gy/source]      
p: xlin ylog afac(0.8) form(0.9)
h: n            x            y(proton  ),hh0l n 
#  z-lower      z-upper        proton    r.err 
   9.8455E+01   9.8486E+01   3.5962E-01  0.0105
   9.8486E+01   9.8517E+01   3.5986E-01  0.0111
   9.8517E+01   9.8549E+01   3.4182E-01  0.0120
   9.8549E+01   9.8580E+01   3.3108E-01  0.0135

#   sum over    1.2500E-03   3.4809E-01  0.0102

'no. =412,  ix = 13,  iy = 16'
msuc: {\huge Histograma dosis-volumen del pouch}
msdr: {\it plotted by \ANGEL \version}
msdl: {\it calculated by \PHITS  3.36}
wt: s(0.7)
\vspace{-3}
  xmin  &=&   4.0000E-01 [cm]
  xmax  &=&   5.0000E-01 [cm]
  ymin  &=&  -1.5000E-01 [cm]
  ymax  &=&  -5.0000E-02 [cm]
e:

#------------------------------------------------------------------------------
 newpage:
#   no. =413   ix  = 13   iy  = 17
#   x = (   4.0000E-01  -   5.0000E-01  )
#   y = (  -5.0000E-02  -   5.0000E-02  )

x: z[cm]
y: Dose [Gy/source]      
p: xlin ylog afac(0.8) form(0.9)
h: n            x            y(proton  ),hh0l n 
#  z-lower      z-upper        proton    r.err 
   9.8455E+01   9.8486E+01   3.5543E-01  0.0105
   9.8486E+01   9.8517E+01   3.5851E-01  0.0111
   9.8517E+01   9.8549E+01   3.4407E-01  0.0119
   9.8549E+01   9.8580E+01   3.3019E-01  0.0136

#   sum over    1.2500E-03   3.4705E-01  0.0102

'no. =413,  ix = 13,  iy = 17'
msuc: {\huge Histograma dosis-volumen del pouch}
msdr: {\it plotted by \ANGEL \version}
msdl: {\it calculated by \PHITS  3.36}
wt: s(0.7)
\vspace{-3}
  xmin  &=&   4.0000E-01 [cm]
  xmax  &=&   5.0000E-01 [cm]
  ymin  &=&  -5.0000E-02 [cm]
  ymax  &=&   5.0000E-02 [cm]
e:

#------------------------------------------------------------------------------
 newpage:
#   no. =414   ix  = 13   iy  = 18
#   x = (   4.0000E-01  -   5.0000E-01  )
#   y = (   5.0000E-02  -   1.5000E-01  )

x: z[cm]
y: Dose [Gy/source]      
p: xlin ylog afac(0.8) form(0.9)
h: n            x            y(proton  ),hh0l n 
#  z-lower      z-upper        proton    r.err 
   9.8455E+01   9.8486E+01   3.5047E-01  0.0106
   9.8486E+01   9.8517E+01   3.5278E-01  0.0112
   9.8517E+01   9.8549E+01   3.3842E-01  0.0120
   9.8549E+01   9.8580E+01   3.2357E-01  0.0137

#   sum over    1.2500E-03   3.4131E-01  0.0103

'no. =414,  ix = 13,  iy = 18'
msuc: {\huge Histograma dosis-volumen del pouch}
msdr: {\it plotted by \ANGEL \version}
msdl: {\it calculated by \PHITS  3.36}
wt: s(0.7)
\vspace{-3}
  xmin  &=&   4.0000E-01 [cm]
  xmax  &=&   5.0000E-01 [cm]
  ymin  &=&   5.0000E-02 [cm]
  ymax  &=&   1.5000E-01 [cm]
e:

#------------------------------------------------------------------------------
 newpage:
#   no. =415   ix  = 13   iy  = 19
#   x = (   4.0000E-01  -   5.0000E-01  )
#   y = (   1.5000E-01  -   2.5000E-01  )

x: z[cm]
y: Dose [Gy/source]      
p: xlin ylog afac(0.8) form(0.9)
h: n            x            y(proton  ),hh0l n 
#  z-lower      z-upper        proton    r.err 
   9.8455E+01   9.8486E+01   3.5785E-01  0.0105
   9.8486E+01   9.8517E+01   3.5799E-01  0.0111
   9.8517E+01   9.8549E+01   3.4240E-01  0.0120
   9.8549E+01   9.8580E+01   3.2902E-01  0.0136

#   sum over    1.2500E-03   3.4681E-01  0.0102

'no. =415,  ix = 13,  iy = 19'
msuc: {\huge Histograma dosis-volumen del pouch}
msdr: {\it plotted by \ANGEL \version}
msdl: {\it calculated by \PHITS  3.36}
wt: s(0.7)
\vspace{-3}
  xmin  &=&   4.0000E-01 [cm]
  xmax  &=&   5.0000E-01 [cm]
  ymin  &=&   1.5000E-01 [cm]
  ymax  &=&   2.5000E-01 [cm]
e:

#------------------------------------------------------------------------------
 newpage:
#   no. =416   ix  = 13   iy  = 20
#   x = (   4.0000E-01  -   5.0000E-01  )
#   y = (   2.5000E-01  -   3.5000E-01  )

x: z[cm]
y: Dose [Gy/source]      
p: xlin ylog afac(0.8) form(0.9)
h: n            x            y(proton  ),hh0l n 
#  z-lower      z-upper        proton    r.err 
   9.8455E+01   9.8486E+01   3.6152E-01  0.0104
   9.8486E+01   9.8517E+01   3.6501E-01  0.0110
   9.8517E+01   9.8549E+01   3.5232E-01  0.0118
   9.8549E+01   9.8580E+01   3.3486E-01  0.0134

#   sum over    1.2500E-03   3.5342E-01  0.0101

'no. =416,  ix = 13,  iy = 20'
msuc: {\huge Histograma dosis-volumen del pouch}
msdr: {\it plotted by \ANGEL \version}
msdl: {\it calculated by \PHITS  3.36}
wt: s(0.7)
\vspace{-3}
  xmin  &=&   4.0000E-01 [cm]
  xmax  &=&   5.0000E-01 [cm]
  ymin  &=&   2.5000E-01 [cm]
  ymax  &=&   3.5000E-01 [cm]
e:

#------------------------------------------------------------------------------
 newpage:
#   no. =417   ix  = 13   iy  = 21
#   x = (   4.0000E-01  -   5.0000E-01  )
#   y = (   3.5000E-01  -   4.5000E-01  )

x: z[cm]
y: Dose [Gy/source]      
p: xlin ylog afac(0.8) form(0.9)
h: n            x            y(proton  ),hh0l n 
#  z-lower      z-upper        proton    r.err 
   9.8455E+01   9.8486E+01   3.6159E-01  0.0103
   9.8486E+01   9.8517E+01   3.6952E-01  0.0110
   9.8517E+01   9.8549E+01   3.5395E-01  0.0117
   9.8549E+01   9.8580E+01   3.4423E-01  0.0133

#   sum over    1.2500E-03   3.5732E-01  0.0101

'no. =417,  ix = 13,  iy = 21'
msuc: {\huge Histograma dosis-volumen del pouch}
msdr: {\it plotted by \ANGEL \version}
msdl: {\it calculated by \PHITS  3.36}
wt: s(0.7)
\vspace{-3}
  xmin  &=&   4.0000E-01 [cm]
  xmax  &=&   5.0000E-01 [cm]
  ymin  &=&   3.5000E-01 [cm]
  ymax  &=&   4.5000E-01 [cm]
e:

#------------------------------------------------------------------------------
 newpage:
#   no. =418   ix  = 13   iy  = 22
#   x = (   4.0000E-01  -   5.0000E-01  )
#   y = (   4.5000E-01  -   5.5000E-01  )

x: z[cm]
y: Dose [Gy/source]      
p: xlin ylog afac(0.8) form(0.9)
h: n            x            y(proton  ),hh0l n 
#  z-lower      z-upper        proton    r.err 
   9.8455E+01   9.8486E+01   3.6214E-01  0.0104
   9.8486E+01   9.8517E+01   3.6165E-01  0.0110
   9.8517E+01   9.8549E+01   3.4639E-01  0.0119
   9.8549E+01   9.8580E+01   3.3436E-01  0.0135

#   sum over    1.2500E-03   3.5114E-01  0.0101

'no. =418,  ix = 13,  iy = 22'
msuc: {\huge Histograma dosis-volumen del pouch}
msdr: {\it plotted by \ANGEL \version}
msdl: {\it calculated by \PHITS  3.36}
wt: s(0.7)
\vspace{-3}
  xmin  &=&   4.0000E-01 [cm]
  xmax  &=&   5.0000E-01 [cm]
  ymin  &=&   4.5000E-01 [cm]
  ymax  &=&   5.5000E-01 [cm]
e:

#------------------------------------------------------------------------------
 newpage:
#   no. =419   ix  = 13   iy  = 23
#   x = (   4.0000E-01  -   5.0000E-01  )
#   y = (   5.5000E-01  -   6.5000E-01  )

x: z[cm]
y: Dose [Gy/source]      
p: xlin ylog afac(0.8) form(0.9)
h: n            x            y(proton  ),hh0l n 
#  z-lower      z-upper        proton    r.err 
   9.8455E+01   9.8486E+01   3.5891E-01  0.0104
   9.8486E+01   9.8517E+01   3.6129E-01  0.0111
   9.8517E+01   9.8549E+01   3.4878E-01  0.0119
   9.8549E+01   9.8580E+01   3.3454E-01  0.0135

#   sum over    1.2500E-03   3.5088E-01  0.0101

'no. =419,  ix = 13,  iy = 23'
msuc: {\huge Histograma dosis-volumen del pouch}
msdr: {\it plotted by \ANGEL \version}
msdl: {\it calculated by \PHITS  3.36}
wt: s(0.7)
\vspace{-3}
  xmin  &=&   4.0000E-01 [cm]
  xmax  &=&   5.0000E-01 [cm]
  ymin  &=&   5.5000E-01 [cm]
  ymax  &=&   6.5000E-01 [cm]
e:

#------------------------------------------------------------------------------
 newpage:
#   no. =420   ix  = 13   iy  = 24
#   x = (   4.0000E-01  -   5.0000E-01  )
#   y = (   6.5000E-01  -   7.5000E-01  )

x: z[cm]
y: Dose [Gy/source]      
p: xlin ylog afac(0.8) form(0.9)
h: n            x            y(proton  ),hh0l n 
#  z-lower      z-upper        proton    r.err 
   9.8455E+01   9.8486E+01   3.5823E-01  0.0104
   9.8486E+01   9.8517E+01   3.6342E-01  0.0110
   9.8517E+01   9.8549E+01   3.4631E-01  0.0119
   9.8549E+01   9.8580E+01   3.3395E-01  0.0135

#   sum over    1.2500E-03   3.5048E-01  0.0101

'no. =420,  ix = 13,  iy = 24'
msuc: {\huge Histograma dosis-volumen del pouch}
msdr: {\it plotted by \ANGEL \version}
msdl: {\it calculated by \PHITS  3.36}
wt: s(0.7)
\vspace{-3}
  xmin  &=&   4.0000E-01 [cm]
  xmax  &=&   5.0000E-01 [cm]
  ymin  &=&   6.5000E-01 [cm]
  ymax  &=&   7.5000E-01 [cm]
e:

#------------------------------------------------------------------------------
 newpage:
#   no. =421   ix  = 13   iy  = 25
#   x = (   4.0000E-01  -   5.0000E-01  )
#   y = (   7.5000E-01  -   8.5000E-01  )

x: z[cm]
y: Dose [Gy/source]      
p: xlin ylog afac(0.8) form(0.9)
h: n            x            y(proton  ),hh0l n 
#  z-lower      z-upper        proton    r.err 
   9.8455E+01   9.8486E+01   3.6103E-01  0.0104
   9.8486E+01   9.8517E+01   3.6478E-01  0.0110
   9.8517E+01   9.8549E+01   3.4628E-01  0.0119
   9.8549E+01   9.8580E+01   3.3642E-01  0.0134

#   sum over    1.2500E-03   3.5213E-01  0.0101

'no. =421,  ix = 13,  iy = 25'
msuc: {\huge Histograma dosis-volumen del pouch}
msdr: {\it plotted by \ANGEL \version}
msdl: {\it calculated by \PHITS  3.36}
wt: s(0.7)
\vspace{-3}
  xmin  &=&   4.0000E-01 [cm]
  xmax  &=&   5.0000E-01 [cm]
  ymin  &=&   7.5000E-01 [cm]
  ymax  &=&   8.5000E-01 [cm]
e:

#------------------------------------------------------------------------------
 newpage:
#   no. =422   ix  = 13   iy  = 26
#   x = (   4.0000E-01  -   5.0000E-01  )
#   y = (   8.5000E-01  -   9.5000E-01  )

x: z[cm]
y: Dose [Gy/source]      
p: xlin ylog afac(0.8) form(0.9)
h: n            x            y(proton  ),hh0l n 
#  z-lower      z-upper        proton    r.err 
   9.8455E+01   9.8486E+01   3.6256E-01  0.0104
   9.8486E+01   9.8517E+01   3.6147E-01  0.0111
   9.8517E+01   9.8549E+01   3.4642E-01  0.0119
   9.8549E+01   9.8580E+01   3.3679E-01  0.0134

#   sum over    1.2500E-03   3.5181E-01  0.0101

'no. =422,  ix = 13,  iy = 26'
msuc: {\huge Histograma dosis-volumen del pouch}
msdr: {\it plotted by \ANGEL \version}
msdl: {\it calculated by \PHITS  3.36}
wt: s(0.7)
\vspace{-3}
  xmin  &=&   4.0000E-01 [cm]
  xmax  &=&   5.0000E-01 [cm]
  ymin  &=&   8.5000E-01 [cm]
  ymax  &=&   9.5000E-01 [cm]
e:

#------------------------------------------------------------------------------
 newpage:
#   no. =423   ix  = 13   iy  = 27
#   x = (   4.0000E-01  -   5.0000E-01  )
#   y = (   9.5000E-01  -   1.0500E+00  )

x: z[cm]
y: Dose [Gy/source]      
p: xlin ylog afac(0.8) form(0.9)
h: n            x            y(proton  ),hh0l n 
#  z-lower      z-upper        proton    r.err 
   9.8455E+01   9.8486E+01   3.6939E-01  0.0103
   9.8486E+01   9.8517E+01   3.7207E-01  0.0108
   9.8517E+01   9.8549E+01   3.6076E-01  0.0116
   9.8549E+01   9.8580E+01   3.4890E-01  0.0132

#   sum over    1.2500E-03   3.6278E-01  0.0100

'no. =423,  ix = 13,  iy = 27'
msuc: {\huge Histograma dosis-volumen del pouch}
msdr: {\it plotted by \ANGEL \version}
msdl: {\it calculated by \PHITS  3.36}
wt: s(0.7)
\vspace{-3}
  xmin  &=&   4.0000E-01 [cm]
  xmax  &=&   5.0000E-01 [cm]
  ymin  &=&   9.5000E-01 [cm]
  ymax  &=&   1.0500E+00 [cm]
e:

#------------------------------------------------------------------------------
 newpage:
#   no. =424   ix  = 13   iy  = 28
#   x = (   4.0000E-01  -   5.0000E-01  )
#   y = (   1.0500E+00  -   1.1500E+00  )

x: z[cm]
y: Dose [Gy/source]      
p: xlin ylog afac(0.8) form(0.9)
h: n            x            y(proton  ),hh0l n 
#  z-lower      z-upper        proton    r.err 
   9.8455E+01   9.8486E+01   3.7093E-01  0.0103
   9.8486E+01   9.8517E+01   3.6873E-01  0.0109
   9.8517E+01   9.8549E+01   3.5435E-01  0.0118
   9.8549E+01   9.8580E+01   3.4417E-01  0.0132

#   sum over    1.2500E-03   3.5955E-01  0.0100

'no. =424,  ix = 13,  iy = 28'
msuc: {\huge Histograma dosis-volumen del pouch}
msdr: {\it plotted by \ANGEL \version}
msdl: {\it calculated by \PHITS  3.36}
wt: s(0.7)
\vspace{-3}
  xmin  &=&   4.0000E-01 [cm]
  xmax  &=&   5.0000E-01 [cm]
  ymin  &=&   1.0500E+00 [cm]
  ymax  &=&   1.1500E+00 [cm]
e:

#------------------------------------------------------------------------------
 newpage:
#   no. =425   ix  = 13   iy  = 29
#   x = (   4.0000E-01  -   5.0000E-01  )
#   y = (   1.1500E+00  -   1.2500E+00  )

x: z[cm]
y: Dose [Gy/source]      
p: xlin ylog afac(0.8) form(0.9)
h: n            x            y(proton  ),hh0l n 
#  z-lower      z-upper        proton    r.err 
   9.8455E+01   9.8486E+01   3.6865E-01  0.0103
   9.8486E+01   9.8517E+01   3.6870E-01  0.0109
   9.8517E+01   9.8549E+01   3.5594E-01  0.0117
   9.8549E+01   9.8580E+01   3.4821E-01  0.0132

#   sum over    1.2500E-03   3.6038E-01  0.0100

'no. =425,  ix = 13,  iy = 29'
msuc: {\huge Histograma dosis-volumen del pouch}
msdr: {\it plotted by \ANGEL \version}
msdl: {\it calculated by \PHITS  3.36}
wt: s(0.7)
\vspace{-3}
  xmin  &=&   4.0000E-01 [cm]
  xmax  &=&   5.0000E-01 [cm]
  ymin  &=&   1.1500E+00 [cm]
  ymax  &=&   1.2500E+00 [cm]
e:

#------------------------------------------------------------------------------
 newpage:
#   no. =426   ix  = 13   iy  = 30
#   x = (   4.0000E-01  -   5.0000E-01  )
#   y = (   1.2500E+00  -   1.3500E+00  )

x: z[cm]
y: Dose [Gy/source]      
p: xlin ylog afac(0.8) form(0.9)
h: n            x            y(proton  ),hh0l n 
#  z-lower      z-upper        proton    r.err 
   9.8455E+01   9.8486E+01   3.6496E-01  0.0104
   9.8486E+01   9.8517E+01   3.6607E-01  0.0109
   9.8517E+01   9.8549E+01   3.5305E-01  0.0117
   9.8549E+01   9.8580E+01   3.5010E-01  0.0132

#   sum over    1.2500E-03   3.5855E-01  0.0100

'no. =426,  ix = 13,  iy = 30'
msuc: {\huge Histograma dosis-volumen del pouch}
msdr: {\it plotted by \ANGEL \version}
msdl: {\it calculated by \PHITS  3.36}
wt: s(0.7)
\vspace{-3}
  xmin  &=&   4.0000E-01 [cm]
  xmax  &=&   5.0000E-01 [cm]
  ymin  &=&   1.2500E+00 [cm]
  ymax  &=&   1.3500E+00 [cm]
e:

#------------------------------------------------------------------------------
 newpage:
#   no. =427   ix  = 13   iy  = 31
#   x = (   4.0000E-01  -   5.0000E-01  )
#   y = (   1.3500E+00  -   1.4500E+00  )

x: z[cm]
y: Dose [Gy/source]      
p: xlin ylog afac(0.8) form(0.9)
h: n            x            y(proton  ),hh0l n 
#  z-lower      z-upper        proton    r.err 
   9.8455E+01   9.8486E+01   3.7225E-01  0.0102
   9.8486E+01   9.8517E+01   3.7730E-01  0.0108
   9.8517E+01   9.8549E+01   3.6251E-01  0.0117
   9.8549E+01   9.8580E+01   3.5279E-01  0.0132

#   sum over    1.2500E-03   3.6621E-01  0.0100

'no. =427,  ix = 13,  iy = 31'
msuc: {\huge Histograma dosis-volumen del pouch}
msdr: {\it plotted by \ANGEL \version}
msdl: {\it calculated by \PHITS  3.36}
wt: s(0.7)
\vspace{-3}
  xmin  &=&   4.0000E-01 [cm]
  xmax  &=&   5.0000E-01 [cm]
  ymin  &=&   1.3500E+00 [cm]
  ymax  &=&   1.4500E+00 [cm]
e:

#------------------------------------------------------------------------------
 newpage:
#   no. =428   ix  = 13   iy  = 32
#   x = (   4.0000E-01  -   5.0000E-01  )
#   y = (   1.4500E+00  -   1.5500E+00  )

x: z[cm]
y: Dose [Gy/source]      
p: xlin ylog afac(0.8) form(0.9)
h: n            x            y(proton  ),hh0l n 
#  z-lower      z-upper        proton    r.err 
   9.8455E+01   9.8486E+01   3.6969E-01  0.0103
   9.8486E+01   9.8517E+01   3.7500E-01  0.0109
   9.8517E+01   9.8549E+01   3.6284E-01  0.0116
   9.8549E+01   9.8580E+01   3.5153E-01  0.0133

#   sum over    1.2500E-03   3.6476E-01  0.0100

'no. =428,  ix = 13,  iy = 32'
msuc: {\huge Histograma dosis-volumen del pouch}
msdr: {\it plotted by \ANGEL \version}
msdl: {\it calculated by \PHITS  3.36}
wt: s(0.7)
\vspace{-3}
  xmin  &=&   4.0000E-01 [cm]
  xmax  &=&   5.0000E-01 [cm]
  ymin  &=&   1.4500E+00 [cm]
  ymax  &=&   1.5500E+00 [cm]
e:

#------------------------------------------------------------------------------
 newpage:
#   no. =429   ix  = 13   iy  = 33
#   x = (   4.0000E-01  -   5.0000E-01  )
#   y = (   1.5500E+00  -   1.6500E+00  )

x: z[cm]
y: Dose [Gy/source]      
p: xlin ylog afac(0.8) form(0.9)
h: n            x            y(proton  ),hh0l n 
#  z-lower      z-upper        proton    r.err 
   9.8455E+01   9.8486E+01   3.6935E-01  0.0103
   9.8486E+01   9.8517E+01   3.7597E-01  0.0108
   9.8517E+01   9.8549E+01   3.6601E-01  0.0116
   9.8549E+01   9.8580E+01   3.5976E-01  0.0131

#   sum over    1.2500E-03   3.6777E-01  0.0099

'no. =429,  ix = 13,  iy = 33'
msuc: {\huge Histograma dosis-volumen del pouch}
msdr: {\it plotted by \ANGEL \version}
msdl: {\it calculated by \PHITS  3.36}
wt: s(0.7)
\vspace{-3}
  xmin  &=&   4.0000E-01 [cm]
  xmax  &=&   5.0000E-01 [cm]
  ymin  &=&   1.5500E+00 [cm]
  ymax  &=&   1.6500E+00 [cm]
e:

#------------------------------------------------------------------------------
 newpage:
#   no. =430   ix  = 14   iy  =  1
#   x = (   5.0000E-01  -   6.0000E-01  )
#   y = (  -1.6500E+00  -  -1.5500E+00  )

x: z[cm]
y: Dose [Gy/source]      
p: xlin ylog afac(0.8) form(0.9)
h: n            x            y(proton  ),hh0l n 
#  z-lower      z-upper        proton    r.err 
   9.8455E+01   9.8486E+01   0.0000E+00  0.0000
   9.8486E+01   9.8517E+01   3.2744E-05  1.0000
   9.8517E+01   9.8549E+01   5.3910E-05  1.0000
   9.8549E+01   9.8580E+01   6.2219E-06  1.0000

#   sum over    1.2500E-03   2.3219E-05  1.0000

'no. =430,  ix = 14,  iy =  1'
msuc: {\huge Histograma dosis-volumen del pouch}
msdr: {\it plotted by \ANGEL \version}
msdl: {\it calculated by \PHITS  3.36}
wt: s(0.7)
\vspace{-3}
  xmin  &=&   5.0000E-01 [cm]
  xmax  &=&   6.0000E-01 [cm]
  ymin  &=&  -1.6500E+00 [cm]
  ymax  &=&  -1.5500E+00 [cm]
e:

#------------------------------------------------------------------------------
 newpage:
#   no. =431   ix  = 14   iy  =  2
#   x = (   5.0000E-01  -   6.0000E-01  )
#   y = (  -1.5500E+00  -  -1.4500E+00  )

x: z[cm]
y: Dose [Gy/source]      
p: xlin ylog afac(0.8) form(0.9)
h: n            x            y(proton  ),hh0l n 
#  z-lower      z-upper        proton    r.err 
   9.8455E+01   9.8486E+01   1.8439E-04  0.7393
   9.8486E+01   9.8517E+01   1.3884E-05  1.0000
   9.8517E+01   9.8549E+01   0.0000E+00  0.0000
   9.8549E+01   9.8580E+01   0.0000E+00  0.0000

#   sum over    1.2500E-03   4.9569E-05  0.7500

'no. =431,  ix = 14,  iy =  2'
msuc: {\huge Histograma dosis-volumen del pouch}
msdr: {\it plotted by \ANGEL \version}
msdl: {\it calculated by \PHITS  3.36}
wt: s(0.7)
\vspace{-3}
  xmin  &=&   5.0000E-01 [cm]
  xmax  &=&   6.0000E-01 [cm]
  ymin  &=&  -1.5500E+00 [cm]
  ymax  &=&  -1.4500E+00 [cm]
e:

#------------------------------------------------------------------------------
 newpage:
#   no. =432   ix  = 14   iy  =  3
#   x = (   5.0000E-01  -   6.0000E-01  )
#   y = (  -1.4500E+00  -  -1.3500E+00  )

x: z[cm]
y: Dose [Gy/source]      
p: xlin ylog afac(0.8) form(0.9)
h: n            x            y(proton  ),hh0l n 
#  z-lower      z-upper        proton    r.err 
   9.8455E+01   9.8486E+01   3.2895E-05  0.5379
   9.8486E+01   9.8517E+01   1.8078E-04  0.7112
   9.8517E+01   9.8549E+01   1.1864E-04  0.4472
   9.8549E+01   9.8580E+01   2.3020E-04  0.5012

#   sum over    1.2500E-03   1.4063E-04  0.3789

'no. =432,  ix = 14,  iy =  3'
msuc: {\huge Histograma dosis-volumen del pouch}
msdr: {\it plotted by \ANGEL \version}
msdl: {\it calculated by \PHITS  3.36}
wt: s(0.7)
\vspace{-3}
  xmin  &=&   5.0000E-01 [cm]
  xmax  &=&   6.0000E-01 [cm]
  ymin  &=&  -1.4500E+00 [cm]
  ymax  &=&  -1.3500E+00 [cm]
e:

#------------------------------------------------------------------------------
 newpage:
#   no. =433   ix  = 14   iy  =  4
#   x = (   5.0000E-01  -   6.0000E-01  )
#   y = (  -1.3500E+00  -  -1.2500E+00  )

x: z[cm]
y: Dose [Gy/source]      
p: xlin ylog afac(0.8) form(0.9)
h: n            x            y(proton  ),hh0l n 
#  z-lower      z-upper        proton    r.err 
   9.8455E+01   9.8486E+01   2.6806E-01  0.0123
   9.8486E+01   9.8517E+01   2.6860E-01  0.0129
   9.8517E+01   9.8549E+01   2.6102E-01  0.0138
   9.8549E+01   9.8580E+01   2.5694E-01  0.0155

#   sum over    1.2500E-03   2.6366E-01  0.0118

'no. =433,  ix = 14,  iy =  4'
msuc: {\huge Histograma dosis-volumen del pouch}
msdr: {\it plotted by \ANGEL \version}
msdl: {\it calculated by \PHITS  3.36}
wt: s(0.7)
\vspace{-3}
  xmin  &=&   5.0000E-01 [cm]
  xmax  &=&   6.0000E-01 [cm]
  ymin  &=&  -1.3500E+00 [cm]
  ymax  &=&  -1.2500E+00 [cm]
e:

#------------------------------------------------------------------------------
 newpage:
#   no. =434   ix  = 14   iy  =  5
#   x = (   5.0000E-01  -   6.0000E-01  )
#   y = (  -1.2500E+00  -  -1.1500E+00  )

x: z[cm]
y: Dose [Gy/source]      
p: xlin ylog afac(0.8) form(0.9)
h: n            x            y(proton  ),hh0l n 
#  z-lower      z-upper        proton    r.err 
   9.8455E+01   9.8486E+01   3.7015E-01  0.0103
   9.8486E+01   9.8517E+01   3.7396E-01  0.0109
   9.8517E+01   9.8549E+01   3.6137E-01  0.0117
   9.8549E+01   9.8580E+01   3.5200E-01  0.0132

#   sum over    1.2500E-03   3.6437E-01  0.0100

'no. =434,  ix = 14,  iy =  5'
msuc: {\huge Histograma dosis-volumen del pouch}
msdr: {\it plotted by \ANGEL \version}
msdl: {\it calculated by \PHITS  3.36}
wt: s(0.7)
\vspace{-3}
  xmin  &=&   5.0000E-01 [cm]
  xmax  &=&   6.0000E-01 [cm]
  ymin  &=&  -1.2500E+00 [cm]
  ymax  &=&  -1.1500E+00 [cm]
e:

#------------------------------------------------------------------------------
 newpage:
#   no. =435   ix  = 14   iy  =  6
#   x = (   5.0000E-01  -   6.0000E-01  )
#   y = (  -1.1500E+00  -  -1.0500E+00  )

x: z[cm]
y: Dose [Gy/source]      
p: xlin ylog afac(0.8) form(0.9)
h: n            x            y(proton  ),hh0l n 
#  z-lower      z-upper        proton    r.err 
   9.8455E+01   9.8486E+01   3.6548E-01  0.0104
   9.8486E+01   9.8517E+01   3.6717E-01  0.0110
   9.8517E+01   9.8549E+01   3.5273E-01  0.0118
   9.8549E+01   9.8580E+01   3.4354E-01  0.0133

#   sum over    1.2500E-03   3.5723E-01  0.0100

'no. =435,  ix = 14,  iy =  6'
msuc: {\huge Histograma dosis-volumen del pouch}
msdr: {\it plotted by \ANGEL \version}
msdl: {\it calculated by \PHITS  3.36}
wt: s(0.7)
\vspace{-3}
  xmin  &=&   5.0000E-01 [cm]
  xmax  &=&   6.0000E-01 [cm]
  ymin  &=&  -1.1500E+00 [cm]
  ymax  &=&  -1.0500E+00 [cm]
e:

#------------------------------------------------------------------------------
 newpage:
#   no. =436   ix  = 14   iy  =  7
#   x = (   5.0000E-01  -   6.0000E-01  )
#   y = (  -1.0500E+00  -  -9.5000E-01  )

x: z[cm]
y: Dose [Gy/source]      
p: xlin ylog afac(0.8) form(0.9)
h: n            x            y(proton  ),hh0l n 
#  z-lower      z-upper        proton    r.err 
   9.8455E+01   9.8486E+01   3.6462E-01  0.0104
   9.8486E+01   9.8517E+01   3.6577E-01  0.0110
   9.8517E+01   9.8549E+01   3.5387E-01  0.0117
   9.8549E+01   9.8580E+01   3.4293E-01  0.0133

#   sum over    1.2500E-03   3.5680E-01  0.0100

'no. =436,  ix = 14,  iy =  7'
msuc: {\huge Histograma dosis-volumen del pouch}
msdr: {\it plotted by \ANGEL \version}
msdl: {\it calculated by \PHITS  3.36}
wt: s(0.7)
\vspace{-3}
  xmin  &=&   5.0000E-01 [cm]
  xmax  &=&   6.0000E-01 [cm]
  ymin  &=&  -1.0500E+00 [cm]
  ymax  &=&  -9.5000E-01 [cm]
e:

#------------------------------------------------------------------------------
 newpage:
#   no. =437   ix  = 14   iy  =  8
#   x = (   5.0000E-01  -   6.0000E-01  )
#   y = (  -9.5000E-01  -  -8.5000E-01  )

x: z[cm]
y: Dose [Gy/source]      
p: xlin ylog afac(0.8) form(0.9)
h: n            x            y(proton  ),hh0l n 
#  z-lower      z-upper        proton    r.err 
   9.8455E+01   9.8486E+01   3.6197E-01  0.0104
   9.8486E+01   9.8517E+01   3.6351E-01  0.0110
   9.8517E+01   9.8549E+01   3.5414E-01  0.0118
   9.8549E+01   9.8580E+01   3.4528E-01  0.0132

#   sum over    1.2500E-03   3.5623E-01  0.0101

'no. =437,  ix = 14,  iy =  8'
msuc: {\huge Histograma dosis-volumen del pouch}
msdr: {\it plotted by \ANGEL \version}
msdl: {\it calculated by \PHITS  3.36}
wt: s(0.7)
\vspace{-3}
  xmin  &=&   5.0000E-01 [cm]
  xmax  &=&   6.0000E-01 [cm]
  ymin  &=&  -9.5000E-01 [cm]
  ymax  &=&  -8.5000E-01 [cm]
e:

#------------------------------------------------------------------------------
 newpage:
#   no. =438   ix  = 14   iy  =  9
#   x = (   5.0000E-01  -   6.0000E-01  )
#   y = (  -8.5000E-01  -  -7.5000E-01  )

x: z[cm]
y: Dose [Gy/source]      
p: xlin ylog afac(0.8) form(0.9)
h: n            x            y(proton  ),hh0l n 
#  z-lower      z-upper        proton    r.err 
   9.8455E+01   9.8486E+01   3.6786E-01  0.0103
   9.8486E+01   9.8517E+01   3.6892E-01  0.0109
   9.8517E+01   9.8549E+01   3.5453E-01  0.0117
   9.8549E+01   9.8580E+01   3.4393E-01  0.0133

#   sum over    1.2500E-03   3.5881E-01  0.0100

'no. =438,  ix = 14,  iy =  9'
msuc: {\huge Histograma dosis-volumen del pouch}
msdr: {\it plotted by \ANGEL \version}
msdl: {\it calculated by \PHITS  3.36}
wt: s(0.7)
\vspace{-3}
  xmin  &=&   5.0000E-01 [cm]
  xmax  &=&   6.0000E-01 [cm]
  ymin  &=&  -8.5000E-01 [cm]
  ymax  &=&  -7.5000E-01 [cm]
e:

#------------------------------------------------------------------------------
 newpage:
#   no. =439   ix  = 14   iy  = 10
#   x = (   5.0000E-01  -   6.0000E-01  )
#   y = (  -7.5000E-01  -  -6.5000E-01  )

x: z[cm]
y: Dose [Gy/source]      
p: xlin ylog afac(0.8) form(0.9)
h: n            x            y(proton  ),hh0l n 
#  z-lower      z-upper        proton    r.err 
   9.8455E+01   9.8486E+01   3.6593E-01  0.0104
   9.8486E+01   9.8517E+01   3.6539E-01  0.0110
   9.8517E+01   9.8549E+01   3.5601E-01  0.0118
   9.8549E+01   9.8580E+01   3.3849E-01  0.0134

#   sum over    1.2500E-03   3.5645E-01  0.0100

'no. =439,  ix = 14,  iy = 10'
msuc: {\huge Histograma dosis-volumen del pouch}
msdr: {\it plotted by \ANGEL \version}
msdl: {\it calculated by \PHITS  3.36}
wt: s(0.7)
\vspace{-3}
  xmin  &=&   5.0000E-01 [cm]
  xmax  &=&   6.0000E-01 [cm]
  ymin  &=&  -7.5000E-01 [cm]
  ymax  &=&  -6.5000E-01 [cm]
e:

#------------------------------------------------------------------------------
 newpage:
#   no. =440   ix  = 14   iy  = 11
#   x = (   5.0000E-01  -   6.0000E-01  )
#   y = (  -6.5000E-01  -  -5.5000E-01  )

x: z[cm]
y: Dose [Gy/source]      
p: xlin ylog afac(0.8) form(0.9)
h: n            x            y(proton  ),hh0l n 
#  z-lower      z-upper        proton    r.err 
   9.8455E+01   9.8486E+01   3.6421E-01  0.0103
   9.8486E+01   9.8517E+01   3.7174E-01  0.0109
   9.8517E+01   9.8549E+01   3.5417E-01  0.0117
   9.8549E+01   9.8580E+01   3.4706E-01  0.0132

#   sum over    1.2500E-03   3.5929E-01  0.0100

'no. =440,  ix = 14,  iy = 11'
msuc: {\huge Histograma dosis-volumen del pouch}
msdr: {\it plotted by \ANGEL \version}
msdl: {\it calculated by \PHITS  3.36}
wt: s(0.7)
\vspace{-3}
  xmin  &=&   5.0000E-01 [cm]
  xmax  &=&   6.0000E-01 [cm]
  ymin  &=&  -6.5000E-01 [cm]
  ymax  &=&  -5.5000E-01 [cm]
e:

#------------------------------------------------------------------------------
 newpage:
#   no. =441   ix  = 14   iy  = 12
#   x = (   5.0000E-01  -   6.0000E-01  )
#   y = (  -5.5000E-01  -  -4.5000E-01  )

x: z[cm]
y: Dose [Gy/source]      
p: xlin ylog afac(0.8) form(0.9)
h: n            x            y(proton  ),hh0l n 
#  z-lower      z-upper        proton    r.err 
   9.8455E+01   9.8486E+01   3.5965E-01  0.0104
   9.8486E+01   9.8517E+01   3.6599E-01  0.0110
   9.8517E+01   9.8549E+01   3.4779E-01  0.0119
   9.8549E+01   9.8580E+01   3.3599E-01  0.0134

#   sum over    1.2500E-03   3.5235E-01  0.0101

'no. =441,  ix = 14,  iy = 12'
msuc: {\huge Histograma dosis-volumen del pouch}
msdr: {\it plotted by \ANGEL \version}
msdl: {\it calculated by \PHITS  3.36}
wt: s(0.7)
\vspace{-3}
  xmin  &=&   5.0000E-01 [cm]
  xmax  &=&   6.0000E-01 [cm]
  ymin  &=&  -5.5000E-01 [cm]
  ymax  &=&  -4.5000E-01 [cm]
e:

#------------------------------------------------------------------------------
 newpage:
#   no. =442   ix  = 14   iy  = 13
#   x = (   5.0000E-01  -   6.0000E-01  )
#   y = (  -4.5000E-01  -  -3.5000E-01  )

x: z[cm]
y: Dose [Gy/source]      
p: xlin ylog afac(0.8) form(0.9)
h: n            x            y(proton  ),hh0l n 
#  z-lower      z-upper        proton    r.err 
   9.8455E+01   9.8486E+01   3.6201E-01  0.0104
   9.8486E+01   9.8517E+01   3.6195E-01  0.0110
   9.8517E+01   9.8549E+01   3.4823E-01  0.0119
   9.8549E+01   9.8580E+01   3.3658E-01  0.0134

#   sum over    1.2500E-03   3.5219E-01  0.0101

'no. =442,  ix = 14,  iy = 13'
msuc: {\huge Histograma dosis-volumen del pouch}
msdr: {\it plotted by \ANGEL \version}
msdl: {\it calculated by \PHITS  3.36}
wt: s(0.7)
\vspace{-3}
  xmin  &=&   5.0000E-01 [cm]
  xmax  &=&   6.0000E-01 [cm]
  ymin  &=&  -4.5000E-01 [cm]
  ymax  &=&  -3.5000E-01 [cm]
e:

#------------------------------------------------------------------------------
 newpage:
#   no. =443   ix  = 14   iy  = 14
#   x = (   5.0000E-01  -   6.0000E-01  )
#   y = (  -3.5000E-01  -  -2.5000E-01  )

x: z[cm]
y: Dose [Gy/source]      
p: xlin ylog afac(0.8) form(0.9)
h: n            x            y(proton  ),hh0l n 
#  z-lower      z-upper        proton    r.err 
   9.8455E+01   9.8486E+01   3.6298E-01  0.0104
   9.8486E+01   9.8517E+01   3.6506E-01  0.0110
   9.8517E+01   9.8549E+01   3.5010E-01  0.0119
   9.8549E+01   9.8580E+01   3.3616E-01  0.0134

#   sum over    1.2500E-03   3.5358E-01  0.0101

'no. =443,  ix = 14,  iy = 14'
msuc: {\huge Histograma dosis-volumen del pouch}
msdr: {\it plotted by \ANGEL \version}
msdl: {\it calculated by \PHITS  3.36}
wt: s(0.7)
\vspace{-3}
  xmin  &=&   5.0000E-01 [cm]
  xmax  &=&   6.0000E-01 [cm]
  ymin  &=&  -3.5000E-01 [cm]
  ymax  &=&  -2.5000E-01 [cm]
e:

#------------------------------------------------------------------------------
 newpage:
#   no. =444   ix  = 14   iy  = 15
#   x = (   5.0000E-01  -   6.0000E-01  )
#   y = (  -2.5000E-01  -  -1.5000E-01  )

x: z[cm]
y: Dose [Gy/source]      
p: xlin ylog afac(0.8) form(0.9)
h: n            x            y(proton  ),hh0l n 
#  z-lower      z-upper        proton    r.err 
   9.8455E+01   9.8486E+01   3.5681E-01  0.0105
   9.8486E+01   9.8517E+01   3.6018E-01  0.0111
   9.8517E+01   9.8549E+01   3.4188E-01  0.0120
   9.8549E+01   9.8580E+01   3.2788E-01  0.0136

#   sum over    1.2500E-03   3.4668E-01  0.0102

'no. =444,  ix = 14,  iy = 15'
msuc: {\huge Histograma dosis-volumen del pouch}
msdr: {\it plotted by \ANGEL \version}
msdl: {\it calculated by \PHITS  3.36}
wt: s(0.7)
\vspace{-3}
  xmin  &=&   5.0000E-01 [cm]
  xmax  &=&   6.0000E-01 [cm]
  ymin  &=&  -2.5000E-01 [cm]
  ymax  &=&  -1.5000E-01 [cm]
e:

#------------------------------------------------------------------------------
 newpage:
#   no. =445   ix  = 14   iy  = 16
#   x = (   5.0000E-01  -   6.0000E-01  )
#   y = (  -1.5000E-01  -  -5.0000E-02  )

x: z[cm]
y: Dose [Gy/source]      
p: xlin ylog afac(0.8) form(0.9)
h: n            x            y(proton  ),hh0l n 
#  z-lower      z-upper        proton    r.err 
   9.8455E+01   9.8486E+01   3.5652E-01  0.0105
   9.8486E+01   9.8517E+01   3.5684E-01  0.0111
   9.8517E+01   9.8549E+01   3.4629E-01  0.0119
   9.8549E+01   9.8580E+01   3.3691E-01  0.0134

#   sum over    1.2500E-03   3.4914E-01  0.0102

'no. =445,  ix = 14,  iy = 16'
msuc: {\huge Histograma dosis-volumen del pouch}
msdr: {\it plotted by \ANGEL \version}
msdl: {\it calculated by \PHITS  3.36}
wt: s(0.7)
\vspace{-3}
  xmin  &=&   5.0000E-01 [cm]
  xmax  &=&   6.0000E-01 [cm]
  ymin  &=&  -1.5000E-01 [cm]
  ymax  &=&  -5.0000E-02 [cm]
e:

#------------------------------------------------------------------------------
 newpage:
#   no. =446   ix  = 14   iy  = 17
#   x = (   5.0000E-01  -   6.0000E-01  )
#   y = (  -5.0000E-02  -   5.0000E-02  )

x: z[cm]
y: Dose [Gy/source]      
p: xlin ylog afac(0.8) form(0.9)
h: n            x            y(proton  ),hh0l n 
#  z-lower      z-upper        proton    r.err 
   9.8455E+01   9.8486E+01   3.5582E-01  0.0105
   9.8486E+01   9.8517E+01   3.6039E-01  0.0111
   9.8517E+01   9.8549E+01   3.4214E-01  0.0119
   9.8549E+01   9.8580E+01   3.3437E-01  0.0135

#   sum over    1.2500E-03   3.4818E-01  0.0101

'no. =446,  ix = 14,  iy = 17'
msuc: {\huge Histograma dosis-volumen del pouch}
msdr: {\it plotted by \ANGEL \version}
msdl: {\it calculated by \PHITS  3.36}
wt: s(0.7)
\vspace{-3}
  xmin  &=&   5.0000E-01 [cm]
  xmax  &=&   6.0000E-01 [cm]
  ymin  &=&  -5.0000E-02 [cm]
  ymax  &=&   5.0000E-02 [cm]
e:

#------------------------------------------------------------------------------
 newpage:
#   no. =447   ix  = 14   iy  = 18
#   x = (   5.0000E-01  -   6.0000E-01  )
#   y = (   5.0000E-02  -   1.5000E-01  )

x: z[cm]
y: Dose [Gy/source]      
p: xlin ylog afac(0.8) form(0.9)
h: n            x            y(proton  ),hh0l n 
#  z-lower      z-upper        proton    r.err 
   9.8455E+01   9.8486E+01   3.6358E-01  0.0104
   9.8486E+01   9.8517E+01   3.6504E-01  0.0110
   9.8517E+01   9.8549E+01   3.5112E-01  0.0118
   9.8549E+01   9.8580E+01   3.3890E-01  0.0134

#   sum over    1.2500E-03   3.5466E-01  0.0101

'no. =447,  ix = 14,  iy = 18'
msuc: {\huge Histograma dosis-volumen del pouch}
msdr: {\it plotted by \ANGEL \version}
msdl: {\it calculated by \PHITS  3.36}
wt: s(0.7)
\vspace{-3}
  xmin  &=&   5.0000E-01 [cm]
  xmax  &=&   6.0000E-01 [cm]
  ymin  &=&   5.0000E-02 [cm]
  ymax  &=&   1.5000E-01 [cm]
e:

#------------------------------------------------------------------------------
 newpage:
#   no. =448   ix  = 14   iy  = 19
#   x = (   5.0000E-01  -   6.0000E-01  )
#   y = (   1.5000E-01  -   2.5000E-01  )

x: z[cm]
y: Dose [Gy/source]      
p: xlin ylog afac(0.8) form(0.9)
h: n            x            y(proton  ),hh0l n 
#  z-lower      z-upper        proton    r.err 
   9.8455E+01   9.8486E+01   3.5615E-01  0.0105
   9.8486E+01   9.8517E+01   3.5817E-01  0.0111
   9.8517E+01   9.8549E+01   3.3988E-01  0.0120
   9.8549E+01   9.8580E+01   3.3175E-01  0.0135

#   sum over    1.2500E-03   3.4649E-01  0.0102

'no. =448,  ix = 14,  iy = 19'
msuc: {\huge Histograma dosis-volumen del pouch}
msdr: {\it plotted by \ANGEL \version}
msdl: {\it calculated by \PHITS  3.36}
wt: s(0.7)
\vspace{-3}
  xmin  &=&   5.0000E-01 [cm]
  xmax  &=&   6.0000E-01 [cm]
  ymin  &=&   1.5000E-01 [cm]
  ymax  &=&   2.5000E-01 [cm]
e:

#------------------------------------------------------------------------------
 newpage:
#   no. =449   ix  = 14   iy  = 20
#   x = (   5.0000E-01  -   6.0000E-01  )
#   y = (   2.5000E-01  -   3.5000E-01  )

x: z[cm]
y: Dose [Gy/source]      
p: xlin ylog afac(0.8) form(0.9)
h: n            x            y(proton  ),hh0l n 
#  z-lower      z-upper        proton    r.err 
   9.8455E+01   9.8486E+01   3.6249E-01  0.0104
   9.8486E+01   9.8517E+01   3.6042E-01  0.0110
   9.8517E+01   9.8549E+01   3.4821E-01  0.0119
   9.8549E+01   9.8580E+01   3.3921E-01  0.0134

#   sum over    1.2500E-03   3.5258E-01  0.0101

'no. =449,  ix = 14,  iy = 20'
msuc: {\huge Histograma dosis-volumen del pouch}
msdr: {\it plotted by \ANGEL \version}
msdl: {\it calculated by \PHITS  3.36}
wt: s(0.7)
\vspace{-3}
  xmin  &=&   5.0000E-01 [cm]
  xmax  &=&   6.0000E-01 [cm]
  ymin  &=&   2.5000E-01 [cm]
  ymax  &=&   3.5000E-01 [cm]
e:

#------------------------------------------------------------------------------
 newpage:
#   no. =450   ix  = 14   iy  = 21
#   x = (   5.0000E-01  -   6.0000E-01  )
#   y = (   3.5000E-01  -   4.5000E-01  )

x: z[cm]
y: Dose [Gy/source]      
p: xlin ylog afac(0.8) form(0.9)
h: n            x            y(proton  ),hh0l n 
#  z-lower      z-upper        proton    r.err 
   9.8455E+01   9.8486E+01   3.6225E-01  0.0104
   9.8486E+01   9.8517E+01   3.6120E-01  0.0110
   9.8517E+01   9.8549E+01   3.4776E-01  0.0119
   9.8549E+01   9.8580E+01   3.3333E-01  0.0135

#   sum over    1.2500E-03   3.5113E-01  0.0101

'no. =450,  ix = 14,  iy = 21'
msuc: {\huge Histograma dosis-volumen del pouch}
msdr: {\it plotted by \ANGEL \version}
msdl: {\it calculated by \PHITS  3.36}
wt: s(0.7)
\vspace{-3}
  xmin  &=&   5.0000E-01 [cm]
  xmax  &=&   6.0000E-01 [cm]
  ymin  &=&   3.5000E-01 [cm]
  ymax  &=&   4.5000E-01 [cm]
e:

#------------------------------------------------------------------------------
 newpage:
#   no. =451   ix  = 14   iy  = 22
#   x = (   5.0000E-01  -   6.0000E-01  )
#   y = (   4.5000E-01  -   5.5000E-01  )

x: z[cm]
y: Dose [Gy/source]      
p: xlin ylog afac(0.8) form(0.9)
h: n            x            y(proton  ),hh0l n 
#  z-lower      z-upper        proton    r.err 
   9.8455E+01   9.8486E+01   3.5877E-01  0.0105
   9.8486E+01   9.8517E+01   3.6203E-01  0.0111
   9.8517E+01   9.8549E+01   3.4688E-01  0.0119
   9.8549E+01   9.8580E+01   3.2826E-01  0.0136

#   sum over    1.2500E-03   3.4898E-01  0.0101

'no. =451,  ix = 14,  iy = 22'
msuc: {\huge Histograma dosis-volumen del pouch}
msdr: {\it plotted by \ANGEL \version}
msdl: {\it calculated by \PHITS  3.36}
wt: s(0.7)
\vspace{-3}
  xmin  &=&   5.0000E-01 [cm]
  xmax  &=&   6.0000E-01 [cm]
  ymin  &=&   4.5000E-01 [cm]
  ymax  &=&   5.5000E-01 [cm]
e:

#------------------------------------------------------------------------------
 newpage:
#   no. =452   ix  = 14   iy  = 23
#   x = (   5.0000E-01  -   6.0000E-01  )
#   y = (   5.5000E-01  -   6.5000E-01  )

x: z[cm]
y: Dose [Gy/source]      
p: xlin ylog afac(0.8) form(0.9)
h: n            x            y(proton  ),hh0l n 
#  z-lower      z-upper        proton    r.err 
   9.8455E+01   9.8486E+01   3.6058E-01  0.0104
   9.8486E+01   9.8517E+01   3.6504E-01  0.0110
   9.8517E+01   9.8549E+01   3.4996E-01  0.0118
   9.8549E+01   9.8580E+01   3.3640E-01  0.0134

#   sum over    1.2500E-03   3.5300E-01  0.0101

'no. =452,  ix = 14,  iy = 23'
msuc: {\huge Histograma dosis-volumen del pouch}
msdr: {\it plotted by \ANGEL \version}
msdl: {\it calculated by \PHITS  3.36}
wt: s(0.7)
\vspace{-3}
  xmin  &=&   5.0000E-01 [cm]
  xmax  &=&   6.0000E-01 [cm]
  ymin  &=&   5.5000E-01 [cm]
  ymax  &=&   6.5000E-01 [cm]
e:

#------------------------------------------------------------------------------
 newpage:
#   no. =453   ix  = 14   iy  = 24
#   x = (   5.0000E-01  -   6.0000E-01  )
#   y = (   6.5000E-01  -   7.5000E-01  )

x: z[cm]
y: Dose [Gy/source]      
p: xlin ylog afac(0.8) form(0.9)
h: n            x            y(proton  ),hh0l n 
#  z-lower      z-upper        proton    r.err 
   9.8455E+01   9.8486E+01   3.5963E-01  0.0105
   9.8486E+01   9.8517E+01   3.6128E-01  0.0111
   9.8517E+01   9.8549E+01   3.4745E-01  0.0119
   9.8549E+01   9.8580E+01   3.3172E-01  0.0135

#   sum over    1.2500E-03   3.5002E-01  0.0101

'no. =453,  ix = 14,  iy = 24'
msuc: {\huge Histograma dosis-volumen del pouch}
msdr: {\it plotted by \ANGEL \version}
msdl: {\it calculated by \PHITS  3.36}
wt: s(0.7)
\vspace{-3}
  xmin  &=&   5.0000E-01 [cm]
  xmax  &=&   6.0000E-01 [cm]
  ymin  &=&   6.5000E-01 [cm]
  ymax  &=&   7.5000E-01 [cm]
e:

#------------------------------------------------------------------------------
 newpage:
#   no. =454   ix  = 14   iy  = 25
#   x = (   5.0000E-01  -   6.0000E-01  )
#   y = (   7.5000E-01  -   8.5000E-01  )

x: z[cm]
y: Dose [Gy/source]      
p: xlin ylog afac(0.8) form(0.9)
h: n            x            y(proton  ),hh0l n 
#  z-lower      z-upper        proton    r.err 
   9.8455E+01   9.8486E+01   3.6693E-01  0.0104
   9.8486E+01   9.8517E+01   3.7143E-01  0.0110
   9.8517E+01   9.8549E+01   3.5206E-01  0.0118
   9.8549E+01   9.8580E+01   3.3910E-01  0.0134

#   sum over    1.2500E-03   3.5738E-01  0.0100

'no. =454,  ix = 14,  iy = 25'
msuc: {\huge Histograma dosis-volumen del pouch}
msdr: {\it plotted by \ANGEL \version}
msdl: {\it calculated by \PHITS  3.36}
wt: s(0.7)
\vspace{-3}
  xmin  &=&   5.0000E-01 [cm]
  xmax  &=&   6.0000E-01 [cm]
  ymin  &=&   7.5000E-01 [cm]
  ymax  &=&   8.5000E-01 [cm]
e:

#------------------------------------------------------------------------------
 newpage:
#   no. =455   ix  = 14   iy  = 26
#   x = (   5.0000E-01  -   6.0000E-01  )
#   y = (   8.5000E-01  -   9.5000E-01  )

x: z[cm]
y: Dose [Gy/source]      
p: xlin ylog afac(0.8) form(0.9)
h: n            x            y(proton  ),hh0l n 
#  z-lower      z-upper        proton    r.err 
   9.8455E+01   9.8486E+01   3.6840E-01  0.0103
   9.8486E+01   9.8517E+01   3.7263E-01  0.0109
   9.8517E+01   9.8549E+01   3.5400E-01  0.0117
   9.8549E+01   9.8580E+01   3.5046E-01  0.0132

#   sum over    1.2500E-03   3.6137E-01  0.0100

'no. =455,  ix = 14,  iy = 26'
msuc: {\huge Histograma dosis-volumen del pouch}
msdr: {\it plotted by \ANGEL \version}
msdl: {\it calculated by \PHITS  3.36}
wt: s(0.7)
\vspace{-3}
  xmin  &=&   5.0000E-01 [cm]
  xmax  &=&   6.0000E-01 [cm]
  ymin  &=&   8.5000E-01 [cm]
  ymax  &=&   9.5000E-01 [cm]
e:

#------------------------------------------------------------------------------
 newpage:
#   no. =456   ix  = 14   iy  = 27
#   x = (   5.0000E-01  -   6.0000E-01  )
#   y = (   9.5000E-01  -   1.0500E+00  )

x: z[cm]
y: Dose [Gy/source]      
p: xlin ylog afac(0.8) form(0.9)
h: n            x            y(proton  ),hh0l n 
#  z-lower      z-upper        proton    r.err 
   9.8455E+01   9.8486E+01   3.6798E-01  0.0103
   9.8486E+01   9.8517E+01   3.7223E-01  0.0109
   9.8517E+01   9.8549E+01   3.5777E-01  0.0117
   9.8549E+01   9.8580E+01   3.4914E-01  0.0132

#   sum over    1.2500E-03   3.6178E-01  0.0100

'no. =456,  ix = 14,  iy = 27'
msuc: {\huge Histograma dosis-volumen del pouch}
msdr: {\it plotted by \ANGEL \version}
msdl: {\it calculated by \PHITS  3.36}
wt: s(0.7)
\vspace{-3}
  xmin  &=&   5.0000E-01 [cm]
  xmax  &=&   6.0000E-01 [cm]
  ymin  &=&   9.5000E-01 [cm]
  ymax  &=&   1.0500E+00 [cm]
e:

#------------------------------------------------------------------------------
 newpage:
#   no. =457   ix  = 14   iy  = 28
#   x = (   5.0000E-01  -   6.0000E-01  )
#   y = (   1.0500E+00  -   1.1500E+00  )

x: z[cm]
y: Dose [Gy/source]      
p: xlin ylog afac(0.8) form(0.9)
h: n            x            y(proton  ),hh0l n 
#  z-lower      z-upper        proton    r.err 
   9.8455E+01   9.8486E+01   3.6364E-01  0.0103
   9.8486E+01   9.8517E+01   3.7125E-01  0.0108
   9.8517E+01   9.8549E+01   3.6085E-01  0.0116
   9.8549E+01   9.8580E+01   3.5640E-01  0.0131

#   sum over    1.2500E-03   3.6304E-01  0.0100

'no. =457,  ix = 14,  iy = 28'
msuc: {\huge Histograma dosis-volumen del pouch}
msdr: {\it plotted by \ANGEL \version}
msdl: {\it calculated by \PHITS  3.36}
wt: s(0.7)
\vspace{-3}
  xmin  &=&   5.0000E-01 [cm]
  xmax  &=&   6.0000E-01 [cm]
  ymin  &=&   1.0500E+00 [cm]
  ymax  &=&   1.1500E+00 [cm]
e:

#------------------------------------------------------------------------------
 newpage:
#   no. =458   ix  = 14   iy  = 29
#   x = (   5.0000E-01  -   6.0000E-01  )
#   y = (   1.1500E+00  -   1.2500E+00  )

x: z[cm]
y: Dose [Gy/source]      
p: xlin ylog afac(0.8) form(0.9)
h: n            x            y(proton  ),hh0l n 
#  z-lower      z-upper        proton    r.err 
   9.8455E+01   9.8486E+01   3.7288E-01  0.0103
   9.8486E+01   9.8517E+01   3.7483E-01  0.0109
   9.8517E+01   9.8549E+01   3.5932E-01  0.0117
   9.8549E+01   9.8580E+01   3.4916E-01  0.0132

#   sum over    1.2500E-03   3.6405E-01  0.0100

'no. =458,  ix = 14,  iy = 29'
msuc: {\huge Histograma dosis-volumen del pouch}
msdr: {\it plotted by \ANGEL \version}
msdl: {\it calculated by \PHITS  3.36}
wt: s(0.7)
\vspace{-3}
  xmin  &=&   5.0000E-01 [cm]
  xmax  &=&   6.0000E-01 [cm]
  ymin  &=&   1.1500E+00 [cm]
  ymax  &=&   1.2500E+00 [cm]
e:

#------------------------------------------------------------------------------
 newpage:
#   no. =459   ix  = 14   iy  = 30
#   x = (   5.0000E-01  -   6.0000E-01  )
#   y = (   1.2500E+00  -   1.3500E+00  )

x: z[cm]
y: Dose [Gy/source]      
p: xlin ylog afac(0.8) form(0.9)
h: n            x            y(proton  ),hh0l n 
#  z-lower      z-upper        proton    r.err 
   9.8455E+01   9.8486E+01   3.7645E-01  0.0102
   9.8486E+01   9.8517E+01   3.7966E-01  0.0107
   9.8517E+01   9.8549E+01   3.6646E-01  0.0116
   9.8549E+01   9.8580E+01   3.6416E-01  0.0131

#   sum over    1.2500E-03   3.7168E-01  0.0099

'no. =459,  ix = 14,  iy = 30'
msuc: {\huge Histograma dosis-volumen del pouch}
msdr: {\it plotted by \ANGEL \version}
msdl: {\it calculated by \PHITS  3.36}
wt: s(0.7)
\vspace{-3}
  xmin  &=&   5.0000E-01 [cm]
  xmax  &=&   6.0000E-01 [cm]
  ymin  &=&   1.2500E+00 [cm]
  ymax  &=&   1.3500E+00 [cm]
e:

#------------------------------------------------------------------------------
 newpage:
#   no. =460   ix  = 14   iy  = 31
#   x = (   5.0000E-01  -   6.0000E-01  )
#   y = (   1.3500E+00  -   1.4500E+00  )

x: z[cm]
y: Dose [Gy/source]      
p: xlin ylog afac(0.8) form(0.9)
h: n            x            y(proton  ),hh0l n 
#  z-lower      z-upper        proton    r.err 
   9.8455E+01   9.8486E+01   3.7112E-01  0.0103
   9.8486E+01   9.8517E+01   3.7392E-01  0.0109
   9.8517E+01   9.8549E+01   3.6171E-01  0.0116
   9.8549E+01   9.8580E+01   3.5506E-01  0.0132

#   sum over    1.2500E-03   3.6545E-01  0.0100

'no. =460,  ix = 14,  iy = 31'
msuc: {\huge Histograma dosis-volumen del pouch}
msdr: {\it plotted by \ANGEL \version}
msdl: {\it calculated by \PHITS  3.36}
wt: s(0.7)
\vspace{-3}
  xmin  &=&   5.0000E-01 [cm]
  xmax  &=&   6.0000E-01 [cm]
  ymin  &=&   1.3500E+00 [cm]
  ymax  &=&   1.4500E+00 [cm]
e:

#------------------------------------------------------------------------------
 newpage:
#   no. =461   ix  = 14   iy  = 32
#   x = (   5.0000E-01  -   6.0000E-01  )
#   y = (   1.4500E+00  -   1.5500E+00  )

x: z[cm]
y: Dose [Gy/source]      
p: xlin ylog afac(0.8) form(0.9)
h: n            x            y(proton  ),hh0l n 
#  z-lower      z-upper        proton    r.err 
   9.8455E+01   9.8486E+01   3.7154E-01  0.0102
   9.8486E+01   9.8517E+01   3.7951E-01  0.0108
   9.8517E+01   9.8549E+01   3.6633E-01  0.0115
   9.8549E+01   9.8580E+01   3.6480E-01  0.0131

#   sum over    1.2500E-03   3.7055E-01  0.0099

'no. =461,  ix = 14,  iy = 32'
msuc: {\huge Histograma dosis-volumen del pouch}
msdr: {\it plotted by \ANGEL \version}
msdl: {\it calculated by \PHITS  3.36}
wt: s(0.7)
\vspace{-3}
  xmin  &=&   5.0000E-01 [cm]
  xmax  &=&   6.0000E-01 [cm]
  ymin  &=&   1.4500E+00 [cm]
  ymax  &=&   1.5500E+00 [cm]
e:

#------------------------------------------------------------------------------
 newpage:
#   no. =462   ix  = 14   iy  = 33
#   x = (   5.0000E-01  -   6.0000E-01  )
#   y = (   1.5500E+00  -   1.6500E+00  )

x: z[cm]
y: Dose [Gy/source]      
p: xlin ylog afac(0.8) form(0.9)
h: n            x            y(proton  ),hh0l n 
#  z-lower      z-upper        proton    r.err 
   9.8455E+01   9.8486E+01   3.7695E-01  0.0102
   9.8486E+01   9.8517E+01   3.7670E-01  0.0108
   9.8517E+01   9.8549E+01   3.6399E-01  0.0116
   9.8549E+01   9.8580E+01   3.5916E-01  0.0131

#   sum over    1.2500E-03   3.6920E-01  0.0099

'no. =462,  ix = 14,  iy = 33'
msuc: {\huge Histograma dosis-volumen del pouch}
msdr: {\it plotted by \ANGEL \version}
msdl: {\it calculated by \PHITS  3.36}
wt: s(0.7)
\vspace{-3}
  xmin  &=&   5.0000E-01 [cm]
  xmax  &=&   6.0000E-01 [cm]
  ymin  &=&   1.5500E+00 [cm]
  ymax  &=&   1.6500E+00 [cm]
e:

#------------------------------------------------------------------------------
 newpage:
#   no. =463   ix  = 15   iy  =  1
#   x = (   6.0000E-01  -   7.0000E-01  )
#   y = (  -1.6500E+00  -  -1.5500E+00  )

x: z[cm]
y: Dose [Gy/source]      
p: xlin ylog afac(0.8) form(0.9)
h: n            x            y(proton  ),hh0l n 
#  z-lower      z-upper        proton    r.err 
   9.8455E+01   9.8486E+01   0.0000E+00  0.0000
   9.8486E+01   9.8517E+01   0.0000E+00  0.0000
   9.8517E+01   9.8549E+01   0.0000E+00  0.0000
   9.8549E+01   9.8580E+01   3.6486E-05  0.7456

#   sum over    1.2500E-03   9.1215E-06  0.7456

'no. =463,  ix = 15,  iy =  1'
msuc: {\huge Histograma dosis-volumen del pouch}
msdr: {\it plotted by \ANGEL \version}
msdl: {\it calculated by \PHITS  3.36}
wt: s(0.7)
\vspace{-3}
  xmin  &=&   6.0000E-01 [cm]
  xmax  &=&   7.0000E-01 [cm]
  ymin  &=&  -1.6500E+00 [cm]
  ymax  &=&  -1.5500E+00 [cm]
e:

#------------------------------------------------------------------------------
 newpage:
#   no. =464   ix  = 15   iy  =  2
#   x = (   6.0000E-01  -   7.0000E-01  )
#   y = (  -1.5500E+00  -  -1.4500E+00  )

x: z[cm]
y: Dose [Gy/source]      
p: xlin ylog afac(0.8) form(0.9)
h: n            x            y(proton  ),hh0l n 
#  z-lower      z-upper        proton    r.err 
   9.8455E+01   9.8486E+01   0.0000E+00  0.0000
   9.8486E+01   9.8517E+01   4.7494E-05  1.0000
   9.8517E+01   9.8549E+01   1.0227E-04  0.7279
   9.8549E+01   9.8580E+01   2.4384E-04  0.7093

#   sum over    1.2500E-03   9.8401E-05  0.6494

'no. =464,  ix = 15,  iy =  2'
msuc: {\huge Histograma dosis-volumen del pouch}
msdr: {\it plotted by \ANGEL \version}
msdl: {\it calculated by \PHITS  3.36}
wt: s(0.7)
\vspace{-3}
  xmin  &=&   6.0000E-01 [cm]
  xmax  &=&   7.0000E-01 [cm]
  ymin  &=&  -1.5500E+00 [cm]
  ymax  &=&  -1.4500E+00 [cm]
e:

#------------------------------------------------------------------------------
 newpage:
#   no. =465   ix  = 15   iy  =  3
#   x = (   6.0000E-01  -   7.0000E-01  )
#   y = (  -1.4500E+00  -  -1.3500E+00  )

x: z[cm]
y: Dose [Gy/source]      
p: xlin ylog afac(0.8) form(0.9)
h: n            x            y(proton  ),hh0l n 
#  z-lower      z-upper        proton    r.err 
   9.8455E+01   9.8486E+01   2.7607E-04  0.5786
   9.8486E+01   9.8517E+01   2.0908E-04  0.6402
   9.8517E+01   9.8549E+01   1.0238E-04  0.6348
   9.8549E+01   9.8580E+01   2.2843E-04  0.7267

#   sum over    1.2500E-03   2.0399E-04  0.4533

'no. =465,  ix = 15,  iy =  3'
msuc: {\huge Histograma dosis-volumen del pouch}
msdr: {\it plotted by \ANGEL \version}
msdl: {\it calculated by \PHITS  3.36}
wt: s(0.7)
\vspace{-3}
  xmin  &=&   6.0000E-01 [cm]
  xmax  &=&   7.0000E-01 [cm]
  ymin  &=&  -1.4500E+00 [cm]
  ymax  &=&  -1.3500E+00 [cm]
e:

#------------------------------------------------------------------------------
 newpage:
#   no. =466   ix  = 15   iy  =  4
#   x = (   6.0000E-01  -   7.0000E-01  )
#   y = (  -1.3500E+00  -  -1.2500E+00  )

x: z[cm]
y: Dose [Gy/source]      
p: xlin ylog afac(0.8) form(0.9)
h: n            x            y(proton  ),hh0l n 
#  z-lower      z-upper        proton    r.err 
   9.8455E+01   9.8486E+01   2.6428E-01  0.0124
   9.8486E+01   9.8517E+01   2.7109E-01  0.0129
   9.8517E+01   9.8549E+01   2.5990E-01  0.0138
   9.8549E+01   9.8580E+01   2.5821E-01  0.0155

#   sum over    1.2500E-03   2.6337E-01  0.0119

'no. =466,  ix = 15,  iy =  4'
msuc: {\huge Histograma dosis-volumen del pouch}
msdr: {\it plotted by \ANGEL \version}
msdl: {\it calculated by \PHITS  3.36}
wt: s(0.7)
\vspace{-3}
  xmin  &=&   6.0000E-01 [cm]
  xmax  &=&   7.0000E-01 [cm]
  ymin  &=&  -1.3500E+00 [cm]
  ymax  &=&  -1.2500E+00 [cm]
e:

#------------------------------------------------------------------------------
 newpage:
#   no. =467   ix  = 15   iy  =  5
#   x = (   6.0000E-01  -   7.0000E-01  )
#   y = (  -1.2500E+00  -  -1.1500E+00  )

x: z[cm]
y: Dose [Gy/source]      
p: xlin ylog afac(0.8) form(0.9)
h: n            x            y(proton  ),hh0l n 
#  z-lower      z-upper        proton    r.err 
   9.8455E+01   9.8486E+01   3.6653E-01  0.0103
   9.8486E+01   9.8517E+01   3.7140E-01  0.0109
   9.8517E+01   9.8549E+01   3.6002E-01  0.0117
   9.8549E+01   9.8580E+01   3.5350E-01  0.0132

#   sum over    1.2500E-03   3.6287E-01  0.0100

'no. =467,  ix = 15,  iy =  5'
msuc: {\huge Histograma dosis-volumen del pouch}
msdr: {\it plotted by \ANGEL \version}
msdl: {\it calculated by \PHITS  3.36}
wt: s(0.7)
\vspace{-3}
  xmin  &=&   6.0000E-01 [cm]
  xmax  &=&   7.0000E-01 [cm]
  ymin  &=&  -1.2500E+00 [cm]
  ymax  &=&  -1.1500E+00 [cm]
e:

#------------------------------------------------------------------------------
 newpage:
#   no. =468   ix  = 15   iy  =  6
#   x = (   6.0000E-01  -   7.0000E-01  )
#   y = (  -1.1500E+00  -  -1.0500E+00  )

x: z[cm]
y: Dose [Gy/source]      
p: xlin ylog afac(0.8) form(0.9)
h: n            x            y(proton  ),hh0l n 
#  z-lower      z-upper        proton    r.err 
   9.8455E+01   9.8486E+01   3.6817E-01  0.0103
   9.8486E+01   9.8517E+01   3.6634E-01  0.0109
   9.8517E+01   9.8549E+01   3.5981E-01  0.0117
   9.8549E+01   9.8580E+01   3.5228E-01  0.0132

#   sum over    1.2500E-03   3.6165E-01  0.0100

'no. =468,  ix = 15,  iy =  6'
msuc: {\huge Histograma dosis-volumen del pouch}
msdr: {\it plotted by \ANGEL \version}
msdl: {\it calculated by \PHITS  3.36}
wt: s(0.7)
\vspace{-3}
  xmin  &=&   6.0000E-01 [cm]
  xmax  &=&   7.0000E-01 [cm]
  ymin  &=&  -1.1500E+00 [cm]
  ymax  &=&  -1.0500E+00 [cm]
e:

#------------------------------------------------------------------------------
 newpage:
#   no. =469   ix  = 15   iy  =  7
#   x = (   6.0000E-01  -   7.0000E-01  )
#   y = (  -1.0500E+00  -  -9.5000E-01  )

x: z[cm]
y: Dose [Gy/source]      
p: xlin ylog afac(0.8) form(0.9)
h: n            x            y(proton  ),hh0l n 
#  z-lower      z-upper        proton    r.err 
   9.8455E+01   9.8486E+01   3.6520E-01  0.0104
   9.8486E+01   9.8517E+01   3.6425E-01  0.0110
   9.8517E+01   9.8549E+01   3.5281E-01  0.0118
   9.8549E+01   9.8580E+01   3.4851E-01  0.0133

#   sum over    1.2500E-03   3.5769E-01  0.0101

'no. =469,  ix = 15,  iy =  7'
msuc: {\huge Histograma dosis-volumen del pouch}
msdr: {\it plotted by \ANGEL \version}
msdl: {\it calculated by \PHITS  3.36}
wt: s(0.7)
\vspace{-3}
  xmin  &=&   6.0000E-01 [cm]
  xmax  &=&   7.0000E-01 [cm]
  ymin  &=&  -1.0500E+00 [cm]
  ymax  &=&  -9.5000E-01 [cm]
e:

#------------------------------------------------------------------------------
 newpage:
#   no. =470   ix  = 15   iy  =  8
#   x = (   6.0000E-01  -   7.0000E-01  )
#   y = (  -9.5000E-01  -  -8.5000E-01  )

x: z[cm]
y: Dose [Gy/source]      
p: xlin ylog afac(0.8) form(0.9)
h: n            x            y(proton  ),hh0l n 
#  z-lower      z-upper        proton    r.err 
   9.8455E+01   9.8486E+01   3.7151E-01  0.0103
   9.8486E+01   9.8517E+01   3.7420E-01  0.0109
   9.8517E+01   9.8549E+01   3.6116E-01  0.0117
   9.8549E+01   9.8580E+01   3.4902E-01  0.0132

#   sum over    1.2500E-03   3.6397E-01  0.0100

'no. =470,  ix = 15,  iy =  8'
msuc: {\huge Histograma dosis-volumen del pouch}
msdr: {\it plotted by \ANGEL \version}
msdl: {\it calculated by \PHITS  3.36}
wt: s(0.7)
\vspace{-3}
  xmin  &=&   6.0000E-01 [cm]
  xmax  &=&   7.0000E-01 [cm]
  ymin  &=&  -9.5000E-01 [cm]
  ymax  &=&  -8.5000E-01 [cm]
e:

#------------------------------------------------------------------------------
 newpage:
#   no. =471   ix  = 15   iy  =  9
#   x = (   6.0000E-01  -   7.0000E-01  )
#   y = (  -8.5000E-01  -  -7.5000E-01  )

x: z[cm]
y: Dose [Gy/source]      
p: xlin ylog afac(0.8) form(0.9)
h: n            x            y(proton  ),hh0l n 
#  z-lower      z-upper        proton    r.err 
   9.8455E+01   9.8486E+01   3.6096E-01  0.0104
   9.8486E+01   9.8517E+01   3.6316E-01  0.0110
   9.8517E+01   9.8549E+01   3.4457E-01  0.0119
   9.8549E+01   9.8580E+01   3.3563E-01  0.0134

#   sum over    1.2500E-03   3.5108E-01  0.0101

'no. =471,  ix = 15,  iy =  9'
msuc: {\huge Histograma dosis-volumen del pouch}
msdr: {\it plotted by \ANGEL \version}
msdl: {\it calculated by \PHITS  3.36}
wt: s(0.7)
\vspace{-3}
  xmin  &=&   6.0000E-01 [cm]
  xmax  &=&   7.0000E-01 [cm]
  ymin  &=&  -8.5000E-01 [cm]
  ymax  &=&  -7.5000E-01 [cm]
e:

#------------------------------------------------------------------------------
 newpage:
#   no. =472   ix  = 15   iy  = 10
#   x = (   6.0000E-01  -   7.0000E-01  )
#   y = (  -7.5000E-01  -  -6.5000E-01  )

x: z[cm]
y: Dose [Gy/source]      
p: xlin ylog afac(0.8) form(0.9)
h: n            x            y(proton  ),hh0l n 
#  z-lower      z-upper        proton    r.err 
   9.8455E+01   9.8486E+01   3.6172E-01  0.0104
   9.8486E+01   9.8517E+01   3.7011E-01  0.0110
   9.8517E+01   9.8549E+01   3.5067E-01  0.0118
   9.8549E+01   9.8580E+01   3.3985E-01  0.0134

#   sum over    1.2500E-03   3.5559E-01  0.0101

'no. =472,  ix = 15,  iy = 10'
msuc: {\huge Histograma dosis-volumen del pouch}
msdr: {\it plotted by \ANGEL \version}
msdl: {\it calculated by \PHITS  3.36}
wt: s(0.7)
\vspace{-3}
  xmin  &=&   6.0000E-01 [cm]
  xmax  &=&   7.0000E-01 [cm]
  ymin  &=&  -7.5000E-01 [cm]
  ymax  &=&  -6.5000E-01 [cm]
e:

#------------------------------------------------------------------------------
 newpage:
#   no. =473   ix  = 15   iy  = 11
#   x = (   6.0000E-01  -   7.0000E-01  )
#   y = (  -6.5000E-01  -  -5.5000E-01  )

x: z[cm]
y: Dose [Gy/source]      
p: xlin ylog afac(0.8) form(0.9)
h: n            x            y(proton  ),hh0l n 
#  z-lower      z-upper        proton    r.err 
   9.8455E+01   9.8486E+01   3.6721E-01  0.0103
   9.8486E+01   9.8517E+01   3.7133E-01  0.0109
   9.8517E+01   9.8549E+01   3.5524E-01  0.0118
   9.8549E+01   9.8580E+01   3.4305E-01  0.0133

#   sum over    1.2500E-03   3.5921E-01  0.0100

'no. =473,  ix = 15,  iy = 11'
msuc: {\huge Histograma dosis-volumen del pouch}
msdr: {\it plotted by \ANGEL \version}
msdl: {\it calculated by \PHITS  3.36}
wt: s(0.7)
\vspace{-3}
  xmin  &=&   6.0000E-01 [cm]
  xmax  &=&   7.0000E-01 [cm]
  ymin  &=&  -6.5000E-01 [cm]
  ymax  &=&  -5.5000E-01 [cm]
e:

#------------------------------------------------------------------------------
 newpage:
#   no. =474   ix  = 15   iy  = 12
#   x = (   6.0000E-01  -   7.0000E-01  )
#   y = (  -5.5000E-01  -  -4.5000E-01  )

x: z[cm]
y: Dose [Gy/source]      
p: xlin ylog afac(0.8) form(0.9)
h: n            x            y(proton  ),hh0l n 
#  z-lower      z-upper        proton    r.err 
   9.8455E+01   9.8486E+01   3.6434E-01  0.0104
   9.8486E+01   9.8517E+01   3.6851E-01  0.0110
   9.8517E+01   9.8549E+01   3.4898E-01  0.0118
   9.8549E+01   9.8580E+01   3.3967E-01  0.0134

#   sum over    1.2500E-03   3.5537E-01  0.0101

'no. =474,  ix = 15,  iy = 12'
msuc: {\huge Histograma dosis-volumen del pouch}
msdr: {\it plotted by \ANGEL \version}
msdl: {\it calculated by \PHITS  3.36}
wt: s(0.7)
\vspace{-3}
  xmin  &=&   6.0000E-01 [cm]
  xmax  &=&   7.0000E-01 [cm]
  ymin  &=&  -5.5000E-01 [cm]
  ymax  &=&  -4.5000E-01 [cm]
e:

#------------------------------------------------------------------------------
 newpage:
#   no. =475   ix  = 15   iy  = 13
#   x = (   6.0000E-01  -   7.0000E-01  )
#   y = (  -4.5000E-01  -  -3.5000E-01  )

x: z[cm]
y: Dose [Gy/source]      
p: xlin ylog afac(0.8) form(0.9)
h: n            x            y(proton  ),hh0l n 
#  z-lower      z-upper        proton    r.err 
   9.8455E+01   9.8486E+01   3.6440E-01  0.0104
   9.8486E+01   9.8517E+01   3.6473E-01  0.0110
   9.8517E+01   9.8549E+01   3.4985E-01  0.0118
   9.8549E+01   9.8580E+01   3.3956E-01  0.0134

#   sum over    1.2500E-03   3.5463E-01  0.0101

'no. =475,  ix = 15,  iy = 13'
msuc: {\huge Histograma dosis-volumen del pouch}
msdr: {\it plotted by \ANGEL \version}
msdl: {\it calculated by \PHITS  3.36}
wt: s(0.7)
\vspace{-3}
  xmin  &=&   6.0000E-01 [cm]
  xmax  &=&   7.0000E-01 [cm]
  ymin  &=&  -4.5000E-01 [cm]
  ymax  &=&  -3.5000E-01 [cm]
e:

#------------------------------------------------------------------------------
 newpage:
#   no. =476   ix  = 15   iy  = 14
#   x = (   6.0000E-01  -   7.0000E-01  )
#   y = (  -3.5000E-01  -  -2.5000E-01  )

x: z[cm]
y: Dose [Gy/source]      
p: xlin ylog afac(0.8) form(0.9)
h: n            x            y(proton  ),hh0l n 
#  z-lower      z-upper        proton    r.err 
   9.8455E+01   9.8486E+01   3.6031E-01  0.0104
   9.8486E+01   9.8517E+01   3.6650E-01  0.0110
   9.8517E+01   9.8549E+01   3.4666E-01  0.0119
   9.8549E+01   9.8580E+01   3.3667E-01  0.0134

#   sum over    1.2500E-03   3.5253E-01  0.0101

'no. =476,  ix = 15,  iy = 14'
msuc: {\huge Histograma dosis-volumen del pouch}
msdr: {\it plotted by \ANGEL \version}
msdl: {\it calculated by \PHITS  3.36}
wt: s(0.7)
\vspace{-3}
  xmin  &=&   6.0000E-01 [cm]
  xmax  &=&   7.0000E-01 [cm]
  ymin  &=&  -3.5000E-01 [cm]
  ymax  &=&  -2.5000E-01 [cm]
e:

#------------------------------------------------------------------------------
 newpage:
#   no. =477   ix  = 15   iy  = 15
#   x = (   6.0000E-01  -   7.0000E-01  )
#   y = (  -2.5000E-01  -  -1.5000E-01  )

x: z[cm]
y: Dose [Gy/source]      
p: xlin ylog afac(0.8) form(0.9)
h: n            x            y(proton  ),hh0l n 
#  z-lower      z-upper        proton    r.err 
   9.8455E+01   9.8486E+01   3.6179E-01  0.0104
   9.8486E+01   9.8517E+01   3.6661E-01  0.0110
   9.8517E+01   9.8549E+01   3.4773E-01  0.0119
   9.8549E+01   9.8580E+01   3.3815E-01  0.0134

#   sum over    1.2500E-03   3.5357E-01  0.0101

'no. =477,  ix = 15,  iy = 15'
msuc: {\huge Histograma dosis-volumen del pouch}
msdr: {\it plotted by \ANGEL \version}
msdl: {\it calculated by \PHITS  3.36}
wt: s(0.7)
\vspace{-3}
  xmin  &=&   6.0000E-01 [cm]
  xmax  &=&   7.0000E-01 [cm]
  ymin  &=&  -2.5000E-01 [cm]
  ymax  &=&  -1.5000E-01 [cm]
e:

#------------------------------------------------------------------------------
 newpage:
#   no. =478   ix  = 15   iy  = 16
#   x = (   6.0000E-01  -   7.0000E-01  )
#   y = (  -1.5000E-01  -  -5.0000E-02  )

x: z[cm]
y: Dose [Gy/source]      
p: xlin ylog afac(0.8) form(0.9)
h: n            x            y(proton  ),hh0l n 
#  z-lower      z-upper        proton    r.err 
   9.8455E+01   9.8486E+01   3.6621E-01  0.0103
   9.8486E+01   9.8517E+01   3.6850E-01  0.0110
   9.8517E+01   9.8549E+01   3.4667E-01  0.0119
   9.8549E+01   9.8580E+01   3.3606E-01  0.0134

#   sum over    1.2500E-03   3.5436E-01  0.0101

'no. =478,  ix = 15,  iy = 16'
msuc: {\huge Histograma dosis-volumen del pouch}
msdr: {\it plotted by \ANGEL \version}
msdl: {\it calculated by \PHITS  3.36}
wt: s(0.7)
\vspace{-3}
  xmin  &=&   6.0000E-01 [cm]
  xmax  &=&   7.0000E-01 [cm]
  ymin  &=&  -1.5000E-01 [cm]
  ymax  &=&  -5.0000E-02 [cm]
e:

#------------------------------------------------------------------------------
 newpage:
#   no. =479   ix  = 15   iy  = 17
#   x = (   6.0000E-01  -   7.0000E-01  )
#   y = (  -5.0000E-02  -   5.0000E-02  )

x: z[cm]
y: Dose [Gy/source]      
p: xlin ylog afac(0.8) form(0.9)
h: n            x            y(proton  ),hh0l n 
#  z-lower      z-upper        proton    r.err 
   9.8455E+01   9.8486E+01   3.6014E-01  0.0104
   9.8486E+01   9.8517E+01   3.6503E-01  0.0110
   9.8517E+01   9.8549E+01   3.4928E-01  0.0119
   9.8549E+01   9.8580E+01   3.2639E-01  0.0136

#   sum over    1.2500E-03   3.5021E-01  0.0101

'no. =479,  ix = 15,  iy = 17'
msuc: {\huge Histograma dosis-volumen del pouch}
msdr: {\it plotted by \ANGEL \version}
msdl: {\it calculated by \PHITS  3.36}
wt: s(0.7)
\vspace{-3}
  xmin  &=&   6.0000E-01 [cm]
  xmax  &=&   7.0000E-01 [cm]
  ymin  &=&  -5.0000E-02 [cm]
  ymax  &=&   5.0000E-02 [cm]
e:

#------------------------------------------------------------------------------
 newpage:
#   no. =480   ix  = 15   iy  = 18
#   x = (   6.0000E-01  -   7.0000E-01  )
#   y = (   5.0000E-02  -   1.5000E-01  )

x: z[cm]
y: Dose [Gy/source]      
p: xlin ylog afac(0.8) form(0.9)
h: n            x            y(proton  ),hh0l n 
#  z-lower      z-upper        proton    r.err 
   9.8455E+01   9.8486E+01   3.5604E-01  0.0105
   9.8486E+01   9.8517E+01   3.6076E-01  0.0110
   9.8517E+01   9.8549E+01   3.5005E-01  0.0118
   9.8549E+01   9.8580E+01   3.3863E-01  0.0133

#   sum over    1.2500E-03   3.5137E-01  0.0101

'no. =480,  ix = 15,  iy = 18'
msuc: {\huge Histograma dosis-volumen del pouch}
msdr: {\it plotted by \ANGEL \version}
msdl: {\it calculated by \PHITS  3.36}
wt: s(0.7)
\vspace{-3}
  xmin  &=&   6.0000E-01 [cm]
  xmax  &=&   7.0000E-01 [cm]
  ymin  &=&   5.0000E-02 [cm]
  ymax  &=&   1.5000E-01 [cm]
e:

#------------------------------------------------------------------------------
 newpage:
#   no. =481   ix  = 15   iy  = 19
#   x = (   6.0000E-01  -   7.0000E-01  )
#   y = (   1.5000E-01  -   2.5000E-01  )

x: z[cm]
y: Dose [Gy/source]      
p: xlin ylog afac(0.8) form(0.9)
h: n            x            y(proton  ),hh0l n 
#  z-lower      z-upper        proton    r.err 
   9.8455E+01   9.8486E+01   3.5840E-01  0.0105
   9.8486E+01   9.8517E+01   3.6020E-01  0.0111
   9.8517E+01   9.8549E+01   3.4653E-01  0.0119
   9.8549E+01   9.8580E+01   3.3597E-01  0.0134

#   sum over    1.2500E-03   3.5028E-01  0.0101

'no. =481,  ix = 15,  iy = 19'
msuc: {\huge Histograma dosis-volumen del pouch}
msdr: {\it plotted by \ANGEL \version}
msdl: {\it calculated by \PHITS  3.36}
wt: s(0.7)
\vspace{-3}
  xmin  &=&   6.0000E-01 [cm]
  xmax  &=&   7.0000E-01 [cm]
  ymin  &=&   1.5000E-01 [cm]
  ymax  &=&   2.5000E-01 [cm]
e:

#------------------------------------------------------------------------------
 newpage:
#   no. =482   ix  = 15   iy  = 20
#   x = (   6.0000E-01  -   7.0000E-01  )
#   y = (   2.5000E-01  -   3.5000E-01  )

x: z[cm]
y: Dose [Gy/source]      
p: xlin ylog afac(0.8) form(0.9)
h: n            x            y(proton  ),hh0l n 
#  z-lower      z-upper        proton    r.err 
   9.8455E+01   9.8486E+01   3.5961E-01  0.0105
   9.8486E+01   9.8517E+01   3.5926E-01  0.0110
   9.8517E+01   9.8549E+01   3.5055E-01  0.0119
   9.8549E+01   9.8580E+01   3.3240E-01  0.0135

#   sum over    1.2500E-03   3.5046E-01  0.0101

'no. =482,  ix = 15,  iy = 20'
msuc: {\huge Histograma dosis-volumen del pouch}
msdr: {\it plotted by \ANGEL \version}
msdl: {\it calculated by \PHITS  3.36}
wt: s(0.7)
\vspace{-3}
  xmin  &=&   6.0000E-01 [cm]
  xmax  &=&   7.0000E-01 [cm]
  ymin  &=&   2.5000E-01 [cm]
  ymax  &=&   3.5000E-01 [cm]
e:

#------------------------------------------------------------------------------
 newpage:
#   no. =483   ix  = 15   iy  = 21
#   x = (   6.0000E-01  -   7.0000E-01  )
#   y = (   3.5000E-01  -   4.5000E-01  )

x: z[cm]
y: Dose [Gy/source]      
p: xlin ylog afac(0.8) form(0.9)
h: n            x            y(proton  ),hh0l n 
#  z-lower      z-upper        proton    r.err 
   9.8455E+01   9.8486E+01   3.6133E-01  0.0104
   9.8486E+01   9.8517E+01   3.6611E-01  0.0110
   9.8517E+01   9.8549E+01   3.4778E-01  0.0119
   9.8549E+01   9.8580E+01   3.3819E-01  0.0134

#   sum over    1.2500E-03   3.5335E-01  0.0101

'no. =483,  ix = 15,  iy = 21'
msuc: {\huge Histograma dosis-volumen del pouch}
msdr: {\it plotted by \ANGEL \version}
msdl: {\it calculated by \PHITS  3.36}
wt: s(0.7)
\vspace{-3}
  xmin  &=&   6.0000E-01 [cm]
  xmax  &=&   7.0000E-01 [cm]
  ymin  &=&   3.5000E-01 [cm]
  ymax  &=&   4.5000E-01 [cm]
e:

#------------------------------------------------------------------------------
 newpage:
#   no. =484   ix  = 15   iy  = 22
#   x = (   6.0000E-01  -   7.0000E-01  )
#   y = (   4.5000E-01  -   5.5000E-01  )

x: z[cm]
y: Dose [Gy/source]      
p: xlin ylog afac(0.8) form(0.9)
h: n            x            y(proton  ),hh0l n 
#  z-lower      z-upper        proton    r.err 
   9.8455E+01   9.8486E+01   3.5718E-01  0.0104
   9.8486E+01   9.8517E+01   3.6050E-01  0.0111
   9.8517E+01   9.8549E+01   3.4857E-01  0.0119
   9.8549E+01   9.8580E+01   3.3618E-01  0.0134

#   sum over    1.2500E-03   3.5061E-01  0.0101

'no. =484,  ix = 15,  iy = 22'
msuc: {\huge Histograma dosis-volumen del pouch}
msdr: {\it plotted by \ANGEL \version}
msdl: {\it calculated by \PHITS  3.36}
wt: s(0.7)
\vspace{-3}
  xmin  &=&   6.0000E-01 [cm]
  xmax  &=&   7.0000E-01 [cm]
  ymin  &=&   4.5000E-01 [cm]
  ymax  &=&   5.5000E-01 [cm]
e:

#------------------------------------------------------------------------------
 newpage:
#   no. =485   ix  = 15   iy  = 23
#   x = (   6.0000E-01  -   7.0000E-01  )
#   y = (   5.5000E-01  -   6.5000E-01  )

x: z[cm]
y: Dose [Gy/source]      
p: xlin ylog afac(0.8) form(0.9)
h: n            x            y(proton  ),hh0l n 
#  z-lower      z-upper        proton    r.err 
   9.8455E+01   9.8486E+01   3.6555E-01  0.0103
   9.8486E+01   9.8517E+01   3.6519E-01  0.0109
   9.8517E+01   9.8549E+01   3.5905E-01  0.0117
   9.8549E+01   9.8580E+01   3.4811E-01  0.0132

#   sum over    1.2500E-03   3.5948E-01  0.0100

'no. =485,  ix = 15,  iy = 23'
msuc: {\huge Histograma dosis-volumen del pouch}
msdr: {\it plotted by \ANGEL \version}
msdl: {\it calculated by \PHITS  3.36}
wt: s(0.7)
\vspace{-3}
  xmin  &=&   6.0000E-01 [cm]
  xmax  &=&   7.0000E-01 [cm]
  ymin  &=&   5.5000E-01 [cm]
  ymax  &=&   6.5000E-01 [cm]
e:

#------------------------------------------------------------------------------
 newpage:
#   no. =486   ix  = 15   iy  = 24
#   x = (   6.0000E-01  -   7.0000E-01  )
#   y = (   6.5000E-01  -   7.5000E-01  )

x: z[cm]
y: Dose [Gy/source]      
p: xlin ylog afac(0.8) form(0.9)
h: n            x            y(proton  ),hh0l n 
#  z-lower      z-upper        proton    r.err 
   9.8455E+01   9.8486E+01   3.5712E-01  0.0105
   9.8486E+01   9.8517E+01   3.6153E-01  0.0110
   9.8517E+01   9.8549E+01   3.4987E-01  0.0118
   9.8549E+01   9.8580E+01   3.3797E-01  0.0134

#   sum over    1.2500E-03   3.5163E-01  0.0101

'no. =486,  ix = 15,  iy = 24'
msuc: {\huge Histograma dosis-volumen del pouch}
msdr: {\it plotted by \ANGEL \version}
msdl: {\it calculated by \PHITS  3.36}
wt: s(0.7)
\vspace{-3}
  xmin  &=&   6.0000E-01 [cm]
  xmax  &=&   7.0000E-01 [cm]
  ymin  &=&   6.5000E-01 [cm]
  ymax  &=&   7.5000E-01 [cm]
e:

#------------------------------------------------------------------------------
 newpage:
#   no. =487   ix  = 15   iy  = 25
#   x = (   6.0000E-01  -   7.0000E-01  )
#   y = (   7.5000E-01  -   8.5000E-01  )

x: z[cm]
y: Dose [Gy/source]      
p: xlin ylog afac(0.8) form(0.9)
h: n            x            y(proton  ),hh0l n 
#  z-lower      z-upper        proton    r.err 
   9.8455E+01   9.8486E+01   3.6291E-01  0.0103
   9.8486E+01   9.8517E+01   3.6954E-01  0.0109
   9.8517E+01   9.8549E+01   3.5661E-01  0.0117
   9.8549E+01   9.8580E+01   3.5193E-01  0.0131

#   sum over    1.2500E-03   3.6025E-01  0.0100

'no. =487,  ix = 15,  iy = 25'
msuc: {\huge Histograma dosis-volumen del pouch}
msdr: {\it plotted by \ANGEL \version}
msdl: {\it calculated by \PHITS  3.36}
wt: s(0.7)
\vspace{-3}
  xmin  &=&   6.0000E-01 [cm]
  xmax  &=&   7.0000E-01 [cm]
  ymin  &=&   7.5000E-01 [cm]
  ymax  &=&   8.5000E-01 [cm]
e:

#------------------------------------------------------------------------------
 newpage:
#   no. =488   ix  = 15   iy  = 26
#   x = (   6.0000E-01  -   7.0000E-01  )
#   y = (   8.5000E-01  -   9.5000E-01  )

x: z[cm]
y: Dose [Gy/source]      
p: xlin ylog afac(0.8) form(0.9)
h: n            x            y(proton  ),hh0l n 
#  z-lower      z-upper        proton    r.err 
   9.8455E+01   9.8486E+01   3.6141E-01  0.0104
   9.8486E+01   9.8517E+01   3.6846E-01  0.0110
   9.8517E+01   9.8549E+01   3.5248E-01  0.0118
   9.8549E+01   9.8580E+01   3.4197E-01  0.0134

#   sum over    1.2500E-03   3.5608E-01  0.0101

'no. =488,  ix = 15,  iy = 26'
msuc: {\huge Histograma dosis-volumen del pouch}
msdr: {\it plotted by \ANGEL \version}
msdl: {\it calculated by \PHITS  3.36}
wt: s(0.7)
\vspace{-3}
  xmin  &=&   6.0000E-01 [cm]
  xmax  &=&   7.0000E-01 [cm]
  ymin  &=&   8.5000E-01 [cm]
  ymax  &=&   9.5000E-01 [cm]
e:

#------------------------------------------------------------------------------
 newpage:
#   no. =489   ix  = 15   iy  = 27
#   x = (   6.0000E-01  -   7.0000E-01  )
#   y = (   9.5000E-01  -   1.0500E+00  )

x: z[cm]
y: Dose [Gy/source]      
p: xlin ylog afac(0.8) form(0.9)
h: n            x            y(proton  ),hh0l n 
#  z-lower      z-upper        proton    r.err 
   9.8455E+01   9.8486E+01   3.6377E-01  0.0104
   9.8486E+01   9.8517E+01   3.6751E-01  0.0110
   9.8517E+01   9.8549E+01   3.5177E-01  0.0118
   9.8549E+01   9.8580E+01   3.4244E-01  0.0134

#   sum over    1.2500E-03   3.5637E-01  0.0101

'no. =489,  ix = 15,  iy = 27'
msuc: {\huge Histograma dosis-volumen del pouch}
msdr: {\it plotted by \ANGEL \version}
msdl: {\it calculated by \PHITS  3.36}
wt: s(0.7)
\vspace{-3}
  xmin  &=&   6.0000E-01 [cm]
  xmax  &=&   7.0000E-01 [cm]
  ymin  &=&   9.5000E-01 [cm]
  ymax  &=&   1.0500E+00 [cm]
e:

#------------------------------------------------------------------------------
 newpage:
#   no. =490   ix  = 15   iy  = 28
#   x = (   6.0000E-01  -   7.0000E-01  )
#   y = (   1.0500E+00  -   1.1500E+00  )

x: z[cm]
y: Dose [Gy/source]      
p: xlin ylog afac(0.8) form(0.9)
h: n            x            y(proton  ),hh0l n 
#  z-lower      z-upper        proton    r.err 
   9.8455E+01   9.8486E+01   3.7213E-01  0.0103
   9.8486E+01   9.8517E+01   3.7861E-01  0.0108
   9.8517E+01   9.8549E+01   3.5931E-01  0.0117
   9.8549E+01   9.8580E+01   3.4952E-01  0.0133

#   sum over    1.2500E-03   3.6489E-01  0.0100

'no. =490,  ix = 15,  iy = 28'
msuc: {\huge Histograma dosis-volumen del pouch}
msdr: {\it plotted by \ANGEL \version}
msdl: {\it calculated by \PHITS  3.36}
wt: s(0.7)
\vspace{-3}
  xmin  &=&   6.0000E-01 [cm]
  xmax  &=&   7.0000E-01 [cm]
  ymin  &=&   1.0500E+00 [cm]
  ymax  &=&   1.1500E+00 [cm]
e:

#------------------------------------------------------------------------------
 newpage:
#   no. =491   ix  = 15   iy  = 29
#   x = (   6.0000E-01  -   7.0000E-01  )
#   y = (   1.1500E+00  -   1.2500E+00  )

x: z[cm]
y: Dose [Gy/source]      
p: xlin ylog afac(0.8) form(0.9)
h: n            x            y(proton  ),hh0l n 
#  z-lower      z-upper        proton    r.err 
   9.8455E+01   9.8486E+01   3.7742E-01  0.0102
   9.8486E+01   9.8517E+01   3.7563E-01  0.0108
   9.8517E+01   9.8549E+01   3.6594E-01  0.0116
   9.8549E+01   9.8580E+01   3.5909E-01  0.0131

#   sum over    1.2500E-03   3.6952E-01  0.0099

'no. =491,  ix = 15,  iy = 29'
msuc: {\huge Histograma dosis-volumen del pouch}
msdr: {\it plotted by \ANGEL \version}
msdl: {\it calculated by \PHITS  3.36}
wt: s(0.7)
\vspace{-3}
  xmin  &=&   6.0000E-01 [cm]
  xmax  &=&   7.0000E-01 [cm]
  ymin  &=&   1.1500E+00 [cm]
  ymax  &=&   1.2500E+00 [cm]
e:

#------------------------------------------------------------------------------
 newpage:
#   no. =492   ix  = 15   iy  = 30
#   x = (   6.0000E-01  -   7.0000E-01  )
#   y = (   1.2500E+00  -   1.3500E+00  )

x: z[cm]
y: Dose [Gy/source]      
p: xlin ylog afac(0.8) form(0.9)
h: n            x            y(proton  ),hh0l n 
#  z-lower      z-upper        proton    r.err 
   9.8455E+01   9.8486E+01   3.6536E-01  0.0103
   9.8486E+01   9.8517E+01   3.7326E-01  0.0109
   9.8517E+01   9.8549E+01   3.5662E-01  0.0117
   9.8549E+01   9.8580E+01   3.4885E-01  0.0133

#   sum over    1.2500E-03   3.6102E-01  0.0100

'no. =492,  ix = 15,  iy = 30'
msuc: {\huge Histograma dosis-volumen del pouch}
msdr: {\it plotted by \ANGEL \version}
msdl: {\it calculated by \PHITS  3.36}
wt: s(0.7)
\vspace{-3}
  xmin  &=&   6.0000E-01 [cm]
  xmax  &=&   7.0000E-01 [cm]
  ymin  &=&   1.2500E+00 [cm]
  ymax  &=&   1.3500E+00 [cm]
e:

#------------------------------------------------------------------------------
 newpage:
#   no. =493   ix  = 15   iy  = 31
#   x = (   6.0000E-01  -   7.0000E-01  )
#   y = (   1.3500E+00  -   1.4500E+00  )

x: z[cm]
y: Dose [Gy/source]      
p: xlin ylog afac(0.8) form(0.9)
h: n            x            y(proton  ),hh0l n 
#  z-lower      z-upper        proton    r.err 
   9.8455E+01   9.8486E+01   3.7438E-01  0.0102
   9.8486E+01   9.8517E+01   3.7651E-01  0.0108
   9.8517E+01   9.8549E+01   3.6242E-01  0.0117
   9.8549E+01   9.8580E+01   3.5339E-01  0.0132

#   sum over    1.2500E-03   3.6667E-01  0.0099

'no. =493,  ix = 15,  iy = 31'
msuc: {\huge Histograma dosis-volumen del pouch}
msdr: {\it plotted by \ANGEL \version}
msdl: {\it calculated by \PHITS  3.36}
wt: s(0.7)
\vspace{-3}
  xmin  &=&   6.0000E-01 [cm]
  xmax  &=&   7.0000E-01 [cm]
  ymin  &=&   1.3500E+00 [cm]
  ymax  &=&   1.4500E+00 [cm]
e:

#------------------------------------------------------------------------------
 newpage:
#   no. =494   ix  = 15   iy  = 32
#   x = (   6.0000E-01  -   7.0000E-01  )
#   y = (   1.4500E+00  -   1.5500E+00  )

x: z[cm]
y: Dose [Gy/source]      
p: xlin ylog afac(0.8) form(0.9)
h: n            x            y(proton  ),hh0l n 
#  z-lower      z-upper        proton    r.err 
   9.8455E+01   9.8486E+01   3.7822E-01  0.0102
   9.8486E+01   9.8517E+01   3.7840E-01  0.0108
   9.8517E+01   9.8549E+01   3.6276E-01  0.0116
   9.8549E+01   9.8580E+01   3.5854E-01  0.0131

#   sum over    1.2500E-03   3.6948E-01  0.0099

'no. =494,  ix = 15,  iy = 32'
msuc: {\huge Histograma dosis-volumen del pouch}
msdr: {\it plotted by \ANGEL \version}
msdl: {\it calculated by \PHITS  3.36}
wt: s(0.7)
\vspace{-3}
  xmin  &=&   6.0000E-01 [cm]
  xmax  &=&   7.0000E-01 [cm]
  ymin  &=&   1.4500E+00 [cm]
  ymax  &=&   1.5500E+00 [cm]
e:

#------------------------------------------------------------------------------
 newpage:
#   no. =495   ix  = 15   iy  = 33
#   x = (   6.0000E-01  -   7.0000E-01  )
#   y = (   1.5500E+00  -   1.6500E+00  )

x: z[cm]
y: Dose [Gy/source]      
p: xlin ylog afac(0.8) form(0.9)
h: n            x            y(proton  ),hh0l n 
#  z-lower      z-upper        proton    r.err 
   9.8455E+01   9.8486E+01   3.6582E-01  0.0103
   9.8486E+01   9.8517E+01   3.7225E-01  0.0109
   9.8517E+01   9.8549E+01   3.5564E-01  0.0117
   9.8549E+01   9.8580E+01   3.4885E-01  0.0133

#   sum over    1.2500E-03   3.6064E-01  0.0101

'no. =495,  ix = 15,  iy = 33'
msuc: {\huge Histograma dosis-volumen del pouch}
msdr: {\it plotted by \ANGEL \version}
msdl: {\it calculated by \PHITS  3.36}
wt: s(0.7)
\vspace{-3}
  xmin  &=&   6.0000E-01 [cm]
  xmax  &=&   7.0000E-01 [cm]
  ymin  &=&   1.5500E+00 [cm]
  ymax  &=&   1.6500E+00 [cm]
e:

#------------------------------------------------------------------------------
 newpage:
#   no. =496   ix  = 16   iy  =  1
#   x = (   7.0000E-01  -   8.0000E-01  )
#   y = (  -1.6500E+00  -  -1.5500E+00  )

x: z[cm]
y: Dose [Gy/source]      
p: xlin ylog afac(0.8) form(0.9)
h: n            x            y(proton  ),hh0l n 
#  z-lower      z-upper        proton    r.err 
   9.8455E+01   9.8486E+01   0.0000E+00  0.0000
   9.8486E+01   9.8517E+01   0.0000E+00  0.0000
   9.8517E+01   9.8549E+01   0.0000E+00  0.0000
   9.8549E+01   9.8580E+01   0.0000E+00  0.0000

#   sum over    1.2500E-03   0.0000E+00  0.0000

'no. =496,  ix = 16,  iy =  1'
msuc: {\huge Histograma dosis-volumen del pouch}
msdr: {\it plotted by \ANGEL \version}
msdl: {\it calculated by \PHITS  3.36}
wt: s(0.7)
\vspace{-3}
  xmin  &=&   7.0000E-01 [cm]
  xmax  &=&   8.0000E-01 [cm]
  ymin  &=&  -1.6500E+00 [cm]
  ymax  &=&  -1.5500E+00 [cm]
e:

#------------------------------------------------------------------------------
 newpage:
#   no. =497   ix  = 16   iy  =  2
#   x = (   7.0000E-01  -   8.0000E-01  )
#   y = (  -1.5500E+00  -  -1.4500E+00  )

x: z[cm]
y: Dose [Gy/source]      
p: xlin ylog afac(0.8) form(0.9)
h: n            x            y(proton  ),hh0l n 
#  z-lower      z-upper        proton    r.err 
   9.8455E+01   9.8486E+01   1.7640E-04  1.0000
   9.8486E+01   9.8517E+01   5.4572E-05  0.7075
   9.8517E+01   9.8549E+01   1.1367E-04  0.6072
   9.8549E+01   9.8580E+01   8.1917E-05  0.5974

#   sum over    1.2500E-03   1.0664E-04  0.5076

'no. =497,  ix = 16,  iy =  2'
msuc: {\huge Histograma dosis-volumen del pouch}
msdr: {\it plotted by \ANGEL \version}
msdl: {\it calculated by \PHITS  3.36}
wt: s(0.7)
\vspace{-3}
  xmin  &=&   7.0000E-01 [cm]
  xmax  &=&   8.0000E-01 [cm]
  ymin  &=&  -1.5500E+00 [cm]
  ymax  &=&  -1.4500E+00 [cm]
e:

#------------------------------------------------------------------------------
 newpage:
#   no. =498   ix  = 16   iy  =  3
#   x = (   7.0000E-01  -   8.0000E-01  )
#   y = (  -1.4500E+00  -  -1.3500E+00  )

x: z[cm]
y: Dose [Gy/source]      
p: xlin ylog afac(0.8) form(0.9)
h: n            x            y(proton  ),hh0l n 
#  z-lower      z-upper        proton    r.err 
   9.8455E+01   9.8486E+01   1.0890E-04  0.5387
   9.8486E+01   9.8517E+01   3.7243E-04  0.4285
   9.8517E+01   9.8549E+01   2.6152E-04  0.4023
   9.8549E+01   9.8580E+01   3.0560E-04  0.4129

#   sum over    1.2500E-03   2.6211E-04  0.3234

'no. =498,  ix = 16,  iy =  3'
msuc: {\huge Histograma dosis-volumen del pouch}
msdr: {\it plotted by \ANGEL \version}
msdl: {\it calculated by \PHITS  3.36}
wt: s(0.7)
\vspace{-3}
  xmin  &=&   7.0000E-01 [cm]
  xmax  &=&   8.0000E-01 [cm]
  ymin  &=&  -1.4500E+00 [cm]
  ymax  &=&  -1.3500E+00 [cm]
e:

#------------------------------------------------------------------------------
 newpage:
#   no. =499   ix  = 16   iy  =  4
#   x = (   7.0000E-01  -   8.0000E-01  )
#   y = (  -1.3500E+00  -  -1.2500E+00  )

x: z[cm]
y: Dose [Gy/source]      
p: xlin ylog afac(0.8) form(0.9)
h: n            x            y(proton  ),hh0l n 
#  z-lower      z-upper        proton    r.err 
   9.8455E+01   9.8486E+01   2.7196E-01  0.0123
   9.8486E+01   9.8517E+01   2.7393E-01  0.0128
   9.8517E+01   9.8549E+01   2.6663E-01  0.0137
   9.8549E+01   9.8580E+01   2.6045E-01  0.0155

#   sum over    1.2500E-03   2.6824E-01  0.0118

'no. =499,  ix = 16,  iy =  4'
msuc: {\huge Histograma dosis-volumen del pouch}
msdr: {\it plotted by \ANGEL \version}
msdl: {\it calculated by \PHITS  3.36}
wt: s(0.7)
\vspace{-3}
  xmin  &=&   7.0000E-01 [cm]
  xmax  &=&   8.0000E-01 [cm]
  ymin  &=&  -1.3500E+00 [cm]
  ymax  &=&  -1.2500E+00 [cm]
e:

#------------------------------------------------------------------------------
 newpage:
#   no. =500   ix  = 16   iy  =  5
#   x = (   7.0000E-01  -   8.0000E-01  )
#   y = (  -1.2500E+00  -  -1.1500E+00  )

x: z[cm]
y: Dose [Gy/source]      
p: xlin ylog afac(0.8) form(0.9)
h: n            x            y(proton  ),hh0l n 
#  z-lower      z-upper        proton    r.err 
   9.8455E+01   9.8486E+01   3.7516E-01  0.0102
   9.8486E+01   9.8517E+01   3.7507E-01  0.0108
   9.8517E+01   9.8549E+01   3.6316E-01  0.0116
   9.8549E+01   9.8580E+01   3.5603E-01  0.0132

#   sum over    1.2500E-03   3.6735E-01  0.0099

'no. =500,  ix = 16,  iy =  5'
msuc: {\huge Histograma dosis-volumen del pouch}
msdr: {\it plotted by \ANGEL \version}
msdl: {\it calculated by \PHITS  3.36}
wt: s(0.7)
\vspace{-3}
  xmin  &=&   7.0000E-01 [cm]
  xmax  &=&   8.0000E-01 [cm]
  ymin  &=&  -1.2500E+00 [cm]
  ymax  &=&  -1.1500E+00 [cm]
e:

#------------------------------------------------------------------------------
 newpage:
#   no. =501   ix  = 16   iy  =  6
#   x = (   7.0000E-01  -   8.0000E-01  )
#   y = (  -1.1500E+00  -  -1.0500E+00  )

x: z[cm]
y: Dose [Gy/source]      
p: xlin ylog afac(0.8) form(0.9)
h: n            x            y(proton  ),hh0l n 
#  z-lower      z-upper        proton    r.err 
   9.8455E+01   9.8486E+01   3.6674E-01  0.0103
   9.8486E+01   9.8517E+01   3.7090E-01  0.0109
   9.8517E+01   9.8549E+01   3.5858E-01  0.0117
   9.8549E+01   9.8580E+01   3.5830E-01  0.0131

#   sum over    1.2500E-03   3.6363E-01  0.0100

'no. =501,  ix = 16,  iy =  6'
msuc: {\huge Histograma dosis-volumen del pouch}
msdr: {\it plotted by \ANGEL \version}
msdl: {\it calculated by \PHITS  3.36}
wt: s(0.7)
\vspace{-3}
  xmin  &=&   7.0000E-01 [cm]
  xmax  &=&   8.0000E-01 [cm]
  ymin  &=&  -1.1500E+00 [cm]
  ymax  &=&  -1.0500E+00 [cm]
e:

#------------------------------------------------------------------------------
 newpage:
#   no. =502   ix  = 16   iy  =  7
#   x = (   7.0000E-01  -   8.0000E-01  )
#   y = (  -1.0500E+00  -  -9.5000E-01  )

x: z[cm]
y: Dose [Gy/source]      
p: xlin ylog afac(0.8) form(0.9)
h: n            x            y(proton  ),hh0l n 
#  z-lower      z-upper        proton    r.err 
   9.8455E+01   9.8486E+01   3.6333E-01  0.0103
   9.8486E+01   9.8517E+01   3.7150E-01  0.0109
   9.8517E+01   9.8549E+01   3.5737E-01  0.0117
   9.8549E+01   9.8580E+01   3.5031E-01  0.0133

#   sum over    1.2500E-03   3.6063E-01  0.0101

'no. =502,  ix = 16,  iy =  7'
msuc: {\huge Histograma dosis-volumen del pouch}
msdr: {\it plotted by \ANGEL \version}
msdl: {\it calculated by \PHITS  3.36}
wt: s(0.7)
\vspace{-3}
  xmin  &=&   7.0000E-01 [cm]
  xmax  &=&   8.0000E-01 [cm]
  ymin  &=&  -1.0500E+00 [cm]
  ymax  &=&  -9.5000E-01 [cm]
e:

#------------------------------------------------------------------------------
 newpage:
#   no. =503   ix  = 16   iy  =  8
#   x = (   7.0000E-01  -   8.0000E-01  )
#   y = (  -9.5000E-01  -  -8.5000E-01  )

x: z[cm]
y: Dose [Gy/source]      
p: xlin ylog afac(0.8) form(0.9)
h: n            x            y(proton  ),hh0l n 
#  z-lower      z-upper        proton    r.err 
   9.8455E+01   9.8486E+01   3.6586E-01  0.0104
   9.8486E+01   9.8517E+01   3.6602E-01  0.0109
   9.8517E+01   9.8549E+01   3.5356E-01  0.0117
   9.8549E+01   9.8580E+01   3.4990E-01  0.0133

#   sum over    1.2500E-03   3.5883E-01  0.0101

'no. =503,  ix = 16,  iy =  8'
msuc: {\huge Histograma dosis-volumen del pouch}
msdr: {\it plotted by \ANGEL \version}
msdl: {\it calculated by \PHITS  3.36}
wt: s(0.7)
\vspace{-3}
  xmin  &=&   7.0000E-01 [cm]
  xmax  &=&   8.0000E-01 [cm]
  ymin  &=&  -9.5000E-01 [cm]
  ymax  &=&  -8.5000E-01 [cm]
e:

#------------------------------------------------------------------------------
 newpage:
#   no. =504   ix  = 16   iy  =  9
#   x = (   7.0000E-01  -   8.0000E-01  )
#   y = (  -8.5000E-01  -  -7.5000E-01  )

x: z[cm]
y: Dose [Gy/source]      
p: xlin ylog afac(0.8) form(0.9)
h: n            x            y(proton  ),hh0l n 
#  z-lower      z-upper        proton    r.err 
   9.8455E+01   9.8486E+01   3.7661E-01  0.0102
   9.8486E+01   9.8517E+01   3.7734E-01  0.0108
   9.8517E+01   9.8549E+01   3.6382E-01  0.0117
   9.8549E+01   9.8580E+01   3.4883E-01  0.0133

#   sum over    1.2500E-03   3.6665E-01  0.0099

'no. =504,  ix = 16,  iy =  9'
msuc: {\huge Histograma dosis-volumen del pouch}
msdr: {\it plotted by \ANGEL \version}
msdl: {\it calculated by \PHITS  3.36}
wt: s(0.7)
\vspace{-3}
  xmin  &=&   7.0000E-01 [cm]
  xmax  &=&   8.0000E-01 [cm]
  ymin  &=&  -8.5000E-01 [cm]
  ymax  &=&  -7.5000E-01 [cm]
e:

#------------------------------------------------------------------------------
 newpage:
#   no. =505   ix  = 16   iy  = 10
#   x = (   7.0000E-01  -   8.0000E-01  )
#   y = (  -7.5000E-01  -  -6.5000E-01  )

x: z[cm]
y: Dose [Gy/source]      
p: xlin ylog afac(0.8) form(0.9)
h: n            x            y(proton  ),hh0l n 
#  z-lower      z-upper        proton    r.err 
   9.8455E+01   9.8486E+01   3.6824E-01  0.0103
   9.8486E+01   9.8517E+01   3.6938E-01  0.0109
   9.8517E+01   9.8549E+01   3.5482E-01  0.0118
   9.8549E+01   9.8580E+01   3.4730E-01  0.0133

#   sum over    1.2500E-03   3.5994E-01  0.0100

'no. =505,  ix = 16,  iy = 10'
msuc: {\huge Histograma dosis-volumen del pouch}
msdr: {\it plotted by \ANGEL \version}
msdl: {\it calculated by \PHITS  3.36}
wt: s(0.7)
\vspace{-3}
  xmin  &=&   7.0000E-01 [cm]
  xmax  &=&   8.0000E-01 [cm]
  ymin  &=&  -7.5000E-01 [cm]
  ymax  &=&  -6.5000E-01 [cm]
e:

#------------------------------------------------------------------------------
 newpage:
#   no. =506   ix  = 16   iy  = 11
#   x = (   7.0000E-01  -   8.0000E-01  )
#   y = (  -6.5000E-01  -  -5.5000E-01  )

x: z[cm]
y: Dose [Gy/source]      
p: xlin ylog afac(0.8) form(0.9)
h: n            x            y(proton  ),hh0l n 
#  z-lower      z-upper        proton    r.err 
   9.8455E+01   9.8486E+01   3.6390E-01  0.0104
   9.8486E+01   9.8517E+01   3.6693E-01  0.0110
   9.8517E+01   9.8549E+01   3.5522E-01  0.0118
   9.8549E+01   9.8580E+01   3.4527E-01  0.0133

#   sum over    1.2500E-03   3.5783E-01  0.0101

'no. =506,  ix = 16,  iy = 11'
msuc: {\huge Histograma dosis-volumen del pouch}
msdr: {\it plotted by \ANGEL \version}
msdl: {\it calculated by \PHITS  3.36}
wt: s(0.7)
\vspace{-3}
  xmin  &=&   7.0000E-01 [cm]
  xmax  &=&   8.0000E-01 [cm]
  ymin  &=&  -6.5000E-01 [cm]
  ymax  &=&  -5.5000E-01 [cm]
e:

#------------------------------------------------------------------------------
 newpage:
#   no. =507   ix  = 16   iy  = 12
#   x = (   7.0000E-01  -   8.0000E-01  )
#   y = (  -5.5000E-01  -  -4.5000E-01  )

x: z[cm]
y: Dose [Gy/source]      
p: xlin ylog afac(0.8) form(0.9)
h: n            x            y(proton  ),hh0l n 
#  z-lower      z-upper        proton    r.err 
   9.8455E+01   9.8486E+01   3.6909E-01  0.0103
   9.8486E+01   9.8517E+01   3.7226E-01  0.0109
   9.8517E+01   9.8549E+01   3.5787E-01  0.0117
   9.8549E+01   9.8580E+01   3.4555E-01  0.0133

#   sum over    1.2500E-03   3.6119E-01  0.0100

'no. =507,  ix = 16,  iy = 12'
msuc: {\huge Histograma dosis-volumen del pouch}
msdr: {\it plotted by \ANGEL \version}
msdl: {\it calculated by \PHITS  3.36}
wt: s(0.7)
\vspace{-3}
  xmin  &=&   7.0000E-01 [cm]
  xmax  &=&   8.0000E-01 [cm]
  ymin  &=&  -5.5000E-01 [cm]
  ymax  &=&  -4.5000E-01 [cm]
e:

#------------------------------------------------------------------------------
 newpage:
#   no. =508   ix  = 16   iy  = 13
#   x = (   7.0000E-01  -   8.0000E-01  )
#   y = (  -4.5000E-01  -  -3.5000E-01  )

x: z[cm]
y: Dose [Gy/source]      
p: xlin ylog afac(0.8) form(0.9)
h: n            x            y(proton  ),hh0l n 
#  z-lower      z-upper        proton    r.err 
   9.8455E+01   9.8486E+01   3.6152E-01  0.0104
   9.8486E+01   9.8517E+01   3.6532E-01  0.0110
   9.8517E+01   9.8549E+01   3.5563E-01  0.0117
   9.8549E+01   9.8580E+01   3.4648E-01  0.0133

#   sum over    1.2500E-03   3.5724E-01  0.0101

'no. =508,  ix = 16,  iy = 13'
msuc: {\huge Histograma dosis-volumen del pouch}
msdr: {\it plotted by \ANGEL \version}
msdl: {\it calculated by \PHITS  3.36}
wt: s(0.7)
\vspace{-3}
  xmin  &=&   7.0000E-01 [cm]
  xmax  &=&   8.0000E-01 [cm]
  ymin  &=&  -4.5000E-01 [cm]
  ymax  &=&  -3.5000E-01 [cm]
e:

#------------------------------------------------------------------------------
 newpage:
#   no. =509   ix  = 16   iy  = 14
#   x = (   7.0000E-01  -   8.0000E-01  )
#   y = (  -3.5000E-01  -  -2.5000E-01  )

x: z[cm]
y: Dose [Gy/source]      
p: xlin ylog afac(0.8) form(0.9)
h: n            x            y(proton  ),hh0l n 
#  z-lower      z-upper        proton    r.err 
   9.8455E+01   9.8486E+01   3.5684E-01  0.0104
   9.8486E+01   9.8517E+01   3.6292E-01  0.0111
   9.8517E+01   9.8549E+01   3.4428E-01  0.0119
   9.8549E+01   9.8580E+01   3.3678E-01  0.0134

#   sum over    1.2500E-03   3.5020E-01  0.0101

'no. =509,  ix = 16,  iy = 14'
msuc: {\huge Histograma dosis-volumen del pouch}
msdr: {\it plotted by \ANGEL \version}
msdl: {\it calculated by \PHITS  3.36}
wt: s(0.7)
\vspace{-3}
  xmin  &=&   7.0000E-01 [cm]
  xmax  &=&   8.0000E-01 [cm]
  ymin  &=&  -3.5000E-01 [cm]
  ymax  &=&  -2.5000E-01 [cm]
e:

#------------------------------------------------------------------------------
 newpage:
#   no. =510   ix  = 16   iy  = 15
#   x = (   7.0000E-01  -   8.0000E-01  )
#   y = (  -2.5000E-01  -  -1.5000E-01  )

x: z[cm]
y: Dose [Gy/source]      
p: xlin ylog afac(0.8) form(0.9)
h: n            x            y(proton  ),hh0l n 
#  z-lower      z-upper        proton    r.err 
   9.8455E+01   9.8486E+01   3.6564E-01  0.0103
   9.8486E+01   9.8517E+01   3.6706E-01  0.0109
   9.8517E+01   9.8549E+01   3.5714E-01  0.0117
   9.8549E+01   9.8580E+01   3.4761E-01  0.0132

#   sum over    1.2500E-03   3.5936E-01  0.0100

'no. =510,  ix = 16,  iy = 15'
msuc: {\huge Histograma dosis-volumen del pouch}
msdr: {\it plotted by \ANGEL \version}
msdl: {\it calculated by \PHITS  3.36}
wt: s(0.7)
\vspace{-3}
  xmin  &=&   7.0000E-01 [cm]
  xmax  &=&   8.0000E-01 [cm]
  ymin  &=&  -2.5000E-01 [cm]
  ymax  &=&  -1.5000E-01 [cm]
e:

#------------------------------------------------------------------------------
 newpage:
#   no. =511   ix  = 16   iy  = 16
#   x = (   7.0000E-01  -   8.0000E-01  )
#   y = (  -1.5000E-01  -  -5.0000E-02  )

x: z[cm]
y: Dose [Gy/source]      
p: xlin ylog afac(0.8) form(0.9)
h: n            x            y(proton  ),hh0l n 
#  z-lower      z-upper        proton    r.err 
   9.8455E+01   9.8486E+01   3.6121E-01  0.0104
   9.8486E+01   9.8517E+01   3.6327E-01  0.0110
   9.8517E+01   9.8549E+01   3.4382E-01  0.0119
   9.8549E+01   9.8580E+01   3.3543E-01  0.0134

#   sum over    1.2500E-03   3.5094E-01  0.0101

'no. =511,  ix = 16,  iy = 16'
msuc: {\huge Histograma dosis-volumen del pouch}
msdr: {\it plotted by \ANGEL \version}
msdl: {\it calculated by \PHITS  3.36}
wt: s(0.7)
\vspace{-3}
  xmin  &=&   7.0000E-01 [cm]
  xmax  &=&   8.0000E-01 [cm]
  ymin  &=&  -1.5000E-01 [cm]
  ymax  &=&  -5.0000E-02 [cm]
e:

#------------------------------------------------------------------------------
 newpage:
#   no. =512   ix  = 16   iy  = 17
#   x = (   7.0000E-01  -   8.0000E-01  )
#   y = (  -5.0000E-02  -   5.0000E-02  )

x: z[cm]
y: Dose [Gy/source]      
p: xlin ylog afac(0.8) form(0.9)
h: n            x            y(proton  ),hh0l n 
#  z-lower      z-upper        proton    r.err 
   9.8455E+01   9.8486E+01   3.5698E-01  0.0105
   9.8486E+01   9.8517E+01   3.5772E-01  0.0111
   9.8517E+01   9.8549E+01   3.4758E-01  0.0119
   9.8549E+01   9.8580E+01   3.3579E-01  0.0135

#   sum over    1.2500E-03   3.4952E-01  0.0102

'no. =512,  ix = 16,  iy = 17'
msuc: {\huge Histograma dosis-volumen del pouch}
msdr: {\it plotted by \ANGEL \version}
msdl: {\it calculated by \PHITS  3.36}
wt: s(0.7)
\vspace{-3}
  xmin  &=&   7.0000E-01 [cm]
  xmax  &=&   8.0000E-01 [cm]
  ymin  &=&  -5.0000E-02 [cm]
  ymax  &=&   5.0000E-02 [cm]
e:

#------------------------------------------------------------------------------
 newpage:
#   no. =513   ix  = 16   iy  = 18
#   x = (   7.0000E-01  -   8.0000E-01  )
#   y = (   5.0000E-02  -   1.5000E-01  )

x: z[cm]
y: Dose [Gy/source]      
p: xlin ylog afac(0.8) form(0.9)
h: n            x            y(proton  ),hh0l n 
#  z-lower      z-upper        proton    r.err 
   9.8455E+01   9.8486E+01   3.5910E-01  0.0104
   9.8486E+01   9.8517E+01   3.5964E-01  0.0111
   9.8517E+01   9.8549E+01   3.3977E-01  0.0120
   9.8549E+01   9.8580E+01   3.3405E-01  0.0135

#   sum over    1.2500E-03   3.4814E-01  0.0101

'no. =513,  ix = 16,  iy = 18'
msuc: {\huge Histograma dosis-volumen del pouch}
msdr: {\it plotted by \ANGEL \version}
msdl: {\it calculated by \PHITS  3.36}
wt: s(0.7)
\vspace{-3}
  xmin  &=&   7.0000E-01 [cm]
  xmax  &=&   8.0000E-01 [cm]
  ymin  &=&   5.0000E-02 [cm]
  ymax  &=&   1.5000E-01 [cm]
e:

#------------------------------------------------------------------------------
 newpage:
#   no. =514   ix  = 16   iy  = 19
#   x = (   7.0000E-01  -   8.0000E-01  )
#   y = (   1.5000E-01  -   2.5000E-01  )

x: z[cm]
y: Dose [Gy/source]      
p: xlin ylog afac(0.8) form(0.9)
h: n            x            y(proton  ),hh0l n 
#  z-lower      z-upper        proton    r.err 
   9.8455E+01   9.8486E+01   3.6234E-01  0.0104
   9.8486E+01   9.8517E+01   3.6625E-01  0.0110
   9.8517E+01   9.8549E+01   3.5328E-01  0.0118
   9.8549E+01   9.8580E+01   3.4162E-01  0.0133

#   sum over    1.2500E-03   3.5587E-01  0.0101

'no. =514,  ix = 16,  iy = 19'
msuc: {\huge Histograma dosis-volumen del pouch}
msdr: {\it plotted by \ANGEL \version}
msdl: {\it calculated by \PHITS  3.36}
wt: s(0.7)
\vspace{-3}
  xmin  &=&   7.0000E-01 [cm]
  xmax  &=&   8.0000E-01 [cm]
  ymin  &=&   1.5000E-01 [cm]
  ymax  &=&   2.5000E-01 [cm]
e:

#------------------------------------------------------------------------------
 newpage:
#   no. =515   ix  = 16   iy  = 20
#   x = (   7.0000E-01  -   8.0000E-01  )
#   y = (   2.5000E-01  -   3.5000E-01  )

x: z[cm]
y: Dose [Gy/source]      
p: xlin ylog afac(0.8) form(0.9)
h: n            x            y(proton  ),hh0l n 
#  z-lower      z-upper        proton    r.err 
   9.8455E+01   9.8486E+01   3.5619E-01  0.0105
   9.8486E+01   9.8517E+01   3.5856E-01  0.0111
   9.8517E+01   9.8549E+01   3.4258E-01  0.0120
   9.8549E+01   9.8580E+01   3.3297E-01  0.0135

#   sum over    1.2500E-03   3.4758E-01  0.0102

'no. =515,  ix = 16,  iy = 20'
msuc: {\huge Histograma dosis-volumen del pouch}
msdr: {\it plotted by \ANGEL \version}
msdl: {\it calculated by \PHITS  3.36}
wt: s(0.7)
\vspace{-3}
  xmin  &=&   7.0000E-01 [cm]
  xmax  &=&   8.0000E-01 [cm]
  ymin  &=&   2.5000E-01 [cm]
  ymax  &=&   3.5000E-01 [cm]
e:

#------------------------------------------------------------------------------
 newpage:
#   no. =516   ix  = 16   iy  = 21
#   x = (   7.0000E-01  -   8.0000E-01  )
#   y = (   3.5000E-01  -   4.5000E-01  )

x: z[cm]
y: Dose [Gy/source]      
p: xlin ylog afac(0.8) form(0.9)
h: n            x            y(proton  ),hh0l n 
#  z-lower      z-upper        proton    r.err 
   9.8455E+01   9.8486E+01   3.6083E-01  0.0104
   9.8486E+01   9.8517E+01   3.6776E-01  0.0110
   9.8517E+01   9.8549E+01   3.5390E-01  0.0117
   9.8549E+01   9.8580E+01   3.4528E-01  0.0133

#   sum over    1.2500E-03   3.5694E-01  0.0100

'no. =516,  ix = 16,  iy = 21'
msuc: {\huge Histograma dosis-volumen del pouch}
msdr: {\it plotted by \ANGEL \version}
msdl: {\it calculated by \PHITS  3.36}
wt: s(0.7)
\vspace{-3}
  xmin  &=&   7.0000E-01 [cm]
  xmax  &=&   8.0000E-01 [cm]
  ymin  &=&   3.5000E-01 [cm]
  ymax  &=&   4.5000E-01 [cm]
e:

#------------------------------------------------------------------------------
 newpage:
#   no. =517   ix  = 16   iy  = 22
#   x = (   7.0000E-01  -   8.0000E-01  )
#   y = (   4.5000E-01  -   5.5000E-01  )

x: z[cm]
y: Dose [Gy/source]      
p: xlin ylog afac(0.8) form(0.9)
h: n            x            y(proton  ),hh0l n 
#  z-lower      z-upper        proton    r.err 
   9.8455E+01   9.8486E+01   3.5882E-01  0.0104
   9.8486E+01   9.8517E+01   3.6269E-01  0.0110
   9.8517E+01   9.8549E+01   3.4630E-01  0.0119
   9.8549E+01   9.8580E+01   3.3653E-01  0.0135

#   sum over    1.2500E-03   3.5109E-01  0.0101

'no. =517,  ix = 16,  iy = 22'
msuc: {\huge Histograma dosis-volumen del pouch}
msdr: {\it plotted by \ANGEL \version}
msdl: {\it calculated by \PHITS  3.36}
wt: s(0.7)
\vspace{-3}
  xmin  &=&   7.0000E-01 [cm]
  xmax  &=&   8.0000E-01 [cm]
  ymin  &=&   4.5000E-01 [cm]
  ymax  &=&   5.5000E-01 [cm]
e:

#------------------------------------------------------------------------------
 newpage:
#   no. =518   ix  = 16   iy  = 23
#   x = (   7.0000E-01  -   8.0000E-01  )
#   y = (   5.5000E-01  -   6.5000E-01  )

x: z[cm]
y: Dose [Gy/source]      
p: xlin ylog afac(0.8) form(0.9)
h: n            x            y(proton  ),hh0l n 
#  z-lower      z-upper        proton    r.err 
   9.8455E+01   9.8486E+01   3.6353E-01  0.0104
   9.8486E+01   9.8517E+01   3.6622E-01  0.0110
   9.8517E+01   9.8549E+01   3.5075E-01  0.0118
   9.8549E+01   9.8580E+01   3.4070E-01  0.0134

#   sum over    1.2500E-03   3.5530E-01  0.0101

'no. =518,  ix = 16,  iy = 23'
msuc: {\huge Histograma dosis-volumen del pouch}
msdr: {\it plotted by \ANGEL \version}
msdl: {\it calculated by \PHITS  3.36}
wt: s(0.7)
\vspace{-3}
  xmin  &=&   7.0000E-01 [cm]
  xmax  &=&   8.0000E-01 [cm]
  ymin  &=&   5.5000E-01 [cm]
  ymax  &=&   6.5000E-01 [cm]
e:

#------------------------------------------------------------------------------
 newpage:
#   no. =519   ix  = 16   iy  = 24
#   x = (   7.0000E-01  -   8.0000E-01  )
#   y = (   6.5000E-01  -   7.5000E-01  )

x: z[cm]
y: Dose [Gy/source]      
p: xlin ylog afac(0.8) form(0.9)
h: n            x            y(proton  ),hh0l n 
#  z-lower      z-upper        proton    r.err 
   9.8455E+01   9.8486E+01   3.6466E-01  0.0104
   9.8486E+01   9.8517E+01   3.6802E-01  0.0110
   9.8517E+01   9.8549E+01   3.4817E-01  0.0119
   9.8549E+01   9.8580E+01   3.3772E-01  0.0135

#   sum over    1.2500E-03   3.5464E-01  0.0101

'no. =519,  ix = 16,  iy = 24'
msuc: {\huge Histograma dosis-volumen del pouch}
msdr: {\it plotted by \ANGEL \version}
msdl: {\it calculated by \PHITS  3.36}
wt: s(0.7)
\vspace{-3}
  xmin  &=&   7.0000E-01 [cm]
  xmax  &=&   8.0000E-01 [cm]
  ymin  &=&   6.5000E-01 [cm]
  ymax  &=&   7.5000E-01 [cm]
e:

#------------------------------------------------------------------------------
 newpage:
#   no. =520   ix  = 16   iy  = 25
#   x = (   7.0000E-01  -   8.0000E-01  )
#   y = (   7.5000E-01  -   8.5000E-01  )

x: z[cm]
y: Dose [Gy/source]      
p: xlin ylog afac(0.8) form(0.9)
h: n            x            y(proton  ),hh0l n 
#  z-lower      z-upper        proton    r.err 
   9.8455E+01   9.8486E+01   3.7228E-01  0.0103
   9.8486E+01   9.8517E+01   3.7657E-01  0.0109
   9.8517E+01   9.8549E+01   3.6173E-01  0.0117
   9.8549E+01   9.8580E+01   3.5182E-01  0.0133

#   sum over    1.2500E-03   3.6560E-01  0.0100

'no. =520,  ix = 16,  iy = 25'
msuc: {\huge Histograma dosis-volumen del pouch}
msdr: {\it plotted by \ANGEL \version}
msdl: {\it calculated by \PHITS  3.36}
wt: s(0.7)
\vspace{-3}
  xmin  &=&   7.0000E-01 [cm]
  xmax  &=&   8.0000E-01 [cm]
  ymin  &=&   7.5000E-01 [cm]
  ymax  &=&   8.5000E-01 [cm]
e:

#------------------------------------------------------------------------------
 newpage:
#   no. =521   ix  = 16   iy  = 26
#   x = (   7.0000E-01  -   8.0000E-01  )
#   y = (   8.5000E-01  -   9.5000E-01  )

x: z[cm]
y: Dose [Gy/source]      
p: xlin ylog afac(0.8) form(0.9)
h: n            x            y(proton  ),hh0l n 
#  z-lower      z-upper        proton    r.err 
   9.8455E+01   9.8486E+01   3.5834E-01  0.0104
   9.8486E+01   9.8517E+01   3.6221E-01  0.0110
   9.8517E+01   9.8549E+01   3.5023E-01  0.0118
   9.8549E+01   9.8580E+01   3.4588E-01  0.0133

#   sum over    1.2500E-03   3.5417E-01  0.0102

'no. =521,  ix = 16,  iy = 26'
msuc: {\huge Histograma dosis-volumen del pouch}
msdr: {\it plotted by \ANGEL \version}
msdl: {\it calculated by \PHITS  3.36}
wt: s(0.7)
\vspace{-3}
  xmin  &=&   7.0000E-01 [cm]
  xmax  &=&   8.0000E-01 [cm]
  ymin  &=&   8.5000E-01 [cm]
  ymax  &=&   9.5000E-01 [cm]
e:

#------------------------------------------------------------------------------
 newpage:
#   no. =522   ix  = 16   iy  = 27
#   x = (   7.0000E-01  -   8.0000E-01  )
#   y = (   9.5000E-01  -   1.0500E+00  )

x: z[cm]
y: Dose [Gy/source]      
p: xlin ylog afac(0.8) form(0.9)
h: n            x            y(proton  ),hh0l n 
#  z-lower      z-upper        proton    r.err 
   9.8455E+01   9.8486E+01   3.7031E-01  0.0103
   9.8486E+01   9.8517E+01   3.7473E-01  0.0109
   9.8517E+01   9.8549E+01   3.5882E-01  0.0117
   9.8549E+01   9.8580E+01   3.5620E-01  0.0132

#   sum over    1.2500E-03   3.6501E-01  0.0100

'no. =522,  ix = 16,  iy = 27'
msuc: {\huge Histograma dosis-volumen del pouch}
msdr: {\it plotted by \ANGEL \version}
msdl: {\it calculated by \PHITS  3.36}
wt: s(0.7)
\vspace{-3}
  xmin  &=&   7.0000E-01 [cm]
  xmax  &=&   8.0000E-01 [cm]
  ymin  &=&   9.5000E-01 [cm]
  ymax  &=&   1.0500E+00 [cm]
e:

#------------------------------------------------------------------------------
 newpage:
#   no. =523   ix  = 16   iy  = 28
#   x = (   7.0000E-01  -   8.0000E-01  )
#   y = (   1.0500E+00  -   1.1500E+00  )

x: z[cm]
y: Dose [Gy/source]      
p: xlin ylog afac(0.8) form(0.9)
h: n            x            y(proton  ),hh0l n 
#  z-lower      z-upper        proton    r.err 
   9.8455E+01   9.8486E+01   3.6988E-01  0.0103
   9.8486E+01   9.8517E+01   3.7638E-01  0.0109
   9.8517E+01   9.8549E+01   3.5917E-01  0.0117
   9.8549E+01   9.8580E+01   3.4915E-01  0.0133

#   sum over    1.2500E-03   3.6365E-01  0.0100

'no. =523,  ix = 16,  iy = 28'
msuc: {\huge Histograma dosis-volumen del pouch}
msdr: {\it plotted by \ANGEL \version}
msdl: {\it calculated by \PHITS  3.36}
wt: s(0.7)
\vspace{-3}
  xmin  &=&   7.0000E-01 [cm]
  xmax  &=&   8.0000E-01 [cm]
  ymin  &=&   1.0500E+00 [cm]
  ymax  &=&   1.1500E+00 [cm]
e:

#------------------------------------------------------------------------------
 newpage:
#   no. =524   ix  = 16   iy  = 29
#   x = (   7.0000E-01  -   8.0000E-01  )
#   y = (   1.1500E+00  -   1.2500E+00  )

x: z[cm]
y: Dose [Gy/source]      
p: xlin ylog afac(0.8) form(0.9)
h: n            x            y(proton  ),hh0l n 
#  z-lower      z-upper        proton    r.err 
   9.8455E+01   9.8486E+01   3.7474E-01  0.0102
   9.8486E+01   9.8517E+01   3.7829E-01  0.0108
   9.8517E+01   9.8549E+01   3.6300E-01  0.0116
   9.8549E+01   9.8580E+01   3.5491E-01  0.0132

#   sum over    1.2500E-03   3.6774E-01  0.0099

'no. =524,  ix = 16,  iy = 29'
msuc: {\huge Histograma dosis-volumen del pouch}
msdr: {\it plotted by \ANGEL \version}
msdl: {\it calculated by \PHITS  3.36}
wt: s(0.7)
\vspace{-3}
  xmin  &=&   7.0000E-01 [cm]
  xmax  &=&   8.0000E-01 [cm]
  ymin  &=&   1.1500E+00 [cm]
  ymax  &=&   1.2500E+00 [cm]
e:

#------------------------------------------------------------------------------
 newpage:
#   no. =525   ix  = 16   iy  = 30
#   x = (   7.0000E-01  -   8.0000E-01  )
#   y = (   1.2500E+00  -   1.3500E+00  )

x: z[cm]
y: Dose [Gy/source]      
p: xlin ylog afac(0.8) form(0.9)
h: n            x            y(proton  ),hh0l n 
#  z-lower      z-upper        proton    r.err 
   9.8455E+01   9.8486E+01   3.7062E-01  0.0103
   9.8486E+01   9.8517E+01   3.7320E-01  0.0109
   9.8517E+01   9.8549E+01   3.5581E-01  0.0117
   9.8549E+01   9.8580E+01   3.5701E-01  0.0132

#   sum over    1.2500E-03   3.6416E-01  0.0100

'no. =525,  ix = 16,  iy = 30'
msuc: {\huge Histograma dosis-volumen del pouch}
msdr: {\it plotted by \ANGEL \version}
msdl: {\it calculated by \PHITS  3.36}
wt: s(0.7)
\vspace{-3}
  xmin  &=&   7.0000E-01 [cm]
  xmax  &=&   8.0000E-01 [cm]
  ymin  &=&   1.2500E+00 [cm]
  ymax  &=&   1.3500E+00 [cm]
e:

#------------------------------------------------------------------------------
 newpage:
#   no. =526   ix  = 16   iy  = 31
#   x = (   7.0000E-01  -   8.0000E-01  )
#   y = (   1.3500E+00  -   1.4500E+00  )

x: z[cm]
y: Dose [Gy/source]      
p: xlin ylog afac(0.8) form(0.9)
h: n            x            y(proton  ),hh0l n 
#  z-lower      z-upper        proton    r.err 
   9.8455E+01   9.8486E+01   3.7573E-01  0.0102
   9.8486E+01   9.8517E+01   3.7782E-01  0.0108
   9.8517E+01   9.8549E+01   3.6491E-01  0.0116
   9.8549E+01   9.8580E+01   3.6313E-01  0.0131

#   sum over    1.2500E-03   3.7040E-01  0.0099

'no. =526,  ix = 16,  iy = 31'
msuc: {\huge Histograma dosis-volumen del pouch}
msdr: {\it plotted by \ANGEL \version}
msdl: {\it calculated by \PHITS  3.36}
wt: s(0.7)
\vspace{-3}
  xmin  &=&   7.0000E-01 [cm]
  xmax  &=&   8.0000E-01 [cm]
  ymin  &=&   1.3500E+00 [cm]
  ymax  &=&   1.4500E+00 [cm]
e:

#------------------------------------------------------------------------------
 newpage:
#   no. =527   ix  = 16   iy  = 32
#   x = (   7.0000E-01  -   8.0000E-01  )
#   y = (   1.4500E+00  -   1.5500E+00  )

x: z[cm]
y: Dose [Gy/source]      
p: xlin ylog afac(0.8) form(0.9)
h: n            x            y(proton  ),hh0l n 
#  z-lower      z-upper        proton    r.err 
   9.8455E+01   9.8486E+01   3.7439E-01  0.0102
   9.8486E+01   9.8517E+01   3.7998E-01  0.0108
   9.8517E+01   9.8549E+01   3.6679E-01  0.0116
   9.8549E+01   9.8580E+01   3.6505E-01  0.0130

#   sum over    1.2500E-03   3.7155E-01  0.0099

'no. =527,  ix = 16,  iy = 32'
msuc: {\huge Histograma dosis-volumen del pouch}
msdr: {\it plotted by \ANGEL \version}
msdl: {\it calculated by \PHITS  3.36}
wt: s(0.7)
\vspace{-3}
  xmin  &=&   7.0000E-01 [cm]
  xmax  &=&   8.0000E-01 [cm]
  ymin  &=&   1.4500E+00 [cm]
  ymax  &=&   1.5500E+00 [cm]
e:

#------------------------------------------------------------------------------
 newpage:
#   no. =528   ix  = 16   iy  = 33
#   x = (   7.0000E-01  -   8.0000E-01  )
#   y = (   1.5500E+00  -   1.6500E+00  )

x: z[cm]
y: Dose [Gy/source]      
p: xlin ylog afac(0.8) form(0.9)
h: n            x            y(proton  ),hh0l n 
#  z-lower      z-upper        proton    r.err 
   9.8455E+01   9.8486E+01   3.7876E-01  0.0101
   9.8486E+01   9.8517E+01   3.8227E-01  0.0107
   9.8517E+01   9.8549E+01   3.6667E-01  0.0115
   9.8549E+01   9.8580E+01   3.7085E-01  0.0129

#   sum over    1.2500E-03   3.7464E-01  0.0098

'no. =528,  ix = 16,  iy = 33'
msuc: {\huge Histograma dosis-volumen del pouch}
msdr: {\it plotted by \ANGEL \version}
msdl: {\it calculated by \PHITS  3.36}
wt: s(0.7)
\vspace{-3}
  xmin  &=&   7.0000E-01 [cm]
  xmax  &=&   8.0000E-01 [cm]
  ymin  &=&   1.5500E+00 [cm]
  ymax  &=&   1.6500E+00 [cm]
e:
 
# Information for Restart Calculation
# This calculation was restarted using ./out/histograma_dosis.out
# istdev =  2 # 1:Batch variance, 2:History variance
# resc2  = 2.91114912060850654E-02 # Total source weight or Total source weight / maxcas
# resc3  = 1.81699595000000000E+08 # Total history number or Total batch number
# maxcas =       25045 # History / Batch, only used for istdev=1
# bitrseed = 0001000111100010011100101101111110001001101110110001011100101110 # bit data of rseed
