[ T-Deposit ]
    title = Histograma
     mesh =  xyz            # mesh type is xyz scoring mesh
   x-type =    2            # x-mesh is linear given by xmin, xmax and nx
     xmin = -0.8000000      # minimum value of x-mesh points
     xmax =  0.8000000      # maximum value of x-mesh points
#    xdel =  0.1000000      # mesh width of x-mesh points
       nx =     16          # number of x-mesh points
#    data = ( x(i), i = 1, nx + 1 )
#          -8.00000E-01 -7.00000E-01 -6.00000E-01 -5.00000E-01 -4.00000E-01
#          -3.00000E-01 -2.00000E-01 -1.00000E-01  0.00000E+00  1.00000E-01
#           2.00000E-01  3.00000E-01  4.00000E-01  5.00000E-01  6.00000E-01
#           7.00000E-01  8.00000E-01
   y-type =    2            # y-mesh is linear given by ymin, ymax and ny
     ymin =  -1.650000      # minimum value of y-mesh points
     ymax =   1.650000      # maximum value of y-mesh points
#    ydel =  0.1000000      # mesh width of y-mesh points
       ny =     33          # number of y-mesh points
#    data = ( y(i), i = 1, ny + 1 )
#          -1.65000E+00 -1.55000E+00 -1.45000E+00 -1.35000E+00 -1.25000E+00
#          -1.15000E+00 -1.05000E+00 -9.50000E-01 -8.50000E-01 -7.50000E-01
#          -6.50000E-01 -5.50000E-01 -4.50000E-01 -3.50000E-01 -2.50000E-01
#          -1.50000E-01 -5.00000E-02  5.00000E-02  1.50000E-01  2.50000E-01
#           3.50000E-01  4.50000E-01  5.50000E-01  6.50000E-01  7.50000E-01
#           8.50000E-01  9.50000E-01  1.05000E+00  1.15000E+00  1.25000E+00
#           1.35000E+00  1.45000E+00  1.55000E+00  1.65000E+00
   z-type =    2            # z-mesh is linear given by zmin, zmax and nz
     zmin =   98.38000      # minimum value of z-mesh points
     zmax =   98.58000      # maximum value of z-mesh points
#    zdel =  5.0000000E-02  # mesh width of z-mesh points
       nz =      4          # number of z-mesh points
#    data = ( z(i), i = 1, nz + 1 )
#           9.83800E+01  9.84300E+01  9.84800E+01  9.85300E+01  9.85800E+01
     unit =    0            # unit is [Gy/source]
   letmat =    0            # (D=0) mat ID for LET, 0:real mat, <0: electron for H2O
  dedxfnc =    0            # (D=0) user defined multiplier, 0(no), 1, 2
 material =  all            # (D=all) number of specific material
   output =  dose           # total deposit energy
  deposit =    0            # (D=0) 0-> total deposit dist, 1-> each process
     axis =     z           # axis of output
     file = ./out/histograma_dosis.out  # file name of output for the above axis
     part =  proton   
# kf/name :  2212     
   epsout =    1            # (D=0) generate eps file by ANGEL
   mother =  all            # (D=all) number of specific mother
#    used :        main (  %)        temp (  %)       total (  %)
#  memory :          59 (  0)           0 (  0)          59 (  0)

#------------------------------------------------------------------------------
#newpage:
#   no. =  1   ix  =  1   iy  =  1
#   x = (  -8.0000E-01  -  -7.0000E-01  )
#   y = (  -1.6500E+00  -  -1.5500E+00  )

x: z[cm]
y: Dose [Gy/source]      
p: xlin ylog afac(0.8) form(0.9)
h: n            x            y(proton  ),hh0l n 
#  z-lower      z-upper        proton    r.err 
   9.8380E+01   9.8430E+01   0.0000E+00  0.0000
   9.8430E+01   9.8480E+01   0.0000E+00  0.0000
   9.8480E+01   9.8530E+01   0.0000E+00  0.0000
   9.8530E+01   9.8580E+01   1.2919E-04  1.0000

#   sum over    2.0000E-03   3.2297E-05  1.0000

'no. =  1,  ix =  1,  iy =  1'
msuc: {\huge Histograma}
msdr: {\it plotted by \ANGEL \version}
msdl: {\it calculated by \PHITS  3.35}
wt: s(0.7)
\vspace{-3}
  xmin  &=&  -8.0000E-01 [cm]
  xmax  &=&  -7.0000E-01 [cm]
  ymin  &=&  -1.6500E+00 [cm]
  ymax  &=&  -1.5500E+00 [cm]
e:

#------------------------------------------------------------------------------
 newpage:
#   no. =  2   ix  =  1   iy  =  2
#   x = (  -8.0000E-01  -  -7.0000E-01  )
#   y = (  -1.5500E+00  -  -1.4500E+00  )

x: z[cm]
y: Dose [Gy/source]      
p: xlin ylog afac(0.8) form(0.9)
h: n            x            y(proton  ),hh0l n 
#  z-lower      z-upper        proton    r.err 
   9.8380E+01   9.8430E+01   0.0000E+00  0.0000
   9.8430E+01   9.8480E+01   0.0000E+00  0.0000
   9.8480E+01   9.8530E+01   0.0000E+00  0.0000
   9.8530E+01   9.8580E+01   1.3753E-04  0.7044

#   sum over    2.0000E-03   3.4383E-05  0.7044

'no. =  2,  ix =  1,  iy =  2'
msuc: {\huge Histograma}
msdr: {\it plotted by \ANGEL \version}
msdl: {\it calculated by \PHITS  3.35}
wt: s(0.7)
\vspace{-3}
  xmin  &=&  -8.0000E-01 [cm]
  xmax  &=&  -7.0000E-01 [cm]
  ymin  &=&  -1.5500E+00 [cm]
  ymax  &=&  -1.4500E+00 [cm]
e:

#------------------------------------------------------------------------------
 newpage:
#   no. =  3   ix  =  1   iy  =  3
#   x = (  -8.0000E-01  -  -7.0000E-01  )
#   y = (  -1.4500E+00  -  -1.3500E+00  )

x: z[cm]
y: Dose [Gy/source]      
p: xlin ylog afac(0.8) form(0.9)
h: n            x            y(proton  ),hh0l n 
#  z-lower      z-upper        proton    r.err 
   9.8380E+01   9.8430E+01   2.9968E-04  0.6491
   9.8430E+01   9.8480E+01   8.6356E-05  0.5790
   9.8480E+01   9.8530E+01   6.5676E-05  0.7183
   9.8530E+01   9.8580E+01   1.3140E-04  0.5422

#   sum over    2.0000E-03   1.4578E-04  0.5232

'no. =  3,  ix =  1,  iy =  3'
msuc: {\huge Histograma}
msdr: {\it plotted by \ANGEL \version}
msdl: {\it calculated by \PHITS  3.35}
wt: s(0.7)
\vspace{-3}
  xmin  &=&  -8.0000E-01 [cm]
  xmax  &=&  -7.0000E-01 [cm]
  ymin  &=&  -1.4500E+00 [cm]
  ymax  &=&  -1.3500E+00 [cm]
e:

#------------------------------------------------------------------------------
 newpage:
#   no. =  4   ix  =  1   iy  =  4
#   x = (  -8.0000E-01  -  -7.0000E-01  )
#   y = (  -1.3500E+00  -  -1.2500E+00  )

x: z[cm]
y: Dose [Gy/source]      
p: xlin ylog afac(0.8) form(0.9)
h: n            x            y(proton  ),hh0l n 
#  z-lower      z-upper        proton    r.err 
   9.8380E+01   9.8430E+01   2.6403E-01  0.0144
   9.8430E+01   9.8480E+01   2.6523E-01  0.0150
   9.8480E+01   9.8530E+01   2.6604E-01  0.0170
   9.8530E+01   9.8580E+01   4.9551E-02  0.0287

#   sum over    2.0000E-03   2.1121E-01  0.0140

'no. =  4,  ix =  1,  iy =  4'
msuc: {\huge Histograma}
msdr: {\it plotted by \ANGEL \version}
msdl: {\it calculated by \PHITS  3.35}
wt: s(0.7)
\vspace{-3}
  xmin  &=&  -8.0000E-01 [cm]
  xmax  &=&  -7.0000E-01 [cm]
  ymin  &=&  -1.3500E+00 [cm]
  ymax  &=&  -1.2500E+00 [cm]
e:

#------------------------------------------------------------------------------
 newpage:
#   no. =  5   ix  =  1   iy  =  5
#   x = (  -8.0000E-01  -  -7.0000E-01  )
#   y = (  -1.2500E+00  -  -1.1500E+00  )

x: z[cm]
y: Dose [Gy/source]      
p: xlin ylog afac(0.8) form(0.9)
h: n            x            y(proton  ),hh0l n 
#  z-lower      z-upper        proton    r.err 
   9.8380E+01   9.8430E+01   3.7408E-01  0.0117
   9.8430E+01   9.8480E+01   3.7690E-01  0.0125
   9.8480E+01   9.8530E+01   3.6196E-01  0.0144
   9.8530E+01   9.8580E+01   5.3960E-02  0.0234

#   sum over    2.0000E-03   2.9172E-01  0.0115

'no. =  5,  ix =  1,  iy =  5'
msuc: {\huge Histograma}
msdr: {\it plotted by \ANGEL \version}
msdl: {\it calculated by \PHITS  3.35}
wt: s(0.7)
\vspace{-3}
  xmin  &=&  -8.0000E-01 [cm]
  xmax  &=&  -7.0000E-01 [cm]
  ymin  &=&  -1.2500E+00 [cm]
  ymax  &=&  -1.1500E+00 [cm]
e:

#------------------------------------------------------------------------------
 newpage:
#   no. =  6   ix  =  1   iy  =  6
#   x = (  -8.0000E-01  -  -7.0000E-01  )
#   y = (  -1.1500E+00  -  -1.0500E+00  )

x: z[cm]
y: Dose [Gy/source]      
p: xlin ylog afac(0.8) form(0.9)
h: n            x            y(proton  ),hh0l n 
#  z-lower      z-upper        proton    r.err 
   9.8380E+01   9.8430E+01   3.7465E-01  0.0118
   9.8430E+01   9.8480E+01   3.6763E-01  0.0127
   9.8480E+01   9.8530E+01   3.5854E-01  0.0145
   9.8530E+01   9.8580E+01   5.2887E-02  0.0238

#   sum over    2.0000E-03   2.8843E-01  0.0116

'no. =  6,  ix =  1,  iy =  6'
msuc: {\huge Histograma}
msdr: {\it plotted by \ANGEL \version}
msdl: {\it calculated by \PHITS  3.35}
wt: s(0.7)
\vspace{-3}
  xmin  &=&  -8.0000E-01 [cm]
  xmax  &=&  -7.0000E-01 [cm]
  ymin  &=&  -1.1500E+00 [cm]
  ymax  &=&  -1.0500E+00 [cm]
e:

#------------------------------------------------------------------------------
 newpage:
#   no. =  7   ix  =  1   iy  =  7
#   x = (  -8.0000E-01  -  -7.0000E-01  )
#   y = (  -1.0500E+00  -  -9.5000E-01  )

x: z[cm]
y: Dose [Gy/source]      
p: xlin ylog afac(0.8) form(0.9)
h: n            x            y(proton  ),hh0l n 
#  z-lower      z-upper        proton    r.err 
   9.8380E+01   9.8430E+01   3.7100E-01  0.0118
   9.8430E+01   9.8480E+01   3.6808E-01  0.0127
   9.8480E+01   9.8530E+01   3.5105E-01  0.0146
   9.8530E+01   9.8580E+01   5.1807E-02  0.0241

#   sum over    2.0000E-03   2.8549E-01  0.0116

'no. =  7,  ix =  1,  iy =  7'
msuc: {\huge Histograma}
msdr: {\it plotted by \ANGEL \version}
msdl: {\it calculated by \PHITS  3.35}
wt: s(0.7)
\vspace{-3}
  xmin  &=&  -8.0000E-01 [cm]
  xmax  &=&  -7.0000E-01 [cm]
  ymin  &=&  -1.0500E+00 [cm]
  ymax  &=&  -9.5000E-01 [cm]
e:

#------------------------------------------------------------------------------
 newpage:
#   no. =  8   ix  =  1   iy  =  8
#   x = (  -8.0000E-01  -  -7.0000E-01  )
#   y = (  -9.5000E-01  -  -8.5000E-01  )

x: z[cm]
y: Dose [Gy/source]      
p: xlin ylog afac(0.8) form(0.9)
h: n            x            y(proton  ),hh0l n 
#  z-lower      z-upper        proton    r.err 
   9.8380E+01   9.8430E+01   3.6872E-01  0.0119
   9.8430E+01   9.8480E+01   3.6395E-01  0.0128
   9.8480E+01   9.8530E+01   3.5034E-01  0.0147
   9.8530E+01   9.8580E+01   5.0945E-02  0.0242

#   sum over    2.0000E-03   2.8349E-01  0.0117

'no. =  8,  ix =  1,  iy =  8'
msuc: {\huge Histograma}
msdr: {\it plotted by \ANGEL \version}
msdl: {\it calculated by \PHITS  3.35}
wt: s(0.7)
\vspace{-3}
  xmin  &=&  -8.0000E-01 [cm]
  xmax  &=&  -7.0000E-01 [cm]
  ymin  &=&  -9.5000E-01 [cm]
  ymax  &=&  -8.5000E-01 [cm]
e:

#------------------------------------------------------------------------------
 newpage:
#   no. =  9   ix  =  1   iy  =  9
#   x = (  -8.0000E-01  -  -7.0000E-01  )
#   y = (  -8.5000E-01  -  -7.5000E-01  )

x: z[cm]
y: Dose [Gy/source]      
p: xlin ylog afac(0.8) form(0.9)
h: n            x            y(proton  ),hh0l n 
#  z-lower      z-upper        proton    r.err 
   9.8380E+01   9.8430E+01   3.6094E-01  0.0119
   9.8430E+01   9.8480E+01   3.5937E-01  0.0128
   9.8480E+01   9.8530E+01   3.4373E-01  0.0148
   9.8530E+01   9.8580E+01   5.1171E-02  0.0243

#   sum over    2.0000E-03   2.7880E-01  0.0118

'no. =  9,  ix =  1,  iy =  9'
msuc: {\huge Histograma}
msdr: {\it plotted by \ANGEL \version}
msdl: {\it calculated by \PHITS  3.35}
wt: s(0.7)
\vspace{-3}
  xmin  &=&  -8.0000E-01 [cm]
  xmax  &=&  -7.0000E-01 [cm]
  ymin  &=&  -8.5000E-01 [cm]
  ymax  &=&  -7.5000E-01 [cm]
e:

#------------------------------------------------------------------------------
 newpage:
#   no. = 10   ix  =  1   iy  = 10
#   x = (  -8.0000E-01  -  -7.0000E-01  )
#   y = (  -7.5000E-01  -  -6.5000E-01  )

x: z[cm]
y: Dose [Gy/source]      
p: xlin ylog afac(0.8) form(0.9)
h: n            x            y(proton  ),hh0l n 
#  z-lower      z-upper        proton    r.err 
   9.8380E+01   9.8430E+01   3.6288E-01  0.0119
   9.8430E+01   9.8480E+01   3.5733E-01  0.0128
   9.8480E+01   9.8530E+01   3.4594E-01  0.0147
   9.8530E+01   9.8580E+01   5.4169E-02  0.0237

#   sum over    2.0000E-03   2.8008E-01  0.0117

'no. = 10,  ix =  1,  iy = 10'
msuc: {\huge Histograma}
msdr: {\it plotted by \ANGEL \version}
msdl: {\it calculated by \PHITS  3.35}
wt: s(0.7)
\vspace{-3}
  xmin  &=&  -8.0000E-01 [cm]
  xmax  &=&  -7.0000E-01 [cm]
  ymin  &=&  -7.5000E-01 [cm]
  ymax  &=&  -6.5000E-01 [cm]
e:

#------------------------------------------------------------------------------
 newpage:
#   no. = 11   ix  =  1   iy  = 11
#   x = (  -8.0000E-01  -  -7.0000E-01  )
#   y = (  -6.5000E-01  -  -5.5000E-01  )

x: z[cm]
y: Dose [Gy/source]      
p: xlin ylog afac(0.8) form(0.9)
h: n            x            y(proton  ),hh0l n 
#  z-lower      z-upper        proton    r.err 
   9.8380E+01   9.8430E+01   3.6947E-01  0.0118
   9.8430E+01   9.8480E+01   3.6388E-01  0.0127
   9.8480E+01   9.8530E+01   3.4957E-01  0.0146
   9.8530E+01   9.8580E+01   5.5872E-02  0.0234

#   sum over    2.0000E-03   2.8470E-01  0.0116

'no. = 11,  ix =  1,  iy = 11'
msuc: {\huge Histograma}
msdr: {\it plotted by \ANGEL \version}
msdl: {\it calculated by \PHITS  3.35}
wt: s(0.7)
\vspace{-3}
  xmin  &=&  -8.0000E-01 [cm]
  xmax  &=&  -7.0000E-01 [cm]
  ymin  &=&  -6.5000E-01 [cm]
  ymax  &=&  -5.5000E-01 [cm]
e:

#------------------------------------------------------------------------------
 newpage:
#   no. = 12   ix  =  1   iy  = 12
#   x = (  -8.0000E-01  -  -7.0000E-01  )
#   y = (  -5.5000E-01  -  -4.5000E-01  )

x: z[cm]
y: Dose [Gy/source]      
p: xlin ylog afac(0.8) form(0.9)
h: n            x            y(proton  ),hh0l n 
#  z-lower      z-upper        proton    r.err 
   9.8380E+01   9.8430E+01   3.6198E-01  0.0119
   9.8430E+01   9.8480E+01   3.5738E-01  0.0128
   9.8480E+01   9.8530E+01   3.4121E-01  0.0148
   9.8530E+01   9.8580E+01   5.5077E-02  0.0236

#   sum over    2.0000E-03   2.7891E-01  0.0117

'no. = 12,  ix =  1,  iy = 12'
msuc: {\huge Histograma}
msdr: {\it plotted by \ANGEL \version}
msdl: {\it calculated by \PHITS  3.35}
wt: s(0.7)
\vspace{-3}
  xmin  &=&  -8.0000E-01 [cm]
  xmax  &=&  -7.0000E-01 [cm]
  ymin  &=&  -5.5000E-01 [cm]
  ymax  &=&  -4.5000E-01 [cm]
e:

#------------------------------------------------------------------------------
 newpage:
#   no. = 13   ix  =  1   iy  = 13
#   x = (  -8.0000E-01  -  -7.0000E-01  )
#   y = (  -4.5000E-01  -  -3.5000E-01  )

x: z[cm]
y: Dose [Gy/source]      
p: xlin ylog afac(0.8) form(0.9)
h: n            x            y(proton  ),hh0l n 
#  z-lower      z-upper        proton    r.err 
   9.8380E+01   9.8430E+01   3.6280E-01  0.0119
   9.8430E+01   9.8480E+01   3.6061E-01  0.0128
   9.8480E+01   9.8530E+01   3.4402E-01  0.0147
   9.8530E+01   9.8580E+01   5.7442E-02  0.0232

#   sum over    2.0000E-03   2.8122E-01  0.0117

'no. = 13,  ix =  1,  iy = 13'
msuc: {\huge Histograma}
msdr: {\it plotted by \ANGEL \version}
msdl: {\it calculated by \PHITS  3.35}
wt: s(0.7)
\vspace{-3}
  xmin  &=&  -8.0000E-01 [cm]
  xmax  &=&  -7.0000E-01 [cm]
  ymin  &=&  -4.5000E-01 [cm]
  ymax  &=&  -3.5000E-01 [cm]
e:

#------------------------------------------------------------------------------
 newpage:
#   no. = 14   ix  =  1   iy  = 14
#   x = (  -8.0000E-01  -  -7.0000E-01  )
#   y = (  -3.5000E-01  -  -2.5000E-01  )

x: z[cm]
y: Dose [Gy/source]      
p: xlin ylog afac(0.8) form(0.9)
h: n            x            y(proton  ),hh0l n 
#  z-lower      z-upper        proton    r.err 
   9.8380E+01   9.8430E+01   3.7022E-01  0.0118
   9.8430E+01   9.8480E+01   3.6939E-01  0.0126
   9.8480E+01   9.8530E+01   3.5214E-01  0.0145
   9.8530E+01   9.8580E+01   5.8472E-02  0.0231

#   sum over    2.0000E-03   2.8756E-01  0.0116

'no. = 14,  ix =  1,  iy = 14'
msuc: {\huge Histograma}
msdr: {\it plotted by \ANGEL \version}
msdl: {\it calculated by \PHITS  3.35}
wt: s(0.7)
\vspace{-3}
  xmin  &=&  -8.0000E-01 [cm]
  xmax  &=&  -7.0000E-01 [cm]
  ymin  &=&  -3.5000E-01 [cm]
  ymax  &=&  -2.5000E-01 [cm]
e:

#------------------------------------------------------------------------------
 newpage:
#   no. = 15   ix  =  1   iy  = 15
#   x = (  -8.0000E-01  -  -7.0000E-01  )
#   y = (  -2.5000E-01  -  -1.5000E-01  )

x: z[cm]
y: Dose [Gy/source]      
p: xlin ylog afac(0.8) form(0.9)
h: n            x            y(proton  ),hh0l n 
#  z-lower      z-upper        proton    r.err 
   9.8380E+01   9.8430E+01   3.5715E-01  0.0120
   9.8430E+01   9.8480E+01   3.5214E-01  0.0129
   9.8480E+01   9.8530E+01   3.3809E-01  0.0148
   9.8530E+01   9.8580E+01   5.8284E-02  0.0232

#   sum over    2.0000E-03   2.7641E-01  0.0118

'no. = 15,  ix =  1,  iy = 15'
msuc: {\huge Histograma}
msdr: {\it plotted by \ANGEL \version}
msdl: {\it calculated by \PHITS  3.35}
wt: s(0.7)
\vspace{-3}
  xmin  &=&  -8.0000E-01 [cm]
  xmax  &=&  -7.0000E-01 [cm]
  ymin  &=&  -2.5000E-01 [cm]
  ymax  &=&  -1.5000E-01 [cm]
e:

#------------------------------------------------------------------------------
 newpage:
#   no. = 16   ix  =  1   iy  = 16
#   x = (  -8.0000E-01  -  -7.0000E-01  )
#   y = (  -1.5000E-01  -  -5.0000E-02  )

x: z[cm]
y: Dose [Gy/source]      
p: xlin ylog afac(0.8) form(0.9)
h: n            x            y(proton  ),hh0l n 
#  z-lower      z-upper        proton    r.err 
   9.8380E+01   9.8430E+01   3.6713E-01  0.0119
   9.8430E+01   9.8480E+01   3.5817E-01  0.0128
   9.8480E+01   9.8530E+01   3.3935E-01  0.0148
   9.8530E+01   9.8580E+01   5.8645E-02  0.0232

#   sum over    2.0000E-03   2.8082E-01  0.0117

'no. = 16,  ix =  1,  iy = 16'
msuc: {\huge Histograma}
msdr: {\it plotted by \ANGEL \version}
msdl: {\it calculated by \PHITS  3.35}
wt: s(0.7)
\vspace{-3}
  xmin  &=&  -8.0000E-01 [cm]
  xmax  &=&  -7.0000E-01 [cm]
  ymin  &=&  -1.5000E-01 [cm]
  ymax  &=&  -5.0000E-02 [cm]
e:

#------------------------------------------------------------------------------
 newpage:
#   no. = 17   ix  =  1   iy  = 17
#   x = (  -8.0000E-01  -  -7.0000E-01  )
#   y = (  -5.0000E-02  -   5.0000E-02  )

x: z[cm]
y: Dose [Gy/source]      
p: xlin ylog afac(0.8) form(0.9)
h: n            x            y(proton  ),hh0l n 
#  z-lower      z-upper        proton    r.err 
   9.8380E+01   9.8430E+01   3.6313E-01  0.0119
   9.8430E+01   9.8480E+01   3.5855E-01  0.0128
   9.8480E+01   9.8530E+01   3.3946E-01  0.0148
   9.8530E+01   9.8580E+01   5.9767E-02  0.0229

#   sum over    2.0000E-03   2.8023E-01  0.0117

'no. = 17,  ix =  1,  iy = 17'
msuc: {\huge Histograma}
msdr: {\it plotted by \ANGEL \version}
msdl: {\it calculated by \PHITS  3.35}
wt: s(0.7)
\vspace{-3}
  xmin  &=&  -8.0000E-01 [cm]
  xmax  &=&  -7.0000E-01 [cm]
  ymin  &=&  -5.0000E-02 [cm]
  ymax  &=&   5.0000E-02 [cm]
e:

#------------------------------------------------------------------------------
 newpage:
#   no. = 18   ix  =  1   iy  = 18
#   x = (  -8.0000E-01  -  -7.0000E-01  )
#   y = (   5.0000E-02  -   1.5000E-01  )

x: z[cm]
y: Dose [Gy/source]      
p: xlin ylog afac(0.8) form(0.9)
h: n            x            y(proton  ),hh0l n 
#  z-lower      z-upper        proton    r.err 
   9.8380E+01   9.8430E+01   3.6484E-01  0.0119
   9.8430E+01   9.8480E+01   3.5617E-01  0.0128
   9.8480E+01   9.8530E+01   3.3793E-01  0.0148
   9.8530E+01   9.8580E+01   5.8741E-02  0.0231

#   sum over    2.0000E-03   2.7942E-01  0.0117

'no. = 18,  ix =  1,  iy = 18'
msuc: {\huge Histograma}
msdr: {\it plotted by \ANGEL \version}
msdl: {\it calculated by \PHITS  3.35}
wt: s(0.7)
\vspace{-3}
  xmin  &=&  -8.0000E-01 [cm]
  xmax  &=&  -7.0000E-01 [cm]
  ymin  &=&   5.0000E-02 [cm]
  ymax  &=&   1.5000E-01 [cm]
e:

#------------------------------------------------------------------------------
 newpage:
#   no. = 19   ix  =  1   iy  = 19
#   x = (  -8.0000E-01  -  -7.0000E-01  )
#   y = (   1.5000E-01  -   2.5000E-01  )

x: z[cm]
y: Dose [Gy/source]      
p: xlin ylog afac(0.8) form(0.9)
h: n            x            y(proton  ),hh0l n 
#  z-lower      z-upper        proton    r.err 
   9.8380E+01   9.8430E+01   3.6737E-01  0.0118
   9.8430E+01   9.8480E+01   3.6073E-01  0.0128
   9.8480E+01   9.8530E+01   3.4102E-01  0.0147
   9.8530E+01   9.8580E+01   5.8826E-02  0.0231

#   sum over    2.0000E-03   2.8199E-01  0.0117

'no. = 19,  ix =  1,  iy = 19'
msuc: {\huge Histograma}
msdr: {\it plotted by \ANGEL \version}
msdl: {\it calculated by \PHITS  3.35}
wt: s(0.7)
\vspace{-3}
  xmin  &=&  -8.0000E-01 [cm]
  xmax  &=&  -7.0000E-01 [cm]
  ymin  &=&   1.5000E-01 [cm]
  ymax  &=&   2.5000E-01 [cm]
e:

#------------------------------------------------------------------------------
 newpage:
#   no. = 20   ix  =  1   iy  = 20
#   x = (  -8.0000E-01  -  -7.0000E-01  )
#   y = (   2.5000E-01  -   3.5000E-01  )

x: z[cm]
y: Dose [Gy/source]      
p: xlin ylog afac(0.8) form(0.9)
h: n            x            y(proton  ),hh0l n 
#  z-lower      z-upper        proton    r.err 
   9.8380E+01   9.8430E+01   3.5724E-01  0.0120
   9.8430E+01   9.8480E+01   3.5459E-01  0.0129
   9.8480E+01   9.8530E+01   3.4275E-01  0.0147
   9.8530E+01   9.8580E+01   5.7478E-02  0.0233

#   sum over    2.0000E-03   2.7802E-01  0.0118

'no. = 20,  ix =  1,  iy = 20'
msuc: {\huge Histograma}
msdr: {\it plotted by \ANGEL \version}
msdl: {\it calculated by \PHITS  3.35}
wt: s(0.7)
\vspace{-3}
  xmin  &=&  -8.0000E-01 [cm]
  xmax  &=&  -7.0000E-01 [cm]
  ymin  &=&   2.5000E-01 [cm]
  ymax  &=&   3.5000E-01 [cm]
e:

#------------------------------------------------------------------------------
 newpage:
#   no. = 21   ix  =  1   iy  = 21
#   x = (  -8.0000E-01  -  -7.0000E-01  )
#   y = (   3.5000E-01  -   4.5000E-01  )

x: z[cm]
y: Dose [Gy/source]      
p: xlin ylog afac(0.8) form(0.9)
h: n            x            y(proton  ),hh0l n 
#  z-lower      z-upper        proton    r.err 
   9.8380E+01   9.8430E+01   3.6469E-01  0.0119
   9.8430E+01   9.8480E+01   3.6048E-01  0.0128
   9.8480E+01   9.8530E+01   3.4822E-01  0.0146
   9.8530E+01   9.8580E+01   5.8866E-02  0.0230

#   sum over    2.0000E-03   2.8306E-01  0.0117

'no. = 21,  ix =  1,  iy = 21'
msuc: {\huge Histograma}
msdr: {\it plotted by \ANGEL \version}
msdl: {\it calculated by \PHITS  3.35}
wt: s(0.7)
\vspace{-3}
  xmin  &=&  -8.0000E-01 [cm]
  xmax  &=&  -7.0000E-01 [cm]
  ymin  &=&   3.5000E-01 [cm]
  ymax  &=&   4.5000E-01 [cm]
e:

#------------------------------------------------------------------------------
 newpage:
#   no. = 22   ix  =  1   iy  = 22
#   x = (  -8.0000E-01  -  -7.0000E-01  )
#   y = (   4.5000E-01  -   5.5000E-01  )

x: z[cm]
y: Dose [Gy/source]      
p: xlin ylog afac(0.8) form(0.9)
h: n            x            y(proton  ),hh0l n 
#  z-lower      z-upper        proton    r.err 
   9.8380E+01   9.8430E+01   3.6168E-01  0.0119
   9.8430E+01   9.8480E+01   3.5491E-01  0.0129
   9.8480E+01   9.8530E+01   3.3584E-01  0.0149
   9.8530E+01   9.8580E+01   5.3540E-02  0.0239

#   sum over    2.0000E-03   2.7649E-01  0.0118

'no. = 22,  ix =  1,  iy = 22'
msuc: {\huge Histograma}
msdr: {\it plotted by \ANGEL \version}
msdl: {\it calculated by \PHITS  3.35}
wt: s(0.7)
\vspace{-3}
  xmin  &=&  -8.0000E-01 [cm]
  xmax  &=&  -7.0000E-01 [cm]
  ymin  &=&   4.5000E-01 [cm]
  ymax  &=&   5.5000E-01 [cm]
e:

#------------------------------------------------------------------------------
 newpage:
#   no. = 23   ix  =  1   iy  = 23
#   x = (  -8.0000E-01  -  -7.0000E-01  )
#   y = (   5.5000E-01  -   6.5000E-01  )

x: z[cm]
y: Dose [Gy/source]      
p: xlin ylog afac(0.8) form(0.9)
h: n            x            y(proton  ),hh0l n 
#  z-lower      z-upper        proton    r.err 
   9.8380E+01   9.8430E+01   3.6356E-01  0.0119
   9.8430E+01   9.8480E+01   3.6285E-01  0.0128
   9.8480E+01   9.8530E+01   3.4621E-01  0.0147
   9.8530E+01   9.8580E+01   5.5848E-02  0.0235

#   sum over    2.0000E-03   2.8212E-01  0.0117

'no. = 23,  ix =  1,  iy = 23'
msuc: {\huge Histograma}
msdr: {\it plotted by \ANGEL \version}
msdl: {\it calculated by \PHITS  3.35}
wt: s(0.7)
\vspace{-3}
  xmin  &=&  -8.0000E-01 [cm]
  xmax  &=&  -7.0000E-01 [cm]
  ymin  &=&   5.5000E-01 [cm]
  ymax  &=&   6.5000E-01 [cm]
e:

#------------------------------------------------------------------------------
 newpage:
#   no. = 24   ix  =  1   iy  = 24
#   x = (  -8.0000E-01  -  -7.0000E-01  )
#   y = (   6.5000E-01  -   7.5000E-01  )

x: z[cm]
y: Dose [Gy/source]      
p: xlin ylog afac(0.8) form(0.9)
h: n            x            y(proton  ),hh0l n 
#  z-lower      z-upper        proton    r.err 
   9.8380E+01   9.8430E+01   3.7323E-01  0.0118
   9.8430E+01   9.8480E+01   3.6561E-01  0.0127
   9.8480E+01   9.8530E+01   3.4674E-01  0.0147
   9.8530E+01   9.8580E+01   5.2192E-02  0.0240

#   sum over    2.0000E-03   2.8444E-01  0.0116

'no. = 24,  ix =  1,  iy = 24'
msuc: {\huge Histograma}
msdr: {\it plotted by \ANGEL \version}
msdl: {\it calculated by \PHITS  3.35}
wt: s(0.7)
\vspace{-3}
  xmin  &=&  -8.0000E-01 [cm]
  xmax  &=&  -7.0000E-01 [cm]
  ymin  &=&   6.5000E-01 [cm]
  ymax  &=&   7.5000E-01 [cm]
e:

#------------------------------------------------------------------------------
 newpage:
#   no. = 25   ix  =  1   iy  = 25
#   x = (  -8.0000E-01  -  -7.0000E-01  )
#   y = (   7.5000E-01  -   8.5000E-01  )

x: z[cm]
y: Dose [Gy/source]      
p: xlin ylog afac(0.8) form(0.9)
h: n            x            y(proton  ),hh0l n 
#  z-lower      z-upper        proton    r.err 
   9.8380E+01   9.8430E+01   3.7054E-01  0.0118
   9.8430E+01   9.8480E+01   3.7116E-01  0.0126
   9.8480E+01   9.8530E+01   3.5274E-01  0.0146
   9.8530E+01   9.8580E+01   5.2132E-02  0.0239

#   sum over    2.0000E-03   2.8664E-01  0.0116

'no. = 25,  ix =  1,  iy = 25'
msuc: {\huge Histograma}
msdr: {\it plotted by \ANGEL \version}
msdl: {\it calculated by \PHITS  3.35}
wt: s(0.7)
\vspace{-3}
  xmin  &=&  -8.0000E-01 [cm]
  xmax  &=&  -7.0000E-01 [cm]
  ymin  &=&   7.5000E-01 [cm]
  ymax  &=&   8.5000E-01 [cm]
e:

#------------------------------------------------------------------------------
 newpage:
#   no. = 26   ix  =  1   iy  = 26
#   x = (  -8.0000E-01  -  -7.0000E-01  )
#   y = (   8.5000E-01  -   9.5000E-01  )

x: z[cm]
y: Dose [Gy/source]      
p: xlin ylog afac(0.8) form(0.9)
h: n            x            y(proton  ),hh0l n 
#  z-lower      z-upper        proton    r.err 
   9.8380E+01   9.8430E+01   3.7376E-01  0.0118
   9.8430E+01   9.8480E+01   3.7074E-01  0.0126
   9.8480E+01   9.8530E+01   3.5423E-01  0.0146
   9.8530E+01   9.8580E+01   5.3578E-02  0.0238

#   sum over    2.0000E-03   2.8808E-01  0.0116

'no. = 26,  ix =  1,  iy = 26'
msuc: {\huge Histograma}
msdr: {\it plotted by \ANGEL \version}
msdl: {\it calculated by \PHITS  3.35}
wt: s(0.7)
\vspace{-3}
  xmin  &=&  -8.0000E-01 [cm]
  xmax  &=&  -7.0000E-01 [cm]
  ymin  &=&   8.5000E-01 [cm]
  ymax  &=&   9.5000E-01 [cm]
e:

#------------------------------------------------------------------------------
 newpage:
#   no. = 27   ix  =  1   iy  = 27
#   x = (  -8.0000E-01  -  -7.0000E-01  )
#   y = (   9.5000E-01  -   1.0500E+00  )

x: z[cm]
y: Dose [Gy/source]      
p: xlin ylog afac(0.8) form(0.9)
h: n            x            y(proton  ),hh0l n 
#  z-lower      z-upper        proton    r.err 
   9.8380E+01   9.8430E+01   3.7056E-01  0.0118
   9.8430E+01   9.8480E+01   3.6997E-01  0.0127
   9.8480E+01   9.8530E+01   3.5568E-01  0.0145
   9.8530E+01   9.8580E+01   5.4768E-02  0.0234

#   sum over    2.0000E-03   2.8774E-01  0.0116

'no. = 27,  ix =  1,  iy = 27'
msuc: {\huge Histograma}
msdr: {\it plotted by \ANGEL \version}
msdl: {\it calculated by \PHITS  3.35}
wt: s(0.7)
\vspace{-3}
  xmin  &=&  -8.0000E-01 [cm]
  xmax  &=&  -7.0000E-01 [cm]
  ymin  &=&   9.5000E-01 [cm]
  ymax  &=&   1.0500E+00 [cm]
e:

#------------------------------------------------------------------------------
 newpage:
#   no. = 28   ix  =  1   iy  = 28
#   x = (  -8.0000E-01  -  -7.0000E-01  )
#   y = (   1.0500E+00  -   1.1500E+00  )

x: z[cm]
y: Dose [Gy/source]      
p: xlin ylog afac(0.8) form(0.9)
h: n            x            y(proton  ),hh0l n 
#  z-lower      z-upper        proton    r.err 
   9.8380E+01   9.8430E+01   3.6716E-01  0.0119
   9.8430E+01   9.8480E+01   3.6567E-01  0.0127
   9.8480E+01   9.8530E+01   3.4753E-01  0.0147
   9.8530E+01   9.8580E+01   5.0771E-02  0.0241

#   sum over    2.0000E-03   2.8278E-01  0.0117

'no. = 28,  ix =  1,  iy = 28'
msuc: {\huge Histograma}
msdr: {\it plotted by \ANGEL \version}
msdl: {\it calculated by \PHITS  3.35}
wt: s(0.7)
\vspace{-3}
  xmin  &=&  -8.0000E-01 [cm]
  xmax  &=&  -7.0000E-01 [cm]
  ymin  &=&   1.0500E+00 [cm]
  ymax  &=&   1.1500E+00 [cm]
e:

#------------------------------------------------------------------------------
 newpage:
#   no. = 29   ix  =  1   iy  = 29
#   x = (  -8.0000E-01  -  -7.0000E-01  )
#   y = (   1.1500E+00  -   1.2500E+00  )

x: z[cm]
y: Dose [Gy/source]      
p: xlin ylog afac(0.8) form(0.9)
h: n            x            y(proton  ),hh0l n 
#  z-lower      z-upper        proton    r.err 
   9.8380E+01   9.8430E+01   3.7346E-01  0.0117
   9.8430E+01   9.8480E+01   3.7437E-01  0.0126
   9.8480E+01   9.8530E+01   3.6121E-01  0.0145
   9.8530E+01   9.8580E+01   5.4511E-02  0.0234

#   sum over    2.0000E-03   2.9089E-01  0.0115

'no. = 29,  ix =  1,  iy = 29'
msuc: {\huge Histograma}
msdr: {\it plotted by \ANGEL \version}
msdl: {\it calculated by \PHITS  3.35}
wt: s(0.7)
\vspace{-3}
  xmin  &=&  -8.0000E-01 [cm]
  xmax  &=&  -7.0000E-01 [cm]
  ymin  &=&   1.1500E+00 [cm]
  ymax  &=&   1.2500E+00 [cm]
e:

#------------------------------------------------------------------------------
 newpage:
#   no. = 30   ix  =  1   iy  = 30
#   x = (  -8.0000E-01  -  -7.0000E-01  )
#   y = (   1.2500E+00  -   1.3500E+00  )

x: z[cm]
y: Dose [Gy/source]      
p: xlin ylog afac(0.8) form(0.9)
h: n            x            y(proton  ),hh0l n 
#  z-lower      z-upper        proton    r.err 
   9.8380E+01   9.8430E+01   3.7504E-01  0.0117
   9.8430E+01   9.8480E+01   3.7829E-01  0.0125
   9.8480E+01   9.8530E+01   3.5825E-01  0.0145
   9.8530E+01   9.8580E+01   5.3461E-02  0.0236

#   sum over    2.0000E-03   2.9126E-01  0.0115

'no. = 30,  ix =  1,  iy = 30'
msuc: {\huge Histograma}
msdr: {\it plotted by \ANGEL \version}
msdl: {\it calculated by \PHITS  3.35}
wt: s(0.7)
\vspace{-3}
  xmin  &=&  -8.0000E-01 [cm]
  xmax  &=&  -7.0000E-01 [cm]
  ymin  &=&   1.2500E+00 [cm]
  ymax  &=&   1.3500E+00 [cm]
e:

#------------------------------------------------------------------------------
 newpage:
#   no. = 31   ix  =  1   iy  = 31
#   x = (  -8.0000E-01  -  -7.0000E-01  )
#   y = (   1.3500E+00  -   1.4500E+00  )

x: z[cm]
y: Dose [Gy/source]      
p: xlin ylog afac(0.8) form(0.9)
h: n            x            y(proton  ),hh0l n 
#  z-lower      z-upper        proton    r.err 
   9.8380E+01   9.8430E+01   3.7139E-01  0.0118
   9.8430E+01   9.8480E+01   3.7083E-01  0.0126
   9.8480E+01   9.8530E+01   3.5577E-01  0.0145
   9.8530E+01   9.8580E+01   5.4517E-02  0.0235

#   sum over    2.0000E-03   2.8813E-01  0.0116

'no. = 31,  ix =  1,  iy = 31'
msuc: {\huge Histograma}
msdr: {\it plotted by \ANGEL \version}
msdl: {\it calculated by \PHITS  3.35}
wt: s(0.7)
\vspace{-3}
  xmin  &=&  -8.0000E-01 [cm]
  xmax  &=&  -7.0000E-01 [cm]
  ymin  &=&   1.3500E+00 [cm]
  ymax  &=&   1.4500E+00 [cm]
e:

#------------------------------------------------------------------------------
 newpage:
#   no. = 32   ix  =  1   iy  = 32
#   x = (  -8.0000E-01  -  -7.0000E-01  )
#   y = (   1.4500E+00  -   1.5500E+00  )

x: z[cm]
y: Dose [Gy/source]      
p: xlin ylog afac(0.8) form(0.9)
h: n            x            y(proton  ),hh0l n 
#  z-lower      z-upper        proton    r.err 
   9.8380E+01   9.8430E+01   3.7054E-01  0.0117
   9.8430E+01   9.8480E+01   3.7398E-01  0.0126
   9.8480E+01   9.8530E+01   3.5798E-01  0.0145
   9.8530E+01   9.8580E+01   5.3513E-02  0.0237

#   sum over    2.0000E-03   2.8900E-01  0.0116

'no. = 32,  ix =  1,  iy = 32'
msuc: {\huge Histograma}
msdr: {\it plotted by \ANGEL \version}
msdl: {\it calculated by \PHITS  3.35}
wt: s(0.7)
\vspace{-3}
  xmin  &=&  -8.0000E-01 [cm]
  xmax  &=&  -7.0000E-01 [cm]
  ymin  &=&   1.4500E+00 [cm]
  ymax  &=&   1.5500E+00 [cm]
e:

#------------------------------------------------------------------------------
 newpage:
#   no. = 33   ix  =  1   iy  = 33
#   x = (  -8.0000E-01  -  -7.0000E-01  )
#   y = (   1.5500E+00  -   1.6500E+00  )

x: z[cm]
y: Dose [Gy/source]      
p: xlin ylog afac(0.8) form(0.9)
h: n            x            y(proton  ),hh0l n 
#  z-lower      z-upper        proton    r.err 
   9.8380E+01   9.8430E+01   3.7680E-01  0.0117
   9.8430E+01   9.8480E+01   3.7433E-01  0.0125
   9.8480E+01   9.8530E+01   3.6531E-01  0.0144
   9.8530E+01   9.8580E+01   5.5479E-02  0.0231

#   sum over    2.0000E-03   2.9298E-01  0.0115

'no. = 33,  ix =  1,  iy = 33'
msuc: {\huge Histograma}
msdr: {\it plotted by \ANGEL \version}
msdl: {\it calculated by \PHITS  3.35}
wt: s(0.7)
\vspace{-3}
  xmin  &=&  -8.0000E-01 [cm]
  xmax  &=&  -7.0000E-01 [cm]
  ymin  &=&   1.5500E+00 [cm]
  ymax  &=&   1.6500E+00 [cm]
e:

#------------------------------------------------------------------------------
 newpage:
#   no. = 34   ix  =  2   iy  =  1
#   x = (  -7.0000E-01  -  -6.0000E-01  )
#   y = (  -1.6500E+00  -  -1.5500E+00  )

x: z[cm]
y: Dose [Gy/source]      
p: xlin ylog afac(0.8) form(0.9)
h: n            x            y(proton  ),hh0l n 
#  z-lower      z-upper        proton    r.err 
   9.8380E+01   9.8430E+01   0.0000E+00  0.0000
   9.8430E+01   9.8480E+01   0.0000E+00  0.0000
   9.8480E+01   9.8530E+01   0.0000E+00  0.0000
   9.8530E+01   9.8580E+01   9.8938E-05  1.0000

#   sum over    2.0000E-03   2.4734E-05  1.0000

'no. = 34,  ix =  2,  iy =  1'
msuc: {\huge Histograma}
msdr: {\it plotted by \ANGEL \version}
msdl: {\it calculated by \PHITS  3.35}
wt: s(0.7)
\vspace{-3}
  xmin  &=&  -7.0000E-01 [cm]
  xmax  &=&  -6.0000E-01 [cm]
  ymin  &=&  -1.6500E+00 [cm]
  ymax  &=&  -1.5500E+00 [cm]
e:

#------------------------------------------------------------------------------
 newpage:
#   no. = 35   ix  =  2   iy  =  2
#   x = (  -7.0000E-01  -  -6.0000E-01  )
#   y = (  -1.5500E+00  -  -1.4500E+00  )

x: z[cm]
y: Dose [Gy/source]      
p: xlin ylog afac(0.8) form(0.9)
h: n            x            y(proton  ),hh0l n 
#  z-lower      z-upper        proton    r.err 
   9.8380E+01   9.8430E+01   0.0000E+00  0.0000
   9.8430E+01   9.8480E+01   8.9699E-05  1.0000
   9.8480E+01   9.8530E+01   0.0000E+00  0.0000
   9.8530E+01   9.8580E+01   0.0000E+00  0.0000

#   sum over    2.0000E-03   2.2425E-05  1.0000

'no. = 35,  ix =  2,  iy =  2'
msuc: {\huge Histograma}
msdr: {\it plotted by \ANGEL \version}
msdl: {\it calculated by \PHITS  3.35}
wt: s(0.7)
\vspace{-3}
  xmin  &=&  -7.0000E-01 [cm]
  xmax  &=&  -6.0000E-01 [cm]
  ymin  &=&  -1.5500E+00 [cm]
  ymax  &=&  -1.4500E+00 [cm]
e:

#------------------------------------------------------------------------------
 newpage:
#   no. = 36   ix  =  2   iy  =  3
#   x = (  -7.0000E-01  -  -6.0000E-01  )
#   y = (  -1.4500E+00  -  -1.3500E+00  )

x: z[cm]
y: Dose [Gy/source]      
p: xlin ylog afac(0.8) form(0.9)
h: n            x            y(proton  ),hh0l n 
#  z-lower      z-upper        proton    r.err 
   9.8380E+01   9.8430E+01   2.4561E-04  0.6955
   9.8430E+01   9.8480E+01   2.7113E-04  0.6908
   9.8480E+01   9.8530E+01   1.7045E-04  0.7371
   9.8530E+01   9.8580E+01   5.1286E-04  0.4272

#   sum over    2.0000E-03   3.0002E-04  0.4385

'no. = 36,  ix =  2,  iy =  3'
msuc: {\huge Histograma}
msdr: {\it plotted by \ANGEL \version}
msdl: {\it calculated by \PHITS  3.35}
wt: s(0.7)
\vspace{-3}
  xmin  &=&  -7.0000E-01 [cm]
  xmax  &=&  -6.0000E-01 [cm]
  ymin  &=&  -1.4500E+00 [cm]
  ymax  &=&  -1.3500E+00 [cm]
e:

#------------------------------------------------------------------------------
 newpage:
#   no. = 37   ix  =  2   iy  =  4
#   x = (  -7.0000E-01  -  -6.0000E-01  )
#   y = (  -1.3500E+00  -  -1.2500E+00  )

x: z[cm]
y: Dose [Gy/source]      
p: xlin ylog afac(0.8) form(0.9)
h: n            x            y(proton  ),hh0l n 
#  z-lower      z-upper        proton    r.err 
   9.8380E+01   9.8430E+01   2.7100E-01  0.0140
   9.8430E+01   9.8480E+01   2.7014E-01  0.0149
   9.8480E+01   9.8530E+01   2.6444E-01  0.0169
   9.8530E+01   9.8580E+01   5.2188E-02  0.0291

#   sum over    2.0000E-03   2.1444E-01  0.0137

'no. = 37,  ix =  2,  iy =  4'
msuc: {\huge Histograma}
msdr: {\it plotted by \ANGEL \version}
msdl: {\it calculated by \PHITS  3.35}
wt: s(0.7)
\vspace{-3}
  xmin  &=&  -7.0000E-01 [cm]
  xmax  &=&  -6.0000E-01 [cm]
  ymin  &=&  -1.3500E+00 [cm]
  ymax  &=&  -1.2500E+00 [cm]
e:

#------------------------------------------------------------------------------
 newpage:
#   no. = 38   ix  =  2   iy  =  5
#   x = (  -7.0000E-01  -  -6.0000E-01  )
#   y = (  -1.2500E+00  -  -1.1500E+00  )

x: z[cm]
y: Dose [Gy/source]      
p: xlin ylog afac(0.8) form(0.9)
h: n            x            y(proton  ),hh0l n 
#  z-lower      z-upper        proton    r.err 
   9.8380E+01   9.8430E+01   3.7285E-01  0.0117
   9.8430E+01   9.8480E+01   3.7932E-01  0.0125
   9.8480E+01   9.8530E+01   3.5956E-01  0.0145
   9.8530E+01   9.8580E+01   5.3475E-02  0.0236

#   sum over    2.0000E-03   2.9130E-01  0.0115

'no. = 38,  ix =  2,  iy =  5'
msuc: {\huge Histograma}
msdr: {\it plotted by \ANGEL \version}
msdl: {\it calculated by \PHITS  3.35}
wt: s(0.7)
\vspace{-3}
  xmin  &=&  -7.0000E-01 [cm]
  xmax  &=&  -6.0000E-01 [cm]
  ymin  &=&  -1.2500E+00 [cm]
  ymax  &=&  -1.1500E+00 [cm]
e:

#------------------------------------------------------------------------------
 newpage:
#   no. = 39   ix  =  2   iy  =  6
#   x = (  -7.0000E-01  -  -6.0000E-01  )
#   y = (  -1.1500E+00  -  -1.0500E+00  )

x: z[cm]
y: Dose [Gy/source]      
p: xlin ylog afac(0.8) form(0.9)
h: n            x            y(proton  ),hh0l n 
#  z-lower      z-upper        proton    r.err 
   9.8380E+01   9.8430E+01   3.7214E-01  0.0117
   9.8430E+01   9.8480E+01   3.7517E-01  0.0126
   9.8480E+01   9.8530E+01   3.6206E-01  0.0144
   9.8530E+01   9.8580E+01   5.4446E-02  0.0234

#   sum over    2.0000E-03   2.9095E-01  0.0115

'no. = 39,  ix =  2,  iy =  6'
msuc: {\huge Histograma}
msdr: {\it plotted by \ANGEL \version}
msdl: {\it calculated by \PHITS  3.35}
wt: s(0.7)
\vspace{-3}
  xmin  &=&  -7.0000E-01 [cm]
  xmax  &=&  -6.0000E-01 [cm]
  ymin  &=&  -1.1500E+00 [cm]
  ymax  &=&  -1.0500E+00 [cm]
e:

#------------------------------------------------------------------------------
 newpage:
#   no. = 40   ix  =  2   iy  =  7
#   x = (  -7.0000E-01  -  -6.0000E-01  )
#   y = (  -1.0500E+00  -  -9.5000E-01  )

x: z[cm]
y: Dose [Gy/source]      
p: xlin ylog afac(0.8) form(0.9)
h: n            x            y(proton  ),hh0l n 
#  z-lower      z-upper        proton    r.err 
   9.8380E+01   9.8430E+01   3.6368E-01  0.0119
   9.8430E+01   9.8480E+01   3.5721E-01  0.0128
   9.8480E+01   9.8530E+01   3.4647E-01  0.0148
   9.8530E+01   9.8580E+01   5.3911E-02  0.0238

#   sum over    2.0000E-03   2.8032E-01  0.0117

'no. = 40,  ix =  2,  iy =  7'
msuc: {\huge Histograma}
msdr: {\it plotted by \ANGEL \version}
msdl: {\it calculated by \PHITS  3.35}
wt: s(0.7)
\vspace{-3}
  xmin  &=&  -7.0000E-01 [cm]
  xmax  &=&  -6.0000E-01 [cm]
  ymin  &=&  -1.0500E+00 [cm]
  ymax  &=&  -9.5000E-01 [cm]
e:

#------------------------------------------------------------------------------
 newpage:
#   no. = 41   ix  =  2   iy  =  8
#   x = (  -7.0000E-01  -  -6.0000E-01  )
#   y = (  -9.5000E-01  -  -8.5000E-01  )

x: z[cm]
y: Dose [Gy/source]      
p: xlin ylog afac(0.8) form(0.9)
h: n            x            y(proton  ),hh0l n 
#  z-lower      z-upper        proton    r.err 
   9.8380E+01   9.8430E+01   3.6404E-01  0.0119
   9.8430E+01   9.8480E+01   3.6245E-01  0.0128
   9.8480E+01   9.8530E+01   3.4405E-01  0.0147
   9.8530E+01   9.8580E+01   5.5918E-02  0.0236

#   sum over    2.0000E-03   2.8161E-01  0.0117

'no. = 41,  ix =  2,  iy =  8'
msuc: {\huge Histograma}
msdr: {\it plotted by \ANGEL \version}
msdl: {\it calculated by \PHITS  3.35}
wt: s(0.7)
\vspace{-3}
  xmin  &=&  -7.0000E-01 [cm]
  xmax  &=&  -6.0000E-01 [cm]
  ymin  &=&  -9.5000E-01 [cm]
  ymax  &=&  -8.5000E-01 [cm]
e:

#------------------------------------------------------------------------------
 newpage:
#   no. = 42   ix  =  2   iy  =  9
#   x = (  -7.0000E-01  -  -6.0000E-01  )
#   y = (  -8.5000E-01  -  -7.5000E-01  )

x: z[cm]
y: Dose [Gy/source]      
p: xlin ylog afac(0.8) form(0.9)
h: n            x            y(proton  ),hh0l n 
#  z-lower      z-upper        proton    r.err 
   9.8380E+01   9.8430E+01   3.6656E-01  0.0119
   9.8430E+01   9.8480E+01   3.6254E-01  0.0128
   9.8480E+01   9.8530E+01   3.4261E-01  0.0147
   9.8530E+01   9.8580E+01   5.9286E-02  0.0230

#   sum over    2.0000E-03   2.8275E-01  0.0117

'no. = 42,  ix =  2,  iy =  9'
msuc: {\huge Histograma}
msdr: {\it plotted by \ANGEL \version}
msdl: {\it calculated by \PHITS  3.35}
wt: s(0.7)
\vspace{-3}
  xmin  &=&  -7.0000E-01 [cm]
  xmax  &=&  -6.0000E-01 [cm]
  ymin  &=&  -8.5000E-01 [cm]
  ymax  &=&  -7.5000E-01 [cm]
e:

#------------------------------------------------------------------------------
 newpage:
#   no. = 43   ix  =  2   iy  = 10
#   x = (  -7.0000E-01  -  -6.0000E-01  )
#   y = (  -7.5000E-01  -  -6.5000E-01  )

x: z[cm]
y: Dose [Gy/source]      
p: xlin ylog afac(0.8) form(0.9)
h: n            x            y(proton  ),hh0l n 
#  z-lower      z-upper        proton    r.err 
   9.8380E+01   9.8430E+01   3.7246E-01  0.0118
   9.8430E+01   9.8480E+01   3.6661E-01  0.0127
   9.8480E+01   9.8530E+01   3.4910E-01  0.0145
   9.8530E+01   9.8580E+01   6.0034E-02  0.0230

#   sum over    2.0000E-03   2.8705E-01  0.0116

'no. = 43,  ix =  2,  iy = 10'
msuc: {\huge Histograma}
msdr: {\it plotted by \ANGEL \version}
msdl: {\it calculated by \PHITS  3.35}
wt: s(0.7)
\vspace{-3}
  xmin  &=&  -7.0000E-01 [cm]
  xmax  &=&  -6.0000E-01 [cm]
  ymin  &=&  -7.5000E-01 [cm]
  ymax  &=&  -6.5000E-01 [cm]
e:

#------------------------------------------------------------------------------
 newpage:
#   no. = 44   ix  =  2   iy  = 11
#   x = (  -7.0000E-01  -  -6.0000E-01  )
#   y = (  -6.5000E-01  -  -5.5000E-01  )

x: z[cm]
y: Dose [Gy/source]      
p: xlin ylog afac(0.8) form(0.9)
h: n            x            y(proton  ),hh0l n 
#  z-lower      z-upper        proton    r.err 
   9.8380E+01   9.8430E+01   3.6366E-01  0.0119
   9.8430E+01   9.8480E+01   3.6154E-01  0.0127
   9.8480E+01   9.8530E+01   3.4541E-01  0.0146
   9.8530E+01   9.8580E+01   5.7129E-02  0.0234

#   sum over    2.0000E-03   2.8194E-01  0.0117

'no. = 44,  ix =  2,  iy = 11'
msuc: {\huge Histograma}
msdr: {\it plotted by \ANGEL \version}
msdl: {\it calculated by \PHITS  3.35}
wt: s(0.7)
\vspace{-3}
  xmin  &=&  -7.0000E-01 [cm]
  xmax  &=&  -6.0000E-01 [cm]
  ymin  &=&  -6.5000E-01 [cm]
  ymax  &=&  -5.5000E-01 [cm]
e:

#------------------------------------------------------------------------------
 newpage:
#   no. = 45   ix  =  2   iy  = 12
#   x = (  -7.0000E-01  -  -6.0000E-01  )
#   y = (  -5.5000E-01  -  -4.5000E-01  )

x: z[cm]
y: Dose [Gy/source]      
p: xlin ylog afac(0.8) form(0.9)
h: n            x            y(proton  ),hh0l n 
#  z-lower      z-upper        proton    r.err 
   9.8380E+01   9.8430E+01   3.6738E-01  0.0118
   9.8430E+01   9.8480E+01   3.6048E-01  0.0128
   9.8480E+01   9.8530E+01   3.4406E-01  0.0147
   9.8530E+01   9.8580E+01   5.9952E-02  0.0229

#   sum over    2.0000E-03   2.8297E-01  0.0117

'no. = 45,  ix =  2,  iy = 12'
msuc: {\huge Histograma}
msdr: {\it plotted by \ANGEL \version}
msdl: {\it calculated by \PHITS  3.35}
wt: s(0.7)
\vspace{-3}
  xmin  &=&  -7.0000E-01 [cm]
  xmax  &=&  -6.0000E-01 [cm]
  ymin  &=&  -5.5000E-01 [cm]
  ymax  &=&  -4.5000E-01 [cm]
e:

#------------------------------------------------------------------------------
 newpage:
#   no. = 46   ix  =  2   iy  = 13
#   x = (  -7.0000E-01  -  -6.0000E-01  )
#   y = (  -4.5000E-01  -  -3.5000E-01  )

x: z[cm]
y: Dose [Gy/source]      
p: xlin ylog afac(0.8) form(0.9)
h: n            x            y(proton  ),hh0l n 
#  z-lower      z-upper        proton    r.err 
   9.8380E+01   9.8430E+01   3.5942E-01  0.0120
   9.8430E+01   9.8480E+01   3.5150E-01  0.0129
   9.8480E+01   9.8530E+01   3.4123E-01  0.0147
   9.8530E+01   9.8580E+01   5.7346E-02  0.0233

#   sum over    2.0000E-03   2.7738E-01  0.0118

'no. = 46,  ix =  2,  iy = 13'
msuc: {\huge Histograma}
msdr: {\it plotted by \ANGEL \version}
msdl: {\it calculated by \PHITS  3.35}
wt: s(0.7)
\vspace{-3}
  xmin  &=&  -7.0000E-01 [cm]
  xmax  &=&  -6.0000E-01 [cm]
  ymin  &=&  -4.5000E-01 [cm]
  ymax  &=&  -3.5000E-01 [cm]
e:

#------------------------------------------------------------------------------
 newpage:
#   no. = 47   ix  =  2   iy  = 14
#   x = (  -7.0000E-01  -  -6.0000E-01  )
#   y = (  -3.5000E-01  -  -2.5000E-01  )

x: z[cm]
y: Dose [Gy/source]      
p: xlin ylog afac(0.8) form(0.9)
h: n            x            y(proton  ),hh0l n 
#  z-lower      z-upper        proton    r.err 
   9.8380E+01   9.8430E+01   3.6380E-01  0.0119
   9.8430E+01   9.8480E+01   3.5914E-01  0.0128
   9.8480E+01   9.8530E+01   3.4265E-01  0.0147
   9.8530E+01   9.8580E+01   5.7824E-02  0.0234

#   sum over    2.0000E-03   2.8085E-01  0.0117

'no. = 47,  ix =  2,  iy = 14'
msuc: {\huge Histograma}
msdr: {\it plotted by \ANGEL \version}
msdl: {\it calculated by \PHITS  3.35}
wt: s(0.7)
\vspace{-3}
  xmin  &=&  -7.0000E-01 [cm]
  xmax  &=&  -6.0000E-01 [cm]
  ymin  &=&  -3.5000E-01 [cm]
  ymax  &=&  -2.5000E-01 [cm]
e:

#------------------------------------------------------------------------------
 newpage:
#   no. = 48   ix  =  2   iy  = 15
#   x = (  -7.0000E-01  -  -6.0000E-01  )
#   y = (  -2.5000E-01  -  -1.5000E-01  )

x: z[cm]
y: Dose [Gy/source]      
p: xlin ylog afac(0.8) form(0.9)
h: n            x            y(proton  ),hh0l n 
#  z-lower      z-upper        proton    r.err 
   9.8380E+01   9.8430E+01   3.6501E-01  0.0119
   9.8430E+01   9.8480E+01   3.5758E-01  0.0128
   9.8480E+01   9.8530E+01   3.3775E-01  0.0148
   9.8530E+01   9.8580E+01   5.9236E-02  0.0230

#   sum over    2.0000E-03   2.7989E-01  0.0117

'no. = 48,  ix =  2,  iy = 15'
msuc: {\huge Histograma}
msdr: {\it plotted by \ANGEL \version}
msdl: {\it calculated by \PHITS  3.35}
wt: s(0.7)
\vspace{-3}
  xmin  &=&  -7.0000E-01 [cm]
  xmax  &=&  -6.0000E-01 [cm]
  ymin  &=&  -2.5000E-01 [cm]
  ymax  &=&  -1.5000E-01 [cm]
e:

#------------------------------------------------------------------------------
 newpage:
#   no. = 49   ix  =  2   iy  = 16
#   x = (  -7.0000E-01  -  -6.0000E-01  )
#   y = (  -1.5000E-01  -  -5.0000E-02  )

x: z[cm]
y: Dose [Gy/source]      
p: xlin ylog afac(0.8) form(0.9)
h: n            x            y(proton  ),hh0l n 
#  z-lower      z-upper        proton    r.err 
   9.8380E+01   9.8430E+01   3.6119E-01  0.0119
   9.8430E+01   9.8480E+01   3.6041E-01  0.0128
   9.8480E+01   9.8530E+01   3.4210E-01  0.0147
   9.8530E+01   9.8580E+01   5.9795E-02  0.0230

#   sum over    2.0000E-03   2.8088E-01  0.0117

'no. = 49,  ix =  2,  iy = 16'
msuc: {\huge Histograma}
msdr: {\it plotted by \ANGEL \version}
msdl: {\it calculated by \PHITS  3.35}
wt: s(0.7)
\vspace{-3}
  xmin  &=&  -7.0000E-01 [cm]
  xmax  &=&  -6.0000E-01 [cm]
  ymin  &=&  -1.5000E-01 [cm]
  ymax  &=&  -5.0000E-02 [cm]
e:

#------------------------------------------------------------------------------
 newpage:
#   no. = 50   ix  =  2   iy  = 17
#   x = (  -7.0000E-01  -  -6.0000E-01  )
#   y = (  -5.0000E-02  -   5.0000E-02  )

x: z[cm]
y: Dose [Gy/source]      
p: xlin ylog afac(0.8) form(0.9)
h: n            x            y(proton  ),hh0l n 
#  z-lower      z-upper        proton    r.err 
   9.8380E+01   9.8430E+01   3.6054E-01  0.0120
   9.8430E+01   9.8480E+01   3.5737E-01  0.0128
   9.8480E+01   9.8530E+01   3.3514E-01  0.0149
   9.8530E+01   9.8580E+01   5.5036E-02  0.0237

#   sum over    2.0000E-03   2.7702E-01  0.0118

'no. = 50,  ix =  2,  iy = 17'
msuc: {\huge Histograma}
msdr: {\it plotted by \ANGEL \version}
msdl: {\it calculated by \PHITS  3.35}
wt: s(0.7)
\vspace{-3}
  xmin  &=&  -7.0000E-01 [cm]
  xmax  &=&  -6.0000E-01 [cm]
  ymin  &=&  -5.0000E-02 [cm]
  ymax  &=&   5.0000E-02 [cm]
e:

#------------------------------------------------------------------------------
 newpage:
#   no. = 51   ix  =  2   iy  = 18
#   x = (  -7.0000E-01  -  -6.0000E-01  )
#   y = (   5.0000E-02  -   1.5000E-01  )

x: z[cm]
y: Dose [Gy/source]      
p: xlin ylog afac(0.8) form(0.9)
h: n            x            y(proton  ),hh0l n 
#  z-lower      z-upper        proton    r.err 
   9.8380E+01   9.8430E+01   3.5673E-01  0.0121
   9.8430E+01   9.8480E+01   3.5035E-01  0.0130
   9.8480E+01   9.8530E+01   3.3301E-01  0.0149
   9.8530E+01   9.8580E+01   5.5764E-02  0.0237

#   sum over    2.0000E-03   2.7397E-01  0.0118

'no. = 51,  ix =  2,  iy = 18'
msuc: {\huge Histograma}
msdr: {\it plotted by \ANGEL \version}
msdl: {\it calculated by \PHITS  3.35}
wt: s(0.7)
\vspace{-3}
  xmin  &=&  -7.0000E-01 [cm]
  xmax  &=&  -6.0000E-01 [cm]
  ymin  &=&   5.0000E-02 [cm]
  ymax  &=&   1.5000E-01 [cm]
e:

#------------------------------------------------------------------------------
 newpage:
#   no. = 52   ix  =  2   iy  = 19
#   x = (  -7.0000E-01  -  -6.0000E-01  )
#   y = (   1.5000E-01  -   2.5000E-01  )

x: z[cm]
y: Dose [Gy/source]      
p: xlin ylog afac(0.8) form(0.9)
h: n            x            y(proton  ),hh0l n 
#  z-lower      z-upper        proton    r.err 
   9.8380E+01   9.8430E+01   3.6799E-01  0.0118
   9.8430E+01   9.8480E+01   3.6568E-01  0.0126
   9.8480E+01   9.8530E+01   3.4958E-01  0.0145
   9.8530E+01   9.8580E+01   6.1005E-02  0.0227

#   sum over    2.0000E-03   2.8606E-01  0.0116

'no. = 52,  ix =  2,  iy = 19'
msuc: {\huge Histograma}
msdr: {\it plotted by \ANGEL \version}
msdl: {\it calculated by \PHITS  3.35}
wt: s(0.7)
\vspace{-3}
  xmin  &=&  -7.0000E-01 [cm]
  xmax  &=&  -6.0000E-01 [cm]
  ymin  &=&   1.5000E-01 [cm]
  ymax  &=&   2.5000E-01 [cm]
e:

#------------------------------------------------------------------------------
 newpage:
#   no. = 53   ix  =  2   iy  = 20
#   x = (  -7.0000E-01  -  -6.0000E-01  )
#   y = (   2.5000E-01  -   3.5000E-01  )

x: z[cm]
y: Dose [Gy/source]      
p: xlin ylog afac(0.8) form(0.9)
h: n            x            y(proton  ),hh0l n 
#  z-lower      z-upper        proton    r.err 
   9.8380E+01   9.8430E+01   3.6147E-01  0.0120
   9.8430E+01   9.8480E+01   3.5561E-01  0.0129
   9.8480E+01   9.8530E+01   3.3941E-01  0.0148
   9.8530E+01   9.8580E+01   5.9502E-02  0.0229

#   sum over    2.0000E-03   2.7900E-01  0.0117

'no. = 53,  ix =  2,  iy = 20'
msuc: {\huge Histograma}
msdr: {\it plotted by \ANGEL \version}
msdl: {\it calculated by \PHITS  3.35}
wt: s(0.7)
\vspace{-3}
  xmin  &=&  -7.0000E-01 [cm]
  xmax  &=&  -6.0000E-01 [cm]
  ymin  &=&   2.5000E-01 [cm]
  ymax  &=&   3.5000E-01 [cm]
e:

#------------------------------------------------------------------------------
 newpage:
#   no. = 54   ix  =  2   iy  = 21
#   x = (  -7.0000E-01  -  -6.0000E-01  )
#   y = (   3.5000E-01  -   4.5000E-01  )

x: z[cm]
y: Dose [Gy/source]      
p: xlin ylog afac(0.8) form(0.9)
h: n            x            y(proton  ),hh0l n 
#  z-lower      z-upper        proton    r.err 
   9.8380E+01   9.8430E+01   3.5864E-01  0.0120
   9.8430E+01   9.8480E+01   3.5763E-01  0.0128
   9.8480E+01   9.8530E+01   3.3868E-01  0.0148
   9.8530E+01   9.8580E+01   5.7084E-02  0.0234

#   sum over    2.0000E-03   2.7801E-01  0.0118

'no. = 54,  ix =  2,  iy = 21'
msuc: {\huge Histograma}
msdr: {\it plotted by \ANGEL \version}
msdl: {\it calculated by \PHITS  3.35}
wt: s(0.7)
\vspace{-3}
  xmin  &=&  -7.0000E-01 [cm]
  xmax  &=&  -6.0000E-01 [cm]
  ymin  &=&   3.5000E-01 [cm]
  ymax  &=&   4.5000E-01 [cm]
e:

#------------------------------------------------------------------------------
 newpage:
#   no. = 55   ix  =  2   iy  = 22
#   x = (  -7.0000E-01  -  -6.0000E-01  )
#   y = (   4.5000E-01  -   5.5000E-01  )

x: z[cm]
y: Dose [Gy/source]      
p: xlin ylog afac(0.8) form(0.9)
h: n            x            y(proton  ),hh0l n 
#  z-lower      z-upper        proton    r.err 
   9.8380E+01   9.8430E+01   3.5723E-01  0.0120
   9.8430E+01   9.8480E+01   3.5084E-01  0.0129
   9.8480E+01   9.8530E+01   3.4081E-01  0.0148
   9.8530E+01   9.8580E+01   5.8970E-02  0.0229

#   sum over    2.0000E-03   2.7696E-01  0.0118

'no. = 55,  ix =  2,  iy = 22'
msuc: {\huge Histograma}
msdr: {\it plotted by \ANGEL \version}
msdl: {\it calculated by \PHITS  3.35}
wt: s(0.7)
\vspace{-3}
  xmin  &=&  -7.0000E-01 [cm]
  xmax  &=&  -6.0000E-01 [cm]
  ymin  &=&   4.5000E-01 [cm]
  ymax  &=&   5.5000E-01 [cm]
e:

#------------------------------------------------------------------------------
 newpage:
#   no. = 56   ix  =  2   iy  = 23
#   x = (  -7.0000E-01  -  -6.0000E-01  )
#   y = (   5.5000E-01  -   6.5000E-01  )

x: z[cm]
y: Dose [Gy/source]      
p: xlin ylog afac(0.8) form(0.9)
h: n            x            y(proton  ),hh0l n 
#  z-lower      z-upper        proton    r.err 
   9.8380E+01   9.8430E+01   3.6401E-01  0.0119
   9.8430E+01   9.8480E+01   3.5297E-01  0.0129
   9.8480E+01   9.8530E+01   3.3547E-01  0.0149
   9.8530E+01   9.8580E+01   5.7000E-02  0.0235

#   sum over    2.0000E-03   2.7736E-01  0.0118

'no. = 56,  ix =  2,  iy = 23'
msuc: {\huge Histograma}
msdr: {\it plotted by \ANGEL \version}
msdl: {\it calculated by \PHITS  3.35}
wt: s(0.7)
\vspace{-3}
  xmin  &=&  -7.0000E-01 [cm]
  xmax  &=&  -6.0000E-01 [cm]
  ymin  &=&   5.5000E-01 [cm]
  ymax  &=&   6.5000E-01 [cm]
e:

#------------------------------------------------------------------------------
 newpage:
#   no. = 57   ix  =  2   iy  = 24
#   x = (  -7.0000E-01  -  -6.0000E-01  )
#   y = (   6.5000E-01  -   7.5000E-01  )

x: z[cm]
y: Dose [Gy/source]      
p: xlin ylog afac(0.8) form(0.9)
h: n            x            y(proton  ),hh0l n 
#  z-lower      z-upper        proton    r.err 
   9.8380E+01   9.8430E+01   3.6521E-01  0.0119
   9.8430E+01   9.8480E+01   3.6064E-01  0.0128
   9.8480E+01   9.8530E+01   3.4353E-01  0.0147
   9.8530E+01   9.8580E+01   5.8506E-02  0.0232

#   sum over    2.0000E-03   2.8197E-01  0.0117

'no. = 57,  ix =  2,  iy = 24'
msuc: {\huge Histograma}
msdr: {\it plotted by \ANGEL \version}
msdl: {\it calculated by \PHITS  3.35}
wt: s(0.7)
\vspace{-3}
  xmin  &=&  -7.0000E-01 [cm]
  xmax  &=&  -6.0000E-01 [cm]
  ymin  &=&   6.5000E-01 [cm]
  ymax  &=&   7.5000E-01 [cm]
e:

#------------------------------------------------------------------------------
 newpage:
#   no. = 58   ix  =  2   iy  = 25
#   x = (  -7.0000E-01  -  -6.0000E-01  )
#   y = (   7.5000E-01  -   8.5000E-01  )

x: z[cm]
y: Dose [Gy/source]      
p: xlin ylog afac(0.8) form(0.9)
h: n            x            y(proton  ),hh0l n 
#  z-lower      z-upper        proton    r.err 
   9.8380E+01   9.8430E+01   3.5877E-01  0.0120
   9.8430E+01   9.8480E+01   3.5889E-01  0.0128
   9.8480E+01   9.8530E+01   3.4250E-01  0.0147
   9.8530E+01   9.8580E+01   5.9105E-02  0.0232

#   sum over    2.0000E-03   2.7981E-01  0.0118

'no. = 58,  ix =  2,  iy = 25'
msuc: {\huge Histograma}
msdr: {\it plotted by \ANGEL \version}
msdl: {\it calculated by \PHITS  3.35}
wt: s(0.7)
\vspace{-3}
  xmin  &=&  -7.0000E-01 [cm]
  xmax  &=&  -6.0000E-01 [cm]
  ymin  &=&   7.5000E-01 [cm]
  ymax  &=&   8.5000E-01 [cm]
e:

#------------------------------------------------------------------------------
 newpage:
#   no. = 59   ix  =  2   iy  = 26
#   x = (  -7.0000E-01  -  -6.0000E-01  )
#   y = (   8.5000E-01  -   9.5000E-01  )

x: z[cm]
y: Dose [Gy/source]      
p: xlin ylog afac(0.8) form(0.9)
h: n            x            y(proton  ),hh0l n 
#  z-lower      z-upper        proton    r.err 
   9.8380E+01   9.8430E+01   3.7066E-01  0.0118
   9.8430E+01   9.8480E+01   3.6128E-01  0.0128
   9.8480E+01   9.8530E+01   3.4851E-01  0.0146
   9.8530E+01   9.8580E+01   5.6130E-02  0.0235

#   sum over    2.0000E-03   2.8415E-01  0.0116

'no. = 59,  ix =  2,  iy = 26'
msuc: {\huge Histograma}
msdr: {\it plotted by \ANGEL \version}
msdl: {\it calculated by \PHITS  3.35}
wt: s(0.7)
\vspace{-3}
  xmin  &=&  -7.0000E-01 [cm]
  xmax  &=&  -6.0000E-01 [cm]
  ymin  &=&   8.5000E-01 [cm]
  ymax  &=&   9.5000E-01 [cm]
e:

#------------------------------------------------------------------------------
 newpage:
#   no. = 60   ix  =  2   iy  = 27
#   x = (  -7.0000E-01  -  -6.0000E-01  )
#   y = (   9.5000E-01  -   1.0500E+00  )

x: z[cm]
y: Dose [Gy/source]      
p: xlin ylog afac(0.8) form(0.9)
h: n            x            y(proton  ),hh0l n 
#  z-lower      z-upper        proton    r.err 
   9.8380E+01   9.8430E+01   3.7064E-01  0.0118
   9.8430E+01   9.8480E+01   3.6494E-01  0.0127
   9.8480E+01   9.8530E+01   3.5256E-01  0.0146
   9.8530E+01   9.8580E+01   5.5897E-02  0.0235

#   sum over    2.0000E-03   2.8601E-01  0.0116

'no. = 60,  ix =  2,  iy = 27'
msuc: {\huge Histograma}
msdr: {\it plotted by \ANGEL \version}
msdl: {\it calculated by \PHITS  3.35}
wt: s(0.7)
\vspace{-3}
  xmin  &=&  -7.0000E-01 [cm]
  xmax  &=&  -6.0000E-01 [cm]
  ymin  &=&   9.5000E-01 [cm]
  ymax  &=&   1.0500E+00 [cm]
e:

#------------------------------------------------------------------------------
 newpage:
#   no. = 61   ix  =  2   iy  = 28
#   x = (  -7.0000E-01  -  -6.0000E-01  )
#   y = (   1.0500E+00  -   1.1500E+00  )

x: z[cm]
y: Dose [Gy/source]      
p: xlin ylog afac(0.8) form(0.9)
h: n            x            y(proton  ),hh0l n 
#  z-lower      z-upper        proton    r.err 
   9.8380E+01   9.8430E+01   3.7123E-01  0.0118
   9.8430E+01   9.8480E+01   3.6852E-01  0.0126
   9.8480E+01   9.8530E+01   3.5773E-01  0.0145
   9.8530E+01   9.8580E+01   5.2683E-02  0.0237

#   sum over    2.0000E-03   2.8754E-01  0.0116

'no. = 61,  ix =  2,  iy = 28'
msuc: {\huge Histograma}
msdr: {\it plotted by \ANGEL \version}
msdl: {\it calculated by \PHITS  3.35}
wt: s(0.7)
\vspace{-3}
  xmin  &=&  -7.0000E-01 [cm]
  xmax  &=&  -6.0000E-01 [cm]
  ymin  &=&   1.0500E+00 [cm]
  ymax  &=&   1.1500E+00 [cm]
e:

#------------------------------------------------------------------------------
 newpage:
#   no. = 62   ix  =  2   iy  = 29
#   x = (  -7.0000E-01  -  -6.0000E-01  )
#   y = (   1.1500E+00  -   1.2500E+00  )

x: z[cm]
y: Dose [Gy/source]      
p: xlin ylog afac(0.8) form(0.9)
h: n            x            y(proton  ),hh0l n 
#  z-lower      z-upper        proton    r.err 
   9.8380E+01   9.8430E+01   3.6661E-01  0.0118
   9.8430E+01   9.8480E+01   3.6563E-01  0.0127
   9.8480E+01   9.8530E+01   3.5023E-01  0.0147
   9.8530E+01   9.8580E+01   5.1983E-02  0.0240

#   sum over    2.0000E-03   2.8361E-01  0.0117

'no. = 62,  ix =  2,  iy = 29'
msuc: {\huge Histograma}
msdr: {\it plotted by \ANGEL \version}
msdl: {\it calculated by \PHITS  3.35}
wt: s(0.7)
\vspace{-3}
  xmin  &=&  -7.0000E-01 [cm]
  xmax  &=&  -6.0000E-01 [cm]
  ymin  &=&   1.1500E+00 [cm]
  ymax  &=&   1.2500E+00 [cm]
e:

#------------------------------------------------------------------------------
 newpage:
#   no. = 63   ix  =  2   iy  = 30
#   x = (  -7.0000E-01  -  -6.0000E-01  )
#   y = (   1.2500E+00  -   1.3500E+00  )

x: z[cm]
y: Dose [Gy/source]      
p: xlin ylog afac(0.8) form(0.9)
h: n            x            y(proton  ),hh0l n 
#  z-lower      z-upper        proton    r.err 
   9.8380E+01   9.8430E+01   3.8133E-01  0.0116
   9.8430E+01   9.8480E+01   3.7969E-01  0.0125
   9.8480E+01   9.8530E+01   3.6653E-01  0.0143
   9.8530E+01   9.8580E+01   5.4375E-02  0.0232

#   sum over    2.0000E-03   2.9548E-01  0.0114

'no. = 63,  ix =  2,  iy = 30'
msuc: {\huge Histograma}
msdr: {\it plotted by \ANGEL \version}
msdl: {\it calculated by \PHITS  3.35}
wt: s(0.7)
\vspace{-3}
  xmin  &=&  -7.0000E-01 [cm]
  xmax  &=&  -6.0000E-01 [cm]
  ymin  &=&   1.2500E+00 [cm]
  ymax  &=&   1.3500E+00 [cm]
e:

#------------------------------------------------------------------------------
 newpage:
#   no. = 64   ix  =  2   iy  = 31
#   x = (  -7.0000E-01  -  -6.0000E-01  )
#   y = (   1.3500E+00  -   1.4500E+00  )

x: z[cm]
y: Dose [Gy/source]      
p: xlin ylog afac(0.8) form(0.9)
h: n            x            y(proton  ),hh0l n 
#  z-lower      z-upper        proton    r.err 
   9.8380E+01   9.8430E+01   3.7173E-01  0.0118
   9.8430E+01   9.8480E+01   3.7339E-01  0.0126
   9.8480E+01   9.8530E+01   3.6282E-01  0.0144
   9.8530E+01   9.8580E+01   5.4689E-02  0.0233

#   sum over    2.0000E-03   2.9066E-01  0.0115

'no. = 64,  ix =  2,  iy = 31'
msuc: {\huge Histograma}
msdr: {\it plotted by \ANGEL \version}
msdl: {\it calculated by \PHITS  3.35}
wt: s(0.7)
\vspace{-3}
  xmin  &=&  -7.0000E-01 [cm]
  xmax  &=&  -6.0000E-01 [cm]
  ymin  &=&   1.3500E+00 [cm]
  ymax  &=&   1.4500E+00 [cm]
e:

#------------------------------------------------------------------------------
 newpage:
#   no. = 65   ix  =  2   iy  = 32
#   x = (  -7.0000E-01  -  -6.0000E-01  )
#   y = (   1.4500E+00  -   1.5500E+00  )

x: z[cm]
y: Dose [Gy/source]      
p: xlin ylog afac(0.8) form(0.9)
h: n            x            y(proton  ),hh0l n 
#  z-lower      z-upper        proton    r.err 
   9.8380E+01   9.8430E+01   3.7397E-01  0.0117
   9.8430E+01   9.8480E+01   3.6994E-01  0.0126
   9.8480E+01   9.8530E+01   3.6579E-01  0.0143
   9.8530E+01   9.8580E+01   5.6935E-02  0.0228

#   sum over    2.0000E-03   2.9166E-01  0.0115

'no. = 65,  ix =  2,  iy = 32'
msuc: {\huge Histograma}
msdr: {\it plotted by \ANGEL \version}
msdl: {\it calculated by \PHITS  3.35}
wt: s(0.7)
\vspace{-3}
  xmin  &=&  -7.0000E-01 [cm]
  xmax  &=&  -6.0000E-01 [cm]
  ymin  &=&   1.4500E+00 [cm]
  ymax  &=&   1.5500E+00 [cm]
e:

#------------------------------------------------------------------------------
 newpage:
#   no. = 66   ix  =  2   iy  = 33
#   x = (  -7.0000E-01  -  -6.0000E-01  )
#   y = (   1.5500E+00  -   1.6500E+00  )

x: z[cm]
y: Dose [Gy/source]      
p: xlin ylog afac(0.8) form(0.9)
h: n            x            y(proton  ),hh0l n 
#  z-lower      z-upper        proton    r.err 
   9.8380E+01   9.8430E+01   3.7928E-01  0.0117
   9.8430E+01   9.8480E+01   3.7528E-01  0.0126
   9.8480E+01   9.8530E+01   3.5594E-01  0.0145
   9.8530E+01   9.8580E+01   5.2699E-02  0.0238

#   sum over    2.0000E-03   2.9080E-01  0.0115

'no. = 66,  ix =  2,  iy = 33'
msuc: {\huge Histograma}
msdr: {\it plotted by \ANGEL \version}
msdl: {\it calculated by \PHITS  3.35}
wt: s(0.7)
\vspace{-3}
  xmin  &=&  -7.0000E-01 [cm]
  xmax  &=&  -6.0000E-01 [cm]
  ymin  &=&   1.5500E+00 [cm]
  ymax  &=&   1.6500E+00 [cm]
e:

#------------------------------------------------------------------------------
 newpage:
#   no. = 67   ix  =  3   iy  =  1
#   x = (  -6.0000E-01  -  -5.0000E-01  )
#   y = (  -1.6500E+00  -  -1.5500E+00  )

x: z[cm]
y: Dose [Gy/source]      
p: xlin ylog afac(0.8) form(0.9)
h: n            x            y(proton  ),hh0l n 
#  z-lower      z-upper        proton    r.err 
   9.8380E+01   9.8430E+01   0.0000E+00  0.0000
   9.8430E+01   9.8480E+01   6.8693E-05  1.0000
   9.8480E+01   9.8530E+01   0.0000E+00  0.0000
   9.8530E+01   9.8580E+01   6.1164E-05  1.0000

#   sum over    2.0000E-03   3.2464E-05  0.7083

'no. = 67,  ix =  3,  iy =  1'
msuc: {\huge Histograma}
msdr: {\it plotted by \ANGEL \version}
msdl: {\it calculated by \PHITS  3.35}
wt: s(0.7)
\vspace{-3}
  xmin  &=&  -6.0000E-01 [cm]
  xmax  &=&  -5.0000E-01 [cm]
  ymin  &=&  -1.6500E+00 [cm]
  ymax  &=&  -1.5500E+00 [cm]
e:

#------------------------------------------------------------------------------
 newpage:
#   no. = 68   ix  =  3   iy  =  2
#   x = (  -6.0000E-01  -  -5.0000E-01  )
#   y = (  -1.5500E+00  -  -1.4500E+00  )

x: z[cm]
y: Dose [Gy/source]      
p: xlin ylog afac(0.8) form(0.9)
h: n            x            y(proton  ),hh0l n 
#  z-lower      z-upper        proton    r.err 
   9.8380E+01   9.8430E+01   0.0000E+00  0.0000
   9.8430E+01   9.8480E+01   3.0138E-05  1.0000
   9.8480E+01   9.8530E+01   0.0000E+00  0.0000
   9.8530E+01   9.8580E+01   0.0000E+00  0.0000

#   sum over    2.0000E-03   7.5344E-06  1.0000

'no. = 68,  ix =  3,  iy =  2'
msuc: {\huge Histograma}
msdr: {\it plotted by \ANGEL \version}
msdl: {\it calculated by \PHITS  3.35}
wt: s(0.7)
\vspace{-3}
  xmin  &=&  -6.0000E-01 [cm]
  xmax  &=&  -5.0000E-01 [cm]
  ymin  &=&  -1.5500E+00 [cm]
  ymax  &=&  -1.4500E+00 [cm]
e:

#------------------------------------------------------------------------------
 newpage:
#   no. = 69   ix  =  3   iy  =  3
#   x = (  -6.0000E-01  -  -5.0000E-01  )
#   y = (  -1.4500E+00  -  -1.3500E+00  )

x: z[cm]
y: Dose [Gy/source]      
p: xlin ylog afac(0.8) form(0.9)
h: n            x            y(proton  ),hh0l n 
#  z-lower      z-upper        proton    r.err 
   9.8380E+01   9.8430E+01   9.1986E-05  1.0000
   9.8430E+01   9.8480E+01   1.2972E-04  0.6088
   9.8480E+01   9.8530E+01   3.9182E-04  0.4483
   9.8530E+01   9.8580E+01   1.3600E-03  0.4635

#   sum over    2.0000E-03   4.9339E-04  0.3966

'no. = 69,  ix =  3,  iy =  3'
msuc: {\huge Histograma}
msdr: {\it plotted by \ANGEL \version}
msdl: {\it calculated by \PHITS  3.35}
wt: s(0.7)
\vspace{-3}
  xmin  &=&  -6.0000E-01 [cm]
  xmax  &=&  -5.0000E-01 [cm]
  ymin  &=&  -1.4500E+00 [cm]
  ymax  &=&  -1.3500E+00 [cm]
e:

#------------------------------------------------------------------------------
 newpage:
#   no. = 70   ix  =  3   iy  =  4
#   x = (  -6.0000E-01  -  -5.0000E-01  )
#   y = (  -1.3500E+00  -  -1.2500E+00  )

x: z[cm]
y: Dose [Gy/source]      
p: xlin ylog afac(0.8) form(0.9)
h: n            x            y(proton  ),hh0l n 
#  z-lower      z-upper        proton    r.err 
   9.8380E+01   9.8430E+01   2.6065E-01  0.0143
   9.8430E+01   9.8480E+01   2.6150E-01  0.0152
   9.8480E+01   9.8530E+01   2.5541E-01  0.0173
   9.8530E+01   9.8580E+01   5.2356E-02  0.0310

#   sum over    2.0000E-03   2.0748E-01  0.0140

'no. = 70,  ix =  3,  iy =  4'
msuc: {\huge Histograma}
msdr: {\it plotted by \ANGEL \version}
msdl: {\it calculated by \PHITS  3.35}
wt: s(0.7)
\vspace{-3}
  xmin  &=&  -6.0000E-01 [cm]
  xmax  &=&  -5.0000E-01 [cm]
  ymin  &=&  -1.3500E+00 [cm]
  ymax  &=&  -1.2500E+00 [cm]
e:

#------------------------------------------------------------------------------
 newpage:
#   no. = 71   ix  =  3   iy  =  5
#   x = (  -6.0000E-01  -  -5.0000E-01  )
#   y = (  -1.2500E+00  -  -1.1500E+00  )

x: z[cm]
y: Dose [Gy/source]      
p: xlin ylog afac(0.8) form(0.9)
h: n            x            y(proton  ),hh0l n 
#  z-lower      z-upper        proton    r.err 
   9.8380E+01   9.8430E+01   3.7103E-01  0.0117
   9.8430E+01   9.8480E+01   3.7207E-01  0.0126
   9.8480E+01   9.8530E+01   3.5714E-01  0.0145
   9.8530E+01   9.8580E+01   5.9252E-02  0.0228

#   sum over    2.0000E-03   2.8987E-01  0.0115

'no. = 71,  ix =  3,  iy =  5'
msuc: {\huge Histograma}
msdr: {\it plotted by \ANGEL \version}
msdl: {\it calculated by \PHITS  3.35}
wt: s(0.7)
\vspace{-3}
  xmin  &=&  -6.0000E-01 [cm]
  xmax  &=&  -5.0000E-01 [cm]
  ymin  &=&  -1.2500E+00 [cm]
  ymax  &=&  -1.1500E+00 [cm]
e:

#------------------------------------------------------------------------------
 newpage:
#   no. = 72   ix  =  3   iy  =  6
#   x = (  -6.0000E-01  -  -5.0000E-01  )
#   y = (  -1.1500E+00  -  -1.0500E+00  )

x: z[cm]
y: Dose [Gy/source]      
p: xlin ylog afac(0.8) form(0.9)
h: n            x            y(proton  ),hh0l n 
#  z-lower      z-upper        proton    r.err 
   9.8380E+01   9.8430E+01   3.6315E-01  0.0119
   9.8430E+01   9.8480E+01   3.6106E-01  0.0128
   9.8480E+01   9.8530E+01   3.4383E-01  0.0147
   9.8530E+01   9.8580E+01   5.8990E-02  0.0230

#   sum over    2.0000E-03   2.8176E-01  0.0117

'no. = 72,  ix =  3,  iy =  6'
msuc: {\huge Histograma}
msdr: {\it plotted by \ANGEL \version}
msdl: {\it calculated by \PHITS  3.35}
wt: s(0.7)
\vspace{-3}
  xmin  &=&  -6.0000E-01 [cm]
  xmax  &=&  -5.0000E-01 [cm]
  ymin  &=&  -1.1500E+00 [cm]
  ymax  &=&  -1.0500E+00 [cm]
e:

#------------------------------------------------------------------------------
 newpage:
#   no. = 73   ix  =  3   iy  =  7
#   x = (  -6.0000E-01  -  -5.0000E-01  )
#   y = (  -1.0500E+00  -  -9.5000E-01  )

x: z[cm]
y: Dose [Gy/source]      
p: xlin ylog afac(0.8) form(0.9)
h: n            x            y(proton  ),hh0l n 
#  z-lower      z-upper        proton    r.err 
   9.8380E+01   9.8430E+01   3.6897E-01  0.0118
   9.8430E+01   9.8480E+01   3.6813E-01  0.0126
   9.8480E+01   9.8530E+01   3.5671E-01  0.0144
   9.8530E+01   9.8580E+01   6.0119E-02  0.0227

#   sum over    2.0000E-03   2.8848E-01  0.0116

'no. = 73,  ix =  3,  iy =  7'
msuc: {\huge Histograma}
msdr: {\it plotted by \ANGEL \version}
msdl: {\it calculated by \PHITS  3.35}
wt: s(0.7)
\vspace{-3}
  xmin  &=&  -6.0000E-01 [cm]
  xmax  &=&  -5.0000E-01 [cm]
  ymin  &=&  -1.0500E+00 [cm]
  ymax  &=&  -9.5000E-01 [cm]
e:

#------------------------------------------------------------------------------
 newpage:
#   no. = 74   ix  =  3   iy  =  8
#   x = (  -6.0000E-01  -  -5.0000E-01  )
#   y = (  -9.5000E-01  -  -8.5000E-01  )

x: z[cm]
y: Dose [Gy/source]      
p: xlin ylog afac(0.8) form(0.9)
h: n            x            y(proton  ),hh0l n 
#  z-lower      z-upper        proton    r.err 
   9.8380E+01   9.8430E+01   3.7073E-01  0.0118
   9.8430E+01   9.8480E+01   3.6065E-01  0.0128
   9.8480E+01   9.8530E+01   3.4172E-01  0.0147
   9.8530E+01   9.8580E+01   5.7255E-02  0.0234

#   sum over    2.0000E-03   2.8259E-01  0.0116

'no. = 74,  ix =  3,  iy =  8'
msuc: {\huge Histograma}
msdr: {\it plotted by \ANGEL \version}
msdl: {\it calculated by \PHITS  3.35}
wt: s(0.7)
\vspace{-3}
  xmin  &=&  -6.0000E-01 [cm]
  xmax  &=&  -5.0000E-01 [cm]
  ymin  &=&  -9.5000E-01 [cm]
  ymax  &=&  -8.5000E-01 [cm]
e:

#------------------------------------------------------------------------------
 newpage:
#   no. = 75   ix  =  3   iy  =  9
#   x = (  -6.0000E-01  -  -5.0000E-01  )
#   y = (  -8.5000E-01  -  -7.5000E-01  )

x: z[cm]
y: Dose [Gy/source]      
p: xlin ylog afac(0.8) form(0.9)
h: n            x            y(proton  ),hh0l n 
#  z-lower      z-upper        proton    r.err 
   9.8380E+01   9.8430E+01   3.6912E-01  0.0118
   9.8430E+01   9.8480E+01   3.6392E-01  0.0127
   9.8480E+01   9.8530E+01   3.5516E-01  0.0145
   9.8530E+01   9.8580E+01   5.9271E-02  0.0229

#   sum over    2.0000E-03   2.8687E-01  0.0116

'no. = 75,  ix =  3,  iy =  9'
msuc: {\huge Histograma}
msdr: {\it plotted by \ANGEL \version}
msdl: {\it calculated by \PHITS  3.35}
wt: s(0.7)
\vspace{-3}
  xmin  &=&  -6.0000E-01 [cm]
  xmax  &=&  -5.0000E-01 [cm]
  ymin  &=&  -8.5000E-01 [cm]
  ymax  &=&  -7.5000E-01 [cm]
e:

#------------------------------------------------------------------------------
 newpage:
#   no. = 76   ix  =  3   iy  = 10
#   x = (  -6.0000E-01  -  -5.0000E-01  )
#   y = (  -7.5000E-01  -  -6.5000E-01  )

x: z[cm]
y: Dose [Gy/source]      
p: xlin ylog afac(0.8) form(0.9)
h: n            x            y(proton  ),hh0l n 
#  z-lower      z-upper        proton    r.err 
   9.8380E+01   9.8430E+01   3.6690E-01  0.0118
   9.8430E+01   9.8480E+01   3.6060E-01  0.0127
   9.8480E+01   9.8530E+01   3.4807E-01  0.0146
   9.8530E+01   9.8580E+01   5.8365E-02  0.0231

#   sum over    2.0000E-03   2.8348E-01  0.0116

'no. = 76,  ix =  3,  iy = 10'
msuc: {\huge Histograma}
msdr: {\it plotted by \ANGEL \version}
msdl: {\it calculated by \PHITS  3.35}
wt: s(0.7)
\vspace{-3}
  xmin  &=&  -6.0000E-01 [cm]
  xmax  &=&  -5.0000E-01 [cm]
  ymin  &=&  -7.5000E-01 [cm]
  ymax  &=&  -6.5000E-01 [cm]
e:

#------------------------------------------------------------------------------
 newpage:
#   no. = 77   ix  =  3   iy  = 11
#   x = (  -6.0000E-01  -  -5.0000E-01  )
#   y = (  -6.5000E-01  -  -5.5000E-01  )

x: z[cm]
y: Dose [Gy/source]      
p: xlin ylog afac(0.8) form(0.9)
h: n            x            y(proton  ),hh0l n 
#  z-lower      z-upper        proton    r.err 
   9.8380E+01   9.8430E+01   3.5630E-01  0.0120
   9.8430E+01   9.8480E+01   3.5296E-01  0.0129
   9.8480E+01   9.8530E+01   3.3603E-01  0.0149
   9.8530E+01   9.8580E+01   5.8181E-02  0.0233

#   sum over    2.0000E-03   2.7587E-01  0.0118

'no. = 77,  ix =  3,  iy = 11'
msuc: {\huge Histograma}
msdr: {\it plotted by \ANGEL \version}
msdl: {\it calculated by \PHITS  3.35}
wt: s(0.7)
\vspace{-3}
  xmin  &=&  -6.0000E-01 [cm]
  xmax  &=&  -5.0000E-01 [cm]
  ymin  &=&  -6.5000E-01 [cm]
  ymax  &=&  -5.5000E-01 [cm]
e:

#------------------------------------------------------------------------------
 newpage:
#   no. = 78   ix  =  3   iy  = 12
#   x = (  -6.0000E-01  -  -5.0000E-01  )
#   y = (  -5.5000E-01  -  -4.5000E-01  )

x: z[cm]
y: Dose [Gy/source]      
p: xlin ylog afac(0.8) form(0.9)
h: n            x            y(proton  ),hh0l n 
#  z-lower      z-upper        proton    r.err 
   9.8380E+01   9.8430E+01   3.6576E-01  0.0119
   9.8430E+01   9.8480E+01   3.5708E-01  0.0128
   9.8480E+01   9.8530E+01   3.4428E-01  0.0147
   9.8530E+01   9.8580E+01   5.8521E-02  0.0231

#   sum over    2.0000E-03   2.8141E-01  0.0117

'no. = 78,  ix =  3,  iy = 12'
msuc: {\huge Histograma}
msdr: {\it plotted by \ANGEL \version}
msdl: {\it calculated by \PHITS  3.35}
wt: s(0.7)
\vspace{-3}
  xmin  &=&  -6.0000E-01 [cm]
  xmax  &=&  -5.0000E-01 [cm]
  ymin  &=&  -5.5000E-01 [cm]
  ymax  &=&  -4.5000E-01 [cm]
e:

#------------------------------------------------------------------------------
 newpage:
#   no. = 79   ix  =  3   iy  = 13
#   x = (  -6.0000E-01  -  -5.0000E-01  )
#   y = (  -4.5000E-01  -  -3.5000E-01  )

x: z[cm]
y: Dose [Gy/source]      
p: xlin ylog afac(0.8) form(0.9)
h: n            x            y(proton  ),hh0l n 
#  z-lower      z-upper        proton    r.err 
   9.8380E+01   9.8430E+01   3.6920E-01  0.0118
   9.8430E+01   9.8480E+01   3.6469E-01  0.0127
   9.8480E+01   9.8530E+01   3.4380E-01  0.0147
   9.8530E+01   9.8580E+01   5.8852E-02  0.0231

#   sum over    2.0000E-03   2.8413E-01  0.0116

'no. = 79,  ix =  3,  iy = 13'
msuc: {\huge Histograma}
msdr: {\it plotted by \ANGEL \version}
msdl: {\it calculated by \PHITS  3.35}
wt: s(0.7)
\vspace{-3}
  xmin  &=&  -6.0000E-01 [cm]
  xmax  &=&  -5.0000E-01 [cm]
  ymin  &=&  -4.5000E-01 [cm]
  ymax  &=&  -3.5000E-01 [cm]
e:

#------------------------------------------------------------------------------
 newpage:
#   no. = 80   ix  =  3   iy  = 14
#   x = (  -6.0000E-01  -  -5.0000E-01  )
#   y = (  -3.5000E-01  -  -2.5000E-01  )

x: z[cm]
y: Dose [Gy/source]      
p: xlin ylog afac(0.8) form(0.9)
h: n            x            y(proton  ),hh0l n 
#  z-lower      z-upper        proton    r.err 
   9.8380E+01   9.8430E+01   3.7076E-01  0.0118
   9.8430E+01   9.8480E+01   3.6512E-01  0.0127
   9.8480E+01   9.8530E+01   3.4307E-01  0.0147
   9.8530E+01   9.8580E+01   5.6351E-02  0.0234

#   sum over    2.0000E-03   2.8383E-01  0.0116

'no. = 80,  ix =  3,  iy = 14'
msuc: {\huge Histograma}
msdr: {\it plotted by \ANGEL \version}
msdl: {\it calculated by \PHITS  3.35}
wt: s(0.7)
\vspace{-3}
  xmin  &=&  -6.0000E-01 [cm]
  xmax  &=&  -5.0000E-01 [cm]
  ymin  &=&  -3.5000E-01 [cm]
  ymax  &=&  -2.5000E-01 [cm]
e:

#------------------------------------------------------------------------------
 newpage:
#   no. = 81   ix  =  3   iy  = 15
#   x = (  -6.0000E-01  -  -5.0000E-01  )
#   y = (  -2.5000E-01  -  -1.5000E-01  )

x: z[cm]
y: Dose [Gy/source]      
p: xlin ylog afac(0.8) form(0.9)
h: n            x            y(proton  ),hh0l n 
#  z-lower      z-upper        proton    r.err 
   9.8380E+01   9.8430E+01   3.6739E-01  0.0119
   9.8430E+01   9.8480E+01   3.5972E-01  0.0128
   9.8480E+01   9.8530E+01   3.3484E-01  0.0149
   9.8530E+01   9.8580E+01   5.6337E-02  0.0235

#   sum over    2.0000E-03   2.7957E-01  0.0117

'no. = 81,  ix =  3,  iy = 15'
msuc: {\huge Histograma}
msdr: {\it plotted by \ANGEL \version}
msdl: {\it calculated by \PHITS  3.35}
wt: s(0.7)
\vspace{-3}
  xmin  &=&  -6.0000E-01 [cm]
  xmax  &=&  -5.0000E-01 [cm]
  ymin  &=&  -2.5000E-01 [cm]
  ymax  &=&  -1.5000E-01 [cm]
e:

#------------------------------------------------------------------------------
 newpage:
#   no. = 82   ix  =  3   iy  = 16
#   x = (  -6.0000E-01  -  -5.0000E-01  )
#   y = (  -1.5000E-01  -  -5.0000E-02  )

x: z[cm]
y: Dose [Gy/source]      
p: xlin ylog afac(0.8) form(0.9)
h: n            x            y(proton  ),hh0l n 
#  z-lower      z-upper        proton    r.err 
   9.8380E+01   9.8430E+01   3.5823E-01  0.0120
   9.8430E+01   9.8480E+01   3.5708E-01  0.0129
   9.8480E+01   9.8530E+01   3.3191E-01  0.0149
   9.8530E+01   9.8580E+01   5.6129E-02  0.0235

#   sum over    2.0000E-03   2.7584E-01  0.0118

'no. = 82,  ix =  3,  iy = 16'
msuc: {\huge Histograma}
msdr: {\it plotted by \ANGEL \version}
msdl: {\it calculated by \PHITS  3.35}
wt: s(0.7)
\vspace{-3}
  xmin  &=&  -6.0000E-01 [cm]
  xmax  &=&  -5.0000E-01 [cm]
  ymin  &=&  -1.5000E-01 [cm]
  ymax  &=&  -5.0000E-02 [cm]
e:

#------------------------------------------------------------------------------
 newpage:
#   no. = 83   ix  =  3   iy  = 17
#   x = (  -6.0000E-01  -  -5.0000E-01  )
#   y = (  -5.0000E-02  -   5.0000E-02  )

x: z[cm]
y: Dose [Gy/source]      
p: xlin ylog afac(0.8) form(0.9)
h: n            x            y(proton  ),hh0l n 
#  z-lower      z-upper        proton    r.err 
   9.8380E+01   9.8430E+01   3.6164E-01  0.0119
   9.8430E+01   9.8480E+01   3.5669E-01  0.0128
   9.8480E+01   9.8530E+01   3.4412E-01  0.0147
   9.8530E+01   9.8580E+01   5.9128E-02  0.0231

#   sum over    2.0000E-03   2.8039E-01  0.0117

'no. = 83,  ix =  3,  iy = 17'
msuc: {\huge Histograma}
msdr: {\it plotted by \ANGEL \version}
msdl: {\it calculated by \PHITS  3.35}
wt: s(0.7)
\vspace{-3}
  xmin  &=&  -6.0000E-01 [cm]
  xmax  &=&  -5.0000E-01 [cm]
  ymin  &=&  -5.0000E-02 [cm]
  ymax  &=&   5.0000E-02 [cm]
e:

#------------------------------------------------------------------------------
 newpage:
#   no. = 84   ix  =  3   iy  = 18
#   x = (  -6.0000E-01  -  -5.0000E-01  )
#   y = (   5.0000E-02  -   1.5000E-01  )

x: z[cm]
y: Dose [Gy/source]      
p: xlin ylog afac(0.8) form(0.9)
h: n            x            y(proton  ),hh0l n 
#  z-lower      z-upper        proton    r.err 
   9.8380E+01   9.8430E+01   3.6618E-01  0.0119
   9.8430E+01   9.8480E+01   3.6148E-01  0.0127
   9.8480E+01   9.8530E+01   3.4509E-01  0.0146
   9.8530E+01   9.8580E+01   5.8973E-02  0.0231

#   sum over    2.0000E-03   2.8293E-01  0.0117

'no. = 84,  ix =  3,  iy = 18'
msuc: {\huge Histograma}
msdr: {\it plotted by \ANGEL \version}
msdl: {\it calculated by \PHITS  3.35}
wt: s(0.7)
\vspace{-3}
  xmin  &=&  -6.0000E-01 [cm]
  xmax  &=&  -5.0000E-01 [cm]
  ymin  &=&   5.0000E-02 [cm]
  ymax  &=&   1.5000E-01 [cm]
e:

#------------------------------------------------------------------------------
 newpage:
#   no. = 85   ix  =  3   iy  = 19
#   x = (  -6.0000E-01  -  -5.0000E-01  )
#   y = (   1.5000E-01  -   2.5000E-01  )

x: z[cm]
y: Dose [Gy/source]      
p: xlin ylog afac(0.8) form(0.9)
h: n            x            y(proton  ),hh0l n 
#  z-lower      z-upper        proton    r.err 
   9.8380E+01   9.8430E+01   3.5472E-01  0.0121
   9.8430E+01   9.8480E+01   3.4686E-01  0.0130
   9.8480E+01   9.8530E+01   3.2864E-01  0.0150
   9.8530E+01   9.8580E+01   5.5334E-02  0.0239

#   sum over    2.0000E-03   2.7139E-01  0.0119

'no. = 85,  ix =  3,  iy = 19'
msuc: {\huge Histograma}
msdr: {\it plotted by \ANGEL \version}
msdl: {\it calculated by \PHITS  3.35}
wt: s(0.7)
\vspace{-3}
  xmin  &=&  -6.0000E-01 [cm]
  xmax  &=&  -5.0000E-01 [cm]
  ymin  &=&   1.5000E-01 [cm]
  ymax  &=&   2.5000E-01 [cm]
e:

#------------------------------------------------------------------------------
 newpage:
#   no. = 86   ix  =  3   iy  = 20
#   x = (  -6.0000E-01  -  -5.0000E-01  )
#   y = (   2.5000E-01  -   3.5000E-01  )

x: z[cm]
y: Dose [Gy/source]      
p: xlin ylog afac(0.8) form(0.9)
h: n            x            y(proton  ),hh0l n 
#  z-lower      z-upper        proton    r.err 
   9.8380E+01   9.8430E+01   3.6604E-01  0.0119
   9.8430E+01   9.8480E+01   3.5749E-01  0.0128
   9.8480E+01   9.8530E+01   3.4143E-01  0.0147
   9.8530E+01   9.8580E+01   5.9557E-02  0.0229

#   sum over    2.0000E-03   2.8113E-01  0.0117

'no. = 86,  ix =  3,  iy = 20'
msuc: {\huge Histograma}
msdr: {\it plotted by \ANGEL \version}
msdl: {\it calculated by \PHITS  3.35}
wt: s(0.7)
\vspace{-3}
  xmin  &=&  -6.0000E-01 [cm]
  xmax  &=&  -5.0000E-01 [cm]
  ymin  &=&   2.5000E-01 [cm]
  ymax  &=&   3.5000E-01 [cm]
e:

#------------------------------------------------------------------------------
 newpage:
#   no. = 87   ix  =  3   iy  = 21
#   x = (  -6.0000E-01  -  -5.0000E-01  )
#   y = (   3.5000E-01  -   4.5000E-01  )

x: z[cm]
y: Dose [Gy/source]      
p: xlin ylog afac(0.8) form(0.9)
h: n            x            y(proton  ),hh0l n 
#  z-lower      z-upper        proton    r.err 
   9.8380E+01   9.8430E+01   3.6107E-01  0.0119
   9.8430E+01   9.8480E+01   3.5866E-01  0.0128
   9.8480E+01   9.8530E+01   3.3609E-01  0.0148
   9.8530E+01   9.8580E+01   5.8444E-02  0.0232

#   sum over    2.0000E-03   2.7856E-01  0.0118

'no. = 87,  ix =  3,  iy = 21'
msuc: {\huge Histograma}
msdr: {\it plotted by \ANGEL \version}
msdl: {\it calculated by \PHITS  3.35}
wt: s(0.7)
\vspace{-3}
  xmin  &=&  -6.0000E-01 [cm]
  xmax  &=&  -5.0000E-01 [cm]
  ymin  &=&   3.5000E-01 [cm]
  ymax  &=&   4.5000E-01 [cm]
e:

#------------------------------------------------------------------------------
 newpage:
#   no. = 88   ix  =  3   iy  = 22
#   x = (  -6.0000E-01  -  -5.0000E-01  )
#   y = (   4.5000E-01  -   5.5000E-01  )

x: z[cm]
y: Dose [Gy/source]      
p: xlin ylog afac(0.8) form(0.9)
h: n            x            y(proton  ),hh0l n 
#  z-lower      z-upper        proton    r.err 
   9.8380E+01   9.8430E+01   3.5493E-01  0.0121
   9.8430E+01   9.8480E+01   3.5161E-01  0.0129
   9.8480E+01   9.8530E+01   3.3217E-01  0.0150
   9.8530E+01   9.8580E+01   5.5223E-02  0.0237

#   sum over    2.0000E-03   2.7348E-01  0.0118

'no. = 88,  ix =  3,  iy = 22'
msuc: {\huge Histograma}
msdr: {\it plotted by \ANGEL \version}
msdl: {\it calculated by \PHITS  3.35}
wt: s(0.7)
\vspace{-3}
  xmin  &=&  -6.0000E-01 [cm]
  xmax  &=&  -5.0000E-01 [cm]
  ymin  &=&   4.5000E-01 [cm]
  ymax  &=&   5.5000E-01 [cm]
e:

#------------------------------------------------------------------------------
 newpage:
#   no. = 89   ix  =  3   iy  = 23
#   x = (  -6.0000E-01  -  -5.0000E-01  )
#   y = (   5.5000E-01  -   6.5000E-01  )

x: z[cm]
y: Dose [Gy/source]      
p: xlin ylog afac(0.8) form(0.9)
h: n            x            y(proton  ),hh0l n 
#  z-lower      z-upper        proton    r.err 
   9.8380E+01   9.8430E+01   3.5572E-01  0.0120
   9.8430E+01   9.8480E+01   3.5633E-01  0.0129
   9.8480E+01   9.8530E+01   3.4168E-01  0.0147
   9.8530E+01   9.8580E+01   5.9653E-02  0.0230

#   sum over    2.0000E-03   2.7835E-01  0.0118

'no. = 89,  ix =  3,  iy = 23'
msuc: {\huge Histograma}
msdr: {\it plotted by \ANGEL \version}
msdl: {\it calculated by \PHITS  3.35}
wt: s(0.7)
\vspace{-3}
  xmin  &=&  -6.0000E-01 [cm]
  xmax  &=&  -5.0000E-01 [cm]
  ymin  &=&   5.5000E-01 [cm]
  ymax  &=&   6.5000E-01 [cm]
e:

#------------------------------------------------------------------------------
 newpage:
#   no. = 90   ix  =  3   iy  = 24
#   x = (  -6.0000E-01  -  -5.0000E-01  )
#   y = (   6.5000E-01  -   7.5000E-01  )

x: z[cm]
y: Dose [Gy/source]      
p: xlin ylog afac(0.8) form(0.9)
h: n            x            y(proton  ),hh0l n 
#  z-lower      z-upper        proton    r.err 
   9.8380E+01   9.8430E+01   3.5957E-01  0.0120
   9.8430E+01   9.8480E+01   3.5659E-01  0.0128
   9.8480E+01   9.8530E+01   3.4479E-01  0.0147
   9.8530E+01   9.8580E+01   5.7458E-02  0.0232

#   sum over    2.0000E-03   2.7960E-01  0.0117

'no. = 90,  ix =  3,  iy = 24'
msuc: {\huge Histograma}
msdr: {\it plotted by \ANGEL \version}
msdl: {\it calculated by \PHITS  3.35}
wt: s(0.7)
\vspace{-3}
  xmin  &=&  -6.0000E-01 [cm]
  xmax  &=&  -5.0000E-01 [cm]
  ymin  &=&   6.5000E-01 [cm]
  ymax  &=&   7.5000E-01 [cm]
e:

#------------------------------------------------------------------------------
 newpage:
#   no. = 91   ix  =  3   iy  = 25
#   x = (  -6.0000E-01  -  -5.0000E-01  )
#   y = (   7.5000E-01  -   8.5000E-01  )

x: z[cm]
y: Dose [Gy/source]      
p: xlin ylog afac(0.8) form(0.9)
h: n            x            y(proton  ),hh0l n 
#  z-lower      z-upper        proton    r.err 
   9.8380E+01   9.8430E+01   3.6730E-01  0.0118
   9.8430E+01   9.8480E+01   3.6270E-01  0.0127
   9.8480E+01   9.8530E+01   3.5300E-01  0.0145
   9.8530E+01   9.8580E+01   6.0581E-02  0.0228

#   sum over    2.0000E-03   2.8589E-01  0.0116

'no. = 91,  ix =  3,  iy = 25'
msuc: {\huge Histograma}
msdr: {\it plotted by \ANGEL \version}
msdl: {\it calculated by \PHITS  3.35}
wt: s(0.7)
\vspace{-3}
  xmin  &=&  -6.0000E-01 [cm]
  xmax  &=&  -5.0000E-01 [cm]
  ymin  &=&   7.5000E-01 [cm]
  ymax  &=&   8.5000E-01 [cm]
e:

#------------------------------------------------------------------------------
 newpage:
#   no. = 92   ix  =  3   iy  = 26
#   x = (  -6.0000E-01  -  -5.0000E-01  )
#   y = (   8.5000E-01  -   9.5000E-01  )

x: z[cm]
y: Dose [Gy/source]      
p: xlin ylog afac(0.8) form(0.9)
h: n            x            y(proton  ),hh0l n 
#  z-lower      z-upper        proton    r.err 
   9.8380E+01   9.8430E+01   3.6555E-01  0.0119
   9.8430E+01   9.8480E+01   3.6564E-01  0.0127
   9.8480E+01   9.8530E+01   3.4533E-01  0.0146
   9.8530E+01   9.8580E+01   5.8106E-02  0.0232

#   sum over    2.0000E-03   2.8366E-01  0.0117

'no. = 92,  ix =  3,  iy = 26'
msuc: {\huge Histograma}
msdr: {\it plotted by \ANGEL \version}
msdl: {\it calculated by \PHITS  3.35}
wt: s(0.7)
\vspace{-3}
  xmin  &=&  -6.0000E-01 [cm]
  xmax  &=&  -5.0000E-01 [cm]
  ymin  &=&   8.5000E-01 [cm]
  ymax  &=&   9.5000E-01 [cm]
e:

#------------------------------------------------------------------------------
 newpage:
#   no. = 93   ix  =  3   iy  = 27
#   x = (  -6.0000E-01  -  -5.0000E-01  )
#   y = (   9.5000E-01  -   1.0500E+00  )

x: z[cm]
y: Dose [Gy/source]      
p: xlin ylog afac(0.8) form(0.9)
h: n            x            y(proton  ),hh0l n 
#  z-lower      z-upper        proton    r.err 
   9.8380E+01   9.8430E+01   3.6576E-01  0.0118
   9.8430E+01   9.8480E+01   3.6485E-01  0.0127
   9.8480E+01   9.8530E+01   3.5302E-01  0.0145
   9.8530E+01   9.8580E+01   5.8555E-02  0.0230

#   sum over    2.0000E-03   2.8554E-01  0.0116

'no. = 93,  ix =  3,  iy = 27'
msuc: {\huge Histograma}
msdr: {\it plotted by \ANGEL \version}
msdl: {\it calculated by \PHITS  3.35}
wt: s(0.7)
\vspace{-3}
  xmin  &=&  -6.0000E-01 [cm]
  xmax  &=&  -5.0000E-01 [cm]
  ymin  &=&   9.5000E-01 [cm]
  ymax  &=&   1.0500E+00 [cm]
e:

#------------------------------------------------------------------------------
 newpage:
#   no. = 94   ix  =  3   iy  = 28
#   x = (  -6.0000E-01  -  -5.0000E-01  )
#   y = (   1.0500E+00  -   1.1500E+00  )

x: z[cm]
y: Dose [Gy/source]      
p: xlin ylog afac(0.8) form(0.9)
h: n            x            y(proton  ),hh0l n 
#  z-lower      z-upper        proton    r.err 
   9.8380E+01   9.8430E+01   3.6822E-01  0.0118
   9.8430E+01   9.8480E+01   3.6767E-01  0.0127
   9.8480E+01   9.8530E+01   3.4961E-01  0.0146
   9.8530E+01   9.8580E+01   6.0405E-02  0.0228

#   sum over    2.0000E-03   2.8648E-01  0.0116

'no. = 94,  ix =  3,  iy = 28'
msuc: {\huge Histograma}
msdr: {\it plotted by \ANGEL \version}
msdl: {\it calculated by \PHITS  3.35}
wt: s(0.7)
\vspace{-3}
  xmin  &=&  -6.0000E-01 [cm]
  xmax  &=&  -5.0000E-01 [cm]
  ymin  &=&   1.0500E+00 [cm]
  ymax  &=&   1.1500E+00 [cm]
e:

#------------------------------------------------------------------------------
 newpage:
#   no. = 95   ix  =  3   iy  = 29
#   x = (  -6.0000E-01  -  -5.0000E-01  )
#   y = (   1.1500E+00  -   1.2500E+00  )

x: z[cm]
y: Dose [Gy/source]      
p: xlin ylog afac(0.8) form(0.9)
h: n            x            y(proton  ),hh0l n 
#  z-lower      z-upper        proton    r.err 
   9.8380E+01   9.8430E+01   3.7284E-01  0.0117
   9.8430E+01   9.8480E+01   3.7037E-01  0.0126
   9.8480E+01   9.8530E+01   3.4941E-01  0.0146
   9.8530E+01   9.8580E+01   5.4782E-02  0.0236

#   sum over    2.0000E-03   2.8685E-01  0.0116

'no. = 95,  ix =  3,  iy = 29'
msuc: {\huge Histograma}
msdr: {\it plotted by \ANGEL \version}
msdl: {\it calculated by \PHITS  3.35}
wt: s(0.7)
\vspace{-3}
  xmin  &=&  -6.0000E-01 [cm]
  xmax  &=&  -5.0000E-01 [cm]
  ymin  &=&   1.1500E+00 [cm]
  ymax  &=&   1.2500E+00 [cm]
e:

#------------------------------------------------------------------------------
 newpage:
#   no. = 96   ix  =  3   iy  = 30
#   x = (  -6.0000E-01  -  -5.0000E-01  )
#   y = (   1.2500E+00  -   1.3500E+00  )

x: z[cm]
y: Dose [Gy/source]      
p: xlin ylog afac(0.8) form(0.9)
h: n            x            y(proton  ),hh0l n 
#  z-lower      z-upper        proton    r.err 
   9.8380E+01   9.8430E+01   3.6801E-01  0.0118
   9.8430E+01   9.8480E+01   3.6619E-01  0.0127
   9.8480E+01   9.8530E+01   3.5232E-01  0.0146
   9.8530E+01   9.8580E+01   5.3682E-02  0.0235

#   sum over    2.0000E-03   2.8505E-01  0.0116

'no. = 96,  ix =  3,  iy = 30'
msuc: {\huge Histograma}
msdr: {\it plotted by \ANGEL \version}
msdl: {\it calculated by \PHITS  3.35}
wt: s(0.7)
\vspace{-3}
  xmin  &=&  -6.0000E-01 [cm]
  xmax  &=&  -5.0000E-01 [cm]
  ymin  &=&   1.2500E+00 [cm]
  ymax  &=&   1.3500E+00 [cm]
e:

#------------------------------------------------------------------------------
 newpage:
#   no. = 97   ix  =  3   iy  = 31
#   x = (  -6.0000E-01  -  -5.0000E-01  )
#   y = (   1.3500E+00  -   1.4500E+00  )

x: z[cm]
y: Dose [Gy/source]      
p: xlin ylog afac(0.8) form(0.9)
h: n            x            y(proton  ),hh0l n 
#  z-lower      z-upper        proton    r.err 
   9.8380E+01   9.8430E+01   3.7543E-01  0.0117
   9.8430E+01   9.8480E+01   3.7442E-01  0.0126
   9.8480E+01   9.8530E+01   3.5553E-01  0.0145
   9.8530E+01   9.8580E+01   5.3820E-02  0.0235

#   sum over    2.0000E-03   2.8980E-01  0.0115

'no. = 97,  ix =  3,  iy = 31'
msuc: {\huge Histograma}
msdr: {\it plotted by \ANGEL \version}
msdl: {\it calculated by \PHITS  3.35}
wt: s(0.7)
\vspace{-3}
  xmin  &=&  -6.0000E-01 [cm]
  xmax  &=&  -5.0000E-01 [cm]
  ymin  &=&   1.3500E+00 [cm]
  ymax  &=&   1.4500E+00 [cm]
e:

#------------------------------------------------------------------------------
 newpage:
#   no. = 98   ix  =  3   iy  = 32
#   x = (  -6.0000E-01  -  -5.0000E-01  )
#   y = (   1.4500E+00  -   1.5500E+00  )

x: z[cm]
y: Dose [Gy/source]      
p: xlin ylog afac(0.8) form(0.9)
h: n            x            y(proton  ),hh0l n 
#  z-lower      z-upper        proton    r.err 
   9.8380E+01   9.8430E+01   3.7541E-01  0.0117
   9.8430E+01   9.8480E+01   3.7275E-01  0.0126
   9.8480E+01   9.8530E+01   3.5996E-01  0.0145
   9.8530E+01   9.8580E+01   5.4857E-02  0.0233

#   sum over    2.0000E-03   2.9075E-01  0.0115

'no. = 98,  ix =  3,  iy = 32'
msuc: {\huge Histograma}
msdr: {\it plotted by \ANGEL \version}
msdl: {\it calculated by \PHITS  3.35}
wt: s(0.7)
\vspace{-3}
  xmin  &=&  -6.0000E-01 [cm]
  xmax  &=&  -5.0000E-01 [cm]
  ymin  &=&   1.4500E+00 [cm]
  ymax  &=&   1.5500E+00 [cm]
e:

#------------------------------------------------------------------------------
 newpage:
#   no. = 99   ix  =  3   iy  = 33
#   x = (  -6.0000E-01  -  -5.0000E-01  )
#   y = (   1.5500E+00  -   1.6500E+00  )

x: z[cm]
y: Dose [Gy/source]      
p: xlin ylog afac(0.8) form(0.9)
h: n            x            y(proton  ),hh0l n 
#  z-lower      z-upper        proton    r.err 
   9.8380E+01   9.8430E+01   3.7174E-01  0.0118
   9.8430E+01   9.8480E+01   3.6919E-01  0.0127
   9.8480E+01   9.8530E+01   3.5633E-01  0.0145
   9.8530E+01   9.8580E+01   5.2698E-02  0.0237

#   sum over    2.0000E-03   2.8749E-01  0.0116

'no. = 99,  ix =  3,  iy = 33'
msuc: {\huge Histograma}
msdr: {\it plotted by \ANGEL \version}
msdl: {\it calculated by \PHITS  3.35}
wt: s(0.7)
\vspace{-3}
  xmin  &=&  -6.0000E-01 [cm]
  xmax  &=&  -5.0000E-01 [cm]
  ymin  &=&   1.5500E+00 [cm]
  ymax  &=&   1.6500E+00 [cm]
e:

#------------------------------------------------------------------------------
 newpage:
#   no. =100   ix  =  4   iy  =  1
#   x = (  -5.0000E-01  -  -4.0000E-01  )
#   y = (  -1.6500E+00  -  -1.5500E+00  )

x: z[cm]
y: Dose [Gy/source]      
p: xlin ylog afac(0.8) form(0.9)
h: n            x            y(proton  ),hh0l n 
#  z-lower      z-upper        proton    r.err 
   9.8380E+01   9.8430E+01   0.0000E+00  0.0000
   9.8430E+01   9.8480E+01   0.0000E+00  0.0000
   9.8480E+01   9.8530E+01   0.0000E+00  0.0000
   9.8530E+01   9.8580E+01   0.0000E+00  0.0000

#   sum over    2.0000E-03   0.0000E+00  0.0000

'no. =100,  ix =  4,  iy =  1'
msuc: {\huge Histograma}
msdr: {\it plotted by \ANGEL \version}
msdl: {\it calculated by \PHITS  3.35}
wt: s(0.7)
\vspace{-3}
  xmin  &=&  -5.0000E-01 [cm]
  xmax  &=&  -4.0000E-01 [cm]
  ymin  &=&  -1.6500E+00 [cm]
  ymax  &=&  -1.5500E+00 [cm]
e:

#------------------------------------------------------------------------------
 newpage:
#   no. =101   ix  =  4   iy  =  2
#   x = (  -5.0000E-01  -  -4.0000E-01  )
#   y = (  -1.5500E+00  -  -1.4500E+00  )

x: z[cm]
y: Dose [Gy/source]      
p: xlin ylog afac(0.8) form(0.9)
h: n            x            y(proton  ),hh0l n 
#  z-lower      z-upper        proton    r.err 
   9.8380E+01   9.8430E+01   7.5611E-05  1.0000
   9.8430E+01   9.8480E+01   0.0000E+00  0.0000
   9.8480E+01   9.8530E+01   3.4216E-05  1.0000
   9.8530E+01   9.8580E+01   8.4144E-05  1.0000

#   sum over    2.0000E-03   4.8493E-05  0.7241

'no. =101,  ix =  4,  iy =  2'
msuc: {\huge Histograma}
msdr: {\it plotted by \ANGEL \version}
msdl: {\it calculated by \PHITS  3.35}
wt: s(0.7)
\vspace{-3}
  xmin  &=&  -5.0000E-01 [cm]
  xmax  &=&  -4.0000E-01 [cm]
  ymin  &=&  -1.5500E+00 [cm]
  ymax  &=&  -1.4500E+00 [cm]
e:

#------------------------------------------------------------------------------
 newpage:
#   no. =102   ix  =  4   iy  =  3
#   x = (  -5.0000E-01  -  -4.0000E-01  )
#   y = (  -1.4500E+00  -  -1.3500E+00  )

x: z[cm]
y: Dose [Gy/source]      
p: xlin ylog afac(0.8) form(0.9)
h: n            x            y(proton  ),hh0l n 
#  z-lower      z-upper        proton    r.err 
   9.8380E+01   9.8430E+01   3.7876E-05  0.9417
   9.8430E+01   9.8480E+01   9.4183E-05  1.0000
   9.8480E+01   9.8530E+01   6.7018E-05  0.6013
   9.8530E+01   9.8580E+01   2.1257E-04  0.5832

#   sum over    2.0000E-03   1.0291E-04  0.5100

'no. =102,  ix =  4,  iy =  3'
msuc: {\huge Histograma}
msdr: {\it plotted by \ANGEL \version}
msdl: {\it calculated by \PHITS  3.35}
wt: s(0.7)
\vspace{-3}
  xmin  &=&  -5.0000E-01 [cm]
  xmax  &=&  -4.0000E-01 [cm]
  ymin  &=&  -1.4500E+00 [cm]
  ymax  &=&  -1.3500E+00 [cm]
e:

#------------------------------------------------------------------------------
 newpage:
#   no. =103   ix  =  4   iy  =  4
#   x = (  -5.0000E-01  -  -4.0000E-01  )
#   y = (  -1.3500E+00  -  -1.2500E+00  )

x: z[cm]
y: Dose [Gy/source]      
p: xlin ylog afac(0.8) form(0.9)
h: n            x            y(proton  ),hh0l n 
#  z-lower      z-upper        proton    r.err 
   9.8380E+01   9.8430E+01   2.6898E-01  0.0138
   9.8430E+01   9.8480E+01   2.7166E-01  0.0148
   9.8480E+01   9.8530E+01   2.5990E-01  0.0169
   9.8530E+01   9.8580E+01   4.6833E-02  0.0272

#   sum over    2.0000E-03   2.1184E-01  0.0136

'no. =103,  ix =  4,  iy =  4'
msuc: {\huge Histograma}
msdr: {\it plotted by \ANGEL \version}
msdl: {\it calculated by \PHITS  3.35}
wt: s(0.7)
\vspace{-3}
  xmin  &=&  -5.0000E-01 [cm]
  xmax  &=&  -4.0000E-01 [cm]
  ymin  &=&  -1.3500E+00 [cm]
  ymax  &=&  -1.2500E+00 [cm]
e:

#------------------------------------------------------------------------------
 newpage:
#   no. =104   ix  =  4   iy  =  5
#   x = (  -5.0000E-01  -  -4.0000E-01  )
#   y = (  -1.2500E+00  -  -1.1500E+00  )

x: z[cm]
y: Dose [Gy/source]      
p: xlin ylog afac(0.8) form(0.9)
h: n            x            y(proton  ),hh0l n 
#  z-lower      z-upper        proton    r.err 
   9.8380E+01   9.8430E+01   3.7013E-01  0.0118
   9.8430E+01   9.8480E+01   3.6428E-01  0.0127
   9.8480E+01   9.8530E+01   3.5556E-01  0.0145
   9.8530E+01   9.8580E+01   5.8838E-02  0.0230

#   sum over    2.0000E-03   2.8720E-01  0.0116

'no. =104,  ix =  4,  iy =  5'
msuc: {\huge Histograma}
msdr: {\it plotted by \ANGEL \version}
msdl: {\it calculated by \PHITS  3.35}
wt: s(0.7)
\vspace{-3}
  xmin  &=&  -5.0000E-01 [cm]
  xmax  &=&  -4.0000E-01 [cm]
  ymin  &=&  -1.2500E+00 [cm]
  ymax  &=&  -1.1500E+00 [cm]
e:

#------------------------------------------------------------------------------
 newpage:
#   no. =105   ix  =  4   iy  =  6
#   x = (  -5.0000E-01  -  -4.0000E-01  )
#   y = (  -1.1500E+00  -  -1.0500E+00  )

x: z[cm]
y: Dose [Gy/source]      
p: xlin ylog afac(0.8) form(0.9)
h: n            x            y(proton  ),hh0l n 
#  z-lower      z-upper        proton    r.err 
   9.8380E+01   9.8430E+01   3.7073E-01  0.0118
   9.8430E+01   9.8480E+01   3.7280E-01  0.0126
   9.8480E+01   9.8530E+01   3.5175E-01  0.0145
   9.8530E+01   9.8580E+01   6.0444E-02  0.0228

#   sum over    2.0000E-03   2.8893E-01  0.0116

'no. =105,  ix =  4,  iy =  6'
msuc: {\huge Histograma}
msdr: {\it plotted by \ANGEL \version}
msdl: {\it calculated by \PHITS  3.35}
wt: s(0.7)
\vspace{-3}
  xmin  &=&  -5.0000E-01 [cm]
  xmax  &=&  -4.0000E-01 [cm]
  ymin  &=&  -1.1500E+00 [cm]
  ymax  &=&  -1.0500E+00 [cm]
e:

#------------------------------------------------------------------------------
 newpage:
#   no. =106   ix  =  4   iy  =  7
#   x = (  -5.0000E-01  -  -4.0000E-01  )
#   y = (  -1.0500E+00  -  -9.5000E-01  )

x: z[cm]
y: Dose [Gy/source]      
p: xlin ylog afac(0.8) form(0.9)
h: n            x            y(proton  ),hh0l n 
#  z-lower      z-upper        proton    r.err 
   9.8380E+01   9.8430E+01   3.6260E-01  0.0119
   9.8430E+01   9.8480E+01   3.6288E-01  0.0127
   9.8480E+01   9.8530E+01   3.4739E-01  0.0146
   9.8530E+01   9.8580E+01   5.9321E-02  0.0228

#   sum over    2.0000E-03   2.8305E-01  0.0117

'no. =106,  ix =  4,  iy =  7'
msuc: {\huge Histograma}
msdr: {\it plotted by \ANGEL \version}
msdl: {\it calculated by \PHITS  3.35}
wt: s(0.7)
\vspace{-3}
  xmin  &=&  -5.0000E-01 [cm]
  xmax  &=&  -4.0000E-01 [cm]
  ymin  &=&  -1.0500E+00 [cm]
  ymax  &=&  -9.5000E-01 [cm]
e:

#------------------------------------------------------------------------------
 newpage:
#   no. =107   ix  =  4   iy  =  8
#   x = (  -5.0000E-01  -  -4.0000E-01  )
#   y = (  -9.5000E-01  -  -8.5000E-01  )

x: z[cm]
y: Dose [Gy/source]      
p: xlin ylog afac(0.8) form(0.9)
h: n            x            y(proton  ),hh0l n 
#  z-lower      z-upper        proton    r.err 
   9.8380E+01   9.8430E+01   3.7400E-01  0.0117
   9.8430E+01   9.8480E+01   3.7078E-01  0.0125
   9.8480E+01   9.8530E+01   3.6013E-01  0.0143
   9.8530E+01   9.8580E+01   6.3996E-02  0.0221

#   sum over    2.0000E-03   2.9223E-01  0.0115

'no. =107,  ix =  4,  iy =  8'
msuc: {\huge Histograma}
msdr: {\it plotted by \ANGEL \version}
msdl: {\it calculated by \PHITS  3.35}
wt: s(0.7)
\vspace{-3}
  xmin  &=&  -5.0000E-01 [cm]
  xmax  &=&  -4.0000E-01 [cm]
  ymin  &=&  -9.5000E-01 [cm]
  ymax  &=&  -8.5000E-01 [cm]
e:

#------------------------------------------------------------------------------
 newpage:
#   no. =108   ix  =  4   iy  =  9
#   x = (  -5.0000E-01  -  -4.0000E-01  )
#   y = (  -8.5000E-01  -  -7.5000E-01  )

x: z[cm]
y: Dose [Gy/source]      
p: xlin ylog afac(0.8) form(0.9)
h: n            x            y(proton  ),hh0l n 
#  z-lower      z-upper        proton    r.err 
   9.8380E+01   9.8430E+01   3.6258E-01  0.0119
   9.8430E+01   9.8480E+01   3.5884E-01  0.0128
   9.8480E+01   9.8530E+01   3.4490E-01  0.0147
   9.8530E+01   9.8580E+01   5.9612E-02  0.0230

#   sum over    2.0000E-03   2.8149E-01  0.0117

'no. =108,  ix =  4,  iy =  9'
msuc: {\huge Histograma}
msdr: {\it plotted by \ANGEL \version}
msdl: {\it calculated by \PHITS  3.35}
wt: s(0.7)
\vspace{-3}
  xmin  &=&  -5.0000E-01 [cm]
  xmax  &=&  -4.0000E-01 [cm]
  ymin  &=&  -8.5000E-01 [cm]
  ymax  &=&  -7.5000E-01 [cm]
e:

#------------------------------------------------------------------------------
 newpage:
#   no. =109   ix  =  4   iy  = 10
#   x = (  -5.0000E-01  -  -4.0000E-01  )
#   y = (  -7.5000E-01  -  -6.5000E-01  )

x: z[cm]
y: Dose [Gy/source]      
p: xlin ylog afac(0.8) form(0.9)
h: n            x            y(proton  ),hh0l n 
#  z-lower      z-upper        proton    r.err 
   9.8380E+01   9.8430E+01   3.6116E-01  0.0119
   9.8430E+01   9.8480E+01   3.5775E-01  0.0128
   9.8480E+01   9.8530E+01   3.4151E-01  0.0147
   9.8530E+01   9.8580E+01   5.6106E-02  0.0236

#   sum over    2.0000E-03   2.7913E-01  0.0117

'no. =109,  ix =  4,  iy = 10'
msuc: {\huge Histograma}
msdr: {\it plotted by \ANGEL \version}
msdl: {\it calculated by \PHITS  3.35}
wt: s(0.7)
\vspace{-3}
  xmin  &=&  -5.0000E-01 [cm]
  xmax  &=&  -4.0000E-01 [cm]
  ymin  &=&  -7.5000E-01 [cm]
  ymax  &=&  -6.5000E-01 [cm]
e:

#------------------------------------------------------------------------------
 newpage:
#   no. =110   ix  =  4   iy  = 11
#   x = (  -5.0000E-01  -  -4.0000E-01  )
#   y = (  -6.5000E-01  -  -5.5000E-01  )

x: z[cm]
y: Dose [Gy/source]      
p: xlin ylog afac(0.8) form(0.9)
h: n            x            y(proton  ),hh0l n 
#  z-lower      z-upper        proton    r.err 
   9.8380E+01   9.8430E+01   3.6366E-01  0.0119
   9.8430E+01   9.8480E+01   3.5558E-01  0.0128
   9.8480E+01   9.8530E+01   3.4239E-01  0.0147
   9.8530E+01   9.8580E+01   5.9693E-02  0.0230

#   sum over    2.0000E-03   2.8033E-01  0.0117

'no. =110,  ix =  4,  iy = 11'
msuc: {\huge Histograma}
msdr: {\it plotted by \ANGEL \version}
msdl: {\it calculated by \PHITS  3.35}
wt: s(0.7)
\vspace{-3}
  xmin  &=&  -5.0000E-01 [cm]
  xmax  &=&  -4.0000E-01 [cm]
  ymin  &=&  -6.5000E-01 [cm]
  ymax  &=&  -5.5000E-01 [cm]
e:

#------------------------------------------------------------------------------
 newpage:
#   no. =111   ix  =  4   iy  = 12
#   x = (  -5.0000E-01  -  -4.0000E-01  )
#   y = (  -5.5000E-01  -  -4.5000E-01  )

x: z[cm]
y: Dose [Gy/source]      
p: xlin ylog afac(0.8) form(0.9)
h: n            x            y(proton  ),hh0l n 
#  z-lower      z-upper        proton    r.err 
   9.8380E+01   9.8430E+01   3.5660E-01  0.0120
   9.8430E+01   9.8480E+01   3.5567E-01  0.0129
   9.8480E+01   9.8530E+01   3.3846E-01  0.0148
   9.8530E+01   9.8580E+01   5.8780E-02  0.0233

#   sum over    2.0000E-03   2.7738E-01  0.0118

'no. =111,  ix =  4,  iy = 12'
msuc: {\huge Histograma}
msdr: {\it plotted by \ANGEL \version}
msdl: {\it calculated by \PHITS  3.35}
wt: s(0.7)
\vspace{-3}
  xmin  &=&  -5.0000E-01 [cm]
  xmax  &=&  -4.0000E-01 [cm]
  ymin  &=&  -5.5000E-01 [cm]
  ymax  &=&  -4.5000E-01 [cm]
e:

#------------------------------------------------------------------------------
 newpage:
#   no. =112   ix  =  4   iy  = 13
#   x = (  -5.0000E-01  -  -4.0000E-01  )
#   y = (  -4.5000E-01  -  -3.5000E-01  )

x: z[cm]
y: Dose [Gy/source]      
p: xlin ylog afac(0.8) form(0.9)
h: n            x            y(proton  ),hh0l n 
#  z-lower      z-upper        proton    r.err 
   9.8380E+01   9.8430E+01   3.6489E-01  0.0119
   9.8430E+01   9.8480E+01   3.5833E-01  0.0128
   9.8480E+01   9.8530E+01   3.3729E-01  0.0148
   9.8530E+01   9.8580E+01   5.6577E-02  0.0234

#   sum over    2.0000E-03   2.7927E-01  0.0117

'no. =112,  ix =  4,  iy = 13'
msuc: {\huge Histograma}
msdr: {\it plotted by \ANGEL \version}
msdl: {\it calculated by \PHITS  3.35}
wt: s(0.7)
\vspace{-3}
  xmin  &=&  -5.0000E-01 [cm]
  xmax  &=&  -4.0000E-01 [cm]
  ymin  &=&  -4.5000E-01 [cm]
  ymax  &=&  -3.5000E-01 [cm]
e:

#------------------------------------------------------------------------------
 newpage:
#   no. =113   ix  =  4   iy  = 14
#   x = (  -5.0000E-01  -  -4.0000E-01  )
#   y = (  -3.5000E-01  -  -2.5000E-01  )

x: z[cm]
y: Dose [Gy/source]      
p: xlin ylog afac(0.8) form(0.9)
h: n            x            y(proton  ),hh0l n 
#  z-lower      z-upper        proton    r.err 
   9.8380E+01   9.8430E+01   3.6284E-01  0.0120
   9.8430E+01   9.8480E+01   3.5311E-01  0.0129
   9.8480E+01   9.8530E+01   3.3188E-01  0.0149
   9.8530E+01   9.8580E+01   5.4305E-02  0.0241

#   sum over    2.0000E-03   2.7553E-01  0.0118

'no. =113,  ix =  4,  iy = 14'
msuc: {\huge Histograma}
msdr: {\it plotted by \ANGEL \version}
msdl: {\it calculated by \PHITS  3.35}
wt: s(0.7)
\vspace{-3}
  xmin  &=&  -5.0000E-01 [cm]
  xmax  &=&  -4.0000E-01 [cm]
  ymin  &=&  -3.5000E-01 [cm]
  ymax  &=&  -2.5000E-01 [cm]
e:

#------------------------------------------------------------------------------
 newpage:
#   no. =114   ix  =  4   iy  = 15
#   x = (  -5.0000E-01  -  -4.0000E-01  )
#   y = (  -2.5000E-01  -  -1.5000E-01  )

x: z[cm]
y: Dose [Gy/source]      
p: xlin ylog afac(0.8) form(0.9)
h: n            x            y(proton  ),hh0l n 
#  z-lower      z-upper        proton    r.err 
   9.8380E+01   9.8430E+01   3.6721E-01  0.0119
   9.8430E+01   9.8480E+01   3.5788E-01  0.0129
   9.8480E+01   9.8530E+01   3.3316E-01  0.0149
   9.8530E+01   9.8580E+01   5.7472E-02  0.0234

#   sum over    2.0000E-03   2.7893E-01  0.0117

'no. =114,  ix =  4,  iy = 15'
msuc: {\huge Histograma}
msdr: {\it plotted by \ANGEL \version}
msdl: {\it calculated by \PHITS  3.35}
wt: s(0.7)
\vspace{-3}
  xmin  &=&  -5.0000E-01 [cm]
  xmax  &=&  -4.0000E-01 [cm]
  ymin  &=&  -2.5000E-01 [cm]
  ymax  &=&  -1.5000E-01 [cm]
e:

#------------------------------------------------------------------------------
 newpage:
#   no. =115   ix  =  4   iy  = 16
#   x = (  -5.0000E-01  -  -4.0000E-01  )
#   y = (  -1.5000E-01  -  -5.0000E-02  )

x: z[cm]
y: Dose [Gy/source]      
p: xlin ylog afac(0.8) form(0.9)
h: n            x            y(proton  ),hh0l n 
#  z-lower      z-upper        proton    r.err 
   9.8380E+01   9.8430E+01   3.5709E-01  0.0120
   9.8430E+01   9.8480E+01   3.5677E-01  0.0129
   9.8480E+01   9.8530E+01   3.3522E-01  0.0149
   9.8530E+01   9.8580E+01   5.5351E-02  0.0237

#   sum over    2.0000E-03   2.7611E-01  0.0118

'no. =115,  ix =  4,  iy = 16'
msuc: {\huge Histograma}
msdr: {\it plotted by \ANGEL \version}
msdl: {\it calculated by \PHITS  3.35}
wt: s(0.7)
\vspace{-3}
  xmin  &=&  -5.0000E-01 [cm]
  xmax  &=&  -4.0000E-01 [cm]
  ymin  &=&  -1.5000E-01 [cm]
  ymax  &=&  -5.0000E-02 [cm]
e:

#------------------------------------------------------------------------------
 newpage:
#   no. =116   ix  =  4   iy  = 17
#   x = (  -5.0000E-01  -  -4.0000E-01  )
#   y = (  -5.0000E-02  -   5.0000E-02  )

x: z[cm]
y: Dose [Gy/source]      
p: xlin ylog afac(0.8) form(0.9)
h: n            x            y(proton  ),hh0l n 
#  z-lower      z-upper        proton    r.err 
   9.8380E+01   9.8430E+01   3.6475E-01  0.0119
   9.8430E+01   9.8480E+01   3.5481E-01  0.0129
   9.8480E+01   9.8530E+01   3.3338E-01  0.0149
   9.8530E+01   9.8580E+01   5.6136E-02  0.0237

#   sum over    2.0000E-03   2.7727E-01  0.0117

'no. =116,  ix =  4,  iy = 17'
msuc: {\huge Histograma}
msdr: {\it plotted by \ANGEL \version}
msdl: {\it calculated by \PHITS  3.35}
wt: s(0.7)
\vspace{-3}
  xmin  &=&  -5.0000E-01 [cm]
  xmax  &=&  -4.0000E-01 [cm]
  ymin  &=&  -5.0000E-02 [cm]
  ymax  &=&   5.0000E-02 [cm]
e:

#------------------------------------------------------------------------------
 newpage:
#   no. =117   ix  =  4   iy  = 18
#   x = (  -5.0000E-01  -  -4.0000E-01  )
#   y = (   5.0000E-02  -   1.5000E-01  )

x: z[cm]
y: Dose [Gy/source]      
p: xlin ylog afac(0.8) form(0.9)
h: n            x            y(proton  ),hh0l n 
#  z-lower      z-upper        proton    r.err 
   9.8380E+01   9.8430E+01   3.5797E-01  0.0120
   9.8430E+01   9.8480E+01   3.4806E-01  0.0130
   9.8480E+01   9.8530E+01   3.3318E-01  0.0149
   9.8530E+01   9.8580E+01   5.5215E-02  0.0238

#   sum over    2.0000E-03   2.7360E-01  0.0118

'no. =117,  ix =  4,  iy = 18'
msuc: {\huge Histograma}
msdr: {\it plotted by \ANGEL \version}
msdl: {\it calculated by \PHITS  3.35}
wt: s(0.7)
\vspace{-3}
  xmin  &=&  -5.0000E-01 [cm]
  xmax  &=&  -4.0000E-01 [cm]
  ymin  &=&   5.0000E-02 [cm]
  ymax  &=&   1.5000E-01 [cm]
e:

#------------------------------------------------------------------------------
 newpage:
#   no. =118   ix  =  4   iy  = 19
#   x = (  -5.0000E-01  -  -4.0000E-01  )
#   y = (   1.5000E-01  -   2.5000E-01  )

x: z[cm]
y: Dose [Gy/source]      
p: xlin ylog afac(0.8) form(0.9)
h: n            x            y(proton  ),hh0l n 
#  z-lower      z-upper        proton    r.err 
   9.8380E+01   9.8430E+01   3.6360E-01  0.0119
   9.8430E+01   9.8480E+01   3.5543E-01  0.0128
   9.8480E+01   9.8530E+01   3.4282E-01  0.0147
   9.8530E+01   9.8580E+01   6.0142E-02  0.0229

#   sum over    2.0000E-03   2.8050E-01  0.0117

'no. =118,  ix =  4,  iy = 19'
msuc: {\huge Histograma}
msdr: {\it plotted by \ANGEL \version}
msdl: {\it calculated by \PHITS  3.35}
wt: s(0.7)
\vspace{-3}
  xmin  &=&  -5.0000E-01 [cm]
  xmax  &=&  -4.0000E-01 [cm]
  ymin  &=&   1.5000E-01 [cm]
  ymax  &=&   2.5000E-01 [cm]
e:

#------------------------------------------------------------------------------
 newpage:
#   no. =119   ix  =  4   iy  = 20
#   x = (  -5.0000E-01  -  -4.0000E-01  )
#   y = (   2.5000E-01  -   3.5000E-01  )

x: z[cm]
y: Dose [Gy/source]      
p: xlin ylog afac(0.8) form(0.9)
h: n            x            y(proton  ),hh0l n 
#  z-lower      z-upper        proton    r.err 
   9.8380E+01   9.8430E+01   3.6352E-01  0.0119
   9.8430E+01   9.8480E+01   3.6157E-01  0.0128
   9.8480E+01   9.8530E+01   3.3822E-01  0.0148
   9.8530E+01   9.8580E+01   5.6364E-02  0.0237

#   sum over    2.0000E-03   2.7992E-01  0.0117

'no. =119,  ix =  4,  iy = 20'
msuc: {\huge Histograma}
msdr: {\it plotted by \ANGEL \version}
msdl: {\it calculated by \PHITS  3.35}
wt: s(0.7)
\vspace{-3}
  xmin  &=&  -5.0000E-01 [cm]
  xmax  &=&  -4.0000E-01 [cm]
  ymin  &=&   2.5000E-01 [cm]
  ymax  &=&   3.5000E-01 [cm]
e:

#------------------------------------------------------------------------------
 newpage:
#   no. =120   ix  =  4   iy  = 21
#   x = (  -5.0000E-01  -  -4.0000E-01  )
#   y = (   3.5000E-01  -   4.5000E-01  )

x: z[cm]
y: Dose [Gy/source]      
p: xlin ylog afac(0.8) form(0.9)
h: n            x            y(proton  ),hh0l n 
#  z-lower      z-upper        proton    r.err 
   9.8380E+01   9.8430E+01   3.6704E-01  0.0118
   9.8430E+01   9.8480E+01   3.6417E-01  0.0127
   9.8480E+01   9.8530E+01   3.4529E-01  0.0146
   9.8530E+01   9.8580E+01   5.8863E-02  0.0231

#   sum over    2.0000E-03   2.8384E-01  0.0116

'no. =120,  ix =  4,  iy = 21'
msuc: {\huge Histograma}
msdr: {\it plotted by \ANGEL \version}
msdl: {\it calculated by \PHITS  3.35}
wt: s(0.7)
\vspace{-3}
  xmin  &=&  -5.0000E-01 [cm]
  xmax  &=&  -4.0000E-01 [cm]
  ymin  &=&   3.5000E-01 [cm]
  ymax  &=&   4.5000E-01 [cm]
e:

#------------------------------------------------------------------------------
 newpage:
#   no. =121   ix  =  4   iy  = 22
#   x = (  -5.0000E-01  -  -4.0000E-01  )
#   y = (   4.5000E-01  -   5.5000E-01  )

x: z[cm]
y: Dose [Gy/source]      
p: xlin ylog afac(0.8) form(0.9)
h: n            x            y(proton  ),hh0l n 
#  z-lower      z-upper        proton    r.err 
   9.8380E+01   9.8430E+01   3.6554E-01  0.0119
   9.8430E+01   9.8480E+01   3.5836E-01  0.0128
   9.8480E+01   9.8530E+01   3.4650E-01  0.0146
   9.8530E+01   9.8580E+01   6.0404E-02  0.0228

#   sum over    2.0000E-03   2.8270E-01  0.0117

'no. =121,  ix =  4,  iy = 22'
msuc: {\huge Histograma}
msdr: {\it plotted by \ANGEL \version}
msdl: {\it calculated by \PHITS  3.35}
wt: s(0.7)
\vspace{-3}
  xmin  &=&  -5.0000E-01 [cm]
  xmax  &=&  -4.0000E-01 [cm]
  ymin  &=&   4.5000E-01 [cm]
  ymax  &=&   5.5000E-01 [cm]
e:

#------------------------------------------------------------------------------
 newpage:
#   no. =122   ix  =  4   iy  = 23
#   x = (  -5.0000E-01  -  -4.0000E-01  )
#   y = (   5.5000E-01  -   6.5000E-01  )

x: z[cm]
y: Dose [Gy/source]      
p: xlin ylog afac(0.8) form(0.9)
h: n            x            y(proton  ),hh0l n 
#  z-lower      z-upper        proton    r.err 
   9.8380E+01   9.8430E+01   3.6444E-01  0.0118
   9.8430E+01   9.8480E+01   3.6087E-01  0.0127
   9.8480E+01   9.8530E+01   3.4972E-01  0.0146
   9.8530E+01   9.8580E+01   5.9856E-02  0.0228

#   sum over    2.0000E-03   2.8372E-01  0.0117

'no. =122,  ix =  4,  iy = 23'
msuc: {\huge Histograma}
msdr: {\it plotted by \ANGEL \version}
msdl: {\it calculated by \PHITS  3.35}
wt: s(0.7)
\vspace{-3}
  xmin  &=&  -5.0000E-01 [cm]
  xmax  &=&  -4.0000E-01 [cm]
  ymin  &=&   5.5000E-01 [cm]
  ymax  &=&   6.5000E-01 [cm]
e:

#------------------------------------------------------------------------------
 newpage:
#   no. =123   ix  =  4   iy  = 24
#   x = (  -5.0000E-01  -  -4.0000E-01  )
#   y = (   6.5000E-01  -   7.5000E-01  )

x: z[cm]
y: Dose [Gy/source]      
p: xlin ylog afac(0.8) form(0.9)
h: n            x            y(proton  ),hh0l n 
#  z-lower      z-upper        proton    r.err 
   9.8380E+01   9.8430E+01   3.5876E-01  0.0119
   9.8430E+01   9.8480E+01   3.5638E-01  0.0128
   9.8480E+01   9.8530E+01   3.3956E-01  0.0148
   9.8530E+01   9.8580E+01   5.8276E-02  0.0232

#   sum over    2.0000E-03   2.7824E-01  0.0118

'no. =123,  ix =  4,  iy = 24'
msuc: {\huge Histograma}
msdr: {\it plotted by \ANGEL \version}
msdl: {\it calculated by \PHITS  3.35}
wt: s(0.7)
\vspace{-3}
  xmin  &=&  -5.0000E-01 [cm]
  xmax  &=&  -4.0000E-01 [cm]
  ymin  &=&   6.5000E-01 [cm]
  ymax  &=&   7.5000E-01 [cm]
e:

#------------------------------------------------------------------------------
 newpage:
#   no. =124   ix  =  4   iy  = 25
#   x = (  -5.0000E-01  -  -4.0000E-01  )
#   y = (   7.5000E-01  -   8.5000E-01  )

x: z[cm]
y: Dose [Gy/source]      
p: xlin ylog afac(0.8) form(0.9)
h: n            x            y(proton  ),hh0l n 
#  z-lower      z-upper        proton    r.err 
   9.8380E+01   9.8430E+01   3.6702E-01  0.0118
   9.8430E+01   9.8480E+01   3.6739E-01  0.0127
   9.8480E+01   9.8530E+01   3.5066E-01  0.0146
   9.8530E+01   9.8580E+01   5.9125E-02  0.0229

#   sum over    2.0000E-03   2.8605E-01  0.0116

'no. =124,  ix =  4,  iy = 25'
msuc: {\huge Histograma}
msdr: {\it plotted by \ANGEL \version}
msdl: {\it calculated by \PHITS  3.35}
wt: s(0.7)
\vspace{-3}
  xmin  &=&  -5.0000E-01 [cm]
  xmax  &=&  -4.0000E-01 [cm]
  ymin  &=&   7.5000E-01 [cm]
  ymax  &=&   8.5000E-01 [cm]
e:

#------------------------------------------------------------------------------
 newpage:
#   no. =125   ix  =  4   iy  = 26
#   x = (  -5.0000E-01  -  -4.0000E-01  )
#   y = (   8.5000E-01  -   9.5000E-01  )

x: z[cm]
y: Dose [Gy/source]      
p: xlin ylog afac(0.8) form(0.9)
h: n            x            y(proton  ),hh0l n 
#  z-lower      z-upper        proton    r.err 
   9.8380E+01   9.8430E+01   3.7364E-01  0.0117
   9.8430E+01   9.8480E+01   3.6608E-01  0.0127
   9.8480E+01   9.8530E+01   3.4863E-01  0.0146
   9.8530E+01   9.8580E+01   5.8109E-02  0.0233

#   sum over    2.0000E-03   2.8661E-01  0.0116

'no. =125,  ix =  4,  iy = 26'
msuc: {\huge Histograma}
msdr: {\it plotted by \ANGEL \version}
msdl: {\it calculated by \PHITS  3.35}
wt: s(0.7)
\vspace{-3}
  xmin  &=&  -5.0000E-01 [cm]
  xmax  &=&  -4.0000E-01 [cm]
  ymin  &=&   8.5000E-01 [cm]
  ymax  &=&   9.5000E-01 [cm]
e:

#------------------------------------------------------------------------------
 newpage:
#   no. =126   ix  =  4   iy  = 27
#   x = (  -5.0000E-01  -  -4.0000E-01  )
#   y = (   9.5000E-01  -   1.0500E+00  )

x: z[cm]
y: Dose [Gy/source]      
p: xlin ylog afac(0.8) form(0.9)
h: n            x            y(proton  ),hh0l n 
#  z-lower      z-upper        proton    r.err 
   9.8380E+01   9.8430E+01   3.6017E-01  0.0119
   9.8430E+01   9.8480E+01   3.5769E-01  0.0128
   9.8480E+01   9.8530E+01   3.4599E-01  0.0146
   9.8530E+01   9.8580E+01   5.9452E-02  0.0230

#   sum over    2.0000E-03   2.8083E-01  0.0117

'no. =126,  ix =  4,  iy = 27'
msuc: {\huge Histograma}
msdr: {\it plotted by \ANGEL \version}
msdl: {\it calculated by \PHITS  3.35}
wt: s(0.7)
\vspace{-3}
  xmin  &=&  -5.0000E-01 [cm]
  xmax  &=&  -4.0000E-01 [cm]
  ymin  &=&   9.5000E-01 [cm]
  ymax  &=&   1.0500E+00 [cm]
e:

#------------------------------------------------------------------------------
 newpage:
#   no. =127   ix  =  4   iy  = 28
#   x = (  -5.0000E-01  -  -4.0000E-01  )
#   y = (   1.0500E+00  -   1.1500E+00  )

x: z[cm]
y: Dose [Gy/source]      
p: xlin ylog afac(0.8) form(0.9)
h: n            x            y(proton  ),hh0l n 
#  z-lower      z-upper        proton    r.err 
   9.8380E+01   9.8430E+01   3.6777E-01  0.0119
   9.8430E+01   9.8480E+01   3.5840E-01  0.0128
   9.8480E+01   9.8530E+01   3.4309E-01  0.0147
   9.8530E+01   9.8580E+01   5.9599E-02  0.0228

#   sum over    2.0000E-03   2.8222E-01  0.0117

'no. =127,  ix =  4,  iy = 28'
msuc: {\huge Histograma}
msdr: {\it plotted by \ANGEL \version}
msdl: {\it calculated by \PHITS  3.35}
wt: s(0.7)
\vspace{-3}
  xmin  &=&  -5.0000E-01 [cm]
  xmax  &=&  -4.0000E-01 [cm]
  ymin  &=&   1.0500E+00 [cm]
  ymax  &=&   1.1500E+00 [cm]
e:

#------------------------------------------------------------------------------
 newpage:
#   no. =128   ix  =  4   iy  = 29
#   x = (  -5.0000E-01  -  -4.0000E-01  )
#   y = (   1.1500E+00  -   1.2500E+00  )

x: z[cm]
y: Dose [Gy/source]      
p: xlin ylog afac(0.8) form(0.9)
h: n            x            y(proton  ),hh0l n 
#  z-lower      z-upper        proton    r.err 
   9.8380E+01   9.8430E+01   3.7393E-01  0.0117
   9.8430E+01   9.8480E+01   3.7174E-01  0.0125
   9.8480E+01   9.8530E+01   3.6252E-01  0.0143
   9.8530E+01   9.8580E+01   6.1414E-02  0.0226

#   sum over    2.0000E-03   2.9240E-01  0.0115

'no. =128,  ix =  4,  iy = 29'
msuc: {\huge Histograma}
msdr: {\it plotted by \ANGEL \version}
msdl: {\it calculated by \PHITS  3.35}
wt: s(0.7)
\vspace{-3}
  xmin  &=&  -5.0000E-01 [cm]
  xmax  &=&  -4.0000E-01 [cm]
  ymin  &=&   1.1500E+00 [cm]
  ymax  &=&   1.2500E+00 [cm]
e:

#------------------------------------------------------------------------------
 newpage:
#   no. =129   ix  =  4   iy  = 30
#   x = (  -5.0000E-01  -  -4.0000E-01  )
#   y = (   1.2500E+00  -   1.3500E+00  )

x: z[cm]
y: Dose [Gy/source]      
p: xlin ylog afac(0.8) form(0.9)
h: n            x            y(proton  ),hh0l n 
#  z-lower      z-upper        proton    r.err 
   9.8380E+01   9.8430E+01   3.7070E-01  0.0118
   9.8430E+01   9.8480E+01   3.6639E-01  0.0126
   9.8480E+01   9.8530E+01   3.6014E-01  0.0144
   9.8530E+01   9.8580E+01   5.8995E-02  0.0229

#   sum over    2.0000E-03   2.8906E-01  0.0116

'no. =129,  ix =  4,  iy = 30'
msuc: {\huge Histograma}
msdr: {\it plotted by \ANGEL \version}
msdl: {\it calculated by \PHITS  3.35}
wt: s(0.7)
\vspace{-3}
  xmin  &=&  -5.0000E-01 [cm]
  xmax  &=&  -4.0000E-01 [cm]
  ymin  &=&   1.2500E+00 [cm]
  ymax  &=&   1.3500E+00 [cm]
e:

#------------------------------------------------------------------------------
 newpage:
#   no. =130   ix  =  4   iy  = 31
#   x = (  -5.0000E-01  -  -4.0000E-01  )
#   y = (   1.3500E+00  -   1.4500E+00  )

x: z[cm]
y: Dose [Gy/source]      
p: xlin ylog afac(0.8) form(0.9)
h: n            x            y(proton  ),hh0l n 
#  z-lower      z-upper        proton    r.err 
   9.8380E+01   9.8430E+01   3.7152E-01  0.0117
   9.8430E+01   9.8480E+01   3.7349E-01  0.0126
   9.8480E+01   9.8530E+01   3.6246E-01  0.0144
   9.8530E+01   9.8580E+01   5.6607E-02  0.0231

#   sum over    2.0000E-03   2.9102E-01  0.0115

'no. =130,  ix =  4,  iy = 31'
msuc: {\huge Histograma}
msdr: {\it plotted by \ANGEL \version}
msdl: {\it calculated by \PHITS  3.35}
wt: s(0.7)
\vspace{-3}
  xmin  &=&  -5.0000E-01 [cm]
  xmax  &=&  -4.0000E-01 [cm]
  ymin  &=&   1.3500E+00 [cm]
  ymax  &=&   1.4500E+00 [cm]
e:

#------------------------------------------------------------------------------
 newpage:
#   no. =131   ix  =  4   iy  = 32
#   x = (  -5.0000E-01  -  -4.0000E-01  )
#   y = (   1.4500E+00  -   1.5500E+00  )

x: z[cm]
y: Dose [Gy/source]      
p: xlin ylog afac(0.8) form(0.9)
h: n            x            y(proton  ),hh0l n 
#  z-lower      z-upper        proton    r.err 
   9.8380E+01   9.8430E+01   3.7616E-01  0.0117
   9.8430E+01   9.8480E+01   3.7342E-01  0.0125
   9.8480E+01   9.8530E+01   3.6808E-01  0.0143
   9.8530E+01   9.8580E+01   5.3941E-02  0.0234

#   sum over    2.0000E-03   2.9290E-01  0.0115

'no. =131,  ix =  4,  iy = 32'
msuc: {\huge Histograma}
msdr: {\it plotted by \ANGEL \version}
msdl: {\it calculated by \PHITS  3.35}
wt: s(0.7)
\vspace{-3}
  xmin  &=&  -5.0000E-01 [cm]
  xmax  &=&  -4.0000E-01 [cm]
  ymin  &=&   1.4500E+00 [cm]
  ymax  &=&   1.5500E+00 [cm]
e:

#------------------------------------------------------------------------------
 newpage:
#   no. =132   ix  =  4   iy  = 33
#   x = (  -5.0000E-01  -  -4.0000E-01  )
#   y = (   1.5500E+00  -   1.6500E+00  )

x: z[cm]
y: Dose [Gy/source]      
p: xlin ylog afac(0.8) form(0.9)
h: n            x            y(proton  ),hh0l n 
#  z-lower      z-upper        proton    r.err 
   9.8380E+01   9.8430E+01   3.7333E-01  0.0118
   9.8430E+01   9.8480E+01   3.7146E-01  0.0126
   9.8480E+01   9.8530E+01   3.6046E-01  0.0144
   9.8530E+01   9.8580E+01   5.3977E-02  0.0234

#   sum over    2.0000E-03   2.8981E-01  0.0115

'no. =132,  ix =  4,  iy = 33'
msuc: {\huge Histograma}
msdr: {\it plotted by \ANGEL \version}
msdl: {\it calculated by \PHITS  3.35}
wt: s(0.7)
\vspace{-3}
  xmin  &=&  -5.0000E-01 [cm]
  xmax  &=&  -4.0000E-01 [cm]
  ymin  &=&   1.5500E+00 [cm]
  ymax  &=&   1.6500E+00 [cm]
e:

#------------------------------------------------------------------------------
 newpage:
#   no. =133   ix  =  5   iy  =  1
#   x = (  -4.0000E-01  -  -3.0000E-01  )
#   y = (  -1.6500E+00  -  -1.5500E+00  )

x: z[cm]
y: Dose [Gy/source]      
p: xlin ylog afac(0.8) form(0.9)
h: n            x            y(proton  ),hh0l n 
#  z-lower      z-upper        proton    r.err 
   9.8380E+01   9.8430E+01   0.0000E+00  0.0000
   9.8430E+01   9.8480E+01   0.0000E+00  0.0000
   9.8480E+01   9.8530E+01   0.0000E+00  0.0000
   9.8530E+01   9.8580E+01   0.0000E+00  0.0000

#   sum over    2.0000E-03   0.0000E+00  0.0000

'no. =133,  ix =  5,  iy =  1'
msuc: {\huge Histograma}
msdr: {\it plotted by \ANGEL \version}
msdl: {\it calculated by \PHITS  3.35}
wt: s(0.7)
\vspace{-3}
  xmin  &=&  -4.0000E-01 [cm]
  xmax  &=&  -3.0000E-01 [cm]
  ymin  &=&  -1.6500E+00 [cm]
  ymax  &=&  -1.5500E+00 [cm]
e:

#------------------------------------------------------------------------------
 newpage:
#   no. =134   ix  =  5   iy  =  2
#   x = (  -4.0000E-01  -  -3.0000E-01  )
#   y = (  -1.5500E+00  -  -1.4500E+00  )

x: z[cm]
y: Dose [Gy/source]      
p: xlin ylog afac(0.8) form(0.9)
h: n            x            y(proton  ),hh0l n 
#  z-lower      z-upper        proton    r.err 
   9.8380E+01   9.8430E+01   9.2086E-05  1.0000
   9.8430E+01   9.8480E+01   0.0000E+00  0.0000
   9.8480E+01   9.8530E+01   0.0000E+00  0.0000
   9.8530E+01   9.8580E+01   0.0000E+00  0.0000

#   sum over    2.0000E-03   2.3022E-05  1.0000

'no. =134,  ix =  5,  iy =  2'
msuc: {\huge Histograma}
msdr: {\it plotted by \ANGEL \version}
msdl: {\it calculated by \PHITS  3.35}
wt: s(0.7)
\vspace{-3}
  xmin  &=&  -4.0000E-01 [cm]
  xmax  &=&  -3.0000E-01 [cm]
  ymin  &=&  -1.5500E+00 [cm]
  ymax  &=&  -1.4500E+00 [cm]
e:

#------------------------------------------------------------------------------
 newpage:
#   no. =135   ix  =  5   iy  =  3
#   x = (  -4.0000E-01  -  -3.0000E-01  )
#   y = (  -1.4500E+00  -  -1.3500E+00  )

x: z[cm]
y: Dose [Gy/source]      
p: xlin ylog afac(0.8) form(0.9)
h: n            x            y(proton  ),hh0l n 
#  z-lower      z-upper        proton    r.err 
   9.8380E+01   9.8430E+01   0.0000E+00  0.0000
   9.8430E+01   9.8480E+01   7.7247E-05  1.0000
   9.8480E+01   9.8530E+01   0.0000E+00  0.0000
   9.8530E+01   9.8580E+01   0.0000E+00  0.0000

#   sum over    2.0000E-03   1.9312E-05  1.0000

'no. =135,  ix =  5,  iy =  3'
msuc: {\huge Histograma}
msdr: {\it plotted by \ANGEL \version}
msdl: {\it calculated by \PHITS  3.35}
wt: s(0.7)
\vspace{-3}
  xmin  &=&  -4.0000E-01 [cm]
  xmax  &=&  -3.0000E-01 [cm]
  ymin  &=&  -1.4500E+00 [cm]
  ymax  &=&  -1.3500E+00 [cm]
e:

#------------------------------------------------------------------------------
 newpage:
#   no. =136   ix  =  5   iy  =  4
#   x = (  -4.0000E-01  -  -3.0000E-01  )
#   y = (  -1.3500E+00  -  -1.2500E+00  )

x: z[cm]
y: Dose [Gy/source]      
p: xlin ylog afac(0.8) form(0.9)
h: n            x            y(proton  ),hh0l n 
#  z-lower      z-upper        proton    r.err 
   9.8380E+01   9.8430E+01   2.5632E-01  0.0142
   9.8430E+01   9.8480E+01   2.5744E-01  0.0151
   9.8480E+01   9.8530E+01   2.4787E-01  0.0173
   9.8530E+01   9.8580E+01   4.0507E-02  0.0278

#   sum over    2.0000E-03   2.0054E-01  0.0139

'no. =136,  ix =  5,  iy =  4'
msuc: {\huge Histograma}
msdr: {\it plotted by \ANGEL \version}
msdl: {\it calculated by \PHITS  3.35}
wt: s(0.7)
\vspace{-3}
  xmin  &=&  -4.0000E-01 [cm]
  xmax  &=&  -3.0000E-01 [cm]
  ymin  &=&  -1.3500E+00 [cm]
  ymax  &=&  -1.2500E+00 [cm]
e:

#------------------------------------------------------------------------------
 newpage:
#   no. =137   ix  =  5   iy  =  5
#   x = (  -4.0000E-01  -  -3.0000E-01  )
#   y = (  -1.2500E+00  -  -1.1500E+00  )

x: z[cm]
y: Dose [Gy/source]      
p: xlin ylog afac(0.8) form(0.9)
h: n            x            y(proton  ),hh0l n 
#  z-lower      z-upper        proton    r.err 
   9.8380E+01   9.8430E+01   3.6795E-01  0.0118
   9.8430E+01   9.8480E+01   3.7006E-01  0.0126
   9.8480E+01   9.8530E+01   3.5039E-01  0.0145
   9.8530E+01   9.8580E+01   5.9621E-02  0.0230

#   sum over    2.0000E-03   2.8701E-01  0.0116

'no. =137,  ix =  5,  iy =  5'
msuc: {\huge Histograma}
msdr: {\it plotted by \ANGEL \version}
msdl: {\it calculated by \PHITS  3.35}
wt: s(0.7)
\vspace{-3}
  xmin  &=&  -4.0000E-01 [cm]
  xmax  &=&  -3.0000E-01 [cm]
  ymin  &=&  -1.2500E+00 [cm]
  ymax  &=&  -1.1500E+00 [cm]
e:

#------------------------------------------------------------------------------
 newpage:
#   no. =138   ix  =  5   iy  =  6
#   x = (  -4.0000E-01  -  -3.0000E-01  )
#   y = (  -1.1500E+00  -  -1.0500E+00  )

x: z[cm]
y: Dose [Gy/source]      
p: xlin ylog afac(0.8) form(0.9)
h: n            x            y(proton  ),hh0l n 
#  z-lower      z-upper        proton    r.err 
   9.8380E+01   9.8430E+01   3.6537E-01  0.0118
   9.8430E+01   9.8480E+01   3.6369E-01  0.0127
   9.8480E+01   9.8530E+01   3.5263E-01  0.0145
   9.8530E+01   9.8580E+01   5.8529E-02  0.0230

#   sum over    2.0000E-03   2.8505E-01  0.0116

'no. =138,  ix =  5,  iy =  6'
msuc: {\huge Histograma}
msdr: {\it plotted by \ANGEL \version}
msdl: {\it calculated by \PHITS  3.35}
wt: s(0.7)
\vspace{-3}
  xmin  &=&  -4.0000E-01 [cm]
  xmax  &=&  -3.0000E-01 [cm]
  ymin  &=&  -1.1500E+00 [cm]
  ymax  &=&  -1.0500E+00 [cm]
e:

#------------------------------------------------------------------------------
 newpage:
#   no. =139   ix  =  5   iy  =  7
#   x = (  -4.0000E-01  -  -3.0000E-01  )
#   y = (  -1.0500E+00  -  -9.5000E-01  )

x: z[cm]
y: Dose [Gy/source]      
p: xlin ylog afac(0.8) form(0.9)
h: n            x            y(proton  ),hh0l n 
#  z-lower      z-upper        proton    r.err 
   9.8380E+01   9.8430E+01   3.6192E-01  0.0119
   9.8430E+01   9.8480E+01   3.5807E-01  0.0128
   9.8480E+01   9.8530E+01   3.3830E-01  0.0148
   9.8530E+01   9.8580E+01   5.6926E-02  0.0234

#   sum over    2.0000E-03   2.7881E-01  0.0117

'no. =139,  ix =  5,  iy =  7'
msuc: {\huge Histograma}
msdr: {\it plotted by \ANGEL \version}
msdl: {\it calculated by \PHITS  3.35}
wt: s(0.7)
\vspace{-3}
  xmin  &=&  -4.0000E-01 [cm]
  xmax  &=&  -3.0000E-01 [cm]
  ymin  &=&  -1.0500E+00 [cm]
  ymax  &=&  -9.5000E-01 [cm]
e:

#------------------------------------------------------------------------------
 newpage:
#   no. =140   ix  =  5   iy  =  8
#   x = (  -4.0000E-01  -  -3.0000E-01  )
#   y = (  -9.5000E-01  -  -8.5000E-01  )

x: z[cm]
y: Dose [Gy/source]      
p: xlin ylog afac(0.8) form(0.9)
h: n            x            y(proton  ),hh0l n 
#  z-lower      z-upper        proton    r.err 
   9.8380E+01   9.8430E+01   3.6296E-01  0.0119
   9.8430E+01   9.8480E+01   3.6193E-01  0.0128
   9.8480E+01   9.8530E+01   3.4341E-01  0.0147
   9.8530E+01   9.8580E+01   5.8318E-02  0.0231

#   sum over    2.0000E-03   2.8165E-01  0.0117

'no. =140,  ix =  5,  iy =  8'
msuc: {\huge Histograma}
msdr: {\it plotted by \ANGEL \version}
msdl: {\it calculated by \PHITS  3.35}
wt: s(0.7)
\vspace{-3}
  xmin  &=&  -4.0000E-01 [cm]
  xmax  &=&  -3.0000E-01 [cm]
  ymin  &=&  -9.5000E-01 [cm]
  ymax  &=&  -8.5000E-01 [cm]
e:

#------------------------------------------------------------------------------
 newpage:
#   no. =141   ix  =  5   iy  =  9
#   x = (  -4.0000E-01  -  -3.0000E-01  )
#   y = (  -8.5000E-01  -  -7.5000E-01  )

x: z[cm]
y: Dose [Gy/source]      
p: xlin ylog afac(0.8) form(0.9)
h: n            x            y(proton  ),hh0l n 
#  z-lower      z-upper        proton    r.err 
   9.8380E+01   9.8430E+01   3.7479E-01  0.0117
   9.8430E+01   9.8480E+01   3.6661E-01  0.0127
   9.8480E+01   9.8530E+01   3.5018E-01  0.0146
   9.8530E+01   9.8580E+01   5.9712E-02  0.0230

#   sum over    2.0000E-03   2.8782E-01  0.0116

'no. =141,  ix =  5,  iy =  9'
msuc: {\huge Histograma}
msdr: {\it plotted by \ANGEL \version}
msdl: {\it calculated by \PHITS  3.35}
wt: s(0.7)
\vspace{-3}
  xmin  &=&  -4.0000E-01 [cm]
  xmax  &=&  -3.0000E-01 [cm]
  ymin  &=&  -8.5000E-01 [cm]
  ymax  &=&  -7.5000E-01 [cm]
e:

#------------------------------------------------------------------------------
 newpage:
#   no. =142   ix  =  5   iy  = 10
#   x = (  -4.0000E-01  -  -3.0000E-01  )
#   y = (  -7.5000E-01  -  -6.5000E-01  )

x: z[cm]
y: Dose [Gy/source]      
p: xlin ylog afac(0.8) form(0.9)
h: n            x            y(proton  ),hh0l n 
#  z-lower      z-upper        proton    r.err 
   9.8380E+01   9.8430E+01   3.5955E-01  0.0119
   9.8430E+01   9.8480E+01   3.5486E-01  0.0128
   9.8480E+01   9.8530E+01   3.4509E-01  0.0147
   9.8530E+01   9.8580E+01   5.9681E-02  0.0231

#   sum over    2.0000E-03   2.7979E-01  0.0117

'no. =142,  ix =  5,  iy = 10'
msuc: {\huge Histograma}
msdr: {\it plotted by \ANGEL \version}
msdl: {\it calculated by \PHITS  3.35}
wt: s(0.7)
\vspace{-3}
  xmin  &=&  -4.0000E-01 [cm]
  xmax  &=&  -3.0000E-01 [cm]
  ymin  &=&  -7.5000E-01 [cm]
  ymax  &=&  -6.5000E-01 [cm]
e:

#------------------------------------------------------------------------------
 newpage:
#   no. =143   ix  =  5   iy  = 11
#   x = (  -4.0000E-01  -  -3.0000E-01  )
#   y = (  -6.5000E-01  -  -5.5000E-01  )

x: z[cm]
y: Dose [Gy/source]      
p: xlin ylog afac(0.8) form(0.9)
h: n            x            y(proton  ),hh0l n 
#  z-lower      z-upper        proton    r.err 
   9.8380E+01   9.8430E+01   3.5810E-01  0.0120
   9.8430E+01   9.8480E+01   3.5551E-01  0.0129
   9.8480E+01   9.8530E+01   3.3907E-01  0.0148
   9.8530E+01   9.8580E+01   5.5849E-02  0.0236

#   sum over    2.0000E-03   2.7713E-01  0.0118

'no. =143,  ix =  5,  iy = 11'
msuc: {\huge Histograma}
msdr: {\it plotted by \ANGEL \version}
msdl: {\it calculated by \PHITS  3.35}
wt: s(0.7)
\vspace{-3}
  xmin  &=&  -4.0000E-01 [cm]
  xmax  &=&  -3.0000E-01 [cm]
  ymin  &=&  -6.5000E-01 [cm]
  ymax  &=&  -5.5000E-01 [cm]
e:

#------------------------------------------------------------------------------
 newpage:
#   no. =144   ix  =  5   iy  = 12
#   x = (  -4.0000E-01  -  -3.0000E-01  )
#   y = (  -5.5000E-01  -  -4.5000E-01  )

x: z[cm]
y: Dose [Gy/source]      
p: xlin ylog afac(0.8) form(0.9)
h: n            x            y(proton  ),hh0l n 
#  z-lower      z-upper        proton    r.err 
   9.8380E+01   9.8430E+01   3.6166E-01  0.0119
   9.8430E+01   9.8480E+01   3.6170E-01  0.0128
   9.8480E+01   9.8530E+01   3.3921E-01  0.0148
   9.8530E+01   9.8580E+01   5.8524E-02  0.0233

#   sum over    2.0000E-03   2.8028E-01  0.0117

'no. =144,  ix =  5,  iy = 12'
msuc: {\huge Histograma}
msdr: {\it plotted by \ANGEL \version}
msdl: {\it calculated by \PHITS  3.35}
wt: s(0.7)
\vspace{-3}
  xmin  &=&  -4.0000E-01 [cm]
  xmax  &=&  -3.0000E-01 [cm]
  ymin  &=&  -5.5000E-01 [cm]
  ymax  &=&  -4.5000E-01 [cm]
e:

#------------------------------------------------------------------------------
 newpage:
#   no. =145   ix  =  5   iy  = 13
#   x = (  -4.0000E-01  -  -3.0000E-01  )
#   y = (  -4.5000E-01  -  -3.5000E-01  )

x: z[cm]
y: Dose [Gy/source]      
p: xlin ylog afac(0.8) form(0.9)
h: n            x            y(proton  ),hh0l n 
#  z-lower      z-upper        proton    r.err 
   9.8380E+01   9.8430E+01   3.6300E-01  0.0120
   9.8430E+01   9.8480E+01   3.5543E-01  0.0129
   9.8480E+01   9.8530E+01   3.3229E-01  0.0149
   9.8530E+01   9.8580E+01   5.7569E-02  0.0234

#   sum over    2.0000E-03   2.7707E-01  0.0118

'no. =145,  ix =  5,  iy = 13'
msuc: {\huge Histograma}
msdr: {\it plotted by \ANGEL \version}
msdl: {\it calculated by \PHITS  3.35}
wt: s(0.7)
\vspace{-3}
  xmin  &=&  -4.0000E-01 [cm]
  xmax  &=&  -3.0000E-01 [cm]
  ymin  &=&  -4.5000E-01 [cm]
  ymax  &=&  -3.5000E-01 [cm]
e:

#------------------------------------------------------------------------------
 newpage:
#   no. =146   ix  =  5   iy  = 14
#   x = (  -4.0000E-01  -  -3.0000E-01  )
#   y = (  -3.5000E-01  -  -2.5000E-01  )

x: z[cm]
y: Dose [Gy/source]      
p: xlin ylog afac(0.8) form(0.9)
h: n            x            y(proton  ),hh0l n 
#  z-lower      z-upper        proton    r.err 
   9.8380E+01   9.8430E+01   3.6501E-01  0.0119
   9.8430E+01   9.8480E+01   3.5971E-01  0.0128
   9.8480E+01   9.8530E+01   3.4069E-01  0.0148
   9.8530E+01   9.8580E+01   5.9273E-02  0.0229

#   sum over    2.0000E-03   2.8117E-01  0.0117

'no. =146,  ix =  5,  iy = 14'
msuc: {\huge Histograma}
msdr: {\it plotted by \ANGEL \version}
msdl: {\it calculated by \PHITS  3.35}
wt: s(0.7)
\vspace{-3}
  xmin  &=&  -4.0000E-01 [cm]
  xmax  &=&  -3.0000E-01 [cm]
  ymin  &=&  -3.5000E-01 [cm]
  ymax  &=&  -2.5000E-01 [cm]
e:

#------------------------------------------------------------------------------
 newpage:
#   no. =147   ix  =  5   iy  = 15
#   x = (  -4.0000E-01  -  -3.0000E-01  )
#   y = (  -2.5000E-01  -  -1.5000E-01  )

x: z[cm]
y: Dose [Gy/source]      
p: xlin ylog afac(0.8) form(0.9)
h: n            x            y(proton  ),hh0l n 
#  z-lower      z-upper        proton    r.err 
   9.8380E+01   9.8430E+01   3.5597E-01  0.0120
   9.8430E+01   9.8480E+01   3.5397E-01  0.0129
   9.8480E+01   9.8530E+01   3.3813E-01  0.0148
   9.8530E+01   9.8580E+01   5.7974E-02  0.0233

#   sum over    2.0000E-03   2.7651E-01  0.0118

'no. =147,  ix =  5,  iy = 15'
msuc: {\huge Histograma}
msdr: {\it plotted by \ANGEL \version}
msdl: {\it calculated by \PHITS  3.35}
wt: s(0.7)
\vspace{-3}
  xmin  &=&  -4.0000E-01 [cm]
  xmax  &=&  -3.0000E-01 [cm]
  ymin  &=&  -2.5000E-01 [cm]
  ymax  &=&  -1.5000E-01 [cm]
e:

#------------------------------------------------------------------------------
 newpage:
#   no. =148   ix  =  5   iy  = 16
#   x = (  -4.0000E-01  -  -3.0000E-01  )
#   y = (  -1.5000E-01  -  -5.0000E-02  )

x: z[cm]
y: Dose [Gy/source]      
p: xlin ylog afac(0.8) form(0.9)
h: n            x            y(proton  ),hh0l n 
#  z-lower      z-upper        proton    r.err 
   9.8380E+01   9.8430E+01   3.6381E-01  0.0119
   9.8430E+01   9.8480E+01   3.5664E-01  0.0128
   9.8480E+01   9.8530E+01   3.4111E-01  0.0148
   9.8530E+01   9.8580E+01   5.6673E-02  0.0234

#   sum over    2.0000E-03   2.7956E-01  0.0117

'no. =148,  ix =  5,  iy = 16'
msuc: {\huge Histograma}
msdr: {\it plotted by \ANGEL \version}
msdl: {\it calculated by \PHITS  3.35}
wt: s(0.7)
\vspace{-3}
  xmin  &=&  -4.0000E-01 [cm]
  xmax  &=&  -3.0000E-01 [cm]
  ymin  &=&  -1.5000E-01 [cm]
  ymax  &=&  -5.0000E-02 [cm]
e:

#------------------------------------------------------------------------------
 newpage:
#   no. =149   ix  =  5   iy  = 17
#   x = (  -4.0000E-01  -  -3.0000E-01  )
#   y = (  -5.0000E-02  -   5.0000E-02  )

x: z[cm]
y: Dose [Gy/source]      
p: xlin ylog afac(0.8) form(0.9)
h: n            x            y(proton  ),hh0l n 
#  z-lower      z-upper        proton    r.err 
   9.8380E+01   9.8430E+01   3.5801E-01  0.0120
   9.8430E+01   9.8480E+01   3.5357E-01  0.0129
   9.8480E+01   9.8530E+01   3.3480E-01  0.0149
   9.8530E+01   9.8580E+01   5.6004E-02  0.0235

#   sum over    2.0000E-03   2.7560E-01  0.0118

'no. =149,  ix =  5,  iy = 17'
msuc: {\huge Histograma}
msdr: {\it plotted by \ANGEL \version}
msdl: {\it calculated by \PHITS  3.35}
wt: s(0.7)
\vspace{-3}
  xmin  &=&  -4.0000E-01 [cm]
  xmax  &=&  -3.0000E-01 [cm]
  ymin  &=&  -5.0000E-02 [cm]
  ymax  &=&   5.0000E-02 [cm]
e:

#------------------------------------------------------------------------------
 newpage:
#   no. =150   ix  =  5   iy  = 18
#   x = (  -4.0000E-01  -  -3.0000E-01  )
#   y = (   5.0000E-02  -   1.5000E-01  )

x: z[cm]
y: Dose [Gy/source]      
p: xlin ylog afac(0.8) form(0.9)
h: n            x            y(proton  ),hh0l n 
#  z-lower      z-upper        proton    r.err 
   9.8380E+01   9.8430E+01   3.6149E-01  0.0120
   9.8430E+01   9.8480E+01   3.5592E-01  0.0129
   9.8480E+01   9.8530E+01   3.3875E-01  0.0148
   9.8530E+01   9.8580E+01   5.5732E-02  0.0236

#   sum over    2.0000E-03   2.7797E-01  0.0118

'no. =150,  ix =  5,  iy = 18'
msuc: {\huge Histograma}
msdr: {\it plotted by \ANGEL \version}
msdl: {\it calculated by \PHITS  3.35}
wt: s(0.7)
\vspace{-3}
  xmin  &=&  -4.0000E-01 [cm]
  xmax  &=&  -3.0000E-01 [cm]
  ymin  &=&   5.0000E-02 [cm]
  ymax  &=&   1.5000E-01 [cm]
e:

#------------------------------------------------------------------------------
 newpage:
#   no. =151   ix  =  5   iy  = 19
#   x = (  -4.0000E-01  -  -3.0000E-01  )
#   y = (   1.5000E-01  -   2.5000E-01  )

x: z[cm]
y: Dose [Gy/source]      
p: xlin ylog afac(0.8) form(0.9)
h: n            x            y(proton  ),hh0l n 
#  z-lower      z-upper        proton    r.err 
   9.8380E+01   9.8430E+01   3.6386E-01  0.0119
   9.8430E+01   9.8480E+01   3.5836E-01  0.0128
   9.8480E+01   9.8530E+01   3.4439E-01  0.0147
   9.8530E+01   9.8580E+01   5.7773E-02  0.0231

#   sum over    2.0000E-03   2.8110E-01  0.0117

'no. =151,  ix =  5,  iy = 19'
msuc: {\huge Histograma}
msdr: {\it plotted by \ANGEL \version}
msdl: {\it calculated by \PHITS  3.35}
wt: s(0.7)
\vspace{-3}
  xmin  &=&  -4.0000E-01 [cm]
  xmax  &=&  -3.0000E-01 [cm]
  ymin  &=&   1.5000E-01 [cm]
  ymax  &=&   2.5000E-01 [cm]
e:

#------------------------------------------------------------------------------
 newpage:
#   no. =152   ix  =  5   iy  = 20
#   x = (  -4.0000E-01  -  -3.0000E-01  )
#   y = (   2.5000E-01  -   3.5000E-01  )

x: z[cm]
y: Dose [Gy/source]      
p: xlin ylog afac(0.8) form(0.9)
h: n            x            y(proton  ),hh0l n 
#  z-lower      z-upper        proton    r.err 
   9.8380E+01   9.8430E+01   3.5452E-01  0.0121
   9.8430E+01   9.8480E+01   3.4320E-01  0.0130
   9.8480E+01   9.8530E+01   3.3332E-01  0.0149
   9.8530E+01   9.8580E+01   5.7539E-02  0.0235

#   sum over    2.0000E-03   2.7214E-01  0.0119

'no. =152,  ix =  5,  iy = 20'
msuc: {\huge Histograma}
msdr: {\it plotted by \ANGEL \version}
msdl: {\it calculated by \PHITS  3.35}
wt: s(0.7)
\vspace{-3}
  xmin  &=&  -4.0000E-01 [cm]
  xmax  &=&  -3.0000E-01 [cm]
  ymin  &=&   2.5000E-01 [cm]
  ymax  &=&   3.5000E-01 [cm]
e:

#------------------------------------------------------------------------------
 newpage:
#   no. =153   ix  =  5   iy  = 21
#   x = (  -4.0000E-01  -  -3.0000E-01  )
#   y = (   3.5000E-01  -   4.5000E-01  )

x: z[cm]
y: Dose [Gy/source]      
p: xlin ylog afac(0.8) form(0.9)
h: n            x            y(proton  ),hh0l n 
#  z-lower      z-upper        proton    r.err 
   9.8380E+01   9.8430E+01   3.6319E-01  0.0119
   9.8430E+01   9.8480E+01   3.5726E-01  0.0128
   9.8480E+01   9.8530E+01   3.4327E-01  0.0147
   9.8530E+01   9.8580E+01   5.8049E-02  0.0232

#   sum over    2.0000E-03   2.8044E-01  0.0117

'no. =153,  ix =  5,  iy = 21'
msuc: {\huge Histograma}
msdr: {\it plotted by \ANGEL \version}
msdl: {\it calculated by \PHITS  3.35}
wt: s(0.7)
\vspace{-3}
  xmin  &=&  -4.0000E-01 [cm]
  xmax  &=&  -3.0000E-01 [cm]
  ymin  &=&   3.5000E-01 [cm]
  ymax  &=&   4.5000E-01 [cm]
e:

#------------------------------------------------------------------------------
 newpage:
#   no. =154   ix  =  5   iy  = 22
#   x = (  -4.0000E-01  -  -3.0000E-01  )
#   y = (   4.5000E-01  -   5.5000E-01  )

x: z[cm]
y: Dose [Gy/source]      
p: xlin ylog afac(0.8) form(0.9)
h: n            x            y(proton  ),hh0l n 
#  z-lower      z-upper        proton    r.err 
   9.8380E+01   9.8430E+01   3.6627E-01  0.0118
   9.8430E+01   9.8480E+01   3.6210E-01  0.0127
   9.8480E+01   9.8530E+01   3.4555E-01  0.0147
   9.8530E+01   9.8580E+01   5.5715E-02  0.0235

#   sum over    2.0000E-03   2.8241E-01  0.0117

'no. =154,  ix =  5,  iy = 22'
msuc: {\huge Histograma}
msdr: {\it plotted by \ANGEL \version}
msdl: {\it calculated by \PHITS  3.35}
wt: s(0.7)
\vspace{-3}
  xmin  &=&  -4.0000E-01 [cm]
  xmax  &=&  -3.0000E-01 [cm]
  ymin  &=&   4.5000E-01 [cm]
  ymax  &=&   5.5000E-01 [cm]
e:

#------------------------------------------------------------------------------
 newpage:
#   no. =155   ix  =  5   iy  = 23
#   x = (  -4.0000E-01  -  -3.0000E-01  )
#   y = (   5.5000E-01  -   6.5000E-01  )

x: z[cm]
y: Dose [Gy/source]      
p: xlin ylog afac(0.8) form(0.9)
h: n            x            y(proton  ),hh0l n 
#  z-lower      z-upper        proton    r.err 
   9.8380E+01   9.8430E+01   3.5983E-01  0.0120
   9.8430E+01   9.8480E+01   3.5667E-01  0.0129
   9.8480E+01   9.8530E+01   3.3685E-01  0.0148
   9.8530E+01   9.8580E+01   5.7495E-02  0.0233

#   sum over    2.0000E-03   2.7771E-01  0.0118

'no. =155,  ix =  5,  iy = 23'
msuc: {\huge Histograma}
msdr: {\it plotted by \ANGEL \version}
msdl: {\it calculated by \PHITS  3.35}
wt: s(0.7)
\vspace{-3}
  xmin  &=&  -4.0000E-01 [cm]
  xmax  &=&  -3.0000E-01 [cm]
  ymin  &=&   5.5000E-01 [cm]
  ymax  &=&   6.5000E-01 [cm]
e:

#------------------------------------------------------------------------------
 newpage:
#   no. =156   ix  =  5   iy  = 24
#   x = (  -4.0000E-01  -  -3.0000E-01  )
#   y = (   6.5000E-01  -   7.5000E-01  )

x: z[cm]
y: Dose [Gy/source]      
p: xlin ylog afac(0.8) form(0.9)
h: n            x            y(proton  ),hh0l n 
#  z-lower      z-upper        proton    r.err 
   9.8380E+01   9.8430E+01   3.6696E-01  0.0119
   9.8430E+01   9.8480E+01   3.5620E-01  0.0128
   9.8480E+01   9.8530E+01   3.4313E-01  0.0147
   9.8530E+01   9.8580E+01   5.9917E-02  0.0230

#   sum over    2.0000E-03   2.8155E-01  0.0117

'no. =156,  ix =  5,  iy = 24'
msuc: {\huge Histograma}
msdr: {\it plotted by \ANGEL \version}
msdl: {\it calculated by \PHITS  3.35}
wt: s(0.7)
\vspace{-3}
  xmin  &=&  -4.0000E-01 [cm]
  xmax  &=&  -3.0000E-01 [cm]
  ymin  &=&   6.5000E-01 [cm]
  ymax  &=&   7.5000E-01 [cm]
e:

#------------------------------------------------------------------------------
 newpage:
#   no. =157   ix  =  5   iy  = 25
#   x = (  -4.0000E-01  -  -3.0000E-01  )
#   y = (   7.5000E-01  -   8.5000E-01  )

x: z[cm]
y: Dose [Gy/source]      
p: xlin ylog afac(0.8) form(0.9)
h: n            x            y(proton  ),hh0l n 
#  z-lower      z-upper        proton    r.err 
   9.8380E+01   9.8430E+01   3.6060E-01  0.0119
   9.8430E+01   9.8480E+01   3.6028E-01  0.0128
   9.8480E+01   9.8530E+01   3.4960E-01  0.0146
   9.8530E+01   9.8580E+01   6.0620E-02  0.0228

#   sum over    2.0000E-03   2.8277E-01  0.0117

'no. =157,  ix =  5,  iy = 25'
msuc: {\huge Histograma}
msdr: {\it plotted by \ANGEL \version}
msdl: {\it calculated by \PHITS  3.35}
wt: s(0.7)
\vspace{-3}
  xmin  &=&  -4.0000E-01 [cm]
  xmax  &=&  -3.0000E-01 [cm]
  ymin  &=&   7.5000E-01 [cm]
  ymax  &=&   8.5000E-01 [cm]
e:

#------------------------------------------------------------------------------
 newpage:
#   no. =158   ix  =  5   iy  = 26
#   x = (  -4.0000E-01  -  -3.0000E-01  )
#   y = (   8.5000E-01  -   9.5000E-01  )

x: z[cm]
y: Dose [Gy/source]      
p: xlin ylog afac(0.8) form(0.9)
h: n            x            y(proton  ),hh0l n 
#  z-lower      z-upper        proton    r.err 
   9.8380E+01   9.8430E+01   3.6643E-01  0.0118
   9.8430E+01   9.8480E+01   3.6423E-01  0.0127
   9.8480E+01   9.8530E+01   3.4402E-01  0.0147
   9.8530E+01   9.8580E+01   5.7795E-02  0.0234

#   sum over    2.0000E-03   2.8312E-01  0.0116

'no. =158,  ix =  5,  iy = 26'
msuc: {\huge Histograma}
msdr: {\it plotted by \ANGEL \version}
msdl: {\it calculated by \PHITS  3.35}
wt: s(0.7)
\vspace{-3}
  xmin  &=&  -4.0000E-01 [cm]
  xmax  &=&  -3.0000E-01 [cm]
  ymin  &=&   8.5000E-01 [cm]
  ymax  &=&   9.5000E-01 [cm]
e:

#------------------------------------------------------------------------------
 newpage:
#   no. =159   ix  =  5   iy  = 27
#   x = (  -4.0000E-01  -  -3.0000E-01  )
#   y = (   9.5000E-01  -   1.0500E+00  )

x: z[cm]
y: Dose [Gy/source]      
p: xlin ylog afac(0.8) form(0.9)
h: n            x            y(proton  ),hh0l n 
#  z-lower      z-upper        proton    r.err 
   9.8380E+01   9.8430E+01   3.6306E-01  0.0119
   9.8430E+01   9.8480E+01   3.6383E-01  0.0127
   9.8480E+01   9.8530E+01   3.4456E-01  0.0146
   9.8530E+01   9.8580E+01   5.7164E-02  0.0234

#   sum over    2.0000E-03   2.8215E-01  0.0117

'no. =159,  ix =  5,  iy = 27'
msuc: {\huge Histograma}
msdr: {\it plotted by \ANGEL \version}
msdl: {\it calculated by \PHITS  3.35}
wt: s(0.7)
\vspace{-3}
  xmin  &=&  -4.0000E-01 [cm]
  xmax  &=&  -3.0000E-01 [cm]
  ymin  &=&   9.5000E-01 [cm]
  ymax  &=&   1.0500E+00 [cm]
e:

#------------------------------------------------------------------------------
 newpage:
#   no. =160   ix  =  5   iy  = 28
#   x = (  -4.0000E-01  -  -3.0000E-01  )
#   y = (   1.0500E+00  -   1.1500E+00  )

x: z[cm]
y: Dose [Gy/source]      
p: xlin ylog afac(0.8) form(0.9)
h: n            x            y(proton  ),hh0l n 
#  z-lower      z-upper        proton    r.err 
   9.8380E+01   9.8430E+01   3.6905E-01  0.0118
   9.8430E+01   9.8480E+01   3.6391E-01  0.0127
   9.8480E+01   9.8530E+01   3.5122E-01  0.0146
   9.8530E+01   9.8580E+01   5.8156E-02  0.0232

#   sum over    2.0000E-03   2.8558E-01  0.0116

'no. =160,  ix =  5,  iy = 28'
msuc: {\huge Histograma}
msdr: {\it plotted by \ANGEL \version}
msdl: {\it calculated by \PHITS  3.35}
wt: s(0.7)
\vspace{-3}
  xmin  &=&  -4.0000E-01 [cm]
  xmax  &=&  -3.0000E-01 [cm]
  ymin  &=&   1.0500E+00 [cm]
  ymax  &=&   1.1500E+00 [cm]
e:

#------------------------------------------------------------------------------
 newpage:
#   no. =161   ix  =  5   iy  = 29
#   x = (  -4.0000E-01  -  -3.0000E-01  )
#   y = (   1.1500E+00  -   1.2500E+00  )

x: z[cm]
y: Dose [Gy/source]      
p: xlin ylog afac(0.8) form(0.9)
h: n            x            y(proton  ),hh0l n 
#  z-lower      z-upper        proton    r.err 
   9.8380E+01   9.8430E+01   3.7400E-01  0.0117
   9.8430E+01   9.8480E+01   3.7530E-01  0.0125
   9.8480E+01   9.8530E+01   3.5718E-01  0.0144
   9.8530E+01   9.8580E+01   5.9897E-02  0.0228

#   sum over    2.0000E-03   2.9160E-01  0.0115

'no. =161,  ix =  5,  iy = 29'
msuc: {\huge Histograma}
msdr: {\it plotted by \ANGEL \version}
msdl: {\it calculated by \PHITS  3.35}
wt: s(0.7)
\vspace{-3}
  xmin  &=&  -4.0000E-01 [cm]
  xmax  &=&  -3.0000E-01 [cm]
  ymin  &=&   1.1500E+00 [cm]
  ymax  &=&   1.2500E+00 [cm]
e:

#------------------------------------------------------------------------------
 newpage:
#   no. =162   ix  =  5   iy  = 30
#   x = (  -4.0000E-01  -  -3.0000E-01  )
#   y = (   1.2500E+00  -   1.3500E+00  )

x: z[cm]
y: Dose [Gy/source]      
p: xlin ylog afac(0.8) form(0.9)
h: n            x            y(proton  ),hh0l n 
#  z-lower      z-upper        proton    r.err 
   9.8380E+01   9.8430E+01   3.6943E-01  0.0117
   9.8430E+01   9.8480E+01   3.7081E-01  0.0126
   9.8480E+01   9.8530E+01   3.5739E-01  0.0144
   9.8530E+01   9.8580E+01   5.9470E-02  0.0228

#   sum over    2.0000E-03   2.8928E-01  0.0115

'no. =162,  ix =  5,  iy = 30'
msuc: {\huge Histograma}
msdr: {\it plotted by \ANGEL \version}
msdl: {\it calculated by \PHITS  3.35}
wt: s(0.7)
\vspace{-3}
  xmin  &=&  -4.0000E-01 [cm]
  xmax  &=&  -3.0000E-01 [cm]
  ymin  &=&   1.2500E+00 [cm]
  ymax  &=&   1.3500E+00 [cm]
e:

#------------------------------------------------------------------------------
 newpage:
#   no. =163   ix  =  5   iy  = 31
#   x = (  -4.0000E-01  -  -3.0000E-01  )
#   y = (   1.3500E+00  -   1.4500E+00  )

x: z[cm]
y: Dose [Gy/source]      
p: xlin ylog afac(0.8) form(0.9)
h: n            x            y(proton  ),hh0l n 
#  z-lower      z-upper        proton    r.err 
   9.8380E+01   9.8430E+01   3.7346E-01  0.0117
   9.8430E+01   9.8480E+01   3.7105E-01  0.0126
   9.8480E+01   9.8530E+01   3.5721E-01  0.0144
   9.8530E+01   9.8580E+01   6.0767E-02  0.0226

#   sum over    2.0000E-03   2.9062E-01  0.0115

'no. =163,  ix =  5,  iy = 31'
msuc: {\huge Histograma}
msdr: {\it plotted by \ANGEL \version}
msdl: {\it calculated by \PHITS  3.35}
wt: s(0.7)
\vspace{-3}
  xmin  &=&  -4.0000E-01 [cm]
  xmax  &=&  -3.0000E-01 [cm]
  ymin  &=&   1.3500E+00 [cm]
  ymax  &=&   1.4500E+00 [cm]
e:

#------------------------------------------------------------------------------
 newpage:
#   no. =164   ix  =  5   iy  = 32
#   x = (  -4.0000E-01  -  -3.0000E-01  )
#   y = (   1.4500E+00  -   1.5500E+00  )

x: z[cm]
y: Dose [Gy/source]      
p: xlin ylog afac(0.8) form(0.9)
h: n            x            y(proton  ),hh0l n 
#  z-lower      z-upper        proton    r.err 
   9.8380E+01   9.8430E+01   3.7688E-01  0.0116
   9.8430E+01   9.8480E+01   3.7969E-01  0.0124
   9.8480E+01   9.8530E+01   3.7207E-01  0.0142
   9.8530E+01   9.8580E+01   5.9332E-02  0.0226

#   sum over    2.0000E-03   2.9699E-01  0.0114

'no. =164,  ix =  5,  iy = 32'
msuc: {\huge Histograma}
msdr: {\it plotted by \ANGEL \version}
msdl: {\it calculated by \PHITS  3.35}
wt: s(0.7)
\vspace{-3}
  xmin  &=&  -4.0000E-01 [cm]
  xmax  &=&  -3.0000E-01 [cm]
  ymin  &=&   1.4500E+00 [cm]
  ymax  &=&   1.5500E+00 [cm]
e:

#------------------------------------------------------------------------------
 newpage:
#   no. =165   ix  =  5   iy  = 33
#   x = (  -4.0000E-01  -  -3.0000E-01  )
#   y = (   1.5500E+00  -   1.6500E+00  )

x: z[cm]
y: Dose [Gy/source]      
p: xlin ylog afac(0.8) form(0.9)
h: n            x            y(proton  ),hh0l n 
#  z-lower      z-upper        proton    r.err 
   9.8380E+01   9.8430E+01   3.7411E-01  0.0117
   9.8430E+01   9.8480E+01   3.7476E-01  0.0125
   9.8480E+01   9.8530E+01   3.6382E-01  0.0144
   9.8530E+01   9.8580E+01   5.5500E-02  0.0232

#   sum over    2.0000E-03   2.9205E-01  0.0115

'no. =165,  ix =  5,  iy = 33'
msuc: {\huge Histograma}
msdr: {\it plotted by \ANGEL \version}
msdl: {\it calculated by \PHITS  3.35}
wt: s(0.7)
\vspace{-3}
  xmin  &=&  -4.0000E-01 [cm]
  xmax  &=&  -3.0000E-01 [cm]
  ymin  &=&   1.5500E+00 [cm]
  ymax  &=&   1.6500E+00 [cm]
e:

#------------------------------------------------------------------------------
 newpage:
#   no. =166   ix  =  6   iy  =  1
#   x = (  -3.0000E-01  -  -2.0000E-01  )
#   y = (  -1.6500E+00  -  -1.5500E+00  )

x: z[cm]
y: Dose [Gy/source]      
p: xlin ylog afac(0.8) form(0.9)
h: n            x            y(proton  ),hh0l n 
#  z-lower      z-upper        proton    r.err 
   9.8380E+01   9.8430E+01   0.0000E+00  0.0000
   9.8430E+01   9.8480E+01   0.0000E+00  0.0000
   9.8480E+01   9.8530E+01   0.0000E+00  0.0000
   9.8530E+01   9.8580E+01   0.0000E+00  0.0000

#   sum over    2.0000E-03   0.0000E+00  0.0000

'no. =166,  ix =  6,  iy =  1'
msuc: {\huge Histograma}
msdr: {\it plotted by \ANGEL \version}
msdl: {\it calculated by \PHITS  3.35}
wt: s(0.7)
\vspace{-3}
  xmin  &=&  -3.0000E-01 [cm]
  xmax  &=&  -2.0000E-01 [cm]
  ymin  &=&  -1.6500E+00 [cm]
  ymax  &=&  -1.5500E+00 [cm]
e:

#------------------------------------------------------------------------------
 newpage:
#   no. =167   ix  =  6   iy  =  2
#   x = (  -3.0000E-01  -  -2.0000E-01  )
#   y = (  -1.5500E+00  -  -1.4500E+00  )

x: z[cm]
y: Dose [Gy/source]      
p: xlin ylog afac(0.8) form(0.9)
h: n            x            y(proton  ),hh0l n 
#  z-lower      z-upper        proton    r.err 
   9.8380E+01   9.8430E+01   7.3619E-05  1.0000
   9.8430E+01   9.8480E+01   0.0000E+00  0.0000
   9.8480E+01   9.8530E+01   0.0000E+00  0.0000
   9.8530E+01   9.8580E+01   0.0000E+00  0.0000

#   sum over    2.0000E-03   1.8405E-05  1.0000

'no. =167,  ix =  6,  iy =  2'
msuc: {\huge Histograma}
msdr: {\it plotted by \ANGEL \version}
msdl: {\it calculated by \PHITS  3.35}
wt: s(0.7)
\vspace{-3}
  xmin  &=&  -3.0000E-01 [cm]
  xmax  &=&  -2.0000E-01 [cm]
  ymin  &=&  -1.5500E+00 [cm]
  ymax  &=&  -1.4500E+00 [cm]
e:

#------------------------------------------------------------------------------
 newpage:
#   no. =168   ix  =  6   iy  =  3
#   x = (  -3.0000E-01  -  -2.0000E-01  )
#   y = (  -1.4500E+00  -  -1.3500E+00  )

x: z[cm]
y: Dose [Gy/source]      
p: xlin ylog afac(0.8) form(0.9)
h: n            x            y(proton  ),hh0l n 
#  z-lower      z-upper        proton    r.err 
   9.8380E+01   9.8430E+01   6.5269E-05  1.0000
   9.8430E+01   9.8480E+01   6.6871E-05  0.8145
   9.8480E+01   9.8530E+01   9.7314E-05  0.9014
   9.8530E+01   9.8580E+01   0.0000E+00  0.0000

#   sum over    2.0000E-03   5.7363E-05  0.6790

'no. =168,  ix =  6,  iy =  3'
msuc: {\huge Histograma}
msdr: {\it plotted by \ANGEL \version}
msdl: {\it calculated by \PHITS  3.35}
wt: s(0.7)
\vspace{-3}
  xmin  &=&  -3.0000E-01 [cm]
  xmax  &=&  -2.0000E-01 [cm]
  ymin  &=&  -1.4500E+00 [cm]
  ymax  &=&  -1.3500E+00 [cm]
e:

#------------------------------------------------------------------------------
 newpage:
#   no. =169   ix  =  6   iy  =  4
#   x = (  -3.0000E-01  -  -2.0000E-01  )
#   y = (  -1.3500E+00  -  -1.2500E+00  )

x: z[cm]
y: Dose [Gy/source]      
p: xlin ylog afac(0.8) form(0.9)
h: n            x            y(proton  ),hh0l n 
#  z-lower      z-upper        proton    r.err 
   9.8380E+01   9.8430E+01   2.6559E-01  0.0140
   9.8430E+01   9.8480E+01   2.6181E-01  0.0150
   9.8480E+01   9.8530E+01   2.4866E-01  0.0173
   9.8530E+01   9.8580E+01   4.3033E-02  0.0271

#   sum over    2.0000E-03   2.0477E-01  0.0137

'no. =169,  ix =  6,  iy =  4'
msuc: {\huge Histograma}
msdr: {\it plotted by \ANGEL \version}
msdl: {\it calculated by \PHITS  3.35}
wt: s(0.7)
\vspace{-3}
  xmin  &=&  -3.0000E-01 [cm]
  xmax  &=&  -2.0000E-01 [cm]
  ymin  &=&  -1.3500E+00 [cm]
  ymax  &=&  -1.2500E+00 [cm]
e:

#------------------------------------------------------------------------------
 newpage:
#   no. =170   ix  =  6   iy  =  5
#   x = (  -3.0000E-01  -  -2.0000E-01  )
#   y = (  -1.2500E+00  -  -1.1500E+00  )

x: z[cm]
y: Dose [Gy/source]      
p: xlin ylog afac(0.8) form(0.9)
h: n            x            y(proton  ),hh0l n 
#  z-lower      z-upper        proton    r.err 
   9.8380E+01   9.8430E+01   3.7464E-01  0.0117
   9.8430E+01   9.8480E+01   3.6769E-01  0.0126
   9.8480E+01   9.8530E+01   3.5575E-01  0.0145
   9.8530E+01   9.8580E+01   6.1691E-02  0.0225

#   sum over    2.0000E-03   2.8994E-01  0.0115

'no. =170,  ix =  6,  iy =  5'
msuc: {\huge Histograma}
msdr: {\it plotted by \ANGEL \version}
msdl: {\it calculated by \PHITS  3.35}
wt: s(0.7)
\vspace{-3}
  xmin  &=&  -3.0000E-01 [cm]
  xmax  &=&  -2.0000E-01 [cm]
  ymin  &=&  -1.2500E+00 [cm]
  ymax  &=&  -1.1500E+00 [cm]
e:

#------------------------------------------------------------------------------
 newpage:
#   no. =171   ix  =  6   iy  =  6
#   x = (  -3.0000E-01  -  -2.0000E-01  )
#   y = (  -1.1500E+00  -  -1.0500E+00  )

x: z[cm]
y: Dose [Gy/source]      
p: xlin ylog afac(0.8) form(0.9)
h: n            x            y(proton  ),hh0l n 
#  z-lower      z-upper        proton    r.err 
   9.8380E+01   9.8430E+01   3.7505E-01  0.0117
   9.8430E+01   9.8480E+01   3.7245E-01  0.0125
   9.8480E+01   9.8530E+01   3.6285E-01  0.0143
   9.8530E+01   9.8580E+01   6.2443E-02  0.0224

#   sum over    2.0000E-03   2.9320E-01  0.0115

'no. =171,  ix =  6,  iy =  6'
msuc: {\huge Histograma}
msdr: {\it plotted by \ANGEL \version}
msdl: {\it calculated by \PHITS  3.35}
wt: s(0.7)
\vspace{-3}
  xmin  &=&  -3.0000E-01 [cm]
  xmax  &=&  -2.0000E-01 [cm]
  ymin  &=&  -1.1500E+00 [cm]
  ymax  &=&  -1.0500E+00 [cm]
e:

#------------------------------------------------------------------------------
 newpage:
#   no. =172   ix  =  6   iy  =  7
#   x = (  -3.0000E-01  -  -2.0000E-01  )
#   y = (  -1.0500E+00  -  -9.5000E-01  )

x: z[cm]
y: Dose [Gy/source]      
p: xlin ylog afac(0.8) form(0.9)
h: n            x            y(proton  ),hh0l n 
#  z-lower      z-upper        proton    r.err 
   9.8380E+01   9.8430E+01   3.6972E-01  0.0118
   9.8430E+01   9.8480E+01   3.6474E-01  0.0127
   9.8480E+01   9.8530E+01   3.5112E-01  0.0146
   9.8530E+01   9.8580E+01   5.7630E-02  0.0233

#   sum over    2.0000E-03   2.8580E-01  0.0116

'no. =172,  ix =  6,  iy =  7'
msuc: {\huge Histograma}
msdr: {\it plotted by \ANGEL \version}
msdl: {\it calculated by \PHITS  3.35}
wt: s(0.7)
\vspace{-3}
  xmin  &=&  -3.0000E-01 [cm]
  xmax  &=&  -2.0000E-01 [cm]
  ymin  &=&  -1.0500E+00 [cm]
  ymax  &=&  -9.5000E-01 [cm]
e:

#------------------------------------------------------------------------------
 newpage:
#   no. =173   ix  =  6   iy  =  8
#   x = (  -3.0000E-01  -  -2.0000E-01  )
#   y = (  -9.5000E-01  -  -8.5000E-01  )

x: z[cm]
y: Dose [Gy/source]      
p: xlin ylog afac(0.8) form(0.9)
h: n            x            y(proton  ),hh0l n 
#  z-lower      z-upper        proton    r.err 
   9.8380E+01   9.8430E+01   3.5729E-01  0.0120
   9.8430E+01   9.8480E+01   3.5043E-01  0.0129
   9.8480E+01   9.8530E+01   3.3786E-01  0.0148
   9.8530E+01   9.8580E+01   5.6131E-02  0.0236

#   sum over    2.0000E-03   2.7543E-01  0.0118

'no. =173,  ix =  6,  iy =  8'
msuc: {\huge Histograma}
msdr: {\it plotted by \ANGEL \version}
msdl: {\it calculated by \PHITS  3.35}
wt: s(0.7)
\vspace{-3}
  xmin  &=&  -3.0000E-01 [cm]
  xmax  &=&  -2.0000E-01 [cm]
  ymin  &=&  -9.5000E-01 [cm]
  ymax  &=&  -8.5000E-01 [cm]
e:

#------------------------------------------------------------------------------
 newpage:
#   no. =174   ix  =  6   iy  =  9
#   x = (  -3.0000E-01  -  -2.0000E-01  )
#   y = (  -8.5000E-01  -  -7.5000E-01  )

x: z[cm]
y: Dose [Gy/source]      
p: xlin ylog afac(0.8) form(0.9)
h: n            x            y(proton  ),hh0l n 
#  z-lower      z-upper        proton    r.err 
   9.8380E+01   9.8430E+01   3.6235E-01  0.0119
   9.8430E+01   9.8480E+01   3.5908E-01  0.0128
   9.8480E+01   9.8530E+01   3.4440E-01  0.0147
   9.8530E+01   9.8580E+01   5.9766E-02  0.0230

#   sum over    2.0000E-03   2.8140E-01  0.0117

'no. =174,  ix =  6,  iy =  9'
msuc: {\huge Histograma}
msdr: {\it plotted by \ANGEL \version}
msdl: {\it calculated by \PHITS  3.35}
wt: s(0.7)
\vspace{-3}
  xmin  &=&  -3.0000E-01 [cm]
  xmax  &=&  -2.0000E-01 [cm]
  ymin  &=&  -8.5000E-01 [cm]
  ymax  &=&  -7.5000E-01 [cm]
e:

#------------------------------------------------------------------------------
 newpage:
#   no. =175   ix  =  6   iy  = 10
#   x = (  -3.0000E-01  -  -2.0000E-01  )
#   y = (  -7.5000E-01  -  -6.5000E-01  )

x: z[cm]
y: Dose [Gy/source]      
p: xlin ylog afac(0.8) form(0.9)
h: n            x            y(proton  ),hh0l n 
#  z-lower      z-upper        proton    r.err 
   9.8380E+01   9.8430E+01   3.7391E-01  0.0117
   9.8430E+01   9.8480E+01   3.6899E-01  0.0126
   9.8480E+01   9.8530E+01   3.5585E-01  0.0144
   9.8530E+01   9.8580E+01   5.8536E-02  0.0231

#   sum over    2.0000E-03   2.8932E-01  0.0115

'no. =175,  ix =  6,  iy = 10'
msuc: {\huge Histograma}
msdr: {\it plotted by \ANGEL \version}
msdl: {\it calculated by \PHITS  3.35}
wt: s(0.7)
\vspace{-3}
  xmin  &=&  -3.0000E-01 [cm]
  xmax  &=&  -2.0000E-01 [cm]
  ymin  &=&  -7.5000E-01 [cm]
  ymax  &=&  -6.5000E-01 [cm]
e:

#------------------------------------------------------------------------------
 newpage:
#   no. =176   ix  =  6   iy  = 11
#   x = (  -3.0000E-01  -  -2.0000E-01  )
#   y = (  -6.5000E-01  -  -5.5000E-01  )

x: z[cm]
y: Dose [Gy/source]      
p: xlin ylog afac(0.8) form(0.9)
h: n            x            y(proton  ),hh0l n 
#  z-lower      z-upper        proton    r.err 
   9.8380E+01   9.8430E+01   3.6221E-01  0.0119
   9.8430E+01   9.8480E+01   3.5300E-01  0.0129
   9.8480E+01   9.8530E+01   3.4593E-01  0.0147
   9.8530E+01   9.8580E+01   5.9845E-02  0.0230

#   sum over    2.0000E-03   2.8025E-01  0.0117

'no. =176,  ix =  6,  iy = 11'
msuc: {\huge Histograma}
msdr: {\it plotted by \ANGEL \version}
msdl: {\it calculated by \PHITS  3.35}
wt: s(0.7)
\vspace{-3}
  xmin  &=&  -3.0000E-01 [cm]
  xmax  &=&  -2.0000E-01 [cm]
  ymin  &=&  -6.5000E-01 [cm]
  ymax  &=&  -5.5000E-01 [cm]
e:

#------------------------------------------------------------------------------
 newpage:
#   no. =177   ix  =  6   iy  = 12
#   x = (  -3.0000E-01  -  -2.0000E-01  )
#   y = (  -5.5000E-01  -  -4.5000E-01  )

x: z[cm]
y: Dose [Gy/source]      
p: xlin ylog afac(0.8) form(0.9)
h: n            x            y(proton  ),hh0l n 
#  z-lower      z-upper        proton    r.err 
   9.8380E+01   9.8430E+01   3.6010E-01  0.0119
   9.8430E+01   9.8480E+01   3.5223E-01  0.0129
   9.8480E+01   9.8530E+01   3.4071E-01  0.0148
   9.8530E+01   9.8580E+01   5.8282E-02  0.0232

#   sum over    2.0000E-03   2.7783E-01  0.0118

'no. =177,  ix =  6,  iy = 12'
msuc: {\huge Histograma}
msdr: {\it plotted by \ANGEL \version}
msdl: {\it calculated by \PHITS  3.35}
wt: s(0.7)
\vspace{-3}
  xmin  &=&  -3.0000E-01 [cm]
  xmax  &=&  -2.0000E-01 [cm]
  ymin  &=&  -5.5000E-01 [cm]
  ymax  &=&  -4.5000E-01 [cm]
e:

#------------------------------------------------------------------------------
 newpage:
#   no. =178   ix  =  6   iy  = 13
#   x = (  -3.0000E-01  -  -2.0000E-01  )
#   y = (  -4.5000E-01  -  -3.5000E-01  )

x: z[cm]
y: Dose [Gy/source]      
p: xlin ylog afac(0.8) form(0.9)
h: n            x            y(proton  ),hh0l n 
#  z-lower      z-upper        proton    r.err 
   9.8380E+01   9.8430E+01   3.5727E-01  0.0120
   9.8430E+01   9.8480E+01   3.5238E-01  0.0129
   9.8480E+01   9.8530E+01   3.4012E-01  0.0148
   9.8530E+01   9.8580E+01   6.0485E-02  0.0229

#   sum over    2.0000E-03   2.7756E-01  0.0118

'no. =178,  ix =  6,  iy = 13'
msuc: {\huge Histograma}
msdr: {\it plotted by \ANGEL \version}
msdl: {\it calculated by \PHITS  3.35}
wt: s(0.7)
\vspace{-3}
  xmin  &=&  -3.0000E-01 [cm]
  xmax  &=&  -2.0000E-01 [cm]
  ymin  &=&  -4.5000E-01 [cm]
  ymax  &=&  -3.5000E-01 [cm]
e:

#------------------------------------------------------------------------------
 newpage:
#   no. =179   ix  =  6   iy  = 14
#   x = (  -3.0000E-01  -  -2.0000E-01  )
#   y = (  -3.5000E-01  -  -2.5000E-01  )

x: z[cm]
y: Dose [Gy/source]      
p: xlin ylog afac(0.8) form(0.9)
h: n            x            y(proton  ),hh0l n 
#  z-lower      z-upper        proton    r.err 
   9.8380E+01   9.8430E+01   3.6221E-01  0.0120
   9.8430E+01   9.8480E+01   3.5232E-01  0.0130
   9.8480E+01   9.8530E+01   3.3253E-01  0.0150
   9.8530E+01   9.8580E+01   5.5293E-02  0.0239

#   sum over    2.0000E-03   2.7559E-01  0.0118

'no. =179,  ix =  6,  iy = 14'
msuc: {\huge Histograma}
msdr: {\it plotted by \ANGEL \version}
msdl: {\it calculated by \PHITS  3.35}
wt: s(0.7)
\vspace{-3}
  xmin  &=&  -3.0000E-01 [cm]
  xmax  &=&  -2.0000E-01 [cm]
  ymin  &=&  -3.5000E-01 [cm]
  ymax  &=&  -2.5000E-01 [cm]
e:

#------------------------------------------------------------------------------
 newpage:
#   no. =180   ix  =  6   iy  = 15
#   x = (  -3.0000E-01  -  -2.0000E-01  )
#   y = (  -2.5000E-01  -  -1.5000E-01  )

x: z[cm]
y: Dose [Gy/source]      
p: xlin ylog afac(0.8) form(0.9)
h: n            x            y(proton  ),hh0l n 
#  z-lower      z-upper        proton    r.err 
   9.8380E+01   9.8430E+01   3.5739E-01  0.0121
   9.8430E+01   9.8480E+01   3.5238E-01  0.0130
   9.8480E+01   9.8530E+01   3.2578E-01  0.0150
   9.8530E+01   9.8580E+01   5.4015E-02  0.0240

#   sum over    2.0000E-03   2.7239E-01  0.0119

'no. =180,  ix =  6,  iy = 15'
msuc: {\huge Histograma}
msdr: {\it plotted by \ANGEL \version}
msdl: {\it calculated by \PHITS  3.35}
wt: s(0.7)
\vspace{-3}
  xmin  &=&  -3.0000E-01 [cm]
  xmax  &=&  -2.0000E-01 [cm]
  ymin  &=&  -2.5000E-01 [cm]
  ymax  &=&  -1.5000E-01 [cm]
e:

#------------------------------------------------------------------------------
 newpage:
#   no. =181   ix  =  6   iy  = 16
#   x = (  -3.0000E-01  -  -2.0000E-01  )
#   y = (  -1.5000E-01  -  -5.0000E-02  )

x: z[cm]
y: Dose [Gy/source]      
p: xlin ylog afac(0.8) form(0.9)
h: n            x            y(proton  ),hh0l n 
#  z-lower      z-upper        proton    r.err 
   9.8380E+01   9.8430E+01   3.5237E-01  0.0121
   9.8430E+01   9.8480E+01   3.4890E-01  0.0130
   9.8480E+01   9.8530E+01   3.2987E-01  0.0150
   9.8530E+01   9.8580E+01   5.6700E-02  0.0234

#   sum over    2.0000E-03   2.7196E-01  0.0119

'no. =181,  ix =  6,  iy = 16'
msuc: {\huge Histograma}
msdr: {\it plotted by \ANGEL \version}
msdl: {\it calculated by \PHITS  3.35}
wt: s(0.7)
\vspace{-3}
  xmin  &=&  -3.0000E-01 [cm]
  xmax  &=&  -2.0000E-01 [cm]
  ymin  &=&  -1.5000E-01 [cm]
  ymax  &=&  -5.0000E-02 [cm]
e:

#------------------------------------------------------------------------------
 newpage:
#   no. =182   ix  =  6   iy  = 17
#   x = (  -3.0000E-01  -  -2.0000E-01  )
#   y = (  -5.0000E-02  -   5.0000E-02  )

x: z[cm]
y: Dose [Gy/source]      
p: xlin ylog afac(0.8) form(0.9)
h: n            x            y(proton  ),hh0l n 
#  z-lower      z-upper        proton    r.err 
   9.8380E+01   9.8430E+01   3.5748E-01  0.0120
   9.8430E+01   9.8480E+01   3.4892E-01  0.0130
   9.8480E+01   9.8530E+01   3.3125E-01  0.0150
   9.8530E+01   9.8580E+01   5.5280E-02  0.0238

#   sum over    2.0000E-03   2.7323E-01  0.0119

'no. =182,  ix =  6,  iy = 17'
msuc: {\huge Histograma}
msdr: {\it plotted by \ANGEL \version}
msdl: {\it calculated by \PHITS  3.35}
wt: s(0.7)
\vspace{-3}
  xmin  &=&  -3.0000E-01 [cm]
  xmax  &=&  -2.0000E-01 [cm]
  ymin  &=&  -5.0000E-02 [cm]
  ymax  &=&   5.0000E-02 [cm]
e:

#------------------------------------------------------------------------------
 newpage:
#   no. =183   ix  =  6   iy  = 18
#   x = (  -3.0000E-01  -  -2.0000E-01  )
#   y = (   5.0000E-02  -   1.5000E-01  )

x: z[cm]
y: Dose [Gy/source]      
p: xlin ylog afac(0.8) form(0.9)
h: n            x            y(proton  ),hh0l n 
#  z-lower      z-upper        proton    r.err 
   9.8380E+01   9.8430E+01   3.5983E-01  0.0120
   9.8430E+01   9.8480E+01   3.4746E-01  0.0130
   9.8480E+01   9.8530E+01   3.3039E-01  0.0149
   9.8530E+01   9.8580E+01   5.6120E-02  0.0236

#   sum over    2.0000E-03   2.7345E-01  0.0118

'no. =183,  ix =  6,  iy = 18'
msuc: {\huge Histograma}
msdr: {\it plotted by \ANGEL \version}
msdl: {\it calculated by \PHITS  3.35}
wt: s(0.7)
\vspace{-3}
  xmin  &=&  -3.0000E-01 [cm]
  xmax  &=&  -2.0000E-01 [cm]
  ymin  &=&   5.0000E-02 [cm]
  ymax  &=&   1.5000E-01 [cm]
e:

#------------------------------------------------------------------------------
 newpage:
#   no. =184   ix  =  6   iy  = 19
#   x = (  -3.0000E-01  -  -2.0000E-01  )
#   y = (   1.5000E-01  -   2.5000E-01  )

x: z[cm]
y: Dose [Gy/source]      
p: xlin ylog afac(0.8) form(0.9)
h: n            x            y(proton  ),hh0l n 
#  z-lower      z-upper        proton    r.err 
   9.8380E+01   9.8430E+01   3.5897E-01  0.0120
   9.8430E+01   9.8480E+01   3.5534E-01  0.0129
   9.8480E+01   9.8530E+01   3.3363E-01  0.0149
   9.8530E+01   9.8580E+01   5.6150E-02  0.0235

#   sum over    2.0000E-03   2.7602E-01  0.0118

'no. =184,  ix =  6,  iy = 19'
msuc: {\huge Histograma}
msdr: {\it plotted by \ANGEL \version}
msdl: {\it calculated by \PHITS  3.35}
wt: s(0.7)
\vspace{-3}
  xmin  &=&  -3.0000E-01 [cm]
  xmax  &=&  -2.0000E-01 [cm]
  ymin  &=&   1.5000E-01 [cm]
  ymax  &=&   2.5000E-01 [cm]
e:

#------------------------------------------------------------------------------
 newpage:
#   no. =185   ix  =  6   iy  = 20
#   x = (  -3.0000E-01  -  -2.0000E-01  )
#   y = (   2.5000E-01  -   3.5000E-01  )

x: z[cm]
y: Dose [Gy/source]      
p: xlin ylog afac(0.8) form(0.9)
h: n            x            y(proton  ),hh0l n 
#  z-lower      z-upper        proton    r.err 
   9.8380E+01   9.8430E+01   3.6141E-01  0.0120
   9.8430E+01   9.8480E+01   3.5782E-01  0.0128
   9.8480E+01   9.8530E+01   3.3797E-01  0.0148
   9.8530E+01   9.8580E+01   5.6531E-02  0.0235

#   sum over    2.0000E-03   2.7843E-01  0.0118

'no. =185,  ix =  6,  iy = 20'
msuc: {\huge Histograma}
msdr: {\it plotted by \ANGEL \version}
msdl: {\it calculated by \PHITS  3.35}
wt: s(0.7)
\vspace{-3}
  xmin  &=&  -3.0000E-01 [cm]
  xmax  &=&  -2.0000E-01 [cm]
  ymin  &=&   2.5000E-01 [cm]
  ymax  &=&   3.5000E-01 [cm]
e:

#------------------------------------------------------------------------------
 newpage:
#   no. =186   ix  =  6   iy  = 21
#   x = (  -3.0000E-01  -  -2.0000E-01  )
#   y = (   3.5000E-01  -   4.5000E-01  )

x: z[cm]
y: Dose [Gy/source]      
p: xlin ylog afac(0.8) form(0.9)
h: n            x            y(proton  ),hh0l n 
#  z-lower      z-upper        proton    r.err 
   9.8380E+01   9.8430E+01   3.5556E-01  0.0120
   9.8430E+01   9.8480E+01   3.5454E-01  0.0129
   9.8480E+01   9.8530E+01   3.3871E-01  0.0148
   9.8530E+01   9.8580E+01   5.8882E-02  0.0232

#   sum over    2.0000E-03   2.7692E-01  0.0118

'no. =186,  ix =  6,  iy = 21'
msuc: {\huge Histograma}
msdr: {\it plotted by \ANGEL \version}
msdl: {\it calculated by \PHITS  3.35}
wt: s(0.7)
\vspace{-3}
  xmin  &=&  -3.0000E-01 [cm]
  xmax  &=&  -2.0000E-01 [cm]
  ymin  &=&   3.5000E-01 [cm]
  ymax  &=&   4.5000E-01 [cm]
e:

#------------------------------------------------------------------------------
 newpage:
#   no. =187   ix  =  6   iy  = 22
#   x = (  -3.0000E-01  -  -2.0000E-01  )
#   y = (   4.5000E-01  -   5.5000E-01  )

x: z[cm]
y: Dose [Gy/source]      
p: xlin ylog afac(0.8) form(0.9)
h: n            x            y(proton  ),hh0l n 
#  z-lower      z-upper        proton    r.err 
   9.8380E+01   9.8430E+01   3.6384E-01  0.0119
   9.8430E+01   9.8480E+01   3.6227E-01  0.0128
   9.8480E+01   9.8530E+01   3.3862E-01  0.0148
   9.8530E+01   9.8580E+01   5.8208E-02  0.0232

#   sum over    2.0000E-03   2.8073E-01  0.0117

'no. =187,  ix =  6,  iy = 22'
msuc: {\huge Histograma}
msdr: {\it plotted by \ANGEL \version}
msdl: {\it calculated by \PHITS  3.35}
wt: s(0.7)
\vspace{-3}
  xmin  &=&  -3.0000E-01 [cm]
  xmax  &=&  -2.0000E-01 [cm]
  ymin  &=&   4.5000E-01 [cm]
  ymax  &=&   5.5000E-01 [cm]
e:

#------------------------------------------------------------------------------
 newpage:
#   no. =188   ix  =  6   iy  = 23
#   x = (  -3.0000E-01  -  -2.0000E-01  )
#   y = (   5.5000E-01  -   6.5000E-01  )

x: z[cm]
y: Dose [Gy/source]      
p: xlin ylog afac(0.8) form(0.9)
h: n            x            y(proton  ),hh0l n 
#  z-lower      z-upper        proton    r.err 
   9.8380E+01   9.8430E+01   3.6324E-01  0.0119
   9.8430E+01   9.8480E+01   3.5463E-01  0.0129
   9.8480E+01   9.8530E+01   3.3552E-01  0.0149
   9.8530E+01   9.8580E+01   5.7933E-02  0.0233

#   sum over    2.0000E-03   2.7783E-01  0.0118

'no. =188,  ix =  6,  iy = 23'
msuc: {\huge Histograma}
msdr: {\it plotted by \ANGEL \version}
msdl: {\it calculated by \PHITS  3.35}
wt: s(0.7)
\vspace{-3}
  xmin  &=&  -3.0000E-01 [cm]
  xmax  &=&  -2.0000E-01 [cm]
  ymin  &=&   5.5000E-01 [cm]
  ymax  &=&   6.5000E-01 [cm]
e:

#------------------------------------------------------------------------------
 newpage:
#   no. =189   ix  =  6   iy  = 24
#   x = (  -3.0000E-01  -  -2.0000E-01  )
#   y = (   6.5000E-01  -   7.5000E-01  )

x: z[cm]
y: Dose [Gy/source]      
p: xlin ylog afac(0.8) form(0.9)
h: n            x            y(proton  ),hh0l n 
#  z-lower      z-upper        proton    r.err 
   9.8380E+01   9.8430E+01   3.5940E-01  0.0120
   9.8430E+01   9.8480E+01   3.5380E-01  0.0128
   9.8480E+01   9.8530E+01   3.4418E-01  0.0147
   9.8530E+01   9.8580E+01   5.8553E-02  0.0230

#   sum over    2.0000E-03   2.7898E-01  0.0118

'no. =189,  ix =  6,  iy = 24'
msuc: {\huge Histograma}
msdr: {\it plotted by \ANGEL \version}
msdl: {\it calculated by \PHITS  3.35}
wt: s(0.7)
\vspace{-3}
  xmin  &=&  -3.0000E-01 [cm]
  xmax  &=&  -2.0000E-01 [cm]
  ymin  &=&   6.5000E-01 [cm]
  ymax  &=&   7.5000E-01 [cm]
e:

#------------------------------------------------------------------------------
 newpage:
#   no. =190   ix  =  6   iy  = 25
#   x = (  -3.0000E-01  -  -2.0000E-01  )
#   y = (   7.5000E-01  -   8.5000E-01  )

x: z[cm]
y: Dose [Gy/source]      
p: xlin ylog afac(0.8) form(0.9)
h: n            x            y(proton  ),hh0l n 
#  z-lower      z-upper        proton    r.err 
   9.8380E+01   9.8430E+01   3.7205E-01  0.0118
   9.8430E+01   9.8480E+01   3.6781E-01  0.0126
   9.8480E+01   9.8530E+01   3.5675E-01  0.0144
   9.8530E+01   9.8580E+01   5.9999E-02  0.0229

#   sum over    2.0000E-03   2.8915E-01  0.0116

'no. =190,  ix =  6,  iy = 25'
msuc: {\huge Histograma}
msdr: {\it plotted by \ANGEL \version}
msdl: {\it calculated by \PHITS  3.35}
wt: s(0.7)
\vspace{-3}
  xmin  &=&  -3.0000E-01 [cm]
  xmax  &=&  -2.0000E-01 [cm]
  ymin  &=&   7.5000E-01 [cm]
  ymax  &=&   8.5000E-01 [cm]
e:

#------------------------------------------------------------------------------
 newpage:
#   no. =191   ix  =  6   iy  = 26
#   x = (  -3.0000E-01  -  -2.0000E-01  )
#   y = (   8.5000E-01  -   9.5000E-01  )

x: z[cm]
y: Dose [Gy/source]      
p: xlin ylog afac(0.8) form(0.9)
h: n            x            y(proton  ),hh0l n 
#  z-lower      z-upper        proton    r.err 
   9.8380E+01   9.8430E+01   3.6055E-01  0.0119
   9.8430E+01   9.8480E+01   3.6136E-01  0.0127
   9.8480E+01   9.8530E+01   3.4850E-01  0.0146
   9.8530E+01   9.8580E+01   5.9394E-02  0.0230

#   sum over    2.0000E-03   2.8245E-01  0.0117

'no. =191,  ix =  6,  iy = 26'
msuc: {\huge Histograma}
msdr: {\it plotted by \ANGEL \version}
msdl: {\it calculated by \PHITS  3.35}
wt: s(0.7)
\vspace{-3}
  xmin  &=&  -3.0000E-01 [cm]
  xmax  &=&  -2.0000E-01 [cm]
  ymin  &=&   8.5000E-01 [cm]
  ymax  &=&   9.5000E-01 [cm]
e:

#------------------------------------------------------------------------------
 newpage:
#   no. =192   ix  =  6   iy  = 27
#   x = (  -3.0000E-01  -  -2.0000E-01  )
#   y = (   9.5000E-01  -   1.0500E+00  )

x: z[cm]
y: Dose [Gy/source]      
p: xlin ylog afac(0.8) form(0.9)
h: n            x            y(proton  ),hh0l n 
#  z-lower      z-upper        proton    r.err 
   9.8380E+01   9.8430E+01   3.7310E-01  0.0117
   9.8430E+01   9.8480E+01   3.7281E-01  0.0126
   9.8480E+01   9.8530E+01   3.5965E-01  0.0144
   9.8530E+01   9.8580E+01   6.0906E-02  0.0227

#   sum over    2.0000E-03   2.9161E-01  0.0115

'no. =192,  ix =  6,  iy = 27'
msuc: {\huge Histograma}
msdr: {\it plotted by \ANGEL \version}
msdl: {\it calculated by \PHITS  3.35}
wt: s(0.7)
\vspace{-3}
  xmin  &=&  -3.0000E-01 [cm]
  xmax  &=&  -2.0000E-01 [cm]
  ymin  &=&   9.5000E-01 [cm]
  ymax  &=&   1.0500E+00 [cm]
e:

#------------------------------------------------------------------------------
 newpage:
#   no. =193   ix  =  6   iy  = 28
#   x = (  -3.0000E-01  -  -2.0000E-01  )
#   y = (   1.0500E+00  -   1.1500E+00  )

x: z[cm]
y: Dose [Gy/source]      
p: xlin ylog afac(0.8) form(0.9)
h: n            x            y(proton  ),hh0l n 
#  z-lower      z-upper        proton    r.err 
   9.8380E+01   9.8430E+01   3.7619E-01  0.0117
   9.8430E+01   9.8480E+01   3.6925E-01  0.0126
   9.8480E+01   9.8530E+01   3.5538E-01  0.0144
   9.8530E+01   9.8580E+01   6.1265E-02  0.0226

#   sum over    2.0000E-03   2.9052E-01  0.0115

'no. =193,  ix =  6,  iy = 28'
msuc: {\huge Histograma}
msdr: {\it plotted by \ANGEL \version}
msdl: {\it calculated by \PHITS  3.35}
wt: s(0.7)
\vspace{-3}
  xmin  &=&  -3.0000E-01 [cm]
  xmax  &=&  -2.0000E-01 [cm]
  ymin  &=&   1.0500E+00 [cm]
  ymax  &=&   1.1500E+00 [cm]
e:

#------------------------------------------------------------------------------
 newpage:
#   no. =194   ix  =  6   iy  = 29
#   x = (  -3.0000E-01  -  -2.0000E-01  )
#   y = (   1.1500E+00  -   1.2500E+00  )

x: z[cm]
y: Dose [Gy/source]      
p: xlin ylog afac(0.8) form(0.9)
h: n            x            y(proton  ),hh0l n 
#  z-lower      z-upper        proton    r.err 
   9.8380E+01   9.8430E+01   3.5891E-01  0.0119
   9.8430E+01   9.8480E+01   3.5907E-01  0.0128
   9.8480E+01   9.8530E+01   3.4067E-01  0.0147
   9.8530E+01   9.8580E+01   5.7370E-02  0.0233

#   sum over    2.0000E-03   2.7900E-01  0.0117

'no. =194,  ix =  6,  iy = 29'
msuc: {\huge Histograma}
msdr: {\it plotted by \ANGEL \version}
msdl: {\it calculated by \PHITS  3.35}
wt: s(0.7)
\vspace{-3}
  xmin  &=&  -3.0000E-01 [cm]
  xmax  &=&  -2.0000E-01 [cm]
  ymin  &=&   1.1500E+00 [cm]
  ymax  &=&   1.2500E+00 [cm]
e:

#------------------------------------------------------------------------------
 newpage:
#   no. =195   ix  =  6   iy  = 30
#   x = (  -3.0000E-01  -  -2.0000E-01  )
#   y = (   1.2500E+00  -   1.3500E+00  )

x: z[cm]
y: Dose [Gy/source]      
p: xlin ylog afac(0.8) form(0.9)
h: n            x            y(proton  ),hh0l n 
#  z-lower      z-upper        proton    r.err 
   9.8380E+01   9.8430E+01   3.6529E-01  0.0119
   9.8430E+01   9.8480E+01   3.6335E-01  0.0127
   9.8480E+01   9.8530E+01   3.5082E-01  0.0145
   9.8530E+01   9.8580E+01   5.9522E-02  0.0229

#   sum over    2.0000E-03   2.8474E-01  0.0116

'no. =195,  ix =  6,  iy = 30'
msuc: {\huge Histograma}
msdr: {\it plotted by \ANGEL \version}
msdl: {\it calculated by \PHITS  3.35}
wt: s(0.7)
\vspace{-3}
  xmin  &=&  -3.0000E-01 [cm]
  xmax  &=&  -2.0000E-01 [cm]
  ymin  &=&   1.2500E+00 [cm]
  ymax  &=&   1.3500E+00 [cm]
e:

#------------------------------------------------------------------------------
 newpage:
#   no. =196   ix  =  6   iy  = 31
#   x = (  -3.0000E-01  -  -2.0000E-01  )
#   y = (   1.3500E+00  -   1.4500E+00  )

x: z[cm]
y: Dose [Gy/source]      
p: xlin ylog afac(0.8) form(0.9)
h: n            x            y(proton  ),hh0l n 
#  z-lower      z-upper        proton    r.err 
   9.8380E+01   9.8430E+01   3.7732E-01  0.0117
   9.8430E+01   9.8480E+01   3.7358E-01  0.0125
   9.8480E+01   9.8530E+01   3.6018E-01  0.0143
   9.8530E+01   9.8580E+01   6.1869E-02  0.0225

#   sum over    2.0000E-03   2.9324E-01  0.0115

'no. =196,  ix =  6,  iy = 31'
msuc: {\huge Histograma}
msdr: {\it plotted by \ANGEL \version}
msdl: {\it calculated by \PHITS  3.35}
wt: s(0.7)
\vspace{-3}
  xmin  &=&  -3.0000E-01 [cm]
  xmax  &=&  -2.0000E-01 [cm]
  ymin  &=&   1.3500E+00 [cm]
  ymax  &=&   1.4500E+00 [cm]
e:

#------------------------------------------------------------------------------
 newpage:
#   no. =197   ix  =  6   iy  = 32
#   x = (  -3.0000E-01  -  -2.0000E-01  )
#   y = (   1.4500E+00  -   1.5500E+00  )

x: z[cm]
y: Dose [Gy/source]      
p: xlin ylog afac(0.8) form(0.9)
h: n            x            y(proton  ),hh0l n 
#  z-lower      z-upper        proton    r.err 
   9.8380E+01   9.8430E+01   3.7137E-01  0.0117
   9.8430E+01   9.8480E+01   3.7357E-01  0.0125
   9.8480E+01   9.8530E+01   3.5827E-01  0.0144
   9.8530E+01   9.8580E+01   6.1569E-02  0.0226

#   sum over    2.0000E-03   2.9120E-01  0.0115

'no. =197,  ix =  6,  iy = 32'
msuc: {\huge Histograma}
msdr: {\it plotted by \ANGEL \version}
msdl: {\it calculated by \PHITS  3.35}
wt: s(0.7)
\vspace{-3}
  xmin  &=&  -3.0000E-01 [cm]
  xmax  &=&  -2.0000E-01 [cm]
  ymin  &=&   1.4500E+00 [cm]
  ymax  &=&   1.5500E+00 [cm]
e:

#------------------------------------------------------------------------------
 newpage:
#   no. =198   ix  =  6   iy  = 33
#   x = (  -3.0000E-01  -  -2.0000E-01  )
#   y = (   1.5500E+00  -   1.6500E+00  )

x: z[cm]
y: Dose [Gy/source]      
p: xlin ylog afac(0.8) form(0.9)
h: n            x            y(proton  ),hh0l n 
#  z-lower      z-upper        proton    r.err 
   9.8380E+01   9.8430E+01   3.7980E-01  0.0117
   9.8430E+01   9.8480E+01   3.7560E-01  0.0125
   9.8480E+01   9.8530E+01   3.6357E-01  0.0144
   9.8530E+01   9.8580E+01   5.6289E-02  0.0230

#   sum over    2.0000E-03   2.9382E-01  0.0115

'no. =198,  ix =  6,  iy = 33'
msuc: {\huge Histograma}
msdr: {\it plotted by \ANGEL \version}
msdl: {\it calculated by \PHITS  3.35}
wt: s(0.7)
\vspace{-3}
  xmin  &=&  -3.0000E-01 [cm]
  xmax  &=&  -2.0000E-01 [cm]
  ymin  &=&   1.5500E+00 [cm]
  ymax  &=&   1.6500E+00 [cm]
e:

#------------------------------------------------------------------------------
 newpage:
#   no. =199   ix  =  7   iy  =  1
#   x = (  -2.0000E-01  -  -1.0000E-01  )
#   y = (  -1.6500E+00  -  -1.5500E+00  )

x: z[cm]
y: Dose [Gy/source]      
p: xlin ylog afac(0.8) form(0.9)
h: n            x            y(proton  ),hh0l n 
#  z-lower      z-upper        proton    r.err 
   9.8380E+01   9.8430E+01   0.0000E+00  0.0000
   9.8430E+01   9.8480E+01   0.0000E+00  0.0000
   9.8480E+01   9.8530E+01   0.0000E+00  0.0000
   9.8530E+01   9.8580E+01   0.0000E+00  0.0000

#   sum over    2.0000E-03   0.0000E+00  0.0000

'no. =199,  ix =  7,  iy =  1'
msuc: {\huge Histograma}
msdr: {\it plotted by \ANGEL \version}
msdl: {\it calculated by \PHITS  3.35}
wt: s(0.7)
\vspace{-3}
  xmin  &=&  -2.0000E-01 [cm]
  xmax  &=&  -1.0000E-01 [cm]
  ymin  &=&  -1.6500E+00 [cm]
  ymax  &=&  -1.5500E+00 [cm]
e:

#------------------------------------------------------------------------------
 newpage:
#   no. =200   ix  =  7   iy  =  2
#   x = (  -2.0000E-01  -  -1.0000E-01  )
#   y = (  -1.5500E+00  -  -1.4500E+00  )

x: z[cm]
y: Dose [Gy/source]      
p: xlin ylog afac(0.8) form(0.9)
h: n            x            y(proton  ),hh0l n 
#  z-lower      z-upper        proton    r.err 
   9.8380E+01   9.8430E+01   0.0000E+00  0.0000
   9.8430E+01   9.8480E+01   0.0000E+00  0.0000
   9.8480E+01   9.8530E+01   0.0000E+00  0.0000
   9.8530E+01   9.8580E+01   0.0000E+00  0.0000

#   sum over    2.0000E-03   0.0000E+00  0.0000

'no. =200,  ix =  7,  iy =  2'
msuc: {\huge Histograma}
msdr: {\it plotted by \ANGEL \version}
msdl: {\it calculated by \PHITS  3.35}
wt: s(0.7)
\vspace{-3}
  xmin  &=&  -2.0000E-01 [cm]
  xmax  &=&  -1.0000E-01 [cm]
  ymin  &=&  -1.5500E+00 [cm]
  ymax  &=&  -1.4500E+00 [cm]
e:

#------------------------------------------------------------------------------
 newpage:
#   no. =201   ix  =  7   iy  =  3
#   x = (  -2.0000E-01  -  -1.0000E-01  )
#   y = (  -1.4500E+00  -  -1.3500E+00  )

x: z[cm]
y: Dose [Gy/source]      
p: xlin ylog afac(0.8) form(0.9)
h: n            x            y(proton  ),hh0l n 
#  z-lower      z-upper        proton    r.err 
   9.8380E+01   9.8430E+01   2.1105E-05  1.0000
   9.8430E+01   9.8480E+01   1.1886E-04  0.7072
   9.8480E+01   9.8530E+01   5.9623E-05  1.0000
   9.8530E+01   9.8580E+01   0.0000E+00  0.0000

#   sum over    2.0000E-03   4.9896E-05  0.7655

'no. =201,  ix =  7,  iy =  3'
msuc: {\huge Histograma}
msdr: {\it plotted by \ANGEL \version}
msdl: {\it calculated by \PHITS  3.35}
wt: s(0.7)
\vspace{-3}
  xmin  &=&  -2.0000E-01 [cm]
  xmax  &=&  -1.0000E-01 [cm]
  ymin  &=&  -1.4500E+00 [cm]
  ymax  &=&  -1.3500E+00 [cm]
e:

#------------------------------------------------------------------------------
 newpage:
#   no. =202   ix  =  7   iy  =  4
#   x = (  -2.0000E-01  -  -1.0000E-01  )
#   y = (  -1.3500E+00  -  -1.2500E+00  )

x: z[cm]
y: Dose [Gy/source]      
p: xlin ylog afac(0.8) form(0.9)
h: n            x            y(proton  ),hh0l n 
#  z-lower      z-upper        proton    r.err 
   9.8380E+01   9.8430E+01   2.5926E-01  0.0140
   9.8430E+01   9.8480E+01   2.6176E-01  0.0149
   9.8480E+01   9.8530E+01   2.5813E-01  0.0169
   9.8530E+01   9.8580E+01   4.4924E-02  0.0265

#   sum over    2.0000E-03   2.0602E-01  0.0137

'no. =202,  ix =  7,  iy =  4'
msuc: {\huge Histograma}
msdr: {\it plotted by \ANGEL \version}
msdl: {\it calculated by \PHITS  3.35}
wt: s(0.7)
\vspace{-3}
  xmin  &=&  -2.0000E-01 [cm]
  xmax  &=&  -1.0000E-01 [cm]
  ymin  &=&  -1.3500E+00 [cm]
  ymax  &=&  -1.2500E+00 [cm]
e:

#------------------------------------------------------------------------------
 newpage:
#   no. =203   ix  =  7   iy  =  5
#   x = (  -2.0000E-01  -  -1.0000E-01  )
#   y = (  -1.2500E+00  -  -1.1500E+00  )

x: z[cm]
y: Dose [Gy/source]      
p: xlin ylog afac(0.8) form(0.9)
h: n            x            y(proton  ),hh0l n 
#  z-lower      z-upper        proton    r.err 
   9.8380E+01   9.8430E+01   3.7184E-01  0.0117
   9.8430E+01   9.8480E+01   3.7279E-01  0.0126
   9.8480E+01   9.8530E+01   3.5388E-01  0.0145
   9.8530E+01   9.8580E+01   6.1751E-02  0.0226

#   sum over    2.0000E-03   2.9007E-01  0.0115

'no. =203,  ix =  7,  iy =  5'
msuc: {\huge Histograma}
msdr: {\it plotted by \ANGEL \version}
msdl: {\it calculated by \PHITS  3.35}
wt: s(0.7)
\vspace{-3}
  xmin  &=&  -2.0000E-01 [cm]
  xmax  &=&  -1.0000E-01 [cm]
  ymin  &=&  -1.2500E+00 [cm]
  ymax  &=&  -1.1500E+00 [cm]
e:

#------------------------------------------------------------------------------
 newpage:
#   no. =204   ix  =  7   iy  =  6
#   x = (  -2.0000E-01  -  -1.0000E-01  )
#   y = (  -1.1500E+00  -  -1.0500E+00  )

x: z[cm]
y: Dose [Gy/source]      
p: xlin ylog afac(0.8) form(0.9)
h: n            x            y(proton  ),hh0l n 
#  z-lower      z-upper        proton    r.err 
   9.8380E+01   9.8430E+01   3.6620E-01  0.0118
   9.8430E+01   9.8480E+01   3.6668E-01  0.0127
   9.8480E+01   9.8530E+01   3.4978E-01  0.0146
   9.8530E+01   9.8580E+01   6.0575E-02  0.0228

#   sum over    2.0000E-03   2.8581E-01  0.0116

'no. =204,  ix =  7,  iy =  6'
msuc: {\huge Histograma}
msdr: {\it plotted by \ANGEL \version}
msdl: {\it calculated by \PHITS  3.35}
wt: s(0.7)
\vspace{-3}
  xmin  &=&  -2.0000E-01 [cm]
  xmax  &=&  -1.0000E-01 [cm]
  ymin  &=&  -1.1500E+00 [cm]
  ymax  &=&  -1.0500E+00 [cm]
e:

#------------------------------------------------------------------------------
 newpage:
#   no. =205   ix  =  7   iy  =  7
#   x = (  -2.0000E-01  -  -1.0000E-01  )
#   y = (  -1.0500E+00  -  -9.5000E-01  )

x: z[cm]
y: Dose [Gy/source]      
p: xlin ylog afac(0.8) form(0.9)
h: n            x            y(proton  ),hh0l n 
#  z-lower      z-upper        proton    r.err 
   9.8380E+01   9.8430E+01   3.6462E-01  0.0119
   9.8430E+01   9.8480E+01   3.5908E-01  0.0128
   9.8480E+01   9.8530E+01   3.4406E-01  0.0147
   9.8530E+01   9.8580E+01   5.7075E-02  0.0234

#   sum over    2.0000E-03   2.8121E-01  0.0117

'no. =205,  ix =  7,  iy =  7'
msuc: {\huge Histograma}
msdr: {\it plotted by \ANGEL \version}
msdl: {\it calculated by \PHITS  3.35}
wt: s(0.7)
\vspace{-3}
  xmin  &=&  -2.0000E-01 [cm]
  xmax  &=&  -1.0000E-01 [cm]
  ymin  &=&  -1.0500E+00 [cm]
  ymax  &=&  -9.5000E-01 [cm]
e:

#------------------------------------------------------------------------------
 newpage:
#   no. =206   ix  =  7   iy  =  8
#   x = (  -2.0000E-01  -  -1.0000E-01  )
#   y = (  -9.5000E-01  -  -8.5000E-01  )

x: z[cm]
y: Dose [Gy/source]      
p: xlin ylog afac(0.8) form(0.9)
h: n            x            y(proton  ),hh0l n 
#  z-lower      z-upper        proton    r.err 
   9.8380E+01   9.8430E+01   3.6143E-01  0.0119
   9.8430E+01   9.8480E+01   3.5085E-01  0.0129
   9.8480E+01   9.8530E+01   3.4279E-01  0.0147
   9.8530E+01   9.8580E+01   5.8859E-02  0.0231

#   sum over    2.0000E-03   2.7848E-01  0.0118

'no. =206,  ix =  7,  iy =  8'
msuc: {\huge Histograma}
msdr: {\it plotted by \ANGEL \version}
msdl: {\it calculated by \PHITS  3.35}
wt: s(0.7)
\vspace{-3}
  xmin  &=&  -2.0000E-01 [cm]
  xmax  &=&  -1.0000E-01 [cm]
  ymin  &=&  -9.5000E-01 [cm]
  ymax  &=&  -8.5000E-01 [cm]
e:

#------------------------------------------------------------------------------
 newpage:
#   no. =207   ix  =  7   iy  =  9
#   x = (  -2.0000E-01  -  -1.0000E-01  )
#   y = (  -8.5000E-01  -  -7.5000E-01  )

x: z[cm]
y: Dose [Gy/source]      
p: xlin ylog afac(0.8) form(0.9)
h: n            x            y(proton  ),hh0l n 
#  z-lower      z-upper        proton    r.err 
   9.8380E+01   9.8430E+01   3.6575E-01  0.0119
   9.8430E+01   9.8480E+01   3.5590E-01  0.0128
   9.8480E+01   9.8530E+01   3.3942E-01  0.0148
   9.8530E+01   9.8580E+01   5.8181E-02  0.0231

#   sum over    2.0000E-03   2.7981E-01  0.0117

'no. =207,  ix =  7,  iy =  9'
msuc: {\huge Histograma}
msdr: {\it plotted by \ANGEL \version}
msdl: {\it calculated by \PHITS  3.35}
wt: s(0.7)
\vspace{-3}
  xmin  &=&  -2.0000E-01 [cm]
  xmax  &=&  -1.0000E-01 [cm]
  ymin  &=&  -8.5000E-01 [cm]
  ymax  &=&  -7.5000E-01 [cm]
e:

#------------------------------------------------------------------------------
 newpage:
#   no. =208   ix  =  7   iy  = 10
#   x = (  -2.0000E-01  -  -1.0000E-01  )
#   y = (  -7.5000E-01  -  -6.5000E-01  )

x: z[cm]
y: Dose [Gy/source]      
p: xlin ylog afac(0.8) form(0.9)
h: n            x            y(proton  ),hh0l n 
#  z-lower      z-upper        proton    r.err 
   9.8380E+01   9.8430E+01   3.6378E-01  0.0119
   9.8430E+01   9.8480E+01   3.5909E-01  0.0128
   9.8480E+01   9.8530E+01   3.4381E-01  0.0147
   9.8530E+01   9.8580E+01   5.8253E-02  0.0233

#   sum over    2.0000E-03   2.8123E-01  0.0117

'no. =208,  ix =  7,  iy = 10'
msuc: {\huge Histograma}
msdr: {\it plotted by \ANGEL \version}
msdl: {\it calculated by \PHITS  3.35}
wt: s(0.7)
\vspace{-3}
  xmin  &=&  -2.0000E-01 [cm]
  xmax  &=&  -1.0000E-01 [cm]
  ymin  &=&  -7.5000E-01 [cm]
  ymax  &=&  -6.5000E-01 [cm]
e:

#------------------------------------------------------------------------------
 newpage:
#   no. =209   ix  =  7   iy  = 11
#   x = (  -2.0000E-01  -  -1.0000E-01  )
#   y = (  -6.5000E-01  -  -5.5000E-01  )

x: z[cm]
y: Dose [Gy/source]      
p: xlin ylog afac(0.8) form(0.9)
h: n            x            y(proton  ),hh0l n 
#  z-lower      z-upper        proton    r.err 
   9.8380E+01   9.8430E+01   3.6562E-01  0.0119
   9.8430E+01   9.8480E+01   3.5682E-01  0.0128
   9.8480E+01   9.8530E+01   3.4528E-01  0.0147
   9.8530E+01   9.8580E+01   5.9834E-02  0.0230

#   sum over    2.0000E-03   2.8189E-01  0.0117

'no. =209,  ix =  7,  iy = 11'
msuc: {\huge Histograma}
msdr: {\it plotted by \ANGEL \version}
msdl: {\it calculated by \PHITS  3.35}
wt: s(0.7)
\vspace{-3}
  xmin  &=&  -2.0000E-01 [cm]
  xmax  &=&  -1.0000E-01 [cm]
  ymin  &=&  -6.5000E-01 [cm]
  ymax  &=&  -5.5000E-01 [cm]
e:

#------------------------------------------------------------------------------
 newpage:
#   no. =210   ix  =  7   iy  = 12
#   x = (  -2.0000E-01  -  -1.0000E-01  )
#   y = (  -5.5000E-01  -  -4.5000E-01  )

x: z[cm]
y: Dose [Gy/source]      
p: xlin ylog afac(0.8) form(0.9)
h: n            x            y(proton  ),hh0l n 
#  z-lower      z-upper        proton    r.err 
   9.8380E+01   9.8430E+01   3.6092E-01  0.0119
   9.8430E+01   9.8480E+01   3.5746E-01  0.0128
   9.8480E+01   9.8530E+01   3.3842E-01  0.0148
   9.8530E+01   9.8580E+01   5.7309E-02  0.0233

#   sum over    2.0000E-03   2.7853E-01  0.0117

'no. =210,  ix =  7,  iy = 12'
msuc: {\huge Histograma}
msdr: {\it plotted by \ANGEL \version}
msdl: {\it calculated by \PHITS  3.35}
wt: s(0.7)
\vspace{-3}
  xmin  &=&  -2.0000E-01 [cm]
  xmax  &=&  -1.0000E-01 [cm]
  ymin  &=&  -5.5000E-01 [cm]
  ymax  &=&  -4.5000E-01 [cm]
e:

#------------------------------------------------------------------------------
 newpage:
#   no. =211   ix  =  7   iy  = 13
#   x = (  -2.0000E-01  -  -1.0000E-01  )
#   y = (  -4.5000E-01  -  -3.5000E-01  )

x: z[cm]
y: Dose [Gy/source]      
p: xlin ylog afac(0.8) form(0.9)
h: n            x            y(proton  ),hh0l n 
#  z-lower      z-upper        proton    r.err 
   9.8380E+01   9.8430E+01   3.6208E-01  0.0120
   9.8430E+01   9.8480E+01   3.5475E-01  0.0129
   9.8480E+01   9.8530E+01   3.3480E-01  0.0149
   9.8530E+01   9.8580E+01   5.5386E-02  0.0238

#   sum over    2.0000E-03   2.7675E-01  0.0118

'no. =211,  ix =  7,  iy = 13'
msuc: {\huge Histograma}
msdr: {\it plotted by \ANGEL \version}
msdl: {\it calculated by \PHITS  3.35}
wt: s(0.7)
\vspace{-3}
  xmin  &=&  -2.0000E-01 [cm]
  xmax  &=&  -1.0000E-01 [cm]
  ymin  &=&  -4.5000E-01 [cm]
  ymax  &=&  -3.5000E-01 [cm]
e:

#------------------------------------------------------------------------------
 newpage:
#   no. =212   ix  =  7   iy  = 14
#   x = (  -2.0000E-01  -  -1.0000E-01  )
#   y = (  -3.5000E-01  -  -2.5000E-01  )

x: z[cm]
y: Dose [Gy/source]      
p: xlin ylog afac(0.8) form(0.9)
h: n            x            y(proton  ),hh0l n 
#  z-lower      z-upper        proton    r.err 
   9.8380E+01   9.8430E+01   3.4611E-01  0.0122
   9.8430E+01   9.8480E+01   3.4069E-01  0.0131
   9.8480E+01   9.8530E+01   3.3090E-01  0.0150
   9.8530E+01   9.8580E+01   5.6939E-02  0.0234

#   sum over    2.0000E-03   2.6866E-01  0.0120

'no. =212,  ix =  7,  iy = 14'
msuc: {\huge Histograma}
msdr: {\it plotted by \ANGEL \version}
msdl: {\it calculated by \PHITS  3.35}
wt: s(0.7)
\vspace{-3}
  xmin  &=&  -2.0000E-01 [cm]
  xmax  &=&  -1.0000E-01 [cm]
  ymin  &=&  -3.5000E-01 [cm]
  ymax  &=&  -2.5000E-01 [cm]
e:

#------------------------------------------------------------------------------
 newpage:
#   no. =213   ix  =  7   iy  = 15
#   x = (  -2.0000E-01  -  -1.0000E-01  )
#   y = (  -2.5000E-01  -  -1.5000E-01  )

x: z[cm]
y: Dose [Gy/source]      
p: xlin ylog afac(0.8) form(0.9)
h: n            x            y(proton  ),hh0l n 
#  z-lower      z-upper        proton    r.err 
   9.8380E+01   9.8430E+01   3.5929E-01  0.0120
   9.8430E+01   9.8480E+01   3.5158E-01  0.0130
   9.8480E+01   9.8530E+01   3.2848E-01  0.0150
   9.8530E+01   9.8580E+01   5.6682E-02  0.0236

#   sum over    2.0000E-03   2.7401E-01  0.0118

'no. =213,  ix =  7,  iy = 15'
msuc: {\huge Histograma}
msdr: {\it plotted by \ANGEL \version}
msdl: {\it calculated by \PHITS  3.35}
wt: s(0.7)
\vspace{-3}
  xmin  &=&  -2.0000E-01 [cm]
  xmax  &=&  -1.0000E-01 [cm]
  ymin  &=&  -2.5000E-01 [cm]
  ymax  &=&  -1.5000E-01 [cm]
e:

#------------------------------------------------------------------------------
 newpage:
#   no. =214   ix  =  7   iy  = 16
#   x = (  -2.0000E-01  -  -1.0000E-01  )
#   y = (  -1.5000E-01  -  -5.0000E-02  )

x: z[cm]
y: Dose [Gy/source]      
p: xlin ylog afac(0.8) form(0.9)
h: n            x            y(proton  ),hh0l n 
#  z-lower      z-upper        proton    r.err 
   9.8380E+01   9.8430E+01   3.5783E-01  0.0120
   9.8430E+01   9.8480E+01   3.5365E-01  0.0129
   9.8480E+01   9.8530E+01   3.3565E-01  0.0149
   9.8530E+01   9.8580E+01   5.8957E-02  0.0231

#   sum over    2.0000E-03   2.7652E-01  0.0118

'no. =214,  ix =  7,  iy = 16'
msuc: {\huge Histograma}
msdr: {\it plotted by \ANGEL \version}
msdl: {\it calculated by \PHITS  3.35}
wt: s(0.7)
\vspace{-3}
  xmin  &=&  -2.0000E-01 [cm]
  xmax  &=&  -1.0000E-01 [cm]
  ymin  &=&  -1.5000E-01 [cm]
  ymax  &=&  -5.0000E-02 [cm]
e:

#------------------------------------------------------------------------------
 newpage:
#   no. =215   ix  =  7   iy  = 17
#   x = (  -2.0000E-01  -  -1.0000E-01  )
#   y = (  -5.0000E-02  -   5.0000E-02  )

x: z[cm]
y: Dose [Gy/source]      
p: xlin ylog afac(0.8) form(0.9)
h: n            x            y(proton  ),hh0l n 
#  z-lower      z-upper        proton    r.err 
   9.8380E+01   9.8430E+01   3.6020E-01  0.0119
   9.8430E+01   9.8480E+01   3.5629E-01  0.0129
   9.8480E+01   9.8530E+01   3.3804E-01  0.0148
   9.8530E+01   9.8580E+01   5.6417E-02  0.0235

#   sum over    2.0000E-03   2.7774E-01  0.0118

'no. =215,  ix =  7,  iy = 17'
msuc: {\huge Histograma}
msdr: {\it plotted by \ANGEL \version}
msdl: {\it calculated by \PHITS  3.35}
wt: s(0.7)
\vspace{-3}
  xmin  &=&  -2.0000E-01 [cm]
  xmax  &=&  -1.0000E-01 [cm]
  ymin  &=&  -5.0000E-02 [cm]
  ymax  &=&   5.0000E-02 [cm]
e:

#------------------------------------------------------------------------------
 newpage:
#   no. =216   ix  =  7   iy  = 18
#   x = (  -2.0000E-01  -  -1.0000E-01  )
#   y = (   5.0000E-02  -   1.5000E-01  )

x: z[cm]
y: Dose [Gy/source]      
p: xlin ylog afac(0.8) form(0.9)
h: n            x            y(proton  ),hh0l n 
#  z-lower      z-upper        proton    r.err 
   9.8380E+01   9.8430E+01   3.5782E-01  0.0120
   9.8430E+01   9.8480E+01   3.5103E-01  0.0130
   9.8480E+01   9.8530E+01   3.3576E-01  0.0149
   9.8530E+01   9.8580E+01   5.5069E-02  0.0238

#   sum over    2.0000E-03   2.7492E-01  0.0118

'no. =216,  ix =  7,  iy = 18'
msuc: {\huge Histograma}
msdr: {\it plotted by \ANGEL \version}
msdl: {\it calculated by \PHITS  3.35}
wt: s(0.7)
\vspace{-3}
  xmin  &=&  -2.0000E-01 [cm]
  xmax  &=&  -1.0000E-01 [cm]
  ymin  &=&   5.0000E-02 [cm]
  ymax  &=&   1.5000E-01 [cm]
e:

#------------------------------------------------------------------------------
 newpage:
#   no. =217   ix  =  7   iy  = 19
#   x = (  -2.0000E-01  -  -1.0000E-01  )
#   y = (   1.5000E-01  -   2.5000E-01  )

x: z[cm]
y: Dose [Gy/source]      
p: xlin ylog afac(0.8) form(0.9)
h: n            x            y(proton  ),hh0l n 
#  z-lower      z-upper        proton    r.err 
   9.8380E+01   9.8430E+01   3.6323E-01  0.0119
   9.8430E+01   9.8480E+01   3.6050E-01  0.0128
   9.8480E+01   9.8530E+01   3.4972E-01  0.0146
   9.8530E+01   9.8580E+01   5.8202E-02  0.0231

#   sum over    2.0000E-03   2.8291E-01  0.0117

'no. =217,  ix =  7,  iy = 19'
msuc: {\huge Histograma}
msdr: {\it plotted by \ANGEL \version}
msdl: {\it calculated by \PHITS  3.35}
wt: s(0.7)
\vspace{-3}
  xmin  &=&  -2.0000E-01 [cm]
  xmax  &=&  -1.0000E-01 [cm]
  ymin  &=&   1.5000E-01 [cm]
  ymax  &=&   2.5000E-01 [cm]
e:

#------------------------------------------------------------------------------
 newpage:
#   no. =218   ix  =  7   iy  = 20
#   x = (  -2.0000E-01  -  -1.0000E-01  )
#   y = (   2.5000E-01  -   3.5000E-01  )

x: z[cm]
y: Dose [Gy/source]      
p: xlin ylog afac(0.8) form(0.9)
h: n            x            y(proton  ),hh0l n 
#  z-lower      z-upper        proton    r.err 
   9.8380E+01   9.8430E+01   3.5505E-01  0.0121
   9.8430E+01   9.8480E+01   3.4237E-01  0.0131
   9.8480E+01   9.8530E+01   3.2907E-01  0.0150
   9.8530E+01   9.8580E+01   5.6752E-02  0.0235

#   sum over    2.0000E-03   2.7081E-01  0.0119

'no. =218,  ix =  7,  iy = 20'
msuc: {\huge Histograma}
msdr: {\it plotted by \ANGEL \version}
msdl: {\it calculated by \PHITS  3.35}
wt: s(0.7)
\vspace{-3}
  xmin  &=&  -2.0000E-01 [cm]
  xmax  &=&  -1.0000E-01 [cm]
  ymin  &=&   2.5000E-01 [cm]
  ymax  &=&   3.5000E-01 [cm]
e:

#------------------------------------------------------------------------------
 newpage:
#   no. =219   ix  =  7   iy  = 21
#   x = (  -2.0000E-01  -  -1.0000E-01  )
#   y = (   3.5000E-01  -   4.5000E-01  )

x: z[cm]
y: Dose [Gy/source]      
p: xlin ylog afac(0.8) form(0.9)
h: n            x            y(proton  ),hh0l n 
#  z-lower      z-upper        proton    r.err 
   9.8380E+01   9.8430E+01   3.6452E-01  0.0119
   9.8430E+01   9.8480E+01   3.5695E-01  0.0128
   9.8480E+01   9.8530E+01   3.3838E-01  0.0148
   9.8530E+01   9.8580E+01   5.7424E-02  0.0234

#   sum over    2.0000E-03   2.7932E-01  0.0117

'no. =219,  ix =  7,  iy = 21'
msuc: {\huge Histograma}
msdr: {\it plotted by \ANGEL \version}
msdl: {\it calculated by \PHITS  3.35}
wt: s(0.7)
\vspace{-3}
  xmin  &=&  -2.0000E-01 [cm]
  xmax  &=&  -1.0000E-01 [cm]
  ymin  &=&   3.5000E-01 [cm]
  ymax  &=&   4.5000E-01 [cm]
e:

#------------------------------------------------------------------------------
 newpage:
#   no. =220   ix  =  7   iy  = 22
#   x = (  -2.0000E-01  -  -1.0000E-01  )
#   y = (   4.5000E-01  -   5.5000E-01  )

x: z[cm]
y: Dose [Gy/source]      
p: xlin ylog afac(0.8) form(0.9)
h: n            x            y(proton  ),hh0l n 
#  z-lower      z-upper        proton    r.err 
   9.8380E+01   9.8430E+01   3.6175E-01  0.0119
   9.8430E+01   9.8480E+01   3.5679E-01  0.0128
   9.8480E+01   9.8530E+01   3.3766E-01  0.0148
   9.8530E+01   9.8580E+01   5.6950E-02  0.0235

#   sum over    2.0000E-03   2.7829E-01  0.0118

'no. =220,  ix =  7,  iy = 22'
msuc: {\huge Histograma}
msdr: {\it plotted by \ANGEL \version}
msdl: {\it calculated by \PHITS  3.35}
wt: s(0.7)
\vspace{-3}
  xmin  &=&  -2.0000E-01 [cm]
  xmax  &=&  -1.0000E-01 [cm]
  ymin  &=&   4.5000E-01 [cm]
  ymax  &=&   5.5000E-01 [cm]
e:

#------------------------------------------------------------------------------
 newpage:
#   no. =221   ix  =  7   iy  = 23
#   x = (  -2.0000E-01  -  -1.0000E-01  )
#   y = (   5.5000E-01  -   6.5000E-01  )

x: z[cm]
y: Dose [Gy/source]      
p: xlin ylog afac(0.8) form(0.9)
h: n            x            y(proton  ),hh0l n 
#  z-lower      z-upper        proton    r.err 
   9.8380E+01   9.8430E+01   3.6556E-01  0.0119
   9.8430E+01   9.8480E+01   3.6116E-01  0.0127
   9.8480E+01   9.8530E+01   3.4666E-01  0.0146
   9.8530E+01   9.8580E+01   5.9835E-02  0.0230

#   sum over    2.0000E-03   2.8331E-01  0.0117

'no. =221,  ix =  7,  iy = 23'
msuc: {\huge Histograma}
msdr: {\it plotted by \ANGEL \version}
msdl: {\it calculated by \PHITS  3.35}
wt: s(0.7)
\vspace{-3}
  xmin  &=&  -2.0000E-01 [cm]
  xmax  &=&  -1.0000E-01 [cm]
  ymin  &=&   5.5000E-01 [cm]
  ymax  &=&   6.5000E-01 [cm]
e:

#------------------------------------------------------------------------------
 newpage:
#   no. =222   ix  =  7   iy  = 24
#   x = (  -2.0000E-01  -  -1.0000E-01  )
#   y = (   6.5000E-01  -   7.5000E-01  )

x: z[cm]
y: Dose [Gy/source]      
p: xlin ylog afac(0.8) form(0.9)
h: n            x            y(proton  ),hh0l n 
#  z-lower      z-upper        proton    r.err 
   9.8380E+01   9.8430E+01   3.7031E-01  0.0118
   9.8430E+01   9.8480E+01   3.6446E-01  0.0127
   9.8480E+01   9.8530E+01   3.4724E-01  0.0146
   9.8530E+01   9.8580E+01   5.8369E-02  0.0232

#   sum over    2.0000E-03   2.8509E-01  0.0116

'no. =222,  ix =  7,  iy = 24'
msuc: {\huge Histograma}
msdr: {\it plotted by \ANGEL \version}
msdl: {\it calculated by \PHITS  3.35}
wt: s(0.7)
\vspace{-3}
  xmin  &=&  -2.0000E-01 [cm]
  xmax  &=&  -1.0000E-01 [cm]
  ymin  &=&   6.5000E-01 [cm]
  ymax  &=&   7.5000E-01 [cm]
e:

#------------------------------------------------------------------------------
 newpage:
#   no. =223   ix  =  7   iy  = 25
#   x = (  -2.0000E-01  -  -1.0000E-01  )
#   y = (   7.5000E-01  -   8.5000E-01  )

x: z[cm]
y: Dose [Gy/source]      
p: xlin ylog afac(0.8) form(0.9)
h: n            x            y(proton  ),hh0l n 
#  z-lower      z-upper        proton    r.err 
   9.8380E+01   9.8430E+01   3.5780E-01  0.0119
   9.8430E+01   9.8480E+01   3.5709E-01  0.0128
   9.8480E+01   9.8530E+01   3.4305E-01  0.0147
   9.8530E+01   9.8580E+01   5.9539E-02  0.0230

#   sum over    2.0000E-03   2.7937E-01  0.0118

'no. =223,  ix =  7,  iy = 25'
msuc: {\huge Histograma}
msdr: {\it plotted by \ANGEL \version}
msdl: {\it calculated by \PHITS  3.35}
wt: s(0.7)
\vspace{-3}
  xmin  &=&  -2.0000E-01 [cm]
  xmax  &=&  -1.0000E-01 [cm]
  ymin  &=&   7.5000E-01 [cm]
  ymax  &=&   8.5000E-01 [cm]
e:

#------------------------------------------------------------------------------
 newpage:
#   no. =224   ix  =  7   iy  = 26
#   x = (  -2.0000E-01  -  -1.0000E-01  )
#   y = (   8.5000E-01  -   9.5000E-01  )

x: z[cm]
y: Dose [Gy/source]      
p: xlin ylog afac(0.8) form(0.9)
h: n            x            y(proton  ),hh0l n 
#  z-lower      z-upper        proton    r.err 
   9.8380E+01   9.8430E+01   3.5476E-01  0.0120
   9.8430E+01   9.8480E+01   3.5212E-01  0.0129
   9.8480E+01   9.8530E+01   3.3909E-01  0.0148
   9.8530E+01   9.8580E+01   5.7105E-02  0.0235

#   sum over    2.0000E-03   2.7577E-01  0.0118

'no. =224,  ix =  7,  iy = 26'
msuc: {\huge Histograma}
msdr: {\it plotted by \ANGEL \version}
msdl: {\it calculated by \PHITS  3.35}
wt: s(0.7)
\vspace{-3}
  xmin  &=&  -2.0000E-01 [cm]
  xmax  &=&  -1.0000E-01 [cm]
  ymin  &=&   8.5000E-01 [cm]
  ymax  &=&   9.5000E-01 [cm]
e:

#------------------------------------------------------------------------------
 newpage:
#   no. =225   ix  =  7   iy  = 27
#   x = (  -2.0000E-01  -  -1.0000E-01  )
#   y = (   9.5000E-01  -   1.0500E+00  )

x: z[cm]
y: Dose [Gy/source]      
p: xlin ylog afac(0.8) form(0.9)
h: n            x            y(proton  ),hh0l n 
#  z-lower      z-upper        proton    r.err 
   9.8380E+01   9.8430E+01   3.6950E-01  0.0118
   9.8430E+01   9.8480E+01   3.6839E-01  0.0126
   9.8480E+01   9.8530E+01   3.5338E-01  0.0145
   9.8530E+01   9.8580E+01   5.8970E-02  0.0231

#   sum over    2.0000E-03   2.8756E-01  0.0116

'no. =225,  ix =  7,  iy = 27'
msuc: {\huge Histograma}
msdr: {\it plotted by \ANGEL \version}
msdl: {\it calculated by \PHITS  3.35}
wt: s(0.7)
\vspace{-3}
  xmin  &=&  -2.0000E-01 [cm]
  xmax  &=&  -1.0000E-01 [cm]
  ymin  &=&   9.5000E-01 [cm]
  ymax  &=&   1.0500E+00 [cm]
e:

#------------------------------------------------------------------------------
 newpage:
#   no. =226   ix  =  7   iy  = 28
#   x = (  -2.0000E-01  -  -1.0000E-01  )
#   y = (   1.0500E+00  -   1.1500E+00  )

x: z[cm]
y: Dose [Gy/source]      
p: xlin ylog afac(0.8) form(0.9)
h: n            x            y(proton  ),hh0l n 
#  z-lower      z-upper        proton    r.err 
   9.8380E+01   9.8430E+01   3.6685E-01  0.0118
   9.8430E+01   9.8480E+01   3.6598E-01  0.0127
   9.8480E+01   9.8530E+01   3.5371E-01  0.0145
   9.8530E+01   9.8580E+01   5.9204E-02  0.0229

#   sum over    2.0000E-03   2.8644E-01  0.0116

'no. =226,  ix =  7,  iy = 28'
msuc: {\huge Histograma}
msdr: {\it plotted by \ANGEL \version}
msdl: {\it calculated by \PHITS  3.35}
wt: s(0.7)
\vspace{-3}
  xmin  &=&  -2.0000E-01 [cm]
  xmax  &=&  -1.0000E-01 [cm]
  ymin  &=&   1.0500E+00 [cm]
  ymax  &=&   1.1500E+00 [cm]
e:

#------------------------------------------------------------------------------
 newpage:
#   no. =227   ix  =  7   iy  = 29
#   x = (  -2.0000E-01  -  -1.0000E-01  )
#   y = (   1.1500E+00  -   1.2500E+00  )

x: z[cm]
y: Dose [Gy/source]      
p: xlin ylog afac(0.8) form(0.9)
h: n            x            y(proton  ),hh0l n 
#  z-lower      z-upper        proton    r.err 
   9.8380E+01   9.8430E+01   3.7098E-01  0.0118
   9.8430E+01   9.8480E+01   3.6570E-01  0.0127
   9.8480E+01   9.8530E+01   3.4823E-01  0.0146
   9.8530E+01   9.8580E+01   5.9236E-02  0.0229

#   sum over    2.0000E-03   2.8604E-01  0.0116

'no. =227,  ix =  7,  iy = 29'
msuc: {\huge Histograma}
msdr: {\it plotted by \ANGEL \version}
msdl: {\it calculated by \PHITS  3.35}
wt: s(0.7)
\vspace{-3}
  xmin  &=&  -2.0000E-01 [cm]
  xmax  &=&  -1.0000E-01 [cm]
  ymin  &=&   1.1500E+00 [cm]
  ymax  &=&   1.2500E+00 [cm]
e:

#------------------------------------------------------------------------------
 newpage:
#   no. =228   ix  =  7   iy  = 30
#   x = (  -2.0000E-01  -  -1.0000E-01  )
#   y = (   1.2500E+00  -   1.3500E+00  )

x: z[cm]
y: Dose [Gy/source]      
p: xlin ylog afac(0.8) form(0.9)
h: n            x            y(proton  ),hh0l n 
#  z-lower      z-upper        proton    r.err 
   9.8380E+01   9.8430E+01   3.6564E-01  0.0118
   9.8430E+01   9.8480E+01   3.6818E-01  0.0126
   9.8480E+01   9.8530E+01   3.5180E-01  0.0146
   9.8530E+01   9.8580E+01   5.7322E-02  0.0233

#   sum over    2.0000E-03   2.8573E-01  0.0116

'no. =228,  ix =  7,  iy = 30'
msuc: {\huge Histograma}
msdr: {\it plotted by \ANGEL \version}
msdl: {\it calculated by \PHITS  3.35}
wt: s(0.7)
\vspace{-3}
  xmin  &=&  -2.0000E-01 [cm]
  xmax  &=&  -1.0000E-01 [cm]
  ymin  &=&   1.2500E+00 [cm]
  ymax  &=&   1.3500E+00 [cm]
e:

#------------------------------------------------------------------------------
 newpage:
#   no. =229   ix  =  7   iy  = 31
#   x = (  -2.0000E-01  -  -1.0000E-01  )
#   y = (   1.3500E+00  -   1.4500E+00  )

x: z[cm]
y: Dose [Gy/source]      
p: xlin ylog afac(0.8) form(0.9)
h: n            x            y(proton  ),hh0l n 
#  z-lower      z-upper        proton    r.err 
   9.8380E+01   9.8430E+01   3.7169E-01  0.0118
   9.8430E+01   9.8480E+01   3.6639E-01  0.0127
   9.8480E+01   9.8530E+01   3.5046E-01  0.0145
   9.8530E+01   9.8580E+01   5.8339E-02  0.0231

#   sum over    2.0000E-03   2.8672E-01  0.0116

'no. =229,  ix =  7,  iy = 31'
msuc: {\huge Histograma}
msdr: {\it plotted by \ANGEL \version}
msdl: {\it calculated by \PHITS  3.35}
wt: s(0.7)
\vspace{-3}
  xmin  &=&  -2.0000E-01 [cm]
  xmax  &=&  -1.0000E-01 [cm]
  ymin  &=&   1.3500E+00 [cm]
  ymax  &=&   1.4500E+00 [cm]
e:

#------------------------------------------------------------------------------
 newpage:
#   no. =230   ix  =  7   iy  = 32
#   x = (  -2.0000E-01  -  -1.0000E-01  )
#   y = (   1.4500E+00  -   1.5500E+00  )

x: z[cm]
y: Dose [Gy/source]      
p: xlin ylog afac(0.8) form(0.9)
h: n            x            y(proton  ),hh0l n 
#  z-lower      z-upper        proton    r.err 
   9.8380E+01   9.8430E+01   3.7908E-01  0.0116
   9.8430E+01   9.8480E+01   3.7767E-01  0.0125
   9.8480E+01   9.8530E+01   3.6268E-01  0.0143
   9.8530E+01   9.8580E+01   6.0239E-02  0.0227

#   sum over    2.0000E-03   2.9492E-01  0.0114

'no. =230,  ix =  7,  iy = 32'
msuc: {\huge Histograma}
msdr: {\it plotted by \ANGEL \version}
msdl: {\it calculated by \PHITS  3.35}
wt: s(0.7)
\vspace{-3}
  xmin  &=&  -2.0000E-01 [cm]
  xmax  &=&  -1.0000E-01 [cm]
  ymin  &=&   1.4500E+00 [cm]
  ymax  &=&   1.5500E+00 [cm]
e:

#------------------------------------------------------------------------------
 newpage:
#   no. =231   ix  =  7   iy  = 33
#   x = (  -2.0000E-01  -  -1.0000E-01  )
#   y = (   1.5500E+00  -   1.6500E+00  )

x: z[cm]
y: Dose [Gy/source]      
p: xlin ylog afac(0.8) form(0.9)
h: n            x            y(proton  ),hh0l n 
#  z-lower      z-upper        proton    r.err 
   9.8380E+01   9.8430E+01   3.8296E-01  0.0116
   9.8430E+01   9.8480E+01   3.7939E-01  0.0125
   9.8480E+01   9.8530E+01   3.6008E-01  0.0144
   9.8530E+01   9.8580E+01   5.9771E-02  0.0229

#   sum over    2.0000E-03   2.9555E-01  0.0114

'no. =231,  ix =  7,  iy = 33'
msuc: {\huge Histograma}
msdr: {\it plotted by \ANGEL \version}
msdl: {\it calculated by \PHITS  3.35}
wt: s(0.7)
\vspace{-3}
  xmin  &=&  -2.0000E-01 [cm]
  xmax  &=&  -1.0000E-01 [cm]
  ymin  &=&   1.5500E+00 [cm]
  ymax  &=&   1.6500E+00 [cm]
e:

#------------------------------------------------------------------------------
 newpage:
#   no. =232   ix  =  8   iy  =  1
#   x = (  -1.0000E-01  -   0.0000E+00  )
#   y = (  -1.6500E+00  -  -1.5500E+00  )

x: z[cm]
y: Dose [Gy/source]      
p: xlin ylog afac(0.8) form(0.9)
h: n            x            y(proton  ),hh0l n 
#  z-lower      z-upper        proton    r.err 
   9.8380E+01   9.8430E+01   0.0000E+00  0.0000
   9.8430E+01   9.8480E+01   0.0000E+00  0.0000
   9.8480E+01   9.8530E+01   0.0000E+00  0.0000
   9.8530E+01   9.8580E+01   0.0000E+00  0.0000

#   sum over    2.0000E-03   0.0000E+00  0.0000

'no. =232,  ix =  8,  iy =  1'
msuc: {\huge Histograma}
msdr: {\it plotted by \ANGEL \version}
msdl: {\it calculated by \PHITS  3.35}
wt: s(0.7)
\vspace{-3}
  xmin  &=&  -1.0000E-01 [cm]
  xmax  &=&   0.0000E+00 [cm]
  ymin  &=&  -1.6500E+00 [cm]
  ymax  &=&  -1.5500E+00 [cm]
e:

#------------------------------------------------------------------------------
 newpage:
#   no. =233   ix  =  8   iy  =  2
#   x = (  -1.0000E-01  -   0.0000E+00  )
#   y = (  -1.5500E+00  -  -1.4500E+00  )

x: z[cm]
y: Dose [Gy/source]      
p: xlin ylog afac(0.8) form(0.9)
h: n            x            y(proton  ),hh0l n 
#  z-lower      z-upper        proton    r.err 
   9.8380E+01   9.8430E+01   0.0000E+00  0.0000
   9.8430E+01   9.8480E+01   0.0000E+00  0.0000
   9.8480E+01   9.8530E+01   0.0000E+00  0.0000
   9.8530E+01   9.8580E+01   0.0000E+00  0.0000

#   sum over    2.0000E-03   0.0000E+00  0.0000

'no. =233,  ix =  8,  iy =  2'
msuc: {\huge Histograma}
msdr: {\it plotted by \ANGEL \version}
msdl: {\it calculated by \PHITS  3.35}
wt: s(0.7)
\vspace{-3}
  xmin  &=&  -1.0000E-01 [cm]
  xmax  &=&   0.0000E+00 [cm]
  ymin  &=&  -1.5500E+00 [cm]
  ymax  &=&  -1.4500E+00 [cm]
e:

#------------------------------------------------------------------------------
 newpage:
#   no. =234   ix  =  8   iy  =  3
#   x = (  -1.0000E-01  -   0.0000E+00  )
#   y = (  -1.4500E+00  -  -1.3500E+00  )

x: z[cm]
y: Dose [Gy/source]      
p: xlin ylog afac(0.8) form(0.9)
h: n            x            y(proton  ),hh0l n 
#  z-lower      z-upper        proton    r.err 
   9.8380E+01   9.8430E+01   0.0000E+00  0.0000
   9.8430E+01   9.8480E+01   0.0000E+00  0.0000
   9.8480E+01   9.8530E+01   0.0000E+00  0.0000
   9.8530E+01   9.8580E+01   0.0000E+00  0.0000

#   sum over    2.0000E-03   0.0000E+00  0.0000

'no. =234,  ix =  8,  iy =  3'
msuc: {\huge Histograma}
msdr: {\it plotted by \ANGEL \version}
msdl: {\it calculated by \PHITS  3.35}
wt: s(0.7)
\vspace{-3}
  xmin  &=&  -1.0000E-01 [cm]
  xmax  &=&   0.0000E+00 [cm]
  ymin  &=&  -1.4500E+00 [cm]
  ymax  &=&  -1.3500E+00 [cm]
e:

#------------------------------------------------------------------------------
 newpage:
#   no. =235   ix  =  8   iy  =  4
#   x = (  -1.0000E-01  -   0.0000E+00  )
#   y = (  -1.3500E+00  -  -1.2500E+00  )

x: z[cm]
y: Dose [Gy/source]      
p: xlin ylog afac(0.8) form(0.9)
h: n            x            y(proton  ),hh0l n 
#  z-lower      z-upper        proton    r.err 
   9.8380E+01   9.8430E+01   2.6196E-01  0.0141
   9.8430E+01   9.8480E+01   2.5865E-01  0.0151
   9.8480E+01   9.8530E+01   2.4493E-01  0.0174
   9.8530E+01   9.8580E+01   4.0716E-02  0.0277

#   sum over    2.0000E-03   2.0157E-01  0.0138

'no. =235,  ix =  8,  iy =  4'
msuc: {\huge Histograma}
msdr: {\it plotted by \ANGEL \version}
msdl: {\it calculated by \PHITS  3.35}
wt: s(0.7)
\vspace{-3}
  xmin  &=&  -1.0000E-01 [cm]
  xmax  &=&   0.0000E+00 [cm]
  ymin  &=&  -1.3500E+00 [cm]
  ymax  &=&  -1.2500E+00 [cm]
e:

#------------------------------------------------------------------------------
 newpage:
#   no. =236   ix  =  8   iy  =  5
#   x = (  -1.0000E-01  -   0.0000E+00  )
#   y = (  -1.2500E+00  -  -1.1500E+00  )

x: z[cm]
y: Dose [Gy/source]      
p: xlin ylog afac(0.8) form(0.9)
h: n            x            y(proton  ),hh0l n 
#  z-lower      z-upper        proton    r.err 
   9.8380E+01   9.8430E+01   3.6811E-01  0.0119
   9.8430E+01   9.8480E+01   3.6251E-01  0.0127
   9.8480E+01   9.8530E+01   3.4823E-01  0.0146
   9.8530E+01   9.8580E+01   5.9506E-02  0.0230

#   sum over    2.0000E-03   2.8459E-01  0.0116

'no. =236,  ix =  8,  iy =  5'
msuc: {\huge Histograma}
msdr: {\it plotted by \ANGEL \version}
msdl: {\it calculated by \PHITS  3.35}
wt: s(0.7)
\vspace{-3}
  xmin  &=&  -1.0000E-01 [cm]
  xmax  &=&   0.0000E+00 [cm]
  ymin  &=&  -1.2500E+00 [cm]
  ymax  &=&  -1.1500E+00 [cm]
e:

#------------------------------------------------------------------------------
 newpage:
#   no. =237   ix  =  8   iy  =  6
#   x = (  -1.0000E-01  -   0.0000E+00  )
#   y = (  -1.1500E+00  -  -1.0500E+00  )

x: z[cm]
y: Dose [Gy/source]      
p: xlin ylog afac(0.8) form(0.9)
h: n            x            y(proton  ),hh0l n 
#  z-lower      z-upper        proton    r.err 
   9.8380E+01   9.8430E+01   3.6946E-01  0.0118
   9.8430E+01   9.8480E+01   3.6803E-01  0.0126
   9.8480E+01   9.8530E+01   3.5548E-01  0.0145
   9.8530E+01   9.8580E+01   6.1055E-02  0.0226

#   sum over    2.0000E-03   2.8851E-01  0.0116

'no. =237,  ix =  8,  iy =  6'
msuc: {\huge Histograma}
msdr: {\it plotted by \ANGEL \version}
msdl: {\it calculated by \PHITS  3.35}
wt: s(0.7)
\vspace{-3}
  xmin  &=&  -1.0000E-01 [cm]
  xmax  &=&   0.0000E+00 [cm]
  ymin  &=&  -1.1500E+00 [cm]
  ymax  &=&  -1.0500E+00 [cm]
e:

#------------------------------------------------------------------------------
 newpage:
#   no. =238   ix  =  8   iy  =  7
#   x = (  -1.0000E-01  -   0.0000E+00  )
#   y = (  -1.0500E+00  -  -9.5000E-01  )

x: z[cm]
y: Dose [Gy/source]      
p: xlin ylog afac(0.8) form(0.9)
h: n            x            y(proton  ),hh0l n 
#  z-lower      z-upper        proton    r.err 
   9.8380E+01   9.8430E+01   3.6872E-01  0.0118
   9.8430E+01   9.8480E+01   3.6544E-01  0.0127
   9.8480E+01   9.8530E+01   3.4579E-01  0.0146
   9.8530E+01   9.8580E+01   5.9693E-02  0.0229

#   sum over    2.0000E-03   2.8491E-01  0.0116

'no. =238,  ix =  8,  iy =  7'
msuc: {\huge Histograma}
msdr: {\it plotted by \ANGEL \version}
msdl: {\it calculated by \PHITS  3.35}
wt: s(0.7)
\vspace{-3}
  xmin  &=&  -1.0000E-01 [cm]
  xmax  &=&   0.0000E+00 [cm]
  ymin  &=&  -1.0500E+00 [cm]
  ymax  &=&  -9.5000E-01 [cm]
e:

#------------------------------------------------------------------------------
 newpage:
#   no. =239   ix  =  8   iy  =  8
#   x = (  -1.0000E-01  -   0.0000E+00  )
#   y = (  -9.5000E-01  -  -8.5000E-01  )

x: z[cm]
y: Dose [Gy/source]      
p: xlin ylog afac(0.8) form(0.9)
h: n            x            y(proton  ),hh0l n 
#  z-lower      z-upper        proton    r.err 
   9.8380E+01   9.8430E+01   3.6964E-01  0.0118
   9.8430E+01   9.8480E+01   3.6395E-01  0.0127
   9.8480E+01   9.8530E+01   3.4779E-01  0.0146
   9.8530E+01   9.8580E+01   5.6682E-02  0.0233

#   sum over    2.0000E-03   2.8452E-01  0.0116

'no. =239,  ix =  8,  iy =  8'
msuc: {\huge Histograma}
msdr: {\it plotted by \ANGEL \version}
msdl: {\it calculated by \PHITS  3.35}
wt: s(0.7)
\vspace{-3}
  xmin  &=&  -1.0000E-01 [cm]
  xmax  &=&   0.0000E+00 [cm]
  ymin  &=&  -9.5000E-01 [cm]
  ymax  &=&  -8.5000E-01 [cm]
e:

#------------------------------------------------------------------------------
 newpage:
#   no. =240   ix  =  8   iy  =  9
#   x = (  -1.0000E-01  -   0.0000E+00  )
#   y = (  -8.5000E-01  -  -7.5000E-01  )

x: z[cm]
y: Dose [Gy/source]      
p: xlin ylog afac(0.8) form(0.9)
h: n            x            y(proton  ),hh0l n 
#  z-lower      z-upper        proton    r.err 
   9.8380E+01   9.8430E+01   3.6161E-01  0.0119
   9.8430E+01   9.8480E+01   3.5505E-01  0.0129
   9.8480E+01   9.8530E+01   3.3994E-01  0.0148
   9.8530E+01   9.8580E+01   5.7145E-02  0.0233

#   sum over    2.0000E-03   2.7844E-01  0.0118

'no. =240,  ix =  8,  iy =  9'
msuc: {\huge Histograma}
msdr: {\it plotted by \ANGEL \version}
msdl: {\it calculated by \PHITS  3.35}
wt: s(0.7)
\vspace{-3}
  xmin  &=&  -1.0000E-01 [cm]
  xmax  &=&   0.0000E+00 [cm]
  ymin  &=&  -8.5000E-01 [cm]
  ymax  &=&  -7.5000E-01 [cm]
e:

#------------------------------------------------------------------------------
 newpage:
#   no. =241   ix  =  8   iy  = 10
#   x = (  -1.0000E-01  -   0.0000E+00  )
#   y = (  -7.5000E-01  -  -6.5000E-01  )

x: z[cm]
y: Dose [Gy/source]      
p: xlin ylog afac(0.8) form(0.9)
h: n            x            y(proton  ),hh0l n 
#  z-lower      z-upper        proton    r.err 
   9.8380E+01   9.8430E+01   3.6106E-01  0.0120
   9.8430E+01   9.8480E+01   3.5288E-01  0.0129
   9.8480E+01   9.8530E+01   3.3751E-01  0.0148
   9.8530E+01   9.8580E+01   5.5604E-02  0.0235

#   sum over    2.0000E-03   2.7676E-01  0.0118

'no. =241,  ix =  8,  iy = 10'
msuc: {\huge Histograma}
msdr: {\it plotted by \ANGEL \version}
msdl: {\it calculated by \PHITS  3.35}
wt: s(0.7)
\vspace{-3}
  xmin  &=&  -1.0000E-01 [cm]
  xmax  &=&   0.0000E+00 [cm]
  ymin  &=&  -7.5000E-01 [cm]
  ymax  &=&  -6.5000E-01 [cm]
e:

#------------------------------------------------------------------------------
 newpage:
#   no. =242   ix  =  8   iy  = 11
#   x = (  -1.0000E-01  -   0.0000E+00  )
#   y = (  -6.5000E-01  -  -5.5000E-01  )

x: z[cm]
y: Dose [Gy/source]      
p: xlin ylog afac(0.8) form(0.9)
h: n            x            y(proton  ),hh0l n 
#  z-lower      z-upper        proton    r.err 
   9.8380E+01   9.8430E+01   3.5952E-01  0.0120
   9.8430E+01   9.8480E+01   3.5172E-01  0.0129
   9.8480E+01   9.8530E+01   3.3202E-01  0.0149
   9.8530E+01   9.8580E+01   5.5022E-02  0.0238

#   sum over    2.0000E-03   2.7457E-01  0.0118

'no. =242,  ix =  8,  iy = 11'
msuc: {\huge Histograma}
msdr: {\it plotted by \ANGEL \version}
msdl: {\it calculated by \PHITS  3.35}
wt: s(0.7)
\vspace{-3}
  xmin  &=&  -1.0000E-01 [cm]
  xmax  &=&   0.0000E+00 [cm]
  ymin  &=&  -6.5000E-01 [cm]
  ymax  &=&  -5.5000E-01 [cm]
e:

#------------------------------------------------------------------------------
 newpage:
#   no. =243   ix  =  8   iy  = 12
#   x = (  -1.0000E-01  -   0.0000E+00  )
#   y = (  -5.5000E-01  -  -4.5000E-01  )

x: z[cm]
y: Dose [Gy/source]      
p: xlin ylog afac(0.8) form(0.9)
h: n            x            y(proton  ),hh0l n 
#  z-lower      z-upper        proton    r.err 
   9.8380E+01   9.8430E+01   3.6403E-01  0.0119
   9.8430E+01   9.8480E+01   3.5674E-01  0.0129
   9.8480E+01   9.8530E+01   3.3587E-01  0.0149
   9.8530E+01   9.8580E+01   5.6385E-02  0.0235

#   sum over    2.0000E-03   2.7826E-01  0.0117

'no. =243,  ix =  8,  iy = 12'
msuc: {\huge Histograma}
msdr: {\it plotted by \ANGEL \version}
msdl: {\it calculated by \PHITS  3.35}
wt: s(0.7)
\vspace{-3}
  xmin  &=&  -1.0000E-01 [cm]
  xmax  &=&   0.0000E+00 [cm]
  ymin  &=&  -5.5000E-01 [cm]
  ymax  &=&  -4.5000E-01 [cm]
e:

#------------------------------------------------------------------------------
 newpage:
#   no. =244   ix  =  8   iy  = 13
#   x = (  -1.0000E-01  -   0.0000E+00  )
#   y = (  -4.5000E-01  -  -3.5000E-01  )

x: z[cm]
y: Dose [Gy/source]      
p: xlin ylog afac(0.8) form(0.9)
h: n            x            y(proton  ),hh0l n 
#  z-lower      z-upper        proton    r.err 
   9.8380E+01   9.8430E+01   3.5238E-01  0.0121
   9.8430E+01   9.8480E+01   3.4927E-01  0.0130
   9.8480E+01   9.8530E+01   3.3217E-01  0.0149
   9.8530E+01   9.8580E+01   5.6571E-02  0.0236

#   sum over    2.0000E-03   2.7260E-01  0.0119

'no. =244,  ix =  8,  iy = 13'
msuc: {\huge Histograma}
msdr: {\it plotted by \ANGEL \version}
msdl: {\it calculated by \PHITS  3.35}
wt: s(0.7)
\vspace{-3}
  xmin  &=&  -1.0000E-01 [cm]
  xmax  &=&   0.0000E+00 [cm]
  ymin  &=&  -4.5000E-01 [cm]
  ymax  &=&  -3.5000E-01 [cm]
e:

#------------------------------------------------------------------------------
 newpage:
#   no. =245   ix  =  8   iy  = 14
#   x = (  -1.0000E-01  -   0.0000E+00  )
#   y = (  -3.5000E-01  -  -2.5000E-01  )

x: z[cm]
y: Dose [Gy/source]      
p: xlin ylog afac(0.8) form(0.9)
h: n            x            y(proton  ),hh0l n 
#  z-lower      z-upper        proton    r.err 
   9.8380E+01   9.8430E+01   3.5551E-01  0.0121
   9.8430E+01   9.8480E+01   3.4679E-01  0.0130
   9.8480E+01   9.8530E+01   3.3126E-01  0.0150
   9.8530E+01   9.8580E+01   5.6320E-02  0.0237

#   sum over    2.0000E-03   2.7247E-01  0.0119

'no. =245,  ix =  8,  iy = 14'
msuc: {\huge Histograma}
msdr: {\it plotted by \ANGEL \version}
msdl: {\it calculated by \PHITS  3.35}
wt: s(0.7)
\vspace{-3}
  xmin  &=&  -1.0000E-01 [cm]
  xmax  &=&   0.0000E+00 [cm]
  ymin  &=&  -3.5000E-01 [cm]
  ymax  &=&  -2.5000E-01 [cm]
e:

#------------------------------------------------------------------------------
 newpage:
#   no. =246   ix  =  8   iy  = 15
#   x = (  -1.0000E-01  -   0.0000E+00  )
#   y = (  -2.5000E-01  -  -1.5000E-01  )

x: z[cm]
y: Dose [Gy/source]      
p: xlin ylog afac(0.8) form(0.9)
h: n            x            y(proton  ),hh0l n 
#  z-lower      z-upper        proton    r.err 
   9.8380E+01   9.8430E+01   3.5698E-01  0.0120
   9.8430E+01   9.8480E+01   3.5430E-01  0.0129
   9.8480E+01   9.8530E+01   3.3797E-01  0.0148
   9.8530E+01   9.8580E+01   5.6160E-02  0.0236

#   sum over    2.0000E-03   2.7635E-01  0.0118

'no. =246,  ix =  8,  iy = 15'
msuc: {\huge Histograma}
msdr: {\it plotted by \ANGEL \version}
msdl: {\it calculated by \PHITS  3.35}
wt: s(0.7)
\vspace{-3}
  xmin  &=&  -1.0000E-01 [cm]
  xmax  &=&   0.0000E+00 [cm]
  ymin  &=&  -2.5000E-01 [cm]
  ymax  &=&  -1.5000E-01 [cm]
e:

#------------------------------------------------------------------------------
 newpage:
#   no. =247   ix  =  8   iy  = 16
#   x = (  -1.0000E-01  -   0.0000E+00  )
#   y = (  -1.5000E-01  -  -5.0000E-02  )

x: z[cm]
y: Dose [Gy/source]      
p: xlin ylog afac(0.8) form(0.9)
h: n            x            y(proton  ),hh0l n 
#  z-lower      z-upper        proton    r.err 
   9.8380E+01   9.8430E+01   3.5951E-01  0.0120
   9.8430E+01   9.8480E+01   3.5145E-01  0.0129
   9.8480E+01   9.8530E+01   3.3596E-01  0.0149
   9.8530E+01   9.8580E+01   5.7009E-02  0.0233

#   sum over    2.0000E-03   2.7598E-01  0.0118

'no. =247,  ix =  8,  iy = 16'
msuc: {\huge Histograma}
msdr: {\it plotted by \ANGEL \version}
msdl: {\it calculated by \PHITS  3.35}
wt: s(0.7)
\vspace{-3}
  xmin  &=&  -1.0000E-01 [cm]
  xmax  &=&   0.0000E+00 [cm]
  ymin  &=&  -1.5000E-01 [cm]
  ymax  &=&  -5.0000E-02 [cm]
e:

#------------------------------------------------------------------------------
 newpage:
#   no. =248   ix  =  8   iy  = 17
#   x = (  -1.0000E-01  -   0.0000E+00  )
#   y = (  -5.0000E-02  -   5.0000E-02  )

x: z[cm]
y: Dose [Gy/source]      
p: xlin ylog afac(0.8) form(0.9)
h: n            x            y(proton  ),hh0l n 
#  z-lower      z-upper        proton    r.err 
   9.8380E+01   9.8430E+01   3.5097E-01  0.0121
   9.8430E+01   9.8480E+01   3.4474E-01  0.0130
   9.8480E+01   9.8530E+01   3.3169E-01  0.0150
   9.8530E+01   9.8580E+01   5.7239E-02  0.0234

#   sum over    2.0000E-03   2.7116E-01  0.0119

'no. =248,  ix =  8,  iy = 17'
msuc: {\huge Histograma}
msdr: {\it plotted by \ANGEL \version}
msdl: {\it calculated by \PHITS  3.35}
wt: s(0.7)
\vspace{-3}
  xmin  &=&  -1.0000E-01 [cm]
  xmax  &=&   0.0000E+00 [cm]
  ymin  &=&  -5.0000E-02 [cm]
  ymax  &=&   5.0000E-02 [cm]
e:

#------------------------------------------------------------------------------
 newpage:
#   no. =249   ix  =  8   iy  = 18
#   x = (  -1.0000E-01  -   0.0000E+00  )
#   y = (   5.0000E-02  -   1.5000E-01  )

x: z[cm]
y: Dose [Gy/source]      
p: xlin ylog afac(0.8) form(0.9)
h: n            x            y(proton  ),hh0l n 
#  z-lower      z-upper        proton    r.err 
   9.8380E+01   9.8430E+01   3.5832E-01  0.0120
   9.8430E+01   9.8480E+01   3.4704E-01  0.0130
   9.8480E+01   9.8530E+01   3.3159E-01  0.0149
   9.8530E+01   9.8580E+01   5.6278E-02  0.0236

#   sum over    2.0000E-03   2.7331E-01  0.0119

'no. =249,  ix =  8,  iy = 18'
msuc: {\huge Histograma}
msdr: {\it plotted by \ANGEL \version}
msdl: {\it calculated by \PHITS  3.35}
wt: s(0.7)
\vspace{-3}
  xmin  &=&  -1.0000E-01 [cm]
  xmax  &=&   0.0000E+00 [cm]
  ymin  &=&   5.0000E-02 [cm]
  ymax  &=&   1.5000E-01 [cm]
e:

#------------------------------------------------------------------------------
 newpage:
#   no. =250   ix  =  8   iy  = 19
#   x = (  -1.0000E-01  -   0.0000E+00  )
#   y = (   1.5000E-01  -   2.5000E-01  )

x: z[cm]
y: Dose [Gy/source]      
p: xlin ylog afac(0.8) form(0.9)
h: n            x            y(proton  ),hh0l n 
#  z-lower      z-upper        proton    r.err 
   9.8380E+01   9.8430E+01   3.6550E-01  0.0118
   9.8430E+01   9.8480E+01   3.6152E-01  0.0128
   9.8480E+01   9.8530E+01   3.4589E-01  0.0147
   9.8530E+01   9.8580E+01   5.8472E-02  0.0232

#   sum over    2.0000E-03   2.8285E-01  0.0117

'no. =250,  ix =  8,  iy = 19'
msuc: {\huge Histograma}
msdr: {\it plotted by \ANGEL \version}
msdl: {\it calculated by \PHITS  3.35}
wt: s(0.7)
\vspace{-3}
  xmin  &=&  -1.0000E-01 [cm]
  xmax  &=&   0.0000E+00 [cm]
  ymin  &=&   1.5000E-01 [cm]
  ymax  &=&   2.5000E-01 [cm]
e:

#------------------------------------------------------------------------------
 newpage:
#   no. =251   ix  =  8   iy  = 20
#   x = (  -1.0000E-01  -   0.0000E+00  )
#   y = (   2.5000E-01  -   3.5000E-01  )

x: z[cm]
y: Dose [Gy/source]      
p: xlin ylog afac(0.8) form(0.9)
h: n            x            y(proton  ),hh0l n 
#  z-lower      z-upper        proton    r.err 
   9.8380E+01   9.8430E+01   3.5275E-01  0.0121
   9.8430E+01   9.8480E+01   3.5133E-01  0.0130
   9.8480E+01   9.8530E+01   3.2945E-01  0.0150
   9.8530E+01   9.8580E+01   5.5540E-02  0.0237

#   sum over    2.0000E-03   2.7227E-01  0.0119

'no. =251,  ix =  8,  iy = 20'
msuc: {\huge Histograma}
msdr: {\it plotted by \ANGEL \version}
msdl: {\it calculated by \PHITS  3.35}
wt: s(0.7)
\vspace{-3}
  xmin  &=&  -1.0000E-01 [cm]
  xmax  &=&   0.0000E+00 [cm]
  ymin  &=&   2.5000E-01 [cm]
  ymax  &=&   3.5000E-01 [cm]
e:

#------------------------------------------------------------------------------
 newpage:
#   no. =252   ix  =  8   iy  = 21
#   x = (  -1.0000E-01  -   0.0000E+00  )
#   y = (   3.5000E-01  -   4.5000E-01  )

x: z[cm]
y: Dose [Gy/source]      
p: xlin ylog afac(0.8) form(0.9)
h: n            x            y(proton  ),hh0l n 
#  z-lower      z-upper        proton    r.err 
   9.8380E+01   9.8430E+01   3.6458E-01  0.0119
   9.8430E+01   9.8480E+01   3.6086E-01  0.0128
   9.8480E+01   9.8530E+01   3.4381E-01  0.0147
   9.8530E+01   9.8580E+01   5.8613E-02  0.0232

#   sum over    2.0000E-03   2.8197E-01  0.0117

'no. =252,  ix =  8,  iy = 21'
msuc: {\huge Histograma}
msdr: {\it plotted by \ANGEL \version}
msdl: {\it calculated by \PHITS  3.35}
wt: s(0.7)
\vspace{-3}
  xmin  &=&  -1.0000E-01 [cm]
  xmax  &=&   0.0000E+00 [cm]
  ymin  &=&   3.5000E-01 [cm]
  ymax  &=&   4.5000E-01 [cm]
e:

#------------------------------------------------------------------------------
 newpage:
#   no. =253   ix  =  8   iy  = 22
#   x = (  -1.0000E-01  -   0.0000E+00  )
#   y = (   4.5000E-01  -   5.5000E-01  )

x: z[cm]
y: Dose [Gy/source]      
p: xlin ylog afac(0.8) form(0.9)
h: n            x            y(proton  ),hh0l n 
#  z-lower      z-upper        proton    r.err 
   9.8380E+01   9.8430E+01   3.6131E-01  0.0120
   9.8430E+01   9.8480E+01   3.5518E-01  0.0128
   9.8480E+01   9.8530E+01   3.3665E-01  0.0148
   9.8530E+01   9.8580E+01   5.8721E-02  0.0231

#   sum over    2.0000E-03   2.7797E-01  0.0118

'no. =253,  ix =  8,  iy = 22'
msuc: {\huge Histograma}
msdr: {\it plotted by \ANGEL \version}
msdl: {\it calculated by \PHITS  3.35}
wt: s(0.7)
\vspace{-3}
  xmin  &=&  -1.0000E-01 [cm]
  xmax  &=&   0.0000E+00 [cm]
  ymin  &=&   4.5000E-01 [cm]
  ymax  &=&   5.5000E-01 [cm]
e:

#------------------------------------------------------------------------------
 newpage:
#   no. =254   ix  =  8   iy  = 23
#   x = (  -1.0000E-01  -   0.0000E+00  )
#   y = (   5.5000E-01  -   6.5000E-01  )

x: z[cm]
y: Dose [Gy/source]      
p: xlin ylog afac(0.8) form(0.9)
h: n            x            y(proton  ),hh0l n 
#  z-lower      z-upper        proton    r.err 
   9.8380E+01   9.8430E+01   3.6541E-01  0.0119
   9.8430E+01   9.8480E+01   3.6384E-01  0.0127
   9.8480E+01   9.8530E+01   3.4371E-01  0.0147
   9.8530E+01   9.8580E+01   5.8297E-02  0.0234

#   sum over    2.0000E-03   2.8281E-01  0.0117

'no. =254,  ix =  8,  iy = 23'
msuc: {\huge Histograma}
msdr: {\it plotted by \ANGEL \version}
msdl: {\it calculated by \PHITS  3.35}
wt: s(0.7)
\vspace{-3}
  xmin  &=&  -1.0000E-01 [cm]
  xmax  &=&   0.0000E+00 [cm]
  ymin  &=&   5.5000E-01 [cm]
  ymax  &=&   6.5000E-01 [cm]
e:

#------------------------------------------------------------------------------
 newpage:
#   no. =255   ix  =  8   iy  = 24
#   x = (  -1.0000E-01  -   0.0000E+00  )
#   y = (   6.5000E-01  -   7.5000E-01  )

x: z[cm]
y: Dose [Gy/source]      
p: xlin ylog afac(0.8) form(0.9)
h: n            x            y(proton  ),hh0l n 
#  z-lower      z-upper        proton    r.err 
   9.8380E+01   9.8430E+01   3.6307E-01  0.0119
   9.8430E+01   9.8480E+01   3.6219E-01  0.0127
   9.8480E+01   9.8530E+01   3.4507E-01  0.0147
   9.8530E+01   9.8580E+01   5.8663E-02  0.0231

#   sum over    2.0000E-03   2.8225E-01  0.0117

'no. =255,  ix =  8,  iy = 24'
msuc: {\huge Histograma}
msdr: {\it plotted by \ANGEL \version}
msdl: {\it calculated by \PHITS  3.35}
wt: s(0.7)
\vspace{-3}
  xmin  &=&  -1.0000E-01 [cm]
  xmax  &=&   0.0000E+00 [cm]
  ymin  &=&   6.5000E-01 [cm]
  ymax  &=&   7.5000E-01 [cm]
e:

#------------------------------------------------------------------------------
 newpage:
#   no. =256   ix  =  8   iy  = 25
#   x = (  -1.0000E-01  -   0.0000E+00  )
#   y = (   7.5000E-01  -   8.5000E-01  )

x: z[cm]
y: Dose [Gy/source]      
p: xlin ylog afac(0.8) form(0.9)
h: n            x            y(proton  ),hh0l n 
#  z-lower      z-upper        proton    r.err 
   9.8380E+01   9.8430E+01   3.5943E-01  0.0119
   9.8430E+01   9.8480E+01   3.5800E-01  0.0128
   9.8480E+01   9.8530E+01   3.4488E-01  0.0147
   9.8530E+01   9.8580E+01   6.0500E-02  0.0228

#   sum over    2.0000E-03   2.8070E-01  0.0117

'no. =256,  ix =  8,  iy = 25'
msuc: {\huge Histograma}
msdr: {\it plotted by \ANGEL \version}
msdl: {\it calculated by \PHITS  3.35}
wt: s(0.7)
\vspace{-3}
  xmin  &=&  -1.0000E-01 [cm]
  xmax  &=&   0.0000E+00 [cm]
  ymin  &=&   7.5000E-01 [cm]
  ymax  &=&   8.5000E-01 [cm]
e:

#------------------------------------------------------------------------------
 newpage:
#   no. =257   ix  =  8   iy  = 26
#   x = (  -1.0000E-01  -   0.0000E+00  )
#   y = (   8.5000E-01  -   9.5000E-01  )

x: z[cm]
y: Dose [Gy/source]      
p: xlin ylog afac(0.8) form(0.9)
h: n            x            y(proton  ),hh0l n 
#  z-lower      z-upper        proton    r.err 
   9.8380E+01   9.8430E+01   3.5539E-01  0.0120
   9.8430E+01   9.8480E+01   3.5510E-01  0.0129
   9.8480E+01   9.8530E+01   3.3572E-01  0.0148
   9.8530E+01   9.8580E+01   5.6938E-02  0.0234

#   sum over    2.0000E-03   2.7579E-01  0.0118

'no. =257,  ix =  8,  iy = 26'
msuc: {\huge Histograma}
msdr: {\it plotted by \ANGEL \version}
msdl: {\it calculated by \PHITS  3.35}
wt: s(0.7)
\vspace{-3}
  xmin  &=&  -1.0000E-01 [cm]
  xmax  &=&   0.0000E+00 [cm]
  ymin  &=&   8.5000E-01 [cm]
  ymax  &=&   9.5000E-01 [cm]
e:

#------------------------------------------------------------------------------
 newpage:
#   no. =258   ix  =  8   iy  = 27
#   x = (  -1.0000E-01  -   0.0000E+00  )
#   y = (   9.5000E-01  -   1.0500E+00  )

x: z[cm]
y: Dose [Gy/source]      
p: xlin ylog afac(0.8) form(0.9)
h: n            x            y(proton  ),hh0l n 
#  z-lower      z-upper        proton    r.err 
   9.8380E+01   9.8430E+01   3.6359E-01  0.0119
   9.8430E+01   9.8480E+01   3.5716E-01  0.0128
   9.8480E+01   9.8530E+01   3.4692E-01  0.0146
   9.8530E+01   9.8580E+01   5.8024E-02  0.0233

#   sum over    2.0000E-03   2.8142E-01  0.0117

'no. =258,  ix =  8,  iy = 27'
msuc: {\huge Histograma}
msdr: {\it plotted by \ANGEL \version}
msdl: {\it calculated by \PHITS  3.35}
wt: s(0.7)
\vspace{-3}
  xmin  &=&  -1.0000E-01 [cm]
  xmax  &=&   0.0000E+00 [cm]
  ymin  &=&   9.5000E-01 [cm]
  ymax  &=&   1.0500E+00 [cm]
e:

#------------------------------------------------------------------------------
 newpage:
#   no. =259   ix  =  8   iy  = 28
#   x = (  -1.0000E-01  -   0.0000E+00  )
#   y = (   1.0500E+00  -   1.1500E+00  )

x: z[cm]
y: Dose [Gy/source]      
p: xlin ylog afac(0.8) form(0.9)
h: n            x            y(proton  ),hh0l n 
#  z-lower      z-upper        proton    r.err 
   9.8380E+01   9.8430E+01   3.6671E-01  0.0118
   9.8430E+01   9.8480E+01   3.6377E-01  0.0127
   9.8480E+01   9.8530E+01   3.4848E-01  0.0146
   9.8530E+01   9.8580E+01   5.9709E-02  0.0230

#   sum over    2.0000E-03   2.8467E-01  0.0116

'no. =259,  ix =  8,  iy = 28'
msuc: {\huge Histograma}
msdr: {\it plotted by \ANGEL \version}
msdl: {\it calculated by \PHITS  3.35}
wt: s(0.7)
\vspace{-3}
  xmin  &=&  -1.0000E-01 [cm]
  xmax  &=&   0.0000E+00 [cm]
  ymin  &=&   1.0500E+00 [cm]
  ymax  &=&   1.1500E+00 [cm]
e:

#------------------------------------------------------------------------------
 newpage:
#   no. =260   ix  =  8   iy  = 29
#   x = (  -1.0000E-01  -   0.0000E+00  )
#   y = (   1.1500E+00  -   1.2500E+00  )

x: z[cm]
y: Dose [Gy/source]      
p: xlin ylog afac(0.8) form(0.9)
h: n            x            y(proton  ),hh0l n 
#  z-lower      z-upper        proton    r.err 
   9.8380E+01   9.8430E+01   3.7468E-01  0.0117
   9.8430E+01   9.8480E+01   3.6908E-01  0.0126
   9.8480E+01   9.8530E+01   3.5206E-01  0.0146
   9.8530E+01   9.8580E+01   5.7406E-02  0.0233

#   sum over    2.0000E-03   2.8831E-01  0.0115

'no. =260,  ix =  8,  iy = 29'
msuc: {\huge Histograma}
msdr: {\it plotted by \ANGEL \version}
msdl: {\it calculated by \PHITS  3.35}
wt: s(0.7)
\vspace{-3}
  xmin  &=&  -1.0000E-01 [cm]
  xmax  &=&   0.0000E+00 [cm]
  ymin  &=&   1.1500E+00 [cm]
  ymax  &=&   1.2500E+00 [cm]
e:

#------------------------------------------------------------------------------
 newpage:
#   no. =261   ix  =  8   iy  = 30
#   x = (  -1.0000E-01  -   0.0000E+00  )
#   y = (   1.2500E+00  -   1.3500E+00  )

x: z[cm]
y: Dose [Gy/source]      
p: xlin ylog afac(0.8) form(0.9)
h: n            x            y(proton  ),hh0l n 
#  z-lower      z-upper        proton    r.err 
   9.8380E+01   9.8430E+01   3.7032E-01  0.0118
   9.8430E+01   9.8480E+01   3.6744E-01  0.0127
   9.8480E+01   9.8530E+01   3.4400E-01  0.0147
   9.8530E+01   9.8580E+01   6.0910E-02  0.0228

#   sum over    2.0000E-03   2.8567E-01  0.0116

'no. =261,  ix =  8,  iy = 30'
msuc: {\huge Histograma}
msdr: {\it plotted by \ANGEL \version}
msdl: {\it calculated by \PHITS  3.35}
wt: s(0.7)
\vspace{-3}
  xmin  &=&  -1.0000E-01 [cm]
  xmax  &=&   0.0000E+00 [cm]
  ymin  &=&   1.2500E+00 [cm]
  ymax  &=&   1.3500E+00 [cm]
e:

#------------------------------------------------------------------------------
 newpage:
#   no. =262   ix  =  8   iy  = 31
#   x = (  -1.0000E-01  -   0.0000E+00  )
#   y = (   1.3500E+00  -   1.4500E+00  )

x: z[cm]
y: Dose [Gy/source]      
p: xlin ylog afac(0.8) form(0.9)
h: n            x            y(proton  ),hh0l n 
#  z-lower      z-upper        proton    r.err 
   9.8380E+01   9.8430E+01   3.7283E-01  0.0117
   9.8430E+01   9.8480E+01   3.6999E-01  0.0126
   9.8480E+01   9.8530E+01   3.6368E-01  0.0143
   9.8530E+01   9.8580E+01   6.1974E-02  0.0225

#   sum over    2.0000E-03   2.9212E-01  0.0115

'no. =262,  ix =  8,  iy = 31'
msuc: {\huge Histograma}
msdr: {\it plotted by \ANGEL \version}
msdl: {\it calculated by \PHITS  3.35}
wt: s(0.7)
\vspace{-3}
  xmin  &=&  -1.0000E-01 [cm]
  xmax  &=&   0.0000E+00 [cm]
  ymin  &=&   1.3500E+00 [cm]
  ymax  &=&   1.4500E+00 [cm]
e:

#------------------------------------------------------------------------------
 newpage:
#   no. =263   ix  =  8   iy  = 32
#   x = (  -1.0000E-01  -   0.0000E+00  )
#   y = (   1.4500E+00  -   1.5500E+00  )

x: z[cm]
y: Dose [Gy/source]      
p: xlin ylog afac(0.8) form(0.9)
h: n            x            y(proton  ),hh0l n 
#  z-lower      z-upper        proton    r.err 
   9.8380E+01   9.8430E+01   3.7266E-01  0.0118
   9.8430E+01   9.8480E+01   3.6726E-01  0.0126
   9.8480E+01   9.8530E+01   3.5523E-01  0.0145
   9.8530E+01   9.8580E+01   5.8463E-02  0.0230

#   sum over    2.0000E-03   2.8841E-01  0.0115

'no. =263,  ix =  8,  iy = 32'
msuc: {\huge Histograma}
msdr: {\it plotted by \ANGEL \version}
msdl: {\it calculated by \PHITS  3.35}
wt: s(0.7)
\vspace{-3}
  xmin  &=&  -1.0000E-01 [cm]
  xmax  &=&   0.0000E+00 [cm]
  ymin  &=&   1.4500E+00 [cm]
  ymax  &=&   1.5500E+00 [cm]
e:

#------------------------------------------------------------------------------
 newpage:
#   no. =264   ix  =  8   iy  = 33
#   x = (  -1.0000E-01  -   0.0000E+00  )
#   y = (   1.5500E+00  -   1.6500E+00  )

x: z[cm]
y: Dose [Gy/source]      
p: xlin ylog afac(0.8) form(0.9)
h: n            x            y(proton  ),hh0l n 
#  z-lower      z-upper        proton    r.err 
   9.8380E+01   9.8430E+01   3.7154E-01  0.0118
   9.8430E+01   9.8480E+01   3.6229E-01  0.0127
   9.8480E+01   9.8530E+01   3.4800E-01  0.0146
   9.8530E+01   9.8580E+01   5.9061E-02  0.0229

#   sum over    2.0000E-03   2.8522E-01  0.0116

'no. =264,  ix =  8,  iy = 33'
msuc: {\huge Histograma}
msdr: {\it plotted by \ANGEL \version}
msdl: {\it calculated by \PHITS  3.35}
wt: s(0.7)
\vspace{-3}
  xmin  &=&  -1.0000E-01 [cm]
  xmax  &=&   0.0000E+00 [cm]
  ymin  &=&   1.5500E+00 [cm]
  ymax  &=&   1.6500E+00 [cm]
e:

#------------------------------------------------------------------------------
 newpage:
#   no. =265   ix  =  9   iy  =  1
#   x = (   0.0000E+00  -   1.0000E-01  )
#   y = (  -1.6500E+00  -  -1.5500E+00  )

x: z[cm]
y: Dose [Gy/source]      
p: xlin ylog afac(0.8) form(0.9)
h: n            x            y(proton  ),hh0l n 
#  z-lower      z-upper        proton    r.err 
   9.8380E+01   9.8430E+01   0.0000E+00  0.0000
   9.8430E+01   9.8480E+01   0.0000E+00  0.0000
   9.8480E+01   9.8530E+01   0.0000E+00  0.0000
   9.8530E+01   9.8580E+01   0.0000E+00  0.0000

#   sum over    2.0000E-03   0.0000E+00  0.0000

'no. =265,  ix =  9,  iy =  1'
msuc: {\huge Histograma}
msdr: {\it plotted by \ANGEL \version}
msdl: {\it calculated by \PHITS  3.35}
wt: s(0.7)
\vspace{-3}
  xmin  &=&   0.0000E+00 [cm]
  xmax  &=&   1.0000E-01 [cm]
  ymin  &=&  -1.6500E+00 [cm]
  ymax  &=&  -1.5500E+00 [cm]
e:

#------------------------------------------------------------------------------
 newpage:
#   no. =266   ix  =  9   iy  =  2
#   x = (   0.0000E+00  -   1.0000E-01  )
#   y = (  -1.5500E+00  -  -1.4500E+00  )

x: z[cm]
y: Dose [Gy/source]      
p: xlin ylog afac(0.8) form(0.9)
h: n            x            y(proton  ),hh0l n 
#  z-lower      z-upper        proton    r.err 
   9.8380E+01   9.8430E+01   0.0000E+00  0.0000
   9.8430E+01   9.8480E+01   0.0000E+00  0.0000
   9.8480E+01   9.8530E+01   0.0000E+00  0.0000
   9.8530E+01   9.8580E+01   0.0000E+00  0.0000

#   sum over    2.0000E-03   0.0000E+00  0.0000

'no. =266,  ix =  9,  iy =  2'
msuc: {\huge Histograma}
msdr: {\it plotted by \ANGEL \version}
msdl: {\it calculated by \PHITS  3.35}
wt: s(0.7)
\vspace{-3}
  xmin  &=&   0.0000E+00 [cm]
  xmax  &=&   1.0000E-01 [cm]
  ymin  &=&  -1.5500E+00 [cm]
  ymax  &=&  -1.4500E+00 [cm]
e:

#------------------------------------------------------------------------------
 newpage:
#   no. =267   ix  =  9   iy  =  3
#   x = (   0.0000E+00  -   1.0000E-01  )
#   y = (  -1.4500E+00  -  -1.3500E+00  )

x: z[cm]
y: Dose [Gy/source]      
p: xlin ylog afac(0.8) form(0.9)
h: n            x            y(proton  ),hh0l n 
#  z-lower      z-upper        proton    r.err 
   9.8380E+01   9.8430E+01   9.9022E-05  0.7288
   9.8430E+01   9.8480E+01   1.9139E-04  0.5903
   9.8480E+01   9.8530E+01   1.8212E-04  0.6540
   9.8530E+01   9.8580E+01   0.0000E+00  0.0000

#   sum over    2.0000E-03   1.1813E-04  0.4991

'no. =267,  ix =  9,  iy =  3'
msuc: {\huge Histograma}
msdr: {\it plotted by \ANGEL \version}
msdl: {\it calculated by \PHITS  3.35}
wt: s(0.7)
\vspace{-3}
  xmin  &=&   0.0000E+00 [cm]
  xmax  &=&   1.0000E-01 [cm]
  ymin  &=&  -1.4500E+00 [cm]
  ymax  &=&  -1.3500E+00 [cm]
e:

#------------------------------------------------------------------------------
 newpage:
#   no. =268   ix  =  9   iy  =  4
#   x = (   0.0000E+00  -   1.0000E-01  )
#   y = (  -1.3500E+00  -  -1.2500E+00  )

x: z[cm]
y: Dose [Gy/source]      
p: xlin ylog afac(0.8) form(0.9)
h: n            x            y(proton  ),hh0l n 
#  z-lower      z-upper        proton    r.err 
   9.8380E+01   9.8430E+01   2.6583E-01  0.0139
   9.8430E+01   9.8480E+01   2.6501E-01  0.0149
   9.8480E+01   9.8530E+01   2.5716E-01  0.0170
   9.8530E+01   9.8580E+01   4.2974E-02  0.0270

#   sum over    2.0000E-03   2.0774E-01  0.0136

'no. =268,  ix =  9,  iy =  4'
msuc: {\huge Histograma}
msdr: {\it plotted by \ANGEL \version}
msdl: {\it calculated by \PHITS  3.35}
wt: s(0.7)
\vspace{-3}
  xmin  &=&   0.0000E+00 [cm]
  xmax  &=&   1.0000E-01 [cm]
  ymin  &=&  -1.3500E+00 [cm]
  ymax  &=&  -1.2500E+00 [cm]
e:

#------------------------------------------------------------------------------
 newpage:
#   no. =269   ix  =  9   iy  =  5
#   x = (   0.0000E+00  -   1.0000E-01  )
#   y = (  -1.2500E+00  -  -1.1500E+00  )

x: z[cm]
y: Dose [Gy/source]      
p: xlin ylog afac(0.8) form(0.9)
h: n            x            y(proton  ),hh0l n 
#  z-lower      z-upper        proton    r.err 
   9.8380E+01   9.8430E+01   3.6765E-01  0.0118
   9.8430E+01   9.8480E+01   3.6343E-01  0.0127
   9.8480E+01   9.8530E+01   3.5205E-01  0.0145
   9.8530E+01   9.8580E+01   6.0733E-02  0.0227

#   sum over    2.0000E-03   2.8597E-01  0.0116

'no. =269,  ix =  9,  iy =  5'
msuc: {\huge Histograma}
msdr: {\it plotted by \ANGEL \version}
msdl: {\it calculated by \PHITS  3.35}
wt: s(0.7)
\vspace{-3}
  xmin  &=&   0.0000E+00 [cm]
  xmax  &=&   1.0000E-01 [cm]
  ymin  &=&  -1.2500E+00 [cm]
  ymax  &=&  -1.1500E+00 [cm]
e:

#------------------------------------------------------------------------------
 newpage:
#   no. =270   ix  =  9   iy  =  6
#   x = (   0.0000E+00  -   1.0000E-01  )
#   y = (  -1.1500E+00  -  -1.0500E+00  )

x: z[cm]
y: Dose [Gy/source]      
p: xlin ylog afac(0.8) form(0.9)
h: n            x            y(proton  ),hh0l n 
#  z-lower      z-upper        proton    r.err 
   9.8380E+01   9.8430E+01   3.7094E-01  0.0118
   9.8430E+01   9.8480E+01   3.6579E-01  0.0127
   9.8480E+01   9.8530E+01   3.5250E-01  0.0145
   9.8530E+01   9.8580E+01   6.1018E-02  0.0227

#   sum over    2.0000E-03   2.8756E-01  0.0116

'no. =270,  ix =  9,  iy =  6'
msuc: {\huge Histograma}
msdr: {\it plotted by \ANGEL \version}
msdl: {\it calculated by \PHITS  3.35}
wt: s(0.7)
\vspace{-3}
  xmin  &=&   0.0000E+00 [cm]
  xmax  &=&   1.0000E-01 [cm]
  ymin  &=&  -1.1500E+00 [cm]
  ymax  &=&  -1.0500E+00 [cm]
e:

#------------------------------------------------------------------------------
 newpage:
#   no. =271   ix  =  9   iy  =  7
#   x = (   0.0000E+00  -   1.0000E-01  )
#   y = (  -1.0500E+00  -  -9.5000E-01  )

x: z[cm]
y: Dose [Gy/source]      
p: xlin ylog afac(0.8) form(0.9)
h: n            x            y(proton  ),hh0l n 
#  z-lower      z-upper        proton    r.err 
   9.8380E+01   9.8430E+01   3.6819E-01  0.0118
   9.8430E+01   9.8480E+01   3.7195E-01  0.0126
   9.8480E+01   9.8530E+01   3.5355E-01  0.0145
   9.8530E+01   9.8580E+01   5.9048E-02  0.0229

#   sum over    2.0000E-03   2.8819E-01  0.0116

'no. =271,  ix =  9,  iy =  7'
msuc: {\huge Histograma}
msdr: {\it plotted by \ANGEL \version}
msdl: {\it calculated by \PHITS  3.35}
wt: s(0.7)
\vspace{-3}
  xmin  &=&   0.0000E+00 [cm]
  xmax  &=&   1.0000E-01 [cm]
  ymin  &=&  -1.0500E+00 [cm]
  ymax  &=&  -9.5000E-01 [cm]
e:

#------------------------------------------------------------------------------
 newpage:
#   no. =272   ix  =  9   iy  =  8
#   x = (   0.0000E+00  -   1.0000E-01  )
#   y = (  -9.5000E-01  -  -8.5000E-01  )

x: z[cm]
y: Dose [Gy/source]      
p: xlin ylog afac(0.8) form(0.9)
h: n            x            y(proton  ),hh0l n 
#  z-lower      z-upper        proton    r.err 
   9.8380E+01   9.8430E+01   3.5936E-01  0.0120
   9.8430E+01   9.8480E+01   3.4889E-01  0.0130
   9.8480E+01   9.8530E+01   3.3135E-01  0.0149
   9.8530E+01   9.8580E+01   5.7054E-02  0.0234

#   sum over    2.0000E-03   2.7416E-01  0.0118

'no. =272,  ix =  9,  iy =  8'
msuc: {\huge Histograma}
msdr: {\it plotted by \ANGEL \version}
msdl: {\it calculated by \PHITS  3.35}
wt: s(0.7)
\vspace{-3}
  xmin  &=&   0.0000E+00 [cm]
  xmax  &=&   1.0000E-01 [cm]
  ymin  &=&  -9.5000E-01 [cm]
  ymax  &=&  -8.5000E-01 [cm]
e:

#------------------------------------------------------------------------------
 newpage:
#   no. =273   ix  =  9   iy  =  9
#   x = (   0.0000E+00  -   1.0000E-01  )
#   y = (  -8.5000E-01  -  -7.5000E-01  )

x: z[cm]
y: Dose [Gy/source]      
p: xlin ylog afac(0.8) form(0.9)
h: n            x            y(proton  ),hh0l n 
#  z-lower      z-upper        proton    r.err 
   9.8380E+01   9.8430E+01   3.6804E-01  0.0118
   9.8430E+01   9.8480E+01   3.6520E-01  0.0127
   9.8480E+01   9.8530E+01   3.4782E-01  0.0146
   9.8530E+01   9.8580E+01   5.8043E-02  0.0233

#   sum over    2.0000E-03   2.8478E-01  0.0116

'no. =273,  ix =  9,  iy =  9'
msuc: {\huge Histograma}
msdr: {\it plotted by \ANGEL \version}
msdl: {\it calculated by \PHITS  3.35}
wt: s(0.7)
\vspace{-3}
  xmin  &=&   0.0000E+00 [cm]
  xmax  &=&   1.0000E-01 [cm]
  ymin  &=&  -8.5000E-01 [cm]
  ymax  &=&  -7.5000E-01 [cm]
e:

#------------------------------------------------------------------------------
 newpage:
#   no. =274   ix  =  9   iy  = 10
#   x = (   0.0000E+00  -   1.0000E-01  )
#   y = (  -7.5000E-01  -  -6.5000E-01  )

x: z[cm]
y: Dose [Gy/source]      
p: xlin ylog afac(0.8) form(0.9)
h: n            x            y(proton  ),hh0l n 
#  z-lower      z-upper        proton    r.err 
   9.8380E+01   9.8430E+01   3.6512E-01  0.0119
   9.8430E+01   9.8480E+01   3.6101E-01  0.0127
   9.8480E+01   9.8530E+01   3.4330E-01  0.0147
   9.8530E+01   9.8580E+01   5.7408E-02  0.0232

#   sum over    2.0000E-03   2.8171E-01  0.0117

'no. =274,  ix =  9,  iy = 10'
msuc: {\huge Histograma}
msdr: {\it plotted by \ANGEL \version}
msdl: {\it calculated by \PHITS  3.35}
wt: s(0.7)
\vspace{-3}
  xmin  &=&   0.0000E+00 [cm]
  xmax  &=&   1.0000E-01 [cm]
  ymin  &=&  -7.5000E-01 [cm]
  ymax  &=&  -6.5000E-01 [cm]
e:

#------------------------------------------------------------------------------
 newpage:
#   no. =275   ix  =  9   iy  = 11
#   x = (   0.0000E+00  -   1.0000E-01  )
#   y = (  -6.5000E-01  -  -5.5000E-01  )

x: z[cm]
y: Dose [Gy/source]      
p: xlin ylog afac(0.8) form(0.9)
h: n            x            y(proton  ),hh0l n 
#  z-lower      z-upper        proton    r.err 
   9.8380E+01   9.8430E+01   3.5957E-01  0.0119
   9.8430E+01   9.8480E+01   3.5558E-01  0.0129
   9.8480E+01   9.8530E+01   3.4276E-01  0.0147
   9.8530E+01   9.8580E+01   5.8288E-02  0.0231

#   sum over    2.0000E-03   2.7905E-01  0.0117

'no. =275,  ix =  9,  iy = 11'
msuc: {\huge Histograma}
msdr: {\it plotted by \ANGEL \version}
msdl: {\it calculated by \PHITS  3.35}
wt: s(0.7)
\vspace{-3}
  xmin  &=&   0.0000E+00 [cm]
  xmax  &=&   1.0000E-01 [cm]
  ymin  &=&  -6.5000E-01 [cm]
  ymax  &=&  -5.5000E-01 [cm]
e:

#------------------------------------------------------------------------------
 newpage:
#   no. =276   ix  =  9   iy  = 12
#   x = (   0.0000E+00  -   1.0000E-01  )
#   y = (  -5.5000E-01  -  -4.5000E-01  )

x: z[cm]
y: Dose [Gy/source]      
p: xlin ylog afac(0.8) form(0.9)
h: n            x            y(proton  ),hh0l n 
#  z-lower      z-upper        proton    r.err 
   9.8380E+01   9.8430E+01   3.5944E-01  0.0120
   9.8430E+01   9.8480E+01   3.5299E-01  0.0129
   9.8480E+01   9.8530E+01   3.3866E-01  0.0148
   9.8530E+01   9.8580E+01   5.6357E-02  0.0236

#   sum over    2.0000E-03   2.7686E-01  0.0118

'no. =276,  ix =  9,  iy = 12'
msuc: {\huge Histograma}
msdr: {\it plotted by \ANGEL \version}
msdl: {\it calculated by \PHITS  3.35}
wt: s(0.7)
\vspace{-3}
  xmin  &=&   0.0000E+00 [cm]
  xmax  &=&   1.0000E-01 [cm]
  ymin  &=&  -5.5000E-01 [cm]
  ymax  &=&  -4.5000E-01 [cm]
e:

#------------------------------------------------------------------------------
 newpage:
#   no. =277   ix  =  9   iy  = 13
#   x = (   0.0000E+00  -   1.0000E-01  )
#   y = (  -4.5000E-01  -  -3.5000E-01  )

x: z[cm]
y: Dose [Gy/source]      
p: xlin ylog afac(0.8) form(0.9)
h: n            x            y(proton  ),hh0l n 
#  z-lower      z-upper        proton    r.err 
   9.8380E+01   9.8430E+01   3.6100E-01  0.0119
   9.8430E+01   9.8480E+01   3.5524E-01  0.0129
   9.8480E+01   9.8530E+01   3.4206E-01  0.0147
   9.8530E+01   9.8580E+01   5.7255E-02  0.0235

#   sum over    2.0000E-03   2.7889E-01  0.0117

'no. =277,  ix =  9,  iy = 13'
msuc: {\huge Histograma}
msdr: {\it plotted by \ANGEL \version}
msdl: {\it calculated by \PHITS  3.35}
wt: s(0.7)
\vspace{-3}
  xmin  &=&   0.0000E+00 [cm]
  xmax  &=&   1.0000E-01 [cm]
  ymin  &=&  -4.5000E-01 [cm]
  ymax  &=&  -3.5000E-01 [cm]
e:

#------------------------------------------------------------------------------
 newpage:
#   no. =278   ix  =  9   iy  = 14
#   x = (   0.0000E+00  -   1.0000E-01  )
#   y = (  -3.5000E-01  -  -2.5000E-01  )

x: z[cm]
y: Dose [Gy/source]      
p: xlin ylog afac(0.8) form(0.9)
h: n            x            y(proton  ),hh0l n 
#  z-lower      z-upper        proton    r.err 
   9.8380E+01   9.8430E+01   3.5132E-01  0.0121
   9.8430E+01   9.8480E+01   3.4819E-01  0.0130
   9.8480E+01   9.8530E+01   3.3268E-01  0.0149
   9.8530E+01   9.8580E+01   5.7022E-02  0.0234

#   sum over    2.0000E-03   2.7230E-01  0.0119

'no. =278,  ix =  9,  iy = 14'
msuc: {\huge Histograma}
msdr: {\it plotted by \ANGEL \version}
msdl: {\it calculated by \PHITS  3.35}
wt: s(0.7)
\vspace{-3}
  xmin  &=&   0.0000E+00 [cm]
  xmax  &=&   1.0000E-01 [cm]
  ymin  &=&  -3.5000E-01 [cm]
  ymax  &=&  -2.5000E-01 [cm]
e:

#------------------------------------------------------------------------------
 newpage:
#   no. =279   ix  =  9   iy  = 15
#   x = (   0.0000E+00  -   1.0000E-01  )
#   y = (  -2.5000E-01  -  -1.5000E-01  )

x: z[cm]
y: Dose [Gy/source]      
p: xlin ylog afac(0.8) form(0.9)
h: n            x            y(proton  ),hh0l n 
#  z-lower      z-upper        proton    r.err 
   9.8380E+01   9.8430E+01   3.5380E-01  0.0120
   9.8430E+01   9.8480E+01   3.5388E-01  0.0129
   9.8480E+01   9.8530E+01   3.4207E-01  0.0147
   9.8530E+01   9.8580E+01   5.7966E-02  0.0232

#   sum over    2.0000E-03   2.7693E-01  0.0118

'no. =279,  ix =  9,  iy = 15'
msuc: {\huge Histograma}
msdr: {\it plotted by \ANGEL \version}
msdl: {\it calculated by \PHITS  3.35}
wt: s(0.7)
\vspace{-3}
  xmin  &=&   0.0000E+00 [cm]
  xmax  &=&   1.0000E-01 [cm]
  ymin  &=&  -2.5000E-01 [cm]
  ymax  &=&  -1.5000E-01 [cm]
e:

#------------------------------------------------------------------------------
 newpage:
#   no. =280   ix  =  9   iy  = 16
#   x = (   0.0000E+00  -   1.0000E-01  )
#   y = (  -1.5000E-01  -  -5.0000E-02  )

x: z[cm]
y: Dose [Gy/source]      
p: xlin ylog afac(0.8) form(0.9)
h: n            x            y(proton  ),hh0l n 
#  z-lower      z-upper        proton    r.err 
   9.8380E+01   9.8430E+01   3.5792E-01  0.0120
   9.8430E+01   9.8480E+01   3.5095E-01  0.0129
   9.8480E+01   9.8530E+01   3.3803E-01  0.0148
   9.8530E+01   9.8580E+01   5.9321E-02  0.0230

#   sum over    2.0000E-03   2.7656E-01  0.0118

'no. =280,  ix =  9,  iy = 16'
msuc: {\huge Histograma}
msdr: {\it plotted by \ANGEL \version}
msdl: {\it calculated by \PHITS  3.35}
wt: s(0.7)
\vspace{-3}
  xmin  &=&   0.0000E+00 [cm]
  xmax  &=&   1.0000E-01 [cm]
  ymin  &=&  -1.5000E-01 [cm]
  ymax  &=&  -5.0000E-02 [cm]
e:

#------------------------------------------------------------------------------
 newpage:
#   no. =281   ix  =  9   iy  = 17
#   x = (   0.0000E+00  -   1.0000E-01  )
#   y = (  -5.0000E-02  -   5.0000E-02  )

x: z[cm]
y: Dose [Gy/source]      
p: xlin ylog afac(0.8) form(0.9)
h: n            x            y(proton  ),hh0l n 
#  z-lower      z-upper        proton    r.err 
   9.8380E+01   9.8430E+01   3.5419E-01  0.0121
   9.8430E+01   9.8480E+01   3.4895E-01  0.0130
   9.8480E+01   9.8530E+01   3.2954E-01  0.0150
   9.8530E+01   9.8580E+01   5.5496E-02  0.0237

#   sum over    2.0000E-03   2.7204E-01  0.0119

'no. =281,  ix =  9,  iy = 17'
msuc: {\huge Histograma}
msdr: {\it plotted by \ANGEL \version}
msdl: {\it calculated by \PHITS  3.35}
wt: s(0.7)
\vspace{-3}
  xmin  &=&   0.0000E+00 [cm]
  xmax  &=&   1.0000E-01 [cm]
  ymin  &=&  -5.0000E-02 [cm]
  ymax  &=&   5.0000E-02 [cm]
e:

#------------------------------------------------------------------------------
 newpage:
#   no. =282   ix  =  9   iy  = 18
#   x = (   0.0000E+00  -   1.0000E-01  )
#   y = (   5.0000E-02  -   1.5000E-01  )

x: z[cm]
y: Dose [Gy/source]      
p: xlin ylog afac(0.8) form(0.9)
h: n            x            y(proton  ),hh0l n 
#  z-lower      z-upper        proton    r.err 
   9.8380E+01   9.8430E+01   3.6199E-01  0.0119
   9.8430E+01   9.8480E+01   3.5794E-01  0.0128
   9.8480E+01   9.8530E+01   3.4108E-01  0.0147
   9.8530E+01   9.8580E+01   5.8230E-02  0.0231

#   sum over    2.0000E-03   2.7981E-01  0.0117

'no. =282,  ix =  9,  iy = 18'
msuc: {\huge Histograma}
msdr: {\it plotted by \ANGEL \version}
msdl: {\it calculated by \PHITS  3.35}
wt: s(0.7)
\vspace{-3}
  xmin  &=&   0.0000E+00 [cm]
  xmax  &=&   1.0000E-01 [cm]
  ymin  &=&   5.0000E-02 [cm]
  ymax  &=&   1.5000E-01 [cm]
e:

#------------------------------------------------------------------------------
 newpage:
#   no. =283   ix  =  9   iy  = 19
#   x = (   0.0000E+00  -   1.0000E-01  )
#   y = (   1.5000E-01  -   2.5000E-01  )

x: z[cm]
y: Dose [Gy/source]      
p: xlin ylog afac(0.8) form(0.9)
h: n            x            y(proton  ),hh0l n 
#  z-lower      z-upper        proton    r.err 
   9.8380E+01   9.8430E+01   3.6236E-01  0.0119
   9.8430E+01   9.8480E+01   3.5047E-01  0.0129
   9.8480E+01   9.8530E+01   3.3640E-01  0.0149
   9.8530E+01   9.8580E+01   5.6895E-02  0.0234

#   sum over    2.0000E-03   2.7653E-01  0.0118

'no. =283,  ix =  9,  iy = 19'
msuc: {\huge Histograma}
msdr: {\it plotted by \ANGEL \version}
msdl: {\it calculated by \PHITS  3.35}
wt: s(0.7)
\vspace{-3}
  xmin  &=&   0.0000E+00 [cm]
  xmax  &=&   1.0000E-01 [cm]
  ymin  &=&   1.5000E-01 [cm]
  ymax  &=&   2.5000E-01 [cm]
e:

#------------------------------------------------------------------------------
 newpage:
#   no. =284   ix  =  9   iy  = 20
#   x = (   0.0000E+00  -   1.0000E-01  )
#   y = (   2.5000E-01  -   3.5000E-01  )

x: z[cm]
y: Dose [Gy/source]      
p: xlin ylog afac(0.8) form(0.9)
h: n            x            y(proton  ),hh0l n 
#  z-lower      z-upper        proton    r.err 
   9.8380E+01   9.8430E+01   3.6272E-01  0.0119
   9.8430E+01   9.8480E+01   3.6418E-01  0.0127
   9.8480E+01   9.8530E+01   3.4183E-01  0.0147
   9.8530E+01   9.8580E+01   5.7778E-02  0.0232

#   sum over    2.0000E-03   2.8163E-01  0.0117

'no. =284,  ix =  9,  iy = 20'
msuc: {\huge Histograma}
msdr: {\it plotted by \ANGEL \version}
msdl: {\it calculated by \PHITS  3.35}
wt: s(0.7)
\vspace{-3}
  xmin  &=&   0.0000E+00 [cm]
  xmax  &=&   1.0000E-01 [cm]
  ymin  &=&   2.5000E-01 [cm]
  ymax  &=&   3.5000E-01 [cm]
e:

#------------------------------------------------------------------------------
 newpage:
#   no. =285   ix  =  9   iy  = 21
#   x = (   0.0000E+00  -   1.0000E-01  )
#   y = (   3.5000E-01  -   4.5000E-01  )

x: z[cm]
y: Dose [Gy/source]      
p: xlin ylog afac(0.8) form(0.9)
h: n            x            y(proton  ),hh0l n 
#  z-lower      z-upper        proton    r.err 
   9.8380E+01   9.8430E+01   3.6053E-01  0.0120
   9.8430E+01   9.8480E+01   3.4981E-01  0.0130
   9.8480E+01   9.8530E+01   3.3231E-01  0.0149
   9.8530E+01   9.8580E+01   5.6546E-02  0.0236

#   sum over    2.0000E-03   2.7480E-01  0.0118

'no. =285,  ix =  9,  iy = 21'
msuc: {\huge Histograma}
msdr: {\it plotted by \ANGEL \version}
msdl: {\it calculated by \PHITS  3.35}
wt: s(0.7)
\vspace{-3}
  xmin  &=&   0.0000E+00 [cm]
  xmax  &=&   1.0000E-01 [cm]
  ymin  &=&   3.5000E-01 [cm]
  ymax  &=&   4.5000E-01 [cm]
e:

#------------------------------------------------------------------------------
 newpage:
#   no. =286   ix  =  9   iy  = 22
#   x = (   0.0000E+00  -   1.0000E-01  )
#   y = (   4.5000E-01  -   5.5000E-01  )

x: z[cm]
y: Dose [Gy/source]      
p: xlin ylog afac(0.8) form(0.9)
h: n            x            y(proton  ),hh0l n 
#  z-lower      z-upper        proton    r.err 
   9.8380E+01   9.8430E+01   3.5580E-01  0.0120
   9.8430E+01   9.8480E+01   3.5562E-01  0.0129
   9.8480E+01   9.8530E+01   3.3702E-01  0.0148
   9.8530E+01   9.8580E+01   5.7423E-02  0.0233

#   sum over    2.0000E-03   2.7647E-01  0.0118

'no. =286,  ix =  9,  iy = 22'
msuc: {\huge Histograma}
msdr: {\it plotted by \ANGEL \version}
msdl: {\it calculated by \PHITS  3.35}
wt: s(0.7)
\vspace{-3}
  xmin  &=&   0.0000E+00 [cm]
  xmax  &=&   1.0000E-01 [cm]
  ymin  &=&   4.5000E-01 [cm]
  ymax  &=&   5.5000E-01 [cm]
e:

#------------------------------------------------------------------------------
 newpage:
#   no. =287   ix  =  9   iy  = 23
#   x = (   0.0000E+00  -   1.0000E-01  )
#   y = (   5.5000E-01  -   6.5000E-01  )

x: z[cm]
y: Dose [Gy/source]      
p: xlin ylog afac(0.8) form(0.9)
h: n            x            y(proton  ),hh0l n 
#  z-lower      z-upper        proton    r.err 
   9.8380E+01   9.8430E+01   3.5572E-01  0.0120
   9.8430E+01   9.8480E+01   3.5259E-01  0.0129
   9.8480E+01   9.8530E+01   3.4094E-01  0.0147
   9.8530E+01   9.8580E+01   5.9398E-02  0.0230

#   sum over    2.0000E-03   2.7716E-01  0.0118

'no. =287,  ix =  9,  iy = 23'
msuc: {\huge Histograma}
msdr: {\it plotted by \ANGEL \version}
msdl: {\it calculated by \PHITS  3.35}
wt: s(0.7)
\vspace{-3}
  xmin  &=&   0.0000E+00 [cm]
  xmax  &=&   1.0000E-01 [cm]
  ymin  &=&   5.5000E-01 [cm]
  ymax  &=&   6.5000E-01 [cm]
e:

#------------------------------------------------------------------------------
 newpage:
#   no. =288   ix  =  9   iy  = 24
#   x = (   0.0000E+00  -   1.0000E-01  )
#   y = (   6.5000E-01  -   7.5000E-01  )

x: z[cm]
y: Dose [Gy/source]      
p: xlin ylog afac(0.8) form(0.9)
h: n            x            y(proton  ),hh0l n 
#  z-lower      z-upper        proton    r.err 
   9.8380E+01   9.8430E+01   3.5757E-01  0.0120
   9.8430E+01   9.8480E+01   3.5884E-01  0.0128
   9.8480E+01   9.8530E+01   3.4370E-01  0.0147
   9.8530E+01   9.8580E+01   5.9075E-02  0.0231

#   sum over    2.0000E-03   2.7980E-01  0.0117

'no. =288,  ix =  9,  iy = 24'
msuc: {\huge Histograma}
msdr: {\it plotted by \ANGEL \version}
msdl: {\it calculated by \PHITS  3.35}
wt: s(0.7)
\vspace{-3}
  xmin  &=&   0.0000E+00 [cm]
  xmax  &=&   1.0000E-01 [cm]
  ymin  &=&   6.5000E-01 [cm]
  ymax  &=&   7.5000E-01 [cm]
e:

#------------------------------------------------------------------------------
 newpage:
#   no. =289   ix  =  9   iy  = 25
#   x = (   0.0000E+00  -   1.0000E-01  )
#   y = (   7.5000E-01  -   8.5000E-01  )

x: z[cm]
y: Dose [Gy/source]      
p: xlin ylog afac(0.8) form(0.9)
h: n            x            y(proton  ),hh0l n 
#  z-lower      z-upper        proton    r.err 
   9.8380E+01   9.8430E+01   3.6611E-01  0.0119
   9.8430E+01   9.8480E+01   3.6096E-01  0.0128
   9.8480E+01   9.8530E+01   3.4043E-01  0.0147
   9.8530E+01   9.8580E+01   5.8884E-02  0.0232

#   sum over    2.0000E-03   2.8160E-01  0.0117

'no. =289,  ix =  9,  iy = 25'
msuc: {\huge Histograma}
msdr: {\it plotted by \ANGEL \version}
msdl: {\it calculated by \PHITS  3.35}
wt: s(0.7)
\vspace{-3}
  xmin  &=&   0.0000E+00 [cm]
  xmax  &=&   1.0000E-01 [cm]
  ymin  &=&   7.5000E-01 [cm]
  ymax  &=&   8.5000E-01 [cm]
e:

#------------------------------------------------------------------------------
 newpage:
#   no. =290   ix  =  9   iy  = 26
#   x = (   0.0000E+00  -   1.0000E-01  )
#   y = (   8.5000E-01  -   9.5000E-01  )

x: z[cm]
y: Dose [Gy/source]      
p: xlin ylog afac(0.8) form(0.9)
h: n            x            y(proton  ),hh0l n 
#  z-lower      z-upper        proton    r.err 
   9.8380E+01   9.8430E+01   3.7411E-01  0.0118
   9.8430E+01   9.8480E+01   3.6329E-01  0.0127
   9.8480E+01   9.8530E+01   3.5395E-01  0.0145
   9.8530E+01   9.8580E+01   6.0331E-02  0.0228

#   sum over    2.0000E-03   2.8792E-01  0.0116

'no. =290,  ix =  9,  iy = 26'
msuc: {\huge Histograma}
msdr: {\it plotted by \ANGEL \version}
msdl: {\it calculated by \PHITS  3.35}
wt: s(0.7)
\vspace{-3}
  xmin  &=&   0.0000E+00 [cm]
  xmax  &=&   1.0000E-01 [cm]
  ymin  &=&   8.5000E-01 [cm]
  ymax  &=&   9.5000E-01 [cm]
e:

#------------------------------------------------------------------------------
 newpage:
#   no. =291   ix  =  9   iy  = 27
#   x = (   0.0000E+00  -   1.0000E-01  )
#   y = (   9.5000E-01  -   1.0500E+00  )

x: z[cm]
y: Dose [Gy/source]      
p: xlin ylog afac(0.8) form(0.9)
h: n            x            y(proton  ),hh0l n 
#  z-lower      z-upper        proton    r.err 
   9.8380E+01   9.8430E+01   3.6957E-01  0.0118
   9.8430E+01   9.8480E+01   3.6525E-01  0.0126
   9.8480E+01   9.8530E+01   3.5225E-01  0.0145
   9.8530E+01   9.8580E+01   5.9139E-02  0.0230

#   sum over    2.0000E-03   2.8655E-01  0.0116

'no. =291,  ix =  9,  iy = 27'
msuc: {\huge Histograma}
msdr: {\it plotted by \ANGEL \version}
msdl: {\it calculated by \PHITS  3.35}
wt: s(0.7)
\vspace{-3}
  xmin  &=&   0.0000E+00 [cm]
  xmax  &=&   1.0000E-01 [cm]
  ymin  &=&   9.5000E-01 [cm]
  ymax  &=&   1.0500E+00 [cm]
e:

#------------------------------------------------------------------------------
 newpage:
#   no. =292   ix  =  9   iy  = 28
#   x = (   0.0000E+00  -   1.0000E-01  )
#   y = (   1.0500E+00  -   1.1500E+00  )

x: z[cm]
y: Dose [Gy/source]      
p: xlin ylog afac(0.8) form(0.9)
h: n            x            y(proton  ),hh0l n 
#  z-lower      z-upper        proton    r.err 
   9.8380E+01   9.8430E+01   3.5920E-01  0.0120
   9.8430E+01   9.8480E+01   3.5841E-01  0.0128
   9.8480E+01   9.8530E+01   3.4584E-01  0.0147
   9.8530E+01   9.8580E+01   6.0134E-02  0.0229

#   sum over    2.0000E-03   2.8089E-01  0.0117

'no. =292,  ix =  9,  iy = 28'
msuc: {\huge Histograma}
msdr: {\it plotted by \ANGEL \version}
msdl: {\it calculated by \PHITS  3.35}
wt: s(0.7)
\vspace{-3}
  xmin  &=&   0.0000E+00 [cm]
  xmax  &=&   1.0000E-01 [cm]
  ymin  &=&   1.0500E+00 [cm]
  ymax  &=&   1.1500E+00 [cm]
e:

#------------------------------------------------------------------------------
 newpage:
#   no. =293   ix  =  9   iy  = 29
#   x = (   0.0000E+00  -   1.0000E-01  )
#   y = (   1.1500E+00  -   1.2500E+00  )

x: z[cm]
y: Dose [Gy/source]      
p: xlin ylog afac(0.8) form(0.9)
h: n            x            y(proton  ),hh0l n 
#  z-lower      z-upper        proton    r.err 
   9.8380E+01   9.8430E+01   3.7429E-01  0.0117
   9.8430E+01   9.8480E+01   3.6866E-01  0.0126
   9.8480E+01   9.8530E+01   3.5479E-01  0.0145
   9.8530E+01   9.8580E+01   6.0405E-02  0.0228

#   sum over    2.0000E-03   2.8953E-01  0.0115

'no. =293,  ix =  9,  iy = 29'
msuc: {\huge Histograma}
msdr: {\it plotted by \ANGEL \version}
msdl: {\it calculated by \PHITS  3.35}
wt: s(0.7)
\vspace{-3}
  xmin  &=&   0.0000E+00 [cm]
  xmax  &=&   1.0000E-01 [cm]
  ymin  &=&   1.1500E+00 [cm]
  ymax  &=&   1.2500E+00 [cm]
e:

#------------------------------------------------------------------------------
 newpage:
#   no. =294   ix  =  9   iy  = 30
#   x = (   0.0000E+00  -   1.0000E-01  )
#   y = (   1.2500E+00  -   1.3500E+00  )

x: z[cm]
y: Dose [Gy/source]      
p: xlin ylog afac(0.8) form(0.9)
h: n            x            y(proton  ),hh0l n 
#  z-lower      z-upper        proton    r.err 
   9.8380E+01   9.8430E+01   3.6997E-01  0.0118
   9.8430E+01   9.8480E+01   3.6771E-01  0.0126
   9.8480E+01   9.8530E+01   3.5399E-01  0.0145
   9.8530E+01   9.8580E+01   5.9230E-02  0.0229

#   sum over    2.0000E-03   2.8773E-01  0.0116

'no. =294,  ix =  9,  iy = 30'
msuc: {\huge Histograma}
msdr: {\it plotted by \ANGEL \version}
msdl: {\it calculated by \PHITS  3.35}
wt: s(0.7)
\vspace{-3}
  xmin  &=&   0.0000E+00 [cm]
  xmax  &=&   1.0000E-01 [cm]
  ymin  &=&   1.2500E+00 [cm]
  ymax  &=&   1.3500E+00 [cm]
e:

#------------------------------------------------------------------------------
 newpage:
#   no. =295   ix  =  9   iy  = 31
#   x = (   0.0000E+00  -   1.0000E-01  )
#   y = (   1.3500E+00  -   1.4500E+00  )

x: z[cm]
y: Dose [Gy/source]      
p: xlin ylog afac(0.8) form(0.9)
h: n            x            y(proton  ),hh0l n 
#  z-lower      z-upper        proton    r.err 
   9.8380E+01   9.8430E+01   3.7120E-01  0.0117
   9.8430E+01   9.8480E+01   3.7457E-01  0.0125
   9.8480E+01   9.8530E+01   3.6164E-01  0.0143
   9.8530E+01   9.8580E+01   6.1064E-02  0.0226

#   sum over    2.0000E-03   2.9212E-01  0.0115

'no. =295,  ix =  9,  iy = 31'
msuc: {\huge Histograma}
msdr: {\it plotted by \ANGEL \version}
msdl: {\it calculated by \PHITS  3.35}
wt: s(0.7)
\vspace{-3}
  xmin  &=&   0.0000E+00 [cm]
  xmax  &=&   1.0000E-01 [cm]
  ymin  &=&   1.3500E+00 [cm]
  ymax  &=&   1.4500E+00 [cm]
e:

#------------------------------------------------------------------------------
 newpage:
#   no. =296   ix  =  9   iy  = 32
#   x = (   0.0000E+00  -   1.0000E-01  )
#   y = (   1.4500E+00  -   1.5500E+00  )

x: z[cm]
y: Dose [Gy/source]      
p: xlin ylog afac(0.8) form(0.9)
h: n            x            y(proton  ),hh0l n 
#  z-lower      z-upper        proton    r.err 
   9.8380E+01   9.8430E+01   3.7595E-01  0.0117
   9.8430E+01   9.8480E+01   3.7145E-01  0.0125
   9.8480E+01   9.8530E+01   3.6198E-01  0.0143
   9.8530E+01   9.8580E+01   6.1384E-02  0.0226

#   sum over    2.0000E-03   2.9269E-01  0.0115

'no. =296,  ix =  9,  iy = 32'
msuc: {\huge Histograma}
msdr: {\it plotted by \ANGEL \version}
msdl: {\it calculated by \PHITS  3.35}
wt: s(0.7)
\vspace{-3}
  xmin  &=&   0.0000E+00 [cm]
  xmax  &=&   1.0000E-01 [cm]
  ymin  &=&   1.4500E+00 [cm]
  ymax  &=&   1.5500E+00 [cm]
e:

#------------------------------------------------------------------------------
 newpage:
#   no. =297   ix  =  9   iy  = 33
#   x = (   0.0000E+00  -   1.0000E-01  )
#   y = (   1.5500E+00  -   1.6500E+00  )

x: z[cm]
y: Dose [Gy/source]      
p: xlin ylog afac(0.8) form(0.9)
h: n            x            y(proton  ),hh0l n 
#  z-lower      z-upper        proton    r.err 
   9.8380E+01   9.8430E+01   3.6610E-01  0.0118
   9.8430E+01   9.8480E+01   3.6503E-01  0.0127
   9.8480E+01   9.8530E+01   3.4956E-01  0.0146
   9.8530E+01   9.8580E+01   5.9352E-02  0.0230

#   sum over    2.0000E-03   2.8501E-01  0.0116

'no. =297,  ix =  9,  iy = 33'
msuc: {\huge Histograma}
msdr: {\it plotted by \ANGEL \version}
msdl: {\it calculated by \PHITS  3.35}
wt: s(0.7)
\vspace{-3}
  xmin  &=&   0.0000E+00 [cm]
  xmax  &=&   1.0000E-01 [cm]
  ymin  &=&   1.5500E+00 [cm]
  ymax  &=&   1.6500E+00 [cm]
e:

#------------------------------------------------------------------------------
 newpage:
#   no. =298   ix  = 10   iy  =  1
#   x = (   1.0000E-01  -   2.0000E-01  )
#   y = (  -1.6500E+00  -  -1.5500E+00  )

x: z[cm]
y: Dose [Gy/source]      
p: xlin ylog afac(0.8) form(0.9)
h: n            x            y(proton  ),hh0l n 
#  z-lower      z-upper        proton    r.err 
   9.8380E+01   9.8430E+01   0.0000E+00  0.0000
   9.8430E+01   9.8480E+01   0.0000E+00  0.0000
   9.8480E+01   9.8530E+01   0.0000E+00  0.0000
   9.8530E+01   9.8580E+01   0.0000E+00  0.0000

#   sum over    2.0000E-03   0.0000E+00  0.0000

'no. =298,  ix = 10,  iy =  1'
msuc: {\huge Histograma}
msdr: {\it plotted by \ANGEL \version}
msdl: {\it calculated by \PHITS  3.35}
wt: s(0.7)
\vspace{-3}
  xmin  &=&   1.0000E-01 [cm]
  xmax  &=&   2.0000E-01 [cm]
  ymin  &=&  -1.6500E+00 [cm]
  ymax  &=&  -1.5500E+00 [cm]
e:

#------------------------------------------------------------------------------
 newpage:
#   no. =299   ix  = 10   iy  =  2
#   x = (   1.0000E-01  -   2.0000E-01  )
#   y = (  -1.5500E+00  -  -1.4500E+00  )

x: z[cm]
y: Dose [Gy/source]      
p: xlin ylog afac(0.8) form(0.9)
h: n            x            y(proton  ),hh0l n 
#  z-lower      z-upper        proton    r.err 
   9.8380E+01   9.8430E+01   0.0000E+00  0.0000
   9.8430E+01   9.8480E+01   0.0000E+00  0.0000
   9.8480E+01   9.8530E+01   0.0000E+00  0.0000
   9.8530E+01   9.8580E+01   0.0000E+00  0.0000

#   sum over    2.0000E-03   0.0000E+00  0.0000

'no. =299,  ix = 10,  iy =  2'
msuc: {\huge Histograma}
msdr: {\it plotted by \ANGEL \version}
msdl: {\it calculated by \PHITS  3.35}
wt: s(0.7)
\vspace{-3}
  xmin  &=&   1.0000E-01 [cm]
  xmax  &=&   2.0000E-01 [cm]
  ymin  &=&  -1.5500E+00 [cm]
  ymax  &=&  -1.4500E+00 [cm]
e:

#------------------------------------------------------------------------------
 newpage:
#   no. =300   ix  = 10   iy  =  3
#   x = (   1.0000E-01  -   2.0000E-01  )
#   y = (  -1.4500E+00  -  -1.3500E+00  )

x: z[cm]
y: Dose [Gy/source]      
p: xlin ylog afac(0.8) form(0.9)
h: n            x            y(proton  ),hh0l n 
#  z-lower      z-upper        proton    r.err 
   9.8380E+01   9.8430E+01   2.7164E-05  1.0000
   9.8430E+01   9.8480E+01   0.0000E+00  0.0000
   9.8480E+01   9.8530E+01   1.1038E-04  0.7329
   9.8530E+01   9.8580E+01   0.0000E+00  0.0000

#   sum over    2.0000E-03   3.4386E-05  0.6204

'no. =300,  ix = 10,  iy =  3'
msuc: {\huge Histograma}
msdr: {\it plotted by \ANGEL \version}
msdl: {\it calculated by \PHITS  3.35}
wt: s(0.7)
\vspace{-3}
  xmin  &=&   1.0000E-01 [cm]
  xmax  &=&   2.0000E-01 [cm]
  ymin  &=&  -1.4500E+00 [cm]
  ymax  &=&  -1.3500E+00 [cm]
e:

#------------------------------------------------------------------------------
 newpage:
#   no. =301   ix  = 10   iy  =  4
#   x = (   1.0000E-01  -   2.0000E-01  )
#   y = (  -1.3500E+00  -  -1.2500E+00  )

x: z[cm]
y: Dose [Gy/source]      
p: xlin ylog afac(0.8) form(0.9)
h: n            x            y(proton  ),hh0l n 
#  z-lower      z-upper        proton    r.err 
   9.8380E+01   9.8430E+01   2.6489E-01  0.0140
   9.8430E+01   9.8480E+01   2.6283E-01  0.0150
   9.8480E+01   9.8530E+01   2.4817E-01  0.0173
   9.8530E+01   9.8580E+01   4.1867E-02  0.0277

#   sum over    2.0000E-03   2.0444E-01  0.0137

'no. =301,  ix = 10,  iy =  4'
msuc: {\huge Histograma}
msdr: {\it plotted by \ANGEL \version}
msdl: {\it calculated by \PHITS  3.35}
wt: s(0.7)
\vspace{-3}
  xmin  &=&   1.0000E-01 [cm]
  xmax  &=&   2.0000E-01 [cm]
  ymin  &=&  -1.3500E+00 [cm]
  ymax  &=&  -1.2500E+00 [cm]
e:

#------------------------------------------------------------------------------
 newpage:
#   no. =302   ix  = 10   iy  =  5
#   x = (   1.0000E-01  -   2.0000E-01  )
#   y = (  -1.2500E+00  -  -1.1500E+00  )

x: z[cm]
y: Dose [Gy/source]      
p: xlin ylog afac(0.8) form(0.9)
h: n            x            y(proton  ),hh0l n 
#  z-lower      z-upper        proton    r.err 
   9.8380E+01   9.8430E+01   3.6110E-01  0.0119
   9.8430E+01   9.8480E+01   3.5788E-01  0.0128
   9.8480E+01   9.8530E+01   3.5001E-01  0.0145
   9.8530E+01   9.8580E+01   6.1074E-02  0.0227

#   sum over    2.0000E-03   2.8252E-01  0.0117

'no. =302,  ix = 10,  iy =  5'
msuc: {\huge Histograma}
msdr: {\it plotted by \ANGEL \version}
msdl: {\it calculated by \PHITS  3.35}
wt: s(0.7)
\vspace{-3}
  xmin  &=&   1.0000E-01 [cm]
  xmax  &=&   2.0000E-01 [cm]
  ymin  &=&  -1.2500E+00 [cm]
  ymax  &=&  -1.1500E+00 [cm]
e:

#------------------------------------------------------------------------------
 newpage:
#   no. =303   ix  = 10   iy  =  6
#   x = (   1.0000E-01  -   2.0000E-01  )
#   y = (  -1.1500E+00  -  -1.0500E+00  )

x: z[cm]
y: Dose [Gy/source]      
p: xlin ylog afac(0.8) form(0.9)
h: n            x            y(proton  ),hh0l n 
#  z-lower      z-upper        proton    r.err 
   9.8380E+01   9.8430E+01   3.6677E-01  0.0118
   9.8430E+01   9.8480E+01   3.6182E-01  0.0127
   9.8480E+01   9.8530E+01   3.5651E-01  0.0145
   9.8530E+01   9.8580E+01   6.1335E-02  0.0226

#   sum over    2.0000E-03   2.8661E-01  0.0116

'no. =303,  ix = 10,  iy =  6'
msuc: {\huge Histograma}
msdr: {\it plotted by \ANGEL \version}
msdl: {\it calculated by \PHITS  3.35}
wt: s(0.7)
\vspace{-3}
  xmin  &=&   1.0000E-01 [cm]
  xmax  &=&   2.0000E-01 [cm]
  ymin  &=&  -1.1500E+00 [cm]
  ymax  &=&  -1.0500E+00 [cm]
e:

#------------------------------------------------------------------------------
 newpage:
#   no. =304   ix  = 10   iy  =  7
#   x = (   1.0000E-01  -   2.0000E-01  )
#   y = (  -1.0500E+00  -  -9.5000E-01  )

x: z[cm]
y: Dose [Gy/source]      
p: xlin ylog afac(0.8) form(0.9)
h: n            x            y(proton  ),hh0l n 
#  z-lower      z-upper        proton    r.err 
   9.8380E+01   9.8430E+01   3.7110E-01  0.0117
   9.8430E+01   9.8480E+01   3.7081E-01  0.0126
   9.8480E+01   9.8530E+01   3.5171E-01  0.0145
   9.8530E+01   9.8580E+01   6.1734E-02  0.0227

#   sum over    2.0000E-03   2.8884E-01  0.0116

'no. =304,  ix = 10,  iy =  7'
msuc: {\huge Histograma}
msdr: {\it plotted by \ANGEL \version}
msdl: {\it calculated by \PHITS  3.35}
wt: s(0.7)
\vspace{-3}
  xmin  &=&   1.0000E-01 [cm]
  xmax  &=&   2.0000E-01 [cm]
  ymin  &=&  -1.0500E+00 [cm]
  ymax  &=&  -9.5000E-01 [cm]
e:

#------------------------------------------------------------------------------
 newpage:
#   no. =305   ix  = 10   iy  =  8
#   x = (   1.0000E-01  -   2.0000E-01  )
#   y = (  -9.5000E-01  -  -8.5000E-01  )

x: z[cm]
y: Dose [Gy/source]      
p: xlin ylog afac(0.8) form(0.9)
h: n            x            y(proton  ),hh0l n 
#  z-lower      z-upper        proton    r.err 
   9.8380E+01   9.8430E+01   3.6669E-01  0.0118
   9.8430E+01   9.8480E+01   3.6651E-01  0.0127
   9.8480E+01   9.8530E+01   3.4379E-01  0.0147
   9.8530E+01   9.8580E+01   5.8474E-02  0.0232

#   sum over    2.0000E-03   2.8387E-01  0.0116

'no. =305,  ix = 10,  iy =  8'
msuc: {\huge Histograma}
msdr: {\it plotted by \ANGEL \version}
msdl: {\it calculated by \PHITS  3.35}
wt: s(0.7)
\vspace{-3}
  xmin  &=&   1.0000E-01 [cm]
  xmax  &=&   2.0000E-01 [cm]
  ymin  &=&  -9.5000E-01 [cm]
  ymax  &=&  -8.5000E-01 [cm]
e:

#------------------------------------------------------------------------------
 newpage:
#   no. =306   ix  = 10   iy  =  9
#   x = (   1.0000E-01  -   2.0000E-01  )
#   y = (  -8.5000E-01  -  -7.5000E-01  )

x: z[cm]
y: Dose [Gy/source]      
p: xlin ylog afac(0.8) form(0.9)
h: n            x            y(proton  ),hh0l n 
#  z-lower      z-upper        proton    r.err 
   9.8380E+01   9.8430E+01   3.7154E-01  0.0118
   9.8430E+01   9.8480E+01   3.6497E-01  0.0127
   9.8480E+01   9.8530E+01   3.4947E-01  0.0146
   9.8530E+01   9.8580E+01   5.7932E-02  0.0233

#   sum over    2.0000E-03   2.8598E-01  0.0116

'no. =306,  ix = 10,  iy =  9'
msuc: {\huge Histograma}
msdr: {\it plotted by \ANGEL \version}
msdl: {\it calculated by \PHITS  3.35}
wt: s(0.7)
\vspace{-3}
  xmin  &=&   1.0000E-01 [cm]
  xmax  &=&   2.0000E-01 [cm]
  ymin  &=&  -8.5000E-01 [cm]
  ymax  &=&  -7.5000E-01 [cm]
e:

#------------------------------------------------------------------------------
 newpage:
#   no. =307   ix  = 10   iy  = 10
#   x = (   1.0000E-01  -   2.0000E-01  )
#   y = (  -7.5000E-01  -  -6.5000E-01  )

x: z[cm]
y: Dose [Gy/source]      
p: xlin ylog afac(0.8) form(0.9)
h: n            x            y(proton  ),hh0l n 
#  z-lower      z-upper        proton    r.err 
   9.8380E+01   9.8430E+01   3.5689E-01  0.0120
   9.8430E+01   9.8480E+01   3.5238E-01  0.0129
   9.8480E+01   9.8530E+01   3.4180E-01  0.0147
   9.8530E+01   9.8580E+01   5.8837E-02  0.0230

#   sum over    2.0000E-03   2.7748E-01  0.0118

'no. =307,  ix = 10,  iy = 10'
msuc: {\huge Histograma}
msdr: {\it plotted by \ANGEL \version}
msdl: {\it calculated by \PHITS  3.35}
wt: s(0.7)
\vspace{-3}
  xmin  &=&   1.0000E-01 [cm]
  xmax  &=&   2.0000E-01 [cm]
  ymin  &=&  -7.5000E-01 [cm]
  ymax  &=&  -6.5000E-01 [cm]
e:

#------------------------------------------------------------------------------
 newpage:
#   no. =308   ix  = 10   iy  = 11
#   x = (   1.0000E-01  -   2.0000E-01  )
#   y = (  -6.5000E-01  -  -5.5000E-01  )

x: z[cm]
y: Dose [Gy/source]      
p: xlin ylog afac(0.8) form(0.9)
h: n            x            y(proton  ),hh0l n 
#  z-lower      z-upper        proton    r.err 
   9.8380E+01   9.8430E+01   3.5577E-01  0.0120
   9.8430E+01   9.8480E+01   3.5326E-01  0.0129
   9.8480E+01   9.8530E+01   3.3760E-01  0.0149
   9.8530E+01   9.8580E+01   5.4851E-02  0.0238

#   sum over    2.0000E-03   2.7537E-01  0.0118

'no. =308,  ix = 10,  iy = 11'
msuc: {\huge Histograma}
msdr: {\it plotted by \ANGEL \version}
msdl: {\it calculated by \PHITS  3.35}
wt: s(0.7)
\vspace{-3}
  xmin  &=&   1.0000E-01 [cm]
  xmax  &=&   2.0000E-01 [cm]
  ymin  &=&  -6.5000E-01 [cm]
  ymax  &=&  -5.5000E-01 [cm]
e:

#------------------------------------------------------------------------------
 newpage:
#   no. =309   ix  = 10   iy  = 12
#   x = (   1.0000E-01  -   2.0000E-01  )
#   y = (  -5.5000E-01  -  -4.5000E-01  )

x: z[cm]
y: Dose [Gy/source]      
p: xlin ylog afac(0.8) form(0.9)
h: n            x            y(proton  ),hh0l n 
#  z-lower      z-upper        proton    r.err 
   9.8380E+01   9.8430E+01   3.6692E-01  0.0118
   9.8430E+01   9.8480E+01   3.6115E-01  0.0128
   9.8480E+01   9.8530E+01   3.4558E-01  0.0146
   9.8530E+01   9.8580E+01   5.9422E-02  0.0230

#   sum over    2.0000E-03   2.8327E-01  0.0117

'no. =309,  ix = 10,  iy = 12'
msuc: {\huge Histograma}
msdr: {\it plotted by \ANGEL \version}
msdl: {\it calculated by \PHITS  3.35}
wt: s(0.7)
\vspace{-3}
  xmin  &=&   1.0000E-01 [cm]
  xmax  &=&   2.0000E-01 [cm]
  ymin  &=&  -5.5000E-01 [cm]
  ymax  &=&  -4.5000E-01 [cm]
e:

#------------------------------------------------------------------------------
 newpage:
#   no. =310   ix  = 10   iy  = 13
#   x = (   1.0000E-01  -   2.0000E-01  )
#   y = (  -4.5000E-01  -  -3.5000E-01  )

x: z[cm]
y: Dose [Gy/source]      
p: xlin ylog afac(0.8) form(0.9)
h: n            x            y(proton  ),hh0l n 
#  z-lower      z-upper        proton    r.err 
   9.8380E+01   9.8430E+01   3.6575E-01  0.0119
   9.8430E+01   9.8480E+01   3.6581E-01  0.0127
   9.8480E+01   9.8530E+01   3.4224E-01  0.0147
   9.8530E+01   9.8580E+01   5.8004E-02  0.0232

#   sum over    2.0000E-03   2.8295E-01  0.0116

'no. =310,  ix = 10,  iy = 13'
msuc: {\huge Histograma}
msdr: {\it plotted by \ANGEL \version}
msdl: {\it calculated by \PHITS  3.35}
wt: s(0.7)
\vspace{-3}
  xmin  &=&   1.0000E-01 [cm]
  xmax  &=&   2.0000E-01 [cm]
  ymin  &=&  -4.5000E-01 [cm]
  ymax  &=&  -3.5000E-01 [cm]
e:

#------------------------------------------------------------------------------
 newpage:
#   no. =311   ix  = 10   iy  = 14
#   x = (   1.0000E-01  -   2.0000E-01  )
#   y = (  -3.5000E-01  -  -2.5000E-01  )

x: z[cm]
y: Dose [Gy/source]      
p: xlin ylog afac(0.8) form(0.9)
h: n            x            y(proton  ),hh0l n 
#  z-lower      z-upper        proton    r.err 
   9.8380E+01   9.8430E+01   3.5874E-01  0.0120
   9.8430E+01   9.8480E+01   3.5355E-01  0.0129
   9.8480E+01   9.8530E+01   3.3981E-01  0.0148
   9.8530E+01   9.8580E+01   5.7415E-02  0.0233

#   sum over    2.0000E-03   2.7738E-01  0.0118

'no. =311,  ix = 10,  iy = 14'
msuc: {\huge Histograma}
msdr: {\it plotted by \ANGEL \version}
msdl: {\it calculated by \PHITS  3.35}
wt: s(0.7)
\vspace{-3}
  xmin  &=&   1.0000E-01 [cm]
  xmax  &=&   2.0000E-01 [cm]
  ymin  &=&  -3.5000E-01 [cm]
  ymax  &=&  -2.5000E-01 [cm]
e:

#------------------------------------------------------------------------------
 newpage:
#   no. =312   ix  = 10   iy  = 15
#   x = (   1.0000E-01  -   2.0000E-01  )
#   y = (  -2.5000E-01  -  -1.5000E-01  )

x: z[cm]
y: Dose [Gy/source]      
p: xlin ylog afac(0.8) form(0.9)
h: n            x            y(proton  ),hh0l n 
#  z-lower      z-upper        proton    r.err 
   9.8380E+01   9.8430E+01   3.6881E-01  0.0119
   9.8430E+01   9.8480E+01   3.5581E-01  0.0129
   9.8480E+01   9.8530E+01   3.3246E-01  0.0149
   9.8530E+01   9.8580E+01   5.7379E-02  0.0234

#   sum over    2.0000E-03   2.7862E-01  0.0117

'no. =312,  ix = 10,  iy = 15'
msuc: {\huge Histograma}
msdr: {\it plotted by \ANGEL \version}
msdl: {\it calculated by \PHITS  3.35}
wt: s(0.7)
\vspace{-3}
  xmin  &=&   1.0000E-01 [cm]
  xmax  &=&   2.0000E-01 [cm]
  ymin  &=&  -2.5000E-01 [cm]
  ymax  &=&  -1.5000E-01 [cm]
e:

#------------------------------------------------------------------------------
 newpage:
#   no. =313   ix  = 10   iy  = 16
#   x = (   1.0000E-01  -   2.0000E-01  )
#   y = (  -1.5000E-01  -  -5.0000E-02  )

x: z[cm]
y: Dose [Gy/source]      
p: xlin ylog afac(0.8) form(0.9)
h: n            x            y(proton  ),hh0l n 
#  z-lower      z-upper        proton    r.err 
   9.8380E+01   9.8430E+01   3.5742E-01  0.0120
   9.8430E+01   9.8480E+01   3.5430E-01  0.0128
   9.8480E+01   9.8530E+01   3.3868E-01  0.0148
   9.8530E+01   9.8580E+01   5.7954E-02  0.0232

#   sum over    2.0000E-03   2.7709E-01  0.0118

'no. =313,  ix = 10,  iy = 16'
msuc: {\huge Histograma}
msdr: {\it plotted by \ANGEL \version}
msdl: {\it calculated by \PHITS  3.35}
wt: s(0.7)
\vspace{-3}
  xmin  &=&   1.0000E-01 [cm]
  xmax  &=&   2.0000E-01 [cm]
  ymin  &=&  -1.5000E-01 [cm]
  ymax  &=&  -5.0000E-02 [cm]
e:

#------------------------------------------------------------------------------
 newpage:
#   no. =314   ix  = 10   iy  = 17
#   x = (   1.0000E-01  -   2.0000E-01  )
#   y = (  -5.0000E-02  -   5.0000E-02  )

x: z[cm]
y: Dose [Gy/source]      
p: xlin ylog afac(0.8) form(0.9)
h: n            x            y(proton  ),hh0l n 
#  z-lower      z-upper        proton    r.err 
   9.8380E+01   9.8430E+01   3.5397E-01  0.0120
   9.8430E+01   9.8480E+01   3.5155E-01  0.0129
   9.8480E+01   9.8530E+01   3.3429E-01  0.0149
   9.8530E+01   9.8580E+01   5.6680E-02  0.0235

#   sum over    2.0000E-03   2.7412E-01  0.0118

'no. =314,  ix = 10,  iy = 17'
msuc: {\huge Histograma}
msdr: {\it plotted by \ANGEL \version}
msdl: {\it calculated by \PHITS  3.35}
wt: s(0.7)
\vspace{-3}
  xmin  &=&   1.0000E-01 [cm]
  xmax  &=&   2.0000E-01 [cm]
  ymin  &=&  -5.0000E-02 [cm]
  ymax  &=&   5.0000E-02 [cm]
e:

#------------------------------------------------------------------------------
 newpage:
#   no. =315   ix  = 10   iy  = 18
#   x = (   1.0000E-01  -   2.0000E-01  )
#   y = (   5.0000E-02  -   1.5000E-01  )

x: z[cm]
y: Dose [Gy/source]      
p: xlin ylog afac(0.8) form(0.9)
h: n            x            y(proton  ),hh0l n 
#  z-lower      z-upper        proton    r.err 
   9.8380E+01   9.8430E+01   3.5926E-01  0.0120
   9.8430E+01   9.8480E+01   3.5405E-01  0.0129
   9.8480E+01   9.8530E+01   3.3223E-01  0.0149
   9.8530E+01   9.8580E+01   5.7058E-02  0.0235

#   sum over    2.0000E-03   2.7565E-01  0.0118

'no. =315,  ix = 10,  iy = 18'
msuc: {\huge Histograma}
msdr: {\it plotted by \ANGEL \version}
msdl: {\it calculated by \PHITS  3.35}
wt: s(0.7)
\vspace{-3}
  xmin  &=&   1.0000E-01 [cm]
  xmax  &=&   2.0000E-01 [cm]
  ymin  &=&   5.0000E-02 [cm]
  ymax  &=&   1.5000E-01 [cm]
e:

#------------------------------------------------------------------------------
 newpage:
#   no. =316   ix  = 10   iy  = 19
#   x = (   1.0000E-01  -   2.0000E-01  )
#   y = (   1.5000E-01  -   2.5000E-01  )

x: z[cm]
y: Dose [Gy/source]      
p: xlin ylog afac(0.8) form(0.9)
h: n            x            y(proton  ),hh0l n 
#  z-lower      z-upper        proton    r.err 
   9.8380E+01   9.8430E+01   3.5152E-01  0.0121
   9.8430E+01   9.8480E+01   3.4838E-01  0.0130
   9.8480E+01   9.8530E+01   3.3323E-01  0.0149
   9.8530E+01   9.8580E+01   5.7769E-02  0.0235

#   sum over    2.0000E-03   2.7272E-01  0.0119

'no. =316,  ix = 10,  iy = 19'
msuc: {\huge Histograma}
msdr: {\it plotted by \ANGEL \version}
msdl: {\it calculated by \PHITS  3.35}
wt: s(0.7)
\vspace{-3}
  xmin  &=&   1.0000E-01 [cm]
  xmax  &=&   2.0000E-01 [cm]
  ymin  &=&   1.5000E-01 [cm]
  ymax  &=&   2.5000E-01 [cm]
e:

#------------------------------------------------------------------------------
 newpage:
#   no. =317   ix  = 10   iy  = 20
#   x = (   1.0000E-01  -   2.0000E-01  )
#   y = (   2.5000E-01  -   3.5000E-01  )

x: z[cm]
y: Dose [Gy/source]      
p: xlin ylog afac(0.8) form(0.9)
h: n            x            y(proton  ),hh0l n 
#  z-lower      z-upper        proton    r.err 
   9.8380E+01   9.8430E+01   3.5983E-01  0.0120
   9.8430E+01   9.8480E+01   3.5090E-01  0.0129
   9.8480E+01   9.8530E+01   3.3487E-01  0.0149
   9.8530E+01   9.8580E+01   5.6111E-02  0.0235

#   sum over    2.0000E-03   2.7543E-01  0.0118

'no. =317,  ix = 10,  iy = 20'
msuc: {\huge Histograma}
msdr: {\it plotted by \ANGEL \version}
msdl: {\it calculated by \PHITS  3.35}
wt: s(0.7)
\vspace{-3}
  xmin  &=&   1.0000E-01 [cm]
  xmax  &=&   2.0000E-01 [cm]
  ymin  &=&   2.5000E-01 [cm]
  ymax  &=&   3.5000E-01 [cm]
e:

#------------------------------------------------------------------------------
 newpage:
#   no. =318   ix  = 10   iy  = 21
#   x = (   1.0000E-01  -   2.0000E-01  )
#   y = (   3.5000E-01  -   4.5000E-01  )

x: z[cm]
y: Dose [Gy/source]      
p: xlin ylog afac(0.8) form(0.9)
h: n            x            y(proton  ),hh0l n 
#  z-lower      z-upper        proton    r.err 
   9.8380E+01   9.8430E+01   3.5386E-01  0.0120
   9.8430E+01   9.8480E+01   3.5341E-01  0.0129
   9.8480E+01   9.8530E+01   3.3778E-01  0.0148
   9.8530E+01   9.8580E+01   5.6465E-02  0.0236

#   sum over    2.0000E-03   2.7538E-01  0.0118

'no. =318,  ix = 10,  iy = 21'
msuc: {\huge Histograma}
msdr: {\it plotted by \ANGEL \version}
msdl: {\it calculated by \PHITS  3.35}
wt: s(0.7)
\vspace{-3}
  xmin  &=&   1.0000E-01 [cm]
  xmax  &=&   2.0000E-01 [cm]
  ymin  &=&   3.5000E-01 [cm]
  ymax  &=&   4.5000E-01 [cm]
e:

#------------------------------------------------------------------------------
 newpage:
#   no. =319   ix  = 10   iy  = 22
#   x = (   1.0000E-01  -   2.0000E-01  )
#   y = (   4.5000E-01  -   5.5000E-01  )

x: z[cm]
y: Dose [Gy/source]      
p: xlin ylog afac(0.8) form(0.9)
h: n            x            y(proton  ),hh0l n 
#  z-lower      z-upper        proton    r.err 
   9.8380E+01   9.8430E+01   3.6531E-01  0.0119
   9.8430E+01   9.8480E+01   3.6394E-01  0.0128
   9.8480E+01   9.8530E+01   3.4042E-01  0.0147
   9.8530E+01   9.8580E+01   5.8496E-02  0.0232

#   sum over    2.0000E-03   2.8204E-01  0.0117

'no. =319,  ix = 10,  iy = 22'
msuc: {\huge Histograma}
msdr: {\it plotted by \ANGEL \version}
msdl: {\it calculated by \PHITS  3.35}
wt: s(0.7)
\vspace{-3}
  xmin  &=&   1.0000E-01 [cm]
  xmax  &=&   2.0000E-01 [cm]
  ymin  &=&   4.5000E-01 [cm]
  ymax  &=&   5.5000E-01 [cm]
e:

#------------------------------------------------------------------------------
 newpage:
#   no. =320   ix  = 10   iy  = 23
#   x = (   1.0000E-01  -   2.0000E-01  )
#   y = (   5.5000E-01  -   6.5000E-01  )

x: z[cm]
y: Dose [Gy/source]      
p: xlin ylog afac(0.8) form(0.9)
h: n            x            y(proton  ),hh0l n 
#  z-lower      z-upper        proton    r.err 
   9.8380E+01   9.8430E+01   3.6063E-01  0.0119
   9.8430E+01   9.8480E+01   3.5863E-01  0.0128
   9.8480E+01   9.8530E+01   3.4186E-01  0.0147
   9.8530E+01   9.8580E+01   5.7774E-02  0.0233

#   sum over    2.0000E-03   2.7972E-01  0.0117

'no. =320,  ix = 10,  iy = 23'
msuc: {\huge Histograma}
msdr: {\it plotted by \ANGEL \version}
msdl: {\it calculated by \PHITS  3.35}
wt: s(0.7)
\vspace{-3}
  xmin  &=&   1.0000E-01 [cm]
  xmax  &=&   2.0000E-01 [cm]
  ymin  &=&   5.5000E-01 [cm]
  ymax  &=&   6.5000E-01 [cm]
e:

#------------------------------------------------------------------------------
 newpage:
#   no. =321   ix  = 10   iy  = 24
#   x = (   1.0000E-01  -   2.0000E-01  )
#   y = (   6.5000E-01  -   7.5000E-01  )

x: z[cm]
y: Dose [Gy/source]      
p: xlin ylog afac(0.8) form(0.9)
h: n            x            y(proton  ),hh0l n 
#  z-lower      z-upper        proton    r.err 
   9.8380E+01   9.8430E+01   3.7090E-01  0.0118
   9.8430E+01   9.8480E+01   3.6485E-01  0.0127
   9.8480E+01   9.8530E+01   3.5068E-01  0.0146
   9.8530E+01   9.8580E+01   5.8954E-02  0.0230

#   sum over    2.0000E-03   2.8635E-01  0.0116

'no. =321,  ix = 10,  iy = 24'
msuc: {\huge Histograma}
msdr: {\it plotted by \ANGEL \version}
msdl: {\it calculated by \PHITS  3.35}
wt: s(0.7)
\vspace{-3}
  xmin  &=&   1.0000E-01 [cm]
  xmax  &=&   2.0000E-01 [cm]
  ymin  &=&   6.5000E-01 [cm]
  ymax  &=&   7.5000E-01 [cm]
e:

#------------------------------------------------------------------------------
 newpage:
#   no. =322   ix  = 10   iy  = 25
#   x = (   1.0000E-01  -   2.0000E-01  )
#   y = (   7.5000E-01  -   8.5000E-01  )

x: z[cm]
y: Dose [Gy/source]      
p: xlin ylog afac(0.8) form(0.9)
h: n            x            y(proton  ),hh0l n 
#  z-lower      z-upper        proton    r.err 
   9.8380E+01   9.8430E+01   3.6055E-01  0.0119
   9.8430E+01   9.8480E+01   3.5992E-01  0.0128
   9.8480E+01   9.8530E+01   3.4081E-01  0.0147
   9.8530E+01   9.8580E+01   5.6991E-02  0.0235

#   sum over    2.0000E-03   2.7957E-01  0.0117

'no. =322,  ix = 10,  iy = 25'
msuc: {\huge Histograma}
msdr: {\it plotted by \ANGEL \version}
msdl: {\it calculated by \PHITS  3.35}
wt: s(0.7)
\vspace{-3}
  xmin  &=&   1.0000E-01 [cm]
  xmax  &=&   2.0000E-01 [cm]
  ymin  &=&   7.5000E-01 [cm]
  ymax  &=&   8.5000E-01 [cm]
e:

#------------------------------------------------------------------------------
 newpage:
#   no. =323   ix  = 10   iy  = 26
#   x = (   1.0000E-01  -   2.0000E-01  )
#   y = (   8.5000E-01  -   9.5000E-01  )

x: z[cm]
y: Dose [Gy/source]      
p: xlin ylog afac(0.8) form(0.9)
h: n            x            y(proton  ),hh0l n 
#  z-lower      z-upper        proton    r.err 
   9.8380E+01   9.8430E+01   3.6315E-01  0.0119
   9.8430E+01   9.8480E+01   3.6371E-01  0.0127
   9.8480E+01   9.8530E+01   3.5233E-01  0.0145
   9.8530E+01   9.8580E+01   5.9215E-02  0.0230

#   sum over    2.0000E-03   2.8460E-01  0.0116

'no. =323,  ix = 10,  iy = 26'
msuc: {\huge Histograma}
msdr: {\it plotted by \ANGEL \version}
msdl: {\it calculated by \PHITS  3.35}
wt: s(0.7)
\vspace{-3}
  xmin  &=&   1.0000E-01 [cm]
  xmax  &=&   2.0000E-01 [cm]
  ymin  &=&   8.5000E-01 [cm]
  ymax  &=&   9.5000E-01 [cm]
e:

#------------------------------------------------------------------------------
 newpage:
#   no. =324   ix  = 10   iy  = 27
#   x = (   1.0000E-01  -   2.0000E-01  )
#   y = (   9.5000E-01  -   1.0500E+00  )

x: z[cm]
y: Dose [Gy/source]      
p: xlin ylog afac(0.8) form(0.9)
h: n            x            y(proton  ),hh0l n 
#  z-lower      z-upper        proton    r.err 
   9.8380E+01   9.8430E+01   3.7527E-01  0.0117
   9.8430E+01   9.8480E+01   3.6865E-01  0.0126
   9.8480E+01   9.8530E+01   3.5080E-01  0.0145
   9.8530E+01   9.8580E+01   5.9568E-02  0.0230

#   sum over    2.0000E-03   2.8857E-01  0.0115

'no. =324,  ix = 10,  iy = 27'
msuc: {\huge Histograma}
msdr: {\it plotted by \ANGEL \version}
msdl: {\it calculated by \PHITS  3.35}
wt: s(0.7)
\vspace{-3}
  xmin  &=&   1.0000E-01 [cm]
  xmax  &=&   2.0000E-01 [cm]
  ymin  &=&   9.5000E-01 [cm]
  ymax  &=&   1.0500E+00 [cm]
e:

#------------------------------------------------------------------------------
 newpage:
#   no. =325   ix  = 10   iy  = 28
#   x = (   1.0000E-01  -   2.0000E-01  )
#   y = (   1.0500E+00  -   1.1500E+00  )

x: z[cm]
y: Dose [Gy/source]      
p: xlin ylog afac(0.8) form(0.9)
h: n            x            y(proton  ),hh0l n 
#  z-lower      z-upper        proton    r.err 
   9.8380E+01   9.8430E+01   3.6651E-01  0.0118
   9.8430E+01   9.8480E+01   3.6145E-01  0.0127
   9.8480E+01   9.8530E+01   3.4877E-01  0.0146
   9.8530E+01   9.8580E+01   6.1698E-02  0.0225

#   sum over    2.0000E-03   2.8461E-01  0.0116

'no. =325,  ix = 10,  iy = 28'
msuc: {\huge Histograma}
msdr: {\it plotted by \ANGEL \version}
msdl: {\it calculated by \PHITS  3.35}
wt: s(0.7)
\vspace{-3}
  xmin  &=&   1.0000E-01 [cm]
  xmax  &=&   2.0000E-01 [cm]
  ymin  &=&   1.0500E+00 [cm]
  ymax  &=&   1.1500E+00 [cm]
e:

#------------------------------------------------------------------------------
 newpage:
#   no. =326   ix  = 10   iy  = 29
#   x = (   1.0000E-01  -   2.0000E-01  )
#   y = (   1.1500E+00  -   1.2500E+00  )

x: z[cm]
y: Dose [Gy/source]      
p: xlin ylog afac(0.8) form(0.9)
h: n            x            y(proton  ),hh0l n 
#  z-lower      z-upper        proton    r.err 
   9.8380E+01   9.8430E+01   3.6648E-01  0.0118
   9.8430E+01   9.8480E+01   3.6152E-01  0.0127
   9.8480E+01   9.8530E+01   3.5172E-01  0.0145
   9.8530E+01   9.8580E+01   5.9974E-02  0.0228

#   sum over    2.0000E-03   2.8492E-01  0.0116

'no. =326,  ix = 10,  iy = 29'
msuc: {\huge Histograma}
msdr: {\it plotted by \ANGEL \version}
msdl: {\it calculated by \PHITS  3.35}
wt: s(0.7)
\vspace{-3}
  xmin  &=&   1.0000E-01 [cm]
  xmax  &=&   2.0000E-01 [cm]
  ymin  &=&   1.1500E+00 [cm]
  ymax  &=&   1.2500E+00 [cm]
e:

#------------------------------------------------------------------------------
 newpage:
#   no. =327   ix  = 10   iy  = 30
#   x = (   1.0000E-01  -   2.0000E-01  )
#   y = (   1.2500E+00  -   1.3500E+00  )

x: z[cm]
y: Dose [Gy/source]      
p: xlin ylog afac(0.8) form(0.9)
h: n            x            y(proton  ),hh0l n 
#  z-lower      z-upper        proton    r.err 
   9.8380E+01   9.8430E+01   3.7062E-01  0.0118
   9.8430E+01   9.8480E+01   3.6607E-01  0.0127
   9.8480E+01   9.8530E+01   3.4852E-01  0.0146
   9.8530E+01   9.8580E+01   5.7729E-02  0.0232

#   sum over    2.0000E-03   2.8573E-01  0.0116

'no. =327,  ix = 10,  iy = 30'
msuc: {\huge Histograma}
msdr: {\it plotted by \ANGEL \version}
msdl: {\it calculated by \PHITS  3.35}
wt: s(0.7)
\vspace{-3}
  xmin  &=&   1.0000E-01 [cm]
  xmax  &=&   2.0000E-01 [cm]
  ymin  &=&   1.2500E+00 [cm]
  ymax  &=&   1.3500E+00 [cm]
e:

#------------------------------------------------------------------------------
 newpage:
#   no. =328   ix  = 10   iy  = 31
#   x = (   1.0000E-01  -   2.0000E-01  )
#   y = (   1.3500E+00  -   1.4500E+00  )

x: z[cm]
y: Dose [Gy/source]      
p: xlin ylog afac(0.8) form(0.9)
h: n            x            y(proton  ),hh0l n 
#  z-lower      z-upper        proton    r.err 
   9.8380E+01   9.8430E+01   3.7300E-01  0.0117
   9.8430E+01   9.8480E+01   3.7067E-01  0.0125
   9.8480E+01   9.8530E+01   3.5849E-01  0.0144
   9.8530E+01   9.8580E+01   6.0946E-02  0.0227

#   sum over    2.0000E-03   2.9078E-01  0.0115

'no. =328,  ix = 10,  iy = 31'
msuc: {\huge Histograma}
msdr: {\it plotted by \ANGEL \version}
msdl: {\it calculated by \PHITS  3.35}
wt: s(0.7)
\vspace{-3}
  xmin  &=&   1.0000E-01 [cm]
  xmax  &=&   2.0000E-01 [cm]
  ymin  &=&   1.3500E+00 [cm]
  ymax  &=&   1.4500E+00 [cm]
e:

#------------------------------------------------------------------------------
 newpage:
#   no. =329   ix  = 10   iy  = 32
#   x = (   1.0000E-01  -   2.0000E-01  )
#   y = (   1.4500E+00  -   1.5500E+00  )

x: z[cm]
y: Dose [Gy/source]      
p: xlin ylog afac(0.8) form(0.9)
h: n            x            y(proton  ),hh0l n 
#  z-lower      z-upper        proton    r.err 
   9.8380E+01   9.8430E+01   3.6397E-01  0.0118
   9.8430E+01   9.8480E+01   3.6540E-01  0.0127
   9.8480E+01   9.8530E+01   3.5888E-01  0.0144
   9.8530E+01   9.8580E+01   6.1894E-02  0.0225

#   sum over    2.0000E-03   2.8754E-01  0.0116

'no. =329,  ix = 10,  iy = 32'
msuc: {\huge Histograma}
msdr: {\it plotted by \ANGEL \version}
msdl: {\it calculated by \PHITS  3.35}
wt: s(0.7)
\vspace{-3}
  xmin  &=&   1.0000E-01 [cm]
  xmax  &=&   2.0000E-01 [cm]
  ymin  &=&   1.4500E+00 [cm]
  ymax  &=&   1.5500E+00 [cm]
e:

#------------------------------------------------------------------------------
 newpage:
#   no. =330   ix  = 10   iy  = 33
#   x = (   1.0000E-01  -   2.0000E-01  )
#   y = (   1.5500E+00  -   1.6500E+00  )

x: z[cm]
y: Dose [Gy/source]      
p: xlin ylog afac(0.8) form(0.9)
h: n            x            y(proton  ),hh0l n 
#  z-lower      z-upper        proton    r.err 
   9.8380E+01   9.8430E+01   3.7395E-01  0.0117
   9.8430E+01   9.8480E+01   3.7375E-01  0.0125
   9.8480E+01   9.8530E+01   3.5769E-01  0.0145
   9.8530E+01   9.8580E+01   5.9602E-02  0.0228

#   sum over    2.0000E-03   2.9125E-01  0.0115

'no. =330,  ix = 10,  iy = 33'
msuc: {\huge Histograma}
msdr: {\it plotted by \ANGEL \version}
msdl: {\it calculated by \PHITS  3.35}
wt: s(0.7)
\vspace{-3}
  xmin  &=&   1.0000E-01 [cm]
  xmax  &=&   2.0000E-01 [cm]
  ymin  &=&   1.5500E+00 [cm]
  ymax  &=&   1.6500E+00 [cm]
e:

#------------------------------------------------------------------------------
 newpage:
#   no. =331   ix  = 11   iy  =  1
#   x = (   2.0000E-01  -   3.0000E-01  )
#   y = (  -1.6500E+00  -  -1.5500E+00  )

x: z[cm]
y: Dose [Gy/source]      
p: xlin ylog afac(0.8) form(0.9)
h: n            x            y(proton  ),hh0l n 
#  z-lower      z-upper        proton    r.err 
   9.8380E+01   9.8430E+01   0.0000E+00  0.0000
   9.8430E+01   9.8480E+01   0.0000E+00  0.0000
   9.8480E+01   9.8530E+01   0.0000E+00  0.0000
   9.8530E+01   9.8580E+01   0.0000E+00  0.0000

#   sum over    2.0000E-03   0.0000E+00  0.0000

'no. =331,  ix = 11,  iy =  1'
msuc: {\huge Histograma}
msdr: {\it plotted by \ANGEL \version}
msdl: {\it calculated by \PHITS  3.35}
wt: s(0.7)
\vspace{-3}
  xmin  &=&   2.0000E-01 [cm]
  xmax  &=&   3.0000E-01 [cm]
  ymin  &=&  -1.6500E+00 [cm]
  ymax  &=&  -1.5500E+00 [cm]
e:

#------------------------------------------------------------------------------
 newpage:
#   no. =332   ix  = 11   iy  =  2
#   x = (   2.0000E-01  -   3.0000E-01  )
#   y = (  -1.5500E+00  -  -1.4500E+00  )

x: z[cm]
y: Dose [Gy/source]      
p: xlin ylog afac(0.8) form(0.9)
h: n            x            y(proton  ),hh0l n 
#  z-lower      z-upper        proton    r.err 
   9.8380E+01   9.8430E+01   0.0000E+00  0.0000
   9.8430E+01   9.8480E+01   0.0000E+00  0.0000
   9.8480E+01   9.8530E+01   0.0000E+00  0.0000
   9.8530E+01   9.8580E+01   0.0000E+00  0.0000

#   sum over    2.0000E-03   0.0000E+00  0.0000

'no. =332,  ix = 11,  iy =  2'
msuc: {\huge Histograma}
msdr: {\it plotted by \ANGEL \version}
msdl: {\it calculated by \PHITS  3.35}
wt: s(0.7)
\vspace{-3}
  xmin  &=&   2.0000E-01 [cm]
  xmax  &=&   3.0000E-01 [cm]
  ymin  &=&  -1.5500E+00 [cm]
  ymax  &=&  -1.4500E+00 [cm]
e:

#------------------------------------------------------------------------------
 newpage:
#   no. =333   ix  = 11   iy  =  3
#   x = (   2.0000E-01  -   3.0000E-01  )
#   y = (  -1.4500E+00  -  -1.3500E+00  )

x: z[cm]
y: Dose [Gy/source]      
p: xlin ylog afac(0.8) form(0.9)
h: n            x            y(proton  ),hh0l n 
#  z-lower      z-upper        proton    r.err 
   9.8380E+01   9.8430E+01   9.3180E-05  0.7118
   9.8430E+01   9.8480E+01   2.2486E-04  0.5985
   9.8480E+01   9.8530E+01   4.9074E-05  1.0000
   9.8530E+01   9.8580E+01   0.0000E+00  0.0000

#   sum over    2.0000E-03   9.1779E-05  0.5388

'no. =333,  ix = 11,  iy =  3'
msuc: {\huge Histograma}
msdr: {\it plotted by \ANGEL \version}
msdl: {\it calculated by \PHITS  3.35}
wt: s(0.7)
\vspace{-3}
  xmin  &=&   2.0000E-01 [cm]
  xmax  &=&   3.0000E-01 [cm]
  ymin  &=&  -1.4500E+00 [cm]
  ymax  &=&  -1.3500E+00 [cm]
e:

#------------------------------------------------------------------------------
 newpage:
#   no. =334   ix  = 11   iy  =  4
#   x = (   2.0000E-01  -   3.0000E-01  )
#   y = (  -1.3500E+00  -  -1.2500E+00  )

x: z[cm]
y: Dose [Gy/source]      
p: xlin ylog afac(0.8) form(0.9)
h: n            x            y(proton  ),hh0l n 
#  z-lower      z-upper        proton    r.err 
   9.8380E+01   9.8430E+01   2.6593E-01  0.0140
   9.8430E+01   9.8480E+01   2.6424E-01  0.0149
   9.8480E+01   9.8530E+01   2.5264E-01  0.0171
   9.8530E+01   9.8580E+01   4.0996E-02  0.0277

#   sum over    2.0000E-03   2.0595E-01  0.0137

'no. =334,  ix = 11,  iy =  4'
msuc: {\huge Histograma}
msdr: {\it plotted by \ANGEL \version}
msdl: {\it calculated by \PHITS  3.35}
wt: s(0.7)
\vspace{-3}
  xmin  &=&   2.0000E-01 [cm]
  xmax  &=&   3.0000E-01 [cm]
  ymin  &=&  -1.3500E+00 [cm]
  ymax  &=&  -1.2500E+00 [cm]
e:

#------------------------------------------------------------------------------
 newpage:
#   no. =335   ix  = 11   iy  =  5
#   x = (   2.0000E-01  -   3.0000E-01  )
#   y = (  -1.2500E+00  -  -1.1500E+00  )

x: z[cm]
y: Dose [Gy/source]      
p: xlin ylog afac(0.8) form(0.9)
h: n            x            y(proton  ),hh0l n 
#  z-lower      z-upper        proton    r.err 
   9.8380E+01   9.8430E+01   3.6868E-01  0.0118
   9.8430E+01   9.8480E+01   3.6749E-01  0.0127
   9.8480E+01   9.8530E+01   3.4968E-01  0.0145
   9.8530E+01   9.8580E+01   5.8885E-02  0.0230

#   sum over    2.0000E-03   2.8618E-01  0.0116

'no. =335,  ix = 11,  iy =  5'
msuc: {\huge Histograma}
msdr: {\it plotted by \ANGEL \version}
msdl: {\it calculated by \PHITS  3.35}
wt: s(0.7)
\vspace{-3}
  xmin  &=&   2.0000E-01 [cm]
  xmax  &=&   3.0000E-01 [cm]
  ymin  &=&  -1.2500E+00 [cm]
  ymax  &=&  -1.1500E+00 [cm]
e:

#------------------------------------------------------------------------------
 newpage:
#   no. =336   ix  = 11   iy  =  6
#   x = (   2.0000E-01  -   3.0000E-01  )
#   y = (  -1.1500E+00  -  -1.0500E+00  )

x: z[cm]
y: Dose [Gy/source]      
p: xlin ylog afac(0.8) form(0.9)
h: n            x            y(proton  ),hh0l n 
#  z-lower      z-upper        proton    r.err 
   9.8380E+01   9.8430E+01   3.6516E-01  0.0118
   9.8430E+01   9.8480E+01   3.6301E-01  0.0127
   9.8480E+01   9.8530E+01   3.5339E-01  0.0145
   9.8530E+01   9.8580E+01   6.1176E-02  0.0226

#   sum over    2.0000E-03   2.8568E-01  0.0116

'no. =336,  ix = 11,  iy =  6'
msuc: {\huge Histograma}
msdr: {\it plotted by \ANGEL \version}
msdl: {\it calculated by \PHITS  3.35}
wt: s(0.7)
\vspace{-3}
  xmin  &=&   2.0000E-01 [cm]
  xmax  &=&   3.0000E-01 [cm]
  ymin  &=&  -1.1500E+00 [cm]
  ymax  &=&  -1.0500E+00 [cm]
e:

#------------------------------------------------------------------------------
 newpage:
#   no. =337   ix  = 11   iy  =  7
#   x = (   2.0000E-01  -   3.0000E-01  )
#   y = (  -1.0500E+00  -  -9.5000E-01  )

x: z[cm]
y: Dose [Gy/source]      
p: xlin ylog afac(0.8) form(0.9)
h: n            x            y(proton  ),hh0l n 
#  z-lower      z-upper        proton    r.err 
   9.8380E+01   9.8430E+01   3.5854E-01  0.0120
   9.8430E+01   9.8480E+01   3.5509E-01  0.0129
   9.8480E+01   9.8530E+01   3.3790E-01  0.0148
   9.8530E+01   9.8580E+01   5.7876E-02  0.0233

#   sum over    2.0000E-03   2.7735E-01  0.0118

'no. =337,  ix = 11,  iy =  7'
msuc: {\huge Histograma}
msdr: {\it plotted by \ANGEL \version}
msdl: {\it calculated by \PHITS  3.35}
wt: s(0.7)
\vspace{-3}
  xmin  &=&   2.0000E-01 [cm]
  xmax  &=&   3.0000E-01 [cm]
  ymin  &=&  -1.0500E+00 [cm]
  ymax  &=&  -9.5000E-01 [cm]
e:

#------------------------------------------------------------------------------
 newpage:
#   no. =338   ix  = 11   iy  =  8
#   x = (   2.0000E-01  -   3.0000E-01  )
#   y = (  -9.5000E-01  -  -8.5000E-01  )

x: z[cm]
y: Dose [Gy/source]      
p: xlin ylog afac(0.8) form(0.9)
h: n            x            y(proton  ),hh0l n 
#  z-lower      z-upper        proton    r.err 
   9.8380E+01   9.8430E+01   3.7040E-01  0.0118
   9.8430E+01   9.8480E+01   3.6339E-01  0.0127
   9.8480E+01   9.8530E+01   3.5164E-01  0.0145
   9.8530E+01   9.8580E+01   6.0019E-02  0.0227

#   sum over    2.0000E-03   2.8636E-01  0.0116

'no. =338,  ix = 11,  iy =  8'
msuc: {\huge Histograma}
msdr: {\it plotted by \ANGEL \version}
msdl: {\it calculated by \PHITS  3.35}
wt: s(0.7)
\vspace{-3}
  xmin  &=&   2.0000E-01 [cm]
  xmax  &=&   3.0000E-01 [cm]
  ymin  &=&  -9.5000E-01 [cm]
  ymax  &=&  -8.5000E-01 [cm]
e:

#------------------------------------------------------------------------------
 newpage:
#   no. =339   ix  = 11   iy  =  9
#   x = (   2.0000E-01  -   3.0000E-01  )
#   y = (  -8.5000E-01  -  -7.5000E-01  )

x: z[cm]
y: Dose [Gy/source]      
p: xlin ylog afac(0.8) form(0.9)
h: n            x            y(proton  ),hh0l n 
#  z-lower      z-upper        proton    r.err 
   9.8380E+01   9.8430E+01   3.6328E-01  0.0119
   9.8430E+01   9.8480E+01   3.6368E-01  0.0127
   9.8480E+01   9.8530E+01   3.4553E-01  0.0146
   9.8530E+01   9.8580E+01   5.9181E-02  0.0230

#   sum over    2.0000E-03   2.8292E-01  0.0117

'no. =339,  ix = 11,  iy =  9'
msuc: {\huge Histograma}
msdr: {\it plotted by \ANGEL \version}
msdl: {\it calculated by \PHITS  3.35}
wt: s(0.7)
\vspace{-3}
  xmin  &=&   2.0000E-01 [cm]
  xmax  &=&   3.0000E-01 [cm]
  ymin  &=&  -8.5000E-01 [cm]
  ymax  &=&  -7.5000E-01 [cm]
e:

#------------------------------------------------------------------------------
 newpage:
#   no. =340   ix  = 11   iy  = 10
#   x = (   2.0000E-01  -   3.0000E-01  )
#   y = (  -7.5000E-01  -  -6.5000E-01  )

x: z[cm]
y: Dose [Gy/source]      
p: xlin ylog afac(0.8) form(0.9)
h: n            x            y(proton  ),hh0l n 
#  z-lower      z-upper        proton    r.err 
   9.8380E+01   9.8430E+01   3.6533E-01  0.0118
   9.8430E+01   9.8480E+01   3.6492E-01  0.0127
   9.8480E+01   9.8530E+01   3.4357E-01  0.0146
   9.8530E+01   9.8580E+01   5.7239E-02  0.0234

#   sum over    2.0000E-03   2.8276E-01  0.0117

'no. =340,  ix = 11,  iy = 10'
msuc: {\huge Histograma}
msdr: {\it plotted by \ANGEL \version}
msdl: {\it calculated by \PHITS  3.35}
wt: s(0.7)
\vspace{-3}
  xmin  &=&   2.0000E-01 [cm]
  xmax  &=&   3.0000E-01 [cm]
  ymin  &=&  -7.5000E-01 [cm]
  ymax  &=&  -6.5000E-01 [cm]
e:

#------------------------------------------------------------------------------
 newpage:
#   no. =341   ix  = 11   iy  = 11
#   x = (   2.0000E-01  -   3.0000E-01  )
#   y = (  -6.5000E-01  -  -5.5000E-01  )

x: z[cm]
y: Dose [Gy/source]      
p: xlin ylog afac(0.8) form(0.9)
h: n            x            y(proton  ),hh0l n 
#  z-lower      z-upper        proton    r.err 
   9.8380E+01   9.8430E+01   3.6807E-01  0.0119
   9.8430E+01   9.8480E+01   3.5470E-01  0.0129
   9.8480E+01   9.8530E+01   3.3775E-01  0.0148
   9.8530E+01   9.8580E+01   5.6462E-02  0.0234

#   sum over    2.0000E-03   2.7924E-01  0.0117

'no. =341,  ix = 11,  iy = 11'
msuc: {\huge Histograma}
msdr: {\it plotted by \ANGEL \version}
msdl: {\it calculated by \PHITS  3.35}
wt: s(0.7)
\vspace{-3}
  xmin  &=&   2.0000E-01 [cm]
  xmax  &=&   3.0000E-01 [cm]
  ymin  &=&  -6.5000E-01 [cm]
  ymax  &=&  -5.5000E-01 [cm]
e:

#------------------------------------------------------------------------------
 newpage:
#   no. =342   ix  = 11   iy  = 12
#   x = (   2.0000E-01  -   3.0000E-01  )
#   y = (  -5.5000E-01  -  -4.5000E-01  )

x: z[cm]
y: Dose [Gy/source]      
p: xlin ylog afac(0.8) form(0.9)
h: n            x            y(proton  ),hh0l n 
#  z-lower      z-upper        proton    r.err 
   9.8380E+01   9.8430E+01   3.5413E-01  0.0120
   9.8430E+01   9.8480E+01   3.5435E-01  0.0129
   9.8480E+01   9.8530E+01   3.4068E-01  0.0148
   9.8530E+01   9.8580E+01   5.6806E-02  0.0235

#   sum over    2.0000E-03   2.7649E-01  0.0118

'no. =342,  ix = 11,  iy = 12'
msuc: {\huge Histograma}
msdr: {\it plotted by \ANGEL \version}
msdl: {\it calculated by \PHITS  3.35}
wt: s(0.7)
\vspace{-3}
  xmin  &=&   2.0000E-01 [cm]
  xmax  &=&   3.0000E-01 [cm]
  ymin  &=&  -5.5000E-01 [cm]
  ymax  &=&  -4.5000E-01 [cm]
e:

#------------------------------------------------------------------------------
 newpage:
#   no. =343   ix  = 11   iy  = 13
#   x = (   2.0000E-01  -   3.0000E-01  )
#   y = (  -4.5000E-01  -  -3.5000E-01  )

x: z[cm]
y: Dose [Gy/source]      
p: xlin ylog afac(0.8) form(0.9)
h: n            x            y(proton  ),hh0l n 
#  z-lower      z-upper        proton    r.err 
   9.8380E+01   9.8430E+01   3.5965E-01  0.0120
   9.8430E+01   9.8480E+01   3.5404E-01  0.0129
   9.8480E+01   9.8530E+01   3.3378E-01  0.0149
   9.8530E+01   9.8580E+01   5.6044E-02  0.0237

#   sum over    2.0000E-03   2.7588E-01  0.0118

'no. =343,  ix = 11,  iy = 13'
msuc: {\huge Histograma}
msdr: {\it plotted by \ANGEL \version}
msdl: {\it calculated by \PHITS  3.35}
wt: s(0.7)
\vspace{-3}
  xmin  &=&   2.0000E-01 [cm]
  xmax  &=&   3.0000E-01 [cm]
  ymin  &=&  -4.5000E-01 [cm]
  ymax  &=&  -3.5000E-01 [cm]
e:

#------------------------------------------------------------------------------
 newpage:
#   no. =344   ix  = 11   iy  = 14
#   x = (   2.0000E-01  -   3.0000E-01  )
#   y = (  -3.5000E-01  -  -2.5000E-01  )

x: z[cm]
y: Dose [Gy/source]      
p: xlin ylog afac(0.8) form(0.9)
h: n            x            y(proton  ),hh0l n 
#  z-lower      z-upper        proton    r.err 
   9.8380E+01   9.8430E+01   3.6077E-01  0.0119
   9.8430E+01   9.8480E+01   3.5883E-01  0.0128
   9.8480E+01   9.8530E+01   3.3618E-01  0.0148
   9.8530E+01   9.8580E+01   5.7776E-02  0.0233

#   sum over    2.0000E-03   2.7839E-01  0.0117

'no. =344,  ix = 11,  iy = 14'
msuc: {\huge Histograma}
msdr: {\it plotted by \ANGEL \version}
msdl: {\it calculated by \PHITS  3.35}
wt: s(0.7)
\vspace{-3}
  xmin  &=&   2.0000E-01 [cm]
  xmax  &=&   3.0000E-01 [cm]
  ymin  &=&  -3.5000E-01 [cm]
  ymax  &=&  -2.5000E-01 [cm]
e:

#------------------------------------------------------------------------------
 newpage:
#   no. =345   ix  = 11   iy  = 15
#   x = (   2.0000E-01  -   3.0000E-01  )
#   y = (  -2.5000E-01  -  -1.5000E-01  )

x: z[cm]
y: Dose [Gy/source]      
p: xlin ylog afac(0.8) form(0.9)
h: n            x            y(proton  ),hh0l n 
#  z-lower      z-upper        proton    r.err 
   9.8380E+01   9.8430E+01   3.5959E-01  0.0120
   9.8430E+01   9.8480E+01   3.5710E-01  0.0129
   9.8480E+01   9.8530E+01   3.3599E-01  0.0149
   9.8530E+01   9.8580E+01   5.6058E-02  0.0236

#   sum over    2.0000E-03   2.7718E-01  0.0118

'no. =345,  ix = 11,  iy = 15'
msuc: {\huge Histograma}
msdr: {\it plotted by \ANGEL \version}
msdl: {\it calculated by \PHITS  3.35}
wt: s(0.7)
\vspace{-3}
  xmin  &=&   2.0000E-01 [cm]
  xmax  &=&   3.0000E-01 [cm]
  ymin  &=&  -2.5000E-01 [cm]
  ymax  &=&  -1.5000E-01 [cm]
e:

#------------------------------------------------------------------------------
 newpage:
#   no. =346   ix  = 11   iy  = 16
#   x = (   2.0000E-01  -   3.0000E-01  )
#   y = (  -1.5000E-01  -  -5.0000E-02  )

x: z[cm]
y: Dose [Gy/source]      
p: xlin ylog afac(0.8) form(0.9)
h: n            x            y(proton  ),hh0l n 
#  z-lower      z-upper        proton    r.err 
   9.8380E+01   9.8430E+01   3.6072E-01  0.0120
   9.8430E+01   9.8480E+01   3.5832E-01  0.0129
   9.8480E+01   9.8530E+01   3.3395E-01  0.0149
   9.8530E+01   9.8580E+01   5.6098E-02  0.0236

#   sum over    2.0000E-03   2.7727E-01  0.0118

'no. =346,  ix = 11,  iy = 16'
msuc: {\huge Histograma}
msdr: {\it plotted by \ANGEL \version}
msdl: {\it calculated by \PHITS  3.35}
wt: s(0.7)
\vspace{-3}
  xmin  &=&   2.0000E-01 [cm]
  xmax  &=&   3.0000E-01 [cm]
  ymin  &=&  -1.5000E-01 [cm]
  ymax  &=&  -5.0000E-02 [cm]
e:

#------------------------------------------------------------------------------
 newpage:
#   no. =347   ix  = 11   iy  = 17
#   x = (   2.0000E-01  -   3.0000E-01  )
#   y = (  -5.0000E-02  -   5.0000E-02  )

x: z[cm]
y: Dose [Gy/source]      
p: xlin ylog afac(0.8) form(0.9)
h: n            x            y(proton  ),hh0l n 
#  z-lower      z-upper        proton    r.err 
   9.8380E+01   9.8430E+01   3.5585E-01  0.0120
   9.8430E+01   9.8480E+01   3.5011E-01  0.0130
   9.8480E+01   9.8530E+01   3.3036E-01  0.0150
   9.8530E+01   9.8580E+01   5.6168E-02  0.0237

#   sum over    2.0000E-03   2.7312E-01  0.0119

'no. =347,  ix = 11,  iy = 17'
msuc: {\huge Histograma}
msdr: {\it plotted by \ANGEL \version}
msdl: {\it calculated by \PHITS  3.35}
wt: s(0.7)
\vspace{-3}
  xmin  &=&   2.0000E-01 [cm]
  xmax  &=&   3.0000E-01 [cm]
  ymin  &=&  -5.0000E-02 [cm]
  ymax  &=&   5.0000E-02 [cm]
e:

#------------------------------------------------------------------------------
 newpage:
#   no. =348   ix  = 11   iy  = 18
#   x = (   2.0000E-01  -   3.0000E-01  )
#   y = (   5.0000E-02  -   1.5000E-01  )

x: z[cm]
y: Dose [Gy/source]      
p: xlin ylog afac(0.8) form(0.9)
h: n            x            y(proton  ),hh0l n 
#  z-lower      z-upper        proton    r.err 
   9.8380E+01   9.8430E+01   3.5961E-01  0.0120
   9.8430E+01   9.8480E+01   3.5653E-01  0.0129
   9.8480E+01   9.8530E+01   3.3739E-01  0.0148
   9.8530E+01   9.8580E+01   5.4241E-02  0.0239

#   sum over    2.0000E-03   2.7694E-01  0.0118

'no. =348,  ix = 11,  iy = 18'
msuc: {\huge Histograma}
msdr: {\it plotted by \ANGEL \version}
msdl: {\it calculated by \PHITS  3.35}
wt: s(0.7)
\vspace{-3}
  xmin  &=&   2.0000E-01 [cm]
  xmax  &=&   3.0000E-01 [cm]
  ymin  &=&   5.0000E-02 [cm]
  ymax  &=&   1.5000E-01 [cm]
e:

#------------------------------------------------------------------------------
 newpage:
#   no. =349   ix  = 11   iy  = 19
#   x = (   2.0000E-01  -   3.0000E-01  )
#   y = (   1.5000E-01  -   2.5000E-01  )

x: z[cm]
y: Dose [Gy/source]      
p: xlin ylog afac(0.8) form(0.9)
h: n            x            y(proton  ),hh0l n 
#  z-lower      z-upper        proton    r.err 
   9.8380E+01   9.8430E+01   3.5794E-01  0.0120
   9.8430E+01   9.8480E+01   3.5066E-01  0.0130
   9.8480E+01   9.8530E+01   3.3342E-01  0.0149
   9.8530E+01   9.8580E+01   5.6464E-02  0.0236

#   sum over    2.0000E-03   2.7462E-01  0.0118

'no. =349,  ix = 11,  iy = 19'
msuc: {\huge Histograma}
msdr: {\it plotted by \ANGEL \version}
msdl: {\it calculated by \PHITS  3.35}
wt: s(0.7)
\vspace{-3}
  xmin  &=&   2.0000E-01 [cm]
  xmax  &=&   3.0000E-01 [cm]
  ymin  &=&   1.5000E-01 [cm]
  ymax  &=&   2.5000E-01 [cm]
e:

#------------------------------------------------------------------------------
 newpage:
#   no. =350   ix  = 11   iy  = 20
#   x = (   2.0000E-01  -   3.0000E-01  )
#   y = (   2.5000E-01  -   3.5000E-01  )

x: z[cm]
y: Dose [Gy/source]      
p: xlin ylog afac(0.8) form(0.9)
h: n            x            y(proton  ),hh0l n 
#  z-lower      z-upper        proton    r.err 
   9.8380E+01   9.8430E+01   3.6179E-01  0.0120
   9.8430E+01   9.8480E+01   3.5595E-01  0.0128
   9.8480E+01   9.8530E+01   3.3776E-01  0.0148
   9.8530E+01   9.8580E+01   5.8593E-02  0.0233

#   sum over    2.0000E-03   2.7852E-01  0.0117

'no. =350,  ix = 11,  iy = 20'
msuc: {\huge Histograma}
msdr: {\it plotted by \ANGEL \version}
msdl: {\it calculated by \PHITS  3.35}
wt: s(0.7)
\vspace{-3}
  xmin  &=&   2.0000E-01 [cm]
  xmax  &=&   3.0000E-01 [cm]
  ymin  &=&   2.5000E-01 [cm]
  ymax  &=&   3.5000E-01 [cm]
e:

#------------------------------------------------------------------------------
 newpage:
#   no. =351   ix  = 11   iy  = 21
#   x = (   2.0000E-01  -   3.0000E-01  )
#   y = (   3.5000E-01  -   4.5000E-01  )

x: z[cm]
y: Dose [Gy/source]      
p: xlin ylog afac(0.8) form(0.9)
h: n            x            y(proton  ),hh0l n 
#  z-lower      z-upper        proton    r.err 
   9.8380E+01   9.8430E+01   3.5625E-01  0.0120
   9.8430E+01   9.8480E+01   3.5419E-01  0.0129
   9.8480E+01   9.8530E+01   3.4186E-01  0.0147
   9.8530E+01   9.8580E+01   5.7955E-02  0.0233

#   sum over    2.0000E-03   2.7756E-01  0.0118

'no. =351,  ix = 11,  iy = 21'
msuc: {\huge Histograma}
msdr: {\it plotted by \ANGEL \version}
msdl: {\it calculated by \PHITS  3.35}
wt: s(0.7)
\vspace{-3}
  xmin  &=&   2.0000E-01 [cm]
  xmax  &=&   3.0000E-01 [cm]
  ymin  &=&   3.5000E-01 [cm]
  ymax  &=&   4.5000E-01 [cm]
e:

#------------------------------------------------------------------------------
 newpage:
#   no. =352   ix  = 11   iy  = 22
#   x = (   2.0000E-01  -   3.0000E-01  )
#   y = (   4.5000E-01  -   5.5000E-01  )

x: z[cm]
y: Dose [Gy/source]      
p: xlin ylog afac(0.8) form(0.9)
h: n            x            y(proton  ),hh0l n 
#  z-lower      z-upper        proton    r.err 
   9.8380E+01   9.8430E+01   3.5814E-01  0.0120
   9.8430E+01   9.8480E+01   3.5385E-01  0.0129
   9.8480E+01   9.8530E+01   3.3565E-01  0.0149
   9.8530E+01   9.8580E+01   5.5759E-02  0.0236

#   sum over    2.0000E-03   2.7585E-01  0.0118

'no. =352,  ix = 11,  iy = 22'
msuc: {\huge Histograma}
msdr: {\it plotted by \ANGEL \version}
msdl: {\it calculated by \PHITS  3.35}
wt: s(0.7)
\vspace{-3}
  xmin  &=&   2.0000E-01 [cm]
  xmax  &=&   3.0000E-01 [cm]
  ymin  &=&   4.5000E-01 [cm]
  ymax  &=&   5.5000E-01 [cm]
e:

#------------------------------------------------------------------------------
 newpage:
#   no. =353   ix  = 11   iy  = 23
#   x = (   2.0000E-01  -   3.0000E-01  )
#   y = (   5.5000E-01  -   6.5000E-01  )

x: z[cm]
y: Dose [Gy/source]      
p: xlin ylog afac(0.8) form(0.9)
h: n            x            y(proton  ),hh0l n 
#  z-lower      z-upper        proton    r.err 
   9.8380E+01   9.8430E+01   3.6135E-01  0.0120
   9.8430E+01   9.8480E+01   3.5421E-01  0.0129
   9.8480E+01   9.8530E+01   3.3532E-01  0.0149
   9.8530E+01   9.8580E+01   5.7405E-02  0.0235

#   sum over    2.0000E-03   2.7707E-01  0.0118

'no. =353,  ix = 11,  iy = 23'
msuc: {\huge Histograma}
msdr: {\it plotted by \ANGEL \version}
msdl: {\it calculated by \PHITS  3.35}
wt: s(0.7)
\vspace{-3}
  xmin  &=&   2.0000E-01 [cm]
  xmax  &=&   3.0000E-01 [cm]
  ymin  &=&   5.5000E-01 [cm]
  ymax  &=&   6.5000E-01 [cm]
e:

#------------------------------------------------------------------------------
 newpage:
#   no. =354   ix  = 11   iy  = 24
#   x = (   2.0000E-01  -   3.0000E-01  )
#   y = (   6.5000E-01  -   7.5000E-01  )

x: z[cm]
y: Dose [Gy/source]      
p: xlin ylog afac(0.8) form(0.9)
h: n            x            y(proton  ),hh0l n 
#  z-lower      z-upper        proton    r.err 
   9.8380E+01   9.8430E+01   3.5674E-01  0.0120
   9.8430E+01   9.8480E+01   3.5031E-01  0.0129
   9.8480E+01   9.8530E+01   3.3342E-01  0.0149
   9.8530E+01   9.8580E+01   5.4350E-02  0.0240

#   sum over    2.0000E-03   2.7370E-01  0.0118

'no. =354,  ix = 11,  iy = 24'
msuc: {\huge Histograma}
msdr: {\it plotted by \ANGEL \version}
msdl: {\it calculated by \PHITS  3.35}
wt: s(0.7)
\vspace{-3}
  xmin  &=&   2.0000E-01 [cm]
  xmax  &=&   3.0000E-01 [cm]
  ymin  &=&   6.5000E-01 [cm]
  ymax  &=&   7.5000E-01 [cm]
e:

#------------------------------------------------------------------------------
 newpage:
#   no. =355   ix  = 11   iy  = 25
#   x = (   2.0000E-01  -   3.0000E-01  )
#   y = (   7.5000E-01  -   8.5000E-01  )

x: z[cm]
y: Dose [Gy/source]      
p: xlin ylog afac(0.8) form(0.9)
h: n            x            y(proton  ),hh0l n 
#  z-lower      z-upper        proton    r.err 
   9.8380E+01   9.8430E+01   3.6633E-01  0.0119
   9.8430E+01   9.8480E+01   3.6082E-01  0.0128
   9.8480E+01   9.8530E+01   3.4279E-01  0.0147
   9.8530E+01   9.8580E+01   5.8448E-02  0.0231

#   sum over    2.0000E-03   2.8210E-01  0.0117

'no. =355,  ix = 11,  iy = 25'
msuc: {\huge Histograma}
msdr: {\it plotted by \ANGEL \version}
msdl: {\it calculated by \PHITS  3.35}
wt: s(0.7)
\vspace{-3}
  xmin  &=&   2.0000E-01 [cm]
  xmax  &=&   3.0000E-01 [cm]
  ymin  &=&   7.5000E-01 [cm]
  ymax  &=&   8.5000E-01 [cm]
e:

#------------------------------------------------------------------------------
 newpage:
#   no. =356   ix  = 11   iy  = 26
#   x = (   2.0000E-01  -   3.0000E-01  )
#   y = (   8.5000E-01  -   9.5000E-01  )

x: z[cm]
y: Dose [Gy/source]      
p: xlin ylog afac(0.8) form(0.9)
h: n            x            y(proton  ),hh0l n 
#  z-lower      z-upper        proton    r.err 
   9.8380E+01   9.8430E+01   3.6420E-01  0.0119
   9.8430E+01   9.8480E+01   3.5748E-01  0.0128
   9.8480E+01   9.8530E+01   3.4310E-01  0.0147
   9.8530E+01   9.8580E+01   5.8183E-02  0.0232

#   sum over    2.0000E-03   2.8074E-01  0.0117

'no. =356,  ix = 11,  iy = 26'
msuc: {\huge Histograma}
msdr: {\it plotted by \ANGEL \version}
msdl: {\it calculated by \PHITS  3.35}
wt: s(0.7)
\vspace{-3}
  xmin  &=&   2.0000E-01 [cm]
  xmax  &=&   3.0000E-01 [cm]
  ymin  &=&   8.5000E-01 [cm]
  ymax  &=&   9.5000E-01 [cm]
e:

#------------------------------------------------------------------------------
 newpage:
#   no. =357   ix  = 11   iy  = 27
#   x = (   2.0000E-01  -   3.0000E-01  )
#   y = (   9.5000E-01  -   1.0500E+00  )

x: z[cm]
y: Dose [Gy/source]      
p: xlin ylog afac(0.8) form(0.9)
h: n            x            y(proton  ),hh0l n 
#  z-lower      z-upper        proton    r.err 
   9.8380E+01   9.8430E+01   3.6299E-01  0.0119
   9.8430E+01   9.8480E+01   3.6110E-01  0.0128
   9.8480E+01   9.8530E+01   3.4536E-01  0.0146
   9.8530E+01   9.8580E+01   5.9231E-02  0.0230

#   sum over    2.0000E-03   2.8217E-01  0.0117

'no. =357,  ix = 11,  iy = 27'
msuc: {\huge Histograma}
msdr: {\it plotted by \ANGEL \version}
msdl: {\it calculated by \PHITS  3.35}
wt: s(0.7)
\vspace{-3}
  xmin  &=&   2.0000E-01 [cm]
  xmax  &=&   3.0000E-01 [cm]
  ymin  &=&   9.5000E-01 [cm]
  ymax  &=&   1.0500E+00 [cm]
e:

#------------------------------------------------------------------------------
 newpage:
#   no. =358   ix  = 11   iy  = 28
#   x = (   2.0000E-01  -   3.0000E-01  )
#   y = (   1.0500E+00  -   1.1500E+00  )

x: z[cm]
y: Dose [Gy/source]      
p: xlin ylog afac(0.8) form(0.9)
h: n            x            y(proton  ),hh0l n 
#  z-lower      z-upper        proton    r.err 
   9.8380E+01   9.8430E+01   3.6962E-01  0.0118
   9.8430E+01   9.8480E+01   3.6333E-01  0.0127
   9.8480E+01   9.8530E+01   3.4909E-01  0.0146
   9.8530E+01   9.8580E+01   5.7600E-02  0.0233

#   sum over    2.0000E-03   2.8491E-01  0.0116

'no. =358,  ix = 11,  iy = 28'
msuc: {\huge Histograma}
msdr: {\it plotted by \ANGEL \version}
msdl: {\it calculated by \PHITS  3.35}
wt: s(0.7)
\vspace{-3}
  xmin  &=&   2.0000E-01 [cm]
  xmax  &=&   3.0000E-01 [cm]
  ymin  &=&   1.0500E+00 [cm]
  ymax  &=&   1.1500E+00 [cm]
e:

#------------------------------------------------------------------------------
 newpage:
#   no. =359   ix  = 11   iy  = 29
#   x = (   2.0000E-01  -   3.0000E-01  )
#   y = (   1.1500E+00  -   1.2500E+00  )

x: z[cm]
y: Dose [Gy/source]      
p: xlin ylog afac(0.8) form(0.9)
h: n            x            y(proton  ),hh0l n 
#  z-lower      z-upper        proton    r.err 
   9.8380E+01   9.8430E+01   3.7051E-01  0.0118
   9.8430E+01   9.8480E+01   3.6095E-01  0.0128
   9.8480E+01   9.8530E+01   3.4749E-01  0.0146
   9.8530E+01   9.8580E+01   5.7756E-02  0.0232

#   sum over    2.0000E-03   2.8418E-01  0.0116

'no. =359,  ix = 11,  iy = 29'
msuc: {\huge Histograma}
msdr: {\it plotted by \ANGEL \version}
msdl: {\it calculated by \PHITS  3.35}
wt: s(0.7)
\vspace{-3}
  xmin  &=&   2.0000E-01 [cm]
  xmax  &=&   3.0000E-01 [cm]
  ymin  &=&   1.1500E+00 [cm]
  ymax  &=&   1.2500E+00 [cm]
e:

#------------------------------------------------------------------------------
 newpage:
#   no. =360   ix  = 11   iy  = 30
#   x = (   2.0000E-01  -   3.0000E-01  )
#   y = (   1.2500E+00  -   1.3500E+00  )

x: z[cm]
y: Dose [Gy/source]      
p: xlin ylog afac(0.8) form(0.9)
h: n            x            y(proton  ),hh0l n 
#  z-lower      z-upper        proton    r.err 
   9.8380E+01   9.8430E+01   3.7849E-01  0.0116
   9.8430E+01   9.8480E+01   3.7390E-01  0.0125
   9.8480E+01   9.8530E+01   3.5215E-01  0.0145
   9.8530E+01   9.8580E+01   5.8684E-02  0.0232

#   sum over    2.0000E-03   2.9081E-01  0.0115

'no. =360,  ix = 11,  iy = 30'
msuc: {\huge Histograma}
msdr: {\it plotted by \ANGEL \version}
msdl: {\it calculated by \PHITS  3.35}
wt: s(0.7)
\vspace{-3}
  xmin  &=&   2.0000E-01 [cm]
  xmax  &=&   3.0000E-01 [cm]
  ymin  &=&   1.2500E+00 [cm]
  ymax  &=&   1.3500E+00 [cm]
e:

#------------------------------------------------------------------------------
 newpage:
#   no. =361   ix  = 11   iy  = 31
#   x = (   2.0000E-01  -   3.0000E-01  )
#   y = (   1.3500E+00  -   1.4500E+00  )

x: z[cm]
y: Dose [Gy/source]      
p: xlin ylog afac(0.8) form(0.9)
h: n            x            y(proton  ),hh0l n 
#  z-lower      z-upper        proton    r.err 
   9.8380E+01   9.8430E+01   3.7292E-01  0.0117
   9.8430E+01   9.8480E+01   3.7008E-01  0.0126
   9.8480E+01   9.8530E+01   3.5451E-01  0.0145
   9.8530E+01   9.8580E+01   5.9291E-02  0.0230

#   sum over    2.0000E-03   2.8920E-01  0.0115

'no. =361,  ix = 11,  iy = 31'
msuc: {\huge Histograma}
msdr: {\it plotted by \ANGEL \version}
msdl: {\it calculated by \PHITS  3.35}
wt: s(0.7)
\vspace{-3}
  xmin  &=&   2.0000E-01 [cm]
  xmax  &=&   3.0000E-01 [cm]
  ymin  &=&   1.3500E+00 [cm]
  ymax  &=&   1.4500E+00 [cm]
e:

#------------------------------------------------------------------------------
 newpage:
#   no. =362   ix  = 11   iy  = 32
#   x = (   2.0000E-01  -   3.0000E-01  )
#   y = (   1.4500E+00  -   1.5500E+00  )

x: z[cm]
y: Dose [Gy/source]      
p: xlin ylog afac(0.8) form(0.9)
h: n            x            y(proton  ),hh0l n 
#  z-lower      z-upper        proton    r.err 
   9.8380E+01   9.8430E+01   3.6543E-01  0.0118
   9.8430E+01   9.8480E+01   3.6786E-01  0.0126
   9.8480E+01   9.8530E+01   3.5912E-01  0.0144
   9.8530E+01   9.8580E+01   6.2841E-02  0.0224

#   sum over    2.0000E-03   2.8881E-01  0.0116

'no. =362,  ix = 11,  iy = 32'
msuc: {\huge Histograma}
msdr: {\it plotted by \ANGEL \version}
msdl: {\it calculated by \PHITS  3.35}
wt: s(0.7)
\vspace{-3}
  xmin  &=&   2.0000E-01 [cm]
  xmax  &=&   3.0000E-01 [cm]
  ymin  &=&   1.4500E+00 [cm]
  ymax  &=&   1.5500E+00 [cm]
e:

#------------------------------------------------------------------------------
 newpage:
#   no. =363   ix  = 11   iy  = 33
#   x = (   2.0000E-01  -   3.0000E-01  )
#   y = (   1.5500E+00  -   1.6500E+00  )

x: z[cm]
y: Dose [Gy/source]      
p: xlin ylog afac(0.8) form(0.9)
h: n            x            y(proton  ),hh0l n 
#  z-lower      z-upper        proton    r.err 
   9.8380E+01   9.8430E+01   3.7832E-01  0.0117
   9.8430E+01   9.8480E+01   3.7263E-01  0.0126
   9.8480E+01   9.8530E+01   3.5932E-01  0.0144
   9.8530E+01   9.8580E+01   5.3308E-02  0.0237

#   sum over    2.0000E-03   2.9089E-01  0.0115

'no. =363,  ix = 11,  iy = 33'
msuc: {\huge Histograma}
msdr: {\it plotted by \ANGEL \version}
msdl: {\it calculated by \PHITS  3.35}
wt: s(0.7)
\vspace{-3}
  xmin  &=&   2.0000E-01 [cm]
  xmax  &=&   3.0000E-01 [cm]
  ymin  &=&   1.5500E+00 [cm]
  ymax  &=&   1.6500E+00 [cm]
e:

#------------------------------------------------------------------------------
 newpage:
#   no. =364   ix  = 12   iy  =  1
#   x = (   3.0000E-01  -   4.0000E-01  )
#   y = (  -1.6500E+00  -  -1.5500E+00  )

x: z[cm]
y: Dose [Gy/source]      
p: xlin ylog afac(0.8) form(0.9)
h: n            x            y(proton  ),hh0l n 
#  z-lower      z-upper        proton    r.err 
   9.8380E+01   9.8430E+01   0.0000E+00  0.0000
   9.8430E+01   9.8480E+01   0.0000E+00  0.0000
   9.8480E+01   9.8530E+01   0.0000E+00  0.0000
   9.8530E+01   9.8580E+01   0.0000E+00  0.0000

#   sum over    2.0000E-03   0.0000E+00  0.0000

'no. =364,  ix = 12,  iy =  1'
msuc: {\huge Histograma}
msdr: {\it plotted by \ANGEL \version}
msdl: {\it calculated by \PHITS  3.35}
wt: s(0.7)
\vspace{-3}
  xmin  &=&   3.0000E-01 [cm]
  xmax  &=&   4.0000E-01 [cm]
  ymin  &=&  -1.6500E+00 [cm]
  ymax  &=&  -1.5500E+00 [cm]
e:

#------------------------------------------------------------------------------
 newpage:
#   no. =365   ix  = 12   iy  =  2
#   x = (   3.0000E-01  -   4.0000E-01  )
#   y = (  -1.5500E+00  -  -1.4500E+00  )

x: z[cm]
y: Dose [Gy/source]      
p: xlin ylog afac(0.8) form(0.9)
h: n            x            y(proton  ),hh0l n 
#  z-lower      z-upper        proton    r.err 
   9.8380E+01   9.8430E+01   0.0000E+00  0.0000
   9.8430E+01   9.8480E+01   0.0000E+00  0.0000
   9.8480E+01   9.8530E+01   0.0000E+00  0.0000
   9.8530E+01   9.8580E+01   0.0000E+00  0.0000

#   sum over    2.0000E-03   0.0000E+00  0.0000

'no. =365,  ix = 12,  iy =  2'
msuc: {\huge Histograma}
msdr: {\it plotted by \ANGEL \version}
msdl: {\it calculated by \PHITS  3.35}
wt: s(0.7)
\vspace{-3}
  xmin  &=&   3.0000E-01 [cm]
  xmax  &=&   4.0000E-01 [cm]
  ymin  &=&  -1.5500E+00 [cm]
  ymax  &=&  -1.4500E+00 [cm]
e:

#------------------------------------------------------------------------------
 newpage:
#   no. =366   ix  = 12   iy  =  3
#   x = (   3.0000E-01  -   4.0000E-01  )
#   y = (  -1.4500E+00  -  -1.3500E+00  )

x: z[cm]
y: Dose [Gy/source]      
p: xlin ylog afac(0.8) form(0.9)
h: n            x            y(proton  ),hh0l n 
#  z-lower      z-upper        proton    r.err 
   9.8380E+01   9.8430E+01   0.0000E+00  0.0000
   9.8430E+01   9.8480E+01   0.0000E+00  0.0000
   9.8480E+01   9.8530E+01   0.0000E+00  0.0000
   9.8530E+01   9.8580E+01   0.0000E+00  0.0000

#   sum over    2.0000E-03   0.0000E+00  0.0000

'no. =366,  ix = 12,  iy =  3'
msuc: {\huge Histograma}
msdr: {\it plotted by \ANGEL \version}
msdl: {\it calculated by \PHITS  3.35}
wt: s(0.7)
\vspace{-3}
  xmin  &=&   3.0000E-01 [cm]
  xmax  &=&   4.0000E-01 [cm]
  ymin  &=&  -1.4500E+00 [cm]
  ymax  &=&  -1.3500E+00 [cm]
e:

#------------------------------------------------------------------------------
 newpage:
#   no. =367   ix  = 12   iy  =  4
#   x = (   3.0000E-01  -   4.0000E-01  )
#   y = (  -1.3500E+00  -  -1.2500E+00  )

x: z[cm]
y: Dose [Gy/source]      
p: xlin ylog afac(0.8) form(0.9)
h: n            x            y(proton  ),hh0l n 
#  z-lower      z-upper        proton    r.err 
   9.8380E+01   9.8430E+01   2.5956E-01  0.0141
   9.8430E+01   9.8480E+01   2.5808E-01  0.0151
   9.8480E+01   9.8530E+01   2.5142E-01  0.0172
   9.8530E+01   9.8580E+01   4.1928E-02  0.0273

#   sum over    2.0000E-03   2.0275E-01  0.0138

'no. =367,  ix = 12,  iy =  4'
msuc: {\huge Histograma}
msdr: {\it plotted by \ANGEL \version}
msdl: {\it calculated by \PHITS  3.35}
wt: s(0.7)
\vspace{-3}
  xmin  &=&   3.0000E-01 [cm]
  xmax  &=&   4.0000E-01 [cm]
  ymin  &=&  -1.3500E+00 [cm]
  ymax  &=&  -1.2500E+00 [cm]
e:

#------------------------------------------------------------------------------
 newpage:
#   no. =368   ix  = 12   iy  =  5
#   x = (   3.0000E-01  -   4.0000E-01  )
#   y = (  -1.2500E+00  -  -1.1500E+00  )

x: z[cm]
y: Dose [Gy/source]      
p: xlin ylog afac(0.8) form(0.9)
h: n            x            y(proton  ),hh0l n 
#  z-lower      z-upper        proton    r.err 
   9.8380E+01   9.8430E+01   3.6958E-01  0.0118
   9.8430E+01   9.8480E+01   3.6431E-01  0.0127
   9.8480E+01   9.8530E+01   3.5042E-01  0.0146
   9.8530E+01   9.8580E+01   5.9352E-02  0.0229

#   sum over    2.0000E-03   2.8592E-01  0.0116

'no. =368,  ix = 12,  iy =  5'
msuc: {\huge Histograma}
msdr: {\it plotted by \ANGEL \version}
msdl: {\it calculated by \PHITS  3.35}
wt: s(0.7)
\vspace{-3}
  xmin  &=&   3.0000E-01 [cm]
  xmax  &=&   4.0000E-01 [cm]
  ymin  &=&  -1.2500E+00 [cm]
  ymax  &=&  -1.1500E+00 [cm]
e:

#------------------------------------------------------------------------------
 newpage:
#   no. =369   ix  = 12   iy  =  6
#   x = (   3.0000E-01  -   4.0000E-01  )
#   y = (  -1.1500E+00  -  -1.0500E+00  )

x: z[cm]
y: Dose [Gy/source]      
p: xlin ylog afac(0.8) form(0.9)
h: n            x            y(proton  ),hh0l n 
#  z-lower      z-upper        proton    r.err 
   9.8380E+01   9.8430E+01   3.6558E-01  0.0119
   9.8430E+01   9.8480E+01   3.5960E-01  0.0128
   9.8480E+01   9.8530E+01   3.3738E-01  0.0148
   9.8530E+01   9.8580E+01   5.9361E-02  0.0230

#   sum over    2.0000E-03   2.8048E-01  0.0117

'no. =369,  ix = 12,  iy =  6'
msuc: {\huge Histograma}
msdr: {\it plotted by \ANGEL \version}
msdl: {\it calculated by \PHITS  3.35}
wt: s(0.7)
\vspace{-3}
  xmin  &=&   3.0000E-01 [cm]
  xmax  &=&   4.0000E-01 [cm]
  ymin  &=&  -1.1500E+00 [cm]
  ymax  &=&  -1.0500E+00 [cm]
e:

#------------------------------------------------------------------------------
 newpage:
#   no. =370   ix  = 12   iy  =  7
#   x = (   3.0000E-01  -   4.0000E-01  )
#   y = (  -1.0500E+00  -  -9.5000E-01  )

x: z[cm]
y: Dose [Gy/source]      
p: xlin ylog afac(0.8) form(0.9)
h: n            x            y(proton  ),hh0l n 
#  z-lower      z-upper        proton    r.err 
   9.8380E+01   9.8430E+01   3.6740E-01  0.0118
   9.8430E+01   9.8480E+01   3.6406E-01  0.0127
   9.8480E+01   9.8530E+01   3.4553E-01  0.0147
   9.8530E+01   9.8580E+01   5.7738E-02  0.0232

#   sum over    2.0000E-03   2.8368E-01  0.0116

'no. =370,  ix = 12,  iy =  7'
msuc: {\huge Histograma}
msdr: {\it plotted by \ANGEL \version}
msdl: {\it calculated by \PHITS  3.35}
wt: s(0.7)
\vspace{-3}
  xmin  &=&   3.0000E-01 [cm]
  xmax  &=&   4.0000E-01 [cm]
  ymin  &=&  -1.0500E+00 [cm]
  ymax  &=&  -9.5000E-01 [cm]
e:

#------------------------------------------------------------------------------
 newpage:
#   no. =371   ix  = 12   iy  =  8
#   x = (   3.0000E-01  -   4.0000E-01  )
#   y = (  -9.5000E-01  -  -8.5000E-01  )

x: z[cm]
y: Dose [Gy/source]      
p: xlin ylog afac(0.8) form(0.9)
h: n            x            y(proton  ),hh0l n 
#  z-lower      z-upper        proton    r.err 
   9.8380E+01   9.8430E+01   3.6113E-01  0.0119
   9.8430E+01   9.8480E+01   3.6085E-01  0.0127
   9.8480E+01   9.8530E+01   3.5086E-01  0.0146
   9.8530E+01   9.8580E+01   5.7609E-02  0.0233

#   sum over    2.0000E-03   2.8262E-01  0.0117

'no. =371,  ix = 12,  iy =  8'
msuc: {\huge Histograma}
msdr: {\it plotted by \ANGEL \version}
msdl: {\it calculated by \PHITS  3.35}
wt: s(0.7)
\vspace{-3}
  xmin  &=&   3.0000E-01 [cm]
  xmax  &=&   4.0000E-01 [cm]
  ymin  &=&  -9.5000E-01 [cm]
  ymax  &=&  -8.5000E-01 [cm]
e:

#------------------------------------------------------------------------------
 newpage:
#   no. =372   ix  = 12   iy  =  9
#   x = (   3.0000E-01  -   4.0000E-01  )
#   y = (  -8.5000E-01  -  -7.5000E-01  )

x: z[cm]
y: Dose [Gy/source]      
p: xlin ylog afac(0.8) form(0.9)
h: n            x            y(proton  ),hh0l n 
#  z-lower      z-upper        proton    r.err 
   9.8380E+01   9.8430E+01   3.6909E-01  0.0118
   9.8430E+01   9.8480E+01   3.6776E-01  0.0126
   9.8480E+01   9.8530E+01   3.5221E-01  0.0145
   9.8530E+01   9.8580E+01   5.9043E-02  0.0229

#   sum over    2.0000E-03   2.8703E-01  0.0116

'no. =372,  ix = 12,  iy =  9'
msuc: {\huge Histograma}
msdr: {\it plotted by \ANGEL \version}
msdl: {\it calculated by \PHITS  3.35}
wt: s(0.7)
\vspace{-3}
  xmin  &=&   3.0000E-01 [cm]
  xmax  &=&   4.0000E-01 [cm]
  ymin  &=&  -8.5000E-01 [cm]
  ymax  &=&  -7.5000E-01 [cm]
e:

#------------------------------------------------------------------------------
 newpage:
#   no. =373   ix  = 12   iy  = 10
#   x = (   3.0000E-01  -   4.0000E-01  )
#   y = (  -7.5000E-01  -  -6.5000E-01  )

x: z[cm]
y: Dose [Gy/source]      
p: xlin ylog afac(0.8) form(0.9)
h: n            x            y(proton  ),hh0l n 
#  z-lower      z-upper        proton    r.err 
   9.8380E+01   9.8430E+01   3.6739E-01  0.0118
   9.8430E+01   9.8480E+01   3.6092E-01  0.0128
   9.8480E+01   9.8530E+01   3.3892E-01  0.0148
   9.8530E+01   9.8580E+01   5.8083E-02  0.0231

#   sum over    2.0000E-03   2.8133E-01  0.0117

'no. =373,  ix = 12,  iy = 10'
msuc: {\huge Histograma}
msdr: {\it plotted by \ANGEL \version}
msdl: {\it calculated by \PHITS  3.35}
wt: s(0.7)
\vspace{-3}
  xmin  &=&   3.0000E-01 [cm]
  xmax  &=&   4.0000E-01 [cm]
  ymin  &=&  -7.5000E-01 [cm]
  ymax  &=&  -6.5000E-01 [cm]
e:

#------------------------------------------------------------------------------
 newpage:
#   no. =374   ix  = 12   iy  = 11
#   x = (   3.0000E-01  -   4.0000E-01  )
#   y = (  -6.5000E-01  -  -5.5000E-01  )

x: z[cm]
y: Dose [Gy/source]      
p: xlin ylog afac(0.8) form(0.9)
h: n            x            y(proton  ),hh0l n 
#  z-lower      z-upper        proton    r.err 
   9.8380E+01   9.8430E+01   3.6523E-01  0.0119
   9.8430E+01   9.8480E+01   3.5891E-01  0.0128
   9.8480E+01   9.8530E+01   3.4144E-01  0.0147
   9.8530E+01   9.8580E+01   5.6562E-02  0.0234

#   sum over    2.0000E-03   2.8053E-01  0.0117

'no. =374,  ix = 12,  iy = 11'
msuc: {\huge Histograma}
msdr: {\it plotted by \ANGEL \version}
msdl: {\it calculated by \PHITS  3.35}
wt: s(0.7)
\vspace{-3}
  xmin  &=&   3.0000E-01 [cm]
  xmax  &=&   4.0000E-01 [cm]
  ymin  &=&  -6.5000E-01 [cm]
  ymax  &=&  -5.5000E-01 [cm]
e:

#------------------------------------------------------------------------------
 newpage:
#   no. =375   ix  = 12   iy  = 12
#   x = (   3.0000E-01  -   4.0000E-01  )
#   y = (  -5.5000E-01  -  -4.5000E-01  )

x: z[cm]
y: Dose [Gy/source]      
p: xlin ylog afac(0.8) form(0.9)
h: n            x            y(proton  ),hh0l n 
#  z-lower      z-upper        proton    r.err 
   9.8380E+01   9.8430E+01   3.5840E-01  0.0120
   9.8430E+01   9.8480E+01   3.5129E-01  0.0129
   9.8480E+01   9.8530E+01   3.3321E-01  0.0149
   9.8530E+01   9.8580E+01   5.7621E-02  0.0233

#   sum over    2.0000E-03   2.7513E-01  0.0118

'no. =375,  ix = 12,  iy = 12'
msuc: {\huge Histograma}
msdr: {\it plotted by \ANGEL \version}
msdl: {\it calculated by \PHITS  3.35}
wt: s(0.7)
\vspace{-3}
  xmin  &=&   3.0000E-01 [cm]
  xmax  &=&   4.0000E-01 [cm]
  ymin  &=&  -5.5000E-01 [cm]
  ymax  &=&  -4.5000E-01 [cm]
e:

#------------------------------------------------------------------------------
 newpage:
#   no. =376   ix  = 12   iy  = 13
#   x = (   3.0000E-01  -   4.0000E-01  )
#   y = (  -4.5000E-01  -  -3.5000E-01  )

x: z[cm]
y: Dose [Gy/source]      
p: xlin ylog afac(0.8) form(0.9)
h: n            x            y(proton  ),hh0l n 
#  z-lower      z-upper        proton    r.err 
   9.8380E+01   9.8430E+01   3.6657E-01  0.0119
   9.8430E+01   9.8480E+01   3.5817E-01  0.0128
   9.8480E+01   9.8530E+01   3.3562E-01  0.0149
   9.8530E+01   9.8580E+01   5.7177E-02  0.0234

#   sum over    2.0000E-03   2.7939E-01  0.0117

'no. =376,  ix = 12,  iy = 13'
msuc: {\huge Histograma}
msdr: {\it plotted by \ANGEL \version}
msdl: {\it calculated by \PHITS  3.35}
wt: s(0.7)
\vspace{-3}
  xmin  &=&   3.0000E-01 [cm]
  xmax  &=&   4.0000E-01 [cm]
  ymin  &=&  -4.5000E-01 [cm]
  ymax  &=&  -3.5000E-01 [cm]
e:

#------------------------------------------------------------------------------
 newpage:
#   no. =377   ix  = 12   iy  = 14
#   x = (   3.0000E-01  -   4.0000E-01  )
#   y = (  -3.5000E-01  -  -2.5000E-01  )

x: z[cm]
y: Dose [Gy/source]      
p: xlin ylog afac(0.8) form(0.9)
h: n            x            y(proton  ),hh0l n 
#  z-lower      z-upper        proton    r.err 
   9.8380E+01   9.8430E+01   3.6432E-01  0.0119
   9.8430E+01   9.8480E+01   3.6101E-01  0.0128
   9.8480E+01   9.8530E+01   3.4355E-01  0.0147
   9.8530E+01   9.8580E+01   5.8541E-02  0.0233

#   sum over    2.0000E-03   2.8185E-01  0.0117

'no. =377,  ix = 12,  iy = 14'
msuc: {\huge Histograma}
msdr: {\it plotted by \ANGEL \version}
msdl: {\it calculated by \PHITS  3.35}
wt: s(0.7)
\vspace{-3}
  xmin  &=&   3.0000E-01 [cm]
  xmax  &=&   4.0000E-01 [cm]
  ymin  &=&  -3.5000E-01 [cm]
  ymax  &=&  -2.5000E-01 [cm]
e:

#------------------------------------------------------------------------------
 newpage:
#   no. =378   ix  = 12   iy  = 15
#   x = (   3.0000E-01  -   4.0000E-01  )
#   y = (  -2.5000E-01  -  -1.5000E-01  )

x: z[cm]
y: Dose [Gy/source]      
p: xlin ylog afac(0.8) form(0.9)
h: n            x            y(proton  ),hh0l n 
#  z-lower      z-upper        proton    r.err 
   9.8380E+01   9.8430E+01   3.5665E-01  0.0120
   9.8430E+01   9.8480E+01   3.5048E-01  0.0130
   9.8480E+01   9.8530E+01   3.3393E-01  0.0149
   9.8530E+01   9.8580E+01   5.5989E-02  0.0237

#   sum over    2.0000E-03   2.7426E-01  0.0118

'no. =378,  ix = 12,  iy = 15'
msuc: {\huge Histograma}
msdr: {\it plotted by \ANGEL \version}
msdl: {\it calculated by \PHITS  3.35}
wt: s(0.7)
\vspace{-3}
  xmin  &=&   3.0000E-01 [cm]
  xmax  &=&   4.0000E-01 [cm]
  ymin  &=&  -2.5000E-01 [cm]
  ymax  &=&  -1.5000E-01 [cm]
e:

#------------------------------------------------------------------------------
 newpage:
#   no. =379   ix  = 12   iy  = 16
#   x = (   3.0000E-01  -   4.0000E-01  )
#   y = (  -1.5000E-01  -  -5.0000E-02  )

x: z[cm]
y: Dose [Gy/source]      
p: xlin ylog afac(0.8) form(0.9)
h: n            x            y(proton  ),hh0l n 
#  z-lower      z-upper        proton    r.err 
   9.8380E+01   9.8430E+01   3.5461E-01  0.0120
   9.8430E+01   9.8480E+01   3.5094E-01  0.0130
   9.8480E+01   9.8530E+01   3.2449E-01  0.0151
   9.8530E+01   9.8580E+01   5.5815E-02  0.0238

#   sum over    2.0000E-03   2.7146E-01  0.0119

'no. =379,  ix = 12,  iy = 16'
msuc: {\huge Histograma}
msdr: {\it plotted by \ANGEL \version}
msdl: {\it calculated by \PHITS  3.35}
wt: s(0.7)
\vspace{-3}
  xmin  &=&   3.0000E-01 [cm]
  xmax  &=&   4.0000E-01 [cm]
  ymin  &=&  -1.5000E-01 [cm]
  ymax  &=&  -5.0000E-02 [cm]
e:

#------------------------------------------------------------------------------
 newpage:
#   no. =380   ix  = 12   iy  = 17
#   x = (   3.0000E-01  -   4.0000E-01  )
#   y = (  -5.0000E-02  -   5.0000E-02  )

x: z[cm]
y: Dose [Gy/source]      
p: xlin ylog afac(0.8) form(0.9)
h: n            x            y(proton  ),hh0l n 
#  z-lower      z-upper        proton    r.err 
   9.8380E+01   9.8430E+01   3.5648E-01  0.0121
   9.8430E+01   9.8480E+01   3.5150E-01  0.0129
   9.8480E+01   9.8530E+01   3.3629E-01  0.0149
   9.8530E+01   9.8580E+01   5.5980E-02  0.0235

#   sum over    2.0000E-03   2.7506E-01  0.0118

'no. =380,  ix = 12,  iy = 17'
msuc: {\huge Histograma}
msdr: {\it plotted by \ANGEL \version}
msdl: {\it calculated by \PHITS  3.35}
wt: s(0.7)
\vspace{-3}
  xmin  &=&   3.0000E-01 [cm]
  xmax  &=&   4.0000E-01 [cm]
  ymin  &=&  -5.0000E-02 [cm]
  ymax  &=&   5.0000E-02 [cm]
e:

#------------------------------------------------------------------------------
 newpage:
#   no. =381   ix  = 12   iy  = 18
#   x = (   3.0000E-01  -   4.0000E-01  )
#   y = (   5.0000E-02  -   1.5000E-01  )

x: z[cm]
y: Dose [Gy/source]      
p: xlin ylog afac(0.8) form(0.9)
h: n            x            y(proton  ),hh0l n 
#  z-lower      z-upper        proton    r.err 
   9.8380E+01   9.8430E+01   3.6112E-01  0.0120
   9.8430E+01   9.8480E+01   3.5596E-01  0.0129
   9.8480E+01   9.8530E+01   3.3580E-01  0.0148
   9.8530E+01   9.8580E+01   5.7477E-02  0.0232

#   sum over    2.0000E-03   2.7759E-01  0.0118

'no. =381,  ix = 12,  iy = 18'
msuc: {\huge Histograma}
msdr: {\it plotted by \ANGEL \version}
msdl: {\it calculated by \PHITS  3.35}
wt: s(0.7)
\vspace{-3}
  xmin  &=&   3.0000E-01 [cm]
  xmax  &=&   4.0000E-01 [cm]
  ymin  &=&   5.0000E-02 [cm]
  ymax  &=&   1.5000E-01 [cm]
e:

#------------------------------------------------------------------------------
 newpage:
#   no. =382   ix  = 12   iy  = 19
#   x = (   3.0000E-01  -   4.0000E-01  )
#   y = (   1.5000E-01  -   2.5000E-01  )

x: z[cm]
y: Dose [Gy/source]      
p: xlin ylog afac(0.8) form(0.9)
h: n            x            y(proton  ),hh0l n 
#  z-lower      z-upper        proton    r.err 
   9.8380E+01   9.8430E+01   3.6346E-01  0.0119
   9.8430E+01   9.8480E+01   3.5494E-01  0.0129
   9.8480E+01   9.8530E+01   3.3973E-01  0.0147
   9.8530E+01   9.8580E+01   5.7329E-02  0.0234

#   sum over    2.0000E-03   2.7886E-01  0.0117

'no. =382,  ix = 12,  iy = 19'
msuc: {\huge Histograma}
msdr: {\it plotted by \ANGEL \version}
msdl: {\it calculated by \PHITS  3.35}
wt: s(0.7)
\vspace{-3}
  xmin  &=&   3.0000E-01 [cm]
  xmax  &=&   4.0000E-01 [cm]
  ymin  &=&   1.5000E-01 [cm]
  ymax  &=&   2.5000E-01 [cm]
e:

#------------------------------------------------------------------------------
 newpage:
#   no. =383   ix  = 12   iy  = 20
#   x = (   3.0000E-01  -   4.0000E-01  )
#   y = (   2.5000E-01  -   3.5000E-01  )

x: z[cm]
y: Dose [Gy/source]      
p: xlin ylog afac(0.8) form(0.9)
h: n            x            y(proton  ),hh0l n 
#  z-lower      z-upper        proton    r.err 
   9.8380E+01   9.8430E+01   3.6336E-01  0.0120
   9.8430E+01   9.8480E+01   3.5339E-01  0.0129
   9.8480E+01   9.8530E+01   3.3204E-01  0.0149
   9.8530E+01   9.8580E+01   5.6795E-02  0.0236

#   sum over    2.0000E-03   2.7640E-01  0.0118

'no. =383,  ix = 12,  iy = 20'
msuc: {\huge Histograma}
msdr: {\it plotted by \ANGEL \version}
msdl: {\it calculated by \PHITS  3.35}
wt: s(0.7)
\vspace{-3}
  xmin  &=&   3.0000E-01 [cm]
  xmax  &=&   4.0000E-01 [cm]
  ymin  &=&   2.5000E-01 [cm]
  ymax  &=&   3.5000E-01 [cm]
e:

#------------------------------------------------------------------------------
 newpage:
#   no. =384   ix  = 12   iy  = 21
#   x = (   3.0000E-01  -   4.0000E-01  )
#   y = (   3.5000E-01  -   4.5000E-01  )

x: z[cm]
y: Dose [Gy/source]      
p: xlin ylog afac(0.8) form(0.9)
h: n            x            y(proton  ),hh0l n 
#  z-lower      z-upper        proton    r.err 
   9.8380E+01   9.8430E+01   3.6380E-01  0.0120
   9.8430E+01   9.8480E+01   3.5793E-01  0.0129
   9.8480E+01   9.8530E+01   3.3835E-01  0.0148
   9.8530E+01   9.8580E+01   5.6588E-02  0.0235

#   sum over    2.0000E-03   2.7917E-01  0.0117

'no. =384,  ix = 12,  iy = 21'
msuc: {\huge Histograma}
msdr: {\it plotted by \ANGEL \version}
msdl: {\it calculated by \PHITS  3.35}
wt: s(0.7)
\vspace{-3}
  xmin  &=&   3.0000E-01 [cm]
  xmax  &=&   4.0000E-01 [cm]
  ymin  &=&   3.5000E-01 [cm]
  ymax  &=&   4.5000E-01 [cm]
e:

#------------------------------------------------------------------------------
 newpage:
#   no. =385   ix  = 12   iy  = 22
#   x = (   3.0000E-01  -   4.0000E-01  )
#   y = (   4.5000E-01  -   5.5000E-01  )

x: z[cm]
y: Dose [Gy/source]      
p: xlin ylog afac(0.8) form(0.9)
h: n            x            y(proton  ),hh0l n 
#  z-lower      z-upper        proton    r.err 
   9.8380E+01   9.8430E+01   3.5104E-01  0.0121
   9.8430E+01   9.8480E+01   3.4440E-01  0.0130
   9.8480E+01   9.8530E+01   3.2727E-01  0.0151
   9.8530E+01   9.8580E+01   5.5063E-02  0.0238

#   sum over    2.0000E-03   2.6944E-01  0.0119

'no. =385,  ix = 12,  iy = 22'
msuc: {\huge Histograma}
msdr: {\it plotted by \ANGEL \version}
msdl: {\it calculated by \PHITS  3.35}
wt: s(0.7)
\vspace{-3}
  xmin  &=&   3.0000E-01 [cm]
  xmax  &=&   4.0000E-01 [cm]
  ymin  &=&   4.5000E-01 [cm]
  ymax  &=&   5.5000E-01 [cm]
e:

#------------------------------------------------------------------------------
 newpage:
#   no. =386   ix  = 12   iy  = 23
#   x = (   3.0000E-01  -   4.0000E-01  )
#   y = (   5.5000E-01  -   6.5000E-01  )

x: z[cm]
y: Dose [Gy/source]      
p: xlin ylog afac(0.8) form(0.9)
h: n            x            y(proton  ),hh0l n 
#  z-lower      z-upper        proton    r.err 
   9.8380E+01   9.8430E+01   3.6353E-01  0.0119
   9.8430E+01   9.8480E+01   3.5630E-01  0.0129
   9.8480E+01   9.8530E+01   3.3642E-01  0.0148
   9.8530E+01   9.8580E+01   5.6238E-02  0.0236

#   sum over    2.0000E-03   2.7812E-01  0.0117

'no. =386,  ix = 12,  iy = 23'
msuc: {\huge Histograma}
msdr: {\it plotted by \ANGEL \version}
msdl: {\it calculated by \PHITS  3.35}
wt: s(0.7)
\vspace{-3}
  xmin  &=&   3.0000E-01 [cm]
  xmax  &=&   4.0000E-01 [cm]
  ymin  &=&   5.5000E-01 [cm]
  ymax  &=&   6.5000E-01 [cm]
e:

#------------------------------------------------------------------------------
 newpage:
#   no. =387   ix  = 12   iy  = 24
#   x = (   3.0000E-01  -   4.0000E-01  )
#   y = (   6.5000E-01  -   7.5000E-01  )

x: z[cm]
y: Dose [Gy/source]      
p: xlin ylog afac(0.8) form(0.9)
h: n            x            y(proton  ),hh0l n 
#  z-lower      z-upper        proton    r.err 
   9.8380E+01   9.8430E+01   3.6117E-01  0.0119
   9.8430E+01   9.8480E+01   3.5543E-01  0.0129
   9.8480E+01   9.8530E+01   3.3474E-01  0.0148
   9.8530E+01   9.8580E+01   5.6914E-02  0.0235

#   sum over    2.0000E-03   2.7706E-01  0.0118

'no. =387,  ix = 12,  iy = 24'
msuc: {\huge Histograma}
msdr: {\it plotted by \ANGEL \version}
msdl: {\it calculated by \PHITS  3.35}
wt: s(0.7)
\vspace{-3}
  xmin  &=&   3.0000E-01 [cm]
  xmax  &=&   4.0000E-01 [cm]
  ymin  &=&   6.5000E-01 [cm]
  ymax  &=&   7.5000E-01 [cm]
e:

#------------------------------------------------------------------------------
 newpage:
#   no. =388   ix  = 12   iy  = 25
#   x = (   3.0000E-01  -   4.0000E-01  )
#   y = (   7.5000E-01  -   8.5000E-01  )

x: z[cm]
y: Dose [Gy/source]      
p: xlin ylog afac(0.8) form(0.9)
h: n            x            y(proton  ),hh0l n 
#  z-lower      z-upper        proton    r.err 
   9.8380E+01   9.8430E+01   3.6298E-01  0.0119
   9.8430E+01   9.8480E+01   3.5546E-01  0.0129
   9.8480E+01   9.8530E+01   3.3943E-01  0.0148
   9.8530E+01   9.8580E+01   5.7775E-02  0.0234

#   sum over    2.0000E-03   2.7891E-01  0.0117

'no. =388,  ix = 12,  iy = 25'
msuc: {\huge Histograma}
msdr: {\it plotted by \ANGEL \version}
msdl: {\it calculated by \PHITS  3.35}
wt: s(0.7)
\vspace{-3}
  xmin  &=&   3.0000E-01 [cm]
  xmax  &=&   4.0000E-01 [cm]
  ymin  &=&   7.5000E-01 [cm]
  ymax  &=&   8.5000E-01 [cm]
e:

#------------------------------------------------------------------------------
 newpage:
#   no. =389   ix  = 12   iy  = 26
#   x = (   3.0000E-01  -   4.0000E-01  )
#   y = (   8.5000E-01  -   9.5000E-01  )

x: z[cm]
y: Dose [Gy/source]      
p: xlin ylog afac(0.8) form(0.9)
h: n            x            y(proton  ),hh0l n 
#  z-lower      z-upper        proton    r.err 
   9.8380E+01   9.8430E+01   3.6337E-01  0.0119
   9.8430E+01   9.8480E+01   3.6322E-01  0.0127
   9.8480E+01   9.8530E+01   3.4715E-01  0.0146
   9.8530E+01   9.8580E+01   5.8807E-02  0.0232

#   sum over    2.0000E-03   2.8314E-01  0.0117

'no. =389,  ix = 12,  iy = 26'
msuc: {\huge Histograma}
msdr: {\it plotted by \ANGEL \version}
msdl: {\it calculated by \PHITS  3.35}
wt: s(0.7)
\vspace{-3}
  xmin  &=&   3.0000E-01 [cm]
  xmax  &=&   4.0000E-01 [cm]
  ymin  &=&   8.5000E-01 [cm]
  ymax  &=&   9.5000E-01 [cm]
e:

#------------------------------------------------------------------------------
 newpage:
#   no. =390   ix  = 12   iy  = 27
#   x = (   3.0000E-01  -   4.0000E-01  )
#   y = (   9.5000E-01  -   1.0500E+00  )

x: z[cm]
y: Dose [Gy/source]      
p: xlin ylog afac(0.8) form(0.9)
h: n            x            y(proton  ),hh0l n 
#  z-lower      z-upper        proton    r.err 
   9.8380E+01   9.8430E+01   3.6803E-01  0.0118
   9.8430E+01   9.8480E+01   3.6297E-01  0.0127
   9.8480E+01   9.8530E+01   3.4716E-01  0.0146
   9.8530E+01   9.8580E+01   5.9274E-02  0.0232

#   sum over    2.0000E-03   2.8436E-01  0.0116

'no. =390,  ix = 12,  iy = 27'
msuc: {\huge Histograma}
msdr: {\it plotted by \ANGEL \version}
msdl: {\it calculated by \PHITS  3.35}
wt: s(0.7)
\vspace{-3}
  xmin  &=&   3.0000E-01 [cm]
  xmax  &=&   4.0000E-01 [cm]
  ymin  &=&   9.5000E-01 [cm]
  ymax  &=&   1.0500E+00 [cm]
e:

#------------------------------------------------------------------------------
 newpage:
#   no. =391   ix  = 12   iy  = 28
#   x = (   3.0000E-01  -   4.0000E-01  )
#   y = (   1.0500E+00  -   1.1500E+00  )

x: z[cm]
y: Dose [Gy/source]      
p: xlin ylog afac(0.8) form(0.9)
h: n            x            y(proton  ),hh0l n 
#  z-lower      z-upper        proton    r.err 
   9.8380E+01   9.8430E+01   3.7131E-01  0.0118
   9.8430E+01   9.8480E+01   3.6815E-01  0.0127
   9.8480E+01   9.8530E+01   3.5148E-01  0.0145
   9.8530E+01   9.8580E+01   5.9582E-02  0.0229

#   sum over    2.0000E-03   2.8763E-01  0.0116

'no. =391,  ix = 12,  iy = 28'
msuc: {\huge Histograma}
msdr: {\it plotted by \ANGEL \version}
msdl: {\it calculated by \PHITS  3.35}
wt: s(0.7)
\vspace{-3}
  xmin  &=&   3.0000E-01 [cm]
  xmax  &=&   4.0000E-01 [cm]
  ymin  &=&   1.0500E+00 [cm]
  ymax  &=&   1.1500E+00 [cm]
e:

#------------------------------------------------------------------------------
 newpage:
#   no. =392   ix  = 12   iy  = 29
#   x = (   3.0000E-01  -   4.0000E-01  )
#   y = (   1.1500E+00  -   1.2500E+00  )

x: z[cm]
y: Dose [Gy/source]      
p: xlin ylog afac(0.8) form(0.9)
h: n            x            y(proton  ),hh0l n 
#  z-lower      z-upper        proton    r.err 
   9.8380E+01   9.8430E+01   3.6873E-01  0.0118
   9.8430E+01   9.8480E+01   3.6918E-01  0.0126
   9.8480E+01   9.8530E+01   3.5483E-01  0.0145
   9.8530E+01   9.8580E+01   6.2383E-02  0.0225

#   sum over    2.0000E-03   2.8878E-01  0.0116

'no. =392,  ix = 12,  iy = 29'
msuc: {\huge Histograma}
msdr: {\it plotted by \ANGEL \version}
msdl: {\it calculated by \PHITS  3.35}
wt: s(0.7)
\vspace{-3}
  xmin  &=&   3.0000E-01 [cm]
  xmax  &=&   4.0000E-01 [cm]
  ymin  &=&   1.1500E+00 [cm]
  ymax  &=&   1.2500E+00 [cm]
e:

#------------------------------------------------------------------------------
 newpage:
#   no. =393   ix  = 12   iy  = 30
#   x = (   3.0000E-01  -   4.0000E-01  )
#   y = (   1.2500E+00  -   1.3500E+00  )

x: z[cm]
y: Dose [Gy/source]      
p: xlin ylog afac(0.8) form(0.9)
h: n            x            y(proton  ),hh0l n 
#  z-lower      z-upper        proton    r.err 
   9.8380E+01   9.8430E+01   3.6521E-01  0.0119
   9.8430E+01   9.8480E+01   3.6186E-01  0.0127
   9.8480E+01   9.8530E+01   3.5582E-01  0.0145
   9.8530E+01   9.8580E+01   6.0214E-02  0.0227

#   sum over    2.0000E-03   2.8578E-01  0.0116

'no. =393,  ix = 12,  iy = 30'
msuc: {\huge Histograma}
msdr: {\it plotted by \ANGEL \version}
msdl: {\it calculated by \PHITS  3.35}
wt: s(0.7)
\vspace{-3}
  xmin  &=&   3.0000E-01 [cm]
  xmax  &=&   4.0000E-01 [cm]
  ymin  &=&   1.2500E+00 [cm]
  ymax  &=&   1.3500E+00 [cm]
e:

#------------------------------------------------------------------------------
 newpage:
#   no. =394   ix  = 12   iy  = 31
#   x = (   3.0000E-01  -   4.0000E-01  )
#   y = (   1.3500E+00  -   1.4500E+00  )

x: z[cm]
y: Dose [Gy/source]      
p: xlin ylog afac(0.8) form(0.9)
h: n            x            y(proton  ),hh0l n 
#  z-lower      z-upper        proton    r.err 
   9.8380E+01   9.8430E+01   3.7195E-01  0.0117
   9.8430E+01   9.8480E+01   3.6979E-01  0.0126
   9.8480E+01   9.8530E+01   3.5708E-01  0.0144
   9.8530E+01   9.8580E+01   5.9522E-02  0.0229

#   sum over    2.0000E-03   2.8959E-01  0.0115

'no. =394,  ix = 12,  iy = 31'
msuc: {\huge Histograma}
msdr: {\it plotted by \ANGEL \version}
msdl: {\it calculated by \PHITS  3.35}
wt: s(0.7)
\vspace{-3}
  xmin  &=&   3.0000E-01 [cm]
  xmax  &=&   4.0000E-01 [cm]
  ymin  &=&   1.3500E+00 [cm]
  ymax  &=&   1.4500E+00 [cm]
e:

#------------------------------------------------------------------------------
 newpage:
#   no. =395   ix  = 12   iy  = 32
#   x = (   3.0000E-01  -   4.0000E-01  )
#   y = (   1.4500E+00  -   1.5500E+00  )

x: z[cm]
y: Dose [Gy/source]      
p: xlin ylog afac(0.8) form(0.9)
h: n            x            y(proton  ),hh0l n 
#  z-lower      z-upper        proton    r.err 
   9.8380E+01   9.8430E+01   3.7621E-01  0.0117
   9.8430E+01   9.8480E+01   3.6877E-01  0.0126
   9.8480E+01   9.8530E+01   3.5395E-01  0.0145
   9.8530E+01   9.8580E+01   5.6976E-02  0.0232

#   sum over    2.0000E-03   2.8898E-01  0.0115

'no. =395,  ix = 12,  iy = 32'
msuc: {\huge Histograma}
msdr: {\it plotted by \ANGEL \version}
msdl: {\it calculated by \PHITS  3.35}
wt: s(0.7)
\vspace{-3}
  xmin  &=&   3.0000E-01 [cm]
  xmax  &=&   4.0000E-01 [cm]
  ymin  &=&   1.4500E+00 [cm]
  ymax  &=&   1.5500E+00 [cm]
e:

#------------------------------------------------------------------------------
 newpage:
#   no. =396   ix  = 12   iy  = 33
#   x = (   3.0000E-01  -   4.0000E-01  )
#   y = (   1.5500E+00  -   1.6500E+00  )

x: z[cm]
y: Dose [Gy/source]      
p: xlin ylog afac(0.8) form(0.9)
h: n            x            y(proton  ),hh0l n 
#  z-lower      z-upper        proton    r.err 
   9.8380E+01   9.8430E+01   3.7247E-01  0.0117
   9.8430E+01   9.8480E+01   3.7329E-01  0.0126
   9.8480E+01   9.8530E+01   3.6011E-01  0.0145
   9.8530E+01   9.8580E+01   5.5859E-02  0.0232

#   sum over    2.0000E-03   2.9043E-01  0.0115

'no. =396,  ix = 12,  iy = 33'
msuc: {\huge Histograma}
msdr: {\it plotted by \ANGEL \version}
msdl: {\it calculated by \PHITS  3.35}
wt: s(0.7)
\vspace{-3}
  xmin  &=&   3.0000E-01 [cm]
  xmax  &=&   4.0000E-01 [cm]
  ymin  &=&   1.5500E+00 [cm]
  ymax  &=&   1.6500E+00 [cm]
e:

#------------------------------------------------------------------------------
 newpage:
#   no. =397   ix  = 13   iy  =  1
#   x = (   4.0000E-01  -   5.0000E-01  )
#   y = (  -1.6500E+00  -  -1.5500E+00  )

x: z[cm]
y: Dose [Gy/source]      
p: xlin ylog afac(0.8) form(0.9)
h: n            x            y(proton  ),hh0l n 
#  z-lower      z-upper        proton    r.err 
   9.8380E+01   9.8430E+01   0.0000E+00  0.0000
   9.8430E+01   9.8480E+01   0.0000E+00  0.0000
   9.8480E+01   9.8530E+01   0.0000E+00  0.0000
   9.8530E+01   9.8580E+01   0.0000E+00  0.0000

#   sum over    2.0000E-03   0.0000E+00  0.0000

'no. =397,  ix = 13,  iy =  1'
msuc: {\huge Histograma}
msdr: {\it plotted by \ANGEL \version}
msdl: {\it calculated by \PHITS  3.35}
wt: s(0.7)
\vspace{-3}
  xmin  &=&   4.0000E-01 [cm]
  xmax  &=&   5.0000E-01 [cm]
  ymin  &=&  -1.6500E+00 [cm]
  ymax  &=&  -1.5500E+00 [cm]
e:

#------------------------------------------------------------------------------
 newpage:
#   no. =398   ix  = 13   iy  =  2
#   x = (   4.0000E-01  -   5.0000E-01  )
#   y = (  -1.5500E+00  -  -1.4500E+00  )

x: z[cm]
y: Dose [Gy/source]      
p: xlin ylog afac(0.8) form(0.9)
h: n            x            y(proton  ),hh0l n 
#  z-lower      z-upper        proton    r.err 
   9.8380E+01   9.8430E+01   0.0000E+00  0.0000
   9.8430E+01   9.8480E+01   0.0000E+00  0.0000
   9.8480E+01   9.8530E+01   0.0000E+00  0.0000
   9.8530E+01   9.8580E+01   4.7268E-05  1.0000

#   sum over    2.0000E-03   1.1817E-05  1.0000

'no. =398,  ix = 13,  iy =  2'
msuc: {\huge Histograma}
msdr: {\it plotted by \ANGEL \version}
msdl: {\it calculated by \PHITS  3.35}
wt: s(0.7)
\vspace{-3}
  xmin  &=&   4.0000E-01 [cm]
  xmax  &=&   5.0000E-01 [cm]
  ymin  &=&  -1.5500E+00 [cm]
  ymax  &=&  -1.4500E+00 [cm]
e:

#------------------------------------------------------------------------------
 newpage:
#   no. =399   ix  = 13   iy  =  3
#   x = (   4.0000E-01  -   5.0000E-01  )
#   y = (  -1.4500E+00  -  -1.3500E+00  )

x: z[cm]
y: Dose [Gy/source]      
p: xlin ylog afac(0.8) form(0.9)
h: n            x            y(proton  ),hh0l n 
#  z-lower      z-upper        proton    r.err 
   9.8380E+01   9.8430E+01   0.0000E+00  0.0000
   9.8430E+01   9.8480E+01   0.0000E+00  0.0000
   9.8480E+01   9.8530E+01   2.5289E-04  0.7435
   9.8530E+01   9.8580E+01   2.2269E-04  0.5871

#   sum over    2.0000E-03   1.1890E-04  0.6501

'no. =399,  ix = 13,  iy =  3'
msuc: {\huge Histograma}
msdr: {\it plotted by \ANGEL \version}
msdl: {\it calculated by \PHITS  3.35}
wt: s(0.7)
\vspace{-3}
  xmin  &=&   4.0000E-01 [cm]
  xmax  &=&   5.0000E-01 [cm]
  ymin  &=&  -1.4500E+00 [cm]
  ymax  &=&  -1.3500E+00 [cm]
e:

#------------------------------------------------------------------------------
 newpage:
#   no. =400   ix  = 13   iy  =  4
#   x = (   4.0000E-01  -   5.0000E-01  )
#   y = (  -1.3500E+00  -  -1.2500E+00  )

x: z[cm]
y: Dose [Gy/source]      
p: xlin ylog afac(0.8) form(0.9)
h: n            x            y(proton  ),hh0l n 
#  z-lower      z-upper        proton    r.err 
   9.8380E+01   9.8430E+01   2.5682E-01  0.0142
   9.8430E+01   9.8480E+01   2.5626E-01  0.0152
   9.8480E+01   9.8530E+01   2.4754E-01  0.0173
   9.8530E+01   9.8580E+01   4.3524E-02  0.0282

#   sum over    2.0000E-03   2.0104E-01  0.0139

'no. =400,  ix = 13,  iy =  4'
msuc: {\huge Histograma}
msdr: {\it plotted by \ANGEL \version}
msdl: {\it calculated by \PHITS  3.35}
wt: s(0.7)
\vspace{-3}
  xmin  &=&   4.0000E-01 [cm]
  xmax  &=&   5.0000E-01 [cm]
  ymin  &=&  -1.3500E+00 [cm]
  ymax  &=&  -1.2500E+00 [cm]
e:

#------------------------------------------------------------------------------
 newpage:
#   no. =401   ix  = 13   iy  =  5
#   x = (   4.0000E-01  -   5.0000E-01  )
#   y = (  -1.2500E+00  -  -1.1500E+00  )

x: z[cm]
y: Dose [Gy/source]      
p: xlin ylog afac(0.8) form(0.9)
h: n            x            y(proton  ),hh0l n 
#  z-lower      z-upper        proton    r.err 
   9.8380E+01   9.8430E+01   3.7232E-01  0.0117
   9.8430E+01   9.8480E+01   3.7038E-01  0.0126
   9.8480E+01   9.8530E+01   3.5666E-01  0.0144
   9.8530E+01   9.8580E+01   6.1660E-02  0.0225

#   sum over    2.0000E-03   2.9025E-01  0.0115

'no. =401,  ix = 13,  iy =  5'
msuc: {\huge Histograma}
msdr: {\it plotted by \ANGEL \version}
msdl: {\it calculated by \PHITS  3.35}
wt: s(0.7)
\vspace{-3}
  xmin  &=&   4.0000E-01 [cm]
  xmax  &=&   5.0000E-01 [cm]
  ymin  &=&  -1.2500E+00 [cm]
  ymax  &=&  -1.1500E+00 [cm]
e:

#------------------------------------------------------------------------------
 newpage:
#   no. =402   ix  = 13   iy  =  6
#   x = (   4.0000E-01  -   5.0000E-01  )
#   y = (  -1.1500E+00  -  -1.0500E+00  )

x: z[cm]
y: Dose [Gy/source]      
p: xlin ylog afac(0.8) form(0.9)
h: n            x            y(proton  ),hh0l n 
#  z-lower      z-upper        proton    r.err 
   9.8380E+01   9.8430E+01   3.6912E-01  0.0118
   9.8430E+01   9.8480E+01   3.6585E-01  0.0127
   9.8480E+01   9.8530E+01   3.5053E-01  0.0146
   9.8530E+01   9.8580E+01   5.7441E-02  0.0232

#   sum over    2.0000E-03   2.8574E-01  0.0116

'no. =402,  ix = 13,  iy =  6'
msuc: {\huge Histograma}
msdr: {\it plotted by \ANGEL \version}
msdl: {\it calculated by \PHITS  3.35}
wt: s(0.7)
\vspace{-3}
  xmin  &=&   4.0000E-01 [cm]
  xmax  &=&   5.0000E-01 [cm]
  ymin  &=&  -1.1500E+00 [cm]
  ymax  &=&  -1.0500E+00 [cm]
e:

#------------------------------------------------------------------------------
 newpage:
#   no. =403   ix  = 13   iy  =  7
#   x = (   4.0000E-01  -   5.0000E-01  )
#   y = (  -1.0500E+00  -  -9.5000E-01  )

x: z[cm]
y: Dose [Gy/source]      
p: xlin ylog afac(0.8) form(0.9)
h: n            x            y(proton  ),hh0l n 
#  z-lower      z-upper        proton    r.err 
   9.8380E+01   9.8430E+01   3.6306E-01  0.0119
   9.8430E+01   9.8480E+01   3.5589E-01  0.0128
   9.8480E+01   9.8530E+01   3.3703E-01  0.0149
   9.8530E+01   9.8580E+01   5.8156E-02  0.0232

#   sum over    2.0000E-03   2.7853E-01  0.0117

'no. =403,  ix = 13,  iy =  7'
msuc: {\huge Histograma}
msdr: {\it plotted by \ANGEL \version}
msdl: {\it calculated by \PHITS  3.35}
wt: s(0.7)
\vspace{-3}
  xmin  &=&   4.0000E-01 [cm]
  xmax  &=&   5.0000E-01 [cm]
  ymin  &=&  -1.0500E+00 [cm]
  ymax  &=&  -9.5000E-01 [cm]
e:

#------------------------------------------------------------------------------
 newpage:
#   no. =404   ix  = 13   iy  =  8
#   x = (   4.0000E-01  -   5.0000E-01  )
#   y = (  -9.5000E-01  -  -8.5000E-01  )

x: z[cm]
y: Dose [Gy/source]      
p: xlin ylog afac(0.8) form(0.9)
h: n            x            y(proton  ),hh0l n 
#  z-lower      z-upper        proton    r.err 
   9.8380E+01   9.8430E+01   3.6177E-01  0.0119
   9.8430E+01   9.8480E+01   3.5859E-01  0.0128
   9.8480E+01   9.8530E+01   3.4957E-01  0.0146
   9.8530E+01   9.8580E+01   5.9301E-02  0.0230

#   sum over    2.0000E-03   2.8231E-01  0.0117

'no. =404,  ix = 13,  iy =  8'
msuc: {\huge Histograma}
msdr: {\it plotted by \ANGEL \version}
msdl: {\it calculated by \PHITS  3.35}
wt: s(0.7)
\vspace{-3}
  xmin  &=&   4.0000E-01 [cm]
  xmax  &=&   5.0000E-01 [cm]
  ymin  &=&  -9.5000E-01 [cm]
  ymax  &=&  -8.5000E-01 [cm]
e:

#------------------------------------------------------------------------------
 newpage:
#   no. =405   ix  = 13   iy  =  9
#   x = (   4.0000E-01  -   5.0000E-01  )
#   y = (  -8.5000E-01  -  -7.5000E-01  )

x: z[cm]
y: Dose [Gy/source]      
p: xlin ylog afac(0.8) form(0.9)
h: n            x            y(proton  ),hh0l n 
#  z-lower      z-upper        proton    r.err 
   9.8380E+01   9.8430E+01   3.6008E-01  0.0120
   9.8430E+01   9.8480E+01   3.5666E-01  0.0128
   9.8480E+01   9.8530E+01   3.3809E-01  0.0148
   9.8530E+01   9.8580E+01   5.6599E-02  0.0236

#   sum over    2.0000E-03   2.7786E-01  0.0118

'no. =405,  ix = 13,  iy =  9'
msuc: {\huge Histograma}
msdr: {\it plotted by \ANGEL \version}
msdl: {\it calculated by \PHITS  3.35}
wt: s(0.7)
\vspace{-3}
  xmin  &=&   4.0000E-01 [cm]
  xmax  &=&   5.0000E-01 [cm]
  ymin  &=&  -8.5000E-01 [cm]
  ymax  &=&  -7.5000E-01 [cm]
e:

#------------------------------------------------------------------------------
 newpage:
#   no. =406   ix  = 13   iy  = 10
#   x = (   4.0000E-01  -   5.0000E-01  )
#   y = (  -7.5000E-01  -  -6.5000E-01  )

x: z[cm]
y: Dose [Gy/source]      
p: xlin ylog afac(0.8) form(0.9)
h: n            x            y(proton  ),hh0l n 
#  z-lower      z-upper        proton    r.err 
   9.8380E+01   9.8430E+01   3.6994E-01  0.0118
   9.8430E+01   9.8480E+01   3.6716E-01  0.0127
   9.8480E+01   9.8530E+01   3.5030E-01  0.0146
   9.8530E+01   9.8580E+01   5.9242E-02  0.0231

#   sum over    2.0000E-03   2.8666E-01  0.0116

'no. =406,  ix = 13,  iy = 10'
msuc: {\huge Histograma}
msdr: {\it plotted by \ANGEL \version}
msdl: {\it calculated by \PHITS  3.35}
wt: s(0.7)
\vspace{-3}
  xmin  &=&   4.0000E-01 [cm]
  xmax  &=&   5.0000E-01 [cm]
  ymin  &=&  -7.5000E-01 [cm]
  ymax  &=&  -6.5000E-01 [cm]
e:

#------------------------------------------------------------------------------
 newpage:
#   no. =407   ix  = 13   iy  = 11
#   x = (   4.0000E-01  -   5.0000E-01  )
#   y = (  -6.5000E-01  -  -5.5000E-01  )

x: z[cm]
y: Dose [Gy/source]      
p: xlin ylog afac(0.8) form(0.9)
h: n            x            y(proton  ),hh0l n 
#  z-lower      z-upper        proton    r.err 
   9.8380E+01   9.8430E+01   3.6799E-01  0.0118
   9.8430E+01   9.8480E+01   3.6247E-01  0.0127
   9.8480E+01   9.8530E+01   3.4428E-01  0.0147
   9.8530E+01   9.8580E+01   5.9954E-02  0.0229

#   sum over    2.0000E-03   2.8368E-01  0.0116

'no. =407,  ix = 13,  iy = 11'
msuc: {\huge Histograma}
msdr: {\it plotted by \ANGEL \version}
msdl: {\it calculated by \PHITS  3.35}
wt: s(0.7)
\vspace{-3}
  xmin  &=&   4.0000E-01 [cm]
  xmax  &=&   5.0000E-01 [cm]
  ymin  &=&  -6.5000E-01 [cm]
  ymax  &=&  -5.5000E-01 [cm]
e:

#------------------------------------------------------------------------------
 newpage:
#   no. =408   ix  = 13   iy  = 12
#   x = (   4.0000E-01  -   5.0000E-01  )
#   y = (  -5.5000E-01  -  -4.5000E-01  )

x: z[cm]
y: Dose [Gy/source]      
p: xlin ylog afac(0.8) form(0.9)
h: n            x            y(proton  ),hh0l n 
#  z-lower      z-upper        proton    r.err 
   9.8380E+01   9.8430E+01   3.5734E-01  0.0120
   9.8430E+01   9.8480E+01   3.5073E-01  0.0129
   9.8480E+01   9.8530E+01   3.3353E-01  0.0149
   9.8530E+01   9.8580E+01   5.7797E-02  0.0233

#   sum over    2.0000E-03   2.7485E-01  0.0118

'no. =408,  ix = 13,  iy = 12'
msuc: {\huge Histograma}
msdr: {\it plotted by \ANGEL \version}
msdl: {\it calculated by \PHITS  3.35}
wt: s(0.7)
\vspace{-3}
  xmin  &=&   4.0000E-01 [cm]
  xmax  &=&   5.0000E-01 [cm]
  ymin  &=&  -5.5000E-01 [cm]
  ymax  &=&  -4.5000E-01 [cm]
e:

#------------------------------------------------------------------------------
 newpage:
#   no. =409   ix  = 13   iy  = 13
#   x = (   4.0000E-01  -   5.0000E-01  )
#   y = (  -4.5000E-01  -  -3.5000E-01  )

x: z[cm]
y: Dose [Gy/source]      
p: xlin ylog afac(0.8) form(0.9)
h: n            x            y(proton  ),hh0l n 
#  z-lower      z-upper        proton    r.err 
   9.8380E+01   9.8430E+01   3.5920E-01  0.0120
   9.8430E+01   9.8480E+01   3.5176E-01  0.0129
   9.8480E+01   9.8530E+01   3.3533E-01  0.0148
   9.8530E+01   9.8580E+01   5.8456E-02  0.0231

#   sum over    2.0000E-03   2.7619E-01  0.0118

'no. =409,  ix = 13,  iy = 13'
msuc: {\huge Histograma}
msdr: {\it plotted by \ANGEL \version}
msdl: {\it calculated by \PHITS  3.35}
wt: s(0.7)
\vspace{-3}
  xmin  &=&   4.0000E-01 [cm]
  xmax  &=&   5.0000E-01 [cm]
  ymin  &=&  -4.5000E-01 [cm]
  ymax  &=&  -3.5000E-01 [cm]
e:

#------------------------------------------------------------------------------
 newpage:
#   no. =410   ix  = 13   iy  = 14
#   x = (   4.0000E-01  -   5.0000E-01  )
#   y = (  -3.5000E-01  -  -2.5000E-01  )

x: z[cm]
y: Dose [Gy/source]      
p: xlin ylog afac(0.8) form(0.9)
h: n            x            y(proton  ),hh0l n 
#  z-lower      z-upper        proton    r.err 
   9.8380E+01   9.8430E+01   3.6322E-01  0.0119
   9.8430E+01   9.8480E+01   3.5825E-01  0.0128
   9.8480E+01   9.8530E+01   3.3672E-01  0.0148
   9.8530E+01   9.8580E+01   5.4813E-02  0.0239

#   sum over    2.0000E-03   2.7825E-01  0.0117

'no. =410,  ix = 13,  iy = 14'
msuc: {\huge Histograma}
msdr: {\it plotted by \ANGEL \version}
msdl: {\it calculated by \PHITS  3.35}
wt: s(0.7)
\vspace{-3}
  xmin  &=&   4.0000E-01 [cm]
  xmax  &=&   5.0000E-01 [cm]
  ymin  &=&  -3.5000E-01 [cm]
  ymax  &=&  -2.5000E-01 [cm]
e:

#------------------------------------------------------------------------------
 newpage:
#   no. =411   ix  = 13   iy  = 15
#   x = (   4.0000E-01  -   5.0000E-01  )
#   y = (  -2.5000E-01  -  -1.5000E-01  )

x: z[cm]
y: Dose [Gy/source]      
p: xlin ylog afac(0.8) form(0.9)
h: n            x            y(proton  ),hh0l n 
#  z-lower      z-upper        proton    r.err 
   9.8380E+01   9.8430E+01   3.5739E-01  0.0120
   9.8430E+01   9.8480E+01   3.5554E-01  0.0129
   9.8480E+01   9.8530E+01   3.3529E-01  0.0148
   9.8530E+01   9.8580E+01   5.8246E-02  0.0233

#   sum over    2.0000E-03   2.7662E-01  0.0118

'no. =411,  ix = 13,  iy = 15'
msuc: {\huge Histograma}
msdr: {\it plotted by \ANGEL \version}
msdl: {\it calculated by \PHITS  3.35}
wt: s(0.7)
\vspace{-3}
  xmin  &=&   4.0000E-01 [cm]
  xmax  &=&   5.0000E-01 [cm]
  ymin  &=&  -2.5000E-01 [cm]
  ymax  &=&  -1.5000E-01 [cm]
e:

#------------------------------------------------------------------------------
 newpage:
#   no. =412   ix  = 13   iy  = 16
#   x = (   4.0000E-01  -   5.0000E-01  )
#   y = (  -1.5000E-01  -  -5.0000E-02  )

x: z[cm]
y: Dose [Gy/source]      
p: xlin ylog afac(0.8) form(0.9)
h: n            x            y(proton  ),hh0l n 
#  z-lower      z-upper        proton    r.err 
   9.8380E+01   9.8430E+01   3.6077E-01  0.0120
   9.8430E+01   9.8480E+01   3.5120E-01  0.0129
   9.8480E+01   9.8530E+01   3.3718E-01  0.0148
   9.8530E+01   9.8580E+01   5.7899E-02  0.0233

#   sum over    2.0000E-03   2.7676E-01  0.0118

'no. =412,  ix = 13,  iy = 16'
msuc: {\huge Histograma}
msdr: {\it plotted by \ANGEL \version}
msdl: {\it calculated by \PHITS  3.35}
wt: s(0.7)
\vspace{-3}
  xmin  &=&   4.0000E-01 [cm]
  xmax  &=&   5.0000E-01 [cm]
  ymin  &=&  -1.5000E-01 [cm]
  ymax  &=&  -5.0000E-02 [cm]
e:

#------------------------------------------------------------------------------
 newpage:
#   no. =413   ix  = 13   iy  = 17
#   x = (   4.0000E-01  -   5.0000E-01  )
#   y = (  -5.0000E-02  -   5.0000E-02  )

x: z[cm]
y: Dose [Gy/source]      
p: xlin ylog afac(0.8) form(0.9)
h: n            x            y(proton  ),hh0l n 
#  z-lower      z-upper        proton    r.err 
   9.8380E+01   9.8430E+01   3.5196E-01  0.0121
   9.8430E+01   9.8480E+01   3.4841E-01  0.0130
   9.8480E+01   9.8530E+01   3.2964E-01  0.0150
   9.8530E+01   9.8580E+01   5.4726E-02  0.0238

#   sum over    2.0000E-03   2.7118E-01  0.0119

'no. =413,  ix = 13,  iy = 17'
msuc: {\huge Histograma}
msdr: {\it plotted by \ANGEL \version}
msdl: {\it calculated by \PHITS  3.35}
wt: s(0.7)
\vspace{-3}
  xmin  &=&   4.0000E-01 [cm]
  xmax  &=&   5.0000E-01 [cm]
  ymin  &=&  -5.0000E-02 [cm]
  ymax  &=&   5.0000E-02 [cm]
e:

#------------------------------------------------------------------------------
 newpage:
#   no. =414   ix  = 13   iy  = 18
#   x = (   4.0000E-01  -   5.0000E-01  )
#   y = (   5.0000E-02  -   1.5000E-01  )

x: z[cm]
y: Dose [Gy/source]      
p: xlin ylog afac(0.8) form(0.9)
h: n            x            y(proton  ),hh0l n 
#  z-lower      z-upper        proton    r.err 
   9.8380E+01   9.8430E+01   3.6328E-01  0.0120
   9.8430E+01   9.8480E+01   3.5346E-01  0.0129
   9.8480E+01   9.8530E+01   3.3644E-01  0.0148
   9.8530E+01   9.8580E+01   5.6107E-02  0.0237

#   sum over    2.0000E-03   2.7732E-01  0.0118

'no. =414,  ix = 13,  iy = 18'
msuc: {\huge Histograma}
msdr: {\it plotted by \ANGEL \version}
msdl: {\it calculated by \PHITS  3.35}
wt: s(0.7)
\vspace{-3}
  xmin  &=&   4.0000E-01 [cm]
  xmax  &=&   5.0000E-01 [cm]
  ymin  &=&   5.0000E-02 [cm]
  ymax  &=&   1.5000E-01 [cm]
e:

#------------------------------------------------------------------------------
 newpage:
#   no. =415   ix  = 13   iy  = 19
#   x = (   4.0000E-01  -   5.0000E-01  )
#   y = (   1.5000E-01  -   2.5000E-01  )

x: z[cm]
y: Dose [Gy/source]      
p: xlin ylog afac(0.8) form(0.9)
h: n            x            y(proton  ),hh0l n 
#  z-lower      z-upper        proton    r.err 
   9.8380E+01   9.8430E+01   3.6245E-01  0.0119
   9.8430E+01   9.8480E+01   3.5166E-01  0.0129
   9.8480E+01   9.8530E+01   3.3540E-01  0.0149
   9.8530E+01   9.8580E+01   5.9094E-02  0.0231

#   sum over    2.0000E-03   2.7715E-01  0.0118

'no. =415,  ix = 13,  iy = 19'
msuc: {\huge Histograma}
msdr: {\it plotted by \ANGEL \version}
msdl: {\it calculated by \PHITS  3.35}
wt: s(0.7)
\vspace{-3}
  xmin  &=&   4.0000E-01 [cm]
  xmax  &=&   5.0000E-01 [cm]
  ymin  &=&   1.5000E-01 [cm]
  ymax  &=&   2.5000E-01 [cm]
e:

#------------------------------------------------------------------------------
 newpage:
#   no. =416   ix  = 13   iy  = 20
#   x = (   4.0000E-01  -   5.0000E-01  )
#   y = (   2.5000E-01  -   3.5000E-01  )

x: z[cm]
y: Dose [Gy/source]      
p: xlin ylog afac(0.8) form(0.9)
h: n            x            y(proton  ),hh0l n 
#  z-lower      z-upper        proton    r.err 
   9.8380E+01   9.8430E+01   3.6748E-01  0.0119
   9.8430E+01   9.8480E+01   3.6443E-01  0.0127
   9.8480E+01   9.8530E+01   3.4269E-01  0.0147
   9.8530E+01   9.8580E+01   5.7295E-02  0.0234

#   sum over    2.0000E-03   2.8297E-01  0.0116

'no. =416,  ix = 13,  iy = 20'
msuc: {\huge Histograma}
msdr: {\it plotted by \ANGEL \version}
msdl: {\it calculated by \PHITS  3.35}
wt: s(0.7)
\vspace{-3}
  xmin  &=&   4.0000E-01 [cm]
  xmax  &=&   5.0000E-01 [cm]
  ymin  &=&   2.5000E-01 [cm]
  ymax  &=&   3.5000E-01 [cm]
e:

#------------------------------------------------------------------------------
 newpage:
#   no. =417   ix  = 13   iy  = 21
#   x = (   4.0000E-01  -   5.0000E-01  )
#   y = (   3.5000E-01  -   4.5000E-01  )

x: z[cm]
y: Dose [Gy/source]      
p: xlin ylog afac(0.8) form(0.9)
h: n            x            y(proton  ),hh0l n 
#  z-lower      z-upper        proton    r.err 
   9.8380E+01   9.8430E+01   3.6389E-01  0.0119
   9.8430E+01   9.8480E+01   3.6256E-01  0.0127
   9.8480E+01   9.8530E+01   3.5148E-01  0.0145
   9.8530E+01   9.8580E+01   6.0703E-02  0.0228

#   sum over    2.0000E-03   2.8466E-01  0.0117

'no. =417,  ix = 13,  iy = 21'
msuc: {\huge Histograma}
msdr: {\it plotted by \ANGEL \version}
msdl: {\it calculated by \PHITS  3.35}
wt: s(0.7)
\vspace{-3}
  xmin  &=&   4.0000E-01 [cm]
  xmax  &=&   5.0000E-01 [cm]
  ymin  &=&   3.5000E-01 [cm]
  ymax  &=&   4.5000E-01 [cm]
e:

#------------------------------------------------------------------------------
 newpage:
#   no. =418   ix  = 13   iy  = 22
#   x = (   4.0000E-01  -   5.0000E-01  )
#   y = (   4.5000E-01  -   5.5000E-01  )

x: z[cm]
y: Dose [Gy/source]      
p: xlin ylog afac(0.8) form(0.9)
h: n            x            y(proton  ),hh0l n 
#  z-lower      z-upper        proton    r.err 
   9.8380E+01   9.8430E+01   3.6156E-01  0.0119
   9.8430E+01   9.8480E+01   3.5581E-01  0.0129
   9.8480E+01   9.8530E+01   3.3414E-01  0.0149
   9.8530E+01   9.8580E+01   5.6862E-02  0.0236

#   sum over    2.0000E-03   2.7709E-01  0.0118

'no. =418,  ix = 13,  iy = 22'
msuc: {\huge Histograma}
msdr: {\it plotted by \ANGEL \version}
msdl: {\it calculated by \PHITS  3.35}
wt: s(0.7)
\vspace{-3}
  xmin  &=&   4.0000E-01 [cm]
  xmax  &=&   5.0000E-01 [cm]
  ymin  &=&   4.5000E-01 [cm]
  ymax  &=&   5.5000E-01 [cm]
e:

#------------------------------------------------------------------------------
 newpage:
#   no. =419   ix  = 13   iy  = 23
#   x = (   4.0000E-01  -   5.0000E-01  )
#   y = (   5.5000E-01  -   6.5000E-01  )

x: z[cm]
y: Dose [Gy/source]      
p: xlin ylog afac(0.8) form(0.9)
h: n            x            y(proton  ),hh0l n 
#  z-lower      z-upper        proton    r.err 
   9.8380E+01   9.8430E+01   3.6910E-01  0.0118
   9.8430E+01   9.8480E+01   3.6640E-01  0.0127
   9.8480E+01   9.8530E+01   3.5053E-01  0.0145
   9.8530E+01   9.8580E+01   5.9814E-02  0.0228

#   sum over    2.0000E-03   2.8646E-01  0.0116

'no. =419,  ix = 13,  iy = 23'
msuc: {\huge Histograma}
msdr: {\it plotted by \ANGEL \version}
msdl: {\it calculated by \PHITS  3.35}
wt: s(0.7)
\vspace{-3}
  xmin  &=&   4.0000E-01 [cm]
  xmax  &=&   5.0000E-01 [cm]
  ymin  &=&   5.5000E-01 [cm]
  ymax  &=&   6.5000E-01 [cm]
e:

#------------------------------------------------------------------------------
 newpage:
#   no. =420   ix  = 13   iy  = 24
#   x = (   4.0000E-01  -   5.0000E-01  )
#   y = (   6.5000E-01  -   7.5000E-01  )

x: z[cm]
y: Dose [Gy/source]      
p: xlin ylog afac(0.8) form(0.9)
h: n            x            y(proton  ),hh0l n 
#  z-lower      z-upper        proton    r.err 
   9.8380E+01   9.8430E+01   3.6419E-01  0.0119
   9.8430E+01   9.8480E+01   3.5961E-01  0.0128
   9.8480E+01   9.8530E+01   3.4437E-01  0.0147
   9.8530E+01   9.8580E+01   5.8434E-02  0.0232

#   sum over    2.0000E-03   2.8165E-01  0.0117

'no. =420,  ix = 13,  iy = 24'
msuc: {\huge Histograma}
msdr: {\it plotted by \ANGEL \version}
msdl: {\it calculated by \PHITS  3.35}
wt: s(0.7)
\vspace{-3}
  xmin  &=&   4.0000E-01 [cm]
  xmax  &=&   5.0000E-01 [cm]
  ymin  &=&   6.5000E-01 [cm]
  ymax  &=&   7.5000E-01 [cm]
e:

#------------------------------------------------------------------------------
 newpage:
#   no. =421   ix  = 13   iy  = 25
#   x = (   4.0000E-01  -   5.0000E-01  )
#   y = (   7.5000E-01  -   8.5000E-01  )

x: z[cm]
y: Dose [Gy/source]      
p: xlin ylog afac(0.8) form(0.9)
h: n            x            y(proton  ),hh0l n 
#  z-lower      z-upper        proton    r.err 
   9.8380E+01   9.8430E+01   3.6105E-01  0.0119
   9.8430E+01   9.8480E+01   3.5823E-01  0.0128
   9.8480E+01   9.8530E+01   3.4152E-01  0.0147
   9.8530E+01   9.8580E+01   5.8777E-02  0.0230

#   sum over    2.0000E-03   2.7989E-01  0.0117

'no. =421,  ix = 13,  iy = 25'
msuc: {\huge Histograma}
msdr: {\it plotted by \ANGEL \version}
msdl: {\it calculated by \PHITS  3.35}
wt: s(0.7)
\vspace{-3}
  xmin  &=&   4.0000E-01 [cm]
  xmax  &=&   5.0000E-01 [cm]
  ymin  &=&   7.5000E-01 [cm]
  ymax  &=&   8.5000E-01 [cm]
e:

#------------------------------------------------------------------------------
 newpage:
#   no. =422   ix  = 13   iy  = 26
#   x = (   4.0000E-01  -   5.0000E-01  )
#   y = (   8.5000E-01  -   9.5000E-01  )

x: z[cm]
y: Dose [Gy/source]      
p: xlin ylog afac(0.8) form(0.9)
h: n            x            y(proton  ),hh0l n 
#  z-lower      z-upper        proton    r.err 
   9.8380E+01   9.8430E+01   3.6379E-01  0.0119
   9.8430E+01   9.8480E+01   3.5777E-01  0.0128
   9.8480E+01   9.8530E+01   3.4032E-01  0.0148
   9.8530E+01   9.8580E+01   5.9642E-02  0.0230

#   sum over    2.0000E-03   2.8038E-01  0.0117

'no. =422,  ix = 13,  iy = 26'
msuc: {\huge Histograma}
msdr: {\it plotted by \ANGEL \version}
msdl: {\it calculated by \PHITS  3.35}
wt: s(0.7)
\vspace{-3}
  xmin  &=&   4.0000E-01 [cm]
  xmax  &=&   5.0000E-01 [cm]
  ymin  &=&   8.5000E-01 [cm]
  ymax  &=&   9.5000E-01 [cm]
e:

#------------------------------------------------------------------------------
 newpage:
#   no. =423   ix  = 13   iy  = 27
#   x = (   4.0000E-01  -   5.0000E-01  )
#   y = (   9.5000E-01  -   1.0500E+00  )

x: z[cm]
y: Dose [Gy/source]      
p: xlin ylog afac(0.8) form(0.9)
h: n            x            y(proton  ),hh0l n 
#  z-lower      z-upper        proton    r.err 
   9.8380E+01   9.8430E+01   3.6423E-01  0.0119
   9.8430E+01   9.8480E+01   3.6756E-01  0.0127
   9.8480E+01   9.8530E+01   3.4303E-01  0.0147
   9.8530E+01   9.8580E+01   5.8055E-02  0.0233

#   sum over    2.0000E-03   2.8322E-01  0.0117

'no. =423,  ix = 13,  iy = 27'
msuc: {\huge Histograma}
msdr: {\it plotted by \ANGEL \version}
msdl: {\it calculated by \PHITS  3.35}
wt: s(0.7)
\vspace{-3}
  xmin  &=&   4.0000E-01 [cm]
  xmax  &=&   5.0000E-01 [cm]
  ymin  &=&   9.5000E-01 [cm]
  ymax  &=&   1.0500E+00 [cm]
e:

#------------------------------------------------------------------------------
 newpage:
#   no. =424   ix  = 13   iy  = 28
#   x = (   4.0000E-01  -   5.0000E-01  )
#   y = (   1.0500E+00  -   1.1500E+00  )

x: z[cm]
y: Dose [Gy/source]      
p: xlin ylog afac(0.8) form(0.9)
h: n            x            y(proton  ),hh0l n 
#  z-lower      z-upper        proton    r.err 
   9.8380E+01   9.8430E+01   3.6962E-01  0.0118
   9.8430E+01   9.8480E+01   3.6132E-01  0.0127
   9.8480E+01   9.8530E+01   3.4406E-01  0.0147
   9.8530E+01   9.8580E+01   5.9665E-02  0.0229

#   sum over    2.0000E-03   2.8367E-01  0.0116

'no. =424,  ix = 13,  iy = 28'
msuc: {\huge Histograma}
msdr: {\it plotted by \ANGEL \version}
msdl: {\it calculated by \PHITS  3.35}
wt: s(0.7)
\vspace{-3}
  xmin  &=&   4.0000E-01 [cm]
  xmax  &=&   5.0000E-01 [cm]
  ymin  &=&   1.0500E+00 [cm]
  ymax  &=&   1.1500E+00 [cm]
e:

#------------------------------------------------------------------------------
 newpage:
#   no. =425   ix  = 13   iy  = 29
#   x = (   4.0000E-01  -   5.0000E-01  )
#   y = (   1.1500E+00  -   1.2500E+00  )

x: z[cm]
y: Dose [Gy/source]      
p: xlin ylog afac(0.8) form(0.9)
h: n            x            y(proton  ),hh0l n 
#  z-lower      z-upper        proton    r.err 
   9.8380E+01   9.8430E+01   3.7322E-01  0.0118
   9.8430E+01   9.8480E+01   3.6607E-01  0.0127
   9.8480E+01   9.8530E+01   3.4999E-01  0.0146
   9.8530E+01   9.8580E+01   6.1090E-02  0.0226

#   sum over    2.0000E-03   2.8759E-01  0.0116

'no. =425,  ix = 13,  iy = 29'
msuc: {\huge Histograma}
msdr: {\it plotted by \ANGEL \version}
msdl: {\it calculated by \PHITS  3.35}
wt: s(0.7)
\vspace{-3}
  xmin  &=&   4.0000E-01 [cm]
  xmax  &=&   5.0000E-01 [cm]
  ymin  &=&   1.1500E+00 [cm]
  ymax  &=&   1.2500E+00 [cm]
e:

#------------------------------------------------------------------------------
 newpage:
#   no. =426   ix  = 13   iy  = 30
#   x = (   4.0000E-01  -   5.0000E-01  )
#   y = (   1.2500E+00  -   1.3500E+00  )

x: z[cm]
y: Dose [Gy/source]      
p: xlin ylog afac(0.8) form(0.9)
h: n            x            y(proton  ),hh0l n 
#  z-lower      z-upper        proton    r.err 
   9.8380E+01   9.8430E+01   3.6200E-01  0.0119
   9.8430E+01   9.8480E+01   3.5865E-01  0.0127
   9.8480E+01   9.8530E+01   3.5177E-01  0.0145
   9.8530E+01   9.8580E+01   6.0849E-02  0.0228

#   sum over    2.0000E-03   2.8332E-01  0.0117

'no. =426,  ix = 13,  iy = 30'
msuc: {\huge Histograma}
msdr: {\it plotted by \ANGEL \version}
msdl: {\it calculated by \PHITS  3.35}
wt: s(0.7)
\vspace{-3}
  xmin  &=&   4.0000E-01 [cm]
  xmax  &=&   5.0000E-01 [cm]
  ymin  &=&   1.2500E+00 [cm]
  ymax  &=&   1.3500E+00 [cm]
e:

#------------------------------------------------------------------------------
 newpage:
#   no. =427   ix  = 13   iy  = 31
#   x = (   4.0000E-01  -   5.0000E-01  )
#   y = (   1.3500E+00  -   1.4500E+00  )

x: z[cm]
y: Dose [Gy/source]      
p: xlin ylog afac(0.8) form(0.9)
h: n            x            y(proton  ),hh0l n 
#  z-lower      z-upper        proton    r.err 
   9.8380E+01   9.8430E+01   3.7223E-01  0.0117
   9.8430E+01   9.8480E+01   3.7129E-01  0.0126
   9.8480E+01   9.8530E+01   3.5161E-01  0.0146
   9.8530E+01   9.8580E+01   5.4887E-02  0.0237

#   sum over    2.0000E-03   2.8750E-01  0.0116

'no. =427,  ix = 13,  iy = 31'
msuc: {\huge Histograma}
msdr: {\it plotted by \ANGEL \version}
msdl: {\it calculated by \PHITS  3.35}
wt: s(0.7)
\vspace{-3}
  xmin  &=&   4.0000E-01 [cm]
  xmax  &=&   5.0000E-01 [cm]
  ymin  &=&   1.3500E+00 [cm]
  ymax  &=&   1.4500E+00 [cm]
e:

#------------------------------------------------------------------------------
 newpage:
#   no. =428   ix  = 13   iy  = 32
#   x = (   4.0000E-01  -   5.0000E-01  )
#   y = (   1.4500E+00  -   1.5500E+00  )

x: z[cm]
y: Dose [Gy/source]      
p: xlin ylog afac(0.8) form(0.9)
h: n            x            y(proton  ),hh0l n 
#  z-lower      z-upper        proton    r.err 
   9.8380E+01   9.8430E+01   3.6970E-01  0.0118
   9.8430E+01   9.8480E+01   3.7074E-01  0.0126
   9.8480E+01   9.8530E+01   3.5617E-01  0.0146
   9.8530E+01   9.8580E+01   5.2162E-02  0.0239

#   sum over    2.0000E-03   2.8719E-01  0.0116

'no. =428,  ix = 13,  iy = 32'
msuc: {\huge Histograma}
msdr: {\it plotted by \ANGEL \version}
msdl: {\it calculated by \PHITS  3.35}
wt: s(0.7)
\vspace{-3}
  xmin  &=&   4.0000E-01 [cm]
  xmax  &=&   5.0000E-01 [cm]
  ymin  &=&   1.4500E+00 [cm]
  ymax  &=&   1.5500E+00 [cm]
e:

#------------------------------------------------------------------------------
 newpage:
#   no. =429   ix  = 13   iy  = 33
#   x = (   4.0000E-01  -   5.0000E-01  )
#   y = (   1.5500E+00  -   1.6500E+00  )

x: z[cm]
y: Dose [Gy/source]      
p: xlin ylog afac(0.8) form(0.9)
h: n            x            y(proton  ),hh0l n 
#  z-lower      z-upper        proton    r.err 
   9.8380E+01   9.8430E+01   3.7970E-01  0.0116
   9.8430E+01   9.8480E+01   3.7445E-01  0.0125
   9.8480E+01   9.8530E+01   3.6562E-01  0.0143
   9.8530E+01   9.8580E+01   5.4548E-02  0.0233

#   sum over    2.0000E-03   2.9358E-01  0.0115

'no. =429,  ix = 13,  iy = 33'
msuc: {\huge Histograma}
msdr: {\it plotted by \ANGEL \version}
msdl: {\it calculated by \PHITS  3.35}
wt: s(0.7)
\vspace{-3}
  xmin  &=&   4.0000E-01 [cm]
  xmax  &=&   5.0000E-01 [cm]
  ymin  &=&   1.5500E+00 [cm]
  ymax  &=&   1.6500E+00 [cm]
e:

#------------------------------------------------------------------------------
 newpage:
#   no. =430   ix  = 14   iy  =  1
#   x = (   5.0000E-01  -   6.0000E-01  )
#   y = (  -1.6500E+00  -  -1.5500E+00  )

x: z[cm]
y: Dose [Gy/source]      
p: xlin ylog afac(0.8) form(0.9)
h: n            x            y(proton  ),hh0l n 
#  z-lower      z-upper        proton    r.err 
   9.8380E+01   9.8430E+01   0.0000E+00  0.0000
   9.8430E+01   9.8480E+01   0.0000E+00  0.0000
   9.8480E+01   9.8530E+01   0.0000E+00  0.0000
   9.8530E+01   9.8580E+01   0.0000E+00  0.0000

#   sum over    2.0000E-03   0.0000E+00  0.0000

'no. =430,  ix = 14,  iy =  1'
msuc: {\huge Histograma}
msdr: {\it plotted by \ANGEL \version}
msdl: {\it calculated by \PHITS  3.35}
wt: s(0.7)
\vspace{-3}
  xmin  &=&   5.0000E-01 [cm]
  xmax  &=&   6.0000E-01 [cm]
  ymin  &=&  -1.6500E+00 [cm]
  ymax  &=&  -1.5500E+00 [cm]
e:

#------------------------------------------------------------------------------
 newpage:
#   no. =431   ix  = 14   iy  =  2
#   x = (   5.0000E-01  -   6.0000E-01  )
#   y = (  -1.5500E+00  -  -1.4500E+00  )

x: z[cm]
y: Dose [Gy/source]      
p: xlin ylog afac(0.8) form(0.9)
h: n            x            y(proton  ),hh0l n 
#  z-lower      z-upper        proton    r.err 
   9.8380E+01   9.8430E+01   0.0000E+00  0.0000
   9.8430E+01   9.8480E+01   0.0000E+00  0.0000
   9.8480E+01   9.8530E+01   0.0000E+00  0.0000
   9.8530E+01   9.8580E+01   0.0000E+00  0.0000

#   sum over    2.0000E-03   0.0000E+00  0.0000

'no. =431,  ix = 14,  iy =  2'
msuc: {\huge Histograma}
msdr: {\it plotted by \ANGEL \version}
msdl: {\it calculated by \PHITS  3.35}
wt: s(0.7)
\vspace{-3}
  xmin  &=&   5.0000E-01 [cm]
  xmax  &=&   6.0000E-01 [cm]
  ymin  &=&  -1.5500E+00 [cm]
  ymax  &=&  -1.4500E+00 [cm]
e:

#------------------------------------------------------------------------------
 newpage:
#   no. =432   ix  = 14   iy  =  3
#   x = (   5.0000E-01  -   6.0000E-01  )
#   y = (  -1.4500E+00  -  -1.3500E+00  )

x: z[cm]
y: Dose [Gy/source]      
p: xlin ylog afac(0.8) form(0.9)
h: n            x            y(proton  ),hh0l n 
#  z-lower      z-upper        proton    r.err 
   9.8380E+01   9.8430E+01   0.0000E+00  0.0000
   9.8430E+01   9.8480E+01   3.9801E-06  1.0000
   9.8480E+01   9.8530E+01   3.4388E-05  0.9194
   9.8530E+01   9.8580E+01   1.3710E-04  0.5905

#   sum over    2.0000E-03   4.3868E-05  0.5852

'no. =432,  ix = 14,  iy =  3'
msuc: {\huge Histograma}
msdr: {\it plotted by \ANGEL \version}
msdl: {\it calculated by \PHITS  3.35}
wt: s(0.7)
\vspace{-3}
  xmin  &=&   5.0000E-01 [cm]
  xmax  &=&   6.0000E-01 [cm]
  ymin  &=&  -1.4500E+00 [cm]
  ymax  &=&  -1.3500E+00 [cm]
e:

#------------------------------------------------------------------------------
 newpage:
#   no. =433   ix  = 14   iy  =  4
#   x = (   5.0000E-01  -   6.0000E-01  )
#   y = (  -1.3500E+00  -  -1.2500E+00  )

x: z[cm]
y: Dose [Gy/source]      
p: xlin ylog afac(0.8) form(0.9)
h: n            x            y(proton  ),hh0l n 
#  z-lower      z-upper        proton    r.err 
   9.8380E+01   9.8430E+01   2.6341E-01  0.0142
   9.8430E+01   9.8480E+01   2.6701E-01  0.0150
   9.8480E+01   9.8530E+01   2.5688E-01  0.0171
   9.8530E+01   9.8580E+01   5.2141E-02  0.0299

#   sum over    2.0000E-03   2.0986E-01  0.0139

'no. =433,  ix = 14,  iy =  4'
msuc: {\huge Histograma}
msdr: {\it plotted by \ANGEL \version}
msdl: {\it calculated by \PHITS  3.35}
wt: s(0.7)
\vspace{-3}
  xmin  &=&   5.0000E-01 [cm]
  xmax  &=&   6.0000E-01 [cm]
  ymin  &=&  -1.3500E+00 [cm]
  ymax  &=&  -1.2500E+00 [cm]
e:

#------------------------------------------------------------------------------
 newpage:
#   no. =434   ix  = 14   iy  =  5
#   x = (   5.0000E-01  -   6.0000E-01  )
#   y = (  -1.2500E+00  -  -1.1500E+00  )

x: z[cm]
y: Dose [Gy/source]      
p: xlin ylog afac(0.8) form(0.9)
h: n            x            y(proton  ),hh0l n 
#  z-lower      z-upper        proton    r.err 
   9.8380E+01   9.8430E+01   3.6444E-01  0.0119
   9.8430E+01   9.8480E+01   3.6206E-01  0.0127
   9.8480E+01   9.8530E+01   3.4796E-01  0.0147
   9.8530E+01   9.8580E+01   5.6267E-02  0.0232

#   sum over    2.0000E-03   2.8268E-01  0.0117

'no. =434,  ix = 14,  iy =  5'
msuc: {\huge Histograma}
msdr: {\it plotted by \ANGEL \version}
msdl: {\it calculated by \PHITS  3.35}
wt: s(0.7)
\vspace{-3}
  xmin  &=&   5.0000E-01 [cm]
  xmax  &=&   6.0000E-01 [cm]
  ymin  &=&  -1.2500E+00 [cm]
  ymax  &=&  -1.1500E+00 [cm]
e:

#------------------------------------------------------------------------------
 newpage:
#   no. =435   ix  = 14   iy  =  6
#   x = (   5.0000E-01  -   6.0000E-01  )
#   y = (  -1.1500E+00  -  -1.0500E+00  )

x: z[cm]
y: Dose [Gy/source]      
p: xlin ylog afac(0.8) form(0.9)
h: n            x            y(proton  ),hh0l n 
#  z-lower      z-upper        proton    r.err 
   9.8380E+01   9.8430E+01   3.6662E-01  0.0118
   9.8430E+01   9.8480E+01   3.6308E-01  0.0127
   9.8480E+01   9.8530E+01   3.4934E-01  0.0146
   9.8530E+01   9.8580E+01   5.9848E-02  0.0231

#   sum over    2.0000E-03   2.8472E-01  0.0116

'no. =435,  ix = 14,  iy =  6'
msuc: {\huge Histograma}
msdr: {\it plotted by \ANGEL \version}
msdl: {\it calculated by \PHITS  3.35}
wt: s(0.7)
\vspace{-3}
  xmin  &=&   5.0000E-01 [cm]
  xmax  &=&   6.0000E-01 [cm]
  ymin  &=&  -1.1500E+00 [cm]
  ymax  &=&  -1.0500E+00 [cm]
e:

#------------------------------------------------------------------------------
 newpage:
#   no. =436   ix  = 14   iy  =  7
#   x = (   5.0000E-01  -   6.0000E-01  )
#   y = (  -1.0500E+00  -  -9.5000E-01  )

x: z[cm]
y: Dose [Gy/source]      
p: xlin ylog afac(0.8) form(0.9)
h: n            x            y(proton  ),hh0l n 
#  z-lower      z-upper        proton    r.err 
   9.8380E+01   9.8430E+01   3.6855E-01  0.0118
   9.8430E+01   9.8480E+01   3.6659E-01  0.0127
   9.8480E+01   9.8530E+01   3.5051E-01  0.0146
   9.8530E+01   9.8580E+01   5.9405E-02  0.0228

#   sum over    2.0000E-03   2.8626E-01  0.0116

'no. =436,  ix = 14,  iy =  7'
msuc: {\huge Histograma}
msdr: {\it plotted by \ANGEL \version}
msdl: {\it calculated by \PHITS  3.35}
wt: s(0.7)
\vspace{-3}
  xmin  &=&   5.0000E-01 [cm]
  xmax  &=&   6.0000E-01 [cm]
  ymin  &=&  -1.0500E+00 [cm]
  ymax  &=&  -9.5000E-01 [cm]
e:

#------------------------------------------------------------------------------
 newpage:
#   no. =437   ix  = 14   iy  =  8
#   x = (   5.0000E-01  -   6.0000E-01  )
#   y = (  -9.5000E-01  -  -8.5000E-01  )

x: z[cm]
y: Dose [Gy/source]      
p: xlin ylog afac(0.8) form(0.9)
h: n            x            y(proton  ),hh0l n 
#  z-lower      z-upper        proton    r.err 
   9.8380E+01   9.8430E+01   3.6444E-01  0.0119
   9.8430E+01   9.8480E+01   3.6514E-01  0.0127
   9.8480E+01   9.8530E+01   3.5181E-01  0.0145
   9.8530E+01   9.8580E+01   5.9109E-02  0.0230

#   sum over    2.0000E-03   2.8512E-01  0.0116

'no. =437,  ix = 14,  iy =  8'
msuc: {\huge Histograma}
msdr: {\it plotted by \ANGEL \version}
msdl: {\it calculated by \PHITS  3.35}
wt: s(0.7)
\vspace{-3}
  xmin  &=&   5.0000E-01 [cm]
  xmax  &=&   6.0000E-01 [cm]
  ymin  &=&  -9.5000E-01 [cm]
  ymax  &=&  -8.5000E-01 [cm]
e:

#------------------------------------------------------------------------------
 newpage:
#   no. =438   ix  = 14   iy  =  9
#   x = (   5.0000E-01  -   6.0000E-01  )
#   y = (  -8.5000E-01  -  -7.5000E-01  )

x: z[cm]
y: Dose [Gy/source]      
p: xlin ylog afac(0.8) form(0.9)
h: n            x            y(proton  ),hh0l n 
#  z-lower      z-upper        proton    r.err 
   9.8380E+01   9.8430E+01   3.6357E-01  0.0119
   9.8430E+01   9.8480E+01   3.6194E-01  0.0127
   9.8480E+01   9.8530E+01   3.5592E-01  0.0144
   9.8530E+01   9.8580E+01   6.1722E-02  0.0226

#   sum over    2.0000E-03   2.8579E-01  0.0116

'no. =438,  ix = 14,  iy =  9'
msuc: {\huge Histograma}
msdr: {\it plotted by \ANGEL \version}
msdl: {\it calculated by \PHITS  3.35}
wt: s(0.7)
\vspace{-3}
  xmin  &=&   5.0000E-01 [cm]
  xmax  &=&   6.0000E-01 [cm]
  ymin  &=&  -8.5000E-01 [cm]
  ymax  &=&  -7.5000E-01 [cm]
e:

#------------------------------------------------------------------------------
 newpage:
#   no. =439   ix  = 14   iy  = 10
#   x = (   5.0000E-01  -   6.0000E-01  )
#   y = (  -7.5000E-01  -  -6.5000E-01  )

x: z[cm]
y: Dose [Gy/source]      
p: xlin ylog afac(0.8) form(0.9)
h: n            x            y(proton  ),hh0l n 
#  z-lower      z-upper        proton    r.err 
   9.8380E+01   9.8430E+01   3.7081E-01  0.0118
   9.8430E+01   9.8480E+01   3.7023E-01  0.0126
   9.8480E+01   9.8530E+01   3.4510E-01  0.0146
   9.8530E+01   9.8580E+01   5.9145E-02  0.0231

#   sum over    2.0000E-03   2.8632E-01  0.0116

'no. =439,  ix = 14,  iy = 10'
msuc: {\huge Histograma}
msdr: {\it plotted by \ANGEL \version}
msdl: {\it calculated by \PHITS  3.35}
wt: s(0.7)
\vspace{-3}
  xmin  &=&   5.0000E-01 [cm]
  xmax  &=&   6.0000E-01 [cm]
  ymin  &=&  -7.5000E-01 [cm]
  ymax  &=&  -6.5000E-01 [cm]
e:

#------------------------------------------------------------------------------
 newpage:
#   no. =440   ix  = 14   iy  = 11
#   x = (   5.0000E-01  -   6.0000E-01  )
#   y = (  -6.5000E-01  -  -5.5000E-01  )

x: z[cm]
y: Dose [Gy/source]      
p: xlin ylog afac(0.8) form(0.9)
h: n            x            y(proton  ),hh0l n 
#  z-lower      z-upper        proton    r.err 
   9.8380E+01   9.8430E+01   3.6556E-01  0.0119
   9.8430E+01   9.8480E+01   3.5797E-01  0.0128
   9.8480E+01   9.8530E+01   3.4718E-01  0.0146
   9.8530E+01   9.8580E+01   5.7325E-02  0.0233

#   sum over    2.0000E-03   2.8201E-01  0.0117

'no. =440,  ix = 14,  iy = 11'
msuc: {\huge Histograma}
msdr: {\it plotted by \ANGEL \version}
msdl: {\it calculated by \PHITS  3.35}
wt: s(0.7)
\vspace{-3}
  xmin  &=&   5.0000E-01 [cm]
  xmax  &=&   6.0000E-01 [cm]
  ymin  &=&  -6.5000E-01 [cm]
  ymax  &=&  -5.5000E-01 [cm]
e:

#------------------------------------------------------------------------------
 newpage:
#   no. =441   ix  = 14   iy  = 12
#   x = (   5.0000E-01  -   6.0000E-01  )
#   y = (  -5.5000E-01  -  -4.5000E-01  )

x: z[cm]
y: Dose [Gy/source]      
p: xlin ylog afac(0.8) form(0.9)
h: n            x            y(proton  ),hh0l n 
#  z-lower      z-upper        proton    r.err 
   9.8380E+01   9.8430E+01   3.6218E-01  0.0119
   9.8430E+01   9.8480E+01   3.5994E-01  0.0128
   9.8480E+01   9.8530E+01   3.4953E-01  0.0146
   9.8530E+01   9.8580E+01   5.9798E-02  0.0229

#   sum over    2.0000E-03   2.8286E-01  0.0117

'no. =441,  ix = 14,  iy = 12'
msuc: {\huge Histograma}
msdr: {\it plotted by \ANGEL \version}
msdl: {\it calculated by \PHITS  3.35}
wt: s(0.7)
\vspace{-3}
  xmin  &=&   5.0000E-01 [cm]
  xmax  &=&   6.0000E-01 [cm]
  ymin  &=&  -5.5000E-01 [cm]
  ymax  &=&  -4.5000E-01 [cm]
e:

#------------------------------------------------------------------------------
 newpage:
#   no. =442   ix  = 14   iy  = 13
#   x = (   5.0000E-01  -   6.0000E-01  )
#   y = (  -4.5000E-01  -  -3.5000E-01  )

x: z[cm]
y: Dose [Gy/source]      
p: xlin ylog afac(0.8) form(0.9)
h: n            x            y(proton  ),hh0l n 
#  z-lower      z-upper        proton    r.err 
   9.8380E+01   9.8430E+01   3.6497E-01  0.0119
   9.8430E+01   9.8480E+01   3.5955E-01  0.0128
   9.8480E+01   9.8530E+01   3.4230E-01  0.0147
   9.8530E+01   9.8580E+01   5.7848E-02  0.0233

#   sum over    2.0000E-03   2.8117E-01  0.0117

'no. =442,  ix = 14,  iy = 13'
msuc: {\huge Histograma}
msdr: {\it plotted by \ANGEL \version}
msdl: {\it calculated by \PHITS  3.35}
wt: s(0.7)
\vspace{-3}
  xmin  &=&   5.0000E-01 [cm]
  xmax  &=&   6.0000E-01 [cm]
  ymin  &=&  -4.5000E-01 [cm]
  ymax  &=&  -3.5000E-01 [cm]
e:

#------------------------------------------------------------------------------
 newpage:
#   no. =443   ix  = 14   iy  = 14
#   x = (   5.0000E-01  -   6.0000E-01  )
#   y = (  -3.5000E-01  -  -2.5000E-01  )

x: z[cm]
y: Dose [Gy/source]      
p: xlin ylog afac(0.8) form(0.9)
h: n            x            y(proton  ),hh0l n 
#  z-lower      z-upper        proton    r.err 
   9.8380E+01   9.8430E+01   3.6563E-01  0.0119
   9.8430E+01   9.8480E+01   3.5659E-01  0.0128
   9.8480E+01   9.8530E+01   3.3777E-01  0.0148
   9.8530E+01   9.8580E+01   5.6678E-02  0.0234

#   sum over    2.0000E-03   2.7917E-01  0.0117

'no. =443,  ix = 14,  iy = 14'
msuc: {\huge Histograma}
msdr: {\it plotted by \ANGEL \version}
msdl: {\it calculated by \PHITS  3.35}
wt: s(0.7)
\vspace{-3}
  xmin  &=&   5.0000E-01 [cm]
  xmax  &=&   6.0000E-01 [cm]
  ymin  &=&  -3.5000E-01 [cm]
  ymax  &=&  -2.5000E-01 [cm]
e:

#------------------------------------------------------------------------------
 newpage:
#   no. =444   ix  = 14   iy  = 15
#   x = (   5.0000E-01  -   6.0000E-01  )
#   y = (  -2.5000E-01  -  -1.5000E-01  )

x: z[cm]
y: Dose [Gy/source]      
p: xlin ylog afac(0.8) form(0.9)
h: n            x            y(proton  ),hh0l n 
#  z-lower      z-upper        proton    r.err 
   9.8380E+01   9.8430E+01   3.6951E-01  0.0118
   9.8430E+01   9.8480E+01   3.6171E-01  0.0127
   9.8480E+01   9.8530E+01   3.4852E-01  0.0146
   9.8530E+01   9.8580E+01   5.9901E-02  0.0228

#   sum over    2.0000E-03   2.8491E-01  0.0116

'no. =444,  ix = 14,  iy = 15'
msuc: {\huge Histograma}
msdr: {\it plotted by \ANGEL \version}
msdl: {\it calculated by \PHITS  3.35}
wt: s(0.7)
\vspace{-3}
  xmin  &=&   5.0000E-01 [cm]
  xmax  &=&   6.0000E-01 [cm]
  ymin  &=&  -2.5000E-01 [cm]
  ymax  &=&  -1.5000E-01 [cm]
e:

#------------------------------------------------------------------------------
 newpage:
#   no. =445   ix  = 14   iy  = 16
#   x = (   5.0000E-01  -   6.0000E-01  )
#   y = (  -1.5000E-01  -  -5.0000E-02  )

x: z[cm]
y: Dose [Gy/source]      
p: xlin ylog afac(0.8) form(0.9)
h: n            x            y(proton  ),hh0l n 
#  z-lower      z-upper        proton    r.err 
   9.8380E+01   9.8430E+01   3.5824E-01  0.0120
   9.8430E+01   9.8480E+01   3.5003E-01  0.0129
   9.8480E+01   9.8530E+01   3.3853E-01  0.0148
   9.8530E+01   9.8580E+01   5.8989E-02  0.0232

#   sum over    2.0000E-03   2.7645E-01  0.0118

'no. =445,  ix = 14,  iy = 16'
msuc: {\huge Histograma}
msdr: {\it plotted by \ANGEL \version}
msdl: {\it calculated by \PHITS  3.35}
wt: s(0.7)
\vspace{-3}
  xmin  &=&   5.0000E-01 [cm]
  xmax  &=&   6.0000E-01 [cm]
  ymin  &=&  -1.5000E-01 [cm]
  ymax  &=&  -5.0000E-02 [cm]
e:

#------------------------------------------------------------------------------
 newpage:
#   no. =446   ix  = 14   iy  = 17
#   x = (   5.0000E-01  -   6.0000E-01  )
#   y = (  -5.0000E-02  -   5.0000E-02  )

x: z[cm]
y: Dose [Gy/source]      
p: xlin ylog afac(0.8) form(0.9)
h: n            x            y(proton  ),hh0l n 
#  z-lower      z-upper        proton    r.err 
   9.8380E+01   9.8430E+01   3.6204E-01  0.0119
   9.8430E+01   9.8480E+01   3.6072E-01  0.0128
   9.8480E+01   9.8530E+01   3.4121E-01  0.0148
   9.8530E+01   9.8580E+01   5.7750E-02  0.0233

#   sum over    2.0000E-03   2.8043E-01  0.0117

'no. =446,  ix = 14,  iy = 17'
msuc: {\huge Histograma}
msdr: {\it plotted by \ANGEL \version}
msdl: {\it calculated by \PHITS  3.35}
wt: s(0.7)
\vspace{-3}
  xmin  &=&   5.0000E-01 [cm]
  xmax  &=&   6.0000E-01 [cm]
  ymin  &=&  -5.0000E-02 [cm]
  ymax  &=&   5.0000E-02 [cm]
e:

#------------------------------------------------------------------------------
 newpage:
#   no. =447   ix  = 14   iy  = 18
#   x = (   5.0000E-01  -   6.0000E-01  )
#   y = (   5.0000E-02  -   1.5000E-01  )

x: z[cm]
y: Dose [Gy/source]      
p: xlin ylog afac(0.8) form(0.9)
h: n            x            y(proton  ),hh0l n 
#  z-lower      z-upper        proton    r.err 
   9.8380E+01   9.8430E+01   3.6448E-01  0.0119
   9.8430E+01   9.8480E+01   3.5599E-01  0.0128
   9.8480E+01   9.8530E+01   3.4458E-01  0.0146
   9.8530E+01   9.8580E+01   5.9606E-02  0.0228

#   sum over    2.0000E-03   2.8116E-01  0.0117

'no. =447,  ix = 14,  iy = 18'
msuc: {\huge Histograma}
msdr: {\it plotted by \ANGEL \version}
msdl: {\it calculated by \PHITS  3.35}
wt: s(0.7)
\vspace{-3}
  xmin  &=&   5.0000E-01 [cm]
  xmax  &=&   6.0000E-01 [cm]
  ymin  &=&   5.0000E-02 [cm]
  ymax  &=&   1.5000E-01 [cm]
e:

#------------------------------------------------------------------------------
 newpage:
#   no. =448   ix  = 14   iy  = 19
#   x = (   5.0000E-01  -   6.0000E-01  )
#   y = (   1.5000E-01  -   2.5000E-01  )

x: z[cm]
y: Dose [Gy/source]      
p: xlin ylog afac(0.8) form(0.9)
h: n            x            y(proton  ),hh0l n 
#  z-lower      z-upper        proton    r.err 
   9.8380E+01   9.8430E+01   3.5850E-01  0.0120
   9.8430E+01   9.8480E+01   3.5208E-01  0.0129
   9.8480E+01   9.8530E+01   3.3900E-01  0.0148
   9.8530E+01   9.8580E+01   5.7668E-02  0.0232

#   sum over    2.0000E-03   2.7681E-01  0.0118

'no. =448,  ix = 14,  iy = 19'
msuc: {\huge Histograma}
msdr: {\it plotted by \ANGEL \version}
msdl: {\it calculated by \PHITS  3.35}
wt: s(0.7)
\vspace{-3}
  xmin  &=&   5.0000E-01 [cm]
  xmax  &=&   6.0000E-01 [cm]
  ymin  &=&   1.5000E-01 [cm]
  ymax  &=&   2.5000E-01 [cm]
e:

#------------------------------------------------------------------------------
 newpage:
#   no. =449   ix  = 14   iy  = 20
#   x = (   5.0000E-01  -   6.0000E-01  )
#   y = (   2.5000E-01  -   3.5000E-01  )

x: z[cm]
y: Dose [Gy/source]      
p: xlin ylog afac(0.8) form(0.9)
h: n            x            y(proton  ),hh0l n 
#  z-lower      z-upper        proton    r.err 
   9.8380E+01   9.8430E+01   3.5710E-01  0.0120
   9.8430E+01   9.8480E+01   3.5049E-01  0.0129
   9.8480E+01   9.8530E+01   3.3740E-01  0.0148
   9.8530E+01   9.8580E+01   5.8716E-02  0.0231

#   sum over    2.0000E-03   2.7593E-01  0.0118

'no. =449,  ix = 14,  iy = 20'
msuc: {\huge Histograma}
msdr: {\it plotted by \ANGEL \version}
msdl: {\it calculated by \PHITS  3.35}
wt: s(0.7)
\vspace{-3}
  xmin  &=&   5.0000E-01 [cm]
  xmax  &=&   6.0000E-01 [cm]
  ymin  &=&   2.5000E-01 [cm]
  ymax  &=&   3.5000E-01 [cm]
e:

#------------------------------------------------------------------------------
 newpage:
#   no. =450   ix  = 14   iy  = 21
#   x = (   5.0000E-01  -   6.0000E-01  )
#   y = (   3.5000E-01  -   4.5000E-01  )

x: z[cm]
y: Dose [Gy/source]      
p: xlin ylog afac(0.8) form(0.9)
h: n            x            y(proton  ),hh0l n 
#  z-lower      z-upper        proton    r.err 
   9.8380E+01   9.8430E+01   3.5513E-01  0.0120
   9.8430E+01   9.8480E+01   3.5432E-01  0.0129
   9.8480E+01   9.8530E+01   3.3806E-01  0.0148
   9.8530E+01   9.8580E+01   5.5125E-02  0.0237

#   sum over    2.0000E-03   2.7566E-01  0.0118

'no. =450,  ix = 14,  iy = 21'
msuc: {\huge Histograma}
msdr: {\it plotted by \ANGEL \version}
msdl: {\it calculated by \PHITS  3.35}
wt: s(0.7)
\vspace{-3}
  xmin  &=&   5.0000E-01 [cm]
  xmax  &=&   6.0000E-01 [cm]
  ymin  &=&   3.5000E-01 [cm]
  ymax  &=&   4.5000E-01 [cm]
e:

#------------------------------------------------------------------------------
 newpage:
#   no. =451   ix  = 14   iy  = 22
#   x = (   5.0000E-01  -   6.0000E-01  )
#   y = (   4.5000E-01  -   5.5000E-01  )

x: z[cm]
y: Dose [Gy/source]      
p: xlin ylog afac(0.8) form(0.9)
h: n            x            y(proton  ),hh0l n 
#  z-lower      z-upper        proton    r.err 
   9.8380E+01   9.8430E+01   3.6514E-01  0.0119
   9.8430E+01   9.8480E+01   3.6016E-01  0.0128
   9.8480E+01   9.8530E+01   3.4011E-01  0.0148
   9.8530E+01   9.8580E+01   5.7416E-02  0.0232

#   sum over    2.0000E-03   2.8071E-01  0.0117

'no. =451,  ix = 14,  iy = 22'
msuc: {\huge Histograma}
msdr: {\it plotted by \ANGEL \version}
msdl: {\it calculated by \PHITS  3.35}
wt: s(0.7)
\vspace{-3}
  xmin  &=&   5.0000E-01 [cm]
  xmax  &=&   6.0000E-01 [cm]
  ymin  &=&   4.5000E-01 [cm]
  ymax  &=&   5.5000E-01 [cm]
e:

#------------------------------------------------------------------------------
 newpage:
#   no. =452   ix  = 14   iy  = 23
#   x = (   5.0000E-01  -   6.0000E-01  )
#   y = (   5.5000E-01  -   6.5000E-01  )

x: z[cm]
y: Dose [Gy/source]      
p: xlin ylog afac(0.8) form(0.9)
h: n            x            y(proton  ),hh0l n 
#  z-lower      z-upper        proton    r.err 
   9.8380E+01   9.8430E+01   3.5855E-01  0.0120
   9.8430E+01   9.8480E+01   3.5662E-01  0.0129
   9.8480E+01   9.8530E+01   3.3232E-01  0.0149
   9.8530E+01   9.8580E+01   5.7878E-02  0.0234

#   sum over    2.0000E-03   2.7634E-01  0.0118

'no. =452,  ix = 14,  iy = 23'
msuc: {\huge Histograma}
msdr: {\it plotted by \ANGEL \version}
msdl: {\it calculated by \PHITS  3.35}
wt: s(0.7)
\vspace{-3}
  xmin  &=&   5.0000E-01 [cm]
  xmax  &=&   6.0000E-01 [cm]
  ymin  &=&   5.5000E-01 [cm]
  ymax  &=&   6.5000E-01 [cm]
e:

#------------------------------------------------------------------------------
 newpage:
#   no. =453   ix  = 14   iy  = 24
#   x = (   5.0000E-01  -   6.0000E-01  )
#   y = (   6.5000E-01  -   7.5000E-01  )

x: z[cm]
y: Dose [Gy/source]      
p: xlin ylog afac(0.8) form(0.9)
h: n            x            y(proton  ),hh0l n 
#  z-lower      z-upper        proton    r.err 
   9.8380E+01   9.8430E+01   3.6803E-01  0.0119
   9.8430E+01   9.8480E+01   3.5693E-01  0.0128
   9.8480E+01   9.8530E+01   3.3433E-01  0.0149
   9.8530E+01   9.8580E+01   5.6179E-02  0.0236

#   sum over    2.0000E-03   2.7887E-01  0.0117

'no. =453,  ix = 14,  iy = 24'
msuc: {\huge Histograma}
msdr: {\it plotted by \ANGEL \version}
msdl: {\it calculated by \PHITS  3.35}
wt: s(0.7)
\vspace{-3}
  xmin  &=&   5.0000E-01 [cm]
  xmax  &=&   6.0000E-01 [cm]
  ymin  &=&   6.5000E-01 [cm]
  ymax  &=&   7.5000E-01 [cm]
e:

#------------------------------------------------------------------------------
 newpage:
#   no. =454   ix  = 14   iy  = 25
#   x = (   5.0000E-01  -   6.0000E-01  )
#   y = (   7.5000E-01  -   8.5000E-01  )

x: z[cm]
y: Dose [Gy/source]      
p: xlin ylog afac(0.8) form(0.9)
h: n            x            y(proton  ),hh0l n 
#  z-lower      z-upper        proton    r.err 
   9.8380E+01   9.8430E+01   3.6945E-01  0.0118
   9.8430E+01   9.8480E+01   3.6613E-01  0.0126
   9.8480E+01   9.8530E+01   3.5222E-01  0.0145
   9.8530E+01   9.8580E+01   5.9141E-02  0.0230

#   sum over    2.0000E-03   2.8673E-01  0.0116

'no. =454,  ix = 14,  iy = 25'
msuc: {\huge Histograma}
msdr: {\it plotted by \ANGEL \version}
msdl: {\it calculated by \PHITS  3.35}
wt: s(0.7)
\vspace{-3}
  xmin  &=&   5.0000E-01 [cm]
  xmax  &=&   6.0000E-01 [cm]
  ymin  &=&   7.5000E-01 [cm]
  ymax  &=&   8.5000E-01 [cm]
e:

#------------------------------------------------------------------------------
 newpage:
#   no. =455   ix  = 14   iy  = 26
#   x = (   5.0000E-01  -   6.0000E-01  )
#   y = (   8.5000E-01  -   9.5000E-01  )

x: z[cm]
y: Dose [Gy/source]      
p: xlin ylog afac(0.8) form(0.9)
h: n            x            y(proton  ),hh0l n 
#  z-lower      z-upper        proton    r.err 
   9.8380E+01   9.8430E+01   3.7086E-01  0.0118
   9.8430E+01   9.8480E+01   3.6780E-01  0.0126
   9.8480E+01   9.8530E+01   3.5494E-01  0.0145
   9.8530E+01   9.8580E+01   5.8984E-02  0.0230

#   sum over    2.0000E-03   2.8815E-01  0.0116

'no. =455,  ix = 14,  iy = 26'
msuc: {\huge Histograma}
msdr: {\it plotted by \ANGEL \version}
msdl: {\it calculated by \PHITS  3.35}
wt: s(0.7)
\vspace{-3}
  xmin  &=&   5.0000E-01 [cm]
  xmax  &=&   6.0000E-01 [cm]
  ymin  &=&   8.5000E-01 [cm]
  ymax  &=&   9.5000E-01 [cm]
e:

#------------------------------------------------------------------------------
 newpage:
#   no. =456   ix  = 14   iy  = 27
#   x = (   5.0000E-01  -   6.0000E-01  )
#   y = (   9.5000E-01  -   1.0500E+00  )

x: z[cm]
y: Dose [Gy/source]      
p: xlin ylog afac(0.8) form(0.9)
h: n            x            y(proton  ),hh0l n 
#  z-lower      z-upper        proton    r.err 
   9.8380E+01   9.8430E+01   3.7377E-01  0.0118
   9.8430E+01   9.8480E+01   3.6650E-01  0.0126
   9.8480E+01   9.8530E+01   3.5216E-01  0.0145
   9.8530E+01   9.8580E+01   5.8787E-02  0.0230

#   sum over    2.0000E-03   2.8780E-01  0.0116

'no. =456,  ix = 14,  iy = 27'
msuc: {\huge Histograma}
msdr: {\it plotted by \ANGEL \version}
msdl: {\it calculated by \PHITS  3.35}
wt: s(0.7)
\vspace{-3}
  xmin  &=&   5.0000E-01 [cm]
  xmax  &=&   6.0000E-01 [cm]
  ymin  &=&   9.5000E-01 [cm]
  ymax  &=&   1.0500E+00 [cm]
e:

#------------------------------------------------------------------------------
 newpage:
#   no. =457   ix  = 14   iy  = 28
#   x = (   5.0000E-01  -   6.0000E-01  )
#   y = (   1.0500E+00  -   1.1500E+00  )

x: z[cm]
y: Dose [Gy/source]      
p: xlin ylog afac(0.8) form(0.9)
h: n            x            y(proton  ),hh0l n 
#  z-lower      z-upper        proton    r.err 
   9.8380E+01   9.8430E+01   3.7191E-01  0.0118
   9.8430E+01   9.8480E+01   3.6976E-01  0.0126
   9.8480E+01   9.8530E+01   3.5644E-01  0.0145
   9.8530E+01   9.8580E+01   6.1531E-02  0.0224

#   sum over    2.0000E-03   2.8991E-01  0.0115

'no. =457,  ix = 14,  iy = 28'
msuc: {\huge Histograma}
msdr: {\it plotted by \ANGEL \version}
msdl: {\it calculated by \PHITS  3.35}
wt: s(0.7)
\vspace{-3}
  xmin  &=&   5.0000E-01 [cm]
  xmax  &=&   6.0000E-01 [cm]
  ymin  &=&   1.0500E+00 [cm]
  ymax  &=&   1.1500E+00 [cm]
e:

#------------------------------------------------------------------------------
 newpage:
#   no. =458   ix  = 14   iy  = 29
#   x = (   5.0000E-01  -   6.0000E-01  )
#   y = (   1.1500E+00  -   1.2500E+00  )

x: z[cm]
y: Dose [Gy/source]      
p: xlin ylog afac(0.8) form(0.9)
h: n            x            y(proton  ),hh0l n 
#  z-lower      z-upper        proton    r.err 
   9.8380E+01   9.8430E+01   3.7644E-01  0.0117
   9.8430E+01   9.8480E+01   3.7253E-01  0.0126
   9.8480E+01   9.8530E+01   3.5698E-01  0.0145
   9.8530E+01   9.8580E+01   5.6635E-02  0.0232

#   sum over    2.0000E-03   2.9065E-01  0.0115

'no. =458,  ix = 14,  iy = 29'
msuc: {\huge Histograma}
msdr: {\it plotted by \ANGEL \version}
msdl: {\it calculated by \PHITS  3.35}
wt: s(0.7)
\vspace{-3}
  xmin  &=&   5.0000E-01 [cm]
  xmax  &=&   6.0000E-01 [cm]
  ymin  &=&   1.1500E+00 [cm]
  ymax  &=&   1.2500E+00 [cm]
e:

#------------------------------------------------------------------------------
 newpage:
#   no. =459   ix  = 14   iy  = 30
#   x = (   5.0000E-01  -   6.0000E-01  )
#   y = (   1.2500E+00  -   1.3500E+00  )

x: z[cm]
y: Dose [Gy/source]      
p: xlin ylog afac(0.8) form(0.9)
h: n            x            y(proton  ),hh0l n 
#  z-lower      z-upper        proton    r.err 
   9.8380E+01   9.8430E+01   3.7877E-01  0.0116
   9.8430E+01   9.8480E+01   3.7799E-01  0.0125
   9.8480E+01   9.8530E+01   3.6742E-01  0.0143
   9.8530E+01   9.8580E+01   5.4720E-02  0.0233

#   sum over    2.0000E-03   2.9472E-01  0.0115

'no. =459,  ix = 14,  iy = 30'
msuc: {\huge Histograma}
msdr: {\it plotted by \ANGEL \version}
msdl: {\it calculated by \PHITS  3.35}
wt: s(0.7)
\vspace{-3}
  xmin  &=&   5.0000E-01 [cm]
  xmax  &=&   6.0000E-01 [cm]
  ymin  &=&   1.2500E+00 [cm]
  ymax  &=&   1.3500E+00 [cm]
e:

#------------------------------------------------------------------------------
 newpage:
#   no. =460   ix  = 14   iy  = 31
#   x = (   5.0000E-01  -   6.0000E-01  )
#   y = (   1.3500E+00  -   1.4500E+00  )

x: z[cm]
y: Dose [Gy/source]      
p: xlin ylog afac(0.8) form(0.9)
h: n            x            y(proton  ),hh0l n 
#  z-lower      z-upper        proton    r.err 
   9.8380E+01   9.8430E+01   3.7566E-01  0.0117
   9.8430E+01   9.8480E+01   3.7190E-01  0.0126
   9.8480E+01   9.8530E+01   3.5834E-01  0.0145
   9.8530E+01   9.8580E+01   5.2673E-02  0.0236

#   sum over    2.0000E-03   2.8964E-01  0.0115

'no. =460,  ix = 14,  iy = 31'
msuc: {\huge Histograma}
msdr: {\it plotted by \ANGEL \version}
msdl: {\it calculated by \PHITS  3.35}
wt: s(0.7)
\vspace{-3}
  xmin  &=&   5.0000E-01 [cm]
  xmax  &=&   6.0000E-01 [cm]
  ymin  &=&   1.3500E+00 [cm]
  ymax  &=&   1.4500E+00 [cm]
e:

#------------------------------------------------------------------------------
 newpage:
#   no. =461   ix  = 14   iy  = 32
#   x = (   5.0000E-01  -   6.0000E-01  )
#   y = (   1.4500E+00  -   1.5500E+00  )

x: z[cm]
y: Dose [Gy/source]      
p: xlin ylog afac(0.8) form(0.9)
h: n            x            y(proton  ),hh0l n 
#  z-lower      z-upper        proton    r.err 
   9.8380E+01   9.8430E+01   3.7391E-01  0.0117
   9.8430E+01   9.8480E+01   3.7721E-01  0.0126
   9.8480E+01   9.8530E+01   3.6061E-01  0.0144
   9.8530E+01   9.8580E+01   5.2836E-02  0.0237

#   sum over    2.0000E-03   2.9114E-01  0.0115

'no. =461,  ix = 14,  iy = 32'
msuc: {\huge Histograma}
msdr: {\it plotted by \ANGEL \version}
msdl: {\it calculated by \PHITS  3.35}
wt: s(0.7)
\vspace{-3}
  xmin  &=&   5.0000E-01 [cm]
  xmax  &=&   6.0000E-01 [cm]
  ymin  &=&   1.4500E+00 [cm]
  ymax  &=&   1.5500E+00 [cm]
e:

#------------------------------------------------------------------------------
 newpage:
#   no. =462   ix  = 14   iy  = 33
#   x = (   5.0000E-01  -   6.0000E-01  )
#   y = (   1.5500E+00  -   1.6500E+00  )

x: z[cm]
y: Dose [Gy/source]      
p: xlin ylog afac(0.8) form(0.9)
h: n            x            y(proton  ),hh0l n 
#  z-lower      z-upper        proton    r.err 
   9.8380E+01   9.8430E+01   3.7136E-01  0.0118
   9.8430E+01   9.8480E+01   3.7193E-01  0.0126
   9.8480E+01   9.8530E+01   3.6024E-01  0.0145
   9.8530E+01   9.8580E+01   5.1789E-02  0.0238

#   sum over    2.0000E-03   2.8883E-01  0.0116

'no. =462,  ix = 14,  iy = 33'
msuc: {\huge Histograma}
msdr: {\it plotted by \ANGEL \version}
msdl: {\it calculated by \PHITS  3.35}
wt: s(0.7)
\vspace{-3}
  xmin  &=&   5.0000E-01 [cm]
  xmax  &=&   6.0000E-01 [cm]
  ymin  &=&   1.5500E+00 [cm]
  ymax  &=&   1.6500E+00 [cm]
e:

#------------------------------------------------------------------------------
 newpage:
#   no. =463   ix  = 15   iy  =  1
#   x = (   6.0000E-01  -   7.0000E-01  )
#   y = (  -1.6500E+00  -  -1.5500E+00  )

x: z[cm]
y: Dose [Gy/source]      
p: xlin ylog afac(0.8) form(0.9)
h: n            x            y(proton  ),hh0l n 
#  z-lower      z-upper        proton    r.err 
   9.8380E+01   9.8430E+01   0.0000E+00  0.0000
   9.8430E+01   9.8480E+01   0.0000E+00  0.0000
   9.8480E+01   9.8530E+01   0.0000E+00  0.0000
   9.8530E+01   9.8580E+01   2.4764E-05  1.0000

#   sum over    2.0000E-03   6.1910E-06  1.0000

'no. =463,  ix = 15,  iy =  1'
msuc: {\huge Histograma}
msdr: {\it plotted by \ANGEL \version}
msdl: {\it calculated by \PHITS  3.35}
wt: s(0.7)
\vspace{-3}
  xmin  &=&   6.0000E-01 [cm]
  xmax  &=&   7.0000E-01 [cm]
  ymin  &=&  -1.6500E+00 [cm]
  ymax  &=&  -1.5500E+00 [cm]
e:

#------------------------------------------------------------------------------
 newpage:
#   no. =464   ix  = 15   iy  =  2
#   x = (   6.0000E-01  -   7.0000E-01  )
#   y = (  -1.5500E+00  -  -1.4500E+00  )

x: z[cm]
y: Dose [Gy/source]      
p: xlin ylog afac(0.8) form(0.9)
h: n            x            y(proton  ),hh0l n 
#  z-lower      z-upper        proton    r.err 
   9.8380E+01   9.8430E+01   0.0000E+00  0.0000
   9.8430E+01   9.8480E+01   4.0038E-05  1.0000
   9.8480E+01   9.8530E+01   4.0089E-05  1.0000
   9.8530E+01   9.8580E+01   1.1641E-05  1.0000

#   sum over    2.0000E-03   2.2942E-05  1.0000

'no. =464,  ix = 15,  iy =  2'
msuc: {\huge Histograma}
msdr: {\it plotted by \ANGEL \version}
msdl: {\it calculated by \PHITS  3.35}
wt: s(0.7)
\vspace{-3}
  xmin  &=&   6.0000E-01 [cm]
  xmax  &=&   7.0000E-01 [cm]
  ymin  &=&  -1.5500E+00 [cm]
  ymax  &=&  -1.4500E+00 [cm]
e:

#------------------------------------------------------------------------------
 newpage:
#   no. =465   ix  = 15   iy  =  3
#   x = (   6.0000E-01  -   7.0000E-01  )
#   y = (  -1.4500E+00  -  -1.3500E+00  )

x: z[cm]
y: Dose [Gy/source]      
p: xlin ylog afac(0.8) form(0.9)
h: n            x            y(proton  ),hh0l n 
#  z-lower      z-upper        proton    r.err 
   9.8380E+01   9.8430E+01   1.3903E-04  0.6640
   9.8430E+01   9.8480E+01   1.2798E-04  0.5082
   9.8480E+01   9.8530E+01   9.6373E-05  0.5180
   9.8530E+01   9.8580E+01   2.9297E-04  0.5185

#   sum over    2.0000E-03   1.6409E-04  0.3841

'no. =465,  ix = 15,  iy =  3'
msuc: {\huge Histograma}
msdr: {\it plotted by \ANGEL \version}
msdl: {\it calculated by \PHITS  3.35}
wt: s(0.7)
\vspace{-3}
  xmin  &=&   6.0000E-01 [cm]
  xmax  &=&   7.0000E-01 [cm]
  ymin  &=&  -1.4500E+00 [cm]
  ymax  &=&  -1.3500E+00 [cm]
e:

#------------------------------------------------------------------------------
 newpage:
#   no. =466   ix  = 15   iy  =  4
#   x = (   6.0000E-01  -   7.0000E-01  )
#   y = (  -1.3500E+00  -  -1.2500E+00  )

x: z[cm]
y: Dose [Gy/source]      
p: xlin ylog afac(0.8) form(0.9)
h: n            x            y(proton  ),hh0l n 
#  z-lower      z-upper        proton    r.err 
   9.8380E+01   9.8430E+01   2.6040E-01  0.0142
   9.8430E+01   9.8480E+01   2.6404E-01  0.0150
   9.8480E+01   9.8530E+01   2.5861E-01  0.0171
   9.8530E+01   9.8580E+01   4.8048E-02  0.0290

#   sum over    2.0000E-03   2.0778E-01  0.0139

'no. =466,  ix = 15,  iy =  4'
msuc: {\huge Histograma}
msdr: {\it plotted by \ANGEL \version}
msdl: {\it calculated by \PHITS  3.35}
wt: s(0.7)
\vspace{-3}
  xmin  &=&   6.0000E-01 [cm]
  xmax  &=&   7.0000E-01 [cm]
  ymin  &=&  -1.3500E+00 [cm]
  ymax  &=&  -1.2500E+00 [cm]
e:

#------------------------------------------------------------------------------
 newpage:
#   no. =467   ix  = 15   iy  =  5
#   x = (   6.0000E-01  -   7.0000E-01  )
#   y = (  -1.2500E+00  -  -1.1500E+00  )

x: z[cm]
y: Dose [Gy/source]      
p: xlin ylog afac(0.8) form(0.9)
h: n            x            y(proton  ),hh0l n 
#  z-lower      z-upper        proton    r.err 
   9.8380E+01   9.8430E+01   3.7652E-01  0.0117
   9.8430E+01   9.8480E+01   3.8043E-01  0.0125
   9.8480E+01   9.8530E+01   3.6459E-01  0.0144
   9.8530E+01   9.8580E+01   5.2608E-02  0.0236

#   sum over    2.0000E-03   2.9354E-01  0.0115

'no. =467,  ix = 15,  iy =  5'
msuc: {\huge Histograma}
msdr: {\it plotted by \ANGEL \version}
msdl: {\it calculated by \PHITS  3.35}
wt: s(0.7)
\vspace{-3}
  xmin  &=&   6.0000E-01 [cm]
  xmax  &=&   7.0000E-01 [cm]
  ymin  &=&  -1.2500E+00 [cm]
  ymax  &=&  -1.1500E+00 [cm]
e:

#------------------------------------------------------------------------------
 newpage:
#   no. =468   ix  = 15   iy  =  6
#   x = (   6.0000E-01  -   7.0000E-01  )
#   y = (  -1.1500E+00  -  -1.0500E+00  )

x: z[cm]
y: Dose [Gy/source]      
p: xlin ylog afac(0.8) form(0.9)
h: n            x            y(proton  ),hh0l n 
#  z-lower      z-upper        proton    r.err 
   9.8380E+01   9.8430E+01   3.7343E-01  0.0118
   9.8430E+01   9.8480E+01   3.7176E-01  0.0126
   9.8480E+01   9.8530E+01   3.5955E-01  0.0145
   9.8530E+01   9.8580E+01   5.3132E-02  0.0236

#   sum over    2.0000E-03   2.8947E-01  0.0115

'no. =468,  ix = 15,  iy =  6'
msuc: {\huge Histograma}
msdr: {\it plotted by \ANGEL \version}
msdl: {\it calculated by \PHITS  3.35}
wt: s(0.7)
\vspace{-3}
  xmin  &=&   6.0000E-01 [cm]
  xmax  &=&   7.0000E-01 [cm]
  ymin  &=&  -1.1500E+00 [cm]
  ymax  &=&  -1.0500E+00 [cm]
e:

#------------------------------------------------------------------------------
 newpage:
#   no. =469   ix  = 15   iy  =  7
#   x = (   6.0000E-01  -   7.0000E-01  )
#   y = (  -1.0500E+00  -  -9.5000E-01  )

x: z[cm]
y: Dose [Gy/source]      
p: xlin ylog afac(0.8) form(0.9)
h: n            x            y(proton  ),hh0l n 
#  z-lower      z-upper        proton    r.err 
   9.8380E+01   9.8430E+01   3.6840E-01  0.0118
   9.8430E+01   9.8480E+01   3.6179E-01  0.0127
   9.8480E+01   9.8530E+01   3.5101E-01  0.0146
   9.8530E+01   9.8580E+01   5.7573E-02  0.0231

#   sum over    2.0000E-03   2.8469E-01  0.0116

'no. =469,  ix = 15,  iy =  7'
msuc: {\huge Histograma}
msdr: {\it plotted by \ANGEL \version}
msdl: {\it calculated by \PHITS  3.35}
wt: s(0.7)
\vspace{-3}
  xmin  &=&   6.0000E-01 [cm]
  xmax  &=&   7.0000E-01 [cm]
  ymin  &=&  -1.0500E+00 [cm]
  ymax  &=&  -9.5000E-01 [cm]
e:

#------------------------------------------------------------------------------
 newpage:
#   no. =470   ix  = 15   iy  =  8
#   x = (   6.0000E-01  -   7.0000E-01  )
#   y = (  -9.5000E-01  -  -8.5000E-01  )

x: z[cm]
y: Dose [Gy/source]      
p: xlin ylog afac(0.8) form(0.9)
h: n            x            y(proton  ),hh0l n 
#  z-lower      z-upper        proton    r.err 
   9.8380E+01   9.8430E+01   3.6736E-01  0.0118
   9.8430E+01   9.8480E+01   3.6660E-01  0.0127
   9.8480E+01   9.8530E+01   3.5043E-01  0.0146
   9.8530E+01   9.8580E+01   5.6295E-02  0.0234

#   sum over    2.0000E-03   2.8517E-01  0.0116

'no. =470,  ix = 15,  iy =  8'
msuc: {\huge Histograma}
msdr: {\it plotted by \ANGEL \version}
msdl: {\it calculated by \PHITS  3.35}
wt: s(0.7)
\vspace{-3}
  xmin  &=&   6.0000E-01 [cm]
  xmax  &=&   7.0000E-01 [cm]
  ymin  &=&  -9.5000E-01 [cm]
  ymax  &=&  -8.5000E-01 [cm]
e:

#------------------------------------------------------------------------------
 newpage:
#   no. =471   ix  = 15   iy  =  9
#   x = (   6.0000E-01  -   7.0000E-01  )
#   y = (  -8.5000E-01  -  -7.5000E-01  )

x: z[cm]
y: Dose [Gy/source]      
p: xlin ylog afac(0.8) form(0.9)
h: n            x            y(proton  ),hh0l n 
#  z-lower      z-upper        proton    r.err 
   9.8380E+01   9.8430E+01   3.6079E-01  0.0120
   9.8430E+01   9.8480E+01   3.5105E-01  0.0129
   9.8480E+01   9.8530E+01   3.3348E-01  0.0149
   9.8530E+01   9.8580E+01   5.7252E-02  0.0234

#   sum over    2.0000E-03   2.7565E-01  0.0118

'no. =471,  ix = 15,  iy =  9'
msuc: {\huge Histograma}
msdr: {\it plotted by \ANGEL \version}
msdl: {\it calculated by \PHITS  3.35}
wt: s(0.7)
\vspace{-3}
  xmin  &=&   6.0000E-01 [cm]
  xmax  &=&   7.0000E-01 [cm]
  ymin  &=&  -8.5000E-01 [cm]
  ymax  &=&  -7.5000E-01 [cm]
e:

#------------------------------------------------------------------------------
 newpage:
#   no. =472   ix  = 15   iy  = 10
#   x = (   6.0000E-01  -   7.0000E-01  )
#   y = (  -7.5000E-01  -  -6.5000E-01  )

x: z[cm]
y: Dose [Gy/source]      
p: xlin ylog afac(0.8) form(0.9)
h: n            x            y(proton  ),hh0l n 
#  z-lower      z-upper        proton    r.err 
   9.8380E+01   9.8430E+01   3.7069E-01  0.0118
   9.8430E+01   9.8480E+01   3.7100E-01  0.0126
   9.8480E+01   9.8530E+01   3.4905E-01  0.0146
   9.8530E+01   9.8580E+01   5.9206E-02  0.0230

#   sum over    2.0000E-03   2.8749E-01  0.0116

'no. =472,  ix = 15,  iy = 10'
msuc: {\huge Histograma}
msdr: {\it plotted by \ANGEL \version}
msdl: {\it calculated by \PHITS  3.35}
wt: s(0.7)
\vspace{-3}
  xmin  &=&   6.0000E-01 [cm]
  xmax  &=&   7.0000E-01 [cm]
  ymin  &=&  -7.5000E-01 [cm]
  ymax  &=&  -6.5000E-01 [cm]
e:

#------------------------------------------------------------------------------
 newpage:
#   no. =473   ix  = 15   iy  = 11
#   x = (   6.0000E-01  -   7.0000E-01  )
#   y = (  -6.5000E-01  -  -5.5000E-01  )

x: z[cm]
y: Dose [Gy/source]      
p: xlin ylog afac(0.8) form(0.9)
h: n            x            y(proton  ),hh0l n 
#  z-lower      z-upper        proton    r.err 
   9.8380E+01   9.8430E+01   3.7124E-01  0.0118
   9.8430E+01   9.8480E+01   3.6347E-01  0.0127
   9.8480E+01   9.8530E+01   3.4280E-01  0.0147
   9.8530E+01   9.8580E+01   6.0847E-02  0.0226

#   sum over    2.0000E-03   2.8459E-01  0.0116

'no. =473,  ix = 15,  iy = 11'
msuc: {\huge Histograma}
msdr: {\it plotted by \ANGEL \version}
msdl: {\it calculated by \PHITS  3.35}
wt: s(0.7)
\vspace{-3}
  xmin  &=&   6.0000E-01 [cm]
  xmax  &=&   7.0000E-01 [cm]
  ymin  &=&  -6.5000E-01 [cm]
  ymax  &=&  -5.5000E-01 [cm]
e:

#------------------------------------------------------------------------------
 newpage:
#   no. =474   ix  = 15   iy  = 12
#   x = (   6.0000E-01  -   7.0000E-01  )
#   y = (  -5.5000E-01  -  -4.5000E-01  )

x: z[cm]
y: Dose [Gy/source]      
p: xlin ylog afac(0.8) form(0.9)
h: n            x            y(proton  ),hh0l n 
#  z-lower      z-upper        proton    r.err 
   9.8380E+01   9.8430E+01   3.7232E-01  0.0118
   9.8430E+01   9.8480E+01   3.6546E-01  0.0127
   9.8480E+01   9.8530E+01   3.4758E-01  0.0146
   9.8530E+01   9.8580E+01   6.0094E-02  0.0228

#   sum over    2.0000E-03   2.8637E-01  0.0116

'no. =474,  ix = 15,  iy = 12'
msuc: {\huge Histograma}
msdr: {\it plotted by \ANGEL \version}
msdl: {\it calculated by \PHITS  3.35}
wt: s(0.7)
\vspace{-3}
  xmin  &=&   6.0000E-01 [cm]
  xmax  &=&   7.0000E-01 [cm]
  ymin  &=&  -5.5000E-01 [cm]
  ymax  &=&  -4.5000E-01 [cm]
e:

#------------------------------------------------------------------------------
 newpage:
#   no. =475   ix  = 15   iy  = 13
#   x = (   6.0000E-01  -   7.0000E-01  )
#   y = (  -4.5000E-01  -  -3.5000E-01  )

x: z[cm]
y: Dose [Gy/source]      
p: xlin ylog afac(0.8) form(0.9)
h: n            x            y(proton  ),hh0l n 
#  z-lower      z-upper        proton    r.err 
   9.8380E+01   9.8430E+01   3.6030E-01  0.0120
   9.8430E+01   9.8480E+01   3.5556E-01  0.0129
   9.8480E+01   9.8530E+01   3.3709E-01  0.0148
   9.8530E+01   9.8580E+01   5.7556E-02  0.0234

#   sum over    2.0000E-03   2.7762E-01  0.0118

'no. =475,  ix = 15,  iy = 13'
msuc: {\huge Histograma}
msdr: {\it plotted by \ANGEL \version}
msdl: {\it calculated by \PHITS  3.35}
wt: s(0.7)
\vspace{-3}
  xmin  &=&   6.0000E-01 [cm]
  xmax  &=&   7.0000E-01 [cm]
  ymin  &=&  -4.5000E-01 [cm]
  ymax  &=&  -3.5000E-01 [cm]
e:

#------------------------------------------------------------------------------
 newpage:
#   no. =476   ix  = 15   iy  = 14
#   x = (   6.0000E-01  -   7.0000E-01  )
#   y = (  -3.5000E-01  -  -2.5000E-01  )

x: z[cm]
y: Dose [Gy/source]      
p: xlin ylog afac(0.8) form(0.9)
h: n            x            y(proton  ),hh0l n 
#  z-lower      z-upper        proton    r.err 
   9.8380E+01   9.8430E+01   3.6248E-01  0.0120
   9.8430E+01   9.8480E+01   3.5568E-01  0.0129
   9.8480E+01   9.8530E+01   3.3034E-01  0.0150
   9.8530E+01   9.8580E+01   5.5819E-02  0.0238

#   sum over    2.0000E-03   2.7608E-01  0.0118

'no. =476,  ix = 15,  iy = 14'
msuc: {\huge Histograma}
msdr: {\it plotted by \ANGEL \version}
msdl: {\it calculated by \PHITS  3.35}
wt: s(0.7)
\vspace{-3}
  xmin  &=&   6.0000E-01 [cm]
  xmax  &=&   7.0000E-01 [cm]
  ymin  &=&  -3.5000E-01 [cm]
  ymax  &=&  -2.5000E-01 [cm]
e:

#------------------------------------------------------------------------------
 newpage:
#   no. =477   ix  = 15   iy  = 15
#   x = (   6.0000E-01  -   7.0000E-01  )
#   y = (  -2.5000E-01  -  -1.5000E-01  )

x: z[cm]
y: Dose [Gy/source]      
p: xlin ylog afac(0.8) form(0.9)
h: n            x            y(proton  ),hh0l n 
#  z-lower      z-upper        proton    r.err 
   9.8380E+01   9.8430E+01   3.5954E-01  0.0119
   9.8430E+01   9.8480E+01   3.5952E-01  0.0128
   9.8480E+01   9.8530E+01   3.4152E-01  0.0147
   9.8530E+01   9.8580E+01   5.7999E-02  0.0232

#   sum over    2.0000E-03   2.7964E-01  0.0117

'no. =477,  ix = 15,  iy = 15'
msuc: {\huge Histograma}
msdr: {\it plotted by \ANGEL \version}
msdl: {\it calculated by \PHITS  3.35}
wt: s(0.7)
\vspace{-3}
  xmin  &=&   6.0000E-01 [cm]
  xmax  &=&   7.0000E-01 [cm]
  ymin  &=&  -2.5000E-01 [cm]
  ymax  &=&  -1.5000E-01 [cm]
e:

#------------------------------------------------------------------------------
 newpage:
#   no. =478   ix  = 15   iy  = 16
#   x = (   6.0000E-01  -   7.0000E-01  )
#   y = (  -1.5000E-01  -  -5.0000E-02  )

x: z[cm]
y: Dose [Gy/source]      
p: xlin ylog afac(0.8) form(0.9)
h: n            x            y(proton  ),hh0l n 
#  z-lower      z-upper        proton    r.err 
   9.8380E+01   9.8430E+01   3.6842E-01  0.0119
   9.8430E+01   9.8480E+01   3.6027E-01  0.0128
   9.8480E+01   9.8530E+01   3.4170E-01  0.0147
   9.8530E+01   9.8580E+01   5.8181E-02  0.0232

#   sum over    2.0000E-03   2.8214E-01  0.0117

'no. =478,  ix = 15,  iy = 16'
msuc: {\huge Histograma}
msdr: {\it plotted by \ANGEL \version}
msdl: {\it calculated by \PHITS  3.35}
wt: s(0.7)
\vspace{-3}
  xmin  &=&   6.0000E-01 [cm]
  xmax  &=&   7.0000E-01 [cm]
  ymin  &=&  -1.5000E-01 [cm]
  ymax  &=&  -5.0000E-02 [cm]
e:

#------------------------------------------------------------------------------
 newpage:
#   no. =479   ix  = 15   iy  = 17
#   x = (   6.0000E-01  -   7.0000E-01  )
#   y = (  -5.0000E-02  -   5.0000E-02  )

x: z[cm]
y: Dose [Gy/source]      
p: xlin ylog afac(0.8) form(0.9)
h: n            x            y(proton  ),hh0l n 
#  z-lower      z-upper        proton    r.err 
   9.8380E+01   9.8430E+01   3.6075E-01  0.0120
   9.8430E+01   9.8480E+01   3.5806E-01  0.0129
   9.8480E+01   9.8530E+01   3.3293E-01  0.0149
   9.8530E+01   9.8580E+01   5.6826E-02  0.0236

#   sum over    2.0000E-03   2.7714E-01  0.0118

'no. =479,  ix = 15,  iy = 17'
msuc: {\huge Histograma}
msdr: {\it plotted by \ANGEL \version}
msdl: {\it calculated by \PHITS  3.35}
wt: s(0.7)
\vspace{-3}
  xmin  &=&   6.0000E-01 [cm]
  xmax  &=&   7.0000E-01 [cm]
  ymin  &=&  -5.0000E-02 [cm]
  ymax  &=&   5.0000E-02 [cm]
e:

#------------------------------------------------------------------------------
 newpage:
#   no. =480   ix  = 15   iy  = 18
#   x = (   6.0000E-01  -   7.0000E-01  )
#   y = (   5.0000E-02  -   1.5000E-01  )

x: z[cm]
y: Dose [Gy/source]      
p: xlin ylog afac(0.8) form(0.9)
h: n            x            y(proton  ),hh0l n 
#  z-lower      z-upper        proton    r.err 
   9.8380E+01   9.8430E+01   3.6421E-01  0.0119
   9.8430E+01   9.8480E+01   3.5705E-01  0.0128
   9.8480E+01   9.8530E+01   3.4044E-01  0.0148
   9.8530E+01   9.8580E+01   5.9431E-02  0.0231

#   sum over    2.0000E-03   2.8028E-01  0.0117

'no. =480,  ix = 15,  iy = 18'
msuc: {\huge Histograma}
msdr: {\it plotted by \ANGEL \version}
msdl: {\it calculated by \PHITS  3.35}
wt: s(0.7)
\vspace{-3}
  xmin  &=&   6.0000E-01 [cm]
  xmax  &=&   7.0000E-01 [cm]
  ymin  &=&   5.0000E-02 [cm]
  ymax  &=&   1.5000E-01 [cm]
e:

#------------------------------------------------------------------------------
 newpage:
#   no. =481   ix  = 15   iy  = 19
#   x = (   6.0000E-01  -   7.0000E-01  )
#   y = (   1.5000E-01  -   2.5000E-01  )

x: z[cm]
y: Dose [Gy/source]      
p: xlin ylog afac(0.8) form(0.9)
h: n            x            y(proton  ),hh0l n 
#  z-lower      z-upper        proton    r.err 
   9.8380E+01   9.8430E+01   3.5396E-01  0.0120
   9.8430E+01   9.8480E+01   3.5368E-01  0.0129
   9.8480E+01   9.8530E+01   3.4233E-01  0.0147
   9.8530E+01   9.8580E+01   5.8380E-02  0.0232

#   sum over    2.0000E-03   2.7709E-01  0.0118

'no. =481,  ix = 15,  iy = 19'
msuc: {\huge Histograma}
msdr: {\it plotted by \ANGEL \version}
msdl: {\it calculated by \PHITS  3.35}
wt: s(0.7)
\vspace{-3}
  xmin  &=&   6.0000E-01 [cm]
  xmax  &=&   7.0000E-01 [cm]
  ymin  &=&   1.5000E-01 [cm]
  ymax  &=&   2.5000E-01 [cm]
e:

#------------------------------------------------------------------------------
 newpage:
#   no. =482   ix  = 15   iy  = 20
#   x = (   6.0000E-01  -   7.0000E-01  )
#   y = (   2.5000E-01  -   3.5000E-01  )

x: z[cm]
y: Dose [Gy/source]      
p: xlin ylog afac(0.8) form(0.9)
h: n            x            y(proton  ),hh0l n 
#  z-lower      z-upper        proton    r.err 
   9.8380E+01   9.8430E+01   3.5881E-01  0.0120
   9.8430E+01   9.8480E+01   3.5853E-01  0.0128
   9.8480E+01   9.8530E+01   3.4489E-01  0.0146
   9.8530E+01   9.8580E+01   5.7952E-02  0.0232

#   sum over    2.0000E-03   2.8004E-01  0.0117

'no. =482,  ix = 15,  iy = 20'
msuc: {\huge Histograma}
msdr: {\it plotted by \ANGEL \version}
msdl: {\it calculated by \PHITS  3.35}
wt: s(0.7)
\vspace{-3}
  xmin  &=&   6.0000E-01 [cm]
  xmax  &=&   7.0000E-01 [cm]
  ymin  &=&   2.5000E-01 [cm]
  ymax  &=&   3.5000E-01 [cm]
e:

#------------------------------------------------------------------------------
 newpage:
#   no. =483   ix  = 15   iy  = 21
#   x = (   6.0000E-01  -   7.0000E-01  )
#   y = (   3.5000E-01  -   4.5000E-01  )

x: z[cm]
y: Dose [Gy/source]      
p: xlin ylog afac(0.8) form(0.9)
h: n            x            y(proton  ),hh0l n 
#  z-lower      z-upper        proton    r.err 
   9.8380E+01   9.8430E+01   3.6095E-01  0.0119
   9.8430E+01   9.8480E+01   3.5856E-01  0.0128
   9.8480E+01   9.8530E+01   3.4334E-01  0.0147
   9.8530E+01   9.8580E+01   5.8013E-02  0.0232

#   sum over    2.0000E-03   2.8021E-01  0.0117

'no. =483,  ix = 15,  iy = 21'
msuc: {\huge Histograma}
msdr: {\it plotted by \ANGEL \version}
msdl: {\it calculated by \PHITS  3.35}
wt: s(0.7)
\vspace{-3}
  xmin  &=&   6.0000E-01 [cm]
  xmax  &=&   7.0000E-01 [cm]
  ymin  &=&   3.5000E-01 [cm]
  ymax  &=&   4.5000E-01 [cm]
e:

#------------------------------------------------------------------------------
 newpage:
#   no. =484   ix  = 15   iy  = 22
#   x = (   6.0000E-01  -   7.0000E-01  )
#   y = (   4.5000E-01  -   5.5000E-01  )

x: z[cm]
y: Dose [Gy/source]      
p: xlin ylog afac(0.8) form(0.9)
h: n            x            y(proton  ),hh0l n 
#  z-lower      z-upper        proton    r.err 
   9.8380E+01   9.8430E+01   3.6087E-01  0.0120
   9.8430E+01   9.8480E+01   3.5376E-01  0.0129
   9.8480E+01   9.8530E+01   3.3856E-01  0.0148
   9.8530E+01   9.8580E+01   5.8057E-02  0.0233

#   sum over    2.0000E-03   2.7781E-01  0.0118

'no. =484,  ix = 15,  iy = 22'
msuc: {\huge Histograma}
msdr: {\it plotted by \ANGEL \version}
msdl: {\it calculated by \PHITS  3.35}
wt: s(0.7)
\vspace{-3}
  xmin  &=&   6.0000E-01 [cm]
  xmax  &=&   7.0000E-01 [cm]
  ymin  &=&   4.5000E-01 [cm]
  ymax  &=&   5.5000E-01 [cm]
e:

#------------------------------------------------------------------------------
 newpage:
#   no. =485   ix  = 15   iy  = 23
#   x = (   6.0000E-01  -   7.0000E-01  )
#   y = (   5.5000E-01  -   6.5000E-01  )

x: z[cm]
y: Dose [Gy/source]      
p: xlin ylog afac(0.8) form(0.9)
h: n            x            y(proton  ),hh0l n 
#  z-lower      z-upper        proton    r.err 
   9.8380E+01   9.8430E+01   3.6090E-01  0.0119
   9.8430E+01   9.8480E+01   3.5833E-01  0.0128
   9.8480E+01   9.8530E+01   3.4547E-01  0.0147
   9.8530E+01   9.8580E+01   5.6678E-02  0.0234

#   sum over    2.0000E-03   2.8034E-01  0.0117

'no. =485,  ix = 15,  iy = 23'
msuc: {\huge Histograma}
msdr: {\it plotted by \ANGEL \version}
msdl: {\it calculated by \PHITS  3.35}
wt: s(0.7)
\vspace{-3}
  xmin  &=&   6.0000E-01 [cm]
  xmax  &=&   7.0000E-01 [cm]
  ymin  &=&   5.5000E-01 [cm]
  ymax  &=&   6.5000E-01 [cm]
e:

#------------------------------------------------------------------------------
 newpage:
#   no. =486   ix  = 15   iy  = 24
#   x = (   6.0000E-01  -   7.0000E-01  )
#   y = (   6.5000E-01  -   7.5000E-01  )

x: z[cm]
y: Dose [Gy/source]      
p: xlin ylog afac(0.8) form(0.9)
h: n            x            y(proton  ),hh0l n 
#  z-lower      z-upper        proton    r.err 
   9.8380E+01   9.8430E+01   3.6223E-01  0.0119
   9.8430E+01   9.8480E+01   3.5976E-01  0.0128
   9.8480E+01   9.8530E+01   3.4683E-01  0.0146
   9.8530E+01   9.8580E+01   5.8070E-02  0.0232

#   sum over    2.0000E-03   2.8172E-01  0.0117

'no. =486,  ix = 15,  iy = 24'
msuc: {\huge Histograma}
msdr: {\it plotted by \ANGEL \version}
msdl: {\it calculated by \PHITS  3.35}
wt: s(0.7)
\vspace{-3}
  xmin  &=&   6.0000E-01 [cm]
  xmax  &=&   7.0000E-01 [cm]
  ymin  &=&   6.5000E-01 [cm]
  ymax  &=&   7.5000E-01 [cm]
e:

#------------------------------------------------------------------------------
 newpage:
#   no. =487   ix  = 15   iy  = 25
#   x = (   6.0000E-01  -   7.0000E-01  )
#   y = (   7.5000E-01  -   8.5000E-01  )

x: z[cm]
y: Dose [Gy/source]      
p: xlin ylog afac(0.8) form(0.9)
h: n            x            y(proton  ),hh0l n 
#  z-lower      z-upper        proton    r.err 
   9.8380E+01   9.8430E+01   3.6612E-01  0.0118
   9.8430E+01   9.8480E+01   3.6351E-01  0.0127
   9.8480E+01   9.8530E+01   3.4706E-01  0.0146
   9.8530E+01   9.8580E+01   5.8037E-02  0.0232

#   sum over    2.0000E-03   2.8368E-01  0.0117

'no. =487,  ix = 15,  iy = 25'
msuc: {\huge Histograma}
msdr: {\it plotted by \ANGEL \version}
msdl: {\it calculated by \PHITS  3.35}
wt: s(0.7)
\vspace{-3}
  xmin  &=&   6.0000E-01 [cm]
  xmax  &=&   7.0000E-01 [cm]
  ymin  &=&   7.5000E-01 [cm]
  ymax  &=&   8.5000E-01 [cm]
e:

#------------------------------------------------------------------------------
 newpage:
#   no. =488   ix  = 15   iy  = 26
#   x = (   6.0000E-01  -   7.0000E-01  )
#   y = (   8.5000E-01  -   9.5000E-01  )

x: z[cm]
y: Dose [Gy/source]      
p: xlin ylog afac(0.8) form(0.9)
h: n            x            y(proton  ),hh0l n 
#  z-lower      z-upper        proton    r.err 
   9.8380E+01   9.8430E+01   3.6528E-01  0.0119
   9.8430E+01   9.8480E+01   3.6008E-01  0.0128
   9.8480E+01   9.8530E+01   3.4797E-01  0.0147
   9.8530E+01   9.8580E+01   5.6925E-02  0.0233

#   sum over    2.0000E-03   2.8256E-01  0.0117

'no. =488,  ix = 15,  iy = 26'
msuc: {\huge Histograma}
msdr: {\it plotted by \ANGEL \version}
msdl: {\it calculated by \PHITS  3.35}
wt: s(0.7)
\vspace{-3}
  xmin  &=&   6.0000E-01 [cm]
  xmax  &=&   7.0000E-01 [cm]
  ymin  &=&   8.5000E-01 [cm]
  ymax  &=&   9.5000E-01 [cm]
e:

#------------------------------------------------------------------------------
 newpage:
#   no. =489   ix  = 15   iy  = 27
#   x = (   6.0000E-01  -   7.0000E-01  )
#   y = (   9.5000E-01  -   1.0500E+00  )

x: z[cm]
y: Dose [Gy/source]      
p: xlin ylog afac(0.8) form(0.9)
h: n            x            y(proton  ),hh0l n 
#  z-lower      z-upper        proton    r.err 
   9.8380E+01   9.8430E+01   3.7246E-01  0.0118
   9.8430E+01   9.8480E+01   3.7347E-01  0.0126
   9.8480E+01   9.8530E+01   3.5153E-01  0.0146
   9.8530E+01   9.8580E+01   5.4304E-02  0.0237

#   sum over    2.0000E-03   2.8794E-01  0.0116

'no. =489,  ix = 15,  iy = 27'
msuc: {\huge Histograma}
msdr: {\it plotted by \ANGEL \version}
msdl: {\it calculated by \PHITS  3.35}
wt: s(0.7)
\vspace{-3}
  xmin  &=&   6.0000E-01 [cm]
  xmax  &=&   7.0000E-01 [cm]
  ymin  &=&   9.5000E-01 [cm]
  ymax  &=&   1.0500E+00 [cm]
e:

#------------------------------------------------------------------------------
 newpage:
#   no. =490   ix  = 15   iy  = 28
#   x = (   6.0000E-01  -   7.0000E-01  )
#   y = (   1.0500E+00  -   1.1500E+00  )

x: z[cm]
y: Dose [Gy/source]      
p: xlin ylog afac(0.8) form(0.9)
h: n            x            y(proton  ),hh0l n 
#  z-lower      z-upper        proton    r.err 
   9.8380E+01   9.8430E+01   3.7333E-01  0.0118
   9.8430E+01   9.8480E+01   3.6827E-01  0.0127
   9.8480E+01   9.8530E+01   3.4720E-01  0.0147
   9.8530E+01   9.8580E+01   5.2566E-02  0.0239

#   sum over    2.0000E-03   2.8534E-01  0.0116

'no. =490,  ix = 15,  iy = 28'
msuc: {\huge Histograma}
msdr: {\it plotted by \ANGEL \version}
msdl: {\it calculated by \PHITS  3.35}
wt: s(0.7)
\vspace{-3}
  xmin  &=&   6.0000E-01 [cm]
  xmax  &=&   7.0000E-01 [cm]
  ymin  &=&   1.0500E+00 [cm]
  ymax  &=&   1.1500E+00 [cm]
e:

#------------------------------------------------------------------------------
 newpage:
#   no. =491   ix  = 15   iy  = 29
#   x = (   6.0000E-01  -   7.0000E-01  )
#   y = (   1.1500E+00  -   1.2500E+00  )

x: z[cm]
y: Dose [Gy/source]      
p: xlin ylog afac(0.8) form(0.9)
h: n            x            y(proton  ),hh0l n 
#  z-lower      z-upper        proton    r.err 
   9.8380E+01   9.8430E+01   3.7346E-01  0.0118
   9.8430E+01   9.8480E+01   3.6575E-01  0.0127
   9.8480E+01   9.8530E+01   3.5935E-01  0.0145
   9.8530E+01   9.8580E+01   5.3695E-02  0.0236

#   sum over    2.0000E-03   2.8806E-01  0.0116

'no. =491,  ix = 15,  iy = 29'
msuc: {\huge Histograma}
msdr: {\it plotted by \ANGEL \version}
msdl: {\it calculated by \PHITS  3.35}
wt: s(0.7)
\vspace{-3}
  xmin  &=&   6.0000E-01 [cm]
  xmax  &=&   7.0000E-01 [cm]
  ymin  &=&   1.1500E+00 [cm]
  ymax  &=&   1.2500E+00 [cm]
e:

#------------------------------------------------------------------------------
 newpage:
#   no. =492   ix  = 15   iy  = 30
#   x = (   6.0000E-01  -   7.0000E-01  )
#   y = (   1.2500E+00  -   1.3500E+00  )

x: z[cm]
y: Dose [Gy/source]      
p: xlin ylog afac(0.8) form(0.9)
h: n            x            y(proton  ),hh0l n 
#  z-lower      z-upper        proton    r.err 
   9.8380E+01   9.8430E+01   3.7179E-01  0.0118
   9.8430E+01   9.8480E+01   3.6955E-01  0.0127
   9.8480E+01   9.8530E+01   3.5163E-01  0.0146
   9.8530E+01   9.8580E+01   5.3915E-02  0.0236

#   sum over    2.0000E-03   2.8672E-01  0.0116

'no. =492,  ix = 15,  iy = 30'
msuc: {\huge Histograma}
msdr: {\it plotted by \ANGEL \version}
msdl: {\it calculated by \PHITS  3.35}
wt: s(0.7)
\vspace{-3}
  xmin  &=&   6.0000E-01 [cm]
  xmax  &=&   7.0000E-01 [cm]
  ymin  &=&   1.2500E+00 [cm]
  ymax  &=&   1.3500E+00 [cm]
e:

#------------------------------------------------------------------------------
 newpage:
#   no. =493   ix  = 15   iy  = 31
#   x = (   6.0000E-01  -   7.0000E-01  )
#   y = (   1.3500E+00  -   1.4500E+00  )

x: z[cm]
y: Dose [Gy/source]      
p: xlin ylog afac(0.8) form(0.9)
h: n            x            y(proton  ),hh0l n 
#  z-lower      z-upper        proton    r.err 
   9.8380E+01   9.8430E+01   3.7378E-01  0.0118
   9.8430E+01   9.8480E+01   3.6828E-01  0.0126
   9.8480E+01   9.8530E+01   3.5670E-01  0.0145
   9.8530E+01   9.8580E+01   5.4286E-02  0.0234

#   sum over    2.0000E-03   2.8826E-01  0.0116

'no. =493,  ix = 15,  iy = 31'
msuc: {\huge Histograma}
msdr: {\it plotted by \ANGEL \version}
msdl: {\it calculated by \PHITS  3.35}
wt: s(0.7)
\vspace{-3}
  xmin  &=&   6.0000E-01 [cm]
  xmax  &=&   7.0000E-01 [cm]
  ymin  &=&   1.3500E+00 [cm]
  ymax  &=&   1.4500E+00 [cm]
e:

#------------------------------------------------------------------------------
 newpage:
#   no. =494   ix  = 15   iy  = 32
#   x = (   6.0000E-01  -   7.0000E-01  )
#   y = (   1.4500E+00  -   1.5500E+00  )

x: z[cm]
y: Dose [Gy/source]      
p: xlin ylog afac(0.8) form(0.9)
h: n            x            y(proton  ),hh0l n 
#  z-lower      z-upper        proton    r.err 
   9.8380E+01   9.8430E+01   3.8125E-01  0.0116
   9.8430E+01   9.8480E+01   3.7894E-01  0.0125
   9.8480E+01   9.8530E+01   3.6158E-01  0.0144
   9.8530E+01   9.8580E+01   5.4562E-02  0.0234

#   sum over    2.0000E-03   2.9408E-01  0.0114

'no. =494,  ix = 15,  iy = 32'
msuc: {\huge Histograma}
msdr: {\it plotted by \ANGEL \version}
msdl: {\it calculated by \PHITS  3.35}
wt: s(0.7)
\vspace{-3}
  xmin  &=&   6.0000E-01 [cm]
  xmax  &=&   7.0000E-01 [cm]
  ymin  &=&   1.4500E+00 [cm]
  ymax  &=&   1.5500E+00 [cm]
e:

#------------------------------------------------------------------------------
 newpage:
#   no. =495   ix  = 15   iy  = 33
#   x = (   6.0000E-01  -   7.0000E-01  )
#   y = (   1.5500E+00  -   1.6500E+00  )

x: z[cm]
y: Dose [Gy/source]      
p: xlin ylog afac(0.8) form(0.9)
h: n            x            y(proton  ),hh0l n 
#  z-lower      z-upper        proton    r.err 
   9.8380E+01   9.8430E+01   3.6947E-01  0.0118
   9.8430E+01   9.8480E+01   3.7235E-01  0.0126
   9.8480E+01   9.8530E+01   3.5934E-01  0.0145
   9.8530E+01   9.8580E+01   5.2774E-02  0.0237

#   sum over    2.0000E-03   2.8848E-01  0.0116

'no. =495,  ix = 15,  iy = 33'
msuc: {\huge Histograma}
msdr: {\it plotted by \ANGEL \version}
msdl: {\it calculated by \PHITS  3.35}
wt: s(0.7)
\vspace{-3}
  xmin  &=&   6.0000E-01 [cm]
  xmax  &=&   7.0000E-01 [cm]
  ymin  &=&   1.5500E+00 [cm]
  ymax  &=&   1.6500E+00 [cm]
e:

#------------------------------------------------------------------------------
 newpage:
#   no. =496   ix  = 16   iy  =  1
#   x = (   7.0000E-01  -   8.0000E-01  )
#   y = (  -1.6500E+00  -  -1.5500E+00  )

x: z[cm]
y: Dose [Gy/source]      
p: xlin ylog afac(0.8) form(0.9)
h: n            x            y(proton  ),hh0l n 
#  z-lower      z-upper        proton    r.err 
   9.8380E+01   9.8430E+01   0.0000E+00  0.0000
   9.8430E+01   9.8480E+01   0.0000E+00  0.0000
   9.8480E+01   9.8530E+01   2.2772E-05  1.0000
   9.8530E+01   9.8580E+01   9.6828E-05  0.8268

#   sum over    2.0000E-03   2.9900E-05  0.7383

'no. =496,  ix = 16,  iy =  1'
msuc: {\huge Histograma}
msdr: {\it plotted by \ANGEL \version}
msdl: {\it calculated by \PHITS  3.35}
wt: s(0.7)
\vspace{-3}
  xmin  &=&   7.0000E-01 [cm]
  xmax  &=&   8.0000E-01 [cm]
  ymin  &=&  -1.6500E+00 [cm]
  ymax  &=&  -1.5500E+00 [cm]
e:

#------------------------------------------------------------------------------
 newpage:
#   no. =497   ix  = 16   iy  =  2
#   x = (   7.0000E-01  -   8.0000E-01  )
#   y = (  -1.5500E+00  -  -1.4500E+00  )

x: z[cm]
y: Dose [Gy/source]      
p: xlin ylog afac(0.8) form(0.9)
h: n            x            y(proton  ),hh0l n 
#  z-lower      z-upper        proton    r.err 
   9.8380E+01   9.8430E+01   0.0000E+00  0.0000
   9.8430E+01   9.8480E+01   4.3683E-05  1.0000
   9.8480E+01   9.8530E+01   6.3577E-05  0.7486
   9.8530E+01   9.8580E+01   3.2843E-04  0.6952

#   sum over    2.0000E-03   1.0892E-04  0.6015

'no. =497,  ix = 16,  iy =  2'
msuc: {\huge Histograma}
msdr: {\it plotted by \ANGEL \version}
msdl: {\it calculated by \PHITS  3.35}
wt: s(0.7)
\vspace{-3}
  xmin  &=&   7.0000E-01 [cm]
  xmax  &=&   8.0000E-01 [cm]
  ymin  &=&  -1.5500E+00 [cm]
  ymax  &=&  -1.4500E+00 [cm]
e:

#------------------------------------------------------------------------------
 newpage:
#   no. =498   ix  = 16   iy  =  3
#   x = (   7.0000E-01  -   8.0000E-01  )
#   y = (  -1.4500E+00  -  -1.3500E+00  )

x: z[cm]
y: Dose [Gy/source]      
p: xlin ylog afac(0.8) form(0.9)
h: n            x            y(proton  ),hh0l n 
#  z-lower      z-upper        proton    r.err 
   9.8380E+01   9.8430E+01   1.9748E-05  0.7310
   9.8430E+01   9.8480E+01   2.2606E-04  0.5662
   9.8480E+01   9.8530E+01   2.9888E-04  0.4634
   9.8530E+01   9.8580E+01   2.9296E-04  0.4207

#   sum over    2.0000E-03   2.0941E-04  0.3476

'no. =498,  ix = 16,  iy =  3'
msuc: {\huge Histograma}
msdr: {\it plotted by \ANGEL \version}
msdl: {\it calculated by \PHITS  3.35}
wt: s(0.7)
\vspace{-3}
  xmin  &=&   7.0000E-01 [cm]
  xmax  &=&   8.0000E-01 [cm]
  ymin  &=&  -1.4500E+00 [cm]
  ymax  &=&  -1.3500E+00 [cm]
e:

#------------------------------------------------------------------------------
 newpage:
#   no. =499   ix  = 16   iy  =  4
#   x = (   7.0000E-01  -   8.0000E-01  )
#   y = (  -1.3500E+00  -  -1.2500E+00  )

x: z[cm]
y: Dose [Gy/source]      
p: xlin ylog afac(0.8) form(0.9)
h: n            x            y(proton  ),hh0l n 
#  z-lower      z-upper        proton    r.err 
   9.8380E+01   9.8430E+01   2.6510E-01  0.0142
   9.8430E+01   9.8480E+01   2.6112E-01  0.0152
   9.8480E+01   9.8530E+01   2.5105E-01  0.0174
   9.8530E+01   9.8580E+01   5.0694E-02  0.0309

#   sum over    2.0000E-03   2.0699E-01  0.0140

'no. =499,  ix = 16,  iy =  4'
msuc: {\huge Histograma}
msdr: {\it plotted by \ANGEL \version}
msdl: {\it calculated by \PHITS  3.35}
wt: s(0.7)
\vspace{-3}
  xmin  &=&   7.0000E-01 [cm]
  xmax  &=&   8.0000E-01 [cm]
  ymin  &=&  -1.3500E+00 [cm]
  ymax  &=&  -1.2500E+00 [cm]
e:

#------------------------------------------------------------------------------
 newpage:
#   no. =500   ix  = 16   iy  =  5
#   x = (   7.0000E-01  -   8.0000E-01  )
#   y = (  -1.2500E+00  -  -1.1500E+00  )

x: z[cm]
y: Dose [Gy/source]      
p: xlin ylog afac(0.8) form(0.9)
h: n            x            y(proton  ),hh0l n 
#  z-lower      z-upper        proton    r.err 
   9.8380E+01   9.8430E+01   3.8201E-01  0.0116
   9.8430E+01   9.8480E+01   3.7778E-01  0.0125
   9.8480E+01   9.8530E+01   3.6025E-01  0.0144
   9.8530E+01   9.8580E+01   5.5182E-02  0.0233

#   sum over    2.0000E-03   2.9381E-01  0.0114

'no. =500,  ix = 16,  iy =  5'
msuc: {\huge Histograma}
msdr: {\it plotted by \ANGEL \version}
msdl: {\it calculated by \PHITS  3.35}
wt: s(0.7)
\vspace{-3}
  xmin  &=&   7.0000E-01 [cm]
  xmax  &=&   8.0000E-01 [cm]
  ymin  &=&  -1.2500E+00 [cm]
  ymax  &=&  -1.1500E+00 [cm]
e:

#------------------------------------------------------------------------------
 newpage:
#   no. =501   ix  = 16   iy  =  6
#   x = (   7.0000E-01  -   8.0000E-01  )
#   y = (  -1.1500E+00  -  -1.0500E+00  )

x: z[cm]
y: Dose [Gy/source]      
p: xlin ylog afac(0.8) form(0.9)
h: n            x            y(proton  ),hh0l n 
#  z-lower      z-upper        proton    r.err 
   9.8380E+01   9.8430E+01   3.6855E-01  0.0118
   9.8430E+01   9.8480E+01   3.6546E-01  0.0127
   9.8480E+01   9.8530E+01   3.5658E-01  0.0146
   9.8530E+01   9.8580E+01   5.3975E-02  0.0237

#   sum over    2.0000E-03   2.8614E-01  0.0116

'no. =501,  ix = 16,  iy =  6'
msuc: {\huge Histograma}
msdr: {\it plotted by \ANGEL \version}
msdl: {\it calculated by \PHITS  3.35}
wt: s(0.7)
\vspace{-3}
  xmin  &=&   7.0000E-01 [cm]
  xmax  &=&   8.0000E-01 [cm]
  ymin  &=&  -1.1500E+00 [cm]
  ymax  &=&  -1.0500E+00 [cm]
e:

#------------------------------------------------------------------------------
 newpage:
#   no. =502   ix  = 16   iy  =  7
#   x = (   7.0000E-01  -   8.0000E-01  )
#   y = (  -1.0500E+00  -  -9.5000E-01  )

x: z[cm]
y: Dose [Gy/source]      
p: xlin ylog afac(0.8) form(0.9)
h: n            x            y(proton  ),hh0l n 
#  z-lower      z-upper        proton    r.err 
   9.8380E+01   9.8430E+01   3.7082E-01  0.0118
   9.8430E+01   9.8480E+01   3.6697E-01  0.0127
   9.8480E+01   9.8530E+01   3.4574E-01  0.0147
   9.8530E+01   9.8580E+01   5.0090E-02  0.0245

#   sum over    2.0000E-03   2.8340E-01  0.0116

'no. =502,  ix = 16,  iy =  7'
msuc: {\huge Histograma}
msdr: {\it plotted by \ANGEL \version}
msdl: {\it calculated by \PHITS  3.35}
wt: s(0.7)
\vspace{-3}
  xmin  &=&   7.0000E-01 [cm]
  xmax  &=&   8.0000E-01 [cm]
  ymin  &=&  -1.0500E+00 [cm]
  ymax  &=&  -9.5000E-01 [cm]
e:

#------------------------------------------------------------------------------
 newpage:
#   no. =503   ix  = 16   iy  =  8
#   x = (   7.0000E-01  -   8.0000E-01  )
#   y = (  -9.5000E-01  -  -8.5000E-01  )

x: z[cm]
y: Dose [Gy/source]      
p: xlin ylog afac(0.8) form(0.9)
h: n            x            y(proton  ),hh0l n 
#  z-lower      z-upper        proton    r.err 
   9.8380E+01   9.8430E+01   3.7253E-01  0.0118
   9.8430E+01   9.8480E+01   3.6595E-01  0.0127
   9.8480E+01   9.8530E+01   3.4916E-01  0.0147
   9.8530E+01   9.8580E+01   5.3726E-02  0.0236

#   sum over    2.0000E-03   2.8534E-01  0.0116

'no. =503,  ix = 16,  iy =  8'
msuc: {\huge Histograma}
msdr: {\it plotted by \ANGEL \version}
msdl: {\it calculated by \PHITS  3.35}
wt: s(0.7)
\vspace{-3}
  xmin  &=&   7.0000E-01 [cm]
  xmax  &=&   8.0000E-01 [cm]
  ymin  &=&  -9.5000E-01 [cm]
  ymax  &=&  -8.5000E-01 [cm]
e:

#------------------------------------------------------------------------------
 newpage:
#   no. =504   ix  = 16   iy  =  9
#   x = (   7.0000E-01  -   8.0000E-01  )
#   y = (  -8.5000E-01  -  -7.5000E-01  )

x: z[cm]
y: Dose [Gy/source]      
p: xlin ylog afac(0.8) form(0.9)
h: n            x            y(proton  ),hh0l n 
#  z-lower      z-upper        proton    r.err 
   9.8380E+01   9.8430E+01   3.7284E-01  0.0118
   9.8430E+01   9.8480E+01   3.6657E-01  0.0127
   9.8480E+01   9.8530E+01   3.5251E-01  0.0146
   9.8530E+01   9.8580E+01   5.2897E-02  0.0239

#   sum over    2.0000E-03   2.8620E-01  0.0116

'no. =504,  ix = 16,  iy =  9'
msuc: {\huge Histograma}
msdr: {\it plotted by \ANGEL \version}
msdl: {\it calculated by \PHITS  3.35}
wt: s(0.7)
\vspace{-3}
  xmin  &=&   7.0000E-01 [cm]
  xmax  &=&   8.0000E-01 [cm]
  ymin  &=&  -8.5000E-01 [cm]
  ymax  &=&  -7.5000E-01 [cm]
e:

#------------------------------------------------------------------------------
 newpage:
#   no. =505   ix  = 16   iy  = 10
#   x = (   7.0000E-01  -   8.0000E-01  )
#   y = (  -7.5000E-01  -  -6.5000E-01  )

x: z[cm]
y: Dose [Gy/source]      
p: xlin ylog afac(0.8) form(0.9)
h: n            x            y(proton  ),hh0l n 
#  z-lower      z-upper        proton    r.err 
   9.8380E+01   9.8430E+01   3.6647E-01  0.0119
   9.8430E+01   9.8480E+01   3.6305E-01  0.0128
   9.8480E+01   9.8530E+01   3.4215E-01  0.0148
   9.8530E+01   9.8580E+01   5.4083E-02  0.0237

#   sum over    2.0000E-03   2.8144E-01  0.0117

'no. =505,  ix = 16,  iy = 10'
msuc: {\huge Histograma}
msdr: {\it plotted by \ANGEL \version}
msdl: {\it calculated by \PHITS  3.35}
wt: s(0.7)
\vspace{-3}
  xmin  &=&   7.0000E-01 [cm]
  xmax  &=&   8.0000E-01 [cm]
  ymin  &=&  -7.5000E-01 [cm]
  ymax  &=&  -6.5000E-01 [cm]
e:

#------------------------------------------------------------------------------
 newpage:
#   no. =506   ix  = 16   iy  = 11
#   x = (   7.0000E-01  -   8.0000E-01  )
#   y = (  -6.5000E-01  -  -5.5000E-01  )

x: z[cm]
y: Dose [Gy/source]      
p: xlin ylog afac(0.8) form(0.9)
h: n            x            y(proton  ),hh0l n 
#  z-lower      z-upper        proton    r.err 
   9.8380E+01   9.8430E+01   3.6290E-01  0.0119
   9.8430E+01   9.8480E+01   3.6350E-01  0.0127
   9.8480E+01   9.8530E+01   3.4391E-01  0.0147
   9.8530E+01   9.8580E+01   5.4517E-02  0.0237

#   sum over    2.0000E-03   2.8121E-01  0.0117

'no. =506,  ix = 16,  iy = 11'
msuc: {\huge Histograma}
msdr: {\it plotted by \ANGEL \version}
msdl: {\it calculated by \PHITS  3.35}
wt: s(0.7)
\vspace{-3}
  xmin  &=&   7.0000E-01 [cm]
  xmax  &=&   8.0000E-01 [cm]
  ymin  &=&  -6.5000E-01 [cm]
  ymax  &=&  -5.5000E-01 [cm]
e:

#------------------------------------------------------------------------------
 newpage:
#   no. =507   ix  = 16   iy  = 12
#   x = (   7.0000E-01  -   8.0000E-01  )
#   y = (  -5.5000E-01  -  -4.5000E-01  )

x: z[cm]
y: Dose [Gy/source]      
p: xlin ylog afac(0.8) form(0.9)
h: n            x            y(proton  ),hh0l n 
#  z-lower      z-upper        proton    r.err 
   9.8380E+01   9.8430E+01   3.6405E-01  0.0119
   9.8430E+01   9.8480E+01   3.5562E-01  0.0129
   9.8480E+01   9.8530E+01   3.3947E-01  0.0148
   9.8530E+01   9.8580E+01   5.6009E-02  0.0236

#   sum over    2.0000E-03   2.7878E-01  0.0117

'no. =507,  ix = 16,  iy = 12'
msuc: {\huge Histograma}
msdr: {\it plotted by \ANGEL \version}
msdl: {\it calculated by \PHITS  3.35}
wt: s(0.7)
\vspace{-3}
  xmin  &=&   7.0000E-01 [cm]
  xmax  &=&   8.0000E-01 [cm]
  ymin  &=&  -5.5000E-01 [cm]
  ymax  &=&  -4.5000E-01 [cm]
e:

#------------------------------------------------------------------------------
 newpage:
#   no. =508   ix  = 16   iy  = 13
#   x = (   7.0000E-01  -   8.0000E-01  )
#   y = (  -4.5000E-01  -  -3.5000E-01  )

x: z[cm]
y: Dose [Gy/source]      
p: xlin ylog afac(0.8) form(0.9)
h: n            x            y(proton  ),hh0l n 
#  z-lower      z-upper        proton    r.err 
   9.8380E+01   9.8430E+01   3.5751E-01  0.0120
   9.8430E+01   9.8480E+01   3.5836E-01  0.0128
   9.8480E+01   9.8530E+01   3.3842E-01  0.0148
   9.8530E+01   9.8580E+01   5.3261E-02  0.0241

#   sum over    2.0000E-03   2.7689E-01  0.0118

'no. =508,  ix = 16,  iy = 13'
msuc: {\huge Histograma}
msdr: {\it plotted by \ANGEL \version}
msdl: {\it calculated by \PHITS  3.35}
wt: s(0.7)
\vspace{-3}
  xmin  &=&   7.0000E-01 [cm]
  xmax  &=&   8.0000E-01 [cm]
  ymin  &=&  -4.5000E-01 [cm]
  ymax  &=&  -3.5000E-01 [cm]
e:

#------------------------------------------------------------------------------
 newpage:
#   no. =509   ix  = 16   iy  = 14
#   x = (   7.0000E-01  -   8.0000E-01  )
#   y = (  -3.5000E-01  -  -2.5000E-01  )

x: z[cm]
y: Dose [Gy/source]      
p: xlin ylog afac(0.8) form(0.9)
h: n            x            y(proton  ),hh0l n 
#  z-lower      z-upper        proton    r.err 
   9.8380E+01   9.8430E+01   3.5679E-01  0.0120
   9.8430E+01   9.8480E+01   3.5707E-01  0.0129
   9.8480E+01   9.8530E+01   3.3930E-01  0.0148
   9.8530E+01   9.8580E+01   5.7420E-02  0.0232

#   sum over    2.0000E-03   2.7764E-01  0.0118

'no. =509,  ix = 16,  iy = 14'
msuc: {\huge Histograma}
msdr: {\it plotted by \ANGEL \version}
msdl: {\it calculated by \PHITS  3.35}
wt: s(0.7)
\vspace{-3}
  xmin  &=&   7.0000E-01 [cm]
  xmax  &=&   8.0000E-01 [cm]
  ymin  &=&  -3.5000E-01 [cm]
  ymax  &=&  -2.5000E-01 [cm]
e:

#------------------------------------------------------------------------------
 newpage:
#   no. =510   ix  = 16   iy  = 15
#   x = (   7.0000E-01  -   8.0000E-01  )
#   y = (  -2.5000E-01  -  -1.5000E-01  )

x: z[cm]
y: Dose [Gy/source]      
p: xlin ylog afac(0.8) form(0.9)
h: n            x            y(proton  ),hh0l n 
#  z-lower      z-upper        proton    r.err 
   9.8380E+01   9.8430E+01   3.6351E-01  0.0119
   9.8430E+01   9.8480E+01   3.6037E-01  0.0128
   9.8480E+01   9.8530E+01   3.4258E-01  0.0147
   9.8530E+01   9.8580E+01   5.8413E-02  0.0232

#   sum over    2.0000E-03   2.8122E-01  0.0117

'no. =510,  ix = 16,  iy = 15'
msuc: {\huge Histograma}
msdr: {\it plotted by \ANGEL \version}
msdl: {\it calculated by \PHITS  3.35}
wt: s(0.7)
\vspace{-3}
  xmin  &=&   7.0000E-01 [cm]
  xmax  &=&   8.0000E-01 [cm]
  ymin  &=&  -2.5000E-01 [cm]
  ymax  &=&  -1.5000E-01 [cm]
e:

#------------------------------------------------------------------------------
 newpage:
#   no. =511   ix  = 16   iy  = 16
#   x = (   7.0000E-01  -   8.0000E-01  )
#   y = (  -1.5000E-01  -  -5.0000E-02  )

x: z[cm]
y: Dose [Gy/source]      
p: xlin ylog afac(0.8) form(0.9)
h: n            x            y(proton  ),hh0l n 
#  z-lower      z-upper        proton    r.err 
   9.8380E+01   9.8430E+01   3.7076E-01  0.0118
   9.8430E+01   9.8480E+01   3.6308E-01  0.0127
   9.8480E+01   9.8530E+01   3.4300E-01  0.0147
   9.8530E+01   9.8580E+01   6.0508E-02  0.0228

#   sum over    2.0000E-03   2.8434E-01  0.0116

'no. =511,  ix = 16,  iy = 16'
msuc: {\huge Histograma}
msdr: {\it plotted by \ANGEL \version}
msdl: {\it calculated by \PHITS  3.35}
wt: s(0.7)
\vspace{-3}
  xmin  &=&   7.0000E-01 [cm]
  xmax  &=&   8.0000E-01 [cm]
  ymin  &=&  -1.5000E-01 [cm]
  ymax  &=&  -5.0000E-02 [cm]
e:

#------------------------------------------------------------------------------
 newpage:
#   no. =512   ix  = 16   iy  = 17
#   x = (   7.0000E-01  -   8.0000E-01  )
#   y = (  -5.0000E-02  -   5.0000E-02  )

x: z[cm]
y: Dose [Gy/source]      
p: xlin ylog afac(0.8) form(0.9)
h: n            x            y(proton  ),hh0l n 
#  z-lower      z-upper        proton    r.err 
   9.8380E+01   9.8430E+01   3.6970E-01  0.0118
   9.8430E+01   9.8480E+01   3.6215E-01  0.0127
   9.8480E+01   9.8530E+01   3.4024E-01  0.0148
   9.8530E+01   9.8580E+01   5.7179E-02  0.0235

#   sum over    2.0000E-03   2.8232E-01  0.0117

'no. =512,  ix = 16,  iy = 17'
msuc: {\huge Histograma}
msdr: {\it plotted by \ANGEL \version}
msdl: {\it calculated by \PHITS  3.35}
wt: s(0.7)
\vspace{-3}
  xmin  &=&   7.0000E-01 [cm]
  xmax  &=&   8.0000E-01 [cm]
  ymin  &=&  -5.0000E-02 [cm]
  ymax  &=&   5.0000E-02 [cm]
e:

#------------------------------------------------------------------------------
 newpage:
#   no. =513   ix  = 16   iy  = 18
#   x = (   7.0000E-01  -   8.0000E-01  )
#   y = (   5.0000E-02  -   1.5000E-01  )

x: z[cm]
y: Dose [Gy/source]      
p: xlin ylog afac(0.8) form(0.9)
h: n            x            y(proton  ),hh0l n 
#  z-lower      z-upper        proton    r.err 
   9.8380E+01   9.8430E+01   3.6502E-01  0.0119
   9.8430E+01   9.8480E+01   3.6000E-01  0.0128
   9.8480E+01   9.8530E+01   3.4308E-01  0.0147
   9.8530E+01   9.8580E+01   5.8257E-02  0.0232

#   sum over    2.0000E-03   2.8159E-01  0.0117

'no. =513,  ix = 16,  iy = 18'
msuc: {\huge Histograma}
msdr: {\it plotted by \ANGEL \version}
msdl: {\it calculated by \PHITS  3.35}
wt: s(0.7)
\vspace{-3}
  xmin  &=&   7.0000E-01 [cm]
  xmax  &=&   8.0000E-01 [cm]
  ymin  &=&   5.0000E-02 [cm]
  ymax  &=&   1.5000E-01 [cm]
e:

#------------------------------------------------------------------------------
 newpage:
#   no. =514   ix  = 16   iy  = 19
#   x = (   7.0000E-01  -   8.0000E-01  )
#   y = (   1.5000E-01  -   2.5000E-01  )

x: z[cm]
y: Dose [Gy/source]      
p: xlin ylog afac(0.8) form(0.9)
h: n            x            y(proton  ),hh0l n 
#  z-lower      z-upper        proton    r.err 
   9.8380E+01   9.8430E+01   3.6085E-01  0.0119
   9.8430E+01   9.8480E+01   3.5384E-01  0.0129
   9.8480E+01   9.8530E+01   3.4296E-01  0.0147
   9.8530E+01   9.8580E+01   5.6913E-02  0.0232

#   sum over    2.0000E-03   2.7864E-01  0.0118

'no. =514,  ix = 16,  iy = 19'
msuc: {\huge Histograma}
msdr: {\it plotted by \ANGEL \version}
msdl: {\it calculated by \PHITS  3.35}
wt: s(0.7)
\vspace{-3}
  xmin  &=&   7.0000E-01 [cm]
  xmax  &=&   8.0000E-01 [cm]
  ymin  &=&   1.5000E-01 [cm]
  ymax  &=&   2.5000E-01 [cm]
e:

#------------------------------------------------------------------------------
 newpage:
#   no. =515   ix  = 16   iy  = 20
#   x = (   7.0000E-01  -   8.0000E-01  )
#   y = (   2.5000E-01  -   3.5000E-01  )

x: z[cm]
y: Dose [Gy/source]      
p: xlin ylog afac(0.8) form(0.9)
h: n            x            y(proton  ),hh0l n 
#  z-lower      z-upper        proton    r.err 
   9.8380E+01   9.8430E+01   3.5550E-01  0.0120
   9.8430E+01   9.8480E+01   3.5009E-01  0.0130
   9.8480E+01   9.8530E+01   3.3417E-01  0.0149
   9.8530E+01   9.8580E+01   5.5441E-02  0.0237

#   sum over    2.0000E-03   2.7380E-01  0.0119

'no. =515,  ix = 16,  iy = 20'
msuc: {\huge Histograma}
msdr: {\it plotted by \ANGEL \version}
msdl: {\it calculated by \PHITS  3.35}
wt: s(0.7)
\vspace{-3}
  xmin  &=&   7.0000E-01 [cm]
  xmax  &=&   8.0000E-01 [cm]
  ymin  &=&   2.5000E-01 [cm]
  ymax  &=&   3.5000E-01 [cm]
e:

#------------------------------------------------------------------------------
 newpage:
#   no. =516   ix  = 16   iy  = 21
#   x = (   7.0000E-01  -   8.0000E-01  )
#   y = (   3.5000E-01  -   4.5000E-01  )

x: z[cm]
y: Dose [Gy/source]      
p: xlin ylog afac(0.8) form(0.9)
h: n            x            y(proton  ),hh0l n 
#  z-lower      z-upper        proton    r.err 
   9.8380E+01   9.8430E+01   3.5894E-01  0.0120
   9.8430E+01   9.8480E+01   3.5377E-01  0.0129
   9.8480E+01   9.8530E+01   3.4125E-01  0.0148
   9.8530E+01   9.8580E+01   5.4121E-02  0.0238

#   sum over    2.0000E-03   2.7702E-01  0.0118

'no. =516,  ix = 16,  iy = 21'
msuc: {\huge Histograma}
msdr: {\it plotted by \ANGEL \version}
msdl: {\it calculated by \PHITS  3.35}
wt: s(0.7)
\vspace{-3}
  xmin  &=&   7.0000E-01 [cm]
  xmax  &=&   8.0000E-01 [cm]
  ymin  &=&   3.5000E-01 [cm]
  ymax  &=&   4.5000E-01 [cm]
e:

#------------------------------------------------------------------------------
 newpage:
#   no. =517   ix  = 16   iy  = 22
#   x = (   7.0000E-01  -   8.0000E-01  )
#   y = (   4.5000E-01  -   5.5000E-01  )

x: z[cm]
y: Dose [Gy/source]      
p: xlin ylog afac(0.8) form(0.9)
h: n            x            y(proton  ),hh0l n 
#  z-lower      z-upper        proton    r.err 
   9.8380E+01   9.8430E+01   3.6684E-01  0.0118
   9.8430E+01   9.8480E+01   3.6541E-01  0.0127
   9.8480E+01   9.8530E+01   3.5175E-01  0.0145
   9.8530E+01   9.8580E+01   5.8351E-02  0.0231

#   sum over    2.0000E-03   2.8559E-01  0.0116

'no. =517,  ix = 16,  iy = 22'
msuc: {\huge Histograma}
msdr: {\it plotted by \ANGEL \version}
msdl: {\it calculated by \PHITS  3.35}
wt: s(0.7)
\vspace{-3}
  xmin  &=&   7.0000E-01 [cm]
  xmax  &=&   8.0000E-01 [cm]
  ymin  &=&   4.5000E-01 [cm]
  ymax  &=&   5.5000E-01 [cm]
e:

#------------------------------------------------------------------------------
 newpage:
#   no. =518   ix  = 16   iy  = 23
#   x = (   7.0000E-01  -   8.0000E-01  )
#   y = (   5.5000E-01  -   6.5000E-01  )

x: z[cm]
y: Dose [Gy/source]      
p: xlin ylog afac(0.8) form(0.9)
h: n            x            y(proton  ),hh0l n 
#  z-lower      z-upper        proton    r.err 
   9.8380E+01   9.8430E+01   3.6673E-01  0.0118
   9.8430E+01   9.8480E+01   3.6777E-01  0.0127
   9.8480E+01   9.8530E+01   3.4436E-01  0.0147
   9.8530E+01   9.8580E+01   5.5255E-02  0.0236

#   sum over    2.0000E-03   2.8353E-01  0.0117

'no. =518,  ix = 16,  iy = 23'
msuc: {\huge Histograma}
msdr: {\it plotted by \ANGEL \version}
msdl: {\it calculated by \PHITS  3.35}
wt: s(0.7)
\vspace{-3}
  xmin  &=&   7.0000E-01 [cm]
  xmax  &=&   8.0000E-01 [cm]
  ymin  &=&   5.5000E-01 [cm]
  ymax  &=&   6.5000E-01 [cm]
e:

#------------------------------------------------------------------------------
 newpage:
#   no. =519   ix  = 16   iy  = 24
#   x = (   7.0000E-01  -   8.0000E-01  )
#   y = (   6.5000E-01  -   7.5000E-01  )

x: z[cm]
y: Dose [Gy/source]      
p: xlin ylog afac(0.8) form(0.9)
h: n            x            y(proton  ),hh0l n 
#  z-lower      z-upper        proton    r.err 
   9.8380E+01   9.8430E+01   3.5847E-01  0.0120
   9.8430E+01   9.8480E+01   3.5637E-01  0.0129
   9.8480E+01   9.8530E+01   3.4194E-01  0.0148
   9.8530E+01   9.8580E+01   5.2204E-02  0.0241

#   sum over    2.0000E-03   2.7725E-01  0.0118

'no. =519,  ix = 16,  iy = 24'
msuc: {\huge Histograma}
msdr: {\it plotted by \ANGEL \version}
msdl: {\it calculated by \PHITS  3.35}
wt: s(0.7)
\vspace{-3}
  xmin  &=&   7.0000E-01 [cm]
  xmax  &=&   8.0000E-01 [cm]
  ymin  &=&   6.5000E-01 [cm]
  ymax  &=&   7.5000E-01 [cm]
e:

#------------------------------------------------------------------------------
 newpage:
#   no. =520   ix  = 16   iy  = 25
#   x = (   7.0000E-01  -   8.0000E-01  )
#   y = (   7.5000E-01  -   8.5000E-01  )

x: z[cm]
y: Dose [Gy/source]      
p: xlin ylog afac(0.8) form(0.9)
h: n            x            y(proton  ),hh0l n 
#  z-lower      z-upper        proton    r.err 
   9.8380E+01   9.8430E+01   3.7081E-01  0.0118
   9.8430E+01   9.8480E+01   3.7586E-01  0.0126
   9.8480E+01   9.8530E+01   3.5809E-01  0.0145
   9.8530E+01   9.8580E+01   5.2688E-02  0.0236

#   sum over    2.0000E-03   2.8936E-01  0.0115

'no. =520,  ix = 16,  iy = 25'
msuc: {\huge Histograma}
msdr: {\it plotted by \ANGEL \version}
msdl: {\it calculated by \PHITS  3.35}
wt: s(0.7)
\vspace{-3}
  xmin  &=&   7.0000E-01 [cm]
  xmax  &=&   8.0000E-01 [cm]
  ymin  &=&   7.5000E-01 [cm]
  ymax  &=&   8.5000E-01 [cm]
e:

#------------------------------------------------------------------------------
 newpage:
#   no. =521   ix  = 16   iy  = 26
#   x = (   7.0000E-01  -   8.0000E-01  )
#   y = (   8.5000E-01  -   9.5000E-01  )

x: z[cm]
y: Dose [Gy/source]      
p: xlin ylog afac(0.8) form(0.9)
h: n            x            y(proton  ),hh0l n 
#  z-lower      z-upper        proton    r.err 
   9.8380E+01   9.8430E+01   3.6192E-01  0.0120
   9.8430E+01   9.8480E+01   3.5555E-01  0.0129
   9.8480E+01   9.8530E+01   3.4506E-01  0.0148
   9.8530E+01   9.8580E+01   5.2328E-02  0.0239

#   sum over    2.0000E-03   2.7871E-01  0.0118

'no. =521,  ix = 16,  iy = 26'
msuc: {\huge Histograma}
msdr: {\it plotted by \ANGEL \version}
msdl: {\it calculated by \PHITS  3.35}
wt: s(0.7)
\vspace{-3}
  xmin  &=&   7.0000E-01 [cm]
  xmax  &=&   8.0000E-01 [cm]
  ymin  &=&   8.5000E-01 [cm]
  ymax  &=&   9.5000E-01 [cm]
e:

#------------------------------------------------------------------------------
 newpage:
#   no. =522   ix  = 16   iy  = 27
#   x = (   7.0000E-01  -   8.0000E-01  )
#   y = (   9.5000E-01  -   1.0500E+00  )

x: z[cm]
y: Dose [Gy/source]      
p: xlin ylog afac(0.8) form(0.9)
h: n            x            y(proton  ),hh0l n 
#  z-lower      z-upper        proton    r.err 
   9.8380E+01   9.8430E+01   3.7050E-01  0.0118
   9.8430E+01   9.8480E+01   3.6334E-01  0.0127
   9.8480E+01   9.8530E+01   3.5248E-01  0.0146
   9.8530E+01   9.8580E+01   5.1570E-02  0.0240

#   sum over    2.0000E-03   2.8447E-01  0.0116

'no. =522,  ix = 16,  iy = 27'
msuc: {\huge Histograma}
msdr: {\it plotted by \ANGEL \version}
msdl: {\it calculated by \PHITS  3.35}
wt: s(0.7)
\vspace{-3}
  xmin  &=&   7.0000E-01 [cm]
  xmax  &=&   8.0000E-01 [cm]
  ymin  &=&   9.5000E-01 [cm]
  ymax  &=&   1.0500E+00 [cm]
e:

#------------------------------------------------------------------------------
 newpage:
#   no. =523   ix  = 16   iy  = 28
#   x = (   7.0000E-01  -   8.0000E-01  )
#   y = (   1.0500E+00  -   1.1500E+00  )

x: z[cm]
y: Dose [Gy/source]      
p: xlin ylog afac(0.8) form(0.9)
h: n            x            y(proton  ),hh0l n 
#  z-lower      z-upper        proton    r.err 
   9.8380E+01   9.8430E+01   3.6542E-01  0.0118
   9.8430E+01   9.8480E+01   3.6771E-01  0.0127
   9.8480E+01   9.8530E+01   3.5607E-01  0.0145
   9.8530E+01   9.8580E+01   5.3506E-02  0.0236

#   sum over    2.0000E-03   2.8568E-01  0.0116

'no. =523,  ix = 16,  iy = 28'
msuc: {\huge Histograma}
msdr: {\it plotted by \ANGEL \version}
msdl: {\it calculated by \PHITS  3.35}
wt: s(0.7)
\vspace{-3}
  xmin  &=&   7.0000E-01 [cm]
  xmax  &=&   8.0000E-01 [cm]
  ymin  &=&   1.0500E+00 [cm]
  ymax  &=&   1.1500E+00 [cm]
e:

#------------------------------------------------------------------------------
 newpage:
#   no. =524   ix  = 16   iy  = 29
#   x = (   7.0000E-01  -   8.0000E-01  )
#   y = (   1.1500E+00  -   1.2500E+00  )

x: z[cm]
y: Dose [Gy/source]      
p: xlin ylog afac(0.8) form(0.9)
h: n            x            y(proton  ),hh0l n 
#  z-lower      z-upper        proton    r.err 
   9.8380E+01   9.8430E+01   3.8177E-01  0.0116
   9.8430E+01   9.8480E+01   3.8343E-01  0.0124
   9.8480E+01   9.8530E+01   3.7499E-01  0.0142
   9.8530E+01   9.8580E+01   5.6249E-02  0.0228

#   sum over    2.0000E-03   2.9911E-01  0.0114

'no. =524,  ix = 16,  iy = 29'
msuc: {\huge Histograma}
msdr: {\it plotted by \ANGEL \version}
msdl: {\it calculated by \PHITS  3.35}
wt: s(0.7)
\vspace{-3}
  xmin  &=&   7.0000E-01 [cm]
  xmax  &=&   8.0000E-01 [cm]
  ymin  &=&   1.1500E+00 [cm]
  ymax  &=&   1.2500E+00 [cm]
e:

#------------------------------------------------------------------------------
 newpage:
#   no. =525   ix  = 16   iy  = 30
#   x = (   7.0000E-01  -   8.0000E-01  )
#   y = (   1.2500E+00  -   1.3500E+00  )

x: z[cm]
y: Dose [Gy/source]      
p: xlin ylog afac(0.8) form(0.9)
h: n            x            y(proton  ),hh0l n 
#  z-lower      z-upper        proton    r.err 
   9.8380E+01   9.8430E+01   3.7961E-01  0.0116
   9.8430E+01   9.8480E+01   3.8150E-01  0.0125
   9.8480E+01   9.8530E+01   3.6488E-01  0.0144
   9.8530E+01   9.8580E+01   5.6128E-02  0.0230

#   sum over    2.0000E-03   2.9553E-01  0.0114

'no. =525,  ix = 16,  iy = 30'
msuc: {\huge Histograma}
msdr: {\it plotted by \ANGEL \version}
msdl: {\it calculated by \PHITS  3.35}
wt: s(0.7)
\vspace{-3}
  xmin  &=&   7.0000E-01 [cm]
  xmax  &=&   8.0000E-01 [cm]
  ymin  &=&   1.2500E+00 [cm]
  ymax  &=&   1.3500E+00 [cm]
e:

#------------------------------------------------------------------------------
 newpage:
#   no. =526   ix  = 16   iy  = 31
#   x = (   7.0000E-01  -   8.0000E-01  )
#   y = (   1.3500E+00  -   1.4500E+00  )

x: z[cm]
y: Dose [Gy/source]      
p: xlin ylog afac(0.8) form(0.9)
h: n            x            y(proton  ),hh0l n 
#  z-lower      z-upper        proton    r.err 
   9.8380E+01   9.8430E+01   3.7596E-01  0.0117
   9.8430E+01   9.8480E+01   3.7101E-01  0.0126
   9.8480E+01   9.8530E+01   3.6084E-01  0.0145
   9.8530E+01   9.8580E+01   5.3065E-02  0.0236

#   sum over    2.0000E-03   2.9022E-01  0.0115

'no. =526,  ix = 16,  iy = 31'
msuc: {\huge Histograma}
msdr: {\it plotted by \ANGEL \version}
msdl: {\it calculated by \PHITS  3.35}
wt: s(0.7)
\vspace{-3}
  xmin  &=&   7.0000E-01 [cm]
  xmax  &=&   8.0000E-01 [cm]
  ymin  &=&   1.3500E+00 [cm]
  ymax  &=&   1.4500E+00 [cm]
e:

#------------------------------------------------------------------------------
 newpage:
#   no. =527   ix  = 16   iy  = 32
#   x = (   7.0000E-01  -   8.0000E-01  )
#   y = (   1.4500E+00  -   1.5500E+00  )

x: z[cm]
y: Dose [Gy/source]      
p: xlin ylog afac(0.8) form(0.9)
h: n            x            y(proton  ),hh0l n 
#  z-lower      z-upper        proton    r.err 
   9.8380E+01   9.8430E+01   3.7548E-01  0.0117
   9.8430E+01   9.8480E+01   3.7273E-01  0.0126
   9.8480E+01   9.8530E+01   3.6475E-01  0.0144
   9.8530E+01   9.8580E+01   5.3685E-02  0.0235

#   sum over    2.0000E-03   2.9166E-01  0.0115

'no. =527,  ix = 16,  iy = 32'
msuc: {\huge Histograma}
msdr: {\it plotted by \ANGEL \version}
msdl: {\it calculated by \PHITS  3.35}
wt: s(0.7)
\vspace{-3}
  xmin  &=&   7.0000E-01 [cm]
  xmax  &=&   8.0000E-01 [cm]
  ymin  &=&   1.4500E+00 [cm]
  ymax  &=&   1.5500E+00 [cm]
e:

#------------------------------------------------------------------------------
 newpage:
#   no. =528   ix  = 16   iy  = 33
#   x = (   7.0000E-01  -   8.0000E-01  )
#   y = (   1.5500E+00  -   1.6500E+00  )

x: z[cm]
y: Dose [Gy/source]      
p: xlin ylog afac(0.8) form(0.9)
h: n            x            y(proton  ),hh0l n 
#  z-lower      z-upper        proton    r.err 
   9.8380E+01   9.8430E+01   3.8378E-01  0.0116
   9.8430E+01   9.8480E+01   3.7597E-01  0.0125
   9.8480E+01   9.8530E+01   3.6293E-01  0.0144
   9.8530E+01   9.8580E+01   5.3370E-02  0.0237

#   sum over    2.0000E-03   2.9401E-01  0.0114

'no. =528,  ix = 16,  iy = 33'
msuc: {\huge Histograma}
msdr: {\it plotted by \ANGEL \version}
msdl: {\it calculated by \PHITS  3.35}
wt: s(0.7)
\vspace{-3}
  xmin  &=&   7.0000E-01 [cm]
  xmax  &=&   8.0000E-01 [cm]
  ymin  &=&   1.5500E+00 [cm]
  ymax  &=&   1.6500E+00 [cm]
e:
 
# Information for Restart Calculation
# This calculation was newly started
# istdev =  2 # 1:Batch variance, 2:History variance
# resc2  = 2.00272125193213177E-02 # Total source weight or Total source weight / maxcas
# resc3  = 1.25000000000000000E+08 # Total history number or Total batch number
# maxcas =       25000 # History / Batch, only used for istdev=1
# bitrseed = 1011110110000000011000010101100001101110100111001100010100001110 # bit data of rseed
