[ T-Track ]
    title = [t-track] in xyz mesh
     mesh =  xyz            # mesh type is xyz scoring mesh
   x-type =    4            # x-mesh is linear given by xmin, xmax and xdel
     xmin =  -10.00000      # minimum value of x-mesh points
     xmax =   10.00000      # maximum value of x-mesh points
     xdel =  0.3000000      # mesh width of x-mesh points
#      nx =   67            # number of x-mesh points
#    data = ( x(i), i = 1, nx + 1 )
#          -1.00000E+01 -9.70000E+00 -9.40000E+00 -9.10000E+00 -8.80000E+00
#          -8.50000E+00 -8.20000E+00 -7.90000E+00 -7.60000E+00 -7.30000E+00
#          -7.00000E+00 -6.70000E+00 -6.40000E+00 -6.10000E+00 -5.80000E+00
#          -5.50000E+00 -5.20000E+00 -4.90000E+00 -4.60000E+00 -4.30000E+00
#          -4.00000E+00 -3.70000E+00 -3.40000E+00 -3.10000E+00 -2.80000E+00
#          -2.50000E+00 -2.20000E+00 -1.90000E+00 -1.60000E+00 -1.30000E+00
#          -1.00000E+00 -7.00000E-01 -4.00000E-01 -1.00000E-01  2.00000E-01
#           5.00000E-01  8.00000E-01  1.10000E+00  1.40000E+00  1.70000E+00
#           2.00000E+00  2.30000E+00  2.60000E+00  2.90000E+00  3.20000E+00
#           3.50000E+00  3.80000E+00  4.10000E+00  4.40000E+00  4.70000E+00
#           5.00000E+00  5.30000E+00  5.60000E+00  5.90000E+00  6.20000E+00
#           6.50000E+00  6.80000E+00  7.10000E+00  7.40000E+00  7.70000E+00
#           8.00000E+00  8.30000E+00  8.60000E+00  8.90000E+00  9.20000E+00
#           9.50000E+00  9.80000E+00  1.01000E+01
   y-type =    4            # y-mesh is linear given by ymin, ymax and ydel
     ymin =  -15.00000      # minimum value of y-mesh points
     ymax =   15.00000      # maximum value of y-mesh points
     ydel =  0.3000000      # mesh width of y-mesh points
#      ny =  100            # number of y-mesh points
#    data = ( y(i), i = 1, ny + 1 )
#          -1.50000E+01 -1.47000E+01 -1.44000E+01 -1.41000E+01 -1.38000E+01
#          -1.35000E+01 -1.32000E+01 -1.29000E+01 -1.26000E+01 -1.23000E+01
#          -1.20000E+01 -1.17000E+01 -1.14000E+01 -1.11000E+01 -1.08000E+01
#          -1.05000E+01 -1.02000E+01 -9.90000E+00 -9.60000E+00 -9.30000E+00
#          -9.00000E+00 -8.70000E+00 -8.40000E+00 -8.10000E+00 -7.80000E+00
#          -7.50000E+00 -7.20000E+00 -6.90000E+00 -6.60000E+00 -6.30000E+00
#          -6.00000E+00 -5.70000E+00 -5.40000E+00 -5.10000E+00 -4.80000E+00
#          -4.50000E+00 -4.20000E+00 -3.90000E+00 -3.60000E+00 -3.30000E+00
#          -3.00000E+00 -2.70000E+00 -2.40000E+00 -2.10000E+00 -1.80000E+00
#          -1.50000E+00 -1.20000E+00 -9.00000E-01 -6.00000E-01 -3.00000E-01
#           0.00000E+00  3.00000E-01  6.00000E-01  9.00000E-01  1.20000E+00
#           1.50000E+00  1.80000E+00  2.10000E+00  2.40000E+00  2.70000E+00
#           3.00000E+00  3.30000E+00  3.60000E+00  3.90000E+00  4.20000E+00
#           4.50000E+00  4.80000E+00  5.10000E+00  5.40000E+00  5.70000E+00
#           6.00000E+00  6.30000E+00  6.60000E+00  6.90000E+00  7.20000E+00
#           7.50000E+00  7.80000E+00  8.10000E+00  8.40000E+00  8.70000E+00
#           9.00000E+00  9.30000E+00  9.60000E+00  9.90000E+00  1.02000E+01
#           1.05000E+01  1.08000E+01  1.11000E+01  1.14000E+01  1.17000E+01
#           1.20000E+01  1.23000E+01  1.26000E+01  1.29000E+01  1.32000E+01
#           1.35000E+01  1.38000E+01  1.41000E+01  1.44000E+01  1.47000E+01
#           1.50000E+01
   z-type =    1            # z-mesh is given by the below data
       nz =      1          # number of z-mesh points
#    data = ( z(i), i = 1, nz + 1 )
            1.91600E+01  1.91800E+01
   e-type =    1            # e-mesh is given by the below data
       ne =      1          # number of e-mesh points
#    data = ( e(i), i = 1, ne + 1 )
            0.00000E+00  1.00000E+03
     unit =    1            # unit is [1/cm^2/source]
 material =  all            # (D=all) number of specific material
  2D-type =    3            # 1:Cont, 2:Clust, 3:Color, 4:xyz, 5:mat, 6:Clust+Cont, 7:Col+Cont
     axis =      xy            # axis of output
     file = ./out/track_xy_antes_ridge.out  # file name of output for the above axis
     part =  proton   
# kf/name :  2212     
    gshow =    1            # 0: no 1:bnd, 2:bnd+mat, 3:bnd+reg 4:bnd+lat 5:bmp style
    resol =    1            # (D=1) resolution of gshow or rshow
    width = 0.5000000       # (D=0.5) width of lines for gshow or rshow
   epsout =    1            # (D=0) generate eps file by ANGEL
#    used :        main (  %)        temp (  %)       total (  %)
#  memory :         177 (  0)           0 (  0)         177 (  0)

#------------------------------------------------------------------------------
#newpage:
#   no. =  1   ie  =  1   iz  =  1   part. = proton  
#   e = (   0.0000E+00  -   1.0000E+03  )
#   z = (   1.9160E+01  -   1.9180E+01  )

'no. =  1,  ie =  1,  iz =  1'
msuc: {\huge [t-track] in xyz mesh}
msdr: {\it plotted by \ANGEL \version}
msdl: {\it calculated by \PHITS  3.36}

x: x [cm]
y: y [cm]
set: c1[ 1.493] c2[ 0.737] c5[ 0.800] c6[ 0.849] c7[ 0.328] c8[ 0.000]
p: h2fs form[c1] xfac[c2] afac[c5] scal[c6] xorg[c7] yorg[c8] nosp
set: c3[1.0e-4] c4[1.0]
p: cmin[c3] cmax[c4]
p: dmin(1e-31)
p: zlog
p: xmin( -10.00000    ) xmax(  10.10000    )
p: ymin( -15.00000    ) ymax(  15.00000    )
#  ny = 100   nx =  67
# ( ( data(x,y), x = 1, nx ), y = ny, 1, -1 )

hc:  y =   14.85000     to  -14.85000     by  0.3000000     ; x =  -9.850000     to   9.950000     by  0.3000000     ;
  0.000E+00  0.000E+00  0.000E+00  0.000E+00  0.000E+00  0.000E+00  0.000E+00  0.000E+00  0.000E+00  0.000E+00
  0.000E+00  0.000E+00  0.000E+00  0.000E+00  0.000E+00  0.000E+00  0.000E+00  1.000E+00  0.000E+00  0.000E+00
  0.000E+00  0.000E+00  1.000E+00  1.000E+00  1.000E+00  0.000E+00  0.000E+00  0.000E+00  0.000E+00  0.000E+00
  0.000E+00  0.000E+00  0.000E+00  0.000E+00  0.000E+00  0.000E+00  1.000E+00  0.000E+00  0.000E+00  0.000E+00
  0.000E+00  1.000E+00  0.000E+00  0.000E+00  0.000E+00  0.000E+00  0.000E+00  0.000E+00  0.000E+00  0.000E+00
  0.000E+00  1.000E+00  0.000E+00  0.000E+00  0.000E+00  0.000E+00  0.000E+00  0.000E+00  0.000E+00  0.000E+00
  0.000E+00  0.000E+00  1.000E+00  1.000E+00  0.000E+00  0.000E+00  0.000E+00  0.000E+00  0.000E+00  0.000E+00
  0.000E+00  0.000E+00  0.000E+00  0.000E+00  0.000E+00  0.000E+00  0.000E+00  0.000E+00  0.000E+00  1.000E+00
  0.000E+00  1.000E+00  0.000E+00  0.000E+00  0.000E+00  0.000E+00  0.000E+00  0.000E+00  0.000E+00  0.000E+00
  0.000E+00  0.000E+00  0.000E+00  0.000E+00  0.000E+00  0.000E+00  0.000E+00  0.000E+00  0.000E+00  0.000E+00
  0.000E+00  0.000E+00  0.000E+00  1.000E+00  1.000E+00  0.000E+00  0.000E+00  0.000E+00  8.353E-01  7.314E-01
  0.000E+00  0.000E+00  1.000E+00  0.000E+00  0.000E+00  0.000E+00  0.000E+00  0.000E+00  1.000E+00  0.000E+00
  0.000E+00  0.000E+00  0.000E+00  0.000E+00  0.000E+00  0.000E+00  1.000E+00  0.000E+00  0.000E+00  1.000E+00
  1.000E+00  0.000E+00  0.000E+00  0.000E+00  1.000E+00  0.000E+00  0.000E+00  0.000E+00  0.000E+00  0.000E+00
  0.000E+00  0.000E+00  0.000E+00  0.000E+00  0.000E+00  0.000E+00  0.000E+00  0.000E+00  0.000E+00  0.000E+00
  0.000E+00  0.000E+00  1.000E+00  0.000E+00  0.000E+00  0.000E+00  0.000E+00  0.000E+00  7.295E-01  0.000E+00
  0.000E+00  0.000E+00  0.000E+00  0.000E+00  0.000E+00  1.000E+00  0.000E+00  1.000E+00  1.000E+00  1.000E+00
  0.000E+00  9.166E-01  0.000E+00  0.000E+00  1.000E+00  1.000E+00  0.000E+00  0.000E+00  0.000E+00  8.142E-01
  0.000E+00  0.000E+00  0.000E+00  0.000E+00  1.000E+00  0.000E+00  0.000E+00  1.000E+00  0.000E+00  0.000E+00
  0.000E+00  0.000E+00  0.000E+00  0.000E+00  0.000E+00  0.000E+00  0.000E+00  0.000E+00  0.000E+00  0.000E+00
  0.000E+00  1.000E+00  0.000E+00  0.000E+00  0.000E+00  0.000E+00  0.000E+00  0.000E+00  0.000E+00  0.000E+00
  0.000E+00  0.000E+00  0.000E+00  0.000E+00  0.000E+00  0.000E+00  0.000E+00  1.000E+00  1.000E+00  0.000E+00
  0.000E+00  1.000E+00  1.000E+00  1.000E+00  1.000E+00  1.000E+00  0.000E+00  7.084E-01  0.000E+00  0.000E+00
  1.000E+00  1.000E+00  0.000E+00  0.000E+00  0.000E+00  1.000E+00  0.000E+00  1.000E+00  0.000E+00  0.000E+00
  0.000E+00  0.000E+00  0.000E+00  0.000E+00  7.172E-01  1.000E+00  7.159E-01  1.000E+00  0.000E+00  1.000E+00
  1.000E+00  0.000E+00  0.000E+00  0.000E+00  0.000E+00  1.000E+00  0.000E+00  0.000E+00  0.000E+00  1.000E+00
  0.000E+00  1.000E+00  0.000E+00  0.000E+00  0.000E+00  0.000E+00  0.000E+00  0.000E+00  0.000E+00  1.000E+00
  0.000E+00  0.000E+00  0.000E+00  0.000E+00  0.000E+00  0.000E+00  0.000E+00  1.000E+00  0.000E+00  0.000E+00
  0.000E+00  0.000E+00  0.000E+00  0.000E+00  7.706E-01  9.704E-01  0.000E+00  1.000E+00  1.000E+00  0.000E+00
  0.000E+00  1.000E+00  0.000E+00  0.000E+00  1.000E+00  0.000E+00  1.000E+00  1.000E+00  0.000E+00  7.071E-01
  0.000E+00  1.000E+00  0.000E+00  0.000E+00  0.000E+00  0.000E+00  0.000E+00  0.000E+00  0.000E+00  0.000E+00
  0.000E+00  7.082E-01  1.000E+00  0.000E+00  0.000E+00  0.000E+00  0.000E+00  0.000E+00  7.071E-01  0.000E+00
  5.969E-01  0.000E+00  0.000E+00  0.000E+00  0.000E+00  0.000E+00  0.000E+00  1.000E+00  1.000E+00  1.000E+00
  0.000E+00  0.000E+00  0.000E+00  0.000E+00  1.000E+00  7.071E-01  0.000E+00  1.000E+00  7.569E-01  0.000E+00
  0.000E+00  0.000E+00  0.000E+00  1.000E+00  0.000E+00  1.000E+00  0.000E+00  0.000E+00  0.000E+00  0.000E+00
  0.000E+00  1.000E+00  0.000E+00  1.000E+00  0.000E+00  1.000E+00  0.000E+00  0.000E+00  1.000E+00  0.000E+00
  5.781E-01  0.000E+00  1.000E+00  0.000E+00  1.000E+00  1.000E+00  0.000E+00  0.000E+00  0.000E+00  0.000E+00
  1.000E+00  0.000E+00  0.000E+00  0.000E+00  0.000E+00  0.000E+00  0.000E+00  1.000E+00  0.000E+00  0.000E+00
  0.000E+00  1.000E+00  1.000E+00  0.000E+00  0.000E+00  0.000E+00  0.000E+00  0.000E+00  0.000E+00  1.000E+00
  1.000E+00  1.000E+00  1.000E+00  0.000E+00  1.000E+00  7.369E-01  0.000E+00  1.000E+00  0.000E+00  1.000E+00
  0.000E+00  0.000E+00  0.000E+00  0.000E+00  0.000E+00  0.000E+00  0.000E+00  0.000E+00  0.000E+00  1.000E+00
  0.000E+00  0.000E+00  0.000E+00  1.000E+00  1.000E+00  7.300E-01  7.147E-01  0.000E+00  0.000E+00  1.000E+00
  0.000E+00  0.000E+00  5.788E-01  0.000E+00  0.000E+00  0.000E+00  0.000E+00  1.000E+00  1.000E+00  0.000E+00
  0.000E+00  0.000E+00  1.000E+00  1.000E+00  0.000E+00  0.000E+00  0.000E+00  1.000E+00  0.000E+00  0.000E+00
  0.000E+00  0.000E+00  0.000E+00  1.000E+00  0.000E+00  0.000E+00  0.000E+00  0.000E+00  5.956E-01  0.000E+00
  0.000E+00  1.000E+00  0.000E+00  1.000E+00  0.000E+00  1.000E+00  7.712E-01  0.000E+00  0.000E+00  0.000E+00
  0.000E+00  0.000E+00  7.120E-01  1.000E+00  0.000E+00  0.000E+00  0.000E+00  0.000E+00  1.000E+00  1.000E+00
  1.000E+00  1.000E+00  0.000E+00  0.000E+00  1.000E+00  1.000E+00  0.000E+00  7.173E-01  0.000E+00  0.000E+00
  0.000E+00  0.000E+00  0.000E+00  1.000E+00  0.000E+00  0.000E+00  0.000E+00  0.000E+00  0.000E+00  7.185E-01
  7.071E-01  0.000E+00  1.000E+00  1.000E+00  0.000E+00  1.000E+00  0.000E+00  0.000E+00  0.000E+00  0.000E+00
  0.000E+00  0.000E+00  0.000E+00  0.000E+00  1.000E+00  1.000E+00  0.000E+00  0.000E+00  1.000E+00  1.000E+00
  0.000E+00  1.000E+00  1.000E+00  0.000E+00  0.000E+00  1.000E+00  0.000E+00  0.000E+00  1.000E+00  1.000E+00
  0.000E+00  0.000E+00  0.000E+00  0.000E+00  0.000E+00  1.000E+00  0.000E+00  0.000E+00  0.000E+00  0.000E+00
  1.000E+00  0.000E+00  0.000E+00  0.000E+00  0.000E+00  0.000E+00  0.000E+00  0.000E+00  0.000E+00  0.000E+00
  1.000E+00  0.000E+00  0.000E+00  0.000E+00  0.000E+00  0.000E+00  0.000E+00  7.072E-01  0.000E+00  0.000E+00
  0.000E+00  0.000E+00  1.000E+00  0.000E+00  0.000E+00  0.000E+00  0.000E+00  1.000E+00  1.000E+00  0.000E+00
  0.000E+00  1.000E+00  0.000E+00  0.000E+00  0.000E+00  1.000E+00  0.000E+00  0.000E+00  1.000E+00  1.000E+00
  0.000E+00  0.000E+00  0.000E+00  1.000E+00  5.779E-01  0.000E+00  0.000E+00  0.000E+00  1.000E+00  7.074E-01
  7.084E-01  0.000E+00  1.000E+00  0.000E+00  0.000E+00  1.000E+00  7.166E-01  0.000E+00  0.000E+00  0.000E+00
  0.000E+00  0.000E+00  0.000E+00  0.000E+00  0.000E+00  0.000E+00  0.000E+00  1.000E+00  0.000E+00  0.000E+00
  0.000E+00  0.000E+00  1.000E+00  1.000E+00  0.000E+00  1.000E+00  0.000E+00  0.000E+00  9.564E-01  7.092E-01
  1.000E+00  0.000E+00  0.000E+00  0.000E+00  0.000E+00  0.000E+00  0.000E+00  0.000E+00  0.000E+00  1.000E+00
  0.000E+00  7.173E-01  0.000E+00  0.000E+00  0.000E+00  7.099E-01  1.000E+00  0.000E+00  0.000E+00  1.000E+00
  0.000E+00  1.000E+00  7.071E-01  1.000E+00  0.000E+00  1.000E+00  1.000E+00  1.000E+00  0.000E+00  0.000E+00
  0.000E+00  6.851E-01  0.000E+00  0.000E+00  0.000E+00  0.000E+00  0.000E+00  0.000E+00  1.000E+00  0.000E+00
  1.000E+00  7.183E-01  0.000E+00  1.000E+00  0.000E+00  0.000E+00  1.000E+00  7.727E-01  0.000E+00  0.000E+00
  0.000E+00  0.000E+00  0.000E+00  0.000E+00  0.000E+00  1.000E+00  1.000E+00  0.000E+00  0.000E+00  0.000E+00
  0.000E+00  0.000E+00  0.000E+00  0.000E+00  0.000E+00  0.000E+00  0.000E+00  1.000E+00  1.000E+00  0.000E+00
  1.000E+00  0.000E+00  0.000E+00  0.000E+00  7.211E-01  0.000E+00  1.000E+00  9.879E-01  0.000E+00  0.000E+00
  0.000E+00  1.000E+00  1.000E+00  0.000E+00  0.000E+00  0.000E+00  0.000E+00  0.000E+00  1.000E+00  0.000E+00
  0.000E+00  0.000E+00  0.000E+00  1.000E+00  0.000E+00  7.137E-01  1.000E+00  0.000E+00  0.000E+00  0.000E+00
  0.000E+00  1.000E+00  0.000E+00  0.000E+00  0.000E+00  0.000E+00  1.000E+00  1.000E+00  1.000E+00  1.000E+00
  0.000E+00  0.000E+00  0.000E+00  1.000E+00  1.000E+00  1.000E+00  0.000E+00  0.000E+00  0.000E+00  0.000E+00
  0.000E+00  0.000E+00  0.000E+00  0.000E+00  0.000E+00  1.000E+00  8.272E-01  0.000E+00  0.000E+00  0.000E+00
  0.000E+00  0.000E+00  0.000E+00  0.000E+00  0.000E+00  0.000E+00  0.000E+00  0.000E+00  7.077E-01  0.000E+00
  1.000E+00  0.000E+00  0.000E+00  7.071E-01  1.000E+00  1.000E+00  0.000E+00  0.000E+00  0.000E+00  0.000E+00
  0.000E+00  0.000E+00  1.000E+00  1.000E+00  0.000E+00  0.000E+00  0.000E+00  0.000E+00  0.000E+00  5.796E-01
  0.000E+00  0.000E+00  5.844E-01  1.000E+00  0.000E+00  0.000E+00  0.000E+00  0.000E+00  1.000E+00  0.000E+00
  0.000E+00  7.075E-01  7.128E-01  1.000E+00  1.000E+00  1.000E+00  0.000E+00  0.000E+00  0.000E+00  1.000E+00
  0.000E+00  0.000E+00  0.000E+00  0.000E+00  0.000E+00  0.000E+00  7.071E-01  0.000E+00  0.000E+00  0.000E+00
  1.000E+00  1.000E+00  0.000E+00  0.000E+00  0.000E+00  0.000E+00  1.000E+00  0.000E+00  0.000E+00  0.000E+00
  1.000E+00  0.000E+00  0.000E+00  1.000E+00  0.000E+00  0.000E+00  0.000E+00  0.000E+00  0.000E+00  0.000E+00
  0.000E+00  0.000E+00  0.000E+00  0.000E+00  1.000E+00  1.000E+00  0.000E+00  0.000E+00  0.000E+00  0.000E+00
  0.000E+00  0.000E+00  0.000E+00  7.410E-01  0.000E+00  1.000E+00  0.000E+00  0.000E+00  1.000E+00  0.000E+00
  9.016E-01  1.000E+00  6.527E-01  0.000E+00  1.000E+00  7.560E-01  1.000E+00  0.000E+00  0.000E+00  1.000E+00
  0.000E+00  1.000E+00  0.000E+00  1.000E+00  1.000E+00  1.000E+00  0.000E+00  1.000E+00  1.000E+00  7.071E-01
  0.000E+00  1.000E+00  0.000E+00  0.000E+00  0.000E+00  0.000E+00  1.000E+00  0.000E+00  1.000E+00  0.000E+00
  0.000E+00  1.000E+00  7.086E-01  1.000E+00  0.000E+00  0.000E+00  0.000E+00  1.000E+00  7.073E-01  0.000E+00
  0.000E+00  0.000E+00  0.000E+00  0.000E+00  1.000E+00  0.000E+00  1.000E+00  1.000E+00  1.000E+00  1.000E+00
  0.000E+00  1.000E+00  0.000E+00  1.000E+00  0.000E+00  7.103E-01  5.405E-01  1.000E+00  0.000E+00  0.000E+00
  0.000E+00  0.000E+00  1.000E+00  0.000E+00  1.000E+00  0.000E+00  1.000E+00  1.000E+00  1.000E+00  0.000E+00
  1.000E+00  0.000E+00  1.000E+00  0.000E+00  1.000E+00  0.000E+00  1.000E+00  0.000E+00  0.000E+00  0.000E+00
  0.000E+00  1.000E+00  1.000E+00  7.806E-01  1.000E+00  1.000E+00  0.000E+00  0.000E+00  0.000E+00  1.000E+00
  0.000E+00  0.000E+00  0.000E+00  0.000E+00  7.132E-01  0.000E+00  1.000E+00  0.000E+00  0.000E+00  0.000E+00
  1.000E+00  7.279E-01  0.000E+00  0.000E+00  1.000E+00  0.000E+00  0.000E+00  0.000E+00  1.000E+00  1.000E+00
  0.000E+00  7.084E-01  0.000E+00  0.000E+00  0.000E+00  1.000E+00  8.492E-01  0.000E+00  1.000E+00  0.000E+00
  1.000E+00  1.000E+00  7.252E-01  7.957E-01  0.000E+00  1.000E+00  0.000E+00  1.000E+00  0.000E+00  7.116E-01
  0.000E+00  1.000E+00  1.000E+00  0.000E+00  0.000E+00  0.000E+00  0.000E+00  0.000E+00  1.000E+00  8.951E-01
  1.000E+00  1.000E+00  0.000E+00  7.073E-01  7.095E-01  0.000E+00  1.000E+00  1.000E+00  0.000E+00  7.445E-01
  0.000E+00  0.000E+00  1.000E+00  0.000E+00  1.000E+00  0.000E+00  0.000E+00  1.000E+00  1.000E+00  0.000E+00
  0.000E+00  0.000E+00  1.000E+00  0.000E+00  0.000E+00  0.000E+00  1.000E+00  1.000E+00  1.000E+00  1.000E+00
  0.000E+00  0.000E+00  1.000E+00  0.000E+00  1.000E+00  1.000E+00  0.000E+00  0.000E+00  1.000E+00  1.000E+00
  0.000E+00  0.000E+00  1.000E+00  7.138E-01  1.000E+00  1.000E+00  0.000E+00  0.000E+00  1.000E+00  0.000E+00
  0.000E+00  1.000E+00  6.075E-01  0.000E+00  1.000E+00  0.000E+00  1.000E+00  0.000E+00  0.000E+00  1.000E+00
  0.000E+00  1.000E+00  0.000E+00  1.000E+00  1.000E+00  0.000E+00  1.000E+00  0.000E+00  1.000E+00  7.969E-01
  1.000E+00  1.000E+00  7.092E-01  7.565E-01  1.000E+00  7.086E-01  6.109E-01  0.000E+00  0.000E+00  1.000E+00
  0.000E+00  0.000E+00  0.000E+00  0.000E+00  0.000E+00  0.000E+00  1.000E+00  0.000E+00  0.000E+00  0.000E+00
  1.000E+00  0.000E+00  1.000E+00  1.000E+00  0.000E+00  1.000E+00  1.000E+00  0.000E+00  0.000E+00  0.000E+00
  0.000E+00  0.000E+00  1.000E+00  1.000E+00  1.000E+00  0.000E+00  0.000E+00  1.000E+00  0.000E+00  1.000E+00
  1.000E+00  1.000E+00  0.000E+00  0.000E+00  0.000E+00  1.000E+00  1.000E+00  0.000E+00  1.000E+00  0.000E+00
  7.073E-01  5.793E-01  7.159E-01  1.000E+00  0.000E+00  1.000E+00  0.000E+00  0.000E+00  0.000E+00  0.000E+00
  0.000E+00  0.000E+00  0.000E+00  7.071E-01  1.000E+00  1.000E+00  7.755E-01  0.000E+00  1.000E+00  0.000E+00
  0.000E+00  0.000E+00  1.000E+00  0.000E+00  0.000E+00  0.000E+00  0.000E+00  1.000E+00  0.000E+00  1.000E+00
  0.000E+00  1.000E+00  0.000E+00  1.000E+00  0.000E+00  0.000E+00  1.000E+00  1.000E+00  0.000E+00  0.000E+00
  0.000E+00  7.071E-01  0.000E+00  0.000E+00  0.000E+00  0.000E+00  0.000E+00  7.074E-01  0.000E+00  1.000E+00
  1.000E+00  1.000E+00  0.000E+00  0.000E+00  1.000E+00  6.616E-01  0.000E+00  7.257E-01  0.000E+00  9.793E-01
  6.269E-01  1.000E+00  5.781E-01  0.000E+00  1.000E+00  0.000E+00  1.000E+00  7.085E-01  5.778E-01  0.000E+00
  0.000E+00  1.000E+00  1.000E+00  0.000E+00  7.387E-01  8.105E-01  5.283E-01  7.073E-01  1.000E+00  0.000E+00
  7.072E-01  0.000E+00  0.000E+00  1.000E+00  0.000E+00  0.000E+00  7.074E-01  0.000E+00  0.000E+00  7.083E-01
  1.000E+00  1.000E+00  0.000E+00  7.084E-01  1.000E+00  0.000E+00  0.000E+00  0.000E+00  7.202E-01  0.000E+00
  0.000E+00  0.000E+00  0.000E+00  1.000E+00  0.000E+00  0.000E+00  1.000E+00  1.000E+00  0.000E+00  0.000E+00
  1.000E+00  0.000E+00  0.000E+00  0.000E+00  0.000E+00  0.000E+00  0.000E+00  0.000E+00  1.000E+00  0.000E+00
  0.000E+00  1.000E+00  1.000E+00  0.000E+00  7.077E-01  0.000E+00  7.314E-01  7.298E-01  7.071E-01  0.000E+00
  7.119E-01  0.000E+00  1.000E+00  1.000E+00  0.000E+00  0.000E+00  0.000E+00  7.249E-01  1.000E+00  0.000E+00
  0.000E+00  7.086E-01  1.000E+00  0.000E+00  0.000E+00  4.481E-01  1.000E+00  1.000E+00  0.000E+00  7.071E-01
  0.000E+00  0.000E+00  0.000E+00  7.941E-01  0.000E+00  1.000E+00  7.119E-01  1.000E+00  1.000E+00  0.000E+00
  0.000E+00  0.000E+00  0.000E+00  0.000E+00  0.000E+00  0.000E+00  0.000E+00  0.000E+00  0.000E+00  0.000E+00
  0.000E+00  0.000E+00  1.000E+00  1.000E+00  0.000E+00  7.404E-01  0.000E+00  1.000E+00  1.000E+00  0.000E+00
  1.000E+00  1.000E+00  1.000E+00  0.000E+00  0.000E+00  1.000E+00  1.000E+00  1.000E+00  7.179E-01  7.080E-01
  1.000E+00  0.000E+00  1.000E+00  1.000E+00  1.000E+00  7.083E-01  7.124E-01  0.000E+00  7.071E-01  6.175E-01
  7.072E-01  0.000E+00  1.000E+00  1.000E+00  7.071E-01  0.000E+00  7.176E-01  8.844E-01  7.280E-01  7.073E-01
  7.071E-01  5.051E-01  1.000E+00  0.000E+00  1.000E+00  1.000E+00  1.000E+00  7.966E-01  1.000E+00  0.000E+00
  1.000E+00  1.000E+00  0.000E+00  1.000E+00  1.000E+00  1.000E+00  0.000E+00  0.000E+00  0.000E+00  0.000E+00
  0.000E+00  0.000E+00  0.000E+00  1.000E+00  0.000E+00  1.000E+00  1.000E+00  0.000E+00  0.000E+00  1.000E+00
  0.000E+00  1.000E+00  0.000E+00  0.000E+00  0.000E+00  0.000E+00  1.000E+00  5.805E-01  0.000E+00  0.000E+00
  1.000E+00  0.000E+00  7.228E-01  1.000E+00  0.000E+00  1.000E+00  0.000E+00  7.960E-01  1.000E+00  7.077E-01
  0.000E+00  1.000E+00  1.000E+00  5.827E-01  1.000E+00  0.000E+00  1.000E+00  7.108E-01  7.074E-01  1.000E+00
  0.000E+00  0.000E+00  0.000E+00  7.165E-01  7.932E-01  1.000E+00  1.000E+00  7.086E-01  0.000E+00  0.000E+00
  7.072E-01  0.000E+00  1.000E+00  1.000E+00  0.000E+00  0.000E+00  0.000E+00  1.000E+00  6.267E-01  0.000E+00
  1.000E+00  0.000E+00  5.646E-01  0.000E+00  1.000E+00  0.000E+00  1.000E+00  7.071E-01  0.000E+00  1.000E+00
  7.091E-01  0.000E+00  0.000E+00  1.000E+00  1.000E+00  1.000E+00  0.000E+00  0.000E+00  0.000E+00  1.000E+00
  1.000E+00  0.000E+00  0.000E+00  0.000E+00  7.079E-01  1.000E+00  1.000E+00  0.000E+00  0.000E+00  1.000E+00
  1.000E+00  0.000E+00  1.000E+00  7.074E-01  7.449E-01  1.000E+00  1.000E+00  7.451E-01  1.000E+00  7.102E-01
  8.448E-01  1.000E+00  1.000E+00  0.000E+00  8.920E-01  1.000E+00  7.086E-01  1.000E+00  7.071E-01  0.000E+00
  0.000E+00  0.000E+00  1.000E+00  0.000E+00  7.071E-01  1.000E+00  0.000E+00  0.000E+00  0.000E+00  7.071E-01
  5.814E-01  1.000E+00  0.000E+00  0.000E+00  5.813E-01  0.000E+00  0.000E+00  1.000E+00  1.000E+00  1.000E+00
  0.000E+00  0.000E+00  1.000E+00  1.000E+00  1.000E+00  0.000E+00  1.000E+00  1.000E+00  0.000E+00  0.000E+00
  0.000E+00  7.072E-01  0.000E+00  0.000E+00  7.074E-01  0.000E+00  1.000E+00  1.000E+00  0.000E+00  7.071E-01
  1.000E+00  0.000E+00  1.000E+00  1.000E+00  0.000E+00  1.000E+00  1.000E+00  1.000E+00  5.774E-01  1.000E+00
  0.000E+00  1.000E+00  6.486E-01  5.001E-01  1.000E+00  0.000E+00  7.071E-01  5.804E-01  5.390E-01  5.775E-01
  0.000E+00  0.000E+00  0.000E+00  1.000E+00  1.000E+00  0.000E+00  8.368E-01  0.000E+00  5.790E-01  7.071E-01
  5.784E-01  7.072E-01  7.689E-01  5.776E-01  0.000E+00  1.000E+00  7.279E-01  7.075E-01  1.000E+00  0.000E+00
  0.000E+00  0.000E+00  7.151E-01  7.076E-01  7.072E-01  1.000E+00  5.775E-01  0.000E+00  0.000E+00  1.000E+00
  0.000E+00  1.000E+00  1.000E+00  8.761E-01  0.000E+00  0.000E+00  1.000E+00  0.000E+00  1.000E+00  0.000E+00
  1.000E+00  0.000E+00  0.000E+00  0.000E+00  7.071E-01  0.000E+00  0.000E+00  0.000E+00  1.000E+00  5.774E-01
  1.000E+00  0.000E+00  7.344E-01  0.000E+00  0.000E+00  0.000E+00  7.075E-01  1.000E+00  1.000E+00  5.126E-01
  7.123E-01  1.000E+00  6.013E-01  1.000E+00  1.000E+00  0.000E+00  5.774E-01  7.074E-01  7.074E-01  0.000E+00
  5.018E-01  1.000E+00  1.000E+00  1.000E+00  1.000E+00  4.950E-01  5.789E-01  7.281E-01  1.000E+00  5.447E-01
  7.073E-01  0.000E+00  7.073E-01  0.000E+00  5.781E-01  7.159E-01  0.000E+00  1.000E+00  1.000E+00  7.095E-01
  0.000E+00  0.000E+00  1.000E+00  1.000E+00  1.000E+00  0.000E+00  1.000E+00  0.000E+00  1.000E+00  0.000E+00
  0.000E+00  0.000E+00  0.000E+00  0.000E+00  0.000E+00  0.000E+00  1.000E+00  0.000E+00  0.000E+00  0.000E+00
  0.000E+00  0.000E+00  0.000E+00  0.000E+00  0.000E+00  1.000E+00  1.000E+00  0.000E+00  7.198E-01  0.000E+00
  0.000E+00  7.071E-01  0.000E+00  0.000E+00  7.125E-01  7.471E-01  7.077E-01  0.000E+00  0.000E+00  7.073E-01
  7.110E-01  1.000E+00  0.000E+00  4.086E-01  7.074E-01  5.775E-01  7.075E-01  1.000E+00  0.000E+00  5.801E-01
  0.000E+00  4.695E-01  7.154E-01  7.075E-01  0.000E+00  1.000E+00  4.553E-01  4.660E-01  0.000E+00  5.049E-01
  5.782E-01  0.000E+00  1.000E+00  1.000E+00  7.073E-01  1.000E+00  1.000E+00  0.000E+00  4.510E-01  0.000E+00
  1.000E+00  1.000E+00  1.000E+00  1.000E+00  1.000E+00  0.000E+00  1.000E+00  0.000E+00  0.000E+00  0.000E+00
  0.000E+00  1.000E+00  0.000E+00  1.000E+00  0.000E+00  0.000E+00  0.000E+00  0.000E+00  0.000E+00  7.103E-01
  0.000E+00  0.000E+00  0.000E+00  0.000E+00  1.000E+00  7.071E-01  1.000E+00  1.000E+00  0.000E+00  6.021E-01
  7.167E-01  5.866E-01  6.037E-01  4.707E-01  7.142E-01  7.606E-01  1.000E+00  8.232E-01  5.796E-01  6.817E-01
  7.119E-01  1.000E+00  7.992E-01  1.000E+00  5.042E-01  5.020E-01  7.128E-01  1.000E+00  7.071E-01  7.102E-01
  5.746E-01  0.000E+00  4.914E-01  0.000E+00  7.086E-01  6.461E-01  7.081E-01  7.067E-01  1.000E+00  0.000E+00
  8.524E-01  1.000E+00  0.000E+00  0.000E+00  0.000E+00  0.000E+00  1.000E+00  1.000E+00  1.000E+00  0.000E+00
  0.000E+00  7.083E-01  0.000E+00  5.817E-01  6.349E-01  8.299E-01  7.109E-01  1.000E+00  0.000E+00  0.000E+00
  0.000E+00  0.000E+00  0.000E+00  1.000E+00  0.000E+00  0.000E+00  0.000E+00  0.000E+00  0.000E+00  0.000E+00
  0.000E+00  1.000E+00  0.000E+00  1.000E+00  1.000E+00  7.290E-01  1.000E+00  7.752E-01  1.000E+00  7.373E-01
  6.034E-01  6.718E-01  4.566E-01  0.000E+00  7.979E-01  7.072E-01  5.890E-01  5.782E-01  5.615E-01  6.075E-01
  1.000E+00  1.000E+00  3.795E-01  4.520E-01  4.083E-01  5.780E-01  4.483E-01  7.077E-01  5.854E-01  4.269E-01
  1.000E+00  5.792E-01  1.000E+00  5.069E-01  5.001E-01  4.086E-01  7.076E-01  5.227E-01  1.000E+00  1.000E+00
  5.782E-01  0.000E+00  8.752E-01  7.109E-01  7.508E-01  0.000E+00  7.111E-01  0.000E+00  6.160E-01  5.744E-01
  6.442E-01  1.000E+00  5.057E-01  7.630E-01  0.000E+00  0.000E+00  0.000E+00  0.000E+00  0.000E+00  0.000E+00
  0.000E+00  0.000E+00  1.000E+00  0.000E+00  0.000E+00  7.063E-01  1.000E+00  6.106E-01  1.000E+00  1.000E+00
  1.000E+00  1.000E+00  7.125E-01  1.000E+00  8.048E-01  6.613E-01  7.071E-01  7.092E-01  7.947E-01  1.000E+00
  1.000E+00  5.781E-01  4.475E-01  5.009E-01  6.713E-01  5.806E-01  5.777E-01  5.000E-01  1.000E+00  4.482E-01
  7.078E-01  4.750E-01  6.349E-01  7.071E-01  5.062E-01  5.777E-01  5.226E-01  4.805E-01  5.002E-01  5.001E-01
  7.108E-01  7.085E-01  1.000E+00  8.090E-01  5.089E-01  7.348E-01  0.000E+00  1.000E+00  0.000E+00  1.000E+00
  0.000E+00  1.000E+00  0.000E+00  1.000E+00  7.075E-01  7.076E-01  5.795E-01  1.000E+00  1.000E+00  0.000E+00
  0.000E+00  7.071E-01  0.000E+00  0.000E+00  0.000E+00  0.000E+00  0.000E+00  0.000E+00  0.000E+00  7.163E-01
  1.000E+00  1.000E+00  6.171E-01  7.189E-01  0.000E+00  1.000E+00  1.000E+00  7.211E-01  0.000E+00  7.072E-01
  1.000E+00  5.038E-01  7.149E-01  9.310E-01  0.000E+00  8.036E-01  7.103E-01  1.000E+00  5.986E-01  5.776E-01
  4.606E-01  5.955E-01  5.070E-01  5.782E-01  5.776E-01  5.258E-01  4.677E-01  6.008E-01  1.000E+00  5.002E-01
  4.474E-01  7.756E-01  7.072E-01  7.092E-01  0.000E+00  3.812E-01  5.549E-01  5.118E-01  3.777E-01  5.561E-01
  5.807E-01  1.000E+00  5.002E-01  0.000E+00  5.775E-01  1.000E+00  0.000E+00  0.000E+00  0.000E+00  0.000E+00
  7.073E-01  1.000E+00  1.000E+00  0.000E+00  7.606E-01  6.007E-01  1.000E+00  1.000E+00  1.000E+00  0.000E+00
  7.084E-01  1.000E+00  1.000E+00  0.000E+00  1.000E+00  0.000E+00  0.000E+00  1.000E+00  7.129E-01  1.000E+00
  1.000E+00  7.700E-01  0.000E+00  0.000E+00  5.662E-01  1.000E+00  7.073E-01  0.000E+00  0.000E+00  0.000E+00
  7.087E-01  7.074E-01  7.071E-01  5.797E-01  7.074E-01  5.884E-01  5.002E-01  5.774E-01  5.002E-01  1.000E+00
  4.492E-01  5.315E-01  4.085E-01  1.000E+00  7.071E-01  4.479E-01  2.892E-01  4.164E-01  5.250E-01  5.388E-01
  1.000E+00  4.089E-01  6.312E-01  5.285E-01  0.000E+00  7.071E-01  7.084E-01  1.000E+00  3.786E-01  5.804E-01
  1.000E+00  5.002E-01  7.101E-01  5.004E-01  5.789E-01  0.000E+00  1.000E+00  0.000E+00  1.000E+00  0.000E+00
  1.000E+00  1.000E+00  0.000E+00  0.000E+00  1.000E+00  7.071E-01  0.000E+00  1.000E+00  0.000E+00  0.000E+00
  0.000E+00  0.000E+00  1.000E+00  1.000E+00  0.000E+00  1.000E+00  1.000E+00  7.094E-01  0.000E+00  0.000E+00
  0.000E+00  7.198E-01  1.000E+00  0.000E+00  5.071E-01  5.035E-01  4.098E-01  5.794E-01  4.088E-01  1.000E+00
  5.775E-01  4.478E-01  4.092E-01  4.083E-01  5.000E-01  4.095E-01  4.214E-01  4.523E-01  4.055E-01  3.989E-01
  5.023E-01  4.096E-01  5.044E-01  3.095E-01  4.191E-01  4.579E-01  3.538E-01  4.293E-01  5.777E-01  5.004E-01
  5.007E-01  4.572E-01  5.002E-01  5.707E-01  0.000E+00  7.077E-01  1.000E+00  5.009E-01  1.000E+00  7.072E-01
  1.000E+00  5.776E-01  7.099E-01  0.000E+00  7.073E-01  0.000E+00  1.000E+00  0.000E+00  7.073E-01  0.000E+00
  1.000E+00  7.214E-01  0.000E+00  1.000E+00  0.000E+00  0.000E+00  0.000E+00  7.199E-01  1.000E+00  1.000E+00
  1.000E+00  1.000E+00  0.000E+00  1.000E+00  1.000E+00  1.000E+00  0.000E+00  7.077E-01  1.000E+00  0.000E+00
  1.000E+00  6.667E-01  0.000E+00  4.246E-01  6.449E-01  4.538E-01  5.774E-01  4.573E-01  4.085E-01  6.268E-01
  3.836E-01  5.017E-01  4.227E-01  4.249E-01  3.770E-01  3.131E-01  3.002E-01  3.340E-01  4.594E-01  5.775E-01
  4.506E-01  4.085E-01  4.473E-01  3.035E-01  3.413E-01  4.526E-01  3.476E-01  3.797E-01  4.098E-01  6.073E-01
  6.155E-01  4.768E-01  3.872E-01  4.653E-01  6.823E-01  5.418E-01  3.785E-01  1.000E+00  1.000E+00  5.418E-01
  4.494E-01  1.000E+00  5.777E-01  7.117E-01  5.833E-01  1.000E+00  1.000E+00  1.000E+00  0.000E+00  1.000E+00
  0.000E+00  0.000E+00  1.000E+00  0.000E+00  0.000E+00  0.000E+00  0.000E+00  7.087E-01  0.000E+00  7.079E-01
  0.000E+00  1.000E+00  1.000E+00  1.000E+00  5.865E-01  7.072E-01  6.099E-01  6.074E-01  0.000E+00  7.072E-01
  1.000E+00  1.000E+00  4.195E-01  5.785E-01  4.364E-01  5.203E-01  4.476E-01  4.107E-01  4.539E-01  5.589E-01
  3.661E-01  3.786E-01  3.647E-01  3.048E-01  5.000E-01  3.537E-01  2.699E-01  3.336E-01  3.341E-01  4.084E-01
  4.083E-01  2.689E-01  3.697E-01  3.183E-01  3.564E-01  4.107E-01  3.526E-01  4.408E-01  3.830E-01  4.138E-01
  5.035E-01  8.138E-01  4.492E-01  7.088E-01  4.560E-01  7.071E-01  7.072E-01  7.072E-01  7.221E-01  7.840E-01
  7.885E-01  5.970E-01  5.103E-01  0.000E+00  7.078E-01  0.000E+00  0.000E+00  0.000E+00  1.000E+00  1.000E+00
  1.000E+00  1.000E+00  0.000E+00  7.076E-01  1.000E+00  7.085E-01  5.779E-01  0.000E+00  7.076E-01  6.069E-01
  0.000E+00  6.743E-01  0.000E+00  7.631E-01  7.081E-01  0.000E+00  4.478E-01  7.365E-01  4.475E-01  5.774E-01
  6.514E-01  4.477E-01  5.658E-01  3.296E-01  3.095E-01  3.596E-01  3.235E-01  3.662E-01  3.391E-01  3.198E-01
  3.590E-01  3.175E-01  3.631E-01  2.738E-01  3.052E-01  3.572E-01  2.817E-01  3.550E-01  2.943E-01  4.272E-01
  2.824E-01  2.823E-01  4.161E-01  3.645E-01  3.562E-01  3.792E-01  3.152E-01  4.089E-01  0.000E+00  5.165E-01
  5.843E-01  5.005E-01  4.488E-01  5.013E-01  0.000E+00  7.659E-01  1.000E+00  7.422E-01  7.171E-01  1.000E+00
  0.000E+00  0.000E+00  1.000E+00  1.000E+00  0.000E+00  0.000E+00  0.000E+00  1.000E+00  1.000E+00  0.000E+00
  1.000E+00  0.000E+00  0.000E+00  1.000E+00  7.083E-01  7.187E-01  0.000E+00  5.991E-01  6.121E-01  0.000E+00
  0.000E+00  1.000E+00  1.000E+00  5.000E-01  6.880E-01  5.002E-01  5.009E-01  4.176E-01  3.671E-01  3.559E-01
  2.910E-01  3.878E-01  3.334E-01  2.877E-01  2.563E-01  3.537E-01  2.566E-01  2.192E-01  2.442E-01  2.584E-01
  3.038E-01  2.943E-01  2.679E-01  3.018E-01  3.405E-01  2.728E-01  2.604E-01  2.614E-01  4.303E-01  3.245E-01
  3.535E-01  4.296E-01  4.914E-01  3.542E-01  4.378E-01  3.605E-01  4.944E-01  5.677E-01  7.071E-01  5.777E-01
  6.714E-01  5.054E-01  1.000E+00  1.000E+00  1.000E+00  5.075E-01  0.000E+00  0.000E+00  7.083E-01  1.000E+00
  0.000E+00  0.000E+00  0.000E+00  1.000E+00  0.000E+00  0.000E+00  1.000E+00  1.000E+00  0.000E+00  1.000E+00
  1.000E+00  1.000E+00  1.000E+00  1.000E+00  7.158E-01  8.015E-01  0.000E+00  1.000E+00  5.783E-01  1.000E+00
  1.000E+00  7.074E-01  5.140E-01  6.190E-01  4.528E-01  3.541E-01  3.785E-01  2.921E-01  3.032E-01  3.030E-01
  3.038E-01  2.542E-01  3.787E-01  2.165E-01  4.097E-01  2.357E-01  2.803E-01  2.221E-01  2.210E-01  2.793E-01
  3.017E-01  2.137E-01  2.620E-01  2.678E-01  3.707E-01  2.709E-01  3.065E-01  3.232E-01  4.800E-01  2.691E-01
  3.840E-01  3.690E-01  5.084E-01  3.956E-01  6.066E-01  4.089E-01  3.802E-01  1.000E+00  4.092E-01  7.071E-01
  0.000E+00  0.000E+00  7.728E-01  1.000E+00  1.000E+00  6.287E-01  1.000E+00  5.775E-01  1.000E+00  9.182E-01
  7.163E-01  6.085E-01  0.000E+00  1.000E+00  5.924E-01  8.030E-01  9.765E-01  1.000E+00  7.086E-01  1.000E+00
  5.527E-01  7.078E-01  1.000E+00  7.075E-01  5.779E-01  5.776E-01  0.000E+00  4.560E-01  3.946E-01  3.856E-01
  2.771E-01  1.000E+00  3.842E-01  3.016E-01  3.801E-01  2.541E-01  2.629E-01  2.831E-01  2.582E-01  3.193E-01
  1.991E-01  2.583E-01  2.211E-01  2.678E-01  2.535E-01  2.135E-01  2.088E-01  2.500E-01  2.169E-01  2.187E-01
  2.379E-01  2.377E-01  2.671E-01  2.448E-01  2.539E-01  2.742E-01  2.613E-01  3.466E-01  3.571E-01  4.192E-01
  4.434E-01  5.774E-01  5.777E-01  5.000E-01  1.000E+00  5.788E-01  1.000E+00  1.000E+00  7.100E-01  7.299E-01
  0.000E+00  7.082E-01  0.000E+00  0.000E+00  0.000E+00  0.000E+00  0.000E+00  9.542E-01  1.000E+00  6.039E-01
  0.000E+00  0.000E+00  1.000E+00  0.000E+00  0.000E+00  1.000E+00  0.000E+00  5.774E-01  7.071E-01  4.881E-01
  7.072E-01  1.000E+00  7.115E-01  5.774E-01  4.091E-01  3.064E-01  4.476E-01  4.087E-01  2.685E-01  3.345E-01
  3.172E-01  2.818E-01  2.432E-01  2.916E-01  2.173E-01  2.176E-01  1.811E-01  1.809E-01  2.209E-01  1.756E-01
  2.358E-01  2.165E-01  1.767E-01  1.814E-01  2.037E-01  1.684E-01  2.149E-01  2.003E-01  2.272E-01  2.118E-01
  2.272E-01  2.289E-01  2.788E-01  2.780E-01  4.321E-01  3.181E-01  3.472E-01  5.470E-01  5.775E-01  5.229E-01
  0.000E+00  5.001E-01  7.195E-01  5.687E-01  1.000E+00  1.000E+00  0.000E+00  7.417E-01  1.000E+00  0.000E+00
  1.000E+00  1.000E+00  0.000E+00  1.000E+00  1.000E+00  0.000E+00  0.000E+00  1.000E+00  1.000E+00  0.000E+00
  6.605E-01  5.841E-01  7.077E-01  0.000E+00  1.000E+00  1.000E+00  4.480E-01  0.000E+00  6.348E-01  7.450E-01
  1.000E+00  5.559E-01  4.283E-01  3.700E-01  3.395E-01  3.181E-01  3.544E-01  3.502E-01  2.023E-01  2.877E-01
  2.361E-01  2.051E-01  2.205E-01  2.194E-01  1.811E-01  1.842E-01  1.744E-01  1.753E-01  1.945E-01  1.971E-01
  1.531E-01  1.712E-01  1.868E-01  1.934E-01  1.818E-01  1.753E-01  1.996E-01  2.224E-01  2.241E-01  2.573E-01
  2.733E-01  3.075E-01  3.681E-01  3.336E-01  2.685E-01  3.199E-01  7.451E-01  4.099E-01  1.000E+00  4.478E-01
  5.774E-01  5.828E-01  1.000E+00  7.072E-01  6.134E-01  1.000E+00  1.000E+00  0.000E+00  5.869E-01  7.550E-01
  5.780E-01  1.000E+00  0.000E+00  0.000E+00  0.000E+00  1.000E+00  1.000E+00  0.000E+00  0.000E+00  7.071E-01
  6.015E-01  7.445E-01  5.507E-01  7.075E-01  4.475E-01  5.483E-01  5.840E-01  3.573E-01  5.004E-01  3.267E-01
  4.777E-01  4.808E-01  2.546E-01  2.909E-01  3.166E-01  2.739E-01  2.584E-01  2.560E-01  2.443E-01  2.323E-01
  2.303E-01  2.599E-01  1.784E-01  2.151E-01  1.827E-01  1.774E-01  1.979E-01  1.596E-01  1.756E-01  1.837E-01
  1.926E-01  1.834E-01  1.627E-01  1.868E-01  1.934E-01  2.157E-01  2.190E-01  3.091E-01  4.131E-01  3.075E-01
  2.888E-01  3.257E-01  4.473E-01  3.658E-01  1.000E+00  5.047E-01  5.793E-01  7.072E-01  5.781E-01  4.479E-01
  0.000E+00  1.000E+00  0.000E+00  1.000E+00  1.000E+00  7.072E-01  1.000E+00  0.000E+00  0.000E+00  0.000E+00
  0.000E+00  1.000E+00  0.000E+00  7.071E-01  7.073E-01  0.000E+00  5.875E-01  1.000E+00  1.000E+00  7.073E-01
  5.776E-01  5.201E-01  1.000E+00  5.780E-01  3.634E-01  3.428E-01  3.781E-01  2.892E-01  3.542E-01  3.460E-01
  2.376E-01  3.901E-01  2.684E-01  2.687E-01  2.470E-01  2.774E-01  2.083E-01  2.133E-01  1.808E-01  2.166E-01
  1.999E-01  1.658E-01  1.776E-01  1.814E-01  1.744E-01  1.798E-01  1.621E-01  1.770E-01  2.164E-01  1.809E-01
  2.183E-01  1.774E-01  2.127E-01  2.887E-01  2.873E-01  4.477E-01  2.593E-01  3.335E-01  2.795E-01  4.157E-01
  4.488E-01  4.940E-01  5.774E-01  5.808E-01  5.005E-01  7.245E-01  8.308E-01  0.000E+00  1.000E+00  7.083E-01
  5.785E-01  1.000E+00  0.000E+00  7.073E-01  0.000E+00  1.000E+00  0.000E+00  1.000E+00  1.000E+00  7.096E-01
  7.071E-01  0.000E+00  7.072E-01  1.000E+00  0.000E+00  5.829E-01  5.192E-01  5.786E-01  5.004E-01  3.810E-01
  4.103E-01  5.001E-01  5.129E-01  3.818E-01  4.474E-01  3.024E-01  2.677E-01  3.128E-01  3.123E-01  3.373E-01
  2.533E-01  2.396E-01  1.809E-01  2.166E-01  1.784E-01  1.654E-01  1.688E-01  1.631E-01  1.611E-01  1.391E-01
  1.630E-01  1.534E-01  1.414E-01  1.685E-01  1.812E-01  1.580E-01  1.529E-01  1.830E-01  2.032E-01  2.136E-01
  2.253E-01  2.957E-01  3.794E-01  2.365E-01  2.596E-01  3.465E-01  3.462E-01  5.011E-01  3.168E-01  4.323E-01
  4.211E-01  4.437E-01  5.950E-01  8.699E-01  5.117E-01  5.010E-01  0.000E+00  0.000E+00  0.000E+00  6.196E-01
  0.000E+00  0.000E+00  1.000E+00  7.071E-01  1.000E+00  1.000E+00  8.298E-01  0.000E+00  5.823E-01  1.000E+00
  0.000E+00  7.077E-01  1.000E+00  1.000E+00  6.309E-01  5.239E-01  4.402E-01  7.150E-01  4.909E-01  3.342E-01
  3.843E-01  3.780E-01  2.860E-01  2.567E-01  2.955E-01  2.596E-01  2.783E-01  2.051E-01  2.415E-01  1.885E-01
  1.453E-01  1.962E-01  1.568E-01  1.491E-01  1.471E-01  1.238E-01  1.341E-01  1.394E-01  1.237E-01  1.479E-01
  1.364E-01  1.563E-01  1.551E-01  1.641E-01  1.581E-01  2.594E-01  2.571E-01  2.126E-01  2.365E-01  2.912E-01
  2.382E-01  3.594E-01  2.803E-01  3.018E-01  4.083E-01  2.894E-01  4.216E-01  4.530E-01  7.071E-01  1.000E+00
  0.000E+00  7.656E-01  5.786E-01  1.000E+00  1.000E+00  1.000E+00  1.000E+00  1.000E+00  0.000E+00  7.072E-01
  0.000E+00  1.000E+00  0.000E+00  1.000E+00  0.000E+00  1.000E+00  7.555E-01  1.000E+00  1.000E+00  1.000E+00
  5.775E-01  4.255E-01  7.151E-01  5.776E-01  5.775E-01  3.551E-01  3.543E-01  4.035E-01  3.181E-01  3.018E-01
  2.521E-01  3.088E-01  3.211E-01  2.447E-01  1.984E-01  1.966E-01  2.176E-01  1.722E-01  1.554E-01  1.393E-01
  1.470E-01  1.168E-01  1.492E-01  1.251E-01  1.180E-01  1.087E-01  1.263E-01  1.122E-01  1.328E-01  1.466E-01
  1.735E-01  1.952E-01  1.688E-01  2.249E-01  2.326E-01  2.225E-01  2.549E-01  2.791E-01  2.932E-01  2.603E-01
  3.377E-01  2.893E-01  3.834E-01  2.895E-01  4.492E-01  7.101E-01  5.794E-01  0.000E+00  6.078E-01  6.020E-01
  1.000E+00  7.725E-01  5.799E-01  0.000E+00  1.000E+00  1.000E+00  0.000E+00  1.000E+00  1.000E+00  7.320E-01
  1.000E+00  0.000E+00  1.000E+00  1.000E+00  5.776E-01  5.094E-01  1.000E+00  5.116E-01  7.175E-01  5.774E-01
  5.777E-01  4.596E-01  5.778E-01  4.477E-01  4.106E-01  2.805E-01  2.089E-01  2.644E-01  2.549E-01  2.350E-01
  2.421E-01  1.903E-01  1.708E-01  1.765E-01  1.519E-01  1.381E-01  1.301E-01  1.324E-01  1.155E-01  6.042E-02
  4.830E-02  4.362E-02  4.915E-02  9.573E-02  1.932E-01  1.548E-01  1.250E-01  1.490E-01  1.769E-01  1.612E-01
  2.264E-01  2.107E-01  3.023E-01  2.260E-01  2.078E-01  2.467E-01  2.896E-01  3.379E-01  5.011E-01  2.782E-01
  5.774E-01  4.492E-01  5.879E-01  4.583E-01  3.844E-01  1.000E+00  1.000E+00  1.000E+00  0.000E+00  7.101E-01
  1.000E+00  7.086E-01  7.072E-01  7.072E-01  0.000E+00  7.083E-01  1.000E+00  1.000E+00  0.000E+00  7.188E-01
  1.000E+00  5.906E-01  1.000E+00  5.842E-01  5.983E-01  1.000E+00  7.162E-01  5.777E-01  4.072E-01  3.525E-01
  3.781E-01  3.081E-01  2.335E-01  2.439E-01  1.884E-01  2.677E-01  2.433E-01  2.294E-01  1.857E-01  1.737E-01
  1.660E-01  1.457E-01  1.178E-01  1.342E-01  7.554E-02  3.019E-02  1.479E-02  9.741E-03  8.694E-03  1.070E-02
  1.928E-02  3.871E-02  1.033E-01  1.107E-01  1.279E-01  1.504E-01  1.483E-01  1.814E-01  1.806E-01  1.884E-01
  1.993E-01  2.533E-01  2.525E-01  2.606E-01  5.002E-01  3.536E-01  3.167E-01  3.782E-01  3.545E-01  5.156E-01
  1.000E+00  5.980E-01  7.072E-01  5.860E-01  7.071E-01  5.811E-01  5.954E-01  1.000E+00  0.000E+00  1.000E+00
  1.000E+00  1.000E+00  0.000E+00  5.776E-01  0.000E+00  0.000E+00  1.000E+00  1.000E+00  0.000E+00  1.000E+00
  5.813E-01  5.112E-01  5.210E-01  5.837E-01  5.253E-01  3.987E-01  4.581E-01  3.755E-01  2.796E-01  2.720E-01
  2.717E-01  2.185E-01  2.216E-01  2.315E-01  1.904E-01  1.868E-01  1.706E-01  1.733E-01  1.863E-01  1.435E-01
  8.330E-02  2.490E-02  8.693E-03  4.237E-03  2.845E-03  2.575E-03  3.135E-03  5.216E-03  1.190E-02  3.575E-02
  1.196E-01  1.222E-01  1.461E-01  1.438E-01  1.605E-01  1.914E-01  2.420E-01  1.890E-01  2.678E-01  2.055E-01
  2.429E-01  3.021E-01  2.738E-01  3.432E-01  3.791E-01  5.002E-01  4.362E-01  5.775E-01  5.859E-01  7.071E-01
  0.000E+00  7.071E-01  0.000E+00  1.000E+00  7.075E-01  7.074E-01  7.075E-01  7.080E-01  1.000E+00  0.000E+00
  7.319E-01  8.776E-01  1.000E+00  8.846E-01  5.777E-01  1.000E+00  7.072E-01  7.081E-01  1.000E+00  5.774E-01
  5.101E-01  4.088E-01  4.570E-01  5.411E-01  2.883E-01  3.498E-01  2.394E-01  2.223E-01  2.581E-01  2.642E-01
  2.031E-01  2.002E-01  1.844E-01  1.393E-01  1.265E-01  1.216E-01  1.029E-01  3.752E-02  9.677E-03  3.458E-03
  1.743E-03  1.196E-03  1.090E-03  1.312E-03  2.112E-03  4.692E-03  1.463E-02  5.844E-02  1.090E-01  1.225E-01
  1.480E-01  1.527E-01  1.591E-01  2.159E-01  2.217E-01  2.056E-01  2.084E-01  2.528E-01  2.215E-01  2.771E-01
  3.721E-01  4.094E-01  3.783E-01  3.814E-01  5.810E-01  4.205E-01  7.080E-01  4.002E-01  5.011E-01  1.000E+00
  4.089E-01  1.000E+00  1.000E+00  5.887E-01  7.220E-01  0.000E+00  1.000E+00  1.000E+00  1.000E+00  0.000E+00
  5.018E-01  1.000E+00  0.000E+00  5.781E-01  7.073E-01  4.120E-01  5.849E-01  3.782E-01  4.481E-01  5.055E-01
  3.565E-01  3.165E-01  2.850E-01  2.720E-01  2.776E-01  1.925E-01  2.134E-01  2.145E-01  2.060E-01  1.793E-01
  1.753E-01  1.446E-01  1.305E-01  9.206E-02  1.983E-02  5.179E-03  1.917E-03  9.950E-04  6.959E-04  6.383E-04
  7.596E-04  1.194E-03  2.578E-03  7.831E-03  3.334E-02  1.145E-01  1.192E-01  1.675E-01  1.721E-01  1.657E-01
  1.835E-01  1.955E-01  2.187E-01  2.615E-01  2.182E-01  2.854E-01  2.590E-01  3.337E-01  4.107E-01  3.225E-01
  4.072E-01  5.915E-01  4.660E-01  5.800E-01  1.000E+00  5.834E-01  0.000E+00  0.000E+00  1.000E+00  1.000E+00
  1.000E+00  7.071E-01  1.000E+00  1.000E+00  0.000E+00  1.000E+00  7.081E-01  7.120E-01  5.811E-01  8.245E-01
  4.482E-01  7.445E-01  6.051E-01  4.399E-01  1.000E+00  5.001E-01  3.172E-01  3.354E-01  2.750E-01  2.765E-01
  3.890E-01  2.858E-01  2.067E-01  2.143E-01  1.961E-01  1.779E-01  1.612E-01  1.459E-01  1.344E-01  1.425E-01
  6.806E-02  1.463E-02  3.830E-03  1.442E-03  7.598E-04  5.392E-04  4.960E-04  5.861E-04  9.093E-04  1.919E-03
  5.763E-03  2.498E-02  9.229E-02  1.144E-01  1.444E-01  1.508E-01  1.770E-01  1.759E-01  2.029E-01  2.054E-01
  2.505E-01  2.588E-01  2.053E-01  3.220E-01  2.787E-01  3.041E-01  4.375E-01  3.211E-01  3.899E-01  6.157E-01
  3.794E-01  7.071E-01  0.000E+00  1.000E+00  1.000E+00  7.114E-01  0.000E+00  1.000E+00  1.000E+00  0.000E+00
  7.089E-01  0.000E+00  7.097E-01  0.000E+00  7.071E-01  1.000E+00  7.072E-01  5.003E-01  7.373E-01  1.000E+00
  5.831E-01  4.335E-01  7.408E-01  4.554E-01  4.088E-01  3.029E-01  2.705E-01  2.254E-01  2.243E-01  1.661E-01
  2.814E-01  2.023E-01  1.834E-01  1.686E-01  1.396E-01  1.389E-01  1.870E-01  9.237E-02  1.497E-02  3.851E-03
  1.443E-03  7.600E-04  5.387E-04  4.962E-04  5.863E-04  9.080E-04  1.920E-03  5.788E-03  2.489E-02  9.206E-02
  1.144E-01  1.350E-01  1.489E-01  1.837E-01  2.015E-01  2.037E-01  2.257E-01  2.260E-01  3.843E-01  2.645E-01
  2.677E-01  3.834E-01  3.787E-01  4.936E-01  5.035E-01  4.486E-01  4.883E-01  6.041E-01  7.281E-01  6.433E-01
  1.000E+00  5.774E-01  7.138E-01  9.065E-01  5.376E-01  1.000E+00  0.000E+00  0.000E+00  7.076E-01  7.232E-01
  8.118E-01  1.000E+00  5.215E-01  0.000E+00  5.775E-01  9.445E-01  4.120E-01  0.000E+00  1.000E+00  4.201E-01
  4.156E-01  4.228E-01  3.339E-01  3.142E-01  3.475E-01  2.891E-01  2.140E-01  2.313E-01  2.314E-01  1.839E-01
  1.731E-01  1.546E-01  1.377E-01  1.201E-01  8.372E-02  2.045E-02  5.219E-03  1.917E-03  9.944E-04  6.959E-04
  6.387E-04  7.600E-04  1.195E-03  2.576E-03  7.858E-03  3.369E-02  1.747E-01  1.515E-01  1.418E-01  1.524E-01
  1.566E-01  2.178E-01  2.089E-01  2.020E-01  2.530E-01  2.142E-01  2.398E-01  3.362E-01  3.617E-01  3.609E-01
  5.680E-01  3.558E-01  5.817E-01  5.064E-01  5.002E-01  7.092E-01  5.766E-01  5.025E-01  7.104E-01  5.787E-01
  7.072E-01  1.000E+00  0.000E+00  1.000E+00  1.000E+00  1.000E+00  1.000E+00  7.121E-01  9.152E-01  0.000E+00
  0.000E+00  0.000E+00  0.000E+00  0.000E+00  0.000E+00  1.000E+00  0.000E+00  1.000E+00  5.659E-01  3.384E-01
  4.688E-01  4.117E-01  3.094E-01  2.503E-01  2.169E-01  2.332E-01  1.803E-01  1.774E-01  1.612E-01  1.425E-01
  1.192E-01  1.031E-01  3.607E-02  9.687E-03  3.454E-03  1.742E-03  1.196E-03  1.091E-03  1.312E-03  2.117E-03
  4.696E-03  1.476E-02  6.261E-02  1.170E-01  1.680E-01  1.535E-01  1.656E-01  1.587E-01  2.118E-01  2.505E-01
  1.968E-01  2.360E-01  3.018E-01  2.368E-01  2.733E-01  3.260E-01  3.344E-01  4.473E-01  5.015E-01  5.187E-01
  5.007E-01  7.071E-01  1.000E+00  5.083E-01  1.000E+00  5.157E-01  0.000E+00  1.000E+00  1.000E+00  0.000E+00
  1.000E+00  1.000E+00  0.000E+00  7.196E-01  5.856E-01  1.000E+00  0.000E+00  0.000E+00  0.000E+00  0.000E+00
  0.000E+00  0.000E+00  7.256E-01  7.665E-01  1.000E+00  4.729E-01  4.579E-01  4.698E-01  3.437E-01  3.043E-01
  2.685E-01  2.636E-01  2.067E-01  1.964E-01  1.569E-01  1.586E-01  1.391E-01  1.310E-01  1.212E-01  8.595E-02
  2.620E-02  8.698E-03  4.236E-03  2.842E-03  2.567E-03  3.141E-03  5.197E-03  1.204E-02  3.613E-02  1.087E-01
  1.717E-01  1.280E-01  1.368E-01  2.018E-01  1.880E-01  2.203E-01  2.071E-01  2.466E-01  1.978E-01  2.375E-01
  2.879E-01  2.519E-01  4.085E-01  4.083E-01  3.168E-01  4.474E-01  4.083E-01  6.361E-01  5.963E-01  5.182E-01
  0.000E+00  1.000E+00  0.000E+00  1.000E+00  0.000E+00  7.809E-01  1.000E+00  0.000E+00  0.000E+00  0.000E+00
  0.000E+00  1.000E+00  1.000E+00  0.000E+00  0.000E+00  0.000E+00  0.000E+00  0.000E+00  0.000E+00  0.000E+00
  1.000E+00  4.961E-01  1.000E+00  5.035E-01  4.540E-01  4.473E-01  3.297E-01  2.635E-01  2.469E-01  1.908E-01
  2.176E-01  1.860E-01  1.655E-01  1.492E-01  1.299E-01  1.322E-01  1.066E-01  7.393E-02  3.038E-02  1.460E-02
  9.720E-03  8.709E-03  1.081E-02  1.825E-02  4.250E-02  8.892E-02  1.188E-01  1.289E-01  1.772E-01  1.645E-01
  2.065E-01  2.251E-01  2.368E-01  2.666E-01  2.434E-01  2.169E-01  2.805E-01  2.833E-01  3.196E-01  3.420E-01
  3.821E-01  3.815E-01  4.985E-01  7.076E-01  1.000E+00  0.000E+00  7.081E-01  1.000E+00  7.092E-01  7.073E-01
  5.007E-01  7.092E-01  0.000E+00  7.840E-01  7.116E-01  6.815E-01  1.000E+00  7.071E-01  0.000E+00  0.000E+00
  0.000E+00  0.000E+00  0.000E+00  0.000E+00  0.000E+00  0.000E+00  0.000E+00  0.000E+00  7.118E-01  8.335E-01
  5.121E-01  5.164E-01  3.485E-01  3.895E-01  2.934E-01  2.376E-01  2.178E-01  1.920E-01  1.874E-01  1.695E-01
  1.798E-01  1.430E-01  1.393E-01  1.246E-01  1.097E-01  1.090E-01  6.211E-02  4.679E-02  3.947E-02  5.030E-02
  9.598E-02  1.498E-01  1.244E-01  1.145E-01  1.269E-01  1.631E-01  1.669E-01  1.928E-01  2.040E-01  2.507E-01
  2.133E-01  2.363E-01  2.669E-01  2.302E-01  2.607E-01  2.741E-01  3.118E-01  4.553E-01  3.635E-01  4.148E-01
  5.687E-01  5.775E-01  0.000E+00  0.000E+00  1.000E+00  0.000E+00  1.000E+00  5.774E-01  7.071E-01  0.000E+00
  7.072E-01  0.000E+00  1.000E+00  5.775E-01  1.000E+00  0.000E+00  1.000E+00  0.000E+00  0.000E+00  0.000E+00
  0.000E+00  0.000E+00  0.000E+00  0.000E+00  0.000E+00  7.576E-01  6.226E-01  7.275E-01  3.867E-01  4.006E-01
  3.821E-01  3.425E-01  2.467E-01  2.238E-01  2.240E-01  1.747E-01  1.938E-01  1.763E-01  1.494E-01  1.456E-01
  1.498E-01  1.335E-01  1.340E-01  1.111E-01  1.147E-01  1.116E-01  1.770E-01  1.121E-01  1.591E-01  1.529E-01
  1.433E-01  1.656E-01  1.543E-01  1.982E-01  1.880E-01  2.141E-01  2.401E-01  2.187E-01  2.185E-01  2.679E-01
  3.554E-01  2.888E-01  3.202E-01  7.111E-01  4.188E-01  3.351E-01  7.156E-01  5.039E-01  7.253E-01  5.776E-01
  6.154E-01  5.712E-01  5.781E-01  0.000E+00  1.000E+00  0.000E+00  7.235E-01  7.074E-01  0.000E+00  0.000E+00
  1.000E+00  1.000E+00  1.000E+00  7.096E-01  0.000E+00  0.000E+00  0.000E+00  0.000E+00  0.000E+00  0.000E+00
  0.000E+00  1.000E+00  1.000E+00  5.935E-01  5.948E-01  4.678E-01  3.218E-01  3.142E-01  3.213E-01  2.538E-01
  3.064E-01  1.979E-01  2.055E-01  2.190E-01  1.783E-01  1.524E-01  1.597E-01  1.489E-01  1.479E-01  1.331E-01
  1.269E-01  1.843E-01  1.167E-01  1.820E-01  1.483E-01  1.482E-01  1.470E-01  1.969E-01  1.626E-01  1.984E-01
  2.309E-01  1.828E-01  1.995E-01  2.271E-01  2.601E-01  2.161E-01  3.345E-01  4.092E-01  2.804E-01  3.114E-01
  3.217E-01  3.346E-01  3.704E-01  4.488E-01  4.146E-01  1.000E+00  5.774E-01  7.074E-01  0.000E+00  4.585E-01
  6.369E-01  0.000E+00  7.077E-01  0.000E+00  5.864E-01  0.000E+00  0.000E+00  1.000E+00  0.000E+00  1.000E+00
  5.884E-01  1.000E+00  0.000E+00  0.000E+00  7.073E-01  1.000E+00  1.000E+00  7.072E-01  7.074E-01  1.000E+00
  7.013E-01  4.473E-01  5.140E-01  4.500E-01  2.917E-01  2.840E-01  3.177E-01  2.993E-01  1.932E-01  1.993E-01
  1.699E-01  1.643E-01  1.917E-01  1.846E-01  1.671E-01  1.566E-01  1.416E-01  1.323E-01  1.396E-01  1.336E-01
  1.397E-01  1.624E-01  1.348E-01  1.798E-01  1.641E-01  1.548E-01  1.684E-01  1.737E-01  2.518E-01  2.071E-01
  2.281E-01  2.482E-01  2.372E-01  3.062E-01  4.508E-01  3.787E-01  3.313E-01  3.398E-01  7.111E-01  4.819E-01
  7.098E-01  7.181E-01  5.776E-01  4.264E-01  7.072E-01  1.000E+00  5.512E-01  5.966E-01  7.091E-01  7.107E-01
  6.523E-01  1.000E+00  1.000E+00  1.000E+00  1.000E+00  0.000E+00  1.000E+00  1.000E+00  0.000E+00  5.779E-01
  7.123E-01  7.071E-01  5.776E-01  0.000E+00  6.016E-01  4.550E-01  5.046E-01  4.120E-01  5.070E-01  3.787E-01
  2.695E-01  3.866E-01  3.650E-01  2.392E-01  2.063E-01  2.883E-01  2.135E-01  1.918E-01  1.524E-01  1.522E-01
  1.660E-01  1.485E-01  1.445E-01  1.430E-01  1.447E-01  1.377E-01  1.638E-01  1.426E-01  1.327E-01  1.675E-01
  1.638E-01  1.483E-01  1.732E-01  1.695E-01  1.874E-01  1.962E-01  2.086E-01  2.521E-01  2.638E-01  3.509E-01
  2.682E-01  3.424E-01  4.472E-01  3.025E-01  6.099E-01  3.641E-01  4.958E-01  5.780E-01  5.775E-01  4.094E-01
  4.460E-01  7.100E-01  3.842E-01  0.000E+00  0.000E+00  0.000E+00  1.000E+00  5.011E-01  7.118E-01  1.000E+00
  0.000E+00  0.000E+00  0.000E+00  5.781E-01  1.000E+00  0.000E+00  1.000E+00  5.783E-01  1.000E+00  0.000E+00
  7.110E-01  0.000E+00  5.003E-01  3.761E-01  4.489E-01  4.225E-01  2.807E-01  5.774E-01  4.838E-01  2.674E-01
  3.563E-01  2.277E-01  2.569E-01  2.524E-01  2.025E-01  2.434E-01  1.962E-01  1.812E-01  1.843E-01  1.643E-01
  1.651E-01  1.626E-01  1.670E-01  1.504E-01  1.481E-01  1.660E-01  1.497E-01  1.346E-01  1.890E-01  1.662E-01
  2.052E-01  2.190E-01  2.428E-01  1.929E-01  2.225E-01  2.275E-01  3.434E-01  3.194E-01  3.481E-01  4.100E-01
  4.092E-01  4.100E-01  4.228E-01  4.151E-01  5.032E-01  4.101E-01  5.004E-01  7.071E-01  5.856E-01  1.000E+00
  5.283E-01  1.000E+00  0.000E+00  0.000E+00  1.000E+00  0.000E+00  0.000E+00  1.000E+00  1.000E+00  7.520E-01
  1.000E+00  0.000E+00  1.000E+00  0.000E+00  5.011E-01  1.000E+00  0.000E+00  7.073E-01  4.473E-01  5.800E-01
  5.003E-01  1.000E+00  4.540E-01  3.030E-01  4.338E-01  3.018E-01  3.566E-01  3.721E-01  2.473E-01  2.514E-01
  2.408E-01  2.174E-01  1.804E-01  1.847E-01  1.709E-01  1.791E-01  1.874E-01  1.657E-01  1.744E-01  1.730E-01
  1.620E-01  1.595E-01  2.155E-01  1.772E-01  1.880E-01  1.904E-01  1.784E-01  2.056E-01  2.230E-01  2.252E-01
  2.830E-01  2.889E-01  4.089E-01  2.999E-01  3.214E-01  2.817E-01  7.072E-01  4.479E-01  4.348E-01  5.363E-01
  1.000E+00  5.037E-01  5.014E-01  7.071E-01  7.115E-01  5.774E-01  7.072E-01  0.000E+00  7.095E-01  7.071E-01
  0.000E+00  7.071E-01  1.000E+00  1.000E+00  7.370E-01  1.000E+00  0.000E+00  7.071E-01  0.000E+00  1.000E+00
  5.779E-01  1.000E+00  7.087E-01  1.000E+00  5.777E-01  1.000E+00  5.024E-01  4.817E-01  1.000E+00  5.801E-01
  7.094E-01  3.541E-01  3.347E-01  4.504E-01  4.833E-01  2.888E-01  2.816E-01  2.639E-01  2.735E-01  2.449E-01
  2.241E-01  1.719E-01  2.018E-01  2.011E-01  1.720E-01  1.622E-01  1.829E-01  1.873E-01  1.834E-01  1.864E-01
  2.501E-01  1.697E-01  2.017E-01  2.131E-01  2.413E-01  2.747E-01  2.924E-01  2.770E-01  2.596E-01  3.422E-01
  3.803E-01  3.822E-01  4.670E-01  3.823E-01  4.519E-01  4.114E-01  6.214E-01  1.000E+00  1.000E+00  1.000E+00
  5.003E-01  4.480E-01  1.000E+00  0.000E+00  1.000E+00  1.000E+00  1.000E+00  7.783E-01  7.071E-01  0.000E+00
  1.000E+00  5.843E-01  5.779E-01  0.000E+00  0.000E+00  1.000E+00  0.000E+00  7.166E-01  0.000E+00  1.000E+00
  7.071E-01  7.195E-01  5.898E-01  6.576E-01  5.777E-01  4.999E-01  4.606E-01  5.799E-01  4.630E-01  2.896E-01
  3.360E-01  3.282E-01  3.336E-01  2.768E-01  2.991E-01  2.265E-01  3.018E-01  2.885E-01  2.332E-01  2.183E-01
  2.059E-01  2.150E-01  2.502E-01  2.238E-01  1.876E-01  1.969E-01  1.677E-01  2.449E-01  2.078E-01  2.017E-01
  2.675E-01  2.206E-01  2.144E-01  2.615E-01  3.378E-01  3.283E-01  3.025E-01  3.414E-01  2.614E-01  4.168E-01
  5.776E-01  3.862E-01  5.777E-01  5.003E-01  3.930E-01  1.000E+00  5.774E-01  5.820E-01  9.766E-01  1.000E+00
  0.000E+00  1.000E+00  1.000E+00  0.000E+00  7.119E-01  1.000E+00  7.073E-01  1.000E+00  0.000E+00  0.000E+00
  0.000E+00  0.000E+00  0.000E+00  1.000E+00  5.810E-01  6.853E-01  5.840E-01  1.000E+00  0.000E+00  1.000E+00
  5.805E-01  1.000E+00  7.108E-01  5.791E-01  4.500E-01  3.789E-01  5.400E-01  3.423E-01  5.062E-01  4.157E-01
  4.100E-01  2.889E-01  2.294E-01  2.625E-01  2.995E-01  3.236E-01  2.902E-01  2.292E-01  2.503E-01  2.212E-01
  1.861E-01  2.027E-01  2.368E-01  2.553E-01  2.304E-01  2.433E-01  2.717E-01  2.707E-01  2.376E-01  2.363E-01
  2.975E-01  2.756E-01  2.862E-01  2.852E-01  4.640E-01  3.807E-01  3.394E-01  5.778E-01  7.088E-01  5.777E-01
  5.774E-01  6.554E-01  5.786E-01  5.805E-01  7.071E-01  5.066E-01  7.071E-01  7.635E-01  1.000E+00  1.000E+00
  0.000E+00  7.104E-01  0.000E+00  7.086E-01  1.000E+00  0.000E+00  0.000E+00  0.000E+00  0.000E+00  1.000E+00
  7.072E-01  1.000E+00  7.938E-01  5.814E-01  1.000E+00  4.922E-01  7.135E-01  1.000E+00  4.094E-01  7.146E-01
  1.000E+00  4.477E-01  5.006E-01  9.056E-01  5.645E-01  4.481E-01  4.106E-01  4.484E-01  3.056E-01  3.539E-01
  3.069E-01  2.968E-01  2.796E-01  3.015E-01  3.344E-01  2.481E-01  2.441E-01  2.684E-01  2.400E-01  2.189E-01
  2.502E-01  3.182E-01  2.242E-01  2.039E-01  2.915E-01  3.782E-01  2.640E-01  3.399E-01  3.862E-01  3.386E-01
  4.524E-01  4.636E-01  3.828E-01  3.303E-01  5.871E-01  1.000E+00  5.810E-01  5.039E-01  7.175E-01  1.000E+00
  5.007E-01  0.000E+00  0.000E+00  0.000E+00  1.000E+00  1.000E+00  7.110E-01  7.076E-01  5.262E-01  7.296E-01
  1.000E+00  0.000E+00  0.000E+00  5.139E-01  7.754E-01  1.000E+00  9.033E-01  0.000E+00  1.000E+00  1.000E+00
  1.000E+00  0.000E+00  7.277E-01  7.378E-01  7.266E-01  6.990E-01  1.000E+00  5.874E-01  6.271E-01  4.198E-01
  3.404E-01  4.169E-01  3.781E-01  3.945E-01  3.192E-01  4.154E-01  3.168E-01  3.772E-01  3.331E-01  3.551E-01
  4.096E-01  3.191E-01  2.775E-01  2.775E-01  2.999E-01  3.059E-01  2.688E-01  2.677E-01  3.838E-01  2.668E-01
  2.759E-01  2.776E-01  3.559E-01  3.611E-01  3.358E-01  4.088E-01  3.568E-01  3.164E-01  4.087E-01  5.163E-01
  4.498E-01  4.498E-01  4.497E-01  5.953E-01  6.778E-01  0.000E+00  0.000E+00  1.000E+00  0.000E+00  1.000E+00
  1.000E+00  0.000E+00  5.911E-01  6.160E-01  1.000E+00  1.000E+00  1.000E+00  1.000E+00  1.000E+00  1.000E+00
  6.762E-01  1.000E+00  0.000E+00  7.072E-01  7.109E-01  1.000E+00  1.000E+00  1.000E+00  7.073E-01  5.054E-01
  1.000E+00  7.166E-01  5.802E-01  7.074E-01  5.480E-01  7.674E-01  4.013E-01  3.610E-01  5.012E-01  5.002E-01
  7.108E-01  2.774E-01  3.251E-01  3.818E-01  3.168E-01  2.791E-01  3.562E-01  2.521E-01  2.714E-01  3.180E-01
  3.009E-01  2.894E-01  2.779E-01  3.210E-01  2.360E-01  3.819E-01  3.338E-01  3.330E-01  3.367E-01  3.349E-01
  3.337E-01  4.084E-01  4.098E-01  3.403E-01  7.071E-01  5.091E-01  5.004E-01  5.774E-01  7.085E-01  7.138E-01
  5.230E-01  7.205E-01  8.194E-01  0.000E+00  1.000E+00  7.071E-01  0.000E+00  6.486E-01  5.775E-01  5.786E-01
  7.134E-01  1.000E+00  1.000E+00  7.108E-01  1.000E+00  1.000E+00  0.000E+00  7.109E-01  7.075E-01  0.000E+00
  5.056E-01  7.078E-01  0.000E+00  1.000E+00  0.000E+00  0.000E+00  6.548E-01  0.000E+00  0.000E+00  1.000E+00
  0.000E+00  6.014E-01  4.119E-01  5.014E-01  8.256E-01  5.034E-01  7.095E-01  3.850E-01  3.978E-01  4.589E-01
  5.421E-01  4.473E-01  3.335E-01  3.164E-01  4.089E-01  2.647E-01  3.587E-01  3.835E-01  4.512E-01  3.365E-01
  3.753E-01  5.094E-01  3.021E-01  3.110E-01  3.342E-01  4.091E-01  4.088E-01  5.002E-01  4.527E-01  4.662E-01
  3.550E-01  7.073E-01  3.794E-01  5.784E-01  7.135E-01  7.286E-01  7.974E-01  5.774E-01  7.124E-01  1.000E+00
  5.775E-01  4.555E-01  1.000E+00  0.000E+00  7.071E-01  1.000E+00  1.000E+00  7.108E-01  0.000E+00  1.000E+00
  0.000E+00  0.000E+00  0.000E+00  1.000E+00  0.000E+00  0.000E+00  0.000E+00  0.000E+00  0.000E+00  0.000E+00
  1.000E+00  1.000E+00  7.079E-01  5.497E-01  4.182E-01  7.657E-01  5.953E-01  7.072E-01  5.185E-01  4.641E-01
  1.000E+00  7.071E-01  4.298E-01  4.693E-01  1.000E+00  3.200E-01  5.352E-01  3.338E-01  3.197E-01  2.913E-01
  2.860E-01  3.277E-01  4.384E-01  3.649E-01  4.504E-01  4.093E-01  4.355E-01  3.168E-01  3.334E-01  3.169E-01
  3.945E-01  7.078E-01  4.099E-01  3.771E-01  3.817E-01  3.821E-01  3.588E-01  6.803E-01  7.085E-01  1.000E+00
  4.710E-01  1.000E+00  0.000E+00  7.118E-01  7.089E-01  0.000E+00  5.007E-01  7.073E-01  1.000E+00  0.000E+00
  0.000E+00  1.000E+00  7.077E-01  1.000E+00  1.000E+00  1.000E+00  5.778E-01  1.000E+00  1.000E+00  0.000E+00
  0.000E+00  0.000E+00  0.000E+00  1.000E+00  1.000E+00  1.000E+00  0.000E+00  1.000E+00  0.000E+00  1.000E+00
  5.936E-01  5.505E-01  1.000E+00  1.000E+00  7.075E-01  5.965E-01  8.959E-01  1.000E+00  0.000E+00  0.000E+00
  6.034E-01  7.073E-01  7.859E-01  5.141E-01  3.597E-01  3.663E-01  7.072E-01  5.055E-01  4.524E-01  4.498E-01
  3.519E-01  3.868E-01  3.544E-01  4.473E-01  4.190E-01  3.337E-01  3.404E-01  3.783E-01  4.476E-01  3.792E-01
  4.485E-01  3.905E-01  5.784E-01  4.175E-01  3.782E-01  5.039E-01  5.797E-01  5.290E-01  1.000E+00  0.000E+00
  7.117E-01  0.000E+00  5.782E-01  5.929E-01  7.726E-01  0.000E+00  7.075E-01  1.000E+00  1.000E+00  1.000E+00
  1.000E+00  0.000E+00  0.000E+00  1.000E+00  0.000E+00  0.000E+00  1.000E+00  0.000E+00  0.000E+00  1.000E+00
  1.000E+00  0.000E+00  7.596E-01  1.000E+00  1.000E+00  1.000E+00  7.089E-01  1.000E+00  7.124E-01  1.000E+00
  1.000E+00  6.634E-01  7.296E-01  0.000E+00  5.807E-01  7.122E-01  7.222E-01  5.796E-01  1.000E+00  1.000E+00
  5.037E-01  1.000E+00  4.589E-01  4.472E-01  4.524E-01  5.031E-01  7.071E-01  5.001E-01  3.172E-01  5.776E-01
  4.473E-01  4.542E-01  5.001E-01  5.035E-01  5.910E-01  6.137E-01  4.114E-01  1.000E+00  7.194E-01  5.006E-01
  7.071E-01  0.000E+00  8.986E-01  5.014E-01  7.080E-01  0.000E+00  4.474E-01  0.000E+00  0.000E+00  1.000E+00
  1.000E+00  7.664E-01  1.000E+00  1.000E+00  1.000E+00  0.000E+00  0.000E+00  0.000E+00  1.000E+00  1.000E+00
  0.000E+00  1.000E+00  0.000E+00  0.000E+00  1.000E+00  1.000E+00  1.000E+00  0.000E+00  5.008E-01  0.000E+00
  1.000E+00  1.000E+00  1.000E+00  5.037E-01  7.361E-01  1.000E+00  1.000E+00  7.079E-01  7.071E-01  1.000E+00
  1.000E+00  1.000E+00  5.774E-01  0.000E+00  5.955E-01  5.010E-01  5.796E-01  1.000E+00  9.158E-01  5.244E-01
  5.923E-01  4.084E-01  4.510E-01  5.820E-01  5.790E-01  7.071E-01  4.542E-01  4.473E-01  3.753E-01  5.774E-01
  5.371E-01  6.062E-01  5.881E-01  5.774E-01  1.000E+00  7.391E-01  6.707E-01  0.000E+00  5.780E-01  5.790E-01
  5.007E-01  4.474E-01  1.000E+00  0.000E+00  1.000E+00  0.000E+00  6.330E-01  0.000E+00  7.614E-01  1.000E+00
  5.815E-01  1.000E+00  1.000E+00  7.074E-01  0.000E+00  0.000E+00  1.000E+00  0.000E+00  0.000E+00  0.000E+00
  0.000E+00  1.000E+00  1.000E+00  0.000E+00  0.000E+00  0.000E+00  1.000E+00  1.000E+00  7.071E-01  1.000E+00
  9.423E-01  0.000E+00  0.000E+00  0.000E+00  1.000E+00  0.000E+00  0.000E+00  5.123E-01  5.032E-01  0.000E+00
  5.011E-01  5.828E-01  8.001E-01  7.264E-01  7.071E-01  5.521E-01  4.477E-01  4.847E-01  4.495E-01  1.000E+00
  5.785E-01  4.110E-01  5.324E-01  5.002E-01  5.055E-01  5.780E-01  4.796E-01  3.538E-01  5.008E-01  7.071E-01
  1.000E+00  0.000E+00  7.072E-01  5.815E-01  7.195E-01  1.000E+00  1.000E+00  1.000E+00  0.000E+00  0.000E+00
  7.111E-01  6.909E-01  7.085E-01  7.115E-01  0.000E+00  1.000E+00  6.173E-01  7.344E-01  0.000E+00  7.083E-01
  9.931E-01  7.081E-01  0.000E+00  0.000E+00  1.000E+00  1.000E+00  1.000E+00  1.000E+00  1.000E+00  0.000E+00
  1.000E+00  1.000E+00  0.000E+00  0.000E+00  0.000E+00  0.000E+00  1.000E+00  0.000E+00  0.000E+00  1.000E+00
  0.000E+00  7.073E-01  7.072E-01  1.000E+00  0.000E+00  7.078E-01  1.000E+00  1.000E+00  1.000E+00  7.488E-01
  5.011E-01  0.000E+00  4.475E-01  1.000E+00  6.890E-01  7.083E-01  1.000E+00  7.088E-01  7.096E-01  7.092E-01
  5.895E-01  6.151E-01  5.786E-01  3.540E-01  0.000E+00  1.000E+00  1.000E+00  1.000E+00  1.000E+00  1.000E+00
  5.074E-01  1.000E+00  7.076E-01  5.914E-01  1.000E+00  1.000E+00  0.000E+00  1.000E+00  7.073E-01  1.000E+00
  5.778E-01  5.806E-01  1.000E+00  0.000E+00  0.000E+00  0.000E+00  7.135E-01  0.000E+00  1.000E+00  0.000E+00
  0.000E+00  1.000E+00  0.000E+00  1.000E+00  7.086E-01  0.000E+00  0.000E+00  0.000E+00  7.071E-01  1.000E+00
  0.000E+00  0.000E+00  0.000E+00  1.000E+00  0.000E+00  1.000E+00  0.000E+00  7.080E-01  0.000E+00  0.000E+00
  1.000E+00  1.000E+00  7.074E-01  0.000E+00  5.774E-01  7.072E-01  0.000E+00  0.000E+00  4.910E-01  7.072E-01
  6.090E-01  1.000E+00  1.000E+00  1.000E+00  5.017E-01  1.000E+00  1.000E+00  0.000E+00  5.788E-01  1.000E+00
  5.776E-01  1.000E+00  1.000E+00  4.813E-01  5.305E-01  7.073E-01  7.218E-01  8.249E-01  5.938E-01  7.241E-01
  1.000E+00  7.071E-01  1.000E+00  5.000E-01  7.384E-01  0.000E+00  1.000E+00  1.000E+00  1.000E+00  7.465E-01
  0.000E+00  0.000E+00  7.075E-01  0.000E+00  1.000E+00  0.000E+00  0.000E+00  1.000E+00  1.000E+00  0.000E+00
  0.000E+00  0.000E+00  1.000E+00  0.000E+00  0.000E+00  0.000E+00  0.000E+00  7.071E-01  1.000E+00  0.000E+00
  1.000E+00  0.000E+00  1.000E+00  0.000E+00  0.000E+00  7.071E-01  1.000E+00  1.000E+00  5.041E-01  0.000E+00
  1.000E+00  0.000E+00  5.795E-01  1.000E+00  1.000E+00  7.866E-01  7.149E-01  1.000E+00  7.094E-01  7.937E-01
  5.258E-01  1.000E+00  7.073E-01  1.000E+00  4.088E-01  1.000E+00  1.000E+00  1.000E+00  0.000E+00  5.522E-01
  7.089E-01  1.000E+00  5.867E-01  1.000E+00  5.959E-01  1.000E+00  7.686E-01  6.648E-01  1.000E+00  0.000E+00
  1.000E+00  7.072E-01  7.844E-01  5.162E-01  7.461E-01  0.000E+00  1.000E+00  0.000E+00  5.775E-01  1.000E+00
  0.000E+00  1.000E+00  0.000E+00  0.000E+00  1.000E+00  0.000E+00  0.000E+00  0.000E+00  0.000E+00  0.000E+00
  0.000E+00  0.000E+00  0.000E+00  1.000E+00  0.000E+00  0.000E+00  0.000E+00  0.000E+00  1.000E+00  7.096E-01
  0.000E+00  7.077E-01  7.072E-01  6.343E-01  1.000E+00  1.000E+00  0.000E+00  1.000E+00  0.000E+00  0.000E+00
  5.177E-01  5.021E-01  5.450E-01  7.428E-01  7.179E-01  6.802E-01  5.794E-01  7.077E-01  1.000E+00  1.000E+00
  1.000E+00  5.604E-01  7.083E-01  1.000E+00  1.000E+00  0.000E+00  6.174E-01  1.000E+00  6.424E-01  7.616E-01
  5.005E-01  6.087E-01  1.000E+00  1.000E+00  7.076E-01  7.072E-01  1.000E+00  5.782E-01  0.000E+00  0.000E+00
  7.105E-01  1.000E+00  0.000E+00  1.000E+00  0.000E+00  0.000E+00  1.000E+00  0.000E+00  0.000E+00  1.000E+00
  1.000E+00  7.078E-01  0.000E+00  0.000E+00  1.000E+00  1.000E+00  0.000E+00  0.000E+00  0.000E+00  1.000E+00
  0.000E+00  0.000E+00  0.000E+00  1.000E+00  1.000E+00  1.000E+00  1.000E+00  1.000E+00  0.000E+00  7.091E-01
  5.815E-01  1.000E+00  1.000E+00  9.355E-01  7.093E-01  5.783E-01  7.436E-01  7.072E-01  5.964E-01  7.245E-01
  1.000E+00  0.000E+00  5.958E-01  7.165E-01  1.000E+00  8.371E-01  5.796E-01  7.105E-01  0.000E+00  7.072E-01
  1.000E+00  1.000E+00  1.000E+00  4.878E-01  1.000E+00  1.000E+00  0.000E+00  1.000E+00  1.000E+00  0.000E+00
  5.007E-01  9.206E-01  7.074E-01  1.000E+00  0.000E+00  0.000E+00  1.000E+00  7.072E-01  1.000E+00  0.000E+00
  1.000E+00  1.000E+00  1.000E+00  0.000E+00  0.000E+00  1.000E+00  0.000E+00  0.000E+00  0.000E+00  0.000E+00
  0.000E+00  0.000E+00  0.000E+00  1.000E+00  0.000E+00  0.000E+00  0.000E+00  0.000E+00  0.000E+00  0.000E+00
  0.000E+00  0.000E+00  7.073E-01  1.000E+00  1.000E+00  1.000E+00  1.000E+00  1.000E+00  1.000E+00  1.000E+00
  5.278E-01  1.000E+00  0.000E+00  7.102E-01  7.588E-01  5.322E-01  5.653E-01  1.000E+00  0.000E+00  1.000E+00
  7.334E-01  1.000E+00  1.000E+00  1.000E+00  0.000E+00  1.000E+00  1.000E+00  5.776E-01  7.072E-01  1.000E+00
  1.000E+00  0.000E+00  5.881E-01  1.000E+00  7.078E-01  1.000E+00  0.000E+00  1.000E+00  0.000E+00  1.000E+00
  1.000E+00  1.000E+00  1.000E+00  0.000E+00  1.000E+00  1.000E+00  0.000E+00  0.000E+00  1.000E+00  0.000E+00
  0.000E+00  0.000E+00  0.000E+00  0.000E+00  1.000E+00  1.000E+00  0.000E+00  0.000E+00  1.000E+00  0.000E+00
  0.000E+00  1.000E+00  0.000E+00  1.000E+00  0.000E+00  0.000E+00  1.000E+00  1.000E+00  0.000E+00  0.000E+00
  1.000E+00  7.072E-01  0.000E+00  0.000E+00  0.000E+00  0.000E+00  0.000E+00  0.000E+00  1.000E+00  1.000E+00
  1.000E+00  0.000E+00  1.000E+00  8.212E-01  1.000E+00  0.000E+00  0.000E+00  5.774E-01  5.109E-01  1.000E+00
  0.000E+00  4.490E-01  1.000E+00  7.101E-01  0.000E+00  1.000E+00  1.000E+00  1.000E+00  7.094E-01  1.000E+00
  0.000E+00  4.481E-01  0.000E+00  5.777E-01  0.000E+00  1.000E+00  1.000E+00  0.000E+00  0.000E+00  0.000E+00
  7.307E-01  9.139E-01  7.172E-01  0.000E+00  0.000E+00  0.000E+00  0.000E+00  0.000E+00  0.000E+00  0.000E+00
  0.000E+00  0.000E+00  1.000E+00  7.927E-01  0.000E+00  0.000E+00  0.000E+00  0.000E+00  0.000E+00  0.000E+00
  0.000E+00  0.000E+00  0.000E+00  0.000E+00  0.000E+00  1.000E+00  0.000E+00  0.000E+00  0.000E+00  5.774E-01
  7.183E-01  0.000E+00  0.000E+00  5.676E-01  0.000E+00  7.073E-01  7.593E-01  1.000E+00  1.000E+00  1.000E+00
  0.000E+00  0.000E+00  1.000E+00  0.000E+00  0.000E+00  7.178E-01  1.000E+00  0.000E+00  1.000E+00  7.153E-01
  0.000E+00  1.000E+00  0.000E+00  0.000E+00  1.000E+00  7.186E-01  0.000E+00  7.285E-01  7.071E-01  1.000E+00
  0.000E+00  7.371E-01  6.294E-01  0.000E+00  0.000E+00  0.000E+00  9.912E-01  7.362E-01  0.000E+00  1.000E+00
  1.000E+00  1.000E+00  1.000E+00  0.000E+00  0.000E+00  0.000E+00  0.000E+00  0.000E+00  0.000E+00  0.000E+00
  1.000E+00  0.000E+00  0.000E+00  0.000E+00  0.000E+00  0.000E+00  0.000E+00  0.000E+00  0.000E+00  1.000E+00
  0.000E+00  0.000E+00  1.000E+00  7.071E-01  0.000E+00  0.000E+00  0.000E+00  1.000E+00  1.000E+00  6.274E-01
  5.811E-01  7.100E-01  0.000E+00  1.000E+00  0.000E+00  5.888E-01  5.790E-01  1.000E+00  1.000E+00  0.000E+00
  1.000E+00  1.000E+00  8.331E-01  1.000E+00  0.000E+00  7.344E-01  0.000E+00  0.000E+00  6.891E-01  7.358E-01
  7.337E-01  7.074E-01  0.000E+00  0.000E+00  0.000E+00  7.100E-01  7.276E-01  7.102E-01  1.000E+00  0.000E+00
  7.105E-01  0.000E+00  7.088E-01  1.000E+00  1.000E+00  1.000E+00  1.000E+00  0.000E+00  5.781E-01  0.000E+00
  0.000E+00  0.000E+00  0.000E+00  1.000E+00  0.000E+00  0.000E+00  0.000E+00  5.807E-01  7.085E-01  0.000E+00
  0.000E+00  0.000E+00  1.000E+00  0.000E+00  0.000E+00  0.000E+00  0.000E+00  0.000E+00  1.000E+00  1.000E+00
  0.000E+00  0.000E+00  0.000E+00  1.000E+00  1.000E+00  7.087E-01  5.833E-01  7.929E-01  1.000E+00  5.813E-01
  1.000E+00  1.000E+00  1.000E+00  7.075E-01  1.000E+00  1.000E+00  0.000E+00  7.137E-01  1.000E+00  5.799E-01
  7.071E-01  0.000E+00  7.732E-01  0.000E+00  1.000E+00  0.000E+00  0.000E+00  5.801E-01  1.000E+00  0.000E+00
  0.000E+00  1.000E+00  0.000E+00  1.000E+00  0.000E+00  5.015E-01  0.000E+00  0.000E+00  0.000E+00  0.000E+00
  7.600E-01  8.009E-01  0.000E+00  7.451E-01  7.085E-01  0.000E+00  5.947E-01  1.000E+00  0.000E+00  7.725E-01
  0.000E+00  0.000E+00  0.000E+00  0.000E+00  1.000E+00  7.095E-01  0.000E+00  0.000E+00  0.000E+00  0.000E+00
  0.000E+00  1.000E+00  0.000E+00  0.000E+00  0.000E+00  1.000E+00  0.000E+00  1.000E+00  0.000E+00  1.000E+00
  0.000E+00  0.000E+00  0.000E+00  1.000E+00  1.000E+00  1.000E+00  5.467E-01  1.000E+00  1.000E+00  0.000E+00
  1.000E+00  1.000E+00  7.075E-01  7.612E-01  0.000E+00  1.000E+00  0.000E+00  0.000E+00  1.000E+00  1.000E+00
  1.000E+00  7.248E-01  7.096E-01  1.000E+00  1.000E+00  1.000E+00  0.000E+00  1.000E+00  0.000E+00  0.000E+00
  0.000E+00  1.000E+00  1.000E+00  0.000E+00  1.000E+00  7.202E-01  0.000E+00  1.000E+00  1.000E+00  0.000E+00
  1.000E+00  1.000E+00  1.000E+00  0.000E+00  0.000E+00  1.000E+00  0.000E+00  0.000E+00  1.000E+00  0.000E+00
  0.000E+00  7.072E-01  0.000E+00  0.000E+00  1.000E+00  0.000E+00  0.000E+00  0.000E+00  0.000E+00  0.000E+00
  0.000E+00  7.071E-01  1.000E+00  0.000E+00  1.000E+00  0.000E+00  7.071E-01  0.000E+00  1.000E+00  1.000E+00
  1.000E+00  1.000E+00  1.000E+00  1.000E+00  1.000E+00  0.000E+00  0.000E+00  0.000E+00  1.000E+00  6.014E-01
  1.000E+00  7.400E-01  1.000E+00  1.000E+00  7.175E-01  1.000E+00  0.000E+00  5.014E-01  1.000E+00  5.794E-01
  1.000E+00  0.000E+00  0.000E+00  0.000E+00  1.000E+00  0.000E+00  5.774E-01  1.000E+00  0.000E+00  0.000E+00
  0.000E+00  7.087E-01  1.000E+00  0.000E+00  0.000E+00  1.000E+00  1.000E+00  1.000E+00  0.000E+00  0.000E+00
  0.000E+00  0.000E+00  0.000E+00  7.074E-01  1.000E+00  0.000E+00  0.000E+00  0.000E+00  0.000E+00  0.000E+00
  0.000E+00  0.000E+00  0.000E+00  0.000E+00  0.000E+00  0.000E+00  0.000E+00  0.000E+00  0.000E+00  1.000E+00
  0.000E+00  0.000E+00  1.000E+00  0.000E+00  0.000E+00  0.000E+00  0.000E+00  0.000E+00  1.000E+00  1.000E+00
  0.000E+00  1.000E+00  6.301E-01  0.000E+00  1.000E+00  1.000E+00  1.000E+00  0.000E+00  0.000E+00  1.000E+00
  7.099E-01  1.000E+00  1.000E+00  0.000E+00  1.000E+00  1.000E+00  0.000E+00  1.000E+00  1.000E+00  5.003E-01
  0.000E+00  1.000E+00  1.000E+00  7.098E-01  7.097E-01  7.103E-01  1.000E+00  1.000E+00  0.000E+00  0.000E+00
  1.000E+00  9.076E-01  1.000E+00  1.000E+00  1.000E+00  0.000E+00  1.000E+00  0.000E+00  0.000E+00  0.000E+00
  0.000E+00  7.072E-01  1.000E+00  0.000E+00  0.000E+00  1.000E+00  0.000E+00  0.000E+00  0.000E+00  1.000E+00
  0.000E+00  0.000E+00  0.000E+00  1.000E+00  0.000E+00  0.000E+00  0.000E+00  1.000E+00  1.000E+00  1.000E+00
  1.000E+00  0.000E+00  0.000E+00  1.000E+00  1.000E+00  7.153E-01  1.000E+00  1.000E+00  7.071E-01  0.000E+00
  7.384E-01  0.000E+00  9.601E-01  1.000E+00  0.000E+00  5.785E-01  0.000E+00  0.000E+00  0.000E+00  7.085E-01
  7.096E-01  5.266E-01  5.268E-01  0.000E+00  0.000E+00  1.000E+00  0.000E+00  0.000E+00  0.000E+00  0.000E+00
  0.000E+00  5.058E-01  0.000E+00  0.000E+00  0.000E+00  1.000E+00  8.652E-01  5.981E-01  5.554E-01  8.795E-01
  1.000E+00  0.000E+00  0.000E+00  0.000E+00  9.910E-01  0.000E+00  0.000E+00  0.000E+00  1.000E+00  0.000E+00
  0.000E+00  1.000E+00  0.000E+00  0.000E+00  1.000E+00  1.000E+00  0.000E+00  0.000E+00  0.000E+00  0.000E+00
  1.000E+00  1.000E+00  0.000E+00  1.000E+00  6.551E-01  1.000E+00  0.000E+00  0.000E+00  0.000E+00  0.000E+00
  1.000E+00  1.000E+00  5.810E-01  1.000E+00  0.000E+00  1.000E+00  0.000E+00  1.000E+00  0.000E+00  5.315E-01
  7.140E-01  0.000E+00  8.444E-01  7.071E-01  0.000E+00  0.000E+00  1.000E+00  1.000E+00  6.137E-01  1.000E+00
  0.000E+00  7.100E-01  1.000E+00  0.000E+00  0.000E+00  7.071E-01  1.000E+00  7.496E-01  7.250E-01  1.000E+00
  1.000E+00  0.000E+00  0.000E+00  0.000E+00  0.000E+00  0.000E+00  1.000E+00  1.000E+00  1.000E+00  1.000E+00
  7.128E-01  1.000E+00  1.000E+00  0.000E+00  1.000E+00  0.000E+00  0.000E+00  0.000E+00  0.000E+00  0.000E+00
  1.000E+00  1.000E+00  1.000E+00  0.000E+00  0.000E+00  0.000E+00  0.000E+00  1.000E+00  1.000E+00  0.000E+00
  1.000E+00  5.933E-01  0.000E+00  1.000E+00  0.000E+00  1.000E+00  0.000E+00  1.000E+00  5.809E-01  9.890E-01
  1.000E+00  1.000E+00  0.000E+00  0.000E+00  0.000E+00  1.000E+00  0.000E+00  0.000E+00  0.000E+00  0.000E+00
  1.000E+00  7.090E-01  1.000E+00  0.000E+00  5.805E-01  0.000E+00  1.000E+00  0.000E+00  0.000E+00  0.000E+00
  0.000E+00  7.072E-01  0.000E+00  7.203E-01  0.000E+00  0.000E+00  0.000E+00  7.297E-01  0.000E+00  1.000E+00
  1.000E+00  0.000E+00  0.000E+00  0.000E+00  0.000E+00  0.000E+00  0.000E+00  1.000E+00  0.000E+00  1.000E+00
  1.000E+00  1.000E+00  0.000E+00  0.000E+00  0.000E+00  0.000E+00  0.000E+00  0.000E+00  1.000E+00  0.000E+00
  1.000E+00  1.000E+00  0.000E+00  0.000E+00  0.000E+00  0.000E+00  1.000E+00  0.000E+00  0.000E+00  9.580E-01
  0.000E+00  1.000E+00  0.000E+00  0.000E+00  1.000E+00  7.735E-01  1.000E+00  0.000E+00  0.000E+00  0.000E+00
  0.000E+00  0.000E+00  1.000E+00  0.000E+00  1.000E+00  0.000E+00  1.000E+00  5.789E-01  9.105E-01  0.000E+00
  1.000E+00  1.000E+00  1.000E+00  0.000E+00  7.152E-01  1.000E+00  0.000E+00  1.000E+00  0.000E+00  7.105E-01
  1.000E+00  5.775E-01  6.003E-01  7.072E-01  1.000E+00  0.000E+00  7.083E-01  0.000E+00  1.000E+00  0.000E+00
  0.000E+00  0.000E+00  0.000E+00  7.739E-01  0.000E+00  0.000E+00  0.000E+00  1.000E+00  0.000E+00  0.000E+00
  1.000E+00  1.000E+00  0.000E+00  0.000E+00  1.000E+00  0.000E+00  0.000E+00  1.000E+00  1.000E+00  1.000E+00
  0.000E+00  0.000E+00  0.000E+00  1.000E+00  1.000E+00  1.000E+00  1.000E+00  1.000E+00  1.000E+00  1.000E+00
  0.000E+00  1.000E+00  0.000E+00  1.000E+00  1.000E+00  1.000E+00  1.000E+00  1.000E+00  7.172E-01  1.000E+00
  0.000E+00  0.000E+00  1.000E+00  1.000E+00  0.000E+00  1.000E+00  5.017E-01  1.000E+00  7.071E-01  0.000E+00
  0.000E+00  1.000E+00  1.000E+00  0.000E+00  0.000E+00  5.311E-01  7.235E-01  1.000E+00  0.000E+00  1.000E+00
  0.000E+00  0.000E+00  0.000E+00  0.000E+00  1.000E+00  0.000E+00  0.000E+00  0.000E+00  1.000E+00  1.000E+00
  1.000E+00  0.000E+00  0.000E+00  0.000E+00  0.000E+00  0.000E+00  0.000E+00  1.000E+00  1.000E+00  0.000E+00
  1.000E+00  0.000E+00  1.000E+00  0.000E+00  0.000E+00  0.000E+00  0.000E+00  1.000E+00  0.000E+00  0.000E+00
  1.000E+00  9.913E-01  0.000E+00  0.000E+00  0.000E+00  1.000E+00  7.073E-01  0.000E+00  0.000E+00  0.000E+00
  1.000E+00  0.000E+00  1.000E+00  1.000E+00  1.000E+00  0.000E+00  0.000E+00  0.000E+00  1.000E+00  0.000E+00
  7.099E-01  1.000E+00  0.000E+00  0.000E+00  1.000E+00  0.000E+00  0.000E+00  0.000E+00  0.000E+00  1.000E+00
  0.000E+00  0.000E+00  0.000E+00  0.000E+00  0.000E+00  1.000E+00  0.000E+00  1.000E+00  0.000E+00  7.082E-01
  7.230E-01  1.000E+00  0.000E+00  0.000E+00  1.000E+00  1.000E+00  7.071E-01  0.000E+00  0.000E+00  7.994E-01
  7.550E-01  0.000E+00  0.000E+00  0.000E+00  0.000E+00  1.000E+00  8.139E-01  0.000E+00  1.000E+00  0.000E+00
  0.000E+00  0.000E+00  1.000E+00  0.000E+00  0.000E+00  0.000E+00  0.000E+00  0.000E+00  1.000E+00  0.000E+00
  1.000E+00  0.000E+00  0.000E+00  1.000E+00  0.000E+00  0.000E+00  1.000E+00  1.000E+00  0.000E+00  1.000E+00
  7.260E-01  1.000E+00  0.000E+00  8.129E-01  0.000E+00  0.000E+00  0.000E+00  1.000E+00  5.799E-01  1.000E+00
  0.000E+00  0.000E+00  7.297E-01  7.073E-01  1.000E+00  0.000E+00  0.000E+00  0.000E+00  7.071E-01  0.000E+00
  1.000E+00  0.000E+00  0.000E+00  0.000E+00  9.444E-01  0.000E+00  0.000E+00  1.000E+00  7.136E-01  1.000E+00
  0.000E+00  0.000E+00  0.000E+00  0.000E+00  1.000E+00  0.000E+00  0.000E+00  1.000E+00  0.000E+00  0.000E+00
  0.000E+00  0.000E+00  1.000E+00  5.545E-01  0.000E+00  1.000E+00  1.000E+00  1.000E+00  1.000E+00  0.000E+00
  1.000E+00  0.000E+00  0.000E+00  0.000E+00  1.000E+00  7.074E-01  0.000E+00  0.000E+00  1.000E+00  0.000E+00
  0.000E+00  0.000E+00  1.000E+00  0.000E+00  0.000E+00  1.000E+00  0.000E+00  0.000E+00  8.154E-01  1.000E+00
  7.207E-01  0.000E+00  0.000E+00  1.000E+00  1.000E+00  0.000E+00  0.000E+00  0.000E+00  0.000E+00  1.000E+00
  1.000E+00  0.000E+00  1.000E+00  0.000E+00  0.000E+00  0.000E+00  0.000E+00  0.000E+00  0.000E+00  1.000E+00
  0.000E+00  0.000E+00  1.000E+00  0.000E+00  0.000E+00  0.000E+00  7.073E-01  1.000E+00  0.000E+00  0.000E+00
  0.000E+00  1.000E+00  0.000E+00  0.000E+00  0.000E+00  1.000E+00  0.000E+00  0.000E+00  0.000E+00  0.000E+00
  0.000E+00  0.000E+00  0.000E+00  0.000E+00  0.000E+00  0.000E+00  0.000E+00  0.000E+00  0.000E+00  0.000E+00
  0.000E+00  0.000E+00  0.000E+00  1.000E+00  0.000E+00  0.000E+00  0.000E+00  0.000E+00  1.000E+00  1.000E+00
  0.000E+00  7.071E-01  0.000E+00  0.000E+00  0.000E+00  1.000E+00  0.000E+00  0.000E+00  0.000E+00  7.276E-01
  0.000E+00  0.000E+00  0.000E+00  0.000E+00  0.000E+00  0.000E+00  0.000E+00  0.000E+00  0.000E+00  1.000E+00
  0.000E+00  7.535E-01  0.000E+00  0.000E+00  0.000E+00  0.000E+00  0.000E+00  1.000E+00  1.000E+00  7.071E-01
  1.000E+00  0.000E+00  0.000E+00  0.000E+00  0.000E+00  1.000E+00  1.000E+00  1.000E+00  0.000E+00  1.000E+00
  1.000E+00  0.000E+00  9.287E-01  0.000E+00  1.000E+00  1.000E+00  0.000E+00  1.000E+00  0.000E+00  0.000E+00
  0.000E+00  1.000E+00  0.000E+00  0.000E+00  0.000E+00  1.000E+00  0.000E+00  0.000E+00  0.000E+00  7.107E-01
  1.000E+00  0.000E+00  1.000E+00  1.000E+00  1.000E+00  0.000E+00  1.000E+00  0.000E+00  0.000E+00  0.000E+00
  1.000E+00  7.073E-01  0.000E+00  1.000E+00  0.000E+00  0.000E+00  8.316E-01  0.000E+00  0.000E+00  0.000E+00
  0.000E+00  1.000E+00  0.000E+00  0.000E+00  0.000E+00  7.123E-01  0.000E+00  1.000E+00  1.000E+00  7.716E-01
  0.000E+00  0.000E+00  1.000E+00  7.310E-01  0.000E+00  1.000E+00  1.000E+00  1.000E+00  0.000E+00  1.000E+00
  0.000E+00  0.000E+00  1.000E+00  0.000E+00  7.076E-01  0.000E+00  1.000E+00  7.115E-01  0.000E+00  6.993E-01
  1.000E+00  0.000E+00  0.000E+00  0.000E+00  0.000E+00  0.000E+00  0.000E+00  0.000E+00  0.000E+00  1.000E+00
  1.000E+00  1.000E+00  0.000E+00  1.000E+00  0.000E+00  0.000E+00  0.000E+00  0.000E+00  1.000E+00  1.000E+00
  1.000E+00  0.000E+00  0.000E+00  0.000E+00  0.000E+00  0.000E+00  0.000E+00  0.000E+00  7.113E-01  0.000E+00
  1.000E+00  0.000E+00  0.000E+00  0.000E+00  0.000E+00  0.000E+00  0.000E+00  1.000E+00  0.000E+00  0.000E+00
  7.238E-01  0.000E+00  0.000E+00  0.000E+00  0.000E+00  0.000E+00  0.000E+00  0.000E+00  0.000E+00  1.000E+00
  1.000E+00  7.071E-01  0.000E+00  8.547E-01  1.000E+00  0.000E+00  7.648E-01  0.000E+00  0.000E+00  0.000E+00
  0.000E+00  0.000E+00  0.000E+00  0.000E+00  0.000E+00  0.000E+00  1.000E+00  0.000E+00  0.000E+00  0.000E+00
  1.000E+00  0.000E+00  0.000E+00  0.000E+00  0.000E+00  1.000E+00  1.000E+00  1.000E+00  1.000E+00  0.000E+00
  1.000E+00  1.000E+00  0.000E+00  0.000E+00  0.000E+00  0.000E+00  0.000E+00  0.000E+00  0.000E+00  0.000E+00
  0.000E+00  0.000E+00  0.000E+00  0.000E+00  0.000E+00  0.000E+00  7.454E-01  1.000E+00  0.000E+00  1.000E+00
  0.000E+00  1.000E+00  1.000E+00  0.000E+00  0.000E+00  0.000E+00  8.328E-01  1.000E+00  0.000E+00  0.000E+00
  0.000E+00  0.000E+00  0.000E+00  0.000E+00  0.000E+00  0.000E+00  0.000E+00  1.000E+00  0.000E+00  1.000E+00
  1.000E+00  1.000E+00  0.000E+00  0.000E+00  5.778E-01  1.000E+00  0.000E+00  0.000E+00  0.000E+00  0.000E+00
  0.000E+00  0.000E+00  0.000E+00  0.000E+00  0.000E+00  1.000E+00  0.000E+00  0.000E+00  0.000E+00  0.000E+00
  0.000E+00  0.000E+00  0.000E+00  0.000E+00  0.000E+00  0.000E+00  0.000E+00  1.000E+00  0.000E+00  0.000E+00
  0.000E+00  0.000E+00  0.000E+00  0.000E+00  0.000E+00  0.000E+00  1.000E+00  0.000E+00  1.000E+00  0.000E+00
  1.000E+00  0.000E+00  0.000E+00  1.000E+00  0.000E+00  0.000E+00  1.000E+00  0.000E+00  0.000E+00  1.000E+00
  0.000E+00  7.073E-01  0.000E+00  1.000E+00  1.000E+00  0.000E+00  0.000E+00  0.000E+00  1.000E+00  1.000E+00
  0.000E+00  0.000E+00  0.000E+00  1.000E+00  9.367E-01  0.000E+00  9.901E-01  0.000E+00  0.000E+00  0.000E+00
  0.000E+00  0.000E+00  1.000E+00  0.000E+00  0.000E+00  0.000E+00  1.000E+00  1.000E+00  1.000E+00  0.000E+00
  0.000E+00  0.000E+00  0.000E+00  0.000E+00  0.000E+00  7.182E-01  1.000E+00  0.000E+00  0.000E+00  0.000E+00

#------------------------------------------------------------------------------
# gshow
#------------------------------------------------------------------------------

p: legs[c5*0.875]

hb:   line clip z  
frame:
 -9.9999756E+00 -1.4999930E+01
  1.0100024E+01 -1.4999930E+01
  1.0100024E+01  1.5000070E+01
 -9.9999756E+00  1.5000070E+01
clip:
 -1.02955634E+01 -1.52969593E+01
  1.03956131E+01 -1.52969593E+01
  1.03956131E+01 -1.49910187E+01
  1.03956131E+01 -1.47500000E+01
  1.02500000E+01 -1.46850781E+01
  1.02500000E+01 -1.45233913E+01
  1.02500000E+01 -1.43791376E+01
  1.02500000E+01 -1.42174507E+01
  1.02500000E+01 -1.40731970E+01
  1.02500000E+01 -1.39115101E+01
  1.02500000E+01 -1.37672564E+01
  1.02500000E+01 -1.36055695E+01
  1.02500000E+01 -1.34613158E+01
  1.02500000E+01 -1.32996289E+01
  1.02500000E+01 -1.31553752E+01
  1.02500000E+01 -1.29936883E+01
  1.02500000E+01 -1.28494346E+01
  1.02500000E+01 -1.26877477E+01
  1.02500000E+01 -1.25434940E+01
  1.02500000E+01 -1.23818071E+01
  1.02500000E+01 -1.22375534E+01
  1.02500000E+01 -1.20758665E+01
  1.02500000E+01 -1.19316128E+01
  1.02500000E+01 -1.17699259E+01
  1.02500000E+01 -1.16256722E+01
  1.02500000E+01 -1.14639853E+01
  1.02500000E+01 -1.13197316E+01
  1.02500000E+01 -1.11580447E+01
  1.02500000E+01 -1.10137910E+01
  1.02500000E+01 -1.08521041E+01
  1.02500000E+01 -1.07078504E+01
  1.02500000E+01 -1.05461635E+01
  1.03956131E+01 -1.02500000E+01
  1.03956131E+01  1.02500000E+01
  1.02500000E+01  1.05637374E+01
  1.02500000E+01  1.46852189E+01
  1.03956131E+01  1.49911595E+01
  1.03956131E+01  1.52971001E+01
  1.00867895E+01  1.52971001E+01
  9.77796599E+00  1.52971001E+01
  9.46914246E+00  1.52971001E+01
  9.16031893E+00  1.52971001E+01
  8.85149540E+00  1.52971001E+01
  8.54267187E+00  1.52971001E+01
  8.23384834E+00  1.52971001E+01
  7.92502481E+00  1.52971001E+01
  7.61620129E+00  1.52971001E+01
  7.30737776E+00  1.52971001E+01
  6.99855423E+00  1.52971001E+01
  6.68973070E+00  1.52971001E+01
  6.38090717E+00  1.52971001E+01
  6.07208364E+00  1.52971001E+01
  5.76326011E+00  1.52971001E+01
  5.45443658E+00  1.52971001E+01
  5.14561305E+00  1.52971001E+01
  4.83678952E+00  1.52971001E+01
  4.52796599E+00  1.52971001E+01
  4.21914246E+00  1.52971001E+01
  3.91031893E+00  1.52971001E+01
  3.60149540E+00  1.52971001E+01
  3.29267187E+00  1.52971001E+01
  2.98384834E+00  1.52971001E+01
  2.67502481E+00  1.52971001E+01
  2.36620129E+00  1.52971001E+01
  2.05737776E+00  1.52971001E+01
  1.74855423E+00  1.52971001E+01
  1.43973070E+00  1.52971001E+01
  1.13090717E+00  1.52971001E+01
  8.22083638E-01  1.52971001E+01
  5.13260109E-01  1.52971001E+01
  2.04436580E-01  1.52971001E+01
 -1.04386950E-01  1.52971001E+01
 -4.13210479E-01  1.52971001E+01
 -7.22034009E-01  1.52971001E+01
 -1.03085754E+00  1.52971001E+01
 -1.33968107E+00  1.52971001E+01
 -1.64850460E+00  1.52971001E+01
 -1.95732813E+00  1.52971001E+01
 -2.26615166E+00  1.52971001E+01
 -2.57497519E+00  1.52971001E+01
 -2.88379871E+00  1.52971001E+01
 -3.19262224E+00  1.52971001E+01
 -3.50144577E+00  1.52971001E+01
 -3.81026930E+00  1.52971001E+01
 -4.11909283E+00  1.52971001E+01
 -4.42791636E+00  1.52971001E+01
 -4.73673989E+00  1.52971001E+01
 -5.04556342E+00  1.52971001E+01
 -5.35438695E+00  1.52971001E+01
 -5.66321048E+00  1.52971001E+01
 -5.97203401E+00  1.52971001E+01
 -6.28085754E+00  1.52971001E+01
 -6.58968107E+00  1.52971001E+01
 -6.89850460E+00  1.52971001E+01
 -7.20732813E+00  1.52971001E+01
 -7.51615166E+00  1.52971001E+01
 -7.82497519E+00  1.52971001E+01
 -8.13379871E+00  1.52971001E+01
 -8.44262224E+00  1.52971001E+01
 -8.75144577E+00  1.52971001E+01
 -9.06026930E+00  1.52971001E+01
 -9.36909283E+00  1.52971001E+01
 -9.67791636E+00  1.52971001E+01
 -9.98673989E+00  1.52971001E+01
 -1.02955634E+01  1.52971001E+01
 -1.02955634E+01  1.49911595E+01
 -1.02955634E+01  1.47500000E+01
 -1.02500000E+01  1.46852189E+01
 -1.02500000E+01  1.44244164E+01
 -1.02500000E+01  1.43792783E+01
 -1.02500000E+01  1.41184758E+01
 -1.02500000E+01  1.40733377E+01
 -1.02500000E+01  1.38125352E+01
 -1.02500000E+01  1.37673971E+01
 -1.02500000E+01  1.35065946E+01
 -1.02500000E+01  1.34614565E+01
 -1.02500000E+01  1.32006540E+01
 -1.02500000E+01  1.31555159E+01
 -1.02500000E+01  1.28947134E+01
 -1.02500000E+01  1.28495753E+01
 -1.02500000E+01  1.25887728E+01
 -1.02500000E+01  1.25436347E+01
 -1.02500000E+01  1.22828322E+01
 -1.02500000E+01  1.22376941E+01
 -1.02500000E+01  1.19768916E+01
 -1.02500000E+01  1.19317535E+01
 -1.02500000E+01  1.16709510E+01
 -1.02500000E+01  1.16258129E+01
 -1.02500000E+01  1.13650104E+01
 -1.02500000E+01  1.13198724E+01
 -1.02500000E+01  1.10590698E+01
 -1.02500000E+01  1.10139318E+01
 -1.02500000E+01  1.07531292E+01
 -1.02500000E+01  1.07079912E+01
 -1.02500000E+01  1.04471886E+01
 -1.02500000E+01  1.04020506E+01
 -1.02955634E+01  1.02500000E+01
 -1.02955634E+01  1.00961100E+01
 -1.02955634E+01  9.79016938E+00
 -1.02955634E+01  9.48422879E+00
 -1.02955634E+01  9.17828819E+00
 -1.02955634E+01  8.87234760E+00
 -1.02955634E+01  8.56640700E+00
 -1.02955634E+01  8.26046641E+00
 -1.02955634E+01  7.95452582E+00
 -1.02955634E+01  7.64858522E+00
 -1.02955634E+01  7.34264463E+00
 -1.02955634E+01  7.03670403E+00
 -1.02955634E+01  6.73076344E+00
 -1.02955634E+01  6.42482285E+00
 -1.02955634E+01  6.11888225E+00
 -1.02955634E+01  5.81294166E+00
 -1.02955634E+01  5.50700106E+00
 -1.02955634E+01  5.20106047E+00
 -1.02955634E+01  4.89511988E+00
 -1.02955634E+01  4.58917928E+00
 -1.02955634E+01  4.28323869E+00
 -1.02955634E+01  3.97729809E+00
 -1.02955634E+01  3.67135750E+00
 -1.02955634E+01  3.36541691E+00
 -1.02955634E+01  3.05947631E+00
 -1.02955634E+01  2.75353572E+00
 -1.02955634E+01  2.44759512E+00
 -1.02955634E+01  2.14165453E+00
 -1.02955634E+01  1.83571393E+00
 -1.02955634E+01  1.52977334E+00
 -1.02955634E+01  1.22383275E+00
 -1.02955634E+01  9.17892153E-01
 -1.02955634E+01  6.11951558E-01
 -1.02955634E+01  3.06010964E-01
 -1.02955634E+01  7.03703670E-05
 -1.02955634E+01 -3.05870224E-01
 -1.02955634E+01 -6.11810818E-01
 -1.02955634E+01 -9.17751412E-01
 -1.02955634E+01 -1.22369201E+00
 -1.02955634E+01 -1.52963260E+00
 -1.02955634E+01 -1.83557319E+00
 -1.02955634E+01 -2.14151379E+00
 -1.02955634E+01 -2.44745438E+00
 -1.02955634E+01 -2.75339498E+00
 -1.02955634E+01 -3.05933557E+00
 -1.02955634E+01 -3.36527616E+00
 -1.02955634E+01 -3.67121676E+00
 -1.02955634E+01 -3.97715735E+00
 -1.02955634E+01 -4.28309795E+00
 -1.02955634E+01 -4.58903854E+00
 -1.02955634E+01 -4.89497913E+00
 -1.02955634E+01 -5.20091973E+00
 -1.02955634E+01 -5.50686032E+00
 -1.02955634E+01 -5.81280092E+00
 -1.02955634E+01 -6.11874151E+00
 -1.02955634E+01 -6.42468210E+00
 -1.02955634E+01 -6.73062270E+00
 -1.02955634E+01 -7.03656329E+00
 -1.02955634E+01 -7.34250389E+00
 -1.02955634E+01 -7.64844448E+00
 -1.02955634E+01 -7.95438508E+00
 -1.02955634E+01 -8.26032567E+00
 -1.02955634E+01 -8.56626626E+00
 -1.02955634E+01 -8.87220686E+00
 -1.02955634E+01 -9.17814745E+00
 -1.02955634E+01 -9.48408805E+00
 -1.02955634E+01 -9.79002864E+00
 -1.02955634E+01 -1.00959692E+01
 -1.02955634E+01 -1.02500000E+01
 -1.02500000E+01 -1.04019098E+01
 -1.02500000E+01 -1.06627123E+01
 -1.02500000E+01 -1.07078504E+01
 -1.02500000E+01 -1.09686529E+01
 -1.02500000E+01 -1.10137910E+01
 -1.02500000E+01 -1.12745935E+01
 -1.02500000E+01 -1.13197316E+01
 -1.02500000E+01 -1.15805341E+01
 -1.02500000E+01 -1.16256722E+01
 -1.02500000E+01 -1.18864747E+01
 -1.02500000E+01 -1.19316128E+01
 -1.02500000E+01 -1.21924153E+01
 -1.02500000E+01 -1.22375534E+01
 -1.02500000E+01 -1.24983559E+01
 -1.02500000E+01 -1.25434940E+01
 -1.02500000E+01 -1.28042965E+01
 -1.02500000E+01 -1.28494346E+01
 -1.02500000E+01 -1.31102371E+01
 -1.02500000E+01 -1.31553752E+01
 -1.02500000E+01 -1.34161777E+01
 -1.02500000E+01 -1.34613158E+01
 -1.02500000E+01 -1.37221183E+01
 -1.02500000E+01 -1.37672564E+01
 -1.02500000E+01 -1.40280589E+01
 -1.02500000E+01 -1.40731970E+01
 -1.02500000E+01 -1.43339995E+01
 -1.02500000E+01 -1.43791376E+01
 -1.02500000E+01 -1.46399401E+01
 -1.02500000E+01 -1.46850781E+01
 -1.02955634E+01 -1.47500000E+01
 -1.02955634E+01 -1.49910187E+01
 -1.02955634E+01 -1.52969593E+01

hb:   line clip z  
frame:
 -9.9999756E+00 -1.4999930E+01
  1.0100024E+01 -1.4999930E+01
  1.0100024E+01  1.5000070E+01
 -9.9999756E+00  1.5000070E+01
clip:
 -1.02955634E+01 -1.47500000E+01
 -1.02500000E+01 -1.47302162E+01
 -1.02500000E+01 -1.46850781E+01
 -1.02500000E+01 -1.46399401E+01
 -1.02500000E+01 -1.43791376E+01
 -1.02500000E+01 -1.43339995E+01
 -1.02500000E+01 -1.40731970E+01
 -1.02500000E+01 -1.40280589E+01
 -1.02500000E+01 -1.37672564E+01
 -1.02500000E+01 -1.37221183E+01
 -1.02500000E+01 -1.34613158E+01
 -1.02500000E+01 -1.34161777E+01
 -1.02500000E+01 -1.31553752E+01
 -1.02500000E+01 -1.31102371E+01
 -1.02500000E+01 -1.28494346E+01
 -1.02500000E+01 -1.28042965E+01
 -1.02500000E+01 -1.25434940E+01
 -1.02500000E+01 -1.24983559E+01
 -1.02500000E+01 -1.22375534E+01
 -1.02500000E+01 -1.21924153E+01
 -1.02500000E+01 -1.19316128E+01
 -1.02500000E+01 -1.18864747E+01
 -1.02500000E+01 -1.16256722E+01
 -1.02500000E+01 -1.15805341E+01
 -1.02500000E+01 -1.13197316E+01
 -1.02500000E+01 -1.12745935E+01
 -1.02500000E+01 -1.10137910E+01
 -1.02500000E+01 -1.09686529E+01
 -1.02500000E+01 -1.07078504E+01
 -1.02500000E+01 -1.06627123E+01
 -1.02500000E+01 -1.04019098E+01
 -1.02500000E+01 -1.03567718E+01
 -1.02955634E+01 -1.02500000E+01
 -1.02955634E+01 -1.04019098E+01
 -1.02955634E+01 -1.07078504E+01
 -1.02955634E+01 -1.10137910E+01
 -1.02955634E+01 -1.13197316E+01
 -1.02955634E+01 -1.16256722E+01
 -1.02955634E+01 -1.19316128E+01
 -1.02955634E+01 -1.22375534E+01
 -1.02955634E+01 -1.25434940E+01
 -1.02955634E+01 -1.28494346E+01
 -1.02955634E+01 -1.31553752E+01
 -1.02955634E+01 -1.34613158E+01
 -1.02955634E+01 -1.37672564E+01
 -1.02955634E+01 -1.40731970E+01
 -1.02955634E+01 -1.43791376E+01
 -1.02955634E+01 -1.46850781E+01

hb:   line clip z  
frame:
 -9.9999756E+00 -1.4999930E+01
  1.0100024E+01 -1.4999930E+01
  1.0100024E+01  1.5000070E+01
 -9.9999756E+00  1.5000070E+01
clip:
  1.03300794E+01 -1.47500000E+01
  1.03956131E+01 -1.47500000E+01
  1.03956131E+01 -1.46850781E+01
  1.03956131E+01 -1.43791376E+01
  1.03956131E+01 -1.40731970E+01
  1.03956131E+01 -1.37672564E+01
  1.03956131E+01 -1.34613158E+01
  1.03956131E+01 -1.31553752E+01
  1.03956131E+01 -1.28494346E+01
  1.03956131E+01 -1.25434940E+01
  1.03956131E+01 -1.22375534E+01
  1.03956131E+01 -1.19316128E+01
  1.03956131E+01 -1.16256722E+01
  1.03956131E+01 -1.13197316E+01
  1.03956131E+01 -1.10137910E+01
  1.03956131E+01 -1.07078504E+01
  1.03956131E+01 -1.04019098E+01
  1.03956131E+01 -1.02500000E+01
  1.02500000E+01 -1.02576561E+01
  1.02500000E+01 -1.04019098E+01
  1.02500000E+01 -1.05461635E+01
  1.02500000E+01 -1.07078504E+01
  1.02500000E+01 -1.08521041E+01
  1.02500000E+01 -1.10137910E+01
  1.02500000E+01 -1.11580447E+01
  1.02500000E+01 -1.13197316E+01
  1.02500000E+01 -1.14639853E+01
  1.02500000E+01 -1.16256722E+01
  1.02500000E+01 -1.17699259E+01
  1.02500000E+01 -1.19316128E+01
  1.02500000E+01 -1.20758665E+01
  1.02500000E+01 -1.22375534E+01
  1.02500000E+01 -1.23818071E+01
  1.02500000E+01 -1.25434940E+01
  1.02500000E+01 -1.26877477E+01
  1.02500000E+01 -1.28494346E+01
  1.02500000E+01 -1.29936883E+01
  1.02500000E+01 -1.31553752E+01
  1.02500000E+01 -1.32996289E+01
  1.02500000E+01 -1.34613158E+01
  1.02500000E+01 -1.36055695E+01
  1.02500000E+01 -1.37672564E+01
  1.02500000E+01 -1.39115101E+01
  1.02500000E+01 -1.40731970E+01
  1.02500000E+01 -1.42174507E+01
  1.02500000E+01 -1.43791376E+01
  1.02500000E+01 -1.45233913E+01
  1.02500000E+01 -1.46850781E+01

hb:   line clip z  
clip:
 -8.49566301E+00 -2.50000000E+00
  3.65453617E+00 -2.50000000E+00
  3.75000000E+00 -2.44745438E+00
  3.75000000E+00 -2.30033611E+00
  3.75000000E+00 -2.14151379E+00
  3.75000000E+00 -1.99439551E+00
  3.75000000E+00 -1.83557319E+00
  3.75000000E+00 -1.68845492E+00
  3.75000000E+00 -1.52963260E+00
  3.75000000E+00 -1.38251433E+00
  3.75000000E+00 -1.22369201E+00
  3.75000000E+00 -1.07657373E+00
  3.75000000E+00 -9.17751412E-01
  3.75000000E+00 -7.70633138E-01
  3.75000000E+00 -6.11810818E-01
  3.75000000E+00 -4.64692544E-01
  3.75000000E+00 -3.05870224E-01
  3.75000000E+00 -1.58751950E-01
  3.75000000E+00  7.03703670E-05
  3.75000000E+00  1.47188644E-01
  3.75000000E+00  3.06010964E-01
  3.75000000E+00  4.53129238E-01
  3.75000000E+00  6.11951558E-01
  3.75000000E+00  7.59069832E-01
  3.75000000E+00  9.17892153E-01
  3.75000000E+00  1.06501043E+00
  3.75000000E+00  1.22383275E+00
  3.75000000E+00  1.37095102E+00
  3.75000000E+00  1.52977334E+00
  3.75000000E+00  1.67689161E+00
  3.75000000E+00  1.83571393E+00
  3.75000000E+00  1.98283221E+00
  3.75000000E+00  2.14165453E+00
  3.75000000E+00  2.28877280E+00
  3.75000000E+00  2.44759512E+00
  3.75000000E+00  2.59471340E+00
  3.75000000E+00  2.75353572E+00
  3.75000000E+00  2.90065399E+00
  3.75000000E+00  3.05947631E+00
  3.64240095E+00  3.10000000E+00
  3.60149540E+00  3.10000000E+00
  3.56058985E+00  3.10000000E+00
  3.29267187E+00  3.10000000E+00
  3.25176632E+00  3.10000000E+00
  2.98384834E+00  3.10000000E+00
  2.94294279E+00  3.10000000E+00
  2.67502481E+00  3.10000000E+00
  2.63411926E+00  3.10000000E+00
  2.36620129E+00  3.10000000E+00
  2.32529573E+00  3.10000000E+00
  2.05737776E+00  3.10000000E+00
  2.01647220E+00  3.10000000E+00
  1.74855423E+00  3.10000000E+00
  1.70764868E+00  3.10000000E+00
  1.43973070E+00  3.10000000E+00
  1.39882515E+00  3.10000000E+00
  1.13090717E+00  3.10000000E+00
  1.09000162E+00  3.10000000E+00
  8.22083638E-01  3.10000000E+00
  7.81178087E-01  3.10000000E+00
  5.13260109E-01  3.10000000E+00
  4.72354558E-01  3.10000000E+00
  2.04436580E-01  3.10000000E+00
  1.63531028E-01  3.10000000E+00
 -1.04386950E-01  3.10000000E+00
 -1.45292501E-01  3.10000000E+00
 -4.13210479E-01  3.10000000E+00
 -4.54116031E-01  3.10000000E+00
 -7.22034009E-01  3.10000000E+00
 -7.62939560E-01  3.10000000E+00
 -1.03085754E+00  3.10000000E+00
 -1.07176309E+00  3.10000000E+00
 -1.33968107E+00  3.10000000E+00
 -1.38058662E+00  3.10000000E+00
 -1.64850460E+00  3.10000000E+00
 -1.68941015E+00  3.10000000E+00
 -1.95732813E+00  3.10000000E+00
 -1.99823368E+00  3.10000000E+00
 -2.26615166E+00  3.10000000E+00
 -2.30705721E+00  3.10000000E+00
 -2.57497519E+00  3.10000000E+00
 -2.61588074E+00  3.10000000E+00
 -2.88379871E+00  3.10000000E+00
 -2.92470427E+00  3.10000000E+00
 -3.19262224E+00  3.10000000E+00
 -3.23352780E+00  3.10000000E+00
 -3.50144577E+00  3.10000000E+00
 -3.54235132E+00  3.10000000E+00
 -3.75000000E+00  3.05947631E+00
 -3.75000000E+00  2.81324239E+00
 -3.75000000E+00  2.75353572E+00
 -3.75000000E+00  2.50730180E+00
 -3.75000000E+00  2.44759512E+00
 -3.75000000E+00  2.20136120E+00
 -3.75000000E+00  2.14165453E+00
 -3.75000000E+00  1.89542061E+00
 -3.75000000E+00  1.83571393E+00
 -3.75000000E+00  1.58948002E+00
 -3.75000000E+00  1.52977334E+00
 -3.75000000E+00  1.28353942E+00
 -3.75000000E+00  1.22383275E+00
 -3.75000000E+00  9.77598828E-01
 -3.75000000E+00  9.17892153E-01
 -3.75000000E+00  6.71658234E-01
 -3.75000000E+00  6.11951558E-01
 -3.75000000E+00  3.65717640E-01
 -3.75000000E+00  3.06010964E-01
 -3.75000000E+00  5.97770460E-02
 -3.75000000E+00  7.03703670E-05
 -3.75000000E+00 -2.46163548E-01
 -3.75000000E+00 -3.05870224E-01
 -3.81026930E+00 -5.00000000E-01
 -3.92313373E+00 -5.00000000E-01
 -4.11909283E+00 -5.00000000E-01
 -4.23195726E+00 -5.00000000E-01
 -4.42791636E+00 -5.00000000E-01
 -4.54078079E+00 -5.00000000E-01
 -4.73673989E+00 -5.00000000E-01
 -4.84960432E+00 -5.00000000E-01
 -5.04556342E+00 -5.00000000E-01
 -5.15842785E+00 -5.00000000E-01
 -5.35438695E+00 -5.00000000E-01
 -5.46725138E+00 -5.00000000E-01
 -5.66321048E+00 -5.00000000E-01
 -5.77607491E+00 -5.00000000E-01
 -5.97203401E+00 -5.00000000E-01
 -6.08489844E+00 -5.00000000E-01
 -6.28085754E+00 -5.00000000E-01
 -6.39372197E+00 -5.00000000E-01
 -6.58968107E+00 -5.00000000E-01
 -6.70254550E+00 -5.00000000E-01
 -6.89850460E+00 -5.00000000E-01
 -7.01136903E+00 -5.00000000E-01
 -7.20732813E+00 -5.00000000E-01
 -7.32019256E+00 -5.00000000E-01
 -7.51615166E+00 -5.00000000E-01
 -7.62901609E+00 -5.00000000E-01
 -7.82497519E+00 -5.00000000E-01
 -7.93783962E+00 -5.00000000E-01
 -8.13379871E+00 -5.00000000E-01
 -8.24666315E+00 -5.00000000E-01
 -8.44262224E+00 -5.00000000E-01
 -8.50000000E+00 -5.54968696E-01
 -8.50000000E+00 -6.11810818E-01
 -8.50000000E+00 -6.68652940E-01
 -8.50000000E+00 -9.17751412E-01
 -8.50000000E+00 -9.74593534E-01
 -8.50000000E+00 -1.22369201E+00
 -8.50000000E+00 -1.28053413E+00
 -8.50000000E+00 -1.52963260E+00
 -8.50000000E+00 -1.58647472E+00
 -8.50000000E+00 -1.83557319E+00
 -8.50000000E+00 -1.89241532E+00
 -8.50000000E+00 -2.14151379E+00
 -8.50000000E+00 -2.19835591E+00
 -8.50000000E+00 -2.44745438E+00

hb:   line clip z  
clip:
 -4.72150141E-01 -2.19990324E+00
 -4.13210479E-01 -2.21173170E+00
 -3.27958199E-01 -2.22597022E+00
 -1.04386950E-01 -2.24757722E+00
  5.11567749E-03 -2.24999418E+00
  2.04436580E-01 -2.24069313E+00
  2.94417075E-01 -2.23065430E+00
  5.13260109E-01 -2.19067662E+00
  6.90230900E-01 -2.14151379E+00
  1.00251131E+00 -2.01431653E+00
  1.19954694E+00 -1.90357220E+00
  1.43973070E+00 -1.72906782E+00
  1.65006791E+00 -1.52963260E+00
  1.83195245E+00 -1.30631169E+00
  2.05187745E+00 -9.23200369E-01
  2.05737776E+00 -9.10876923E-01
  2.14030652E+00 -6.93965422E-01
  2.16522228E+00 -6.11810818E-01
  2.20032031E+00 -4.70202667E-01
  2.22911269E+00 -3.05870224E-01
  2.24689735E+00 -1.18119836E-01
  2.25000000E+00  7.03703670E-05
  2.24250712E+00  1.83471516E-01
  2.22909338E+00  3.06010964E-01
  2.20423468E+00  4.51496944E-01
  2.16518251E+00  6.11951558E-01
  2.14027198E+00  6.94071944E-01
  2.05737776E+00  9.10876923E-01
  1.95184530E+00  1.11928546E+00
  1.83189363E+00  1.30639416E+00
  1.64993743E+00  1.52977334E+00
  1.43973070E+00  1.72906782E+00
  1.19946011E+00  1.90362692E+00
  9.04170651E-01  2.06033382E+00
  6.89794085E-01  2.14165453E+00
  5.13260109E-01  2.19067662E+00
  2.04436580E-01  2.24069313E+00
 -1.04386950E-01  2.24757722E+00
 -4.13210479E-01  2.21173170E+00
 -6.89794085E-01  2.14165453E+00
 -9.34886498E-01  2.04657940E+00
 -1.13745291E+00  1.94131421E+00
 -1.33968107E+00  1.80769318E+00
 -1.64850460E+00  1.53131727E+00
 -1.88805016E+00  1.22383275E+00
 -2.02363028E+00  9.83575361E-01
 -2.11833646E+00  7.58386866E-01
 -2.22277031E+00  3.48987339E-01
 -2.24994219E+00  1.61285144E-02
 -2.23333283E+00 -2.73357769E-01
 -2.18608225E+00 -5.32488876E-01
 -2.11490166E+00 -7.67913373E-01
 -2.02367645E+00 -9.83480361E-01
 -1.88814138E+00 -1.22369201E+00
 -1.65006791E+00 -1.52963260E+00
 -1.33968107E+00 -1.80769318E+00
 -1.13754218E+00 -1.94126191E+00
 -7.38267283E-01 -2.12543205E+00
 -6.90230900E-01 -2.14151379E+00

hb:   line clip z  
clip:
 -1.72312048E-01 -9.85042414E-01
 -1.04386950E-01 -9.94536759E-01
 -2.15987974E-02 -9.99766719E-01
  2.04436580E-01 -9.78879811E-01
  3.97155317E-01 -9.17751412E-01
  6.56829055E-01 -7.54039516E-01
  8.22083638E-01 -5.69366746E-01
  9.52073215E-01 -3.05870224E-01
  9.99999998E-01  7.03703670E-05
  9.52027988E-01  3.06010964E-01
  8.22083638E-01  5.69366746E-01
  6.56753455E-01  7.54105363E-01
  3.96829934E-01  9.17892153E-01
  2.04436580E-01  9.78879811E-01
 -1.04386950E-01  9.94536759E-01
 -3.96829934E-01  9.17892153E-01
 -6.01723328E-01  7.98704599E-01
 -7.60166614E-01  6.49728188E-01
 -9.00225931E-01  4.35423097E-01
 -9.99515666E-01  3.11196591E-02
 -9.69501180E-01 -2.45086641E-01
 -8.84403201E-01 -4.66723664E-01
 -7.60231749E-01 -6.49651974E-01
 -4.26689576E-01 -9.04398146E-01
 -3.97155317E-01 -9.17751412E-01

hb:   line clip z  
frame:
 -9.9999756E+00 -1.4999930E+01
  1.0100024E+01 -1.4999930E+01
  1.0100024E+01  1.5000070E+01
 -9.9999756E+00  1.5000070E+01
clip:
 -1.02955634E+01  1.02500000E+01
 -1.02500000E+01  1.03569125E+01
 -1.02500000E+01  1.47303570E+01
 -1.02955634E+01  1.47500000E+01
 -1.02955634E+01  1.46852189E+01
 -1.02955634E+01  1.43792783E+01
 -1.02955634E+01  1.40733377E+01
 -1.02955634E+01  1.37673971E+01
 -1.02955634E+01  1.34614565E+01
 -1.02955634E+01  1.31555159E+01
 -1.02955634E+01  1.28495753E+01
 -1.02955634E+01  1.25436347E+01
 -1.02955634E+01  1.22376941E+01
 -1.02955634E+01  1.19317535E+01
 -1.02955634E+01  1.16258129E+01
 -1.02955634E+01  1.13198724E+01
 -1.02955634E+01  1.10139318E+01
 -1.02955634E+01  1.07079912E+01
 -1.02955634E+01  1.04020506E+01

hb:   line clip z  
frame:
 -9.9999756E+00 -1.4999930E+01
  1.0100024E+01 -1.4999930E+01
  1.0100024E+01  1.5000070E+01
 -9.9999756E+00  1.5000070E+01
clip:
  1.02500000E+01  1.02577968E+01
  1.03956131E+01  1.02500000E+01
  1.03956131E+01  1.04020506E+01
  1.03956131E+01  1.07079912E+01
  1.03956131E+01  1.10139318E+01
  1.03956131E+01  1.13198724E+01
  1.03956131E+01  1.16258129E+01
  1.03956131E+01  1.19317535E+01
  1.03956131E+01  1.22376941E+01
  1.03956131E+01  1.25436347E+01
  1.03956131E+01  1.28495753E+01
  1.03956131E+01  1.31555159E+01
  1.03956131E+01  1.34614565E+01
  1.03956131E+01  1.37673971E+01
  1.03956131E+01  1.40733377E+01
  1.03956131E+01  1.43792783E+01
  1.03956131E+01  1.46852189E+01
  1.03956131E+01  1.47500000E+01
  1.03302215E+01  1.47500000E+01
  1.02500000E+01  1.46852189E+01
  1.02500000E+01  1.45409652E+01
  1.02500000E+01  1.43792783E+01
  1.02500000E+01  1.42350246E+01
  1.02500000E+01  1.40733377E+01
  1.02500000E+01  1.39290840E+01
  1.02500000E+01  1.37673971E+01
  1.02500000E+01  1.36231434E+01
  1.02500000E+01  1.34614565E+01
  1.02500000E+01  1.33172028E+01
  1.02500000E+01  1.31555159E+01
  1.02500000E+01  1.30112622E+01
  1.02500000E+01  1.28495753E+01
  1.02500000E+01  1.27053216E+01
  1.02500000E+01  1.25436347E+01
  1.02500000E+01  1.23993810E+01
  1.02500000E+01  1.22376941E+01
  1.02500000E+01  1.20934404E+01
  1.02500000E+01  1.19317535E+01
  1.02500000E+01  1.17874998E+01
  1.02500000E+01  1.16258129E+01
  1.02500000E+01  1.14815592E+01
  1.02500000E+01  1.13198724E+01
  1.02500000E+01  1.11756186E+01
  1.02500000E+01  1.10139318E+01
  1.02500000E+01  1.08696780E+01
  1.02500000E+01  1.07079912E+01
  1.02500000E+01  1.05637374E+01
  1.02500000E+01  1.04020506E+01

#------------------------------------------------------------------------------
z: xorg(1.03)
p: xfac[c2*0.05] form[c1/0.05] notc noxt noyt dmin(1)
p: ymin(0) ymax(1) xmin(0) xmax(1) cmin(1) cmax(100) nosp
hc: y= 0.005 to 0.995 by 0.01 ; x= 0.5 to 0.5 by 1 ;
 1  2  3  4  5  6  7  8  9 10 11 12 13 14 15 16 17 18 19 20
21 22 23 24 25 26 27 28 29 30 31 32 33 34 35 36 37 38 39 40
41 42 43 44 45 46 47 48 49 50 51 52 53 54 55 56 57 58 59 60
61 62 63 64 65 66 67 68 69 70 71 72 73 74 75 76 77 78 79 80
81 82 83 84 85 86 87 88 89 90 91 92 93 94 95 96 97 98 99 100
z: xorg(0.0)
p: xfac[c2*0.05] form[c1/0.05] nosp afac[c5*0.625] ymin[c3] ymax[c4]
p: noxt noxn ytxt(-1) ynum(-1) xltd(-1) xstd(-1) itic(1) ylog
y: Relative Error
#------------------------------------------------------------------------------

wt: s[c5]
\vspace{-3}
  emin  &=&   0.0000E+00 [MeV/n]
  emax  &=&   1.0000E+03 [MeV/n]
  zmin  &=&   1.9160E+01 [cm]
  zmax  &=&   1.9180E+01 [cm]
  part. &=& proton  
e:

#------------------------------------------------------------------------------
z: xorg[-1.03/0.05]
p: form[c1] xfac[c2] afac[c5] nosp notf
p: xmin( -10.00000    ) xmax(  10.10000    )
p: ymin( -15.00000    ) ymax(  15.00000    )
 
# Information for Restart Calculation
# This calculation was newly started
# istdev =  2 # 1:Batch variance, 2:History variance
# resc2  = 8.01085904478716915E-03 # Total source weight or Total source weight / maxcas
# resc3  = 4.99998380000000000E+07 # Total history number or Total batch number
# maxcas =        5009 # History / Batch, only used for istdev=1
# bitrseed = 1010100011101000001110100101101100110101110010110011101101001001 # bit data of rseed
