[ T-Track ]
    title = [t-track] in xyz mesh
     mesh =  xyz            # mesh type is xyz scoring mesh
   x-type =    2            # x-mesh is linear given by xmin, xmax and nx
     xmin = -1.0000000E-02  # minimum value of x-mesh points
     xmax =  1.0000000E-02  # maximum value of x-mesh points
#    xdel =  2.0000000E-02  # mesh width of x-mesh points
       nx =      1          # number of x-mesh points
#    data = ( x(i), i = 1, nx + 1 )
#          -1.00000E-02  1.00000E-02
   y-type =    4            # y-mesh is linear given by ymin, ymax and ydel
     ymin =  -3.000000      # minimum value of y-mesh points
     ymax =   3.000000      # maximum value of y-mesh points
     ydel =  0.3000000      # mesh width of y-mesh points
#      ny =   20            # number of y-mesh points
#    data = ( y(i), i = 1, ny + 1 )
#          -3.00000E+00 -2.70000E+00 -2.40000E+00 -2.10000E+00 -1.80000E+00
#          -1.50000E+00 -1.20000E+00 -9.00000E-01 -6.00000E-01 -3.00000E-01
#           0.00000E+00  3.00000E-01  6.00000E-01  9.00000E-01  1.20000E+00
#           1.50000E+00  1.80000E+00  2.10000E+00  2.40000E+00  2.70000E+00
#           3.00000E+00
   z-type =    2            # z-mesh is linear given by zmin, zmax and nz
     zmin =   95.00000      # minimum value of z-mesh points
     zmax =   100.0000      # maximum value of z-mesh points
#    zdel =  5.0000000E-02  # mesh width of z-mesh points
       nz =    100          # number of z-mesh points
#    data = ( z(i), i = 1, nz + 1 )
#           9.50000E+01  9.50500E+01  9.51000E+01  9.51500E+01  9.52000E+01
#           9.52500E+01  9.53000E+01  9.53500E+01  9.54000E+01  9.54500E+01
#           9.55000E+01  9.55500E+01  9.56000E+01  9.56500E+01  9.57000E+01
#           9.57500E+01  9.58000E+01  9.58500E+01  9.59000E+01  9.59500E+01
#           9.60000E+01  9.60500E+01  9.61000E+01  9.61500E+01  9.62000E+01
#           9.62500E+01  9.63000E+01  9.63500E+01  9.64000E+01  9.64500E+01
#           9.65000E+01  9.65500E+01  9.66000E+01  9.66500E+01  9.67000E+01
#           9.67500E+01  9.68000E+01  9.68500E+01  9.69000E+01  9.69500E+01
#           9.70000E+01  9.70500E+01  9.71000E+01  9.71500E+01  9.72000E+01
#           9.72500E+01  9.73000E+01  9.73500E+01  9.74000E+01  9.74500E+01
#           9.75000E+01  9.75500E+01  9.76000E+01  9.76500E+01  9.77000E+01
#           9.77500E+01  9.78000E+01  9.78500E+01  9.79000E+01  9.79500E+01
#           9.80000E+01  9.80500E+01  9.81000E+01  9.81500E+01  9.82000E+01
#           9.82500E+01  9.83000E+01  9.83500E+01  9.84000E+01  9.84500E+01
#           9.85000E+01  9.85500E+01  9.86000E+01  9.86500E+01  9.87000E+01
#           9.87500E+01  9.88000E+01  9.88500E+01  9.89000E+01  9.89500E+01
#           9.90000E+01  9.90500E+01  9.91000E+01  9.91500E+01  9.92000E+01
#           9.92500E+01  9.93000E+01  9.93500E+01  9.94000E+01  9.94500E+01
#           9.95000E+01  9.95500E+01  9.96000E+01  9.96500E+01  9.97000E+01
#           9.97500E+01  9.98000E+01  9.98500E+01  9.99000E+01  9.99500E+01
#           1.00000E+02
   e-type =    1            # e-mesh is given by the below data
       ne =      1          # number of e-mesh points
#    data = ( e(i), i = 1, ne + 1 )
            0.00000E+00  1.00000E+03
     unit =    1            # unit is [1/cm^2/source]
 material =  all            # (D=all) number of specific material
  2D-type =    3            # 1:Cont, 2:Clust, 3:Color, 4:xyz, 5:mat, 6:Clust+Cont, 7:Col+Cont
     axis =      yz            # axis of output
     file = ./out/track_xz.out  # file name of output for the above axis
     part =  proton     photon   
# kf/name :  2212       22       
    gshow =    1            # 0: no 1:bnd, 2:bnd+mat, 3:bnd+reg 4:bnd+lat 5:bmp style
    resol =    1            # (D=1) resolution of gshow or rshow
    width = 0.5000000       # (D=0.5) width of lines for gshow or rshow
   epsout =    1            # (D=0) generate eps file by ANGEL
#    used :        main (  %)        temp (  %)       total (  %)
#  memory :         130 (  0)           0 (  0)         130 (  0)

#------------------------------------------------------------------------------
#newpage:
#   no. =  1   ie  =  1   ix  =  1   part. = proton  
#   e = (   0.0000E+00  -   1.0000E+03  )
#   x = (  -1.0000E-02  -   1.0000E-02  )

'no. =  1,  ie =  1,  ix =  1'
msuc: {\huge [t-track] in xyz mesh}
msdr: {\it plotted by \ANGEL \version}
msdl: {\it calculated by \PHITS  3.36}

x: z [cm]
y: y [cm]
set: c1[ 1.200] c2[ 0.822] c5[ 0.800] c6[ 0.928] c7[ 0.133] c8[ 0.000]
p: h2fs form[c1] xfac[c2] afac[c5] scal[c6] xorg[c7] yorg[c8] nosp
set: c3[   1.847151E+02] c4[   4.886973E+07]
p: cmin[c3] cmax[c4]
p: dmin(1e-31)
p: zlog
p: xmin(  95.00000    ) xmax(  100.0000    )
p: ymin( -3.000000    ) ymax(  3.000000    )

#   no. =  1   ie  =  1   ix  =  1
#   e = (   0.0000E+00  -   1.0000E+03  )
#   x = (  -1.0000E-02  -   1.0000E-02  )

hc:  y =   2.850000     to  -2.850000     by  0.3000000     ; x =   95.02500     to   99.97500     by  5.0000000E-02 ;
  4.426E+07  4.412E+07  4.414E+07  4.428E+07  4.438E+07  4.452E+07  4.458E+07  4.445E+07  4.429E+07  4.423E+07
  4.422E+07  4.449E+07  4.457E+07  4.444E+07  4.460E+07  4.485E+07  4.492E+07  4.494E+07  4.467E+07  4.442E+07
  4.399E+07  4.385E+07  4.378E+07  4.333E+07  4.328E+07  4.308E+07  4.308E+07  4.307E+07  4.329E+07  4.352E+07
  4.360E+07  4.366E+07  4.334E+07  4.314E+07  4.300E+07  4.270E+07  4.230E+07  4.181E+07  4.199E+07  4.183E+07
  4.151E+07  4.172E+07  4.195E+07  4.186E+07  4.175E+07  4.156E+07  4.157E+07  4.176E+07  4.156E+07  4.146E+07
  4.130E+07  4.143E+07  4.154E+07  4.178E+07  4.176E+07  4.187E+07  4.181E+07  4.160E+07  4.155E+07  4.145E+07
  4.185E+07  4.181E+07  4.140E+07  4.117E+07  4.120E+07  4.097E+07  4.087E+07  4.074E+07  4.061E+07  4.072E+07
  4.076E+07  4.079E+07  4.078E+07  4.094E+07  4.095E+07  4.096E+07  4.090E+07  4.068E+07  4.066E+07  4.091E+07
  4.129E+07  4.144E+07  4.137E+07  4.133E+07  4.116E+07  4.110E+07  4.106E+07  4.097E+07  4.086E+07  4.066E+07
  4.045E+07  4.036E+07  4.042E+07  4.037E+07  4.028E+07  4.035E+07  4.032E+07  4.028E+07  3.992E+07  4.003E+07
  4.570E+07  4.583E+07  4.550E+07  4.535E+07  4.512E+07  4.512E+07  4.482E+07  4.498E+07  4.446E+07  4.409E+07
  4.384E+07  4.336E+07  4.341E+07  4.323E+07  4.367E+07  4.381E+07  4.378E+07  4.383E+07  4.359E+07  4.345E+07
  4.380E+07  4.409E+07  4.440E+07  4.458E+07  4.465E+07  4.452E+07  4.477E+07  4.481E+07  4.498E+07  4.474E+07
  4.489E+07  4.481E+07  4.474E+07  4.463E+07  4.468E+07  4.457E+07  4.474E+07  4.492E+07  4.467E+07  4.446E+07
  4.463E+07  4.453E+07  4.487E+07  4.484E+07  4.474E+07  4.470E+07  4.460E+07  4.474E+07  4.458E+07  4.431E+07
  4.420E+07  4.409E+07  4.415E+07  4.412E+07  4.395E+07  4.366E+07  4.343E+07  4.325E+07  4.346E+07  4.353E+07
  4.346E+07  4.362E+07  4.350E+07  4.344E+07  4.333E+07  4.320E+07  4.326E+07  4.362E+07  4.390E+07  4.372E+07
  4.407E+07  4.408E+07  4.361E+07  4.337E+07  4.313E+07  4.274E+07  4.242E+07  4.238E+07  4.212E+07  4.155E+07
  4.144E+07  4.147E+07  4.146E+07  4.135E+07  4.123E+07  4.136E+07  4.102E+07  4.071E+07  4.075E+07  4.083E+07
  4.072E+07  4.054E+07  4.033E+07  4.058E+07  4.060E+07  4.031E+07  4.049E+07  4.036E+07  4.032E+07  4.007E+07
  4.871E+07  4.832E+07  4.819E+07  4.804E+07  4.806E+07  4.769E+07  4.754E+07  4.752E+07  4.793E+07  4.830E+07
  4.829E+07  4.780E+07  4.763E+07  4.742E+07  4.714E+07  4.713E+07  4.706E+07  4.698E+07  4.703E+07  4.703E+07
  4.680E+07  4.656E+07  4.667E+07  4.692E+07  4.717E+07  4.722E+07  4.698E+07  4.728E+07  4.708E+07  4.681E+07
  4.681E+07  4.711E+07  4.707E+07  4.677E+07  4.637E+07  4.640E+07  4.620E+07  4.561E+07  4.511E+07  4.501E+07
  4.510E+07  4.492E+07  4.491E+07  4.479E+07  4.488E+07  4.497E+07  4.490E+07  4.500E+07  4.504E+07  4.517E+07
  4.505E+07  4.532E+07  4.542E+07  4.537E+07  4.558E+07  4.561E+07  4.539E+07  4.551E+07  4.549E+07  4.540E+07
  4.530E+07  4.526E+07  4.543E+07  4.538E+07  4.540E+07  4.550E+07  4.540E+07  4.501E+07  4.353E+07  4.157E+07
  3.841E+07  3.340E+07  3.333E+07  3.314E+07  3.293E+07  3.282E+07  3.245E+07  3.194E+07  3.139E+07  3.152E+07
  3.151E+07  3.101E+07  3.069E+07  3.026E+07  2.983E+07  2.941E+07  2.930E+07  2.920E+07  2.900E+07  2.852E+07
  2.820E+07  2.789E+07  2.743E+07  2.703E+07  2.676E+07  2.657E+07  2.627E+07  2.603E+07  2.594E+07  2.569E+07
  4.724E+07  4.733E+07  4.723E+07  4.730E+07  4.751E+07  4.758E+07  4.759E+07  4.754E+07  4.763E+07  4.774E+07
  4.812E+07  4.827E+07  4.821E+07  4.841E+07  4.844E+07  4.839E+07  4.820E+07  4.819E+07  4.790E+07  4.793E+07
  4.785E+07  4.744E+07  4.742E+07  4.756E+07  4.754E+07  4.750E+07  4.745E+07  4.744E+07  4.772E+07  4.773E+07
  4.727E+07  4.727E+07  4.737E+07  4.745E+07  4.735E+07  4.705E+07  4.676E+07  4.663E+07  4.648E+07  4.608E+07
  4.575E+07  4.547E+07  4.550E+07  4.547E+07  4.559E+07  4.559E+07  4.575E+07  4.577E+07  4.585E+07  4.562E+07
  4.553E+07  4.525E+07  4.542E+07  4.556E+07  4.541E+07  4.521E+07  4.517E+07  4.499E+07  4.476E+07  4.480E+07
  4.457E+07  4.460E+07  4.471E+07  4.503E+07  4.485E+07  4.477E+07  4.475E+07  4.437E+07  3.961E+07  3.237E+07
  2.123E+07  3.587E+06  0.000E+00  0.000E+00  0.000E+00  0.000E+00  0.000E+00  0.000E+00  0.000E+00  0.000E+00
  0.000E+00  0.000E+00  0.000E+00  0.000E+00  0.000E+00  0.000E+00  0.000E+00  0.000E+00  0.000E+00  0.000E+00
  0.000E+00  0.000E+00  0.000E+00  0.000E+00  0.000E+00  1.430E+04  1.847E+02  0.000E+00  0.000E+00  0.000E+00
  4.856E+07  4.833E+07  4.805E+07  4.798E+07  4.815E+07  4.815E+07  4.826E+07  4.820E+07  4.794E+07  4.758E+07
  4.733E+07  4.740E+07  4.733E+07  4.707E+07  4.695E+07  4.708E+07  4.715E+07  4.679E+07  4.688E+07  4.691E+07
  4.724E+07  4.725E+07  4.740E+07  4.753E+07  4.762E+07  4.735E+07  4.746E+07  4.783E+07  4.816E+07  4.835E+07
  4.841E+07  4.820E+07  4.785E+07  4.771E+07  4.754E+07  4.721E+07  4.698E+07  4.708E+07  4.711E+07  4.712E+07
  4.696E+07  4.668E+07  4.661E+07  4.634E+07  4.611E+07  4.597E+07  4.586E+07  4.562E+07  4.535E+07  4.527E+07
  4.518E+07  4.517E+07  4.497E+07  4.505E+07  4.492E+07  4.461E+07  4.466E+07  4.483E+07  4.457E+07  4.404E+07
  4.389E+07  4.407E+07  4.383E+07  4.379E+07  4.364E+07  4.364E+07  4.380E+07  4.350E+07  4.021E+07  3.448E+07
  2.657E+07  1.122E+07  0.000E+00  0.000E+00  0.000E+00  0.000E+00  0.000E+00  0.000E+00  0.000E+00  0.000E+00
  0.000E+00  0.000E+00  0.000E+00  0.000E+00  0.000E+00  0.000E+00  0.000E+00  0.000E+00  0.000E+00  0.000E+00
  0.000E+00  1.114E+04  0.000E+00  0.000E+00  0.000E+00  0.000E+00  0.000E+00  0.000E+00  0.000E+00  0.000E+00
  4.812E+07  4.833E+07  4.825E+07  4.774E+07  4.748E+07  4.742E+07  4.742E+07  4.708E+07  4.693E+07  4.682E+07
  4.686E+07  4.657E+07  4.638E+07  4.644E+07  4.660E+07  4.647E+07  4.656E+07  4.683E+07  4.675E+07  4.633E+07
  4.642E+07  4.601E+07  4.589E+07  4.596E+07  4.602E+07  4.574E+07  4.577E+07  4.555E+07  4.589E+07  4.587E+07
  4.593E+07  4.637E+07  4.664E+07  4.669E+07  4.670E+07  4.637E+07  4.622E+07  4.599E+07  4.566E+07  4.560E+07
  4.585E+07  4.581E+07  4.583E+07  4.597E+07  4.612E+07  4.624E+07  4.600E+07  4.586E+07  4.577E+07  4.602E+07
  4.591E+07  4.560E+07  4.523E+07  4.520E+07  4.520E+07  4.526E+07  4.527E+07  4.519E+07  4.488E+07  4.462E+07
  4.454E+07  4.457E+07  4.472E+07  4.468E+07  4.468E+07  4.450E+07  4.439E+07  4.427E+07  4.082E+07  3.510E+07
  2.622E+07  1.116E+07  0.000E+00  0.000E+00  0.000E+00  0.000E+00  0.000E+00  0.000E+00  0.000E+00  0.000E+00
  0.000E+00  0.000E+00  0.000E+00  0.000E+00  0.000E+00  0.000E+00  0.000E+00  0.000E+00  0.000E+00  0.000E+00
  0.000E+00  0.000E+00  0.000E+00  0.000E+00  0.000E+00  0.000E+00  0.000E+00  0.000E+00  8.400E+03  0.000E+00
  4.654E+07  4.645E+07  4.657E+07  4.680E+07  4.685E+07  4.657E+07  4.654E+07  4.639E+07  4.598E+07  4.564E+07
  4.589E+07  4.596E+07  4.582E+07  4.580E+07  4.579E+07  4.603E+07  4.626E+07  4.610E+07  4.616E+07  4.581E+07
  4.540E+07  4.568E+07  4.582E+07  4.565E+07  4.542E+07  4.547E+07  4.560E+07  4.573E+07  4.590E+07  4.605E+07
  4.594E+07  4.589E+07  4.597E+07  4.583E+07  4.556E+07  4.551E+07  4.527E+07  4.507E+07  4.494E+07  4.491E+07
  4.514E+07  4.505E+07  4.507E+07  4.486E+07  4.511E+07  4.504E+07  4.465E+07  4.451E+07  4.467E+07  4.467E+07
  4.464E+07  4.427E+07  4.417E+07  4.408E+07  4.401E+07  4.385E+07  4.375E+07  4.382E+07  4.403E+07  4.402E+07
  4.354E+07  4.342E+07  4.328E+07  4.312E+07  4.322E+07  4.323E+07  4.317E+07  4.287E+07  3.877E+07  3.222E+07
  2.488E+07  1.095E+07  0.000E+00  0.000E+00  0.000E+00  0.000E+00  0.000E+00  0.000E+00  0.000E+00  0.000E+00
  0.000E+00  0.000E+00  0.000E+00  0.000E+00  0.000E+00  0.000E+00  0.000E+00  0.000E+00  0.000E+00  0.000E+00
  0.000E+00  0.000E+00  0.000E+00  0.000E+00  1.039E+04  0.000E+00  0.000E+00  0.000E+00  0.000E+00  0.000E+00
  4.454E+07  4.428E+07  4.412E+07  4.392E+07  4.371E+07  4.337E+07  4.352E+07  4.348E+07  4.356E+07  4.350E+07
  4.344E+07  4.332E+07  4.312E+07  4.307E+07  4.336E+07  4.352E+07  4.382E+07  4.382E+07  4.330E+07  4.301E+07
  4.270E+07  4.267E+07  4.276E+07  4.290E+07  4.267E+07  4.294E+07  4.305E+07  4.326E+07  4.340E+07  4.318E+07
  4.290E+07  4.282E+07  4.253E+07  4.265E+07  4.267E+07  4.271E+07  4.259E+07  4.247E+07  4.263E+07  4.289E+07
  4.297E+07  4.280E+07  4.297E+07  4.296E+07  4.306E+07  4.307E+07  4.293E+07  4.315E+07  4.325E+07  4.314E+07
  4.329E+07  4.358E+07  4.361E+07  4.376E+07  4.363E+07  4.335E+07  4.364E+07  4.371E+07  4.381E+07  4.361E+07
  4.364E+07  4.344E+07  4.345E+07  4.310E+07  4.282E+07  4.241E+07  4.223E+07  4.222E+07  3.907E+07  3.342E+07
  2.497E+07  1.041E+07  2.417E+02  0.000E+00  0.000E+00  0.000E+00  0.000E+00  0.000E+00  0.000E+00  0.000E+00
  0.000E+00  0.000E+00  0.000E+00  0.000E+00  0.000E+00  0.000E+00  3.799E+03  8.646E+03  0.000E+00  0.000E+00
  0.000E+00  0.000E+00  0.000E+00  0.000E+00  0.000E+00  0.000E+00  0.000E+00  0.000E+00  0.000E+00  0.000E+00
  4.375E+07  4.383E+07  4.365E+07  4.346E+07  4.312E+07  4.324E+07  4.328E+07  4.326E+07  4.331E+07  4.321E+07
  4.297E+07  4.306E+07  4.291E+07  4.320E+07  4.322E+07  4.309E+07  4.316E+07  4.315E+07  4.324E+07  4.343E+07
  4.318E+07  4.294E+07  4.289E+07  4.273E+07  4.254E+07  4.286E+07  4.318E+07  4.289E+07  4.255E+07  4.264E+07
  4.298E+07  4.314E+07  4.367E+07  4.357E+07  4.346E+07  4.342E+07  4.337E+07  4.320E+07  4.310E+07  4.285E+07
  4.274E+07  4.295E+07  4.290E+07  4.264E+07  4.231E+07  4.242E+07  4.230E+07  4.217E+07  4.246E+07  4.263E+07
  4.276E+07  4.272E+07  4.295E+07  4.305E+07  4.319E+07  4.336E+07  4.347E+07  4.354E+07  4.406E+07  4.357E+07
  4.303E+07  4.275E+07  4.264E+07  4.289E+07  4.296E+07  4.274E+07  4.254E+07  4.240E+07  3.907E+07  3.323E+07
  2.531E+07  1.095E+07  0.000E+00  0.000E+00  0.000E+00  0.000E+00  0.000E+00  0.000E+00  0.000E+00  0.000E+00
  0.000E+00  0.000E+00  0.000E+00  0.000E+00  0.000E+00  0.000E+00  0.000E+00  0.000E+00  0.000E+00  0.000E+00
  0.000E+00  0.000E+00  0.000E+00  0.000E+00  8.623E+03  0.000E+00  0.000E+00  0.000E+00  0.000E+00  0.000E+00
  4.627E+07  4.636E+07  4.666E+07  4.652E+07  4.647E+07  4.650E+07  4.631E+07  4.631E+07  4.615E+07  4.616E+07
  4.609E+07  4.628E+07  4.647E+07  4.649E+07  4.590E+07  4.551E+07  4.543E+07  4.527E+07  4.523E+07  4.488E+07
  4.540E+07  4.558E+07  4.550E+07  4.556E+07  4.517E+07  4.536E+07  4.544E+07  4.559E+07  4.574E+07  4.549E+07
  4.556E+07  4.531E+07  4.508E+07  4.495E+07  4.447E+07  4.434E+07  4.445E+07  4.416E+07  4.396E+07  4.376E+07
  4.371E+07  4.366E+07  4.336E+07  4.313E+07  4.290E+07  4.281E+07  4.276E+07  4.250E+07  4.246E+07  4.250E+07
  4.247E+07  4.241E+07  4.255E+07  4.255E+07  4.235E+07  4.208E+07  4.175E+07  4.176E+07  4.157E+07  4.151E+07
  4.108E+07  4.104E+07  4.054E+07  4.037E+07  4.026E+07  4.048E+07  4.067E+07  4.047E+07  3.710E+07  3.119E+07
  2.375E+07  1.002E+07  0.000E+00  0.000E+00  0.000E+00  0.000E+00  0.000E+00  0.000E+00  0.000E+00  0.000E+00
  0.000E+00  0.000E+00  0.000E+00  0.000E+00  0.000E+00  0.000E+00  0.000E+00  0.000E+00  0.000E+00  0.000E+00
  0.000E+00  0.000E+00  0.000E+00  0.000E+00  0.000E+00  0.000E+00  0.000E+00  0.000E+00  3.177E+04  0.000E+00
  4.477E+07  4.467E+07  4.443E+07  4.438E+07  4.457E+07  4.473E+07  4.492E+07  4.492E+07  4.477E+07  4.464E+07
  4.479E+07  4.466E+07  4.485E+07  4.475E+07  4.469E+07  4.480E+07  4.484E+07  4.491E+07  4.500E+07  4.520E+07
  4.521E+07  4.538E+07  4.535E+07  4.557E+07  4.580E+07  4.552E+07  4.530E+07  4.493E+07  4.511E+07  4.512E+07
  4.498E+07  4.479E+07  4.481E+07  4.481E+07  4.500E+07  4.520E+07  4.502E+07  4.445E+07  4.439E+07  4.422E+07
  4.410E+07  4.378E+07  4.369E+07  4.372E+07  4.346E+07  4.326E+07  4.313E+07  4.291E+07  4.274E+07  4.267E+07
  4.246E+07  4.247E+07  4.269E+07  4.284E+07  4.271E+07  4.256E+07  4.243E+07  4.220E+07  4.219E+07  4.189E+07
  4.178E+07  4.190E+07  4.198E+07  4.176E+07  4.174E+07  4.162E+07  4.175E+07  4.147E+07  3.748E+07  3.136E+07
  2.363E+07  1.007E+07  0.000E+00  0.000E+00  0.000E+00  0.000E+00  0.000E+00  0.000E+00  0.000E+00  0.000E+00
  0.000E+00  0.000E+00  0.000E+00  0.000E+00  0.000E+00  0.000E+00  0.000E+00  0.000E+00  0.000E+00  0.000E+00
  0.000E+00  0.000E+00  0.000E+00  0.000E+00  0.000E+00  0.000E+00  0.000E+00  0.000E+00  7.747E+03  2.162E+04
  4.545E+07  4.567E+07  4.550E+07  4.559E+07  4.581E+07  4.577E+07  4.524E+07  4.519E+07  4.531E+07  4.508E+07
  4.467E+07  4.420E+07  4.381E+07  4.372E+07  4.379E+07  4.403E+07  4.399E+07  4.389E+07  4.381E+07  4.359E+07
  4.361E+07  4.384E+07  4.376E+07  4.356E+07  4.366E+07  4.400E+07  4.408E+07  4.405E+07  4.409E+07  4.416E+07
  4.442E+07  4.442E+07  4.472E+07  4.462E+07  4.443E+07  4.385E+07  4.368E+07  4.356E+07  4.344E+07  4.330E+07
  4.325E+07  4.320E+07  4.314E+07  4.310E+07  4.333E+07  4.325E+07  4.340E+07  4.349E+07  4.329E+07  4.319E+07
  4.333E+07  4.346E+07  4.338E+07  4.328E+07  4.338E+07  4.344E+07  4.343E+07  4.315E+07  4.297E+07  4.279E+07
  4.258E+07  4.233E+07  4.260E+07  4.215E+07  4.248E+07  4.260E+07  4.277E+07  4.250E+07  3.827E+07  3.202E+07
  2.422E+07  1.035E+07  0.000E+00  0.000E+00  0.000E+00  0.000E+00  0.000E+00  0.000E+00  0.000E+00  0.000E+00
  0.000E+00  0.000E+00  0.000E+00  0.000E+00  0.000E+00  0.000E+00  0.000E+00  0.000E+00  0.000E+00  0.000E+00
  0.000E+00  0.000E+00  0.000E+00  0.000E+00  0.000E+00  0.000E+00  0.000E+00  0.000E+00  0.000E+00  0.000E+00
  4.495E+07  4.496E+07  4.475E+07  4.481E+07  4.506E+07  4.549E+07  4.582E+07  4.566E+07  4.572E+07  4.583E+07
  4.597E+07  4.578E+07  4.556E+07  4.516E+07  4.476E+07  4.460E+07  4.431E+07  4.404E+07  4.379E+07  4.371E+07
  4.386E+07  4.387E+07  4.357E+07  4.333E+07  4.321E+07  4.288E+07  4.278E+07  4.272E+07  4.294E+07  4.297E+07
  4.275E+07  4.278E+07  4.268E+07  4.269E+07  4.242E+07  4.272E+07  4.327E+07  4.338E+07  4.304E+07  4.304E+07
  4.321E+07  4.327E+07  4.322E+07  4.315E+07  4.279E+07  4.286E+07  4.310E+07  4.323E+07  4.346E+07  4.359E+07
  4.345E+07  4.355E+07  4.359E+07  4.360E+07  4.329E+07  4.332E+07  4.305E+07  4.271E+07  4.238E+07  4.245E+07
  4.262E+07  4.276E+07  4.299E+07  4.301E+07  4.241E+07  4.196E+07  4.211E+07  4.232E+07  3.851E+07  3.292E+07
  2.516E+07  1.074E+07  0.000E+00  0.000E+00  0.000E+00  0.000E+00  0.000E+00  0.000E+00  0.000E+00  0.000E+00
  0.000E+00  0.000E+00  0.000E+00  4.749E+02  2.161E+04  1.741E+03  0.000E+00  0.000E+00  0.000E+00  0.000E+00
  0.000E+00  0.000E+00  0.000E+00  0.000E+00  0.000E+00  0.000E+00  8.682E+03  0.000E+00  0.000E+00  0.000E+00
  4.675E+07  4.668E+07  4.690E+07  4.690E+07  4.686E+07  4.688E+07  4.682E+07  4.684E+07  4.671E+07  4.629E+07
  4.605E+07  4.603E+07  4.605E+07  4.603E+07  4.601E+07  4.576E+07  4.531E+07  4.547E+07  4.550E+07  4.539E+07
  4.536E+07  4.541E+07  4.569E+07  4.595E+07  4.593E+07  4.567E+07  4.530E+07  4.494E+07  4.497E+07  4.497E+07
  4.492E+07  4.493E+07  4.500E+07  4.519E+07  4.527E+07  4.522E+07  4.517E+07  4.528E+07  4.509E+07  4.514E+07
  4.495E+07  4.445E+07  4.415E+07  4.415E+07  4.374E+07  4.374E+07  4.395E+07  4.429E+07  4.394E+07  4.376E+07
  4.359E+07  4.356E+07  4.367E+07  4.365E+07  4.401E+07  4.422E+07  4.400E+07  4.410E+07  4.395E+07  4.409E+07
  4.419E+07  4.415E+07  4.419E+07  4.407E+07  4.422E+07  4.437E+07  4.422E+07  4.414E+07  4.076E+07  3.411E+07
  2.550E+07  1.111E+07  0.000E+00  0.000E+00  0.000E+00  0.000E+00  0.000E+00  0.000E+00  0.000E+00  0.000E+00
  0.000E+00  0.000E+00  0.000E+00  0.000E+00  0.000E+00  0.000E+00  0.000E+00  0.000E+00  0.000E+00  0.000E+00
  0.000E+00  0.000E+00  0.000E+00  0.000E+00  0.000E+00  0.000E+00  0.000E+00  0.000E+00  0.000E+00  0.000E+00
  4.598E+07  4.609E+07  4.644E+07  4.638E+07  4.609E+07  4.627E+07  4.625E+07  4.613E+07  4.633E+07  4.628E+07
  4.645E+07  4.668E+07  4.684E+07  4.461E+07  4.107E+07  3.551E+07  2.704E+07  1.930E+07  1.940E+07  1.926E+07
  1.909E+07  1.908E+07  1.896E+07  1.897E+07  1.873E+07  1.883E+07  1.876E+07  1.883E+07  1.869E+07  1.850E+07
  1.823E+07  1.787E+07  1.769E+07  1.758E+07  1.755E+07  1.761E+07  1.757E+07  1.721E+07  1.701E+07  1.695E+07
  1.702E+07  1.711E+07  1.712E+07  1.722E+07  1.729E+07  1.740E+07  1.753E+07  1.738E+07  1.727E+07  1.744E+07
  1.777E+07  1.796E+07  1.803E+07  1.798E+07  1.776E+07  1.780E+07  1.773E+07  1.776E+07  1.772E+07  1.771E+07
  1.774E+07  1.748E+07  1.734E+07  1.735E+07  1.727E+07  1.734E+07  1.742E+07  1.696E+07  1.526E+07  1.292E+07
  1.012E+07  4.346E+06  9.855E+04  7.420E+04  6.965E+04  8.350E+04  8.174E+04  6.797E+04  9.190E+04  1.025E+05
  3.441E+04  0.000E+00  0.000E+00  0.000E+00  0.000E+00  0.000E+00  0.000E+00  0.000E+00  0.000E+00  0.000E+00
  0.000E+00  0.000E+00  0.000E+00  0.000E+00  0.000E+00  0.000E+00  0.000E+00  0.000E+00  0.000E+00  0.000E+00
  4.741E+07  4.720E+07  4.740E+07  4.741E+07  4.754E+07  4.743E+07  4.718E+07  4.723E+07  4.706E+07  4.726E+07
  4.728E+07  4.730E+07  4.709E+07  4.322E+07  3.582E+07  2.725E+07  1.301E+07  0.000E+00  0.000E+00  0.000E+00
  0.000E+00  0.000E+00  0.000E+00  0.000E+00  0.000E+00  0.000E+00  0.000E+00  0.000E+00  0.000E+00  0.000E+00
  0.000E+00  0.000E+00  0.000E+00  0.000E+00  0.000E+00  0.000E+00  0.000E+00  0.000E+00  0.000E+00  0.000E+00
  0.000E+00  0.000E+00  0.000E+00  0.000E+00  0.000E+00  0.000E+00  0.000E+00  0.000E+00  0.000E+00  0.000E+00
  0.000E+00  0.000E+00  0.000E+00  0.000E+00  0.000E+00  0.000E+00  0.000E+00  0.000E+00  0.000E+00  0.000E+00
  0.000E+00  0.000E+00  0.000E+00  0.000E+00  0.000E+00  0.000E+00  0.000E+00  0.000E+00  0.000E+00  0.000E+00
  0.000E+00  0.000E+00  0.000E+00  0.000E+00  0.000E+00  0.000E+00  0.000E+00  0.000E+00  0.000E+00  0.000E+00
  0.000E+00  0.000E+00  0.000E+00  0.000E+00  0.000E+00  0.000E+00  0.000E+00  0.000E+00  0.000E+00  0.000E+00
  0.000E+00  0.000E+00  0.000E+00  0.000E+00  0.000E+00  0.000E+00  0.000E+00  0.000E+00  0.000E+00  0.000E+00
  4.643E+07  4.621E+07  4.619E+07  4.637E+07  4.645E+07  4.644E+07  4.604E+07  4.587E+07  4.580E+07  4.592E+07
  4.616E+07  4.609E+07  4.553E+07  4.205E+07  3.589E+07  2.820E+07  1.273E+07  9.199E+02  0.000E+00  0.000E+00
  0.000E+00  0.000E+00  0.000E+00  0.000E+00  0.000E+00  0.000E+00  0.000E+00  0.000E+00  0.000E+00  0.000E+00
  0.000E+00  0.000E+00  0.000E+00  0.000E+00  0.000E+00  0.000E+00  0.000E+00  0.000E+00  0.000E+00  0.000E+00
  0.000E+00  0.000E+00  0.000E+00  0.000E+00  0.000E+00  0.000E+00  0.000E+00  0.000E+00  0.000E+00  0.000E+00
  0.000E+00  0.000E+00  0.000E+00  0.000E+00  0.000E+00  0.000E+00  0.000E+00  0.000E+00  0.000E+00  0.000E+00
  0.000E+00  0.000E+00  0.000E+00  0.000E+00  0.000E+00  0.000E+00  0.000E+00  0.000E+00  0.000E+00  0.000E+00
  0.000E+00  0.000E+00  0.000E+00  0.000E+00  0.000E+00  0.000E+00  0.000E+00  0.000E+00  0.000E+00  0.000E+00
  0.000E+00  0.000E+00  0.000E+00  0.000E+00  0.000E+00  0.000E+00  0.000E+00  0.000E+00  0.000E+00  0.000E+00
  0.000E+00  0.000E+00  0.000E+00  0.000E+00  0.000E+00  0.000E+00  0.000E+00  0.000E+00  0.000E+00  0.000E+00
  4.822E+07  4.812E+07  4.815E+07  4.843E+07  4.874E+07  4.887E+07  4.848E+07  4.826E+07  4.819E+07  4.819E+07
  4.832E+07  4.848E+07  4.824E+07  4.430E+07  3.766E+07  2.851E+07  1.333E+07  0.000E+00  0.000E+00  0.000E+00
  0.000E+00  0.000E+00  0.000E+00  0.000E+00  0.000E+00  0.000E+00  0.000E+00  0.000E+00  0.000E+00  0.000E+00
  0.000E+00  0.000E+00  0.000E+00  0.000E+00  0.000E+00  0.000E+00  0.000E+00  0.000E+00  0.000E+00  0.000E+00
  0.000E+00  0.000E+00  0.000E+00  0.000E+00  0.000E+00  0.000E+00  0.000E+00  0.000E+00  0.000E+00  0.000E+00
  0.000E+00  0.000E+00  0.000E+00  0.000E+00  0.000E+00  0.000E+00  0.000E+00  0.000E+00  0.000E+00  0.000E+00
  0.000E+00  0.000E+00  0.000E+00  0.000E+00  0.000E+00  0.000E+00  0.000E+00  0.000E+00  0.000E+00  0.000E+00
  0.000E+00  0.000E+00  0.000E+00  0.000E+00  0.000E+00  0.000E+00  0.000E+00  0.000E+00  0.000E+00  0.000E+00
  0.000E+00  0.000E+00  0.000E+00  0.000E+00  0.000E+00  0.000E+00  0.000E+00  0.000E+00  0.000E+00  0.000E+00
  0.000E+00  0.000E+00  0.000E+00  0.000E+00  0.000E+00  0.000E+00  0.000E+00  0.000E+00  0.000E+00  0.000E+00
  4.444E+07  4.468E+07  4.474E+07  4.518E+07  4.535E+07  4.529E+07  4.518E+07  4.509E+07  4.512E+07  4.507E+07
  4.509E+07  4.476E+07  4.477E+07  4.145E+07  3.514E+07  2.704E+07  1.269E+07  4.225E+03  0.000E+00  0.000E+00
  0.000E+00  0.000E+00  0.000E+00  0.000E+00  0.000E+00  0.000E+00  0.000E+00  0.000E+00  0.000E+00  0.000E+00
  0.000E+00  0.000E+00  0.000E+00  0.000E+00  0.000E+00  0.000E+00  0.000E+00  0.000E+00  0.000E+00  0.000E+00
  0.000E+00  0.000E+00  0.000E+00  0.000E+00  0.000E+00  0.000E+00  0.000E+00  0.000E+00  0.000E+00  0.000E+00
  0.000E+00  0.000E+00  0.000E+00  0.000E+00  0.000E+00  0.000E+00  0.000E+00  0.000E+00  0.000E+00  0.000E+00
  0.000E+00  0.000E+00  0.000E+00  0.000E+00  0.000E+00  0.000E+00  0.000E+00  0.000E+00  0.000E+00  0.000E+00
  0.000E+00  0.000E+00  0.000E+00  0.000E+00  0.000E+00  0.000E+00  0.000E+00  0.000E+00  0.000E+00  0.000E+00
  0.000E+00  0.000E+00  0.000E+00  0.000E+00  0.000E+00  0.000E+00  0.000E+00  0.000E+00  0.000E+00  0.000E+00
  0.000E+00  0.000E+00  0.000E+00  0.000E+00  0.000E+00  0.000E+00  0.000E+00  0.000E+00  0.000E+00  0.000E+00
  4.617E+07  4.640E+07  4.639E+07  4.642E+07  4.602E+07  4.577E+07  4.550E+07  4.559E+07  4.569E+07  4.567E+07
  4.565E+07  4.573E+07  4.522E+07  4.213E+07  3.573E+07  2.784E+07  1.292E+07  2.929E+03  0.000E+00  0.000E+00
  0.000E+00  0.000E+00  0.000E+00  0.000E+00  0.000E+00  0.000E+00  0.000E+00  0.000E+00  0.000E+00  0.000E+00
  0.000E+00  0.000E+00  0.000E+00  0.000E+00  0.000E+00  0.000E+00  0.000E+00  0.000E+00  0.000E+00  0.000E+00
  0.000E+00  0.000E+00  0.000E+00  0.000E+00  0.000E+00  0.000E+00  0.000E+00  0.000E+00  0.000E+00  0.000E+00
  0.000E+00  0.000E+00  0.000E+00  0.000E+00  0.000E+00  0.000E+00  0.000E+00  0.000E+00  0.000E+00  0.000E+00
  0.000E+00  0.000E+00  0.000E+00  0.000E+00  0.000E+00  0.000E+00  0.000E+00  0.000E+00  0.000E+00  0.000E+00
  0.000E+00  0.000E+00  0.000E+00  0.000E+00  0.000E+00  0.000E+00  0.000E+00  0.000E+00  0.000E+00  0.000E+00
  0.000E+00  0.000E+00  0.000E+00  0.000E+00  0.000E+00  0.000E+00  0.000E+00  0.000E+00  0.000E+00  0.000E+00
  0.000E+00  0.000E+00  0.000E+00  0.000E+00  0.000E+00  0.000E+00  0.000E+00  0.000E+00  0.000E+00  0.000E+00

#------------------------------------------------------------------------------
# gshow
#------------------------------------------------------------------------------

p: legs[c5*0.875]

hb:   line clip z  
frame:
  9.5000006E+01 -2.9999866E+00
  1.0000001E+02 -2.9999866E+00
  1.0000001E+02  3.0000134E+00
  9.5000006E+01  3.0000134E+00
clip:
  9.49505012E+01 -3.28570021E+00
  9.55800000E+01 -3.28570021E+00
  9.55800000E+01 -3.17217549E+00
  9.55800000E+01 -2.95712878E+00
  9.55800000E+01 -2.84360407E+00
  9.55800000E+01 -2.62855735E+00
  9.55800000E+01 -2.51503264E+00
  9.55800000E+01 -2.29998593E+00
  9.55800000E+01 -2.18646121E+00
  9.55800000E+01 -1.97141450E+00
  9.55800000E+01 -1.85788978E+00
  9.55800000E+01 -1.64284307E+00
  9.55800000E+01 -1.52931835E+00
  9.56140287E+01 -1.31850000E+00
  9.56643626E+01 -1.31850000E+00
  9.83165039E+01 -1.31850000E+00
  9.83300000E+01 -1.31427164E+00
  9.83300000E+01 -1.22307702E+00
  9.83300000E+01 -9.85700212E-01
  9.83300000E+01 -8.94505592E-01
  9.83300000E+01 -6.57128783E-01
  9.83300000E+01 -5.65934163E-01
  9.83300000E+01 -3.28557354E-01
  9.83300000E+01 -2.37362735E-01
  9.83158478E+01 -5.00000000E-02
  9.82726192E+01 -5.00000000E-02
  9.82648577E+01 -5.00000000E-02
  9.82216291E+01 -5.00000000E-02
  9.82138676E+01 -5.00000000E-02
  9.81706390E+01 -5.00000000E-02
  9.81628775E+01 -5.00000000E-02
  9.81628775E+01  5.00000000E-02
  9.82061104E+01  5.00000000E-02
  9.82138676E+01  5.00000000E-02
  9.82571005E+01  5.00000000E-02
  9.82648577E+01  5.00000000E-02
  9.83080906E+01  5.00000000E-02
  9.83300000E+01  2.37390883E-01
  9.83300000E+01  2.06263727E+00
  9.83668379E+01  2.18150000E+00
  9.83852297E+01  2.18150000E+00
  9.84178280E+01  2.18150000E+00
  9.84362198E+01  2.18150000E+00
  9.84688181E+01  2.18150000E+00
  9.84872099E+01  2.18150000E+00
  9.85198082E+01  2.18150000E+00
  9.85382000E+01  2.18150000E+00
  9.85707983E+01  2.18150000E+00
  9.85891901E+01  2.18150000E+00
  9.86217884E+01  2.18150000E+00
  9.86401802E+01  2.18150000E+00
  9.86727785E+01  2.18150000E+00
  9.86911703E+01  2.18150000E+00
  9.87237685E+01  2.18150000E+00
  9.87421604E+01  2.18150000E+00
  9.87747586E+01  2.18150000E+00
  9.87931505E+01  2.18150000E+00
  9.88257487E+01  2.18150000E+00
  9.88441406E+01  2.18150000E+00
  9.88767388E+01  2.18150000E+00
  9.88951307E+01  2.18150000E+00
  9.89277289E+01  2.18150000E+00
  9.89461208E+01  2.18150000E+00
  9.89787190E+01  2.18150000E+00
  9.90297091E+01  2.20000000E+00
  9.91982004E+01  2.20000000E+00
  9.92100000E+01  1.97144265E+00
  9.92100000E+01  1.81892021E+00
  9.92100000E+01  1.64287122E+00
  9.92100000E+01  1.49034878E+00
  9.92100000E+01  1.31429979E+00
  9.92100000E+01  1.16177735E+00
  9.92100000E+01  9.85728360E-01
  9.92100000E+01  8.33205920E-01
  9.92100000E+01  6.57156931E-01
  9.92100000E+01  5.04634492E-01
  9.92100000E+01  3.28585503E-01
  9.92100000E+01  1.76063063E-01
  9.92100000E+01  1.40740734E-05
  9.92100000E+01 -1.52508366E-01
  9.92100000E+01 -3.28557354E-01
  9.92100000E+01 -4.81079794E-01
  9.92100000E+01 -6.57128783E-01
  9.92100000E+01 -8.09651223E-01
  9.92100000E+01 -9.85700212E-01
  9.92100000E+01 -1.13822265E+00
  9.92100000E+01 -1.31427164E+00
  9.92336695E+01 -1.31850000E+00
  1.00049511E+02 -1.31850000E+00
  1.00049511E+02 -1.31427164E+00
  1.00049511E+02 -9.85700212E-01
  1.00049511E+02 -6.57128783E-01
  1.00049511E+02 -3.28557354E-01
  1.00049511E+02  1.40740734E-05
  1.00049511E+02  3.28585503E-01
  1.00049511E+02  6.57156931E-01
  1.00049511E+02  9.85728360E-01
  1.00049511E+02  1.31429979E+00
  1.00049511E+02  1.64287122E+00
  1.00049511E+02  1.97144265E+00
  1.00049511E+02  2.30001407E+00
  1.00049511E+02  2.62858550E+00
  1.00049511E+02  2.95715693E+00
  1.00049511E+02  3.28572836E+00
  9.99985210E+01  3.28572836E+00
  9.99475309E+01  3.28572836E+00
  9.98965408E+01  3.28572836E+00
  9.98455507E+01  3.28572836E+00
  9.97945606E+01  3.28572836E+00
  9.97435705E+01  3.28572836E+00
  9.96925804E+01  3.28572836E+00
  9.96415903E+01  3.28572836E+00
  9.95906002E+01  3.28572836E+00
  9.95396101E+01  3.28572836E+00
  9.94886200E+01  3.28572836E+00
  9.94376299E+01  3.28572836E+00
  9.93866398E+01  3.28572836E+00
  9.93356497E+01  3.28572836E+00
  9.92846596E+01  3.28572836E+00
  9.92336695E+01  3.28572836E+00
  9.91826794E+01  3.28572836E+00
  9.91316893E+01  3.28572836E+00
  9.90806992E+01  3.28572836E+00
  9.90297091E+01  3.28572836E+00
  9.89787190E+01  3.28572836E+00
  9.89277289E+01  3.28572836E+00
  9.88767388E+01  3.28572836E+00
  9.88257487E+01  3.28572836E+00
  9.87747586E+01  3.28572836E+00
  9.87237685E+01  3.28572836E+00
  9.86727785E+01  3.28572836E+00
  9.86217884E+01  3.28572836E+00
  9.85707983E+01  3.28572836E+00
  9.85198082E+01  3.28572836E+00
  9.84688181E+01  3.28572836E+00
  9.84178280E+01  3.28572836E+00
  9.83668379E+01  3.28572836E+00
  9.83158478E+01  3.28572836E+00
  9.82648577E+01  3.28572836E+00
  9.82138676E+01  3.28572836E+00
  9.81628775E+01  3.28572836E+00
  9.81118874E+01  3.28572836E+00
  9.80608973E+01  3.28572836E+00
  9.80099072E+01  3.28572836E+00
  9.79589171E+01  3.28572836E+00
  9.79079270E+01  3.28572836E+00
  9.78569369E+01  3.28572836E+00
  9.78059468E+01  3.28572836E+00
  9.77549567E+01  3.28572836E+00
  9.77039666E+01  3.28572836E+00
  9.76529765E+01  3.28572836E+00
  9.76019864E+01  3.28572836E+00
  9.75509963E+01  3.28572836E+00
  9.75000062E+01  3.28572836E+00
  9.74490161E+01  3.28572836E+00
  9.73980260E+01  3.28572836E+00
  9.73470359E+01  3.28572836E+00
  9.72960458E+01  3.28572836E+00
  9.72450557E+01  3.28572836E+00
  9.71940656E+01  3.28572836E+00
  9.71430755E+01  3.28572836E+00
  9.70920854E+01  3.28572836E+00
  9.70410953E+01  3.28572836E+00
  9.69901052E+01  3.28572836E+00
  9.69391151E+01  3.28572836E+00
  9.68881250E+01  3.28572836E+00
  9.68371349E+01  3.28572836E+00
  9.67861448E+01  3.28572836E+00
  9.67351547E+01  3.28572836E+00
  9.66841646E+01  3.28572836E+00
  9.66331745E+01  3.28572836E+00
  9.65821844E+01  3.28572836E+00
  9.65311943E+01  3.28572836E+00
  9.64802042E+01  3.28572836E+00
  9.64292141E+01  3.28572836E+00
  9.63782240E+01  3.28572836E+00
  9.63272339E+01  3.28572836E+00
  9.62762438E+01  3.28572836E+00
  9.62252537E+01  3.28572836E+00
  9.61742636E+01  3.28572836E+00
  9.61232735E+01  3.28572836E+00
  9.60722834E+01  3.28572836E+00
  9.60212933E+01  3.28572836E+00
  9.59703032E+01  3.28572836E+00
  9.59193131E+01  3.28572836E+00
  9.58683230E+01  3.28572836E+00
  9.58173329E+01  3.28572836E+00
  9.57663428E+01  3.28572836E+00
  9.57153527E+01  3.28572836E+00
  9.56643626E+01  3.28572836E+00
  9.56133725E+01  3.28572836E+00
  9.55623824E+01  3.28572836E+00
  9.55113923E+01  3.28572836E+00
  9.54604022E+01  3.28572836E+00
  9.54094121E+01  3.28572836E+00
  9.53584220E+01  3.28572836E+00
  9.53074319E+01  3.28572836E+00
  9.52564418E+01  3.28572836E+00
  9.52054517E+01  3.28572836E+00
  9.51544616E+01  3.28572836E+00
  9.51034715E+01  3.28572836E+00
  9.50524814E+01  3.28572836E+00
  9.50014913E+01  3.28572836E+00
  9.49505012E+01  3.28572836E+00
  9.49505012E+01  2.95715693E+00
  9.49505012E+01  2.62858550E+00
  9.49505012E+01  2.30001407E+00
  9.49505012E+01  1.97144265E+00
  9.49505012E+01  1.64287122E+00
  9.49505012E+01  1.31429979E+00
  9.49505012E+01  9.85728360E-01
  9.49505012E+01  6.57156931E-01
  9.49505012E+01  3.28585503E-01
  9.49505012E+01  1.40740734E-05
  9.49505012E+01 -3.28557354E-01
  9.49505012E+01 -6.57128783E-01
  9.49505012E+01 -9.85700212E-01
  9.49505012E+01 -1.31427164E+00
  9.49505012E+01 -1.64284307E+00
  9.49505012E+01 -1.97141450E+00
  9.49505012E+01 -2.29998593E+00
  9.49505012E+01 -2.62855735E+00
  9.49505012E+01 -2.95712878E+00
  9.49505012E+01 -3.28570021E+00

hb:   line clip z  
frame:
  9.5000006E+01 -2.9999866E+00
  1.0000001E+02 -2.9999866E+00
  1.0000001E+02  3.0000134E+00
  9.5000006E+01  3.0000134E+00
clip:
  9.56133725E+01 -3.28570021E+00
  9.60800000E+01 -3.28570021E+00
  9.60800000E+01 -3.23597577E+00
  9.60800000E+01 -2.95712878E+00
  9.60800000E+01 -2.90740434E+00
  9.60800000E+01 -2.62855735E+00
  9.60800000E+01 -2.57883291E+00
  9.60800000E+01 -2.29998593E+00
  9.60800000E+01 -2.25026149E+00
  9.60800000E+01 -1.97141450E+00
  9.60800000E+01 -1.92169006E+00
  9.60800000E+01 -1.64284307E+00
  9.60800000E+01 -1.59311863E+00
  9.60722834E+01 -1.31850000E+00
  9.60219495E+01 -1.31850000E+00
  9.60212933E+01 -1.31850000E+00
  9.59709594E+01 -1.31850000E+00
  9.59703032E+01 -1.31850000E+00
  9.59199693E+01 -1.31850000E+00
  9.59193131E+01 -1.31850000E+00
  9.58689792E+01 -1.31850000E+00
  9.58683230E+01 -1.31850000E+00
  9.58179891E+01 -1.31850000E+00
  9.58173329E+01 -1.31850000E+00
  9.57669990E+01 -1.31850000E+00
  9.57663428E+01 -1.31850000E+00
  9.57160089E+01 -1.31850000E+00
  9.57153527E+01 -1.31850000E+00
  9.56650188E+01 -1.31850000E+00
  9.56643626E+01 -1.31850000E+00
  9.56140287E+01 -1.31850000E+00
  9.56133725E+01 -1.31850000E+00
  9.55800000E+01 -1.42779636E+00
  9.55800000E+01 -1.64284307E+00
  9.55800000E+01 -1.85788978E+00
  9.55800000E+01 -1.97141450E+00
  9.55800000E+01 -2.18646121E+00
  9.55800000E+01 -2.29998593E+00
  9.55800000E+01 -2.51503264E+00
  9.55800000E+01 -2.62855735E+00
  9.55800000E+01 -2.84360407E+00
  9.55800000E+01 -2.95712878E+00
  9.55800000E+01 -3.17217549E+00
  9.55800000E+01 -3.28570021E+00

hb:   line clip z  
frame:
  9.5000006E+01 -2.9999866E+00
  1.0000001E+02 -2.9999866E+00
  1.0000001E+02  3.0000134E+00
  9.5000006E+01  3.0000134E+00
clip:
  9.61232735E+01 -3.28570021E+00
  9.72787517E+01 -3.28570021E+00
  9.73246103E+01 -3.14119342E+00
  9.73877160E+01 -2.95712878E+00
  9.74490161E+01 -2.79295672E+00
  9.75042729E+01 -2.65605152E+00
  9.75509963E+01 -2.54779358E+00
  9.76019864E+01 -2.43692984E+00
  9.76529765E+01 -2.33317527E+00
  9.77039666E+01 -2.23609713E+00
  9.77549567E+01 -2.14532183E+00
  9.78059468E+01 -2.06052484E+00
  9.78569369E+01 -1.98142289E+00
  9.78636533E+01 -1.97141450E+00
  9.79079270E+01 -1.90776764E+00
  9.79418805E+01 -1.86163393E+00
  9.79589171E+01 -1.83934068E+00
  9.79843988E+01 -1.80704323E+00
  9.80099072E+01 -1.77594947E+00
  9.80273694E+01 -1.75536675E+00
  9.80608973E+01 -1.71742397E+00
  9.80707939E+01 -1.70661554E+00
  9.81118874E+01 -1.66361395E+00
  9.81328348E+01 -1.64284307E+00
  9.81234245E+01 -1.56850000E+00
  9.81118874E+01 -1.56850000E+00
  9.81003503E+01 -1.56850000E+00
  9.80608973E+01 -1.56850000E+00
  9.80493602E+01 -1.56850000E+00
  9.80099072E+01 -1.56850000E+00
  9.79983701E+01 -1.56850000E+00
  9.79589171E+01 -1.56850000E+00
  9.79473800E+01 -1.56850000E+00
  9.79079270E+01 -1.56850000E+00
  9.78963899E+01 -1.56850000E+00
  9.78569369E+01 -1.56850000E+00
  9.78453998E+01 -1.56850000E+00
  9.78059468E+01 -1.56850000E+00
  9.77944097E+01 -1.56850000E+00
  9.77549567E+01 -1.56850000E+00
  9.77434196E+01 -1.56850000E+00
  9.77039666E+01 -1.56850000E+00
  9.76924295E+01 -1.56850000E+00
  9.76529765E+01 -1.56850000E+00
  9.76414394E+01 -1.56850000E+00
  9.76019864E+01 -1.56850000E+00
  9.75904493E+01 -1.56850000E+00
  9.75509963E+01 -1.56850000E+00
  9.75394592E+01 -1.56850000E+00
  9.75000062E+01 -1.56850000E+00
  9.74884691E+01 -1.56850000E+00
  9.74490161E+01 -1.56850000E+00
  9.74374790E+01 -1.56850000E+00
  9.73980260E+01 -1.56850000E+00
  9.73864889E+01 -1.56850000E+00
  9.73470359E+01 -1.56850000E+00
  9.73354988E+01 -1.56850000E+00
  9.72960458E+01 -1.56850000E+00
  9.72845087E+01 -1.56850000E+00
  9.72450557E+01 -1.56850000E+00
  9.72335186E+01 -1.56850000E+00
  9.71940656E+01 -1.56850000E+00
  9.71825285E+01 -1.56850000E+00
  9.71430755E+01 -1.56850000E+00
  9.71315384E+01 -1.56850000E+00
  9.70920854E+01 -1.56850000E+00
  9.70805483E+01 -1.56850000E+00
  9.70410953E+01 -1.56850000E+00
  9.70295582E+01 -1.56850000E+00
  9.69901052E+01 -1.56850000E+00
  9.69785681E+01 -1.56850000E+00
  9.69391151E+01 -1.56850000E+00
  9.69275780E+01 -1.56850000E+00
  9.68881250E+01 -1.56850000E+00
  9.68765879E+01 -1.56850000E+00
  9.68371349E+01 -1.56850000E+00
  9.68255978E+01 -1.56850000E+00
  9.67861448E+01 -1.56850000E+00
  9.67746077E+01 -1.56850000E+00
  9.67351547E+01 -1.56850000E+00
  9.67236176E+01 -1.56850000E+00
  9.66841646E+01 -1.56850000E+00
  9.66726275E+01 -1.56850000E+00
  9.66331745E+01 -1.56850000E+00
  9.66216374E+01 -1.56850000E+00
  9.65821844E+01 -1.56850000E+00
  9.65706473E+01 -1.56850000E+00
  9.65311943E+01 -1.56850000E+00
  9.65196572E+01 -1.56850000E+00
  9.64802042E+01 -1.56850000E+00
  9.64686671E+01 -1.56850000E+00
  9.64292141E+01 -1.56850000E+00
  9.64176770E+01 -1.56850000E+00
  9.63782240E+01 -1.56850000E+00
  9.63666869E+01 -1.56850000E+00
  9.63272339E+01 -1.56850000E+00
  9.63156968E+01 -1.56850000E+00
  9.62762438E+01 -1.56850000E+00
  9.62647067E+01 -1.56850000E+00
  9.62252537E+01 -1.56850000E+00
  9.62137166E+01 -1.56850000E+00
  9.61742636E+01 -1.56850000E+00
  9.61627265E+01 -1.56850000E+00
  9.61232735E+01 -1.56850000E+00
  9.61117364E+01 -1.56850000E+00
  9.60800000E+01 -1.64284307E+00
  9.60800000E+01 -1.92169006E+00
  9.60800000E+01 -1.97141450E+00
  9.60800000E+01 -2.25026149E+00
  9.60800000E+01 -2.29998593E+00
  9.60800000E+01 -2.57883291E+00
  9.60800000E+01 -2.62855735E+00
  9.60800000E+01 -2.90740434E+00
  9.60800000E+01 -2.95712878E+00
  9.60800000E+01 -3.23597577E+00
  9.60800000E+01 -3.28570021E+00

hb:   line clip z  
frame:
  9.5000006E+01 -2.9999866E+00
  1.0000001E+02 -2.9999866E+00
  1.0000001E+02  3.0000134E+00
  9.5000006E+01  3.0000134E+00
clip:
  9.72960458E+01 -3.28570021E+00
  1.00049511E+02 -3.28570021E+00
  1.00049511E+02 -2.95712878E+00
  1.00049511E+02 -2.78917622E+00
  1.00006996E+02 -2.68316683E+00
  9.99985210E+01 -2.66273712E+00
  9.99841284E+01 -2.62855735E+00
  9.99571933E+01 -2.56629480E+00
  9.99475309E+01 -2.54448721E+00
  9.99276552E+01 -2.50048139E+00
  9.98965408E+01 -2.43383552E+00
  9.98523265E+01 -2.34364775E+00
  9.98455507E+01 -2.33027955E+00
  9.98299709E+01 -2.29998593E+00
  9.98025932E+01 -2.24822541E+00
  9.97945606E+01 -2.23338844E+00
  9.97801574E+01 -2.20717423E+00
  9.97435705E+01 -2.14279015E+00
  9.97105741E+01 -2.08736257E+00
  9.96925804E+01 -2.05816145E+00
  9.96431678E+01 -1.98157966E+00
  9.96415903E+01 -1.97922016E+00
  9.96363467E+01 -1.97141450E+00
  9.95989778E+01 -1.91743096E+00
  9.95906002E+01 -1.90571885E+00
  9.95776353E+01 -1.88787095E+00
  9.95396101E+01 -1.83743993E+00
  9.95137441E+01 -1.80473796E+00
  9.94886200E+01 -1.77419154E+00
  9.94513110E+01 -1.73100174E+00
  9.94376299E+01 -1.71580426E+00
  9.93901893E+01 -1.66571507E+00
  9.93866398E+01 -1.66212839E+00
  9.93671652E+01 -1.64284307E+00
  9.93396969E+01 -1.61676405E+00
  9.93356497E+01 -1.61303168E+00
  9.93302586E+01 -1.60810348E+00
  9.92846596E+01 -1.56839749E+00
  9.92714193E+01 -1.55752441E+00
  9.92336695E+01 -1.52812316E+00
  9.92135875E+01 -1.51343805E+00
  9.91826794E+01 -1.49211877E+00
  9.91566922E+01 -1.47538608E+00
  9.91316893E+01 -1.46030602E+00
  9.91006725E+01 -1.44297577E+00
  9.90806992E+01 -1.43261729E+00
  9.90454756E+01 -1.41586792E+00
  9.90297091E+01 -1.40899494E+00
  9.89910558E+01 -1.39376756E+00
  9.89787190E+01 -1.38939060E+00
  9.89373731E+01 -1.37641665E+00
  9.89277289E+01 -1.37376475E+00
  9.88843922E+01 -1.36358833E+00
  9.88767388E+01 -1.36208622E+00
  9.88320820E+01 -1.35508225E+00
  9.88257487E+01 -1.35433197E+00
  9.87804151E+01 -1.35072085E+00
  9.87747586E+01 -1.35048676E+00
  9.87293669E+01 -1.35034630E+00
  9.87237685E+01 -1.35054309E+00
  9.86789155E+01 -1.35381797E+00
  9.86727785E+01 -1.35450106E+00
  9.86290416E+01 -1.36101030E+00
  9.86217884E+01 -1.36236842E+00
  9.85800000E+01 -1.37356612E+00
  9.85707983E+01 -1.63933811E+00
  9.85702735E+01 -1.63946139E+00
  9.85544312E+01 -1.64284307E+00
  9.85198082E+01 -1.64795597E+00
  9.84699083E+01 -1.64986871E+00
  9.84688181E+01 -1.64983881E+00
  9.84181728E+01 -1.64506504E+00
  9.84055688E+01 -1.64284307E+00
  9.83800000E+01 -1.55802848E+00
  9.83668379E+01 -1.46116676E+00
  9.83410679E+01 -1.47678567E+00
  9.83158478E+01 -1.49309959E+00
  9.82948398E+01 -1.50747153E+00
  9.82648577E+01 -1.52922615E+00
  9.82490927E+01 -1.54125635E+00
  9.82138676E+01 -1.56962509E+00
  9.82038198E+01 -1.57809728E+00
  9.81628775E+01 -1.61438668E+00
  9.81590155E+01 -1.61795742E+00
  9.81328348E+01 -1.64284307E+00
  9.81118874E+01 -1.66361395E+00
  9.80707939E+01 -1.70661554E+00
  9.80608973E+01 -1.71742397E+00
  9.80273694E+01 -1.75536675E+00
  9.80099072E+01 -1.77594947E+00
  9.79843988E+01 -1.80704323E+00
  9.79589171E+01 -1.83934068E+00
  9.79418805E+01 -1.86163393E+00
  9.79079270E+01 -1.90776764E+00
  9.78998135E+01 -1.91913251E+00
  9.78636533E+01 -1.97141450E+00
  9.78569369E+01 -1.98142289E+00
  9.78170329E+01 -2.04285135E+00
  9.78059468E+01 -2.06052484E+00
  9.77763210E+01 -2.10908232E+00
  9.77549567E+01 -2.14532183E+00
  9.77360637E+01 -2.17824266E+00
  9.77039666E+01 -2.23609713E+00
  9.76962637E+01 -2.25034967E+00
  9.76700291E+01 -2.29998593E+00
  9.76529765E+01 -2.33317527E+00
  9.76180501E+01 -2.40349805E+00
  9.76019864E+01 -2.43692984E+00
  9.75796460E+01 -2.48459977E+00
  9.75509963E+01 -2.54779358E+00
  9.75417179E+01 -2.56876939E+00
  9.75158716E+01 -2.62855735E+00
  9.75000062E+01 -2.66627126E+00
  9.74673188E+01 -2.74649726E+00
  9.74490161E+01 -2.79295672E+00
  9.74308647E+01 -2.84016462E+00
  9.73980260E+01 -2.92855543E+00
  9.73949207E+01 -2.93711913E+00
  9.73877160E+01 -2.95712878E+00
  9.73470359E+01 -3.07391523E+00
  9.73246103E+01 -3.14119342E+00
  9.72960458E+01 -3.23006917E+00
  9.72902710E+01 -3.24848846E+00
  9.72787517E+01 -3.28570021E+00

hb:   line clip z  
frame:
  9.5000006E+01 -2.9999866E+00
  1.0000001E+02 -2.9999866E+00
  1.0000001E+02  3.0000134E+00
  9.5000006E+01  3.0000134E+00
clip:
  9.99946524E+01 -2.65348635E+00
  1.00049511E+02 -2.78917622E+00
  1.00049511E+02 -2.62855735E+00
  1.00049511E+02 -2.29998593E+00
  1.00049511E+02 -1.97141450E+00
  1.00049511E+02 -1.64284307E+00
  1.00049511E+02 -1.56850000E+00
  1.00037974E+02 -1.56850000E+00
  9.99985210E+01 -1.56850000E+00
  9.99869839E+01 -1.56850000E+00
  9.99475309E+01 -1.56850000E+00
  9.99359938E+01 -1.56850000E+00
  9.98965408E+01 -1.56850000E+00
  9.98850037E+01 -1.56850000E+00
  9.98455507E+01 -1.56850000E+00
  9.98340136E+01 -1.56850000E+00
  9.97945606E+01 -1.56850000E+00
  9.97830235E+01 -1.56850000E+00
  9.97435705E+01 -1.56850000E+00
  9.97320334E+01 -1.56850000E+00
  9.96925804E+01 -1.56850000E+00
  9.96810433E+01 -1.56850000E+00
  9.96415903E+01 -1.56850000E+00
  9.96300532E+01 -1.56850000E+00
  9.95906002E+01 -1.56850000E+00
  9.95790631E+01 -1.56850000E+00
  9.95396101E+01 -1.56850000E+00
  9.95280730E+01 -1.56850000E+00
  9.94886200E+01 -1.56850000E+00
  9.94770829E+01 -1.56850000E+00
  9.94376299E+01 -1.56850000E+00
  9.94260928E+01 -1.56850000E+00
  9.93866398E+01 -1.56850000E+00
  9.93671652E+01 -1.64284307E+00
  9.93901893E+01 -1.66571507E+00
  9.94376299E+01 -1.71580426E+00
  9.94886200E+01 -1.77419154E+00
  9.95396101E+01 -1.83743993E+00
  9.95906002E+01 -1.90571885E+00
  9.96406069E+01 -1.97775180E+00
  9.96431678E+01 -1.98157966E+00
  9.96925804E+01 -2.05816145E+00
  9.97105741E+01 -2.08736257E+00
  9.97435705E+01 -2.14279015E+00
  9.97801574E+01 -2.20717423E+00
  9.97945606E+01 -2.23338844E+00
  9.98299709E+01 -2.29998593E+00
  9.98419458E+01 -2.32321527E+00
  9.98455507E+01 -2.33027955E+00
  9.98523265E+01 -2.34364775E+00
  9.98965408E+01 -2.43383552E+00
  9.99276552E+01 -2.50048139E+00
  9.99475309E+01 -2.54448721E+00
  9.99841284E+01 -2.62855735E+00

hb:   line clip z  
clip:
  9.84174999E+01 -1.64495688E+00
  9.84181728E+01 -1.64506504E+00
  9.84688181E+01 -1.64983881E+00
  9.84699083E+01 -1.64986871E+00
  9.85198082E+01 -1.64795597E+00
  9.85205890E+01 -1.64787494E+00
  9.85544312E+01 -1.64284307E+00
  9.85707983E+01 -1.63933811E+00
  9.85800000E+01 -1.37356612E+00
  9.85800000E+01 -1.31427164E+00
  9.85800000E+01 -1.25497716E+00
  9.85800000E+01 -9.85700212E-01
  9.85800000E+01 -9.26405730E-01
  9.85800000E+01 -6.57128783E-01
  9.85800000E+01 -5.97834302E-01
  9.85800000E+01 -3.28557354E-01
  9.85800000E+01 -2.69262873E-01
  9.85800000E+01  1.40740734E-05
  9.85800000E+01  5.93085553E-02
  9.85800000E+01  3.28585503E-01
  9.85800000E+01  3.87879984E-01
  9.85800000E+01  6.57156931E-01
  9.85800000E+01  7.16451412E-01
  9.85800000E+01  9.85728360E-01
  9.85800000E+01  1.04502284E+00
  9.85800000E+01  1.31429979E+00
  9.85800000E+01  1.37359427E+00
  9.85707983E+01  1.63933811E+00
  9.85542850E+01  1.64287122E+00
  9.85205847E+01  1.64787539E+00
  9.85198082E+01  1.64795597E+00
  9.85190064E+01  1.64803752E+00
  9.84688181E+01  1.64983881E+00
  9.84677418E+01  1.64980629E+00
  9.84178280E+01  1.64500976E+00
  9.84057150E+01  1.64287122E+00
  9.83800000E+01  1.39911438E+00
  9.83800000E+01  1.31429979E+00
  9.83800000E+01  1.07054295E+00
  9.83800000E+01  9.85728360E-01
  9.83800000E+01  7.41971523E-01
  9.83800000E+01  6.57156931E-01
  9.83800000E+01  4.13400095E-01
  9.83800000E+01  3.28585503E-01
  9.83800000E+01  8.48286663E-02
  9.83800000E+01  1.40740734E-05
  9.83800000E+01 -2.43742762E-01
  9.83800000E+01 -3.28557354E-01
  9.83800000E+01 -5.72314191E-01
  9.83800000E+01 -6.57128783E-01
  9.83800000E+01 -9.00885619E-01
  9.83800000E+01 -9.85700212E-01
  9.83800000E+01 -1.22945705E+00
  9.83800000E+01 -1.31427164E+00
  9.83800000E+01 -1.55802848E+00
  9.84055688E+01 -1.64284307E+00

hb:   line clip z  
clip:
  9.83661817E+01 -1.31850000E+00
  9.83674940E+01 -1.31850000E+00
  9.83750000E+01 -1.31427164E+00
  9.83750000E+01 -1.26167619E+00
  9.83750000E+01 -9.85700212E-01
  9.83750000E+01 -9.33104760E-01
  9.83750000E+01 -6.57128783E-01
  9.83750000E+01 -6.04533331E-01
  9.83750000E+01 -3.28557354E-01
  9.83750000E+01 -2.75961902E-01
  9.83750000E+01  1.40740734E-05
  9.83750000E+01  5.26095262E-02
  9.83750000E+01  3.28585503E-01
  9.83750000E+01  3.81180955E-01
  9.83750000E+01  6.57156931E-01
  9.83750000E+01  7.09752383E-01
  9.83750000E+01  9.85728360E-01
  9.83750000E+01  1.03832381E+00
  9.83750000E+01  1.31429979E+00
  9.83750000E+01  1.36689524E+00
  9.83750000E+01  1.64287122E+00
  9.83750000E+01  1.69546667E+00
  9.83668379E+01  1.88150000E+00
  9.83300000E+01  1.88024803E+00
  9.83300000E+01  1.64287122E+00
  9.83300000E+01  1.40549441E+00
  9.83300000E+01  1.31429979E+00
  9.83300000E+01  1.07692298E+00
  9.83300000E+01  9.85728360E-01
  9.83300000E+01  7.48351551E-01
  9.83300000E+01  6.57156931E-01
  9.83300000E+01  4.19780123E-01
  9.83300000E+01  3.28585503E-01
  9.83300000E+01  9.12086940E-02
  9.83300000E+01  1.40740734E-05
  9.83300000E+01 -2.37362735E-01
  9.83300000E+01 -3.28557354E-01
  9.83300000E+01 -5.65934163E-01
  9.83300000E+01 -6.57128783E-01
  9.83300000E+01 -8.94505592E-01
  9.83300000E+01 -9.85700212E-01
  9.83300000E+01 -1.22307702E+00
  9.83300000E+01 -1.31427164E+00

hb:   line clip z  
clip:
  9.86211322E+01 -1.31850000E+00
  9.89793752E+01 -1.31850000E+00
  9.90100000E+01 -1.31427164E+00
  9.90100000E+01 -1.11270254E+00
  9.90100000E+01 -9.85700212E-01
  9.90100000E+01 -7.84131112E-01
  9.90100000E+01 -6.57128783E-01
  9.90100000E+01 -4.55559683E-01
  9.90100000E+01 -3.28557354E-01
  9.90100000E+01 -1.26988255E-01
  9.90100000E+01  1.40740734E-05
  9.90100000E+01  2.01583174E-01
  9.90100000E+01  3.28585503E-01
  9.90100000E+01  5.30154602E-01
  9.90100000E+01  6.57156931E-01
  9.90100000E+01  8.58726031E-01
  9.90100000E+01  9.85728360E-01
  9.90100000E+01  1.18729746E+00
  9.90100000E+01  1.31429979E+00
  9.90100000E+01  1.51586889E+00
  9.90100000E+01  1.64287122E+00
  9.90100000E+01  1.84444032E+00
  9.89787190E+01  1.88150000E+00
  9.89416869E+01  1.88150000E+00
  9.89277289E+01  1.88150000E+00
  9.88906968E+01  1.88150000E+00
  9.88767388E+01  1.88150000E+00
  9.88397067E+01  1.88150000E+00
  9.88257487E+01  1.88150000E+00
  9.87887166E+01  1.88150000E+00
  9.87747586E+01  1.88150000E+00
  9.87377265E+01  1.88150000E+00
  9.87237685E+01  1.88150000E+00
  9.86867364E+01  1.88150000E+00
  9.86727785E+01  1.88150000E+00
  9.86357463E+01  1.88150000E+00
  9.86217884E+01  1.88150000E+00
  9.85847562E+01  1.88150000E+00
  9.85800000E+01  1.64287122E+00
  9.85800000E+01  1.37359427E+00
  9.85800000E+01  1.31429979E+00
  9.85800000E+01  1.04502284E+00
  9.85800000E+01  9.85728360E-01
  9.85800000E+01  7.16451412E-01
  9.85800000E+01  6.57156931E-01
  9.85800000E+01  3.87879984E-01
  9.85800000E+01  3.28585503E-01
  9.85800000E+01  5.93085553E-02
  9.85800000E+01  1.40740734E-05
  9.85800000E+01 -2.69262873E-01
  9.85800000E+01 -3.28557354E-01
  9.85800000E+01 -5.97834302E-01
  9.85800000E+01 -6.57128783E-01
  9.85800000E+01 -9.26405730E-01
  9.85800000E+01 -9.85700212E-01
  9.85800000E+01 -1.25497716E+00
  9.85800000E+01 -1.31427164E+00

hb:   line clip z  
clip:
  9.90290530E+01 -1.31850000E+00
  9.91833356E+01 -1.31850000E+00
  9.92100000E+01 -1.31427164E+00
  9.92100000E+01 -1.13822265E+00
  9.92100000E+01 -9.85700212E-01
  9.92100000E+01 -8.09651223E-01
  9.92100000E+01 -6.57128783E-01
  9.92100000E+01 -4.81079794E-01
  9.92100000E+01 -3.28557354E-01
  9.92100000E+01 -1.52508366E-01
  9.92100000E+01  1.40740734E-05
  9.92100000E+01  1.76063063E-01
  9.92100000E+01  3.28585503E-01
  9.92100000E+01  5.04634492E-01
  9.92100000E+01  6.57156931E-01
  9.92100000E+01  8.33205920E-01
  9.92100000E+01  9.85728360E-01
  9.92100000E+01  1.16177735E+00
  9.92100000E+01  1.31429979E+00
  9.92100000E+01  1.49034878E+00
  9.92100000E+01  1.64287122E+00
  9.92100000E+01  1.81892021E+00
  9.92100000E+01  1.97144265E+00
  9.92100000E+01  2.14749163E+00
  9.91826794E+01  2.20000000E+00
  9.91472103E+01  2.20000000E+00
  9.91316893E+01  2.20000000E+00
  9.90962202E+01  2.20000000E+00
  9.90806992E+01  2.20000000E+00
  9.90452301E+01  2.20000000E+00
  9.90297091E+01  2.20000000E+00
  9.90100000E+01  2.09844497E+00
  9.90100000E+01  1.97144265E+00
  9.90100000E+01  1.84444032E+00
  9.90100000E+01  1.64287122E+00
  9.90100000E+01  1.51586889E+00
  9.90100000E+01  1.31429979E+00
  9.90100000E+01  1.18729746E+00
  9.90100000E+01  9.85728360E-01
  9.90100000E+01  8.58726031E-01
  9.90100000E+01  6.57156931E-01
  9.90100000E+01  5.30154602E-01
  9.90100000E+01  3.28585503E-01
  9.90100000E+01  2.01583174E-01
  9.90100000E+01  1.40740734E-05
  9.90100000E+01 -1.26988255E-01
  9.90100000E+01 -3.28557354E-01
  9.90100000E+01 -4.55559683E-01
  9.90100000E+01 -6.57128783E-01
  9.90100000E+01 -7.84131112E-01
  9.90100000E+01 -9.85700212E-01
  9.90100000E+01 -1.11270254E+00
  9.90100000E+01 -1.31427164E+00

hb:   line clip z  
clip:
  9.81551159E+01 -5.00000000E-02
  9.83236093E+01 -5.00000000E-02
  9.83300000E+01  1.40740734E-05
  9.83236049E+01  5.00000000E-02
  9.83158478E+01  5.00000000E-02
  9.83080906E+01  5.00000000E-02
  9.82648577E+01  5.00000000E-02
  9.82571005E+01  5.00000000E-02
  9.82138676E+01  5.00000000E-02
  9.82061104E+01  5.00000000E-02
  9.81628775E+01  5.00000000E-02
  9.81551203E+01  5.00000000E-02
  9.81300000E+01  1.40740734E-05

hb:   line clip z  
clip:
  9.85702692E+01  1.63946238E+00
  9.85713674E+01  1.63920358E+00
  9.85800000E+01  1.64287122E+00
  9.85800000E+01  1.70216570E+00
  9.85707983E+01  1.88150000E+00
  9.85337661E+01  1.88150000E+00
  9.85542850E+01  1.64287122E+00

hb:   line clip z  
clip:
  9.83528799E+01  1.88150000E+00
  9.89926770E+01  1.88150000E+00
  9.90100000E+01  1.97144265E+00
  9.90100000E+01  2.17301175E+00
  9.89787190E+01  2.18150000E+00
  9.89461208E+01  2.18150000E+00
  9.89277289E+01  2.18150000E+00
  9.88951307E+01  2.18150000E+00
  9.88767388E+01  2.18150000E+00
  9.88441406E+01  2.18150000E+00
  9.88257487E+01  2.18150000E+00
  9.87931505E+01  2.18150000E+00
  9.87747586E+01  2.18150000E+00
  9.87421604E+01  2.18150000E+00
  9.87237685E+01  2.18150000E+00
  9.86911703E+01  2.18150000E+00
  9.86727785E+01  2.18150000E+00
  9.86401802E+01  2.18150000E+00
  9.86217884E+01  2.18150000E+00
  9.85891901E+01  2.18150000E+00
  9.85707983E+01  2.18150000E+00
  9.85382000E+01  2.18150000E+00
  9.85198082E+01  2.18150000E+00
  9.84872099E+01  2.18150000E+00
  9.84688181E+01  2.18150000E+00
  9.84362198E+01  2.18150000E+00
  9.84178280E+01  2.18150000E+00
  9.83852297E+01  2.18150000E+00
  9.83668379E+01  2.18150000E+00
  9.83342396E+01  2.18150000E+00
  9.83300000E+01  1.97144265E+00

#------------------------------------------------------------------------------
z: xorg(1.03)
p: xfac[c2*0.05] form[c1/0.05] notc noxt noyt dmin(1)
p: ymin(0) ymax(1) xmin(0) xmax(1) cmin(1) cmax(100) nosp
hc: y= 0.005 to 0.995 by 0.01 ; x= 0.5 to 0.5 by 1 ;
 1  2  3  4  5  6  7  8  9 10 11 12 13 14 15 16 17 18 19 20
21 22 23 24 25 26 27 28 29 30 31 32 33 34 35 36 37 38 39 40
41 42 43 44 45 46 47 48 49 50 51 52 53 54 55 56 57 58 59 60
61 62 63 64 65 66 67 68 69 70 71 72 73 74 75 76 77 78 79 80
81 82 83 84 85 86 87 88 89 90 91 92 93 94 95 96 97 98 99 100
z: xorg(0.0)
p: xfac[c2*0.05] form[c1/0.05] nosp afac[c5*0.625] ymin[c3] ymax[c4]
p: noxt noxn ytxt(-1) ynum(-1) xltd(-1) xstd(-1) itic(1) ylog
y: Flux [1/cm^2/source]              
#------------------------------------------------------------------------------

wt: s[c5]
\vspace{-3}
  emin  &=&   0.0000E+00 [MeV/n]
  emax  &=&   1.0000E+03 [MeV/n]
  xmin  &=&  -1.0000E-02 [cm]
  xmax  &=&   1.0000E-02 [cm]
  part. &=& proton  
e:

#------------------------------------------------------------------------------
z: xorg[-1.03/0.05]
p: form[c1] xfac[c2] afac[c5] nosp notf
p: xmin(  95.00000    ) xmax(  100.0000    )
p: ymin( -3.000000    ) ymax(  3.000000    )

#------------------------------------------------------------------------------
 newpage:
#   no. =  2   ie  =  1   ix  =  1   part. = photon  
#   e = (   0.0000E+00  -   1.0000E+03  )
#   x = (  -1.0000E-02  -   1.0000E-02  )

'no. =  2,  ie =  1,  ix =  1'
msuc: {\huge [t-track] in xyz mesh}
msdr: {\it plotted by \ANGEL \version}
msdl: {\it calculated by \PHITS  3.36}

x: z [cm]
y: y [cm]
set: c1[ 1.200] c2[ 0.822] c5[ 0.800] c6[ 0.928] c7[ 0.133] c8[ 0.000]
p: h2fs form[c1] xfac[c2] afac[c5] scal[c6] xorg[c7] yorg[c8] nosp
set: c3[   1.847151E+02] c4[   4.886973E+07]
p: cmin[c3] cmax[c4]
p: dmin(1e-31)
p: zlog
p: xmin(  95.00000    ) xmax(  100.0000    )
p: ymin( -3.000000    ) ymax(  3.000000    )

#   no. =  2   ie  =  1   ix  =  1
#   e = (   0.0000E+00  -   1.0000E+03  )
#   x = (  -1.0000E-02  -   1.0000E-02  )

hc:  y =   2.850000     to  -2.850000     by  0.3000000     ; x =   95.02500     to   99.97500     by  5.0000000E-02 ;
  4.793E+04  3.054E+04  7.996E+03  2.226E+04  1.029E+03  2.242E+04  9.052E+03  4.248E+04  3.904E+04  2.141E+03
  2.556E+04  6.541E+04  3.219E+04  4.629E+04  5.060E+04  3.753E+04  2.282E+04  5.877E+04  1.715E+05  8.824E+03
  1.595E+04  1.958E+04  4.268E+04  3.124E+04  1.408E+04  0.000E+00  5.517E+04  3.221E+04  9.002E+03  7.273E+03
  2.961E+04  3.220E+04  9.657E+03  3.810E+04  3.801E+04  1.856E+04  3.247E+04  2.854E+04  8.760E+04  1.079E+04
  2.142E+04  1.354E+04  3.136E+04  1.895E+04  3.486E+04  8.555E+04  0.000E+00  1.421E+04  7.648E+04  1.417E+04
  2.635E+04  1.314E+04  1.157E+04  1.496E+04  5.666E+04  4.360E+04  8.418E+03  3.514E+03  8.704E+03  5.113E+04
  6.768E+04  4.281E+04  6.902E+04  2.715E+04  7.094E+04  1.221E+04  3.879E+04  2.868E+04  7.639E+04  3.266E+04
  5.057E+04  2.221E+04  1.834E+04  1.726E+04  4.129E+04  1.182E+04  3.497E+03  2.665E+04  1.290E+04  4.719E+04
  7.954E+04  6.696E+04  1.617E+04  2.225E+04  1.595E+04  5.738E+04  4.279E+04  1.405E+05  6.549E+04  7.233E+04
  2.657E+04  2.537E+04  6.154E+04  4.708E+04  7.362E+04  5.742E+04  8.590E+03  4.835E+04  3.047E+04  2.052E+04
  1.853E+04  3.993E+04  2.001E+04  3.355E+04  6.612E+04  1.524E+04  2.270E+04  9.997E+03  2.777E+04  5.470E+04
  3.398E+04  8.428E+04  0.000E+00  2.737E+04  1.744E+04  2.943E+04  2.695E+04  5.021E+04  1.168E+05  4.778E+04
  8.728E+04  1.906E+04  4.301E+04  3.405E+04  1.090E+04  9.678E+03  9.590E+03  3.874E+03  3.531E+04  1.322E+04
  4.289E+03  3.266E+04  7.376E+04  7.428E+04  4.726E+04  4.024E+04  1.011E+05  5.304E+04  6.702E+04  3.526E+04
  2.717E+04  2.847E+04  1.960E+04  2.624E+04  3.314E+04  2.582E+04  7.213E+04  1.653E+05  7.974E+04  7.623E+04
  4.346E+04  6.800E+02  2.738E+04  2.022E+04  1.814E+04  1.452E+04  4.382E+04  5.639E+04  3.531E+04  2.090E+04
  1.559E+05  4.447E+04  1.140E+04  2.922E+04  4.567E+04  2.967E+04  7.112E+04  7.287E+04  3.404E+04  2.684E+04
  6.057E+04  1.268E+04  5.952E+04  5.240E+04  5.104E+04  6.433E+04  5.672E+04  4.134E+04  3.097E+04  5.455E+04
  9.782E+04  3.970E+04  6.956E+04  5.025E+04  2.293E+04  7.081E+04  7.984E+04  2.445E+04  4.501E+04  2.277E+04
  3.268E+04  4.064E+04  1.413E+04  8.868E+04  1.137E+05  3.598E+04  6.572E+04  6.310E+04  6.553E+04  1.897E+04
  5.712E+03  5.534E+04  1.256E+04  1.429E+04  1.936E+04  2.561E+04  1.259E+04  1.317E+04  4.708E+04  2.045E+04
  1.229E+05  5.487E+04  3.253E+04  1.290E+04  0.000E+00  2.947E+04  6.407E+04  4.581E+04  0.000E+00  5.177E+04
  2.146E+04  1.634E+04  3.495E+04  8.299E+04  2.574E+04  2.239E+04  2.308E+04  1.956E+04  6.979E+04  4.278E+04
  3.046E+04  1.168E+05  2.396E+04  4.196E+03  4.772E+04  2.666E+04  2.458E+04  7.008E+04  4.401E+04  4.553E+04
  1.442E+04  2.891E+04  4.292E+04  4.087E+04  3.439E+04  2.229E+04  2.118E+04  2.204E+04  5.468E+04  5.399E+04
  3.437E+04  2.906E+04  8.372E+04  4.261E+04  5.952E+04  4.813E+04  5.190E+04  5.565E+04  1.134E+05  1.965E+04
  3.067E+04  9.977E+04  6.445E+04  3.315E+04  1.609E+05  1.034E+05  5.004E+04  8.079E+04  1.204E+05  1.157E+05
  5.155E+04  4.840E+04  9.814E+04  1.074E+05  8.252E+04  5.226E+04  2.325E+04  4.150E+04  7.418E+04  2.688E+04
  5.021E+04  3.725E+04  7.143E+04  8.759E+04  8.735E+04  6.014E+04  1.217E+05  1.088E+05  5.147E+04  2.980E+04
  4.301E+04  2.077E+04  5.665E+04  5.689E+04  8.420E+04  8.292E+04  6.972E+04  8.607E+04  5.383E+04  3.745E+04
  0.000E+00  0.000E+00  3.498E+04  0.000E+00  3.808E+04  2.378E+04  0.000E+00  1.068E+04  9.187E+03  0.000E+00
  8.491E+04  5.194E+04  1.103E+04  2.300E+04  3.496E+04  2.186E+04  4.713E+04  5.311E+04  1.158E+04  9.026E+03
  8.730E+03  1.209E+04  2.771E+04  1.513E+03  1.368E+04  6.306E+04  5.292E+04  1.745E+04  2.061E+04  4.761E+04
  2.031E+04  5.839E+04  6.886E+04  3.130E+04  9.493E+04  6.128E+04  6.218E+04  8.451E+04  4.162E+04  1.802E+04
  4.092E+04  1.925E+04  4.799E+03  6.752E+04  8.304E+04  3.949E+04  7.455E+04  6.993E+04  2.126E+04  4.255E+04
  2.976E+04  7.801E+04  8.493E+04  6.925E+04  1.645E+04  6.890E+04  5.439E+04  1.556E+04  2.898E+04  5.636E+04
  5.880E+04  1.489E+05  9.021E+04  9.715E+04  1.465E+05  1.209E+05  2.333E+05  1.651E+05  2.299E+05  1.328E+05
  1.432E+05  1.511E+05  7.365E+04  7.278E+04  7.036E+03  6.005E+04  7.552E+04  1.192E+05  8.339E+04  1.049E+05
  5.058E+04  5.002E+04  1.238E+05  7.895E+04  6.800E+04  1.158E+05  9.629E+04  6.489E+04  2.379E+04  7.039E+04
  1.670E+05  9.896E+04  6.598E+04  2.986E+04  9.042E+04  7.504E+04  8.586E+03  3.699E+04  2.455E+04  2.682E+04
  3.188E+04  1.240E+05  9.835E+04  1.220E+05  3.200E+04  3.721E+04  5.061E+04  3.658E+04  5.018E+04  3.029E+04
  2.340E+04  1.441E+04  2.945E+04  7.339E+03  7.103E+03  2.273E+03  7.977E+04  9.472E+04  2.396E+04  6.617E+03
  2.304E+03  4.697E+04  9.389E+04  7.896E+04  9.793E+04  4.736E+04  1.763E+04  4.464E+04  5.001E+04  2.672E+04
  1.642E+04  3.429E+04  7.983E+04  3.104E+04  1.343E+03  6.420E+04  1.805E+04  5.198E+04  2.644E+04  3.354E+04
  4.640E+04  2.453E+04  1.202E+05  4.302E+04  3.826E+04  2.921E+04  6.367E+04  1.591E+05  6.584E+04  1.581E+04
  8.127E+04  4.774E+04  1.351E+05  6.146E+04  4.915E+04  5.761E+04  4.201E+04  6.931E+04  1.156E+05  1.304E+05
  1.683E+05  1.057E+05  9.768E+04  8.817E+04  1.289E+05  1.366E+05  2.326E+05  2.167E+05  1.273E+05  1.261E+05
  1.423E+05  1.643E+05  1.218E+05  1.537E+05  1.342E+05  1.716E+05  6.062E+04  5.299E+04  1.682E+05  1.440E+05
  7.110E+04  6.933E+04  5.491E+04  6.916E+04  4.487E+04  2.251E+04  2.970E+04  3.469E+04  7.359E+04  6.451E+04
  5.640E+04  1.026E+05  8.529E+04  5.290E+04  2.568E+04  6.012E+04  9.208E+03  1.432E+04  6.734E+04  2.731E+04
  2.461E+04  5.474E+04  3.111E+04  4.363E+04  1.318E+05  4.020E+04  2.779E+04  9.302E+03  3.188E+04  2.511E+04
  5.479E+04  3.264E+04  9.115E+03  3.521E+04  3.805E+04  2.170E+04  2.528E+04  1.904E+04  6.705E+04  4.928E+03
  0.000E+00  1.568E+04  4.115E+04  5.772E+04  1.260E+04  0.000E+00  7.131E+03  4.517E+04  4.389E+04  3.496E+04
  8.156E+03  8.621E+04  6.730E+04  4.724E+04  2.141E+04  6.460E+04  1.530E+04  1.145E+04  2.340E+03  3.257E+04
  2.910E+04  8.688E+03  2.177E+03  6.910E+04  2.522E+04  4.082E+04  3.547E+04  2.210E+04  8.503E+04  6.683E+04
  5.258E+04  5.366E+04  7.752E+04  1.051E+05  1.004E+05  9.271E+04  1.067E+05  1.292E+05  1.360E+05  1.042E+05
  5.598E+04  5.898E+04  1.155E+05  1.861E+05  1.998E+05  1.295E+05  1.632E+05  3.103E+05  1.855E+05  1.974E+05
  2.953E+05  2.882E+05  1.634E+05  1.620E+05  5.838E+04  1.005E+05  7.740E+04  8.294E+04  8.995E+04  9.603E+04
  3.707E+04  8.452E+04  1.181E+05  8.130E+04  5.814E+04  3.960E+04  1.517E+04  4.909E+04  2.386E+04  5.118E+04
  1.597E+04  2.437E+04  5.455E+04  5.964E+04  4.729E+04  4.795E+04  5.143E+04  1.224E+04  3.961E+04  5.676E+04
  2.476E+04  5.545E+03  2.020E+04  5.801E+04  2.281E+04  2.057E+04  4.340E+04  8.945E+04  5.959E+04  3.023E+04
  8.248E+04  3.713E+04  6.902E+04  4.235E+04  5.705E+04  8.350E+04  2.203E+04  6.116E+04  6.020E+04  2.534E+04
  2.500E+04  3.292E+04  7.469E+03  4.878E+04  4.586E+04  2.929E+04  7.215E+04  2.642E+04  6.763E+03  2.050E+04
  5.044E+04  3.387E+04  4.914E+04  4.344E+04  1.143E+04  3.043E+04  6.552E+04  5.097E+04  4.533E+04  6.415E+04
  7.301E+04  1.506E+04  4.639E+04  9.179E+04  9.617E+04  3.945E+04  4.956E+04  5.912E+04  5.187E+04  9.712E+04
  6.271E+04  4.805E+04  5.923E+04  8.348E+04  4.456E+04  8.590E+04  1.679E+04  3.811E+04  1.475E+04  9.138E+04
  1.385E+05  1.169E+05  1.343E+05  7.447E+04  1.447E+05  7.917E+04  1.578E+05  9.530E+04  7.491E+04  1.516E+05
  1.370E+05  1.769E+05  1.319E+05  2.296E+05  1.079E+05  1.226E+05  1.883E+05  1.046E+05  1.074E+05  1.132E+05
  6.520E+04  6.694E+04  4.439E+04  2.663E+04  3.611E+04  9.689E+04  3.161E+04  4.426E+04  6.431E+04  2.589E+04
  5.392E+04  2.146E+04  8.844E+03  1.744E+04  1.325E+04  8.394E+03  1.042E+04  2.191E+04  1.454E+04  2.164E+04
  2.475E+04  4.645E+02  2.427E+04  1.964E+04  3.174E+04  5.487E+04  1.951E+04  2.193E+04  3.167E+04  2.135E+04
  8.463E+03  1.048E+05  1.807E+04  3.567E+04  3.990E+03  3.304E+04  0.000E+00  4.515E+04  3.467E+04  5.414E+04
  1.020E+04  3.563E+04  6.494E+04  8.351E+04  5.097E+04  4.458E+04  3.740E+04  1.780E+04  8.133E+04  8.699E+04
  5.558E+04  5.044E+04  8.202E+04  5.149E+04  3.557E+04  1.564E+04  3.768E+04  2.080E+04  7.510E+04  5.003E+04
  7.799E+04  4.139E+04  4.741E+04  6.062E+04  5.421E+04  5.659E+04  4.533E+04  6.861E+04  8.045E+04  4.648E+04
  9.222E+04  5.348E+04  7.331E+04  1.139E+04  3.991E+04  1.202E+05  1.499E+05  1.356E+05  7.592E+04  8.708E+04
  5.387E+04  1.442E+05  8.769E+04  1.191E+05  1.671E+05  1.913E+05  2.237E+05  1.987E+05  1.049E+05  1.420E+05
  2.296E+05  1.348E+05  9.976E+04  1.012E+05  9.044E+04  1.307E+05  1.683E+05  1.565E+05  1.533E+05  1.071E+05
  1.207E+05  9.899E+04  6.515E+04  6.644E+04  9.119E+04  7.791E+04  4.024E+04  8.451E+04  1.892E+04  3.489E+04
  6.509E+04  1.452E+05  7.779E+04  2.836E+04  2.571E+04  1.323E+05  6.431E+04  8.689E+04  3.964E+04  3.434E+04
  9.742E+04  7.248E+04  4.395E+04  1.935E+04  2.025E+04  3.285E+04  2.397E+04  3.688E+04  1.687E+04  3.214E+04
  5.023E+04  1.266E+05  2.367E+04  3.326E+04  1.309E+03  1.430E+04  2.532E+04  0.000E+00  1.389E+04  0.000E+00
  1.470E+04  9.556E+03  5.950E+04  5.112E+04  4.620E+04  4.894E+04  7.187E+04  6.126E+04  1.326E+04  0.000E+00
  3.339E+04  3.494E+04  0.000E+00  7.687E+03  6.109E+03  6.199E+04  2.975E+04  6.371E+03  3.277E+04  6.479E+04
  4.867E+04  5.646E+04  1.021E+05  8.978E+04  3.801E+04  4.611E+04  2.359E+04  3.870E+04  7.374E+04  5.300E+04
  5.107E+04  8.888E+04  5.323E+04  8.654E+04  1.326E+05  1.930E+05  9.632E+04  9.896E+04  7.302E+04  3.775E+04
  1.123E+05  1.091E+05  9.782E+04  1.134E+05  1.435E+05  1.666E+05  1.741E+05  1.916E+05  2.042E+05  1.433E+05
  7.823E+04  9.450E+04  2.022E+05  6.885E+04  1.003E+05  6.767E+04  1.256E+05  1.400E+05  3.534E+04  7.627E+04
  1.866E+05  7.319E+04  3.929E+04  2.371E+04  5.406E+04  5.807E+04  8.210E+04  7.404E+04  8.527E+04  8.698E+04
  3.215E+04  5.437E+04  7.733E+04  8.376E+04  7.714E+04  3.013E+04  3.703E+04  5.232E+04  3.615E+04  2.738E+04
  4.933E+04  4.091E+04  1.147E+04  3.454E+04  5.428E+04  2.004E+04  3.120E+04  3.390E+04  2.534E+04  3.253E+04
  5.470E+04  4.439E+04  3.682E+04  1.879E+04  1.238E+04  3.205E+04  7.141E+04  4.664E+04  7.529E+04  5.295E+04
  1.853E+04  2.617E+04  4.767E+04  2.336E+04  1.001E+05  6.849E+04  5.992E+04  7.553E+04  5.048E+04  7.052E+04
  4.136E+04  2.475E+04  6.199E+04  6.359E+04  4.916E+04  5.202E+04  7.574E+04  6.106E+04  8.507E+03  4.115E+04
  3.987E+04  5.949E+04  9.905E+04  6.023E+04  6.702E+04  1.247E+04  3.284E+03  6.934E+04  4.829E+04  6.172E+04
  3.409E+04  7.173E+04  1.364E+05  5.292E+04  1.070E+05  6.427E+04  4.896E+04  1.190E+05  1.251E+05  1.177E+05
  1.001E+05  3.210E+04  1.807E+05  1.853E+05  1.060E+05  1.642E+05  1.542E+05  1.216E+05  2.642E+05  1.321E+05
  1.319E+05  1.734E+05  1.846E+05  1.093E+05  1.074E+05  1.066E+05  7.333E+04  7.461E+04  4.558E+04  1.131E+05
  5.480E+04  3.712E+04  3.801E+04  3.746E+04  1.598E+04  6.732E+04  6.454E+04  7.586E+04  5.933E+04  3.108E+04
  5.497E+04  1.856E+04  2.932E+04  1.102E+04  7.070E+04  4.424E+04  6.783E+04  1.512E+04  2.373E+04  2.985E+04
  7.128E+04  4.355E+04  1.191E+05  2.120E+04  2.826E+02  5.230E+04  6.757E+03  2.990E+04  5.680E+04  5.495E+04
  8.782E+04  3.208E+04  2.678E+04  5.049E+04  4.311E+04  4.489E+04  4.228E+04  1.867E+04  5.081E+04  5.489E+04
  3.697E+04  5.640E+04  3.599E+04  1.736E+04  5.774E+04  7.418E+04  3.905E+04  2.985E+04  4.202E+04  5.478E+04
  5.009E+04  6.895E+04  6.942E+04  3.696E+04  1.652E+04  4.514E+04  3.323E+04  7.310E+04  5.538E+04  8.750E+04
  3.535E+04  5.599E+04  5.276E+04  1.073E+05  1.242E+05  9.057E+04  1.199E+05  1.433E+05  8.939E+04  7.164E+04
  8.091E+04  8.754E+04  1.530E+05  7.640E+04  3.962E+04  1.021E+05  8.219E+04  7.293E+04  5.996E+04  1.006E+05
  8.026E+04  4.950E+04  1.161E+05  1.582E+05  1.762E+05  2.607E+05  2.239E+05  2.280E+05  3.094E+05  2.663E+05
  1.578E+05  1.315E+05  1.430E+05  1.246E+05  1.343E+05  1.057E+05  1.619E+05  1.302E+05  9.396E+04  5.392E+04
  1.185E+05  9.262E+04  7.143E+04  1.232E+05  1.224E+05  9.395E+04  8.118E+04  1.625E+05  6.826E+04  5.703E+04
  1.002E+05  4.412E+04  6.261E+04  5.032E+04  6.059E+04  9.198E+04  6.170E+04  1.228E+05  1.095E+05  9.533E+04
  7.593E+04  1.889E+04  1.178E+05  9.114E+03  2.132E+04  9.060E+03  1.080E+05  1.018E+05  3.450E+04  6.998E+03
  2.922E+04  5.694E+04  2.554E+04  1.729E+04  9.204E+04  3.285E+04  8.080E+04  8.604E+04  2.935E+04  3.726E+04
  5.535E+04  9.300E+03  2.334E+04  3.292E+04  6.571E+03  2.448E+04  3.254E+04  2.384E+04  2.020E+04  4.067E+04
  1.401E+05  6.430E+04  5.733E+04  2.938E+03  1.180E+04  3.991E+04  2.728E+04  1.263E+04  8.321E+04  4.339E+04
  8.360E+03  6.014E+04  8.464E+04  6.841E+04  5.019E+04  3.375E+04  2.415E+04  3.691E+04  8.994E+04  1.874E+05
  1.951E+05  1.355E+05  8.725E+04  1.310E+05  8.057E+04  3.028E+04  4.301E+04  6.367E+04  6.844E+04  3.122E+04
  1.275E+05  9.454E+04  6.934E+04  1.046E+05  1.607E+05  3.474E+05  2.218E+05  2.223E+05  1.589E+05  1.241E+05
  1.698E+05  1.414E+05  1.779E+05  1.822E+05  2.413E+05  1.366E+05  9.994E+04  7.399E+04  6.025E+04  7.699E+04
  9.273E+04  2.363E+04  5.778E+04  9.587E+04  9.533E+04  5.672E+04  6.615E+04  4.467E+04  5.612E+04  4.117E+04
  2.755E+04  9.415E+03  5.461E+04  1.148E+04  2.280E+04  3.923E+04  2.904E+04  4.069E+03  5.885E+04  3.806E+04
  2.124E+03  3.204E+04  4.291E+04  4.584E+04  3.288E+04  5.058E+04  3.449E+04  4.090E+04  4.968E+04  7.128E+04
  1.163E+04  1.918E+04  6.170E+04  2.459E+04  1.377E+04  5.224E+04  3.751E+04  3.763E+04  6.364E+04  6.721E+04
  7.766E+04  2.229E+04  3.279E+04  5.821E+04  0.000E+00  4.774E+04  3.074E+04  5.298E+04  6.629E+04  4.061E+04
  3.343E+04  2.730E+04  6.074E+04  2.738E+04  2.464E+04  3.503E+04  4.315E+04  3.357E+04  3.484E+04  1.382E+04
  1.007E+04  2.006E+04  4.059E+04  5.920E+04  9.771E+04  4.660E+04  4.702E+04  4.728E+04  3.824E+04  6.001E+04
  4.228E+04  8.973E+04  7.624E+04  1.021E+05  2.798E+04  2.764E+04  6.845E+04  1.018E+05  6.637E+04  3.344E+04
  1.038E+05  1.158E+05  1.336E+05  1.273E+05  1.294E+05  8.942E+04  2.175E+05  1.107E+05  1.862E+05  1.842E+05
  1.601E+05  1.189E+05  1.736E+05  1.126E+05  1.057E+05  9.337E+04  1.166E+05  5.048E+04  6.367E+04  1.706E+04
  3.911E+04  6.613E+04  3.098E+04  7.183E+03  5.972E+04  3.321E+04  1.780E+04  1.085E+05  1.093E+05  4.915E+04
  8.371E+04  4.628E+03  1.461E+04  1.033E+04  1.002E+04  2.404E+04  0.000E+00  9.694E+03  2.123E+04  8.527E+03
  4.165E+04  5.099E+04  6.558E+04  7.957E+04  9.944E+04  6.668E+04  7.268E+04  4.133E+04  2.580E+04  5.099E+04
  4.106E+04  9.711E+04  5.261E+04  5.051E+04  9.753E+04  5.477E+04  5.467E+04  7.832E+04  4.056E+04  4.132E+04
  8.151E+04  1.694E+05  7.674E+04  4.160E+04  4.001E+04  3.614E+04  3.786E+04  8.090E+04  3.345E+04  6.391E+04
  3.646E+04  6.103E+04  1.042E+05  1.085E+05  3.830E+04  3.862E+04  5.438E+04  4.703E+04  3.863E+04  3.700E+04
  4.635E+04  3.818E+04  5.859E+04  3.927E+04  4.751E+04  7.053E+04  3.172E+04  4.682E+04  8.311E+04  8.064E+04
  7.739E+04  4.130E+04  5.897E+04  3.791E+04  1.405E+05  7.814E+04  6.156E+04  1.296E+05  4.622E+04  4.297E+04
  2.589E+04  5.051E+04  1.493E+05  1.019E+05  1.148E+05  1.097E+05  2.107E+05  2.124E+05  2.006E+05  8.611E+04
  1.339E+05  1.516E+05  9.059E+04  7.999E+04  9.337E+04  6.394E+04  7.735E+04  5.084E+04  6.925E+04  1.091E+05
  1.352E+05  6.820E+04  5.179E+04  6.940E+04  4.225E+04  5.778E+04  3.320E+04  3.901E+04  1.293E+05  2.770E+04
  4.135E+04  1.846E+04  3.520E+04  5.900E+04  4.501E+04  4.461E+04  6.782E+04  5.696E+04  5.940E+04  2.464E+04
  8.453E+04  4.975E+04  4.762E+04  7.710E+04  8.447E+04  8.247E+04  6.588E+04  6.923E+04  8.889E+04  7.880E+04
  1.224E+05  1.606E+05  8.060E+04  9.987E+04  1.273E+05  1.028E+05  9.616E+04  1.061E+05  5.821E+04  4.738E+04
  7.232E+04  8.755E+04  4.868E+04  2.989E+04  2.532E+04  3.120E+04  3.015E+04  7.303E+04  6.650E+04  4.561E+04
  6.637E+04  1.055E+05  1.252E+05  6.036E+04  1.085E+05  8.019E+04  3.751E+04  8.927E+04  7.311E+04  1.165E+05
  7.001E+04  8.923E+04  1.352E+05  1.134E+05  8.309E+04  4.475E+04  6.858E+04  8.784E+04  9.187E+04  4.215E+04
  6.458E+04  4.194E+04  4.771E+04  1.045E+05  9.685E+04  6.225E+04  8.084E+04  7.360E+04  5.573E+04  9.820E+04
  1.050E+05  6.466E+04  5.925E+04  6.768E+04  1.416E+05  3.251E+04  7.834E+04  1.445E+05  1.617E+05  1.046E+05
  9.644E+04  9.709E+04  7.434E+04  8.516E+04  7.458E+04  5.787E+04  3.936E+04  8.417E+04  5.560E+04  2.185E+04
  3.253E+04  9.656E+04  7.531E+04  9.177E+04  8.278E+04  1.176E+05  6.268E+04  9.384E+04  7.778E+04  3.891E+04
  2.783E+04  1.119E+05  6.831E+04  2.108E+04  4.146E+04  2.076E+04  2.510E+04  1.552E+04  0.000E+00  4.060E+04
  1.519E+05  1.155E+05  1.212E+05  7.429E+04  1.006E+05  8.779E+04  7.360E+04  1.018E+05  6.427E+04  6.325E+04
  1.012E+05  7.525E+04  1.824E+05  7.120E+04  1.933E+05  6.608E+04  1.007E+05  1.151E+05  1.716E+05  1.643E+05
  1.631E+05  7.187E+04  5.618E+04  3.391E+04  1.187E+05  1.023E+05  9.500E+04  5.737E+04  8.010E+04  5.102E+04
  6.346E+04  8.943E+04  3.054E+04  3.837E+04  7.449E+04  5.545E+04  3.169E+04  4.613E+04  5.970E+04  4.050E+04
  8.641E+04  4.764E+04  7.726E+04  1.662E+04  5.507E+04  1.009E+05  8.258E+04  2.386E+04  1.123E+05  8.292E+04
  1.701E+04  6.452E+04  3.303E+04  1.126E+05  3.188E+04  1.272E+05  7.312E+04  6.450E+04  6.972E+04  9.863E+04
  5.581E+04  4.111E+04  3.508E+04  1.899E+04  7.461E+04  9.623E+04  2.329E+04  1.050E+05  7.302E+04  1.364E+05
  9.324E+04  9.492E+04  6.510E+04  1.071E+05  2.950E+04  5.201E+04  4.737E+04  2.050E+04  6.890E+04  3.436E+04
  3.038E+04  8.374E+04  3.050E+04  2.585E+04  6.262E+04  2.031E+04  2.451E+04  5.944E+04  3.307E+04  6.547E+04
  1.697E+04  4.603E+04  1.075E+04  4.840E+04  2.548E+04  1.861E+04  0.000E+00  4.888E+04  4.878E+04  2.788E+04
  1.267E+05  4.812E+04  8.584E+04  1.159E+05  1.140E+05  4.527E+04  8.234E+04  9.914E+04  8.184E+04  8.364E+04
  4.685E+04  1.621E+05  1.288E+05  1.469E+05  1.336E+05  1.759E+05  1.096E+05  1.667E+05  1.580E+05  8.196E+04
  4.199E+04  1.016E+05  1.333E+05  1.652E+05  1.108E+05  5.343E+04  3.792E+04  3.520E+04  4.102E+04  2.872E+04
  2.765E+04  3.378E+04  3.772E+04  4.371E+04  8.572E+04  6.828E+04  7.062E+03  5.745E+04  1.665E+04  3.163E+04
  1.079E+05  8.905E+04  3.693E+04  8.417E+04  4.999E+04  1.114E+05  3.935E+04  3.041E+04  6.536E+04  1.449E+05
  5.783E+04  4.573E+04  1.037E+05  5.016E+04  1.083E+05  1.165E+05  8.049E+04  4.304E+04  6.870E+04  4.005E+04
  5.064E+04  4.391E+04  1.043E+05  5.539E+04  3.338E+04  1.563E+04  4.733E+04  3.226E+04  1.616E+04  2.787E+04
  1.306E+05  9.105E+04  2.618E+04  6.782E+04  6.977E+04  8.108E+04  1.469E+05  8.460E+04  2.228E+04  3.309E+04
  4.793E+04  5.592E+04  6.167E+04  3.828E+04  3.896E+04  2.988E+04  8.537E+03  2.140E+04  8.328E+04  3.770E+04
  5.517E+04  4.475E+04  2.510E+04  4.961E+04  4.105E+04  2.701E+04  2.782E+04  4.755E+03  0.000E+00  1.794E+04
  7.619E+04  8.399E+04  6.172E+04  5.418E+04  7.000E+04  1.004E+05  1.122E+05  7.449E+04  1.583E+05  2.022E+05
  9.442E+04  1.368E+05  1.538E+05  6.999E+04  1.052E+05  1.126E+05  2.123E+05  1.298E+05  7.807E+04  9.153E+04
  7.643E+04  9.138E+04  8.186E+04  6.058E+04  7.924E+04  3.101E+04  6.031E+04  2.524E+04  8.315E+04  6.135E+04
  6.013E+04  6.612E+04  3.001E+04  7.345E+04  6.800E+04  4.098E+04  7.570E+04  6.588E+04  5.060E+04  9.079E+04
  6.074E+04  8.161E+04  1.313E+04  4.971E+04  7.003E+04  8.239E+04  2.205E+05  2.612E+05  1.192E+05  1.158E+05
  4.058E+04  8.720E+04  1.304E+05  1.260E+05  7.847E+04  5.897E+04  5.291E+04  4.628E+04  9.600E+04  8.143E+04
  3.721E+04  6.136E+04  2.525E+04  4.088E+04  2.092E+04  7.226E+04  6.176E+04  4.197E+04  4.594E+04  7.106E+04
  7.729E+04  5.338E+04  6.193E+04  8.723E+04  4.898E+04  4.398E+04  1.439E+04  1.416E+05  9.549E+04  1.283E+04
  3.255E+04  2.991E+04  0.000E+00  1.613E+04  1.053E+05  9.293E+04  0.000E+00  2.430E+04  0.000E+00  1.960E+04
  0.000E+00  2.801E+04  2.365E+04  9.609E+03  3.261E+04  2.980E+04  4.837E+04  3.578E+04  1.037E+05  4.561E+04
  3.019E+04  6.108E+04  2.786E+04  9.640E+04  3.932E+04  1.207E+05  5.836E+04  1.543E+05  2.300E+05  1.485E+05
  1.050E+05  2.394E+05  2.633E+05  2.041E+05  2.702E+05  1.266E+05  1.941E+05  8.247E+04  7.504E+04  8.105E+04
  5.436E+04  5.078E+04  2.825E+04  4.258E+04  9.010E+04  3.865E+04  6.656E+04  4.522E+04  3.741E+04  1.794E+04
  2.925E+04  1.132E+04  5.353E+04  9.663E+04  1.094E+05  4.978E+04  2.808E+04  4.545E+04  1.643E+04  2.880E+04
  1.337E+04  2.376E+04  4.276E+04  6.594E+04  6.817E+04  1.464E+05  9.520E+04  2.727E+04  0.000E+00  8.871E+03
  3.685E+04  5.430E+04  3.173E+04  2.276E+04  5.168E+04  5.198E+04  0.000E+00  2.542E+04  3.125E+04  5.843E+03
  7.263E+04  1.089E+05  3.243E+04  2.193E+04  9.366E+04  1.250E+04  7.512E+03  7.599E+04  3.379E+04  1.884E+04
  2.606E+04  0.000E+00  2.535E+04  2.020E+04  6.224E+04  2.623E+04  3.628E+04  3.149E+04  1.097E+05  3.201E+04
  5.607E+04  4.966E+04  4.021E+04  5.027E+04  6.029E+04  9.459E+04  1.285E+04  1.359E+04  5.149E+04  4.160E+04
  2.744E+04  2.720E+04  6.175E+04  2.241E+04  2.047E+04  4.894E+04  0.000E+00  1.515E+04  5.769E+04  1.191E+04
  5.965E+04  6.251E+04  9.191E+04  1.213E+05  7.735E+04  3.827E+04  8.296E+04  5.591E+04  1.307E+05  1.522E+05
  2.401E+05  1.830E+05  2.290E+05  1.175E+05  1.065E+05  1.180E+05  6.944E+04  7.782E+04  1.222E+05  1.169E+05
  1.426E+05  1.088E+05  1.417E+05  2.311E+05  1.577E+05  9.455E+04  5.606E+04  3.465E+04  4.343E+04  3.232E+04
  6.333E+04  5.138E+04  2.629E+04  1.878E+04  5.723E+04  2.584E+04  3.164E+04  2.391E+04  6.523E+04  3.848E+04
  1.786E+04  0.000E+00  9.971E+03  3.701E+04  3.448E+04  1.069E+04  4.100E+04  2.307E+03  9.526E+04  6.997E+04
  1.307E+04  4.582E+04  7.274E+04  3.305E+04  0.000E+00  1.184E+04  6.778E+04  2.743E+04  0.000E+00  1.895E+04
  1.260E+04  1.669E+04  3.914E+04  1.521E+04  6.215E+04  0.000E+00  1.862E+04  3.852E+04  9.046E+03  4.175E+04
  3.710E+04  1.181E+03  6.203E+04  6.421E+04  6.925E+04  3.009E+04  4.705E+04  8.456E+04  5.092E+04  3.847E+04
  5.214E+04  6.407E+04  4.099E+04  3.048E+04  4.738E+04  1.022E+05  4.836E+04  5.040E+04  4.449E+04  1.447E+04
  2.951E+04  6.871E+03  7.113E+04  2.024E+04  0.000E+00  2.508E+04  3.955E+04  3.304E+04  5.398E+04  6.357E+04

#------------------------------------------------------------------------------
# gshow
#------------------------------------------------------------------------------

p: legs[c5*0.875]

hb:   line clip z  
frame:
  9.5000006E+01 -2.9999866E+00
  1.0000001E+02 -2.9999866E+00
  1.0000001E+02  3.0000134E+00
  9.5000006E+01  3.0000134E+00
clip:
  9.49505012E+01 -3.28570021E+00
  9.55800000E+01 -3.28570021E+00
  9.55800000E+01 -3.17217549E+00
  9.55800000E+01 -2.95712878E+00
  9.55800000E+01 -2.84360407E+00
  9.55800000E+01 -2.62855735E+00
  9.55800000E+01 -2.51503264E+00
  9.55800000E+01 -2.29998593E+00
  9.55800000E+01 -2.18646121E+00
  9.55800000E+01 -1.97141450E+00
  9.55800000E+01 -1.85788978E+00
  9.55800000E+01 -1.64284307E+00
  9.55800000E+01 -1.52931835E+00
  9.56140287E+01 -1.31850000E+00
  9.56643626E+01 -1.31850000E+00
  9.83165039E+01 -1.31850000E+00
  9.83300000E+01 -1.31427164E+00
  9.83300000E+01 -1.22307702E+00
  9.83300000E+01 -9.85700212E-01
  9.83300000E+01 -8.94505592E-01
  9.83300000E+01 -6.57128783E-01
  9.83300000E+01 -5.65934163E-01
  9.83300000E+01 -3.28557354E-01
  9.83300000E+01 -2.37362735E-01
  9.83158478E+01 -5.00000000E-02
  9.82726192E+01 -5.00000000E-02
  9.82648577E+01 -5.00000000E-02
  9.82216291E+01 -5.00000000E-02
  9.82138676E+01 -5.00000000E-02
  9.81706390E+01 -5.00000000E-02
  9.81628775E+01 -5.00000000E-02
  9.81628775E+01  5.00000000E-02
  9.82061104E+01  5.00000000E-02
  9.82138676E+01  5.00000000E-02
  9.82571005E+01  5.00000000E-02
  9.82648577E+01  5.00000000E-02
  9.83080906E+01  5.00000000E-02
  9.83300000E+01  2.37390883E-01
  9.83300000E+01  2.06263727E+00
  9.83668379E+01  2.18150000E+00
  9.83852297E+01  2.18150000E+00
  9.84178280E+01  2.18150000E+00
  9.84362198E+01  2.18150000E+00
  9.84688181E+01  2.18150000E+00
  9.84872099E+01  2.18150000E+00
  9.85198082E+01  2.18150000E+00
  9.85382000E+01  2.18150000E+00
  9.85707983E+01  2.18150000E+00
  9.85891901E+01  2.18150000E+00
  9.86217884E+01  2.18150000E+00
  9.86401802E+01  2.18150000E+00
  9.86727785E+01  2.18150000E+00
  9.86911703E+01  2.18150000E+00
  9.87237685E+01  2.18150000E+00
  9.87421604E+01  2.18150000E+00
  9.87747586E+01  2.18150000E+00
  9.87931505E+01  2.18150000E+00
  9.88257487E+01  2.18150000E+00
  9.88441406E+01  2.18150000E+00
  9.88767388E+01  2.18150000E+00
  9.88951307E+01  2.18150000E+00
  9.89277289E+01  2.18150000E+00
  9.89461208E+01  2.18150000E+00
  9.89787190E+01  2.18150000E+00
  9.90297091E+01  2.20000000E+00
  9.91982004E+01  2.20000000E+00
  9.92100000E+01  1.97144265E+00
  9.92100000E+01  1.81892021E+00
  9.92100000E+01  1.64287122E+00
  9.92100000E+01  1.49034878E+00
  9.92100000E+01  1.31429979E+00
  9.92100000E+01  1.16177735E+00
  9.92100000E+01  9.85728360E-01
  9.92100000E+01  8.33205920E-01
  9.92100000E+01  6.57156931E-01
  9.92100000E+01  5.04634492E-01
  9.92100000E+01  3.28585503E-01
  9.92100000E+01  1.76063063E-01
  9.92100000E+01  1.40740734E-05
  9.92100000E+01 -1.52508366E-01
  9.92100000E+01 -3.28557354E-01
  9.92100000E+01 -4.81079794E-01
  9.92100000E+01 -6.57128783E-01
  9.92100000E+01 -8.09651223E-01
  9.92100000E+01 -9.85700212E-01
  9.92100000E+01 -1.13822265E+00
  9.92100000E+01 -1.31427164E+00
  9.92336695E+01 -1.31850000E+00
  1.00049511E+02 -1.31850000E+00
  1.00049511E+02 -1.31427164E+00
  1.00049511E+02 -9.85700212E-01
  1.00049511E+02 -6.57128783E-01
  1.00049511E+02 -3.28557354E-01
  1.00049511E+02  1.40740734E-05
  1.00049511E+02  3.28585503E-01
  1.00049511E+02  6.57156931E-01
  1.00049511E+02  9.85728360E-01
  1.00049511E+02  1.31429979E+00
  1.00049511E+02  1.64287122E+00
  1.00049511E+02  1.97144265E+00
  1.00049511E+02  2.30001407E+00
  1.00049511E+02  2.62858550E+00
  1.00049511E+02  2.95715693E+00
  1.00049511E+02  3.28572836E+00
  9.99985210E+01  3.28572836E+00
  9.99475309E+01  3.28572836E+00
  9.98965408E+01  3.28572836E+00
  9.98455507E+01  3.28572836E+00
  9.97945606E+01  3.28572836E+00
  9.97435705E+01  3.28572836E+00
  9.96925804E+01  3.28572836E+00
  9.96415903E+01  3.28572836E+00
  9.95906002E+01  3.28572836E+00
  9.95396101E+01  3.28572836E+00
  9.94886200E+01  3.28572836E+00
  9.94376299E+01  3.28572836E+00
  9.93866398E+01  3.28572836E+00
  9.93356497E+01  3.28572836E+00
  9.92846596E+01  3.28572836E+00
  9.92336695E+01  3.28572836E+00
  9.91826794E+01  3.28572836E+00
  9.91316893E+01  3.28572836E+00
  9.90806992E+01  3.28572836E+00
  9.90297091E+01  3.28572836E+00
  9.89787190E+01  3.28572836E+00
  9.89277289E+01  3.28572836E+00
  9.88767388E+01  3.28572836E+00
  9.88257487E+01  3.28572836E+00
  9.87747586E+01  3.28572836E+00
  9.87237685E+01  3.28572836E+00
  9.86727785E+01  3.28572836E+00
  9.86217884E+01  3.28572836E+00
  9.85707983E+01  3.28572836E+00
  9.85198082E+01  3.28572836E+00
  9.84688181E+01  3.28572836E+00
  9.84178280E+01  3.28572836E+00
  9.83668379E+01  3.28572836E+00
  9.83158478E+01  3.28572836E+00
  9.82648577E+01  3.28572836E+00
  9.82138676E+01  3.28572836E+00
  9.81628775E+01  3.28572836E+00
  9.81118874E+01  3.28572836E+00
  9.80608973E+01  3.28572836E+00
  9.80099072E+01  3.28572836E+00
  9.79589171E+01  3.28572836E+00
  9.79079270E+01  3.28572836E+00
  9.78569369E+01  3.28572836E+00
  9.78059468E+01  3.28572836E+00
  9.77549567E+01  3.28572836E+00
  9.77039666E+01  3.28572836E+00
  9.76529765E+01  3.28572836E+00
  9.76019864E+01  3.28572836E+00
  9.75509963E+01  3.28572836E+00
  9.75000062E+01  3.28572836E+00
  9.74490161E+01  3.28572836E+00
  9.73980260E+01  3.28572836E+00
  9.73470359E+01  3.28572836E+00
  9.72960458E+01  3.28572836E+00
  9.72450557E+01  3.28572836E+00
  9.71940656E+01  3.28572836E+00
  9.71430755E+01  3.28572836E+00
  9.70920854E+01  3.28572836E+00
  9.70410953E+01  3.28572836E+00
  9.69901052E+01  3.28572836E+00
  9.69391151E+01  3.28572836E+00
  9.68881250E+01  3.28572836E+00
  9.68371349E+01  3.28572836E+00
  9.67861448E+01  3.28572836E+00
  9.67351547E+01  3.28572836E+00
  9.66841646E+01  3.28572836E+00
  9.66331745E+01  3.28572836E+00
  9.65821844E+01  3.28572836E+00
  9.65311943E+01  3.28572836E+00
  9.64802042E+01  3.28572836E+00
  9.64292141E+01  3.28572836E+00
  9.63782240E+01  3.28572836E+00
  9.63272339E+01  3.28572836E+00
  9.62762438E+01  3.28572836E+00
  9.62252537E+01  3.28572836E+00
  9.61742636E+01  3.28572836E+00
  9.61232735E+01  3.28572836E+00
  9.60722834E+01  3.28572836E+00
  9.60212933E+01  3.28572836E+00
  9.59703032E+01  3.28572836E+00
  9.59193131E+01  3.28572836E+00
  9.58683230E+01  3.28572836E+00
  9.58173329E+01  3.28572836E+00
  9.57663428E+01  3.28572836E+00
  9.57153527E+01  3.28572836E+00
  9.56643626E+01  3.28572836E+00
  9.56133725E+01  3.28572836E+00
  9.55623824E+01  3.28572836E+00
  9.55113923E+01  3.28572836E+00
  9.54604022E+01  3.28572836E+00
  9.54094121E+01  3.28572836E+00
  9.53584220E+01  3.28572836E+00
  9.53074319E+01  3.28572836E+00
  9.52564418E+01  3.28572836E+00
  9.52054517E+01  3.28572836E+00
  9.51544616E+01  3.28572836E+00
  9.51034715E+01  3.28572836E+00
  9.50524814E+01  3.28572836E+00
  9.50014913E+01  3.28572836E+00
  9.49505012E+01  3.28572836E+00
  9.49505012E+01  2.95715693E+00
  9.49505012E+01  2.62858550E+00
  9.49505012E+01  2.30001407E+00
  9.49505012E+01  1.97144265E+00
  9.49505012E+01  1.64287122E+00
  9.49505012E+01  1.31429979E+00
  9.49505012E+01  9.85728360E-01
  9.49505012E+01  6.57156931E-01
  9.49505012E+01  3.28585503E-01
  9.49505012E+01  1.40740734E-05
  9.49505012E+01 -3.28557354E-01
  9.49505012E+01 -6.57128783E-01
  9.49505012E+01 -9.85700212E-01
  9.49505012E+01 -1.31427164E+00
  9.49505012E+01 -1.64284307E+00
  9.49505012E+01 -1.97141450E+00
  9.49505012E+01 -2.29998593E+00
  9.49505012E+01 -2.62855735E+00
  9.49505012E+01 -2.95712878E+00
  9.49505012E+01 -3.28570021E+00

hb:   line clip z  
frame:
  9.5000006E+01 -2.9999866E+00
  1.0000001E+02 -2.9999866E+00
  1.0000001E+02  3.0000134E+00
  9.5000006E+01  3.0000134E+00
clip:
  9.56133725E+01 -3.28570021E+00
  9.60800000E+01 -3.28570021E+00
  9.60800000E+01 -3.23597577E+00
  9.60800000E+01 -2.95712878E+00
  9.60800000E+01 -2.90740434E+00
  9.60800000E+01 -2.62855735E+00
  9.60800000E+01 -2.57883291E+00
  9.60800000E+01 -2.29998593E+00
  9.60800000E+01 -2.25026149E+00
  9.60800000E+01 -1.97141450E+00
  9.60800000E+01 -1.92169006E+00
  9.60800000E+01 -1.64284307E+00
  9.60800000E+01 -1.59311863E+00
  9.60722834E+01 -1.31850000E+00
  9.60219495E+01 -1.31850000E+00
  9.60212933E+01 -1.31850000E+00
  9.59709594E+01 -1.31850000E+00
  9.59703032E+01 -1.31850000E+00
  9.59199693E+01 -1.31850000E+00
  9.59193131E+01 -1.31850000E+00
  9.58689792E+01 -1.31850000E+00
  9.58683230E+01 -1.31850000E+00
  9.58179891E+01 -1.31850000E+00
  9.58173329E+01 -1.31850000E+00
  9.57669990E+01 -1.31850000E+00
  9.57663428E+01 -1.31850000E+00
  9.57160089E+01 -1.31850000E+00
  9.57153527E+01 -1.31850000E+00
  9.56650188E+01 -1.31850000E+00
  9.56643626E+01 -1.31850000E+00
  9.56140287E+01 -1.31850000E+00
  9.56133725E+01 -1.31850000E+00
  9.55800000E+01 -1.42779636E+00
  9.55800000E+01 -1.64284307E+00
  9.55800000E+01 -1.85788978E+00
  9.55800000E+01 -1.97141450E+00
  9.55800000E+01 -2.18646121E+00
  9.55800000E+01 -2.29998593E+00
  9.55800000E+01 -2.51503264E+00
  9.55800000E+01 -2.62855735E+00
  9.55800000E+01 -2.84360407E+00
  9.55800000E+01 -2.95712878E+00
  9.55800000E+01 -3.17217549E+00
  9.55800000E+01 -3.28570021E+00

hb:   line clip z  
frame:
  9.5000006E+01 -2.9999866E+00
  1.0000001E+02 -2.9999866E+00
  1.0000001E+02  3.0000134E+00
  9.5000006E+01  3.0000134E+00
clip:
  9.61232735E+01 -3.28570021E+00
  9.72787517E+01 -3.28570021E+00
  9.73246103E+01 -3.14119342E+00
  9.73877160E+01 -2.95712878E+00
  9.74490161E+01 -2.79295672E+00
  9.75042729E+01 -2.65605152E+00
  9.75509963E+01 -2.54779358E+00
  9.76019864E+01 -2.43692984E+00
  9.76529765E+01 -2.33317527E+00
  9.77039666E+01 -2.23609713E+00
  9.77549567E+01 -2.14532183E+00
  9.78059468E+01 -2.06052484E+00
  9.78569369E+01 -1.98142289E+00
  9.78636533E+01 -1.97141450E+00
  9.79079270E+01 -1.90776764E+00
  9.79418805E+01 -1.86163393E+00
  9.79589171E+01 -1.83934068E+00
  9.79843988E+01 -1.80704323E+00
  9.80099072E+01 -1.77594947E+00
  9.80273694E+01 -1.75536675E+00
  9.80608973E+01 -1.71742397E+00
  9.80707939E+01 -1.70661554E+00
  9.81118874E+01 -1.66361395E+00
  9.81328348E+01 -1.64284307E+00
  9.81234245E+01 -1.56850000E+00
  9.81118874E+01 -1.56850000E+00
  9.81003503E+01 -1.56850000E+00
  9.80608973E+01 -1.56850000E+00
  9.80493602E+01 -1.56850000E+00
  9.80099072E+01 -1.56850000E+00
  9.79983701E+01 -1.56850000E+00
  9.79589171E+01 -1.56850000E+00
  9.79473800E+01 -1.56850000E+00
  9.79079270E+01 -1.56850000E+00
  9.78963899E+01 -1.56850000E+00
  9.78569369E+01 -1.56850000E+00
  9.78453998E+01 -1.56850000E+00
  9.78059468E+01 -1.56850000E+00
  9.77944097E+01 -1.56850000E+00
  9.77549567E+01 -1.56850000E+00
  9.77434196E+01 -1.56850000E+00
  9.77039666E+01 -1.56850000E+00
  9.76924295E+01 -1.56850000E+00
  9.76529765E+01 -1.56850000E+00
  9.76414394E+01 -1.56850000E+00
  9.76019864E+01 -1.56850000E+00
  9.75904493E+01 -1.56850000E+00
  9.75509963E+01 -1.56850000E+00
  9.75394592E+01 -1.56850000E+00
  9.75000062E+01 -1.56850000E+00
  9.74884691E+01 -1.56850000E+00
  9.74490161E+01 -1.56850000E+00
  9.74374790E+01 -1.56850000E+00
  9.73980260E+01 -1.56850000E+00
  9.73864889E+01 -1.56850000E+00
  9.73470359E+01 -1.56850000E+00
  9.73354988E+01 -1.56850000E+00
  9.72960458E+01 -1.56850000E+00
  9.72845087E+01 -1.56850000E+00
  9.72450557E+01 -1.56850000E+00
  9.72335186E+01 -1.56850000E+00
  9.71940656E+01 -1.56850000E+00
  9.71825285E+01 -1.56850000E+00
  9.71430755E+01 -1.56850000E+00
  9.71315384E+01 -1.56850000E+00
  9.70920854E+01 -1.56850000E+00
  9.70805483E+01 -1.56850000E+00
  9.70410953E+01 -1.56850000E+00
  9.70295582E+01 -1.56850000E+00
  9.69901052E+01 -1.56850000E+00
  9.69785681E+01 -1.56850000E+00
  9.69391151E+01 -1.56850000E+00
  9.69275780E+01 -1.56850000E+00
  9.68881250E+01 -1.56850000E+00
  9.68765879E+01 -1.56850000E+00
  9.68371349E+01 -1.56850000E+00
  9.68255978E+01 -1.56850000E+00
  9.67861448E+01 -1.56850000E+00
  9.67746077E+01 -1.56850000E+00
  9.67351547E+01 -1.56850000E+00
  9.67236176E+01 -1.56850000E+00
  9.66841646E+01 -1.56850000E+00
  9.66726275E+01 -1.56850000E+00
  9.66331745E+01 -1.56850000E+00
  9.66216374E+01 -1.56850000E+00
  9.65821844E+01 -1.56850000E+00
  9.65706473E+01 -1.56850000E+00
  9.65311943E+01 -1.56850000E+00
  9.65196572E+01 -1.56850000E+00
  9.64802042E+01 -1.56850000E+00
  9.64686671E+01 -1.56850000E+00
  9.64292141E+01 -1.56850000E+00
  9.64176770E+01 -1.56850000E+00
  9.63782240E+01 -1.56850000E+00
  9.63666869E+01 -1.56850000E+00
  9.63272339E+01 -1.56850000E+00
  9.63156968E+01 -1.56850000E+00
  9.62762438E+01 -1.56850000E+00
  9.62647067E+01 -1.56850000E+00
  9.62252537E+01 -1.56850000E+00
  9.62137166E+01 -1.56850000E+00
  9.61742636E+01 -1.56850000E+00
  9.61627265E+01 -1.56850000E+00
  9.61232735E+01 -1.56850000E+00
  9.61117364E+01 -1.56850000E+00
  9.60800000E+01 -1.64284307E+00
  9.60800000E+01 -1.92169006E+00
  9.60800000E+01 -1.97141450E+00
  9.60800000E+01 -2.25026149E+00
  9.60800000E+01 -2.29998593E+00
  9.60800000E+01 -2.57883291E+00
  9.60800000E+01 -2.62855735E+00
  9.60800000E+01 -2.90740434E+00
  9.60800000E+01 -2.95712878E+00
  9.60800000E+01 -3.23597577E+00
  9.60800000E+01 -3.28570021E+00

hb:   line clip z  
frame:
  9.5000006E+01 -2.9999866E+00
  1.0000001E+02 -2.9999866E+00
  1.0000001E+02  3.0000134E+00
  9.5000006E+01  3.0000134E+00
clip:
  9.72960458E+01 -3.28570021E+00
  1.00049511E+02 -3.28570021E+00
  1.00049511E+02 -2.95712878E+00
  1.00049511E+02 -2.78917622E+00
  1.00006996E+02 -2.68316683E+00
  9.99985210E+01 -2.66273712E+00
  9.99841284E+01 -2.62855735E+00
  9.99571933E+01 -2.56629480E+00
  9.99475309E+01 -2.54448721E+00
  9.99276552E+01 -2.50048139E+00
  9.98965408E+01 -2.43383552E+00
  9.98523265E+01 -2.34364775E+00
  9.98455507E+01 -2.33027955E+00
  9.98299709E+01 -2.29998593E+00
  9.98025932E+01 -2.24822541E+00
  9.97945606E+01 -2.23338844E+00
  9.97801574E+01 -2.20717423E+00
  9.97435705E+01 -2.14279015E+00
  9.97105741E+01 -2.08736257E+00
  9.96925804E+01 -2.05816145E+00
  9.96431678E+01 -1.98157966E+00
  9.96415903E+01 -1.97922016E+00
  9.96363467E+01 -1.97141450E+00
  9.95989778E+01 -1.91743096E+00
  9.95906002E+01 -1.90571885E+00
  9.95776353E+01 -1.88787095E+00
  9.95396101E+01 -1.83743993E+00
  9.95137441E+01 -1.80473796E+00
  9.94886200E+01 -1.77419154E+00
  9.94513110E+01 -1.73100174E+00
  9.94376299E+01 -1.71580426E+00
  9.93901893E+01 -1.66571507E+00
  9.93866398E+01 -1.66212839E+00
  9.93671652E+01 -1.64284307E+00
  9.93396969E+01 -1.61676405E+00
  9.93356497E+01 -1.61303168E+00
  9.93302586E+01 -1.60810348E+00
  9.92846596E+01 -1.56839749E+00
  9.92714193E+01 -1.55752441E+00
  9.92336695E+01 -1.52812316E+00
  9.92135875E+01 -1.51343805E+00
  9.91826794E+01 -1.49211877E+00
  9.91566922E+01 -1.47538608E+00
  9.91316893E+01 -1.46030602E+00
  9.91006725E+01 -1.44297577E+00
  9.90806992E+01 -1.43261729E+00
  9.90454756E+01 -1.41586792E+00
  9.90297091E+01 -1.40899494E+00
  9.89910558E+01 -1.39376756E+00
  9.89787190E+01 -1.38939060E+00
  9.89373731E+01 -1.37641665E+00
  9.89277289E+01 -1.37376475E+00
  9.88843922E+01 -1.36358833E+00
  9.88767388E+01 -1.36208622E+00
  9.88320820E+01 -1.35508225E+00
  9.88257487E+01 -1.35433197E+00
  9.87804151E+01 -1.35072085E+00
  9.87747586E+01 -1.35048676E+00
  9.87293669E+01 -1.35034630E+00
  9.87237685E+01 -1.35054309E+00
  9.86789155E+01 -1.35381797E+00
  9.86727785E+01 -1.35450106E+00
  9.86290416E+01 -1.36101030E+00
  9.86217884E+01 -1.36236842E+00
  9.85800000E+01 -1.37356612E+00
  9.85707983E+01 -1.63933811E+00
  9.85702735E+01 -1.63946139E+00
  9.85544312E+01 -1.64284307E+00
  9.85198082E+01 -1.64795597E+00
  9.84699083E+01 -1.64986871E+00
  9.84688181E+01 -1.64983881E+00
  9.84181728E+01 -1.64506504E+00
  9.84055688E+01 -1.64284307E+00
  9.83800000E+01 -1.55802848E+00
  9.83668379E+01 -1.46116676E+00
  9.83410679E+01 -1.47678567E+00
  9.83158478E+01 -1.49309959E+00
  9.82948398E+01 -1.50747153E+00
  9.82648577E+01 -1.52922615E+00
  9.82490927E+01 -1.54125635E+00
  9.82138676E+01 -1.56962509E+00
  9.82038198E+01 -1.57809728E+00
  9.81628775E+01 -1.61438668E+00
  9.81590155E+01 -1.61795742E+00
  9.81328348E+01 -1.64284307E+00
  9.81118874E+01 -1.66361395E+00
  9.80707939E+01 -1.70661554E+00
  9.80608973E+01 -1.71742397E+00
  9.80273694E+01 -1.75536675E+00
  9.80099072E+01 -1.77594947E+00
  9.79843988E+01 -1.80704323E+00
  9.79589171E+01 -1.83934068E+00
  9.79418805E+01 -1.86163393E+00
  9.79079270E+01 -1.90776764E+00
  9.78998135E+01 -1.91913251E+00
  9.78636533E+01 -1.97141450E+00
  9.78569369E+01 -1.98142289E+00
  9.78170329E+01 -2.04285135E+00
  9.78059468E+01 -2.06052484E+00
  9.77763210E+01 -2.10908232E+00
  9.77549567E+01 -2.14532183E+00
  9.77360637E+01 -2.17824266E+00
  9.77039666E+01 -2.23609713E+00
  9.76962637E+01 -2.25034967E+00
  9.76700291E+01 -2.29998593E+00
  9.76529765E+01 -2.33317527E+00
  9.76180501E+01 -2.40349805E+00
  9.76019864E+01 -2.43692984E+00
  9.75796460E+01 -2.48459977E+00
  9.75509963E+01 -2.54779358E+00
  9.75417179E+01 -2.56876939E+00
  9.75158716E+01 -2.62855735E+00
  9.75000062E+01 -2.66627126E+00
  9.74673188E+01 -2.74649726E+00
  9.74490161E+01 -2.79295672E+00
  9.74308647E+01 -2.84016462E+00
  9.73980260E+01 -2.92855543E+00
  9.73949207E+01 -2.93711913E+00
  9.73877160E+01 -2.95712878E+00
  9.73470359E+01 -3.07391523E+00
  9.73246103E+01 -3.14119342E+00
  9.72960458E+01 -3.23006917E+00
  9.72902710E+01 -3.24848846E+00
  9.72787517E+01 -3.28570021E+00

hb:   line clip z  
frame:
  9.5000006E+01 -2.9999866E+00
  1.0000001E+02 -2.9999866E+00
  1.0000001E+02  3.0000134E+00
  9.5000006E+01  3.0000134E+00
clip:
  9.99946524E+01 -2.65348635E+00
  1.00049511E+02 -2.78917622E+00
  1.00049511E+02 -2.62855735E+00
  1.00049511E+02 -2.29998593E+00
  1.00049511E+02 -1.97141450E+00
  1.00049511E+02 -1.64284307E+00
  1.00049511E+02 -1.56850000E+00
  1.00037974E+02 -1.56850000E+00
  9.99985210E+01 -1.56850000E+00
  9.99869839E+01 -1.56850000E+00
  9.99475309E+01 -1.56850000E+00
  9.99359938E+01 -1.56850000E+00
  9.98965408E+01 -1.56850000E+00
  9.98850037E+01 -1.56850000E+00
  9.98455507E+01 -1.56850000E+00
  9.98340136E+01 -1.56850000E+00
  9.97945606E+01 -1.56850000E+00
  9.97830235E+01 -1.56850000E+00
  9.97435705E+01 -1.56850000E+00
  9.97320334E+01 -1.56850000E+00
  9.96925804E+01 -1.56850000E+00
  9.96810433E+01 -1.56850000E+00
  9.96415903E+01 -1.56850000E+00
  9.96300532E+01 -1.56850000E+00
  9.95906002E+01 -1.56850000E+00
  9.95790631E+01 -1.56850000E+00
  9.95396101E+01 -1.56850000E+00
  9.95280730E+01 -1.56850000E+00
  9.94886200E+01 -1.56850000E+00
  9.94770829E+01 -1.56850000E+00
  9.94376299E+01 -1.56850000E+00
  9.94260928E+01 -1.56850000E+00
  9.93866398E+01 -1.56850000E+00
  9.93671652E+01 -1.64284307E+00
  9.93901893E+01 -1.66571507E+00
  9.94376299E+01 -1.71580426E+00
  9.94886200E+01 -1.77419154E+00
  9.95396101E+01 -1.83743993E+00
  9.95906002E+01 -1.90571885E+00
  9.96406069E+01 -1.97775180E+00
  9.96431678E+01 -1.98157966E+00
  9.96925804E+01 -2.05816145E+00
  9.97105741E+01 -2.08736257E+00
  9.97435705E+01 -2.14279015E+00
  9.97801574E+01 -2.20717423E+00
  9.97945606E+01 -2.23338844E+00
  9.98299709E+01 -2.29998593E+00
  9.98419458E+01 -2.32321527E+00
  9.98455507E+01 -2.33027955E+00
  9.98523265E+01 -2.34364775E+00
  9.98965408E+01 -2.43383552E+00
  9.99276552E+01 -2.50048139E+00
  9.99475309E+01 -2.54448721E+00
  9.99841284E+01 -2.62855735E+00

hb:   line clip z  
clip:
  9.84174999E+01 -1.64495688E+00
  9.84181728E+01 -1.64506504E+00
  9.84688181E+01 -1.64983881E+00
  9.84699083E+01 -1.64986871E+00
  9.85198082E+01 -1.64795597E+00
  9.85205890E+01 -1.64787494E+00
  9.85544312E+01 -1.64284307E+00
  9.85707983E+01 -1.63933811E+00
  9.85800000E+01 -1.37356612E+00
  9.85800000E+01 -1.31427164E+00
  9.85800000E+01 -1.25497716E+00
  9.85800000E+01 -9.85700212E-01
  9.85800000E+01 -9.26405730E-01
  9.85800000E+01 -6.57128783E-01
  9.85800000E+01 -5.97834302E-01
  9.85800000E+01 -3.28557354E-01
  9.85800000E+01 -2.69262873E-01
  9.85800000E+01  1.40740734E-05
  9.85800000E+01  5.93085553E-02
  9.85800000E+01  3.28585503E-01
  9.85800000E+01  3.87879984E-01
  9.85800000E+01  6.57156931E-01
  9.85800000E+01  7.16451412E-01
  9.85800000E+01  9.85728360E-01
  9.85800000E+01  1.04502284E+00
  9.85800000E+01  1.31429979E+00
  9.85800000E+01  1.37359427E+00
  9.85707983E+01  1.63933811E+00
  9.85542850E+01  1.64287122E+00
  9.85205847E+01  1.64787539E+00
  9.85198082E+01  1.64795597E+00
  9.85190064E+01  1.64803752E+00
  9.84688181E+01  1.64983881E+00
  9.84677418E+01  1.64980629E+00
  9.84178280E+01  1.64500976E+00
  9.84057150E+01  1.64287122E+00
  9.83800000E+01  1.39911438E+00
  9.83800000E+01  1.31429979E+00
  9.83800000E+01  1.07054295E+00
  9.83800000E+01  9.85728360E-01
  9.83800000E+01  7.41971523E-01
  9.83800000E+01  6.57156931E-01
  9.83800000E+01  4.13400095E-01
  9.83800000E+01  3.28585503E-01
  9.83800000E+01  8.48286663E-02
  9.83800000E+01  1.40740734E-05
  9.83800000E+01 -2.43742762E-01
  9.83800000E+01 -3.28557354E-01
  9.83800000E+01 -5.72314191E-01
  9.83800000E+01 -6.57128783E-01
  9.83800000E+01 -9.00885619E-01
  9.83800000E+01 -9.85700212E-01
  9.83800000E+01 -1.22945705E+00
  9.83800000E+01 -1.31427164E+00
  9.83800000E+01 -1.55802848E+00
  9.84055688E+01 -1.64284307E+00

hb:   line clip z  
clip:
  9.83661817E+01 -1.31850000E+00
  9.83674940E+01 -1.31850000E+00
  9.83750000E+01 -1.31427164E+00
  9.83750000E+01 -1.26167619E+00
  9.83750000E+01 -9.85700212E-01
  9.83750000E+01 -9.33104760E-01
  9.83750000E+01 -6.57128783E-01
  9.83750000E+01 -6.04533331E-01
  9.83750000E+01 -3.28557354E-01
  9.83750000E+01 -2.75961902E-01
  9.83750000E+01  1.40740734E-05
  9.83750000E+01  5.26095262E-02
  9.83750000E+01  3.28585503E-01
  9.83750000E+01  3.81180955E-01
  9.83750000E+01  6.57156931E-01
  9.83750000E+01  7.09752383E-01
  9.83750000E+01  9.85728360E-01
  9.83750000E+01  1.03832381E+00
  9.83750000E+01  1.31429979E+00
  9.83750000E+01  1.36689524E+00
  9.83750000E+01  1.64287122E+00
  9.83750000E+01  1.69546667E+00
  9.83668379E+01  1.88150000E+00
  9.83300000E+01  1.88024803E+00
  9.83300000E+01  1.64287122E+00
  9.83300000E+01  1.40549441E+00
  9.83300000E+01  1.31429979E+00
  9.83300000E+01  1.07692298E+00
  9.83300000E+01  9.85728360E-01
  9.83300000E+01  7.48351551E-01
  9.83300000E+01  6.57156931E-01
  9.83300000E+01  4.19780123E-01
  9.83300000E+01  3.28585503E-01
  9.83300000E+01  9.12086940E-02
  9.83300000E+01  1.40740734E-05
  9.83300000E+01 -2.37362735E-01
  9.83300000E+01 -3.28557354E-01
  9.83300000E+01 -5.65934163E-01
  9.83300000E+01 -6.57128783E-01
  9.83300000E+01 -8.94505592E-01
  9.83300000E+01 -9.85700212E-01
  9.83300000E+01 -1.22307702E+00
  9.83300000E+01 -1.31427164E+00

hb:   line clip z  
clip:
  9.86211322E+01 -1.31850000E+00
  9.89793752E+01 -1.31850000E+00
  9.90100000E+01 -1.31427164E+00
  9.90100000E+01 -1.11270254E+00
  9.90100000E+01 -9.85700212E-01
  9.90100000E+01 -7.84131112E-01
  9.90100000E+01 -6.57128783E-01
  9.90100000E+01 -4.55559683E-01
  9.90100000E+01 -3.28557354E-01
  9.90100000E+01 -1.26988255E-01
  9.90100000E+01  1.40740734E-05
  9.90100000E+01  2.01583174E-01
  9.90100000E+01  3.28585503E-01
  9.90100000E+01  5.30154602E-01
  9.90100000E+01  6.57156931E-01
  9.90100000E+01  8.58726031E-01
  9.90100000E+01  9.85728360E-01
  9.90100000E+01  1.18729746E+00
  9.90100000E+01  1.31429979E+00
  9.90100000E+01  1.51586889E+00
  9.90100000E+01  1.64287122E+00
  9.90100000E+01  1.84444032E+00
  9.89787190E+01  1.88150000E+00
  9.89416869E+01  1.88150000E+00
  9.89277289E+01  1.88150000E+00
  9.88906968E+01  1.88150000E+00
  9.88767388E+01  1.88150000E+00
  9.88397067E+01  1.88150000E+00
  9.88257487E+01  1.88150000E+00
  9.87887166E+01  1.88150000E+00
  9.87747586E+01  1.88150000E+00
  9.87377265E+01  1.88150000E+00
  9.87237685E+01  1.88150000E+00
  9.86867364E+01  1.88150000E+00
  9.86727785E+01  1.88150000E+00
  9.86357463E+01  1.88150000E+00
  9.86217884E+01  1.88150000E+00
  9.85847562E+01  1.88150000E+00
  9.85800000E+01  1.64287122E+00
  9.85800000E+01  1.37359427E+00
  9.85800000E+01  1.31429979E+00
  9.85800000E+01  1.04502284E+00
  9.85800000E+01  9.85728360E-01
  9.85800000E+01  7.16451412E-01
  9.85800000E+01  6.57156931E-01
  9.85800000E+01  3.87879984E-01
  9.85800000E+01  3.28585503E-01
  9.85800000E+01  5.93085553E-02
  9.85800000E+01  1.40740734E-05
  9.85800000E+01 -2.69262873E-01
  9.85800000E+01 -3.28557354E-01
  9.85800000E+01 -5.97834302E-01
  9.85800000E+01 -6.57128783E-01
  9.85800000E+01 -9.26405730E-01
  9.85800000E+01 -9.85700212E-01
  9.85800000E+01 -1.25497716E+00
  9.85800000E+01 -1.31427164E+00

hb:   line clip z  
clip:
  9.90290530E+01 -1.31850000E+00
  9.91833356E+01 -1.31850000E+00
  9.92100000E+01 -1.31427164E+00
  9.92100000E+01 -1.13822265E+00
  9.92100000E+01 -9.85700212E-01
  9.92100000E+01 -8.09651223E-01
  9.92100000E+01 -6.57128783E-01
  9.92100000E+01 -4.81079794E-01
  9.92100000E+01 -3.28557354E-01
  9.92100000E+01 -1.52508366E-01
  9.92100000E+01  1.40740734E-05
  9.92100000E+01  1.76063063E-01
  9.92100000E+01  3.28585503E-01
  9.92100000E+01  5.04634492E-01
  9.92100000E+01  6.57156931E-01
  9.92100000E+01  8.33205920E-01
  9.92100000E+01  9.85728360E-01
  9.92100000E+01  1.16177735E+00
  9.92100000E+01  1.31429979E+00
  9.92100000E+01  1.49034878E+00
  9.92100000E+01  1.64287122E+00
  9.92100000E+01  1.81892021E+00
  9.92100000E+01  1.97144265E+00
  9.92100000E+01  2.14749163E+00
  9.91826794E+01  2.20000000E+00
  9.91472103E+01  2.20000000E+00
  9.91316893E+01  2.20000000E+00
  9.90962202E+01  2.20000000E+00
  9.90806992E+01  2.20000000E+00
  9.90452301E+01  2.20000000E+00
  9.90297091E+01  2.20000000E+00
  9.90100000E+01  2.09844497E+00
  9.90100000E+01  1.97144265E+00
  9.90100000E+01  1.84444032E+00
  9.90100000E+01  1.64287122E+00
  9.90100000E+01  1.51586889E+00
  9.90100000E+01  1.31429979E+00
  9.90100000E+01  1.18729746E+00
  9.90100000E+01  9.85728360E-01
  9.90100000E+01  8.58726031E-01
  9.90100000E+01  6.57156931E-01
  9.90100000E+01  5.30154602E-01
  9.90100000E+01  3.28585503E-01
  9.90100000E+01  2.01583174E-01
  9.90100000E+01  1.40740734E-05
  9.90100000E+01 -1.26988255E-01
  9.90100000E+01 -3.28557354E-01
  9.90100000E+01 -4.55559683E-01
  9.90100000E+01 -6.57128783E-01
  9.90100000E+01 -7.84131112E-01
  9.90100000E+01 -9.85700212E-01
  9.90100000E+01 -1.11270254E+00
  9.90100000E+01 -1.31427164E+00

hb:   line clip z  
clip:
  9.81551159E+01 -5.00000000E-02
  9.83236093E+01 -5.00000000E-02
  9.83300000E+01  1.40740734E-05
  9.83236049E+01  5.00000000E-02
  9.83158478E+01  5.00000000E-02
  9.83080906E+01  5.00000000E-02
  9.82648577E+01  5.00000000E-02
  9.82571005E+01  5.00000000E-02
  9.82138676E+01  5.00000000E-02
  9.82061104E+01  5.00000000E-02
  9.81628775E+01  5.00000000E-02
  9.81551203E+01  5.00000000E-02
  9.81300000E+01  1.40740734E-05

hb:   line clip z  
clip:
  9.85702692E+01  1.63946238E+00
  9.85713674E+01  1.63920358E+00
  9.85800000E+01  1.64287122E+00
  9.85800000E+01  1.70216570E+00
  9.85707983E+01  1.88150000E+00
  9.85337661E+01  1.88150000E+00
  9.85542850E+01  1.64287122E+00

hb:   line clip z  
clip:
  9.83528799E+01  1.88150000E+00
  9.89926770E+01  1.88150000E+00
  9.90100000E+01  1.97144265E+00
  9.90100000E+01  2.17301175E+00
  9.89787190E+01  2.18150000E+00
  9.89461208E+01  2.18150000E+00
  9.89277289E+01  2.18150000E+00
  9.88951307E+01  2.18150000E+00
  9.88767388E+01  2.18150000E+00
  9.88441406E+01  2.18150000E+00
  9.88257487E+01  2.18150000E+00
  9.87931505E+01  2.18150000E+00
  9.87747586E+01  2.18150000E+00
  9.87421604E+01  2.18150000E+00
  9.87237685E+01  2.18150000E+00
  9.86911703E+01  2.18150000E+00
  9.86727785E+01  2.18150000E+00
  9.86401802E+01  2.18150000E+00
  9.86217884E+01  2.18150000E+00
  9.85891901E+01  2.18150000E+00
  9.85707983E+01  2.18150000E+00
  9.85382000E+01  2.18150000E+00
  9.85198082E+01  2.18150000E+00
  9.84872099E+01  2.18150000E+00
  9.84688181E+01  2.18150000E+00
  9.84362198E+01  2.18150000E+00
  9.84178280E+01  2.18150000E+00
  9.83852297E+01  2.18150000E+00
  9.83668379E+01  2.18150000E+00
  9.83342396E+01  2.18150000E+00
  9.83300000E+01  1.97144265E+00

#------------------------------------------------------------------------------
z: xorg(1.03)
p: xfac[c2*0.05] form[c1/0.05] notc noxt noyt dmin(1)
p: ymin(0) ymax(1) xmin(0) xmax(1) cmin(1) cmax(100) nosp
hc: y= 0.005 to 0.995 by 0.01 ; x= 0.5 to 0.5 by 1 ;
 1  2  3  4  5  6  7  8  9 10 11 12 13 14 15 16 17 18 19 20
21 22 23 24 25 26 27 28 29 30 31 32 33 34 35 36 37 38 39 40
41 42 43 44 45 46 47 48 49 50 51 52 53 54 55 56 57 58 59 60
61 62 63 64 65 66 67 68 69 70 71 72 73 74 75 76 77 78 79 80
81 82 83 84 85 86 87 88 89 90 91 92 93 94 95 96 97 98 99 100
z: xorg(0.0)
p: xfac[c2*0.05] form[c1/0.05] nosp afac[c5*0.625] ymin[c3] ymax[c4]
p: noxt noxn ytxt(-1) ynum(-1) xltd(-1) xstd(-1) itic(1) ylog
y: Flux [1/cm^2/source]              
#------------------------------------------------------------------------------

wt: s[c5]
\vspace{-3}
  emin  &=&   0.0000E+00 [MeV/n]
  emax  &=&   1.0000E+03 [MeV/n]
  xmin  &=&  -1.0000E-02 [cm]
  xmax  &=&   1.0000E-02 [cm]
  part. &=& photon  
e:

#------------------------------------------------------------------------------
z: xorg[-1.03/0.05]
p: form[c1] xfac[c2] afac[c5] nosp notf
p: xmin(  95.00000    ) xmax(  100.0000    )
p: ymin( -3.000000    ) ymax(  3.000000    )
 
# Information for Restart Calculation
# This calculation was newly started
# istdev =  2 # 1:Batch variance, 2:History variance
# resc2  = 7.99726505359516816E-03 # Total source weight or Total source weight / maxcas
# resc3  = 4.99149910000000000E+07 # Total history number or Total batch number
# maxcas =       10001 # History / Batch, only used for istdev=1
# bitrseed = 1101001001110101011011100000110110000101001010110000001101011100 # bit data of rseed
