[ T-Track ]
    title = [t-track] in xyz mesh
     mesh =  xyz            # mesh type is xyz scoring mesh
   x-type =    2            # x-mesh is linear given by xmin, xmax and nx
     xmin = -1.0000000E-02  # minimum value of x-mesh points
     xmax =  1.0000000E-02  # maximum value of x-mesh points
#    xdel =  2.0000000E-02  # mesh width of x-mesh points
       nx =      1          # number of x-mesh points
#    data = ( x(i), i = 1, nx + 1 )
#          -1.00000E-02  1.00000E-02
   y-type =    4            # y-mesh is linear given by ymin, ymax and ydel
     ymin =  -3.000000      # minimum value of y-mesh points
     ymax =   3.000000      # maximum value of y-mesh points
     ydel =  0.3000000      # mesh width of y-mesh points
#      ny =   20            # number of y-mesh points
#    data = ( y(i), i = 1, ny + 1 )
#          -3.00000E+00 -2.70000E+00 -2.40000E+00 -2.10000E+00 -1.80000E+00
#          -1.50000E+00 -1.20000E+00 -9.00000E-01 -6.00000E-01 -3.00000E-01
#           0.00000E+00  3.00000E-01  6.00000E-01  9.00000E-01  1.20000E+00
#           1.50000E+00  1.80000E+00  2.10000E+00  2.40000E+00  2.70000E+00
#           3.00000E+00
   z-type =    2            # z-mesh is linear given by zmin, zmax and nz
     zmin =   95.00000      # minimum value of z-mesh points
     zmax =   100.0000      # maximum value of z-mesh points
#    zdel =  5.0000000E-02  # mesh width of z-mesh points
       nz =    100          # number of z-mesh points
#    data = ( z(i), i = 1, nz + 1 )
#           9.50000E+01  9.50500E+01  9.51000E+01  9.51500E+01  9.52000E+01
#           9.52500E+01  9.53000E+01  9.53500E+01  9.54000E+01  9.54500E+01
#           9.55000E+01  9.55500E+01  9.56000E+01  9.56500E+01  9.57000E+01
#           9.57500E+01  9.58000E+01  9.58500E+01  9.59000E+01  9.59500E+01
#           9.60000E+01  9.60500E+01  9.61000E+01  9.61500E+01  9.62000E+01
#           9.62500E+01  9.63000E+01  9.63500E+01  9.64000E+01  9.64500E+01
#           9.65000E+01  9.65500E+01  9.66000E+01  9.66500E+01  9.67000E+01
#           9.67500E+01  9.68000E+01  9.68500E+01  9.69000E+01  9.69500E+01
#           9.70000E+01  9.70500E+01  9.71000E+01  9.71500E+01  9.72000E+01
#           9.72500E+01  9.73000E+01  9.73500E+01  9.74000E+01  9.74500E+01
#           9.75000E+01  9.75500E+01  9.76000E+01  9.76500E+01  9.77000E+01
#           9.77500E+01  9.78000E+01  9.78500E+01  9.79000E+01  9.79500E+01
#           9.80000E+01  9.80500E+01  9.81000E+01  9.81500E+01  9.82000E+01
#           9.82500E+01  9.83000E+01  9.83500E+01  9.84000E+01  9.84500E+01
#           9.85000E+01  9.85500E+01  9.86000E+01  9.86500E+01  9.87000E+01
#           9.87500E+01  9.88000E+01  9.88500E+01  9.89000E+01  9.89500E+01
#           9.90000E+01  9.90500E+01  9.91000E+01  9.91500E+01  9.92000E+01
#           9.92500E+01  9.93000E+01  9.93500E+01  9.94000E+01  9.94500E+01
#           9.95000E+01  9.95500E+01  9.96000E+01  9.96500E+01  9.97000E+01
#           9.97500E+01  9.98000E+01  9.98500E+01  9.99000E+01  9.99500E+01
#           1.00000E+02
   e-type =    1            # e-mesh is given by the below data
       ne =      1          # number of e-mesh points
#    data = ( e(i), i = 1, ne + 1 )
            0.00000E+00  1.00000E+03
     unit =    1            # unit is [1/cm^2/source]
 material =  all            # (D=all) number of specific material
  2D-type =    3            # 1:Cont, 2:Clust, 3:Color, 4:xyz, 5:mat, 6:Clust+Cont, 7:Col+Cont
     axis =      yz            # axis of output
     file = ./out/track_xz.out  # file name of output for the above axis
     part =  proton     photon   
# kf/name :  2212       22       
    gshow =    1            # 0: no 1:bnd, 2:bnd+mat, 3:bnd+reg 4:bnd+lat 5:bmp style
    resol =    1            # (D=1) resolution of gshow or rshow
    width = 0.5000000       # (D=0.5) width of lines for gshow or rshow
   epsout =    1            # (D=0) generate eps file by ANGEL
#    used :        main (  %)        temp (  %)       total (  %)
#  memory :         130 (  0)           0 (  0)         130 (  0)

#------------------------------------------------------------------------------
#newpage:
#   no. =  1   ie  =  1   ix  =  1   part. = proton  
#   e = (   0.0000E+00  -   1.0000E+03  )
#   x = (  -1.0000E-02  -   1.0000E-02  )

'no. =  1,  ie =  1,  ix =  1'
msuc: {\huge [t-track] in xyz mesh}
msdr: {\it plotted by \ANGEL \version}
msdl: {\it calculated by \PHITS  3.36}

x: z [cm]
y: y [cm]
set: c1[ 1.200] c2[ 0.822] c5[ 0.800] c6[ 0.928] c7[ 0.133] c8[ 0.000]
p: h2fs form[c1] xfac[c2] afac[c5] scal[c6] xorg[c7] yorg[c8] nosp
set: c3[1.0e-4] c4[1.0]
p: cmin[c3] cmax[c4]
p: dmin(1e-31)
p: zlog
p: xmin(  95.00000    ) xmax(  100.0000    )
p: ymin( -3.000000    ) ymax(  3.000000    )

#   no. =  1   ie  =  1   ix  =  1
#   e = (   0.0000E+00  -   1.0000E+03  )
#   x = (  -1.0000E-02  -   1.0000E-02  )

hc:  y =   2.850000     to  -2.850000     by  0.3000000     ; x =   95.02500     to   99.97500     by  5.0000000E-02 ;
  2.159E-02  2.163E-02  2.163E-02  2.159E-02  2.155E-02  2.153E-02  2.154E-02  2.153E-02  2.159E-02  2.161E-02
  2.160E-02  2.152E-02  2.151E-02  2.153E-02  2.151E-02  2.145E-02  2.146E-02  2.142E-02  2.150E-02  2.155E-02
  2.169E-02  2.170E-02  2.170E-02  2.182E-02  2.182E-02  2.189E-02  2.188E-02  2.187E-02  2.184E-02  2.178E-02
  2.175E-02  2.174E-02  2.181E-02  2.184E-02  2.190E-02  2.199E-02  2.206E-02  2.220E-02  2.216E-02  2.221E-02
  2.229E-02  2.224E-02  2.220E-02  2.218E-02  2.222E-02  2.228E-02  2.226E-02  2.221E-02  2.227E-02  2.231E-02
  2.236E-02  2.232E-02  2.228E-02  2.222E-02  2.221E-02  2.221E-02  2.222E-02  2.227E-02  2.226E-02  2.232E-02
  2.220E-02  2.223E-02  2.231E-02  2.237E-02  2.238E-02  2.244E-02  2.249E-02  2.250E-02  2.253E-02  2.250E-02
  2.251E-02  2.249E-02  2.248E-02  2.245E-02  2.243E-02  2.245E-02  2.245E-02  2.251E-02  2.252E-02  2.243E-02
  2.235E-02  2.232E-02  2.232E-02  2.235E-02  2.240E-02  2.240E-02  2.241E-02  2.244E-02  2.246E-02  2.252E-02
  2.257E-02  2.261E-02  2.258E-02  2.260E-02  2.263E-02  2.261E-02  2.263E-02  2.263E-02  2.273E-02  2.270E-02
  2.124E-02  2.123E-02  2.129E-02  2.132E-02  2.138E-02  2.138E-02  2.147E-02  2.142E-02  2.154E-02  2.163E-02
  2.169E-02  2.180E-02  2.179E-02  2.184E-02  2.173E-02  2.171E-02  2.170E-02  2.170E-02  2.175E-02  2.180E-02
  2.170E-02  2.163E-02  2.156E-02  2.152E-02  2.149E-02  2.151E-02  2.146E-02  2.145E-02  2.143E-02  2.147E-02
  2.144E-02  2.144E-02  2.148E-02  2.149E-02  2.149E-02  2.152E-02  2.147E-02  2.143E-02  2.150E-02  2.154E-02
  2.150E-02  2.153E-02  2.143E-02  2.144E-02  2.146E-02  2.147E-02  2.152E-02  2.146E-02  2.151E-02  2.159E-02
  2.159E-02  2.163E-02  2.159E-02  2.162E-02  2.167E-02  2.174E-02  2.180E-02  2.182E-02  2.180E-02  2.179E-02
  2.179E-02  2.176E-02  2.179E-02  2.179E-02  2.180E-02  2.188E-02  2.185E-02  2.175E-02  2.170E-02  2.173E-02
  2.164E-02  2.164E-02  2.176E-02  2.180E-02  2.188E-02  2.197E-02  2.204E-02  2.207E-02  2.211E-02  2.228E-02
  2.230E-02  2.229E-02  2.229E-02  2.234E-02  2.236E-02  2.234E-02  2.243E-02  2.250E-02  2.249E-02  2.247E-02
  2.252E-02  2.256E-02  2.262E-02  2.254E-02  2.253E-02  2.263E-02  2.258E-02  2.261E-02  2.263E-02  2.267E-02
  2.060E-02  2.066E-02  2.067E-02  2.073E-02  2.072E-02  2.080E-02  2.083E-02  2.084E-02  2.073E-02  2.067E-02
  2.067E-02  2.078E-02  2.081E-02  2.088E-02  2.092E-02  2.094E-02  2.094E-02  2.095E-02  2.095E-02  2.096E-02
  2.100E-02  2.104E-02  2.100E-02  2.097E-02  2.091E-02  2.089E-02  2.095E-02  2.089E-02  2.093E-02  2.100E-02
  2.100E-02  2.093E-02  2.094E-02  2.101E-02  2.109E-02  2.111E-02  2.114E-02  2.126E-02  2.139E-02  2.140E-02
  2.138E-02  2.141E-02  2.143E-02  2.146E-02  2.144E-02  2.144E-02  2.143E-02  2.141E-02  2.140E-02  2.138E-02
  2.140E-02  2.133E-02  2.133E-02  2.133E-02  2.129E-02  2.126E-02  2.134E-02  2.129E-02  2.129E-02  2.132E-02
  2.134E-02  2.136E-02  2.132E-02  2.133E-02  2.132E-02  2.129E-02  2.130E-02  2.136E-02  2.167E-02  2.216E-02
  2.295E-02  2.485E-02  2.489E-02  2.497E-02  2.503E-02  2.508E-02  2.523E-02  2.543E-02  2.562E-02  2.560E-02
  2.561E-02  2.581E-02  2.591E-02  2.609E-02  2.628E-02  2.649E-02  2.656E-02  2.660E-02  2.667E-02  2.690E-02
  2.707E-02  2.721E-02  2.742E-02  2.764E-02  2.779E-02  2.787E-02  2.804E-02  2.816E-02  2.824E-02  2.837E-02
  2.089E-02  2.086E-02  2.089E-02  2.089E-02  2.083E-02  2.083E-02  2.083E-02  2.082E-02  2.080E-02  2.078E-02
  2.071E-02  2.069E-02  2.069E-02  2.064E-02  2.064E-02  2.065E-02  2.069E-02  2.069E-02  2.077E-02  2.075E-02
  2.077E-02  2.084E-02  2.084E-02  2.083E-02  2.084E-02  2.083E-02  2.085E-02  2.087E-02  2.078E-02  2.079E-02
  2.090E-02  2.089E-02  2.086E-02  2.087E-02  2.090E-02  2.093E-02  2.100E-02  2.103E-02  2.105E-02  2.117E-02
  2.123E-02  2.128E-02  2.130E-02  2.129E-02  2.128E-02  2.128E-02  2.123E-02  2.122E-02  2.122E-02  2.127E-02
  2.129E-02  2.137E-02  2.132E-02  2.128E-02  2.132E-02  2.136E-02  2.138E-02  2.142E-02  2.148E-02  2.146E-02
  2.150E-02  2.150E-02  2.148E-02  2.141E-02  2.144E-02  2.148E-02  2.146E-02  2.138E-02  2.239E-02  2.460E-02
  2.889E-02  5.733E-02  0.000E+00  0.000E+00  0.000E+00  0.000E+00  0.000E+00  0.000E+00  0.000E+00  0.000E+00
  0.000E+00  0.000E+00  0.000E+00  0.000E+00  0.000E+00  0.000E+00  0.000E+00  0.000E+00  0.000E+00  0.000E+00
  0.000E+00  0.000E+00  0.000E+00  0.000E+00  0.000E+00  1.000E+00  1.000E+00  0.000E+00  0.000E+00  0.000E+00
  2.060E-02  2.067E-02  2.073E-02  2.075E-02  2.071E-02  2.071E-02  2.068E-02  2.069E-02  2.074E-02  2.082E-02
  2.088E-02  2.086E-02  2.087E-02  2.093E-02  2.096E-02  2.092E-02  2.092E-02  2.098E-02  2.097E-02  2.098E-02
  2.091E-02  2.090E-02  2.086E-02  2.083E-02  2.082E-02  2.087E-02  2.084E-02  2.078E-02  2.070E-02  2.067E-02
  2.066E-02  2.068E-02  2.075E-02  2.082E-02  2.083E-02  2.090E-02  2.097E-02  2.094E-02  2.093E-02  2.093E-02
  2.097E-02  2.103E-02  2.103E-02  2.109E-02  2.115E-02  2.119E-02  2.123E-02  2.128E-02  2.135E-02  2.133E-02
  2.138E-02  2.137E-02  2.141E-02  2.141E-02  2.144E-02  2.149E-02  2.146E-02  2.145E-02  2.153E-02  2.164E-02
  2.167E-02  2.163E-02  2.169E-02  2.172E-02  2.175E-02  2.172E-02  2.169E-02  2.164E-02  2.228E-02  2.389E-02
  2.678E-02  3.395E-02  0.000E+00  0.000E+00  0.000E+00  0.000E+00  0.000E+00  0.000E+00  0.000E+00  0.000E+00
  0.000E+00  0.000E+00  0.000E+00  0.000E+00  0.000E+00  0.000E+00  0.000E+00  0.000E+00  0.000E+00  0.000E+00
  0.000E+00  1.000E+00  0.000E+00  0.000E+00  0.000E+00  0.000E+00  0.000E+00  0.000E+00  0.000E+00  0.000E+00
  2.070E-02  2.067E-02  2.068E-02  2.079E-02  2.085E-02  2.087E-02  2.085E-02  2.093E-02  2.097E-02  2.099E-02
  2.098E-02  2.104E-02  2.107E-02  2.108E-02  2.105E-02  2.107E-02  2.106E-02  2.100E-02  2.101E-02  2.110E-02
  2.109E-02  2.118E-02  2.120E-02  2.115E-02  2.120E-02  2.124E-02  2.123E-02  2.128E-02  2.121E-02  2.120E-02
  2.120E-02  2.106E-02  2.103E-02  2.104E-02  2.102E-02  2.110E-02  2.113E-02  2.119E-02  2.126E-02  2.126E-02
  2.120E-02  2.121E-02  2.123E-02  2.118E-02  2.115E-02  2.112E-02  2.118E-02  2.122E-02  2.123E-02  2.117E-02
  2.120E-02  2.129E-02  2.135E-02  2.136E-02  2.136E-02  2.136E-02  2.135E-02  2.139E-02  2.146E-02  2.151E-02
  2.151E-02  2.151E-02  2.148E-02  2.148E-02  2.148E-02  2.152E-02  2.154E-02  2.150E-02  2.208E-02  2.364E-02
  2.696E-02  3.400E-02  0.000E+00  0.000E+00  0.000E+00  0.000E+00  0.000E+00  0.000E+00  0.000E+00  0.000E+00
  0.000E+00  0.000E+00  0.000E+00  0.000E+00  0.000E+00  0.000E+00  0.000E+00  0.000E+00  0.000E+00  0.000E+00
  0.000E+00  0.000E+00  0.000E+00  0.000E+00  0.000E+00  0.000E+00  0.000E+00  0.000E+00  1.000E+00  0.000E+00
  2.102E-02  2.106E-02  2.104E-02  2.098E-02  2.098E-02  2.106E-02  2.104E-02  2.109E-02  2.118E-02  2.126E-02
  2.122E-02  2.119E-02  2.122E-02  2.122E-02  2.122E-02  2.118E-02  2.112E-02  2.116E-02  2.115E-02  2.121E-02
  2.132E-02  2.124E-02  2.122E-02  2.126E-02  2.131E-02  2.129E-02  2.127E-02  2.124E-02  2.120E-02  2.117E-02
  2.118E-02  2.120E-02  2.118E-02  2.121E-02  2.129E-02  2.129E-02  2.136E-02  2.139E-02  2.140E-02  2.143E-02
  2.137E-02  2.139E-02  2.138E-02  2.144E-02  2.138E-02  2.141E-02  2.149E-02  2.154E-02  2.151E-02  2.150E-02
  2.151E-02  2.158E-02  2.160E-02  2.163E-02  2.166E-02  2.169E-02  2.172E-02  2.169E-02  2.163E-02  2.167E-02
  2.175E-02  2.177E-02  2.182E-02  2.191E-02  2.186E-02  2.182E-02  2.186E-02  2.183E-02  2.260E-02  2.465E-02
  2.772E-02  3.465E-02  0.000E+00  0.000E+00  0.000E+00  0.000E+00  0.000E+00  0.000E+00  0.000E+00  0.000E+00
  0.000E+00  0.000E+00  0.000E+00  0.000E+00  0.000E+00  0.000E+00  0.000E+00  0.000E+00  0.000E+00  0.000E+00
  0.000E+00  0.000E+00  0.000E+00  0.000E+00  1.000E+00  0.000E+00  0.000E+00  0.000E+00  0.000E+00  0.000E+00
  2.153E-02  2.159E-02  2.162E-02  2.166E-02  2.173E-02  2.183E-02  2.176E-02  2.179E-02  2.175E-02  2.178E-02
  2.181E-02  2.182E-02  2.186E-02  2.189E-02  2.181E-02  2.177E-02  2.169E-02  2.167E-02  2.182E-02  2.189E-02
  2.199E-02  2.198E-02  2.197E-02  2.192E-02  2.199E-02  2.190E-02  2.188E-02  2.183E-02  2.180E-02  2.185E-02
  2.192E-02  2.194E-02  2.201E-02  2.200E-02  2.201E-02  2.197E-02  2.202E-02  2.204E-02  2.200E-02  2.192E-02
  2.192E-02  2.194E-02  2.193E-02  2.191E-02  2.190E-02  2.188E-02  2.192E-02  2.185E-02  2.185E-02  2.186E-02
  2.185E-02  2.175E-02  2.174E-02  2.171E-02  2.175E-02  2.181E-02  2.171E-02  2.173E-02  2.171E-02  2.175E-02
  2.174E-02  2.180E-02  2.180E-02  2.187E-02  2.193E-02  2.204E-02  2.210E-02  2.199E-02  2.258E-02  2.424E-02
  2.756E-02  3.536E-02  1.000E+00  0.000E+00  0.000E+00  0.000E+00  0.000E+00  0.000E+00  0.000E+00  0.000E+00
  0.000E+00  0.000E+00  0.000E+00  0.000E+00  0.000E+00  0.000E+00  1.000E+00  1.000E+00  0.000E+00  0.000E+00
  0.000E+00  0.000E+00  0.000E+00  0.000E+00  0.000E+00  0.000E+00  0.000E+00  0.000E+00  0.000E+00  0.000E+00
  2.171E-02  2.168E-02  2.174E-02  2.178E-02  2.186E-02  2.186E-02  2.183E-02  2.186E-02  2.181E-02  2.184E-02
  2.188E-02  2.190E-02  2.194E-02  2.186E-02  2.183E-02  2.185E-02  2.187E-02  2.185E-02  2.184E-02  2.181E-02
  2.185E-02  2.191E-02  2.192E-02  2.197E-02  2.201E-02  2.193E-02  2.186E-02  2.193E-02  2.201E-02  2.200E-02
  2.188E-02  2.187E-02  2.174E-02  2.175E-02  2.179E-02  2.179E-02  2.180E-02  2.184E-02  2.188E-02  2.194E-02
  2.198E-02  2.194E-02  2.192E-02  2.199E-02  2.207E-02  2.203E-02  2.207E-02  2.210E-02  2.203E-02  2.201E-02
  2.197E-02  2.198E-02  2.191E-02  2.189E-02  2.185E-02  2.180E-02  2.180E-02  2.178E-02  2.162E-02  2.177E-02
  2.189E-02  2.194E-02  2.200E-02  2.193E-02  2.192E-02  2.198E-02  2.198E-02  2.194E-02  2.258E-02  2.438E-02
  2.750E-02  3.457E-02  0.000E+00  0.000E+00  0.000E+00  0.000E+00  0.000E+00  0.000E+00  0.000E+00  0.000E+00
  0.000E+00  0.000E+00  0.000E+00  0.000E+00  0.000E+00  0.000E+00  0.000E+00  0.000E+00  0.000E+00  0.000E+00
  0.000E+00  0.000E+00  0.000E+00  0.000E+00  1.000E+00  0.000E+00  0.000E+00  0.000E+00  0.000E+00  0.000E+00
  2.111E-02  2.112E-02  2.103E-02  2.105E-02  2.107E-02  2.106E-02  2.111E-02  2.111E-02  2.115E-02  2.113E-02
  2.115E-02  2.112E-02  2.105E-02  2.107E-02  2.119E-02  2.129E-02  2.129E-02  2.135E-02  2.135E-02  2.144E-02
  2.132E-02  2.127E-02  2.131E-02  2.127E-02  2.137E-02  2.133E-02  2.132E-02  2.125E-02  2.122E-02  2.129E-02
  2.128E-02  2.135E-02  2.139E-02  2.142E-02  2.154E-02  2.157E-02  2.153E-02  2.160E-02  2.166E-02  2.172E-02
  2.172E-02  2.175E-02  2.181E-02  2.189E-02  2.191E-02  2.196E-02  2.195E-02  2.203E-02  2.205E-02  2.203E-02
  2.205E-02  2.206E-02  2.201E-02  2.200E-02  2.207E-02  2.215E-02  2.223E-02  2.225E-02  2.225E-02  2.229E-02
  2.240E-02  2.238E-02  2.257E-02  2.261E-02  2.264E-02  2.256E-02  2.250E-02  2.246E-02  2.312E-02  2.509E-02
  2.832E-02  3.594E-02  0.000E+00  0.000E+00  0.000E+00  0.000E+00  0.000E+00  0.000E+00  0.000E+00  0.000E+00
  0.000E+00  0.000E+00  0.000E+00  0.000E+00  0.000E+00  0.000E+00  0.000E+00  0.000E+00  0.000E+00  0.000E+00
  0.000E+00  0.000E+00  0.000E+00  0.000E+00  0.000E+00  0.000E+00  0.000E+00  0.000E+00  1.000E+00  0.000E+00
  2.146E-02  2.150E-02  2.154E-02  2.155E-02  2.152E-02  2.148E-02  2.143E-02  2.143E-02  2.145E-02  2.147E-02
  2.146E-02  2.149E-02  2.144E-02  2.147E-02  2.148E-02  2.145E-02  2.146E-02  2.144E-02  2.141E-02  2.137E-02
  2.135E-02  2.133E-02  2.131E-02  2.129E-02  2.121E-02  2.129E-02  2.134E-02  2.143E-02  2.138E-02  2.137E-02
  2.141E-02  2.148E-02  2.147E-02  2.147E-02  2.140E-02  2.138E-02  2.141E-02  2.152E-02  2.155E-02  2.158E-02
  2.163E-02  2.171E-02  2.174E-02  2.172E-02  2.179E-02  2.184E-02  2.186E-02  2.193E-02  2.195E-02  2.199E-02
  2.204E-02  2.204E-02  2.199E-02  2.194E-02  2.198E-02  2.201E-02  2.204E-02  2.210E-02  2.209E-02  2.221E-02
  2.222E-02  2.218E-02  2.214E-02  2.220E-02  2.223E-02  2.224E-02  2.222E-02  2.222E-02  2.299E-02  2.495E-02
  2.823E-02  3.600E-02  0.000E+00  0.000E+00  0.000E+00  0.000E+00  0.000E+00  0.000E+00  0.000E+00  0.000E+00
  0.000E+00  0.000E+00  0.000E+00  0.000E+00  0.000E+00  0.000E+00  0.000E+00  0.000E+00  0.000E+00  0.000E+00
  0.000E+00  0.000E+00  0.000E+00  0.000E+00  0.000E+00  0.000E+00  0.000E+00  0.000E+00  1.000E+00  1.000E+00
  2.129E-02  2.126E-02  2.129E-02  2.127E-02  2.122E-02  2.124E-02  2.135E-02  2.138E-02  2.134E-02  2.141E-02
  2.146E-02  2.162E-02  2.170E-02  2.172E-02  2.171E-02  2.163E-02  2.166E-02  2.169E-02  2.170E-02  2.173E-02
  2.175E-02  2.168E-02  2.171E-02  2.175E-02  2.173E-02  2.165E-02  2.165E-02  2.163E-02  2.162E-02  2.162E-02
  2.156E-02  2.153E-02  2.148E-02  2.149E-02  2.153E-02  2.170E-02  2.172E-02  2.174E-02  2.179E-02  2.181E-02
  2.184E-02  2.187E-02  2.187E-02  2.185E-02  2.182E-02  2.185E-02  2.179E-02  2.178E-02  2.183E-02  2.184E-02
  2.180E-02  2.178E-02  2.183E-02  2.183E-02  2.180E-02  2.180E-02  2.179E-02  2.187E-02  2.190E-02  2.195E-02
  2.201E-02  2.207E-02  2.200E-02  2.212E-02  2.204E-02  2.203E-02  2.193E-02  2.193E-02  2.275E-02  2.473E-02
  2.805E-02  3.559E-02  0.000E+00  0.000E+00  0.000E+00  0.000E+00  0.000E+00  0.000E+00  0.000E+00  0.000E+00
  0.000E+00  0.000E+00  0.000E+00  0.000E+00  0.000E+00  0.000E+00  0.000E+00  0.000E+00  0.000E+00  0.000E+00
  0.000E+00  0.000E+00  0.000E+00  0.000E+00  0.000E+00  0.000E+00  0.000E+00  0.000E+00  0.000E+00  0.000E+00
  2.143E-02  2.142E-02  2.148E-02  2.146E-02  2.139E-02  2.130E-02  2.123E-02  2.126E-02  2.124E-02  2.121E-02
  2.118E-02  2.123E-02  2.131E-02  2.137E-02  2.145E-02  2.153E-02  2.157E-02  2.164E-02  2.169E-02  2.172E-02
  2.167E-02  2.167E-02  2.175E-02  2.182E-02  2.184E-02  2.195E-02  2.195E-02  2.196E-02  2.191E-02  2.190E-02
  2.195E-02  2.195E-02  2.199E-02  2.199E-02  2.206E-02  2.198E-02  2.181E-02  2.180E-02  2.189E-02  2.188E-02
  2.188E-02  2.183E-02  2.185E-02  2.186E-02  2.196E-02  2.193E-02  2.188E-02  2.185E-02  2.180E-02  2.175E-02
  2.178E-02  2.176E-02  2.176E-02  2.176E-02  2.183E-02  2.181E-02  2.188E-02  2.198E-02  2.207E-02  2.204E-02
  2.201E-02  2.195E-02  2.192E-02  2.189E-02  2.204E-02  2.217E-02  2.213E-02  2.195E-02  2.273E-02  2.444E-02
  2.753E-02  3.485E-02  0.000E+00  0.000E+00  0.000E+00  0.000E+00  0.000E+00  0.000E+00  0.000E+00  0.000E+00
  0.000E+00  0.000E+00  0.000E+00  1.000E+00  1.000E+00  1.000E+00  0.000E+00  0.000E+00  0.000E+00  0.000E+00
  0.000E+00  0.000E+00  0.000E+00  0.000E+00  0.000E+00  0.000E+00  1.000E+00  0.000E+00  0.000E+00  0.000E+00
  2.101E-02  2.103E-02  2.097E-02  2.096E-02  2.099E-02  2.098E-02  2.099E-02  2.100E-02  2.102E-02  2.113E-02
  2.117E-02  2.120E-02  2.115E-02  2.118E-02  2.115E-02  2.124E-02  2.134E-02  2.130E-02  2.130E-02  2.130E-02
  2.132E-02  2.132E-02  2.123E-02  2.120E-02  2.119E-02  2.125E-02  2.135E-02  2.143E-02  2.143E-02  2.141E-02
  2.144E-02  2.143E-02  2.142E-02  2.137E-02  2.136E-02  2.137E-02  2.137E-02  2.133E-02  2.139E-02  2.139E-02
  2.142E-02  2.153E-02  2.162E-02  2.160E-02  2.171E-02  2.171E-02  2.167E-02  2.159E-02  2.165E-02  2.172E-02
  2.176E-02  2.176E-02  2.174E-02  2.175E-02  2.167E-02  2.160E-02  2.167E-02  2.163E-02  2.168E-02  2.163E-02
  2.160E-02  2.162E-02  2.160E-02  2.167E-02  2.160E-02  2.157E-02  2.161E-02  2.152E-02  2.213E-02  2.398E-02
  2.728E-02  3.432E-02  0.000E+00  0.000E+00  0.000E+00  0.000E+00  0.000E+00  0.000E+00  0.000E+00  0.000E+00
  0.000E+00  0.000E+00  0.000E+00  0.000E+00  0.000E+00  0.000E+00  0.000E+00  0.000E+00  0.000E+00  0.000E+00
  0.000E+00  0.000E+00  0.000E+00  0.000E+00  0.000E+00  0.000E+00  0.000E+00  0.000E+00  0.000E+00  0.000E+00
  2.118E-02  2.116E-02  2.108E-02  2.109E-02  2.115E-02  2.112E-02  2.111E-02  2.114E-02  2.110E-02  2.111E-02
  2.107E-02  2.100E-02  2.089E-02  2.131E-02  2.216E-02  2.369E-02  2.630E-02  3.268E-02  3.263E-02  3.272E-02
  3.287E-02  3.290E-02  3.298E-02  3.298E-02  3.314E-02  3.306E-02  3.313E-02  3.308E-02  3.320E-02  3.332E-02
  3.356E-02  3.394E-02  3.410E-02  3.427E-02  3.424E-02  3.426E-02  3.424E-02  3.458E-02  3.482E-02  3.483E-02
  3.477E-02  3.470E-02  3.469E-02  3.455E-02  3.450E-02  3.442E-02  3.430E-02  3.444E-02  3.454E-02  3.438E-02
  3.406E-02  3.384E-02  3.383E-02  3.387E-02  3.408E-02  3.402E-02  3.407E-02  3.406E-02  3.407E-02  3.411E-02
  3.410E-02  3.437E-02  3.447E-02  3.439E-02  3.456E-02  3.461E-02  3.452E-02  3.464E-02  3.600E-02  3.889E-02
  4.330E-02  5.521E-02  4.503E-01  5.115E-01  5.285E-01  5.000E-01  5.001E-01  5.302E-01  4.638E-01  4.284E-01
  4.658E-01  0.000E+00  0.000E+00  0.000E+00  0.000E+00  0.000E+00  0.000E+00  0.000E+00  0.000E+00  0.000E+00
  0.000E+00  0.000E+00  0.000E+00  0.000E+00  0.000E+00  0.000E+00  0.000E+00  0.000E+00  0.000E+00  0.000E+00
  2.085E-02  2.089E-02  2.087E-02  2.086E-02  2.084E-02  2.087E-02  2.092E-02  2.089E-02  2.093E-02  2.089E-02
  2.089E-02  2.087E-02  2.080E-02  2.148E-02  2.345E-02  2.654E-02  3.299E-02  0.000E+00  0.000E+00  0.000E+00
  0.000E+00  0.000E+00  0.000E+00  0.000E+00  0.000E+00  0.000E+00  0.000E+00  0.000E+00  0.000E+00  0.000E+00
  0.000E+00  0.000E+00  0.000E+00  0.000E+00  0.000E+00  0.000E+00  0.000E+00  0.000E+00  0.000E+00  0.000E+00
  0.000E+00  0.000E+00  0.000E+00  0.000E+00  0.000E+00  0.000E+00  0.000E+00  0.000E+00  0.000E+00  0.000E+00
  0.000E+00  0.000E+00  0.000E+00  0.000E+00  0.000E+00  0.000E+00  0.000E+00  0.000E+00  0.000E+00  0.000E+00
  0.000E+00  0.000E+00  0.000E+00  0.000E+00  0.000E+00  0.000E+00  0.000E+00  0.000E+00  0.000E+00  0.000E+00
  0.000E+00  0.000E+00  0.000E+00  0.000E+00  0.000E+00  0.000E+00  0.000E+00  0.000E+00  0.000E+00  0.000E+00
  0.000E+00  0.000E+00  0.000E+00  0.000E+00  0.000E+00  0.000E+00  0.000E+00  0.000E+00  0.000E+00  0.000E+00
  0.000E+00  0.000E+00  0.000E+00  0.000E+00  0.000E+00  0.000E+00  0.000E+00  0.000E+00  0.000E+00  0.000E+00
  2.108E-02  2.112E-02  2.112E-02  2.109E-02  2.109E-02  2.107E-02  2.117E-02  2.120E-02  2.123E-02  2.120E-02
  2.116E-02  2.112E-02  2.112E-02  2.179E-02  2.348E-02  2.606E-02  3.318E-02  8.689E-01  0.000E+00  0.000E+00
  0.000E+00  0.000E+00  0.000E+00  0.000E+00  0.000E+00  0.000E+00  0.000E+00  0.000E+00  0.000E+00  0.000E+00
  0.000E+00  0.000E+00  0.000E+00  0.000E+00  0.000E+00  0.000E+00  0.000E+00  0.000E+00  0.000E+00  0.000E+00
  0.000E+00  0.000E+00  0.000E+00  0.000E+00  0.000E+00  0.000E+00  0.000E+00  0.000E+00  0.000E+00  0.000E+00
  0.000E+00  0.000E+00  0.000E+00  0.000E+00  0.000E+00  0.000E+00  0.000E+00  0.000E+00  0.000E+00  0.000E+00
  0.000E+00  0.000E+00  0.000E+00  0.000E+00  0.000E+00  0.000E+00  0.000E+00  0.000E+00  0.000E+00  0.000E+00
  0.000E+00  0.000E+00  0.000E+00  0.000E+00  0.000E+00  0.000E+00  0.000E+00  0.000E+00  0.000E+00  0.000E+00
  0.000E+00  0.000E+00  0.000E+00  0.000E+00  0.000E+00  0.000E+00  0.000E+00  0.000E+00  0.000E+00  0.000E+00
  0.000E+00  0.000E+00  0.000E+00  0.000E+00  0.000E+00  0.000E+00  0.000E+00  0.000E+00  0.000E+00  0.000E+00
  2.067E-02  2.071E-02  2.072E-02  2.064E-02  2.059E-02  2.054E-02  2.060E-02  2.067E-02  2.068E-02  2.068E-02
  2.067E-02  2.061E-02  2.056E-02  2.122E-02  2.289E-02  2.590E-02  3.268E-02  0.000E+00  0.000E+00  0.000E+00
  0.000E+00  0.000E+00  0.000E+00  0.000E+00  0.000E+00  0.000E+00  0.000E+00  0.000E+00  0.000E+00  0.000E+00
  0.000E+00  0.000E+00  0.000E+00  0.000E+00  0.000E+00  0.000E+00  0.000E+00  0.000E+00  0.000E+00  0.000E+00
  0.000E+00  0.000E+00  0.000E+00  0.000E+00  0.000E+00  0.000E+00  0.000E+00  0.000E+00  0.000E+00  0.000E+00
  0.000E+00  0.000E+00  0.000E+00  0.000E+00  0.000E+00  0.000E+00  0.000E+00  0.000E+00  0.000E+00  0.000E+00
  0.000E+00  0.000E+00  0.000E+00  0.000E+00  0.000E+00  0.000E+00  0.000E+00  0.000E+00  0.000E+00  0.000E+00
  0.000E+00  0.000E+00  0.000E+00  0.000E+00  0.000E+00  0.000E+00  0.000E+00  0.000E+00  0.000E+00  0.000E+00
  0.000E+00  0.000E+00  0.000E+00  0.000E+00  0.000E+00  0.000E+00  0.000E+00  0.000E+00  0.000E+00  0.000E+00
  0.000E+00  0.000E+00  0.000E+00  0.000E+00  0.000E+00  0.000E+00  0.000E+00  0.000E+00  0.000E+00  0.000E+00
  2.154E-02  2.146E-02  2.147E-02  2.138E-02  2.134E-02  2.132E-02  2.135E-02  2.141E-02  2.141E-02  2.141E-02
  2.138E-02  2.146E-02  2.129E-02  2.199E-02  2.367E-02  2.657E-02  3.345E-02  6.001E-01  0.000E+00  0.000E+00
  0.000E+00  0.000E+00  0.000E+00  0.000E+00  0.000E+00  0.000E+00  0.000E+00  0.000E+00  0.000E+00  0.000E+00
  0.000E+00  0.000E+00  0.000E+00  0.000E+00  0.000E+00  0.000E+00  0.000E+00  0.000E+00  0.000E+00  0.000E+00
  0.000E+00  0.000E+00  0.000E+00  0.000E+00  0.000E+00  0.000E+00  0.000E+00  0.000E+00  0.000E+00  0.000E+00
  0.000E+00  0.000E+00  0.000E+00  0.000E+00  0.000E+00  0.000E+00  0.000E+00  0.000E+00  0.000E+00  0.000E+00
  0.000E+00  0.000E+00  0.000E+00  0.000E+00  0.000E+00  0.000E+00  0.000E+00  0.000E+00  0.000E+00  0.000E+00
  0.000E+00  0.000E+00  0.000E+00  0.000E+00  0.000E+00  0.000E+00  0.000E+00  0.000E+00  0.000E+00  0.000E+00
  0.000E+00  0.000E+00  0.000E+00  0.000E+00  0.000E+00  0.000E+00  0.000E+00  0.000E+00  0.000E+00  0.000E+00
  0.000E+00  0.000E+00  0.000E+00  0.000E+00  0.000E+00  0.000E+00  0.000E+00  0.000E+00  0.000E+00  0.000E+00
  2.115E-02  2.109E-02  2.111E-02  2.109E-02  2.117E-02  2.121E-02  2.130E-02  2.127E-02  2.126E-02  2.124E-02
  2.126E-02  2.124E-02  2.118E-02  2.178E-02  2.353E-02  2.629E-02  3.290E-02  5.507E-01  0.000E+00  0.000E+00
  0.000E+00  0.000E+00  0.000E+00  0.000E+00  0.000E+00  0.000E+00  0.000E+00  0.000E+00  0.000E+00  0.000E+00
  0.000E+00  0.000E+00  0.000E+00  0.000E+00  0.000E+00  0.000E+00  0.000E+00  0.000E+00  0.000E+00  0.000E+00
  0.000E+00  0.000E+00  0.000E+00  0.000E+00  0.000E+00  0.000E+00  0.000E+00  0.000E+00  0.000E+00  0.000E+00
  0.000E+00  0.000E+00  0.000E+00  0.000E+00  0.000E+00  0.000E+00  0.000E+00  0.000E+00  0.000E+00  0.000E+00
  0.000E+00  0.000E+00  0.000E+00  0.000E+00  0.000E+00  0.000E+00  0.000E+00  0.000E+00  0.000E+00  0.000E+00
  0.000E+00  0.000E+00  0.000E+00  0.000E+00  0.000E+00  0.000E+00  0.000E+00  0.000E+00  0.000E+00  0.000E+00
  0.000E+00  0.000E+00  0.000E+00  0.000E+00  0.000E+00  0.000E+00  0.000E+00  0.000E+00  0.000E+00  0.000E+00
  0.000E+00  0.000E+00  0.000E+00  0.000E+00  0.000E+00  0.000E+00  0.000E+00  0.000E+00  0.000E+00  0.000E+00

#------------------------------------------------------------------------------
# gshow
#------------------------------------------------------------------------------

p: legs[c5*0.875]

hb:   line clip z  
frame:
  9.5000006E+01 -2.9999866E+00
  1.0000001E+02 -2.9999866E+00
  1.0000001E+02  3.0000134E+00
  9.5000006E+01  3.0000134E+00
clip:
  9.49505012E+01 -3.28570021E+00
  9.55800000E+01 -3.28570021E+00
  9.55800000E+01 -3.17217549E+00
  9.55800000E+01 -2.95712878E+00
  9.55800000E+01 -2.84360407E+00
  9.55800000E+01 -2.62855735E+00
  9.55800000E+01 -2.51503264E+00
  9.55800000E+01 -2.29998593E+00
  9.55800000E+01 -2.18646121E+00
  9.55800000E+01 -1.97141450E+00
  9.55800000E+01 -1.85788978E+00
  9.55800000E+01 -1.64284307E+00
  9.55800000E+01 -1.52931835E+00
  9.56140287E+01 -1.31850000E+00
  9.56643626E+01 -1.31850000E+00
  9.83165039E+01 -1.31850000E+00
  9.83300000E+01 -1.31427164E+00
  9.83300000E+01 -1.22307702E+00
  9.83300000E+01 -9.85700212E-01
  9.83300000E+01 -8.94505592E-01
  9.83300000E+01 -6.57128783E-01
  9.83300000E+01 -5.65934163E-01
  9.83300000E+01 -3.28557354E-01
  9.83300000E+01 -2.37362735E-01
  9.83158478E+01 -5.00000000E-02
  9.82726192E+01 -5.00000000E-02
  9.82648577E+01 -5.00000000E-02
  9.82216291E+01 -5.00000000E-02
  9.82138676E+01 -5.00000000E-02
  9.81706390E+01 -5.00000000E-02
  9.81628775E+01 -5.00000000E-02
  9.81628775E+01  5.00000000E-02
  9.82061104E+01  5.00000000E-02
  9.82138676E+01  5.00000000E-02
  9.82571005E+01  5.00000000E-02
  9.82648577E+01  5.00000000E-02
  9.83080906E+01  5.00000000E-02
  9.83300000E+01  2.37390883E-01
  9.83300000E+01  2.06263727E+00
  9.83668379E+01  2.18150000E+00
  9.83852297E+01  2.18150000E+00
  9.84178280E+01  2.18150000E+00
  9.84362198E+01  2.18150000E+00
  9.84688181E+01  2.18150000E+00
  9.84872099E+01  2.18150000E+00
  9.85198082E+01  2.18150000E+00
  9.85382000E+01  2.18150000E+00
  9.85707983E+01  2.18150000E+00
  9.85891901E+01  2.18150000E+00
  9.86217884E+01  2.18150000E+00
  9.86401802E+01  2.18150000E+00
  9.86727785E+01  2.18150000E+00
  9.86911703E+01  2.18150000E+00
  9.87237685E+01  2.18150000E+00
  9.87421604E+01  2.18150000E+00
  9.87747586E+01  2.18150000E+00
  9.87931505E+01  2.18150000E+00
  9.88257487E+01  2.18150000E+00
  9.88441406E+01  2.18150000E+00
  9.88767388E+01  2.18150000E+00
  9.88951307E+01  2.18150000E+00
  9.89277289E+01  2.18150000E+00
  9.89461208E+01  2.18150000E+00
  9.89787190E+01  2.18150000E+00
  9.90297091E+01  2.20000000E+00
  9.91982004E+01  2.20000000E+00
  9.92100000E+01  1.97144265E+00
  9.92100000E+01  1.81892021E+00
  9.92100000E+01  1.64287122E+00
  9.92100000E+01  1.49034878E+00
  9.92100000E+01  1.31429979E+00
  9.92100000E+01  1.16177735E+00
  9.92100000E+01  9.85728360E-01
  9.92100000E+01  8.33205920E-01
  9.92100000E+01  6.57156931E-01
  9.92100000E+01  5.04634492E-01
  9.92100000E+01  3.28585503E-01
  9.92100000E+01  1.76063063E-01
  9.92100000E+01  1.40740734E-05
  9.92100000E+01 -1.52508366E-01
  9.92100000E+01 -3.28557354E-01
  9.92100000E+01 -4.81079794E-01
  9.92100000E+01 -6.57128783E-01
  9.92100000E+01 -8.09651223E-01
  9.92100000E+01 -9.85700212E-01
  9.92100000E+01 -1.13822265E+00
  9.92100000E+01 -1.31427164E+00
  9.92336695E+01 -1.31850000E+00
  1.00049511E+02 -1.31850000E+00
  1.00049511E+02 -1.31427164E+00
  1.00049511E+02 -9.85700212E-01
  1.00049511E+02 -6.57128783E-01
  1.00049511E+02 -3.28557354E-01
  1.00049511E+02  1.40740734E-05
  1.00049511E+02  3.28585503E-01
  1.00049511E+02  6.57156931E-01
  1.00049511E+02  9.85728360E-01
  1.00049511E+02  1.31429979E+00
  1.00049511E+02  1.64287122E+00
  1.00049511E+02  1.97144265E+00
  1.00049511E+02  2.30001407E+00
  1.00049511E+02  2.62858550E+00
  1.00049511E+02  2.95715693E+00
  1.00049511E+02  3.28572836E+00
  9.99985210E+01  3.28572836E+00
  9.99475309E+01  3.28572836E+00
  9.98965408E+01  3.28572836E+00
  9.98455507E+01  3.28572836E+00
  9.97945606E+01  3.28572836E+00
  9.97435705E+01  3.28572836E+00
  9.96925804E+01  3.28572836E+00
  9.96415903E+01  3.28572836E+00
  9.95906002E+01  3.28572836E+00
  9.95396101E+01  3.28572836E+00
  9.94886200E+01  3.28572836E+00
  9.94376299E+01  3.28572836E+00
  9.93866398E+01  3.28572836E+00
  9.93356497E+01  3.28572836E+00
  9.92846596E+01  3.28572836E+00
  9.92336695E+01  3.28572836E+00
  9.91826794E+01  3.28572836E+00
  9.91316893E+01  3.28572836E+00
  9.90806992E+01  3.28572836E+00
  9.90297091E+01  3.28572836E+00
  9.89787190E+01  3.28572836E+00
  9.89277289E+01  3.28572836E+00
  9.88767388E+01  3.28572836E+00
  9.88257487E+01  3.28572836E+00
  9.87747586E+01  3.28572836E+00
  9.87237685E+01  3.28572836E+00
  9.86727785E+01  3.28572836E+00
  9.86217884E+01  3.28572836E+00
  9.85707983E+01  3.28572836E+00
  9.85198082E+01  3.28572836E+00
  9.84688181E+01  3.28572836E+00
  9.84178280E+01  3.28572836E+00
  9.83668379E+01  3.28572836E+00
  9.83158478E+01  3.28572836E+00
  9.82648577E+01  3.28572836E+00
  9.82138676E+01  3.28572836E+00
  9.81628775E+01  3.28572836E+00
  9.81118874E+01  3.28572836E+00
  9.80608973E+01  3.28572836E+00
  9.80099072E+01  3.28572836E+00
  9.79589171E+01  3.28572836E+00
  9.79079270E+01  3.28572836E+00
  9.78569369E+01  3.28572836E+00
  9.78059468E+01  3.28572836E+00
  9.77549567E+01  3.28572836E+00
  9.77039666E+01  3.28572836E+00
  9.76529765E+01  3.28572836E+00
  9.76019864E+01  3.28572836E+00
  9.75509963E+01  3.28572836E+00
  9.75000062E+01  3.28572836E+00
  9.74490161E+01  3.28572836E+00
  9.73980260E+01  3.28572836E+00
  9.73470359E+01  3.28572836E+00
  9.72960458E+01  3.28572836E+00
  9.72450557E+01  3.28572836E+00
  9.71940656E+01  3.28572836E+00
  9.71430755E+01  3.28572836E+00
  9.70920854E+01  3.28572836E+00
  9.70410953E+01  3.28572836E+00
  9.69901052E+01  3.28572836E+00
  9.69391151E+01  3.28572836E+00
  9.68881250E+01  3.28572836E+00
  9.68371349E+01  3.28572836E+00
  9.67861448E+01  3.28572836E+00
  9.67351547E+01  3.28572836E+00
  9.66841646E+01  3.28572836E+00
  9.66331745E+01  3.28572836E+00
  9.65821844E+01  3.28572836E+00
  9.65311943E+01  3.28572836E+00
  9.64802042E+01  3.28572836E+00
  9.64292141E+01  3.28572836E+00
  9.63782240E+01  3.28572836E+00
  9.63272339E+01  3.28572836E+00
  9.62762438E+01  3.28572836E+00
  9.62252537E+01  3.28572836E+00
  9.61742636E+01  3.28572836E+00
  9.61232735E+01  3.28572836E+00
  9.60722834E+01  3.28572836E+00
  9.60212933E+01  3.28572836E+00
  9.59703032E+01  3.28572836E+00
  9.59193131E+01  3.28572836E+00
  9.58683230E+01  3.28572836E+00
  9.58173329E+01  3.28572836E+00
  9.57663428E+01  3.28572836E+00
  9.57153527E+01  3.28572836E+00
  9.56643626E+01  3.28572836E+00
  9.56133725E+01  3.28572836E+00
  9.55623824E+01  3.28572836E+00
  9.55113923E+01  3.28572836E+00
  9.54604022E+01  3.28572836E+00
  9.54094121E+01  3.28572836E+00
  9.53584220E+01  3.28572836E+00
  9.53074319E+01  3.28572836E+00
  9.52564418E+01  3.28572836E+00
  9.52054517E+01  3.28572836E+00
  9.51544616E+01  3.28572836E+00
  9.51034715E+01  3.28572836E+00
  9.50524814E+01  3.28572836E+00
  9.50014913E+01  3.28572836E+00
  9.49505012E+01  3.28572836E+00
  9.49505012E+01  2.95715693E+00
  9.49505012E+01  2.62858550E+00
  9.49505012E+01  2.30001407E+00
  9.49505012E+01  1.97144265E+00
  9.49505012E+01  1.64287122E+00
  9.49505012E+01  1.31429979E+00
  9.49505012E+01  9.85728360E-01
  9.49505012E+01  6.57156931E-01
  9.49505012E+01  3.28585503E-01
  9.49505012E+01  1.40740734E-05
  9.49505012E+01 -3.28557354E-01
  9.49505012E+01 -6.57128783E-01
  9.49505012E+01 -9.85700212E-01
  9.49505012E+01 -1.31427164E+00
  9.49505012E+01 -1.64284307E+00
  9.49505012E+01 -1.97141450E+00
  9.49505012E+01 -2.29998593E+00
  9.49505012E+01 -2.62855735E+00
  9.49505012E+01 -2.95712878E+00
  9.49505012E+01 -3.28570021E+00

hb:   line clip z  
frame:
  9.5000006E+01 -2.9999866E+00
  1.0000001E+02 -2.9999866E+00
  1.0000001E+02  3.0000134E+00
  9.5000006E+01  3.0000134E+00
clip:
  9.56133725E+01 -3.28570021E+00
  9.60800000E+01 -3.28570021E+00
  9.60800000E+01 -3.23597577E+00
  9.60800000E+01 -2.95712878E+00
  9.60800000E+01 -2.90740434E+00
  9.60800000E+01 -2.62855735E+00
  9.60800000E+01 -2.57883291E+00
  9.60800000E+01 -2.29998593E+00
  9.60800000E+01 -2.25026149E+00
  9.60800000E+01 -1.97141450E+00
  9.60800000E+01 -1.92169006E+00
  9.60800000E+01 -1.64284307E+00
  9.60800000E+01 -1.59311863E+00
  9.60722834E+01 -1.31850000E+00
  9.60219495E+01 -1.31850000E+00
  9.60212933E+01 -1.31850000E+00
  9.59709594E+01 -1.31850000E+00
  9.59703032E+01 -1.31850000E+00
  9.59199693E+01 -1.31850000E+00
  9.59193131E+01 -1.31850000E+00
  9.58689792E+01 -1.31850000E+00
  9.58683230E+01 -1.31850000E+00
  9.58179891E+01 -1.31850000E+00
  9.58173329E+01 -1.31850000E+00
  9.57669990E+01 -1.31850000E+00
  9.57663428E+01 -1.31850000E+00
  9.57160089E+01 -1.31850000E+00
  9.57153527E+01 -1.31850000E+00
  9.56650188E+01 -1.31850000E+00
  9.56643626E+01 -1.31850000E+00
  9.56140287E+01 -1.31850000E+00
  9.56133725E+01 -1.31850000E+00
  9.55800000E+01 -1.42779636E+00
  9.55800000E+01 -1.64284307E+00
  9.55800000E+01 -1.85788978E+00
  9.55800000E+01 -1.97141450E+00
  9.55800000E+01 -2.18646121E+00
  9.55800000E+01 -2.29998593E+00
  9.55800000E+01 -2.51503264E+00
  9.55800000E+01 -2.62855735E+00
  9.55800000E+01 -2.84360407E+00
  9.55800000E+01 -2.95712878E+00
  9.55800000E+01 -3.17217549E+00
  9.55800000E+01 -3.28570021E+00

hb:   line clip z  
frame:
  9.5000006E+01 -2.9999866E+00
  1.0000001E+02 -2.9999866E+00
  1.0000001E+02  3.0000134E+00
  9.5000006E+01  3.0000134E+00
clip:
  9.61232735E+01 -3.28570021E+00
  9.72787517E+01 -3.28570021E+00
  9.73246103E+01 -3.14119342E+00
  9.73877160E+01 -2.95712878E+00
  9.74490161E+01 -2.79295672E+00
  9.75042729E+01 -2.65605152E+00
  9.75509963E+01 -2.54779358E+00
  9.76019864E+01 -2.43692984E+00
  9.76529765E+01 -2.33317527E+00
  9.77039666E+01 -2.23609713E+00
  9.77549567E+01 -2.14532183E+00
  9.78059468E+01 -2.06052484E+00
  9.78569369E+01 -1.98142289E+00
  9.78636533E+01 -1.97141450E+00
  9.79079270E+01 -1.90776764E+00
  9.79418805E+01 -1.86163393E+00
  9.79589171E+01 -1.83934068E+00
  9.79843988E+01 -1.80704323E+00
  9.80099072E+01 -1.77594947E+00
  9.80273694E+01 -1.75536675E+00
  9.80608973E+01 -1.71742397E+00
  9.80707939E+01 -1.70661554E+00
  9.81118874E+01 -1.66361395E+00
  9.81328348E+01 -1.64284307E+00
  9.81234245E+01 -1.56850000E+00
  9.81118874E+01 -1.56850000E+00
  9.81003503E+01 -1.56850000E+00
  9.80608973E+01 -1.56850000E+00
  9.80493602E+01 -1.56850000E+00
  9.80099072E+01 -1.56850000E+00
  9.79983701E+01 -1.56850000E+00
  9.79589171E+01 -1.56850000E+00
  9.79473800E+01 -1.56850000E+00
  9.79079270E+01 -1.56850000E+00
  9.78963899E+01 -1.56850000E+00
  9.78569369E+01 -1.56850000E+00
  9.78453998E+01 -1.56850000E+00
  9.78059468E+01 -1.56850000E+00
  9.77944097E+01 -1.56850000E+00
  9.77549567E+01 -1.56850000E+00
  9.77434196E+01 -1.56850000E+00
  9.77039666E+01 -1.56850000E+00
  9.76924295E+01 -1.56850000E+00
  9.76529765E+01 -1.56850000E+00
  9.76414394E+01 -1.56850000E+00
  9.76019864E+01 -1.56850000E+00
  9.75904493E+01 -1.56850000E+00
  9.75509963E+01 -1.56850000E+00
  9.75394592E+01 -1.56850000E+00
  9.75000062E+01 -1.56850000E+00
  9.74884691E+01 -1.56850000E+00
  9.74490161E+01 -1.56850000E+00
  9.74374790E+01 -1.56850000E+00
  9.73980260E+01 -1.56850000E+00
  9.73864889E+01 -1.56850000E+00
  9.73470359E+01 -1.56850000E+00
  9.73354988E+01 -1.56850000E+00
  9.72960458E+01 -1.56850000E+00
  9.72845087E+01 -1.56850000E+00
  9.72450557E+01 -1.56850000E+00
  9.72335186E+01 -1.56850000E+00
  9.71940656E+01 -1.56850000E+00
  9.71825285E+01 -1.56850000E+00
  9.71430755E+01 -1.56850000E+00
  9.71315384E+01 -1.56850000E+00
  9.70920854E+01 -1.56850000E+00
  9.70805483E+01 -1.56850000E+00
  9.70410953E+01 -1.56850000E+00
  9.70295582E+01 -1.56850000E+00
  9.69901052E+01 -1.56850000E+00
  9.69785681E+01 -1.56850000E+00
  9.69391151E+01 -1.56850000E+00
  9.69275780E+01 -1.56850000E+00
  9.68881250E+01 -1.56850000E+00
  9.68765879E+01 -1.56850000E+00
  9.68371349E+01 -1.56850000E+00
  9.68255978E+01 -1.56850000E+00
  9.67861448E+01 -1.56850000E+00
  9.67746077E+01 -1.56850000E+00
  9.67351547E+01 -1.56850000E+00
  9.67236176E+01 -1.56850000E+00
  9.66841646E+01 -1.56850000E+00
  9.66726275E+01 -1.56850000E+00
  9.66331745E+01 -1.56850000E+00
  9.66216374E+01 -1.56850000E+00
  9.65821844E+01 -1.56850000E+00
  9.65706473E+01 -1.56850000E+00
  9.65311943E+01 -1.56850000E+00
  9.65196572E+01 -1.56850000E+00
  9.64802042E+01 -1.56850000E+00
  9.64686671E+01 -1.56850000E+00
  9.64292141E+01 -1.56850000E+00
  9.64176770E+01 -1.56850000E+00
  9.63782240E+01 -1.56850000E+00
  9.63666869E+01 -1.56850000E+00
  9.63272339E+01 -1.56850000E+00
  9.63156968E+01 -1.56850000E+00
  9.62762438E+01 -1.56850000E+00
  9.62647067E+01 -1.56850000E+00
  9.62252537E+01 -1.56850000E+00
  9.62137166E+01 -1.56850000E+00
  9.61742636E+01 -1.56850000E+00
  9.61627265E+01 -1.56850000E+00
  9.61232735E+01 -1.56850000E+00
  9.61117364E+01 -1.56850000E+00
  9.60800000E+01 -1.64284307E+00
  9.60800000E+01 -1.92169006E+00
  9.60800000E+01 -1.97141450E+00
  9.60800000E+01 -2.25026149E+00
  9.60800000E+01 -2.29998593E+00
  9.60800000E+01 -2.57883291E+00
  9.60800000E+01 -2.62855735E+00
  9.60800000E+01 -2.90740434E+00
  9.60800000E+01 -2.95712878E+00
  9.60800000E+01 -3.23597577E+00
  9.60800000E+01 -3.28570021E+00

hb:   line clip z  
frame:
  9.5000006E+01 -2.9999866E+00
  1.0000001E+02 -2.9999866E+00
  1.0000001E+02  3.0000134E+00
  9.5000006E+01  3.0000134E+00
clip:
  9.72960458E+01 -3.28570021E+00
  1.00049511E+02 -3.28570021E+00
  1.00049511E+02 -2.95712878E+00
  1.00049511E+02 -2.78917622E+00
  1.00006996E+02 -2.68316683E+00
  9.99985210E+01 -2.66273712E+00
  9.99841284E+01 -2.62855735E+00
  9.99571933E+01 -2.56629480E+00
  9.99475309E+01 -2.54448721E+00
  9.99276552E+01 -2.50048139E+00
  9.98965408E+01 -2.43383552E+00
  9.98523265E+01 -2.34364775E+00
  9.98455507E+01 -2.33027955E+00
  9.98299709E+01 -2.29998593E+00
  9.98025932E+01 -2.24822541E+00
  9.97945606E+01 -2.23338844E+00
  9.97801574E+01 -2.20717423E+00
  9.97435705E+01 -2.14279015E+00
  9.97105741E+01 -2.08736257E+00
  9.96925804E+01 -2.05816145E+00
  9.96431678E+01 -1.98157966E+00
  9.96415903E+01 -1.97922016E+00
  9.96363467E+01 -1.97141450E+00
  9.95989778E+01 -1.91743096E+00
  9.95906002E+01 -1.90571885E+00
  9.95776353E+01 -1.88787095E+00
  9.95396101E+01 -1.83743993E+00
  9.95137441E+01 -1.80473796E+00
  9.94886200E+01 -1.77419154E+00
  9.94513110E+01 -1.73100174E+00
  9.94376299E+01 -1.71580426E+00
  9.93901893E+01 -1.66571507E+00
  9.93866398E+01 -1.66212839E+00
  9.93671652E+01 -1.64284307E+00
  9.93396969E+01 -1.61676405E+00
  9.93356497E+01 -1.61303168E+00
  9.93302586E+01 -1.60810348E+00
  9.92846596E+01 -1.56839749E+00
  9.92714193E+01 -1.55752441E+00
  9.92336695E+01 -1.52812316E+00
  9.92135875E+01 -1.51343805E+00
  9.91826794E+01 -1.49211877E+00
  9.91566922E+01 -1.47538608E+00
  9.91316893E+01 -1.46030602E+00
  9.91006725E+01 -1.44297577E+00
  9.90806992E+01 -1.43261729E+00
  9.90454756E+01 -1.41586792E+00
  9.90297091E+01 -1.40899494E+00
  9.89910558E+01 -1.39376756E+00
  9.89787190E+01 -1.38939060E+00
  9.89373731E+01 -1.37641665E+00
  9.89277289E+01 -1.37376475E+00
  9.88843922E+01 -1.36358833E+00
  9.88767388E+01 -1.36208622E+00
  9.88320820E+01 -1.35508225E+00
  9.88257487E+01 -1.35433197E+00
  9.87804151E+01 -1.35072085E+00
  9.87747586E+01 -1.35048676E+00
  9.87293669E+01 -1.35034630E+00
  9.87237685E+01 -1.35054309E+00
  9.86789155E+01 -1.35381797E+00
  9.86727785E+01 -1.35450106E+00
  9.86290416E+01 -1.36101030E+00
  9.86217884E+01 -1.36236842E+00
  9.85800000E+01 -1.37356612E+00
  9.85707983E+01 -1.63933811E+00
  9.85702735E+01 -1.63946139E+00
  9.85544312E+01 -1.64284307E+00
  9.85198082E+01 -1.64795597E+00
  9.84699083E+01 -1.64986871E+00
  9.84688181E+01 -1.64983881E+00
  9.84181728E+01 -1.64506504E+00
  9.84055688E+01 -1.64284307E+00
  9.83800000E+01 -1.55802848E+00
  9.83668379E+01 -1.46116676E+00
  9.83410679E+01 -1.47678567E+00
  9.83158478E+01 -1.49309959E+00
  9.82948398E+01 -1.50747153E+00
  9.82648577E+01 -1.52922615E+00
  9.82490927E+01 -1.54125635E+00
  9.82138676E+01 -1.56962509E+00
  9.82038198E+01 -1.57809728E+00
  9.81628775E+01 -1.61438668E+00
  9.81590155E+01 -1.61795742E+00
  9.81328348E+01 -1.64284307E+00
  9.81118874E+01 -1.66361395E+00
  9.80707939E+01 -1.70661554E+00
  9.80608973E+01 -1.71742397E+00
  9.80273694E+01 -1.75536675E+00
  9.80099072E+01 -1.77594947E+00
  9.79843988E+01 -1.80704323E+00
  9.79589171E+01 -1.83934068E+00
  9.79418805E+01 -1.86163393E+00
  9.79079270E+01 -1.90776764E+00
  9.78998135E+01 -1.91913251E+00
  9.78636533E+01 -1.97141450E+00
  9.78569369E+01 -1.98142289E+00
  9.78170329E+01 -2.04285135E+00
  9.78059468E+01 -2.06052484E+00
  9.77763210E+01 -2.10908232E+00
  9.77549567E+01 -2.14532183E+00
  9.77360637E+01 -2.17824266E+00
  9.77039666E+01 -2.23609713E+00
  9.76962637E+01 -2.25034967E+00
  9.76700291E+01 -2.29998593E+00
  9.76529765E+01 -2.33317527E+00
  9.76180501E+01 -2.40349805E+00
  9.76019864E+01 -2.43692984E+00
  9.75796460E+01 -2.48459977E+00
  9.75509963E+01 -2.54779358E+00
  9.75417179E+01 -2.56876939E+00
  9.75158716E+01 -2.62855735E+00
  9.75000062E+01 -2.66627126E+00
  9.74673188E+01 -2.74649726E+00
  9.74490161E+01 -2.79295672E+00
  9.74308647E+01 -2.84016462E+00
  9.73980260E+01 -2.92855543E+00
  9.73949207E+01 -2.93711913E+00
  9.73877160E+01 -2.95712878E+00
  9.73470359E+01 -3.07391523E+00
  9.73246103E+01 -3.14119342E+00
  9.72960458E+01 -3.23006917E+00
  9.72902710E+01 -3.24848846E+00
  9.72787517E+01 -3.28570021E+00

hb:   line clip z  
frame:
  9.5000006E+01 -2.9999866E+00
  1.0000001E+02 -2.9999866E+00
  1.0000001E+02  3.0000134E+00
  9.5000006E+01  3.0000134E+00
clip:
  9.99946524E+01 -2.65348635E+00
  1.00049511E+02 -2.78917622E+00
  1.00049511E+02 -2.62855735E+00
  1.00049511E+02 -2.29998593E+00
  1.00049511E+02 -1.97141450E+00
  1.00049511E+02 -1.64284307E+00
  1.00049511E+02 -1.56850000E+00
  1.00037974E+02 -1.56850000E+00
  9.99985210E+01 -1.56850000E+00
  9.99869839E+01 -1.56850000E+00
  9.99475309E+01 -1.56850000E+00
  9.99359938E+01 -1.56850000E+00
  9.98965408E+01 -1.56850000E+00
  9.98850037E+01 -1.56850000E+00
  9.98455507E+01 -1.56850000E+00
  9.98340136E+01 -1.56850000E+00
  9.97945606E+01 -1.56850000E+00
  9.97830235E+01 -1.56850000E+00
  9.97435705E+01 -1.56850000E+00
  9.97320334E+01 -1.56850000E+00
  9.96925804E+01 -1.56850000E+00
  9.96810433E+01 -1.56850000E+00
  9.96415903E+01 -1.56850000E+00
  9.96300532E+01 -1.56850000E+00
  9.95906002E+01 -1.56850000E+00
  9.95790631E+01 -1.56850000E+00
  9.95396101E+01 -1.56850000E+00
  9.95280730E+01 -1.56850000E+00
  9.94886200E+01 -1.56850000E+00
  9.94770829E+01 -1.56850000E+00
  9.94376299E+01 -1.56850000E+00
  9.94260928E+01 -1.56850000E+00
  9.93866398E+01 -1.56850000E+00
  9.93671652E+01 -1.64284307E+00
  9.93901893E+01 -1.66571507E+00
  9.94376299E+01 -1.71580426E+00
  9.94886200E+01 -1.77419154E+00
  9.95396101E+01 -1.83743993E+00
  9.95906002E+01 -1.90571885E+00
  9.96406069E+01 -1.97775180E+00
  9.96431678E+01 -1.98157966E+00
  9.96925804E+01 -2.05816145E+00
  9.97105741E+01 -2.08736257E+00
  9.97435705E+01 -2.14279015E+00
  9.97801574E+01 -2.20717423E+00
  9.97945606E+01 -2.23338844E+00
  9.98299709E+01 -2.29998593E+00
  9.98419458E+01 -2.32321527E+00
  9.98455507E+01 -2.33027955E+00
  9.98523265E+01 -2.34364775E+00
  9.98965408E+01 -2.43383552E+00
  9.99276552E+01 -2.50048139E+00
  9.99475309E+01 -2.54448721E+00
  9.99841284E+01 -2.62855735E+00

hb:   line clip z  
clip:
  9.84174999E+01 -1.64495688E+00
  9.84181728E+01 -1.64506504E+00
  9.84688181E+01 -1.64983881E+00
  9.84699083E+01 -1.64986871E+00
  9.85198082E+01 -1.64795597E+00
  9.85205890E+01 -1.64787494E+00
  9.85544312E+01 -1.64284307E+00
  9.85707983E+01 -1.63933811E+00
  9.85800000E+01 -1.37356612E+00
  9.85800000E+01 -1.31427164E+00
  9.85800000E+01 -1.25497716E+00
  9.85800000E+01 -9.85700212E-01
  9.85800000E+01 -9.26405730E-01
  9.85800000E+01 -6.57128783E-01
  9.85800000E+01 -5.97834302E-01
  9.85800000E+01 -3.28557354E-01
  9.85800000E+01 -2.69262873E-01
  9.85800000E+01  1.40740734E-05
  9.85800000E+01  5.93085553E-02
  9.85800000E+01  3.28585503E-01
  9.85800000E+01  3.87879984E-01
  9.85800000E+01  6.57156931E-01
  9.85800000E+01  7.16451412E-01
  9.85800000E+01  9.85728360E-01
  9.85800000E+01  1.04502284E+00
  9.85800000E+01  1.31429979E+00
  9.85800000E+01  1.37359427E+00
  9.85707983E+01  1.63933811E+00
  9.85542850E+01  1.64287122E+00
  9.85205847E+01  1.64787539E+00
  9.85198082E+01  1.64795597E+00
  9.85190064E+01  1.64803752E+00
  9.84688181E+01  1.64983881E+00
  9.84677418E+01  1.64980629E+00
  9.84178280E+01  1.64500976E+00
  9.84057150E+01  1.64287122E+00
  9.83800000E+01  1.39911438E+00
  9.83800000E+01  1.31429979E+00
  9.83800000E+01  1.07054295E+00
  9.83800000E+01  9.85728360E-01
  9.83800000E+01  7.41971523E-01
  9.83800000E+01  6.57156931E-01
  9.83800000E+01  4.13400095E-01
  9.83800000E+01  3.28585503E-01
  9.83800000E+01  8.48286663E-02
  9.83800000E+01  1.40740734E-05
  9.83800000E+01 -2.43742762E-01
  9.83800000E+01 -3.28557354E-01
  9.83800000E+01 -5.72314191E-01
  9.83800000E+01 -6.57128783E-01
  9.83800000E+01 -9.00885619E-01
  9.83800000E+01 -9.85700212E-01
  9.83800000E+01 -1.22945705E+00
  9.83800000E+01 -1.31427164E+00
  9.83800000E+01 -1.55802848E+00
  9.84055688E+01 -1.64284307E+00

hb:   line clip z  
clip:
  9.83661817E+01 -1.31850000E+00
  9.83674940E+01 -1.31850000E+00
  9.83750000E+01 -1.31427164E+00
  9.83750000E+01 -1.26167619E+00
  9.83750000E+01 -9.85700212E-01
  9.83750000E+01 -9.33104760E-01
  9.83750000E+01 -6.57128783E-01
  9.83750000E+01 -6.04533331E-01
  9.83750000E+01 -3.28557354E-01
  9.83750000E+01 -2.75961902E-01
  9.83750000E+01  1.40740734E-05
  9.83750000E+01  5.26095262E-02
  9.83750000E+01  3.28585503E-01
  9.83750000E+01  3.81180955E-01
  9.83750000E+01  6.57156931E-01
  9.83750000E+01  7.09752383E-01
  9.83750000E+01  9.85728360E-01
  9.83750000E+01  1.03832381E+00
  9.83750000E+01  1.31429979E+00
  9.83750000E+01  1.36689524E+00
  9.83750000E+01  1.64287122E+00
  9.83750000E+01  1.69546667E+00
  9.83668379E+01  1.88150000E+00
  9.83300000E+01  1.88024803E+00
  9.83300000E+01  1.64287122E+00
  9.83300000E+01  1.40549441E+00
  9.83300000E+01  1.31429979E+00
  9.83300000E+01  1.07692298E+00
  9.83300000E+01  9.85728360E-01
  9.83300000E+01  7.48351551E-01
  9.83300000E+01  6.57156931E-01
  9.83300000E+01  4.19780123E-01
  9.83300000E+01  3.28585503E-01
  9.83300000E+01  9.12086940E-02
  9.83300000E+01  1.40740734E-05
  9.83300000E+01 -2.37362735E-01
  9.83300000E+01 -3.28557354E-01
  9.83300000E+01 -5.65934163E-01
  9.83300000E+01 -6.57128783E-01
  9.83300000E+01 -8.94505592E-01
  9.83300000E+01 -9.85700212E-01
  9.83300000E+01 -1.22307702E+00
  9.83300000E+01 -1.31427164E+00

hb:   line clip z  
clip:
  9.86211322E+01 -1.31850000E+00
  9.89793752E+01 -1.31850000E+00
  9.90100000E+01 -1.31427164E+00
  9.90100000E+01 -1.11270254E+00
  9.90100000E+01 -9.85700212E-01
  9.90100000E+01 -7.84131112E-01
  9.90100000E+01 -6.57128783E-01
  9.90100000E+01 -4.55559683E-01
  9.90100000E+01 -3.28557354E-01
  9.90100000E+01 -1.26988255E-01
  9.90100000E+01  1.40740734E-05
  9.90100000E+01  2.01583174E-01
  9.90100000E+01  3.28585503E-01
  9.90100000E+01  5.30154602E-01
  9.90100000E+01  6.57156931E-01
  9.90100000E+01  8.58726031E-01
  9.90100000E+01  9.85728360E-01
  9.90100000E+01  1.18729746E+00
  9.90100000E+01  1.31429979E+00
  9.90100000E+01  1.51586889E+00
  9.90100000E+01  1.64287122E+00
  9.90100000E+01  1.84444032E+00
  9.89787190E+01  1.88150000E+00
  9.89416869E+01  1.88150000E+00
  9.89277289E+01  1.88150000E+00
  9.88906968E+01  1.88150000E+00
  9.88767388E+01  1.88150000E+00
  9.88397067E+01  1.88150000E+00
  9.88257487E+01  1.88150000E+00
  9.87887166E+01  1.88150000E+00
  9.87747586E+01  1.88150000E+00
  9.87377265E+01  1.88150000E+00
  9.87237685E+01  1.88150000E+00
  9.86867364E+01  1.88150000E+00
  9.86727785E+01  1.88150000E+00
  9.86357463E+01  1.88150000E+00
  9.86217884E+01  1.88150000E+00
  9.85847562E+01  1.88150000E+00
  9.85800000E+01  1.64287122E+00
  9.85800000E+01  1.37359427E+00
  9.85800000E+01  1.31429979E+00
  9.85800000E+01  1.04502284E+00
  9.85800000E+01  9.85728360E-01
  9.85800000E+01  7.16451412E-01
  9.85800000E+01  6.57156931E-01
  9.85800000E+01  3.87879984E-01
  9.85800000E+01  3.28585503E-01
  9.85800000E+01  5.93085553E-02
  9.85800000E+01  1.40740734E-05
  9.85800000E+01 -2.69262873E-01
  9.85800000E+01 -3.28557354E-01
  9.85800000E+01 -5.97834302E-01
  9.85800000E+01 -6.57128783E-01
  9.85800000E+01 -9.26405730E-01
  9.85800000E+01 -9.85700212E-01
  9.85800000E+01 -1.25497716E+00
  9.85800000E+01 -1.31427164E+00

hb:   line clip z  
clip:
  9.90290530E+01 -1.31850000E+00
  9.91833356E+01 -1.31850000E+00
  9.92100000E+01 -1.31427164E+00
  9.92100000E+01 -1.13822265E+00
  9.92100000E+01 -9.85700212E-01
  9.92100000E+01 -8.09651223E-01
  9.92100000E+01 -6.57128783E-01
  9.92100000E+01 -4.81079794E-01
  9.92100000E+01 -3.28557354E-01
  9.92100000E+01 -1.52508366E-01
  9.92100000E+01  1.40740734E-05
  9.92100000E+01  1.76063063E-01
  9.92100000E+01  3.28585503E-01
  9.92100000E+01  5.04634492E-01
  9.92100000E+01  6.57156931E-01
  9.92100000E+01  8.33205920E-01
  9.92100000E+01  9.85728360E-01
  9.92100000E+01  1.16177735E+00
  9.92100000E+01  1.31429979E+00
  9.92100000E+01  1.49034878E+00
  9.92100000E+01  1.64287122E+00
  9.92100000E+01  1.81892021E+00
  9.92100000E+01  1.97144265E+00
  9.92100000E+01  2.14749163E+00
  9.91826794E+01  2.20000000E+00
  9.91472103E+01  2.20000000E+00
  9.91316893E+01  2.20000000E+00
  9.90962202E+01  2.20000000E+00
  9.90806992E+01  2.20000000E+00
  9.90452301E+01  2.20000000E+00
  9.90297091E+01  2.20000000E+00
  9.90100000E+01  2.09844497E+00
  9.90100000E+01  1.97144265E+00
  9.90100000E+01  1.84444032E+00
  9.90100000E+01  1.64287122E+00
  9.90100000E+01  1.51586889E+00
  9.90100000E+01  1.31429979E+00
  9.90100000E+01  1.18729746E+00
  9.90100000E+01  9.85728360E-01
  9.90100000E+01  8.58726031E-01
  9.90100000E+01  6.57156931E-01
  9.90100000E+01  5.30154602E-01
  9.90100000E+01  3.28585503E-01
  9.90100000E+01  2.01583174E-01
  9.90100000E+01  1.40740734E-05
  9.90100000E+01 -1.26988255E-01
  9.90100000E+01 -3.28557354E-01
  9.90100000E+01 -4.55559683E-01
  9.90100000E+01 -6.57128783E-01
  9.90100000E+01 -7.84131112E-01
  9.90100000E+01 -9.85700212E-01
  9.90100000E+01 -1.11270254E+00
  9.90100000E+01 -1.31427164E+00

hb:   line clip z  
clip:
  9.81551159E+01 -5.00000000E-02
  9.83236093E+01 -5.00000000E-02
  9.83300000E+01  1.40740734E-05
  9.83236049E+01  5.00000000E-02
  9.83158478E+01  5.00000000E-02
  9.83080906E+01  5.00000000E-02
  9.82648577E+01  5.00000000E-02
  9.82571005E+01  5.00000000E-02
  9.82138676E+01  5.00000000E-02
  9.82061104E+01  5.00000000E-02
  9.81628775E+01  5.00000000E-02
  9.81551203E+01  5.00000000E-02
  9.81300000E+01  1.40740734E-05

hb:   line clip z  
clip:
  9.85702692E+01  1.63946238E+00
  9.85713674E+01  1.63920358E+00
  9.85800000E+01  1.64287122E+00
  9.85800000E+01  1.70216570E+00
  9.85707983E+01  1.88150000E+00
  9.85337661E+01  1.88150000E+00
  9.85542850E+01  1.64287122E+00

hb:   line clip z  
clip:
  9.83528799E+01  1.88150000E+00
  9.89926770E+01  1.88150000E+00
  9.90100000E+01  1.97144265E+00
  9.90100000E+01  2.17301175E+00
  9.89787190E+01  2.18150000E+00
  9.89461208E+01  2.18150000E+00
  9.89277289E+01  2.18150000E+00
  9.88951307E+01  2.18150000E+00
  9.88767388E+01  2.18150000E+00
  9.88441406E+01  2.18150000E+00
  9.88257487E+01  2.18150000E+00
  9.87931505E+01  2.18150000E+00
  9.87747586E+01  2.18150000E+00
  9.87421604E+01  2.18150000E+00
  9.87237685E+01  2.18150000E+00
  9.86911703E+01  2.18150000E+00
  9.86727785E+01  2.18150000E+00
  9.86401802E+01  2.18150000E+00
  9.86217884E+01  2.18150000E+00
  9.85891901E+01  2.18150000E+00
  9.85707983E+01  2.18150000E+00
  9.85382000E+01  2.18150000E+00
  9.85198082E+01  2.18150000E+00
  9.84872099E+01  2.18150000E+00
  9.84688181E+01  2.18150000E+00
  9.84362198E+01  2.18150000E+00
  9.84178280E+01  2.18150000E+00
  9.83852297E+01  2.18150000E+00
  9.83668379E+01  2.18150000E+00
  9.83342396E+01  2.18150000E+00
  9.83300000E+01  1.97144265E+00

#------------------------------------------------------------------------------
z: xorg(1.03)
p: xfac[c2*0.05] form[c1/0.05] notc noxt noyt dmin(1)
p: ymin(0) ymax(1) xmin(0) xmax(1) cmin(1) cmax(100) nosp
hc: y= 0.005 to 0.995 by 0.01 ; x= 0.5 to 0.5 by 1 ;
 1  2  3  4  5  6  7  8  9 10 11 12 13 14 15 16 17 18 19 20
21 22 23 24 25 26 27 28 29 30 31 32 33 34 35 36 37 38 39 40
41 42 43 44 45 46 47 48 49 50 51 52 53 54 55 56 57 58 59 60
61 62 63 64 65 66 67 68 69 70 71 72 73 74 75 76 77 78 79 80
81 82 83 84 85 86 87 88 89 90 91 92 93 94 95 96 97 98 99 100
z: xorg(0.0)
p: xfac[c2*0.05] form[c1/0.05] nosp afac[c5*0.625] ymin[c3] ymax[c4]
p: noxt noxn ytxt(-1) ynum(-1) xltd(-1) xstd(-1) itic(1) ylog
y: Relative Error
#------------------------------------------------------------------------------

wt: s[c5]
\vspace{-3}
  emin  &=&   0.0000E+00 [MeV/n]
  emax  &=&   1.0000E+03 [MeV/n]
  xmin  &=&  -1.0000E-02 [cm]
  xmax  &=&   1.0000E-02 [cm]
  part. &=& proton  
e:

#------------------------------------------------------------------------------
z: xorg[-1.03/0.05]
p: form[c1] xfac[c2] afac[c5] nosp notf
p: xmin(  95.00000    ) xmax(  100.0000    )
p: ymin( -3.000000    ) ymax(  3.000000    )

#------------------------------------------------------------------------------
 newpage:
#   no. =  2   ie  =  1   ix  =  1   part. = photon  
#   e = (   0.0000E+00  -   1.0000E+03  )
#   x = (  -1.0000E-02  -   1.0000E-02  )

'no. =  2,  ie =  1,  ix =  1'
msuc: {\huge [t-track] in xyz mesh}
msdr: {\it plotted by \ANGEL \version}
msdl: {\it calculated by \PHITS  3.36}

x: z [cm]
y: y [cm]
set: c1[ 1.200] c2[ 0.822] c5[ 0.800] c6[ 0.928] c7[ 0.133] c8[ 0.000]
p: h2fs form[c1] xfac[c2] afac[c5] scal[c6] xorg[c7] yorg[c8] nosp
set: c3[1.0e-4] c4[1.0]
p: cmin[c3] cmax[c4]
p: dmin(1e-31)
p: zlog
p: xmin(  95.00000    ) xmax(  100.0000    )
p: ymin( -3.000000    ) ymax(  3.000000    )

#   no. =  2   ie  =  1   ix  =  1
#   e = (   0.0000E+00  -   1.0000E+03  )
#   x = (  -1.0000E-02  -   1.0000E-02  )

hc:  y =   2.850000     to  -2.850000     by  0.3000000     ; x =   95.02500     to   99.97500     by  5.0000000E-02 ;
  7.125E-01  7.550E-01  7.182E-01  1.000E+00  1.000E+00  7.079E-01  1.000E+00  5.418E-01  7.193E-01  1.000E+00
  8.968E-01  5.324E-01  7.787E-01  6.145E-01  6.069E-01  5.798E-01  5.279E-01  4.174E-01  6.895E-01  1.000E+00
  1.000E+00  1.000E+00  7.686E-01  7.406E-01  7.644E-01  0.000E+00  5.135E-01  6.329E-01  9.056E-01  7.268E-01
  7.189E-01  6.955E-01  1.000E+00  5.775E-01  8.574E-01  6.509E-01  6.501E-01  7.632E-01  4.285E-01  7.793E-01
  7.079E-01  7.710E-01  5.777E-01  6.013E-01  8.135E-01  4.384E-01  0.000E+00  1.000E+00  5.567E-01  7.156E-01
  7.072E-01  1.000E+00  1.000E+00  9.699E-01  6.630E-01  6.275E-01  1.000E+00  1.000E+00  1.000E+00  4.325E-01
  4.675E-01  6.129E-01  5.147E-01  6.433E-01  4.256E-01  1.000E+00  5.047E-01  7.731E-01  5.582E-01  5.864E-01
  5.095E-01  7.072E-01  7.071E-01  7.234E-01  5.316E-01  6.555E-01  1.000E+00  6.094E-01  7.711E-01  4.957E-01
  3.912E-01  4.440E-01  8.015E-01  1.000E+00  1.000E+00  6.213E-01  5.970E-01  7.155E-01  6.259E-01  7.085E-01
  7.534E-01  6.632E-01  4.806E-01  5.919E-01  5.191E-01  4.782E-01  1.000E+00  7.080E-01  7.571E-01  7.170E-01
  7.114E-01  5.167E-01  1.000E+00  8.502E-01  6.140E-01  6.159E-01  7.754E-01  9.512E-01  5.431E-01  5.025E-01
  7.281E-01  6.896E-01  0.000E+00  7.176E-01  6.937E-01  8.637E-01  8.838E-01  6.555E-01  5.176E-01  4.826E-01
  5.487E-01  6.978E-01  5.018E-01  5.824E-01  1.000E+00  1.000E+00  1.000E+00  1.000E+00  5.887E-01  1.000E+00
  1.000E+00  6.548E-01  5.288E-01  8.941E-01  5.177E-01  5.142E-01  4.505E-01  4.687E-01  5.045E-01  9.376E-01
  6.056E-01  7.366E-01  7.098E-01  5.322E-01  5.858E-01  7.071E-01  4.781E-01  3.651E-01  4.842E-01  5.122E-01
  5.269E-01  1.000E+00  7.311E-01  6.202E-01  6.144E-01  6.850E-01  4.532E-01  4.694E-01  5.973E-01  6.271E-01
  5.983E-01  5.123E-01  1.000E+00  6.291E-01  5.360E-01  6.011E-01  4.684E-01  4.041E-01  5.827E-01  7.085E-01
  4.751E-01  1.000E+00  4.656E-01  6.747E-01  6.055E-01  4.482E-01  5.386E-01  6.181E-01  7.659E-01  5.373E-01
  3.782E-01  5.032E-01  5.868E-01  4.891E-01  7.092E-01  4.807E-01  6.235E-01  5.742E-01  5.097E-01  6.055E-01
  6.048E-01  6.132E-01  7.719E-01  4.306E-01  4.354E-01  5.149E-01  5.026E-01  5.317E-01  5.494E-01  7.078E-01
  1.000E+00  5.372E-01  1.000E+00  9.200E-01  7.496E-01  6.097E-01  8.035E-01  7.079E-01  5.997E-01  7.188E-01
  7.346E-01  5.945E-01  7.372E-01  1.000E+00  0.000E+00  1.000E+00  5.226E-01  4.927E-01  0.000E+00  5.678E-01
  7.090E-01  1.000E+00  5.387E-01  5.017E-01  5.777E-01  7.073E-01  7.282E-01  6.101E-01  4.919E-01  5.019E-01
  7.213E-01  7.876E-01  6.404E-01  1.000E+00  7.418E-01  6.115E-01  5.874E-01  5.186E-01  5.865E-01  5.462E-01
  1.000E+00  7.148E-01  6.039E-01  5.136E-01  6.606E-01  7.119E-01  6.272E-01  8.307E-01  5.216E-01  5.027E-01
  5.267E-01  5.272E-01  5.109E-01  5.262E-01  4.601E-01  5.080E-01  4.926E-01  4.028E-01  3.125E-01  7.029E-01
  5.813E-01  3.673E-01  4.218E-01  5.200E-01  3.710E-01  4.701E-01  5.522E-01  3.833E-01  6.074E-01  3.655E-01
  4.074E-01  4.738E-01  3.966E-01  3.672E-01  4.379E-01  4.381E-01  7.071E-01  5.476E-01  4.376E-01  5.830E-01
  4.946E-01  5.230E-01  3.935E-01  4.025E-01  3.953E-01  5.244E-01  3.567E-01  4.005E-01  5.301E-01  7.632E-01
  5.516E-01  6.189E-01  4.667E-01  6.089E-01  5.586E-01  7.132E-01  5.117E-01  5.546E-01  4.954E-01  5.015E-01
  0.000E+00  0.000E+00  7.430E-01  0.000E+00  9.174E-01  7.071E-01  0.000E+00  1.000E+00  1.000E+00  0.000E+00
  7.153E-01  5.353E-01  8.512E-01  8.068E-01  6.381E-01  9.757E-01  5.124E-01  8.698E-01  1.000E+00  1.000E+00
  1.000E+00  7.798E-01  7.087E-01  1.000E+00  8.667E-01  5.627E-01  5.964E-01  1.000E+00  7.246E-01  5.894E-01
  6.840E-01  6.695E-01  7.082E-01  5.385E-01  5.055E-01  4.005E-01  5.228E-01  4.010E-01  5.508E-01  7.329E-01
  6.655E-01  6.894E-01  1.000E+00  5.193E-01  5.116E-01  5.535E-01  4.794E-01  4.204E-01  6.080E-01  5.959E-01
  6.626E-01  4.088E-01  3.877E-01  5.134E-01  6.024E-01  3.916E-01  5.008E-01  7.361E-01  6.200E-01  4.354E-01
  4.276E-01  4.390E-01  3.321E-01  4.247E-01  3.457E-01  3.426E-01  2.854E-01  3.002E-01  3.120E-01  3.158E-01
  3.267E-01  3.102E-01  5.822E-01  4.014E-01  8.169E-01  4.816E-01  3.461E-01  3.410E-01  4.943E-01  4.772E-01
  5.374E-01  4.482E-01  3.534E-01  4.562E-01  4.618E-01  3.536E-01  3.672E-01  4.773E-01  1.000E+00  5.120E-01
  3.297E-01  3.949E-01  3.833E-01  6.408E-01  5.131E-01  4.295E-01  9.921E-01  5.162E-01  5.501E-01  6.940E-01
  8.571E-01  3.820E-01  4.747E-01  4.494E-01  5.969E-01  5.784E-01  6.109E-01  7.551E-01  6.178E-01  6.376E-01
  7.353E-01  7.554E-01  7.569E-01  1.000E+00  1.000E+00  1.000E+00  7.358E-01  7.697E-01  7.850E-01  1.000E+00
  1.000E+00  5.669E-01  5.852E-01  5.825E-01  4.357E-01  6.510E-01  8.998E-01  6.021E-01  4.635E-01  7.097E-01
  1.000E+00  6.240E-01  5.410E-01  5.881E-01  1.000E+00  5.336E-01  6.337E-01  5.332E-01  7.093E-01  7.258E-01
  4.622E-01  5.942E-01  6.633E-01  5.004E-01  5.060E-01  6.330E-01  4.823E-01  3.522E-01  5.512E-01  8.118E-01
  4.847E-01  6.417E-01  3.785E-01  7.226E-01  4.675E-01  4.928E-01  5.535E-01  4.939E-01  3.046E-01  4.710E-01
  3.223E-01  4.116E-01  4.852E-01  3.624E-01  3.814E-01  2.710E-01  2.558E-01  2.413E-01  2.839E-01  3.172E-01
  2.781E-01  3.324E-01  3.927E-01  2.956E-01  3.210E-01  3.199E-01  4.778E-01  5.513E-01  3.626E-01  3.353E-01
  4.582E-01  4.029E-01  4.963E-01  6.960E-01  6.583E-01  7.301E-01  7.286E-01  9.269E-01  4.284E-01  4.380E-01
  4.362E-01  4.252E-01  3.552E-01  5.357E-01  6.890E-01  4.625E-01  7.106E-01  1.000E+00  4.111E-01  7.147E-01
  7.408E-01  5.285E-01  5.195E-01  5.439E-01  7.896E-01  7.806E-01  5.836E-01  9.298E-01  7.529E-01  7.660E-01
  9.469E-01  7.073E-01  9.356E-01  7.308E-01  6.273E-01  6.257E-01  6.880E-01  7.944E-01  6.400E-01  1.000E+00
  0.000E+00  1.000E+00  6.090E-01  7.740E-01  1.000E+00  0.000E+00  7.607E-01  5.374E-01  5.302E-01  5.364E-01
  1.000E+00  4.165E-01  5.165E-01  1.000E+00  7.095E-01  4.570E-01  7.357E-01  1.000E+00  1.000E+00  5.654E-01
  6.632E-01  1.000E+00  1.000E+00  4.696E-01  5.629E-01  1.000E+00  5.841E-01  7.357E-01  3.870E-01  4.374E-01
  4.846E-01  5.170E-01  5.550E-01  4.250E-01  3.133E-01  3.624E-01  3.740E-01  3.448E-01  5.018E-01  3.510E-01
  4.107E-01  6.450E-01  4.494E-01  3.204E-01  3.081E-01  3.439E-01  2.618E-01  2.710E-01  2.512E-01  2.905E-01
  2.169E-01  2.380E-01  3.292E-01  2.896E-01  4.850E-01  4.362E-01  3.577E-01  3.503E-01  3.584E-01  3.323E-01
  5.026E-01  5.543E-01  4.441E-01  5.532E-01  4.978E-01  5.215E-01  7.453E-01  5.251E-01  6.149E-01  5.101E-01
  7.136E-01  9.020E-01  5.345E-01  5.194E-01  6.071E-01  5.049E-01  4.197E-01  1.000E+00  5.936E-01  5.286E-01
  7.818E-01  1.000E+00  9.026E-01  4.910E-01  9.644E-01  6.541E-01  4.657E-01  4.667E-01  5.378E-01  7.999E-01
  6.498E-01  7.341E-01  5.138E-01  6.162E-01  5.459E-01  4.794E-01  6.331E-01  5.064E-01  5.114E-01  7.315E-01
  7.148E-01  6.102E-01  9.436E-01  5.680E-01  6.099E-01  7.251E-01  4.211E-01  7.098E-01  8.618E-01  7.122E-01
  6.066E-01  7.479E-01  4.285E-01  5.139E-01  7.188E-01  7.585E-01  4.866E-01  4.657E-01  6.365E-01  5.465E-01
  4.455E-01  7.744E-01  6.446E-01  6.570E-01  6.478E-01  5.099E-01  4.469E-01  5.418E-01  4.732E-01  3.858E-01
  4.943E-01  4.614E-01  4.039E-01  3.714E-01  5.971E-01  4.200E-01  7.715E-01  6.476E-01  7.281E-01  3.967E-01
  4.036E-01  3.523E-01  3.100E-01  3.730E-01  2.909E-01  3.593E-01  2.481E-01  3.658E-01  3.477E-01  3.512E-01
  3.215E-01  2.711E-01  3.789E-01  3.573E-01  4.016E-01  3.064E-01  2.639E-01  3.692E-01  3.312E-01  5.361E-01
  4.494E-01  3.940E-01  4.986E-01  5.171E-01  5.018E-01  3.648E-01  5.489E-01  6.000E-01  4.242E-01  7.361E-01
  4.792E-01  7.145E-01  1.000E+00  1.000E+00  7.487E-01  1.000E+00  1.000E+00  7.126E-01  1.000E+00  7.221E-01
  7.071E-01  1.000E+00  7.074E-01  6.198E-01  6.538E-01  9.784E-01  1.000E+00  7.571E-01  5.816E-01  1.000E+00
  1.000E+00  7.276E-01  6.235E-01  5.843E-01  7.096E-01  7.150E-01  0.000E+00  5.957E-01  7.255E-01  5.903E-01
  9.063E-01  6.587E-01  5.072E-01  4.639E-01  5.256E-01  5.632E-01  5.856E-01  8.668E-01  7.675E-01  4.102E-01
  5.269E-01  6.248E-01  5.336E-01  5.078E-01  7.020E-01  7.131E-01  5.355E-01  4.808E-01  4.450E-01  8.152E-01
  4.512E-01  4.789E-01  6.201E-01  4.708E-01  4.120E-01  4.893E-01  5.210E-01  4.274E-01  4.567E-01  5.170E-01
  3.985E-01  4.862E-01  4.517E-01  7.776E-01  4.667E-01  4.026E-01  4.532E-01  3.874E-01  6.046E-01  4.226E-01
  4.741E-01  3.259E-01  3.249E-01  2.997E-01  3.166E-01  2.575E-01  2.881E-01  2.728E-01  3.309E-01  2.825E-01
  2.488E-01  3.217E-01  3.944E-01  3.800E-01  3.830E-01  3.143E-01  3.436E-01  4.596E-01  4.767E-01  3.667E-01
  3.504E-01  4.654E-01  4.840E-01  4.064E-01  4.059E-01  4.653E-01  6.280E-01  4.207E-01  7.181E-01  5.075E-01
  4.544E-01  3.337E-01  4.692E-01  7.649E-01  5.920E-01  3.927E-01  5.415E-01  5.000E-01  6.532E-01  5.864E-01
  6.903E-01  4.863E-01  8.137E-01  7.088E-01  8.399E-01  9.261E-01  7.162E-01  6.205E-01  7.341E-01  6.873E-01
  5.067E-01  9.134E-01  6.394E-01  7.407E-01  1.000E+00  1.000E+00  7.196E-01  0.000E+00  1.000E+00  0.000E+00
  1.000E+00  7.072E-01  4.669E-01  5.044E-01  4.536E-01  4.597E-01  4.993E-01  4.529E-01  7.108E-01  0.000E+00
  5.243E-01  6.182E-01  0.000E+00  8.382E-01  7.801E-01  4.494E-01  8.207E-01  1.000E+00  5.320E-01  5.807E-01
  5.584E-01  5.149E-01  3.577E-01  3.727E-01  7.094E-01  4.579E-01  7.202E-01  5.171E-01  4.048E-01  5.086E-01
  5.121E-01  4.725E-01  4.572E-01  5.338E-01  4.082E-01  3.301E-01  4.202E-01  4.992E-01  4.528E-01  4.725E-01
  3.395E-01  3.852E-01  4.192E-01  4.226E-01  3.284E-01  2.810E-01  3.040E-01  2.843E-01  2.435E-01  3.863E-01
  4.466E-01  3.395E-01  2.451E-01  4.205E-01  3.964E-01  3.750E-01  3.941E-01  3.788E-01  4.287E-01  3.595E-01
  3.248E-01  4.415E-01  6.682E-01  1.000E+00  4.689E-01  6.688E-01  3.721E-01  5.081E-01  4.337E-01  4.517E-01
  8.145E-01  5.639E-01  4.464E-01  4.571E-01  4.661E-01  5.455E-01  5.998E-01  4.498E-01  5.252E-01  1.000E+00
  6.103E-01  5.061E-01  1.000E+00  7.118E-01  5.211E-01  7.107E-01  1.000E+00  5.248E-01  6.287E-01  5.255E-01
  5.095E-01  6.056E-01  6.790E-01  8.043E-01  1.000E+00  5.961E-01  5.002E-01  5.472E-01  4.602E-01  4.665E-01
  7.097E-01  8.530E-01  5.224E-01  6.038E-01  3.936E-01  8.087E-01  5.351E-01  4.797E-01  6.000E-01  5.557E-01
  5.839E-01  5.998E-01  5.515E-01  5.549E-01  4.888E-01  5.251E-01  4.646E-01  4.710E-01  6.167E-01  6.043E-01
  7.392E-01  7.585E-01  5.325E-01  5.225E-01  4.442E-01  8.102E-01  1.000E+00  4.022E-01  4.957E-01  5.088E-01
  7.738E-01  6.357E-01  3.427E-01  5.550E-01  3.705E-01  4.844E-01  5.152E-01  3.495E-01  3.298E-01  3.704E-01
  3.531E-01  5.295E-01  2.882E-01  2.975E-01  4.578E-01  3.106E-01  2.838E-01  2.918E-01  3.116E-01  2.806E-01
  3.496E-01  2.977E-01  3.027E-01  3.385E-01  3.163E-01  3.237E-01  3.911E-01  4.928E-01  4.847E-01  3.503E-01
  5.355E-01  5.664E-01  5.267E-01  6.214E-01  8.661E-01  4.923E-01  4.125E-01  3.653E-01  6.765E-01  6.085E-01
  5.500E-01  6.772E-01  5.795E-01  1.000E+00  3.840E-01  4.730E-01  5.021E-01  6.017E-01  5.975E-01  5.813E-01
  4.119E-01  8.758E-01  5.437E-01  8.358E-01  1.000E+00  8.062E-01  1.000E+00  7.665E-01  6.485E-01  5.331E-01
  4.096E-01  7.126E-01  8.388E-01  4.608E-01  5.981E-01  5.335E-01  7.203E-01  9.507E-01  5.393E-01  6.315E-01
  5.017E-01  4.664E-01  5.538E-01  6.841E-01  5.715E-01  4.599E-01  6.872E-01  8.162E-01  4.996E-01  4.866E-01
  5.449E-01  4.739E-01  3.697E-01  5.649E-01  6.051E-01  5.047E-01  6.034E-01  4.201E-01  6.446E-01  4.771E-01
  6.862E-01  5.649E-01  5.675E-01  3.882E-01  3.633E-01  4.188E-01  4.173E-01  3.336E-01  3.939E-01  4.380E-01
  4.842E-01  3.781E-01  3.135E-01  3.938E-01  5.766E-01  3.897E-01  4.621E-01  4.857E-01  4.840E-01  3.980E-01
  4.589E-01  5.342E-01  3.645E-01  2.972E-01  2.964E-01  3.044E-01  3.600E-01  2.364E-01  3.622E-01  2.083E-01
  3.028E-01  3.452E-01  3.623E-01  3.446E-01  2.915E-01  3.687E-01  3.562E-01  3.577E-01  3.716E-01  5.316E-01
  3.824E-01  3.849E-01  4.069E-01  3.642E-01  3.477E-01  4.767E-01  4.082E-01  3.267E-01  5.301E-01  4.985E-01
  3.810E-01  5.671E-01  5.278E-01  6.107E-01  5.368E-01  4.309E-01  5.147E-01  4.482E-01  3.928E-01  3.827E-01
  4.131E-01  6.130E-01  8.015E-01  1.000E+00  7.088E-01  1.000E+00  5.735E-01  3.463E-01  9.227E-01  7.076E-01
  6.737E-01  4.037E-01  5.779E-01  5.819E-01  5.915E-01  5.873E-01  4.440E-01  5.003E-01  5.794E-01  5.453E-01
  4.414E-01  7.071E-01  5.811E-01  7.624E-01  1.000E+00  6.060E-01  6.765E-01  7.082E-01  7.073E-01  5.777E-01
  4.598E-01  4.208E-01  5.908E-01  1.000E+00  1.000E+00  5.873E-01  6.631E-01  7.172E-01  4.309E-01  5.465E-01
  7.105E-01  4.641E-01  3.692E-01  4.242E-01  4.660E-01  5.047E-01  6.426E-01  6.070E-01  3.556E-01  2.877E-01
  3.398E-01  3.523E-01  4.090E-01  4.183E-01  4.868E-01  5.796E-01  5.104E-01  4.953E-01  4.508E-01  5.131E-01
  3.681E-01  3.939E-01  4.410E-01  3.291E-01  2.914E-01  2.369E-01  2.845E-01  2.505E-01  4.613E-01  2.642E-01
  2.438E-01  3.227E-01  2.693E-01  2.992E-01  2.829E-01  4.042E-01  4.020E-01  4.359E-01  5.510E-01  4.312E-01
  3.657E-01  6.204E-01  4.698E-01  3.354E-01  4.503E-01  4.690E-01  4.844E-01  5.121E-01  5.365E-01  4.678E-01
  5.324E-01  1.000E+00  8.576E-01  8.288E-01  6.733E-01  7.294E-01  7.157E-01  1.000E+00  5.474E-01  5.118E-01
  1.000E+00  6.822E-01  5.315E-01  5.256E-01  6.336E-01  6.069E-01  5.826E-01  6.116E-01  4.285E-01  5.600E-01
  9.185E-01  5.647E-01  4.524E-01  6.556E-01  7.773E-01  4.547E-01  6.994E-01  5.777E-01  5.158E-01  5.457E-01
  5.097E-01  8.171E-01  5.918E-01  5.333E-01  0.000E+00  7.169E-01  7.616E-01  4.759E-01  5.792E-01  6.015E-01
  6.282E-01  8.854E-01  4.181E-01  5.638E-01  6.426E-01  5.344E-01  4.873E-01  5.272E-01  7.395E-01  7.282E-01
  1.000E+00  6.398E-01  5.314E-01  4.045E-01  4.113E-01  4.562E-01  4.841E-01  4.800E-01  5.400E-01  4.825E-01
  4.485E-01  3.759E-01  4.122E-01  6.251E-01  6.919E-01  7.182E-01  4.320E-01  3.450E-01  4.256E-01  5.079E-01
  3.120E-01  3.517E-01  3.299E-01  4.150E-01  3.315E-01  3.825E-01  4.729E-01  2.865E-01  3.191E-01  3.848E-01
  4.297E-01  3.151E-01  3.588E-01  3.015E-01  3.402E-01  4.520E-01  4.299E-01  4.527E-01  4.412E-01  6.464E-01
  4.704E-01  4.914E-01  5.488E-01  1.000E+00  4.024E-01  7.410E-01  8.359E-01  3.390E-01  3.734E-01  4.818E-01
  3.922E-01  1.000E+00  8.277E-01  1.000E+00  1.000E+00  7.084E-01  0.000E+00  8.798E-01  7.078E-01  1.000E+00
  6.153E-01  5.361E-01  4.561E-01  4.796E-01  4.355E-01  4.432E-01  4.154E-01  5.254E-01  8.280E-01  5.101E-01
  5.837E-01  3.591E-01  4.692E-01  4.922E-01  4.277E-01  5.187E-01  4.152E-01  5.133E-01  5.147E-01  6.003E-01
  4.550E-01  3.817E-01  4.776E-01  7.074E-01  6.828E-01  7.270E-01  6.780E-01  5.138E-01  6.558E-01  5.489E-01
  6.271E-01  5.113E-01  3.748E-01  4.169E-01  5.301E-01  7.152E-01  4.712E-01  5.924E-01  5.745E-01  5.543E-01
  5.184E-01  7.004E-01  5.405E-01  4.889E-01  5.599E-01  4.167E-01  5.027E-01  5.402E-01  4.430E-01  4.289E-01
  4.745E-01  4.920E-01  3.977E-01  5.546E-01  3.875E-01  5.338E-01  5.059E-01  3.919E-01  4.620E-01  5.493E-01
  7.274E-01  4.385E-01  3.166E-01  3.831E-01  3.982E-01  3.109E-01  3.240E-01  2.572E-01  3.100E-01  3.763E-01
  3.159E-01  3.421E-01  4.545E-01  3.561E-01  3.727E-01  5.341E-01  4.621E-01  5.030E-01  3.892E-01  3.791E-01
  3.419E-01  5.436E-01  6.092E-01  4.278E-01  4.975E-01  5.173E-01  5.884E-01  4.625E-01  3.785E-01  6.937E-01
  6.092E-01  7.537E-01  7.873E-01  5.840E-01  4.312E-01  5.213E-01  6.936E-01  7.908E-01  5.685E-01  7.367E-01
  4.523E-01  6.298E-01  4.595E-01  4.316E-01  4.701E-01  4.429E-01  4.290E-01  4.906E-01  4.340E-01  4.393E-01
  3.641E-01  3.320E-01  3.762E-01  3.380E-01  3.002E-01  3.075E-01  3.357E-01  3.912E-01  4.491E-01  5.069E-01
  4.889E-01  4.959E-01  5.795E-01  7.804E-01  6.024E-01  5.870E-01  5.247E-01  4.053E-01  4.117E-01  5.979E-01
  4.830E-01  3.822E-01  3.553E-01  5.254E-01  3.959E-01  4.299E-01  5.396E-01  4.717E-01  5.138E-01  4.111E-01
  5.221E-01  4.577E-01  3.618E-01  4.500E-01  4.548E-01  5.452E-01  4.635E-01  4.183E-01  3.718E-01  5.902E-01
  4.727E-01  5.079E-01  5.256E-01  4.456E-01  4.153E-01  6.040E-01  4.062E-01  4.032E-01  4.720E-01  3.706E-01
  3.812E-01  4.718E-01  4.225E-01  3.564E-01  3.715E-01  5.075E-01  3.923E-01  2.837E-01  3.052E-01  3.613E-01
  4.337E-01  3.787E-01  4.333E-01  4.999E-01  4.109E-01  5.253E-01  5.511E-01  4.836E-01  4.966E-01  6.823E-01
  6.369E-01  3.667E-01  4.333E-01  4.505E-01  4.751E-01  3.724E-01  5.876E-01  4.852E-01  5.025E-01  6.076E-01
  6.128E-01  3.924E-01  7.756E-01  1.000E+00  5.750E-01  1.000E+00  1.000E+00  1.000E+00  0.000E+00  5.042E-01
  3.486E-01  4.299E-01  3.690E-01  4.180E-01  3.649E-01  3.724E-01  5.617E-01  3.828E-01  4.795E-01  4.514E-01
  4.046E-01  4.152E-01  3.410E-01  4.353E-01  2.835E-01  3.633E-01  3.862E-01  3.490E-01  3.109E-01  3.281E-01
  4.576E-01  4.734E-01  5.042E-01  7.130E-01  3.970E-01  5.256E-01  4.050E-01  4.093E-01  4.271E-01  4.998E-01
  4.432E-01  4.043E-01  5.891E-01  5.822E-01  4.511E-01  5.385E-01  5.583E-01  5.641E-01  4.768E-01  6.031E-01
  4.627E-01  7.261E-01  4.693E-01  9.974E-01  5.406E-01  5.362E-01  3.922E-01  6.159E-01  3.971E-01  4.468E-01
  5.877E-01  4.940E-01  4.670E-01  3.647E-01  5.921E-01  4.685E-01  4.633E-01  4.093E-01  3.930E-01  3.763E-01
  4.454E-01  5.047E-01  5.487E-01  6.523E-01  4.218E-01  8.304E-01  6.230E-01  4.175E-01  4.187E-01  4.894E-01
  5.410E-01  3.732E-01  4.323E-01  4.130E-01  6.775E-01  5.168E-01  6.198E-01  6.444E-01  4.736E-01  7.258E-01
  7.370E-01  4.581E-01  5.331E-01  5.889E-01  4.684E-01  7.370E-01  5.946E-01  6.530E-01  5.831E-01  8.739E-01
  1.000E+00  4.689E-01  8.290E-01  5.886E-01  7.376E-01  7.097E-01  0.000E+00  5.217E-01  5.369E-01  5.301E-01
  3.532E-01  4.572E-01  4.775E-01  3.330E-01  3.793E-01  6.535E-01  3.734E-01  3.727E-01  3.878E-01  3.894E-01
  4.495E-01  2.755E-01  3.557E-01  2.948E-01  2.678E-01  2.660E-01  3.245E-01  3.426E-01  3.083E-01  3.571E-01
  5.899E-01  4.154E-01  4.140E-01  3.140E-01  3.504E-01  4.911E-01  7.071E-01  7.073E-01  5.349E-01  7.169E-01
  7.085E-01  7.557E-01  5.786E-01  5.893E-01  4.097E-01  4.062E-01  6.143E-01  4.170E-01  6.956E-01  5.341E-01
  4.562E-01  5.085E-01  5.947E-01  5.047E-01  6.966E-01  4.416E-01  8.449E-01  7.821E-01  5.323E-01  4.528E-01
  8.025E-01  5.899E-01  3.713E-01  5.954E-01  3.634E-01  6.831E-01  4.173E-01  5.840E-01  4.426E-01  6.134E-01
  5.347E-01  5.770E-01  3.896E-01  5.250E-01  7.296E-01  7.332E-01  5.511E-01  6.462E-01  1.000E+00  5.801E-01
  5.820E-01  4.689E-01  5.852E-01  4.454E-01  5.290E-01  7.402E-01  4.894E-01  4.907E-01  9.255E-01  7.603E-01
  5.248E-01  5.792E-01  5.292E-01  7.233E-01  7.365E-01  7.679E-01  1.000E+00  7.072E-01  8.985E-01  5.322E-01
  5.947E-01  5.428E-01  7.703E-01  5.391E-01  4.924E-01  5.775E-01  6.001E-01  9.047E-01  0.000E+00  7.183E-01
  4.564E-01  3.981E-01  4.989E-01  4.098E-01  4.063E-01  3.629E-01  4.849E-01  4.688E-01  2.715E-01  2.975E-01
  3.126E-01  2.792E-01  3.931E-01  3.887E-01  2.902E-01  3.283E-01  2.476E-01  3.328E-01  3.769E-01  3.545E-01
  3.952E-01  3.582E-01  4.016E-01  4.386E-01  3.724E-01  5.094E-01  4.627E-01  5.239E-01  4.623E-01  5.037E-01
  4.913E-01  4.315E-01  7.600E-01  4.287E-01  4.013E-01  5.933E-01  4.292E-01  5.110E-01  5.039E-01  6.997E-01
  4.739E-01  6.116E-01  9.230E-01  5.916E-01  4.635E-01  3.589E-01  4.141E-01  3.454E-01  3.967E-01  4.403E-01
  5.063E-01  6.186E-01  5.994E-01  4.938E-01  4.896E-01  4.971E-01  5.505E-01  5.346E-01  3.926E-01  4.441E-01
  6.645E-01  4.705E-01  8.460E-01  7.073E-01  1.000E+00  5.443E-01  5.776E-01  7.071E-01  5.965E-01  4.469E-01
  6.482E-01  5.264E-01  4.788E-01  4.468E-01  5.457E-01  6.032E-01  7.273E-01  8.795E-01  5.966E-01  1.000E+00
  5.486E-01  5.491E-01  0.000E+00  6.640E-01  5.349E-01  4.085E-01  0.000E+00  7.310E-01  0.000E+00  7.103E-01
  0.000E+00  6.464E-01  5.802E-01  1.000E+00  6.327E-01  7.660E-01  6.047E-01  6.423E-01  3.827E-01  4.870E-01
  7.560E-01  4.518E-01  5.046E-01  4.869E-01  5.041E-01  3.099E-01  4.238E-01  4.613E-01  3.060E-01  2.787E-01
  3.599E-01  2.410E-01  2.386E-01  3.026E-01  3.304E-01  3.047E-01  3.092E-01  3.707E-01  3.996E-01  4.493E-01
  4.555E-01  4.227E-01  5.715E-01  6.142E-01  4.262E-01  4.527E-01  6.581E-01  4.603E-01  5.052E-01  5.917E-01
  7.498E-01  1.000E+00  5.149E-01  3.466E-01  4.151E-01  5.493E-01  6.785E-01  5.941E-01  7.105E-01  5.231E-01
  1.000E+00  7.130E-01  4.867E-01  4.538E-01  4.197E-01  5.343E-01  6.234E-01  7.072E-01  0.000E+00  9.671E-01
  6.047E-01  5.317E-01  5.877E-01  1.000E+00  5.930E-01  6.544E-01  0.000E+00  7.925E-01  5.340E-01  7.588E-01
  4.616E-01  8.117E-01  7.093E-01  7.233E-01  7.204E-01  1.000E+00  6.555E-01  5.786E-01  5.857E-01  7.072E-01
  7.106E-01  0.000E+00  8.249E-01  1.000E+00  5.150E-01  5.634E-01  5.787E-01  7.085E-01  8.322E-01  7.400E-01
  4.958E-01  1.000E+00  6.442E-01  4.737E-01  5.566E-01  5.773E-01  1.000E+00  6.472E-01  5.043E-01  7.987E-01
  6.009E-01  8.871E-01  5.778E-01  7.132E-01  6.405E-01  5.896E-01  0.000E+00  1.000E+00  7.203E-01  8.135E-01
  3.853E-01  4.650E-01  3.917E-01  3.134E-01  3.981E-01  6.360E-01  3.801E-01  4.374E-01  3.272E-01  3.545E-01
  3.573E-01  3.153E-01  2.619E-01  3.714E-01  3.601E-01  3.279E-01  4.650E-01  4.306E-01  3.388E-01  3.284E-01
  3.518E-01  3.489E-01  3.980E-01  2.941E-01  3.332E-01  3.363E-01  5.150E-01  5.264E-01  5.297E-01  6.795E-01
  4.301E-01  4.519E-01  5.831E-01  5.645E-01  5.999E-01  6.945E-01  7.490E-01  7.581E-01  5.043E-01  5.002E-01
  1.000E+00  0.000E+00  1.000E+00  5.789E-01  5.461E-01  9.316E-01  5.867E-01  1.000E+00  3.208E-01  3.918E-01
  7.138E-01  5.477E-01  5.799E-01  6.358E-01  0.000E+00  1.000E+00  4.646E-01  8.721E-01  0.000E+00  1.000E+00
  1.000E+00  8.922E-01  5.170E-01  7.730E-01  4.798E-01  0.000E+00  9.082E-01  5.821E-01  1.000E+00  6.296E-01
  5.881E-01  9.664E-01  4.761E-01  4.251E-01  4.574E-01  7.118E-01  5.085E-01  4.314E-01  5.254E-01  7.072E-01
  4.945E-01  5.163E-01  5.741E-01  6.793E-01  6.076E-01  4.042E-01  5.328E-01  5.904E-01  6.063E-01  6.169E-01
  7.608E-01  1.000E+00  4.412E-01  6.524E-01  0.000E+00  7.290E-01  5.803E-01  5.963E-01  8.115E-01  5.069E-01

#------------------------------------------------------------------------------
# gshow
#------------------------------------------------------------------------------

p: legs[c5*0.875]

hb:   line clip z  
frame:
  9.5000006E+01 -2.9999866E+00
  1.0000001E+02 -2.9999866E+00
  1.0000001E+02  3.0000134E+00
  9.5000006E+01  3.0000134E+00
clip:
  9.49505012E+01 -3.28570021E+00
  9.55800000E+01 -3.28570021E+00
  9.55800000E+01 -3.17217549E+00
  9.55800000E+01 -2.95712878E+00
  9.55800000E+01 -2.84360407E+00
  9.55800000E+01 -2.62855735E+00
  9.55800000E+01 -2.51503264E+00
  9.55800000E+01 -2.29998593E+00
  9.55800000E+01 -2.18646121E+00
  9.55800000E+01 -1.97141450E+00
  9.55800000E+01 -1.85788978E+00
  9.55800000E+01 -1.64284307E+00
  9.55800000E+01 -1.52931835E+00
  9.56140287E+01 -1.31850000E+00
  9.56643626E+01 -1.31850000E+00
  9.83165039E+01 -1.31850000E+00
  9.83300000E+01 -1.31427164E+00
  9.83300000E+01 -1.22307702E+00
  9.83300000E+01 -9.85700212E-01
  9.83300000E+01 -8.94505592E-01
  9.83300000E+01 -6.57128783E-01
  9.83300000E+01 -5.65934163E-01
  9.83300000E+01 -3.28557354E-01
  9.83300000E+01 -2.37362735E-01
  9.83158478E+01 -5.00000000E-02
  9.82726192E+01 -5.00000000E-02
  9.82648577E+01 -5.00000000E-02
  9.82216291E+01 -5.00000000E-02
  9.82138676E+01 -5.00000000E-02
  9.81706390E+01 -5.00000000E-02
  9.81628775E+01 -5.00000000E-02
  9.81628775E+01  5.00000000E-02
  9.82061104E+01  5.00000000E-02
  9.82138676E+01  5.00000000E-02
  9.82571005E+01  5.00000000E-02
  9.82648577E+01  5.00000000E-02
  9.83080906E+01  5.00000000E-02
  9.83300000E+01  2.37390883E-01
  9.83300000E+01  2.06263727E+00
  9.83668379E+01  2.18150000E+00
  9.83852297E+01  2.18150000E+00
  9.84178280E+01  2.18150000E+00
  9.84362198E+01  2.18150000E+00
  9.84688181E+01  2.18150000E+00
  9.84872099E+01  2.18150000E+00
  9.85198082E+01  2.18150000E+00
  9.85382000E+01  2.18150000E+00
  9.85707983E+01  2.18150000E+00
  9.85891901E+01  2.18150000E+00
  9.86217884E+01  2.18150000E+00
  9.86401802E+01  2.18150000E+00
  9.86727785E+01  2.18150000E+00
  9.86911703E+01  2.18150000E+00
  9.87237685E+01  2.18150000E+00
  9.87421604E+01  2.18150000E+00
  9.87747586E+01  2.18150000E+00
  9.87931505E+01  2.18150000E+00
  9.88257487E+01  2.18150000E+00
  9.88441406E+01  2.18150000E+00
  9.88767388E+01  2.18150000E+00
  9.88951307E+01  2.18150000E+00
  9.89277289E+01  2.18150000E+00
  9.89461208E+01  2.18150000E+00
  9.89787190E+01  2.18150000E+00
  9.90297091E+01  2.20000000E+00
  9.91982004E+01  2.20000000E+00
  9.92100000E+01  1.97144265E+00
  9.92100000E+01  1.81892021E+00
  9.92100000E+01  1.64287122E+00
  9.92100000E+01  1.49034878E+00
  9.92100000E+01  1.31429979E+00
  9.92100000E+01  1.16177735E+00
  9.92100000E+01  9.85728360E-01
  9.92100000E+01  8.33205920E-01
  9.92100000E+01  6.57156931E-01
  9.92100000E+01  5.04634492E-01
  9.92100000E+01  3.28585503E-01
  9.92100000E+01  1.76063063E-01
  9.92100000E+01  1.40740734E-05
  9.92100000E+01 -1.52508366E-01
  9.92100000E+01 -3.28557354E-01
  9.92100000E+01 -4.81079794E-01
  9.92100000E+01 -6.57128783E-01
  9.92100000E+01 -8.09651223E-01
  9.92100000E+01 -9.85700212E-01
  9.92100000E+01 -1.13822265E+00
  9.92100000E+01 -1.31427164E+00
  9.92336695E+01 -1.31850000E+00
  1.00049511E+02 -1.31850000E+00
  1.00049511E+02 -1.31427164E+00
  1.00049511E+02 -9.85700212E-01
  1.00049511E+02 -6.57128783E-01
  1.00049511E+02 -3.28557354E-01
  1.00049511E+02  1.40740734E-05
  1.00049511E+02  3.28585503E-01
  1.00049511E+02  6.57156931E-01
  1.00049511E+02  9.85728360E-01
  1.00049511E+02  1.31429979E+00
  1.00049511E+02  1.64287122E+00
  1.00049511E+02  1.97144265E+00
  1.00049511E+02  2.30001407E+00
  1.00049511E+02  2.62858550E+00
  1.00049511E+02  2.95715693E+00
  1.00049511E+02  3.28572836E+00
  9.99985210E+01  3.28572836E+00
  9.99475309E+01  3.28572836E+00
  9.98965408E+01  3.28572836E+00
  9.98455507E+01  3.28572836E+00
  9.97945606E+01  3.28572836E+00
  9.97435705E+01  3.28572836E+00
  9.96925804E+01  3.28572836E+00
  9.96415903E+01  3.28572836E+00
  9.95906002E+01  3.28572836E+00
  9.95396101E+01  3.28572836E+00
  9.94886200E+01  3.28572836E+00
  9.94376299E+01  3.28572836E+00
  9.93866398E+01  3.28572836E+00
  9.93356497E+01  3.28572836E+00
  9.92846596E+01  3.28572836E+00
  9.92336695E+01  3.28572836E+00
  9.91826794E+01  3.28572836E+00
  9.91316893E+01  3.28572836E+00
  9.90806992E+01  3.28572836E+00
  9.90297091E+01  3.28572836E+00
  9.89787190E+01  3.28572836E+00
  9.89277289E+01  3.28572836E+00
  9.88767388E+01  3.28572836E+00
  9.88257487E+01  3.28572836E+00
  9.87747586E+01  3.28572836E+00
  9.87237685E+01  3.28572836E+00
  9.86727785E+01  3.28572836E+00
  9.86217884E+01  3.28572836E+00
  9.85707983E+01  3.28572836E+00
  9.85198082E+01  3.28572836E+00
  9.84688181E+01  3.28572836E+00
  9.84178280E+01  3.28572836E+00
  9.83668379E+01  3.28572836E+00
  9.83158478E+01  3.28572836E+00
  9.82648577E+01  3.28572836E+00
  9.82138676E+01  3.28572836E+00
  9.81628775E+01  3.28572836E+00
  9.81118874E+01  3.28572836E+00
  9.80608973E+01  3.28572836E+00
  9.80099072E+01  3.28572836E+00
  9.79589171E+01  3.28572836E+00
  9.79079270E+01  3.28572836E+00
  9.78569369E+01  3.28572836E+00
  9.78059468E+01  3.28572836E+00
  9.77549567E+01  3.28572836E+00
  9.77039666E+01  3.28572836E+00
  9.76529765E+01  3.28572836E+00
  9.76019864E+01  3.28572836E+00
  9.75509963E+01  3.28572836E+00
  9.75000062E+01  3.28572836E+00
  9.74490161E+01  3.28572836E+00
  9.73980260E+01  3.28572836E+00
  9.73470359E+01  3.28572836E+00
  9.72960458E+01  3.28572836E+00
  9.72450557E+01  3.28572836E+00
  9.71940656E+01  3.28572836E+00
  9.71430755E+01  3.28572836E+00
  9.70920854E+01  3.28572836E+00
  9.70410953E+01  3.28572836E+00
  9.69901052E+01  3.28572836E+00
  9.69391151E+01  3.28572836E+00
  9.68881250E+01  3.28572836E+00
  9.68371349E+01  3.28572836E+00
  9.67861448E+01  3.28572836E+00
  9.67351547E+01  3.28572836E+00
  9.66841646E+01  3.28572836E+00
  9.66331745E+01  3.28572836E+00
  9.65821844E+01  3.28572836E+00
  9.65311943E+01  3.28572836E+00
  9.64802042E+01  3.28572836E+00
  9.64292141E+01  3.28572836E+00
  9.63782240E+01  3.28572836E+00
  9.63272339E+01  3.28572836E+00
  9.62762438E+01  3.28572836E+00
  9.62252537E+01  3.28572836E+00
  9.61742636E+01  3.28572836E+00
  9.61232735E+01  3.28572836E+00
  9.60722834E+01  3.28572836E+00
  9.60212933E+01  3.28572836E+00
  9.59703032E+01  3.28572836E+00
  9.59193131E+01  3.28572836E+00
  9.58683230E+01  3.28572836E+00
  9.58173329E+01  3.28572836E+00
  9.57663428E+01  3.28572836E+00
  9.57153527E+01  3.28572836E+00
  9.56643626E+01  3.28572836E+00
  9.56133725E+01  3.28572836E+00
  9.55623824E+01  3.28572836E+00
  9.55113923E+01  3.28572836E+00
  9.54604022E+01  3.28572836E+00
  9.54094121E+01  3.28572836E+00
  9.53584220E+01  3.28572836E+00
  9.53074319E+01  3.28572836E+00
  9.52564418E+01  3.28572836E+00
  9.52054517E+01  3.28572836E+00
  9.51544616E+01  3.28572836E+00
  9.51034715E+01  3.28572836E+00
  9.50524814E+01  3.28572836E+00
  9.50014913E+01  3.28572836E+00
  9.49505012E+01  3.28572836E+00
  9.49505012E+01  2.95715693E+00
  9.49505012E+01  2.62858550E+00
  9.49505012E+01  2.30001407E+00
  9.49505012E+01  1.97144265E+00
  9.49505012E+01  1.64287122E+00
  9.49505012E+01  1.31429979E+00
  9.49505012E+01  9.85728360E-01
  9.49505012E+01  6.57156931E-01
  9.49505012E+01  3.28585503E-01
  9.49505012E+01  1.40740734E-05
  9.49505012E+01 -3.28557354E-01
  9.49505012E+01 -6.57128783E-01
  9.49505012E+01 -9.85700212E-01
  9.49505012E+01 -1.31427164E+00
  9.49505012E+01 -1.64284307E+00
  9.49505012E+01 -1.97141450E+00
  9.49505012E+01 -2.29998593E+00
  9.49505012E+01 -2.62855735E+00
  9.49505012E+01 -2.95712878E+00
  9.49505012E+01 -3.28570021E+00

hb:   line clip z  
frame:
  9.5000006E+01 -2.9999866E+00
  1.0000001E+02 -2.9999866E+00
  1.0000001E+02  3.0000134E+00
  9.5000006E+01  3.0000134E+00
clip:
  9.56133725E+01 -3.28570021E+00
  9.60800000E+01 -3.28570021E+00
  9.60800000E+01 -3.23597577E+00
  9.60800000E+01 -2.95712878E+00
  9.60800000E+01 -2.90740434E+00
  9.60800000E+01 -2.62855735E+00
  9.60800000E+01 -2.57883291E+00
  9.60800000E+01 -2.29998593E+00
  9.60800000E+01 -2.25026149E+00
  9.60800000E+01 -1.97141450E+00
  9.60800000E+01 -1.92169006E+00
  9.60800000E+01 -1.64284307E+00
  9.60800000E+01 -1.59311863E+00
  9.60722834E+01 -1.31850000E+00
  9.60219495E+01 -1.31850000E+00
  9.60212933E+01 -1.31850000E+00
  9.59709594E+01 -1.31850000E+00
  9.59703032E+01 -1.31850000E+00
  9.59199693E+01 -1.31850000E+00
  9.59193131E+01 -1.31850000E+00
  9.58689792E+01 -1.31850000E+00
  9.58683230E+01 -1.31850000E+00
  9.58179891E+01 -1.31850000E+00
  9.58173329E+01 -1.31850000E+00
  9.57669990E+01 -1.31850000E+00
  9.57663428E+01 -1.31850000E+00
  9.57160089E+01 -1.31850000E+00
  9.57153527E+01 -1.31850000E+00
  9.56650188E+01 -1.31850000E+00
  9.56643626E+01 -1.31850000E+00
  9.56140287E+01 -1.31850000E+00
  9.56133725E+01 -1.31850000E+00
  9.55800000E+01 -1.42779636E+00
  9.55800000E+01 -1.64284307E+00
  9.55800000E+01 -1.85788978E+00
  9.55800000E+01 -1.97141450E+00
  9.55800000E+01 -2.18646121E+00
  9.55800000E+01 -2.29998593E+00
  9.55800000E+01 -2.51503264E+00
  9.55800000E+01 -2.62855735E+00
  9.55800000E+01 -2.84360407E+00
  9.55800000E+01 -2.95712878E+00
  9.55800000E+01 -3.17217549E+00
  9.55800000E+01 -3.28570021E+00

hb:   line clip z  
frame:
  9.5000006E+01 -2.9999866E+00
  1.0000001E+02 -2.9999866E+00
  1.0000001E+02  3.0000134E+00
  9.5000006E+01  3.0000134E+00
clip:
  9.61232735E+01 -3.28570021E+00
  9.72787517E+01 -3.28570021E+00
  9.73246103E+01 -3.14119342E+00
  9.73877160E+01 -2.95712878E+00
  9.74490161E+01 -2.79295672E+00
  9.75042729E+01 -2.65605152E+00
  9.75509963E+01 -2.54779358E+00
  9.76019864E+01 -2.43692984E+00
  9.76529765E+01 -2.33317527E+00
  9.77039666E+01 -2.23609713E+00
  9.77549567E+01 -2.14532183E+00
  9.78059468E+01 -2.06052484E+00
  9.78569369E+01 -1.98142289E+00
  9.78636533E+01 -1.97141450E+00
  9.79079270E+01 -1.90776764E+00
  9.79418805E+01 -1.86163393E+00
  9.79589171E+01 -1.83934068E+00
  9.79843988E+01 -1.80704323E+00
  9.80099072E+01 -1.77594947E+00
  9.80273694E+01 -1.75536675E+00
  9.80608973E+01 -1.71742397E+00
  9.80707939E+01 -1.70661554E+00
  9.81118874E+01 -1.66361395E+00
  9.81328348E+01 -1.64284307E+00
  9.81234245E+01 -1.56850000E+00
  9.81118874E+01 -1.56850000E+00
  9.81003503E+01 -1.56850000E+00
  9.80608973E+01 -1.56850000E+00
  9.80493602E+01 -1.56850000E+00
  9.80099072E+01 -1.56850000E+00
  9.79983701E+01 -1.56850000E+00
  9.79589171E+01 -1.56850000E+00
  9.79473800E+01 -1.56850000E+00
  9.79079270E+01 -1.56850000E+00
  9.78963899E+01 -1.56850000E+00
  9.78569369E+01 -1.56850000E+00
  9.78453998E+01 -1.56850000E+00
  9.78059468E+01 -1.56850000E+00
  9.77944097E+01 -1.56850000E+00
  9.77549567E+01 -1.56850000E+00
  9.77434196E+01 -1.56850000E+00
  9.77039666E+01 -1.56850000E+00
  9.76924295E+01 -1.56850000E+00
  9.76529765E+01 -1.56850000E+00
  9.76414394E+01 -1.56850000E+00
  9.76019864E+01 -1.56850000E+00
  9.75904493E+01 -1.56850000E+00
  9.75509963E+01 -1.56850000E+00
  9.75394592E+01 -1.56850000E+00
  9.75000062E+01 -1.56850000E+00
  9.74884691E+01 -1.56850000E+00
  9.74490161E+01 -1.56850000E+00
  9.74374790E+01 -1.56850000E+00
  9.73980260E+01 -1.56850000E+00
  9.73864889E+01 -1.56850000E+00
  9.73470359E+01 -1.56850000E+00
  9.73354988E+01 -1.56850000E+00
  9.72960458E+01 -1.56850000E+00
  9.72845087E+01 -1.56850000E+00
  9.72450557E+01 -1.56850000E+00
  9.72335186E+01 -1.56850000E+00
  9.71940656E+01 -1.56850000E+00
  9.71825285E+01 -1.56850000E+00
  9.71430755E+01 -1.56850000E+00
  9.71315384E+01 -1.56850000E+00
  9.70920854E+01 -1.56850000E+00
  9.70805483E+01 -1.56850000E+00
  9.70410953E+01 -1.56850000E+00
  9.70295582E+01 -1.56850000E+00
  9.69901052E+01 -1.56850000E+00
  9.69785681E+01 -1.56850000E+00
  9.69391151E+01 -1.56850000E+00
  9.69275780E+01 -1.56850000E+00
  9.68881250E+01 -1.56850000E+00
  9.68765879E+01 -1.56850000E+00
  9.68371349E+01 -1.56850000E+00
  9.68255978E+01 -1.56850000E+00
  9.67861448E+01 -1.56850000E+00
  9.67746077E+01 -1.56850000E+00
  9.67351547E+01 -1.56850000E+00
  9.67236176E+01 -1.56850000E+00
  9.66841646E+01 -1.56850000E+00
  9.66726275E+01 -1.56850000E+00
  9.66331745E+01 -1.56850000E+00
  9.66216374E+01 -1.56850000E+00
  9.65821844E+01 -1.56850000E+00
  9.65706473E+01 -1.56850000E+00
  9.65311943E+01 -1.56850000E+00
  9.65196572E+01 -1.56850000E+00
  9.64802042E+01 -1.56850000E+00
  9.64686671E+01 -1.56850000E+00
  9.64292141E+01 -1.56850000E+00
  9.64176770E+01 -1.56850000E+00
  9.63782240E+01 -1.56850000E+00
  9.63666869E+01 -1.56850000E+00
  9.63272339E+01 -1.56850000E+00
  9.63156968E+01 -1.56850000E+00
  9.62762438E+01 -1.56850000E+00
  9.62647067E+01 -1.56850000E+00
  9.62252537E+01 -1.56850000E+00
  9.62137166E+01 -1.56850000E+00
  9.61742636E+01 -1.56850000E+00
  9.61627265E+01 -1.56850000E+00
  9.61232735E+01 -1.56850000E+00
  9.61117364E+01 -1.56850000E+00
  9.60800000E+01 -1.64284307E+00
  9.60800000E+01 -1.92169006E+00
  9.60800000E+01 -1.97141450E+00
  9.60800000E+01 -2.25026149E+00
  9.60800000E+01 -2.29998593E+00
  9.60800000E+01 -2.57883291E+00
  9.60800000E+01 -2.62855735E+00
  9.60800000E+01 -2.90740434E+00
  9.60800000E+01 -2.95712878E+00
  9.60800000E+01 -3.23597577E+00
  9.60800000E+01 -3.28570021E+00

hb:   line clip z  
frame:
  9.5000006E+01 -2.9999866E+00
  1.0000001E+02 -2.9999866E+00
  1.0000001E+02  3.0000134E+00
  9.5000006E+01  3.0000134E+00
clip:
  9.72960458E+01 -3.28570021E+00
  1.00049511E+02 -3.28570021E+00
  1.00049511E+02 -2.95712878E+00
  1.00049511E+02 -2.78917622E+00
  1.00006996E+02 -2.68316683E+00
  9.99985210E+01 -2.66273712E+00
  9.99841284E+01 -2.62855735E+00
  9.99571933E+01 -2.56629480E+00
  9.99475309E+01 -2.54448721E+00
  9.99276552E+01 -2.50048139E+00
  9.98965408E+01 -2.43383552E+00
  9.98523265E+01 -2.34364775E+00
  9.98455507E+01 -2.33027955E+00
  9.98299709E+01 -2.29998593E+00
  9.98025932E+01 -2.24822541E+00
  9.97945606E+01 -2.23338844E+00
  9.97801574E+01 -2.20717423E+00
  9.97435705E+01 -2.14279015E+00
  9.97105741E+01 -2.08736257E+00
  9.96925804E+01 -2.05816145E+00
  9.96431678E+01 -1.98157966E+00
  9.96415903E+01 -1.97922016E+00
  9.96363467E+01 -1.97141450E+00
  9.95989778E+01 -1.91743096E+00
  9.95906002E+01 -1.90571885E+00
  9.95776353E+01 -1.88787095E+00
  9.95396101E+01 -1.83743993E+00
  9.95137441E+01 -1.80473796E+00
  9.94886200E+01 -1.77419154E+00
  9.94513110E+01 -1.73100174E+00
  9.94376299E+01 -1.71580426E+00
  9.93901893E+01 -1.66571507E+00
  9.93866398E+01 -1.66212839E+00
  9.93671652E+01 -1.64284307E+00
  9.93396969E+01 -1.61676405E+00
  9.93356497E+01 -1.61303168E+00
  9.93302586E+01 -1.60810348E+00
  9.92846596E+01 -1.56839749E+00
  9.92714193E+01 -1.55752441E+00
  9.92336695E+01 -1.52812316E+00
  9.92135875E+01 -1.51343805E+00
  9.91826794E+01 -1.49211877E+00
  9.91566922E+01 -1.47538608E+00
  9.91316893E+01 -1.46030602E+00
  9.91006725E+01 -1.44297577E+00
  9.90806992E+01 -1.43261729E+00
  9.90454756E+01 -1.41586792E+00
  9.90297091E+01 -1.40899494E+00
  9.89910558E+01 -1.39376756E+00
  9.89787190E+01 -1.38939060E+00
  9.89373731E+01 -1.37641665E+00
  9.89277289E+01 -1.37376475E+00
  9.88843922E+01 -1.36358833E+00
  9.88767388E+01 -1.36208622E+00
  9.88320820E+01 -1.35508225E+00
  9.88257487E+01 -1.35433197E+00
  9.87804151E+01 -1.35072085E+00
  9.87747586E+01 -1.35048676E+00
  9.87293669E+01 -1.35034630E+00
  9.87237685E+01 -1.35054309E+00
  9.86789155E+01 -1.35381797E+00
  9.86727785E+01 -1.35450106E+00
  9.86290416E+01 -1.36101030E+00
  9.86217884E+01 -1.36236842E+00
  9.85800000E+01 -1.37356612E+00
  9.85707983E+01 -1.63933811E+00
  9.85702735E+01 -1.63946139E+00
  9.85544312E+01 -1.64284307E+00
  9.85198082E+01 -1.64795597E+00
  9.84699083E+01 -1.64986871E+00
  9.84688181E+01 -1.64983881E+00
  9.84181728E+01 -1.64506504E+00
  9.84055688E+01 -1.64284307E+00
  9.83800000E+01 -1.55802848E+00
  9.83668379E+01 -1.46116676E+00
  9.83410679E+01 -1.47678567E+00
  9.83158478E+01 -1.49309959E+00
  9.82948398E+01 -1.50747153E+00
  9.82648577E+01 -1.52922615E+00
  9.82490927E+01 -1.54125635E+00
  9.82138676E+01 -1.56962509E+00
  9.82038198E+01 -1.57809728E+00
  9.81628775E+01 -1.61438668E+00
  9.81590155E+01 -1.61795742E+00
  9.81328348E+01 -1.64284307E+00
  9.81118874E+01 -1.66361395E+00
  9.80707939E+01 -1.70661554E+00
  9.80608973E+01 -1.71742397E+00
  9.80273694E+01 -1.75536675E+00
  9.80099072E+01 -1.77594947E+00
  9.79843988E+01 -1.80704323E+00
  9.79589171E+01 -1.83934068E+00
  9.79418805E+01 -1.86163393E+00
  9.79079270E+01 -1.90776764E+00
  9.78998135E+01 -1.91913251E+00
  9.78636533E+01 -1.97141450E+00
  9.78569369E+01 -1.98142289E+00
  9.78170329E+01 -2.04285135E+00
  9.78059468E+01 -2.06052484E+00
  9.77763210E+01 -2.10908232E+00
  9.77549567E+01 -2.14532183E+00
  9.77360637E+01 -2.17824266E+00
  9.77039666E+01 -2.23609713E+00
  9.76962637E+01 -2.25034967E+00
  9.76700291E+01 -2.29998593E+00
  9.76529765E+01 -2.33317527E+00
  9.76180501E+01 -2.40349805E+00
  9.76019864E+01 -2.43692984E+00
  9.75796460E+01 -2.48459977E+00
  9.75509963E+01 -2.54779358E+00
  9.75417179E+01 -2.56876939E+00
  9.75158716E+01 -2.62855735E+00
  9.75000062E+01 -2.66627126E+00
  9.74673188E+01 -2.74649726E+00
  9.74490161E+01 -2.79295672E+00
  9.74308647E+01 -2.84016462E+00
  9.73980260E+01 -2.92855543E+00
  9.73949207E+01 -2.93711913E+00
  9.73877160E+01 -2.95712878E+00
  9.73470359E+01 -3.07391523E+00
  9.73246103E+01 -3.14119342E+00
  9.72960458E+01 -3.23006917E+00
  9.72902710E+01 -3.24848846E+00
  9.72787517E+01 -3.28570021E+00

hb:   line clip z  
frame:
  9.5000006E+01 -2.9999866E+00
  1.0000001E+02 -2.9999866E+00
  1.0000001E+02  3.0000134E+00
  9.5000006E+01  3.0000134E+00
clip:
  9.99946524E+01 -2.65348635E+00
  1.00049511E+02 -2.78917622E+00
  1.00049511E+02 -2.62855735E+00
  1.00049511E+02 -2.29998593E+00
  1.00049511E+02 -1.97141450E+00
  1.00049511E+02 -1.64284307E+00
  1.00049511E+02 -1.56850000E+00
  1.00037974E+02 -1.56850000E+00
  9.99985210E+01 -1.56850000E+00
  9.99869839E+01 -1.56850000E+00
  9.99475309E+01 -1.56850000E+00
  9.99359938E+01 -1.56850000E+00
  9.98965408E+01 -1.56850000E+00
  9.98850037E+01 -1.56850000E+00
  9.98455507E+01 -1.56850000E+00
  9.98340136E+01 -1.56850000E+00
  9.97945606E+01 -1.56850000E+00
  9.97830235E+01 -1.56850000E+00
  9.97435705E+01 -1.56850000E+00
  9.97320334E+01 -1.56850000E+00
  9.96925804E+01 -1.56850000E+00
  9.96810433E+01 -1.56850000E+00
  9.96415903E+01 -1.56850000E+00
  9.96300532E+01 -1.56850000E+00
  9.95906002E+01 -1.56850000E+00
  9.95790631E+01 -1.56850000E+00
  9.95396101E+01 -1.56850000E+00
  9.95280730E+01 -1.56850000E+00
  9.94886200E+01 -1.56850000E+00
  9.94770829E+01 -1.56850000E+00
  9.94376299E+01 -1.56850000E+00
  9.94260928E+01 -1.56850000E+00
  9.93866398E+01 -1.56850000E+00
  9.93671652E+01 -1.64284307E+00
  9.93901893E+01 -1.66571507E+00
  9.94376299E+01 -1.71580426E+00
  9.94886200E+01 -1.77419154E+00
  9.95396101E+01 -1.83743993E+00
  9.95906002E+01 -1.90571885E+00
  9.96406069E+01 -1.97775180E+00
  9.96431678E+01 -1.98157966E+00
  9.96925804E+01 -2.05816145E+00
  9.97105741E+01 -2.08736257E+00
  9.97435705E+01 -2.14279015E+00
  9.97801574E+01 -2.20717423E+00
  9.97945606E+01 -2.23338844E+00
  9.98299709E+01 -2.29998593E+00
  9.98419458E+01 -2.32321527E+00
  9.98455507E+01 -2.33027955E+00
  9.98523265E+01 -2.34364775E+00
  9.98965408E+01 -2.43383552E+00
  9.99276552E+01 -2.50048139E+00
  9.99475309E+01 -2.54448721E+00
  9.99841284E+01 -2.62855735E+00

hb:   line clip z  
clip:
  9.84174999E+01 -1.64495688E+00
  9.84181728E+01 -1.64506504E+00
  9.84688181E+01 -1.64983881E+00
  9.84699083E+01 -1.64986871E+00
  9.85198082E+01 -1.64795597E+00
  9.85205890E+01 -1.64787494E+00
  9.85544312E+01 -1.64284307E+00
  9.85707983E+01 -1.63933811E+00
  9.85800000E+01 -1.37356612E+00
  9.85800000E+01 -1.31427164E+00
  9.85800000E+01 -1.25497716E+00
  9.85800000E+01 -9.85700212E-01
  9.85800000E+01 -9.26405730E-01
  9.85800000E+01 -6.57128783E-01
  9.85800000E+01 -5.97834302E-01
  9.85800000E+01 -3.28557354E-01
  9.85800000E+01 -2.69262873E-01
  9.85800000E+01  1.40740734E-05
  9.85800000E+01  5.93085553E-02
  9.85800000E+01  3.28585503E-01
  9.85800000E+01  3.87879984E-01
  9.85800000E+01  6.57156931E-01
  9.85800000E+01  7.16451412E-01
  9.85800000E+01  9.85728360E-01
  9.85800000E+01  1.04502284E+00
  9.85800000E+01  1.31429979E+00
  9.85800000E+01  1.37359427E+00
  9.85707983E+01  1.63933811E+00
  9.85542850E+01  1.64287122E+00
  9.85205847E+01  1.64787539E+00
  9.85198082E+01  1.64795597E+00
  9.85190064E+01  1.64803752E+00
  9.84688181E+01  1.64983881E+00
  9.84677418E+01  1.64980629E+00
  9.84178280E+01  1.64500976E+00
  9.84057150E+01  1.64287122E+00
  9.83800000E+01  1.39911438E+00
  9.83800000E+01  1.31429979E+00
  9.83800000E+01  1.07054295E+00
  9.83800000E+01  9.85728360E-01
  9.83800000E+01  7.41971523E-01
  9.83800000E+01  6.57156931E-01
  9.83800000E+01  4.13400095E-01
  9.83800000E+01  3.28585503E-01
  9.83800000E+01  8.48286663E-02
  9.83800000E+01  1.40740734E-05
  9.83800000E+01 -2.43742762E-01
  9.83800000E+01 -3.28557354E-01
  9.83800000E+01 -5.72314191E-01
  9.83800000E+01 -6.57128783E-01
  9.83800000E+01 -9.00885619E-01
  9.83800000E+01 -9.85700212E-01
  9.83800000E+01 -1.22945705E+00
  9.83800000E+01 -1.31427164E+00
  9.83800000E+01 -1.55802848E+00
  9.84055688E+01 -1.64284307E+00

hb:   line clip z  
clip:
  9.83661817E+01 -1.31850000E+00
  9.83674940E+01 -1.31850000E+00
  9.83750000E+01 -1.31427164E+00
  9.83750000E+01 -1.26167619E+00
  9.83750000E+01 -9.85700212E-01
  9.83750000E+01 -9.33104760E-01
  9.83750000E+01 -6.57128783E-01
  9.83750000E+01 -6.04533331E-01
  9.83750000E+01 -3.28557354E-01
  9.83750000E+01 -2.75961902E-01
  9.83750000E+01  1.40740734E-05
  9.83750000E+01  5.26095262E-02
  9.83750000E+01  3.28585503E-01
  9.83750000E+01  3.81180955E-01
  9.83750000E+01  6.57156931E-01
  9.83750000E+01  7.09752383E-01
  9.83750000E+01  9.85728360E-01
  9.83750000E+01  1.03832381E+00
  9.83750000E+01  1.31429979E+00
  9.83750000E+01  1.36689524E+00
  9.83750000E+01  1.64287122E+00
  9.83750000E+01  1.69546667E+00
  9.83668379E+01  1.88150000E+00
  9.83300000E+01  1.88024803E+00
  9.83300000E+01  1.64287122E+00
  9.83300000E+01  1.40549441E+00
  9.83300000E+01  1.31429979E+00
  9.83300000E+01  1.07692298E+00
  9.83300000E+01  9.85728360E-01
  9.83300000E+01  7.48351551E-01
  9.83300000E+01  6.57156931E-01
  9.83300000E+01  4.19780123E-01
  9.83300000E+01  3.28585503E-01
  9.83300000E+01  9.12086940E-02
  9.83300000E+01  1.40740734E-05
  9.83300000E+01 -2.37362735E-01
  9.83300000E+01 -3.28557354E-01
  9.83300000E+01 -5.65934163E-01
  9.83300000E+01 -6.57128783E-01
  9.83300000E+01 -8.94505592E-01
  9.83300000E+01 -9.85700212E-01
  9.83300000E+01 -1.22307702E+00
  9.83300000E+01 -1.31427164E+00

hb:   line clip z  
clip:
  9.86211322E+01 -1.31850000E+00
  9.89793752E+01 -1.31850000E+00
  9.90100000E+01 -1.31427164E+00
  9.90100000E+01 -1.11270254E+00
  9.90100000E+01 -9.85700212E-01
  9.90100000E+01 -7.84131112E-01
  9.90100000E+01 -6.57128783E-01
  9.90100000E+01 -4.55559683E-01
  9.90100000E+01 -3.28557354E-01
  9.90100000E+01 -1.26988255E-01
  9.90100000E+01  1.40740734E-05
  9.90100000E+01  2.01583174E-01
  9.90100000E+01  3.28585503E-01
  9.90100000E+01  5.30154602E-01
  9.90100000E+01  6.57156931E-01
  9.90100000E+01  8.58726031E-01
  9.90100000E+01  9.85728360E-01
  9.90100000E+01  1.18729746E+00
  9.90100000E+01  1.31429979E+00
  9.90100000E+01  1.51586889E+00
  9.90100000E+01  1.64287122E+00
  9.90100000E+01  1.84444032E+00
  9.89787190E+01  1.88150000E+00
  9.89416869E+01  1.88150000E+00
  9.89277289E+01  1.88150000E+00
  9.88906968E+01  1.88150000E+00
  9.88767388E+01  1.88150000E+00
  9.88397067E+01  1.88150000E+00
  9.88257487E+01  1.88150000E+00
  9.87887166E+01  1.88150000E+00
  9.87747586E+01  1.88150000E+00
  9.87377265E+01  1.88150000E+00
  9.87237685E+01  1.88150000E+00
  9.86867364E+01  1.88150000E+00
  9.86727785E+01  1.88150000E+00
  9.86357463E+01  1.88150000E+00
  9.86217884E+01  1.88150000E+00
  9.85847562E+01  1.88150000E+00
  9.85800000E+01  1.64287122E+00
  9.85800000E+01  1.37359427E+00
  9.85800000E+01  1.31429979E+00
  9.85800000E+01  1.04502284E+00
  9.85800000E+01  9.85728360E-01
  9.85800000E+01  7.16451412E-01
  9.85800000E+01  6.57156931E-01
  9.85800000E+01  3.87879984E-01
  9.85800000E+01  3.28585503E-01
  9.85800000E+01  5.93085553E-02
  9.85800000E+01  1.40740734E-05
  9.85800000E+01 -2.69262873E-01
  9.85800000E+01 -3.28557354E-01
  9.85800000E+01 -5.97834302E-01
  9.85800000E+01 -6.57128783E-01
  9.85800000E+01 -9.26405730E-01
  9.85800000E+01 -9.85700212E-01
  9.85800000E+01 -1.25497716E+00
  9.85800000E+01 -1.31427164E+00

hb:   line clip z  
clip:
  9.90290530E+01 -1.31850000E+00
  9.91833356E+01 -1.31850000E+00
  9.92100000E+01 -1.31427164E+00
  9.92100000E+01 -1.13822265E+00
  9.92100000E+01 -9.85700212E-01
  9.92100000E+01 -8.09651223E-01
  9.92100000E+01 -6.57128783E-01
  9.92100000E+01 -4.81079794E-01
  9.92100000E+01 -3.28557354E-01
  9.92100000E+01 -1.52508366E-01
  9.92100000E+01  1.40740734E-05
  9.92100000E+01  1.76063063E-01
  9.92100000E+01  3.28585503E-01
  9.92100000E+01  5.04634492E-01
  9.92100000E+01  6.57156931E-01
  9.92100000E+01  8.33205920E-01
  9.92100000E+01  9.85728360E-01
  9.92100000E+01  1.16177735E+00
  9.92100000E+01  1.31429979E+00
  9.92100000E+01  1.49034878E+00
  9.92100000E+01  1.64287122E+00
  9.92100000E+01  1.81892021E+00
  9.92100000E+01  1.97144265E+00
  9.92100000E+01  2.14749163E+00
  9.91826794E+01  2.20000000E+00
  9.91472103E+01  2.20000000E+00
  9.91316893E+01  2.20000000E+00
  9.90962202E+01  2.20000000E+00
  9.90806992E+01  2.20000000E+00
  9.90452301E+01  2.20000000E+00
  9.90297091E+01  2.20000000E+00
  9.90100000E+01  2.09844497E+00
  9.90100000E+01  1.97144265E+00
  9.90100000E+01  1.84444032E+00
  9.90100000E+01  1.64287122E+00
  9.90100000E+01  1.51586889E+00
  9.90100000E+01  1.31429979E+00
  9.90100000E+01  1.18729746E+00
  9.90100000E+01  9.85728360E-01
  9.90100000E+01  8.58726031E-01
  9.90100000E+01  6.57156931E-01
  9.90100000E+01  5.30154602E-01
  9.90100000E+01  3.28585503E-01
  9.90100000E+01  2.01583174E-01
  9.90100000E+01  1.40740734E-05
  9.90100000E+01 -1.26988255E-01
  9.90100000E+01 -3.28557354E-01
  9.90100000E+01 -4.55559683E-01
  9.90100000E+01 -6.57128783E-01
  9.90100000E+01 -7.84131112E-01
  9.90100000E+01 -9.85700212E-01
  9.90100000E+01 -1.11270254E+00
  9.90100000E+01 -1.31427164E+00

hb:   line clip z  
clip:
  9.81551159E+01 -5.00000000E-02
  9.83236093E+01 -5.00000000E-02
  9.83300000E+01  1.40740734E-05
  9.83236049E+01  5.00000000E-02
  9.83158478E+01  5.00000000E-02
  9.83080906E+01  5.00000000E-02
  9.82648577E+01  5.00000000E-02
  9.82571005E+01  5.00000000E-02
  9.82138676E+01  5.00000000E-02
  9.82061104E+01  5.00000000E-02
  9.81628775E+01  5.00000000E-02
  9.81551203E+01  5.00000000E-02
  9.81300000E+01  1.40740734E-05

hb:   line clip z  
clip:
  9.85702692E+01  1.63946238E+00
  9.85713674E+01  1.63920358E+00
  9.85800000E+01  1.64287122E+00
  9.85800000E+01  1.70216570E+00
  9.85707983E+01  1.88150000E+00
  9.85337661E+01  1.88150000E+00
  9.85542850E+01  1.64287122E+00

hb:   line clip z  
clip:
  9.83528799E+01  1.88150000E+00
  9.89926770E+01  1.88150000E+00
  9.90100000E+01  1.97144265E+00
  9.90100000E+01  2.17301175E+00
  9.89787190E+01  2.18150000E+00
  9.89461208E+01  2.18150000E+00
  9.89277289E+01  2.18150000E+00
  9.88951307E+01  2.18150000E+00
  9.88767388E+01  2.18150000E+00
  9.88441406E+01  2.18150000E+00
  9.88257487E+01  2.18150000E+00
  9.87931505E+01  2.18150000E+00
  9.87747586E+01  2.18150000E+00
  9.87421604E+01  2.18150000E+00
  9.87237685E+01  2.18150000E+00
  9.86911703E+01  2.18150000E+00
  9.86727785E+01  2.18150000E+00
  9.86401802E+01  2.18150000E+00
  9.86217884E+01  2.18150000E+00
  9.85891901E+01  2.18150000E+00
  9.85707983E+01  2.18150000E+00
  9.85382000E+01  2.18150000E+00
  9.85198082E+01  2.18150000E+00
  9.84872099E+01  2.18150000E+00
  9.84688181E+01  2.18150000E+00
  9.84362198E+01  2.18150000E+00
  9.84178280E+01  2.18150000E+00
  9.83852297E+01  2.18150000E+00
  9.83668379E+01  2.18150000E+00
  9.83342396E+01  2.18150000E+00
  9.83300000E+01  1.97144265E+00

#------------------------------------------------------------------------------
z: xorg(1.03)
p: xfac[c2*0.05] form[c1/0.05] notc noxt noyt dmin(1)
p: ymin(0) ymax(1) xmin(0) xmax(1) cmin(1) cmax(100) nosp
hc: y= 0.005 to 0.995 by 0.01 ; x= 0.5 to 0.5 by 1 ;
 1  2  3  4  5  6  7  8  9 10 11 12 13 14 15 16 17 18 19 20
21 22 23 24 25 26 27 28 29 30 31 32 33 34 35 36 37 38 39 40
41 42 43 44 45 46 47 48 49 50 51 52 53 54 55 56 57 58 59 60
61 62 63 64 65 66 67 68 69 70 71 72 73 74 75 76 77 78 79 80
81 82 83 84 85 86 87 88 89 90 91 92 93 94 95 96 97 98 99 100
z: xorg(0.0)
p: xfac[c2*0.05] form[c1/0.05] nosp afac[c5*0.625] ymin[c3] ymax[c4]
p: noxt noxn ytxt(-1) ynum(-1) xltd(-1) xstd(-1) itic(1) ylog
y: Relative Error
#------------------------------------------------------------------------------

wt: s[c5]
\vspace{-3}
  emin  &=&   0.0000E+00 [MeV/n]
  emax  &=&   1.0000E+03 [MeV/n]
  xmin  &=&  -1.0000E-02 [cm]
  xmax  &=&   1.0000E-02 [cm]
  part. &=& photon  
e:

#------------------------------------------------------------------------------
z: xorg[-1.03/0.05]
p: form[c1] xfac[c2] afac[c5] nosp notf
p: xmin(  95.00000    ) xmax(  100.0000    )
p: ymin( -3.000000    ) ymax(  3.000000    )
 
# Information for Restart Calculation
# This calculation was newly started
# istdev =  2 # 1:Batch variance, 2:History variance
# resc2  = 7.99726505359516816E-03 # Total source weight or Total source weight / maxcas
# resc3  = 4.99149910000000000E+07 # Total history number or Total batch number
# maxcas =       10001 # History / Batch, only used for istdev=1
# bitrseed = 1101001001110101011011100000110110000101001010110000001101011100 # bit data of rseed
