[ T-Track ]
    title = [t-track] in xyz mesh
     mesh =  xyz            # mesh type is xyz scoring mesh
   x-type =    4            # x-mesh is linear given by xmin, xmax and xdel
     xmin =  -10.00000      # minimum value of x-mesh points
     xmax =   10.00000      # maximum value of x-mesh points
     xdel =  0.3000000      # mesh width of x-mesh points
#      nx =   67            # number of x-mesh points
#    data = ( x(i), i = 1, nx + 1 )
#          -1.00000E+01 -9.70000E+00 -9.40000E+00 -9.10000E+00 -8.80000E+00
#          -8.50000E+00 -8.20000E+00 -7.90000E+00 -7.60000E+00 -7.30000E+00
#          -7.00000E+00 -6.70000E+00 -6.40000E+00 -6.10000E+00 -5.80000E+00
#          -5.50000E+00 -5.20000E+00 -4.90000E+00 -4.60000E+00 -4.30000E+00
#          -4.00000E+00 -3.70000E+00 -3.40000E+00 -3.10000E+00 -2.80000E+00
#          -2.50000E+00 -2.20000E+00 -1.90000E+00 -1.60000E+00 -1.30000E+00
#          -1.00000E+00 -7.00000E-01 -4.00000E-01 -1.00000E-01  2.00000E-01
#           5.00000E-01  8.00000E-01  1.10000E+00  1.40000E+00  1.70000E+00
#           2.00000E+00  2.30000E+00  2.60000E+00  2.90000E+00  3.20000E+00
#           3.50000E+00  3.80000E+00  4.10000E+00  4.40000E+00  4.70000E+00
#           5.00000E+00  5.30000E+00  5.60000E+00  5.90000E+00  6.20000E+00
#           6.50000E+00  6.80000E+00  7.10000E+00  7.40000E+00  7.70000E+00
#           8.00000E+00  8.30000E+00  8.60000E+00  8.90000E+00  9.20000E+00
#           9.50000E+00  9.80000E+00  1.01000E+01
   y-type =    4            # y-mesh is linear given by ymin, ymax and ydel
     ymin =  -15.00000      # minimum value of y-mesh points
     ymax =   15.00000      # maximum value of y-mesh points
     ydel =  0.3000000      # mesh width of y-mesh points
#      ny =  100            # number of y-mesh points
#    data = ( y(i), i = 1, ny + 1 )
#          -1.50000E+01 -1.47000E+01 -1.44000E+01 -1.41000E+01 -1.38000E+01
#          -1.35000E+01 -1.32000E+01 -1.29000E+01 -1.26000E+01 -1.23000E+01
#          -1.20000E+01 -1.17000E+01 -1.14000E+01 -1.11000E+01 -1.08000E+01
#          -1.05000E+01 -1.02000E+01 -9.90000E+00 -9.60000E+00 -9.30000E+00
#          -9.00000E+00 -8.70000E+00 -8.40000E+00 -8.10000E+00 -7.80000E+00
#          -7.50000E+00 -7.20000E+00 -6.90000E+00 -6.60000E+00 -6.30000E+00
#          -6.00000E+00 -5.70000E+00 -5.40000E+00 -5.10000E+00 -4.80000E+00
#          -4.50000E+00 -4.20000E+00 -3.90000E+00 -3.60000E+00 -3.30000E+00
#          -3.00000E+00 -2.70000E+00 -2.40000E+00 -2.10000E+00 -1.80000E+00
#          -1.50000E+00 -1.20000E+00 -9.00000E-01 -6.00000E-01 -3.00000E-01
#           0.00000E+00  3.00000E-01  6.00000E-01  9.00000E-01  1.20000E+00
#           1.50000E+00  1.80000E+00  2.10000E+00  2.40000E+00  2.70000E+00
#           3.00000E+00  3.30000E+00  3.60000E+00  3.90000E+00  4.20000E+00
#           4.50000E+00  4.80000E+00  5.10000E+00  5.40000E+00  5.70000E+00
#           6.00000E+00  6.30000E+00  6.60000E+00  6.90000E+00  7.20000E+00
#           7.50000E+00  7.80000E+00  8.10000E+00  8.40000E+00  8.70000E+00
#           9.00000E+00  9.30000E+00  9.60000E+00  9.90000E+00  1.02000E+01
#           1.05000E+01  1.08000E+01  1.11000E+01  1.14000E+01  1.17000E+01
#           1.20000E+01  1.23000E+01  1.26000E+01  1.29000E+01  1.32000E+01
#           1.35000E+01  1.38000E+01  1.41000E+01  1.44000E+01  1.47000E+01
#           1.50000E+01
   z-type =    1            # z-mesh is given by the below data
       nz =      1          # number of z-mesh points
#    data = ( z(i), i = 1, nz + 1 )
            1.91600E+01  1.91800E+01
   e-type =    1            # e-mesh is given by the below data
       ne =      1          # number of e-mesh points
#    data = ( e(i), i = 1, ne + 1 )
            0.00000E+00  1.00000E+03
     unit =    1            # unit is [1/cm^2/source]
 material =  all            # (D=all) number of specific material
  2D-type =    3            # 1:Cont, 2:Clust, 3:Color, 4:xyz, 5:mat, 6:Clust+Cont, 7:Col+Cont
     axis =      xy            # axis of output
     file = ./out/track_xy_antes_ridge.out  # file name of output for the above axis
     part =  proton   
# kf/name :  2212     
    gshow =    1            # 0: no 1:bnd, 2:bnd+mat, 3:bnd+reg 4:bnd+lat 5:bmp style
    resol =    1            # (D=1) resolution of gshow or rshow
    width = 0.5000000       # (D=0.5) width of lines for gshow or rshow
   epsout =    1            # (D=0) generate eps file by ANGEL
#    used :        main (  %)        temp (  %)       total (  %)
#  memory :         177 (  0)           0 (  0)         177 (  0)

#------------------------------------------------------------------------------
#newpage:
#   no. =  1   ie  =  1   iz  =  1   part. = proton  
#   e = (   0.0000E+00  -   1.0000E+03  )
#   z = (   1.9160E+01  -   1.9180E+01  )

'no. =  1,  ie =  1,  iz =  1'
msuc: {\huge [t-track] in xyz mesh}
msdr: {\it plotted by \ANGEL \version}
msdl: {\it calculated by \PHITS  3.35}

x: x [cm]
y: y [cm]
set: c1[ 1.493] c2[ 0.737] c5[ 0.800] c6[ 0.849] c7[ 0.328] c8[ 0.000]
p: h2fs form[c1] xfac[c2] afac[c5] scal[c6] xorg[c7] yorg[c8] nosp
set: c3[   3.228909E+03] c4[   5.248028E+09]
p: cmin[c3] cmax[c4]
p: dmin(1e-31)
p: zlog
p: xmin( -10.00000    ) xmax(  10.10000    )
p: ymin( -15.00000    ) ymax(  15.00000    )
#  ny = 100   nx =  67
# ( ( data(x,y), x = 1, nx ), y = ny, 1, -1 )

hc:  y =   14.85000     to  -14.85000     by  0.3000000     ; x =  -9.850000     to   9.950000     by  0.3000000     ;
  0.000E+00  0.000E+00  0.000E+00  0.000E+00  0.000E+00  0.000E+00  0.000E+00  0.000E+00  0.000E+00  0.000E+00
  0.000E+00  0.000E+00  0.000E+00  0.000E+00  0.000E+00  0.000E+00  0.000E+00  0.000E+00  0.000E+00  0.000E+00
  0.000E+00  0.000E+00  0.000E+00  0.000E+00  0.000E+00  0.000E+00  0.000E+00  0.000E+00  0.000E+00  0.000E+00
  0.000E+00  0.000E+00  0.000E+00  0.000E+00  0.000E+00  0.000E+00  0.000E+00  0.000E+00  0.000E+00  0.000E+00
  0.000E+00  0.000E+00  0.000E+00  0.000E+00  0.000E+00  0.000E+00  0.000E+00  0.000E+00  0.000E+00  0.000E+00
  0.000E+00  0.000E+00  0.000E+00  0.000E+00  0.000E+00  0.000E+00  0.000E+00  0.000E+00  0.000E+00  0.000E+00
  0.000E+00  0.000E+00  0.000E+00  0.000E+00  0.000E+00  0.000E+00  0.000E+00  0.000E+00  0.000E+00  0.000E+00
  0.000E+00  0.000E+00  0.000E+00  0.000E+00  0.000E+00  0.000E+00  0.000E+00  0.000E+00  0.000E+00  0.000E+00
  0.000E+00  0.000E+00  0.000E+00  0.000E+00  0.000E+00  0.000E+00  0.000E+00  0.000E+00  0.000E+00  0.000E+00
  0.000E+00  0.000E+00  0.000E+00  0.000E+00  0.000E+00  0.000E+00  0.000E+00  0.000E+00  0.000E+00  0.000E+00
  0.000E+00  0.000E+00  0.000E+00  0.000E+00  0.000E+00  0.000E+00  0.000E+00  0.000E+00  0.000E+00  0.000E+00
  0.000E+00  0.000E+00  0.000E+00  0.000E+00  0.000E+00  0.000E+00  0.000E+00  0.000E+00  0.000E+00  0.000E+00
  0.000E+00  0.000E+00  0.000E+00  0.000E+00  0.000E+00  0.000E+00  0.000E+00  0.000E+00  0.000E+00  0.000E+00
  0.000E+00  0.000E+00  0.000E+00  0.000E+00  0.000E+00  0.000E+00  0.000E+00  0.000E+00  0.000E+00  0.000E+00
  0.000E+00  0.000E+00  0.000E+00  0.000E+00  0.000E+00  0.000E+00  0.000E+00  0.000E+00  0.000E+00  0.000E+00
  0.000E+00  0.000E+00  0.000E+00  0.000E+00  0.000E+00  0.000E+00  0.000E+00  0.000E+00  0.000E+00  0.000E+00
  0.000E+00  1.949E+05  0.000E+00  0.000E+00  0.000E+00  0.000E+00  0.000E+00  0.000E+00  0.000E+00  0.000E+00
  0.000E+00  0.000E+00  0.000E+00  0.000E+00  0.000E+00  0.000E+00  0.000E+00  0.000E+00  0.000E+00  0.000E+00
  0.000E+00  0.000E+00  0.000E+00  0.000E+00  0.000E+00  0.000E+00  0.000E+00  0.000E+00  0.000E+00  0.000E+00
  0.000E+00  0.000E+00  0.000E+00  0.000E+00  0.000E+00  0.000E+00  0.000E+00  0.000E+00  0.000E+00  0.000E+00
  0.000E+00  0.000E+00  0.000E+00  0.000E+00  0.000E+00  0.000E+00  0.000E+00  0.000E+00  0.000E+00  0.000E+00
  0.000E+00  0.000E+00  0.000E+00  0.000E+00  0.000E+00  0.000E+00  0.000E+00  0.000E+00  0.000E+00  0.000E+00
  0.000E+00  0.000E+00  0.000E+00  0.000E+00  0.000E+00  0.000E+00  1.911E+05  0.000E+00  0.000E+00  0.000E+00
  0.000E+00  0.000E+00  0.000E+00  0.000E+00  0.000E+00  0.000E+00  0.000E+00  0.000E+00  0.000E+00  0.000E+00
  0.000E+00  0.000E+00  0.000E+00  0.000E+00  0.000E+00  0.000E+00  0.000E+00  0.000E+00  0.000E+00  0.000E+00
  0.000E+00  0.000E+00  0.000E+00  0.000E+00  0.000E+00  0.000E+00  0.000E+00  0.000E+00  0.000E+00  0.000E+00
  0.000E+00  0.000E+00  0.000E+00  0.000E+00  0.000E+00  0.000E+00  0.000E+00  0.000E+00  0.000E+00  0.000E+00
  0.000E+00  0.000E+00  0.000E+00  0.000E+00  0.000E+00  0.000E+00  0.000E+00  0.000E+00  0.000E+00  0.000E+00
  0.000E+00  0.000E+00  0.000E+00  0.000E+00  0.000E+00  0.000E+00  0.000E+00  0.000E+00  0.000E+00  0.000E+00
  0.000E+00  0.000E+00  0.000E+00  4.166E+04  0.000E+00  0.000E+00  0.000E+00  0.000E+00  0.000E+00  0.000E+00
  0.000E+00  0.000E+00  0.000E+00  0.000E+00  0.000E+00  0.000E+00  0.000E+00  0.000E+00  0.000E+00  0.000E+00
  0.000E+00  0.000E+00  0.000E+00  0.000E+00  0.000E+00  0.000E+00  0.000E+00  0.000E+00  0.000E+00  0.000E+00
  0.000E+00  0.000E+00  0.000E+00  0.000E+00  0.000E+00  0.000E+00  0.000E+00  0.000E+00  0.000E+00  0.000E+00
  0.000E+00  0.000E+00  0.000E+00  0.000E+00  0.000E+00  0.000E+00  0.000E+00  0.000E+00  0.000E+00  0.000E+00
  0.000E+00  0.000E+00  0.000E+00  0.000E+00  0.000E+00  0.000E+00  0.000E+00  0.000E+00  0.000E+00  0.000E+00
  0.000E+00  0.000E+00  0.000E+00  0.000E+00  0.000E+00  0.000E+00  0.000E+00  0.000E+00  0.000E+00  0.000E+00
  0.000E+00  0.000E+00  0.000E+00  0.000E+00  0.000E+00  0.000E+00  0.000E+00  0.000E+00  0.000E+00  0.000E+00
  0.000E+00  0.000E+00  0.000E+00  0.000E+00  0.000E+00  0.000E+00  0.000E+00  0.000E+00  0.000E+00  0.000E+00
  0.000E+00  0.000E+00  0.000E+00  0.000E+00  0.000E+00  0.000E+00  0.000E+00  0.000E+00  0.000E+00  0.000E+00
  0.000E+00  0.000E+00  0.000E+00  0.000E+00  0.000E+00  0.000E+00  0.000E+00  0.000E+00  0.000E+00  0.000E+00
  0.000E+00  0.000E+00  0.000E+00  0.000E+00  0.000E+00  0.000E+00  0.000E+00  0.000E+00  0.000E+00  0.000E+00
  0.000E+00  0.000E+00  0.000E+00  0.000E+00  0.000E+00  0.000E+00  0.000E+00  0.000E+00  0.000E+00  0.000E+00
  0.000E+00  0.000E+00  0.000E+00  0.000E+00  0.000E+00  0.000E+00  0.000E+00  0.000E+00  0.000E+00  0.000E+00
  0.000E+00  0.000E+00  0.000E+00  0.000E+00  0.000E+00  0.000E+00  0.000E+00  0.000E+00  0.000E+00  0.000E+00
  0.000E+00  0.000E+00  0.000E+00  0.000E+00  0.000E+00  0.000E+00  0.000E+00  0.000E+00  0.000E+00  0.000E+00
  0.000E+00  0.000E+00  0.000E+00  0.000E+00  0.000E+00  0.000E+00  0.000E+00  0.000E+00  0.000E+00  0.000E+00
  0.000E+00  0.000E+00  0.000E+00  0.000E+00  0.000E+00  0.000E+00  0.000E+00  0.000E+00  0.000E+00  0.000E+00
  0.000E+00  0.000E+00  0.000E+00  0.000E+00  0.000E+00  0.000E+00  0.000E+00  0.000E+00  0.000E+00  0.000E+00
  0.000E+00  0.000E+00  0.000E+00  0.000E+00  0.000E+00  0.000E+00  0.000E+00  0.000E+00  0.000E+00  0.000E+00
  0.000E+00  0.000E+00  0.000E+00  0.000E+00  0.000E+00  0.000E+00  0.000E+00  0.000E+00  0.000E+00  0.000E+00
  0.000E+00  0.000E+00  0.000E+00  0.000E+00  0.000E+00  0.000E+00  0.000E+00  0.000E+00  0.000E+00  0.000E+00
  0.000E+00  0.000E+00  0.000E+00  0.000E+00  0.000E+00  0.000E+00  0.000E+00  0.000E+00  0.000E+00  0.000E+00
  0.000E+00  0.000E+00  0.000E+00  0.000E+00  0.000E+00  0.000E+00  0.000E+00  0.000E+00  0.000E+00  0.000E+00
  0.000E+00  0.000E+00  0.000E+00  0.000E+00  0.000E+00  0.000E+00  0.000E+00  0.000E+00  0.000E+00  0.000E+00
  0.000E+00  0.000E+00  0.000E+00  0.000E+00  0.000E+00  0.000E+00  0.000E+00  0.000E+00  0.000E+00  0.000E+00
  0.000E+00  0.000E+00  0.000E+00  0.000E+00  0.000E+00  0.000E+00  0.000E+00  0.000E+00  0.000E+00  0.000E+00
  0.000E+00  0.000E+00  0.000E+00  0.000E+00  0.000E+00  0.000E+00  0.000E+00  0.000E+00  0.000E+00  0.000E+00
  0.000E+00  0.000E+00  0.000E+00  0.000E+00  0.000E+00  0.000E+00  0.000E+00  0.000E+00  0.000E+00  0.000E+00
  0.000E+00  0.000E+00  0.000E+00  0.000E+00  0.000E+00  0.000E+00  0.000E+00  0.000E+00  0.000E+00  0.000E+00
  0.000E+00  0.000E+00  0.000E+00  0.000E+00  0.000E+00  0.000E+00  0.000E+00  0.000E+00  0.000E+00  0.000E+00
  0.000E+00  0.000E+00  0.000E+00  0.000E+00  0.000E+00  0.000E+00  0.000E+00  0.000E+00  0.000E+00  0.000E+00
  0.000E+00  0.000E+00  0.000E+00  0.000E+00  0.000E+00  0.000E+00  0.000E+00  0.000E+00  0.000E+00  0.000E+00
  0.000E+00  0.000E+00  0.000E+00  0.000E+00  0.000E+00  0.000E+00  0.000E+00  0.000E+00  0.000E+00  0.000E+00
  0.000E+00  0.000E+00  0.000E+00  0.000E+00  0.000E+00  0.000E+00  0.000E+00  0.000E+00  0.000E+00  0.000E+00
  0.000E+00  0.000E+00  0.000E+00  0.000E+00  0.000E+00  0.000E+00  0.000E+00  0.000E+00  0.000E+00  0.000E+00
  0.000E+00  0.000E+00  0.000E+00  0.000E+00  0.000E+00  0.000E+00  0.000E+00  0.000E+00  0.000E+00  0.000E+00
  0.000E+00  0.000E+00  0.000E+00  0.000E+00  0.000E+00  0.000E+00  0.000E+00  0.000E+00  0.000E+00  0.000E+00
  0.000E+00  0.000E+00  0.000E+00  0.000E+00  0.000E+00  0.000E+00  0.000E+00  0.000E+00  0.000E+00  0.000E+00
  0.000E+00  0.000E+00  0.000E+00  0.000E+00  0.000E+00  0.000E+00  0.000E+00  0.000E+00  0.000E+00  0.000E+00
  0.000E+00  0.000E+00  0.000E+00  0.000E+00  0.000E+00  0.000E+00  0.000E+00  0.000E+00  0.000E+00  0.000E+00
  0.000E+00  0.000E+00  0.000E+00  0.000E+00  0.000E+00  0.000E+00  0.000E+00  0.000E+00  0.000E+00  0.000E+00
  0.000E+00  0.000E+00  0.000E+00  0.000E+00  0.000E+00  0.000E+00  0.000E+00  0.000E+00  0.000E+00  0.000E+00
  0.000E+00  0.000E+00  0.000E+00  0.000E+00  0.000E+00  0.000E+00  0.000E+00  0.000E+00  0.000E+00  0.000E+00
  0.000E+00  0.000E+00  0.000E+00  0.000E+00  0.000E+00  0.000E+00  0.000E+00  0.000E+00  0.000E+00  0.000E+00
  0.000E+00  0.000E+00  0.000E+00  0.000E+00  0.000E+00  0.000E+00  0.000E+00  0.000E+00  0.000E+00  0.000E+00
  0.000E+00  0.000E+00  0.000E+00  0.000E+00  0.000E+00  0.000E+00  0.000E+00  0.000E+00  0.000E+00  0.000E+00
  0.000E+00  0.000E+00  0.000E+00  0.000E+00  0.000E+00  0.000E+00  0.000E+00  0.000E+00  0.000E+00  0.000E+00
  0.000E+00  0.000E+00  0.000E+00  0.000E+00  0.000E+00  0.000E+00  0.000E+00  0.000E+00  0.000E+00  0.000E+00
  0.000E+00  0.000E+00  0.000E+00  0.000E+00  0.000E+00  0.000E+00  0.000E+00  0.000E+00  0.000E+00  0.000E+00
  0.000E+00  0.000E+00  0.000E+00  0.000E+00  0.000E+00  0.000E+00  0.000E+00  0.000E+00  0.000E+00  0.000E+00
  0.000E+00  0.000E+00  0.000E+00  0.000E+00  0.000E+00  0.000E+00  0.000E+00  0.000E+00  0.000E+00  0.000E+00
  0.000E+00  0.000E+00  0.000E+00  0.000E+00  0.000E+00  0.000E+00  0.000E+00  0.000E+00  0.000E+00  0.000E+00
  0.000E+00  0.000E+00  0.000E+00  0.000E+00  0.000E+00  0.000E+00  0.000E+00  0.000E+00  0.000E+00  0.000E+00
  0.000E+00  0.000E+00  0.000E+00  0.000E+00  0.000E+00  0.000E+00  0.000E+00  0.000E+00  0.000E+00  0.000E+00
  0.000E+00  0.000E+00  0.000E+00  0.000E+00  0.000E+00  0.000E+00  0.000E+00  0.000E+00  0.000E+00  0.000E+00
  0.000E+00  0.000E+00  0.000E+00  0.000E+00  0.000E+00  0.000E+00  0.000E+00  0.000E+00  0.000E+00  0.000E+00
  0.000E+00  0.000E+00  0.000E+00  0.000E+00  0.000E+00  0.000E+00  0.000E+00  0.000E+00  0.000E+00  0.000E+00
  0.000E+00  0.000E+00  0.000E+00  0.000E+00  0.000E+00  0.000E+00  0.000E+00  0.000E+00  0.000E+00  0.000E+00
  0.000E+00  0.000E+00  0.000E+00  0.000E+00  0.000E+00  0.000E+00  0.000E+00  0.000E+00  0.000E+00  0.000E+00
  0.000E+00  0.000E+00  0.000E+00  0.000E+00  0.000E+00  0.000E+00  0.000E+00  0.000E+00  0.000E+00  0.000E+00
  0.000E+00  0.000E+00  0.000E+00  0.000E+00  0.000E+00  0.000E+00  0.000E+00  0.000E+00  0.000E+00  0.000E+00
  0.000E+00  0.000E+00  0.000E+00  0.000E+00  0.000E+00  0.000E+00  0.000E+00  0.000E+00  0.000E+00  0.000E+00
  0.000E+00  0.000E+00  0.000E+00  0.000E+00  0.000E+00  0.000E+00  0.000E+00  0.000E+00  0.000E+00  0.000E+00
  0.000E+00  0.000E+00  0.000E+00  0.000E+00  0.000E+00  0.000E+00  0.000E+00  0.000E+00  0.000E+00  0.000E+00
  0.000E+00  0.000E+00  0.000E+00  0.000E+00  0.000E+00  0.000E+00  0.000E+00  0.000E+00  0.000E+00  0.000E+00
  0.000E+00  0.000E+00  0.000E+00  0.000E+00  0.000E+00  0.000E+00  0.000E+00  0.000E+00  0.000E+00  0.000E+00
  0.000E+00  0.000E+00  0.000E+00  0.000E+00  0.000E+00  0.000E+00  0.000E+00  0.000E+00  0.000E+00  0.000E+00
  0.000E+00  0.000E+00  0.000E+00  0.000E+00  0.000E+00  0.000E+00  0.000E+00  0.000E+00  2.440E+05  0.000E+00
  0.000E+00  0.000E+00  0.000E+00  0.000E+00  0.000E+00  0.000E+00  0.000E+00  0.000E+00  0.000E+00  0.000E+00
  0.000E+00  0.000E+00  0.000E+00  0.000E+00  0.000E+00  0.000E+00  0.000E+00  0.000E+00  0.000E+00  0.000E+00
  0.000E+00  0.000E+00  0.000E+00  0.000E+00  0.000E+00  0.000E+00  0.000E+00  0.000E+00  0.000E+00  0.000E+00
  0.000E+00  0.000E+00  0.000E+00  0.000E+00  0.000E+00  0.000E+00  0.000E+00  0.000E+00  0.000E+00  0.000E+00
  0.000E+00  0.000E+00  0.000E+00  0.000E+00  0.000E+00  0.000E+00  0.000E+00  0.000E+00  0.000E+00  0.000E+00
  0.000E+00  0.000E+00  0.000E+00  0.000E+00  0.000E+00  0.000E+00  0.000E+00  0.000E+00  0.000E+00  0.000E+00
  0.000E+00  0.000E+00  0.000E+00  0.000E+00  0.000E+00  0.000E+00  0.000E+00  0.000E+00  0.000E+00  0.000E+00
  0.000E+00  0.000E+00  0.000E+00  0.000E+00  0.000E+00  0.000E+00  0.000E+00  0.000E+00  0.000E+00  0.000E+00
  0.000E+00  0.000E+00  0.000E+00  0.000E+00  0.000E+00  0.000E+00  0.000E+00  0.000E+00  0.000E+00  0.000E+00
  0.000E+00  0.000E+00  0.000E+00  0.000E+00  0.000E+00  0.000E+00  0.000E+00  0.000E+00  0.000E+00  0.000E+00
  0.000E+00  0.000E+00  0.000E+00  0.000E+00  0.000E+00  0.000E+00  0.000E+00  0.000E+00  0.000E+00  0.000E+00
  0.000E+00  0.000E+00  0.000E+00  0.000E+00  0.000E+00  0.000E+00  0.000E+00  0.000E+00  0.000E+00  0.000E+00
  0.000E+00  0.000E+00  0.000E+00  0.000E+00  0.000E+00  0.000E+00  0.000E+00  0.000E+00  0.000E+00  0.000E+00
  0.000E+00  0.000E+00  0.000E+00  0.000E+00  0.000E+00  0.000E+00  0.000E+00  0.000E+00  0.000E+00  0.000E+00
  0.000E+00  0.000E+00  0.000E+00  0.000E+00  0.000E+00  0.000E+00  0.000E+00  0.000E+00  0.000E+00  0.000E+00
  0.000E+00  0.000E+00  0.000E+00  0.000E+00  0.000E+00  0.000E+00  0.000E+00  0.000E+00  0.000E+00  0.000E+00
  0.000E+00  0.000E+00  0.000E+00  0.000E+00  0.000E+00  0.000E+00  0.000E+00  0.000E+00  0.000E+00  0.000E+00
  0.000E+00  0.000E+00  0.000E+00  0.000E+00  0.000E+00  0.000E+00  0.000E+00  0.000E+00  0.000E+00  0.000E+00
  0.000E+00  0.000E+00  0.000E+00  0.000E+00  0.000E+00  0.000E+00  0.000E+00  0.000E+00  0.000E+00  0.000E+00
  0.000E+00  0.000E+00  0.000E+00  0.000E+00  0.000E+00  0.000E+00  0.000E+00  0.000E+00  0.000E+00  0.000E+00
  0.000E+00  0.000E+00  0.000E+00  0.000E+00  0.000E+00  0.000E+00  0.000E+00  0.000E+00  0.000E+00  0.000E+00
  0.000E+00  0.000E+00  0.000E+00  0.000E+00  0.000E+00  0.000E+00  0.000E+00  0.000E+00  0.000E+00  0.000E+00
  0.000E+00  0.000E+00  0.000E+00  0.000E+00  0.000E+00  0.000E+00  0.000E+00  0.000E+00  0.000E+00  0.000E+00
  0.000E+00  0.000E+00  0.000E+00  0.000E+00  0.000E+00  0.000E+00  0.000E+00  0.000E+00  0.000E+00  0.000E+00
  0.000E+00  0.000E+00  0.000E+00  0.000E+00  0.000E+00  0.000E+00  0.000E+00  0.000E+00  0.000E+00  0.000E+00
  0.000E+00  0.000E+00  0.000E+00  0.000E+00  0.000E+00  0.000E+00  0.000E+00  0.000E+00  0.000E+00  0.000E+00
  0.000E+00  0.000E+00  0.000E+00  0.000E+00  0.000E+00  0.000E+00  0.000E+00  0.000E+00  0.000E+00  0.000E+00
  0.000E+00  0.000E+00  0.000E+00  0.000E+00  0.000E+00  0.000E+00  0.000E+00  0.000E+00  0.000E+00  0.000E+00
  0.000E+00  0.000E+00  0.000E+00  0.000E+00  0.000E+00  0.000E+00  0.000E+00  0.000E+00  0.000E+00  0.000E+00
  0.000E+00  0.000E+00  0.000E+00  0.000E+00  0.000E+00  0.000E+00  0.000E+00  0.000E+00  0.000E+00  0.000E+00
  0.000E+00  0.000E+00  0.000E+00  0.000E+00  0.000E+00  0.000E+00  1.696E+05  0.000E+00  0.000E+00  0.000E+00
  0.000E+00  0.000E+00  0.000E+00  0.000E+00  0.000E+00  0.000E+00  0.000E+00  0.000E+00  0.000E+00  0.000E+00
  0.000E+00  0.000E+00  0.000E+00  0.000E+00  0.000E+00  0.000E+00  0.000E+00  0.000E+00  0.000E+00  0.000E+00
  0.000E+00  0.000E+00  0.000E+00  0.000E+00  0.000E+00  0.000E+00  0.000E+00  0.000E+00  0.000E+00  0.000E+00
  0.000E+00  0.000E+00  0.000E+00  0.000E+00  1.630E+05  0.000E+00  0.000E+00  0.000E+00  0.000E+00  0.000E+00
  0.000E+00  0.000E+00  0.000E+00  0.000E+00  0.000E+00  0.000E+00  0.000E+00  0.000E+00  0.000E+00  0.000E+00
  0.000E+00  0.000E+00  0.000E+00  0.000E+00  0.000E+00  0.000E+00  0.000E+00  0.000E+00  0.000E+00  0.000E+00
  0.000E+00  0.000E+00  0.000E+00  0.000E+00  0.000E+00  0.000E+00  0.000E+00  0.000E+00  0.000E+00  0.000E+00
  0.000E+00  0.000E+00  0.000E+00  0.000E+00  0.000E+00  0.000E+00  0.000E+00  0.000E+00  0.000E+00  0.000E+00
  0.000E+00  0.000E+00  0.000E+00  0.000E+00  0.000E+00  0.000E+00  0.000E+00  0.000E+00  0.000E+00  0.000E+00
  0.000E+00  0.000E+00  0.000E+00  0.000E+00  0.000E+00  0.000E+00  0.000E+00  0.000E+00  0.000E+00  0.000E+00
  0.000E+00  0.000E+00  0.000E+00  0.000E+00  0.000E+00  0.000E+00  0.000E+00  0.000E+00  0.000E+00  0.000E+00
  0.000E+00  0.000E+00  0.000E+00  0.000E+00  0.000E+00  0.000E+00  0.000E+00  0.000E+00  0.000E+00  0.000E+00
  0.000E+00  0.000E+00  0.000E+00  0.000E+00  0.000E+00  0.000E+00  0.000E+00  0.000E+00  0.000E+00  1.650E+05
  0.000E+00  0.000E+00  0.000E+00  0.000E+00  0.000E+00  0.000E+00  0.000E+00  0.000E+00  0.000E+00  0.000E+00
  0.000E+00  0.000E+00  0.000E+00  0.000E+00  0.000E+00  0.000E+00  0.000E+00  0.000E+00  0.000E+00  0.000E+00
  0.000E+00  0.000E+00  0.000E+00  0.000E+00  0.000E+00  0.000E+00  0.000E+00  0.000E+00  0.000E+00  0.000E+00
  0.000E+00  0.000E+00  0.000E+00  0.000E+00  0.000E+00  0.000E+00  0.000E+00  0.000E+00  0.000E+00  0.000E+00
  0.000E+00  0.000E+00  0.000E+00  0.000E+00  0.000E+00  0.000E+00  0.000E+00  0.000E+00  0.000E+00  0.000E+00
  0.000E+00  0.000E+00  0.000E+00  0.000E+00  0.000E+00  0.000E+00  0.000E+00  0.000E+00  0.000E+00  0.000E+00
  0.000E+00  0.000E+00  0.000E+00  0.000E+00  0.000E+00  0.000E+00  0.000E+00  0.000E+00  0.000E+00  0.000E+00
  0.000E+00  0.000E+00  0.000E+00  0.000E+00  0.000E+00  0.000E+00  0.000E+00  0.000E+00  0.000E+00  0.000E+00
  0.000E+00  0.000E+00  0.000E+00  0.000E+00  0.000E+00  0.000E+00  0.000E+00  0.000E+00  0.000E+00  0.000E+00
  0.000E+00  0.000E+00  0.000E+00  0.000E+00  0.000E+00  0.000E+00  0.000E+00  0.000E+00  0.000E+00  0.000E+00
  0.000E+00  0.000E+00  0.000E+00  0.000E+00  0.000E+00  0.000E+00  0.000E+00  0.000E+00  0.000E+00  0.000E+00
  0.000E+00  0.000E+00  0.000E+00  0.000E+00  0.000E+00  0.000E+00  0.000E+00  0.000E+00  0.000E+00  0.000E+00
  0.000E+00  0.000E+00  0.000E+00  0.000E+00  0.000E+00  0.000E+00  0.000E+00  0.000E+00  0.000E+00  0.000E+00
  0.000E+00  0.000E+00  0.000E+00  0.000E+00  0.000E+00  0.000E+00  0.000E+00  0.000E+00  0.000E+00  0.000E+00
  0.000E+00  0.000E+00  0.000E+00  0.000E+00  0.000E+00  0.000E+00  0.000E+00  0.000E+00  0.000E+00  0.000E+00
  0.000E+00  0.000E+00  0.000E+00  0.000E+00  0.000E+00  0.000E+00  0.000E+00  0.000E+00  0.000E+00  0.000E+00
  0.000E+00  0.000E+00  0.000E+00  0.000E+00  0.000E+00  0.000E+00  0.000E+00  0.000E+00  0.000E+00  0.000E+00
  0.000E+00  0.000E+00  0.000E+00  0.000E+00  0.000E+00  0.000E+00  0.000E+00  0.000E+00  0.000E+00  0.000E+00
  0.000E+00  0.000E+00  0.000E+00  0.000E+00  1.745E+05  0.000E+00  0.000E+00  0.000E+00  0.000E+00  0.000E+00
  0.000E+00  0.000E+00  0.000E+00  0.000E+00  0.000E+00  0.000E+00  0.000E+00  0.000E+00  0.000E+00  0.000E+00
  0.000E+00  0.000E+00  0.000E+00  0.000E+00  0.000E+00  0.000E+00  0.000E+00  1.494E+05  0.000E+00  0.000E+00
  0.000E+00  0.000E+00  0.000E+00  0.000E+00  0.000E+00  0.000E+00  0.000E+00  0.000E+00  0.000E+00  0.000E+00
  0.000E+00  0.000E+00  0.000E+00  0.000E+00  0.000E+00  0.000E+00  0.000E+00  0.000E+00  0.000E+00  1.414E+05
  0.000E+00  0.000E+00  0.000E+00  1.525E+05  0.000E+00  0.000E+00  0.000E+00  0.000E+00  0.000E+00  0.000E+00
  0.000E+00  0.000E+00  0.000E+00  0.000E+00  0.000E+00  0.000E+00  0.000E+00  0.000E+00  0.000E+00  0.000E+00
  0.000E+00  0.000E+00  0.000E+00  0.000E+00  0.000E+00  0.000E+00  0.000E+00  0.000E+00  0.000E+00  0.000E+00
  0.000E+00  0.000E+00  0.000E+00  0.000E+00  0.000E+00  0.000E+00  0.000E+00  0.000E+00  0.000E+00  0.000E+00
  0.000E+00  0.000E+00  0.000E+00  0.000E+00  0.000E+00  0.000E+00  0.000E+00  0.000E+00  0.000E+00  0.000E+00
  0.000E+00  0.000E+00  0.000E+00  0.000E+00  0.000E+00  0.000E+00  0.000E+00  0.000E+00  0.000E+00  0.000E+00
  1.402E+05  0.000E+00  0.000E+00  0.000E+00  0.000E+00  0.000E+00  0.000E+00  0.000E+00  0.000E+00  0.000E+00
  0.000E+00  0.000E+00  0.000E+00  0.000E+00  0.000E+00  0.000E+00  0.000E+00  0.000E+00  0.000E+00  0.000E+00
  0.000E+00  0.000E+00  0.000E+00  0.000E+00  0.000E+00  0.000E+00  0.000E+00  0.000E+00  0.000E+00  0.000E+00
  0.000E+00  0.000E+00  0.000E+00  0.000E+00  0.000E+00  0.000E+00  0.000E+00  0.000E+00  0.000E+00  0.000E+00
  0.000E+00  0.000E+00  0.000E+00  0.000E+00  0.000E+00  0.000E+00  0.000E+00  0.000E+00  0.000E+00  0.000E+00
  0.000E+00  0.000E+00  0.000E+00  0.000E+00  0.000E+00  0.000E+00  0.000E+00  0.000E+00  0.000E+00  0.000E+00
  0.000E+00  0.000E+00  0.000E+00  0.000E+00  0.000E+00  0.000E+00  0.000E+00  0.000E+00  0.000E+00  0.000E+00
  0.000E+00  0.000E+00  0.000E+00  0.000E+00  0.000E+00  0.000E+00  0.000E+00  0.000E+00  0.000E+00  0.000E+00
  0.000E+00  0.000E+00  0.000E+00  0.000E+00  0.000E+00  0.000E+00  0.000E+00  0.000E+00  0.000E+00  0.000E+00
  0.000E+00  0.000E+00  0.000E+00  0.000E+00  0.000E+00  0.000E+00  0.000E+00  0.000E+00  0.000E+00  0.000E+00
  0.000E+00  0.000E+00  0.000E+00  0.000E+00  0.000E+00  0.000E+00  2.860E+05  0.000E+00  0.000E+00  0.000E+00
  0.000E+00  0.000E+00  0.000E+00  0.000E+00  0.000E+00  0.000E+00  0.000E+00  0.000E+00  2.230E+05  0.000E+00
  0.000E+00  0.000E+00  0.000E+00  0.000E+00  0.000E+00  0.000E+00  0.000E+00  0.000E+00  0.000E+00  0.000E+00
  0.000E+00  0.000E+00  0.000E+00  0.000E+00  0.000E+00  0.000E+00  0.000E+00  0.000E+00  0.000E+00  0.000E+00
  0.000E+00  0.000E+00  0.000E+00  0.000E+00  0.000E+00  0.000E+00  0.000E+00  0.000E+00  0.000E+00  0.000E+00
  0.000E+00  0.000E+00  0.000E+00  0.000E+00  0.000E+00  0.000E+00  0.000E+00  0.000E+00  0.000E+00  0.000E+00
  0.000E+00  0.000E+00  0.000E+00  0.000E+00  0.000E+00  0.000E+00  0.000E+00  0.000E+00  0.000E+00  0.000E+00
  0.000E+00  0.000E+00  0.000E+00  0.000E+00  0.000E+00  0.000E+00  0.000E+00  0.000E+00  0.000E+00  0.000E+00
  0.000E+00  0.000E+00  0.000E+00  0.000E+00  0.000E+00  1.414E+05  0.000E+00  0.000E+00  0.000E+00  0.000E+00
  0.000E+00  0.000E+00  0.000E+00  0.000E+00  0.000E+00  0.000E+00  0.000E+00  0.000E+00  0.000E+00  0.000E+00
  0.000E+00  0.000E+00  0.000E+00  0.000E+00  0.000E+00  0.000E+00  0.000E+00  0.000E+00  0.000E+00  0.000E+00
  0.000E+00  0.000E+00  0.000E+00  0.000E+00  0.000E+00  0.000E+00  0.000E+00  0.000E+00  0.000E+00  0.000E+00
  0.000E+00  0.000E+00  0.000E+00  0.000E+00  0.000E+00  0.000E+00  0.000E+00  0.000E+00  0.000E+00  0.000E+00
  0.000E+00  0.000E+00  0.000E+00  0.000E+00  0.000E+00  0.000E+00  0.000E+00  0.000E+00  0.000E+00  0.000E+00
  0.000E+00  0.000E+00  0.000E+00  0.000E+00  0.000E+00  0.000E+00  0.000E+00  0.000E+00  0.000E+00  0.000E+00
  0.000E+00  0.000E+00  0.000E+00  0.000E+00  0.000E+00  0.000E+00  0.000E+00  0.000E+00  0.000E+00  0.000E+00
  0.000E+00  0.000E+00  0.000E+00  0.000E+00  0.000E+00  0.000E+00  0.000E+00  0.000E+00  0.000E+00  0.000E+00
  0.000E+00  0.000E+00  0.000E+00  0.000E+00  0.000E+00  0.000E+00  0.000E+00  0.000E+00  0.000E+00  0.000E+00
  0.000E+00  0.000E+00  0.000E+00  0.000E+00  0.000E+00  0.000E+00  0.000E+00  0.000E+00  0.000E+00  0.000E+00
  0.000E+00  0.000E+00  0.000E+00  0.000E+00  0.000E+00  0.000E+00  0.000E+00  0.000E+00  0.000E+00  0.000E+00
  0.000E+00  0.000E+00  0.000E+00  0.000E+00  0.000E+00  0.000E+00  0.000E+00  0.000E+00  0.000E+00  0.000E+00
  0.000E+00  0.000E+00  0.000E+00  0.000E+00  0.000E+00  0.000E+00  0.000E+00  0.000E+00  1.578E+05  0.000E+00
  0.000E+00  0.000E+00  0.000E+00  0.000E+00  0.000E+00  0.000E+00  0.000E+00  0.000E+00  0.000E+00  0.000E+00
  0.000E+00  5.692E+04  4.318E+05  0.000E+00  0.000E+00  0.000E+00  0.000E+00  0.000E+00  0.000E+00  0.000E+00
  0.000E+00  0.000E+00  0.000E+00  0.000E+00  0.000E+00  0.000E+00  0.000E+00  0.000E+00  0.000E+00  0.000E+00
  0.000E+00  0.000E+00  0.000E+00  0.000E+00  0.000E+00  0.000E+00  0.000E+00  0.000E+00  0.000E+00  0.000E+00
  0.000E+00  0.000E+00  0.000E+00  0.000E+00  0.000E+00  0.000E+00  0.000E+00  0.000E+00  0.000E+00  0.000E+00
  0.000E+00  0.000E+00  0.000E+00  0.000E+00  0.000E+00  0.000E+00  0.000E+00  0.000E+00  0.000E+00  0.000E+00
  0.000E+00  0.000E+00  0.000E+00  0.000E+00  0.000E+00  0.000E+00  0.000E+00  0.000E+00  0.000E+00  0.000E+00
  0.000E+00  0.000E+00  0.000E+00  0.000E+00  0.000E+00  0.000E+00  0.000E+00  0.000E+00  0.000E+00  0.000E+00
  0.000E+00  0.000E+00  0.000E+00  0.000E+00  0.000E+00  1.340E+05  0.000E+00  0.000E+00  0.000E+00  0.000E+00
  1.388E+05  0.000E+00  0.000E+00  0.000E+00  0.000E+00  0.000E+00  0.000E+00  0.000E+00  2.163E+04  1.338E+05
  0.000E+00  0.000E+00  0.000E+00  0.000E+00  0.000E+00  0.000E+00  0.000E+00  0.000E+00  0.000E+00  0.000E+00
  0.000E+00  0.000E+00  0.000E+00  0.000E+00  0.000E+00  0.000E+00  0.000E+00  0.000E+00  0.000E+00  0.000E+00
  0.000E+00  0.000E+00  0.000E+00  0.000E+00  0.000E+00  0.000E+00  0.000E+00  0.000E+00  0.000E+00  0.000E+00
  0.000E+00  0.000E+00  0.000E+00  0.000E+00  0.000E+00  0.000E+00  1.365E+05  0.000E+00  1.312E+05  0.000E+00
  0.000E+00  0.000E+00  0.000E+00  0.000E+00  0.000E+00  0.000E+00  0.000E+00  0.000E+00  0.000E+00  0.000E+00
  0.000E+00  0.000E+00  0.000E+00  1.393E+05  0.000E+00  0.000E+00  2.544E+04  1.316E+05  0.000E+00  0.000E+00
  0.000E+00  0.000E+00  0.000E+00  0.000E+00  0.000E+00  0.000E+00  0.000E+00  0.000E+00  0.000E+00  0.000E+00
  2.055E+05  0.000E+00  0.000E+00  0.000E+00  0.000E+00  0.000E+00  0.000E+00  0.000E+00  0.000E+00  0.000E+00
  0.000E+00  0.000E+00  0.000E+00  0.000E+00  0.000E+00  0.000E+00  0.000E+00  0.000E+00  0.000E+00  0.000E+00
  0.000E+00  0.000E+00  0.000E+00  0.000E+00  0.000E+00  0.000E+00  0.000E+00  0.000E+00  0.000E+00  0.000E+00
  0.000E+00  0.000E+00  0.000E+00  0.000E+00  0.000E+00  0.000E+00  0.000E+00  0.000E+00  0.000E+00  0.000E+00
  0.000E+00  0.000E+00  0.000E+00  1.305E+05  0.000E+00  1.282E+05  0.000E+00  0.000E+00  0.000E+00  0.000E+00
  0.000E+00  0.000E+00  0.000E+00  0.000E+00  0.000E+00  0.000E+00  0.000E+00  0.000E+00  0.000E+00  0.000E+00
  0.000E+00  0.000E+00  0.000E+00  0.000E+00  0.000E+00  0.000E+00  0.000E+00  0.000E+00  0.000E+00  0.000E+00
  0.000E+00  0.000E+00  0.000E+00  0.000E+00  0.000E+00  0.000E+00  0.000E+00  0.000E+00  0.000E+00  0.000E+00
  0.000E+00  0.000E+00  0.000E+00  0.000E+00  0.000E+00  0.000E+00  0.000E+00  0.000E+00  0.000E+00  0.000E+00
  0.000E+00  0.000E+00  0.000E+00  0.000E+00  0.000E+00  0.000E+00  0.000E+00  1.435E+05  0.000E+00  0.000E+00
  0.000E+00  0.000E+00  0.000E+00  0.000E+00  0.000E+00  0.000E+00  0.000E+00  2.157E+05  0.000E+00  0.000E+00
  0.000E+00  0.000E+00  0.000E+00  0.000E+00  0.000E+00  1.313E+05  0.000E+00  0.000E+00  0.000E+00  0.000E+00
  0.000E+00  0.000E+00  0.000E+00  0.000E+00  0.000E+00  0.000E+00  0.000E+00  0.000E+00  0.000E+00  0.000E+00
  0.000E+00  0.000E+00  2.030E+05  0.000E+00  0.000E+00  0.000E+00  0.000E+00  0.000E+00  0.000E+00  0.000E+00
  0.000E+00  0.000E+00  0.000E+00  0.000E+00  0.000E+00  0.000E+00  0.000E+00  0.000E+00  0.000E+00  0.000E+00
  0.000E+00  0.000E+00  0.000E+00  0.000E+00  0.000E+00  0.000E+00  0.000E+00  0.000E+00  1.503E+05  0.000E+00
  0.000E+00  0.000E+00  0.000E+00  0.000E+00  0.000E+00  0.000E+00  0.000E+00  0.000E+00  0.000E+00  0.000E+00
  0.000E+00  0.000E+00  0.000E+00  0.000E+00  1.339E+05  0.000E+00  0.000E+00  0.000E+00  0.000E+00  0.000E+00
  0.000E+00  1.392E+05  0.000E+00  0.000E+00  0.000E+00  0.000E+00  0.000E+00  0.000E+00  0.000E+00  0.000E+00
  0.000E+00  0.000E+00  0.000E+00  0.000E+00  0.000E+00  0.000E+00  0.000E+00  0.000E+00  0.000E+00  0.000E+00
  0.000E+00  0.000E+00  0.000E+00  0.000E+00  1.909E+05  0.000E+00  0.000E+00  0.000E+00  0.000E+00  0.000E+00
  0.000E+00  0.000E+00  0.000E+00  0.000E+00  0.000E+00  0.000E+00  0.000E+00  0.000E+00  0.000E+00  0.000E+00
  0.000E+00  0.000E+00  0.000E+00  0.000E+00  0.000E+00  0.000E+00  0.000E+00  0.000E+00  0.000E+00  0.000E+00
  0.000E+00  0.000E+00  0.000E+00  0.000E+00  0.000E+00  0.000E+00  0.000E+00  0.000E+00  0.000E+00  0.000E+00
  0.000E+00  0.000E+00  0.000E+00  1.276E+05  1.260E+05  0.000E+00  1.285E+05  0.000E+00  0.000E+00  0.000E+00
  1.345E+05  0.000E+00  0.000E+00  0.000E+00  0.000E+00  0.000E+00  0.000E+00  0.000E+00  0.000E+00  0.000E+00
  0.000E+00  0.000E+00  0.000E+00  0.000E+00  0.000E+00  0.000E+00  0.000E+00  0.000E+00  0.000E+00  0.000E+00
  0.000E+00  0.000E+00  0.000E+00  0.000E+00  0.000E+00  0.000E+00  0.000E+00  0.000E+00  0.000E+00  0.000E+00
  0.000E+00  0.000E+00  0.000E+00  0.000E+00  0.000E+00  0.000E+00  0.000E+00  0.000E+00  0.000E+00  0.000E+00
  0.000E+00  0.000E+00  0.000E+00  0.000E+00  0.000E+00  0.000E+00  0.000E+00  0.000E+00  0.000E+00  0.000E+00
  0.000E+00  0.000E+00  0.000E+00  1.308E+05  0.000E+00  0.000E+00  0.000E+00  0.000E+00  1.730E+05  0.000E+00
  0.000E+00  0.000E+00  0.000E+00  0.000E+00  1.385E+05  0.000E+00  0.000E+00  0.000E+00  0.000E+00  0.000E+00
  0.000E+00  0.000E+00  0.000E+00  0.000E+00  0.000E+00  0.000E+00  0.000E+00  3.231E+05  0.000E+00  0.000E+00
  0.000E+00  0.000E+00  0.000E+00  0.000E+00  0.000E+00  0.000E+00  0.000E+00  0.000E+00  0.000E+00  0.000E+00
  0.000E+00  0.000E+00  0.000E+00  0.000E+00  0.000E+00  0.000E+00  0.000E+00  0.000E+00  0.000E+00  0.000E+00
  0.000E+00  0.000E+00  0.000E+00  0.000E+00  0.000E+00  0.000E+00  0.000E+00  0.000E+00  0.000E+00  0.000E+00
  0.000E+00  3.396E+05  0.000E+00  0.000E+00  0.000E+00  0.000E+00  0.000E+00  0.000E+00  0.000E+00  0.000E+00
  0.000E+00  0.000E+00  0.000E+00  0.000E+00  0.000E+00  0.000E+00  0.000E+00  0.000E+00  2.547E+05  0.000E+00
  0.000E+00  0.000E+00  0.000E+00  0.000E+00  0.000E+00  1.734E+05  1.050E+04  0.000E+00  0.000E+00  3.092E+05
  0.000E+00  0.000E+00  0.000E+00  0.000E+00  0.000E+00  0.000E+00  0.000E+00  0.000E+00  0.000E+00  0.000E+00
  0.000E+00  0.000E+00  0.000E+00  0.000E+00  0.000E+00  0.000E+00  0.000E+00  0.000E+00  0.000E+00  0.000E+00
  0.000E+00  0.000E+00  0.000E+00  0.000E+00  0.000E+00  0.000E+00  0.000E+00  0.000E+00  0.000E+00  0.000E+00
  0.000E+00  0.000E+00  0.000E+00  0.000E+00  0.000E+00  0.000E+00  0.000E+00  0.000E+00  0.000E+00  0.000E+00
  0.000E+00  1.343E+05  0.000E+00  0.000E+00  0.000E+00  0.000E+00  0.000E+00  0.000E+00  0.000E+00  0.000E+00
  2.591E+05  0.000E+00  0.000E+00  0.000E+00  0.000E+00  1.282E+05  0.000E+00  0.000E+00  0.000E+00  1.274E+05
  0.000E+00  1.270E+05  0.000E+00  0.000E+00  0.000E+00  0.000E+00  0.000E+00  1.060E+05  1.378E+05  0.000E+00
  0.000E+00  0.000E+00  0.000E+00  0.000E+00  0.000E+00  0.000E+00  0.000E+00  0.000E+00  0.000E+00  0.000E+00
  0.000E+00  0.000E+00  0.000E+00  0.000E+00  0.000E+00  0.000E+00  0.000E+00  0.000E+00  0.000E+00  0.000E+00
  0.000E+00  0.000E+00  0.000E+00  0.000E+00  0.000E+00  0.000E+00  0.000E+00  0.000E+00  0.000E+00  0.000E+00
  0.000E+00  0.000E+00  0.000E+00  0.000E+00  0.000E+00  0.000E+00  0.000E+00  0.000E+00  0.000E+00  0.000E+00
  0.000E+00  0.000E+00  2.493E+05  1.108E+05  0.000E+00  0.000E+00  1.256E+05  0.000E+00  2.535E+05  0.000E+00
  1.270E+05  0.000E+00  0.000E+00  0.000E+00  0.000E+00  1.256E+05  3.767E+05  1.245E+05  0.000E+00  0.000E+00
  0.000E+00  0.000E+00  0.000E+00  0.000E+00  0.000E+00  0.000E+00  0.000E+00  0.000E+00  0.000E+00  0.000E+00
  0.000E+00  0.000E+00  0.000E+00  0.000E+00  0.000E+00  0.000E+00  0.000E+00  0.000E+00  0.000E+00  0.000E+00
  0.000E+00  0.000E+00  0.000E+00  0.000E+00  0.000E+00  0.000E+00  0.000E+00  0.000E+00  0.000E+00  0.000E+00
  0.000E+00  0.000E+00  0.000E+00  0.000E+00  0.000E+00  0.000E+00  0.000E+00  0.000E+00  0.000E+00  0.000E+00
  0.000E+00  0.000E+00  0.000E+00  0.000E+00  0.000E+00  0.000E+00  1.310E+05  0.000E+00  0.000E+00  0.000E+00
  0.000E+00  0.000E+00  0.000E+00  1.282E+05  1.251E+05  0.000E+00  1.245E+05  0.000E+00  1.082E+05  0.000E+00
  0.000E+00  0.000E+00  0.000E+00  1.229E+05  0.000E+00  0.000E+00  0.000E+00  0.000E+00  0.000E+00  0.000E+00
  0.000E+00  0.000E+00  0.000E+00  0.000E+00  0.000E+00  0.000E+00  0.000E+00  0.000E+00  0.000E+00  0.000E+00
  0.000E+00  0.000E+00  0.000E+00  0.000E+00  0.000E+00  0.000E+00  0.000E+00  0.000E+00  0.000E+00  0.000E+00
  0.000E+00  0.000E+00  0.000E+00  0.000E+00  0.000E+00  0.000E+00  0.000E+00  0.000E+00  0.000E+00  0.000E+00
  0.000E+00  0.000E+00  0.000E+00  1.475E+05  0.000E+00  0.000E+00  0.000E+00  0.000E+00  0.000E+00  0.000E+00
  0.000E+00  0.000E+00  0.000E+00  0.000E+00  0.000E+00  0.000E+00  0.000E+00  0.000E+00  0.000E+00  0.000E+00
  0.000E+00  3.306E+05  4.214E+04  0.000E+00  1.271E+05  1.240E+05  1.230E+05  0.000E+00  1.895E+05  0.000E+00
  0.000E+00  0.000E+00  3.348E+05  0.000E+00  1.234E+05  0.000E+00  1.266E+05  0.000E+00  1.008E+05  0.000E+00
  0.000E+00  0.000E+00  0.000E+00  0.000E+00  0.000E+00  0.000E+00  0.000E+00  0.000E+00  0.000E+00  0.000E+00
  0.000E+00  0.000E+00  0.000E+00  0.000E+00  0.000E+00  0.000E+00  0.000E+00  0.000E+00  0.000E+00  0.000E+00
  0.000E+00  0.000E+00  0.000E+00  1.541E+05  0.000E+00  0.000E+00  0.000E+00  0.000E+00  0.000E+00  0.000E+00
  0.000E+00  0.000E+00  1.413E+05  0.000E+00  0.000E+00  0.000E+00  0.000E+00  0.000E+00  0.000E+00  0.000E+00
  0.000E+00  0.000E+00  0.000E+00  0.000E+00  0.000E+00  9.244E+04  0.000E+00  0.000E+00  1.787E+05  1.242E+05
  1.236E+05  1.734E+05  3.700E+05  5.535E+05  1.237E+05  9.001E+04  1.255E+05  0.000E+00  1.239E+05  1.263E+05
  0.000E+00  0.000E+00  0.000E+00  0.000E+00  0.000E+00  0.000E+00  0.000E+00  0.000E+00  0.000E+00  0.000E+00
  0.000E+00  1.378E+05  0.000E+00  0.000E+00  0.000E+00  0.000E+00  0.000E+00  0.000E+00  0.000E+00  0.000E+00
  0.000E+00  1.457E+05  0.000E+00  0.000E+00  0.000E+00  0.000E+00  0.000E+00  0.000E+00  0.000E+00  0.000E+00
  0.000E+00  0.000E+00  0.000E+00  0.000E+00  0.000E+00  0.000E+00  0.000E+00  0.000E+00  0.000E+00  0.000E+00
  0.000E+00  0.000E+00  1.375E+05  0.000E+00  1.345E+05  0.000E+00  0.000E+00  0.000E+00  0.000E+00  0.000E+00
  0.000E+00  0.000E+00  0.000E+00  0.000E+00  0.000E+00  0.000E+00  1.239E+05  0.000E+00  2.592E+05  6.127E+05
  3.746E+05  1.101E+06  2.445E+05  3.673E+05  5.082E+05  2.957E+05  0.000E+00  2.505E+05  0.000E+00  0.000E+00
  0.000E+00  0.000E+00  1.252E+05  0.000E+00  0.000E+00  2.587E+05  0.000E+00  1.385E+05  0.000E+00  0.000E+00
  0.000E+00  0.000E+00  0.000E+00  0.000E+00  0.000E+00  0.000E+00  0.000E+00  0.000E+00  0.000E+00  0.000E+00
  0.000E+00  0.000E+00  0.000E+00  0.000E+00  0.000E+00  0.000E+00  0.000E+00  0.000E+00  0.000E+00  0.000E+00
  0.000E+00  0.000E+00  0.000E+00  0.000E+00  0.000E+00  0.000E+00  0.000E+00  0.000E+00  0.000E+00  0.000E+00
  0.000E+00  0.000E+00  0.000E+00  0.000E+00  1.314E+05  0.000E+00  0.000E+00  0.000E+00  0.000E+00  1.251E+05
  1.266E+05  1.229E+05  0.000E+00  5.658E+04  4.973E+05  1.104E+06  6.595E+06  1.484E+07  1.646E+07  1.196E+07
  3.111E+06  1.273E+06  0.000E+00  1.330E+05  1.234E+05  0.000E+00  0.000E+00  0.000E+00  0.000E+00  0.000E+00
  0.000E+00  0.000E+00  0.000E+00  1.351E+05  0.000E+00  0.000E+00  0.000E+00  0.000E+00  0.000E+00  0.000E+00
  0.000E+00  0.000E+00  0.000E+00  0.000E+00  0.000E+00  0.000E+00  0.000E+00  0.000E+00  0.000E+00  0.000E+00
  0.000E+00  4.119E+05  0.000E+00  0.000E+00  0.000E+00  0.000E+00  0.000E+00  0.000E+00  0.000E+00  0.000E+00
  0.000E+00  0.000E+00  0.000E+00  0.000E+00  0.000E+00  1.575E+05  0.000E+00  0.000E+00  0.000E+00  0.000E+00
  0.000E+00  0.000E+00  0.000E+00  2.407E+05  0.000E+00  0.000E+00  1.260E+05  2.475E+05  1.238E+05  1.230E+05
  6.161E+05  2.337E+06  1.974E+07  7.622E+07  1.679E+08  2.151E+08  1.441E+08  5.600E+07  1.018E+07  7.335E+05
  0.000E+00  2.529E+05  0.000E+00  2.519E+05  1.236E+05  1.259E+05  0.000E+00  0.000E+00  1.290E+05  1.264E+05
  0.000E+00  0.000E+00  3.526E+05  0.000E+00  0.000E+00  0.000E+00  1.341E+05  0.000E+00  0.000E+00  0.000E+00
  0.000E+00  0.000E+00  0.000E+00  0.000E+00  0.000E+00  0.000E+00  0.000E+00  0.000E+00  0.000E+00  0.000E+00
  0.000E+00  0.000E+00  0.000E+00  0.000E+00  0.000E+00  0.000E+00  0.000E+00  0.000E+00  0.000E+00  0.000E+00
  0.000E+00  0.000E+00  0.000E+00  0.000E+00  0.000E+00  0.000E+00  0.000E+00  0.000E+00  0.000E+00  0.000E+00
  0.000E+00  0.000E+00  1.234E+05  0.000E+00  2.510E+05  1.233E+05  0.000E+00  1.345E+06  1.416E+07  1.154E+08
  4.557E+08  9.459E+08  1.128E+09  7.914E+08  3.014E+08  6.378E+07  7.083E+06  7.351E+05  2.517E+05  2.593E+05
  0.000E+00  1.247E+05  0.000E+00  0.000E+00  0.000E+00  1.105E+05  2.543E+04  1.297E+05  0.000E+00  0.000E+00
  1.417E+05  0.000E+00  0.000E+00  0.000E+00  0.000E+00  0.000E+00  0.000E+00  0.000E+00  0.000E+00  0.000E+00
  0.000E+00  0.000E+00  0.000E+00  0.000E+00  0.000E+00  0.000E+00  0.000E+00  0.000E+00  0.000E+00  0.000E+00
  0.000E+00  0.000E+00  0.000E+00  0.000E+00  0.000E+00  0.000E+00  0.000E+00  0.000E+00  0.000E+00  0.000E+00
  0.000E+00  0.000E+00  0.000E+00  0.000E+00  0.000E+00  0.000E+00  2.565E+05  0.000E+00  0.000E+00  2.533E+05
  0.000E+00  2.470E+05  1.239E+05  1.286E+06  2.822E+06  4.811E+07  3.677E+08  1.390E+09  2.735E+09  3.249E+09
  2.340E+09  9.771E+08  2.117E+08  2.297E+07  7.335E+05  0.000E+00  1.277E+05  0.000E+00  0.000E+00  0.000E+00
  5.584E+04  0.000E+00  0.000E+00  1.401E+05  0.000E+00  0.000E+00  0.000E+00  0.000E+00  0.000E+00  0.000E+00
  0.000E+00  0.000E+00  0.000E+00  0.000E+00  0.000E+00  0.000E+00  0.000E+00  0.000E+00  0.000E+00  0.000E+00
  0.000E+00  0.000E+00  0.000E+00  0.000E+00  0.000E+00  0.000E+00  0.000E+00  0.000E+00  0.000E+00  0.000E+00
  0.000E+00  0.000E+00  0.000E+00  0.000E+00  0.000E+00  0.000E+00  0.000E+00  0.000E+00  0.000E+00  0.000E+00
  0.000E+00  0.000E+00  1.464E+05  0.000E+00  0.000E+00  0.000E+00  0.000E+00  0.000E+00  1.242E+05  2.450E+05
  6.480E+05  6.359E+06  9.371E+07  6.638E+08  2.361E+09  4.436E+09  5.248E+09  3.839E+09  1.691E+09  3.595E+08
  3.699E+07  1.834E+06  1.250E+05  0.000E+00  0.000E+00  1.236E+05  0.000E+00  0.000E+00  1.243E+05  0.000E+00
  0.000E+00  0.000E+00  0.000E+00  0.000E+00  0.000E+00  0.000E+00  0.000E+00  0.000E+00  0.000E+00  0.000E+00
  0.000E+00  0.000E+00  0.000E+00  0.000E+00  0.000E+00  0.000E+00  0.000E+00  0.000E+00  0.000E+00  0.000E+00
  1.595E+05  0.000E+00  0.000E+00  0.000E+00  0.000E+00  0.000E+00  0.000E+00  0.000E+00  0.000E+00  0.000E+00
  0.000E+00  1.404E+05  0.000E+00  0.000E+00  0.000E+00  1.335E+05  1.503E+05  1.962E+05  5.130E+04  0.000E+00
  1.283E+05  0.000E+00  0.000E+00  0.000E+00  0.000E+00  1.260E+05  0.000E+00  2.492E+05  5.659E+06  9.065E+07
  6.750E+08  2.317E+09  4.469E+09  5.206E+09  3.833E+09  1.648E+09  3.676E+08  3.979E+07  1.955E+06  3.868E+05
  0.000E+00  0.000E+00  1.306E+05  0.000E+00  0.000E+00  1.254E+05  0.000E+00  0.000E+00  0.000E+00  0.000E+00
  0.000E+00  0.000E+00  0.000E+00  0.000E+00  1.444E+05  0.000E+00  0.000E+00  0.000E+00  0.000E+00  0.000E+00
  0.000E+00  0.000E+00  1.540E+05  0.000E+00  0.000E+00  0.000E+00  0.000E+00  0.000E+00  1.545E+05  0.000E+00
  0.000E+00  0.000E+00  0.000E+00  0.000E+00  0.000E+00  0.000E+00  0.000E+00  0.000E+00  0.000E+00  0.000E+00
  0.000E+00  0.000E+00  0.000E+00  0.000E+00  0.000E+00  0.000E+00  0.000E+00  1.261E+05  0.000E+00  0.000E+00
  0.000E+00  1.246E+05  0.000E+00  2.597E+05  3.843E+05  3.728E+06  5.148E+07  3.774E+08  1.378E+09  2.766E+09
  3.249E+09  2.339E+09  9.602E+08  2.195E+08  2.521E+07  1.590E+06  2.590E+05  0.000E+00  2.507E+05  1.250E+05
  1.296E+05  1.291E+05  0.000E+00  0.000E+00  2.858E+05  0.000E+00  0.000E+00  0.000E+00  0.000E+00  0.000E+00
  0.000E+00  0.000E+00  0.000E+00  0.000E+00  0.000E+00  0.000E+00  0.000E+00  0.000E+00  0.000E+00  0.000E+00
  0.000E+00  0.000E+00  0.000E+00  0.000E+00  0.000E+00  0.000E+00  0.000E+00  0.000E+00  0.000E+00  0.000E+00
  0.000E+00  0.000E+00  0.000E+00  0.000E+00  0.000E+00  0.000E+00  0.000E+00  0.000E+00  0.000E+00  0.000E+00
  3.229E+03  0.000E+00  1.159E+05  1.246E+05  0.000E+00  0.000E+00  0.000E+00  0.000E+00  0.000E+00  0.000E+00
  1.368E+05  1.852E+05  7.984E+05  1.463E+07  1.158E+08  4.479E+08  9.698E+08  1.138E+09  7.858E+08  3.125E+08
  6.454E+07  7.817E+06  7.350E+05  0.000E+00  1.233E+05  2.512E+05  1.241E+05  0.000E+00  0.000E+00  0.000E+00
  0.000E+00  0.000E+00  0.000E+00  0.000E+00  0.000E+00  0.000E+00  0.000E+00  0.000E+00  0.000E+00  0.000E+00
  0.000E+00  0.000E+00  0.000E+00  0.000E+00  0.000E+00  0.000E+00  0.000E+00  0.000E+00  0.000E+00  0.000E+00
  0.000E+00  0.000E+00  0.000E+00  0.000E+00  0.000E+00  0.000E+00  0.000E+00  0.000E+00  0.000E+00  0.000E+00
  0.000E+00  0.000E+00  0.000E+00  0.000E+00  0.000E+00  0.000E+00  0.000E+00  0.000E+00  0.000E+00  0.000E+00
  0.000E+00  0.000E+00  0.000E+00  0.000E+00  0.000E+00  0.000E+00  0.000E+00  1.247E+05  2.812E+05  7.430E+05
  3.126E+06  1.769E+07  8.037E+07  1.651E+08  2.141E+08  1.402E+08  5.061E+07  7.205E+06  9.790E+05  0.000E+00
  2.646E+05  0.000E+00  1.240E+05  1.247E+05  0.000E+00  0.000E+00  0.000E+00  0.000E+00  0.000E+00  0.000E+00
  0.000E+00  0.000E+00  0.000E+00  0.000E+00  0.000E+00  0.000E+00  0.000E+00  0.000E+00  0.000E+00  0.000E+00
  0.000E+00  0.000E+00  0.000E+00  0.000E+00  0.000E+00  0.000E+00  0.000E+00  1.526E+05  0.000E+00  0.000E+00
  0.000E+00  0.000E+00  0.000E+00  0.000E+00  0.000E+00  0.000E+00  0.000E+00  0.000E+00  0.000E+00  0.000E+00
  0.000E+00  0.000E+00  0.000E+00  0.000E+00  0.000E+00  0.000E+00  0.000E+00  0.000E+00  0.000E+00  0.000E+00
  1.270E+05  0.000E+00  0.000E+00  0.000E+00  1.228E+05  1.288E+05  0.000E+00  6.132E+05  1.086E+06  7.149E+06
  1.335E+07  1.582E+07  1.148E+07  5.009E+06  8.663E+05  1.261E+05  0.000E+00  0.000E+00  0.000E+00  1.251E+05
  6.215E+04  0.000E+00  0.000E+00  0.000E+00  0.000E+00  0.000E+00  1.305E+05  0.000E+00  0.000E+00  0.000E+00
  0.000E+00  0.000E+00  0.000E+00  0.000E+00  0.000E+00  0.000E+00  0.000E+00  0.000E+00  0.000E+00  0.000E+00
  0.000E+00  0.000E+00  0.000E+00  0.000E+00  0.000E+00  0.000E+00  0.000E+00  0.000E+00  0.000E+00  0.000E+00
  0.000E+00  0.000E+00  0.000E+00  0.000E+00  0.000E+00  0.000E+00  0.000E+00  0.000E+00  0.000E+00  0.000E+00
  0.000E+00  0.000E+00  0.000E+00  0.000E+00  0.000E+00  0.000E+00  0.000E+00  0.000E+00  0.000E+00  1.273E+05
  0.000E+00  1.235E+05  0.000E+00  1.232E+05  0.000E+00  2.449E+05  4.896E+05  6.114E+05  9.490E+05  6.720E+05
  3.689E+05  1.231E+05  1.236E+05  5.506E+05  1.238E+05  1.254E+05  0.000E+00  0.000E+00  0.000E+00  0.000E+00
  2.562E+05  0.000E+00  0.000E+00  0.000E+00  0.000E+00  0.000E+00  0.000E+00  0.000E+00  2.931E+05  0.000E+00
  0.000E+00  0.000E+00  0.000E+00  0.000E+00  0.000E+00  0.000E+00  0.000E+00  0.000E+00  0.000E+00  0.000E+00
  0.000E+00  0.000E+00  0.000E+00  0.000E+00  0.000E+00  0.000E+00  0.000E+00  0.000E+00  0.000E+00  0.000E+00
  0.000E+00  0.000E+00  0.000E+00  0.000E+00  0.000E+00  0.000E+00  0.000E+00  0.000E+00  0.000E+00  0.000E+00
  0.000E+00  1.307E+05  0.000E+00  0.000E+00  0.000E+00  0.000E+00  0.000E+00  0.000E+00  0.000E+00  0.000E+00
  1.251E+05  0.000E+00  1.241E+05  0.000E+00  0.000E+00  1.247E+05  0.000E+00  1.301E+05  0.000E+00  1.272E+05
  0.000E+00  1.248E+05  1.232E+05  1.239E+05  1.258E+05  0.000E+00  0.000E+00  8.169E+04  0.000E+00  0.000E+00
  0.000E+00  0.000E+00  0.000E+00  0.000E+00  0.000E+00  0.000E+00  0.000E+00  1.342E+05  0.000E+00  0.000E+00
  0.000E+00  0.000E+00  0.000E+00  0.000E+00  0.000E+00  6.831E+04  1.293E+05  0.000E+00  0.000E+00  0.000E+00
  0.000E+00  0.000E+00  0.000E+00  0.000E+00  0.000E+00  0.000E+00  0.000E+00  0.000E+00  0.000E+00  0.000E+00
  0.000E+00  0.000E+00  0.000E+00  0.000E+00  0.000E+00  0.000E+00  0.000E+00  0.000E+00  0.000E+00  0.000E+00
  2.544E+05  0.000E+00  0.000E+00  0.000E+00  2.510E+05  1.264E+05  1.061E+05  1.229E+05  0.000E+00  0.000E+00
  2.472E+05  1.257E+05  0.000E+00  1.305E+05  0.000E+00  1.238E+05  1.263E+05  0.000E+00  0.000E+00  0.000E+00
  1.256E+05  0.000E+00  1.283E+05  1.281E+05  1.300E+05  0.000E+00  0.000E+00  1.601E+05  0.000E+00  0.000E+00
  0.000E+00  0.000E+00  1.342E+05  0.000E+00  0.000E+00  0.000E+00  0.000E+00  0.000E+00  0.000E+00  0.000E+00
  0.000E+00  0.000E+00  0.000E+00  0.000E+00  0.000E+00  0.000E+00  0.000E+00  0.000E+00  0.000E+00  0.000E+00
  0.000E+00  0.000E+00  0.000E+00  0.000E+00  0.000E+00  0.000E+00  0.000E+00  0.000E+00  0.000E+00  0.000E+00
  0.000E+00  0.000E+00  0.000E+00  0.000E+00  0.000E+00  0.000E+00  0.000E+00  1.308E+05  0.000E+00  0.000E+00
  0.000E+00  0.000E+00  0.000E+00  0.000E+00  0.000E+00  0.000E+00  0.000E+00  1.239E+05  1.375E+05  1.269E+05
  0.000E+00  0.000E+00  0.000E+00  0.000E+00  1.251E+05  1.234E+05  0.000E+00  2.550E+05  1.251E+05  0.000E+00
  0.000E+00  0.000E+00  1.292E+05  0.000E+00  0.000E+00  0.000E+00  0.000E+00  0.000E+00  0.000E+00  0.000E+00
  0.000E+00  0.000E+00  0.000E+00  1.269E+05  1.643E+04  0.000E+00  0.000E+00  0.000E+00  0.000E+00  0.000E+00
  0.000E+00  0.000E+00  0.000E+00  0.000E+00  0.000E+00  0.000E+00  0.000E+00  0.000E+00  0.000E+00  0.000E+00
  0.000E+00  0.000E+00  0.000E+00  0.000E+00  0.000E+00  0.000E+00  0.000E+00  3.362E+05  0.000E+00  1.348E+05
  0.000E+00  0.000E+00  0.000E+00  0.000E+00  0.000E+00  0.000E+00  0.000E+00  1.245E+05  0.000E+00  1.246E+05
  0.000E+00  1.492E+05  0.000E+00  0.000E+00  0.000E+00  0.000E+00  1.242E+05  1.298E+04  0.000E+00  0.000E+00
  1.263E+05  1.261E+05  0.000E+00  0.000E+00  1.439E+05  0.000E+00  0.000E+00  0.000E+00  0.000E+00  0.000E+00
  1.322E+05  0.000E+00  0.000E+00  0.000E+00  0.000E+00  0.000E+00  0.000E+00  0.000E+00  0.000E+00  0.000E+00
  0.000E+00  0.000E+00  0.000E+00  0.000E+00  0.000E+00  0.000E+00  0.000E+00  0.000E+00  0.000E+00  0.000E+00
  0.000E+00  0.000E+00  0.000E+00  0.000E+00  0.000E+00  0.000E+00  0.000E+00  0.000E+00  0.000E+00  0.000E+00
  0.000E+00  0.000E+00  0.000E+00  0.000E+00  0.000E+00  0.000E+00  0.000E+00  1.594E+05  0.000E+00  0.000E+00
  0.000E+00  0.000E+00  1.333E+05  0.000E+00  0.000E+00  0.000E+00  0.000E+00  0.000E+00  0.000E+00  0.000E+00
  0.000E+00  1.263E+05  0.000E+00  0.000E+00  1.174E+05  0.000E+00  0.000E+00  1.240E+05  1.265E+05  1.263E+05
  1.248E+05  1.300E+05  1.264E+05  0.000E+00  0.000E+00  1.310E+05  0.000E+00  1.304E+05  0.000E+00  0.000E+00
  0.000E+00  0.000E+00  0.000E+00  0.000E+00  0.000E+00  0.000E+00  0.000E+00  0.000E+00  0.000E+00  0.000E+00
  0.000E+00  0.000E+00  0.000E+00  0.000E+00  0.000E+00  0.000E+00  0.000E+00  0.000E+00  0.000E+00  0.000E+00
  0.000E+00  0.000E+00  0.000E+00  0.000E+00  0.000E+00  0.000E+00  0.000E+00  0.000E+00  0.000E+00  0.000E+00
  0.000E+00  0.000E+00  0.000E+00  0.000E+00  0.000E+00  0.000E+00  1.348E+05  0.000E+00  0.000E+00  0.000E+00
  0.000E+00  0.000E+00  0.000E+00  0.000E+00  0.000E+00  0.000E+00  0.000E+00  1.240E+05  0.000E+00  0.000E+00
  2.577E+05  0.000E+00  0.000E+00  0.000E+00  0.000E+00  0.000E+00  0.000E+00  0.000E+00  0.000E+00  0.000E+00
  0.000E+00  0.000E+00  0.000E+00  0.000E+00  0.000E+00  0.000E+00  0.000E+00  0.000E+00  0.000E+00  0.000E+00
  0.000E+00  0.000E+00  0.000E+00  0.000E+00  0.000E+00  0.000E+00  0.000E+00  0.000E+00  0.000E+00  0.000E+00
  0.000E+00  0.000E+00  0.000E+00  0.000E+00  0.000E+00  0.000E+00  0.000E+00  0.000E+00  0.000E+00  0.000E+00
  0.000E+00  0.000E+00  0.000E+00  0.000E+00  0.000E+00  0.000E+00  0.000E+00  0.000E+00  0.000E+00  0.000E+00
  0.000E+00  0.000E+00  0.000E+00  0.000E+00  0.000E+00  0.000E+00  1.326E+05  1.344E+05  1.271E+05  1.415E+05
  0.000E+00  0.000E+00  1.461E+05  0.000E+00  1.703E+05  1.263E+05  0.000E+00  0.000E+00  0.000E+00  0.000E+00
  1.289E+05  0.000E+00  0.000E+00  1.296E+05  0.000E+00  0.000E+00  0.000E+00  0.000E+00  0.000E+00  0.000E+00
  0.000E+00  0.000E+00  0.000E+00  0.000E+00  0.000E+00  0.000E+00  0.000E+00  0.000E+00  0.000E+00  7.611E+05
  0.000E+00  0.000E+00  0.000E+00  0.000E+00  0.000E+00  0.000E+00  0.000E+00  0.000E+00  0.000E+00  0.000E+00
  0.000E+00  0.000E+00  0.000E+00  0.000E+00  0.000E+00  0.000E+00  0.000E+00  0.000E+00  0.000E+00  0.000E+00
  0.000E+00  0.000E+00  0.000E+00  0.000E+00  1.362E+05  0.000E+00  0.000E+00  0.000E+00  0.000E+00  0.000E+00
  0.000E+00  0.000E+00  0.000E+00  0.000E+00  0.000E+00  0.000E+00  0.000E+00  0.000E+00  1.258E+05  0.000E+00
  0.000E+00  1.297E+05  0.000E+00  0.000E+00  0.000E+00  1.293E+05  0.000E+00  0.000E+00  0.000E+00  0.000E+00
  1.255E+05  0.000E+00  1.889E+05  0.000E+00  0.000E+00  0.000E+00  0.000E+00  0.000E+00  0.000E+00  0.000E+00
  0.000E+00  0.000E+00  0.000E+00  0.000E+00  0.000E+00  0.000E+00  0.000E+00  0.000E+00  0.000E+00  0.000E+00
  0.000E+00  0.000E+00  0.000E+00  0.000E+00  0.000E+00  0.000E+00  0.000E+00  0.000E+00  0.000E+00  0.000E+00
  0.000E+00  0.000E+00  0.000E+00  0.000E+00  0.000E+00  0.000E+00  0.000E+00  0.000E+00  0.000E+00  0.000E+00
  0.000E+00  0.000E+00  0.000E+00  1.336E+05  0.000E+00  0.000E+00  0.000E+00  0.000E+00  0.000E+00  0.000E+00
  1.426E+05  0.000E+00  0.000E+00  0.000E+00  0.000E+00  0.000E+00  0.000E+00  0.000E+00  0.000E+00  0.000E+00
  0.000E+00  0.000E+00  0.000E+00  0.000E+00  0.000E+00  0.000E+00  0.000E+00  0.000E+00  0.000E+00  0.000E+00
  0.000E+00  0.000E+00  0.000E+00  0.000E+00  0.000E+00  0.000E+00  0.000E+00  0.000E+00  0.000E+00  0.000E+00
  0.000E+00  0.000E+00  0.000E+00  0.000E+00  0.000E+00  0.000E+00  0.000E+00  0.000E+00  0.000E+00  0.000E+00
  0.000E+00  0.000E+00  0.000E+00  0.000E+00  0.000E+00  0.000E+00  0.000E+00  0.000E+00  0.000E+00  0.000E+00
  0.000E+00  0.000E+00  0.000E+00  0.000E+00  0.000E+00  1.459E+05  0.000E+00  0.000E+00  0.000E+00  0.000E+00
  0.000E+00  0.000E+00  0.000E+00  0.000E+00  0.000E+00  0.000E+00  0.000E+00  0.000E+00  1.397E+05  0.000E+00
  0.000E+00  0.000E+00  0.000E+00  0.000E+00  0.000E+00  0.000E+00  1.303E+05  0.000E+00  1.272E+05  1.279E+05
  0.000E+00  0.000E+00  3.292E+05  0.000E+00  1.304E+05  0.000E+00  0.000E+00  1.338E+05  0.000E+00  0.000E+00
  0.000E+00  0.000E+00  0.000E+00  0.000E+00  0.000E+00  0.000E+00  0.000E+00  0.000E+00  0.000E+00  0.000E+00
  0.000E+00  0.000E+00  0.000E+00  0.000E+00  0.000E+00  0.000E+00  0.000E+00  0.000E+00  0.000E+00  0.000E+00
  0.000E+00  0.000E+00  0.000E+00  0.000E+00  0.000E+00  0.000E+00  0.000E+00  0.000E+00  0.000E+00  0.000E+00
  0.000E+00  0.000E+00  0.000E+00  0.000E+00  0.000E+00  0.000E+00  0.000E+00  0.000E+00  0.000E+00  0.000E+00
  0.000E+00  0.000E+00  0.000E+00  0.000E+00  0.000E+00  0.000E+00  0.000E+00  0.000E+00  0.000E+00  0.000E+00
  0.000E+00  0.000E+00  0.000E+00  0.000E+00  0.000E+00  0.000E+00  1.293E+05  0.000E+00  1.876E+05  0.000E+00
  0.000E+00  0.000E+00  1.400E+05  0.000E+00  0.000E+00  0.000E+00  0.000E+00  0.000E+00  0.000E+00  0.000E+00
  0.000E+00  0.000E+00  0.000E+00  0.000E+00  0.000E+00  0.000E+00  0.000E+00  0.000E+00  0.000E+00  0.000E+00
  0.000E+00  0.000E+00  0.000E+00  0.000E+00  0.000E+00  0.000E+00  0.000E+00  0.000E+00  0.000E+00  0.000E+00
  0.000E+00  0.000E+00  0.000E+00  0.000E+00  0.000E+00  0.000E+00  0.000E+00  0.000E+00  0.000E+00  0.000E+00
  0.000E+00  0.000E+00  0.000E+00  0.000E+00  0.000E+00  0.000E+00  0.000E+00  0.000E+00  0.000E+00  0.000E+00
  0.000E+00  0.000E+00  0.000E+00  2.696E+05  0.000E+00  0.000E+00  1.347E+05  0.000E+00  0.000E+00  0.000E+00
  0.000E+00  0.000E+00  0.000E+00  0.000E+00  0.000E+00  0.000E+00  0.000E+00  0.000E+00  0.000E+00  0.000E+00
  0.000E+00  0.000E+00  0.000E+00  0.000E+00  0.000E+00  1.710E+05  0.000E+00  0.000E+00  0.000E+00  0.000E+00
  0.000E+00  0.000E+00  0.000E+00  1.214E+05  8.882E+04  0.000E+00  0.000E+00  0.000E+00  0.000E+00  0.000E+00
  0.000E+00  0.000E+00  0.000E+00  0.000E+00  0.000E+00  0.000E+00  0.000E+00  0.000E+00  0.000E+00  0.000E+00
  0.000E+00  0.000E+00  0.000E+00  0.000E+00  0.000E+00  0.000E+00  0.000E+00  0.000E+00  0.000E+00  0.000E+00
  0.000E+00  0.000E+00  0.000E+00  0.000E+00  0.000E+00  0.000E+00  0.000E+00  0.000E+00  1.352E+05  0.000E+00
  0.000E+00  0.000E+00  0.000E+00  0.000E+00  0.000E+00  0.000E+00  0.000E+00  0.000E+00  0.000E+00  0.000E+00
  0.000E+00  1.311E+05  1.351E+05  0.000E+00  0.000E+00  0.000E+00  0.000E+00  0.000E+00  0.000E+00  0.000E+00
  0.000E+00  0.000E+00  0.000E+00  0.000E+00  0.000E+00  0.000E+00  0.000E+00  0.000E+00  0.000E+00  0.000E+00
  0.000E+00  0.000E+00  0.000E+00  0.000E+00  0.000E+00  0.000E+00  0.000E+00  0.000E+00  0.000E+00  0.000E+00
  0.000E+00  0.000E+00  0.000E+00  0.000E+00  0.000E+00  0.000E+00  0.000E+00  0.000E+00  0.000E+00  0.000E+00
  0.000E+00  0.000E+00  0.000E+00  0.000E+00  0.000E+00  0.000E+00  0.000E+00  0.000E+00  0.000E+00  0.000E+00
  0.000E+00  0.000E+00  0.000E+00  0.000E+00  0.000E+00  0.000E+00  0.000E+00  0.000E+00  0.000E+00  0.000E+00
  0.000E+00  1.389E+05  0.000E+00  0.000E+00  0.000E+00  0.000E+00  0.000E+00  0.000E+00  1.298E+05  0.000E+00
  0.000E+00  1.427E+05  0.000E+00  0.000E+00  0.000E+00  0.000E+00  0.000E+00  0.000E+00  0.000E+00  0.000E+00
  0.000E+00  0.000E+00  0.000E+00  0.000E+00  0.000E+00  0.000E+00  0.000E+00  0.000E+00  0.000E+00  9.145E+04
  5.443E+04  0.000E+00  0.000E+00  0.000E+00  0.000E+00  0.000E+00  0.000E+00  0.000E+00  0.000E+00  0.000E+00
  0.000E+00  0.000E+00  0.000E+00  0.000E+00  0.000E+00  0.000E+00  0.000E+00  0.000E+00  0.000E+00  0.000E+00
  0.000E+00  0.000E+00  0.000E+00  0.000E+00  0.000E+00  0.000E+00  0.000E+00  0.000E+00  0.000E+00  0.000E+00
  0.000E+00  0.000E+00  0.000E+00  0.000E+00  0.000E+00  0.000E+00  0.000E+00  1.365E+05  0.000E+00  0.000E+00
  0.000E+00  0.000E+00  0.000E+00  0.000E+00  0.000E+00  0.000E+00  0.000E+00  0.000E+00  0.000E+00  0.000E+00
  0.000E+00  0.000E+00  0.000E+00  0.000E+00  0.000E+00  0.000E+00  0.000E+00  0.000E+00  0.000E+00  0.000E+00
  0.000E+00  0.000E+00  0.000E+00  0.000E+00  0.000E+00  0.000E+00  0.000E+00  0.000E+00  0.000E+00  0.000E+00
  0.000E+00  0.000E+00  0.000E+00  0.000E+00  0.000E+00  0.000E+00  0.000E+00  0.000E+00  0.000E+00  0.000E+00
  0.000E+00  0.000E+00  0.000E+00  0.000E+00  0.000E+00  0.000E+00  0.000E+00  0.000E+00  0.000E+00  0.000E+00
  0.000E+00  0.000E+00  0.000E+00  0.000E+00  0.000E+00  0.000E+00  0.000E+00  0.000E+00  1.372E+05  2.808E+05
  0.000E+00  0.000E+00  0.000E+00  0.000E+00  0.000E+00  0.000E+00  0.000E+00  0.000E+00  0.000E+00  1.442E+05
  0.000E+00  0.000E+00  0.000E+00  0.000E+00  1.622E+05  0.000E+00  0.000E+00  0.000E+00  0.000E+00  0.000E+00
  0.000E+00  0.000E+00  0.000E+00  0.000E+00  0.000E+00  0.000E+00  0.000E+00  0.000E+00  0.000E+00  0.000E+00
  0.000E+00  0.000E+00  0.000E+00  0.000E+00  0.000E+00  0.000E+00  0.000E+00  0.000E+00  0.000E+00  0.000E+00
  0.000E+00  0.000E+00  0.000E+00  0.000E+00  0.000E+00  0.000E+00  0.000E+00  0.000E+00  0.000E+00  0.000E+00
  0.000E+00  0.000E+00  0.000E+00  0.000E+00  0.000E+00  0.000E+00  0.000E+00  0.000E+00  0.000E+00  0.000E+00
  0.000E+00  0.000E+00  0.000E+00  0.000E+00  0.000E+00  0.000E+00  0.000E+00  0.000E+00  0.000E+00  0.000E+00
  0.000E+00  0.000E+00  0.000E+00  0.000E+00  0.000E+00  0.000E+00  0.000E+00  0.000E+00  0.000E+00  0.000E+00
  0.000E+00  0.000E+00  0.000E+00  0.000E+00  0.000E+00  0.000E+00  2.328E+05  0.000E+00  0.000E+00  0.000E+00
  0.000E+00  0.000E+00  0.000E+00  0.000E+00  0.000E+00  0.000E+00  0.000E+00  0.000E+00  0.000E+00  0.000E+00
  0.000E+00  0.000E+00  0.000E+00  0.000E+00  0.000E+00  0.000E+00  0.000E+00  0.000E+00  0.000E+00  0.000E+00
  0.000E+00  0.000E+00  0.000E+00  0.000E+00  0.000E+00  0.000E+00  0.000E+00  0.000E+00  0.000E+00  0.000E+00
  0.000E+00  0.000E+00  0.000E+00  0.000E+00  0.000E+00  0.000E+00  0.000E+00  0.000E+00  3.189E+05  0.000E+00
  0.000E+00  0.000E+00  0.000E+00  0.000E+00  0.000E+00  0.000E+00  0.000E+00  0.000E+00  0.000E+00  0.000E+00
  0.000E+00  0.000E+00  0.000E+00  0.000E+00  0.000E+00  0.000E+00  0.000E+00  0.000E+00  0.000E+00  0.000E+00
  0.000E+00  0.000E+00  0.000E+00  0.000E+00  0.000E+00  0.000E+00  0.000E+00  0.000E+00  0.000E+00  0.000E+00
  0.000E+00  0.000E+00  0.000E+00  0.000E+00  0.000E+00  0.000E+00  0.000E+00  0.000E+00  0.000E+00  0.000E+00
  0.000E+00  0.000E+00  0.000E+00  0.000E+00  0.000E+00  0.000E+00  0.000E+00  0.000E+00  0.000E+00  0.000E+00
  0.000E+00  0.000E+00  0.000E+00  0.000E+00  0.000E+00  0.000E+00  0.000E+00  0.000E+00  0.000E+00  0.000E+00
  0.000E+00  0.000E+00  0.000E+00  1.454E+05  9.248E+03  4.247E+05  0.000E+00  0.000E+00  0.000E+00  0.000E+00
  0.000E+00  0.000E+00  0.000E+00  0.000E+00  0.000E+00  0.000E+00  0.000E+00  0.000E+00  0.000E+00  0.000E+00
  0.000E+00  0.000E+00  0.000E+00  0.000E+00  0.000E+00  0.000E+00  0.000E+00  0.000E+00  0.000E+00  0.000E+00
  0.000E+00  0.000E+00  0.000E+00  0.000E+00  0.000E+00  0.000E+00  0.000E+00  0.000E+00  0.000E+00  0.000E+00
  0.000E+00  0.000E+00  0.000E+00  0.000E+00  0.000E+00  0.000E+00  0.000E+00  0.000E+00  0.000E+00  0.000E+00
  0.000E+00  0.000E+00  0.000E+00  0.000E+00  0.000E+00  0.000E+00  0.000E+00  0.000E+00  0.000E+00  0.000E+00
  0.000E+00  0.000E+00  0.000E+00  0.000E+00  0.000E+00  0.000E+00  0.000E+00  0.000E+00  0.000E+00  0.000E+00
  0.000E+00  0.000E+00  1.543E+05  0.000E+00  0.000E+00  0.000E+00  0.000E+00  0.000E+00  0.000E+00  0.000E+00
  0.000E+00  0.000E+00  0.000E+00  0.000E+00  0.000E+00  0.000E+00  0.000E+00  0.000E+00  0.000E+00  0.000E+00
  0.000E+00  0.000E+00  0.000E+00  0.000E+00  0.000E+00  0.000E+00  0.000E+00  0.000E+00  0.000E+00  0.000E+00
  0.000E+00  0.000E+00  0.000E+00  0.000E+00  0.000E+00  0.000E+00  0.000E+00  0.000E+00  0.000E+00  0.000E+00
  0.000E+00  0.000E+00  0.000E+00  0.000E+00  0.000E+00  0.000E+00  0.000E+00  0.000E+00  0.000E+00  0.000E+00
  0.000E+00  0.000E+00  0.000E+00  0.000E+00  0.000E+00  0.000E+00  0.000E+00  0.000E+00  0.000E+00  0.000E+00
  0.000E+00  0.000E+00  0.000E+00  0.000E+00  0.000E+00  0.000E+00  0.000E+00  0.000E+00  0.000E+00  0.000E+00
  0.000E+00  0.000E+00  0.000E+00  0.000E+00  0.000E+00  0.000E+00  0.000E+00  0.000E+00  0.000E+00  0.000E+00
  0.000E+00  0.000E+00  0.000E+00  0.000E+00  0.000E+00  0.000E+00  0.000E+00  0.000E+00  0.000E+00  0.000E+00
  0.000E+00  0.000E+00  0.000E+00  0.000E+00  0.000E+00  0.000E+00  0.000E+00  0.000E+00  0.000E+00  0.000E+00
  0.000E+00  0.000E+00  0.000E+00  0.000E+00  0.000E+00  0.000E+00  0.000E+00  0.000E+00  0.000E+00  0.000E+00
  0.000E+00  0.000E+00  0.000E+00  0.000E+00  0.000E+00  0.000E+00  0.000E+00  0.000E+00  0.000E+00  0.000E+00
  0.000E+00  0.000E+00  0.000E+00  0.000E+00  0.000E+00  0.000E+00  0.000E+00  0.000E+00  0.000E+00  0.000E+00
  0.000E+00  0.000E+00  0.000E+00  0.000E+00  0.000E+00  0.000E+00  0.000E+00  0.000E+00  0.000E+00  0.000E+00
  0.000E+00  0.000E+00  0.000E+00  0.000E+00  0.000E+00  0.000E+00  0.000E+00  0.000E+00  0.000E+00  0.000E+00
  0.000E+00  0.000E+00  0.000E+00  0.000E+00  0.000E+00  0.000E+00  0.000E+00  0.000E+00  0.000E+00  0.000E+00
  0.000E+00  0.000E+00  0.000E+00  0.000E+00  0.000E+00  0.000E+00  0.000E+00  0.000E+00  0.000E+00  0.000E+00
  0.000E+00  0.000E+00  0.000E+00  0.000E+00  0.000E+00  0.000E+00  0.000E+00  0.000E+00  0.000E+00  0.000E+00
  0.000E+00  0.000E+00  0.000E+00  0.000E+00  0.000E+00  0.000E+00  0.000E+00  0.000E+00  0.000E+00  0.000E+00
  0.000E+00  0.000E+00  0.000E+00  0.000E+00  0.000E+00  0.000E+00  0.000E+00  0.000E+00  0.000E+00  0.000E+00
  0.000E+00  0.000E+00  0.000E+00  0.000E+00  0.000E+00  0.000E+00  0.000E+00  0.000E+00  0.000E+00  0.000E+00
  0.000E+00  0.000E+00  0.000E+00  0.000E+00  0.000E+00  0.000E+00  0.000E+00  0.000E+00  0.000E+00  0.000E+00
  0.000E+00  0.000E+00  0.000E+00  0.000E+00  0.000E+00  0.000E+00  0.000E+00  0.000E+00  0.000E+00  0.000E+00
  0.000E+00  0.000E+00  0.000E+00  0.000E+00  0.000E+00  0.000E+00  0.000E+00  0.000E+00  0.000E+00  0.000E+00
  0.000E+00  0.000E+00  0.000E+00  0.000E+00  0.000E+00  0.000E+00  0.000E+00  0.000E+00  0.000E+00  0.000E+00
  0.000E+00  0.000E+00  0.000E+00  0.000E+00  0.000E+00  0.000E+00  0.000E+00  0.000E+00  0.000E+00  0.000E+00
  0.000E+00  0.000E+00  0.000E+00  0.000E+00  0.000E+00  0.000E+00  0.000E+00  0.000E+00  0.000E+00  0.000E+00
  0.000E+00  0.000E+00  0.000E+00  0.000E+00  0.000E+00  0.000E+00  0.000E+00  0.000E+00  0.000E+00  0.000E+00
  0.000E+00  0.000E+00  0.000E+00  0.000E+00  0.000E+00  0.000E+00  0.000E+00  0.000E+00  0.000E+00  0.000E+00
  0.000E+00  0.000E+00  0.000E+00  0.000E+00  0.000E+00  0.000E+00  0.000E+00  0.000E+00  0.000E+00  0.000E+00
  0.000E+00  0.000E+00  0.000E+00  0.000E+00  0.000E+00  0.000E+00  0.000E+00  0.000E+00  0.000E+00  0.000E+00
  0.000E+00  0.000E+00  0.000E+00  0.000E+00  0.000E+00  0.000E+00  0.000E+00  0.000E+00  0.000E+00  0.000E+00
  0.000E+00  0.000E+00  0.000E+00  0.000E+00  0.000E+00  0.000E+00  0.000E+00  0.000E+00  0.000E+00  0.000E+00
  0.000E+00  0.000E+00  0.000E+00  0.000E+00  0.000E+00  0.000E+00  0.000E+00  0.000E+00  0.000E+00  0.000E+00
  0.000E+00  0.000E+00  0.000E+00  0.000E+00  0.000E+00  0.000E+00  0.000E+00  0.000E+00  0.000E+00  0.000E+00
  1.492E+05  0.000E+00  0.000E+00  0.000E+00  0.000E+00  0.000E+00  0.000E+00  0.000E+00  0.000E+00  1.341E+05
  0.000E+00  0.000E+00  0.000E+00  0.000E+00  0.000E+00  0.000E+00  0.000E+00  0.000E+00  0.000E+00  0.000E+00
  0.000E+00  0.000E+00  0.000E+00  0.000E+00  0.000E+00  0.000E+00  0.000E+00  0.000E+00  0.000E+00  0.000E+00
  0.000E+00  0.000E+00  0.000E+00  0.000E+00  0.000E+00  0.000E+00  0.000E+00  0.000E+00  0.000E+00  0.000E+00
  0.000E+00  0.000E+00  0.000E+00  0.000E+00  0.000E+00  0.000E+00  0.000E+00  0.000E+00  0.000E+00  0.000E+00
  0.000E+00  0.000E+00  0.000E+00  0.000E+00  0.000E+00  0.000E+00  0.000E+00  0.000E+00  0.000E+00  0.000E+00
  0.000E+00  0.000E+00  0.000E+00  0.000E+00  0.000E+00  0.000E+00  0.000E+00  0.000E+00  0.000E+00  0.000E+00
  0.000E+00  0.000E+00  0.000E+00  0.000E+00  0.000E+00  0.000E+00  0.000E+00  0.000E+00  0.000E+00  0.000E+00
  0.000E+00  0.000E+00  0.000E+00  0.000E+00  0.000E+00  0.000E+00  0.000E+00  0.000E+00  0.000E+00  0.000E+00
  0.000E+00  0.000E+00  0.000E+00  0.000E+00  0.000E+00  0.000E+00  0.000E+00  0.000E+00  0.000E+00  0.000E+00
  0.000E+00  0.000E+00  0.000E+00  0.000E+00  0.000E+00  0.000E+00  0.000E+00  0.000E+00  0.000E+00  0.000E+00
  0.000E+00  0.000E+00  0.000E+00  0.000E+00  0.000E+00  0.000E+00  0.000E+00  0.000E+00  0.000E+00  0.000E+00
  0.000E+00  0.000E+00  0.000E+00  0.000E+00  0.000E+00  0.000E+00  0.000E+00  0.000E+00  0.000E+00  0.000E+00
  0.000E+00  0.000E+00  0.000E+00  0.000E+00  0.000E+00  0.000E+00  0.000E+00  0.000E+00  0.000E+00  0.000E+00
  0.000E+00  0.000E+00  0.000E+00  0.000E+00  4.993E+05  0.000E+00  0.000E+00  0.000E+00  0.000E+00  0.000E+00
  0.000E+00  0.000E+00  0.000E+00  0.000E+00  0.000E+00  0.000E+00  0.000E+00  0.000E+00  0.000E+00  0.000E+00
  0.000E+00  0.000E+00  0.000E+00  0.000E+00  0.000E+00  0.000E+00  0.000E+00  0.000E+00  0.000E+00  0.000E+00
  0.000E+00  0.000E+00  0.000E+00  0.000E+00  0.000E+00  0.000E+00  0.000E+00  0.000E+00  0.000E+00  0.000E+00
  0.000E+00  0.000E+00  0.000E+00  0.000E+00  0.000E+00  0.000E+00  0.000E+00  0.000E+00  0.000E+00  0.000E+00
  0.000E+00  0.000E+00  0.000E+00  0.000E+00  0.000E+00  0.000E+00  0.000E+00  0.000E+00  0.000E+00  0.000E+00
  0.000E+00  0.000E+00  0.000E+00  0.000E+00  0.000E+00  0.000E+00  0.000E+00  0.000E+00  0.000E+00  0.000E+00
  0.000E+00  0.000E+00  0.000E+00  0.000E+00  0.000E+00  0.000E+00  0.000E+00  0.000E+00  0.000E+00  0.000E+00
  0.000E+00  0.000E+00  0.000E+00  0.000E+00  0.000E+00  0.000E+00  0.000E+00  0.000E+00  0.000E+00  0.000E+00
  0.000E+00  0.000E+00  0.000E+00  0.000E+00  0.000E+00  0.000E+00  0.000E+00  0.000E+00  0.000E+00  0.000E+00
  0.000E+00  0.000E+00  0.000E+00  0.000E+00  0.000E+00  0.000E+00  0.000E+00  0.000E+00  0.000E+00  0.000E+00
  0.000E+00  0.000E+00  0.000E+00  0.000E+00  0.000E+00  0.000E+00  0.000E+00  0.000E+00  0.000E+00  0.000E+00
  0.000E+00  0.000E+00  0.000E+00  0.000E+00  0.000E+00  0.000E+00  0.000E+00  0.000E+00  0.000E+00  1.649E+05
  0.000E+00  0.000E+00  0.000E+00  0.000E+00  0.000E+00  1.868E+05  0.000E+00  0.000E+00  0.000E+00  0.000E+00
  0.000E+00  0.000E+00  0.000E+00  0.000E+00  0.000E+00  0.000E+00  0.000E+00  0.000E+00  0.000E+00  0.000E+00
  0.000E+00  0.000E+00  0.000E+00  0.000E+00  0.000E+00  0.000E+00  0.000E+00  0.000E+00  0.000E+00  0.000E+00
  0.000E+00  0.000E+00  0.000E+00  0.000E+00  0.000E+00  0.000E+00  0.000E+00  0.000E+00  0.000E+00  0.000E+00
  0.000E+00  0.000E+00  0.000E+00  0.000E+00  0.000E+00  0.000E+00  0.000E+00  0.000E+00  0.000E+00  0.000E+00
  0.000E+00  0.000E+00  0.000E+00  0.000E+00  0.000E+00  0.000E+00  0.000E+00  0.000E+00  0.000E+00  0.000E+00
  0.000E+00  0.000E+00  0.000E+00  0.000E+00  0.000E+00  0.000E+00  0.000E+00  0.000E+00  0.000E+00  0.000E+00
  0.000E+00  0.000E+00  0.000E+00  0.000E+00  0.000E+00  0.000E+00  0.000E+00  0.000E+00  0.000E+00  0.000E+00
  0.000E+00  0.000E+00  0.000E+00  0.000E+00  0.000E+00  0.000E+00  0.000E+00  0.000E+00  0.000E+00  0.000E+00
  0.000E+00  0.000E+00  0.000E+00  0.000E+00  0.000E+00  0.000E+00  0.000E+00  0.000E+00  0.000E+00  0.000E+00
  0.000E+00  0.000E+00  0.000E+00  0.000E+00  0.000E+00  0.000E+00  0.000E+00  0.000E+00  0.000E+00  0.000E+00
  0.000E+00  0.000E+00  0.000E+00  0.000E+00  0.000E+00  0.000E+00  0.000E+00  0.000E+00  0.000E+00  0.000E+00
  0.000E+00  0.000E+00  0.000E+00  0.000E+00  0.000E+00  0.000E+00  0.000E+00  0.000E+00  0.000E+00  0.000E+00
  0.000E+00  0.000E+00  0.000E+00  0.000E+00  0.000E+00  0.000E+00  0.000E+00  0.000E+00  0.000E+00  0.000E+00
  0.000E+00  0.000E+00  0.000E+00  0.000E+00  0.000E+00  0.000E+00  0.000E+00  0.000E+00  0.000E+00  0.000E+00
  0.000E+00  0.000E+00  0.000E+00  0.000E+00  0.000E+00  0.000E+00  0.000E+00  0.000E+00  0.000E+00  0.000E+00
  0.000E+00  0.000E+00  0.000E+00  0.000E+00  0.000E+00  0.000E+00  0.000E+00  0.000E+00  0.000E+00  0.000E+00
  0.000E+00  0.000E+00  0.000E+00  0.000E+00  0.000E+00  0.000E+00  0.000E+00  0.000E+00  0.000E+00  0.000E+00
  0.000E+00  0.000E+00  0.000E+00  0.000E+00  0.000E+00  0.000E+00  0.000E+00  0.000E+00  0.000E+00  0.000E+00
  0.000E+00  0.000E+00  0.000E+00  0.000E+00  0.000E+00  0.000E+00  0.000E+00  0.000E+00  0.000E+00  0.000E+00
  0.000E+00  0.000E+00  0.000E+00  0.000E+00  0.000E+00  0.000E+00  0.000E+00  0.000E+00  0.000E+00  0.000E+00
  0.000E+00  0.000E+00  0.000E+00  0.000E+00  0.000E+00  0.000E+00  0.000E+00  0.000E+00  0.000E+00  0.000E+00
  0.000E+00  0.000E+00  0.000E+00  0.000E+00  0.000E+00  0.000E+00  0.000E+00  0.000E+00  0.000E+00  0.000E+00
  0.000E+00  0.000E+00  0.000E+00  0.000E+00  0.000E+00  0.000E+00  0.000E+00  0.000E+00  0.000E+00  0.000E+00
  0.000E+00  0.000E+00  0.000E+00  0.000E+00  0.000E+00  0.000E+00  0.000E+00  0.000E+00  0.000E+00  0.000E+00
  0.000E+00  0.000E+00  0.000E+00  0.000E+00  0.000E+00  0.000E+00  0.000E+00  0.000E+00  0.000E+00  0.000E+00
  0.000E+00  0.000E+00  0.000E+00  0.000E+00  0.000E+00  0.000E+00  0.000E+00  0.000E+00  0.000E+00  0.000E+00
  0.000E+00  0.000E+00  0.000E+00  0.000E+00  0.000E+00  0.000E+00  0.000E+00  0.000E+00  0.000E+00  0.000E+00
  0.000E+00  0.000E+00  0.000E+00  0.000E+00  0.000E+00  0.000E+00  0.000E+00  0.000E+00  0.000E+00  0.000E+00
  0.000E+00  0.000E+00  0.000E+00  0.000E+00  0.000E+00  0.000E+00  0.000E+00  0.000E+00  0.000E+00  0.000E+00
  0.000E+00  0.000E+00  0.000E+00  0.000E+00  0.000E+00  0.000E+00  0.000E+00  0.000E+00  0.000E+00  0.000E+00
  0.000E+00  0.000E+00  0.000E+00  0.000E+00  0.000E+00  0.000E+00  0.000E+00  0.000E+00  0.000E+00  0.000E+00
  0.000E+00  0.000E+00  0.000E+00  0.000E+00  0.000E+00  0.000E+00  0.000E+00  0.000E+00  0.000E+00  0.000E+00
  0.000E+00  0.000E+00  0.000E+00  0.000E+00  0.000E+00  0.000E+00  0.000E+00  0.000E+00  0.000E+00  0.000E+00
  0.000E+00  0.000E+00  0.000E+00  0.000E+00  0.000E+00  0.000E+00  0.000E+00  0.000E+00  0.000E+00  0.000E+00
  0.000E+00  0.000E+00  0.000E+00  0.000E+00  0.000E+00  0.000E+00  0.000E+00  0.000E+00  0.000E+00  0.000E+00
  0.000E+00  0.000E+00  0.000E+00  0.000E+00  0.000E+00  0.000E+00  0.000E+00  0.000E+00  0.000E+00  0.000E+00
  0.000E+00  0.000E+00  0.000E+00  0.000E+00  0.000E+00  0.000E+00  0.000E+00  0.000E+00  0.000E+00  0.000E+00
  0.000E+00  0.000E+00  0.000E+00  0.000E+00  0.000E+00  0.000E+00  0.000E+00  0.000E+00  0.000E+00  0.000E+00
  0.000E+00  0.000E+00  0.000E+00  0.000E+00  0.000E+00  0.000E+00  0.000E+00  0.000E+00  0.000E+00  0.000E+00
  0.000E+00  0.000E+00  0.000E+00  0.000E+00  0.000E+00  0.000E+00  0.000E+00  0.000E+00  0.000E+00  0.000E+00
  0.000E+00  0.000E+00  0.000E+00  0.000E+00  0.000E+00  0.000E+00  0.000E+00  0.000E+00  0.000E+00  0.000E+00
  0.000E+00  0.000E+00  0.000E+00  0.000E+00  0.000E+00  0.000E+00  0.000E+00  0.000E+00  0.000E+00  0.000E+00
  0.000E+00  0.000E+00  0.000E+00  0.000E+00  0.000E+00  0.000E+00  0.000E+00  0.000E+00  0.000E+00  0.000E+00
  0.000E+00  0.000E+00  0.000E+00  0.000E+00  0.000E+00  0.000E+00  0.000E+00  0.000E+00  0.000E+00  0.000E+00
  0.000E+00  0.000E+00  0.000E+00  0.000E+00  0.000E+00  0.000E+00  0.000E+00  0.000E+00  0.000E+00  0.000E+00
  0.000E+00  0.000E+00  0.000E+00  0.000E+00  0.000E+00  0.000E+00  0.000E+00  0.000E+00  0.000E+00  0.000E+00
  0.000E+00  0.000E+00  0.000E+00  0.000E+00  0.000E+00  0.000E+00  0.000E+00  0.000E+00  0.000E+00  0.000E+00
  0.000E+00  0.000E+00  0.000E+00  0.000E+00  0.000E+00  0.000E+00  0.000E+00  0.000E+00  0.000E+00  0.000E+00
  0.000E+00  0.000E+00  0.000E+00  0.000E+00  0.000E+00  0.000E+00  0.000E+00  0.000E+00  0.000E+00  0.000E+00
  0.000E+00  0.000E+00  0.000E+00  0.000E+00  0.000E+00  0.000E+00  0.000E+00  0.000E+00  0.000E+00  0.000E+00
  0.000E+00  0.000E+00  0.000E+00  0.000E+00  0.000E+00  0.000E+00  0.000E+00  0.000E+00  0.000E+00  0.000E+00
  0.000E+00  0.000E+00  0.000E+00  0.000E+00  0.000E+00  0.000E+00  0.000E+00  0.000E+00  0.000E+00  0.000E+00
  0.000E+00  0.000E+00  0.000E+00  0.000E+00  0.000E+00  0.000E+00  0.000E+00  0.000E+00  0.000E+00  0.000E+00
  0.000E+00  0.000E+00  0.000E+00  0.000E+00  0.000E+00  0.000E+00  0.000E+00  0.000E+00  0.000E+00  0.000E+00
  0.000E+00  0.000E+00  0.000E+00  0.000E+00  0.000E+00  0.000E+00  0.000E+00  0.000E+00  0.000E+00  0.000E+00
  0.000E+00  0.000E+00  0.000E+00  0.000E+00  0.000E+00  0.000E+00  0.000E+00  0.000E+00  0.000E+00  0.000E+00
  0.000E+00  0.000E+00  0.000E+00  0.000E+00  0.000E+00  0.000E+00  0.000E+00  0.000E+00  0.000E+00  0.000E+00
  0.000E+00  0.000E+00  0.000E+00  0.000E+00  0.000E+00  0.000E+00  0.000E+00  0.000E+00  0.000E+00  0.000E+00
  0.000E+00  0.000E+00  0.000E+00  0.000E+00  0.000E+00  0.000E+00  0.000E+00  0.000E+00  0.000E+00  0.000E+00
  0.000E+00  0.000E+00  0.000E+00  0.000E+00  0.000E+00  0.000E+00  0.000E+00  0.000E+00  0.000E+00  0.000E+00
  0.000E+00  0.000E+00  0.000E+00  0.000E+00  0.000E+00  0.000E+00  0.000E+00  0.000E+00  0.000E+00  0.000E+00
  0.000E+00  0.000E+00  0.000E+00  0.000E+00  0.000E+00  0.000E+00  0.000E+00  0.000E+00  0.000E+00  0.000E+00
  0.000E+00  0.000E+00  0.000E+00  0.000E+00  0.000E+00  0.000E+00  0.000E+00  0.000E+00  0.000E+00  0.000E+00
  0.000E+00  0.000E+00  0.000E+00  0.000E+00  0.000E+00  0.000E+00  0.000E+00  0.000E+00  0.000E+00  0.000E+00
  0.000E+00  0.000E+00  0.000E+00  0.000E+00  0.000E+00  0.000E+00  0.000E+00  0.000E+00  0.000E+00  0.000E+00
  0.000E+00  0.000E+00  0.000E+00  0.000E+00  0.000E+00  0.000E+00  0.000E+00  0.000E+00  0.000E+00  0.000E+00
  0.000E+00  0.000E+00  0.000E+00  0.000E+00  0.000E+00  0.000E+00  0.000E+00  0.000E+00  0.000E+00  0.000E+00
  0.000E+00  0.000E+00  0.000E+00  0.000E+00  0.000E+00  0.000E+00  0.000E+00  0.000E+00  0.000E+00  0.000E+00
  0.000E+00  0.000E+00  0.000E+00  0.000E+00  0.000E+00  0.000E+00  0.000E+00  0.000E+00  0.000E+00  0.000E+00
  0.000E+00  0.000E+00  0.000E+00  0.000E+00  0.000E+00  0.000E+00  0.000E+00  0.000E+00  0.000E+00  0.000E+00
  0.000E+00  0.000E+00  0.000E+00  0.000E+00  0.000E+00  0.000E+00  0.000E+00  0.000E+00  0.000E+00  0.000E+00
  0.000E+00  0.000E+00  0.000E+00  0.000E+00  0.000E+00  0.000E+00  0.000E+00  0.000E+00  0.000E+00  0.000E+00
  0.000E+00  0.000E+00  0.000E+00  0.000E+00  0.000E+00  0.000E+00  0.000E+00  0.000E+00  0.000E+00  0.000E+00
  0.000E+00  0.000E+00  0.000E+00  0.000E+00  0.000E+00  0.000E+00  0.000E+00  0.000E+00  0.000E+00  0.000E+00
  0.000E+00  0.000E+00  0.000E+00  0.000E+00  0.000E+00  0.000E+00  0.000E+00  0.000E+00  0.000E+00  0.000E+00
  0.000E+00  0.000E+00  0.000E+00  0.000E+00  0.000E+00  0.000E+00  0.000E+00  0.000E+00  0.000E+00  0.000E+00
  0.000E+00  0.000E+00  0.000E+00  0.000E+00  0.000E+00  0.000E+00  0.000E+00  0.000E+00  0.000E+00  0.000E+00
  0.000E+00  0.000E+00  0.000E+00  0.000E+00  0.000E+00  0.000E+00  0.000E+00  0.000E+00  0.000E+00  0.000E+00
  0.000E+00  0.000E+00  0.000E+00  0.000E+00  0.000E+00  0.000E+00  0.000E+00  0.000E+00  0.000E+00  0.000E+00
  0.000E+00  3.089E+05  0.000E+00  0.000E+00  0.000E+00  0.000E+00  0.000E+00  0.000E+00  0.000E+00  0.000E+00
  0.000E+00  0.000E+00  0.000E+00  0.000E+00  0.000E+00  0.000E+00  0.000E+00  0.000E+00  0.000E+00  0.000E+00
  0.000E+00  0.000E+00  0.000E+00  0.000E+00  0.000E+00  0.000E+00  0.000E+00  0.000E+00  0.000E+00  0.000E+00
  0.000E+00  0.000E+00  0.000E+00  0.000E+00  0.000E+00  0.000E+00  0.000E+00  0.000E+00  0.000E+00  0.000E+00
  0.000E+00  0.000E+00  0.000E+00  0.000E+00  0.000E+00  0.000E+00  0.000E+00  0.000E+00  0.000E+00  0.000E+00
  0.000E+00  0.000E+00  0.000E+00  0.000E+00  0.000E+00  0.000E+00  0.000E+00  0.000E+00  0.000E+00  0.000E+00
  0.000E+00  0.000E+00  0.000E+00  0.000E+00  0.000E+00  0.000E+00  0.000E+00  0.000E+00  0.000E+00  0.000E+00
  0.000E+00  0.000E+00  0.000E+00  0.000E+00  0.000E+00  0.000E+00  0.000E+00  0.000E+00  0.000E+00  0.000E+00
  0.000E+00  0.000E+00  0.000E+00  0.000E+00  0.000E+00  0.000E+00  0.000E+00  0.000E+00  0.000E+00  0.000E+00
  0.000E+00  0.000E+00  0.000E+00  0.000E+00  0.000E+00  0.000E+00  0.000E+00  0.000E+00  0.000E+00  0.000E+00
  0.000E+00  0.000E+00  0.000E+00  0.000E+00  0.000E+00  0.000E+00  0.000E+00  0.000E+00  0.000E+00  0.000E+00
  0.000E+00  0.000E+00  0.000E+00  0.000E+00  0.000E+00  0.000E+00  0.000E+00  0.000E+00  0.000E+00  0.000E+00
  0.000E+00  0.000E+00  0.000E+00  0.000E+00  0.000E+00  0.000E+00  0.000E+00  0.000E+00  0.000E+00  0.000E+00
  0.000E+00  0.000E+00  0.000E+00  0.000E+00  0.000E+00  0.000E+00  0.000E+00  0.000E+00  0.000E+00  0.000E+00
  0.000E+00  0.000E+00  0.000E+00  0.000E+00  0.000E+00  0.000E+00  0.000E+00  0.000E+00  0.000E+00  0.000E+00
  0.000E+00  0.000E+00  0.000E+00  0.000E+00  0.000E+00  0.000E+00  0.000E+00  0.000E+00  0.000E+00  0.000E+00
  0.000E+00  0.000E+00  0.000E+00  0.000E+00  0.000E+00  0.000E+00  0.000E+00  0.000E+00  0.000E+00  0.000E+00
  0.000E+00  0.000E+00  0.000E+00  0.000E+00  0.000E+00  0.000E+00  0.000E+00  0.000E+00  0.000E+00  0.000E+00
  0.000E+00  0.000E+00  0.000E+00  0.000E+00  0.000E+00  0.000E+00  0.000E+00  0.000E+00  0.000E+00  0.000E+00
  0.000E+00  0.000E+00  0.000E+00  0.000E+00  0.000E+00  0.000E+00  0.000E+00  0.000E+00  0.000E+00  0.000E+00
  0.000E+00  0.000E+00  0.000E+00  0.000E+00  0.000E+00  0.000E+00  0.000E+00  0.000E+00  0.000E+00  0.000E+00
  0.000E+00  0.000E+00  0.000E+00  0.000E+00  0.000E+00  0.000E+00  0.000E+00  0.000E+00  0.000E+00  0.000E+00
  0.000E+00  0.000E+00  0.000E+00  0.000E+00  0.000E+00  0.000E+00  0.000E+00  0.000E+00  0.000E+00  0.000E+00
  0.000E+00  0.000E+00  0.000E+00  0.000E+00  0.000E+00  0.000E+00  0.000E+00  0.000E+00  0.000E+00  0.000E+00

#------------------------------------------------------------------------------
# gshow
#------------------------------------------------------------------------------

p: legs[c5*0.875]

hb:   line clip z  
frame:
 -9.9999756E+00 -1.4999930E+01
  1.0100024E+01 -1.4999930E+01
  1.0100024E+01  1.5000070E+01
 -9.9999756E+00  1.5000070E+01
clip:
 -1.02955634E+01 -1.52969593E+01
  1.03956131E+01 -1.52969593E+01
  1.03956131E+01 -1.49910187E+01
  1.03956131E+01 -1.47500000E+01
  1.02500000E+01 -1.46850781E+01
  1.02500000E+01 -1.45233913E+01
  1.02500000E+01 -1.43791376E+01
  1.02500000E+01 -1.42174507E+01
  1.02500000E+01 -1.40731970E+01
  1.02500000E+01 -1.39115101E+01
  1.02500000E+01 -1.37672564E+01
  1.02500000E+01 -1.36055695E+01
  1.02500000E+01 -1.34613158E+01
  1.02500000E+01 -1.32996289E+01
  1.02500000E+01 -1.31553752E+01
  1.02500000E+01 -1.29936883E+01
  1.02500000E+01 -1.28494346E+01
  1.02500000E+01 -1.26877477E+01
  1.02500000E+01 -1.25434940E+01
  1.02500000E+01 -1.23818071E+01
  1.02500000E+01 -1.22375534E+01
  1.02500000E+01 -1.20758665E+01
  1.02500000E+01 -1.19316128E+01
  1.02500000E+01 -1.17699259E+01
  1.02500000E+01 -1.16256722E+01
  1.02500000E+01 -1.14639853E+01
  1.02500000E+01 -1.13197316E+01
  1.02500000E+01 -1.11580447E+01
  1.02500000E+01 -1.10137910E+01
  1.02500000E+01 -1.08521041E+01
  1.02500000E+01 -1.07078504E+01
  1.02500000E+01 -1.05461635E+01
  1.03956131E+01 -1.02500000E+01
  1.03956131E+01  1.02500000E+01
  1.02500000E+01  1.05637374E+01
  1.02500000E+01  1.46852189E+01
  1.03956131E+01  1.49911595E+01
  1.03956131E+01  1.52971001E+01
  1.00867895E+01  1.52971001E+01
  9.77796599E+00  1.52971001E+01
  9.46914246E+00  1.52971001E+01
  9.16031893E+00  1.52971001E+01
  8.85149540E+00  1.52971001E+01
  8.54267187E+00  1.52971001E+01
  8.23384834E+00  1.52971001E+01
  7.92502481E+00  1.52971001E+01
  7.61620129E+00  1.52971001E+01
  7.30737776E+00  1.52971001E+01
  6.99855423E+00  1.52971001E+01
  6.68973070E+00  1.52971001E+01
  6.38090717E+00  1.52971001E+01
  6.07208364E+00  1.52971001E+01
  5.76326011E+00  1.52971001E+01
  5.45443658E+00  1.52971001E+01
  5.14561305E+00  1.52971001E+01
  4.83678952E+00  1.52971001E+01
  4.52796599E+00  1.52971001E+01
  4.21914246E+00  1.52971001E+01
  3.91031893E+00  1.52971001E+01
  3.60149540E+00  1.52971001E+01
  3.29267187E+00  1.52971001E+01
  2.98384834E+00  1.52971001E+01
  2.67502481E+00  1.52971001E+01
  2.36620129E+00  1.52971001E+01
  2.05737776E+00  1.52971001E+01
  1.74855423E+00  1.52971001E+01
  1.43973070E+00  1.52971001E+01
  1.13090717E+00  1.52971001E+01
  8.22083638E-01  1.52971001E+01
  5.13260109E-01  1.52971001E+01
  2.04436580E-01  1.52971001E+01
 -1.04386950E-01  1.52971001E+01
 -4.13210479E-01  1.52971001E+01
 -7.22034009E-01  1.52971001E+01
 -1.03085754E+00  1.52971001E+01
 -1.33968107E+00  1.52971001E+01
 -1.64850460E+00  1.52971001E+01
 -1.95732813E+00  1.52971001E+01
 -2.26615166E+00  1.52971001E+01
 -2.57497519E+00  1.52971001E+01
 -2.88379871E+00  1.52971001E+01
 -3.19262224E+00  1.52971001E+01
 -3.50144577E+00  1.52971001E+01
 -3.81026930E+00  1.52971001E+01
 -4.11909283E+00  1.52971001E+01
 -4.42791636E+00  1.52971001E+01
 -4.73673989E+00  1.52971001E+01
 -5.04556342E+00  1.52971001E+01
 -5.35438695E+00  1.52971001E+01
 -5.66321048E+00  1.52971001E+01
 -5.97203401E+00  1.52971001E+01
 -6.28085754E+00  1.52971001E+01
 -6.58968107E+00  1.52971001E+01
 -6.89850460E+00  1.52971001E+01
 -7.20732813E+00  1.52971001E+01
 -7.51615166E+00  1.52971001E+01
 -7.82497519E+00  1.52971001E+01
 -8.13379871E+00  1.52971001E+01
 -8.44262224E+00  1.52971001E+01
 -8.75144577E+00  1.52971001E+01
 -9.06026930E+00  1.52971001E+01
 -9.36909283E+00  1.52971001E+01
 -9.67791636E+00  1.52971001E+01
 -9.98673989E+00  1.52971001E+01
 -1.02955634E+01  1.52971001E+01
 -1.02955634E+01  1.49911595E+01
 -1.02955634E+01  1.47500000E+01
 -1.02500000E+01  1.46852189E+01
 -1.02500000E+01  1.44244164E+01
 -1.02500000E+01  1.43792783E+01
 -1.02500000E+01  1.41184758E+01
 -1.02500000E+01  1.40733377E+01
 -1.02500000E+01  1.38125352E+01
 -1.02500000E+01  1.37673971E+01
 -1.02500000E+01  1.35065946E+01
 -1.02500000E+01  1.34614565E+01
 -1.02500000E+01  1.32006540E+01
 -1.02500000E+01  1.31555159E+01
 -1.02500000E+01  1.28947134E+01
 -1.02500000E+01  1.28495753E+01
 -1.02500000E+01  1.25887728E+01
 -1.02500000E+01  1.25436347E+01
 -1.02500000E+01  1.22828322E+01
 -1.02500000E+01  1.22376941E+01
 -1.02500000E+01  1.19768916E+01
 -1.02500000E+01  1.19317535E+01
 -1.02500000E+01  1.16709510E+01
 -1.02500000E+01  1.16258129E+01
 -1.02500000E+01  1.13650104E+01
 -1.02500000E+01  1.13198724E+01
 -1.02500000E+01  1.10590698E+01
 -1.02500000E+01  1.10139318E+01
 -1.02500000E+01  1.07531292E+01
 -1.02500000E+01  1.07079912E+01
 -1.02500000E+01  1.04471886E+01
 -1.02500000E+01  1.04020506E+01
 -1.02955634E+01  1.02500000E+01
 -1.02955634E+01  1.00961100E+01
 -1.02955634E+01  9.79016938E+00
 -1.02955634E+01  9.48422879E+00
 -1.02955634E+01  9.17828819E+00
 -1.02955634E+01  8.87234760E+00
 -1.02955634E+01  8.56640700E+00
 -1.02955634E+01  8.26046641E+00
 -1.02955634E+01  7.95452582E+00
 -1.02955634E+01  7.64858522E+00
 -1.02955634E+01  7.34264463E+00
 -1.02955634E+01  7.03670403E+00
 -1.02955634E+01  6.73076344E+00
 -1.02955634E+01  6.42482285E+00
 -1.02955634E+01  6.11888225E+00
 -1.02955634E+01  5.81294166E+00
 -1.02955634E+01  5.50700106E+00
 -1.02955634E+01  5.20106047E+00
 -1.02955634E+01  4.89511988E+00
 -1.02955634E+01  4.58917928E+00
 -1.02955634E+01  4.28323869E+00
 -1.02955634E+01  3.97729809E+00
 -1.02955634E+01  3.67135750E+00
 -1.02955634E+01  3.36541691E+00
 -1.02955634E+01  3.05947631E+00
 -1.02955634E+01  2.75353572E+00
 -1.02955634E+01  2.44759512E+00
 -1.02955634E+01  2.14165453E+00
 -1.02955634E+01  1.83571393E+00
 -1.02955634E+01  1.52977334E+00
 -1.02955634E+01  1.22383275E+00
 -1.02955634E+01  9.17892153E-01
 -1.02955634E+01  6.11951558E-01
 -1.02955634E+01  3.06010964E-01
 -1.02955634E+01  7.03703670E-05
 -1.02955634E+01 -3.05870224E-01
 -1.02955634E+01 -6.11810818E-01
 -1.02955634E+01 -9.17751412E-01
 -1.02955634E+01 -1.22369201E+00
 -1.02955634E+01 -1.52963260E+00
 -1.02955634E+01 -1.83557319E+00
 -1.02955634E+01 -2.14151379E+00
 -1.02955634E+01 -2.44745438E+00
 -1.02955634E+01 -2.75339498E+00
 -1.02955634E+01 -3.05933557E+00
 -1.02955634E+01 -3.36527616E+00
 -1.02955634E+01 -3.67121676E+00
 -1.02955634E+01 -3.97715735E+00
 -1.02955634E+01 -4.28309795E+00
 -1.02955634E+01 -4.58903854E+00
 -1.02955634E+01 -4.89497913E+00
 -1.02955634E+01 -5.20091973E+00
 -1.02955634E+01 -5.50686032E+00
 -1.02955634E+01 -5.81280092E+00
 -1.02955634E+01 -6.11874151E+00
 -1.02955634E+01 -6.42468210E+00
 -1.02955634E+01 -6.73062270E+00
 -1.02955634E+01 -7.03656329E+00
 -1.02955634E+01 -7.34250389E+00
 -1.02955634E+01 -7.64844448E+00
 -1.02955634E+01 -7.95438508E+00
 -1.02955634E+01 -8.26032567E+00
 -1.02955634E+01 -8.56626626E+00
 -1.02955634E+01 -8.87220686E+00
 -1.02955634E+01 -9.17814745E+00
 -1.02955634E+01 -9.48408805E+00
 -1.02955634E+01 -9.79002864E+00
 -1.02955634E+01 -1.00959692E+01
 -1.02955634E+01 -1.02500000E+01
 -1.02500000E+01 -1.04019098E+01
 -1.02500000E+01 -1.06627123E+01
 -1.02500000E+01 -1.07078504E+01
 -1.02500000E+01 -1.09686529E+01
 -1.02500000E+01 -1.10137910E+01
 -1.02500000E+01 -1.12745935E+01
 -1.02500000E+01 -1.13197316E+01
 -1.02500000E+01 -1.15805341E+01
 -1.02500000E+01 -1.16256722E+01
 -1.02500000E+01 -1.18864747E+01
 -1.02500000E+01 -1.19316128E+01
 -1.02500000E+01 -1.21924153E+01
 -1.02500000E+01 -1.22375534E+01
 -1.02500000E+01 -1.24983559E+01
 -1.02500000E+01 -1.25434940E+01
 -1.02500000E+01 -1.28042965E+01
 -1.02500000E+01 -1.28494346E+01
 -1.02500000E+01 -1.31102371E+01
 -1.02500000E+01 -1.31553752E+01
 -1.02500000E+01 -1.34161777E+01
 -1.02500000E+01 -1.34613158E+01
 -1.02500000E+01 -1.37221183E+01
 -1.02500000E+01 -1.37672564E+01
 -1.02500000E+01 -1.40280589E+01
 -1.02500000E+01 -1.40731970E+01
 -1.02500000E+01 -1.43339995E+01
 -1.02500000E+01 -1.43791376E+01
 -1.02500000E+01 -1.46399401E+01
 -1.02500000E+01 -1.46850781E+01
 -1.02955634E+01 -1.47500000E+01
 -1.02955634E+01 -1.49910187E+01
 -1.02955634E+01 -1.52969593E+01

hb:   line clip z  
frame:
 -9.9999756E+00 -1.4999930E+01
  1.0100024E+01 -1.4999930E+01
  1.0100024E+01  1.5000070E+01
 -9.9999756E+00  1.5000070E+01
clip:
 -1.02955634E+01 -1.47500000E+01
 -1.02500000E+01 -1.47302162E+01
 -1.02500000E+01 -1.46850781E+01
 -1.02500000E+01 -1.46399401E+01
 -1.02500000E+01 -1.43791376E+01
 -1.02500000E+01 -1.43339995E+01
 -1.02500000E+01 -1.40731970E+01
 -1.02500000E+01 -1.40280589E+01
 -1.02500000E+01 -1.37672564E+01
 -1.02500000E+01 -1.37221183E+01
 -1.02500000E+01 -1.34613158E+01
 -1.02500000E+01 -1.34161777E+01
 -1.02500000E+01 -1.31553752E+01
 -1.02500000E+01 -1.31102371E+01
 -1.02500000E+01 -1.28494346E+01
 -1.02500000E+01 -1.28042965E+01
 -1.02500000E+01 -1.25434940E+01
 -1.02500000E+01 -1.24983559E+01
 -1.02500000E+01 -1.22375534E+01
 -1.02500000E+01 -1.21924153E+01
 -1.02500000E+01 -1.19316128E+01
 -1.02500000E+01 -1.18864747E+01
 -1.02500000E+01 -1.16256722E+01
 -1.02500000E+01 -1.15805341E+01
 -1.02500000E+01 -1.13197316E+01
 -1.02500000E+01 -1.12745935E+01
 -1.02500000E+01 -1.10137910E+01
 -1.02500000E+01 -1.09686529E+01
 -1.02500000E+01 -1.07078504E+01
 -1.02500000E+01 -1.06627123E+01
 -1.02500000E+01 -1.04019098E+01
 -1.02500000E+01 -1.03567718E+01
 -1.02955634E+01 -1.02500000E+01
 -1.02955634E+01 -1.04019098E+01
 -1.02955634E+01 -1.07078504E+01
 -1.02955634E+01 -1.10137910E+01
 -1.02955634E+01 -1.13197316E+01
 -1.02955634E+01 -1.16256722E+01
 -1.02955634E+01 -1.19316128E+01
 -1.02955634E+01 -1.22375534E+01
 -1.02955634E+01 -1.25434940E+01
 -1.02955634E+01 -1.28494346E+01
 -1.02955634E+01 -1.31553752E+01
 -1.02955634E+01 -1.34613158E+01
 -1.02955634E+01 -1.37672564E+01
 -1.02955634E+01 -1.40731970E+01
 -1.02955634E+01 -1.43791376E+01
 -1.02955634E+01 -1.46850781E+01

hb:   line clip z  
frame:
 -9.9999756E+00 -1.4999930E+01
  1.0100024E+01 -1.4999930E+01
  1.0100024E+01  1.5000070E+01
 -9.9999756E+00  1.5000070E+01
clip:
  1.03300794E+01 -1.47500000E+01
  1.03956131E+01 -1.47500000E+01
  1.03956131E+01 -1.46850781E+01
  1.03956131E+01 -1.43791376E+01
  1.03956131E+01 -1.40731970E+01
  1.03956131E+01 -1.37672564E+01
  1.03956131E+01 -1.34613158E+01
  1.03956131E+01 -1.31553752E+01
  1.03956131E+01 -1.28494346E+01
  1.03956131E+01 -1.25434940E+01
  1.03956131E+01 -1.22375534E+01
  1.03956131E+01 -1.19316128E+01
  1.03956131E+01 -1.16256722E+01
  1.03956131E+01 -1.13197316E+01
  1.03956131E+01 -1.10137910E+01
  1.03956131E+01 -1.07078504E+01
  1.03956131E+01 -1.04019098E+01
  1.03956131E+01 -1.02500000E+01
  1.02500000E+01 -1.02576561E+01
  1.02500000E+01 -1.04019098E+01
  1.02500000E+01 -1.05461635E+01
  1.02500000E+01 -1.07078504E+01
  1.02500000E+01 -1.08521041E+01
  1.02500000E+01 -1.10137910E+01
  1.02500000E+01 -1.11580447E+01
  1.02500000E+01 -1.13197316E+01
  1.02500000E+01 -1.14639853E+01
  1.02500000E+01 -1.16256722E+01
  1.02500000E+01 -1.17699259E+01
  1.02500000E+01 -1.19316128E+01
  1.02500000E+01 -1.20758665E+01
  1.02500000E+01 -1.22375534E+01
  1.02500000E+01 -1.23818071E+01
  1.02500000E+01 -1.25434940E+01
  1.02500000E+01 -1.26877477E+01
  1.02500000E+01 -1.28494346E+01
  1.02500000E+01 -1.29936883E+01
  1.02500000E+01 -1.31553752E+01
  1.02500000E+01 -1.32996289E+01
  1.02500000E+01 -1.34613158E+01
  1.02500000E+01 -1.36055695E+01
  1.02500000E+01 -1.37672564E+01
  1.02500000E+01 -1.39115101E+01
  1.02500000E+01 -1.40731970E+01
  1.02500000E+01 -1.42174507E+01
  1.02500000E+01 -1.43791376E+01
  1.02500000E+01 -1.45233913E+01
  1.02500000E+01 -1.46850781E+01

hb:   line clip z  
clip:
 -8.49566301E+00 -2.50000000E+00
  3.65453617E+00 -2.50000000E+00
  3.75000000E+00 -2.44745438E+00
  3.75000000E+00 -2.30033611E+00
  3.75000000E+00 -2.14151379E+00
  3.75000000E+00 -1.99439551E+00
  3.75000000E+00 -1.83557319E+00
  3.75000000E+00 -1.68845492E+00
  3.75000000E+00 -1.52963260E+00
  3.75000000E+00 -1.38251433E+00
  3.75000000E+00 -1.22369201E+00
  3.75000000E+00 -1.07657373E+00
  3.75000000E+00 -9.17751412E-01
  3.75000000E+00 -7.70633138E-01
  3.75000000E+00 -6.11810818E-01
  3.75000000E+00 -4.64692544E-01
  3.75000000E+00 -3.05870224E-01
  3.75000000E+00 -1.58751950E-01
  3.75000000E+00  7.03703670E-05
  3.75000000E+00  1.47188644E-01
  3.75000000E+00  3.06010964E-01
  3.75000000E+00  4.53129238E-01
  3.75000000E+00  6.11951558E-01
  3.75000000E+00  7.59069832E-01
  3.75000000E+00  9.17892153E-01
  3.75000000E+00  1.06501043E+00
  3.75000000E+00  1.22383275E+00
  3.75000000E+00  1.37095102E+00
  3.75000000E+00  1.52977334E+00
  3.75000000E+00  1.67689161E+00
  3.75000000E+00  1.83571393E+00
  3.75000000E+00  1.98283221E+00
  3.75000000E+00  2.14165453E+00
  3.75000000E+00  2.28877280E+00
  3.75000000E+00  2.44759512E+00
  3.75000000E+00  2.59471340E+00
  3.75000000E+00  2.75353572E+00
  3.75000000E+00  2.90065399E+00
  3.75000000E+00  3.05947631E+00
  3.64240095E+00  3.10000000E+00
  3.60149540E+00  3.10000000E+00
  3.56058985E+00  3.10000000E+00
  3.29267187E+00  3.10000000E+00
  3.25176632E+00  3.10000000E+00
  2.98384834E+00  3.10000000E+00
  2.94294279E+00  3.10000000E+00
  2.67502481E+00  3.10000000E+00
  2.63411926E+00  3.10000000E+00
  2.36620129E+00  3.10000000E+00
  2.32529573E+00  3.10000000E+00
  2.05737776E+00  3.10000000E+00
  2.01647220E+00  3.10000000E+00
  1.74855423E+00  3.10000000E+00
  1.70764868E+00  3.10000000E+00
  1.43973070E+00  3.10000000E+00
  1.39882515E+00  3.10000000E+00
  1.13090717E+00  3.10000000E+00
  1.09000162E+00  3.10000000E+00
  8.22083638E-01  3.10000000E+00
  7.81178087E-01  3.10000000E+00
  5.13260109E-01  3.10000000E+00
  4.72354558E-01  3.10000000E+00
  2.04436580E-01  3.10000000E+00
  1.63531028E-01  3.10000000E+00
 -1.04386950E-01  3.10000000E+00
 -1.45292501E-01  3.10000000E+00
 -4.13210479E-01  3.10000000E+00
 -4.54116031E-01  3.10000000E+00
 -7.22034009E-01  3.10000000E+00
 -7.62939560E-01  3.10000000E+00
 -1.03085754E+00  3.10000000E+00
 -1.07176309E+00  3.10000000E+00
 -1.33968107E+00  3.10000000E+00
 -1.38058662E+00  3.10000000E+00
 -1.64850460E+00  3.10000000E+00
 -1.68941015E+00  3.10000000E+00
 -1.95732813E+00  3.10000000E+00
 -1.99823368E+00  3.10000000E+00
 -2.26615166E+00  3.10000000E+00
 -2.30705721E+00  3.10000000E+00
 -2.57497519E+00  3.10000000E+00
 -2.61588074E+00  3.10000000E+00
 -2.88379871E+00  3.10000000E+00
 -2.92470427E+00  3.10000000E+00
 -3.19262224E+00  3.10000000E+00
 -3.23352780E+00  3.10000000E+00
 -3.50144577E+00  3.10000000E+00
 -3.54235132E+00  3.10000000E+00
 -3.75000000E+00  3.05947631E+00
 -3.75000000E+00  2.81324239E+00
 -3.75000000E+00  2.75353572E+00
 -3.75000000E+00  2.50730180E+00
 -3.75000000E+00  2.44759512E+00
 -3.75000000E+00  2.20136120E+00
 -3.75000000E+00  2.14165453E+00
 -3.75000000E+00  1.89542061E+00
 -3.75000000E+00  1.83571393E+00
 -3.75000000E+00  1.58948002E+00
 -3.75000000E+00  1.52977334E+00
 -3.75000000E+00  1.28353942E+00
 -3.75000000E+00  1.22383275E+00
 -3.75000000E+00  9.77598828E-01
 -3.75000000E+00  9.17892153E-01
 -3.75000000E+00  6.71658234E-01
 -3.75000000E+00  6.11951558E-01
 -3.75000000E+00  3.65717640E-01
 -3.75000000E+00  3.06010964E-01
 -3.75000000E+00  5.97770460E-02
 -3.75000000E+00  7.03703670E-05
 -3.75000000E+00 -2.46163548E-01
 -3.75000000E+00 -3.05870224E-01
 -3.81026930E+00 -5.00000000E-01
 -3.92313373E+00 -5.00000000E-01
 -4.11909283E+00 -5.00000000E-01
 -4.23195726E+00 -5.00000000E-01
 -4.42791636E+00 -5.00000000E-01
 -4.54078079E+00 -5.00000000E-01
 -4.73673989E+00 -5.00000000E-01
 -4.84960432E+00 -5.00000000E-01
 -5.04556342E+00 -5.00000000E-01
 -5.15842785E+00 -5.00000000E-01
 -5.35438695E+00 -5.00000000E-01
 -5.46725138E+00 -5.00000000E-01
 -5.66321048E+00 -5.00000000E-01
 -5.77607491E+00 -5.00000000E-01
 -5.97203401E+00 -5.00000000E-01
 -6.08489844E+00 -5.00000000E-01
 -6.28085754E+00 -5.00000000E-01
 -6.39372197E+00 -5.00000000E-01
 -6.58968107E+00 -5.00000000E-01
 -6.70254550E+00 -5.00000000E-01
 -6.89850460E+00 -5.00000000E-01
 -7.01136903E+00 -5.00000000E-01
 -7.20732813E+00 -5.00000000E-01
 -7.32019256E+00 -5.00000000E-01
 -7.51615166E+00 -5.00000000E-01
 -7.62901609E+00 -5.00000000E-01
 -7.82497519E+00 -5.00000000E-01
 -7.93783962E+00 -5.00000000E-01
 -8.13379871E+00 -5.00000000E-01
 -8.24666315E+00 -5.00000000E-01
 -8.44262224E+00 -5.00000000E-01
 -8.50000000E+00 -5.54968696E-01
 -8.50000000E+00 -6.11810818E-01
 -8.50000000E+00 -6.68652940E-01
 -8.50000000E+00 -9.17751412E-01
 -8.50000000E+00 -9.74593534E-01
 -8.50000000E+00 -1.22369201E+00
 -8.50000000E+00 -1.28053413E+00
 -8.50000000E+00 -1.52963260E+00
 -8.50000000E+00 -1.58647472E+00
 -8.50000000E+00 -1.83557319E+00
 -8.50000000E+00 -1.89241532E+00
 -8.50000000E+00 -2.14151379E+00
 -8.50000000E+00 -2.19835591E+00
 -8.50000000E+00 -2.44745438E+00

hb:   line clip z  
clip:
 -4.72150141E-01 -2.19990324E+00
 -4.13210479E-01 -2.21173170E+00
 -3.27958199E-01 -2.22597022E+00
 -1.04386950E-01 -2.24757722E+00
  5.11567749E-03 -2.24999418E+00
  2.04436580E-01 -2.24069313E+00
  2.94417075E-01 -2.23065430E+00
  5.13260109E-01 -2.19067662E+00
  6.90230900E-01 -2.14151379E+00
  1.00251131E+00 -2.01431653E+00
  1.19954694E+00 -1.90357220E+00
  1.43973070E+00 -1.72906782E+00
  1.65006791E+00 -1.52963260E+00
  1.83195245E+00 -1.30631169E+00
  2.05187745E+00 -9.23200369E-01
  2.05737776E+00 -9.10876923E-01
  2.14030652E+00 -6.93965422E-01
  2.16522228E+00 -6.11810818E-01
  2.20032031E+00 -4.70202667E-01
  2.22911269E+00 -3.05870224E-01
  2.24689735E+00 -1.18119836E-01
  2.25000000E+00  7.03703670E-05
  2.24250712E+00  1.83471516E-01
  2.22909338E+00  3.06010964E-01
  2.20423468E+00  4.51496944E-01
  2.16518251E+00  6.11951558E-01
  2.14027198E+00  6.94071944E-01
  2.05737776E+00  9.10876923E-01
  1.95184530E+00  1.11928546E+00
  1.83189363E+00  1.30639416E+00
  1.64993743E+00  1.52977334E+00
  1.43973070E+00  1.72906782E+00
  1.19946011E+00  1.90362692E+00
  9.04170651E-01  2.06033382E+00
  6.89794085E-01  2.14165453E+00
  5.13260109E-01  2.19067662E+00
  2.04436580E-01  2.24069313E+00
 -1.04386950E-01  2.24757722E+00
 -4.13210479E-01  2.21173170E+00
 -6.89794085E-01  2.14165453E+00
 -9.34886498E-01  2.04657940E+00
 -1.13745291E+00  1.94131421E+00
 -1.33968107E+00  1.80769318E+00
 -1.64850460E+00  1.53131727E+00
 -1.88805016E+00  1.22383275E+00
 -2.02363028E+00  9.83575361E-01
 -2.11833646E+00  7.58386866E-01
 -2.22277031E+00  3.48987339E-01
 -2.24994219E+00  1.61285144E-02
 -2.23333283E+00 -2.73357769E-01
 -2.18608225E+00 -5.32488876E-01
 -2.11490166E+00 -7.67913373E-01
 -2.02367645E+00 -9.83480361E-01
 -1.88814138E+00 -1.22369201E+00
 -1.65006791E+00 -1.52963260E+00
 -1.33968107E+00 -1.80769318E+00
 -1.13754218E+00 -1.94126191E+00
 -7.38267283E-01 -2.12543205E+00
 -6.90230900E-01 -2.14151379E+00

hb:   line clip z  
clip:
 -1.72312048E-01 -9.85042414E-01
 -1.04386950E-01 -9.94536759E-01
 -2.15987974E-02 -9.99766719E-01
  2.04436580E-01 -9.78879811E-01
  3.97155317E-01 -9.17751412E-01
  6.56829055E-01 -7.54039516E-01
  8.22083638E-01 -5.69366746E-01
  9.52073215E-01 -3.05870224E-01
  9.99999998E-01  7.03703670E-05
  9.52027988E-01  3.06010964E-01
  8.22083638E-01  5.69366746E-01
  6.56753455E-01  7.54105363E-01
  3.96829934E-01  9.17892153E-01
  2.04436580E-01  9.78879811E-01
 -1.04386950E-01  9.94536759E-01
 -3.96829934E-01  9.17892153E-01
 -6.01723328E-01  7.98704599E-01
 -7.60166614E-01  6.49728188E-01
 -9.00225931E-01  4.35423097E-01
 -9.99515666E-01  3.11196591E-02
 -9.69501180E-01 -2.45086641E-01
 -8.84403201E-01 -4.66723664E-01
 -7.60231749E-01 -6.49651974E-01
 -4.26689576E-01 -9.04398146E-01
 -3.97155317E-01 -9.17751412E-01

hb:   line clip z  
frame:
 -9.9999756E+00 -1.4999930E+01
  1.0100024E+01 -1.4999930E+01
  1.0100024E+01  1.5000070E+01
 -9.9999756E+00  1.5000070E+01
clip:
 -1.02955634E+01  1.02500000E+01
 -1.02500000E+01  1.03569125E+01
 -1.02500000E+01  1.47303570E+01
 -1.02955634E+01  1.47500000E+01
 -1.02955634E+01  1.46852189E+01
 -1.02955634E+01  1.43792783E+01
 -1.02955634E+01  1.40733377E+01
 -1.02955634E+01  1.37673971E+01
 -1.02955634E+01  1.34614565E+01
 -1.02955634E+01  1.31555159E+01
 -1.02955634E+01  1.28495753E+01
 -1.02955634E+01  1.25436347E+01
 -1.02955634E+01  1.22376941E+01
 -1.02955634E+01  1.19317535E+01
 -1.02955634E+01  1.16258129E+01
 -1.02955634E+01  1.13198724E+01
 -1.02955634E+01  1.10139318E+01
 -1.02955634E+01  1.07079912E+01
 -1.02955634E+01  1.04020506E+01

hb:   line clip z  
frame:
 -9.9999756E+00 -1.4999930E+01
  1.0100024E+01 -1.4999930E+01
  1.0100024E+01  1.5000070E+01
 -9.9999756E+00  1.5000070E+01
clip:
  1.02500000E+01  1.02577968E+01
  1.03956131E+01  1.02500000E+01
  1.03956131E+01  1.04020506E+01
  1.03956131E+01  1.07079912E+01
  1.03956131E+01  1.10139318E+01
  1.03956131E+01  1.13198724E+01
  1.03956131E+01  1.16258129E+01
  1.03956131E+01  1.19317535E+01
  1.03956131E+01  1.22376941E+01
  1.03956131E+01  1.25436347E+01
  1.03956131E+01  1.28495753E+01
  1.03956131E+01  1.31555159E+01
  1.03956131E+01  1.34614565E+01
  1.03956131E+01  1.37673971E+01
  1.03956131E+01  1.40733377E+01
  1.03956131E+01  1.43792783E+01
  1.03956131E+01  1.46852189E+01
  1.03956131E+01  1.47500000E+01
  1.03302215E+01  1.47500000E+01
  1.02500000E+01  1.46852189E+01
  1.02500000E+01  1.45409652E+01
  1.02500000E+01  1.43792783E+01
  1.02500000E+01  1.42350246E+01
  1.02500000E+01  1.40733377E+01
  1.02500000E+01  1.39290840E+01
  1.02500000E+01  1.37673971E+01
  1.02500000E+01  1.36231434E+01
  1.02500000E+01  1.34614565E+01
  1.02500000E+01  1.33172028E+01
  1.02500000E+01  1.31555159E+01
  1.02500000E+01  1.30112622E+01
  1.02500000E+01  1.28495753E+01
  1.02500000E+01  1.27053216E+01
  1.02500000E+01  1.25436347E+01
  1.02500000E+01  1.23993810E+01
  1.02500000E+01  1.22376941E+01
  1.02500000E+01  1.20934404E+01
  1.02500000E+01  1.19317535E+01
  1.02500000E+01  1.17874998E+01
  1.02500000E+01  1.16258129E+01
  1.02500000E+01  1.14815592E+01
  1.02500000E+01  1.13198724E+01
  1.02500000E+01  1.11756186E+01
  1.02500000E+01  1.10139318E+01
  1.02500000E+01  1.08696780E+01
  1.02500000E+01  1.07079912E+01
  1.02500000E+01  1.05637374E+01
  1.02500000E+01  1.04020506E+01

#------------------------------------------------------------------------------
z: xorg(1.03)
p: xfac[c2*0.05] form[c1/0.05] notc noxt noyt dmin(1)
p: ymin(0) ymax(1) xmin(0) xmax(1) cmin(1) cmax(100) nosp
hc: y= 0.005 to 0.995 by 0.01 ; x= 0.5 to 0.5 by 1 ;
 1  2  3  4  5  6  7  8  9 10 11 12 13 14 15 16 17 18 19 20
21 22 23 24 25 26 27 28 29 30 31 32 33 34 35 36 37 38 39 40
41 42 43 44 45 46 47 48 49 50 51 52 53 54 55 56 57 58 59 60
61 62 63 64 65 66 67 68 69 70 71 72 73 74 75 76 77 78 79 80
81 82 83 84 85 86 87 88 89 90 91 92 93 94 95 96 97 98 99 100
z: xorg(0.0)
p: xfac[c2*0.05] form[c1/0.05] nosp afac[c5*0.625] ymin[c3] ymax[c4]
p: noxt noxn ytxt(-1) ynum(-1) xltd(-1) xstd(-1) itic(1) ylog
y: Flux [1/cm^2/source]              
#------------------------------------------------------------------------------

wt: s[c5]
\vspace{-3}
  emin  &=&   0.0000E+00 [MeV]
  emax  &=&   1.0000E+03 [MeV]
  zmin  &=&   1.9160E+01 [cm]
  zmax  &=&   1.9180E+01 [cm]
  part. &=& proton  
e:

#------------------------------------------------------------------------------
z: xorg[-1.03/0.05]
p: form[c1] xfac[c2] afac[c5] nosp notf
p: xmin( -10.00000    ) xmax(  10.10000    )
p: ymin( -15.00000    ) ymax(  15.00000    )
 
# Information for Restart Calculation
# This calculation was newly started
# istdev =  2 # 1:Batch variance, 2:History variance
# resc2  = 9.13240890005377425E-05 # Total source weight or Total source weight / maxcas
# resc3  = 5.70000000000000000E+05 # Total history number or Total batch number
# maxcas =        5000 # History / Batch, only used for istdev=1
# bitrseed = 0000010000000000111000111110101001101010110100101101100010110101 # bit data of rseed
