[ T-Cross ]
    title = Proton energy spectra through CR39 interfaces
     mesh =  reg            # mesh type is region-wise
      reg =   24            # number of crossing regions
      non     r-from     r-to        area
      1       600        7011        1.000000    
      2       7011       7012        1.000000    
      3       7012       7013        1.000000    
      4       7013       7014        1.000000    
      5       7014       7015        1.000000    
      6       7015       7016        1.000000    
      7       7016       7017        1.000000    
      8       7017       7018        1.000000    
      9       7018       6003        1.000000    
     10       600        7021        1.000000    
     11       7021       7022        1.000000    
     12       7022       7023        1.000000    
     13       7023       7024        1.000000    
     14       7024       7025        1.000000    
     15       7025       7026        1.000000    
     16       7026       6003        1.000000    
     17       600        7031        1.000000    
     18       7031       7032        1.000000    
     19       7032       7033        1.000000    
     20       7033       7034        1.000000    
     21       7034       6003        1.000000    
     22       600        7041        1.000000    
     23       7041       7042        1.000000    
     24       7042       6003        1.000000    
   e-type =    2            # e-mesh is linear given by emin, emax and ne
     emin =  1.0000000E-03  # minimum value of e-mesh points
     emax =   25.00000      # maximum value of e-mesh points
#    edel =  0.2499900      # mesh width of e-mesh points
       ne =    100          # number of e-mesh points
#    data = ( e(i), i = 1, ne + 1 )
#           1.00000E-03  2.50990E-01  5.00980E-01  7.50970E-01  1.00096E+00
#           1.25095E+00  1.50094E+00  1.75093E+00  2.00092E+00  2.25091E+00
#           2.50090E+00  2.75089E+00  3.00088E+00  3.25087E+00  3.50086E+00
#           3.75085E+00  4.00084E+00  4.25083E+00  4.50082E+00  4.75081E+00
#           5.00080E+00  5.25079E+00  5.50078E+00  5.75077E+00  6.00076E+00
#           6.25075E+00  6.50074E+00  6.75073E+00  7.00072E+00  7.25071E+00
#           7.50070E+00  7.75069E+00  8.00068E+00  8.25067E+00  8.50066E+00
#           8.75065E+00  9.00064E+00  9.25063E+00  9.50062E+00  9.75061E+00
#           1.00006E+01  1.02506E+01  1.05006E+01  1.07506E+01  1.10006E+01
#           1.12505E+01  1.15005E+01  1.17505E+01  1.20005E+01  1.22505E+01
#           1.25005E+01  1.27505E+01  1.30005E+01  1.32505E+01  1.35005E+01
#           1.37504E+01  1.40004E+01  1.42504E+01  1.45004E+01  1.47504E+01
#           1.50004E+01  1.52504E+01  1.55004E+01  1.57504E+01  1.60004E+01
#           1.62504E+01  1.65003E+01  1.67503E+01  1.70003E+01  1.72503E+01
#           1.75003E+01  1.77503E+01  1.80003E+01  1.82503E+01  1.85003E+01
#           1.87503E+01  1.90002E+01  1.92502E+01  1.95002E+01  1.97502E+01
#           2.00002E+01  2.02502E+01  2.05002E+01  2.07502E+01  2.10002E+01
#           2.12502E+01  2.15001E+01  2.17501E+01  2.20001E+01  2.22501E+01
#           2.25001E+01  2.27501E+01  2.30001E+01  2.32501E+01  2.35001E+01
#           2.37501E+01  2.40000E+01  2.42500E+01  2.45000E+01  2.47500E+01
#           2.50000E+01
  eng2let =    0            # (D=0) Flag to convert energy to LET, 0: not convert, 1: convert
     unit =    2            # unit is [1/cm^2/(MeV/n)/source]
     axis =  eng            # axis of output
     file = ./out/espectros_CR39.out  # file name of output for the above axis
   output = f-curr          # surface crossing forward current spectrum
     part =  proton   
# kf/name :  2212     
   epsout =    1            # (D=0) generate eps file by ANGEL
#    used :        main (  %)        temp (  %)       total (  %)
#  memory :         178 (  0)           0 (  0)         178 (  0)

#------------------------------------------------------------------------------
#newpage:
#   no. =    1   reg = 600 - 7011

x: Energy [MeV/n]
y:  F-Curr [1/cm^2/(MeV/n)/source]         
p: xlin ylog afac(0.8) form(0.9)
h: n            x            y(proton  ),hh0l n 
#  e-lower      e-upper        proton    r.err 
   1.0000E-03   2.5099E-01   1.1485E+04  0.2085
   2.5099E-01   5.0098E-01   1.7976E+04  0.1667
   5.0098E-01   7.5097E-01   2.1971E+04  0.1508
   7.5097E-01   1.0010E+00   2.5466E+04  0.1400
   1.0010E+00   1.2509E+00   3.6951E+04  0.1162
   1.2509E+00   1.5009E+00   3.3456E+04  0.1222
   1.5009E+00   1.7509E+00   4.9934E+04  0.1000
   1.7509E+00   2.0009E+00   8.2891E+04  0.0776
   2.0009E+00   2.2509E+00   1.6478E+05  0.0550
   2.2509E+00   2.5009E+00   2.8662E+05  0.0417
   2.5009E+00   2.7509E+00   6.0970E+05  0.0286
   2.7509E+00   3.0009E+00   1.1799E+06  0.0206
   3.0009E+00   3.2509E+00   1.9999E+06  0.0158
   3.2509E+00   3.5009E+00   2.9846E+06  0.0129
   3.5009E+00   3.7508E+00   3.5468E+06  0.0119
   3.7508E+00   4.0008E+00   3.2337E+06  0.0124
   4.0008E+00   4.2508E+00   2.3174E+06  0.0147
   4.2508E+00   4.5008E+00   1.2309E+06  0.0201
   4.5008E+00   4.7508E+00   6.4715E+05  0.0278
   4.7508E+00   5.0008E+00   8.1193E+05  0.0248
   5.0008E+00   5.2508E+00   1.9379E+06  0.0161
   5.2508E+00   5.5008E+00   3.7451E+06  0.0115
   5.5008E+00   5.7508E+00   5.0364E+06  0.0100
   5.7508E+00   6.0008E+00   4.3997E+06  0.0107
   6.0008E+00   6.2508E+00   2.2955E+06  0.0147
   6.2508E+00   6.5007E+00   1.0571E+06  0.0217
   6.5007E+00   6.7507E+00   1.6543E+06  0.0174
   6.7507E+00   7.0007E+00   4.4681E+06  0.0106
   7.0007E+00   7.2507E+00   7.4791E+06  0.0082
   7.2507E+00   7.5007E+00   7.1116E+06  0.0084
   7.5007E+00   7.7507E+00   3.4594E+06  0.0120
   7.7507E+00   8.0007E+00   1.3697E+06  0.0191
   8.0007E+00   8.2507E+00   3.2138E+06  0.0125
   8.2507E+00   8.5007E+00   7.7173E+06  0.0080
   8.5007E+00   8.7506E+00   8.9852E+06  0.0075
   8.7506E+00   9.0006E+00   4.5016E+06  0.0105
   9.0006E+00   9.2506E+00   1.7747E+06  0.0168
   9.2506E+00   9.5006E+00   4.6998E+06  0.0103
   9.5006E+00   9.7506E+00   1.0419E+07  0.0069
   9.7506E+00   1.0001E+01   8.8354E+06  0.0075
   1.0001E+01   1.0251E+01   3.0475E+06  0.0128
   1.0251E+01   1.0501E+01   3.8464E+06  0.0114
   1.0501E+01   1.0751E+01   1.2221E+07  0.0064
   1.0751E+01   1.1001E+01   1.3625E+07  0.0061
   1.1001E+01   1.1251E+01   4.8596E+06  0.0101
   1.1251E+01   1.1501E+01   4.5735E+06  0.0104
   1.1501E+01   1.1751E+01   1.6261E+07  0.0055
   1.1751E+01   1.2001E+01   1.7967E+07  0.0053
   1.2001E+01   1.2251E+01   5.5662E+06  0.0095
   1.2251E+01   1.2500E+01   9.1719E+06  0.0074
   1.2500E+01   1.2750E+01   2.8632E+07  0.0042
   1.2750E+01   1.3000E+01   2.1058E+07  0.0049
   1.3000E+01   1.3250E+01   6.9259E+06  0.0085
   1.3250E+01   1.3500E+01   3.6291E+07  0.0037
   1.3500E+01   1.3750E+01   6.3841E+07  0.0028
   1.3750E+01   1.4000E+01   1.6343E+07  0.0055
   1.4000E+01   1.4250E+01   4.0397E+05  0.0352
   1.4250E+01   1.4500E+01   0.0000E+00  0.0000
   1.4500E+01   1.4750E+01   0.0000E+00  0.0000
   1.4750E+01   1.5000E+01   0.0000E+00  0.0000
   1.5000E+01   1.5250E+01   0.0000E+00  0.0000
   1.5250E+01   1.5500E+01   0.0000E+00  0.0000
   1.5500E+01   1.5750E+01   0.0000E+00  0.0000
   1.5750E+01   1.6000E+01   0.0000E+00  0.0000
   1.6000E+01   1.6250E+01   0.0000E+00  0.0000
   1.6250E+01   1.6500E+01   0.0000E+00  0.0000
   1.6500E+01   1.6750E+01   0.0000E+00  0.0000
   1.6750E+01   1.7000E+01   0.0000E+00  0.0000
   1.7000E+01   1.7250E+01   0.0000E+00  0.0000
   1.7250E+01   1.7500E+01   0.0000E+00  0.0000
   1.7500E+01   1.7750E+01   0.0000E+00  0.0000
   1.7750E+01   1.8000E+01   0.0000E+00  0.0000
   1.8000E+01   1.8250E+01   0.0000E+00  0.0000
   1.8250E+01   1.8500E+01   0.0000E+00  0.0000
   1.8500E+01   1.8750E+01   0.0000E+00  0.0000
   1.8750E+01   1.9000E+01   0.0000E+00  0.0000
   1.9000E+01   1.9250E+01   0.0000E+00  0.0000
   1.9250E+01   1.9500E+01   0.0000E+00  0.0000
   1.9500E+01   1.9750E+01   0.0000E+00  0.0000
   1.9750E+01   2.0000E+01   0.0000E+00  0.0000
   2.0000E+01   2.0250E+01   0.0000E+00  0.0000
   2.0250E+01   2.0500E+01   0.0000E+00  0.0000
   2.0500E+01   2.0750E+01   0.0000E+00  0.0000
   2.0750E+01   2.1000E+01   0.0000E+00  0.0000
   2.1000E+01   2.1250E+01   0.0000E+00  0.0000
   2.1250E+01   2.1500E+01   0.0000E+00  0.0000
   2.1500E+01   2.1750E+01   0.0000E+00  0.0000
   2.1750E+01   2.2000E+01   0.0000E+00  0.0000
   2.2000E+01   2.2250E+01   0.0000E+00  0.0000
   2.2250E+01   2.2500E+01   0.0000E+00  0.0000
   2.2500E+01   2.2750E+01   0.0000E+00  0.0000
   2.2750E+01   2.3000E+01   0.0000E+00  0.0000
   2.3000E+01   2.3250E+01   0.0000E+00  0.0000
   2.3250E+01   2.3500E+01   0.0000E+00  0.0000
   2.3500E+01   2.3750E+01   0.0000E+00  0.0000
   2.3750E+01   2.4000E+01   0.0000E+00  0.0000
   2.4000E+01   2.4250E+01   0.0000E+00  0.0000
   2.4250E+01   2.4500E+01   0.0000E+00  0.0000
   2.4500E+01   2.4750E+01   0.0000E+00  0.0000
   2.4750E+01   2.5000E+01   0.0000E+00  0.0000

#   sum over                 3.7809E+06  0.0011
'no. =    1   reg = 600 - 7011'
msuc: {\huge Proton energy spectra through CR39 interfaces}
msdr: {\it plotted by \ANGEL \version}
msdl: {\it calculated by \PHITS  3.36}
wt: s(0.7)
\vspace{-3}
  region surface crossing
  area  &=&   1.0000E+00 [cm^2]
e:

#------------------------------------------------------------------------------
 newpage:
#   no. =    2   reg = 7011 - 7012

x: Energy [MeV/n]
y:  F-Curr [1/cm^2/(MeV/n)/source]         
p: xlin ylog afac(0.8) form(0.9)
h: n            x            y(proton  ),hh0l n 
#  e-lower      e-upper        proton    r.err 
   1.0000E-03   2.5099E-01   7.3403E+04  0.0825
   2.5099E-01   5.0098E-01   9.6872E+04  0.0718
   5.0098E-01   7.5097E-01   1.8176E+05  0.0524
   7.5097E-01   1.0010E+00   2.2221E+05  0.0474
   1.0010E+00   1.2509E+00   3.6053E+05  0.0372
   1.2509E+00   1.5009E+00   5.7225E+05  0.0295
   1.5009E+00   1.7509E+00   9.0531E+05  0.0235
   1.7509E+00   2.0009E+00   1.3902E+06  0.0190
   2.0009E+00   2.2509E+00   1.8955E+06  0.0162
   2.2509E+00   2.5009E+00   2.4503E+06  0.0143
   2.5009E+00   2.7509E+00   2.8388E+06  0.0133
   2.7509E+00   3.0009E+00   2.8637E+06  0.0132
   3.0009E+00   3.2509E+00   2.3749E+06  0.0145
   3.2509E+00   3.5009E+00   1.5734E+06  0.0178
   3.5009E+00   3.7508E+00   9.2229E+05  0.0233
   3.7508E+00   4.0008E+00   6.9209E+05  0.0269
   4.0008E+00   4.2508E+00   9.7072E+05  0.0227
   4.2508E+00   4.5008E+00   2.1632E+06  0.0152
   4.5008E+00   4.7508E+00   3.9872E+06  0.0112
   4.7508E+00   5.0008E+00   5.6121E+06  0.0094
   5.0008E+00   5.2508E+00   5.7095E+06  0.0094
   5.2508E+00   5.5008E+00   4.0272E+06  0.0111
   5.5008E+00   5.7508E+00   1.9000E+06  0.0162
   5.7508E+00   6.0008E+00   1.1020E+06  0.0213
   6.0008E+00   6.2508E+00   2.2086E+06  0.0150
   6.2508E+00   6.5007E+00   5.0663E+06  0.0099
   6.5007E+00   6.7507E+00   7.4946E+06  0.0082
   6.7507E+00   7.0007E+00   6.5159E+06  0.0088
   7.0007E+00   7.2507E+00   3.1963E+06  0.0125
   7.2507E+00   7.5007E+00   1.5175E+06  0.0181
   7.5007E+00   7.7507E+00   3.2457E+06  0.0124
   7.7507E+00   8.0007E+00   7.5376E+06  0.0081
   8.0007E+00   8.2507E+00   9.2853E+06  0.0073
   8.2507E+00   8.5007E+00   5.3694E+06  0.0096
   8.5007E+00   8.7506E+00   2.1392E+06  0.0153
   8.7506E+00   9.0006E+00   4.2439E+06  0.0108
   9.0006E+00   9.2506E+00   1.0896E+07  0.0068
   9.2506E+00   9.5006E+00   1.2389E+07  0.0063
   9.5006E+00   9.7506E+00   5.8123E+06  0.0093
   9.7506E+00   1.0001E+01   2.9222E+06  0.0131
   1.0001E+01   1.0251E+01   9.6108E+06  0.0072
   1.0251E+01   1.0501E+01   1.7946E+07  0.0053
   1.0501E+01   1.0751E+01   1.1664E+07  0.0065
   1.0751E+01   1.1001E+01   4.1336E+06  0.0110
   1.1001E+01   1.1251E+01   1.1651E+07  0.0065
   1.1251E+01   1.1501E+01   2.6884E+07  0.0043
   1.1501E+01   1.1751E+01   1.8583E+07  0.0052
   1.1751E+01   1.2001E+01   6.7841E+06  0.0086
   1.2001E+01   1.2251E+01   2.7755E+07  0.0042
   1.2251E+01   1.2500E+01   5.9502E+07  0.0029
   1.2500E+01   1.2750E+01   2.7752E+07  0.0042
   1.2750E+01   1.3000E+01   2.1816E+06  0.0151
   1.3000E+01   1.3250E+01   1.2983E+04  0.1961
   1.3250E+01   1.3500E+01   0.0000E+00  0.0000
   1.3500E+01   1.3750E+01   0.0000E+00  0.0000
   1.3750E+01   1.4000E+01   0.0000E+00  0.0000
   1.4000E+01   1.4250E+01   0.0000E+00  0.0000
   1.4250E+01   1.4500E+01   0.0000E+00  0.0000
   1.4500E+01   1.4750E+01   0.0000E+00  0.0000
   1.4750E+01   1.5000E+01   0.0000E+00  0.0000
   1.5000E+01   1.5250E+01   0.0000E+00  0.0000
   1.5250E+01   1.5500E+01   0.0000E+00  0.0000
   1.5500E+01   1.5750E+01   0.0000E+00  0.0000
   1.5750E+01   1.6000E+01   0.0000E+00  0.0000
   1.6000E+01   1.6250E+01   0.0000E+00  0.0000
   1.6250E+01   1.6500E+01   0.0000E+00  0.0000
   1.6500E+01   1.6750E+01   0.0000E+00  0.0000
   1.6750E+01   1.7000E+01   0.0000E+00  0.0000
   1.7000E+01   1.7250E+01   0.0000E+00  0.0000
   1.7250E+01   1.7500E+01   0.0000E+00  0.0000
   1.7500E+01   1.7750E+01   0.0000E+00  0.0000
   1.7750E+01   1.8000E+01   0.0000E+00  0.0000
   1.8000E+01   1.8250E+01   0.0000E+00  0.0000
   1.8250E+01   1.8500E+01   0.0000E+00  0.0000
   1.8500E+01   1.8750E+01   0.0000E+00  0.0000
   1.8750E+01   1.9000E+01   0.0000E+00  0.0000
   1.9000E+01   1.9250E+01   0.0000E+00  0.0000
   1.9250E+01   1.9500E+01   0.0000E+00  0.0000
   1.9500E+01   1.9750E+01   0.0000E+00  0.0000
   1.9750E+01   2.0000E+01   0.0000E+00  0.0000
   2.0000E+01   2.0250E+01   0.0000E+00  0.0000
   2.0250E+01   2.0500E+01   0.0000E+00  0.0000
   2.0500E+01   2.0750E+01   0.0000E+00  0.0000
   2.0750E+01   2.1000E+01   0.0000E+00  0.0000
   2.1000E+01   2.1250E+01   0.0000E+00  0.0000
   2.1250E+01   2.1500E+01   0.0000E+00  0.0000
   2.1500E+01   2.1750E+01   0.0000E+00  0.0000
   2.1750E+01   2.2000E+01   0.0000E+00  0.0000
   2.2000E+01   2.2250E+01   0.0000E+00  0.0000
   2.2250E+01   2.2500E+01   0.0000E+00  0.0000
   2.2500E+01   2.2750E+01   0.0000E+00  0.0000
   2.2750E+01   2.3000E+01   0.0000E+00  0.0000
   2.3000E+01   2.3250E+01   0.0000E+00  0.0000
   2.3250E+01   2.3500E+01   0.0000E+00  0.0000
   2.3500E+01   2.3750E+01   0.0000E+00  0.0000
   2.3750E+01   2.4000E+01   0.0000E+00  0.0000
   2.4000E+01   2.4250E+01   0.0000E+00  0.0000
   2.4250E+01   2.4500E+01   0.0000E+00  0.0000
   2.4500E+01   2.4750E+01   0.0000E+00  0.0000
   2.4750E+01   2.5000E+01   0.0000E+00  0.0000

#   sum over                 3.5919E+06  0.0012
'no. =    2   reg = 7011 - 7012'
msuc: {\huge Proton energy spectra through CR39 interfaces}
msdr: {\it plotted by \ANGEL \version}
msdl: {\it calculated by \PHITS  3.36}
wt: s(0.7)
\vspace{-3}
  region surface crossing
  area  &=&   1.0000E+00 [cm^2]
e:

#------------------------------------------------------------------------------
 newpage:
#   no. =    3   reg = 7012 - 7013

x: Energy [MeV/n]
y:  F-Curr [1/cm^2/(MeV/n)/source]         
p: xlin ylog afac(0.8) form(0.9)
h: n            x            y(proton  ),hh0l n 
#  e-lower      e-upper        proton    r.err 
   1.0000E-03   2.5099E-01   5.7125E+05  0.0296
   2.5099E-01   5.0098E-01   8.7734E+05  0.0239
   5.0098E-01   7.5097E-01   1.2753E+06  0.0198
   7.5097E-01   1.0010E+00   1.6408E+06  0.0174
   1.0010E+00   1.2509E+00   2.0173E+06  0.0157
   1.2509E+00   1.5009E+00   2.2515E+06  0.0149
   1.5009E+00   1.7509E+00   2.4213E+06  0.0144
   1.7509E+00   2.0009E+00   2.2560E+06  0.0149
   2.0009E+00   2.2509E+00   1.9414E+06  0.0160
   2.2509E+00   2.5009E+00   1.4511E+06  0.0185
   2.5009E+00   2.7509E+00   9.4076E+05  0.0230
   2.7509E+00   3.0009E+00   6.4016E+05  0.0279
   3.0009E+00   3.2509E+00   7.2504E+05  0.0262
   3.2509E+00   3.5009E+00   1.2269E+06  0.0202
   3.5009E+00   3.7508E+00   2.3289E+06  0.0146
   3.7508E+00   4.0008E+00   3.8409E+06  0.0114
   4.0008E+00   4.2508E+00   5.1153E+06  0.0099
   4.2508E+00   4.5008E+00   5.2581E+06  0.0097
   4.5008E+00   4.7508E+00   4.0706E+06  0.0111
   4.7508E+00   5.0008E+00   2.3035E+06  0.0147
   5.0008E+00   5.2508E+00   1.2039E+06  0.0204
   5.2508E+00   5.5008E+00   1.5105E+06  0.0182
   5.5008E+00   5.7508E+00   3.4540E+06  0.0120
   5.7508E+00   6.0008E+00   6.2303E+06  0.0090
   6.0008E+00   6.2508E+00   7.5091E+06  0.0082
   6.2508E+00   6.5007E+00   5.5806E+06  0.0095
   6.5007E+00   6.7507E+00   2.6475E+06  0.0137
   6.7507E+00   7.0007E+00   1.7916E+06  0.0167
   7.0007E+00   7.2507E+00   4.2369E+06  0.0109
   7.2507E+00   7.5007E+00   8.9507E+06  0.0075
   7.5007E+00   7.7507E+00   1.1031E+07  0.0067
   7.7507E+00   8.0007E+00   6.8545E+06  0.0085
   8.0007E+00   8.2507E+00   2.7594E+06  0.0135
   8.2507E+00   8.5007E+00   4.0237E+06  0.0111
   8.5007E+00   8.7506E+00   1.0968E+07  0.0067
   8.7506E+00   9.0006E+00   1.5599E+07  0.0057
   9.0006E+00   9.2506E+00   9.9838E+06  0.0071
   9.2506E+00   9.5006E+00   3.9658E+06  0.0112
   9.5006E+00   9.7506E+00   7.9535E+06  0.0079
   9.7506E+00   1.0001E+01   2.0569E+07  0.0049
   1.0001E+01   1.0251E+01   2.2487E+07  0.0047
   1.0251E+01   1.0501E+01   9.5225E+06  0.0072
   1.0501E+01   1.0751E+01   9.5250E+06  0.0072
   1.0751E+01   1.1001E+01   3.6224E+07  0.0037
   1.1001E+01   1.1251E+01   5.1884E+07  0.0031
   1.1251E+01   1.1501E+01   2.1110E+07  0.0049
   1.1501E+01   1.1751E+01   2.0543E+06  0.0156
   1.1751E+01   1.2001E+01   3.2457E+04  0.1240
   1.2001E+01   1.2251E+01   4.9934E+02  1.0000
   1.2251E+01   1.2500E+01   0.0000E+00  0.0000
   1.2500E+01   1.2750E+01   0.0000E+00  0.0000
   1.2750E+01   1.3000E+01   0.0000E+00  0.0000
   1.3000E+01   1.3250E+01   0.0000E+00  0.0000
   1.3250E+01   1.3500E+01   0.0000E+00  0.0000
   1.3500E+01   1.3750E+01   0.0000E+00  0.0000
   1.3750E+01   1.4000E+01   0.0000E+00  0.0000
   1.4000E+01   1.4250E+01   0.0000E+00  0.0000
   1.4250E+01   1.4500E+01   0.0000E+00  0.0000
   1.4500E+01   1.4750E+01   0.0000E+00  0.0000
   1.4750E+01   1.5000E+01   0.0000E+00  0.0000
   1.5000E+01   1.5250E+01   0.0000E+00  0.0000
   1.5250E+01   1.5500E+01   0.0000E+00  0.0000
   1.5500E+01   1.5750E+01   0.0000E+00  0.0000
   1.5750E+01   1.6000E+01   0.0000E+00  0.0000
   1.6000E+01   1.6250E+01   0.0000E+00  0.0000
   1.6250E+01   1.6500E+01   0.0000E+00  0.0000
   1.6500E+01   1.6750E+01   0.0000E+00  0.0000
   1.6750E+01   1.7000E+01   0.0000E+00  0.0000
   1.7000E+01   1.7250E+01   0.0000E+00  0.0000
   1.7250E+01   1.7500E+01   0.0000E+00  0.0000
   1.7500E+01   1.7750E+01   0.0000E+00  0.0000
   1.7750E+01   1.8000E+01   0.0000E+00  0.0000
   1.8000E+01   1.8250E+01   0.0000E+00  0.0000
   1.8250E+01   1.8500E+01   0.0000E+00  0.0000
   1.8500E+01   1.8750E+01   0.0000E+00  0.0000
   1.8750E+01   1.9000E+01   0.0000E+00  0.0000
   1.9000E+01   1.9250E+01   0.0000E+00  0.0000
   1.9250E+01   1.9500E+01   0.0000E+00  0.0000
   1.9500E+01   1.9750E+01   0.0000E+00  0.0000
   1.9750E+01   2.0000E+01   0.0000E+00  0.0000
   2.0000E+01   2.0250E+01   0.0000E+00  0.0000
   2.0250E+01   2.0500E+01   0.0000E+00  0.0000
   2.0500E+01   2.0750E+01   0.0000E+00  0.0000
   2.0750E+01   2.1000E+01   0.0000E+00  0.0000
   2.1000E+01   2.1250E+01   0.0000E+00  0.0000
   2.1250E+01   2.1500E+01   0.0000E+00  0.0000
   2.1500E+01   2.1750E+01   0.0000E+00  0.0000
   2.1750E+01   2.2000E+01   0.0000E+00  0.0000
   2.2000E+01   2.2250E+01   0.0000E+00  0.0000
   2.2250E+01   2.2500E+01   0.0000E+00  0.0000
   2.2500E+01   2.2750E+01   0.0000E+00  0.0000
   2.2750E+01   2.3000E+01   0.0000E+00  0.0000
   2.3000E+01   2.3250E+01   0.0000E+00  0.0000
   2.3250E+01   2.3500E+01   0.0000E+00  0.0000
   2.3500E+01   2.3750E+01   0.0000E+00  0.0000
   2.3750E+01   2.4000E+01   0.0000E+00  0.0000
   2.4000E+01   2.4250E+01   0.0000E+00  0.0000
   2.4250E+01   2.4500E+01   0.0000E+00  0.0000
   2.4500E+01   2.4750E+01   0.0000E+00  0.0000
   2.4750E+01   2.5000E+01   0.0000E+00  0.0000

#   sum over                 3.3282E+06  0.0012
'no. =    3   reg = 7012 - 7013'
msuc: {\huge Proton energy spectra through CR39 interfaces}
msdr: {\it plotted by \ANGEL \version}
msdl: {\it calculated by \PHITS  3.36}
wt: s(0.7)
\vspace{-3}
  region surface crossing
  area  &=&   1.0000E+00 [cm^2]
e:

#------------------------------------------------------------------------------
 newpage:
#   no. =    4   reg = 7013 - 7014

x: Energy [MeV/n]
y:  F-Curr [1/cm^2/(MeV/n)/source]         
p: xlin ylog afac(0.8) form(0.9)
h: n            x            y(proton  ),hh0l n 
#  e-lower      e-upper        proton    r.err 
   1.0000E-03   2.5099E-01   4.0597E+05  0.0351
   2.5099E-01   5.0098E-01   5.1632E+05  0.0311
   5.0098E-01   7.5097E-01   5.9072E+05  0.0291
   7.5097E-01   1.0010E+00   6.5064E+05  0.0277
   1.0010E+00   1.2509E+00   5.7774E+05  0.0294
   1.2509E+00   1.5009E+00   5.0483E+05  0.0314
   1.5009E+00   1.7509E+00   4.8985E+05  0.0319
   1.7509E+00   2.0009E+00   5.2581E+05  0.0308
   2.0009E+00   2.2509E+00   7.5501E+05  0.0257
   2.2509E+00   2.5009E+00   1.2823E+06  0.0197
   2.5009E+00   2.7509E+00   2.0907E+06  0.0155
   2.7509E+00   3.0009E+00   3.1189E+06  0.0127
   3.0009E+00   3.2509E+00   4.1720E+06  0.0109
   3.2509E+00   3.5009E+00   4.7597E+06  0.0102
   3.5009E+00   3.7508E+00   4.4951E+06  0.0105
   3.7508E+00   4.0008E+00   3.3296E+06  0.0122
   4.0008E+00   4.2508E+00   2.0233E+06  0.0157
   4.2508E+00   4.5008E+00   1.2264E+06  0.0202
   4.5008E+00   4.7508E+00   1.5799E+06  0.0178
   4.7508E+00   5.0008E+00   3.1838E+06  0.0125
   5.0008E+00   5.2508E+00   5.9502E+06  0.0092
   5.2508E+00   5.5008E+00   8.3190E+06  0.0077
   5.5008E+00   5.7508E+00   7.9395E+06  0.0079
   5.7508E+00   6.0008E+00   5.0479E+06  0.0099
   6.0008E+00   6.2508E+00   2.4368E+06  0.0143
   6.2508E+00   6.5007E+00   2.3309E+06  0.0146
   6.5007E+00   6.7507E+00   5.7125E+06  0.0093
   6.7507E+00   7.0007E+00   1.0974E+07  0.0067
   7.0007E+00   7.2507E+00   1.2815E+07  0.0062
   7.2507E+00   7.5007E+00   8.5278E+06  0.0077
   7.5007E+00   7.7507E+00   3.7251E+06  0.0116
   7.7507E+00   8.0007E+00   4.7118E+06  0.0103
   8.0007E+00   8.2507E+00   1.2455E+07  0.0063
   8.2507E+00   8.5007E+00   2.0668E+07  0.0049
   8.5007E+00   8.7506E+00   1.6799E+07  0.0055
   8.7506E+00   9.0006E+00   7.1940E+06  0.0083
   9.0006E+00   9.2506E+00   8.9402E+06  0.0075
   9.2506E+00   9.5006E+00   2.9319E+07  0.0041
   9.5006E+00   9.7506E+00   4.6705E+07  0.0033
   9.7506E+00   1.0001E+01   2.8764E+07  0.0042
   1.0001E+01   1.0251E+01   6.0520E+06  0.0091
   1.0251E+01   1.0501E+01   4.0497E+05  0.0351
   1.0501E+01   1.0751E+01   9.9868E+03  0.2236
   1.0751E+01   1.1001E+01   1.9974E+03  0.5000
   1.1001E+01   1.1251E+01   0.0000E+00  0.0000
   1.1251E+01   1.1501E+01   0.0000E+00  0.0000
   1.1501E+01   1.1751E+01   0.0000E+00  0.0000
   1.1751E+01   1.2001E+01   0.0000E+00  0.0000
   1.2001E+01   1.2251E+01   0.0000E+00  0.0000
   1.2251E+01   1.2500E+01   0.0000E+00  0.0000
   1.2500E+01   1.2750E+01   0.0000E+00  0.0000
   1.2750E+01   1.3000E+01   0.0000E+00  0.0000
   1.3000E+01   1.3250E+01   0.0000E+00  0.0000
   1.3250E+01   1.3500E+01   0.0000E+00  0.0000
   1.3500E+01   1.3750E+01   0.0000E+00  0.0000
   1.3750E+01   1.4000E+01   0.0000E+00  0.0000
   1.4000E+01   1.4250E+01   0.0000E+00  0.0000
   1.4250E+01   1.4500E+01   0.0000E+00  0.0000
   1.4500E+01   1.4750E+01   0.0000E+00  0.0000
   1.4750E+01   1.5000E+01   0.0000E+00  0.0000
   1.5000E+01   1.5250E+01   0.0000E+00  0.0000
   1.5250E+01   1.5500E+01   0.0000E+00  0.0000
   1.5500E+01   1.5750E+01   0.0000E+00  0.0000
   1.5750E+01   1.6000E+01   0.0000E+00  0.0000
   1.6000E+01   1.6250E+01   0.0000E+00  0.0000
   1.6250E+01   1.6500E+01   0.0000E+00  0.0000
   1.6500E+01   1.6750E+01   0.0000E+00  0.0000
   1.6750E+01   1.7000E+01   0.0000E+00  0.0000
   1.7000E+01   1.7250E+01   0.0000E+00  0.0000
   1.7250E+01   1.7500E+01   0.0000E+00  0.0000
   1.7500E+01   1.7750E+01   0.0000E+00  0.0000
   1.7750E+01   1.8000E+01   0.0000E+00  0.0000
   1.8000E+01   1.8250E+01   0.0000E+00  0.0000
   1.8250E+01   1.8500E+01   0.0000E+00  0.0000
   1.8500E+01   1.8750E+01   0.0000E+00  0.0000
   1.8750E+01   1.9000E+01   0.0000E+00  0.0000
   1.9000E+01   1.9250E+01   0.0000E+00  0.0000
   1.9250E+01   1.9500E+01   0.0000E+00  0.0000
   1.9500E+01   1.9750E+01   0.0000E+00  0.0000
   1.9750E+01   2.0000E+01   0.0000E+00  0.0000
   2.0000E+01   2.0250E+01   0.0000E+00  0.0000
   2.0250E+01   2.0500E+01   0.0000E+00  0.0000
   2.0500E+01   2.0750E+01   0.0000E+00  0.0000
   2.0750E+01   2.1000E+01   0.0000E+00  0.0000
   2.1000E+01   2.1250E+01   0.0000E+00  0.0000
   2.1250E+01   2.1500E+01   0.0000E+00  0.0000
   2.1500E+01   2.1750E+01   0.0000E+00  0.0000
   2.1750E+01   2.2000E+01   0.0000E+00  0.0000
   2.2000E+01   2.2250E+01   0.0000E+00  0.0000
   2.2250E+01   2.2500E+01   0.0000E+00  0.0000
   2.2500E+01   2.2750E+01   0.0000E+00  0.0000
   2.2750E+01   2.3000E+01   0.0000E+00  0.0000
   2.3000E+01   2.3250E+01   0.0000E+00  0.0000
   2.3250E+01   2.3500E+01   0.0000E+00  0.0000
   2.3500E+01   2.3750E+01   0.0000E+00  0.0000
   2.3750E+01   2.4000E+01   0.0000E+00  0.0000
   2.4000E+01   2.4250E+01   0.0000E+00  0.0000
   2.4250E+01   2.4500E+01   0.0000E+00  0.0000
   2.4500E+01   2.4750E+01   0.0000E+00  0.0000
   2.4750E+01   2.5000E+01   0.0000E+00  0.0000

#   sum over                 2.9208E+06  0.0013
'no. =    4   reg = 7013 - 7014'
msuc: {\huge Proton energy spectra through CR39 interfaces}
msdr: {\it plotted by \ANGEL \version}
msdl: {\it calculated by \PHITS  3.36}
wt: s(0.7)
\vspace{-3}
  region surface crossing
  area  &=&   1.0000E+00 [cm^2]
e:

#------------------------------------------------------------------------------
 newpage:
#   no. =    5   reg = 7014 - 7015

x: Energy [MeV/n]
y:  F-Curr [1/cm^2/(MeV/n)/source]         
p: xlin ylog afac(0.8) form(0.9)
h: n            x            y(proton  ),hh0l n 
#  e-lower      e-upper        proton    r.err 
   1.0000E-03   2.5099E-01   2.6016E+05  0.0438
   2.5099E-01   5.0098E-01   4.1346E+05  0.0348
   5.0098E-01   7.5097E-01   6.2717E+05  0.0282
   7.5097E-01   1.0010E+00   9.1879E+05  0.0233
   1.0010E+00   1.2509E+00   1.4251E+06  0.0187
   1.2509E+00   1.5009E+00   1.9629E+06  0.0159
   1.5009E+00   1.7509E+00   2.7259E+06  0.0135
   1.7509E+00   2.0009E+00   3.4784E+06  0.0120
   2.0009E+00   2.2509E+00   4.2025E+06  0.0109
   2.2509E+00   2.5009E+00   4.5280E+06  0.0105
   2.5009E+00   2.7509E+00   4.3068E+06  0.0108
   2.7509E+00   3.0009E+00   3.5079E+06  0.0119
   3.0009E+00   3.2509E+00   2.5431E+06  0.0140
   3.2509E+00   3.5009E+00   1.6553E+06  0.0174
   3.5009E+00   3.7508E+00   1.2274E+06  0.0202
   3.7508E+00   4.0008E+00   1.8451E+06  0.0165
   4.0008E+00   4.2508E+00   3.5249E+06  0.0119
   4.2508E+00   4.5008E+00   6.2478E+06  0.0089
   4.5008E+00   4.7508E+00   8.8329E+06  0.0075
   4.7508E+00   5.0008E+00   9.4525E+06  0.0073
   5.0008E+00   5.2508E+00   7.3623E+06  0.0082
   5.2508E+00   5.5008E+00   4.2154E+06  0.0109
   5.5008E+00   5.7508E+00   2.5277E+06  0.0141
   5.7508E+00   6.0008E+00   4.0951E+06  0.0110
   6.0008E+00   6.2508E+00   8.9542E+06  0.0075
   6.2508E+00   6.5007E+00   1.5366E+07  0.0057
   6.5007E+00   6.7507E+00   1.6633E+07  0.0055
   6.7507E+00   7.0007E+00   1.1045E+07  0.0067
   7.0007E+00   7.2507E+00   5.3684E+06  0.0096
   7.2507E+00   7.5007E+00   7.4871E+06  0.0082
   7.5007E+00   7.7507E+00   2.1088E+07  0.0049
   7.7507E+00   8.0007E+00   3.7821E+07  0.0036
   8.0007E+00   8.2507E+00   3.4762E+07  0.0038
   8.2507E+00   8.5007E+00   1.5293E+07  0.0057
   8.5007E+00   8.7506E+00   2.9491E+06  0.0130
   8.7506E+00   9.0006E+00   2.5217E+05  0.0445
   9.0006E+00   9.2506E+00   1.7477E+04  0.1690
   9.2506E+00   9.5006E+00   1.9974E+03  0.5000
   9.5006E+00   9.7506E+00   0.0000E+00  0.0000
   9.7506E+00   1.0001E+01   0.0000E+00  0.0000
   1.0001E+01   1.0251E+01   0.0000E+00  0.0000
   1.0251E+01   1.0501E+01   0.0000E+00  0.0000
   1.0501E+01   1.0751E+01   0.0000E+00  0.0000
   1.0751E+01   1.1001E+01   0.0000E+00  0.0000
   1.1001E+01   1.1251E+01   0.0000E+00  0.0000
   1.1251E+01   1.1501E+01   0.0000E+00  0.0000
   1.1501E+01   1.1751E+01   0.0000E+00  0.0000
   1.1751E+01   1.2001E+01   0.0000E+00  0.0000
   1.2001E+01   1.2251E+01   0.0000E+00  0.0000
   1.2251E+01   1.2500E+01   0.0000E+00  0.0000
   1.2500E+01   1.2750E+01   0.0000E+00  0.0000
   1.2750E+01   1.3000E+01   0.0000E+00  0.0000
   1.3000E+01   1.3250E+01   0.0000E+00  0.0000
   1.3250E+01   1.3500E+01   0.0000E+00  0.0000
   1.3500E+01   1.3750E+01   0.0000E+00  0.0000
   1.3750E+01   1.4000E+01   0.0000E+00  0.0000
   1.4000E+01   1.4250E+01   0.0000E+00  0.0000
   1.4250E+01   1.4500E+01   0.0000E+00  0.0000
   1.4500E+01   1.4750E+01   0.0000E+00  0.0000
   1.4750E+01   1.5000E+01   0.0000E+00  0.0000
   1.5000E+01   1.5250E+01   0.0000E+00  0.0000
   1.5250E+01   1.5500E+01   0.0000E+00  0.0000
   1.5500E+01   1.5750E+01   0.0000E+00  0.0000
   1.5750E+01   1.6000E+01   0.0000E+00  0.0000
   1.6000E+01   1.6250E+01   0.0000E+00  0.0000
   1.6250E+01   1.6500E+01   0.0000E+00  0.0000
   1.6500E+01   1.6750E+01   0.0000E+00  0.0000
   1.6750E+01   1.7000E+01   0.0000E+00  0.0000
   1.7000E+01   1.7250E+01   0.0000E+00  0.0000
   1.7250E+01   1.7500E+01   0.0000E+00  0.0000
   1.7500E+01   1.7750E+01   0.0000E+00  0.0000
   1.7750E+01   1.8000E+01   0.0000E+00  0.0000
   1.8000E+01   1.8250E+01   0.0000E+00  0.0000
   1.8250E+01   1.8500E+01   0.0000E+00  0.0000
   1.8500E+01   1.8750E+01   0.0000E+00  0.0000
   1.8750E+01   1.9000E+01   0.0000E+00  0.0000
   1.9000E+01   1.9250E+01   0.0000E+00  0.0000
   1.9250E+01   1.9500E+01   0.0000E+00  0.0000
   1.9500E+01   1.9750E+01   0.0000E+00  0.0000
   1.9750E+01   2.0000E+01   0.0000E+00  0.0000
   2.0000E+01   2.0250E+01   0.0000E+00  0.0000
   2.0250E+01   2.0500E+01   0.0000E+00  0.0000
   2.0500E+01   2.0750E+01   0.0000E+00  0.0000
   2.0750E+01   2.1000E+01   0.0000E+00  0.0000
   2.1000E+01   2.1250E+01   0.0000E+00  0.0000
   2.1250E+01   2.1500E+01   0.0000E+00  0.0000
   2.1500E+01   2.1750E+01   0.0000E+00  0.0000
   2.1750E+01   2.2000E+01   0.0000E+00  0.0000
   2.2000E+01   2.2250E+01   0.0000E+00  0.0000
   2.2250E+01   2.2500E+01   0.0000E+00  0.0000
   2.2500E+01   2.2750E+01   0.0000E+00  0.0000
   2.2750E+01   2.3000E+01   0.0000E+00  0.0000
   2.3000E+01   2.3250E+01   0.0000E+00  0.0000
   2.3250E+01   2.3500E+01   0.0000E+00  0.0000
   2.3500E+01   2.3750E+01   0.0000E+00  0.0000
   2.3750E+01   2.4000E+01   0.0000E+00  0.0000
   2.4000E+01   2.4250E+01   0.0000E+00  0.0000
   2.4250E+01   2.4500E+01   0.0000E+00  0.0000
   2.4500E+01   2.4750E+01   0.0000E+00  0.0000
   2.4750E+01   2.5000E+01   0.0000E+00  0.0000

#   sum over                 2.5892E+06  0.0014
'no. =    5   reg = 7014 - 7015'
msuc: {\huge Proton energy spectra through CR39 interfaces}
msdr: {\it plotted by \ANGEL \version}
msdl: {\it calculated by \PHITS  3.36}
wt: s(0.7)
\vspace{-3}
  region surface crossing
  area  &=&   1.0000E+00 [cm^2]
e:

#------------------------------------------------------------------------------
 newpage:
#   no. =    6   reg = 7015 - 7016

x: Energy [MeV/n]
y:  F-Curr [1/cm^2/(MeV/n)/source]         
p: xlin ylog afac(0.8) form(0.9)
h: n            x            y(proton  ),hh0l n 
#  e-lower      e-upper        proton    r.err 
   1.0000E-03   2.5099E-01   1.1779E+06  0.0206
   2.5099E-01   5.0098E-01   1.6808E+06  0.0172
   5.0098E-01   7.5097E-01   2.2166E+06  0.0150
   7.5097E-01   1.0010E+00   2.7449E+06  0.0135
   1.0010E+00   1.2509E+00   3.1274E+06  0.0126
   1.2509E+00   1.5009E+00   3.1419E+06  0.0126
   1.5009E+00   1.7509E+00   2.9062E+06  0.0131
   1.7509E+00   2.0009E+00   2.5871E+06  0.0139
   2.0009E+00   2.2509E+00   1.9544E+06  0.0160
   2.2509E+00   2.5009E+00   1.4930E+06  0.0183
   2.5009E+00   2.7509E+00   1.3637E+06  0.0191
   2.7509E+00   3.0009E+00   1.8346E+06  0.0165
   3.0009E+00   3.2509E+00   3.0470E+06  0.0128
   3.2509E+00   3.5009E+00   5.2746E+06  0.0097
   3.5009E+00   3.7508E+00   8.2676E+06  0.0078
   3.7508E+00   4.0008E+00   1.0863E+07  0.0068
   4.0008E+00   4.2508E+00   1.1710E+07  0.0065
   4.2508E+00   4.5008E+00   9.9234E+06  0.0071
   4.5008E+00   4.7508E+00   6.4520E+06  0.0088
   4.7508E+00   5.0008E+00   3.8310E+06  0.0114
   5.0008E+00   5.2508E+00   4.5715E+06  0.0105
   5.2508E+00   5.5008E+00   1.0170E+07  0.0070
   5.5008E+00   5.7508E+00   2.0881E+07  0.0049
   5.7508E+00   6.0008E+00   3.0348E+07  0.0041
   6.0008E+00   6.2508E+00   2.9170E+07  0.0041
   6.2508E+00   6.5007E+00   1.7307E+07  0.0054
   6.5007E+00   6.7507E+00   6.1344E+06  0.0090
   6.7507E+00   7.0007E+00   1.2454E+06  0.0200
   7.0007E+00   7.2507E+00   1.5629E+05  0.0565
   7.2507E+00   7.5007E+00   2.5466E+04  0.1400
   7.5007E+00   7.7507E+00   6.4914E+03  0.2774
   7.7507E+00   8.0007E+00   4.9934E+02  1.0000
   8.0007E+00   8.2507E+00   0.0000E+00  0.0000
   8.2507E+00   8.5007E+00   0.0000E+00  0.0000
   8.5007E+00   8.7506E+00   0.0000E+00  0.0000
   8.7506E+00   9.0006E+00   0.0000E+00  0.0000
   9.0006E+00   9.2506E+00   0.0000E+00  0.0000
   9.2506E+00   9.5006E+00   0.0000E+00  0.0000
   9.5006E+00   9.7506E+00   0.0000E+00  0.0000
   9.7506E+00   1.0001E+01   0.0000E+00  0.0000
   1.0001E+01   1.0251E+01   0.0000E+00  0.0000
   1.0251E+01   1.0501E+01   0.0000E+00  0.0000
   1.0501E+01   1.0751E+01   0.0000E+00  0.0000
   1.0751E+01   1.1001E+01   0.0000E+00  0.0000
   1.1001E+01   1.1251E+01   0.0000E+00  0.0000
   1.1251E+01   1.1501E+01   0.0000E+00  0.0000
   1.1501E+01   1.1751E+01   0.0000E+00  0.0000
   1.1751E+01   1.2001E+01   0.0000E+00  0.0000
   1.2001E+01   1.2251E+01   0.0000E+00  0.0000
   1.2251E+01   1.2500E+01   0.0000E+00  0.0000
   1.2500E+01   1.2750E+01   0.0000E+00  0.0000
   1.2750E+01   1.3000E+01   0.0000E+00  0.0000
   1.3000E+01   1.3250E+01   0.0000E+00  0.0000
   1.3250E+01   1.3500E+01   0.0000E+00  0.0000
   1.3500E+01   1.3750E+01   0.0000E+00  0.0000
   1.3750E+01   1.4000E+01   0.0000E+00  0.0000
   1.4000E+01   1.4250E+01   0.0000E+00  0.0000
   1.4250E+01   1.4500E+01   0.0000E+00  0.0000
   1.4500E+01   1.4750E+01   0.0000E+00  0.0000
   1.4750E+01   1.5000E+01   0.0000E+00  0.0000
   1.5000E+01   1.5250E+01   0.0000E+00  0.0000
   1.5250E+01   1.5500E+01   0.0000E+00  0.0000
   1.5500E+01   1.5750E+01   0.0000E+00  0.0000
   1.5750E+01   1.6000E+01   0.0000E+00  0.0000
   1.6000E+01   1.6250E+01   0.0000E+00  0.0000
   1.6250E+01   1.6500E+01   0.0000E+00  0.0000
   1.6500E+01   1.6750E+01   0.0000E+00  0.0000
   1.6750E+01   1.7000E+01   0.0000E+00  0.0000
   1.7000E+01   1.7250E+01   0.0000E+00  0.0000
   1.7250E+01   1.7500E+01   0.0000E+00  0.0000
   1.7500E+01   1.7750E+01   0.0000E+00  0.0000
   1.7750E+01   1.8000E+01   0.0000E+00  0.0000
   1.8000E+01   1.8250E+01   0.0000E+00  0.0000
   1.8250E+01   1.8500E+01   0.0000E+00  0.0000
   1.8500E+01   1.8750E+01   0.0000E+00  0.0000
   1.8750E+01   1.9000E+01   0.0000E+00  0.0000
   1.9000E+01   1.9250E+01   0.0000E+00  0.0000
   1.9250E+01   1.9500E+01   0.0000E+00  0.0000
   1.9500E+01   1.9750E+01   0.0000E+00  0.0000
   1.9750E+01   2.0000E+01   0.0000E+00  0.0000
   2.0000E+01   2.0250E+01   0.0000E+00  0.0000
   2.0250E+01   2.0500E+01   0.0000E+00  0.0000
   2.0500E+01   2.0750E+01   0.0000E+00  0.0000
   2.0750E+01   2.1000E+01   0.0000E+00  0.0000
   2.1000E+01   2.1250E+01   0.0000E+00  0.0000
   2.1250E+01   2.1500E+01   0.0000E+00  0.0000
   2.1500E+01   2.1750E+01   0.0000E+00  0.0000
   2.1750E+01   2.2000E+01   0.0000E+00  0.0000
   2.2000E+01   2.2250E+01   0.0000E+00  0.0000
   2.2250E+01   2.2500E+01   0.0000E+00  0.0000
   2.2500E+01   2.2750E+01   0.0000E+00  0.0000
   2.2750E+01   2.3000E+01   0.0000E+00  0.0000
   2.3000E+01   2.3250E+01   0.0000E+00  0.0000
   2.3250E+01   2.3500E+01   0.0000E+00  0.0000
   2.3500E+01   2.3750E+01   0.0000E+00  0.0000
   2.3750E+01   2.4000E+01   0.0000E+00  0.0000
   2.4000E+01   2.4250E+01   0.0000E+00  0.0000
   2.4250E+01   2.4500E+01   0.0000E+00  0.0000
   2.4500E+01   2.4750E+01   0.0000E+00  0.0000
   2.4750E+01   2.5000E+01   0.0000E+00  0.0000

#   sum over                 2.0561E+06  0.0016
'no. =    6   reg = 7015 - 7016'
msuc: {\huge Proton energy spectra through CR39 interfaces}
msdr: {\it plotted by \ANGEL \version}
msdl: {\it calculated by \PHITS  3.36}
wt: s(0.7)
\vspace{-3}
  region surface crossing
  area  &=&   1.0000E+00 [cm^2]
e:

#------------------------------------------------------------------------------
 newpage:
#   no. =    7   reg = 7016 - 7017

x: Energy [MeV/n]
y:  F-Curr [1/cm^2/(MeV/n)/source]         
p: xlin ylog afac(0.8) form(0.9)
h: n            x            y(proton  ),hh0l n 
#  e-lower      e-upper        proton    r.err 
   1.0000E-03   2.5099E-01   6.2018E+05  0.0284
   2.5099E-01   5.0098E-01   7.6050E+05  0.0256
   5.0098E-01   7.5097E-01   9.4775E+05  0.0230
   7.5097E-01   1.0010E+00   1.0561E+06  0.0217
   1.0010E+00   1.2509E+00   1.1700E+06  0.0207
   1.2509E+00   1.5009E+00   1.4880E+06  0.0183
   1.5009E+00   1.7509E+00   2.0413E+06  0.0156
   1.7509E+00   2.0009E+00   3.2262E+06  0.0124
   2.0009E+00   2.2509E+00   5.1987E+06  0.0098
   2.2509E+00   2.5009E+00   8.3071E+06  0.0078
   2.5009E+00   2.7509E+00   1.2377E+07  0.0064
   2.7509E+00   3.0009E+00   1.6428E+07  0.0055
   3.0009E+00   3.2509E+00   1.9198E+07  0.0051
   3.2509E+00   3.5009E+00   1.9003E+07  0.0051
   3.5009E+00   3.7508E+00   1.5193E+07  0.0057
   3.7508E+00   4.0008E+00   9.9574E+06  0.0071
   4.0008E+00   4.2508E+00   4.8331E+06  0.0102
   4.2508E+00   4.5008E+00   1.8366E+06  0.0165
   4.5008E+00   4.7508E+00   5.1083E+05  0.0313
   4.7508E+00   5.0008E+00   1.1735E+05  0.0652
   5.0008E+00   5.2508E+00   3.2457E+04  0.1240
   5.2508E+00   5.5008E+00   1.1485E+04  0.2085
   5.5008E+00   5.7508E+00   1.9974E+03  0.5000
   5.7508E+00   6.0008E+00   0.0000E+00  0.0000
   6.0008E+00   6.2508E+00   0.0000E+00  0.0000
   6.2508E+00   6.5007E+00   0.0000E+00  0.0000
   6.5007E+00   6.7507E+00   0.0000E+00  0.0000
   6.7507E+00   7.0007E+00   0.0000E+00  0.0000
   7.0007E+00   7.2507E+00   0.0000E+00  0.0000
   7.2507E+00   7.5007E+00   0.0000E+00  0.0000
   7.5007E+00   7.7507E+00   0.0000E+00  0.0000
   7.7507E+00   8.0007E+00   0.0000E+00  0.0000
   8.0007E+00   8.2507E+00   0.0000E+00  0.0000
   8.2507E+00   8.5007E+00   0.0000E+00  0.0000
   8.5007E+00   8.7506E+00   0.0000E+00  0.0000
   8.7506E+00   9.0006E+00   0.0000E+00  0.0000
   9.0006E+00   9.2506E+00   0.0000E+00  0.0000
   9.2506E+00   9.5006E+00   0.0000E+00  0.0000
   9.5006E+00   9.7506E+00   0.0000E+00  0.0000
   9.7506E+00   1.0001E+01   0.0000E+00  0.0000
   1.0001E+01   1.0251E+01   0.0000E+00  0.0000
   1.0251E+01   1.0501E+01   0.0000E+00  0.0000
   1.0501E+01   1.0751E+01   0.0000E+00  0.0000
   1.0751E+01   1.1001E+01   0.0000E+00  0.0000
   1.1001E+01   1.1251E+01   0.0000E+00  0.0000
   1.1251E+01   1.1501E+01   0.0000E+00  0.0000
   1.1501E+01   1.1751E+01   0.0000E+00  0.0000
   1.1751E+01   1.2001E+01   0.0000E+00  0.0000
   1.2001E+01   1.2251E+01   0.0000E+00  0.0000
   1.2251E+01   1.2500E+01   0.0000E+00  0.0000
   1.2500E+01   1.2750E+01   0.0000E+00  0.0000
   1.2750E+01   1.3000E+01   0.0000E+00  0.0000
   1.3000E+01   1.3250E+01   0.0000E+00  0.0000
   1.3250E+01   1.3500E+01   0.0000E+00  0.0000
   1.3500E+01   1.3750E+01   0.0000E+00  0.0000
   1.3750E+01   1.4000E+01   0.0000E+00  0.0000
   1.4000E+01   1.4250E+01   0.0000E+00  0.0000
   1.4250E+01   1.4500E+01   0.0000E+00  0.0000
   1.4500E+01   1.4750E+01   0.0000E+00  0.0000
   1.4750E+01   1.5000E+01   0.0000E+00  0.0000
   1.5000E+01   1.5250E+01   0.0000E+00  0.0000
   1.5250E+01   1.5500E+01   0.0000E+00  0.0000
   1.5500E+01   1.5750E+01   0.0000E+00  0.0000
   1.5750E+01   1.6000E+01   0.0000E+00  0.0000
   1.6000E+01   1.6250E+01   0.0000E+00  0.0000
   1.6250E+01   1.6500E+01   0.0000E+00  0.0000
   1.6500E+01   1.6750E+01   0.0000E+00  0.0000
   1.6750E+01   1.7000E+01   0.0000E+00  0.0000
   1.7000E+01   1.7250E+01   0.0000E+00  0.0000
   1.7250E+01   1.7500E+01   0.0000E+00  0.0000
   1.7500E+01   1.7750E+01   0.0000E+00  0.0000
   1.7750E+01   1.8000E+01   0.0000E+00  0.0000
   1.8000E+01   1.8250E+01   0.0000E+00  0.0000
   1.8250E+01   1.8500E+01   0.0000E+00  0.0000
   1.8500E+01   1.8750E+01   0.0000E+00  0.0000
   1.8750E+01   1.9000E+01   0.0000E+00  0.0000
   1.9000E+01   1.9250E+01   0.0000E+00  0.0000
   1.9250E+01   1.9500E+01   0.0000E+00  0.0000
   1.9500E+01   1.9750E+01   0.0000E+00  0.0000
   1.9750E+01   2.0000E+01   0.0000E+00  0.0000
   2.0000E+01   2.0250E+01   0.0000E+00  0.0000
   2.0250E+01   2.0500E+01   0.0000E+00  0.0000
   2.0500E+01   2.0750E+01   0.0000E+00  0.0000
   2.0750E+01   2.1000E+01   0.0000E+00  0.0000
   2.1000E+01   2.1250E+01   0.0000E+00  0.0000
   2.1250E+01   2.1500E+01   0.0000E+00  0.0000
   2.1500E+01   2.1750E+01   0.0000E+00  0.0000
   2.1750E+01   2.2000E+01   0.0000E+00  0.0000
   2.2000E+01   2.2250E+01   0.0000E+00  0.0000
   2.2250E+01   2.2500E+01   0.0000E+00  0.0000
   2.2500E+01   2.2750E+01   0.0000E+00  0.0000
   2.2750E+01   2.3000E+01   0.0000E+00  0.0000
   2.3000E+01   2.3250E+01   0.0000E+00  0.0000
   2.3250E+01   2.3500E+01   0.0000E+00  0.0000
   2.3500E+01   2.3750E+01   0.0000E+00  0.0000
   2.3750E+01   2.4000E+01   0.0000E+00  0.0000
   2.4000E+01   2.4250E+01   0.0000E+00  0.0000
   2.4250E+01   2.4500E+01   0.0000E+00  0.0000
   2.4500E+01   2.4750E+01   0.0000E+00  0.0000
   2.4750E+01   2.5000E+01   0.0000E+00  0.0000

#   sum over                 1.2432E+06  0.0020
'no. =    7   reg = 7016 - 7017'
msuc: {\huge Proton energy spectra through CR39 interfaces}
msdr: {\it plotted by \ANGEL \version}
msdl: {\it calculated by \PHITS  3.36}
wt: s(0.7)
\vspace{-3}
  region surface crossing
  area  &=&   1.0000E+00 [cm^2]
e:

#------------------------------------------------------------------------------
 newpage:
#   no. =    8   reg = 7017 - 7018

x: Energy [MeV/n]
y:  F-Curr [1/cm^2/(MeV/n)/source]         
p: xlin ylog afac(0.8) form(0.9)
h: n            x            y(proton  ),hh0l n 
#  e-lower      e-upper        proton    r.err 
   1.0000E-03   2.5099E-01   2.7464E+04  0.1348
   2.5099E-01   5.0098E-01   3.4455E+04  0.1204
   5.0098E-01   7.5097E-01   3.9947E+04  0.1118
   7.5097E-01   1.0010E+00   3.3456E+04  0.1222
   1.0010E+00   1.2509E+00   2.0972E+04  0.1543
   1.2509E+00   1.5009E+00   1.8975E+04  0.1622
   1.5009E+00   1.7509E+00   1.3482E+04  0.1925
   1.7509E+00   2.0009E+00   5.9921E+03  0.2887
   2.0009E+00   2.2509E+00   4.4941E+03  0.3333
   2.2509E+00   2.5009E+00   3.4954E+03  0.3780
   2.5009E+00   2.7509E+00   1.4980E+03  0.5774
   2.7509E+00   3.0009E+00   9.9868E+02  0.7071
   3.0009E+00   3.2509E+00   0.0000E+00  0.0000
   3.2509E+00   3.5009E+00   0.0000E+00  0.0000
   3.5009E+00   3.7508E+00   0.0000E+00  0.0000
   3.7508E+00   4.0008E+00   0.0000E+00  0.0000
   4.0008E+00   4.2508E+00   0.0000E+00  0.0000
   4.2508E+00   4.5008E+00   0.0000E+00  0.0000
   4.5008E+00   4.7508E+00   0.0000E+00  0.0000
   4.7508E+00   5.0008E+00   0.0000E+00  0.0000
   5.0008E+00   5.2508E+00   0.0000E+00  0.0000
   5.2508E+00   5.5008E+00   0.0000E+00  0.0000
   5.5008E+00   5.7508E+00   0.0000E+00  0.0000
   5.7508E+00   6.0008E+00   0.0000E+00  0.0000
   6.0008E+00   6.2508E+00   0.0000E+00  0.0000
   6.2508E+00   6.5007E+00   0.0000E+00  0.0000
   6.5007E+00   6.7507E+00   0.0000E+00  0.0000
   6.7507E+00   7.0007E+00   0.0000E+00  0.0000
   7.0007E+00   7.2507E+00   0.0000E+00  0.0000
   7.2507E+00   7.5007E+00   0.0000E+00  0.0000
   7.5007E+00   7.7507E+00   0.0000E+00  0.0000
   7.7507E+00   8.0007E+00   0.0000E+00  0.0000
   8.0007E+00   8.2507E+00   0.0000E+00  0.0000
   8.2507E+00   8.5007E+00   0.0000E+00  0.0000
   8.5007E+00   8.7506E+00   0.0000E+00  0.0000
   8.7506E+00   9.0006E+00   0.0000E+00  0.0000
   9.0006E+00   9.2506E+00   0.0000E+00  0.0000
   9.2506E+00   9.5006E+00   0.0000E+00  0.0000
   9.5006E+00   9.7506E+00   0.0000E+00  0.0000
   9.7506E+00   1.0001E+01   0.0000E+00  0.0000
   1.0001E+01   1.0251E+01   0.0000E+00  0.0000
   1.0251E+01   1.0501E+01   0.0000E+00  0.0000
   1.0501E+01   1.0751E+01   0.0000E+00  0.0000
   1.0751E+01   1.1001E+01   0.0000E+00  0.0000
   1.1001E+01   1.1251E+01   0.0000E+00  0.0000
   1.1251E+01   1.1501E+01   0.0000E+00  0.0000
   1.1501E+01   1.1751E+01   0.0000E+00  0.0000
   1.1751E+01   1.2001E+01   0.0000E+00  0.0000
   1.2001E+01   1.2251E+01   0.0000E+00  0.0000
   1.2251E+01   1.2500E+01   0.0000E+00  0.0000
   1.2500E+01   1.2750E+01   0.0000E+00  0.0000
   1.2750E+01   1.3000E+01   0.0000E+00  0.0000
   1.3000E+01   1.3250E+01   0.0000E+00  0.0000
   1.3250E+01   1.3500E+01   0.0000E+00  0.0000
   1.3500E+01   1.3750E+01   0.0000E+00  0.0000
   1.3750E+01   1.4000E+01   0.0000E+00  0.0000
   1.4000E+01   1.4250E+01   0.0000E+00  0.0000
   1.4250E+01   1.4500E+01   0.0000E+00  0.0000
   1.4500E+01   1.4750E+01   0.0000E+00  0.0000
   1.4750E+01   1.5000E+01   0.0000E+00  0.0000
   1.5000E+01   1.5250E+01   0.0000E+00  0.0000
   1.5250E+01   1.5500E+01   0.0000E+00  0.0000
   1.5500E+01   1.5750E+01   0.0000E+00  0.0000
   1.5750E+01   1.6000E+01   0.0000E+00  0.0000
   1.6000E+01   1.6250E+01   0.0000E+00  0.0000
   1.6250E+01   1.6500E+01   0.0000E+00  0.0000
   1.6500E+01   1.6750E+01   0.0000E+00  0.0000
   1.6750E+01   1.7000E+01   0.0000E+00  0.0000
   1.7000E+01   1.7250E+01   0.0000E+00  0.0000
   1.7250E+01   1.7500E+01   0.0000E+00  0.0000
   1.7500E+01   1.7750E+01   0.0000E+00  0.0000
   1.7750E+01   1.8000E+01   0.0000E+00  0.0000
   1.8000E+01   1.8250E+01   0.0000E+00  0.0000
   1.8250E+01   1.8500E+01   0.0000E+00  0.0000
   1.8500E+01   1.8750E+01   0.0000E+00  0.0000
   1.8750E+01   1.9000E+01   0.0000E+00  0.0000
   1.9000E+01   1.9250E+01   0.0000E+00  0.0000
   1.9250E+01   1.9500E+01   0.0000E+00  0.0000
   1.9500E+01   1.9750E+01   0.0000E+00  0.0000
   1.9750E+01   2.0000E+01   0.0000E+00  0.0000
   2.0000E+01   2.0250E+01   0.0000E+00  0.0000
   2.0250E+01   2.0500E+01   0.0000E+00  0.0000
   2.0500E+01   2.0750E+01   0.0000E+00  0.0000
   2.0750E+01   2.1000E+01   0.0000E+00  0.0000
   2.1000E+01   2.1250E+01   0.0000E+00  0.0000
   2.1250E+01   2.1500E+01   0.0000E+00  0.0000
   2.1500E+01   2.1750E+01   0.0000E+00  0.0000
   2.1750E+01   2.2000E+01   0.0000E+00  0.0000
   2.2000E+01   2.2250E+01   0.0000E+00  0.0000
   2.2250E+01   2.2500E+01   0.0000E+00  0.0000
   2.2500E+01   2.2750E+01   0.0000E+00  0.0000
   2.2750E+01   2.3000E+01   0.0000E+00  0.0000
   2.3000E+01   2.3250E+01   0.0000E+00  0.0000
   2.3250E+01   2.3500E+01   0.0000E+00  0.0000
   2.3500E+01   2.3750E+01   0.0000E+00  0.0000
   2.3750E+01   2.4000E+01   0.0000E+00  0.0000
   2.4000E+01   2.4250E+01   0.0000E+00  0.0000
   2.4250E+01   2.4500E+01   0.0000E+00  0.0000
   2.4500E+01   2.4750E+01   0.0000E+00  0.0000
   2.4750E+01   2.5000E+01   0.0000E+00  0.0000

#   sum over                 2.0523E+03  0.0493
'no. =    8   reg = 7017 - 7018'
msuc: {\huge Proton energy spectra through CR39 interfaces}
msdr: {\it plotted by \ANGEL \version}
msdl: {\it calculated by \PHITS  3.36}
wt: s(0.7)
\vspace{-3}
  region surface crossing
  area  &=&   1.0000E+00 [cm^2]
e:

#------------------------------------------------------------------------------
 newpage:
#   no. =    9   reg = 7018 - 6003

x: Energy [MeV/n]
y:  F-Curr [1/cm^2/(MeV/n)/source]         
p: xlin ylog afac(0.8) form(0.9)
h: n            x            y(proton  ),hh0l n 
#  e-lower      e-upper        proton    r.err 
   1.0000E-03   2.5099E-01   0.0000E+00  0.0000
   2.5099E-01   5.0098E-01   0.0000E+00  0.0000
   5.0098E-01   7.5097E-01   0.0000E+00  0.0000
   7.5097E-01   1.0010E+00   0.0000E+00  0.0000
   1.0010E+00   1.2509E+00   0.0000E+00  0.0000
   1.2509E+00   1.5009E+00   0.0000E+00  0.0000
   1.5009E+00   1.7509E+00   0.0000E+00  0.0000
   1.7509E+00   2.0009E+00   0.0000E+00  0.0000
   2.0009E+00   2.2509E+00   0.0000E+00  0.0000
   2.2509E+00   2.5009E+00   0.0000E+00  0.0000
   2.5009E+00   2.7509E+00   0.0000E+00  0.0000
   2.7509E+00   3.0009E+00   0.0000E+00  0.0000
   3.0009E+00   3.2509E+00   0.0000E+00  0.0000
   3.2509E+00   3.5009E+00   0.0000E+00  0.0000
   3.5009E+00   3.7508E+00   0.0000E+00  0.0000
   3.7508E+00   4.0008E+00   0.0000E+00  0.0000
   4.0008E+00   4.2508E+00   0.0000E+00  0.0000
   4.2508E+00   4.5008E+00   0.0000E+00  0.0000
   4.5008E+00   4.7508E+00   0.0000E+00  0.0000
   4.7508E+00   5.0008E+00   0.0000E+00  0.0000
   5.0008E+00   5.2508E+00   0.0000E+00  0.0000
   5.2508E+00   5.5008E+00   0.0000E+00  0.0000
   5.5008E+00   5.7508E+00   0.0000E+00  0.0000
   5.7508E+00   6.0008E+00   0.0000E+00  0.0000
   6.0008E+00   6.2508E+00   0.0000E+00  0.0000
   6.2508E+00   6.5007E+00   0.0000E+00  0.0000
   6.5007E+00   6.7507E+00   0.0000E+00  0.0000
   6.7507E+00   7.0007E+00   0.0000E+00  0.0000
   7.0007E+00   7.2507E+00   0.0000E+00  0.0000
   7.2507E+00   7.5007E+00   0.0000E+00  0.0000
   7.5007E+00   7.7507E+00   0.0000E+00  0.0000
   7.7507E+00   8.0007E+00   0.0000E+00  0.0000
   8.0007E+00   8.2507E+00   0.0000E+00  0.0000
   8.2507E+00   8.5007E+00   0.0000E+00  0.0000
   8.5007E+00   8.7506E+00   0.0000E+00  0.0000
   8.7506E+00   9.0006E+00   0.0000E+00  0.0000
   9.0006E+00   9.2506E+00   0.0000E+00  0.0000
   9.2506E+00   9.5006E+00   0.0000E+00  0.0000
   9.5006E+00   9.7506E+00   0.0000E+00  0.0000
   9.7506E+00   1.0001E+01   0.0000E+00  0.0000
   1.0001E+01   1.0251E+01   0.0000E+00  0.0000
   1.0251E+01   1.0501E+01   0.0000E+00  0.0000
   1.0501E+01   1.0751E+01   0.0000E+00  0.0000
   1.0751E+01   1.1001E+01   0.0000E+00  0.0000
   1.1001E+01   1.1251E+01   0.0000E+00  0.0000
   1.1251E+01   1.1501E+01   0.0000E+00  0.0000
   1.1501E+01   1.1751E+01   0.0000E+00  0.0000
   1.1751E+01   1.2001E+01   0.0000E+00  0.0000
   1.2001E+01   1.2251E+01   0.0000E+00  0.0000
   1.2251E+01   1.2500E+01   0.0000E+00  0.0000
   1.2500E+01   1.2750E+01   0.0000E+00  0.0000
   1.2750E+01   1.3000E+01   0.0000E+00  0.0000
   1.3000E+01   1.3250E+01   0.0000E+00  0.0000
   1.3250E+01   1.3500E+01   0.0000E+00  0.0000
   1.3500E+01   1.3750E+01   0.0000E+00  0.0000
   1.3750E+01   1.4000E+01   0.0000E+00  0.0000
   1.4000E+01   1.4250E+01   0.0000E+00  0.0000
   1.4250E+01   1.4500E+01   0.0000E+00  0.0000
   1.4500E+01   1.4750E+01   0.0000E+00  0.0000
   1.4750E+01   1.5000E+01   0.0000E+00  0.0000
   1.5000E+01   1.5250E+01   0.0000E+00  0.0000
   1.5250E+01   1.5500E+01   0.0000E+00  0.0000
   1.5500E+01   1.5750E+01   0.0000E+00  0.0000
   1.5750E+01   1.6000E+01   0.0000E+00  0.0000
   1.6000E+01   1.6250E+01   0.0000E+00  0.0000
   1.6250E+01   1.6500E+01   0.0000E+00  0.0000
   1.6500E+01   1.6750E+01   0.0000E+00  0.0000
   1.6750E+01   1.7000E+01   0.0000E+00  0.0000
   1.7000E+01   1.7250E+01   0.0000E+00  0.0000
   1.7250E+01   1.7500E+01   0.0000E+00  0.0000
   1.7500E+01   1.7750E+01   0.0000E+00  0.0000
   1.7750E+01   1.8000E+01   0.0000E+00  0.0000
   1.8000E+01   1.8250E+01   0.0000E+00  0.0000
   1.8250E+01   1.8500E+01   0.0000E+00  0.0000
   1.8500E+01   1.8750E+01   0.0000E+00  0.0000
   1.8750E+01   1.9000E+01   0.0000E+00  0.0000
   1.9000E+01   1.9250E+01   0.0000E+00  0.0000
   1.9250E+01   1.9500E+01   0.0000E+00  0.0000
   1.9500E+01   1.9750E+01   0.0000E+00  0.0000
   1.9750E+01   2.0000E+01   0.0000E+00  0.0000
   2.0000E+01   2.0250E+01   0.0000E+00  0.0000
   2.0250E+01   2.0500E+01   0.0000E+00  0.0000
   2.0500E+01   2.0750E+01   0.0000E+00  0.0000
   2.0750E+01   2.1000E+01   0.0000E+00  0.0000
   2.1000E+01   2.1250E+01   0.0000E+00  0.0000
   2.1250E+01   2.1500E+01   0.0000E+00  0.0000
   2.1500E+01   2.1750E+01   0.0000E+00  0.0000
   2.1750E+01   2.2000E+01   0.0000E+00  0.0000
   2.2000E+01   2.2250E+01   0.0000E+00  0.0000
   2.2250E+01   2.2500E+01   0.0000E+00  0.0000
   2.2500E+01   2.2750E+01   0.0000E+00  0.0000
   2.2750E+01   2.3000E+01   0.0000E+00  0.0000
   2.3000E+01   2.3250E+01   0.0000E+00  0.0000
   2.3250E+01   2.3500E+01   0.0000E+00  0.0000
   2.3500E+01   2.3750E+01   0.0000E+00  0.0000
   2.3750E+01   2.4000E+01   0.0000E+00  0.0000
   2.4000E+01   2.4250E+01   0.0000E+00  0.0000
   2.4250E+01   2.4500E+01   0.0000E+00  0.0000
   2.4500E+01   2.4750E+01   0.0000E+00  0.0000
   2.4750E+01   2.5000E+01   0.0000E+00  0.0000

#   sum over                 0.0000E+00  0.0000
'no. =    9   reg = 7018 - 6003'
msuc: {\huge Proton energy spectra through CR39 interfaces}
msdr: {\it plotted by \ANGEL \version}
msdl: {\it calculated by \PHITS  3.36}
wt: s(0.7)
\vspace{-3}
  region surface crossing
  area  &=&   1.0000E+00 [cm^2]
e:

#------------------------------------------------------------------------------
 newpage:
#   no. =   10   reg = 600 - 7021

x: Energy [MeV/n]
y:  F-Curr [1/cm^2/(MeV/n)/source]         
p: xlin ylog afac(0.8) form(0.9)
h: n            x            y(proton  ),hh0l n 
#  e-lower      e-upper        proton    r.err 
   1.0000E-03   2.5099E-01   2.3319E+05  0.0463
   2.5099E-01   5.0098E-01   2.5217E+05  0.0445
   5.0098E-01   7.5097E-01   2.9761E+05  0.0410
   7.5097E-01   1.0010E+00   2.9761E+05  0.0410
   1.0010E+00   1.2509E+00   3.0560E+05  0.0404
   1.2509E+00   1.5009E+00   2.9112E+05  0.0414
   1.5009E+00   1.7509E+00   3.6502E+05  0.0370
   1.7509E+00   2.0009E+00   5.2581E+05  0.0308
   2.0009E+00   2.2509E+00   8.8134E+05  0.0238
   2.2509E+00   2.5009E+00   1.5125E+06  0.0182
   2.5009E+00   2.7509E+00   2.3569E+06  0.0146
   2.7509E+00   3.0009E+00   3.3346E+06  0.0122
   3.0009E+00   3.2509E+00   4.2304E+06  0.0109
   3.2509E+00   3.5009E+00   4.3068E+06  0.0108
   3.5009E+00   3.7508E+00   3.6322E+06  0.0117
   3.7508E+00   4.0008E+00   2.3339E+06  0.0146
   4.0008E+00   4.2508E+00   1.2184E+06  0.0202
   4.2508E+00   4.5008E+00   8.1493E+05  0.0248
   4.5008E+00   4.7508E+00   1.4181E+06  0.0188
   4.7508E+00   5.0008E+00   3.1084E+06  0.0127
   5.0008E+00   5.2508E+00   5.4104E+06  0.0096
   5.2508E+00   5.5008E+00   6.6168E+06  0.0087
   5.5008E+00   5.7508E+00   5.4583E+06  0.0096
   5.7508E+00   6.0008E+00   2.8323E+06  0.0133
   6.0008E+00   6.2508E+00   1.3412E+06  0.0193
   6.2508E+00   6.5007E+00   1.9854E+06  0.0159
   6.5007E+00   6.7507E+00   4.8781E+06  0.0101
   6.7507E+00   7.0007E+00   8.0534E+06  0.0079
   7.0007E+00   7.2507E+00   7.4412E+06  0.0082
   7.2507E+00   7.5007E+00   3.8699E+06  0.0114
   7.5007E+00   7.7507E+00   1.7797E+06  0.0168
   7.7507E+00   8.0007E+00   3.9458E+06  0.0112
   8.0007E+00   8.2507E+00   9.5594E+06  0.0072
   8.2507E+00   8.5007E+00   1.1835E+07  0.0065
   8.5007E+00   8.7506E+00   6.8085E+06  0.0086
   8.7506E+00   9.0006E+00   2.5876E+06  0.0139
   9.0006E+00   9.2506E+00   5.4743E+06  0.0095
   9.2506E+00   9.5006E+00   1.4043E+07  0.0060
   9.5006E+00   9.7506E+00   1.5185E+07  0.0057
   9.7506E+00   1.0001E+01   6.6732E+06  0.0086
   1.0001E+01   1.0251E+01   4.2978E+06  0.0108
   1.0251E+01   1.0501E+01   1.5123E+07  0.0057
   1.0501E+01   1.0751E+01   2.5399E+07  0.0044
   1.0751E+01   1.1001E+01   1.4390E+07  0.0059
   1.1001E+01   1.1251E+01   6.5224E+06  0.0087
   1.1251E+01   1.1501E+01   2.7134E+07  0.0043
   1.1501E+01   1.1751E+01   5.4371E+07  0.0030
   1.1751E+01   1.2001E+01   2.7383E+07  0.0043
   1.2001E+01   1.2251E+01   2.8188E+06  0.0133
   1.2251E+01   1.2500E+01   2.9961E+04  0.1291
   1.2500E+01   1.2750E+01   4.9934E+02  1.0000
   1.2750E+01   1.3000E+01   0.0000E+00  0.0000
   1.3000E+01   1.3250E+01   0.0000E+00  0.0000
   1.3250E+01   1.3500E+01   0.0000E+00  0.0000
   1.3500E+01   1.3750E+01   0.0000E+00  0.0000
   1.3750E+01   1.4000E+01   0.0000E+00  0.0000
   1.4000E+01   1.4250E+01   0.0000E+00  0.0000
   1.4250E+01   1.4500E+01   0.0000E+00  0.0000
   1.4500E+01   1.4750E+01   0.0000E+00  0.0000
   1.4750E+01   1.5000E+01   0.0000E+00  0.0000
   1.5000E+01   1.5250E+01   0.0000E+00  0.0000
   1.5250E+01   1.5500E+01   0.0000E+00  0.0000
   1.5500E+01   1.5750E+01   0.0000E+00  0.0000
   1.5750E+01   1.6000E+01   0.0000E+00  0.0000
   1.6000E+01   1.6250E+01   0.0000E+00  0.0000
   1.6250E+01   1.6500E+01   0.0000E+00  0.0000
   1.6500E+01   1.6750E+01   0.0000E+00  0.0000
   1.6750E+01   1.7000E+01   0.0000E+00  0.0000
   1.7000E+01   1.7250E+01   0.0000E+00  0.0000
   1.7250E+01   1.7500E+01   0.0000E+00  0.0000
   1.7500E+01   1.7750E+01   0.0000E+00  0.0000
   1.7750E+01   1.8000E+01   0.0000E+00  0.0000
   1.8000E+01   1.8250E+01   0.0000E+00  0.0000
   1.8250E+01   1.8500E+01   0.0000E+00  0.0000
   1.8500E+01   1.8750E+01   0.0000E+00  0.0000
   1.8750E+01   1.9000E+01   0.0000E+00  0.0000
   1.9000E+01   1.9250E+01   0.0000E+00  0.0000
   1.9250E+01   1.9500E+01   0.0000E+00  0.0000
   1.9500E+01   1.9750E+01   0.0000E+00  0.0000
   1.9750E+01   2.0000E+01   0.0000E+00  0.0000
   2.0000E+01   2.0250E+01   0.0000E+00  0.0000
   2.0250E+01   2.0500E+01   0.0000E+00  0.0000
   2.0500E+01   2.0750E+01   0.0000E+00  0.0000
   2.0750E+01   2.1000E+01   0.0000E+00  0.0000
   2.1000E+01   2.1250E+01   0.0000E+00  0.0000
   2.1250E+01   2.1500E+01   0.0000E+00  0.0000
   2.1500E+01   2.1750E+01   0.0000E+00  0.0000
   2.1750E+01   2.2000E+01   0.0000E+00  0.0000
   2.2000E+01   2.2250E+01   0.0000E+00  0.0000
   2.2250E+01   2.2500E+01   0.0000E+00  0.0000
   2.2500E+01   2.2750E+01   0.0000E+00  0.0000
   2.2750E+01   2.3000E+01   0.0000E+00  0.0000
   2.3000E+01   2.3250E+01   0.0000E+00  0.0000
   2.3250E+01   2.3500E+01   0.0000E+00  0.0000
   2.3500E+01   2.3750E+01   0.0000E+00  0.0000
   2.3750E+01   2.4000E+01   0.0000E+00  0.0000
   2.4000E+01   2.4250E+01   0.0000E+00  0.0000
   2.4250E+01   2.4500E+01   0.0000E+00  0.0000
   2.4500E+01   2.4750E+01   0.0000E+00  0.0000
   2.4750E+01   2.5000E+01   0.0000E+00  0.0000

#   sum over                 3.3496E+06  0.0012
'no. =   10   reg = 600 - 7021'
msuc: {\huge Proton energy spectra through CR39 interfaces}
msdr: {\it plotted by \ANGEL \version}
msdl: {\it calculated by \PHITS  3.36}
wt: s(0.7)
\vspace{-3}
  region surface crossing
  area  &=&   1.0000E+00 [cm^2]
e:

#------------------------------------------------------------------------------
 newpage:
#   no. =   11   reg = 7021 - 7022

x: Energy [MeV/n]
y:  F-Curr [1/cm^2/(MeV/n)/source]         
p: xlin ylog afac(0.8) form(0.9)
h: n            x            y(proton  ),hh0l n 
#  e-lower      e-upper        proton    r.err 
   1.0000E-03   2.5099E-01   2.5566E+05  0.0442
   2.5099E-01   5.0098E-01   3.6352E+05  0.0371
   5.0098E-01   7.5097E-01   6.1469E+05  0.0285
   7.5097E-01   1.0010E+00   9.3976E+05  0.0231
   1.0010E+00   1.2509E+00   1.3522E+06  0.0192
   1.2509E+00   1.5009E+00   1.8026E+06  0.0166
   1.5009E+00   1.7509E+00   2.4712E+06  0.0142
   1.7509E+00   2.0009E+00   2.8802E+06  0.0132
   2.0009E+00   2.2509E+00   3.3521E+06  0.0122
   2.2509E+00   2.5009E+00   3.3401E+06  0.0122
   2.5009E+00   2.7509E+00   2.9231E+06  0.0131
   2.7509E+00   3.0009E+00   2.1497E+06  0.0152
   3.0009E+00   3.2509E+00   1.3268E+06  0.0194
   3.2509E+00   3.5009E+00   8.8084E+05  0.0238
   3.5009E+00   3.7508E+00   8.7734E+05  0.0239
   3.7508E+00   4.0008E+00   1.5929E+06  0.0177
   4.0008E+00   4.2508E+00   3.1139E+06  0.0127
   4.2508E+00   4.5008E+00   4.8152E+06  0.0102
   4.5008E+00   4.7508E+00   6.1494E+06  0.0090
   4.7508E+00   5.0008E+00   5.4808E+06  0.0095
   5.0008E+00   5.2508E+00   3.5294E+06  0.0119
   5.2508E+00   5.5008E+00   1.7382E+06  0.0169
   5.5008E+00   5.7508E+00   1.5445E+06  0.0180
   5.7508E+00   6.0008E+00   3.3830E+06  0.0121
   6.0008E+00   6.2508E+00   7.0986E+06  0.0084
   6.2508E+00   6.5007E+00   9.7192E+06  0.0072
   6.5007E+00   6.7507E+00   8.0354E+06  0.0079
   6.7507E+00   7.0007E+00   4.0407E+06  0.0111
   7.0007E+00   7.2507E+00   2.1167E+06  0.0154
   7.2507E+00   7.5007E+00   4.5885E+06  0.0104
   7.5007E+00   7.7507E+00   1.0623E+07  0.0069
   7.7507E+00   8.0007E+00   1.3995E+07  0.0060
   8.0007E+00   8.2507E+00   9.2718E+06  0.0073
   8.2507E+00   8.5007E+00   3.7211E+06  0.0116
   8.5007E+00   8.7506E+00   5.3115E+06  0.0097
   8.7506E+00   9.0006E+00   1.5221E+07  0.0057
   9.0006E+00   9.2506E+00   2.2144E+07  0.0047
   9.2506E+00   9.5006E+00   1.4060E+07  0.0060
   9.5006E+00   9.7506E+00   5.7814E+06  0.0093
   9.7506E+00   1.0001E+01   1.5653E+07  0.0056
   1.0001E+01   1.0251E+01   4.2207E+07  0.0034
   1.0251E+01   1.0501E+01   4.1763E+07  0.0035
   1.0501E+01   1.0751E+01   1.2924E+07  0.0062
   1.0751E+01   1.1001E+01   1.0017E+06  0.0223
   1.1001E+01   1.1251E+01   1.1984E+04  0.2041
   1.1251E+01   1.1501E+01   4.9934E+02  1.0000
   1.1501E+01   1.1751E+01   0.0000E+00  0.0000
   1.1751E+01   1.2001E+01   0.0000E+00  0.0000
   1.2001E+01   1.2251E+01   0.0000E+00  0.0000
   1.2251E+01   1.2500E+01   0.0000E+00  0.0000
   1.2500E+01   1.2750E+01   0.0000E+00  0.0000
   1.2750E+01   1.3000E+01   0.0000E+00  0.0000
   1.3000E+01   1.3250E+01   0.0000E+00  0.0000
   1.3250E+01   1.3500E+01   0.0000E+00  0.0000
   1.3500E+01   1.3750E+01   0.0000E+00  0.0000
   1.3750E+01   1.4000E+01   0.0000E+00  0.0000
   1.4000E+01   1.4250E+01   0.0000E+00  0.0000
   1.4250E+01   1.4500E+01   0.0000E+00  0.0000
   1.4500E+01   1.4750E+01   0.0000E+00  0.0000
   1.4750E+01   1.5000E+01   0.0000E+00  0.0000
   1.5000E+01   1.5250E+01   0.0000E+00  0.0000
   1.5250E+01   1.5500E+01   0.0000E+00  0.0000
   1.5500E+01   1.5750E+01   0.0000E+00  0.0000
   1.5750E+01   1.6000E+01   0.0000E+00  0.0000
   1.6000E+01   1.6250E+01   0.0000E+00  0.0000
   1.6250E+01   1.6500E+01   0.0000E+00  0.0000
   1.6500E+01   1.6750E+01   0.0000E+00  0.0000
   1.6750E+01   1.7000E+01   0.0000E+00  0.0000
   1.7000E+01   1.7250E+01   0.0000E+00  0.0000
   1.7250E+01   1.7500E+01   0.0000E+00  0.0000
   1.7500E+01   1.7750E+01   0.0000E+00  0.0000
   1.7750E+01   1.8000E+01   0.0000E+00  0.0000
   1.8000E+01   1.8250E+01   0.0000E+00  0.0000
   1.8250E+01   1.8500E+01   0.0000E+00  0.0000
   1.8500E+01   1.8750E+01   0.0000E+00  0.0000
   1.8750E+01   1.9000E+01   0.0000E+00  0.0000
   1.9000E+01   1.9250E+01   0.0000E+00  0.0000
   1.9250E+01   1.9500E+01   0.0000E+00  0.0000
   1.9500E+01   1.9750E+01   0.0000E+00  0.0000
   1.9750E+01   2.0000E+01   0.0000E+00  0.0000
   2.0000E+01   2.0250E+01   0.0000E+00  0.0000
   2.0250E+01   2.0500E+01   0.0000E+00  0.0000
   2.0500E+01   2.0750E+01   0.0000E+00  0.0000
   2.0750E+01   2.1000E+01   0.0000E+00  0.0000
   2.1000E+01   2.1250E+01   0.0000E+00  0.0000
   2.1250E+01   2.1500E+01   0.0000E+00  0.0000
   2.1500E+01   2.1750E+01   0.0000E+00  0.0000
   2.1750E+01   2.2000E+01   0.0000E+00  0.0000
   2.2000E+01   2.2250E+01   0.0000E+00  0.0000
   2.2250E+01   2.2500E+01   0.0000E+00  0.0000
   2.2500E+01   2.2750E+01   0.0000E+00  0.0000
   2.2750E+01   2.3000E+01   0.0000E+00  0.0000
   2.3000E+01   2.3250E+01   0.0000E+00  0.0000
   2.3250E+01   2.3500E+01   0.0000E+00  0.0000
   2.3500E+01   2.3750E+01   0.0000E+00  0.0000
   2.3750E+01   2.4000E+01   0.0000E+00  0.0000
   2.4000E+01   2.4250E+01   0.0000E+00  0.0000
   2.4250E+01   2.4500E+01   0.0000E+00  0.0000
   2.4500E+01   2.4750E+01   0.0000E+00  0.0000
   2.4750E+01   2.5000E+01   0.0000E+00  0.0000

#   sum over                 3.0617E+06  0.0013
'no. =   11   reg = 7021 - 7022'
msuc: {\huge Proton energy spectra through CR39 interfaces}
msdr: {\it plotted by \ANGEL \version}
msdl: {\it calculated by \PHITS  3.36}
wt: s(0.7)
\vspace{-3}
  region surface crossing
  area  &=&   1.0000E+00 [cm^2]
e:

#------------------------------------------------------------------------------
 newpage:
#   no. =   12   reg = 7022 - 7023

x: Energy [MeV/n]
y:  F-Curr [1/cm^2/(MeV/n)/source]         
p: xlin ylog afac(0.8) form(0.9)
h: n            x            y(proton  ),hh0l n 
#  e-lower      e-upper        proton    r.err 
   1.0000E-03   2.5099E-01   7.1955E+05  0.0263
   2.5099E-01   5.0098E-01   1.0227E+06  0.0221
   5.0098E-01   7.5097E-01   1.3527E+06  0.0192
   7.5097E-01   1.0010E+00   1.5704E+06  0.0178
   1.0010E+00   1.2509E+00   1.6523E+06  0.0174
   1.2509E+00   1.5009E+00   1.6388E+06  0.0175
   1.5009E+00   1.7509E+00   1.3397E+06  0.0193
   1.7509E+00   2.0009E+00   1.0606E+06  0.0217
   2.0009E+00   2.2509E+00   8.2242E+05  0.0246
   2.2509E+00   2.5009E+00   7.3603E+05  0.0260
   2.5009E+00   2.7509E+00   8.7734E+05  0.0239
   2.7509E+00   3.0009E+00   1.4556E+06  0.0185
   3.0009E+00   3.2509E+00   2.5866E+06  0.0139
   3.2509E+00   3.5009E+00   4.2209E+06  0.0109
   3.5009E+00   3.7508E+00   5.7904E+06  0.0093
   3.7508E+00   4.0008E+00   6.6403E+06  0.0087
   4.0008E+00   4.2508E+00   5.8233E+06  0.0093
   4.2508E+00   4.5008E+00   4.0736E+06  0.0111
   4.5008E+00   4.7508E+00   2.2306E+06  0.0150
   4.7508E+00   5.0008E+00   1.5869E+06  0.0177
   5.0008E+00   5.2508E+00   2.6930E+06  0.0136
   5.2508E+00   5.5008E+00   5.8183E+06  0.0093
   5.5008E+00   5.7508E+00   9.5994E+06  0.0072
   5.7508E+00   6.0008E+00   1.0915E+07  0.0068
   6.0008E+00   6.2508E+00   8.0739E+06  0.0079
   6.2508E+00   6.5007E+00   4.0142E+06  0.0112
   6.5007E+00   6.7507E+00   2.7863E+06  0.0134
   6.7507E+00   7.0007E+00   6.3911E+06  0.0088
   7.0007E+00   7.2507E+00   1.4076E+07  0.0060
   7.2507E+00   7.5007E+00   1.8595E+07  0.0052
   7.5007E+00   7.7507E+00   1.3660E+07  0.0060
   7.7507E+00   8.0007E+00   5.9522E+06  0.0092
   8.0007E+00   8.2507E+00   7.2734E+06  0.0083
   8.2507E+00   8.5007E+00   2.2438E+07  0.0047
   8.5007E+00   8.7506E+00   4.0357E+07  0.0035
   8.7506E+00   9.0006E+00   3.3124E+07  0.0039
   9.0006E+00   9.2506E+00   1.1025E+07  0.0067
   9.2506E+00   9.5006E+00   1.3133E+06  0.0195
   9.5006E+00   9.7506E+00   4.6439E+04  0.1037
   9.7506E+00   1.0001E+01   9.9868E+02  0.7071
   1.0001E+01   1.0251E+01   0.0000E+00  0.0000
   1.0251E+01   1.0501E+01   0.0000E+00  0.0000
   1.0501E+01   1.0751E+01   0.0000E+00  0.0000
   1.0751E+01   1.1001E+01   0.0000E+00  0.0000
   1.1001E+01   1.1251E+01   0.0000E+00  0.0000
   1.1251E+01   1.1501E+01   0.0000E+00  0.0000
   1.1501E+01   1.1751E+01   0.0000E+00  0.0000
   1.1751E+01   1.2001E+01   0.0000E+00  0.0000
   1.2001E+01   1.2251E+01   0.0000E+00  0.0000
   1.2251E+01   1.2500E+01   0.0000E+00  0.0000
   1.2500E+01   1.2750E+01   0.0000E+00  0.0000
   1.2750E+01   1.3000E+01   0.0000E+00  0.0000
   1.3000E+01   1.3250E+01   0.0000E+00  0.0000
   1.3250E+01   1.3500E+01   0.0000E+00  0.0000
   1.3500E+01   1.3750E+01   0.0000E+00  0.0000
   1.3750E+01   1.4000E+01   0.0000E+00  0.0000
   1.4000E+01   1.4250E+01   0.0000E+00  0.0000
   1.4250E+01   1.4500E+01   0.0000E+00  0.0000
   1.4500E+01   1.4750E+01   0.0000E+00  0.0000
   1.4750E+01   1.5000E+01   0.0000E+00  0.0000
   1.5000E+01   1.5250E+01   0.0000E+00  0.0000
   1.5250E+01   1.5500E+01   0.0000E+00  0.0000
   1.5500E+01   1.5750E+01   0.0000E+00  0.0000
   1.5750E+01   1.6000E+01   0.0000E+00  0.0000
   1.6000E+01   1.6250E+01   0.0000E+00  0.0000
   1.6250E+01   1.6500E+01   0.0000E+00  0.0000
   1.6500E+01   1.6750E+01   0.0000E+00  0.0000
   1.6750E+01   1.7000E+01   0.0000E+00  0.0000
   1.7000E+01   1.7250E+01   0.0000E+00  0.0000
   1.7250E+01   1.7500E+01   0.0000E+00  0.0000
   1.7500E+01   1.7750E+01   0.0000E+00  0.0000
   1.7750E+01   1.8000E+01   0.0000E+00  0.0000
   1.8000E+01   1.8250E+01   0.0000E+00  0.0000
   1.8250E+01   1.8500E+01   0.0000E+00  0.0000
   1.8500E+01   1.8750E+01   0.0000E+00  0.0000
   1.8750E+01   1.9000E+01   0.0000E+00  0.0000
   1.9000E+01   1.9250E+01   0.0000E+00  0.0000
   1.9250E+01   1.9500E+01   0.0000E+00  0.0000
   1.9500E+01   1.9750E+01   0.0000E+00  0.0000
   1.9750E+01   2.0000E+01   0.0000E+00  0.0000
   2.0000E+01   2.0250E+01   0.0000E+00  0.0000
   2.0250E+01   2.0500E+01   0.0000E+00  0.0000
   2.0500E+01   2.0750E+01   0.0000E+00  0.0000
   2.0750E+01   2.1000E+01   0.0000E+00  0.0000
   2.1000E+01   2.1250E+01   0.0000E+00  0.0000
   2.1250E+01   2.1500E+01   0.0000E+00  0.0000
   2.1500E+01   2.1750E+01   0.0000E+00  0.0000
   2.1750E+01   2.2000E+01   0.0000E+00  0.0000
   2.2000E+01   2.2250E+01   0.0000E+00  0.0000
   2.2250E+01   2.2500E+01   0.0000E+00  0.0000
   2.2500E+01   2.2750E+01   0.0000E+00  0.0000
   2.2750E+01   2.3000E+01   0.0000E+00  0.0000
   2.3000E+01   2.3250E+01   0.0000E+00  0.0000
   2.3250E+01   2.3500E+01   0.0000E+00  0.0000
   2.3500E+01   2.3750E+01   0.0000E+00  0.0000
   2.3750E+01   2.4000E+01   0.0000E+00  0.0000
   2.4000E+01   2.4250E+01   0.0000E+00  0.0000
   2.4250E+01   2.4500E+01   0.0000E+00  0.0000
   2.4500E+01   2.4750E+01   0.0000E+00  0.0000
   2.4750E+01   2.5000E+01   0.0000E+00  0.0000

#   sum over                 2.6535E+06  0.0014
'no. =   12   reg = 7022 - 7023'
msuc: {\huge Proton energy spectra through CR39 interfaces}
msdr: {\it plotted by \ANGEL \version}
msdl: {\it calculated by \PHITS  3.36}
wt: s(0.7)
\vspace{-3}
  region surface crossing
  area  &=&   1.0000E+00 [cm^2]
e:

#------------------------------------------------------------------------------
 newpage:
#   no. =   13   reg = 7023 - 7024

x: Energy [MeV/n]
y:  F-Curr [1/cm^2/(MeV/n)/source]         
p: xlin ylog afac(0.8) form(0.9)
h: n            x            y(proton  ),hh0l n 
#  e-lower      e-upper        proton    r.err 
   1.0000E-03   2.5099E-01   2.1272E+05  0.0484
   2.5099E-01   5.0098E-01   2.6215E+05  0.0436
   5.0098E-01   7.5097E-01   3.6702E+05  0.0369
   7.5097E-01   1.0010E+00   4.4541E+05  0.0335
   1.0010E+00   1.2509E+00   5.9372E+05  0.0290
   1.2509E+00   1.5009E+00   8.0594E+05  0.0249
   1.5009E+00   1.7509E+00   1.2439E+06  0.0200
   1.7509E+00   2.0009E+00   2.0288E+06  0.0157
   2.0009E+00   2.2509E+00   2.9506E+06  0.0130
   2.2509E+00   2.5009E+00   4.1960E+06  0.0109
   2.5009E+00   2.7509E+00   5.6196E+06  0.0094
   2.7509E+00   3.0009E+00   6.4845E+06  0.0088
   3.0009E+00   3.2509E+00   6.3506E+06  0.0089
   3.2509E+00   3.5009E+00   5.3924E+06  0.0096
   3.5009E+00   3.7508E+00   3.7081E+06  0.0116
   3.7508E+00   4.0008E+00   2.2830E+06  0.0148
   4.0008E+00   4.2508E+00   1.8695E+06  0.0163
   4.2508E+00   4.5008E+00   2.9606E+06  0.0130
   4.5008E+00   4.7508E+00   6.1594E+06  0.0090
   4.7508E+00   5.0008E+00   1.0545E+07  0.0069
   5.0008E+00   5.2508E+00   1.3782E+07  0.0060
   5.2508E+00   5.5008E+00   1.2971E+07  0.0062
   5.5008E+00   5.7508E+00   8.5767E+06  0.0076
   5.7508E+00   6.0008E+00   4.4352E+06  0.0106
   6.0008E+00   6.2508E+00   5.1497E+06  0.0098
   6.2508E+00   6.5007E+00   1.3154E+07  0.0062
   6.5007E+00   6.7507E+00   2.6893E+07  0.0043
   6.7507E+00   7.0007E+00   3.3982E+07  0.0038
   7.0007E+00   7.2507E+00   2.4834E+07  0.0045
   7.2507E+00   7.5007E+00   9.5255E+06  0.0072
   7.5007E+00   7.7507E+00   1.7572E+06  0.0169
   7.7507E+00   8.0007E+00   1.6179E+05  0.0556
   8.0007E+00   8.2507E+00   7.4901E+03  0.2582
   8.2507E+00   8.5007E+00   4.9934E+02  1.0000
   8.5007E+00   8.7506E+00   0.0000E+00  0.0000
   8.7506E+00   9.0006E+00   0.0000E+00  0.0000
   9.0006E+00   9.2506E+00   0.0000E+00  0.0000
   9.2506E+00   9.5006E+00   0.0000E+00  0.0000
   9.5006E+00   9.7506E+00   0.0000E+00  0.0000
   9.7506E+00   1.0001E+01   0.0000E+00  0.0000
   1.0001E+01   1.0251E+01   0.0000E+00  0.0000
   1.0251E+01   1.0501E+01   0.0000E+00  0.0000
   1.0501E+01   1.0751E+01   0.0000E+00  0.0000
   1.0751E+01   1.1001E+01   0.0000E+00  0.0000
   1.1001E+01   1.1251E+01   0.0000E+00  0.0000
   1.1251E+01   1.1501E+01   0.0000E+00  0.0000
   1.1501E+01   1.1751E+01   0.0000E+00  0.0000
   1.1751E+01   1.2001E+01   0.0000E+00  0.0000
   1.2001E+01   1.2251E+01   0.0000E+00  0.0000
   1.2251E+01   1.2500E+01   0.0000E+00  0.0000
   1.2500E+01   1.2750E+01   0.0000E+00  0.0000
   1.2750E+01   1.3000E+01   0.0000E+00  0.0000
   1.3000E+01   1.3250E+01   0.0000E+00  0.0000
   1.3250E+01   1.3500E+01   0.0000E+00  0.0000
   1.3500E+01   1.3750E+01   0.0000E+00  0.0000
   1.3750E+01   1.4000E+01   0.0000E+00  0.0000
   1.4000E+01   1.4250E+01   0.0000E+00  0.0000
   1.4250E+01   1.4500E+01   0.0000E+00  0.0000
   1.4500E+01   1.4750E+01   0.0000E+00  0.0000
   1.4750E+01   1.5000E+01   0.0000E+00  0.0000
   1.5000E+01   1.5250E+01   0.0000E+00  0.0000
   1.5250E+01   1.5500E+01   0.0000E+00  0.0000
   1.5500E+01   1.5750E+01   0.0000E+00  0.0000
   1.5750E+01   1.6000E+01   0.0000E+00  0.0000
   1.6000E+01   1.6250E+01   0.0000E+00  0.0000
   1.6250E+01   1.6500E+01   0.0000E+00  0.0000
   1.6500E+01   1.6750E+01   0.0000E+00  0.0000
   1.6750E+01   1.7000E+01   0.0000E+00  0.0000
   1.7000E+01   1.7250E+01   0.0000E+00  0.0000
   1.7250E+01   1.7500E+01   0.0000E+00  0.0000
   1.7500E+01   1.7750E+01   0.0000E+00  0.0000
   1.7750E+01   1.8000E+01   0.0000E+00  0.0000
   1.8000E+01   1.8250E+01   0.0000E+00  0.0000
   1.8250E+01   1.8500E+01   0.0000E+00  0.0000
   1.8500E+01   1.8750E+01   0.0000E+00  0.0000
   1.8750E+01   1.9000E+01   0.0000E+00  0.0000
   1.9000E+01   1.9250E+01   0.0000E+00  0.0000
   1.9250E+01   1.9500E+01   0.0000E+00  0.0000
   1.9500E+01   1.9750E+01   0.0000E+00  0.0000
   1.9750E+01   2.0000E+01   0.0000E+00  0.0000
   2.0000E+01   2.0250E+01   0.0000E+00  0.0000
   2.0250E+01   2.0500E+01   0.0000E+00  0.0000
   2.0500E+01   2.0750E+01   0.0000E+00  0.0000
   2.0750E+01   2.1000E+01   0.0000E+00  0.0000
   2.1000E+01   2.1250E+01   0.0000E+00  0.0000
   2.1250E+01   2.1500E+01   0.0000E+00  0.0000
   2.1500E+01   2.1750E+01   0.0000E+00  0.0000
   2.1750E+01   2.2000E+01   0.0000E+00  0.0000
   2.2000E+01   2.2250E+01   0.0000E+00  0.0000
   2.2250E+01   2.2500E+01   0.0000E+00  0.0000
   2.2500E+01   2.2750E+01   0.0000E+00  0.0000
   2.2750E+01   2.3000E+01   0.0000E+00  0.0000
   2.3000E+01   2.3250E+01   0.0000E+00  0.0000
   2.3250E+01   2.3500E+01   0.0000E+00  0.0000
   2.3500E+01   2.3750E+01   0.0000E+00  0.0000
   2.3750E+01   2.4000E+01   0.0000E+00  0.0000
   2.4000E+01   2.4250E+01   0.0000E+00  0.0000
   2.4250E+01   2.4500E+01   0.0000E+00  0.0000
   2.4500E+01   2.4750E+01   0.0000E+00  0.0000
   2.4750E+01   2.5000E+01   0.0000E+00  0.0000

#   sum over                 2.1971E+06  0.0015
'no. =   13   reg = 7023 - 7024'
msuc: {\huge Proton energy spectra through CR39 interfaces}
msdr: {\it plotted by \ANGEL \version}
msdl: {\it calculated by \PHITS  3.36}
wt: s(0.7)
\vspace{-3}
  region surface crossing
  area  &=&   1.0000E+00 [cm^2]
e:

#------------------------------------------------------------------------------
 newpage:
#   no. =   14   reg = 7024 - 7025

x: Energy [MeV/n]
y:  F-Curr [1/cm^2/(MeV/n)/source]         
p: xlin ylog afac(0.8) form(0.9)
h: n            x            y(proton  ),hh0l n 
#  e-lower      e-upper        proton    r.err 
   1.0000E-03   2.5099E-01   9.7522E+05  0.0226
   2.5099E-01   5.0098E-01   1.5090E+06  0.0182
   5.0098E-01   7.5097E-01   2.2650E+06  0.0148
   7.5097E-01   1.0010E+00   3.1359E+06  0.0126
   1.0010E+00   1.2509E+00   4.1316E+06  0.0110
   1.2509E+00   1.5009E+00   5.0528E+06  0.0099
   1.5009E+00   1.7509E+00   5.9587E+06  0.0092
   1.7509E+00   2.0009E+00   6.5559E+06  0.0087
   2.0009E+00   2.2509E+00   6.3207E+06  0.0089
   2.2509E+00   2.5009E+00   5.6610E+06  0.0094
   2.5009E+00   2.7509E+00   4.4257E+06  0.0106
   2.7509E+00   3.0009E+00   3.1099E+06  0.0127
   3.0009E+00   3.2509E+00   2.3899E+06  0.0145
   3.2509E+00   3.5009E+00   2.9636E+06  0.0130
   3.5009E+00   3.7508E+00   5.4054E+06  0.0096
   3.7508E+00   4.0008E+00   1.0423E+07  0.0069
   4.0008E+00   4.2508E+00   1.7428E+07  0.0054
   4.2508E+00   4.5008E+00   2.3419E+07  0.0046
   4.5008E+00   4.7508E+00   2.3944E+07  0.0046
   4.7508E+00   5.0008E+00   1.8014E+07  0.0053
   5.0008E+00   5.2508E+00   9.3637E+06  0.0073
   5.2508E+00   5.5008E+00   3.2567E+06  0.0124
   5.5008E+00   5.7508E+00   6.9558E+05  0.0268
   5.7508E+00   6.0008E+00   1.0436E+05  0.0692
   6.0008E+00   6.2508E+00   1.4481E+04  0.1857
   6.2508E+00   6.5007E+00   2.4967E+03  0.4472
   6.5007E+00   6.7507E+00   0.0000E+00  0.0000
   6.7507E+00   7.0007E+00   0.0000E+00  0.0000
   7.0007E+00   7.2507E+00   0.0000E+00  0.0000
   7.2507E+00   7.5007E+00   0.0000E+00  0.0000
   7.5007E+00   7.7507E+00   0.0000E+00  0.0000
   7.7507E+00   8.0007E+00   0.0000E+00  0.0000
   8.0007E+00   8.2507E+00   0.0000E+00  0.0000
   8.2507E+00   8.5007E+00   0.0000E+00  0.0000
   8.5007E+00   8.7506E+00   0.0000E+00  0.0000
   8.7506E+00   9.0006E+00   0.0000E+00  0.0000
   9.0006E+00   9.2506E+00   0.0000E+00  0.0000
   9.2506E+00   9.5006E+00   0.0000E+00  0.0000
   9.5006E+00   9.7506E+00   0.0000E+00  0.0000
   9.7506E+00   1.0001E+01   0.0000E+00  0.0000
   1.0001E+01   1.0251E+01   0.0000E+00  0.0000
   1.0251E+01   1.0501E+01   0.0000E+00  0.0000
   1.0501E+01   1.0751E+01   0.0000E+00  0.0000
   1.0751E+01   1.1001E+01   0.0000E+00  0.0000
   1.1001E+01   1.1251E+01   0.0000E+00  0.0000
   1.1251E+01   1.1501E+01   0.0000E+00  0.0000
   1.1501E+01   1.1751E+01   0.0000E+00  0.0000
   1.1751E+01   1.2001E+01   0.0000E+00  0.0000
   1.2001E+01   1.2251E+01   0.0000E+00  0.0000
   1.2251E+01   1.2500E+01   0.0000E+00  0.0000
   1.2500E+01   1.2750E+01   0.0000E+00  0.0000
   1.2750E+01   1.3000E+01   0.0000E+00  0.0000
   1.3000E+01   1.3250E+01   0.0000E+00  0.0000
   1.3250E+01   1.3500E+01   0.0000E+00  0.0000
   1.3500E+01   1.3750E+01   0.0000E+00  0.0000
   1.3750E+01   1.4000E+01   0.0000E+00  0.0000
   1.4000E+01   1.4250E+01   0.0000E+00  0.0000
   1.4250E+01   1.4500E+01   0.0000E+00  0.0000
   1.4500E+01   1.4750E+01   0.0000E+00  0.0000
   1.4750E+01   1.5000E+01   0.0000E+00  0.0000
   1.5000E+01   1.5250E+01   0.0000E+00  0.0000
   1.5250E+01   1.5500E+01   0.0000E+00  0.0000
   1.5500E+01   1.5750E+01   0.0000E+00  0.0000
   1.5750E+01   1.6000E+01   0.0000E+00  0.0000
   1.6000E+01   1.6250E+01   0.0000E+00  0.0000
   1.6250E+01   1.6500E+01   0.0000E+00  0.0000
   1.6500E+01   1.6750E+01   0.0000E+00  0.0000
   1.6750E+01   1.7000E+01   0.0000E+00  0.0000
   1.7000E+01   1.7250E+01   0.0000E+00  0.0000
   1.7250E+01   1.7500E+01   0.0000E+00  0.0000
   1.7500E+01   1.7750E+01   0.0000E+00  0.0000
   1.7750E+01   1.8000E+01   0.0000E+00  0.0000
   1.8000E+01   1.8250E+01   0.0000E+00  0.0000
   1.8250E+01   1.8500E+01   0.0000E+00  0.0000
   1.8500E+01   1.8750E+01   0.0000E+00  0.0000
   1.8750E+01   1.9000E+01   0.0000E+00  0.0000
   1.9000E+01   1.9250E+01   0.0000E+00  0.0000
   1.9250E+01   1.9500E+01   0.0000E+00  0.0000
   1.9500E+01   1.9750E+01   0.0000E+00  0.0000
   1.9750E+01   2.0000E+01   0.0000E+00  0.0000
   2.0000E+01   2.0250E+01   0.0000E+00  0.0000
   2.0250E+01   2.0500E+01   0.0000E+00  0.0000
   2.0500E+01   2.0750E+01   0.0000E+00  0.0000
   2.0750E+01   2.1000E+01   0.0000E+00  0.0000
   2.1000E+01   2.1250E+01   0.0000E+00  0.0000
   2.1250E+01   2.1500E+01   0.0000E+00  0.0000
   2.1500E+01   2.1750E+01   0.0000E+00  0.0000
   2.1750E+01   2.2000E+01   0.0000E+00  0.0000
   2.2000E+01   2.2250E+01   0.0000E+00  0.0000
   2.2250E+01   2.2500E+01   0.0000E+00  0.0000
   2.2500E+01   2.2750E+01   0.0000E+00  0.0000
   2.2750E+01   2.3000E+01   0.0000E+00  0.0000
   2.3000E+01   2.3250E+01   0.0000E+00  0.0000
   2.3250E+01   2.3500E+01   0.0000E+00  0.0000
   2.3500E+01   2.3750E+01   0.0000E+00  0.0000
   2.3750E+01   2.4000E+01   0.0000E+00  0.0000
   2.4000E+01   2.4250E+01   0.0000E+00  0.0000
   2.4250E+01   2.4500E+01   0.0000E+00  0.0000
   2.4500E+01   2.4750E+01   0.0000E+00  0.0000
   2.4750E+01   2.5000E+01   0.0000E+00  0.0000

#   sum over                 1.6653E+06  0.0017
'no. =   14   reg = 7024 - 7025'
msuc: {\huge Proton energy spectra through CR39 interfaces}
msdr: {\it plotted by \ANGEL \version}
msdl: {\it calculated by \PHITS  3.36}
wt: s(0.7)
\vspace{-3}
  region surface crossing
  area  &=&   1.0000E+00 [cm^2]
e:

#------------------------------------------------------------------------------
 newpage:
#   no. =   15   reg = 7025 - 7026

x: Energy [MeV/n]
y:  F-Curr [1/cm^2/(MeV/n)/source]         
p: xlin ylog afac(0.8) form(0.9)
h: n            x            y(proton  ),hh0l n 
#  e-lower      e-upper        proton    r.err 
   1.0000E-03   2.5099E-01   2.7139E+06  0.0136
   2.5099E-01   5.0098E-01   3.6817E+06  0.0116
   5.0098E-01   7.5097E-01   4.6888E+06  0.0103
   7.5097E-01   1.0010E+00   5.0883E+06  0.0099
   1.0010E+00   1.2509E+00   4.9390E+06  0.0101
   1.2509E+00   1.5009E+00   4.3707E+06  0.0107
   1.5009E+00   1.7509E+00   3.5064E+06  0.0119
   1.7509E+00   2.0009E+00   2.4343E+06  0.0143
   2.0009E+00   2.2509E+00   1.4626E+06  0.0185
   2.2509E+00   2.5009E+00   6.9508E+05  0.0268
   2.5009E+00   2.7509E+00   3.2058E+05  0.0395
   2.7509E+00   3.0009E+00   1.2034E+05  0.0644
   3.0009E+00   3.2509E+00   3.6951E+04  0.1162
   3.2509E+00   3.5009E+00   1.1485E+04  0.2085
   3.5009E+00   3.7508E+00   5.9921E+03  0.2887
   3.7508E+00   4.0008E+00   1.4980E+03  0.5774
   4.0008E+00   4.2508E+00   4.9934E+02  1.0000
   4.2508E+00   4.5008E+00   0.0000E+00  0.0000
   4.5008E+00   4.7508E+00   0.0000E+00  0.0000
   4.7508E+00   5.0008E+00   0.0000E+00  0.0000
   5.0008E+00   5.2508E+00   0.0000E+00  0.0000
   5.2508E+00   5.5008E+00   0.0000E+00  0.0000
   5.5008E+00   5.7508E+00   0.0000E+00  0.0000
   5.7508E+00   6.0008E+00   0.0000E+00  0.0000
   6.0008E+00   6.2508E+00   0.0000E+00  0.0000
   6.2508E+00   6.5007E+00   0.0000E+00  0.0000
   6.5007E+00   6.7507E+00   0.0000E+00  0.0000
   6.7507E+00   7.0007E+00   0.0000E+00  0.0000
   7.0007E+00   7.2507E+00   0.0000E+00  0.0000
   7.2507E+00   7.5007E+00   0.0000E+00  0.0000
   7.5007E+00   7.7507E+00   0.0000E+00  0.0000
   7.7507E+00   8.0007E+00   0.0000E+00  0.0000
   8.0007E+00   8.2507E+00   0.0000E+00  0.0000
   8.2507E+00   8.5007E+00   0.0000E+00  0.0000
   8.5007E+00   8.7506E+00   0.0000E+00  0.0000
   8.7506E+00   9.0006E+00   0.0000E+00  0.0000
   9.0006E+00   9.2506E+00   0.0000E+00  0.0000
   9.2506E+00   9.5006E+00   0.0000E+00  0.0000
   9.5006E+00   9.7506E+00   0.0000E+00  0.0000
   9.7506E+00   1.0001E+01   0.0000E+00  0.0000
   1.0001E+01   1.0251E+01   0.0000E+00  0.0000
   1.0251E+01   1.0501E+01   0.0000E+00  0.0000
   1.0501E+01   1.0751E+01   0.0000E+00  0.0000
   1.0751E+01   1.1001E+01   0.0000E+00  0.0000
   1.1001E+01   1.1251E+01   0.0000E+00  0.0000
   1.1251E+01   1.1501E+01   0.0000E+00  0.0000
   1.1501E+01   1.1751E+01   0.0000E+00  0.0000
   1.1751E+01   1.2001E+01   0.0000E+00  0.0000
   1.2001E+01   1.2251E+01   0.0000E+00  0.0000
   1.2251E+01   1.2500E+01   0.0000E+00  0.0000
   1.2500E+01   1.2750E+01   0.0000E+00  0.0000
   1.2750E+01   1.3000E+01   0.0000E+00  0.0000
   1.3000E+01   1.3250E+01   0.0000E+00  0.0000
   1.3250E+01   1.3500E+01   0.0000E+00  0.0000
   1.3500E+01   1.3750E+01   0.0000E+00  0.0000
   1.3750E+01   1.4000E+01   0.0000E+00  0.0000
   1.4000E+01   1.4250E+01   0.0000E+00  0.0000
   1.4250E+01   1.4500E+01   0.0000E+00  0.0000
   1.4500E+01   1.4750E+01   0.0000E+00  0.0000
   1.4750E+01   1.5000E+01   0.0000E+00  0.0000
   1.5000E+01   1.5250E+01   0.0000E+00  0.0000
   1.5250E+01   1.5500E+01   0.0000E+00  0.0000
   1.5500E+01   1.5750E+01   0.0000E+00  0.0000
   1.5750E+01   1.6000E+01   0.0000E+00  0.0000
   1.6000E+01   1.6250E+01   0.0000E+00  0.0000
   1.6250E+01   1.6500E+01   0.0000E+00  0.0000
   1.6500E+01   1.6750E+01   0.0000E+00  0.0000
   1.6750E+01   1.7000E+01   0.0000E+00  0.0000
   1.7000E+01   1.7250E+01   0.0000E+00  0.0000
   1.7250E+01   1.7500E+01   0.0000E+00  0.0000
   1.7500E+01   1.7750E+01   0.0000E+00  0.0000
   1.7750E+01   1.8000E+01   0.0000E+00  0.0000
   1.8000E+01   1.8250E+01   0.0000E+00  0.0000
   1.8250E+01   1.8500E+01   0.0000E+00  0.0000
   1.8500E+01   1.8750E+01   0.0000E+00  0.0000
   1.8750E+01   1.9000E+01   0.0000E+00  0.0000
   1.9000E+01   1.9250E+01   0.0000E+00  0.0000
   1.9250E+01   1.9500E+01   0.0000E+00  0.0000
   1.9500E+01   1.9750E+01   0.0000E+00  0.0000
   1.9750E+01   2.0000E+01   0.0000E+00  0.0000
   2.0000E+01   2.0250E+01   0.0000E+00  0.0000
   2.0250E+01   2.0500E+01   0.0000E+00  0.0000
   2.0500E+01   2.0750E+01   0.0000E+00  0.0000
   2.0750E+01   2.1000E+01   0.0000E+00  0.0000
   2.1000E+01   2.1250E+01   0.0000E+00  0.0000
   2.1250E+01   2.1500E+01   0.0000E+00  0.0000
   2.1500E+01   2.1750E+01   0.0000E+00  0.0000
   2.1750E+01   2.2000E+01   0.0000E+00  0.0000
   2.2000E+01   2.2250E+01   0.0000E+00  0.0000
   2.2250E+01   2.2500E+01   0.0000E+00  0.0000
   2.2500E+01   2.2750E+01   0.0000E+00  0.0000
   2.2750E+01   2.3000E+01   0.0000E+00  0.0000
   2.3000E+01   2.3250E+01   0.0000E+00  0.0000
   2.3250E+01   2.3500E+01   0.0000E+00  0.0000
   2.3500E+01   2.3750E+01   0.0000E+00  0.0000
   2.3750E+01   2.4000E+01   0.0000E+00  0.0000
   2.4000E+01   2.4250E+01   0.0000E+00  0.0000
   2.4250E+01   2.4500E+01   0.0000E+00  0.0000
   2.4500E+01   2.4750E+01   0.0000E+00  0.0000
   2.4750E+01   2.5000E+01   0.0000E+00  0.0000

#   sum over                 3.4078E+05  0.0038
'no. =   15   reg = 7025 - 7026'
msuc: {\huge Proton energy spectra through CR39 interfaces}
msdr: {\it plotted by \ANGEL \version}
msdl: {\it calculated by \PHITS  3.36}
wt: s(0.7)
\vspace{-3}
  region surface crossing
  area  &=&   1.0000E+00 [cm^2]
e:

#------------------------------------------------------------------------------
 newpage:
#   no. =   16   reg = 7026 - 6003

x: Energy [MeV/n]
y:  F-Curr [1/cm^2/(MeV/n)/source]         
p: xlin ylog afac(0.8) form(0.9)
h: n            x            y(proton  ),hh0l n 
#  e-lower      e-upper        proton    r.err 
   1.0000E-03   2.5099E-01   0.0000E+00  0.0000
   2.5099E-01   5.0098E-01   0.0000E+00  0.0000
   5.0098E-01   7.5097E-01   0.0000E+00  0.0000
   7.5097E-01   1.0010E+00   0.0000E+00  0.0000
   1.0010E+00   1.2509E+00   0.0000E+00  0.0000
   1.2509E+00   1.5009E+00   0.0000E+00  0.0000
   1.5009E+00   1.7509E+00   0.0000E+00  0.0000
   1.7509E+00   2.0009E+00   0.0000E+00  0.0000
   2.0009E+00   2.2509E+00   0.0000E+00  0.0000
   2.2509E+00   2.5009E+00   0.0000E+00  0.0000
   2.5009E+00   2.7509E+00   0.0000E+00  0.0000
   2.7509E+00   3.0009E+00   0.0000E+00  0.0000
   3.0009E+00   3.2509E+00   0.0000E+00  0.0000
   3.2509E+00   3.5009E+00   0.0000E+00  0.0000
   3.5009E+00   3.7508E+00   0.0000E+00  0.0000
   3.7508E+00   4.0008E+00   0.0000E+00  0.0000
   4.0008E+00   4.2508E+00   0.0000E+00  0.0000
   4.2508E+00   4.5008E+00   0.0000E+00  0.0000
   4.5008E+00   4.7508E+00   0.0000E+00  0.0000
   4.7508E+00   5.0008E+00   0.0000E+00  0.0000
   5.0008E+00   5.2508E+00   0.0000E+00  0.0000
   5.2508E+00   5.5008E+00   0.0000E+00  0.0000
   5.5008E+00   5.7508E+00   0.0000E+00  0.0000
   5.7508E+00   6.0008E+00   0.0000E+00  0.0000
   6.0008E+00   6.2508E+00   0.0000E+00  0.0000
   6.2508E+00   6.5007E+00   0.0000E+00  0.0000
   6.5007E+00   6.7507E+00   0.0000E+00  0.0000
   6.7507E+00   7.0007E+00   0.0000E+00  0.0000
   7.0007E+00   7.2507E+00   0.0000E+00  0.0000
   7.2507E+00   7.5007E+00   0.0000E+00  0.0000
   7.5007E+00   7.7507E+00   0.0000E+00  0.0000
   7.7507E+00   8.0007E+00   0.0000E+00  0.0000
   8.0007E+00   8.2507E+00   0.0000E+00  0.0000
   8.2507E+00   8.5007E+00   0.0000E+00  0.0000
   8.5007E+00   8.7506E+00   0.0000E+00  0.0000
   8.7506E+00   9.0006E+00   0.0000E+00  0.0000
   9.0006E+00   9.2506E+00   0.0000E+00  0.0000
   9.2506E+00   9.5006E+00   0.0000E+00  0.0000
   9.5006E+00   9.7506E+00   0.0000E+00  0.0000
   9.7506E+00   1.0001E+01   0.0000E+00  0.0000
   1.0001E+01   1.0251E+01   0.0000E+00  0.0000
   1.0251E+01   1.0501E+01   0.0000E+00  0.0000
   1.0501E+01   1.0751E+01   0.0000E+00  0.0000
   1.0751E+01   1.1001E+01   0.0000E+00  0.0000
   1.1001E+01   1.1251E+01   0.0000E+00  0.0000
   1.1251E+01   1.1501E+01   0.0000E+00  0.0000
   1.1501E+01   1.1751E+01   0.0000E+00  0.0000
   1.1751E+01   1.2001E+01   0.0000E+00  0.0000
   1.2001E+01   1.2251E+01   0.0000E+00  0.0000
   1.2251E+01   1.2500E+01   0.0000E+00  0.0000
   1.2500E+01   1.2750E+01   0.0000E+00  0.0000
   1.2750E+01   1.3000E+01   0.0000E+00  0.0000
   1.3000E+01   1.3250E+01   0.0000E+00  0.0000
   1.3250E+01   1.3500E+01   0.0000E+00  0.0000
   1.3500E+01   1.3750E+01   0.0000E+00  0.0000
   1.3750E+01   1.4000E+01   0.0000E+00  0.0000
   1.4000E+01   1.4250E+01   0.0000E+00  0.0000
   1.4250E+01   1.4500E+01   0.0000E+00  0.0000
   1.4500E+01   1.4750E+01   0.0000E+00  0.0000
   1.4750E+01   1.5000E+01   0.0000E+00  0.0000
   1.5000E+01   1.5250E+01   0.0000E+00  0.0000
   1.5250E+01   1.5500E+01   0.0000E+00  0.0000
   1.5500E+01   1.5750E+01   0.0000E+00  0.0000
   1.5750E+01   1.6000E+01   0.0000E+00  0.0000
   1.6000E+01   1.6250E+01   0.0000E+00  0.0000
   1.6250E+01   1.6500E+01   0.0000E+00  0.0000
   1.6500E+01   1.6750E+01   0.0000E+00  0.0000
   1.6750E+01   1.7000E+01   0.0000E+00  0.0000
   1.7000E+01   1.7250E+01   0.0000E+00  0.0000
   1.7250E+01   1.7500E+01   0.0000E+00  0.0000
   1.7500E+01   1.7750E+01   0.0000E+00  0.0000
   1.7750E+01   1.8000E+01   0.0000E+00  0.0000
   1.8000E+01   1.8250E+01   0.0000E+00  0.0000
   1.8250E+01   1.8500E+01   0.0000E+00  0.0000
   1.8500E+01   1.8750E+01   0.0000E+00  0.0000
   1.8750E+01   1.9000E+01   0.0000E+00  0.0000
   1.9000E+01   1.9250E+01   0.0000E+00  0.0000
   1.9250E+01   1.9500E+01   0.0000E+00  0.0000
   1.9500E+01   1.9750E+01   0.0000E+00  0.0000
   1.9750E+01   2.0000E+01   0.0000E+00  0.0000
   2.0000E+01   2.0250E+01   0.0000E+00  0.0000
   2.0250E+01   2.0500E+01   0.0000E+00  0.0000
   2.0500E+01   2.0750E+01   0.0000E+00  0.0000
   2.0750E+01   2.1000E+01   0.0000E+00  0.0000
   2.1000E+01   2.1250E+01   0.0000E+00  0.0000
   2.1250E+01   2.1500E+01   0.0000E+00  0.0000
   2.1500E+01   2.1750E+01   0.0000E+00  0.0000
   2.1750E+01   2.2000E+01   0.0000E+00  0.0000
   2.2000E+01   2.2250E+01   0.0000E+00  0.0000
   2.2250E+01   2.2500E+01   0.0000E+00  0.0000
   2.2500E+01   2.2750E+01   0.0000E+00  0.0000
   2.2750E+01   2.3000E+01   0.0000E+00  0.0000
   2.3000E+01   2.3250E+01   0.0000E+00  0.0000
   2.3250E+01   2.3500E+01   0.0000E+00  0.0000
   2.3500E+01   2.3750E+01   0.0000E+00  0.0000
   2.3750E+01   2.4000E+01   0.0000E+00  0.0000
   2.4000E+01   2.4250E+01   0.0000E+00  0.0000
   2.4250E+01   2.4500E+01   0.0000E+00  0.0000
   2.4500E+01   2.4750E+01   0.0000E+00  0.0000
   2.4750E+01   2.5000E+01   0.0000E+00  0.0000

#   sum over                 0.0000E+00  0.0000
'no. =   16   reg = 7026 - 6003'
msuc: {\huge Proton energy spectra through CR39 interfaces}
msdr: {\it plotted by \ANGEL \version}
msdl: {\it calculated by \PHITS  3.36}
wt: s(0.7)
\vspace{-3}
  region surface crossing
  area  &=&   1.0000E+00 [cm^2]
e:

#------------------------------------------------------------------------------
 newpage:
#   no. =   17   reg = 600 - 7031

x: Energy [MeV/n]
y:  F-Curr [1/cm^2/(MeV/n)/source]         
p: xlin ylog afac(0.8) form(0.9)
h: n            x            y(proton  ),hh0l n 
#  e-lower      e-upper        proton    r.err 
   1.0000E-03   2.5099E-01   1.0486E+05  0.0690
   2.5099E-01   5.0098E-01   1.4830E+05  0.0580
   5.0098E-01   7.5097E-01   2.1721E+05  0.0479
   7.5097E-01   1.0010E+00   2.9361E+05  0.0412
   1.0010E+00   1.2509E+00   4.4092E+05  0.0337
   1.2509E+00   1.5009E+00   7.2754E+05  0.0262
   1.5009E+00   1.7509E+00   1.0691E+06  0.0216
   1.7509E+00   2.0009E+00   1.7337E+06  0.0170
   2.0009E+00   2.2509E+00   2.4787E+06  0.0142
   2.2509E+00   2.5009E+00   3.3855E+06  0.0121
   2.5009E+00   2.7509E+00   4.0696E+06  0.0111
   2.7509E+00   3.0009E+00   4.2759E+06  0.0108
   3.0009E+00   3.2509E+00   3.7765E+06  0.0115
   3.2509E+00   3.5009E+00   2.7059E+06  0.0136
   3.5009E+00   3.7508E+00   1.6224E+06  0.0175
   3.7508E+00   4.0008E+00   9.6423E+05  0.0228
   4.0008E+00   4.2508E+00   1.2324E+06  0.0201
   4.2508E+00   4.5008E+00   2.5407E+06  0.0140
   4.5008E+00   4.7508E+00   5.1118E+06  0.0099
   4.7508E+00   5.0008E+00   7.5975E+06  0.0081
   5.0008E+00   5.2508E+00   8.2077E+06  0.0078
   5.2508E+00   5.5008E+00   6.0176E+06  0.0091
   5.5008E+00   5.7508E+00   2.9985E+06  0.0129
   5.7508E+00   6.0008E+00   1.6503E+06  0.0174
   6.0008E+00   6.2508E+00   3.1419E+06  0.0126
   6.2508E+00   6.5007E+00   7.3723E+06  0.0082
   6.5007E+00   6.7507E+00   1.2090E+07  0.0064
   6.7507E+00   7.0007E+00   1.1312E+07  0.0066
   7.0007E+00   7.2507E+00   6.0480E+06  0.0091
   7.2507E+00   7.5007E+00   2.7159E+06  0.0136
   7.5007E+00   7.7507E+00   5.3140E+06  0.0097
   7.7507E+00   8.0007E+00   1.4196E+07  0.0059
   8.0007E+00   8.2507E+00   2.0379E+07  0.0049
   8.2507E+00   8.5007E+00   1.4135E+07  0.0059
   8.5007E+00   8.7506E+00   5.4239E+06  0.0096
   8.7506E+00   9.0006E+00   8.8748E+06  0.0075
   9.0006E+00   9.2506E+00   2.9772E+07  0.0041
   9.2506E+00   9.5006E+00   4.4749E+07  0.0033
   9.5006E+00   9.7506E+00   2.5229E+07  0.0044
   9.7506E+00   1.0001E+01   4.6958E+06  0.0103
   1.0001E+01   1.0251E+01   2.4668E+05  0.0450
   1.0251E+01   1.0501E+01   9.9868E+02  0.7071
   1.0501E+01   1.0751E+01   4.9934E+02  1.0000
   1.0751E+01   1.1001E+01   0.0000E+00  0.0000
   1.1001E+01   1.1251E+01   0.0000E+00  0.0000
   1.1251E+01   1.1501E+01   0.0000E+00  0.0000
   1.1501E+01   1.1751E+01   0.0000E+00  0.0000
   1.1751E+01   1.2001E+01   0.0000E+00  0.0000
   1.2001E+01   1.2251E+01   0.0000E+00  0.0000
   1.2251E+01   1.2500E+01   0.0000E+00  0.0000
   1.2500E+01   1.2750E+01   0.0000E+00  0.0000
   1.2750E+01   1.3000E+01   0.0000E+00  0.0000
   1.3000E+01   1.3250E+01   0.0000E+00  0.0000
   1.3250E+01   1.3500E+01   0.0000E+00  0.0000
   1.3500E+01   1.3750E+01   0.0000E+00  0.0000
   1.3750E+01   1.4000E+01   0.0000E+00  0.0000
   1.4000E+01   1.4250E+01   0.0000E+00  0.0000
   1.4250E+01   1.4500E+01   0.0000E+00  0.0000
   1.4500E+01   1.4750E+01   0.0000E+00  0.0000
   1.4750E+01   1.5000E+01   0.0000E+00  0.0000
   1.5000E+01   1.5250E+01   0.0000E+00  0.0000
   1.5250E+01   1.5500E+01   0.0000E+00  0.0000
   1.5500E+01   1.5750E+01   0.0000E+00  0.0000
   1.5750E+01   1.6000E+01   0.0000E+00  0.0000
   1.6000E+01   1.6250E+01   0.0000E+00  0.0000
   1.6250E+01   1.6500E+01   0.0000E+00  0.0000
   1.6500E+01   1.6750E+01   0.0000E+00  0.0000
   1.6750E+01   1.7000E+01   0.0000E+00  0.0000
   1.7000E+01   1.7250E+01   0.0000E+00  0.0000
   1.7250E+01   1.7500E+01   0.0000E+00  0.0000
   1.7500E+01   1.7750E+01   0.0000E+00  0.0000
   1.7750E+01   1.8000E+01   0.0000E+00  0.0000
   1.8000E+01   1.8250E+01   0.0000E+00  0.0000
   1.8250E+01   1.8500E+01   0.0000E+00  0.0000
   1.8500E+01   1.8750E+01   0.0000E+00  0.0000
   1.8750E+01   1.9000E+01   0.0000E+00  0.0000
   1.9000E+01   1.9250E+01   0.0000E+00  0.0000
   1.9250E+01   1.9500E+01   0.0000E+00  0.0000
   1.9500E+01   1.9750E+01   0.0000E+00  0.0000
   1.9750E+01   2.0000E+01   0.0000E+00  0.0000
   2.0000E+01   2.0250E+01   0.0000E+00  0.0000
   2.0250E+01   2.0500E+01   0.0000E+00  0.0000
   2.0500E+01   2.0750E+01   0.0000E+00  0.0000
   2.0750E+01   2.1000E+01   0.0000E+00  0.0000
   2.1000E+01   2.1250E+01   0.0000E+00  0.0000
   2.1250E+01   2.1500E+01   0.0000E+00  0.0000
   2.1500E+01   2.1750E+01   0.0000E+00  0.0000
   2.1750E+01   2.2000E+01   0.0000E+00  0.0000
   2.2000E+01   2.2250E+01   0.0000E+00  0.0000
   2.2250E+01   2.2500E+01   0.0000E+00  0.0000
   2.2500E+01   2.2750E+01   0.0000E+00  0.0000
   2.2750E+01   2.3000E+01   0.0000E+00  0.0000
   2.3000E+01   2.3250E+01   0.0000E+00  0.0000
   2.3250E+01   2.3500E+01   0.0000E+00  0.0000
   2.3500E+01   2.3750E+01   0.0000E+00  0.0000
   2.3750E+01   2.4000E+01   0.0000E+00  0.0000
   2.4000E+01   2.4250E+01   0.0000E+00  0.0000
   2.4250E+01   2.4500E+01   0.0000E+00  0.0000
   2.4500E+01   2.4750E+01   0.0000E+00  0.0000
   2.4750E+01   2.5000E+01   0.0000E+00  0.0000

#   sum over                 2.7907E+06  0.0013
'no. =   17   reg = 600 - 7031'
msuc: {\huge Proton energy spectra through CR39 interfaces}
msdr: {\it plotted by \ANGEL \version}
msdl: {\it calculated by \PHITS  3.36}
wt: s(0.7)
\vspace{-3}
  region surface crossing
  area  &=&   1.0000E+00 [cm^2]
e:

#------------------------------------------------------------------------------
 newpage:
#   no. =   18   reg = 7031 - 7032

x: Energy [MeV/n]
y:  F-Curr [1/cm^2/(MeV/n)/source]         
p: xlin ylog afac(0.8) form(0.9)
h: n            x            y(proton  ),hh0l n 
#  e-lower      e-upper        proton    r.err 
   1.0000E-03   2.5099E-01   7.9246E+05  0.0251
   2.5099E-01   5.0098E-01   1.1400E+06  0.0209
   5.0098E-01   7.5097E-01   1.6923E+06  0.0172
   7.5097E-01   1.0010E+00   2.2490E+06  0.0149
   1.0010E+00   1.2509E+00   2.7958E+06  0.0134
   1.2509E+00   1.5009E+00   3.1878E+06  0.0125
   1.5009E+00   1.7509E+00   3.4624E+06  0.0120
   1.7509E+00   2.0009E+00   3.3905E+06  0.0121
   2.0009E+00   2.2509E+00   2.8747E+06  0.0132
   2.2509E+00   2.5009E+00   2.2286E+06  0.0150
   2.5009E+00   2.7509E+00   1.5090E+06  0.0182
   2.7509E+00   3.0009E+00   1.0172E+06  0.0222
   3.0009E+00   3.2509E+00   1.0187E+06  0.0221
   3.2509E+00   3.5009E+00   1.7881E+06  0.0167
   3.5009E+00   3.7508E+00   3.3201E+06  0.0123
   3.7508E+00   4.0008E+00   5.6496E+06  0.0094
   4.0008E+00   4.2508E+00   8.1188E+06  0.0078
   4.2508E+00   4.5008E+00   8.8284E+06  0.0075
   4.5008E+00   4.7508E+00   7.3094E+06  0.0083
   4.7508E+00   5.0008E+00   4.3288E+06  0.0107
   5.0008E+00   5.2508E+00   2.2475E+06  0.0149
   5.2508E+00   5.5008E+00   2.4942E+06  0.0141
   5.5008E+00   5.7508E+00   5.8378E+06  0.0092
   5.7508E+00   6.0008E+00   1.1881E+07  0.0065
   6.0008E+00   6.2508E+00   1.6161E+07  0.0056
   6.2508E+00   6.5007E+00   1.3831E+07  0.0060
   6.5007E+00   6.7507E+00   7.4102E+06  0.0082
   6.7507E+00   7.0007E+00   3.9163E+06  0.0113
   7.0007E+00   7.2507E+00   9.1504E+06  0.0074
   7.2507E+00   7.5007E+00   2.4749E+07  0.0045
   7.5007E+00   7.7507E+00   3.7543E+07  0.0036
   7.7507E+00   8.0007E+00   2.8886E+07  0.0042
   8.0007E+00   8.2507E+00   1.0218E+07  0.0070
   8.2507E+00   8.5007E+00   1.4920E+06  0.0183
   8.5007E+00   8.7506E+00   8.1892E+04  0.0781
   8.7506E+00   9.0006E+00   9.9868E+02  0.7071
   9.0006E+00   9.2506E+00   0.0000E+00  0.0000
   9.2506E+00   9.5006E+00   0.0000E+00  0.0000
   9.5006E+00   9.7506E+00   0.0000E+00  0.0000
   9.7506E+00   1.0001E+01   0.0000E+00  0.0000
   1.0001E+01   1.0251E+01   0.0000E+00  0.0000
   1.0251E+01   1.0501E+01   0.0000E+00  0.0000
   1.0501E+01   1.0751E+01   0.0000E+00  0.0000
   1.0751E+01   1.1001E+01   0.0000E+00  0.0000
   1.1001E+01   1.1251E+01   0.0000E+00  0.0000
   1.1251E+01   1.1501E+01   0.0000E+00  0.0000
   1.1501E+01   1.1751E+01   0.0000E+00  0.0000
   1.1751E+01   1.2001E+01   0.0000E+00  0.0000
   1.2001E+01   1.2251E+01   0.0000E+00  0.0000
   1.2251E+01   1.2500E+01   0.0000E+00  0.0000
   1.2500E+01   1.2750E+01   0.0000E+00  0.0000
   1.2750E+01   1.3000E+01   0.0000E+00  0.0000
   1.3000E+01   1.3250E+01   0.0000E+00  0.0000
   1.3250E+01   1.3500E+01   0.0000E+00  0.0000
   1.3500E+01   1.3750E+01   0.0000E+00  0.0000
   1.3750E+01   1.4000E+01   0.0000E+00  0.0000
   1.4000E+01   1.4250E+01   0.0000E+00  0.0000
   1.4250E+01   1.4500E+01   0.0000E+00  0.0000
   1.4500E+01   1.4750E+01   0.0000E+00  0.0000
   1.4750E+01   1.5000E+01   0.0000E+00  0.0000
   1.5000E+01   1.5250E+01   0.0000E+00  0.0000
   1.5250E+01   1.5500E+01   0.0000E+00  0.0000
   1.5500E+01   1.5750E+01   0.0000E+00  0.0000
   1.5750E+01   1.6000E+01   0.0000E+00  0.0000
   1.6000E+01   1.6250E+01   0.0000E+00  0.0000
   1.6250E+01   1.6500E+01   0.0000E+00  0.0000
   1.6500E+01   1.6750E+01   0.0000E+00  0.0000
   1.6750E+01   1.7000E+01   0.0000E+00  0.0000
   1.7000E+01   1.7250E+01   0.0000E+00  0.0000
   1.7250E+01   1.7500E+01   0.0000E+00  0.0000
   1.7500E+01   1.7750E+01   0.0000E+00  0.0000
   1.7750E+01   1.8000E+01   0.0000E+00  0.0000
   1.8000E+01   1.8250E+01   0.0000E+00  0.0000
   1.8250E+01   1.8500E+01   0.0000E+00  0.0000
   1.8500E+01   1.8750E+01   0.0000E+00  0.0000
   1.8750E+01   1.9000E+01   0.0000E+00  0.0000
   1.9000E+01   1.9250E+01   0.0000E+00  0.0000
   1.9250E+01   1.9500E+01   0.0000E+00  0.0000
   1.9500E+01   1.9750E+01   0.0000E+00  0.0000
   1.9750E+01   2.0000E+01   0.0000E+00  0.0000
   2.0000E+01   2.0250E+01   0.0000E+00  0.0000
   2.0250E+01   2.0500E+01   0.0000E+00  0.0000
   2.0500E+01   2.0750E+01   0.0000E+00  0.0000
   2.0750E+01   2.1000E+01   0.0000E+00  0.0000
   2.1000E+01   2.1250E+01   0.0000E+00  0.0000
   2.1250E+01   2.1500E+01   0.0000E+00  0.0000
   2.1500E+01   2.1750E+01   0.0000E+00  0.0000
   2.1750E+01   2.2000E+01   0.0000E+00  0.0000
   2.2000E+01   2.2250E+01   0.0000E+00  0.0000
   2.2250E+01   2.2500E+01   0.0000E+00  0.0000
   2.2500E+01   2.2750E+01   0.0000E+00  0.0000
   2.2750E+01   2.3000E+01   0.0000E+00  0.0000
   2.3000E+01   2.3250E+01   0.0000E+00  0.0000
   2.3250E+01   2.3500E+01   0.0000E+00  0.0000
   2.3500E+01   2.3750E+01   0.0000E+00  0.0000
   2.3750E+01   2.4000E+01   0.0000E+00  0.0000
   2.4000E+01   2.4250E+01   0.0000E+00  0.0000
   2.4250E+01   2.4500E+01   0.0000E+00  0.0000
   2.4500E+01   2.4750E+01   0.0000E+00  0.0000
   2.4750E+01   2.5000E+01   0.0000E+00  0.0000

#   sum over                 2.4260E+06  0.0014
'no. =   18   reg = 7031 - 7032'
msuc: {\huge Proton energy spectra through CR39 interfaces}
msdr: {\it plotted by \ANGEL \version}
msdl: {\it calculated by \PHITS  3.36}
wt: s(0.7)
\vspace{-3}
  region surface crossing
  area  &=&   1.0000E+00 [cm^2]
e:

#------------------------------------------------------------------------------
 newpage:
#   no. =   19   reg = 7032 - 7033

x: Energy [MeV/n]
y:  F-Curr [1/cm^2/(MeV/n)/source]         
p: xlin ylog afac(0.8) form(0.9)
h: n            x            y(proton  ),hh0l n 
#  e-lower      e-upper        proton    r.err 
   1.0000E-03   2.5099E-01   7.5451E+05  0.0257
   2.5099E-01   5.0098E-01   9.5874E+05  0.0228
   5.0098E-01   7.5097E-01   1.1395E+06  0.0209
   7.5097E-01   1.0010E+00   1.1969E+06  0.0204
   1.0010E+00   1.2509E+00   1.1410E+06  0.0209
   1.2509E+00   1.5009E+00   1.0107E+06  0.0222
   1.5009E+00   1.7509E+00   8.5587E+05  0.0242
   1.7509E+00   2.0009E+00   8.7984E+05  0.0238
   2.0009E+00   2.2509E+00   1.2638E+06  0.0199
   2.2509E+00   2.5009E+00   2.0468E+06  0.0156
   2.5009E+00   2.7509E+00   3.5054E+06  0.0119
   2.7509E+00   3.0009E+00   5.6810E+06  0.0094
   3.0009E+00   3.2509E+00   8.2606E+06  0.0078
   3.2509E+00   3.5009E+00   1.0169E+07  0.0070
   3.5009E+00   3.7508E+00   1.0269E+07  0.0070
   3.7508E+00   4.0008E+00   8.6127E+06  0.0076
   4.0008E+00   4.2508E+00   5.6361E+06  0.0094
   4.2508E+00   4.5008E+00   3.1708E+06  0.0125
   4.5008E+00   4.7508E+00   3.1543E+06  0.0126
   4.7508E+00   5.0008E+00   6.9558E+06  0.0085
   5.0008E+00   5.2508E+00   1.5566E+07  0.0057
   5.2508E+00   5.5008E+00   2.5612E+07  0.0044
   5.5008E+00   5.7508E+00   2.9077E+07  0.0041
   5.7508E+00   6.0008E+00   2.1380E+07  0.0048
   6.0008E+00   6.2508E+00   9.6113E+06  0.0072
   6.2508E+00   6.5007E+00   2.4533E+06  0.0143
   6.5007E+00   6.7507E+00   3.4954E+05  0.0378
   6.7507E+00   7.0007E+00   2.4967E+04  0.1414
   7.0007E+00   7.2507E+00   4.9934E+02  1.0000
   7.2507E+00   7.5007E+00   4.9934E+02  1.0000
   7.5007E+00   7.7507E+00   0.0000E+00  0.0000
   7.7507E+00   8.0007E+00   0.0000E+00  0.0000
   8.0007E+00   8.2507E+00   0.0000E+00  0.0000
   8.2507E+00   8.5007E+00   0.0000E+00  0.0000
   8.5007E+00   8.7506E+00   0.0000E+00  0.0000
   8.7506E+00   9.0006E+00   0.0000E+00  0.0000
   9.0006E+00   9.2506E+00   0.0000E+00  0.0000
   9.2506E+00   9.5006E+00   0.0000E+00  0.0000
   9.5006E+00   9.7506E+00   0.0000E+00  0.0000
   9.7506E+00   1.0001E+01   0.0000E+00  0.0000
   1.0001E+01   1.0251E+01   0.0000E+00  0.0000
   1.0251E+01   1.0501E+01   0.0000E+00  0.0000
   1.0501E+01   1.0751E+01   0.0000E+00  0.0000
   1.0751E+01   1.1001E+01   0.0000E+00  0.0000
   1.1001E+01   1.1251E+01   0.0000E+00  0.0000
   1.1251E+01   1.1501E+01   0.0000E+00  0.0000
   1.1501E+01   1.1751E+01   0.0000E+00  0.0000
   1.1751E+01   1.2001E+01   0.0000E+00  0.0000
   1.2001E+01   1.2251E+01   0.0000E+00  0.0000
   1.2251E+01   1.2500E+01   0.0000E+00  0.0000
   1.2500E+01   1.2750E+01   0.0000E+00  0.0000
   1.2750E+01   1.3000E+01   0.0000E+00  0.0000
   1.3000E+01   1.3250E+01   0.0000E+00  0.0000
   1.3250E+01   1.3500E+01   0.0000E+00  0.0000
   1.3500E+01   1.3750E+01   0.0000E+00  0.0000
   1.3750E+01   1.4000E+01   0.0000E+00  0.0000
   1.4000E+01   1.4250E+01   0.0000E+00  0.0000
   1.4250E+01   1.4500E+01   0.0000E+00  0.0000
   1.4500E+01   1.4750E+01   0.0000E+00  0.0000
   1.4750E+01   1.5000E+01   0.0000E+00  0.0000
   1.5000E+01   1.5250E+01   0.0000E+00  0.0000
   1.5250E+01   1.5500E+01   0.0000E+00  0.0000
   1.5500E+01   1.5750E+01   0.0000E+00  0.0000
   1.5750E+01   1.6000E+01   0.0000E+00  0.0000
   1.6000E+01   1.6250E+01   0.0000E+00  0.0000
   1.6250E+01   1.6500E+01   0.0000E+00  0.0000
   1.6500E+01   1.6750E+01   0.0000E+00  0.0000
   1.6750E+01   1.7000E+01   0.0000E+00  0.0000
   1.7000E+01   1.7250E+01   0.0000E+00  0.0000
   1.7250E+01   1.7500E+01   0.0000E+00  0.0000
   1.7500E+01   1.7750E+01   0.0000E+00  0.0000
   1.7750E+01   1.8000E+01   0.0000E+00  0.0000
   1.8000E+01   1.8250E+01   0.0000E+00  0.0000
   1.8250E+01   1.8500E+01   0.0000E+00  0.0000
   1.8500E+01   1.8750E+01   0.0000E+00  0.0000
   1.8750E+01   1.9000E+01   0.0000E+00  0.0000
   1.9000E+01   1.9250E+01   0.0000E+00  0.0000
   1.9250E+01   1.9500E+01   0.0000E+00  0.0000
   1.9500E+01   1.9750E+01   0.0000E+00  0.0000
   1.9750E+01   2.0000E+01   0.0000E+00  0.0000
   2.0000E+01   2.0250E+01   0.0000E+00  0.0000
   2.0250E+01   2.0500E+01   0.0000E+00  0.0000
   2.0500E+01   2.0750E+01   0.0000E+00  0.0000
   2.0750E+01   2.1000E+01   0.0000E+00  0.0000
   2.1000E+01   2.1250E+01   0.0000E+00  0.0000
   2.1250E+01   2.1500E+01   0.0000E+00  0.0000
   2.1500E+01   2.1750E+01   0.0000E+00  0.0000
   2.1750E+01   2.2000E+01   0.0000E+00  0.0000
   2.2000E+01   2.2250E+01   0.0000E+00  0.0000
   2.2250E+01   2.2500E+01   0.0000E+00  0.0000
   2.2500E+01   2.2750E+01   0.0000E+00  0.0000
   2.2750E+01   2.3000E+01   0.0000E+00  0.0000
   2.3000E+01   2.3250E+01   0.0000E+00  0.0000
   2.3250E+01   2.3500E+01   0.0000E+00  0.0000
   2.3500E+01   2.3750E+01   0.0000E+00  0.0000
   2.3750E+01   2.4000E+01   0.0000E+00  0.0000
   2.4000E+01   2.4250E+01   0.0000E+00  0.0000
   2.4250E+01   2.4500E+01   0.0000E+00  0.0000
   2.4500E+01   2.4750E+01   0.0000E+00  0.0000
   2.4750E+01   2.5000E+01   0.0000E+00  0.0000

#   sum over                 1.8074E+06  0.0017
'no. =   19   reg = 7032 - 7033'
msuc: {\huge Proton energy spectra through CR39 interfaces}
msdr: {\it plotted by \ANGEL \version}
msdl: {\it calculated by \PHITS  3.36}
wt: s(0.7)
\vspace{-3}
  region surface crossing
  area  &=&   1.0000E+00 [cm^2]
e:

#------------------------------------------------------------------------------
 newpage:
#   no. =   20   reg = 7033 - 7034

x: Energy [MeV/n]
y:  F-Curr [1/cm^2/(MeV/n)/source]         
p: xlin ylog afac(0.8) form(0.9)
h: n            x            y(proton  ),hh0l n 
#  e-lower      e-upper        proton    r.err 
   1.0000E-03   2.5099E-01   5.0833E+05  0.0313
   2.5099E-01   5.0098E-01   7.9296E+05  0.0251
   5.0098E-01   7.5097E-01   1.2658E+06  0.0199
   7.5097E-01   1.0010E+00   2.0813E+06  0.0155
   1.0010E+00   1.2509E+00   3.2527E+06  0.0124
   1.2509E+00   1.5009E+00   4.8216E+06  0.0102
   1.5009E+00   1.7509E+00   7.2984E+06  0.0083
   1.7509E+00   2.0009E+00   9.8960E+06  0.0071
   2.0009E+00   2.2509E+00   1.3111E+07  0.0062
   2.2509E+00   2.5009E+00   1.5191E+07  0.0057
   2.5009E+00   2.7509E+00   1.6125E+07  0.0056
   2.7509E+00   3.0009E+00   1.4618E+07  0.0058
   3.0009E+00   3.2509E+00   1.1024E+07  0.0067
   3.2509E+00   3.5009E+00   6.7142E+06  0.0086
   3.5009E+00   3.7508E+00   3.1648E+06  0.0126
   3.7508E+00   4.0008E+00   1.1315E+06  0.0210
   4.0008E+00   4.2508E+00   3.0759E+05  0.0403
   4.2508E+00   4.5008E+00   6.3416E+04  0.0887
   4.5008E+00   4.7508E+00   1.0486E+04  0.2182
   4.7508E+00   5.0008E+00   4.9934E+02  1.0000
   5.0008E+00   5.2508E+00   1.4980E+03  0.5774
   5.2508E+00   5.5008E+00   0.0000E+00  0.0000
   5.5008E+00   5.7508E+00   0.0000E+00  0.0000
   5.7508E+00   6.0008E+00   0.0000E+00  0.0000
   6.0008E+00   6.2508E+00   0.0000E+00  0.0000
   6.2508E+00   6.5007E+00   0.0000E+00  0.0000
   6.5007E+00   6.7507E+00   0.0000E+00  0.0000
   6.7507E+00   7.0007E+00   0.0000E+00  0.0000
   7.0007E+00   7.2507E+00   0.0000E+00  0.0000
   7.2507E+00   7.5007E+00   0.0000E+00  0.0000
   7.5007E+00   7.7507E+00   0.0000E+00  0.0000
   7.7507E+00   8.0007E+00   0.0000E+00  0.0000
   8.0007E+00   8.2507E+00   0.0000E+00  0.0000
   8.2507E+00   8.5007E+00   0.0000E+00  0.0000
   8.5007E+00   8.7506E+00   0.0000E+00  0.0000
   8.7506E+00   9.0006E+00   0.0000E+00  0.0000
   9.0006E+00   9.2506E+00   0.0000E+00  0.0000
   9.2506E+00   9.5006E+00   0.0000E+00  0.0000
   9.5006E+00   9.7506E+00   0.0000E+00  0.0000
   9.7506E+00   1.0001E+01   0.0000E+00  0.0000
   1.0001E+01   1.0251E+01   0.0000E+00  0.0000
   1.0251E+01   1.0501E+01   0.0000E+00  0.0000
   1.0501E+01   1.0751E+01   0.0000E+00  0.0000
   1.0751E+01   1.1001E+01   0.0000E+00  0.0000
   1.1001E+01   1.1251E+01   0.0000E+00  0.0000
   1.1251E+01   1.1501E+01   0.0000E+00  0.0000
   1.1501E+01   1.1751E+01   0.0000E+00  0.0000
   1.1751E+01   1.2001E+01   0.0000E+00  0.0000
   1.2001E+01   1.2251E+01   0.0000E+00  0.0000
   1.2251E+01   1.2500E+01   0.0000E+00  0.0000
   1.2500E+01   1.2750E+01   0.0000E+00  0.0000
   1.2750E+01   1.3000E+01   0.0000E+00  0.0000
   1.3000E+01   1.3250E+01   0.0000E+00  0.0000
   1.3250E+01   1.3500E+01   0.0000E+00  0.0000
   1.3500E+01   1.3750E+01   0.0000E+00  0.0000
   1.3750E+01   1.4000E+01   0.0000E+00  0.0000
   1.4000E+01   1.4250E+01   0.0000E+00  0.0000
   1.4250E+01   1.4500E+01   0.0000E+00  0.0000
   1.4500E+01   1.4750E+01   0.0000E+00  0.0000
   1.4750E+01   1.5000E+01   0.0000E+00  0.0000
   1.5000E+01   1.5250E+01   0.0000E+00  0.0000
   1.5250E+01   1.5500E+01   0.0000E+00  0.0000
   1.5500E+01   1.5750E+01   0.0000E+00  0.0000
   1.5750E+01   1.6000E+01   0.0000E+00  0.0000
   1.6000E+01   1.6250E+01   0.0000E+00  0.0000
   1.6250E+01   1.6500E+01   0.0000E+00  0.0000
   1.6500E+01   1.6750E+01   0.0000E+00  0.0000
   1.6750E+01   1.7000E+01   0.0000E+00  0.0000
   1.7000E+01   1.7250E+01   0.0000E+00  0.0000
   1.7250E+01   1.7500E+01   0.0000E+00  0.0000
   1.7500E+01   1.7750E+01   0.0000E+00  0.0000
   1.7750E+01   1.8000E+01   0.0000E+00  0.0000
   1.8000E+01   1.8250E+01   0.0000E+00  0.0000
   1.8250E+01   1.8500E+01   0.0000E+00  0.0000
   1.8500E+01   1.8750E+01   0.0000E+00  0.0000
   1.8750E+01   1.9000E+01   0.0000E+00  0.0000
   1.9000E+01   1.9250E+01   0.0000E+00  0.0000
   1.9250E+01   1.9500E+01   0.0000E+00  0.0000
   1.9500E+01   1.9750E+01   0.0000E+00  0.0000
   1.9750E+01   2.0000E+01   0.0000E+00  0.0000
   2.0000E+01   2.0250E+01   0.0000E+00  0.0000
   2.0250E+01   2.0500E+01   0.0000E+00  0.0000
   2.0500E+01   2.0750E+01   0.0000E+00  0.0000
   2.0750E+01   2.1000E+01   0.0000E+00  0.0000
   2.1000E+01   2.1250E+01   0.0000E+00  0.0000
   2.1250E+01   2.1500E+01   0.0000E+00  0.0000
   2.1500E+01   2.1750E+01   0.0000E+00  0.0000
   2.1750E+01   2.2000E+01   0.0000E+00  0.0000
   2.2000E+01   2.2250E+01   0.0000E+00  0.0000
   2.2250E+01   2.2500E+01   0.0000E+00  0.0000
   2.2500E+01   2.2750E+01   0.0000E+00  0.0000
   2.2750E+01   2.3000E+01   0.0000E+00  0.0000
   2.3000E+01   2.3250E+01   0.0000E+00  0.0000
   2.3250E+01   2.3500E+01   0.0000E+00  0.0000
   2.3500E+01   2.3750E+01   0.0000E+00  0.0000
   2.3750E+01   2.4000E+01   0.0000E+00  0.0000
   2.4000E+01   2.4250E+01   0.0000E+00  0.0000
   2.4250E+01   2.4500E+01   0.0000E+00  0.0000
   2.4500E+01   2.4750E+01   0.0000E+00  0.0000
   2.4750E+01   2.5000E+01   0.0000E+00  0.0000

#   sum over                 1.1138E+06  0.0021
'no. =   20   reg = 7033 - 7034'
msuc: {\huge Proton energy spectra through CR39 interfaces}
msdr: {\it plotted by \ANGEL \version}
msdl: {\it calculated by \PHITS  3.36}
wt: s(0.7)
\vspace{-3}
  region surface crossing
  area  &=&   1.0000E+00 [cm^2]
e:

#------------------------------------------------------------------------------
 newpage:
#   no. =   21   reg = 7034 - 6003

x: Energy [MeV/n]
y:  F-Curr [1/cm^2/(MeV/n)/source]         
p: xlin ylog afac(0.8) form(0.9)
h: n            x            y(proton  ),hh0l n 
#  e-lower      e-upper        proton    r.err 
   1.0000E-03   2.5099E-01   0.0000E+00  0.0000
   2.5099E-01   5.0098E-01   4.9934E+02  1.0000
   5.0098E-01   7.5097E-01   0.0000E+00  0.0000
   7.5097E-01   1.0010E+00   0.0000E+00  0.0000
   1.0010E+00   1.2509E+00   4.9934E+02  1.0000
   1.2509E+00   1.5009E+00   4.9934E+02  1.0000
   1.5009E+00   1.7509E+00   4.9934E+02  1.0000
   1.7509E+00   2.0009E+00   0.0000E+00  0.0000
   2.0009E+00   2.2509E+00   0.0000E+00  0.0000
   2.2509E+00   2.5009E+00   0.0000E+00  0.0000
   2.5009E+00   2.7509E+00   0.0000E+00  0.0000
   2.7509E+00   3.0009E+00   0.0000E+00  0.0000
   3.0009E+00   3.2509E+00   0.0000E+00  0.0000
   3.2509E+00   3.5009E+00   0.0000E+00  0.0000
   3.5009E+00   3.7508E+00   0.0000E+00  0.0000
   3.7508E+00   4.0008E+00   0.0000E+00  0.0000
   4.0008E+00   4.2508E+00   0.0000E+00  0.0000
   4.2508E+00   4.5008E+00   0.0000E+00  0.0000
   4.5008E+00   4.7508E+00   0.0000E+00  0.0000
   4.7508E+00   5.0008E+00   0.0000E+00  0.0000
   5.0008E+00   5.2508E+00   0.0000E+00  0.0000
   5.2508E+00   5.5008E+00   0.0000E+00  0.0000
   5.5008E+00   5.7508E+00   0.0000E+00  0.0000
   5.7508E+00   6.0008E+00   0.0000E+00  0.0000
   6.0008E+00   6.2508E+00   0.0000E+00  0.0000
   6.2508E+00   6.5007E+00   0.0000E+00  0.0000
   6.5007E+00   6.7507E+00   0.0000E+00  0.0000
   6.7507E+00   7.0007E+00   0.0000E+00  0.0000
   7.0007E+00   7.2507E+00   0.0000E+00  0.0000
   7.2507E+00   7.5007E+00   0.0000E+00  0.0000
   7.5007E+00   7.7507E+00   0.0000E+00  0.0000
   7.7507E+00   8.0007E+00   0.0000E+00  0.0000
   8.0007E+00   8.2507E+00   0.0000E+00  0.0000
   8.2507E+00   8.5007E+00   0.0000E+00  0.0000
   8.5007E+00   8.7506E+00   0.0000E+00  0.0000
   8.7506E+00   9.0006E+00   0.0000E+00  0.0000
   9.0006E+00   9.2506E+00   0.0000E+00  0.0000
   9.2506E+00   9.5006E+00   0.0000E+00  0.0000
   9.5006E+00   9.7506E+00   0.0000E+00  0.0000
   9.7506E+00   1.0001E+01   0.0000E+00  0.0000
   1.0001E+01   1.0251E+01   0.0000E+00  0.0000
   1.0251E+01   1.0501E+01   0.0000E+00  0.0000
   1.0501E+01   1.0751E+01   0.0000E+00  0.0000
   1.0751E+01   1.1001E+01   0.0000E+00  0.0000
   1.1001E+01   1.1251E+01   0.0000E+00  0.0000
   1.1251E+01   1.1501E+01   0.0000E+00  0.0000
   1.1501E+01   1.1751E+01   0.0000E+00  0.0000
   1.1751E+01   1.2001E+01   0.0000E+00  0.0000
   1.2001E+01   1.2251E+01   0.0000E+00  0.0000
   1.2251E+01   1.2500E+01   0.0000E+00  0.0000
   1.2500E+01   1.2750E+01   0.0000E+00  0.0000
   1.2750E+01   1.3000E+01   0.0000E+00  0.0000
   1.3000E+01   1.3250E+01   0.0000E+00  0.0000
   1.3250E+01   1.3500E+01   0.0000E+00  0.0000
   1.3500E+01   1.3750E+01   0.0000E+00  0.0000
   1.3750E+01   1.4000E+01   0.0000E+00  0.0000
   1.4000E+01   1.4250E+01   0.0000E+00  0.0000
   1.4250E+01   1.4500E+01   0.0000E+00  0.0000
   1.4500E+01   1.4750E+01   0.0000E+00  0.0000
   1.4750E+01   1.5000E+01   0.0000E+00  0.0000
   1.5000E+01   1.5250E+01   0.0000E+00  0.0000
   1.5250E+01   1.5500E+01   0.0000E+00  0.0000
   1.5500E+01   1.5750E+01   0.0000E+00  0.0000
   1.5750E+01   1.6000E+01   0.0000E+00  0.0000
   1.6000E+01   1.6250E+01   0.0000E+00  0.0000
   1.6250E+01   1.6500E+01   0.0000E+00  0.0000
   1.6500E+01   1.6750E+01   0.0000E+00  0.0000
   1.6750E+01   1.7000E+01   0.0000E+00  0.0000
   1.7000E+01   1.7250E+01   0.0000E+00  0.0000
   1.7250E+01   1.7500E+01   0.0000E+00  0.0000
   1.7500E+01   1.7750E+01   0.0000E+00  0.0000
   1.7750E+01   1.8000E+01   0.0000E+00  0.0000
   1.8000E+01   1.8250E+01   0.0000E+00  0.0000
   1.8250E+01   1.8500E+01   0.0000E+00  0.0000
   1.8500E+01   1.8750E+01   0.0000E+00  0.0000
   1.8750E+01   1.9000E+01   0.0000E+00  0.0000
   1.9000E+01   1.9250E+01   0.0000E+00  0.0000
   1.9250E+01   1.9500E+01   0.0000E+00  0.0000
   1.9500E+01   1.9750E+01   0.0000E+00  0.0000
   1.9750E+01   2.0000E+01   0.0000E+00  0.0000
   2.0000E+01   2.0250E+01   0.0000E+00  0.0000
   2.0250E+01   2.0500E+01   0.0000E+00  0.0000
   2.0500E+01   2.0750E+01   0.0000E+00  0.0000
   2.0750E+01   2.1000E+01   0.0000E+00  0.0000
   2.1000E+01   2.1250E+01   0.0000E+00  0.0000
   2.1250E+01   2.1500E+01   0.0000E+00  0.0000
   2.1500E+01   2.1750E+01   0.0000E+00  0.0000
   2.1750E+01   2.2000E+01   0.0000E+00  0.0000
   2.2000E+01   2.2250E+01   0.0000E+00  0.0000
   2.2250E+01   2.2500E+01   0.0000E+00  0.0000
   2.2500E+01   2.2750E+01   0.0000E+00  0.0000
   2.2750E+01   2.3000E+01   0.0000E+00  0.0000
   2.3000E+01   2.3250E+01   0.0000E+00  0.0000
   2.3250E+01   2.3500E+01   0.0000E+00  0.0000
   2.3500E+01   2.3750E+01   0.0000E+00  0.0000
   2.3750E+01   2.4000E+01   0.0000E+00  0.0000
   2.4000E+01   2.4250E+01   0.0000E+00  0.0000
   2.4250E+01   2.4500E+01   0.0000E+00  0.0000
   2.4500E+01   2.4750E+01   0.0000E+00  0.0000
   2.4750E+01   2.5000E+01   0.0000E+00  0.0000

#   sum over                 1.9974E+01  0.5000
'no. =   21   reg = 7034 - 6003'
msuc: {\huge Proton energy spectra through CR39 interfaces}
msdr: {\it plotted by \ANGEL \version}
msdl: {\it calculated by \PHITS  3.36}
wt: s(0.7)
\vspace{-3}
  region surface crossing
  area  &=&   1.0000E+00 [cm^2]
e:

#------------------------------------------------------------------------------
 newpage:
#   no. =   22   reg = 600 - 7041

x: Energy [MeV/n]
y:  F-Curr [1/cm^2/(MeV/n)/source]         
p: xlin ylog afac(0.8) form(0.9)
h: n            x            y(proton  ),hh0l n 
#  e-lower      e-upper        proton    r.err 
   1.0000E-03   2.5099E-01   3.0610E+05  0.0404
   2.5099E-01   5.0098E-01   5.2081E+05  0.0310
   5.0098E-01   7.5097E-01   8.2292E+05  0.0246
   7.5097E-01   1.0010E+00   1.2339E+06  0.0201
   1.0010E+00   1.2509E+00   1.9110E+06  0.0162
   1.2509E+00   1.5009E+00   2.7364E+06  0.0135
   1.5009E+00   1.7509E+00   3.7640E+06  0.0115
   1.7509E+00   2.0009E+00   4.7567E+06  0.0102
   2.0009E+00   2.2509E+00   5.5886E+06  0.0095
   2.2509E+00   2.5009E+00   5.9282E+06  0.0092
   2.5009E+00   2.7509E+00   5.2760E+06  0.0097
   2.7509E+00   3.0009E+00   4.0522E+06  0.0111
   3.0009E+00   3.2509E+00   2.6041E+06  0.0138
   3.2509E+00   3.5009E+00   1.5025E+06  0.0182
   3.5009E+00   3.7508E+00   1.3347E+06  0.0193
   3.7508E+00   4.0008E+00   2.4513E+06  0.0143
   4.0008E+00   4.2508E+00   5.2571E+06  0.0097
   4.2508E+00   4.5008E+00   9.7851E+06  0.0071
   4.5008E+00   4.7508E+00   1.3557E+07  0.0061
   4.7508E+00   5.0008E+00   1.3691E+07  0.0060
   5.0008E+00   5.2508E+00   9.4620E+06  0.0073
   5.2508E+00   5.5008E+00   4.8591E+06  0.0101
   5.5008E+00   5.7508E+00   2.9561E+06  0.0130
   5.7508E+00   6.0008E+00   7.0078E+06  0.0084
   6.0008E+00   6.2508E+00   1.8911E+07  0.0051
   6.2508E+00   6.5007E+00   3.2937E+07  0.0039
   6.5007E+00   6.7507E+00   3.3219E+07  0.0039
   6.7507E+00   7.0007E+00   1.7931E+07  0.0053
   7.0007E+00   7.2507E+00   4.7537E+06  0.0102
   7.2507E+00   7.5007E+00   5.8323E+05  0.0293
   7.5007E+00   7.7507E+00   2.3968E+04  0.1443
   7.7507E+00   8.0007E+00   9.9868E+02  0.7071
   8.0007E+00   8.2507E+00   0.0000E+00  0.0000
   8.2507E+00   8.5007E+00   0.0000E+00  0.0000
   8.5007E+00   8.7506E+00   0.0000E+00  0.0000
   8.7506E+00   9.0006E+00   4.9934E+02  1.0000
   9.0006E+00   9.2506E+00   0.0000E+00  0.0000
   9.2506E+00   9.5006E+00   4.9934E+02  1.0000
   9.5006E+00   9.7506E+00   4.9934E+02  1.0000
   9.7506E+00   1.0001E+01   0.0000E+00  0.0000
   1.0001E+01   1.0251E+01   0.0000E+00  0.0000
   1.0251E+01   1.0501E+01   0.0000E+00  0.0000
   1.0501E+01   1.0751E+01   0.0000E+00  0.0000
   1.0751E+01   1.1001E+01   4.9934E+02  1.0000
   1.1001E+01   1.1251E+01   0.0000E+00  0.0000
   1.1251E+01   1.1501E+01   0.0000E+00  0.0000
   1.1501E+01   1.1751E+01   0.0000E+00  0.0000
   1.1751E+01   1.2001E+01   0.0000E+00  0.0000
   1.2001E+01   1.2251E+01   0.0000E+00  0.0000
   1.2251E+01   1.2500E+01   0.0000E+00  0.0000
   1.2500E+01   1.2750E+01   0.0000E+00  0.0000
   1.2750E+01   1.3000E+01   0.0000E+00  0.0000
   1.3000E+01   1.3250E+01   0.0000E+00  0.0000
   1.3250E+01   1.3500E+01   0.0000E+00  0.0000
   1.3500E+01   1.3750E+01   0.0000E+00  0.0000
   1.3750E+01   1.4000E+01   0.0000E+00  0.0000
   1.4000E+01   1.4250E+01   0.0000E+00  0.0000
   1.4250E+01   1.4500E+01   0.0000E+00  0.0000
   1.4500E+01   1.4750E+01   0.0000E+00  0.0000
   1.4750E+01   1.5000E+01   0.0000E+00  0.0000
   1.5000E+01   1.5250E+01   0.0000E+00  0.0000
   1.5250E+01   1.5500E+01   0.0000E+00  0.0000
   1.5500E+01   1.5750E+01   0.0000E+00  0.0000
   1.5750E+01   1.6000E+01   0.0000E+00  0.0000
   1.6000E+01   1.6250E+01   0.0000E+00  0.0000
   1.6250E+01   1.6500E+01   0.0000E+00  0.0000
   1.6500E+01   1.6750E+01   0.0000E+00  0.0000
   1.6750E+01   1.7000E+01   0.0000E+00  0.0000
   1.7000E+01   1.7250E+01   0.0000E+00  0.0000
   1.7250E+01   1.7500E+01   0.0000E+00  0.0000
   1.7500E+01   1.7750E+01   0.0000E+00  0.0000
   1.7750E+01   1.8000E+01   0.0000E+00  0.0000
   1.8000E+01   1.8250E+01   0.0000E+00  0.0000
   1.8250E+01   1.8500E+01   0.0000E+00  0.0000
   1.8500E+01   1.8750E+01   0.0000E+00  0.0000
   1.8750E+01   1.9000E+01   0.0000E+00  0.0000
   1.9000E+01   1.9250E+01   0.0000E+00  0.0000
   1.9250E+01   1.9500E+01   0.0000E+00  0.0000
   1.9500E+01   1.9750E+01   0.0000E+00  0.0000
   1.9750E+01   2.0000E+01   0.0000E+00  0.0000
   2.0000E+01   2.0250E+01   0.0000E+00  0.0000
   2.0250E+01   2.0500E+01   0.0000E+00  0.0000
   2.0500E+01   2.0750E+01   0.0000E+00  0.0000
   2.0750E+01   2.1000E+01   0.0000E+00  0.0000
   2.1000E+01   2.1250E+01   0.0000E+00  0.0000
   2.1250E+01   2.1500E+01   0.0000E+00  0.0000
   2.1500E+01   2.1750E+01   0.0000E+00  0.0000
   2.1750E+01   2.2000E+01   0.0000E+00  0.0000
   2.2000E+01   2.2250E+01   0.0000E+00  0.0000
   2.2250E+01   2.2500E+01   0.0000E+00  0.0000
   2.2500E+01   2.2750E+01   0.0000E+00  0.0000
   2.2750E+01   2.3000E+01   0.0000E+00  0.0000
   2.3000E+01   2.3250E+01   0.0000E+00  0.0000
   2.3250E+01   2.3500E+01   0.0000E+00  0.0000
   2.3500E+01   2.3750E+01   0.0000E+00  0.0000
   2.3750E+01   2.4000E+01   0.0000E+00  0.0000
   2.4000E+01   2.4250E+01   0.0000E+00  0.0000
   2.4250E+01   2.4500E+01   0.0000E+00  0.0000
   2.4500E+01   2.4750E+01   0.0000E+00  0.0000
   2.4750E+01   2.5000E+01   0.0000E+00  0.0000

#   sum over                 2.1973E+06  0.0015
'no. =   22   reg = 600 - 7041'
msuc: {\huge Proton energy spectra through CR39 interfaces}
msdr: {\it plotted by \ANGEL \version}
msdl: {\it calculated by \PHITS  3.36}
wt: s(0.7)
\vspace{-3}
  region surface crossing
  area  &=&   1.0000E+00 [cm^2]
e:

#------------------------------------------------------------------------------
 newpage:
#   no. =   23   reg = 7041 - 7042

x: Energy [MeV/n]
y:  F-Curr [1/cm^2/(MeV/n)/source]         
p: xlin ylog afac(0.8) form(0.9)
h: n            x            y(proton  ),hh0l n 
#  e-lower      e-upper        proton    r.err 
   1.0000E-03   2.5099E-01   1.7592E+06  0.0168
   2.5099E-01   5.0098E-01   2.4842E+06  0.0142
   5.0098E-01   7.5097E-01   3.3541E+06  0.0122
   7.5097E-01   1.0010E+00   3.9743E+06  0.0112
   1.0010E+00   1.2509E+00   4.2534E+06  0.0108
   1.2509E+00   1.5009E+00   4.1970E+06  0.0109
   1.5009E+00   1.7509E+00   3.7131E+06  0.0116
   1.7509E+00   2.0009E+00   3.0879E+06  0.0127
   2.0009E+00   2.2509E+00   2.2036E+06  0.0151
   2.2509E+00   2.5009E+00   1.6408E+06  0.0174
   2.5009E+00   2.7509E+00   1.6528E+06  0.0174
   2.7509E+00   3.0009E+00   2.7863E+06  0.0134
   3.0009E+00   3.2509E+00   5.6471E+06  0.0094
   3.2509E+00   3.5009E+00   1.0880E+07  0.0068
   3.5009E+00   3.7508E+00   1.7743E+07  0.0053
   3.7508E+00   4.0008E+00   2.3360E+07  0.0046
   4.0008E+00   4.2508E+00   2.3733E+07  0.0046
   4.2508E+00   4.5008E+00   1.7866E+07  0.0053
   4.5008E+00   4.7508E+00   9.3761E+06  0.0073
   4.7508E+00   5.0008E+00   3.2962E+06  0.0123
   5.0008E+00   5.2508E+00   7.4901E+05  0.0258
   5.2508E+00   5.5008E+00   8.9382E+04  0.0747
   5.5008E+00   5.7508E+00   8.9882E+03  0.2357
   5.7508E+00   6.0008E+00   9.9868E+02  0.7071
   6.0008E+00   6.2508E+00   0.0000E+00  0.0000
   6.2508E+00   6.5007E+00   0.0000E+00  0.0000
   6.5007E+00   6.7507E+00   0.0000E+00  0.0000
   6.7507E+00   7.0007E+00   0.0000E+00  0.0000
   7.0007E+00   7.2507E+00   4.9934E+02  1.0000
   7.2507E+00   7.5007E+00   0.0000E+00  0.0000
   7.5007E+00   7.7507E+00   0.0000E+00  0.0000
   7.7507E+00   8.0007E+00   9.9868E+02  0.7071
   8.0007E+00   8.2507E+00   4.9934E+02  1.0000
   8.2507E+00   8.5007E+00   0.0000E+00  0.0000
   8.5007E+00   8.7506E+00   0.0000E+00  0.0000
   8.7506E+00   9.0006E+00   0.0000E+00  0.0000
   9.0006E+00   9.2506E+00   0.0000E+00  0.0000
   9.2506E+00   9.5006E+00   4.9934E+02  1.0000
   9.5006E+00   9.7506E+00   0.0000E+00  0.0000
   9.7506E+00   1.0001E+01   0.0000E+00  0.0000
   1.0001E+01   1.0251E+01   0.0000E+00  0.0000
   1.0251E+01   1.0501E+01   0.0000E+00  0.0000
   1.0501E+01   1.0751E+01   0.0000E+00  0.0000
   1.0751E+01   1.1001E+01   0.0000E+00  0.0000
   1.1001E+01   1.1251E+01   0.0000E+00  0.0000
   1.1251E+01   1.1501E+01   0.0000E+00  0.0000
   1.1501E+01   1.1751E+01   0.0000E+00  0.0000
   1.1751E+01   1.2001E+01   0.0000E+00  0.0000
   1.2001E+01   1.2251E+01   0.0000E+00  0.0000
   1.2251E+01   1.2500E+01   0.0000E+00  0.0000
   1.2500E+01   1.2750E+01   0.0000E+00  0.0000
   1.2750E+01   1.3000E+01   0.0000E+00  0.0000
   1.3000E+01   1.3250E+01   0.0000E+00  0.0000
   1.3250E+01   1.3500E+01   0.0000E+00  0.0000
   1.3500E+01   1.3750E+01   0.0000E+00  0.0000
   1.3750E+01   1.4000E+01   0.0000E+00  0.0000
   1.4000E+01   1.4250E+01   0.0000E+00  0.0000
   1.4250E+01   1.4500E+01   0.0000E+00  0.0000
   1.4500E+01   1.4750E+01   0.0000E+00  0.0000
   1.4750E+01   1.5000E+01   0.0000E+00  0.0000
   1.5000E+01   1.5250E+01   0.0000E+00  0.0000
   1.5250E+01   1.5500E+01   0.0000E+00  0.0000
   1.5500E+01   1.5750E+01   0.0000E+00  0.0000
   1.5750E+01   1.6000E+01   0.0000E+00  0.0000
   1.6000E+01   1.6250E+01   0.0000E+00  0.0000
   1.6250E+01   1.6500E+01   0.0000E+00  0.0000
   1.6500E+01   1.6750E+01   0.0000E+00  0.0000
   1.6750E+01   1.7000E+01   0.0000E+00  0.0000
   1.7000E+01   1.7250E+01   0.0000E+00  0.0000
   1.7250E+01   1.7500E+01   0.0000E+00  0.0000
   1.7500E+01   1.7750E+01   0.0000E+00  0.0000
   1.7750E+01   1.8000E+01   0.0000E+00  0.0000
   1.8000E+01   1.8250E+01   0.0000E+00  0.0000
   1.8250E+01   1.8500E+01   0.0000E+00  0.0000
   1.8500E+01   1.8750E+01   0.0000E+00  0.0000
   1.8750E+01   1.9000E+01   0.0000E+00  0.0000
   1.9000E+01   1.9250E+01   0.0000E+00  0.0000
   1.9250E+01   1.9500E+01   0.0000E+00  0.0000
   1.9500E+01   1.9750E+01   0.0000E+00  0.0000
   1.9750E+01   2.0000E+01   0.0000E+00  0.0000
   2.0000E+01   2.0250E+01   0.0000E+00  0.0000
   2.0250E+01   2.0500E+01   0.0000E+00  0.0000
   2.0500E+01   2.0750E+01   0.0000E+00  0.0000
   2.0750E+01   2.1000E+01   0.0000E+00  0.0000
   2.1000E+01   2.1250E+01   0.0000E+00  0.0000
   2.1250E+01   2.1500E+01   0.0000E+00  0.0000
   2.1500E+01   2.1750E+01   0.0000E+00  0.0000
   2.1750E+01   2.2000E+01   0.0000E+00  0.0000
   2.2000E+01   2.2250E+01   0.0000E+00  0.0000
   2.2250E+01   2.2500E+01   0.0000E+00  0.0000
   2.2500E+01   2.2750E+01   0.0000E+00  0.0000
   2.2750E+01   2.3000E+01   0.0000E+00  0.0000
   2.3000E+01   2.3250E+01   0.0000E+00  0.0000
   2.3250E+01   2.3500E+01   0.0000E+00  0.0000
   2.3500E+01   2.3750E+01   0.0000E+00  0.0000
   2.3750E+01   2.4000E+01   0.0000E+00  0.0000
   2.4000E+01   2.4250E+01   0.0000E+00  0.0000
   2.4250E+01   2.4500E+01   0.0000E+00  0.0000
   2.4500E+01   2.4750E+01   0.0000E+00  0.0000
   2.4750E+01   2.5000E+01   0.0000E+00  0.0000

#   sum over                 1.4786E+06  0.0018
'no. =   23   reg = 7041 - 7042'
msuc: {\huge Proton energy spectra through CR39 interfaces}
msdr: {\it plotted by \ANGEL \version}
msdl: {\it calculated by \PHITS  3.36}
wt: s(0.7)
\vspace{-3}
  region surface crossing
  area  &=&   1.0000E+00 [cm^2]
e:

#------------------------------------------------------------------------------
 newpage:
#   no. =   24   reg = 7042 - 6003

x: Energy [MeV/n]
y:  F-Curr [1/cm^2/(MeV/n)/source]         
p: xlin ylog afac(0.8) form(0.9)
h: n            x            y(proton  ),hh0l n 
#  e-lower      e-upper        proton    r.err 
   1.0000E-03   2.5099E-01   7.5151E+05  0.0258
   2.5099E-01   5.0098E-01   8.6486E+05  0.0240
   5.0098E-01   7.5097E-01   9.7472E+05  0.0226
   7.5097E-01   1.0010E+00   8.5188E+05  0.0242
   1.0010E+00   1.2509E+00   6.4515E+05  0.0278
   1.2509E+00   1.5009E+00   4.2993E+05  0.0341
   1.5009E+00   1.7509E+00   2.2570E+05  0.0470
   1.7509E+00   2.0009E+00   9.7372E+04  0.0716
   2.0009E+00   2.2509E+00   3.1958E+04  0.1250
   2.2509E+00   2.5009E+00   9.4875E+03  0.2294
   2.5009E+00   2.7509E+00   3.4954E+03  0.3780
   2.7509E+00   3.0009E+00   4.9934E+02  1.0000
   3.0009E+00   3.2509E+00   4.9934E+02  1.0000
   3.2509E+00   3.5009E+00   0.0000E+00  0.0000
   3.5009E+00   3.7508E+00   0.0000E+00  0.0000
   3.7508E+00   4.0008E+00   0.0000E+00  0.0000
   4.0008E+00   4.2508E+00   0.0000E+00  0.0000
   4.2508E+00   4.5008E+00   0.0000E+00  0.0000
   4.5008E+00   4.7508E+00   0.0000E+00  0.0000
   4.7508E+00   5.0008E+00   4.9934E+02  1.0000
   5.0008E+00   5.2508E+00   0.0000E+00  0.0000
   5.2508E+00   5.5008E+00   0.0000E+00  0.0000
   5.5008E+00   5.7508E+00   4.9934E+02  1.0000
   5.7508E+00   6.0008E+00   4.9934E+02  1.0000
   6.0008E+00   6.2508E+00   4.9934E+02  1.0000
   6.2508E+00   6.5007E+00   0.0000E+00  0.0000
   6.5007E+00   6.7507E+00   0.0000E+00  0.0000
   6.7507E+00   7.0007E+00   0.0000E+00  0.0000
   7.0007E+00   7.2507E+00   0.0000E+00  0.0000
   7.2507E+00   7.5007E+00   0.0000E+00  0.0000
   7.5007E+00   7.7507E+00   4.9934E+02  1.0000
   7.7507E+00   8.0007E+00   0.0000E+00  0.0000
   8.0007E+00   8.2507E+00   0.0000E+00  0.0000
   8.2507E+00   8.5007E+00   0.0000E+00  0.0000
   8.5007E+00   8.7506E+00   0.0000E+00  0.0000
   8.7506E+00   9.0006E+00   4.9934E+02  1.0000
   9.0006E+00   9.2506E+00   0.0000E+00  0.0000
   9.2506E+00   9.5006E+00   0.0000E+00  0.0000
   9.5006E+00   9.7506E+00   0.0000E+00  0.0000
   9.7506E+00   1.0001E+01   0.0000E+00  0.0000
   1.0001E+01   1.0251E+01   0.0000E+00  0.0000
   1.0251E+01   1.0501E+01   0.0000E+00  0.0000
   1.0501E+01   1.0751E+01   4.9934E+02  1.0000
   1.0751E+01   1.1001E+01   0.0000E+00  0.0000
   1.1001E+01   1.1251E+01   0.0000E+00  0.0000
   1.1251E+01   1.1501E+01   0.0000E+00  0.0000
   1.1501E+01   1.1751E+01   0.0000E+00  0.0000
   1.1751E+01   1.2001E+01   0.0000E+00  0.0000
   1.2001E+01   1.2251E+01   0.0000E+00  0.0000
   1.2251E+01   1.2500E+01   0.0000E+00  0.0000
   1.2500E+01   1.2750E+01   0.0000E+00  0.0000
   1.2750E+01   1.3000E+01   0.0000E+00  0.0000
   1.3000E+01   1.3250E+01   0.0000E+00  0.0000
   1.3250E+01   1.3500E+01   0.0000E+00  0.0000
   1.3500E+01   1.3750E+01   0.0000E+00  0.0000
   1.3750E+01   1.4000E+01   0.0000E+00  0.0000
   1.4000E+01   1.4250E+01   0.0000E+00  0.0000
   1.4250E+01   1.4500E+01   0.0000E+00  0.0000
   1.4500E+01   1.4750E+01   0.0000E+00  0.0000
   1.4750E+01   1.5000E+01   0.0000E+00  0.0000
   1.5000E+01   1.5250E+01   0.0000E+00  0.0000
   1.5250E+01   1.5500E+01   0.0000E+00  0.0000
   1.5500E+01   1.5750E+01   0.0000E+00  0.0000
   1.5750E+01   1.6000E+01   0.0000E+00  0.0000
   1.6000E+01   1.6250E+01   0.0000E+00  0.0000
   1.6250E+01   1.6500E+01   0.0000E+00  0.0000
   1.6500E+01   1.6750E+01   0.0000E+00  0.0000
   1.6750E+01   1.7000E+01   0.0000E+00  0.0000
   1.7000E+01   1.7250E+01   0.0000E+00  0.0000
   1.7250E+01   1.7500E+01   0.0000E+00  0.0000
   1.7500E+01   1.7750E+01   0.0000E+00  0.0000
   1.7750E+01   1.8000E+01   0.0000E+00  0.0000
   1.8000E+01   1.8250E+01   0.0000E+00  0.0000
   1.8250E+01   1.8500E+01   0.0000E+00  0.0000
   1.8500E+01   1.8750E+01   0.0000E+00  0.0000
   1.8750E+01   1.9000E+01   0.0000E+00  0.0000
   1.9000E+01   1.9250E+01   0.0000E+00  0.0000
   1.9250E+01   1.9500E+01   0.0000E+00  0.0000
   1.9500E+01   1.9750E+01   0.0000E+00  0.0000
   1.9750E+01   2.0000E+01   0.0000E+00  0.0000
   2.0000E+01   2.0250E+01   0.0000E+00  0.0000
   2.0250E+01   2.0500E+01   0.0000E+00  0.0000
   2.0500E+01   2.0750E+01   0.0000E+00  0.0000
   2.0750E+01   2.1000E+01   0.0000E+00  0.0000
   2.1000E+01   2.1250E+01   0.0000E+00  0.0000
   2.1250E+01   2.1500E+01   0.0000E+00  0.0000
   2.1500E+01   2.1750E+01   0.0000E+00  0.0000
   2.1750E+01   2.2000E+01   0.0000E+00  0.0000
   2.2000E+01   2.2250E+01   0.0000E+00  0.0000
   2.2250E+01   2.2500E+01   0.0000E+00  0.0000
   2.2500E+01   2.2750E+01   0.0000E+00  0.0000
   2.2750E+01   2.3000E+01   0.0000E+00  0.0000
   2.3000E+01   2.3250E+01   0.0000E+00  0.0000
   2.3250E+01   2.3500E+01   0.0000E+00  0.0000
   2.3500E+01   2.3750E+01   0.0000E+00  0.0000
   2.3750E+01   2.4000E+01   0.0000E+00  0.0000
   2.4000E+01   2.4250E+01   0.0000E+00  0.0000
   2.4250E+01   2.4500E+01   0.0000E+00  0.0000
   2.4500E+01   2.4750E+01   0.0000E+00  0.0000
   2.4750E+01   2.5000E+01   0.0000E+00  0.0000

#   sum over                 4.8906E+04  0.0101
'no. =   24   reg = 7042 - 6003'
msuc: {\huge Proton energy spectra through CR39 interfaces}
msdr: {\it plotted by \ANGEL \version}
msdl: {\it calculated by \PHITS  3.36}
wt: s(0.7)
\vspace{-3}
  region surface crossing
  area  &=&   1.0000E+00 [cm^2]
e:
 
# Information for Restart Calculation
# This calculation was newly started
# istdev =  2 # 1:Batch variance, 2:History variance
# resc2  = 8.01085904478716915E-03 # Total source weight or Total source weight / maxcas
# resc3  = 4.99998380000000000E+07 # Total history number or Total batch number
# maxcas =       10018 # History / Batch, only used for istdev=1
# bitrseed = 1010100011101000001110100101101100110101110010110011101101001001 # bit data of rseed
