[ T-Track ]
    title = [t-track] in xyz mesh
     mesh =  xyz            # mesh type is xyz scoring mesh
   x-type =    2            # x-mesh is linear given by xmin, xmax and nx
     xmin = -1.0000000E-02  # minimum value of x-mesh points
     xmax =  1.0000000E-02  # maximum value of x-mesh points
#    xdel =  2.0000000E-02  # mesh width of x-mesh points
       nx =      1          # number of x-mesh points
#    data = ( x(i), i = 1, nx + 1 )
#          -1.00000E-02  1.00000E-02
   y-type =    4            # y-mesh is linear given by ymin, ymax and ydel
     ymin =  -15.00000      # minimum value of y-mesh points
     ymax =   15.00000      # maximum value of y-mesh points
     ydel =  0.1000000      # mesh width of y-mesh points
#      ny =  300            # number of y-mesh points
#    data = ( y(i), i = 1, ny + 1 )
#          -1.50000E+01 -1.49000E+01 -1.48000E+01 -1.47000E+01 -1.46000E+01
#          -1.45000E+01 -1.44000E+01 -1.43000E+01 -1.42000E+01 -1.41000E+01
#          -1.40000E+01 -1.39000E+01 -1.38000E+01 -1.37000E+01 -1.36000E+01
#          -1.35000E+01 -1.34000E+01 -1.33000E+01 -1.32000E+01 -1.31000E+01
#          -1.30000E+01 -1.29000E+01 -1.28000E+01 -1.27000E+01 -1.26000E+01
#          -1.25000E+01 -1.24000E+01 -1.23000E+01 -1.22000E+01 -1.21000E+01
#          -1.20000E+01 -1.19000E+01 -1.18000E+01 -1.17000E+01 -1.16000E+01
#          -1.15000E+01 -1.14000E+01 -1.13000E+01 -1.12000E+01 -1.11000E+01
#          -1.10000E+01 -1.09000E+01 -1.08000E+01 -1.07000E+01 -1.06000E+01
#          -1.05000E+01 -1.04000E+01 -1.03000E+01 -1.02000E+01 -1.01000E+01
#          -1.00000E+01 -9.90000E+00 -9.80000E+00 -9.70000E+00 -9.60000E+00
#          -9.50000E+00 -9.40000E+00 -9.30000E+00 -9.20000E+00 -9.10000E+00
#          -9.00000E+00 -8.90000E+00 -8.80000E+00 -8.70000E+00 -8.60000E+00
#          -8.50000E+00 -8.40000E+00 -8.30000E+00 -8.20000E+00 -8.10000E+00
#          -8.00000E+00 -7.90000E+00 -7.80000E+00 -7.70000E+00 -7.60000E+00
#          -7.50000E+00 -7.40000E+00 -7.30000E+00 -7.20000E+00 -7.10000E+00
#          -7.00000E+00 -6.90000E+00 -6.80000E+00 -6.70000E+00 -6.60000E+00
#          -6.50000E+00 -6.40000E+00 -6.30000E+00 -6.20000E+00 -6.10000E+00
#          -6.00000E+00 -5.90000E+00 -5.80000E+00 -5.70000E+00 -5.60000E+00
#          -5.50000E+00 -5.40000E+00 -5.30000E+00 -5.20000E+00 -5.10000E+00
#          -5.00000E+00 -4.90000E+00 -4.80000E+00 -4.70000E+00 -4.60000E+00
#          -4.50000E+00 -4.40000E+00 -4.30000E+00 -4.20000E+00 -4.10000E+00
#          -4.00000E+00 -3.90000E+00 -3.80000E+00 -3.70000E+00 -3.60000E+00
#          -3.50000E+00 -3.40000E+00 -3.30000E+00 -3.20000E+00 -3.10000E+00
#          -3.00000E+00 -2.90000E+00 -2.80000E+00 -2.70000E+00 -2.60000E+00
#          -2.50000E+00 -2.40000E+00 -2.30000E+00 -2.20000E+00 -2.10000E+00
#          -2.00000E+00 -1.90000E+00 -1.80000E+00 -1.70000E+00 -1.60000E+00
#          -1.50000E+00 -1.40000E+00 -1.30000E+00 -1.20000E+00 -1.10000E+00
#          -1.00000E+00 -9.00000E-01 -8.00000E-01 -7.00000E-01 -6.00000E-01
#          -5.00000E-01 -4.00000E-01 -3.00000E-01 -2.00000E-01 -1.00000E-01
#           0.00000E+00  1.00000E-01  2.00000E-01  3.00000E-01  4.00000E-01
#           5.00000E-01  6.00000E-01  7.00000E-01  8.00000E-01  9.00000E-01
#           1.00000E+00  1.10000E+00  1.20000E+00  1.30000E+00  1.40000E+00
#           1.50000E+00  1.60000E+00  1.70000E+00  1.80000E+00  1.90000E+00
#           2.00000E+00  2.10000E+00  2.20000E+00  2.30000E+00  2.40000E+00
#           2.50000E+00  2.60000E+00  2.70000E+00  2.80000E+00  2.90000E+00
#           3.00000E+00  3.10000E+00  3.20000E+00  3.30000E+00  3.40000E+00
#           3.50000E+00  3.60000E+00  3.70000E+00  3.80000E+00  3.90000E+00
#           4.00000E+00  4.10000E+00  4.20000E+00  4.30000E+00  4.40000E+00
#           4.50000E+00  4.60000E+00  4.70000E+00  4.80000E+00  4.90000E+00
#           5.00000E+00  5.10000E+00  5.20000E+00  5.30000E+00  5.40000E+00
#           5.50000E+00  5.60000E+00  5.70000E+00  5.80000E+00  5.90000E+00
#           6.00000E+00  6.10000E+00  6.20000E+00  6.30000E+00  6.40000E+00
#           6.50000E+00  6.60000E+00  6.70000E+00  6.80000E+00  6.90000E+00
#           7.00000E+00  7.10000E+00  7.20000E+00  7.30000E+00  7.40000E+00
#           7.50000E+00  7.60000E+00  7.70000E+00  7.80000E+00  7.90000E+00
#           8.00000E+00  8.10000E+00  8.20000E+00  8.30000E+00  8.40000E+00
#           8.50000E+00  8.60000E+00  8.70000E+00  8.80000E+00  8.90000E+00
#           9.00000E+00  9.10000E+00  9.20000E+00  9.30000E+00  9.40000E+00
#           9.50000E+00  9.60000E+00  9.70000E+00  9.80000E+00  9.90000E+00
#           1.00000E+01  1.01000E+01  1.02000E+01  1.03000E+01  1.04000E+01
#           1.05000E+01  1.06000E+01  1.07000E+01  1.08000E+01  1.09000E+01
#           1.10000E+01  1.11000E+01  1.12000E+01  1.13000E+01  1.14000E+01
#           1.15000E+01  1.16000E+01  1.17000E+01  1.18000E+01  1.19000E+01
#           1.20000E+01  1.21000E+01  1.22000E+01  1.23000E+01  1.24000E+01
#           1.25000E+01  1.26000E+01  1.27000E+01  1.28000E+01  1.29000E+01
#           1.30000E+01  1.31000E+01  1.32000E+01  1.33000E+01  1.34000E+01
#           1.35000E+01  1.36000E+01  1.37000E+01  1.38000E+01  1.39000E+01
#           1.40000E+01  1.41000E+01  1.42000E+01  1.43000E+01  1.44000E+01
#           1.45000E+01  1.46000E+01  1.47000E+01  1.48000E+01  1.49000E+01
#           1.50000E+01
   z-type =    4            # z-mesh is linear given by zmin, zmax and zdel
     zmin =   90.00000      # minimum value of z-mesh points
     zmax =   105.0000      # maximum value of z-mesh points
     zdel =  0.1000000      # mesh width of z-mesh points
#      nz =  150            # number of z-mesh points
#    data = ( z(i), i = 1, nz + 1 )
#           9.00000E+01  9.01000E+01  9.02000E+01  9.03000E+01  9.04000E+01
#           9.05000E+01  9.06000E+01  9.07000E+01  9.08000E+01  9.09000E+01
#           9.10000E+01  9.11000E+01  9.12000E+01  9.13000E+01  9.14000E+01
#           9.15000E+01  9.16000E+01  9.17000E+01  9.18000E+01  9.19000E+01
#           9.20000E+01  9.21000E+01  9.22000E+01  9.23000E+01  9.24000E+01
#           9.25000E+01  9.26000E+01  9.27000E+01  9.28000E+01  9.29000E+01
#           9.30000E+01  9.31000E+01  9.32000E+01  9.33000E+01  9.34000E+01
#           9.35000E+01  9.36000E+01  9.37000E+01  9.38000E+01  9.39000E+01
#           9.40000E+01  9.41000E+01  9.42000E+01  9.43000E+01  9.44000E+01
#           9.45000E+01  9.46000E+01  9.47000E+01  9.48000E+01  9.49000E+01
#           9.50000E+01  9.51000E+01  9.52000E+01  9.53000E+01  9.54000E+01
#           9.55000E+01  9.56000E+01  9.57000E+01  9.58000E+01  9.59000E+01
#           9.60000E+01  9.61000E+01  9.62000E+01  9.63000E+01  9.64000E+01
#           9.65000E+01  9.66000E+01  9.67000E+01  9.68000E+01  9.69000E+01
#           9.70000E+01  9.71000E+01  9.72000E+01  9.73000E+01  9.74000E+01
#           9.75000E+01  9.76000E+01  9.77000E+01  9.78000E+01  9.79000E+01
#           9.80000E+01  9.81000E+01  9.82000E+01  9.83000E+01  9.84000E+01
#           9.85000E+01  9.86000E+01  9.87000E+01  9.88000E+01  9.89000E+01
#           9.90000E+01  9.91000E+01  9.92000E+01  9.93000E+01  9.94000E+01
#           9.95000E+01  9.96000E+01  9.97000E+01  9.98000E+01  9.99000E+01
#           1.00000E+02  1.00100E+02  1.00200E+02  1.00300E+02  1.00400E+02
#           1.00500E+02  1.00600E+02  1.00700E+02  1.00800E+02  1.00900E+02
#           1.01000E+02  1.01100E+02  1.01200E+02  1.01300E+02  1.01400E+02
#           1.01500E+02  1.01600E+02  1.01700E+02  1.01800E+02  1.01900E+02
#           1.02000E+02  1.02100E+02  1.02200E+02  1.02300E+02  1.02400E+02
#           1.02500E+02  1.02600E+02  1.02700E+02  1.02800E+02  1.02900E+02
#           1.03000E+02  1.03100E+02  1.03200E+02  1.03300E+02  1.03400E+02
#           1.03500E+02  1.03600E+02  1.03700E+02  1.03800E+02  1.03900E+02
#           1.04000E+02  1.04100E+02  1.04200E+02  1.04300E+02  1.04400E+02
#           1.04500E+02  1.04600E+02  1.04700E+02  1.04800E+02  1.04900E+02
#           1.05000E+02
   e-type =    1            # e-mesh is given by the below data
       ne =      1          # number of e-mesh points
#    data = ( e(i), i = 1, ne + 1 )
            0.00000E+00  1.00000E+03
     unit =    1            # unit is [1/cm^2/source]
 material =  all            # (D=all) number of specific material
  2D-type =    3            # 1:Cont, 2:Clust, 3:Color, 4:xyz, 5:mat, 6:Clust+Cont, 7:Col+Cont
     axis =      yz            # axis of output
     file = ./out/detectores.out  # file name of output for the above axis
     part =  proton   
# kf/name :  2212     
    gshow =    1            # 0: no 1:bnd, 2:bnd+mat, 3:bnd+reg 4:bnd+lat 5:bmp style
    resol =    1            # (D=1) resolution of gshow or rshow
    width = 0.5000000       # (D=0.5) width of lines for gshow or rshow
   epsout =    1            # (D=0) generate eps file by ANGEL
#    used :        main (  %)        temp (  %)       total (  %)
#  memory :         460 (  0)           0 (  0)         460 (  0)

#------------------------------------------------------------------------------
#newpage:
#   no. =  1   ie  =  1   ix  =  1   part. = proton  
#   e = (   0.0000E+00  -   1.0000E+03  )
#   x = (  -1.0000E-02  -   1.0000E-02  )

'no. =  1,  ie =  1,  ix =  1'
msuc: {\huge [t-track] in xyz mesh}
msdr: {\it plotted by \ANGEL \version}
msdl: {\it calculated by \PHITS  3.36}

x: z [cm]
y: y [cm]
set: c1[ 2.000] c2[ 0.636] c5[ 0.800] c6[ 0.753] c7[ 0.667] c8[ 0.000]
p: h2fs form[c1] xfac[c2] afac[c5] scal[c6] xorg[c7] yorg[c8] nosp
set: c3[   9.275792E-01] c4[   5.474819E+07]
p: cmin[c3] cmax[c4]
p: dmin(1e-31)
p: zlog
p: xmin(  90.00000    ) xmax(  105.0000    )
p: ymin( -15.00000    ) ymax(  15.00000    )

#   no. =  1   ie  =  1   ix  =  1
#   e = (   0.0000E+00  -   1.0000E+03  )
#   x = (  -1.0000E-02  -   1.0000E-02  )

hc:  y =   14.95000     to  -14.95000     by  0.1000000     ; x =   90.05000     to   104.9500     by  0.1000000     ;
  1.915E+03  2.128E+03  3.404E+03  4.236E+02  2.279E+03  4.062E+03  1.607E+03  2.887E+03  1.659E+03  2.728E+03
  2.094E+03  3.297E+03  6.027E+03  9.536E+02  0.000E+00  1.317E+03  5.326E+03  9.188E+03  5.412E+03  3.178E+03
  1.790E+03  6.200E+02  8.634E+02  2.340E+03  6.496E+02  3.023E+03  7.806E+02  2.331E+03  4.259E+03  1.536E+03
  7.247E+02  3.615E+03  5.193E+03  3.803E+03  1.076E+03  4.820E+03  1.693E+03  2.216E+03  2.973E+03  2.278E+03
  1.635E+01  1.036E+03  2.678E+03  3.974E+03  2.893E+03  6.192E+03  9.733E+02  7.301E+01  0.000E+00  1.430E+03
  5.535E+02  6.375E+01  2.831E+03  1.661E+03  2.273E+03  1.654E+03  1.862E+03  3.319E+03  2.889E+03  2.749E+03
  3.641E+03  6.271E+03  2.696E+03  3.601E+03  1.568E+03  1.498E+03  4.172E+02  3.730E+03  6.105E+03  4.969E+02
  0.000E+00  0.000E+00  1.932E+03  3.846E+03  4.862E+03  3.301E+03  3.559E+03  4.932E+03  4.526E+02  3.286E+03
  1.580E+03  1.690E+03  4.892E+03  8.005E+03  9.335E+03  7.586E+03  3.909E+03  3.511E+03  3.938E+03  9.562E+02
  1.891E+03  4.890E+03  2.164E+03  7.091E+02  5.024E+03  4.312E+03  4.056E+02  1.493E+03  1.689E+03  5.818E+03
  1.095E+04  8.888E+03  1.557E+03  4.349E+03  6.476E+03  2.589E+03  2.531E+03  2.552E+03  3.534E+03  3.298E+03
  1.186E+03  0.000E+00  0.000E+00  0.000E+00  0.000E+00  0.000E+00  0.000E+00  0.000E+00  0.000E+00  0.000E+00
  0.000E+00  0.000E+00  0.000E+00  0.000E+00  0.000E+00  0.000E+00  0.000E+00  0.000E+00  0.000E+00  0.000E+00
  1.094E+02  1.301E+03  0.000E+00  0.000E+00  0.000E+00  0.000E+00  0.000E+00  2.189E+02  9.317E+02  0.000E+00
  0.000E+00  0.000E+00  0.000E+00  0.000E+00  0.000E+00  0.000E+00  0.000E+00  0.000E+00  2.926E+02  1.134E+03
  1.972E+03  1.440E+03  2.657E+02  3.678E+03  7.204E+03  4.656E+03  3.901E+03  3.924E+03  3.380E+03  1.808E+03
  6.310E+01  1.662E+03  0.000E+00  9.908E+02  4.986E+03  6.637E+03  9.924E+03  3.236E+03  3.438E+03  1.411E+03
  2.391E+03  5.205E+03  1.917E+03  5.113E+03  3.142E+03  1.795E+03  2.979E+03  1.988E+03  2.461E+03  2.308E+03
  1.855E+03  3.452E+03  2.677E+03  2.816E+03  2.967E+03  4.497E+03  1.719E+03  1.716E+03  2.743E+03  0.000E+00
  0.000E+00  5.572E+02  6.902E+03  4.203E+03  4.041E+03  1.433E+03  2.056E+03  1.799E+03  1.726E+03  2.098E+03
  1.017E+03  1.812E+03  2.449E+02  1.745E+03  3.266E+03  5.143E+03  5.548E+03  1.738E+03  3.737E+03  2.491E+03
  0.000E+00  1.424E+03  1.313E+03  3.857E+03  2.063E+03  1.627E+03  5.983E+03  5.444E+03  2.974E+03  2.099E+03
  1.625E+03  4.738E+03  6.986E+03  3.920E+03  3.549E+03  1.945E+03  1.884E+03  2.754E+03  2.794E+03  4.886E+03
  5.969E+03  9.645E+03  5.878E+03  2.385E+03  1.354E+03  9.381E+02  3.874E+03  4.959E+03  4.490E+03  2.265E+03
  1.619E+03  1.396E+03  2.105E+03  4.437E+03  3.240E+03  4.735E+02  1.333E+03  6.022E+03  5.516E+03  6.076E+03
  3.141E+03  5.920E+03  4.093E+03  4.873E+03  2.570E+03  2.997E+03  2.894E+03  2.064E+03  4.866E+03  8.815E+03
  1.134E+03  0.000E+00  0.000E+00  0.000E+00  0.000E+00  0.000E+00  0.000E+00  0.000E+00  0.000E+00  0.000E+00
  0.000E+00  0.000E+00  0.000E+00  0.000E+00  0.000E+00  0.000E+00  0.000E+00  0.000E+00  3.559E+02  0.000E+00
  0.000E+00  0.000E+00  0.000E+00  0.000E+00  0.000E+00  0.000E+00  0.000E+00  1.631E+03  0.000E+00  0.000E+00
  0.000E+00  2.207E+02  7.177E+01  0.000E+00  0.000E+00  1.444E+03  0.000E+00  0.000E+00  0.000E+00  0.000E+00
  1.743E+03  3.765E+03  2.816E+03  5.303E+03  3.176E+03  2.363E+03  4.236E+03  1.777E+03  2.102E+03  1.451E+03
  1.649E+03  0.000E+00  2.224E+03  5.847E+03  4.805E+03  3.284E+03  3.845E+03  1.831E+03  1.081E+03  3.340E+03
  4.192E+03  5.164E+03  5.203E+03  2.123E+03  4.000E+03  3.651E+03  4.007E+03  1.476E+03  2.335E+03  4.106E+03
  7.399E+03  2.878E+03  3.406E+03  3.468E+03  2.644E+03  1.831E+03  1.879E+03  3.429E+03  7.246E+03  4.909E+02
  8.488E+02  1.683E+03  3.316E+03  6.182E+03  7.920E+02  2.116E+03  3.212E+03  3.779E+03  7.013E+02  0.000E+00
  2.867E+03  2.547E+03  1.436E+03  5.064E+02  2.392E+03  4.950E+03  3.413E+03  2.408E+03  1.509E+03  2.350E+03
  3.555E+02  3.373E+03  8.635E+03  3.786E+03  7.530E+02  1.404E+03  3.832E+03  3.684E+03  4.804E+03  2.413E+03
  2.192E+03  2.114E+03  3.156E+03  5.710E+03  3.780E+03  6.238E+03  4.226E+03  4.911E+03  3.796E+03  1.178E+03
  2.048E+02  2.890E+03  3.613E+03  3.091E+02  8.628E+02  1.757E+03  2.433E+03  1.036E+03  1.962E+03  1.026E+03
  4.080E+03  1.891E+03  2.003E+03  5.557E+03  2.772E+03  3.337E+03  5.053E+03  5.094E+03  9.730E+02  2.681E+03
  4.298E+03  2.710E+03  1.324E+03  2.898E+03  3.248E+03  4.269E+03  2.916E+03  6.001E+03  5.859E+03  4.974E+03
  2.219E+03  0.000E+00  0.000E+00  0.000E+00  0.000E+00  0.000E+00  0.000E+00  0.000E+00  0.000E+00  0.000E+00
  0.000E+00  0.000E+00  0.000E+00  0.000E+00  0.000E+00  0.000E+00  0.000E+00  0.000E+00  1.376E+03  0.000E+00
  0.000E+00  0.000E+00  0.000E+00  0.000E+00  0.000E+00  0.000E+00  1.213E+03  4.051E+02  0.000E+00  0.000E+00
  0.000E+00  0.000E+00  1.560E+03  0.000E+00  0.000E+00  0.000E+00  0.000E+00  0.000E+00  0.000E+00  0.000E+00
  3.853E+03  7.185E+02  1.663E+03  1.789E+03  1.732E+02  1.922E+03  4.208E+03  4.974E+03  5.070E+02  2.953E+03
  2.220E+02  3.774E+03  2.398E+03  5.050E+03  1.421E+03  1.189E+03  3.437E+03  1.988E+03  3.374E+03  2.197E+03
  4.223E+03  5.763E+03  4.408E+03  2.407E+03  3.841E+03  1.162E+03  2.361E+03  4.305E+03  5.406E+03  7.922E+03
  2.642E+03  6.595E+02  4.816E+03  3.187E+03  5.007E+03  3.054E+03  2.289E+03  6.341E+03  2.409E+03  2.929E+03
  8.346E+02  1.626E+03  2.953E+03  3.418E+03  3.484E+03  2.466E+03  4.109E+02  1.746E+03  2.879E+03  1.681E+03
  6.632E+02  8.772E+02  1.786E+03  4.834E+03  4.549E+03  2.834E+03  1.762E+03  0.000E+00  2.015E+03  6.240E+03
  7.824E+03  6.525E+03  5.022E+03  3.162E+03  5.596E+03  4.987E+03  2.642E+03  2.996E+02  2.965E+03  6.239E+03
  5.104E+03  4.979E+03  6.392E+03  3.266E+03  4.906E+03  1.345E+03  2.114E+03  1.137E+02  0.000E+00  2.292E+03
  3.612E+03  3.077E+03  6.474E+02  0.000E+00  0.000E+00  1.757E+03  3.446E+02  1.812E+03  3.702E+02  1.708E+03
  5.337E+03  2.189E+03  2.750E+03  3.979E+03  2.028E+03  3.560E+03  2.218E+03  1.594E+03  2.368E+03  1.574E+03
  2.171E+03  4.704E+03  3.427E+03  2.826E+03  2.642E+03  4.445E+03  3.136E+03  1.378E+03  4.197E+03  3.780E+03
  3.867E+01  0.000E+00  0.000E+00  0.000E+00  0.000E+00  0.000E+00  0.000E+00  0.000E+00  0.000E+00  0.000E+00
  0.000E+00  0.000E+00  0.000E+00  0.000E+00  0.000E+00  0.000E+00  7.530E+01  0.000E+00  0.000E+00  0.000E+00
  0.000E+00  0.000E+00  0.000E+00  7.127E+02  6.119E+02  0.000E+00  5.460E+02  4.111E+02  0.000E+00  0.000E+00
  0.000E+00  0.000E+00  0.000E+00  0.000E+00  8.916E+02  0.000E+00  0.000E+00  1.581E+02  0.000E+00  0.000E+00
  6.055E+02  0.000E+00  0.000E+00  9.643E+02  3.199E+03  4.359E+03  2.183E+03  3.302E+03  1.716E+03  2.821E+03
  3.749E+03  2.290E+03  2.238E+03  0.000E+00  0.000E+00  2.881E+03  3.618E+03  6.790E+03  4.673E+03  4.748E+03
  5.891E+03  4.166E+03  3.532E+03  7.173E+03  3.791E+03  1.971E+03  3.088E+03  5.522E+03  3.734E+03  1.145E+03
  3.360E+03  6.342E+03  5.984E+03  5.304E+03  8.808E+02  7.901E+02  5.275E+03  5.361E+03  8.079E+01  3.028E+03
  2.994E+03  3.175E+03  8.753E+02  1.781E+03  8.889E+02  8.531E+01  3.835E+03  1.578E+03  2.299E+02  3.185E+03
  5.845E+03  2.634E+03  2.438E+03  2.067E+03  2.454E+03  4.084E+03  1.573E+03  4.027E+03  1.046E+04  1.167E+04
  6.326E+03  5.252E+03  5.005E+03  2.302E+03  4.425E+03  1.414E+03  2.852E+03  1.944E+03  6.365E+03  8.445E+03
  1.004E+04  5.234E+03  3.052E+03  4.810E+03  1.662E+03  0.000E+00  0.000E+00  9.866E+02  3.476E+03  3.630E+03
  1.815E+03  3.065E+03  4.592E+03  4.163E+03  3.770E+03  9.288E+02  2.465E+02  2.465E+03  2.389E+03  4.379E+03
  4.079E+03  3.831E+03  4.033E+03  1.987E+03  2.542E+03  2.633E+02  3.078E+02  4.112E+03  3.456E+03  3.202E+03
  3.330E+03  5.527E+03  3.621E+03  2.015E+03  4.211E+03  1.281E+03  2.497E+03  4.683E+03  5.208E+03  3.277E+03
  1.639E+03  0.000E+00  0.000E+00  0.000E+00  0.000E+00  0.000E+00  0.000E+00  0.000E+00  0.000E+00  0.000E+00
  0.000E+00  0.000E+00  0.000E+00  0.000E+00  0.000E+00  0.000E+00  6.807E+02  0.000E+00  0.000E+00  0.000E+00
  0.000E+00  0.000E+00  8.219E+01  1.271E+03  1.011E+03  0.000E+00  0.000E+00  0.000E+00  0.000E+00  0.000E+00
  0.000E+00  0.000E+00  0.000E+00  5.763E+02  1.074E+03  0.000E+00  0.000E+00  1.580E+03  0.000E+00  0.000E+00
  3.037E+02  0.000E+00  0.000E+00  1.667E+03  2.525E+03  2.809E+03  1.761E+03  5.554E+02  9.670E+02  1.426E+02
  7.372E+01  2.156E+03  4.901E+03  7.623E+03  5.835E+03  9.275E+03  1.031E+04  4.746E+03  8.340E+02  4.265E+03
  2.632E+03  6.297E+03  5.928E+03  9.844E+03  3.442E+03  6.725E+02  1.395E+03  2.013E+03  0.000E+00  0.000E+00
  3.903E+03  3.944E+03  2.840E+03  3.953E+03  9.609E+02  3.074E+03  3.126E+03  1.600E+03  0.000E+00  3.193E+03
  2.891E+03  3.090E+03  1.615E+03  6.330E+01  2.047E+03  1.827E+03  2.786E+03  5.094E+03  4.820E+03  4.016E+03
  3.759E+03  3.986E+02  1.074E+03  6.960E+03  6.228E+03  3.552E+03  2.860E+03  4.529E+03  6.267E+03  3.662E+03
  3.143E+03  4.145E+03  2.547E+03  4.851E+03  2.450E+03  3.309E+03  6.196E+03  7.041E+03  9.060E+03  9.473E+03
  6.788E+03  1.076E+04  4.362E+03  1.699E+03  1.524E+03  4.233E+03  1.984E+03  2.277E+03  4.466E+03  6.140E+03
  4.235E+03  4.949E+03  5.096E+03  2.239E+03  3.256E+03  4.651E+03  2.822E+03  2.722E+03  6.487E+03  1.081E+04
  5.546E+03  2.413E+03  0.000E+00  1.191E+03  2.870E+03  4.930E+03  4.622E+03  2.976E+03  4.191E+03  5.494E+03
  4.367E+03  5.592E+03  4.781E+03  2.447E+03  3.292E+03  4.752E+03  2.261E+03  1.641E+03  0.000E+00  0.000E+00
  0.000E+00  0.000E+00  0.000E+00  0.000E+00  0.000E+00  0.000E+00  0.000E+00  0.000E+00  0.000E+00  0.000E+00
  0.000E+00  0.000E+00  0.000E+00  0.000E+00  0.000E+00  0.000E+00  0.000E+00  0.000E+00  0.000E+00  0.000E+00
  0.000E+00  0.000E+00  0.000E+00  2.230E+02  0.000E+00  0.000E+00  0.000E+00  0.000E+00  0.000E+00  0.000E+00
  8.771E+02  0.000E+00  0.000E+00  0.000E+00  0.000E+00  0.000E+00  0.000E+00  1.326E+03  0.000E+00  0.000E+00
  2.059E+03  3.100E+03  2.684E+03  6.451E+03  2.179E+03  1.995E+03  2.905E+03  0.000E+00  4.477E+02  1.662E+03
  6.329E+03  1.040E+04  1.037E+04  2.053E+03  7.756E+03  6.748E+03  1.864E+03  8.253E+02  1.621E+03  3.647E+03
  7.471E+03  5.867E+03  1.602E+03  1.388E+03  4.404E+03  1.688E+03  3.374E+03  2.717E+03  0.000E+00  7.177E+02
  1.930E+03  1.899E+03  2.993E+03  2.650E+03  1.979E+03  1.957E+03  1.330E+03  5.944E+02  0.000E+00  1.740E+03
  4.403E+03  1.582E+03  8.385E+02  3.333E+02  4.494E+03  2.214E+03  1.117E+03  1.614E+02  2.630E+03  3.306E+03
  5.193E+03  4.376E+03  4.661E+03  2.962E+03  2.906E+03  4.694E+03  4.758E+03  3.199E+03  6.040E+03  4.010E+03
  3.287E+03  4.574E+03  7.251E+03  7.411E+03  4.984E+03  6.142E+03  4.883E+03  7.255E+03  8.527E+03  6.833E+03
  5.400E+03  2.320E+03  4.358E+03  3.806E+03  4.358E+03  2.332E+03  1.814E+03  6.499E+03  1.721E+03  1.410E+03
  3.174E+03  3.363E+03  3.934E+03  4.884E+03  5.964E+03  4.308E+03  4.700E+03  9.165E+03  7.183E+03  2.784E+03
  4.247E+03  4.305E+03  6.324E+03  5.780E+03  2.519E+03  2.673E+03  6.709E+03  6.557E+03  3.656E+03  3.494E+03
  3.874E+03  2.324E+03  3.072E+03  3.537E+03  4.910E+03  1.866E+03  3.446E+03  1.111E+03  7.473E+02  2.398E+03
  1.546E+03  0.000E+00  0.000E+00  0.000E+00  0.000E+00  0.000E+00  0.000E+00  0.000E+00  0.000E+00  0.000E+00
  0.000E+00  0.000E+00  0.000E+00  0.000E+00  0.000E+00  1.253E+03  0.000E+00  0.000E+00  0.000E+00  0.000E+00
  0.000E+00  0.000E+00  0.000E+00  0.000E+00  0.000E+00  0.000E+00  0.000E+00  0.000E+00  0.000E+00  0.000E+00
  0.000E+00  0.000E+00  0.000E+00  0.000E+00  2.577E+02  0.000E+00  0.000E+00  0.000E+00  0.000E+00  8.813E+02
  3.496E+03  5.161E+03  4.665E+03  6.468E+03  2.379E+03  2.626E+03  5.226E+03  1.980E+03  1.679E+03  6.719E+03
  6.525E+03  2.428E+03  7.508E+02  5.053E+03  3.950E+03  2.906E+03  4.450E+03  4.152E+03  3.861E+03  2.610E+03
  3.894E+02  1.754E+03  2.340E+03  5.389E+03  2.975E+03  2.483E+03  5.538E+02  0.000E+00  7.049E+02  2.740E+03
  5.566E+03  5.935E+03  6.727E+03  2.944E+03  2.186E+03  4.496E+02  4.313E+02  0.000E+00  4.265E+02  3.633E+03
  3.606E+03  6.939E+02  9.721E+02  4.964E+03  1.725E+03  0.000E+00  8.483E+02  2.571E+02  2.457E+03  5.699E+03
  3.400E+03  2.913E+03  1.595E+03  1.523E+03  4.448E+02  1.812E+03  2.943E+03  6.785E+03  1.666E+03  6.028E+03
  6.768E+03  4.009E+03  2.924E+03  5.574E+02  3.313E+03  7.268E+03  5.273E+03  1.304E+03  2.263E+03  2.282E+03
  9.822E+02  1.319E+03  5.488E+03  1.842E+03  3.724E+03  5.161E+03  8.534E+03  2.704E+03  5.249E+03  6.070E+03
  3.381E+03  2.524E+03  5.851E+03  5.597E+03  2.278E+03  3.274E+03  4.811E+03  1.031E+04  7.843E+03  5.652E+03
  4.060E+03  1.992E+03  4.964E+03  3.802E+03  2.956E+03  3.981E+03  3.921E+03  2.304E+03  3.219E+03  2.179E+03
  1.640E+03  1.018E+03  1.557E+03  6.201E+03  4.120E+03  1.687E+03  4.409E+03  5.948E+03  7.592E+03  7.440E+03
  4.956E+03  0.000E+00  0.000E+00  0.000E+00  0.000E+00  0.000E+00  0.000E+00  0.000E+00  0.000E+00  0.000E+00
  0.000E+00  0.000E+00  0.000E+00  0.000E+00  0.000E+00  0.000E+00  0.000E+00  0.000E+00  0.000E+00  0.000E+00
  0.000E+00  0.000E+00  0.000E+00  0.000E+00  0.000E+00  0.000E+00  0.000E+00  0.000E+00  0.000E+00  0.000E+00
  0.000E+00  0.000E+00  0.000E+00  0.000E+00  1.577E+03  9.264E+02  4.408E+02  0.000E+00  0.000E+00  1.283E+03
  5.041E+03  5.458E+03  4.490E+03  6.227E+03  6.000E+03  4.344E+03  3.121E+03  1.760E+03  1.761E+03  3.574E+03
  5.111E+03  3.090E+03  5.201E+03  7.972E+03  4.956E+03  6.435E+03  5.531E+03  2.170E+03  7.665E+02  1.092E+03
  3.493E+03  4.103E+03  7.254E+03  2.916E+03  2.029E+03  0.000E+00  7.189E+02  1.524E+03  4.326E+03  6.250E+03
  8.287E+03  1.828E+03  4.780E+03  3.377E+03  4.337E+03  1.204E+02  2.057E+03  6.238E+02  3.965E+03  8.180E+03
  2.309E+03  4.159E+03  2.906E+03  1.885E+03  2.265E+03  1.752E+03  4.004E+03  0.000E+00  2.210E+03  2.192E+03
  4.297E+03  2.888E+03  2.387E+02  1.653E+03  6.717E+02  2.286E+03  6.192E+03  8.240E+03  4.666E+03  2.571E+03
  3.357E+03  4.498E+02  3.948E+03  5.628E+03  3.924E+03  1.835E+03  0.000E+00  8.589E+02  6.004E+01  2.446E+03
  3.495E+03  1.983E+03  4.433E+03  3.455E+03  4.072E+03  6.549E+03  2.864E+03  2.483E+03  5.271E+03  3.842E+03
  4.978E+03  4.260E+03  3.893E+03  3.026E+03  4.300E+03  3.606E+03  2.360E+03  5.538E+02  2.145E+03  4.377E+03
  2.368E+03  3.288E+03  5.347E+03  5.992E+03  2.635E+03  2.763E+03  3.083E+03  6.382E+03  7.630E+02  0.000E+00
  1.262E+03  1.917E+03  6.036E+03  8.427E+03  6.690E+03  8.015E+03  8.059E+03  5.977E+03  4.763E+03  5.194E+03
  2.829E+03  0.000E+00  0.000E+00  0.000E+00  0.000E+00  0.000E+00  0.000E+00  0.000E+00  0.000E+00  0.000E+00
  0.000E+00  0.000E+00  0.000E+00  0.000E+00  0.000E+00  0.000E+00  0.000E+00  0.000E+00  0.000E+00  0.000E+00
  0.000E+00  0.000E+00  0.000E+00  0.000E+00  0.000E+00  0.000E+00  0.000E+00  0.000E+00  0.000E+00  0.000E+00
  0.000E+00  0.000E+00  8.668E+01  0.000E+00  2.952E+02  1.114E+02  1.578E+03  0.000E+00  0.000E+00  0.000E+00
  4.469E+03  2.107E+03  1.433E+03  3.216E+03  3.372E+03  2.895E+03  2.731E+03  2.619E+03  4.639E+03  4.382E+03
  1.992E+03  5.162E+03  4.437E+03  4.658E+03  7.015E+03  3.570E+03  1.571E+03  3.494E+02  1.924E+03  1.223E+03
  2.445E+03  2.429E+03  0.000E+00  4.002E+02  1.038E+03  3.311E+03  3.496E+03  2.779E+03  1.215E+03  2.211E+03
  2.510E+03  4.829E+03  3.732E+03  5.761E+03  2.581E+03  2.794E+03  2.486E+03  9.219E+03  9.333E+03  2.726E+03
  3.759E+03  3.466E+03  2.533E+03  1.464E+03  4.705E+03  1.605E+03  1.531E+02  1.242E+03  2.525E+03  4.237E+03
  4.202E+03  1.709E+03  5.061E+03  5.637E+03  7.436E+03  3.921E+03  7.160E+03  4.810E+03  4.223E+03  5.323E+03
  6.395E+03  6.045E+03  4.537E+03  2.247E+03  1.614E+03  2.909E+03  3.059E+03  7.556E+02  3.255E+03  3.278E+03
  3.211E+03  5.730E+03  2.147E+03  4.174E+03  6.916E+03  5.991E+03  1.806E+03  3.573E+03  3.392E+03  4.923E+03
  8.094E+03  8.851E+03  4.013E+03  2.507E+03  4.946E+02  9.725E+02  1.369E+03  2.228E+03  5.766E+03  3.875E+03
  1.912E+03  0.000E+00  4.338E+03  5.030E+03  7.022E+03  3.352E+03  2.025E+03  8.460E+02  1.646E+03  4.246E+03
  5.469E+03  8.013E+03  9.810E+03  7.497E+03  4.081E+03  3.729E+03  6.612E+03  9.849E+03  8.753E+03  8.408E+03
  1.331E+03  0.000E+00  0.000E+00  0.000E+00  0.000E+00  0.000E+00  0.000E+00  0.000E+00  0.000E+00  0.000E+00
  0.000E+00  0.000E+00  0.000E+00  0.000E+00  0.000E+00  0.000E+00  0.000E+00  0.000E+00  3.179E+02  0.000E+00
  0.000E+00  0.000E+00  0.000E+00  1.008E+03  0.000E+00  0.000E+00  0.000E+00  0.000E+00  3.762E+02  2.531E+02
  0.000E+00  0.000E+00  3.245E+02  1.208E+03  0.000E+00  0.000E+00  1.749E+02  0.000E+00  0.000E+00  7.338E+02
  2.078E+03  1.920E+03  3.638E+03  1.754E+03  2.530E+03  3.505E+03  5.563E+03  3.261E+03  1.320E+03  4.549E+03
  7.836E+02  1.692E+03  4.490E+03  5.779E+03  1.799E+03  1.347E+03  1.605E+02  2.474E+03  3.318E+03  2.286E+03
  8.768E+02  6.674E+02  0.000E+00  0.000E+00  3.275E+02  1.892E+03  1.830E+03  2.288E+03  2.545E+03  2.134E+03
  3.156E+03  2.918E+03  4.091E+03  2.817E+03  4.614E+03  3.517E+03  5.944E+03  6.225E+03  3.564E+03  2.996E+03
  3.675E+03  3.559E+03  3.498E+03  5.376E+03  3.105E+03  0.000E+00  3.851E+02  1.134E+03  2.477E+03  2.260E+03
  5.796E+03  4.945E+03  5.498E+03  4.176E+03  1.788E+03  4.363E+03  2.885E+03  1.541E+03  2.077E+03  4.714E+03
  6.148E+03  4.649E+03  4.600E+03  2.002E+03  2.611E+03  4.812E+03  2.746E+03  2.289E+03  6.308E+02  1.308E+03
  6.798E+03  1.171E+04  6.165E+03  5.435E+03  4.821E+03  4.768E+03  2.514E+03  3.417E+03  5.141E+03  6.080E+03
  3.726E+03  2.753E+03  3.319E+03  1.076E+03  2.131E+03  3.372E+03  3.428E+03  4.908E+03  4.872E+03  3.987E+03
  5.456E+03  4.653E+03  3.601E+03  3.713E+03  3.217E+03  3.599E+03  2.477E+03  5.804E+03  6.812E+03  1.560E+04
  1.058E+04  7.212E+03  6.523E+03  6.890E+03  6.417E+03  3.034E+03  4.552E+03  6.973E+03  7.128E+03  3.543E+03
  1.432E+03  0.000E+00  0.000E+00  0.000E+00  0.000E+00  0.000E+00  0.000E+00  0.000E+00  0.000E+00  0.000E+00
  0.000E+00  0.000E+00  0.000E+00  0.000E+00  0.000E+00  0.000E+00  0.000E+00  1.081E+03  7.036E+02  4.571E+02
  0.000E+00  0.000E+00  0.000E+00  3.268E+01  0.000E+00  0.000E+00  9.139E+02  0.000E+00  0.000E+00  5.896E+02
  2.484E+03  1.297E+03  0.000E+00  0.000E+00  1.541E+03  0.000E+00  0.000E+00  3.494E+02  6.519E+02  6.974E+02
  0.000E+00  0.000E+00  1.578E+03  1.621E+03  2.820E+03  3.764E+03  6.461E+02  2.047E+02  2.078E+03  1.340E+03
  2.977E+03  3.385E+03  7.817E+02  3.045E+03  6.065E+03  3.863E+03  3.299E+03  1.282E+03  4.151E+02  5.820E+02
  1.793E+03  2.246E+03  1.008E+00  2.256E+03  1.970E+03  1.500E+03  6.144E+02  9.014E+02  3.092E+03  5.380E+03
  5.157E+03  5.839E+03  5.890E+03  1.550E+03  1.269E+03  3.128E+03  5.768E+02  7.297E+02  2.262E+03  4.485E+03
  6.185E+03  7.029E+03  6.575E+03  1.431E+03  9.931E+02  0.000E+00  3.270E+03  1.896E+03  4.157E+03  1.328E+03
  5.030E+03  4.172E+03  2.342E+03  1.218E+03  0.000E+00  2.880E+02  1.723E+03  1.723E+03  6.474E+03  5.489E+03
  4.286E+03  5.159E+03  1.951E+03  2.001E+03  3.085E+03  1.565E+03  1.678E+03  2.298E+03  4.716E+03  7.076E+03
  1.311E+04  5.479E+03  8.339E+03  5.895E+03  5.810E+03  4.822E+03  4.257E+03  4.911E+03  3.110E+03  2.449E+03
  2.269E+03  5.280E+02  3.027E+03  3.376E+03  7.766E+02  3.330E+03  4.799E+03  4.151E+03  7.463E+03  7.214E+03
  5.999E+03  6.070E+03  2.703E+03  2.222E+03  7.550E+03  3.743E+03  6.052E+03  9.073E+03  1.280E+04  5.264E+03
  3.677E+03  5.207E+03  7.047E+03  2.776E+03  1.648E+03  2.545E+03  5.770E+03  5.552E+03  2.796E+03  6.098E+03
  6.123E+03  0.000E+00  0.000E+00  0.000E+00  0.000E+00  0.000E+00  0.000E+00  0.000E+00  0.000E+00  0.000E+00
  0.000E+00  0.000E+00  0.000E+00  0.000E+00  0.000E+00  0.000E+00  0.000E+00  1.319E+03  0.000E+00  0.000E+00
  0.000E+00  0.000E+00  0.000E+00  0.000E+00  0.000E+00  0.000E+00  3.469E+02  0.000E+00  0.000E+00  0.000E+00
  0.000E+00  2.098E+03  1.711E+03  0.000E+00  2.515E+02  0.000E+00  0.000E+00  4.891E+02  1.610E+03  0.000E+00
  1.932E+03  9.905E+02  2.412E+03  2.648E+03  4.879E+02  1.142E+03  2.154E+02  2.889E+03  2.573E+02  1.015E+03
  5.149E+03  2.761E+03  2.732E+03  5.241E+03  2.776E+03  2.068E+03  3.421E+03  2.016E+02  1.976E+02  2.132E+03
  2.547E+03  2.841E+03  2.454E+03  1.540E+03  4.936E+03  1.625E+03  2.052E+03  4.042E+03  7.090E+03  9.491E+03
  5.110E+03  5.027E+03  2.246E+03  2.317E+03  3.967E+03  4.823E+03  1.689E+03  2.688E+03  2.118E+03  1.725E+03
  3.234E+03  8.673E+03  5.659E+03  6.270E+02  7.333E+02  9.058E+02  3.807E+03  4.545E+03  1.761E+03  9.188E+02
  5.400E+02  4.009E+03  1.512E+03  3.099E+02  1.723E+03  3.991E+03  3.176E+03  5.909E+03  7.126E+03  3.665E+03
  2.744E+03  2.440E+03  3.213E+02  2.163E+03  4.869E+03  2.663E+03  5.594E+03  8.043E+03  8.116E+03  6.193E+03
  8.848E+03  6.335E+03  5.442E+03  3.177E+03  6.976E+03  7.044E+03  4.580E+03  3.360E+03  1.608E+03  2.368E+03
  5.248E+02  3.977E+03  4.524E+03  4.459E+03  6.298E+03  5.714E+03  3.199E+03  7.527E+03  4.056E+03  4.890E+03
  2.414E+03  6.844E+03  6.122E+03  1.546E+03  2.661E+03  1.245E+04  5.070E+03  2.600E+03  1.192E+03  3.578E+03
  6.079E+03  3.666E+03  1.313E+03  2.690E+03  4.589E+03  6.392E+03  6.678E+03  4.698E+03  6.081E+03  2.622E+03
  8.422E+02  0.000E+00  0.000E+00  0.000E+00  0.000E+00  0.000E+00  0.000E+00  0.000E+00  0.000E+00  0.000E+00
  0.000E+00  0.000E+00  0.000E+00  0.000E+00  0.000E+00  0.000E+00  0.000E+00  9.125E+01  0.000E+00  0.000E+00
  0.000E+00  0.000E+00  1.317E+03  0.000E+00  0.000E+00  0.000E+00  0.000E+00  0.000E+00  0.000E+00  0.000E+00
  0.000E+00  0.000E+00  3.059E+03  1.651E+03  0.000E+00  0.000E+00  0.000E+00  0.000E+00  3.774E+02  0.000E+00
  1.353E+03  2.166E+03  2.792E+02  1.548E+03  2.431E+03  4.746E+03  5.984E+03  3.423E+03  2.125E+03  4.006E+03
  6.235E+03  7.459E+03  3.366E+03  5.083E+03  2.338E+03  1.391E+03  2.445E+03  9.795E+02  1.357E+03  2.293E+01
  4.515E+03  4.747E+03  3.879E+03  3.668E+03  1.908E+03  3.578E+03  4.374E+03  4.559E+03  4.337E+03  9.276E+03
  7.369E+03  2.314E+03  7.362E+02  6.296E+03  4.786E+03  9.207E+03  2.642E+03  2.008E+03  7.488E+02  4.897E+03
  8.120E+03  2.126E+03  9.041E+02  1.657E+03  3.876E+03  3.639E+03  3.011E+03  1.289E+03  2.440E+03  3.734E+03
  5.674E+03  1.711E+03  5.135E+03  3.532E+03  2.867E+03  7.458E+03  4.906E+03  2.687E+03  6.146E+02  2.616E+03
  1.907E+03  1.999E+03  4.553E+03  7.005E+03  1.021E+04  1.133E+04  1.058E+04  7.011E+03  6.300E+03  4.144E+03
  4.443E+03  4.635E+03  5.017E+03  4.612E+03  3.201E+03  5.408E+03  1.275E+03  1.444E+03  3.438E+02  3.194E+03
  5.466E+03  1.832E+03  1.964E+02  2.049E+03  5.190E+03  6.551E+03  5.002E+03  7.004E+03  7.454E+03  1.064E+03
  5.176E+03  5.273E+03  4.994E+03  8.029E+03  7.740E+03  1.678E+03  0.000E+00  7.080E+02  2.787E+03  5.564E+03
  1.502E+03  9.119E+02  5.140E+03  7.631E+03  4.168E+03  2.930E+03  6.508E+03  5.545E+03  6.847E+03  6.385E+03
  6.545E+02  0.000E+00  0.000E+00  0.000E+00  0.000E+00  0.000E+00  0.000E+00  0.000E+00  0.000E+00  0.000E+00
  0.000E+00  0.000E+00  0.000E+00  0.000E+00  0.000E+00  0.000E+00  0.000E+00  0.000E+00  0.000E+00  0.000E+00
  0.000E+00  0.000E+00  5.791E+02  0.000E+00  0.000E+00  0.000E+00  0.000E+00  0.000E+00  0.000E+00  0.000E+00
  0.000E+00  0.000E+00  1.433E+03  4.069E+02  1.820E+03  2.388E+03  0.000E+00  2.286E+02  1.627E+03  1.204E+03
  1.569E+03  2.130E+03  1.784E+03  7.744E+02  3.753E+03  2.197E+03  3.679E+03  6.222E+03  4.911E+03  4.866E+03
  6.625E+03  4.749E+03  1.716E+03  9.612E+02  7.155E+01  0.000E+00  2.628E+03  1.277E+03  4.583E+03  5.591E+03
  6.536E+03  6.859E+03  3.498E+03  4.329E+03  1.547E+03  2.621E+03  3.279E+03  4.167E+03  7.766E+03  4.772E+03
  1.240E+03  3.160E+03  9.479E+03  5.907E+03  4.273E+03  3.010E+02  2.005E+02  1.148E+03  3.590E+03  4.836E+03
  2.549E+03  4.469E+03  4.332E+03  3.422E+03  2.931E+03  5.828E+03  2.433E+03  5.234E+03  3.925E+03  8.898E+02
  4.404E+03  8.427E+03  8.549E+03  5.417E+03  3.148E+03  3.822E+03  2.521E+03  2.663E+03  6.793E+03  7.244E+03
  9.593E+03  7.849E+03  5.364E+03  7.334E+03  4.823E+03  7.385E+03  1.169E+03  4.487E+03  2.682E+03  4.530E+03
  4.628E+03  6.468E+03  3.821E+03  3.112E+03  3.542E+03  3.483E+03  1.748E+03  5.309E+03  2.227E+03  2.914E+02
  9.282E+02  2.093E+03  4.427E+03  4.496E+03  3.748E+03  1.701E+03  2.199E+03  2.038E+03  1.453E+03  6.798E+03
  7.107E+03  6.453E+03  5.295E+03  3.510E+03  1.629E+03  2.857E+03  2.301E+03  1.938E+03  4.293E+03  3.681E+03
  2.920E+03  4.445E+03  2.276E+03  7.414E+03  8.286E+03  4.681E+03  3.345E+03  4.057E+03  4.903E+03  3.820E+03
  2.539E+03  0.000E+00  0.000E+00  0.000E+00  0.000E+00  0.000E+00  0.000E+00  0.000E+00  0.000E+00  0.000E+00
  0.000E+00  0.000E+00  0.000E+00  0.000E+00  0.000E+00  0.000E+00  0.000E+00  0.000E+00  0.000E+00  0.000E+00
  0.000E+00  5.392E+02  0.000E+00  0.000E+00  0.000E+00  0.000E+00  0.000E+00  0.000E+00  0.000E+00  1.632E+03
  5.298E+00  0.000E+00  0.000E+00  1.671E+03  0.000E+00  7.684E+02  6.124E+02  0.000E+00  0.000E+00  1.389E+03
  4.239E+03  3.271E+03  5.267E+03  3.416E+03  2.643E+03  2.556E+03  4.366E+03  6.061E+03  6.922E+03  3.499E+03
  1.964E+03  6.354E+03  1.841E+03  3.797E+03  4.315E+03  3.380E+03  3.497E+03  5.062E+03  1.792E+03  3.307E+03
  5.358E+03  7.064E+02  2.740E+03  4.567E+03  4.824E+03  2.560E+03  4.685E+03  3.888E+03  9.597E+02  2.871E+03
  3.767E+03  5.979E+03  7.957E+03  7.085E+03  7.048E+02  0.000E+00  2.708E+02  3.943E+02  5.803E+03  3.961E+03
  4.436E+03  5.400E+03  6.609E+03  2.989E+03  5.124E+03  4.952E+03  4.035E+03  3.685E+03  5.077E+03  7.337E+03
  2.825E+03  3.058E+03  6.326E+03  1.176E+04  1.133E+04  1.085E+04  9.739E+03  4.847E+03  4.424E+03  4.908E+03
  2.227E+03  2.517E+03  3.248E+03  5.552E+03  9.164E+03  2.893E+03  4.667E+03  1.924E+03  3.479E+03  3.182E+03
  3.496E+03  4.652E+03  3.192E+02  0.000E+00  1.198E+03  2.364E+03  3.779E+03  3.049E+03  2.211E+03  4.340E+03
  3.959E+03  2.621E+03  1.102E+03  1.005E+02  1.816E+03  2.918E+03  4.849E+03  3.803E+03  8.861E+03  4.939E+03
  3.849E+03  2.204E+03  5.760E+03  2.624E+03  1.795E+03  6.473E+03  7.716E+03  7.169E+03  4.889E+03  4.671E+03
  7.009E+03  9.085E+03  1.118E+04  4.556E+03  7.822E+03  9.065E+03  4.257E+03  5.067E+03  2.088E+03  4.777E+03
  2.061E+03  0.000E+00  0.000E+00  0.000E+00  0.000E+00  0.000E+00  0.000E+00  0.000E+00  0.000E+00  0.000E+00
  0.000E+00  0.000E+00  0.000E+00  0.000E+00  0.000E+00  0.000E+00  0.000E+00  0.000E+00  0.000E+00  0.000E+00
  0.000E+00  1.188E+03  3.069E+02  0.000E+00  0.000E+00  0.000E+00  0.000E+00  0.000E+00  0.000E+00  0.000E+00
  1.602E+01  0.000E+00  0.000E+00  1.209E+03  0.000E+00  0.000E+00  0.000E+00  0.000E+00  0.000E+00  0.000E+00
  4.363E+03  3.312E+03  1.406E+03  5.601E+03  6.479E+02  3.170E+03  7.212E+03  5.055E+03  3.074E+03  2.983E+03
  4.168E+03  1.256E+03  2.500E+03  7.707E+03  3.875E+03  4.506E+03  2.868E+03  2.551E+03  3.272E+03  3.936E+03
  4.416E+03  6.102E+03  4.543E+03  3.633E+03  2.259E+03  3.646E+03  5.794E+03  4.225E+03  7.746E+03  1.793E+03
  3.942E+03  2.897E+03  1.786E+03  4.645E+03  4.236E+03  2.913E+03  8.978E+02  3.992E+03  7.583E+03  6.911E+03
  6.098E+03  5.467E+03  6.462E+03  2.459E+03  6.199E+03  3.096E+03  3.536E+03  3.532E+03  3.491E+03  3.370E+03
  7.670E+03  9.728E+03  9.959E+03  8.990E+03  8.086E+03  4.951E+03  2.118E+02  1.528E+02  1.502E+03  3.197E+03
  3.362E+03  4.574E+03  6.449E+03  4.985E+03  8.767E+03  2.972E+03  3.762E+03  3.926E+03  3.471E+03  2.076E+03
  3.697E+03  2.933E+03  1.926E+03  7.517E+03  5.054E+03  6.068E+03  1.318E+03  1.783E+03  4.216E+03  3.455E+03
  2.994E+03  1.051E+03  4.300E+03  2.259E+03  3.320E+03  3.412E+03  8.158E+01  2.918E+03  3.604E+03  3.145E+03
  2.454E+03  2.339E+03  4.688E+03  6.859E+03  8.482E+03  7.552E+03  4.624E+03  2.578E+03  5.013E+03  4.150E+03
  5.909E+03  3.780E+03  4.073E+03  4.496E+03  6.314E+03  4.323E+03  4.552E+03  6.254E+03  1.304E+03  2.845E+03
  1.187E+03  0.000E+00  0.000E+00  0.000E+00  0.000E+00  0.000E+00  0.000E+00  0.000E+00  0.000E+00  0.000E+00
  0.000E+00  0.000E+00  0.000E+00  0.000E+00  0.000E+00  0.000E+00  0.000E+00  0.000E+00  4.564E+02  1.280E+03
  0.000E+00  3.760E+02  0.000E+00  0.000E+00  7.969E+01  6.270E+02  4.091E+02  0.000E+00  0.000E+00  0.000E+00
  0.000E+00  0.000E+00  0.000E+00  0.000E+00  0.000E+00  0.000E+00  0.000E+00  0.000E+00  0.000E+00  0.000E+00
  7.684E+02  5.217E+03  6.683E+03  2.323E+03  3.390E+03  3.437E+03  2.698E+03  6.740E+03  7.094E+03  4.065E+03
  1.988E+03  2.037E+03  4.006E+03  3.561E+03  4.521E+02  4.793E+03  3.697E+03  3.596E+03  1.030E+04  7.862E+03
  2.668E+03  2.290E+03  4.154E+03  4.619E+03  6.063E+03  7.572E+03  4.767E+03  1.402E+03  4.209E+02  2.370E+03
  2.025E+03  5.587E+03  5.962E+03  2.585E+03  2.166E+03  3.751E+03  8.833E+03  8.261E+03  6.346E+03  2.246E+03
  2.202E+03  2.521E+03  6.713E+03  4.315E+03  3.191E+03  3.059E+03  4.762E+03  4.815E+03  7.410E+03  7.767E+03
  7.521E+03  3.825E+03  2.592E+03  2.842E+03  2.283E+03  2.833E+03  3.526E+03  6.841E+03  3.630E+03  1.833E+03
  4.100E+03  8.186E+03  7.790E+03  9.213E+03  4.416E+03  1.710E+03  8.676E+02  5.347E+02  3.025E+03  3.357E+03
  6.923E+03  6.591E+03  2.860E+03  2.529E+03  2.127E+03  1.070E+03  2.829E+02  5.703E+03  5.656E+03  5.140E+03
  2.590E+03  5.646E+03  4.988E+03  6.267E+03  1.169E+04  5.408E+03  2.582E+03  2.240E+03  2.650E+03  4.029E+03
  2.740E+03  7.484E+03  4.089E+03  1.042E+03  1.658E+03  4.341E+03  5.443E+03  7.527E+03  4.223E+03  5.321E+03
  5.576E+03  2.507E+03  4.495E+03  9.240E+03  9.069E+03  3.333E+03  5.344E+03  4.494E+03  5.560E+03  7.366E+03
  1.789E+03  0.000E+00  0.000E+00  0.000E+00  0.000E+00  0.000E+00  0.000E+00  0.000E+00  0.000E+00  0.000E+00
  0.000E+00  0.000E+00  0.000E+00  0.000E+00  0.000E+00  0.000E+00  0.000E+00  0.000E+00  0.000E+00  6.044E+01
  0.000E+00  3.154E+01  5.139E+02  0.000E+00  0.000E+00  8.710E+02  1.376E+03  0.000E+00  0.000E+00  0.000E+00
  0.000E+00  0.000E+00  0.000E+00  0.000E+00  5.109E+01  0.000E+00  0.000E+00  0.000E+00  7.529E+02  2.713E+02
  4.014E+03  3.854E+03  2.548E+03  3.093E+03  1.623E+03  5.783E+03  4.656E+03  4.787E+03  6.258E+03  4.194E+03
  9.968E+02  2.912E+03  9.337E+03  7.254E+03  7.338E+03  5.352E+03  8.539E+03  7.588E+03  4.938E+03  2.181E+03
  2.413E+03  4.989E+03  7.385E+03  7.013E+03  5.294E+03  3.675E+03  4.284E+03  2.898E+03  5.337E+03  2.862E+03
  4.829E+03  3.151E+03  7.239E+03  8.205E+03  9.523E+03  1.092E+04  2.523E+03  0.000E+00  1.745E+03  3.858E+02
  1.597E+03  5.047E+03  5.128E+03  6.133E+03  3.877E+03  2.945E+03  1.901E+03  6.781E+03  7.238E+03  3.351E+03
  3.033E+03  2.491E+03  4.835E+03  2.212E+03  4.122E+03  9.418E+03  7.601E+03  8.175E+03  4.350E+03  5.301E+03
  3.853E+03  3.529E+03  4.608E+03  3.542E+03  2.049E+03  3.564E+03  3.751E+03  4.136E+03  4.951E+03  4.629E+03
  1.025E+04  1.447E+03  3.329E+03  3.112E+03  4.885E+03  2.929E+03  2.724E+03  3.168E+03  6.022E+03  2.492E+03
  5.326E+03  3.717E+03  4.097E+03  1.521E+03  9.371E+02  2.880E+03  2.584E+03  5.350E+03  5.334E+03  8.525E+02
  3.278E+03  2.122E+03  2.295E+03  4.003E+03  5.721E+03  3.094E+03  6.039E+03  7.817E+03  7.390E+03  5.920E+03
  6.772E+03  6.552E+03  3.107E+03  4.827E+03  3.291E+03  2.002E+03  4.894E+03  5.658E+03  3.224E+03  1.878E+03
  8.221E+02  0.000E+00  0.000E+00  0.000E+00  0.000E+00  0.000E+00  0.000E+00  0.000E+00  0.000E+00  0.000E+00
  0.000E+00  0.000E+00  0.000E+00  0.000E+00  0.000E+00  0.000E+00  0.000E+00  0.000E+00  0.000E+00  0.000E+00
  0.000E+00  0.000E+00  1.565E+03  3.157E+02  5.543E+02  0.000E+00  8.202E+02  2.032E+03  0.000E+00  0.000E+00
  0.000E+00  0.000E+00  0.000E+00  0.000E+00  9.297E+02  0.000E+00  3.369E+03  5.669E+02  0.000E+00  7.269E+02
  2.935E+03  5.342E+03  2.879E+03  2.518E+03  3.610E+03  4.205E+03  5.482E+03  4.487E+03  2.077E+03  5.472E+03
  7.712E+03  1.207E+04  8.331E+03  9.026E+03  7.883E+03  8.894E+03  8.167E+03  2.601E+03  2.365E+03  2.965E+03
  4.829E+03  5.983E+03  5.870E+03  4.264E+03  4.500E+03  7.334E+03  9.110E+03  7.071E+03  5.590E+03  2.776E+03
  3.696E+03  5.357E+03  8.255E+03  3.369E+03  4.102E+03  1.845E+03  9.638E+02  4.027E+03  3.384E+03  6.027E+03
  6.163E+03  6.526E+03  4.520E+03  6.911E+03  2.855E+03  4.837E+02  3.394E+03  5.278E+03  3.496E+03  3.223E+03
  4.550E+03  4.810E+03  6.149E+03  8.843E+03  1.202E+04  6.318E+03  4.163E+03  2.707E+03  2.466E+03  2.119E+03
  4.239E+03  5.464E+03  5.968E+03  8.206E+03  4.615E+03  2.017E+03  5.044E+02  1.278E+03  1.842E+03  2.112E+03
  1.227E+03  1.553E+03  5.023E+03  5.023E+03  2.183E+03  5.458E+03  3.294E+03  7.480E+02  4.329E+03  3.265E+03
  3.245E+03  5.873E+03  5.756E+03  3.337E+03  3.094E+03  2.391E+03  7.874E+03  6.698E+03  3.740E+03  2.281E+03
  3.477E+03  4.460E+03  8.780E+03  8.377E+03  5.879E+03  5.562E+03  6.141E+03  2.962E+03  7.686E+03  4.735E+03
  3.524E+02  2.674E+03  3.506E+03  2.911E+03  1.610E+02  5.354E+03  7.731E+03  4.952E+03  1.849E+03  2.953E+03
  2.377E+03  0.000E+00  0.000E+00  0.000E+00  0.000E+00  0.000E+00  0.000E+00  0.000E+00  0.000E+00  0.000E+00
  0.000E+00  0.000E+00  0.000E+00  0.000E+00  0.000E+00  0.000E+00  0.000E+00  0.000E+00  0.000E+00  0.000E+00
  0.000E+00  4.379E+02  1.565E+03  9.637E+02  5.339E+02  0.000E+00  0.000E+00  1.992E+03  1.960E+03  0.000E+00
  3.820E+02  1.341E+03  0.000E+00  0.000E+00  0.000E+00  0.000E+00  1.143E+03  0.000E+00  0.000E+00  1.137E+03
  5.628E+03  4.484E+03  2.212E+03  3.331E+03  2.944E+03  3.434E+03  4.373E+03  4.432E+03  7.825E+03  3.903E+03
  3.495E+03  6.643E+03  5.908E+03  4.461E+03  3.493E+03  5.182E+03  4.756E+03  2.572E+03  2.479E+03  5.305E+03
  2.899E+03  2.190E+03  4.731E+03  2.140E+03  5.795E+03  5.939E+03  1.904E+03  1.886E+03  2.238E+03  4.858E+02
  5.618E+02  4.003E+03  5.070E+03  4.645E+03  3.009E+03  3.690E+03  9.626E+03  6.198E+03  1.204E+04  1.094E+04
  7.285E+03  5.489E+03  5.334E+03  2.394E+03  4.640E+03  5.161E+03  7.423E+03  6.872E+03  1.955E+03  3.955E+03
  8.682E+03  7.157E+03  6.097E+03  3.202E+03  6.979E+03  5.056E+03  7.517E+03  1.050E+04  6.131E+03  9.060E+03
  1.087E+04  6.961E+03  6.047E+03  4.355E+03  3.805E+03  1.546E+03  2.964E+03  2.647E+03  1.964E+03  1.204E+03
  3.743E+03  5.212E+03  5.180E+03  1.096E+03  6.608E+02  2.722E+03  2.802E+03  3.975E+03  3.570E+03  4.237E+03
  4.963E+03  3.134E+03  3.448E+03  2.350E+03  4.158E+02  3.316E+03  2.995E+03  1.643E+03  3.177E+03  2.273E+03
  2.518E+03  3.306E+03  7.516E+03  4.700E+03  3.009E+03  8.253E+02  6.031E+03  6.147E+03  5.458E+03  5.052E+03
  6.464E+03  3.151E+03  1.815E+03  6.574E+03  9.620E+03  7.863E+03  6.152E+03  3.098E+03  4.078E+03  4.766E+03
  1.998E+03  0.000E+00  0.000E+00  0.000E+00  0.000E+00  0.000E+00  0.000E+00  0.000E+00  0.000E+00  0.000E+00
  0.000E+00  0.000E+00  0.000E+00  0.000E+00  0.000E+00  0.000E+00  0.000E+00  0.000E+00  0.000E+00  0.000E+00
  0.000E+00  7.745E+02  1.565E+03  0.000E+00  0.000E+00  0.000E+00  0.000E+00  1.681E+03  5.554E+02  0.000E+00
  0.000E+00  0.000E+00  3.433E+02  8.912E+02  5.352E+01  1.533E+03  0.000E+00  0.000E+00  0.000E+00  0.000E+00
  5.313E+03  3.493E+03  1.725E+03  1.057E+02  5.641E+02  5.527E+03  9.478E+03  1.793E+03  2.288E+03  2.940E+03
  5.635E+03  3.432E+03  3.195E+03  8.026E+03  4.868E+03  6.636E+03  4.437E+03  5.164E+03  4.864E+03  3.789E+03
  2.629E+03  3.719E+03  1.520E+02  2.762E+03  4.961E+03  8.781E+02  4.353E+03  1.905E+03  1.187E+03  4.372E+03
  7.689E+03  7.904E+03  7.689E+03  6.222E+03  4.863E+03  5.823E+03  5.942E+03  5.461E+03  6.247E+03  2.457E+03
  1.816E+03  4.769E+03  4.637E+03  2.183E+03  2.769E+03  3.992E+03  1.724E+03  2.277E+03  5.377E+03  1.106E+04
  5.440E+03  4.405E+03  5.238E+03  7.354E+03  6.669E+03  5.113E+03  1.014E+04  7.105E+03  9.469E+03  8.132E+03
  6.282E+03  2.463E+03  1.023E+03  2.179E+03  1.224E+02  4.117E+02  3.677E+03  3.712E+03  2.343E+03  4.237E+03
  4.786E+02  1.613E+03  4.182E+03  3.557E+03  8.733E+03  6.345E+03  4.276E+03  4.111E+03  4.712E+03  4.356E+03
  1.339E+03  2.054E+03  4.944E+03  5.397E+03  6.175E+03  5.709E+03  4.120E+03  3.971E+03  5.648E+03  5.230E+03
  6.299E+03  8.124E+03  1.922E+03  4.095E+03  9.718E+03  8.890E+03  1.008E+04  6.983E+03  6.828E+03  2.525E+03
  2.394E+03  5.972E+03  6.285E+03  6.665E+03  4.491E+03  5.084E+03  5.550E+03  4.496E+03  6.600E+03  6.842E+03
  3.856E+03  0.000E+00  0.000E+00  0.000E+00  0.000E+00  0.000E+00  0.000E+00  0.000E+00  0.000E+00  0.000E+00
  0.000E+00  0.000E+00  0.000E+00  0.000E+00  0.000E+00  0.000E+00  0.000E+00  0.000E+00  0.000E+00  0.000E+00
  0.000E+00  0.000E+00  1.565E+03  0.000E+00  0.000E+00  0.000E+00  0.000E+00  0.000E+00  1.735E+03  0.000E+00
  0.000E+00  0.000E+00  0.000E+00  9.563E+02  1.235E+03  1.257E+03  0.000E+00  0.000E+00  0.000E+00  0.000E+00
  5.617E+03  1.328E+03  1.395E+03  3.217E+03  5.861E+03  6.067E+03  1.303E+03  4.013E+02  1.328E+03  4.976E+03
  5.663E+03  4.731E+03  5.601E+03  4.786E+03  2.545E+03  5.385E+03  5.491E+03  3.862E+03  3.147E+03  4.385E+03
  3.726E+03  1.124E+03  5.039E+03  5.723E+03  5.951E+03  3.684E+03  5.736E+03  8.057E+03  1.263E+04  6.115E+03
  5.968E+03  1.137E+04  5.071E+03  1.505E+03  2.611E+03  4.188E+03  1.750E+03  5.414E+03  5.792E+03  4.584E+03
  3.504E+03  4.343E+03  8.601E+02  0.000E+00  3.564E+02  1.458E+03  5.818E+03  9.819E+03  8.962E+03  6.597E+03
  7.736E+03  5.725E+03  7.964E+03  1.051E+04  4.431E+03  4.824E+03  2.336E+03  5.460E+03  6.392E+03  6.018E+03
  3.763E+03  4.050E+03  2.274E+03  3.382E+03  4.096E+03  4.604E+03  2.216E+03  3.786E+03  5.555E+03  3.423E+03
  3.782E+03  5.915E+03  6.588E+03  6.726E+03  3.326E+03  2.118E+03  2.865E+03  4.096E+03  4.445E+03  5.533E+03
  5.188E+03  5.109E+03  7.733E+03  3.290E+03  6.325E+03  8.002E+03  6.845E+03  6.761E+03  9.242E+03  8.726E+03
  6.909E+03  6.230E+03  6.450E+03  6.155E+03  4.424E+03  8.510E+02  3.246E+03  6.055E+03  2.288E+03  2.263E+03
  4.107E+03  3.265E+03  3.664E+03  6.679E+03  1.742E+03  5.913E+03  8.745E+03  8.402E+03  4.400E+03  4.253E+03
  2.722E+03  0.000E+00  0.000E+00  0.000E+00  0.000E+00  0.000E+00  0.000E+00  0.000E+00  0.000E+00  0.000E+00
  0.000E+00  0.000E+00  0.000E+00  0.000E+00  0.000E+00  0.000E+00  0.000E+00  0.000E+00  0.000E+00  0.000E+00
  0.000E+00  0.000E+00  1.206E+03  0.000E+00  4.387E+02  0.000E+00  0.000E+00  0.000E+00  1.735E+03  0.000E+00
  0.000E+00  0.000E+00  0.000E+00  0.000E+00  1.578E+03  3.215E+02  0.000E+00  0.000E+00  8.474E+02  7.569E+02
  2.180E+03  1.637E+03  2.424E+02  1.524E+03  2.850E+03  9.933E+02  1.496E+03  2.868E+03  2.372E+03  2.795E+03
  3.271E+03  1.811E+03  1.103E+02  4.016E+03  4.682E+03  1.370E+03  2.995E+03  2.199E+03  4.683E+03  1.916E+03
  2.862E+03  7.620E+03  6.434E+03  6.459E+03  8.062E+03  5.691E+03  6.199E+03  9.867E+03  5.574E+03  5.906E+03
  6.658E+03  4.414E+03  3.062E+03  2.499E+03  2.570E+03  2.179E+03  4.944E+03  7.926E+03  1.264E+03  7.388E+02
  6.917E+02  7.125E+02  1.389E+03  7.915E+02  1.726E+03  5.668E+03  1.093E+04  9.539E+03  7.836E+03  4.625E+03
  4.187E+03  7.036E+03  7.007E+03  4.145E+03  3.372E+03  5.872E+03  7.007E+03  9.796E+03  5.518E+03  3.166E+03
  2.734E+03  5.926E+03  8.854E+03  3.348E+03  1.432E+03  2.378E+03  8.869E+03  7.660E+03  8.470E+03  6.872E+03
  4.860E+03  4.274E+03  2.157E+03  3.791E+03  1.396E+03  8.203E+02  2.305E+03  2.631E+03  6.286E+03  4.759E+03
  6.890E+03  9.137E+03  8.435E+03  6.525E+03  2.288E+03  3.168E+03  8.650E+03  1.164E+04  9.863E+03  8.648E+03
  8.280E+03  4.554E+03  3.246E+03  5.956E+03  1.628E+03  1.261E+03  3.880E+03  4.674E+03  3.606E+03  5.086E+03
  9.468E+03  7.367E+03  7.546E+03  9.142E+03  1.165E+04  9.513E+03  4.114E+03  2.236E+03  2.099E+03  4.462E+03
  3.439E+03  0.000E+00  0.000E+00  0.000E+00  0.000E+00  0.000E+00  0.000E+00  0.000E+00  0.000E+00  0.000E+00
  0.000E+00  0.000E+00  0.000E+00  0.000E+00  0.000E+00  5.964E+02  0.000E+00  2.489E+02  3.206E+02  0.000E+00
  0.000E+00  2.040E+02  3.691E+02  8.239E+02  7.014E+02  1.378E+03  0.000E+00  0.000E+00  1.253E+02  4.066E+02
  0.000E+00  1.133E+03  0.000E+00  0.000E+00  1.503E+03  0.000E+00  0.000E+00  1.101E+03  0.000E+00  0.000E+00
  1.171E+03  2.886E+03  2.735E+03  2.277E+03  2.043E+03  3.347E+03  2.787E+03  3.298E+03  1.353E+03  1.250E+03
  1.193E+03  1.683E+03  2.008E+03  6.537E+02  1.046E+03  3.194E+03  2.293E+03  2.916E+03  2.427E+03  4.896E+03
  1.003E+04  8.090E+03  7.973E+03  7.877E+03  4.267E+03  2.715E+03  2.604E+03  1.712E+03  6.934E+03  5.096E+03
  3.528E+03  1.478E+03  1.112E+03  4.737E+03  4.365E+03  3.257E+03  1.750E+03  2.479E+03  6.823E+03  3.101E+03
  2.056E+03  2.061E+03  4.145E+03  3.948E+03  8.840E+03  6.840E+03  5.868E+03  1.753E+03  1.476E+03  2.179E+03
  5.644E+03  5.653E+03  3.235E+03  4.575E+03  4.201E+03  5.050E+03  7.240E+03  2.767E+03  3.231E+03  3.249E+03
  3.883E+03  2.579E+03  3.365E+03  9.721E+02  5.762E+03  1.002E+04  7.085E+03  2.291E+03  2.363E+03  1.573E+03
  2.214E+03  1.046E+03  1.874E+03  1.534E+03  1.382E+03  4.741E+03  5.311E+03  7.293E+03  2.467E+03  7.287E+02
  3.898E+03  4.883E+03  4.817E+03  5.008E+03  7.198E+03  5.277E+03  4.956E+03  5.348E+03  6.233E+03  2.830E+03
  7.951E+02  2.550E+03  3.323E+03  3.505E+03  2.198E+03  1.739E+03  2.178E+03  4.699E+03  5.394E+03  9.773E+03
  1.149E+04  9.585E+03  9.010E+03  6.184E+03  5.371E+03  2.676E+03  3.306E+03  4.920E+03  1.062E+04  1.111E+04
  4.438E+03  0.000E+00  0.000E+00  0.000E+00  0.000E+00  0.000E+00  0.000E+00  0.000E+00  0.000E+00  0.000E+00
  0.000E+00  0.000E+00  0.000E+00  0.000E+00  0.000E+00  1.217E+03  0.000E+00  0.000E+00  1.472E+03  9.691E+01
  0.000E+00  0.000E+00  9.841E+02  1.565E+03  0.000E+00  0.000E+00  0.000E+00  0.000E+00  0.000E+00  0.000E+00
  0.000E+00  1.080E+02  0.000E+00  0.000E+00  0.000E+00  0.000E+00  0.000E+00  9.162E+02  0.000E+00  0.000E+00
  6.099E+03  3.071E+03  5.244E+02  5.335E+02  5.275E+03  4.274E+03  2.601E+03  2.517E+03  2.058E+03  3.706E+03
  6.972E+03  2.329E+03  3.322E+02  9.863E+02  6.726E+03  8.124E+03  5.524E+03  6.536E+03  1.115E+04  1.292E+04
  6.291E+03  5.756E+03  4.395E+03  3.893E+03  2.694E+03  2.527E+03  2.900E+03  3.222E+03  4.833E+02  1.035E+03
  1.908E+03  5.535E+03  9.404E+03  9.102E+03  3.649E+03  5.610E+03  5.892E+03  7.421E+03  8.872E+03  5.429E+03
  6.074E+03  5.671E+03  4.978E+03  8.006E+03  2.648E+03  9.251E+02  3.977E+03  4.738E+03  5.034E+03  3.518E+03
  1.800E+03  3.027E+03  4.502E+03  3.917E+03  2.984E+03  5.251E+03  1.997E+03  9.568E+02  1.008E+03  1.340E+03
  1.015E+03  1.831E+03  2.816E+03  3.248E+03  2.947E+03  3.773E+03  3.818E+03  4.853E+03  2.306E+03  2.617E+03
  7.081E+02  6.989E+01  2.149E+03  4.599E+03  5.730E+03  6.494E+03  3.683E+03  5.064E+03  5.354E+03  5.326E+03
  2.788E+03  5.349E+03  4.507E+03  5.757E+03  5.715E+03  3.921E+03  3.048E+03  7.399E+03  4.611E+03  3.747E+03
  4.903E+03  5.344E+03  6.479E+03  7.738E+03  6.916E+03  6.444E+03  1.058E+04  7.614E+03  7.492E+03  6.739E+03
  6.374E+03  5.275E+03  4.402E+03  4.096E+03  3.425E+03  7.327E+03  1.296E+04  1.575E+04  1.295E+04  1.799E+04
  7.228E+03  0.000E+00  0.000E+00  0.000E+00  0.000E+00  0.000E+00  0.000E+00  0.000E+00  0.000E+00  0.000E+00
  0.000E+00  0.000E+00  0.000E+00  0.000E+00  0.000E+00  0.000E+00  0.000E+00  0.000E+00  0.000E+00  1.834E+03
  8.231E+02  0.000E+00  0.000E+00  1.565E+03  0.000E+00  0.000E+00  0.000E+00  0.000E+00  9.117E+02  0.000E+00
  0.000E+00  0.000E+00  0.000E+00  0.000E+00  0.000E+00  0.000E+00  0.000E+00  1.018E+03  0.000E+00  0.000E+00
  2.464E+03  1.700E+03  6.584E+03  5.425E+03  5.182E+03  1.939E+03  2.867E+03  2.105E+03  2.914E+03  3.038E+03
  2.923E+03  3.256E+03  4.133E+03  1.220E+04  1.103E+04  8.091E+03  7.444E+03  3.192E+03  4.290E+03  4.220E+03
  4.581E+03  3.332E+03  6.040E+03  3.143E+03  2.681E+03  2.622E+03  1.098E+03  2.917E+03  3.405E+03  1.208E+03
  3.169E+03  3.272E+03  3.246E+03  5.193E+03  5.516E+03  7.515E+03  7.315E+03  4.636E+03  5.846E+03  4.469E+03
  9.149E+03  6.946E+03  3.820E+03  1.638E+03  9.308E+02  9.003E+02  6.041E+03  4.518E+03  2.301E+03  6.908E+03
  5.325E+03  7.370E+03  5.092E+03  2.705E+03  4.659E+03  3.441E+03  1.528E+03  0.000E+00  2.799E+03  5.534E+03
  1.658E+03  2.732E+03  2.179E+03  1.903E+03  1.680E+03  2.302E+03  4.822E+03  2.958E+03  2.057E+03  4.112E+03
  4.483E+03  5.438E+03  9.183E+03  1.057E+04  9.282E+03  5.225E+03  3.867E+03  2.985E+03  2.389E+03  7.188E+03
  1.147E+04  4.474E+03  6.106E+03  5.723E+03  4.549E+03  6.114E+03  3.115E+03  4.926E+03  5.324E+03  9.663E+03
  7.410E+03  9.357E+03  1.045E+04  7.725E+03  5.548E+03  7.762E+03  8.784E+03  8.856E+03  6.348E+03  1.005E+04
  7.233E+03  7.247E+03  7.530E+03  7.336E+03  1.128E+04  1.501E+04  2.009E+04  1.286E+04  1.525E+04  1.509E+04
  4.066E+03  0.000E+00  0.000E+00  0.000E+00  0.000E+00  0.000E+00  0.000E+00  0.000E+00  0.000E+00  0.000E+00
  0.000E+00  0.000E+00  0.000E+00  0.000E+00  0.000E+00  1.159E+03  0.000E+00  0.000E+00  0.000E+00  0.000E+00
  1.108E+03  1.549E+03  0.000E+00  1.611E+03  0.000E+00  0.000E+00  0.000E+00  8.974E+02  1.340E+03  0.000E+00
  0.000E+00  0.000E+00  0.000E+00  4.570E+02  8.524E+02  0.000E+00  0.000E+00  1.359E+01  0.000E+00  0.000E+00
  2.419E+03  2.800E+03  2.560E+03  1.018E+03  2.102E+03  4.773E+03  4.513E+03  4.177E+03  2.719E+03  5.183E+03
  3.990E+03  4.961E+03  2.739E+03  5.562E+03  3.081E+03  3.605E+03  3.121E+03  7.366E+03  6.420E+03  4.079E+03
  1.589E+03  2.516E+03  4.944E+03  9.916E+02  1.932E+03  3.167E+03  3.239E+03  4.077E+03  6.899E+03  2.699E+03
  1.943E+03  4.358E+03  4.115E+03  9.506E+02  1.924E+03  6.090E+03  8.986E+03  5.663E+03  4.399E+03  5.257E+03
  4.336E+03  3.739E+03  2.077E+03  5.374E+03  2.072E+03  2.251E+03  8.533E+03  8.100E+03  7.018E+03  5.686E+03
  2.873E+03  2.191E+03  3.178E+03  1.580E+03  1.421E+03  2.387E+03  4.556E+03  3.355E+03  4.024E+03  2.373E+03
  1.374E+03  4.396E+03  6.470E+03  2.404E+03  2.332E+03  2.677E+03  6.543E+03  8.799E+03  8.218E+03  5.892E+03
  2.508E+03  4.610E+03  3.914E+03  7.053E+03  5.300E+03  3.302E+03  5.689E+03  8.122E+03  3.261E+03  1.721E+03
  8.431E+02  5.130E+03  2.801E+03  1.012E+03  3.198E+03  2.969E+03  6.699E+03  8.359E+03  8.261E+03  3.348E+03
  5.223E+03  6.975E+03  7.650E+03  7.371E+03  9.945E+03  1.125E+04  9.472E+03  8.090E+03  1.091E+04  1.021E+04
  1.454E+04  1.333E+04  1.618E+04  1.768E+04  1.620E+04  1.896E+04  1.458E+04  1.488E+04  1.325E+04  1.155E+04
  3.216E+03  0.000E+00  0.000E+00  0.000E+00  0.000E+00  0.000E+00  0.000E+00  0.000E+00  0.000E+00  0.000E+00
  0.000E+00  0.000E+00  0.000E+00  0.000E+00  0.000E+00  0.000E+00  0.000E+00  0.000E+00  0.000E+00  0.000E+00
  0.000E+00  3.815E+02  2.069E+02  2.001E+03  5.651E+02  0.000E+00  0.000E+00  4.610E+02  1.626E+03  0.000E+00
  0.000E+00  0.000E+00  0.000E+00  5.115E+02  0.000E+00  0.000E+00  0.000E+00  0.000E+00  0.000E+00  3.024E+02
  2.653E+03  1.488E+03  6.604E+03  4.186E+03  4.533E+03  6.720E+03  5.537E+03  5.942E+03  5.357E+03  8.445E+03
  3.477E+03  1.917E+03  2.560E+03  1.651E+03  2.339E+03  3.865E+03  9.657E+03  8.016E+03  4.716E+03  5.600E+03
  5.562E+03  7.138E+03  1.531E+03  3.217E+03  6.287E+03  2.358E+03  4.054E+03  5.572E+03  2.430E+03  3.246E+03
  4.903E+03  2.298E+03  3.893E+03  3.864E+03  7.061E+03  4.312E+03  4.305E+03  2.705E+03  4.676E+03  5.815E+03
  4.494E+03  4.111E+03  2.466E+03  3.937E+03  3.212E+03  4.897E+03  4.839E+03  1.855E+03  2.143E+03  2.273E+03
  4.681E+03  4.609E+03  2.656E+03  3.080E+03  4.881E+03  7.780E+03  3.662E+03  1.845E+03  3.671E+03  3.402E+03
  3.189E+03  1.402E+03  4.716E+03  4.637E+03  7.367E+03  7.934E+03  4.816E+03  3.252E+03  7.497E+03  7.140E+03
  7.075E+03  4.496E+03  5.361E+03  5.387E+03  3.783E+03  6.185E+03  4.036E+03  3.600E+03  5.091E+03  2.336E+03
  2.496E+03  5.366E+03  3.339E+03  5.966E+03  6.000E+03  7.141E+03  3.562E+03  4.138E+03  7.678E+03  1.027E+04
  9.642E+03  1.148E+04  1.028E+04  1.320E+04  1.303E+04  1.563E+04  1.238E+04  1.034E+04  1.158E+04  1.442E+04
  1.472E+04  1.197E+04  1.775E+04  1.754E+04  2.232E+04  2.003E+04  2.198E+04  1.917E+04  2.104E+04  2.237E+04
  8.389E+03  0.000E+00  0.000E+00  0.000E+00  0.000E+00  0.000E+00  0.000E+00  0.000E+00  0.000E+00  0.000E+00
  0.000E+00  0.000E+00  0.000E+00  0.000E+00  0.000E+00  1.102E+03  1.363E+02  0.000E+00  0.000E+00  0.000E+00
  0.000E+00  0.000E+00  0.000E+00  8.033E+02  0.000E+00  0.000E+00  0.000E+00  0.000E+00  0.000E+00  0.000E+00
  0.000E+00  0.000E+00  0.000E+00  0.000E+00  0.000E+00  0.000E+00  0.000E+00  0.000E+00  0.000E+00  0.000E+00
  8.019E+03  9.972E+03  4.974E+03  6.617E+03  9.108E+03  8.602E+03  6.649E+03  5.025E+03  1.741E+03  3.848E+03
  3.243E+03  2.598E+03  4.246E+03  7.456E+03  6.793E+03  7.096E+03  1.006E+04  7.187E+03  3.580E+03  2.258E+03
  1.057E+03  2.757E+03  2.324E+03  3.767E+03  6.222E+03  6.900E+03  8.646E+03  4.126E+03  3.550E+03  2.557E+03
  3.536E+03  2.052E+03  6.909E+03  6.296E+03  3.717E+03  4.682E+03  4.396E+03  4.072E+03  9.811E+02  4.945E+03
  3.491E+03  2.737E+03  5.120E+03  2.991E+03  2.635E+03  2.253E+03  3.425E+03  2.301E+03  8.424E+02  4.688E+03
  3.999E+03  2.809E+03  4.380E+03  5.532E+03  7.277E+03  3.743E+03  5.323E+03  7.175E+03  7.877E+03  1.066E+04
  6.533E+03  9.963E+03  9.671E+03  8.987E+03  5.355E+03  1.720E+03  5.021E+03  9.015E+03  1.181E+04  9.417E+03
  7.105E+03  7.805E+03  7.959E+03  8.139E+03  7.104E+03  6.465E+03  3.641E+03  3.402E+03  3.631E+03  6.783E+03
  5.845E+03  2.943E+03  2.134E+03  9.867E+03  1.149E+04  6.436E+03  6.825E+03  7.663E+03  8.073E+03  1.369E+04
  1.588E+04  1.752E+04  2.117E+04  2.183E+04  1.502E+04  9.196E+03  9.977E+03  1.159E+04  1.019E+04  1.436E+04
  2.007E+04  2.164E+04  2.529E+04  2.204E+04  2.021E+04  1.822E+04  1.569E+04  1.798E+04  1.861E+04  2.670E+04
  8.907E+03  0.000E+00  0.000E+00  0.000E+00  0.000E+00  0.000E+00  0.000E+00  0.000E+00  0.000E+00  0.000E+00
  0.000E+00  0.000E+00  0.000E+00  0.000E+00  0.000E+00  2.825E+01  1.266E+03  1.018E+03  0.000E+00  0.000E+00
  6.597E+02  3.252E+02  0.000E+00  5.275E+02  0.000E+00  9.947E+02  1.419E+02  0.000E+00  0.000E+00  0.000E+00
  1.354E+02  1.610E+03  0.000E+00  0.000E+00  0.000E+00  0.000E+00  0.000E+00  0.000E+00  0.000E+00  0.000E+00
  8.915E+03  6.226E+03  2.673E+03  6.260E+03  5.400E+03  5.491E+03  6.020E+03  2.134E+03  3.324E+03  4.284E+03
  5.745E+03  8.964E+03  4.886E+03  3.940E+03  5.044E+03  7.610E+03  7.094E+03  3.258E+03  1.311E+03  5.127E+02
  4.017E+03  7.233E+03  1.225E+04  8.248E+03  7.990E+03  6.001E+03  3.684E+03  3.900E+03  2.134E+03  2.789E+03
  8.214E+03  5.728E+03  1.952E+03  5.554E+03  8.663E+03  7.630E+03  6.679E+03  2.926E+03  6.767E+03  2.614E+03
  8.461E+03  6.364E+03  3.232E+03  1.557E+03  3.241E+03  1.398E+03  2.957E+03  2.806E+03  1.245E+04  1.005E+04
  8.351E+03  2.631E+03  7.424E+03  6.803E+03  7.015E+03  1.297E+04  1.110E+04  9.976E+03  1.127E+04  9.202E+03
  8.050E+03  7.980E+03  7.754E+03  5.164E+03  5.953E+03  8.874E+03  1.073E+04  9.877E+03  4.172E+03  6.418E+03
  8.336E+03  6.273E+03  7.963E+03  7.685E+03  1.100E+04  1.055E+04  1.035E+04  1.357E+04  9.138E+03  6.248E+03
  6.164E+03  1.182E+04  1.718E+04  1.134E+04  1.416E+04  1.717E+04  1.475E+04  1.590E+04  1.579E+04  1.286E+04
  1.618E+04  2.077E+04  1.380E+04  1.443E+04  1.516E+04  1.014E+04  1.224E+04  1.472E+04  1.793E+04  1.525E+04
  1.834E+04  1.909E+04  2.021E+04  2.657E+04  2.498E+04  2.572E+04  2.663E+04  2.325E+04  2.747E+04  3.624E+04
  1.184E+04  0.000E+00  0.000E+00  0.000E+00  0.000E+00  0.000E+00  0.000E+00  0.000E+00  0.000E+00  0.000E+00
  0.000E+00  0.000E+00  0.000E+00  0.000E+00  0.000E+00  0.000E+00  0.000E+00  0.000E+00  1.081E+03  0.000E+00
  0.000E+00  0.000E+00  7.531E+02  0.000E+00  0.000E+00  0.000E+00  1.715E+03  0.000E+00  1.613E+02  4.558E+02
  0.000E+00  1.015E+03  2.758E+02  0.000E+00  0.000E+00  0.000E+00  1.456E+03  0.000E+00  2.245E+02  8.090E+02
  3.739E+03  4.784E+03  7.379E+03  4.543E+03  5.494E+03  7.391E+03  2.092E+03  5.838E+03  7.029E+03  4.972E+03
  3.919E+03  3.261E+03  6.831E+03  6.797E+03  9.216E+03  6.432E+03  3.255E+03  4.754E+03  6.765E+03  1.120E+04
  1.202E+04  1.062E+04  8.333E+03  9.315E+03  4.044E+03  1.624E+03  2.659E+03  4.970E+03  3.818E+03  5.268E+03
  3.214E+03  7.082E+03  8.971E+03  4.640E+03  4.710E+03  4.570E+03  6.948E+03  5.843E+03  2.460E+03  4.128E+03
  8.277E+03  4.346E+03  7.980E+03  4.436E+03  4.158E+03  8.769E+03  1.316E+04  1.177E+04  8.621E+03  6.642E+03
  9.980E+03  8.652E+03  1.008E+04  1.132E+04  1.095E+04  1.109E+04  1.128E+04  6.958E+03  5.969E+03  1.122E+04
  1.063E+04  8.956E+03  1.214E+04  1.255E+04  6.687E+03  7.934E+03  8.111E+03  7.579E+03  5.332E+03  6.324E+03
  7.622E+03  1.255E+04  1.355E+04  1.364E+04  1.299E+04  8.063E+03  5.270E+03  1.090E+04  1.515E+04  1.491E+04
  1.205E+04  9.741E+03  7.294E+03  5.362E+03  9.801E+03  1.275E+04  1.409E+04  1.931E+04  2.214E+04  2.277E+04
  1.572E+04  1.005E+04  1.345E+04  1.767E+04  1.319E+04  1.823E+04  2.419E+04  2.845E+04  3.371E+04  2.801E+04
  2.982E+04  3.268E+04  2.906E+04  2.961E+04  3.283E+04  4.424E+04  5.071E+04  5.466E+04  6.047E+04  5.127E+04
  1.467E+04  0.000E+00  0.000E+00  0.000E+00  0.000E+00  0.000E+00  0.000E+00  0.000E+00  0.000E+00  0.000E+00
  0.000E+00  0.000E+00  0.000E+00  0.000E+00  0.000E+00  1.763E+03  0.000E+00  6.533E+02  1.185E+02  0.000E+00
  0.000E+00  0.000E+00  7.454E+02  0.000E+00  0.000E+00  0.000E+00  0.000E+00  0.000E+00  0.000E+00  3.864E+02
  0.000E+00  0.000E+00  0.000E+00  9.094E+02  0.000E+00  0.000E+00  0.000E+00  0.000E+00  0.000E+00  0.000E+00
  3.816E+03  4.586E+03  5.025E+03  9.249E+03  8.192E+03  6.007E+03  8.609E+03  4.091E+03  4.788E+03  6.150E+03
  4.061E+03  4.897E+03  5.446E+03  3.710E+03  5.835E+03  4.319E+03  2.349E+03  4.915E+03  5.576E+03  5.265E+03
  6.870E+03  2.348E+03  2.384E+03  7.286E+03  4.476E+03  2.366E+03  3.880E+03  4.576E+03  6.847E+03  8.204E+03
  5.041E+03  5.082E+03  6.811E+03  3.468E+03  8.701E+02  3.460E+03  2.392E+03  2.886E+03  6.520E+03  7.838E+03
  9.224E+03  1.014E+04  6.715E+03  7.070E+03  1.081E+04  8.368E+03  1.026E+04  1.376E+04  1.396E+04  1.080E+04
  9.759E+03  9.765E+03  6.916E+03  5.339E+03  4.345E+03  7.618E+03  8.698E+03  1.253E+04  1.217E+04  9.817E+03
  7.916E+03  7.171E+03  5.176E+03  4.344E+03  9.108E+03  1.061E+04  1.001E+04  1.154E+04  1.029E+04  9.259E+03
  1.198E+04  1.451E+04  1.547E+04  1.805E+04  1.261E+04  1.083E+04  1.125E+04  1.164E+04  1.131E+04  8.454E+03
  1.412E+04  1.598E+04  2.291E+04  2.021E+04  2.192E+04  2.070E+04  1.853E+04  2.019E+04  1.966E+04  2.254E+04
  2.403E+04  1.952E+04  2.140E+04  2.180E+04  3.175E+04  2.949E+04  3.328E+04  3.445E+04  3.553E+04  4.069E+04
  3.844E+04  3.925E+04  4.477E+04  4.222E+04  3.580E+04  3.336E+04  3.345E+04  4.482E+04  3.910E+04  5.211E+04
  1.925E+04  0.000E+00  0.000E+00  0.000E+00  0.000E+00  0.000E+00  0.000E+00  0.000E+00  0.000E+00  0.000E+00
  0.000E+00  0.000E+00  0.000E+00  0.000E+00  0.000E+00  0.000E+00  0.000E+00  1.512E+01  3.815E+02  0.000E+00
  0.000E+00  0.000E+00  3.371E+01  0.000E+00  0.000E+00  7.813E+01  1.420E+03  4.193E+03  0.000E+00  0.000E+00
  0.000E+00  0.000E+00  2.593E+03  1.253E+02  0.000E+00  1.440E+03  5.049E+02  8.595E+02  0.000E+00  0.000E+00
  7.389E+03  8.652E+03  7.794E+03  4.201E+03  7.590E+03  1.317E+04  2.692E+03  5.237E+03  5.551E+03  2.790E+03
  4.520E+03  5.318E+03  3.488E+03  4.096E+03  5.609E+03  2.647E+03  4.053E+03  2.275E+03  4.124E+03  1.928E+03
  7.160E+02  3.834E+03  9.895E+03  8.885E+03  7.696E+03  4.238E+03  5.679E+03  3.808E+03  6.786E+03  5.506E+03
  3.862E+03  6.737E+03  3.742E+03  2.624E+03  3.858E+03  2.727E+03  3.033E+03  9.737E+03  9.358E+03  6.944E+03
  1.060E+04  1.177E+04  1.084E+04  1.176E+04  1.076E+04  1.060E+04  9.993E+03  8.690E+03  7.045E+03  4.773E+03
  6.295E+03  7.841E+03  6.247E+03  1.085E+04  1.385E+04  1.341E+04  1.279E+04  1.077E+04  1.067E+04  1.540E+04
  1.636E+04  1.430E+04  1.541E+04  1.359E+04  9.908E+03  1.275E+04  1.433E+04  1.711E+04  1.381E+04  1.659E+04
  1.578E+04  1.747E+04  1.370E+04  1.051E+04  1.248E+04  1.536E+04  1.645E+04  1.387E+04  1.504E+04  1.888E+04
  1.898E+04  2.114E+04  1.448E+04  1.929E+04  2.447E+04  2.157E+04  2.200E+04  2.847E+04  2.944E+04  2.855E+04
  3.135E+04  3.155E+04  3.979E+04  4.448E+04  4.395E+04  4.019E+04  4.159E+04  3.949E+04  4.003E+04  4.082E+04
  4.292E+04  4.468E+04  3.917E+04  4.797E+04  5.008E+04  5.372E+04  5.275E+04  4.933E+04  5.361E+04  6.008E+04
  2.169E+04  0.000E+00  0.000E+00  0.000E+00  0.000E+00  0.000E+00  0.000E+00  0.000E+00  0.000E+00  0.000E+00
  0.000E+00  0.000E+00  0.000E+00  0.000E+00  0.000E+00  0.000E+00  0.000E+00  0.000E+00  0.000E+00  0.000E+00
  0.000E+00  1.552E+03  0.000E+00  0.000E+00  0.000E+00  1.578E+03  2.710E+02  1.921E+03  3.101E+02  9.977E+02
  9.276E-01  0.000E+00  9.890E+02  7.100E+02  0.000E+00  0.000E+00  2.575E+03  1.305E+02  0.000E+00  0.000E+00
  3.111E+03  4.929E+03  7.535E+03  8.157E+03  4.110E+03  4.168E+03  5.305E+03  4.007E+03  6.054E+03  6.784E+03
  5.207E+03  5.387E+03  6.028E+03  2.558E+03  4.026E+03  4.738E+03  4.055E+03  4.923E+03  4.422E+03  9.828E+03
  1.046E+04  9.846E+03  1.045E+04  5.644E+03  2.520E+03  3.897E+03  3.392E+03  6.399E+03  2.184E+03  5.433E+03
  3.979E+03  1.923E+03  1.120E+03  2.994E+03  6.192E+03  8.242E+03  8.827E+03  1.129E+04  9.020E+03  5.180E+03
  5.356E+03  2.017E+03  3.875E+03  9.152E+03  9.458E+03  5.938E+03  3.525E+03  3.842E+03  8.882E+03  1.076E+04
  1.298E+04  1.049E+04  1.032E+04  9.361E+03  1.372E+04  1.274E+04  1.987E+04  1.734E+04  1.692E+04  1.700E+04
  7.325E+03  9.793E+03  1.515E+04  1.250E+04  1.491E+04  1.213E+04  1.324E+04  1.368E+04  1.031E+04  1.242E+04
  1.666E+04  1.933E+04  1.571E+04  1.763E+04  1.781E+04  1.639E+04  1.625E+04  1.736E+04  2.248E+04  2.806E+04
  2.678E+04  2.694E+04  3.017E+04  3.168E+04  3.075E+04  3.145E+04  3.345E+04  3.936E+04  3.917E+04  4.049E+04
  4.236E+04  4.615E+04  4.186E+04  4.002E+04  4.126E+04  4.453E+04  5.488E+04  5.622E+04  5.111E+04  4.755E+04
  5.215E+04  6.099E+04  6.068E+04  5.880E+04  7.021E+04  7.422E+04  7.105E+04  8.204E+04  8.282E+04  7.699E+04
  2.497E+04  0.000E+00  0.000E+00  0.000E+00  0.000E+00  0.000E+00  0.000E+00  0.000E+00  0.000E+00  0.000E+00
  0.000E+00  0.000E+00  0.000E+00  0.000E+00  0.000E+00  0.000E+00  0.000E+00  0.000E+00  0.000E+00  0.000E+00
  0.000E+00  1.591E+03  0.000E+00  6.720E+02  0.000E+00  8.184E+02  0.000E+00  2.645E+03  2.712E+02  0.000E+00
  1.764E+02  1.181E+03  0.000E+00  0.000E+00  0.000E+00  0.000E+00  6.566E+00  2.642E+01  0.000E+00  0.000E+00
  5.139E+03  7.093E+03  9.438E+03  9.316E+03  9.321E+03  1.005E+04  5.802E+03  3.457E+03  3.391E+03  5.797E+03
  9.274E+03  9.136E+03  8.556E+03  9.341E+03  9.332E+03  3.228E+03  5.205E+03  7.717E+03  9.601E+03  4.442E+03
  7.118E+03  6.478E+03  8.063E+03  8.421E+03  7.703E+03  5.880E+03  4.526E+03  9.052E+02  2.661E+02  9.471E+02
  5.194E+03  1.042E+04  8.381E+03  8.917E+03  6.490E+03  2.148E+03  4.283E+03  4.507E+03  2.798E+03  4.920E+03
  8.015E+03  8.924E+03  6.171E+03  2.129E+03  1.693E+03  2.743E+03  3.917E+03  7.038E+03  7.780E+03  1.019E+04
  9.535E+03  1.418E+04  1.574E+04  1.575E+04  2.356E+04  1.979E+04  2.058E+04  1.009E+04  1.285E+04  1.189E+04
  1.093E+04  1.668E+04  1.347E+04  1.739E+04  1.884E+04  2.049E+04  2.151E+04  1.721E+04  2.108E+04  2.109E+04
  2.333E+04  2.152E+04  1.927E+04  2.693E+04  3.404E+04  3.880E+04  4.479E+04  3.412E+04  3.024E+04  2.675E+04
  3.003E+04  3.176E+04  3.840E+04  3.844E+04  3.737E+04  4.027E+04  4.402E+04  4.387E+04  3.994E+04  3.973E+04
  5.269E+04  5.397E+04  5.390E+04  5.769E+04  6.408E+04  7.825E+04  7.212E+04  7.217E+04  8.518E+04  8.941E+04
  8.329E+04  8.332E+04  8.915E+04  9.538E+04  8.367E+04  8.144E+04  8.557E+04  7.812E+04  8.431E+04  9.033E+04
  3.377E+04  0.000E+00  0.000E+00  0.000E+00  0.000E+00  0.000E+00  0.000E+00  0.000E+00  0.000E+00  0.000E+00
  0.000E+00  0.000E+00  0.000E+00  0.000E+00  0.000E+00  0.000E+00  1.099E+03  0.000E+00  0.000E+00  0.000E+00
  7.547E+02  1.591E+03  0.000E+00  3.209E+02  0.000E+00  1.881E+03  1.354E+02  1.562E+03  4.102E+02  1.460E+03
  0.000E+00  5.345E+02  6.129E+02  0.000E+00  0.000E+00  0.000E+00  0.000E+00  1.701E+03  0.000E+00  0.000E+00
  1.394E+04  1.200E+04  1.322E+04  5.871E+03  4.484E+03  7.668E+03  6.448E+03  6.723E+03  6.584E+03  6.777E+03
  1.339E+04  1.196E+04  5.673E+03  6.725E+03  4.558E+03  6.421E+03  7.407E+03  7.364E+03  7.103E+03  5.463E+03
  3.213E+03  8.106E+03  7.626E+03  5.038E+03  4.763E+02  5.459E+02  4.528E+03  7.059E+03  9.869E+03  9.977E+03
  8.453E+03  9.162E+03  4.461E+03  5.317E+03  1.233E+03  6.567E+03  8.932E+03  5.292E+03  6.012E+03  3.416E+03
  4.416E+03  7.396E+03  4.788E+03  3.786E+03  3.192E+03  4.575E+03  4.202E+03  7.287E+03  9.293E+03  1.219E+04
  1.393E+04  1.270E+04  1.468E+04  1.704E+04  1.597E+04  1.463E+04  1.635E+04  1.738E+04  1.961E+04  2.147E+04
  2.344E+04  2.017E+04  2.020E+04  1.744E+04  1.785E+04  1.677E+04  1.999E+04  2.286E+04  2.481E+04  2.648E+04
  2.877E+04  3.323E+04  3.467E+04  3.455E+04  3.263E+04  3.108E+04  3.260E+04  3.800E+04  4.117E+04  4.072E+04
  4.512E+04  4.531E+04  4.053E+04  3.912E+04  4.716E+04  5.681E+04  5.711E+04  6.073E+04  7.697E+04  8.038E+04
  7.700E+04  7.037E+04  9.062E+04  9.664E+04  9.074E+04  7.831E+04  8.259E+04  8.445E+04  7.557E+04  7.777E+04
  8.711E+04  9.288E+04  1.046E+05  1.004E+05  9.490E+04  1.009E+05  1.003E+05  1.025E+05  1.009E+05  1.030E+05
  3.724E+04  0.000E+00  0.000E+00  0.000E+00  0.000E+00  0.000E+00  0.000E+00  0.000E+00  0.000E+00  0.000E+00
  0.000E+00  0.000E+00  0.000E+00  0.000E+00  0.000E+00  0.000E+00  0.000E+00  0.000E+00  0.000E+00  0.000E+00
  0.000E+00  1.591E+03  0.000E+00  0.000E+00  0.000E+00  0.000E+00  3.407E+01  1.562E+03  0.000E+00  6.423E+02
  0.000E+00  0.000E+00  0.000E+00  0.000E+00  0.000E+00  0.000E+00  0.000E+00  2.068E+02  0.000E+00  1.808E+02
  5.458E+03  5.737E+03  2.055E+03  4.731E+03  5.073E+03  7.608E+03  4.323E+03  3.644E+03  4.438E+03  1.766E+03
  3.211E+03  2.679E+03  8.183E+03  9.112E+03  6.178E+03  8.551E+03  8.474E+03  1.079E+04  1.006E+04  6.232E+03
  2.868E+03  6.269E+03  4.355E+03  5.591E+03  9.541E+03  1.359E+04  9.321E+03  6.482E+03  7.642E+03  3.623E+03
  8.302E+03  5.088E+03  2.617E+03  4.073E+03  5.311E+03  5.529E+03  4.730E+03  1.121E+04  1.339E+04  1.395E+04
  8.869E+03  9.102E+03  7.096E+03  8.918E+03  1.024E+04  9.340E+03  1.335E+04  1.038E+04  1.024E+04  1.226E+04
  1.483E+04  2.227E+04  2.653E+04  2.121E+04  2.158E+04  2.566E+04  1.946E+04  2.176E+04  2.004E+04  2.060E+04
  2.460E+04  2.453E+04  2.079E+04  2.171E+04  1.590E+04  1.610E+04  1.443E+04  1.933E+04  1.553E+04  1.794E+04
  3.147E+04  3.216E+04  3.553E+04  4.161E+04  5.228E+04  6.070E+04  5.923E+04  4.969E+04  4.308E+04  5.835E+04
  5.591E+04  6.248E+04  7.517E+04  8.368E+04  7.910E+04  7.616E+04  8.841E+04  8.712E+04  7.580E+04  7.694E+04
  9.012E+04  8.613E+04  8.011E+04  8.059E+04  9.416E+04  1.042E+05  1.077E+05  1.021E+05  1.013E+05  9.731E+04
  9.684E+04  1.002E+05  1.012E+05  1.042E+05  1.127E+05  1.100E+05  1.166E+05  1.162E+05  1.420E+05  1.606E+05
  6.516E+04  0.000E+00  0.000E+00  0.000E+00  0.000E+00  0.000E+00  0.000E+00  0.000E+00  0.000E+00  0.000E+00
  0.000E+00  0.000E+00  0.000E+00  0.000E+00  0.000E+00  0.000E+00  0.000E+00  0.000E+00  0.000E+00  0.000E+00
  0.000E+00  6.602E+02  0.000E+00  0.000E+00  0.000E+00  5.599E+02  3.144E+02  9.881E+02  0.000E+00  0.000E+00
  0.000E+00  0.000E+00  0.000E+00  0.000E+00  1.181E+03  0.000E+00  4.686E+02  5.494E+02  0.000E+00  5.800E+02
  6.819E+02  6.882E+03  8.198E+03  6.147E+03  7.183E+03  7.847E+03  4.577E+03  2.329E+03  3.283E+03  3.089E+03
  5.320E+03  7.328E+03  5.411E+03  6.832E+03  7.943E+03  1.163E+04  7.984E+03  4.251E+03  3.820E+03  1.201E+04
  1.031E+04  7.361E+03  7.210E+03  6.587E+03  6.844E+03  1.114E+04  1.059E+04  7.345E+03  6.477E+03  6.699E+03
  6.804E+03  8.952E+03  1.549E+04  1.930E+04  1.944E+04  1.555E+04  1.216E+04  5.959E+03  8.066E+03  9.181E+03
  1.559E+04  1.238E+04  1.342E+04  6.325E+03  6.251E+03  1.212E+04  1.306E+04  1.764E+04  2.828E+04  3.104E+04
  2.331E+04  1.884E+04  2.082E+04  2.403E+04  2.157E+04  2.600E+04  3.018E+04  2.682E+04  2.732E+04  2.903E+04
  2.837E+04  2.267E+04  1.884E+04  1.688E+04  2.001E+04  2.725E+04  4.133E+04  4.861E+04  5.557E+04  6.502E+04
  6.255E+04  5.636E+04  5.033E+04  5.668E+04  5.563E+04  6.685E+04  7.123E+04  7.905E+04  7.968E+04  8.728E+04
  8.784E+04  7.795E+04  7.210E+04  7.599E+04  8.360E+04  8.948E+04  8.147E+04  8.501E+04  9.185E+04  9.224E+04
  9.282E+04  9.801E+04  9.768E+04  9.866E+04  1.049E+05  1.131E+05  1.126E+05  1.052E+05  1.206E+05  1.310E+05
  1.329E+05  1.290E+05  1.313E+05  1.313E+05  1.387E+05  1.538E+05  1.663E+05  1.750E+05  1.836E+05  2.017E+05
  7.340E+04  0.000E+00  0.000E+00  0.000E+00  0.000E+00  0.000E+00  0.000E+00  0.000E+00  0.000E+00  0.000E+00
  0.000E+00  0.000E+00  0.000E+00  0.000E+00  0.000E+00  0.000E+00  0.000E+00  0.000E+00  0.000E+00  0.000E+00
  1.212E+03  1.984E+03  2.230E+02  2.165E+03  0.000E+00  2.419E+03  1.918E+03  0.000E+00  0.000E+00  0.000E+00
  0.000E+00  0.000E+00  1.197E+03  6.476E+02  1.671E+03  1.678E+03  1.135E+03  5.558E+02  0.000E+00  0.000E+00
  2.771E+03  3.279E+03  3.486E+03  1.825E+03  3.843E+03  4.014E+03  1.408E+03  2.811E+03  4.372E+03  3.463E+03
  4.973E+03  3.631E+03  5.115E+03  4.528E+03  6.227E+03  2.862E+03  7.573E+03  8.810E+03  1.425E+04  9.162E+03
  4.728E+03  6.027E+03  4.828E+03  4.802E+03  6.715E+03  8.515E+03  1.077E+04  1.634E+04  1.660E+04  1.723E+04
  2.090E+04  1.784E+04  1.029E+04  1.107E+04  8.250E+03  7.431E+03  9.171E+03  1.470E+04  1.706E+04  1.420E+04
  9.126E+03  1.137E+04  1.373E+04  1.855E+04  2.514E+04  2.455E+04  2.885E+04  3.132E+04  2.560E+04  2.229E+04
  2.660E+04  2.851E+04  2.748E+04  3.590E+04  3.777E+04  2.765E+04  1.963E+04  1.849E+04  2.014E+04  2.587E+04
  3.967E+04  4.898E+04  5.611E+04  5.412E+04  5.200E+04  5.690E+04  4.650E+04  4.839E+04  5.472E+04  5.300E+04
  6.371E+04  7.141E+04  7.493E+04  7.614E+04  7.652E+04  7.373E+04  7.698E+04  8.357E+04  9.299E+04  9.540E+04
  8.642E+04  8.902E+04  8.351E+04  8.845E+04  9.477E+04  1.011E+05  1.007E+05  9.931E+04  1.124E+05  1.320E+05
  1.206E+05  1.254E+05  1.346E+05  1.422E+05  1.364E+05  1.367E+05  1.433E+05  1.540E+05  1.618E+05  1.682E+05
  1.702E+05  1.799E+05  1.908E+05  1.883E+05  1.917E+05  2.061E+05  2.079E+05  2.217E+05  2.242E+05  2.353E+05
  8.933E+04  0.000E+00  0.000E+00  0.000E+00  0.000E+00  0.000E+00  0.000E+00  0.000E+00  0.000E+00  0.000E+00
  0.000E+00  0.000E+00  0.000E+00  0.000E+00  0.000E+00  0.000E+00  0.000E+00  0.000E+00  0.000E+00  0.000E+00
  0.000E+00  0.000E+00  1.935E+03  0.000E+00  0.000E+00  0.000E+00  0.000E+00  0.000E+00  0.000E+00  0.000E+00
  4.036E+02  0.000E+00  5.158E+02  3.694E+02  0.000E+00  0.000E+00  1.514E+03  1.801E+02  0.000E+00  0.000E+00
  6.072E+03  3.383E+03  2.218E+03  4.351E+03  8.109E+03  6.470E+03  7.225E+03  7.486E+03  3.247E+03  2.939E+03
  5.578E+03  1.013E+04  8.351E+03  4.480E+03  3.425E+03  1.200E+04  1.146E+04  1.021E+04  1.122E+04  6.963E+03
  6.152E+03  3.467E+03  9.024E+03  1.537E+04  1.789E+04  1.954E+04  1.893E+04  1.526E+04  1.164E+04  1.268E+04
  1.478E+04  9.489E+03  8.147E+03  1.195E+04  5.485E+03  1.060E+04  1.475E+04  1.937E+04  2.735E+04  2.493E+04
  2.254E+04  2.598E+04  2.757E+04  2.852E+04  2.753E+04  2.981E+04  3.397E+04  3.336E+04  3.217E+04  3.182E+04
  2.555E+04  2.511E+04  3.001E+04  3.676E+04  3.836E+04  4.442E+04  5.916E+04  5.774E+04  5.427E+04  5.990E+04
  5.078E+04  4.135E+04  4.428E+04  5.354E+04  4.654E+04  5.584E+04  5.830E+04  6.472E+04  6.933E+04  7.080E+04
  8.661E+04  8.018E+04  8.625E+04  9.393E+04  9.619E+04  1.010E+05  1.118E+05  1.136E+05  1.217E+05  1.226E+05
  1.308E+05  1.265E+05  1.452E+05  1.442E+05  1.452E+05  1.491E+05  1.496E+05  1.594E+05  1.507E+05  1.430E+05
  1.451E+05  1.450E+05  1.526E+05  1.633E+05  1.777E+05  1.958E+05  1.994E+05  1.959E+05  2.029E+05  2.045E+05
  2.168E+05  2.236E+05  2.371E+05  2.480E+05  2.583E+05  2.558E+05  2.715E+05  2.661E+05  2.672E+05  2.676E+05
  1.098E+05  0.000E+00  0.000E+00  0.000E+00  0.000E+00  0.000E+00  0.000E+00  0.000E+00  0.000E+00  0.000E+00
  0.000E+00  0.000E+00  0.000E+00  0.000E+00  0.000E+00  0.000E+00  0.000E+00  0.000E+00  0.000E+00  0.000E+00
  0.000E+00  0.000E+00  4.138E+01  0.000E+00  0.000E+00  0.000E+00  0.000E+00  0.000E+00  0.000E+00  0.000E+00
  9.335E+02  0.000E+00  0.000E+00  9.948E+01  1.295E+03  0.000E+00  1.865E+03  9.865E+02  0.000E+00  0.000E+00
  1.120E+03  2.759E+03  7.579E+03  1.073E+04  1.103E+04  6.774E+03  9.505E+03  7.228E+03  7.139E+03  6.103E+03
  7.405E+03  6.944E+03  7.661E+03  1.230E+04  1.157E+04  7.856E+03  1.001E+04  1.141E+04  1.060E+04  1.332E+04
  2.065E+04  2.107E+04  1.431E+04  1.848E+04  1.845E+04  1.632E+04  1.589E+04  1.167E+04  1.579E+04  1.203E+04
  7.200E+03  1.155E+04  1.674E+04  2.062E+04  2.603E+04  2.447E+04  2.031E+04  1.837E+04  1.483E+04  1.761E+04
  2.222E+04  1.944E+04  3.045E+04  4.260E+04  4.679E+04  5.378E+04  5.027E+04  4.701E+04  4.280E+04  4.417E+04
  5.353E+04  5.377E+04  5.936E+04  5.684E+04  6.242E+04  5.556E+04  4.160E+04  4.981E+04  5.855E+04  6.180E+04
  5.905E+04  6.680E+04  7.267E+04  8.034E+04  8.996E+04  8.965E+04  9.083E+04  9.061E+04  1.026E+05  1.044E+05
  9.144E+04  1.091E+05  1.193E+05  1.153E+05  1.301E+05  1.366E+05  1.436E+05  1.464E+05  1.398E+05  1.412E+05
  1.504E+05  1.609E+05  1.563E+05  1.464E+05  1.556E+05  1.676E+05  1.715E+05  1.738E+05  1.872E+05  1.936E+05
  2.099E+05  2.221E+05  2.243E+05  2.332E+05  2.335E+05  2.393E+05  2.442E+05  2.529E+05  2.493E+05  2.504E+05
  2.448E+05  2.773E+05  2.923E+05  3.122E+05  3.189E+05  3.219E+05  3.240E+05  3.273E+05  3.304E+05  3.288E+05
  1.416E+05  0.000E+00  0.000E+00  0.000E+00  0.000E+00  0.000E+00  0.000E+00  0.000E+00  0.000E+00  0.000E+00
  0.000E+00  0.000E+00  0.000E+00  0.000E+00  0.000E+00  0.000E+00  0.000E+00  0.000E+00  0.000E+00  0.000E+00
  0.000E+00  0.000E+00  0.000E+00  0.000E+00  0.000E+00  0.000E+00  0.000E+00  0.000E+00  5.334E+02  0.000E+00
  0.000E+00  0.000E+00  0.000E+00  0.000E+00  9.497E+01  1.267E+03  3.078E+02  3.784E+02  0.000E+00  0.000E+00
  6.250E+03  7.419E+03  8.521E+03  3.551E+03  5.827E+03  9.418E+03  7.393E+03  1.038E+04  4.464E+03  6.145E+03
  8.900E+03  9.435E+03  1.419E+04  1.139E+04  1.361E+04  1.535E+04  2.126E+04  1.734E+04  1.924E+04  1.962E+04
  1.868E+04  1.843E+04  2.092E+04  1.219E+04  1.515E+04  1.503E+04  1.552E+04  1.311E+04  1.910E+04  2.158E+04
  2.009E+04  2.548E+04  2.504E+04  2.832E+04  1.834E+04  2.036E+04  2.929E+04  3.359E+04  3.601E+04  4.514E+04
  5.226E+04  5.608E+04  6.003E+04  6.071E+04  5.966E+04  5.127E+04  5.016E+04  4.673E+04  4.397E+04  5.086E+04
  3.986E+04  3.836E+04  4.742E+04  6.368E+04  7.170E+04  7.040E+04  8.263E+04  8.138E+04  8.226E+04  8.444E+04
  9.145E+04  9.871E+04  1.002E+05  1.094E+05  9.795E+04  1.030E+05  1.078E+05  1.107E+05  1.203E+05  1.358E+05
  1.487E+05  1.519E+05  1.487E+05  1.573E+05  1.612E+05  1.622E+05  1.674E+05  1.717E+05  1.830E+05  1.923E+05
  1.995E+05  2.147E+05  2.155E+05  2.197E+05  2.289E+05  2.323E+05  2.294E+05  2.324E+05  2.348E+05  2.537E+05
  2.465E+05  2.448E+05  2.466E+05  2.536E+05  2.722E+05  2.722E+05  2.993E+05  3.065E+05  3.125E+05  3.303E+05
  3.548E+05  3.290E+05  3.220E+05  3.138E+05  3.079E+05  3.218E+05  3.309E+05  3.461E+05  3.584E+05  3.641E+05
  1.514E+05  0.000E+00  0.000E+00  0.000E+00  0.000E+00  0.000E+00  0.000E+00  0.000E+00  0.000E+00  0.000E+00
  0.000E+00  0.000E+00  0.000E+00  0.000E+00  0.000E+00  0.000E+00  0.000E+00  0.000E+00  0.000E+00  0.000E+00
  0.000E+00  0.000E+00  8.024E+02  0.000E+00  1.051E+03  3.289E+03  1.619E+03  0.000E+00  1.608E+02  0.000E+00
  6.735E+02  0.000E+00  0.000E+00  0.000E+00  0.000E+00  1.575E+03  0.000E+00  2.084E+02  2.935E+02  0.000E+00
  9.482E+03  1.197E+04  7.024E+03  6.612E+03  7.591E+03  8.998E+03  1.073E+04  9.370E+03  1.141E+04  1.918E+04
  2.660E+04  2.495E+04  1.816E+04  1.155E+04  1.314E+04  1.756E+04  2.098E+04  2.626E+04  2.140E+04  2.346E+04
  2.734E+04  2.709E+04  2.635E+04  2.525E+04  2.762E+04  2.408E+04  2.411E+04  2.580E+04  2.388E+04  1.907E+04
  2.171E+04  3.377E+04  3.961E+04  4.355E+04  4.358E+04  4.206E+04  4.732E+04  4.934E+04  5.516E+04  5.857E+04
  5.948E+04  5.666E+04  5.666E+04  5.249E+04  5.124E+04  4.551E+04  4.772E+04  5.717E+04  6.121E+04  6.514E+04
  7.786E+04  8.809E+04  7.897E+04  8.045E+04  8.460E+04  8.159E+04  8.652E+04  9.843E+04  9.708E+04  1.048E+05
  1.125E+05  1.181E+05  1.239E+05  1.318E+05  1.397E+05  1.431E+05  1.535E+05  1.642E+05  1.657E+05  1.550E+05
  1.600E+05  1.782E+05  1.862E+05  1.853E+05  1.934E+05  2.108E+05  2.038E+05  2.165E+05  2.228E+05  2.298E+05
  2.284E+05  2.247E+05  2.254E+05  2.453E+05  2.555E+05  2.537E+05  2.645E+05  2.763E+05  3.002E+05  3.061E+05
  3.102E+05  3.225E+05  3.336E+05  3.533E+05  3.727E+05  3.790E+05  3.670E+05  3.483E+05  3.721E+05  3.654E+05
  3.550E+05  3.468E+05  3.458E+05  3.679E+05  3.804E+05  3.863E+05  4.017E+05  4.175E+05  4.221E+05  4.127E+05
  1.795E+05  0.000E+00  0.000E+00  0.000E+00  0.000E+00  0.000E+00  0.000E+00  0.000E+00  0.000E+00  0.000E+00
  0.000E+00  0.000E+00  0.000E+00  0.000E+00  0.000E+00  0.000E+00  0.000E+00  1.857E+02  0.000E+00  0.000E+00
  0.000E+00  0.000E+00  1.067E+03  0.000E+00  1.576E+03  8.179E+02  1.473E+03  2.016E+03  1.591E+03  2.199E+03
  3.287E+03  1.016E+03  7.439E+02  2.621E+03  0.000E+00  1.575E+03  0.000E+00  0.000E+00  0.000E+00  0.000E+00
  7.174E+03  7.810E+03  7.466E+03  1.170E+04  1.583E+04  1.658E+04  1.505E+04  1.657E+04  1.266E+04  1.314E+04
  1.510E+04  1.125E+04  1.540E+04  1.976E+04  2.622E+04  2.754E+04  2.601E+04  2.008E+04  2.349E+04  2.586E+04
  2.199E+04  2.513E+04  2.213E+04  1.723E+04  1.885E+04  2.727E+04  3.791E+04  3.843E+04  4.189E+04  4.642E+04
  4.839E+04  4.774E+04  4.747E+04  4.890E+04  5.140E+04  4.827E+04  5.060E+04  4.805E+04  4.444E+04  4.450E+04
  4.768E+04  4.866E+04  5.625E+04  6.756E+04  7.088E+04  8.701E+04  8.888E+04  9.457E+04  9.242E+04  9.352E+04
  9.563E+04  1.057E+05  1.058E+05  1.156E+05  1.190E+05  1.296E+05  1.271E+05  1.173E+05  1.246E+05  1.344E+05
  1.304E+05  1.388E+05  1.471E+05  1.539E+05  1.562E+05  1.730E+05  1.917E+05  2.025E+05  2.012E+05  1.991E+05
  1.967E+05  2.075E+05  2.180E+05  2.163E+05  2.362E+05  2.282E+05  2.287E+05  2.408E+05  2.560E+05  2.655E+05
  3.024E+05  3.184E+05  3.439E+05  3.384E+05  3.270E+05  3.450E+05  3.562E+05  3.698E+05  3.874E+05  3.761E+05
  3.594E+05  3.809E+05  3.932E+05  3.954E+05  3.794E+05  3.725E+05  3.706E+05  3.927E+05  4.058E+05  4.094E+05
  4.301E+05  4.392E+05  4.427E+05  4.468E+05  4.642E+05  4.757E+05  4.869E+05  4.768E+05  5.041E+05  5.205E+05
  2.210E+05  0.000E+00  0.000E+00  0.000E+00  0.000E+00  0.000E+00  0.000E+00  0.000E+00  0.000E+00  0.000E+00
  0.000E+00  0.000E+00  0.000E+00  0.000E+00  0.000E+00  0.000E+00  0.000E+00  6.534E+02  1.113E+03  1.475E+03
  0.000E+00  0.000E+00  0.000E+00  8.200E+02  1.985E+03  1.352E+02  0.000E+00  0.000E+00  0.000E+00  9.412E+02
  1.370E+03  9.233E+02  2.799E+03  1.409E+03  0.000E+00  1.575E+03  0.000E+00  0.000E+00  0.000E+00  0.000E+00
  1.180E+04  1.243E+04  1.587E+04  1.305E+04  1.079E+04  1.097E+04  1.395E+04  1.001E+04  2.320E+04  2.184E+04
  2.263E+04  2.100E+04  1.854E+04  1.740E+04  1.785E+04  1.851E+04  1.717E+04  1.984E+04  2.514E+04  2.746E+04
  3.442E+04  3.808E+04  4.285E+04  5.809E+04  5.672E+04  5.236E+04  4.089E+04  3.688E+04  4.217E+04  5.022E+04
  4.370E+04  4.836E+04  4.644E+04  5.082E+04  5.170E+04  5.473E+04  6.379E+04  7.651E+04  8.497E+04  8.552E+04
  8.935E+04  1.045E+05  1.059E+05  1.026E+05  1.167E+05  1.223E+05  1.230E+05  1.168E+05  1.180E+05  1.246E+05
  1.259E+05  1.209E+05  1.457E+05  1.372E+05  1.299E+05  1.275E+05  1.342E+05  1.476E+05  1.689E+05  1.746E+05
  1.856E+05  1.934E+05  1.989E+05  1.966E+05  2.242E+05  2.360E+05  2.298E+05  2.271E+05  2.299E+05  2.388E+05
  2.497E+05  2.541E+05  2.657E+05  2.856E+05  3.003E+05  3.333E+05  3.388E+05  3.544E+05  3.545E+05  3.638E+05
  3.595E+05  3.597E+05  3.564E+05  3.590E+05  3.823E+05  3.967E+05  4.013E+05  3.946E+05  3.871E+05  4.084E+05
  4.265E+05  4.213E+05  4.225E+05  4.339E+05  4.507E+05  4.566E+05  4.460E+05  4.568E+05  4.684E+05  5.022E+05
  5.026E+05  5.163E+05  5.221E+05  5.257E+05  5.372E+05  5.492E+05  5.373E+05  5.250E+05  5.619E+05  6.090E+05
  2.735E+05  0.000E+00  0.000E+00  0.000E+00  0.000E+00  0.000E+00  0.000E+00  0.000E+00  0.000E+00  0.000E+00
  0.000E+00  0.000E+00  0.000E+00  0.000E+00  0.000E+00  0.000E+00  2.256E+02  0.000E+00  0.000E+00  3.319E+03
  3.493E+02  0.000E+00  0.000E+00  7.518E+01  1.750E+03  1.828E+03  0.000E+00  0.000E+00  4.361E+01  0.000E+00
  0.000E+00  0.000E+00  1.517E+02  0.000E+00  0.000E+00  1.575E+03  0.000E+00  0.000E+00  1.732E+01  0.000E+00
  1.074E+04  1.239E+04  2.157E+04  2.127E+04  2.005E+04  2.470E+04  2.781E+04  3.000E+04  2.731E+04  2.521E+04
  2.452E+04  2.215E+04  2.815E+04  2.879E+04  3.094E+04  3.326E+04  4.348E+04  4.995E+04  5.494E+04  5.674E+04
  4.973E+04  4.297E+04  4.424E+04  4.199E+04  4.116E+04  4.438E+04  5.675E+04  6.295E+04  6.262E+04  7.475E+04
  7.641E+04  8.655E+04  9.341E+04  9.170E+04  9.440E+04  1.071E+05  1.101E+05  1.097E+05  1.245E+05  1.396E+05
  1.455E+05  1.413E+05  1.456E+05  1.595E+05  1.634E+05  1.628E+05  1.590E+05  1.647E+05  1.721E+05  1.738E+05
  1.855E+05  1.784E+05  1.785E+05  1.711E+05  1.740E+05  1.970E+05  2.186E+05  2.209E+05  2.291E+05  2.302E+05
  2.389E+05  2.412E+05  2.448E+05  2.486E+05  2.643E+05  2.723E+05  2.828E+05  2.995E+05  3.259E+05  3.297E+05
  3.413E+05  3.485E+05  3.242E+05  3.208E+05  3.412E+05  3.533E+05  3.593E+05  3.635E+05  3.844E+05  4.023E+05
  4.034E+05  4.039E+05  4.104E+05  4.242E+05  4.277E+05  4.207E+05  4.417E+05  4.637E+05  4.856E+05  5.288E+05
  5.259E+05  5.325E+05  5.248E+05  5.285E+05  5.403E+05  5.571E+05  5.681E+05  5.791E+05  5.521E+05  5.500E+05
  5.582E+05  5.963E+05  6.168E+05  6.250E+05  6.399E+05  6.466E+05  6.593E+05  6.714E+05  6.584E+05  6.771E+05
  3.133E+05  0.000E+00  0.000E+00  0.000E+00  0.000E+00  0.000E+00  0.000E+00  0.000E+00  0.000E+00  0.000E+00
  0.000E+00  0.000E+00  0.000E+00  0.000E+00  0.000E+00  0.000E+00  6.638E+01  7.302E+02  0.000E+00  7.343E+02
  1.549E+03  0.000E+00  1.408E+03  0.000E+00  1.208E+03  9.511E+02  0.000E+00  0.000E+00  1.219E+03  0.000E+00
  3.570E+02  3.318E+02  0.000E+00  1.442E+03  0.000E+00  1.575E+03  3.737E+02  0.000E+00  1.602E+03  6.757E+02
  2.546E+04  3.014E+04  2.602E+04  2.716E+04  2.316E+04  2.112E+04  2.554E+04  2.976E+04  2.890E+04  3.272E+04
  4.398E+04  5.232E+04  5.070E+04  5.040E+04  5.099E+04  4.673E+04  4.832E+04  5.584E+04  5.476E+04  5.722E+04
  6.581E+04  6.468E+04  7.181E+04  7.568E+04  8.322E+04  8.941E+04  9.644E+04  9.436E+04  9.340E+04  9.419E+04
  8.820E+04  9.289E+04  9.393E+04  1.185E+05  1.335E+05  1.319E+05  1.375E+05  1.397E+05  1.478E+05  1.497E+05
  1.582E+05  1.728E+05  1.858E+05  1.999E+05  1.933E+05  1.871E+05  1.849E+05  2.011E+05  2.023E+05  2.091E+05
  2.195E+05  2.354E+05  2.291E+05  2.351E+05  2.313E+05  2.342E+05  2.310E+05  2.507E+05  2.738E+05  2.959E+05
  3.061E+05  3.279E+05  3.281E+05  3.444E+05  3.410E+05  3.408E+05  3.518E+05  3.568E+05  3.601E+05  3.602E+05
  3.553E+05  3.686E+05  3.895E+05  4.057E+05  3.951E+05  3.756E+05  3.902E+05  4.147E+05  4.224E+05  4.435E+05
  4.698E+05  4.855E+05  5.244E+05  5.444E+05  5.514E+05  5.714E+05  5.891E+05  5.852E+05  5.920E+05  5.911E+05
  5.952E+05  6.263E+05  6.355E+05  6.173E+05  6.003E+05  6.139E+05  6.362E+05  6.278E+05  6.658E+05  6.547E+05
  6.685E+05  6.712E+05  6.899E+05  6.976E+05  7.273E+05  7.579E+05  7.729E+05  7.833E+05  7.906E+05  7.701E+05
  3.617E+05  0.000E+00  0.000E+00  0.000E+00  0.000E+00  0.000E+00  0.000E+00  0.000E+00  0.000E+00  0.000E+00
  0.000E+00  0.000E+00  0.000E+00  0.000E+00  0.000E+00  0.000E+00  0.000E+00  0.000E+00  0.000E+00  0.000E+00
  8.081E+02  0.000E+00  3.832E+01  0.000E+00  0.000E+00  5.601E+02  0.000E+00  0.000E+00  0.000E+00  0.000E+00
  0.000E+00  4.062E+02  4.124E+02  1.612E+03  4.516E+02  1.575E+03  2.133E+03  2.236E+02  3.013E+01  4.369E+02
  2.611E+04  3.112E+04  3.179E+04  3.636E+04  4.309E+04  5.019E+04  5.301E+04  5.310E+04  5.369E+04  5.274E+04
  4.762E+04  4.660E+04  4.624E+04  5.655E+04  6.457E+04  6.878E+04  7.649E+04  8.736E+04  8.894E+04  8.476E+04
  9.198E+04  9.759E+04  9.657E+04  9.803E+04  9.891E+04  9.694E+04  1.056E+05  1.180E+05  1.324E+05  1.401E+05
  1.560E+05  1.622E+05  1.726E+05  1.694E+05  1.715E+05  1.653E+05  1.688E+05  1.738E+05  1.699E+05  1.827E+05
  1.976E+05  1.943E+05  1.997E+05  2.152E+05  2.377E+05  2.469E+05  2.636E+05  2.559E+05  2.621E+05  2.620E+05
  2.754E+05  2.754E+05  3.003E+05  3.124E+05  3.403E+05  3.538E+05  3.599E+05  3.606E+05  3.741E+05  3.752E+05
  3.846E+05  3.942E+05  3.887E+05  3.890E+05  4.042E+05  4.159E+05  4.232E+05  4.204E+05  4.193E+05  4.282E+05
  4.528E+05  4.520E+05  4.623E+05  4.770E+05  5.069E+05  5.205E+05  5.396E+05  5.353E+05  5.669E+05  5.929E+05
  6.106E+05  6.228E+05  6.217E+05  6.205E+05  6.498E+05  6.615E+05  6.590E+05  6.683E+05  6.900E+05  6.848E+05
  6.929E+05  6.866E+05  7.059E+05  7.144E+05  7.381E+05  7.165E+05  7.289E+05  7.485E+05  7.441E+05  7.289E+05
  7.592E+05  7.736E+05  7.799E+05  7.969E+05  8.234E+05  8.377E+05  8.676E+05  8.491E+05  8.523E+05  8.535E+05
  3.998E+05  0.000E+00  0.000E+00  0.000E+00  0.000E+00  0.000E+00  0.000E+00  0.000E+00  0.000E+00  0.000E+00
  0.000E+00  0.000E+00  0.000E+00  0.000E+00  0.000E+00  0.000E+00  0.000E+00  0.000E+00  0.000E+00  6.025E+02
  0.000E+00  0.000E+00  0.000E+00  1.288E+03  4.251E+01  0.000E+00  0.000E+00  0.000E+00  2.395E+02  0.000E+00
  0.000E+00  0.000E+00  7.825E+02  1.200E+03  1.238E+03  9.516E+02  5.379E+02  0.000E+00  9.633E+02  0.000E+00
  5.239E+04  4.773E+04  4.922E+04  5.243E+04  4.970E+04  5.268E+04  5.696E+04  5.859E+04  6.629E+04  7.453E+04
  7.406E+04  7.079E+04  7.525E+04  8.153E+04  9.236E+04  1.040E+05  1.133E+05  1.034E+05  1.042E+05  1.093E+05
  1.144E+05  1.327E+05  1.447E+05  1.526E+05  1.613E+05  1.633E+05  1.614E+05  1.867E+05  2.003E+05  2.009E+05
  1.959E+05  1.854E+05  1.905E+05  1.914E+05  2.094E+05  2.185E+05  2.145E+05  2.370E+05  2.671E+05  2.847E+05
  2.853E+05  3.027E+05  3.153E+05  3.289E+05  3.239E+05  3.205E+05  3.414E+05  3.499E+05  3.619E+05  3.676E+05
  3.753E+05  3.877E+05  3.969E+05  4.151E+05  4.264E+05  4.269E+05  4.366E+05  4.553E+05  4.625E+05  4.607E+05
  4.429E+05  4.380E+05  4.574E+05  4.797E+05  4.851E+05  4.874E+05  4.885E+05  5.175E+05  5.405E+05  5.436E+05
  5.675E+05  5.838E+05  5.800E+05  6.067E+05  6.179E+05  6.361E+05  6.666E+05  7.005E+05  7.214E+05  7.410E+05
  7.349E+05  7.322E+05  7.274E+05  7.167E+05  6.969E+05  7.295E+05  7.416E+05  7.543E+05  7.370E+05  7.779E+05
  7.910E+05  8.044E+05  7.915E+05  8.050E+05  8.134E+05  8.268E+05  8.368E+05  8.542E+05  8.625E+05  8.529E+05
  8.225E+05  8.680E+05  8.935E+05  9.077E+05  9.141E+05  9.006E+05  9.014E+05  9.298E+05  9.590E+05  9.870E+05
  4.712E+05  0.000E+00  0.000E+00  0.000E+00  0.000E+00  0.000E+00  0.000E+00  0.000E+00  0.000E+00  0.000E+00
  0.000E+00  0.000E+00  0.000E+00  0.000E+00  0.000E+00  0.000E+00  0.000E+00  6.986E+02  0.000E+00  8.620E+02
  0.000E+00  1.891E+03  1.348E+03  0.000E+00  6.173E+02  0.000E+00  0.000E+00  0.000E+00  7.549E+02  6.278E+02
  0.000E+00  7.515E+02  1.902E+03  1.035E+03  1.575E+03  0.000E+00  1.215E+03  0.000E+00  0.000E+00  4.777E+02
  6.047E+04  6.298E+04  6.884E+04  6.307E+04  7.183E+04  7.644E+04  7.580E+04  8.106E+04  8.004E+04  8.886E+04
  1.017E+05  1.005E+05  1.115E+05  1.227E+05  1.290E+05  1.417E+05  1.481E+05  1.640E+05  1.801E+05  1.805E+05
  1.998E+05  1.916E+05  1.869E+05  1.895E+05  1.988E+05  2.032E+05  2.130E+05  2.171E+05  2.166E+05  2.382E+05
  2.497E+05  2.591E+05  2.657E+05  2.926E+05  2.952E+05  2.965E+05  3.136E+05  3.253E+05  3.188E+05  3.262E+05
  3.516E+05  3.588E+05  3.670E+05  3.746E+05  3.910E+05  4.162E+05  4.263E+05  4.287E+05  4.244E+05  4.433E+05
  4.487E+05  4.766E+05  4.815E+05  5.007E+05  5.050E+05  4.936E+05  5.075E+05  5.201E+05  5.225E+05  5.414E+05
  5.821E+05  5.982E+05  6.074E+05  6.301E+05  6.360E+05  6.507E+05  6.666E+05  6.537E+05  6.482E+05  6.660E+05
  6.613E+05  6.804E+05  7.140E+05  7.159E+05  7.357E+05  7.444E+05  7.326E+05  7.439E+05  7.518E+05  7.673E+05
  7.961E+05  8.147E+05  8.358E+05  8.625E+05  8.485E+05  8.126E+05  8.064E+05  8.046E+05  8.124E+05  8.379E+05
  8.730E+05  8.733E+05  8.727E+05  8.638E+05  8.874E+05  8.997E+05  8.884E+05  8.749E+05  9.113E+05  9.641E+05
  1.002E+06  1.006E+06  1.021E+06  1.016E+06  9.832E+05  9.866E+05  1.010E+06  1.041E+06  1.042E+06  1.051E+06
  5.023E+05  0.000E+00  0.000E+00  0.000E+00  0.000E+00  0.000E+00  0.000E+00  0.000E+00  0.000E+00  0.000E+00
  0.000E+00  0.000E+00  0.000E+00  0.000E+00  0.000E+00  0.000E+00  0.000E+00  0.000E+00  0.000E+00  0.000E+00
  0.000E+00  3.980E+02  1.954E+03  7.878E+01  0.000E+00  6.914E+02  1.288E+02  0.000E+00  0.000E+00  8.846E+02
  0.000E+00  1.082E+03  9.949E+02  2.415E+03  1.744E+03  4.069E+01  3.656E+02  0.000E+00  0.000E+00  3.749E+02
  7.947E+04  8.586E+04  8.713E+04  9.247E+04  9.810E+04  1.004E+05  1.208E+05  1.336E+05  1.345E+05  1.379E+05
  1.475E+05  1.697E+05  1.926E+05  2.084E+05  2.050E+05  2.037E+05  2.098E+05  2.006E+05  1.980E+05  1.943E+05
  1.965E+05  2.138E+05  2.416E+05  2.526E+05  2.673E+05  2.766E+05  3.035E+05  3.148E+05  3.106E+05  3.214E+05
  3.227E+05  3.213E+05  3.391E+05  3.455E+05  3.501E+05  3.607E+05  3.645E+05  3.770E+05  3.968E+05  4.227E+05
  4.255E+05  4.656E+05  4.722E+05  5.001E+05  5.167E+05  5.329E+05  5.289E+05  5.232E+05  5.183E+05  5.319E+05
  5.610E+05  5.576E+05  5.847E+05  5.991E+05  6.140E+05  6.311E+05  6.308E+05  6.489E+05  6.737E+05  6.688E+05
  6.763E+05  6.928E+05  7.274E+05  7.235E+05  7.203E+05  7.258E+05  7.257E+05  7.217E+05  7.330E+05  7.454E+05
  7.752E+05  7.776E+05  7.748E+05  8.161E+05  8.210E+05  8.508E+05  8.642E+05  8.621E+05  8.534E+05  8.382E+05
  8.411E+05  8.644E+05  8.777E+05  8.828E+05  8.795E+05  9.060E+05  9.187E+05  9.558E+05  9.488E+05  9.246E+05
  9.013E+05  9.347E+05  9.947E+05  1.024E+06  1.006E+06  1.027E+06  1.040E+06  1.059E+06  1.054E+06  1.066E+06
  1.064E+06  1.065E+06  1.069E+06  1.078E+06  1.094E+06  1.147E+06  1.164E+06  1.188E+06  1.183E+06  1.211E+06
  5.908E+05  0.000E+00  0.000E+00  0.000E+00  0.000E+00  0.000E+00  0.000E+00  0.000E+00  0.000E+00  0.000E+00
  0.000E+00  0.000E+00  0.000E+00  0.000E+00  0.000E+00  0.000E+00  4.940E+02  0.000E+00  0.000E+00  0.000E+00
  0.000E+00  1.791E+03  3.156E+02  1.623E+02  1.756E+03  0.000E+00  1.367E+03  2.789E+02  1.069E+03  4.065E+02
  1.248E+02  0.000E+00  0.000E+00  1.919E+03  7.610E+02  1.386E+03  6.148E+02  6.597E+02  8.417E+01  0.000E+00
  1.450E+05  1.427E+05  1.602E+05  1.769E+05  1.661E+05  1.885E+05  2.135E+05  2.219E+05  2.179E+05  2.072E+05
  2.071E+05  2.182E+05  2.107E+05  1.942E+05  2.006E+05  2.290E+05  2.524E+05  2.673E+05  2.817E+05  2.978E+05
  3.026E+05  3.056E+05  3.101E+05  3.155E+05  3.183E+05  3.377E+05  3.554E+05  3.615E+05  3.938E+05  3.760E+05
  3.795E+05  4.089E+05  4.195E+05  4.301E+05  4.415E+05  4.764E+05  4.901E+05  5.000E+05  5.090E+05  5.145E+05
  5.377E+05  5.572E+05  5.804E+05  5.978E+05  6.197E+05  6.197E+05  6.311E+05  6.221E+05  6.304E+05  6.466E+05
  6.361E+05  6.590E+05  6.738E+05  6.884E+05  6.931E+05  6.873E+05  6.927E+05  7.333E+05  7.616E+05  7.810E+05
  7.846E+05  7.659E+05  7.857E+05  8.065E+05  8.520E+05  8.895E+05  8.835E+05  8.825E+05  8.871E+05  8.783E+05
  8.676E+05  8.626E+05  8.560E+05  8.714E+05  9.252E+05  9.191E+05  9.205E+05  9.359E+05  9.285E+05  9.536E+05
  9.624E+05  9.553E+05  9.658E+05  9.787E+05  1.009E+06  1.031E+06  1.038E+06  1.064E+06  1.091E+06  1.123E+06
  1.135E+06  1.137E+06  1.129E+06  1.096E+06  1.095E+06  1.098E+06  1.126E+06  1.161E+06  1.167E+06  1.175E+06
  1.182E+06  1.209E+06  1.245E+06  1.276E+06  1.299E+06  1.330E+06  1.368E+06  1.352E+06  1.398E+06  1.427E+06
  7.026E+05  0.000E+00  0.000E+00  0.000E+00  0.000E+00  0.000E+00  0.000E+00  0.000E+00  0.000E+00  0.000E+00
  0.000E+00  0.000E+00  0.000E+00  0.000E+00  0.000E+00  0.000E+00  1.370E+02  9.049E+01  1.057E+03  0.000E+00
  0.000E+00  0.000E+00  2.621E+02  0.000E+00  2.228E+02  1.979E+03  3.953E+02  2.615E+02  1.531E+03  3.418E+03
  1.487E+03  0.000E+00  9.881E+02  6.457E+02  4.818E+02  0.000E+00  0.000E+00  0.000E+00  1.771E+02  1.272E+03
  2.086E+05  2.219E+05  2.138E+05  2.208E+05  2.293E+05  2.344E+05  2.328E+05  2.383E+05  2.338E+05  2.356E+05
  2.423E+05  2.629E+05  2.824E+05  3.002E+05  3.024E+05  3.231E+05  3.155E+05  3.239E+05  3.238E+05  3.277E+05
  3.447E+05  3.541E+05  3.855E+05  4.165E+05  4.466E+05  4.628E+05  4.758E+05  5.025E+05  5.070E+05  5.155E+05
  5.394E+05  5.449E+05  5.355E+05  5.511E+05  5.614E+05  5.574E+05  5.700E+05  5.883E+05  6.247E+05  6.483E+05
  6.547E+05  6.679E+05  6.708E+05  6.581E+05  6.778E+05  6.808E+05  6.933E+05  7.094E+05  7.056E+05  7.242E+05
  7.540E+05  7.685E+05  7.840E+05  7.927E+05  8.001E+05  8.127E+05  8.375E+05  8.454E+05  8.560E+05  8.663E+05
  8.752E+05  8.911E+05  8.499E+05  8.537E+05  8.770E+05  8.814E+05  9.082E+05  9.317E+05  9.775E+05  9.822E+05
  9.726E+05  9.812E+05  9.589E+05  9.903E+05  9.885E+05  9.797E+05  1.002E+06  1.009E+06  1.019E+06  1.029E+06
  1.037E+06  1.097E+06  1.139E+06  1.160E+06  1.200E+06  1.228E+06  1.242E+06  1.229E+06  1.201E+06  1.187E+06
  1.213E+06  1.220E+06  1.226E+06  1.263E+06  1.284E+06  1.294E+06  1.303E+06  1.333E+06  1.382E+06  1.392E+06
  1.380E+06  1.393E+06  1.421E+06  1.426E+06  1.405E+06  1.422E+06  1.410E+06  1.441E+06  1.451E+06  1.425E+06
  6.880E+05  0.000E+00  0.000E+00  0.000E+00  0.000E+00  0.000E+00  0.000E+00  0.000E+00  0.000E+00  0.000E+00
  0.000E+00  0.000E+00  0.000E+00  0.000E+00  7.578E+02  9.336E+02  0.000E+00  2.429E+02  1.467E+03  0.000E+00
  0.000E+00  0.000E+00  7.939E+02  0.000E+00  0.000E+00  0.000E+00  0.000E+00  0.000E+00  2.174E+02  0.000E+00
  1.665E+02  0.000E+00  1.634E+03  8.948E+02  7.130E+02  0.000E+00  0.000E+00  4.825E+02  0.000E+00  5.321E+02
  2.456E+05  2.555E+05  2.791E+05  2.908E+05  2.946E+05  3.096E+05  3.350E+05  3.382E+05  3.272E+05  3.085E+05
  3.147E+05  3.340E+05  3.376E+05  3.403E+05  3.650E+05  3.878E+05  4.395E+05  4.382E+05  4.597E+05  4.786E+05
  5.044E+05  5.354E+05  5.550E+05  5.536E+05  5.520E+05  5.538E+05  5.578E+05  5.769E+05  5.668E+05  5.794E+05
  5.934E+05  6.074E+05  6.317E+05  6.195E+05  6.189E+05  6.374E+05  6.642E+05  7.054E+05  7.089E+05  7.164E+05
  7.310E+05  7.744E+05  8.074E+05  8.239E+05  8.345E+05  8.449E+05  8.636E+05  8.533E+05  8.732E+05  8.891E+05
  9.124E+05  9.129E+05  9.135E+05  9.250E+05  9.035E+05  8.969E+05  9.163E+05  9.258E+05  9.341E+05  9.404E+05
  9.872E+05  1.000E+06  1.030E+06  1.058E+06  1.047E+06  1.039E+06  1.061E+06  1.058E+06  1.025E+06  1.062E+06
  1.059E+06  1.050E+06  1.112E+06  1.108E+06  1.124E+06  1.166E+06  1.210E+06  1.243E+06  1.232E+06  1.227E+06
  1.235E+06  1.238E+06  1.278E+06  1.302E+06  1.298E+06  1.314E+06  1.327E+06  1.373E+06  1.357E+06  1.359E+06
  1.336E+06  1.333E+06  1.344E+06  1.387E+06  1.438E+06  1.465E+06  1.487E+06  1.459E+06  1.458E+06  1.469E+06
  1.495E+06  1.485E+06  1.485E+06  1.494E+06  1.504E+06  1.522E+06  1.537E+06  1.602E+06  1.603E+06  1.603E+06
  8.060E+05  0.000E+00  0.000E+00  0.000E+00  0.000E+00  0.000E+00  0.000E+00  0.000E+00  0.000E+00  0.000E+00
  0.000E+00  0.000E+00  0.000E+00  0.000E+00  0.000E+00  9.220E+02  8.039E+02  0.000E+00  1.984E+03  1.972E+03
  1.366E+03  1.059E+03  0.000E+00  0.000E+00  0.000E+00  1.018E+03  0.000E+00  0.000E+00  1.367E+03  6.763E+02
  9.278E+02  0.000E+00  5.551E+01  1.429E+03  0.000E+00  0.000E+00  0.000E+00  8.375E+02  0.000E+00  5.857E+02
  3.535E+05  3.646E+05  3.576E+05  3.702E+05  3.766E+05  3.716E+05  3.672E+05  3.876E+05  4.077E+05  4.162E+05
  4.501E+05  4.598E+05  5.020E+05  5.293E+05  5.556E+05  5.850E+05  5.782E+05  5.835E+05  5.856E+05  6.190E+05
  6.032E+05  5.865E+05  5.613E+05  5.604E+05  5.737E+05  5.982E+05  6.318E+05  6.528E+05  6.729E+05  6.681E+05
  6.843E+05  7.085E+05  7.326E+05  7.285E+05  7.331E+05  7.370E+05  7.856E+05  8.040E+05  8.127E+05  8.609E+05
  8.939E+05  8.968E+05  9.241E+05  9.365E+05  9.346E+05  9.378E+05  9.491E+05  9.432E+05  9.376E+05  9.070E+05
  9.301E+05  9.418E+05  9.620E+05  9.778E+05  9.827E+05  1.018E+06  1.029E+06  1.021E+06  1.038E+06  1.079E+06
  1.059E+06  1.087E+06  1.107E+06  1.127E+06  1.143E+06  1.170E+06  1.180E+06  1.241E+06  1.265E+06  1.236E+06
  1.280E+06  1.309E+06  1.321E+06  1.319E+06  1.313E+06  1.283E+06  1.258E+06  1.302E+06  1.320E+06  1.369E+06
  1.381E+06  1.405E+06  1.373E+06  1.362E+06  1.394E+06  1.385E+06  1.402E+06  1.420E+06  1.456E+06  1.478E+06
  1.508E+06  1.530E+06  1.541E+06  1.509E+06  1.485E+06  1.488E+06  1.513E+06  1.532E+06  1.528E+06  1.551E+06
  1.588E+06  1.625E+06  1.676E+06  1.675E+06  1.713E+06  1.724E+06  1.741E+06  1.716E+06  1.726E+06  1.717E+06
  8.400E+05  0.000E+00  0.000E+00  0.000E+00  0.000E+00  0.000E+00  0.000E+00  0.000E+00  0.000E+00  0.000E+00
  0.000E+00  0.000E+00  0.000E+00  0.000E+00  0.000E+00  0.000E+00  0.000E+00  1.477E+03  3.308E+02  2.320E+02
  1.426E+02  2.069E+03  1.018E+03  0.000E+00  5.050E+02  1.567E+03  1.702E+02  8.336E+02  0.000E+00  0.000E+00
  0.000E+00  0.000E+00  0.000E+00  0.000E+00  0.000E+00  2.386E+02  0.000E+00  1.585E+03  0.000E+00  2.038E+03
  4.029E+05  4.304E+05  4.457E+05  4.563E+05  4.863E+05  5.135E+05  5.343E+05  5.290E+05  5.707E+05  5.839E+05
  5.790E+05  6.101E+05  6.420E+05  6.552E+05  6.544E+05  6.398E+05  6.443E+05  6.351E+05  6.325E+05  6.542E+05
  6.770E+05  6.801E+05  6.884E+05  6.811E+05  7.178E+05  7.665E+05  7.922E+05  7.774E+05  7.986E+05  8.706E+05
  8.664E+05  8.434E+05  8.583E+05  8.891E+05  8.901E+05  8.876E+05  8.844E+05  8.839E+05  8.988E+05  9.148E+05
  9.394E+05  9.713E+05  9.704E+05  9.543E+05  9.470E+05  9.773E+05  1.009E+06  1.038E+06  1.037E+06  1.051E+06
  1.077E+06  1.088E+06  1.077E+06  1.079E+06  1.086E+06  1.109E+06  1.153E+06  1.194E+06  1.222E+06  1.245E+06
  1.270E+06  1.272E+06  1.296E+06  1.284E+06  1.306E+06  1.329E+06  1.331E+06  1.324E+06  1.327E+06  1.359E+06
  1.370E+06  1.414E+06  1.374E+06  1.398E+06  1.396E+06  1.396E+06  1.418E+06  1.397E+06  1.393E+06  1.430E+06
  1.482E+06  1.515E+06  1.570E+06  1.611E+06  1.609E+06  1.592E+06  1.578E+06  1.582E+06  1.578E+06  1.575E+06
  1.581E+06  1.632E+06  1.654E+06  1.685E+06  1.711E+06  1.792E+06  1.813E+06  1.807E+06  1.804E+06  1.765E+06
  1.758E+06  1.752E+06  1.718E+06  1.733E+06  1.750E+06  1.752E+06  1.794E+06  1.875E+06  1.898E+06  1.917E+06
  9.514E+05  0.000E+00  0.000E+00  0.000E+00  0.000E+00  0.000E+00  0.000E+00  0.000E+00  0.000E+00  0.000E+00
  0.000E+00  0.000E+00  0.000E+00  0.000E+00  0.000E+00  0.000E+00  0.000E+00  3.262E+01  0.000E+00  0.000E+00
  1.957E+02  0.000E+00  5.997E+02  1.618E+03  1.106E+03  9.372E+02  0.000E+00  8.337E+02  5.358E+02  0.000E+00
  5.503E+02  1.293E+03  0.000E+00  0.000E+00  8.237E+02  7.581E+02  6.293E+02  4.515E+02  0.000E+00  0.000E+00
  5.556E+05  5.626E+05  5.780E+05  5.773E+05  5.843E+05  5.710E+05  5.850E+05  6.382E+05  6.403E+05  6.471E+05
  6.615E+05  6.736E+05  6.751E+05  7.055E+05  7.276E+05  7.262E+05  7.310E+05  7.602E+05  7.878E+05  7.977E+05
  8.166E+05  8.621E+05  8.967E+05  9.013E+05  8.886E+05  9.037E+05  9.355E+05  9.619E+05  9.682E+05  9.533E+05
  9.609E+05  9.682E+05  9.435E+05  9.520E+05  9.614E+05  9.943E+05  1.027E+06  1.018E+06  1.047E+06  1.081E+06
  1.131E+06  1.142E+06  1.142E+06  1.195E+06  1.234E+06  1.219E+06  1.178E+06  1.172E+06  1.182E+06  1.193E+06
  1.219E+06  1.262E+06  1.252E+06  1.286E+06  1.308E+06  1.347E+06  1.334E+06  1.369E+06  1.379E+06  1.397E+06
  1.413E+06  1.410E+06  1.404E+06  1.434E+06  1.438E+06  1.432E+06  1.464E+06  1.463E+06  1.487E+06  1.506E+06
  1.466E+06  1.449E+06  1.484E+06  1.474E+06  1.512E+06  1.568E+06  1.592E+06  1.604E+06  1.639E+06  1.660E+06
  1.682E+06  1.732E+06  1.725E+06  1.705E+06  1.724E+06  1.766E+06  1.805E+06  1.801E+06  1.817E+06  1.847E+06
  1.836E+06  1.841E+06  1.834E+06  1.846E+06  1.863E+06  1.834E+06  1.805E+06  1.838E+06  1.854E+06  1.871E+06
  1.922E+06  1.934E+06  1.955E+06  1.966E+06  1.981E+06  1.995E+06  1.986E+06  1.967E+06  2.003E+06  2.030E+06
  1.024E+06  0.000E+00  0.000E+00  0.000E+00  0.000E+00  0.000E+00  0.000E+00  0.000E+00  0.000E+00  0.000E+00
  0.000E+00  0.000E+00  0.000E+00  0.000E+00  7.062E+02  1.333E+03  0.000E+00  6.240E+02  0.000E+00  8.942E+02
  4.694E+02  1.928E+03  0.000E+00  0.000E+00  0.000E+00  0.000E+00  0.000E+00  0.000E+00  0.000E+00  0.000E+00
  1.965E+03  2.222E+02  0.000E+00  9.161E+02  1.547E+03  7.283E+02  1.190E+03  5.362E+02  1.294E+03  5.394E+02
  6.007E+05  6.471E+05  6.600E+05  6.785E+05  7.095E+05  7.295E+05  7.554E+05  7.334E+05  7.347E+05  7.622E+05
  7.837E+05  8.133E+05  8.603E+05  8.927E+05  9.144E+05  9.430E+05  9.661E+05  9.549E+05  9.613E+05  9.769E+05
  9.986E+05  1.016E+06  9.999E+05  1.003E+06  1.016E+06  1.047E+06  1.061E+06  1.096E+06  1.083E+06  1.089E+06
  1.103E+06  1.145E+06  1.181E+06  1.206E+06  1.203E+06  1.209E+06  1.208E+06  1.216E+06  1.212E+06  1.189E+06
  1.178E+06  1.192E+06  1.210E+06  1.208E+06  1.224E+06  1.279E+06  1.355E+06  1.397E+06  1.408E+06  1.392E+06
  1.399E+06  1.417E+06  1.472E+06  1.510E+06  1.533E+06  1.565E+06  1.566E+06  1.531E+06  1.525E+06  1.515E+06
  1.503E+06  1.514E+06  1.532E+06  1.545E+06  1.512E+06  1.545E+06  1.560E+06  1.601E+06  1.626E+06  1.599E+06
  1.617E+06  1.655E+06  1.678E+06  1.701E+06  1.745E+06  1.712E+06  1.738E+06  1.774E+06  1.803E+06  1.807E+06
  1.799E+06  1.806E+06  1.797E+06  1.830E+06  1.806E+06  1.759E+06  1.753E+06  1.773E+06  1.788E+06  1.813E+06
  1.864E+06  1.873E+06  1.896E+06  1.902E+06  1.932E+06  1.934E+06  1.974E+06  1.975E+06  1.986E+06  2.012E+06
  2.030E+06  2.045E+06  2.028E+06  2.005E+06  2.009E+06  2.045E+06  2.067E+06  2.108E+06  2.124E+06  2.140E+06
  1.088E+06  0.000E+00  0.000E+00  0.000E+00  0.000E+00  0.000E+00  0.000E+00  0.000E+00  0.000E+00  0.000E+00
  0.000E+00  0.000E+00  0.000E+00  0.000E+00  0.000E+00  6.880E+02  1.294E+03  2.927E+02  0.000E+00  9.659E+02
  1.394E+03  2.202E+03  0.000E+00  0.000E+00  6.197E+02  9.220E+02  0.000E+00  0.000E+00  3.301E+02  1.054E+02
  1.753E+03  7.412E+02  6.347E+02  5.204E+02  8.457E+02  5.274E+02  0.000E+00  2.073E+03  2.195E+03  4.289E+02
  8.078E+05  8.074E+05  8.337E+05  8.520E+05  8.689E+05  9.079E+05  9.405E+05  9.815E+05  9.800E+05  1.001E+06
  1.009E+06  1.023E+06  9.949E+05  1.005E+06  1.032E+06  1.026E+06  1.071E+06  1.114E+06  1.114E+06  1.096E+06
  1.093E+06  1.085E+06  1.098E+06  1.149E+06  1.187E+06  1.197E+06  1.202E+06  1.228E+06  1.239E+06  1.255E+06
  1.291E+06  1.316E+06  1.321E+06  1.333E+06  1.331E+06  1.328E+06  1.339E+06  1.345E+06  1.372E+06  1.430E+06
  1.445E+06  1.469E+06  1.504E+06  1.518E+06  1.560E+06  1.584E+06  1.608E+06  1.620E+06  1.628E+06  1.653E+06
  1.663E+06  1.648E+06  1.613E+06  1.580E+06  1.573E+06  1.554E+06  1.548E+06  1.622E+06  1.636E+06  1.618E+06
  1.648E+06  1.646E+06  1.661E+06  1.662E+06  1.697E+06  1.743E+06  1.787E+06  1.781E+06  1.797E+06  1.811E+06
  1.833E+06  1.843E+06  1.875E+06  1.885E+06  1.853E+06  1.875E+06  1.878E+06  1.875E+06  1.872E+06  1.861E+06
  1.899E+06  1.893E+06  1.935E+06  1.943E+06  1.929E+06  1.990E+06  2.021E+06  2.049E+06  2.084E+06  2.074E+06
  2.095E+06  2.108E+06  2.112E+06  2.118E+06  2.090E+06  2.109E+06  2.088E+06  2.125E+06  2.152E+06  2.181E+06
  2.187E+06  2.190E+06  2.187E+06  2.227E+06  2.229E+06  2.224E+06  2.203E+06  2.195E+06  2.222E+06  2.240E+06
  1.215E+06  0.000E+00  0.000E+00  0.000E+00  0.000E+00  0.000E+00  0.000E+00  0.000E+00  0.000E+00  0.000E+00
  0.000E+00  0.000E+00  0.000E+00  0.000E+00  0.000E+00  0.000E+00  0.000E+00  0.000E+00  1.649E+03  0.000E+00
  1.936E+02  0.000E+00  0.000E+00  0.000E+00  0.000E+00  0.000E+00  0.000E+00  0.000E+00  7.894E+02  6.641E+02
  4.340E+02  1.744E+03  1.611E+03  1.530E+03  3.858E+03  2.814E+02  6.802E+02  1.675E+03  2.677E+03  1.466E+03
  9.962E+05  1.025E+06  1.024E+06  1.028E+06  1.008E+06  1.007E+06  1.031E+06  1.056E+06  1.081E+06  1.097E+06
  1.102E+06  1.090E+06  1.120E+06  1.117E+06  1.117E+06  1.118E+06  1.147E+06  1.158E+06  1.177E+06  1.226E+06
  1.281E+06  1.302E+06  1.310E+06  1.330E+06  1.341E+06  1.341E+06  1.339E+06  1.339E+06  1.363E+06  1.385E+06
  1.428E+06  1.449E+06  1.533E+06  1.559E+06  1.609E+06  1.646E+06  1.662E+06  1.638E+06  1.622E+06  1.635E+06
  1.646E+06  1.667E+06  1.704E+06  1.691E+06  1.670E+06  1.698E+06  1.682E+06  1.675E+06  1.692E+06  1.684E+06
  1.707E+06  1.727E+06  1.710E+06  1.733E+06  1.742E+06  1.742E+06  1.781E+06  1.801E+06  1.815E+06  1.839E+06
  1.817E+06  1.829E+06  1.806E+06  1.837E+06  1.854E+06  1.895E+06  1.888E+06  1.917E+06  1.916E+06  1.875E+06
  1.929E+06  1.937E+06  1.923E+06  1.943E+06  1.934E+06  1.971E+06  2.006E+06  2.074E+06  2.098E+06  2.130E+06
  2.134E+06  2.119E+06  2.102E+06  2.105E+06  2.118E+06  2.125E+06  2.156E+06  2.176E+06  2.206E+06  2.227E+06
  2.191E+06  2.206E+06  2.256E+06  2.263E+06  2.271E+06  2.277E+06  2.296E+06  2.255E+06  2.273E+06  2.291E+06
  2.346E+06  2.370E+06  2.436E+06  2.450E+06  2.457E+06  2.467E+06  2.531E+06  2.608E+06  2.607E+06  2.608E+06
  1.326E+06  0.000E+00  0.000E+00  0.000E+00  0.000E+00  0.000E+00  0.000E+00  0.000E+00  0.000E+00  0.000E+00
  0.000E+00  0.000E+00  0.000E+00  0.000E+00  0.000E+00  6.334E+02  0.000E+00  0.000E+00  5.783E+01  0.000E+00
  6.250E+02  7.376E+02  0.000E+00  0.000E+00  1.673E+02  1.490E+02  1.209E+03  1.583E+03  2.003E+03  4.166E+02
  0.000E+00  9.984E+02  1.437E+03  5.923E+02  5.494E+02  1.370E+03  1.434E+03  0.000E+00  0.000E+00  1.523E+03
  1.095E+06  1.102E+06  1.137E+06  1.119E+06  1.164E+06  1.168E+06  1.144E+06  1.145E+06  1.174E+06  1.203E+06
  1.241E+06  1.263E+06  1.279E+06  1.331E+06  1.344E+06  1.343E+06  1.305E+06  1.302E+06  1.319E+06  1.332E+06
  1.338E+06  1.360E+06  1.378E+06  1.418E+06  1.464E+06  1.507E+06  1.543E+06  1.609E+06  1.655E+06  1.710E+06
  1.721E+06  1.710E+06  1.686E+06  1.703E+06  1.696E+06  1.661E+06  1.654E+06  1.669E+06  1.718E+06  1.749E+06
  1.739E+06  1.755E+06  1.749E+06  1.771E+06  1.782E+06  1.793E+06  1.757E+06  1.765E+06  1.799E+06  1.791E+06
  1.760E+06  1.787E+06  1.791E+06  1.809E+06  1.830E+06  1.866E+06  1.910E+06  1.934E+06  2.006E+06  2.028E+06
  2.039E+06  2.044E+06  2.081E+06  2.083E+06  2.017E+06  1.955E+06  2.004E+06  1.992E+06  2.052E+06  2.118E+06
  2.126E+06  2.122E+06  2.124E+06  2.115E+06  2.128E+06  2.126E+06  2.127E+06  2.137E+06  2.171E+06  2.232E+06
  2.274E+06  2.319E+06  2.357E+06  2.396E+06  2.393E+06  2.365E+06  2.359E+06  2.389E+06  2.387E+06  2.399E+06
  2.422E+06  2.471E+06  2.506E+06  2.513E+06  2.547E+06  2.534E+06  2.526E+06  2.596E+06  2.623E+06  2.676E+06
  2.678E+06  2.677E+06  2.651E+06  2.639E+06  2.641E+06  2.632E+06  2.598E+06  2.600E+06  2.613E+06  2.631E+06
  1.350E+06  0.000E+00  0.000E+00  0.000E+00  0.000E+00  0.000E+00  0.000E+00  0.000E+00  0.000E+00  0.000E+00
  0.000E+00  0.000E+00  0.000E+00  0.000E+00  0.000E+00  1.122E+02  0.000E+00  0.000E+00  0.000E+00  7.884E+02
  9.764E+02  8.712E+02  0.000E+00  0.000E+00  1.581E+03  0.000E+00  0.000E+00  1.062E+03  1.112E+03  2.585E+03
  5.951E+02  0.000E+00  6.230E+01  0.000E+00  0.000E+00  2.097E+02  0.000E+00  0.000E+00  0.000E+00  1.259E+03
  1.213E+06  1.252E+06  1.279E+06  1.311E+06  1.318E+06  1.348E+06  1.390E+06  1.407E+06  1.355E+06  1.346E+06
  1.355E+06  1.366E+06  1.355E+06  1.374E+06  1.410E+06  1.461E+06  1.498E+06  1.518E+06  1.560E+06  1.570E+06
  1.575E+06  1.572E+06  1.621E+06  1.662E+06  1.695E+06  1.711E+06  1.727E+06  1.737E+06  1.749E+06  1.737E+06
  1.742E+06  1.746E+06  1.756E+06  1.770E+06  1.763E+06  1.788E+06  1.817E+06  1.804E+06  1.790E+06  1.752E+06
  1.758E+06  1.767E+06  1.789E+06  1.786E+06  1.812E+06  1.838E+06  1.904E+06  1.937E+06  1.901E+06  1.935E+06
  1.979E+06  1.993E+06  2.062E+06  2.098E+06  2.127E+06  2.166E+06  2.162E+06  2.151E+06  2.185E+06  2.214E+06
  2.216E+06  2.229E+06  2.231E+06  2.188E+06  2.225E+06  2.226E+06  2.210E+06  2.253E+06  2.244E+06  2.218E+06
  2.218E+06  2.263E+06  2.276E+06  2.307E+06  2.372E+06  2.403E+06  2.417E+06  2.453E+06  2.484E+06  2.493E+06
  2.480E+06  2.495E+06  2.497E+06  2.478E+06  2.530E+06  2.541E+06  2.578E+06  2.594E+06  2.609E+06  2.680E+06
  2.711E+06  2.768E+06  2.773E+06  2.764E+06  2.733E+06  2.729E+06  2.740E+06  2.735E+06  2.730E+06  2.733E+06
  2.729E+06  2.723E+06  2.721E+06  2.770E+06  2.799E+06  2.851E+06  2.921E+06  2.933E+06  2.950E+06  2.937E+06
  1.521E+06  0.000E+00  0.000E+00  0.000E+00  0.000E+00  0.000E+00  0.000E+00  0.000E+00  0.000E+00  0.000E+00
  0.000E+00  0.000E+00  0.000E+00  0.000E+00  0.000E+00  9.571E+02  0.000E+00  0.000E+00  0.000E+00  8.618E+02
  1.597E+03  1.571E+02  0.000E+00  0.000E+00  1.386E+03  0.000E+00  0.000E+00  0.000E+00  0.000E+00  2.259E+02
  3.524E+02  5.359E+02  0.000E+00  0.000E+00  4.577E+02  1.832E+03  8.479E+01  1.182E+03  1.724E+03  1.835E+03
  1.478E+06  1.490E+06  1.483E+06  1.510E+06  1.508E+06  1.478E+06  1.491E+06  1.490E+06  1.517E+06  1.565E+06
  1.587E+06  1.625E+06  1.694E+06  1.699E+06  1.662E+06  1.653E+06  1.670E+06  1.706E+06  1.712E+06  1.751E+06
  1.799E+06  1.856E+06  1.894E+06  1.909E+06  1.936E+06  1.955E+06  1.914E+06  1.889E+06  1.858E+06  1.827E+06
  1.830E+06  1.841E+06  1.823E+06  1.845E+06  1.860E+06  1.898E+06  1.911E+06  1.945E+06  1.957E+06  2.007E+06
  2.060E+06  2.056E+06  2.078E+06  2.106E+06  2.113E+06  2.096E+06  2.075E+06  2.068E+06  2.102E+06  2.167E+06
  2.207E+06  2.226E+06  2.251E+06  2.313E+06  2.329E+06  2.310E+06  2.345E+06  2.338E+06  2.326E+06  2.295E+06
  2.270E+06  2.295E+06  2.326E+06  2.385E+06  2.359E+06  2.375E+06  2.427E+06  2.453E+06  2.481E+06  2.534E+06
  2.573E+06  2.616E+06  2.649E+06  2.622E+06  2.603E+06  2.604E+06  2.657E+06  2.672E+06  2.708E+06  2.701E+06
  2.723E+06  2.765E+06  2.795E+06  2.793E+06  2.785E+06  2.787E+06  2.814E+06  2.833E+06  2.817E+06  2.805E+06
  2.820E+06  2.805E+06  2.784E+06  2.792E+06  2.818E+06  2.834E+06  2.863E+06  2.919E+06  2.968E+06  2.951E+06
  2.982E+06  3.025E+06  3.105E+06  3.102E+06  3.101E+06  3.132E+06  3.078E+06  3.091E+06  3.091E+06  3.089E+06
  1.628E+06  0.000E+00  0.000E+00  0.000E+00  0.000E+00  0.000E+00  0.000E+00  0.000E+00  0.000E+00  0.000E+00
  0.000E+00  0.000E+00  0.000E+00  0.000E+00  0.000E+00  0.000E+00  0.000E+00  0.000E+00  7.438E+02  6.456E+02
  7.110E+02  0.000E+00  0.000E+00  6.980E+02  0.000E+00  0.000E+00  1.830E+02  0.000E+00  0.000E+00  0.000E+00
  1.198E+03  3.593E+02  3.280E+02  0.000E+00  4.698E+02  0.000E+00  5.628E+02  1.582E+03  8.599E+02  1.705E+03
  1.560E+06  1.595E+06  1.659E+06  1.691E+06  1.711E+06  1.746E+06  1.767E+06  1.779E+06  1.790E+06  1.792E+06
  1.802E+06  1.812E+06  1.803E+06  1.843E+06  1.908E+06  1.947E+06  1.968E+06  1.964E+06  1.931E+06  1.922E+06
  1.912E+06  1.876E+06  1.868E+06  1.893E+06  1.903E+06  1.942E+06  1.974E+06  2.014E+06  2.031E+06  2.019E+06
  2.085E+06  2.131E+06  2.148E+06  2.129E+06  2.161E+06  2.181E+06  2.158E+06  2.203E+06  2.242E+06  2.201E+06
  2.178E+06  2.211E+06  2.226E+06  2.260E+06  2.241E+06  2.286E+06  2.316E+06  2.344E+06  2.382E+06  2.394E+06
  2.375E+06  2.366E+06  2.367E+06  2.367E+06  2.429E+06  2.496E+06  2.512E+06  2.516E+06  2.548E+06  2.555E+06
  2.594E+06  2.625E+06  2.641E+06  2.692E+06  2.757E+06  2.760E+06  2.726E+06  2.729E+06  2.735E+06  2.769E+06
  2.790E+06  2.839E+06  2.827E+06  2.886E+06  2.863E+06  2.915E+06  2.908E+06  2.891E+06  2.929E+06  2.980E+06
  2.983E+06  2.935E+06  2.956E+06  3.039E+06  3.026E+06  3.004E+06  3.026E+06  3.014E+06  3.003E+06  3.019E+06
  3.006E+06  2.989E+06  3.023E+06  3.005E+06  3.012E+06  3.003E+06  3.057E+06  3.080E+06  3.105E+06  3.142E+06
  3.187E+06  3.236E+06  3.308E+06  3.335E+06  3.338E+06  3.318E+06  3.371E+06  3.378E+06  3.390E+06  3.364E+06
  1.779E+06  0.000E+00  0.000E+00  0.000E+00  0.000E+00  0.000E+00  0.000E+00  0.000E+00  0.000E+00  0.000E+00
  0.000E+00  0.000E+00  0.000E+00  0.000E+00  1.660E+02  1.564E+03  0.000E+00  4.354E+02  1.327E+03  6.822E+02
  9.100E+02  7.020E+02  7.476E+02  0.000E+00  0.000E+00  0.000E+00  7.076E+02  0.000E+00  0.000E+00  1.121E+03
  2.618E+03  2.552E+03  1.688E+03  7.719E+02  0.000E+00  0.000E+00  0.000E+00  7.464E+02  9.426E+02  1.886E+03
  1.812E+06  1.818E+06  1.835E+06  1.853E+06  1.862E+06  1.869E+06  1.857E+06  1.859E+06  1.877E+06  1.884E+06
  1.902E+06  1.894E+06  1.917E+06  1.914E+06  1.931E+06  1.955E+06  1.966E+06  1.989E+06  2.037E+06  2.083E+06
  2.166E+06  2.176E+06  2.164E+06  2.150E+06  2.192E+06  2.202E+06  2.242E+06  2.259E+06  2.260E+06  2.292E+06
  2.242E+06  2.250E+06  2.250E+06  2.253E+06  2.253E+06  2.291E+06  2.341E+06  2.348E+06  2.354E+06  2.357E+06
  2.366E+06  2.373E+06  2.416E+06  2.465E+06  2.482E+06  2.518E+06  2.530E+06  2.539E+06  2.522E+06  2.527E+06
  2.601E+06  2.622E+06  2.667E+06  2.710E+06  2.721E+06  2.751E+06  2.794E+06  2.794E+06  2.802E+06  2.791E+06
  2.819E+06  2.842E+06  2.833E+06  2.834E+06  2.827E+06  2.894E+06  2.948E+06  3.002E+06  3.002E+06  3.007E+06
  3.004E+06  2.984E+06  2.984E+06  2.939E+06  2.972E+06  2.976E+06  3.015E+06  3.044E+06  3.061E+06  3.077E+06
  3.108E+06  3.118E+06  3.082E+06  3.016E+06  3.064E+06  3.037E+06  3.024E+06  3.035E+06  3.067E+06  3.119E+06
  3.175E+06  3.228E+06  3.261E+06  3.279E+06  3.330E+06  3.389E+06  3.455E+06  3.466E+06  3.502E+06  3.519E+06
  3.541E+06  3.537E+06  3.513E+06  3.527E+06  3.534E+06  3.507E+06  3.523E+06  3.519E+06  3.513E+06  3.565E+06
  1.938E+06  0.000E+00  0.000E+00  0.000E+00  0.000E+00  0.000E+00  0.000E+00  0.000E+00  0.000E+00  0.000E+00
  0.000E+00  0.000E+00  0.000E+00  0.000E+00  0.000E+00  1.276E+03  3.399E+03  5.530E+02  1.733E+03  2.272E+03
  0.000E+00  4.532E+02  0.000E+00  0.000E+00  0.000E+00  0.000E+00  8.668E+02  1.447E+02  1.185E+03  1.054E+03
  1.496E+03  0.000E+00  3.780E+02  0.000E+00  9.943E+02  0.000E+00  0.000E+00  5.559E+02  4.146E+00  4.809E+02
  2.028E+06  2.016E+06  1.996E+06  1.962E+06  1.939E+06  1.960E+06  1.990E+06  2.012E+06  2.015E+06  2.030E+06
  2.094E+06  2.183E+06  2.225E+06  2.213E+06  2.214E+06  2.198E+06  2.194E+06  2.224E+06  2.253E+06  2.245E+06
  2.203E+06  2.215E+06  2.268E+06  2.283E+06  2.299E+06  2.334E+06  2.313E+06  2.301E+06  2.353E+06  2.359E+06
  2.390E+06  2.415E+06  2.460E+06  2.497E+06  2.511E+06  2.534E+06  2.567E+06  2.616E+06  2.604E+06  2.591E+06
  2.651E+06  2.705E+06  2.717E+06  2.693E+06  2.696E+06  2.718E+06  2.750E+06  2.757E+06  2.767E+06  2.782E+06
  2.778E+06  2.847E+06  2.919E+06  2.854E+06  2.830E+06  2.812E+06  2.815E+06  2.846E+06  2.852E+06  2.835E+06
  2.836E+06  2.917E+06  2.958E+06  2.998E+06  3.039E+06  3.015E+06  3.016E+06  2.981E+06  3.023E+06  3.049E+06
  3.000E+06  3.006E+06  3.050E+06  3.077E+06  3.077E+06  3.115E+06  3.137E+06  3.175E+06  3.144E+06  3.193E+06
  3.271E+06  3.315E+06  3.380E+06  3.401E+06  3.420E+06  3.435E+06  3.446E+06  3.451E+06  3.464E+06  3.489E+06
  3.515E+06  3.571E+06  3.563E+06  3.585E+06  3.607E+06  3.593E+06  3.514E+06  3.511E+06  3.571E+06  3.661E+06
  3.683E+06  3.691E+06  3.685E+06  3.747E+06  3.792E+06  3.801E+06  3.831E+06  3.870E+06  3.818E+06  3.778E+06
  2.075E+06  0.000E+00  0.000E+00  0.000E+00  0.000E+00  0.000E+00  0.000E+00  0.000E+00  0.000E+00  0.000E+00
  0.000E+00  0.000E+00  0.000E+00  0.000E+00  0.000E+00  0.000E+00  1.131E+03  2.316E+03  1.981E+03  1.741E+03
  0.000E+00  4.171E+02  0.000E+00  5.066E+01  2.129E+03  2.432E+03  7.654E+02  0.000E+00  0.000E+00  4.717E+02
  0.000E+00  0.000E+00  0.000E+00  0.000E+00  3.264E+00  8.218E+02  0.000E+00  1.841E+01  0.000E+00  5.373E+02
  2.056E+06  2.053E+06  2.033E+06  2.102E+06  2.155E+06  2.197E+06  2.212E+06  2.229E+06  2.280E+06  2.325E+06
  2.364E+06  2.345E+06  2.326E+06  2.289E+06  2.344E+06  2.445E+06  2.446E+06  2.451E+06  2.442E+06  2.470E+06
  2.501E+06  2.521E+06  2.545E+06  2.569E+06  2.581E+06  2.589E+06  2.610E+06  2.652E+06  2.664E+06  2.745E+06
  2.733E+06  2.729E+06  2.746E+06  2.774E+06  2.812E+06  2.805E+06  2.799E+06  2.771E+06  2.813E+06  2.866E+06
  2.873E+06  2.867E+06  2.823E+06  2.847E+06  2.882E+06  2.933E+06  2.933E+06  2.915E+06  2.964E+06  2.976E+06
  2.992E+06  3.016E+06  2.990E+06  3.040E+06  3.058E+06  3.077E+06  3.086E+06  3.072E+06  3.055E+06  3.066E+06
  3.129E+06  3.127E+06  3.098E+06  3.102E+06  3.079E+06  3.136E+06  3.179E+06  3.248E+06  3.199E+06  3.219E+06
  3.264E+06  3.324E+06  3.332E+06  3.354E+06  3.391E+06  3.431E+06  3.499E+06  3.515E+06  3.491E+06  3.485E+06
  3.504E+06  3.534E+06  3.586E+06  3.635E+06  3.678E+06  3.717E+06  3.727E+06  3.738E+06  3.745E+06  3.739E+06
  3.800E+06  3.836E+06  3.815E+06  3.836E+06  3.851E+06  3.817E+06  3.841E+06  3.889E+06  3.902E+06  3.862E+06
  3.871E+06  3.850E+06  3.857E+06  3.845E+06  3.851E+06  3.904E+06  3.900E+06  3.892E+06  3.896E+06  3.955E+06
  2.141E+06  0.000E+00  0.000E+00  0.000E+00  0.000E+00  0.000E+00  0.000E+00  0.000E+00  0.000E+00  0.000E+00
  0.000E+00  0.000E+00  0.000E+00  0.000E+00  0.000E+00  0.000E+00  0.000E+00  2.584E+02  2.072E+03  4.439E+02
  0.000E+00  0.000E+00  0.000E+00  0.000E+00  8.489E+02  1.755E+03  1.276E+03  0.000E+00  0.000E+00  2.585E+02
  0.000E+00  0.000E+00  7.250E+02  0.000E+00  1.531E+03  0.000E+00  5.078E+02  1.554E+03  1.386E+03  1.767E+02
  2.302E+06  2.355E+06  2.428E+06  2.423E+06  2.406E+06  2.403E+06  2.450E+06  2.459E+06  2.468E+06  2.482E+06
  2.462E+06  2.486E+06  2.521E+06  2.629E+06  2.676E+06  2.663E+06  2.704E+06  2.684E+06  2.709E+06  2.709E+06
  2.727E+06  2.713E+06  2.737E+06  2.774E+06  2.815E+06  2.862E+06  2.874E+06  2.842E+06  2.840E+06  2.818E+06
  2.883E+06  2.885E+06  2.861E+06  2.887E+06  2.895E+06  2.936E+06  2.951E+06  3.018E+06  3.016E+06  2.986E+06
  2.994E+06  3.040E+06  3.086E+06  3.119E+06  3.124E+06  3.064E+06  3.095E+06  3.120E+06  3.145E+06  3.187E+06
  3.223E+06  3.200E+06  3.228E+06  3.235E+06  3.231E+06  3.225E+06  3.255E+06  3.318E+06  3.348E+06  3.332E+06
  3.321E+06  3.375E+06  3.454E+06  3.441E+06  3.488E+06  3.495E+06  3.519E+06  3.545E+06  3.537E+06  3.547E+06
  3.550E+06  3.594E+06  3.653E+06  3.729E+06  3.764E+06  3.777E+06  3.765E+06  3.778E+06  3.789E+06  3.804E+06
  3.856E+06  3.866E+06  3.899E+06  3.959E+06  3.964E+06  3.942E+06  3.909E+06  3.913E+06  3.954E+06  3.998E+06
  3.961E+06  3.953E+06  3.996E+06  4.021E+06  4.056E+06  4.115E+06  4.097E+06  4.097E+06  4.161E+06  4.214E+06
  4.204E+06  4.231E+06  4.277E+06  4.320E+06  4.350E+06  4.371E+06  4.360E+06  4.387E+06  4.429E+06  4.427E+06
  2.439E+06  0.000E+00  0.000E+00  0.000E+00  0.000E+00  0.000E+00  0.000E+00  0.000E+00  0.000E+00  0.000E+00
  0.000E+00  0.000E+00  0.000E+00  0.000E+00  0.000E+00  1.886E+03  0.000E+00  0.000E+00  5.213E+02  2.685E+03
  1.999E+02  0.000E+00  4.560E+01  0.000E+00  1.687E+02  8.451E+02  4.970E+02  2.370E+02  0.000E+00  3.948E+02
  0.000E+00  0.000E+00  3.396E+02  1.677E+03  1.439E+03  9.780E+01  7.700E+02  1.786E+03  1.000E+03  1.205E+03
  2.591E+06  2.615E+06  2.572E+06  2.621E+06  2.700E+06  2.739E+06  2.765E+06  2.749E+06  2.717E+06  2.731E+06
  2.765E+06  2.832E+06  2.836E+06  2.802E+06  2.829E+06  2.832E+06  2.864E+06  2.879E+06  2.893E+06  2.858E+06
  2.886E+06  2.916E+06  2.871E+06  2.901E+06  2.882E+06  2.863E+06  2.860E+06  2.957E+06  2.986E+06  3.028E+06
  3.048E+06  3.106E+06  3.163E+06  3.179E+06  3.227E+06  3.281E+06  3.287E+06  3.266E+06  3.264E+06  3.301E+06
  3.292E+06  3.303E+06  3.288E+06  3.292E+06  3.288E+06  3.334E+06  3.327E+06  3.339E+06  3.358E+06  3.366E+06
  3.351E+06  3.391E+06  3.420E+06  3.479E+06  3.517E+06  3.580E+06  3.621E+06  3.632E+06  3.634E+06  3.659E+06
  3.707E+06  3.777E+06  3.802E+06  3.810E+06  3.821E+06  3.821E+06  3.864E+06  3.895E+06  3.938E+06  3.978E+06
  3.957E+06  3.895E+06  3.893E+06  3.882E+06  3.990E+06  3.999E+06  3.994E+06  3.958E+06  3.986E+06  4.023E+06
  4.029E+06  4.053E+06  4.075E+06  4.117E+06  4.159E+06  4.168E+06  4.195E+06  4.224E+06  4.259E+06  4.279E+06
  4.370E+06  4.406E+06  4.402E+06  4.406E+06  4.484E+06  4.479E+06  4.495E+06  4.525E+06  4.541E+06  4.582E+06
  4.667E+06  4.685E+06  4.724E+06  4.713E+06  4.716E+06  4.720E+06  4.773E+06  4.719E+06  4.709E+06  4.689E+06
  2.594E+06  0.000E+00  0.000E+00  0.000E+00  0.000E+00  0.000E+00  0.000E+00  0.000E+00  0.000E+00  0.000E+00
  0.000E+00  0.000E+00  0.000E+00  0.000E+00  0.000E+00  1.255E+03  0.000E+00  7.812E+02  0.000E+00  0.000E+00
  2.529E+03  3.811E+02  3.408E+02  5.634E+02  2.085E+02  2.363E+03  0.000E+00  2.250E+03  1.961E+02  1.637E+02
  0.000E+00  4.807E+02  3.593E+03  1.212E+03  1.510E+03  2.434E+03  2.832E+03  1.437E+03  1.263E+03  1.810E+03
  2.867E+06  2.897E+06  2.926E+06  2.904E+06  2.875E+06  2.873E+06  2.871E+06  2.882E+06  2.907E+06  2.895E+06
  2.914E+06  2.902E+06  2.942E+06  2.966E+06  2.967E+06  2.972E+06  2.926E+06  2.898E+06  2.911E+06  2.974E+06
  3.027E+06  3.063E+06  3.123E+06  3.195E+06  3.257E+06  3.305E+06  3.371E+06  3.377E+06  3.414E+06  3.379E+06
  3.362E+06  3.382E+06  3.389E+06  3.379E+06  3.344E+06  3.383E+06  3.408E+06  3.431E+06  3.446E+06  3.501E+06
  3.575E+06  3.546E+06  3.585E+06  3.588E+06  3.589E+06  3.581E+06  3.593E+06  3.565E+06  3.567E+06  3.576E+06
  3.634E+06  3.690E+06  3.748E+06  3.774E+06  3.804E+06  3.781E+06  3.823E+06  3.886E+06  3.928E+06  4.016E+06
  4.033E+06  4.045E+06  4.039E+06  4.075E+06  4.131E+06  4.187E+06  4.246E+06  4.230E+06  4.190E+06  4.189E+06
  4.188E+06  4.229E+06  4.185E+06  4.149E+06  4.129E+06  4.169E+06  4.230E+06  4.298E+06  4.343E+06  4.380E+06
  4.408E+06  4.457E+06  4.445E+06  4.472E+06  4.515E+06  4.601E+06  4.580E+06  4.565E+06  4.625E+06  4.707E+06
  4.717E+06  4.749E+06  4.807E+06  4.844E+06  4.853E+06  4.865E+06  4.888E+06  4.900E+06  4.927E+06  4.974E+06
  4.965E+06  4.965E+06  4.934E+06  4.983E+06  4.983E+06  4.987E+06  4.965E+06  4.966E+06  5.056E+06  5.037E+06
  2.775E+06  0.000E+00  0.000E+00  0.000E+00  0.000E+00  0.000E+00  0.000E+00  0.000E+00  0.000E+00  0.000E+00
  0.000E+00  0.000E+00  0.000E+00  0.000E+00  0.000E+00  0.000E+00  0.000E+00  0.000E+00  0.000E+00  0.000E+00
  0.000E+00  0.000E+00  1.023E+03  0.000E+00  6.332E+01  1.626E+03  0.000E+00  1.135E+03  1.763E+03  4.826E+02
  9.260E+02  3.424E+03  3.892E+03  3.500E+03  2.228E+03  3.233E+03  2.779E+02  1.648E+03  6.530E+01  2.637E+03
  2.949E+06  2.948E+06  2.975E+06  3.032E+06  3.061E+06  3.036E+06  3.042E+06  3.060E+06  3.055E+06  3.002E+06
  3.007E+06  3.055E+06  3.112E+06  3.199E+06  3.213E+06  3.295E+06  3.339E+06  3.367E+06  3.419E+06  3.491E+06
  3.505E+06  3.505E+06  3.533E+06  3.509E+06  3.605E+06  3.643E+06  3.633E+06  3.611E+06  3.618E+06  3.609E+06
  3.597E+06  3.659E+06  3.729E+06  3.780E+06  3.790E+06  3.742E+06  3.712E+06  3.710E+06  3.709E+06  3.723E+06
  3.701E+06  3.710E+06  3.738E+06  3.796E+06  3.822E+06  3.844E+06  3.899E+06  3.898E+06  3.876E+06  3.912E+06
  3.909E+06  3.926E+06  3.966E+06  4.045E+06  4.059E+06  4.172E+06  4.218E+06  4.259E+06  4.282E+06  4.326E+06
  4.348E+06  4.387E+06  4.431E+06  4.447E+06  4.421E+06  4.444E+06  4.480E+06  4.508E+06  4.570E+06  4.526E+06
  4.543E+06  4.566E+06  4.657E+06  4.705E+06  4.640E+06  4.646E+06  4.691E+06  4.674E+06  4.717E+06  4.783E+06
  4.793E+06  4.747E+06  4.727E+06  4.754E+06  4.822E+06  4.843E+06  4.957E+06  5.039E+06  5.073E+06  5.054E+06
  5.082E+06  5.128E+06  5.109E+06  5.123E+06  5.130E+06  5.147E+06  5.194E+06  5.226E+06  5.236E+06  5.286E+06
  5.256E+06  5.295E+06  5.347E+06  5.390E+06  5.380E+06  5.421E+06  5.432E+06  5.441E+06  5.425E+06  5.498E+06
  3.059E+06  0.000E+00  0.000E+00  0.000E+00  0.000E+00  0.000E+00  0.000E+00  0.000E+00  0.000E+00  0.000E+00
  0.000E+00  0.000E+00  0.000E+00  0.000E+00  0.000E+00  2.041E+03  6.646E+02  0.000E+00  4.880E+02  8.990E+02
  0.000E+00  4.202E+02  1.077E+03  1.846E+03  1.255E+03  1.484E+03  0.000E+00  1.229E+03  2.874E+03  0.000E+00
  1.531E+03  8.050E+02  3.799E+03  4.004E+03  1.278E+03  2.461E+03  1.042E+03  1.799E+03  2.916E+02  2.067E+03
  3.325E+06  3.268E+06  3.234E+06  3.256E+06  3.304E+06  3.346E+06  3.371E+06  3.400E+06  3.448E+06  3.499E+06
  3.550E+06  3.594E+06  3.671E+06  3.620E+06  3.688E+06  3.700E+06  3.785E+06  3.781E+06  3.795E+06  3.736E+06
  3.755E+06  3.761E+06  3.786E+06  3.824E+06  3.832E+06  3.878E+06  3.855E+06  3.859E+06  3.879E+06  3.874E+06
  3.902E+06  3.872E+06  3.865E+06  3.866E+06  3.925E+06  4.030E+06  4.051E+06  4.019E+06  4.029E+06  4.093E+06
  4.170E+06  4.207E+06  4.171E+06  4.132E+06  4.129E+06  4.182E+06  4.246E+06  4.393E+06  4.405E+06  4.411E+06
  4.406E+06  4.472E+06  4.550E+06  4.594E+06  4.649E+06  4.612E+06  4.597E+06  4.598E+06  4.631E+06  4.690E+06
  4.730E+06  4.743E+06  4.779E+06  4.783E+06  4.844E+06  4.877E+06  4.871E+06  4.882E+06  4.774E+06  4.760E+06
  4.813E+06  4.839E+06  4.891E+06  4.968E+06  5.043E+06  5.028E+06  5.018E+06  5.035E+06  5.024E+06  4.997E+06
  5.036E+06  5.128E+06  5.326E+06  5.379E+06  5.334E+06  5.371E+06  5.407E+06  5.490E+06  5.485E+06  5.484E+06
  5.432E+06  5.396E+06  5.409E+06  5.475E+06  5.584E+06  5.633E+06  5.592E+06  5.586E+06  5.637E+06  5.598E+06
  5.642E+06  5.604E+06  5.572E+06  5.617E+06  5.658E+06  5.707E+06  5.743E+06  5.830E+06  5.920E+06  5.896E+06
  3.293E+06  0.000E+00  0.000E+00  0.000E+00  0.000E+00  0.000E+00  0.000E+00  0.000E+00  0.000E+00  0.000E+00
  0.000E+00  0.000E+00  0.000E+00  0.000E+00  0.000E+00  7.796E+02  8.609E+02  0.000E+00  0.000E+00  8.831E+02
  2.814E+02  5.900E+02  6.920E+02  7.292E+02  6.436E+02  1.234E+03  0.000E+00  1.037E+03  8.533E+02  2.138E+03
  3.578E+03  1.339E+02  3.753E+03  8.543E+02  5.412E+02  1.114E+02  0.000E+00  9.631E+01  2.483E+03  3.351E+03
  3.561E+06  3.608E+06  3.675E+06  3.715E+06  3.695E+06  3.718E+06  3.778E+06  3.855E+06  3.914E+06  3.935E+06
  3.971E+06  3.981E+06  3.978E+06  3.994E+06  3.947E+06  3.963E+06  3.914E+06  3.969E+06  3.982E+06  4.059E+06
  4.087E+06  4.070E+06  4.071E+06  4.058E+06  4.116E+06  4.127E+06  4.195E+06  4.226E+06  4.197E+06  4.227E+06
  4.215E+06  4.269E+06  4.271E+06  4.270E+06  4.252E+06  4.256E+06  4.311E+06  4.326E+06  4.380E+06  4.418E+06
  4.401E+06  4.460E+06  4.583E+06  4.639E+06  4.641E+06  4.640E+06  4.670E+06  4.666E+06  4.774E+06  4.795E+06
  4.852E+06  4.907E+06  4.908E+06  4.914E+06  4.938E+06  4.989E+06  4.985E+06  4.952E+06  4.988E+06  4.981E+06
  5.019E+06  5.035E+06  5.037E+06  5.086E+06  5.109E+06  5.109E+06  5.117E+06  5.131E+06  5.168E+06  5.214E+06
  5.219E+06  5.260E+06  5.292E+06  5.283E+06  5.335E+06  5.335E+06  5.387E+06  5.420E+06  5.485E+06  5.541E+06
  5.538E+06  5.548E+06  5.515E+06  5.517E+06  5.546E+06  5.616E+06  5.695E+06  5.704E+06  5.707E+06  5.683E+06
  5.714E+06  5.719E+06  5.719E+06  5.764E+06  5.811E+06  5.809E+06  5.842E+06  5.911E+06  5.909E+06  5.879E+06
  5.949E+06  6.017E+06  6.047E+06  6.023E+06  6.033E+06  6.027E+06  6.132E+06  6.140E+06  6.058E+06  6.050E+06
  3.342E+06  0.000E+00  0.000E+00  0.000E+00  0.000E+00  0.000E+00  0.000E+00  0.000E+00  0.000E+00  0.000E+00
  0.000E+00  0.000E+00  0.000E+00  0.000E+00  1.832E+02  1.247E+03  6.076E+02  0.000E+00  0.000E+00  1.719E+03
  7.741E+02  6.493E+02  0.000E+00  1.096E+03  1.684E+03  1.563E+03  0.000E+00  6.528E+02  2.898E+03  7.983E+02
  1.112E+03  1.907E+03  1.795E+03  1.084E+03  9.426E+02  1.114E+03  3.039E+02  2.051E+03  3.583E+03  3.637E+02
  4.007E+06  4.070E+06  4.103E+06  4.162E+06  4.149E+06  4.167E+06  4.208E+06  4.196E+06  4.185E+06  4.184E+06
  4.169E+06  4.157E+06  4.167E+06  4.139E+06  4.198E+06  4.212E+06  4.185E+06  4.198E+06  4.198E+06  4.264E+06
  4.324E+06  4.313E+06  4.337E+06  4.428E+06  4.454E+06  4.501E+06  4.558E+06  4.587E+06  4.598E+06  4.624E+06
  4.651E+06  4.666E+06  4.745E+06  4.903E+06  4.946E+06  4.950E+06  4.966E+06  5.000E+06  4.938E+06  4.950E+06
  4.997E+06  4.984E+06  4.981E+06  5.010E+06  5.023E+06  5.082E+06  5.078E+06  5.120E+06  5.144E+06  5.192E+06
  5.153E+06  5.179E+06  5.173E+06  5.186E+06  5.198E+06  5.163E+06  5.168E+06  5.165E+06  5.227E+06  5.322E+06
  5.363E+06  5.462E+06  5.511E+06  5.448E+06  5.420E+06  5.385E+06  5.456E+06  5.527E+06  5.545E+06  5.571E+06
  5.632E+06  5.654E+06  5.706E+06  5.712E+06  5.701E+06  5.702E+06  5.699E+06  5.743E+06  5.759E+06  5.798E+06
  5.809E+06  5.831E+06  5.799E+06  5.865E+06  5.961E+06  6.000E+06  6.019E+06  6.020E+06  6.016E+06  6.059E+06
  6.079E+06  6.107E+06  6.047E+06  6.021E+06  6.016E+06  5.966E+06  6.042E+06  6.132E+06  6.161E+06  6.229E+06
  6.165E+06  6.190E+06  6.177E+06  6.236E+06  6.221E+06  6.195E+06  6.145E+06  6.196E+06  6.272E+06  6.311E+06
  3.544E+06  0.000E+00  0.000E+00  0.000E+00  0.000E+00  0.000E+00  0.000E+00  0.000E+00  0.000E+00  0.000E+00
  0.000E+00  0.000E+00  0.000E+00  0.000E+00  2.287E+01  5.629E+02  0.000E+00  0.000E+00  0.000E+00  0.000E+00
  4.034E+02  7.007E+02  1.152E+02  1.372E+03  3.046E+03  3.750E+02  0.000E+00  6.966E+02  1.243E+03  9.909E+02
  1.426E+03  1.138E+03  1.789E+03  3.116E+03  2.749E+03  8.461E+01  3.319E+03  3.423E+03  1.773E+03  7.256E+01
  4.257E+06  4.313E+06  4.297E+06  4.314E+06  4.358E+06  4.350E+06  4.266E+06  4.238E+06  4.247E+06  4.251E+06
  4.303E+06  4.383E+06  4.430E+06  4.500E+06  4.511E+06  4.527E+06  4.586E+06  4.613E+06  4.666E+06  4.727E+06
  4.723E+06  4.738E+06  4.841E+06  4.890E+06  5.009E+06  5.061E+06  5.052E+06  5.062E+06  5.142E+06  5.192E+06
  5.160E+06  5.146E+06  5.185E+06  5.094E+06  5.132E+06  5.137E+06  5.103E+06  5.117E+06  5.155E+06  5.176E+06
  5.254E+06  5.381E+06  5.369E+06  5.387E+06  5.393E+06  5.466E+06  5.491E+06  5.479E+06  5.478E+06  5.475E+06
  5.515E+06  5.548E+06  5.594E+06  5.548E+06  5.516E+06  5.572E+06  5.585E+06  5.629E+06  5.663E+06  5.704E+06
  5.760E+06  5.755E+06  5.769E+06  5.803E+06  5.848E+06  5.871E+06  5.845E+06  5.771E+06  5.813E+06  5.850E+06
  5.888E+06  5.861E+06  5.853E+06  5.872E+06  5.920E+06  5.989E+06  6.068E+06  6.161E+06  6.195E+06  6.242E+06
  6.273E+06  6.296E+06  6.362E+06  6.324E+06  6.328E+06  6.354E+06  6.360E+06  6.323E+06  6.237E+06  6.238E+06
  6.258E+06  6.316E+06  6.342E+06  6.475E+06  6.530E+06  6.492E+06  6.555E+06  6.533E+06  6.562E+06  6.570E+06
  6.583E+06  6.704E+06  6.787E+06  6.782E+06  6.805E+06  6.873E+06  6.913E+06  6.872E+06  6.907E+06  7.025E+06
  3.940E+06  0.000E+00  0.000E+00  0.000E+00  0.000E+00  0.000E+00  0.000E+00  0.000E+00  0.000E+00  0.000E+00
  0.000E+00  0.000E+00  0.000E+00  0.000E+00  0.000E+00  4.682E+02  0.000E+00  8.789E+01  1.125E+03  1.699E+03
  9.353E+02  8.548E+02  1.290E+03  3.257E+03  4.731E+02  1.140E+03  1.043E+03  1.013E+03  5.682E+02  1.814E+03
  2.691E+03  1.594E+03  3.299E+03  1.142E+03  3.140E+02  4.540E+02  2.486E+03  2.545E+03  1.193E+03  1.987E+03
  4.571E+06  4.520E+06  4.516E+06  4.590E+06  4.611E+06  4.622E+06  4.673E+06  4.680E+06  4.688E+06  4.748E+06
  4.838E+06  4.864E+06  4.948E+06  5.007E+06  5.057E+06  5.121E+06  5.176E+06  5.230E+06  5.250E+06  5.290E+06
  5.324E+06  5.403E+06  5.331E+06  5.391E+06  5.306E+06  5.259E+06  5.304E+06  5.353E+06  5.359E+06  5.311E+06
  5.292E+06  5.362E+06  5.368E+06  5.407E+06  5.440E+06  5.495E+06  5.588E+06  5.579E+06  5.613E+06  5.637E+06
  5.637E+06  5.631E+06  5.696E+06  5.719E+06  5.735E+06  5.804E+06  5.795E+06  5.799E+06  5.807E+06  5.812E+06
  5.797E+06  5.844E+06  5.871E+06  5.932E+06  5.960E+06  5.964E+06  6.042E+06  6.150E+06  6.127E+06  6.050E+06
  6.013E+06  6.057E+06  6.039E+06  6.021E+06  6.024E+06  6.092E+06  6.186E+06  6.250E+06  6.262E+06  6.296E+06
  6.349E+06  6.401E+06  6.405E+06  6.432E+06  6.484E+06  6.519E+06  6.580E+06  6.562E+06  6.595E+06  6.591E+06
  6.584E+06  6.711E+06  6.700E+06  6.722E+06  6.789E+06  6.748E+06  6.794E+06  6.831E+06  6.871E+06  6.881E+06
  6.952E+06  6.987E+06  7.072E+06  7.049E+06  7.119E+06  7.153E+06  7.124E+06  7.175E+06  7.156E+06  7.144E+06
  7.165E+06  7.094E+06  7.099E+06  7.114E+06  7.194E+06  7.249E+06  7.243E+06  7.267E+06  7.382E+06  7.438E+06
  4.283E+06  0.000E+00  0.000E+00  0.000E+00  0.000E+00  0.000E+00  0.000E+00  0.000E+00  0.000E+00  0.000E+00
  0.000E+00  0.000E+00  0.000E+00  0.000E+00  0.000E+00  0.000E+00  0.000E+00  0.000E+00  2.312E+03  2.121E+03
  2.156E+02  0.000E+00  1.544E+02  2.126E+03  9.281E+02  9.117E+02  8.089E+02  0.000E+00  0.000E+00  1.105E+03
  6.643E+02  0.000E+00  7.513E+02  2.280E+03  4.680E+02  9.591E+02  3.428E+03  1.592E+03  4.462E+03  1.851E+03
  4.914E+06  4.985E+06  5.050E+06  5.057E+06  5.091E+06  5.163E+06  5.236E+06  5.307E+06  5.384E+06  5.414E+06
  5.426E+06  5.440E+06  5.436E+06  5.401E+06  5.456E+06  5.448E+06  5.475E+06  5.461E+06  5.459E+06  5.565E+06
  5.592E+06  5.535E+06  5.595E+06  5.560E+06  5.568E+06  5.622E+06  5.620E+06  5.621E+06  5.631E+06  5.641E+06
  5.789E+06  5.899E+06  5.918E+06  5.883E+06  5.857E+06  5.751E+06  5.724E+06  5.786E+06  5.910E+06  5.963E+06
  5.982E+06  6.034E+06  6.056E+06  6.147E+06  6.193E+06  6.190E+06  6.220E+06  6.276E+06  6.266E+06  6.229E+06
  6.266E+06  6.218E+06  6.296E+06  6.323E+06  6.364E+06  6.353E+06  6.355E+06  6.345E+06  6.371E+06  6.361E+06
  6.349E+06  6.472E+06  6.575E+06  6.661E+06  6.723E+06  6.705E+06  6.700E+06  6.735E+06  6.738E+06  6.764E+06
  6.742E+06  6.718E+06  6.770E+06  6.844E+06  6.914E+06  6.940E+06  6.920E+06  6.936E+06  6.937E+06  7.036E+06
  7.026E+06  6.978E+06  7.001E+06  7.026E+06  7.042E+06  7.114E+06  7.142E+06  7.229E+06  7.262E+06  7.292E+06
  7.326E+06  7.415E+06  7.401E+06  7.437E+06  7.507E+06  7.570E+06  7.594E+06  7.630E+06  7.604E+06  7.614E+06
  7.630E+06  7.699E+06  7.666E+06  7.649E+06  7.691E+06  7.762E+06  7.800E+06  7.858E+06  7.851E+06  7.869E+06
  4.434E+06  0.000E+00  0.000E+00  0.000E+00  0.000E+00  0.000E+00  0.000E+00  0.000E+00  0.000E+00  0.000E+00
  0.000E+00  0.000E+00  0.000E+00  0.000E+00  0.000E+00  0.000E+00  1.338E+03  0.000E+00  0.000E+00  0.000E+00
  5.049E+02  0.000E+00  3.276E+03  6.466E+02  2.157E+03  0.000E+00  6.127E+02  4.872E+02  7.394E+02  2.109E+03
  0.000E+00  8.143E+02  3.094E+02  1.581E+03  1.256E+03  3.861E+03  1.947E+03  2.915E+03  3.824E+03  1.490E+03
  5.515E+06  5.496E+06  5.492E+06  5.541E+06  5.554E+06  5.552E+06  5.587E+06  5.698E+06  5.742E+06  5.783E+06
  5.770E+06  5.794E+06  5.855E+06  5.867E+06  5.902E+06  5.891E+06  5.849E+06  5.848E+06  5.906E+06  5.979E+06
  5.989E+06  5.977E+06  5.983E+06  5.983E+06  5.994E+06  5.978E+06  6.062E+06  6.162E+06  6.175E+06  6.239E+06
  6.232E+06  6.211E+06  6.239E+06  6.339E+06  6.388E+06  6.466E+06  6.487E+06  6.501E+06  6.480E+06  6.469E+06
  6.484E+06  6.529E+06  6.510E+06  6.591E+06  6.668E+06  6.704E+06  6.697E+06  6.673E+06  6.659E+06  6.720E+06
  6.749E+06  6.803E+06  6.808E+06  6.892E+06  6.898E+06  6.924E+06  6.954E+06  6.939E+06  6.920E+06  6.977E+06
  7.042E+06  7.019E+06  7.006E+06  7.107E+06  7.171E+06  7.245E+06  7.275E+06  7.281E+06  7.315E+06  7.390E+06
  7.410E+06  7.436E+06  7.369E+06  7.387E+06  7.328E+06  7.417E+06  7.467E+06  7.461E+06  7.505E+06  7.497E+06
  7.565E+06  7.635E+06  7.705E+06  7.745E+06  7.792E+06  7.858E+06  7.883E+06  7.900E+06  7.960E+06  7.968E+06
  7.973E+06  7.966E+06  8.004E+06  8.072E+06  8.131E+06  8.157E+06  8.085E+06  8.062E+06  8.031E+06  7.998E+06
  8.000E+06  8.105E+06  8.237E+06  8.326E+06  8.332E+06  8.310E+06  8.323E+06  8.385E+06  8.416E+06  8.473E+06
  4.751E+06  0.000E+00  0.000E+00  0.000E+00  0.000E+00  0.000E+00  0.000E+00  0.000E+00  0.000E+00  0.000E+00
  0.000E+00  0.000E+00  0.000E+00  0.000E+00  3.072E+01  1.736E+03  1.567E+03  0.000E+00  4.879E+02  2.688E+02
  1.305E+03  7.469E+02  3.310E+03  1.381E+03  2.777E+02  0.000E+00  4.545E+02  6.607E+02  1.438E+03  1.533E+02
  3.534E+02  1.669E+03  9.520E+02  3.222E+03  3.521E+03  1.549E+03  2.081E+03  9.146E+02  1.650E+03  6.617E+02
  5.880E+06  5.899E+06  6.006E+06  6.033E+06  6.028E+06  6.023E+06  5.967E+06  5.972E+06  5.956E+06  6.013E+06
  6.078E+06  6.078E+06  6.075E+06  6.133E+06  6.207E+06  6.251E+06  6.290E+06  6.315E+06  6.371E+06  6.371E+06
  6.442E+06  6.507E+06  6.551E+06  6.644E+06  6.686E+06  6.707E+06  6.719E+06  6.733E+06  6.769E+06  6.834E+06
  6.849E+06  6.828E+06  6.846E+06  6.826E+06  6.866E+06  6.863E+06  6.800E+06  6.882E+06  6.843E+06  6.855E+06
  6.919E+06  6.937E+06  6.963E+06  6.946E+06  6.978E+06  7.058E+06  7.141E+06  7.152E+06  7.128E+06  7.159E+06
  7.217E+06  7.270E+06  7.303E+06  7.406E+06  7.368E+06  7.417E+06  7.384E+06  7.392E+06  7.396E+06  7.449E+06
  7.554E+06  7.654E+06  7.731E+06  7.720E+06  7.773E+06  7.860E+06  7.887E+06  7.884E+06  7.892E+06  7.897E+06
  7.947E+06  7.969E+06  8.039E+06  8.034E+06  8.074E+06  8.090E+06  8.085E+06  8.106E+06  8.052E+06  8.079E+06
  8.034E+06  8.046E+06  8.033E+06  8.134E+06  8.222E+06  8.208E+06  8.302E+06  8.364E+06  8.376E+06  8.452E+06
  8.410E+06  8.385E+06  8.399E+06  8.407E+06  8.446E+06  8.531E+06  8.611E+06  8.570E+06  8.634E+06  8.720E+06
  8.798E+06  8.709E+06  8.646E+06  8.597E+06  8.586E+06  8.542E+06  8.557E+06  8.627E+06  8.667E+06  8.705E+06
  4.990E+06  0.000E+00  0.000E+00  0.000E+00  0.000E+00  0.000E+00  0.000E+00  0.000E+00  0.000E+00  0.000E+00
  0.000E+00  0.000E+00  0.000E+00  0.000E+00  0.000E+00  5.703E+02  6.381E+02  1.387E+03  0.000E+00  0.000E+00
  1.552E+03  1.131E+03  2.836E+03  1.488E+03  7.909E+02  0.000E+00  1.273E+03  2.077E+03  1.092E+02  1.001E+03
  1.289E+03  1.335E+03  1.502E+03  2.215E+03  3.893E+03  4.825E+03  4.505E+03  2.535E+03  3.192E+03  3.672E+03
  6.282E+06  6.351E+06  6.367E+06  6.402E+06  6.397E+06  6.366E+06  6.413E+06  6.396E+06  6.421E+06  6.425E+06
  6.403E+06  6.415E+06  6.500E+06  6.552E+06  6.612E+06  6.784E+06  6.850E+06  6.852E+06  6.809E+06  6.854E+06
  6.897E+06  6.933E+06  6.955E+06  7.008E+06  7.062E+06  7.127E+06  7.099E+06  7.087E+06  7.109E+06  7.107E+06
  7.111E+06  7.110E+06  7.129E+06  7.132E+06  7.129E+06  7.225E+06  7.312E+06  7.331E+06  7.400E+06  7.421E+06
  7.465E+06  7.510E+06  7.576E+06  7.652E+06  7.646E+06  7.616E+06  7.565E+06  7.526E+06  7.491E+06  7.584E+06
  7.643E+06  7.720E+06  7.803E+06  7.759E+06  7.803E+06  7.842E+06  7.937E+06  7.975E+06  8.049E+06  8.118E+06
  8.070E+06  8.057E+06  8.026E+06  8.091E+06  8.133E+06  8.168E+06  8.225E+06  8.302E+06  8.417E+06  8.435E+06
  8.494E+06  8.546E+06  8.522E+06  8.571E+06  8.578E+06  8.554E+06  8.485E+06  8.594E+06  8.697E+06  8.701E+06
  8.700E+06  8.710E+06  8.767E+06  8.721E+06  8.702E+06  8.767E+06  8.834E+06  8.818E+06  8.820E+06  8.752E+06
  8.713E+06  8.759E+06  8.820E+06  8.876E+06  8.912E+06  8.901E+06  8.818E+06  8.847E+06  8.931E+06  9.042E+06
  9.052E+06  9.062E+06  9.073E+06  9.134E+06  9.148E+06  9.323E+06  9.381E+06  9.405E+06  9.476E+06  9.556E+06
  5.499E+06  0.000E+00  0.000E+00  0.000E+00  0.000E+00  0.000E+00  0.000E+00  0.000E+00  0.000E+00  0.000E+00
  0.000E+00  0.000E+00  0.000E+00  0.000E+00  0.000E+00  9.675E+02  0.000E+00  7.730E+02  7.209E+02  6.233E+02
  0.000E+00  1.941E+03  4.979E+02  0.000E+00  2.069E+03  2.003E+03  1.752E+03  6.178E+02  2.018E+03  1.113E+03
  4.874E+02  5.274E+03  1.859E+03  2.627E+03  2.944E+03  2.004E+03  3.931E+03  2.820E+03  4.672E+03  6.588E+03
  6.780E+06  6.814E+06  6.855E+06  6.930E+06  7.014E+06  7.009E+06  6.992E+06  7.035E+06  7.067E+06  7.123E+06
  7.203E+06  7.179E+06  7.207E+06  7.245E+06  7.299E+06  7.228E+06  7.209E+06  7.214E+06  7.261E+06  7.215E+06
  7.175E+06  7.245E+06  7.262E+06  7.303E+06  7.408E+06  7.507E+06  7.581E+06  7.643E+06  7.722E+06  7.808E+06
  7.830E+06  7.930E+06  7.982E+06  8.048E+06  8.122E+06  8.099E+06  8.109E+06  8.088E+06  8.121E+06  8.169E+06
  8.155E+06  8.176E+06  8.186E+06  8.184E+06  8.178E+06  8.193E+06  8.237E+06  8.270E+06  8.355E+06  8.332E+06
  8.341E+06  8.387E+06  8.485E+06  8.527E+06  8.545E+06  8.567E+06  8.582E+06  8.636E+06  8.599E+06  8.577E+06
  8.706E+06  8.733E+06  8.742E+06  8.761E+06  8.743E+06  8.820E+06  8.873E+06  8.911E+06  8.962E+06  9.053E+06
  9.066E+06  9.082E+06  9.137E+06  9.182E+06  9.178E+06  9.113E+06  9.196E+06  9.092E+06  9.052E+06  9.024E+06
  9.027E+06  9.051E+06  8.990E+06  9.063E+06  9.086E+06  9.147E+06  9.176E+06  9.184E+06  9.194E+06  9.176E+06
  9.266E+06  9.223E+06  9.259E+06  9.312E+06  9.392E+06  9.516E+06  9.591E+06  9.662E+06  9.701E+06  9.733E+06
  9.809E+06  9.880E+06  9.886E+06  9.891E+06  9.918E+06  9.933E+06  1.001E+07  9.985E+06  9.956E+06  9.930E+06
  5.763E+06  0.000E+00  0.000E+00  0.000E+00  0.000E+00  0.000E+00  0.000E+00  0.000E+00  0.000E+00  0.000E+00
  0.000E+00  0.000E+00  0.000E+00  0.000E+00  0.000E+00  1.179E+02  0.000E+00  0.000E+00  1.433E+03  2.353E+03
  0.000E+00  2.566E+03  1.497E+03  4.561E+02  1.822E+03  3.629E+03  2.464E+03  0.000E+00  8.203E+02  1.081E+03
  6.703E+02  2.774E+03  0.000E+00  2.381E+03  2.811E+03  3.218E+03  3.196E+03  7.817E+03  2.270E+03  5.592E+03
  7.481E+06  7.479E+06  7.472E+06  7.460E+06  7.464E+06  7.458E+06  7.400E+06  7.451E+06  7.532E+06  7.527E+06
  7.511E+06  7.519E+06  7.535E+06  7.635E+06  7.589E+06  7.625E+06  7.691E+06  7.829E+06  7.986E+06  8.114E+06
  8.242E+06  8.308E+06  8.328E+06  8.303E+06  8.201E+06  8.185E+06  8.264E+06  8.383E+06  8.473E+06  8.423E+06
  8.411E+06  8.368E+06  8.381E+06  8.511E+06  8.552E+06  8.607E+06  8.622E+06  8.662E+06  8.704E+06  8.721E+06
  8.756E+06  8.715E+06  8.776E+06  8.775E+06  8.808E+06  8.850E+06  8.902E+06  8.905E+06  8.896E+06  8.961E+06
  8.942E+06  8.987E+06  9.037E+06  8.996E+06  9.044E+06  9.094E+06  9.045E+06  9.092E+06  9.181E+06  9.303E+06
  9.269E+06  9.282E+06  9.331E+06  9.341E+06  9.380E+06  9.423E+06  9.488E+06  9.613E+06  9.753E+06  9.743E+06
  9.748E+06  9.672E+06  9.593E+06  9.551E+06  9.518E+06  9.603E+06  9.550E+06  9.566E+06  9.665E+06  9.740E+06
  9.762E+06  9.716E+06  9.767E+06  9.883E+06  9.930E+06  9.983E+06  9.970E+06  9.972E+06  9.980E+06  9.987E+06
  1.001E+07  9.969E+06  9.966E+06  1.001E+07  1.008E+07  1.018E+07  1.025E+07  1.024E+07  1.020E+07  1.024E+07
  1.034E+07  1.044E+07  1.037E+07  1.032E+07  1.030E+07  1.025E+07  1.023E+07  1.029E+07  1.034E+07  1.032E+07
  6.038E+06  0.000E+00  0.000E+00  0.000E+00  0.000E+00  0.000E+00  0.000E+00  0.000E+00  0.000E+00  0.000E+00
  0.000E+00  0.000E+00  0.000E+00  0.000E+00  0.000E+00  1.281E+03  4.289E+02  1.343E+03  8.913E+02  2.409E+03
  1.630E+03  9.099E+02  1.481E+03  1.622E+03  3.131E+03  2.160E+03  5.625E+02  3.418E+03  1.169E+03  2.828E+03
  3.261E+03  1.923E+03  1.229E+03  1.064E+03  5.083E+03  5.205E+03  6.063E+03  5.666E+03  7.082E+03  6.435E+03
  7.846E+06  7.871E+06  7.899E+06  7.989E+06  7.986E+06  8.004E+06  8.084E+06  8.149E+06  8.223E+06  8.281E+06
  8.280E+06  8.346E+06  8.385E+06  8.404E+06  8.539E+06  8.556E+06  8.652E+06  8.635E+06  8.564E+06  8.567E+06
  8.633E+06  8.639E+06  8.631E+06  8.652E+06  8.725E+06  8.830E+06  8.924E+06  8.934E+06  9.012E+06  8.940E+06
  8.983E+06  9.025E+06  9.028E+06  9.061E+06  9.071E+06  9.058E+06  9.142E+06  9.183E+06  9.261E+06  9.276E+06
  9.332E+06  9.438E+06  9.541E+06  9.627E+06  9.553E+06  9.496E+06  9.539E+06  9.591E+06  9.636E+06  9.584E+06
  9.586E+06  9.576E+06  9.537E+06  9.570E+06  9.539E+06  9.661E+06  9.806E+06  9.824E+06  9.888E+06  9.843E+06
  9.914E+06  9.977E+06  1.006E+07  1.015E+07  1.025E+07  1.030E+07  1.026E+07  1.019E+07  1.015E+07  1.019E+07
  1.016E+07  1.022E+07  1.021E+07  1.030E+07  1.042E+07  1.043E+07  1.050E+07  1.052E+07  1.048E+07  1.052E+07
  1.054E+07  1.065E+07  1.071E+07  1.068E+07  1.069E+07  1.061E+07  1.055E+07  1.055E+07  1.060E+07  1.055E+07
  1.051E+07  1.053E+07  1.061E+07  1.062E+07  1.060E+07  1.058E+07  1.056E+07  1.057E+07  1.063E+07  1.065E+07
  1.063E+07  1.069E+07  1.082E+07  1.084E+07  1.092E+07  1.102E+07  1.103E+07  1.107E+07  1.106E+07  1.114E+07
  6.521E+06  0.000E+00  0.000E+00  0.000E+00  0.000E+00  0.000E+00  0.000E+00  0.000E+00  0.000E+00  0.000E+00
  0.000E+00  0.000E+00  0.000E+00  0.000E+00  0.000E+00  0.000E+00  0.000E+00  2.075E+02  4.460E+02  8.372E+02
  2.486E+03  1.564E+03  1.477E+03  1.395E+03  1.892E+03  1.990E+03  3.400E+03  2.771E+03  4.426E+03  2.373E+03
  3.126E+03  1.289E+03  2.663E+03  1.172E+04  6.671E+03  9.393E+03  1.096E+04  7.023E+03  7.652E+03  5.046E+03
  8.601E+06  8.562E+06  8.617E+06  8.669E+06  8.716E+06  8.750E+06  8.824E+06  8.810E+06  8.730E+06  8.778E+06
  8.874E+06  8.921E+06  8.987E+06  9.022E+06  8.976E+06  9.034E+06  9.020E+06  9.040E+06  9.066E+06  9.185E+06
  9.193E+06  9.205E+06  9.288E+06  9.301E+06  9.315E+06  9.375E+06  9.392E+06  9.452E+06  9.489E+06  9.559E+06
  9.607E+06  9.662E+06  9.739E+06  9.752E+06  9.787E+06  9.861E+06  9.887E+06  9.916E+06  9.979E+06  1.001E+07
  1.005E+07  1.004E+07  1.002E+07  9.960E+06  1.006E+07  1.011E+07  1.011E+07  1.011E+07  1.018E+07  1.026E+07
  1.027E+07  1.028E+07  1.038E+07  1.045E+07  1.051E+07  1.050E+07  1.045E+07  1.050E+07  1.044E+07  1.048E+07
  1.054E+07  1.056E+07  1.065E+07  1.062E+07  1.063E+07  1.065E+07  1.069E+07  1.069E+07  1.081E+07  1.089E+07
  1.092E+07  1.092E+07  1.090E+07  1.096E+07  1.101E+07  1.099E+07  1.101E+07  1.108E+07  1.113E+07  1.115E+07
  1.115E+07  1.115E+07  1.107E+07  1.106E+07  1.096E+07  1.102E+07  1.108E+07  1.110E+07  1.104E+07  1.101E+07
  1.105E+07  1.112E+07  1.118E+07  1.131E+07  1.138E+07  1.141E+07  1.148E+07  1.155E+07  1.165E+07  1.173E+07
  1.179E+07  1.178E+07  1.164E+07  1.157E+07  1.149E+07  1.152E+07  1.154E+07  1.157E+07  1.163E+07  1.157E+07
  6.859E+06  0.000E+00  0.000E+00  0.000E+00  0.000E+00  0.000E+00  0.000E+00  0.000E+00  0.000E+00  0.000E+00
  0.000E+00  0.000E+00  0.000E+00  0.000E+00  0.000E+00  7.711E+02  4.309E+02  0.000E+00  1.141E+03  1.122E+03
  2.059E+03  1.564E+03  6.202E+02  2.666E+03  4.952E+03  3.389E+03  2.163E+03  9.567E+02  1.723E+03  3.322E+03
  5.464E+03  6.867E+03  7.662E+03  9.238E+03  7.463E+03  9.045E+03  8.134E+03  8.912E+03  8.728E+03  8.940E+03
  9.266E+06  9.327E+06  9.336E+06  9.328E+06  9.306E+06  9.330E+06  9.345E+06  9.447E+06  9.447E+06  9.495E+06
  9.480E+06  9.524E+06  9.554E+06  9.575E+06  9.712E+06  9.848E+06  9.908E+06  9.967E+06  9.911E+06  9.924E+06
  9.987E+06  1.001E+07  9.966E+06  1.001E+07  1.008E+07  1.006E+07  1.013E+07  1.009E+07  1.013E+07  1.011E+07
  1.015E+07  1.024E+07  1.026E+07  1.032E+07  1.035E+07  1.046E+07  1.045E+07  1.055E+07  1.060E+07  1.060E+07
  1.059E+07  1.069E+07  1.076E+07  1.078E+07  1.081E+07  1.083E+07  1.090E+07  1.094E+07  1.102E+07  1.106E+07
  1.102E+07  1.100E+07  1.099E+07  1.093E+07  1.091E+07  1.096E+07  1.094E+07  1.096E+07  1.115E+07  1.129E+07
  1.130E+07  1.124E+07  1.131E+07  1.139E+07  1.141E+07  1.145E+07  1.145E+07  1.143E+07  1.145E+07  1.144E+07
  1.140E+07  1.139E+07  1.148E+07  1.147E+07  1.148E+07  1.152E+07  1.147E+07  1.140E+07  1.152E+07  1.168E+07
  1.165E+07  1.163E+07  1.171E+07  1.169E+07  1.183E+07  1.192E+07  1.197E+07  1.201E+07  1.203E+07  1.203E+07
  1.202E+07  1.193E+07  1.188E+07  1.185E+07  1.183E+07  1.185E+07  1.184E+07  1.189E+07  1.200E+07  1.199E+07
  1.196E+07  1.206E+07  1.216E+07  1.218E+07  1.215E+07  1.218E+07  1.229E+07  1.238E+07  1.230E+07  1.231E+07
  7.196E+06  0.000E+00  0.000E+00  0.000E+00  0.000E+00  0.000E+00  0.000E+00  0.000E+00  0.000E+00  0.000E+00
  0.000E+00  0.000E+00  0.000E+00  0.000E+00  0.000E+00  0.000E+00  8.309E+02  0.000E+00  1.008E+03  6.801E+02
  1.413E+03  2.337E+03  1.674E+02  2.814E+03  2.904E+03  3.005E+03  6.087E+03  7.099E+03  6.453E+03  4.773E+03
  4.993E+03  6.084E+03  1.153E+04  7.057E+03  7.524E+03  1.056E+04  1.068E+04  1.318E+04  1.108E+04  1.517E+04
  1.007E+07  1.015E+07  1.021E+07  1.023E+07  1.024E+07  1.024E+07  1.029E+07  1.028E+07  1.029E+07  1.033E+07
  1.030E+07  1.024E+07  1.031E+07  1.038E+07  1.041E+07  1.047E+07  1.051E+07  1.056E+07  1.062E+07  1.061E+07
  1.067E+07  1.073E+07  1.076E+07  1.082E+07  1.090E+07  1.089E+07  1.094E+07  1.096E+07  1.107E+07  1.113E+07
  1.121E+07  1.121E+07  1.121E+07  1.119E+07  1.116E+07  1.119E+07  1.133E+07  1.138E+07  1.141E+07  1.138E+07
  1.142E+07  1.137E+07  1.136E+07  1.138E+07  1.138E+07  1.135E+07  1.137E+07  1.145E+07  1.146E+07  1.154E+07
  1.168E+07  1.173E+07  1.174E+07  1.177E+07  1.181E+07  1.178E+07  1.182E+07  1.186E+07  1.186E+07  1.184E+07
  1.184E+07  1.182E+07  1.187E+07  1.191E+07  1.193E+07  1.196E+07  1.202E+07  1.208E+07  1.210E+07  1.213E+07
  1.221E+07  1.230E+07  1.232E+07  1.237E+07  1.229E+07  1.236E+07  1.237E+07  1.247E+07  1.238E+07  1.237E+07
  1.228E+07  1.216E+07  1.214E+07  1.216E+07  1.214E+07  1.220E+07  1.227E+07  1.237E+07  1.244E+07  1.246E+07
  1.252E+07  1.260E+07  1.262E+07  1.261E+07  1.267E+07  1.274E+07  1.282E+07  1.278E+07  1.279E+07  1.284E+07
  1.281E+07  1.281E+07  1.278E+07  1.279E+07  1.288E+07  1.297E+07  1.298E+07  1.304E+07  1.314E+07  1.311E+07
  7.716E+06  0.000E+00  0.000E+00  0.000E+00  0.000E+00  0.000E+00  0.000E+00  0.000E+00  0.000E+00  0.000E+00
  0.000E+00  0.000E+00  0.000E+00  0.000E+00  7.821E+01  9.207E+02  5.063E+02  2.378E+03  6.935E+02  3.147E+03
  5.349E+02  2.627E+03  3.921E+03  6.410E+03  1.009E+04  6.607E+03  6.353E+03  1.815E+03  6.565E+03  7.879E+03
  9.902E+03  7.012E+03  1.161E+04  1.528E+04  1.807E+04  1.960E+04  2.086E+04  2.941E+04  3.016E+04  3.078E+04
  1.079E+07  1.076E+07  1.074E+07  1.066E+07  1.078E+07  1.081E+07  1.081E+07  1.086E+07  1.100E+07  1.101E+07
  1.104E+07  1.119E+07  1.127E+07  1.138E+07  1.139E+07  1.139E+07  1.141E+07  1.145E+07  1.147E+07  1.163E+07
  1.167E+07  1.165E+07  1.167E+07  1.165E+07  1.167E+07  1.171E+07  1.165E+07  1.183E+07  1.186E+07  1.179E+07
  1.168E+07  1.161E+07  1.166E+07  1.182E+07  1.187E+07  1.200E+07  1.201E+07  1.207E+07  1.205E+07  1.214E+07
  1.216E+07  1.215E+07  1.215E+07  1.222E+07  1.223E+07  1.218E+07  1.228E+07  1.235E+07  1.244E+07  1.246E+07
  1.241E+07  1.245E+07  1.242E+07  1.243E+07  1.247E+07  1.247E+07  1.255E+07  1.257E+07  1.262E+07  1.260E+07
  1.251E+07  1.249E+07  1.252E+07  1.255E+07  1.265E+07  1.276E+07  1.284E+07  1.279E+07  1.280E+07  1.287E+07
  1.288E+07  1.301E+07  1.303E+07  1.295E+07  1.303E+07  1.304E+07  1.300E+07  1.290E+07  1.289E+07  1.299E+07
  1.302E+07  1.307E+07  1.316E+07  1.326E+07  1.324E+07  1.327E+07  1.324E+07  1.314E+07  1.317E+07  1.322E+07
  1.323E+07  1.329E+07  1.342E+07  1.344E+07  1.344E+07  1.338E+07  1.337E+07  1.345E+07  1.338E+07  1.332E+07
  1.334E+07  1.340E+07  1.349E+07  1.359E+07  1.363E+07  1.371E+07  1.364E+07  1.360E+07  1.349E+07  1.350E+07
  8.036E+06  0.000E+00  0.000E+00  0.000E+00  0.000E+00  0.000E+00  0.000E+00  0.000E+00  0.000E+00  0.000E+00
  0.000E+00  0.000E+00  0.000E+00  0.000E+00  0.000E+00  0.000E+00  1.669E+03  9.762E+02  1.686E+03  3.618E+03
  1.508E+03  6.565E+03  1.174E+04  9.880E+03  6.364E+03  8.327E+03  8.477E+03  1.096E+04  1.751E+04  1.838E+04
  2.056E+04  2.800E+04  4.446E+04  5.612E+04  6.233E+04  5.870E+04  5.373E+04  5.954E+04  7.582E+04  8.021E+04
  1.144E+07  1.156E+07  1.158E+07  1.163E+07  1.163E+07  1.162E+07  1.169E+07  1.190E+07  1.201E+07  1.203E+07
  1.206E+07  1.203E+07  1.211E+07  1.216E+07  1.222E+07  1.215E+07  1.213E+07  1.211E+07  1.211E+07  1.204E+07
  1.203E+07  1.194E+07  1.208E+07  1.217E+07  1.238E+07  1.252E+07  1.243E+07  1.248E+07  1.249E+07  1.252E+07
  1.256E+07  1.266E+07  1.273E+07  1.266E+07  1.269E+07  1.264E+07  1.267E+07  1.270E+07  1.274E+07  1.289E+07
  1.299E+07  1.297E+07  1.294E+07  1.291E+07  1.293E+07  1.297E+07  1.300E+07  1.302E+07  1.295E+07  1.302E+07
  1.304E+07  1.304E+07  1.309E+07  1.322E+07  1.331E+07  1.341E+07  1.343E+07  1.343E+07  1.346E+07  1.355E+07
  1.357E+07  1.362E+07  1.363E+07  1.366E+07  1.359E+07  1.353E+07  1.338E+07  1.341E+07  1.343E+07  1.354E+07
  1.352E+07  1.346E+07  1.350E+07  1.356E+07  1.350E+07  1.352E+07  1.366E+07  1.383E+07  1.390E+07  1.386E+07
  1.382E+07  1.387E+07  1.384E+07  1.379E+07  1.384E+07  1.390E+07  1.390E+07  1.392E+07  1.391E+07  1.401E+07
  1.409E+07  1.407E+07  1.404E+07  1.404E+07  1.400E+07  1.402E+07  1.393E+07  1.385E+07  1.387E+07  1.395E+07
  1.398E+07  1.397E+07  1.399E+07  1.406E+07  1.408E+07  1.406E+07  1.407E+07  1.422E+07  1.448E+07  1.460E+07
  8.670E+06  0.000E+00  0.000E+00  0.000E+00  0.000E+00  0.000E+00  0.000E+00  0.000E+00  0.000E+00  0.000E+00
  0.000E+00  0.000E+00  0.000E+00  0.000E+00  0.000E+00  7.528E+02  7.829E+01  1.848E+03  1.299E+03  4.764E+03
  6.726E+03  1.026E+04  7.167E+03  1.982E+04  2.304E+04  3.612E+04  4.600E+04  6.130E+04  5.488E+04  8.088E+04
  9.714E+04  1.117E+05  1.262E+05  1.751E+05  3.037E+05  4.716E+05  7.649E+05  1.169E+06  1.714E+06  2.360E+06
  1.231E+07  1.236E+07  1.247E+07  1.248E+07  1.250E+07  1.263E+07  1.269E+07  1.262E+07  1.261E+07  1.266E+07
  1.274E+07  1.274E+07  1.279E+07  1.281E+07  1.280E+07  1.287E+07  1.283E+07  1.285E+07  1.289E+07  1.296E+07
  1.307E+07  1.321E+07  1.320E+07  1.323E+07  1.329E+07  1.336E+07  1.345E+07  1.344E+07  1.346E+07  1.350E+07
  1.349E+07  1.354E+07  1.355E+07  1.356E+07  1.366E+07  1.363E+07  1.357E+07  1.358E+07  1.354E+07  1.360E+07
  1.358E+07  1.358E+07  1.366E+07  1.372E+07  1.375E+07  1.375E+07  1.378E+07  1.393E+07  1.403E+07  1.404E+07
  1.413E+07  1.410E+07  1.414E+07  1.413E+07  1.413E+07  1.406E+07  1.404E+07  1.409E+07  1.401E+07  1.405E+07
  1.409E+07  1.408E+07  1.403E+07  1.406E+07  1.400E+07  1.401E+07  1.415E+07  1.415E+07  1.414E+07  1.413E+07
  1.418E+07  1.429E+07  1.426E+07  1.431E+07  1.448E+07  1.450E+07  1.450E+07  1.455E+07  1.461E+07  1.456E+07
  1.455E+07  1.458E+07  1.463E+07  1.461E+07  1.457E+07  1.448E+07  1.457E+07  1.460E+07  1.453E+07  1.449E+07
  1.448E+07  1.461E+07  1.467E+07  1.477E+07  1.487E+07  1.488E+07  1.489E+07  1.494E+07  1.493E+07  1.490E+07
  1.493E+07  1.491E+07  1.492E+07  1.491E+07  1.493E+07  1.497E+07  1.504E+07  1.496E+07  1.493E+07  1.503E+07
  8.982E+06  0.000E+00  0.000E+00  0.000E+00  0.000E+00  0.000E+00  0.000E+00  0.000E+00  0.000E+00  0.000E+00
  0.000E+00  0.000E+00  0.000E+00  0.000E+00  0.000E+00  1.483E+03  4.264E+03  8.912E+03  2.156E+04  4.730E+04
  8.682E+04  1.317E+05  1.840E+05  3.367E+05  7.244E+05  1.438E+06  2.369E+06  3.407E+06  4.517E+06  5.658E+06
  6.791E+06  7.895E+06  8.972E+06  1.012E+07  1.114E+07  1.213E+07  1.295E+07  1.360E+07  1.417E+07  1.461E+07
  1.323E+07  1.321E+07  1.321E+07  1.318E+07  1.319E+07  1.319E+07  1.329E+07  1.342E+07  1.348E+07  1.356E+07
  1.360E+07  1.361E+07  1.362E+07  1.364E+07  1.357E+07  1.356E+07  1.374E+07  1.395E+07  1.397E+07  1.403E+07
  1.404E+07  1.402E+07  1.404E+07  1.412E+07  1.406E+07  1.402E+07  1.408E+07  1.418E+07  1.424E+07  1.427E+07
  1.411E+07  1.408E+07  1.412E+07  1.416E+07  1.418E+07  1.422E+07  1.420E+07  1.425E+07  1.418E+07  1.413E+07
  1.414E+07  1.422E+07  1.425E+07  1.442E+07  1.457E+07  1.471E+07  1.479E+07  1.475E+07  1.481E+07  1.486E+07
  1.478E+07  1.484E+07  1.474E+07  1.475E+07  1.478E+07  1.479E+07  1.476E+07  1.469E+07  1.482E+07  1.484E+07
  1.485E+07  1.485E+07  1.489E+07  1.489E+07  1.503E+07  1.507E+07  1.510E+07  1.514E+07  1.513E+07  1.511E+07
  1.514E+07  1.519E+07  1.530E+07  1.534E+07  1.532E+07  1.533E+07  1.536E+07  1.527E+07  1.527E+07  1.533E+07
  1.546E+07  1.548E+07  1.544E+07  1.560E+07  1.562E+07  1.572E+07  1.569E+07  1.564E+07  1.556E+07  1.556E+07
  1.558E+07  1.551E+07  1.545E+07  1.540E+07  1.543E+07  1.542E+07  1.545E+07  1.551E+07  1.568E+07  1.573E+07
  1.577E+07  1.588E+07  1.593E+07  1.589E+07  1.584E+07  1.591E+07  1.594E+07  1.595E+07  1.605E+07  1.612E+07
  1.166E+07  5.219E+06  5.181E+06  5.188E+06  5.230E+06  5.201E+06  5.129E+06  5.067E+06  5.075E+06  5.016E+06
  5.136E+06  5.183E+06  5.252E+06  5.315E+06  5.419E+06  6.065E+06  7.210E+06  8.399E+06  9.594E+06  1.074E+07
  1.184E+07  1.289E+07  1.397E+07  1.495E+07  1.571E+07  1.607E+07  1.626E+07  1.643E+07  1.640E+07  1.637E+07
  1.633E+07  1.638E+07  1.646E+07  1.653E+07  1.655E+07  1.654E+07  1.662E+07  1.662E+07  1.657E+07  1.647E+07
  1.407E+07  1.414E+07  1.414E+07  1.405E+07  1.410E+07  1.419E+07  1.422E+07  1.418E+07  1.424E+07  1.426E+07
  1.426E+07  1.435E+07  1.448E+07  1.449E+07  1.452E+07  1.468E+07  1.467E+07  1.461E+07  1.460E+07  1.455E+07
  1.448E+07  1.444E+07  1.448E+07  1.458E+07  1.469E+07  1.476E+07  1.482E+07  1.478E+07  1.478E+07  1.476E+07
  1.485E+07  1.497E+07  1.511E+07  1.515E+07  1.522E+07  1.530E+07  1.537E+07  1.537E+07  1.549E+07  1.556E+07
  1.557E+07  1.557E+07  1.556E+07  1.557E+07  1.551E+07  1.551E+07  1.551E+07  1.556E+07  1.565E+07  1.573E+07
  1.575E+07  1.565E+07  1.560E+07  1.567E+07  1.562E+07  1.554E+07  1.563E+07  1.569E+07  1.567E+07  1.572E+07
  1.582E+07  1.576E+07  1.584E+07  1.594E+07  1.606E+07  1.609E+07  1.611E+07  1.619E+07  1.624E+07  1.637E+07
  1.649E+07  1.652E+07  1.645E+07  1.639E+07  1.632E+07  1.636E+07  1.634E+07  1.632E+07  1.635E+07  1.633E+07
  1.627E+07  1.624E+07  1.621E+07  1.619E+07  1.617E+07  1.616E+07  1.612E+07  1.607E+07  1.610E+07  1.613E+07
  1.620E+07  1.628E+07  1.635E+07  1.645E+07  1.655E+07  1.668E+07  1.676E+07  1.674E+07  1.664E+07  1.658E+07
  1.663E+07  1.662E+07  1.664E+07  1.666E+07  1.672E+07  1.666E+07  1.659E+07  1.663E+07  1.668E+07  1.670E+07
  1.668E+07  1.665E+07  1.673E+07  1.680E+07  1.675E+07  1.669E+07  1.671E+07  1.680E+07  1.677E+07  1.680E+07
  1.681E+07  1.684E+07  1.683E+07  1.683E+07  1.686E+07  1.674E+07  1.672E+07  1.675E+07  1.671E+07  1.675E+07
  1.669E+07  1.681E+07  1.695E+07  1.693E+07  1.693E+07  1.698E+07  1.697E+07  1.698E+07  1.705E+07  1.700E+07
  1.694E+07  1.691E+07  1.690E+07  1.677E+07  1.676E+07  1.681E+07  1.683E+07  1.679E+07  1.688E+07  1.690E+07
  1.482E+07  1.482E+07  1.493E+07  1.500E+07  1.505E+07  1.500E+07  1.501E+07  1.509E+07  1.516E+07  1.519E+07
  1.532E+07  1.529E+07  1.529E+07  1.532E+07  1.539E+07  1.543E+07  1.549E+07  1.554E+07  1.558E+07  1.569E+07
  1.568E+07  1.577E+07  1.581E+07  1.589E+07  1.588E+07  1.576E+07  1.571E+07  1.567E+07  1.571E+07  1.572E+07
  1.576E+07  1.584E+07  1.596E+07  1.591E+07  1.589E+07  1.595E+07  1.603E+07  1.609E+07  1.615E+07  1.622E+07
  1.628E+07  1.634E+07  1.645E+07  1.654E+07  1.660E+07  1.660E+07  1.656E+07  1.647E+07  1.642E+07  1.634E+07
  1.646E+07  1.660E+07  1.668E+07  1.673E+07  1.682E+07  1.690E+07  1.686E+07  1.674E+07  1.666E+07  1.659E+07
  1.656E+07  1.667E+07  1.674E+07  1.686E+07  1.684E+07  1.692E+07  1.694E+07  1.682E+07  1.683E+07  1.699E+07
  1.701E+07  1.695E+07  1.689E+07  1.687E+07  1.688E+07  1.698E+07  1.702E+07  1.711E+07  1.712E+07  1.719E+07
  1.724E+07  1.723E+07  1.727E+07  1.732E+07  1.733E+07  1.728E+07  1.727E+07  1.732E+07  1.733E+07  1.725E+07
  1.723E+07  1.730E+07  1.732E+07  1.732E+07  1.725E+07  1.723E+07  1.716E+07  1.722E+07  1.725E+07  1.739E+07
  1.737E+07  1.745E+07  1.751E+07  1.753E+07  1.755E+07  1.759E+07  1.763E+07  1.756E+07  1.747E+07  1.753E+07
  1.758E+07  1.757E+07  1.753E+07  1.740E+07  1.739E+07  1.739E+07  1.741E+07  1.741E+07  1.750E+07  1.766E+07
  1.776E+07  1.775E+07  1.768E+07  1.756E+07  1.753E+07  1.758E+07  1.752E+07  1.755E+07  1.769E+07  1.765E+07
  1.760E+07  1.758E+07  1.743E+07  1.742E+07  1.747E+07  1.739E+07  1.746E+07  1.756E+07  1.760E+07  1.760E+07
  1.772E+07  1.779E+07  1.788E+07  1.801E+07  1.804E+07  1.795E+07  1.788E+07  1.792E+07  1.784E+07  1.794E+07
  1.574E+07  1.575E+07  1.576E+07  1.584E+07  1.590E+07  1.600E+07  1.615E+07  1.624E+07  1.635E+07  1.642E+07
  1.641E+07  1.637E+07  1.644E+07  1.644E+07  1.643E+07  1.639E+07  1.636E+07  1.638E+07  1.639E+07  1.653E+07
  1.664E+07  1.665E+07  1.666E+07  1.657E+07  1.665E+07  1.668E+07  1.675E+07  1.693E+07  1.716E+07  1.718E+07
  1.712E+07  1.724E+07  1.723E+07  1.725E+07  1.719E+07  1.713E+07  1.704E+07  1.698E+07  1.697E+07  1.705E+07
  1.722E+07  1.723E+07  1.731E+07  1.731E+07  1.732E+07  1.734E+07  1.727E+07  1.725E+07  1.723E+07  1.732E+07
  1.736E+07  1.740E+07  1.725E+07  1.716E+07  1.707E+07  1.705E+07  1.710E+07  1.724E+07  1.738E+07  1.739E+07
  1.737E+07  1.735E+07  1.738E+07  1.748E+07  1.756E+07  1.758E+07  1.774E+07  1.786E+07  1.785E+07  1.775E+07
  1.768E+07  1.764E+07  1.767E+07  1.776E+07  1.796E+07  1.797E+07  1.789E+07  1.799E+07  1.801E+07  1.796E+07
  1.797E+07  1.801E+07  1.803E+07  1.811E+07  1.811E+07  1.816E+07  1.822E+07  1.827E+07  1.825E+07  1.818E+07
  1.816E+07  1.820E+07  1.825E+07  1.826E+07  1.830E+07  1.832E+07  1.831E+07  1.832E+07  1.829E+07  1.824E+07
  1.821E+07  1.823E+07  1.817E+07  1.827E+07  1.826E+07  1.829E+07  1.825E+07  1.832E+07  1.830E+07  1.821E+07
  1.819E+07  1.837E+07  1.841E+07  1.837E+07  1.841E+07  1.842E+07  1.839E+07  1.837E+07  1.844E+07  1.848E+07
  1.848E+07  1.861E+07  1.867E+07  1.871E+07  1.870E+07  1.861E+07  1.869E+07  1.868E+07  1.855E+07  1.851E+07
  1.853E+07  1.850E+07  1.846E+07  1.841E+07  1.839E+07  1.847E+07  1.847E+07  1.852E+07  1.846E+07  1.852E+07
  1.856E+07  1.858E+07  1.863E+07  1.866E+07  1.870E+07  1.873E+07  1.877E+07  1.882E+07  1.887E+07  1.879E+07
  1.713E+07  1.711E+07  1.718E+07  1.732E+07  1.736E+07  1.738E+07  1.742E+07  1.734E+07  1.723E+07  1.720E+07
  1.725E+07  1.729E+07  1.730E+07  1.734E+07  1.730E+07  1.735E+07  1.751E+07  1.759E+07  1.772E+07  1.769E+07
  1.775E+07  1.792E+07  1.799E+07  1.807E+07  1.807E+07  1.797E+07  1.787E+07  1.778E+07  1.766E+07  1.766E+07
  1.773E+07  1.767E+07  1.768E+07  1.781E+07  1.796E+07  1.799E+07  1.807E+07  1.818E+07  1.813E+07  1.813E+07
  1.805E+07  1.798E+07  1.801E+07  1.806E+07  1.798E+07  1.802E+07  1.822E+07  1.838E+07  1.853E+07  1.862E+07
  1.859E+07  1.853E+07  1.866E+07  1.886E+07  1.896E+07  1.903E+07  1.885E+07  1.881E+07  1.880E+07  1.870E+07
  1.874E+07  1.864E+07  1.871E+07  1.866E+07  1.875E+07  1.886E+07  1.885E+07  1.892E+07  1.896E+07  1.903E+07
  1.917E+07  1.918E+07  1.916E+07  1.918E+07  1.909E+07  1.908E+07  1.915E+07  1.907E+07  1.908E+07  1.896E+07
  1.892E+07  1.898E+07  1.903E+07  1.904E+07  1.900E+07  1.902E+07  1.899E+07  1.893E+07  1.899E+07  1.899E+07
  1.900E+07  1.901E+07  1.912E+07  1.913E+07  1.921E+07  1.928E+07  1.927E+07  1.920E+07  1.919E+07  1.908E+07
  1.903E+07  1.910E+07  1.913E+07  1.917E+07  1.922E+07  1.914E+07  1.922E+07  1.931E+07  1.943E+07  1.938E+07
  1.943E+07  1.948E+07  1.951E+07  1.945E+07  1.949E+07  1.952E+07  1.939E+07  1.942E+07  1.928E+07  1.928E+07
  1.931E+07  1.928E+07  1.915E+07  1.907E+07  1.896E+07  1.892E+07  1.893E+07  1.897E+07  1.911E+07  1.922E+07
  1.929E+07  1.932E+07  1.932E+07  1.928E+07  1.924E+07  1.928E+07  1.937E+07  1.946E+07  1.954E+07  1.949E+07
  1.953E+07  1.945E+07  1.948E+07  1.944E+07  1.942E+07  1.932E+07  1.936E+07  1.939E+07  1.945E+07  1.951E+07
  1.806E+07  1.805E+07  1.812E+07  1.821E+07  1.838E+07  1.840E+07  1.833E+07  1.834E+07  1.840E+07  1.838E+07
  1.842E+07  1.854E+07  1.867E+07  1.866E+07  1.871E+07  1.868E+07  1.859E+07  1.851E+07  1.858E+07  1.855E+07
  1.843E+07  1.844E+07  1.840E+07  1.845E+07  1.848E+07  1.856E+07  1.869E+07  1.875E+07  1.872E+07  1.877E+07
  1.878E+07  1.876E+07  1.887E+07  1.889E+07  1.895E+07  1.889E+07  1.892E+07  1.902E+07  1.914E+07  1.912E+07
  1.918E+07  1.925E+07  1.925E+07  1.921E+07  1.928E+07  1.928E+07  1.932E+07  1.942E+07  1.939E+07  1.939E+07
  1.947E+07  1.955E+07  1.962E+07  1.961E+07  1.953E+07  1.949E+07  1.969E+07  1.976E+07  1.982E+07  1.978E+07
  1.985E+07  2.000E+07  1.995E+07  1.989E+07  1.984E+07  1.969E+07  1.977E+07  1.990E+07  2.000E+07  1.996E+07
  1.991E+07  2.002E+07  2.005E+07  1.999E+07  1.999E+07  1.993E+07  1.988E+07  1.989E+07  1.985E+07  1.988E+07
  2.001E+07  2.012E+07  2.021E+07  2.021E+07  2.026E+07  2.012E+07  2.001E+07  1.993E+07  2.001E+07  2.011E+07
  2.023E+07  2.010E+07  2.003E+07  2.006E+07  2.004E+07  1.991E+07  1.992E+07  1.990E+07  1.992E+07  1.999E+07
  2.007E+07  2.006E+07  2.020E+07  2.014E+07  2.010E+07  2.013E+07  2.016E+07  2.008E+07  2.007E+07  2.018E+07
  2.000E+07  1.994E+07  1.993E+07  2.004E+07  1.992E+07  1.999E+07  2.011E+07  2.004E+07  2.017E+07  2.009E+07
  2.001E+07  1.980E+07  1.990E+07  1.997E+07  2.006E+07  2.026E+07  2.019E+07  2.013E+07  2.019E+07  2.025E+07
  2.021E+07  2.019E+07  2.012E+07  2.011E+07  2.013E+07  2.021E+07  2.027E+07  2.026E+07  2.014E+07  2.011E+07
  1.998E+07  1.995E+07  1.999E+07  2.003E+07  2.004E+07  2.006E+07  2.020E+07  2.022E+07  2.008E+07  2.002E+07
  1.917E+07  1.919E+07  1.916E+07  1.912E+07  1.907E+07  1.915E+07  1.920E+07  1.917E+07  1.929E+07  1.943E+07
  1.955E+07  1.964E+07  1.957E+07  1.953E+07  1.963E+07  1.959E+07  1.959E+07  1.967E+07  1.970E+07  1.975E+07
  1.986E+07  1.979E+07  1.991E+07  1.996E+07  2.004E+07  2.011E+07  2.008E+07  2.008E+07  2.012E+07  2.016E+07
  2.009E+07  2.008E+07  2.020E+07  2.021E+07  2.019E+07  2.021E+07  2.014E+07  2.008E+07  2.018E+07  2.029E+07
  2.035E+07  2.032E+07  2.029E+07  2.030E+07  2.030E+07  2.022E+07  2.017E+07  2.013E+07  2.016E+07  2.020E+07
  2.029E+07  2.030E+07  2.032E+07  2.036E+07  2.043E+07  2.053E+07  2.063E+07  2.058E+07  2.051E+07  2.051E+07
  2.055E+07  2.056E+07  2.060E+07  2.065E+07  2.061E+07  2.078E+07  2.086E+07  2.084E+07  2.077E+07  2.080E+07
  2.080E+07  2.077E+07  2.079E+07  2.080E+07  2.087E+07  2.086E+07  2.082E+07  2.091E+07  2.097E+07  2.105E+07
  2.103E+07  2.109E+07  2.106E+07  2.100E+07  2.100E+07  2.110E+07  2.121E+07  2.138E+07  2.123E+07  2.117E+07
  2.105E+07  2.097E+07  2.092E+07  2.078E+07  2.074E+07  2.064E+07  2.055E+07  2.063E+07  2.073E+07  2.073E+07
  2.068E+07  2.067E+07  2.062E+07  2.067E+07  2.075E+07  2.087E+07  2.097E+07  2.099E+07  2.090E+07  2.086E+07
  2.093E+07  2.096E+07  2.099E+07  2.085E+07  2.103E+07  2.121E+07  2.113E+07  2.100E+07  2.091E+07  2.096E+07
  2.097E+07  2.110E+07  2.112E+07  2.107E+07  2.094E+07  2.092E+07  2.093E+07  2.106E+07  2.121E+07  2.108E+07
  2.107E+07  2.102E+07  2.099E+07  2.106E+07  2.111E+07  2.103E+07  2.095E+07  2.087E+07  2.087E+07  2.080E+07
  2.076E+07  2.071E+07  2.066E+07  2.070E+07  2.073E+07  2.078E+07  2.076E+07  2.081E+07  2.093E+07  2.105E+07
  2.041E+07  2.041E+07  2.049E+07  2.048E+07  2.049E+07  2.047E+07  2.047E+07  2.051E+07  2.057E+07  2.062E+07
  2.051E+07  2.052E+07  2.052E+07  2.058E+07  2.057E+07  2.070E+07  2.075E+07  2.073E+07  2.068E+07  2.087E+07
  2.100E+07  2.110E+07  2.101E+07  2.094E+07  2.101E+07  2.096E+07  2.094E+07  2.087E+07  2.096E+07  2.102E+07
  2.108E+07  2.108E+07  2.102E+07  2.100E+07  2.118E+07  2.117E+07  2.112E+07  2.108E+07  2.109E+07  2.116E+07
  2.119E+07  2.119E+07  2.126E+07  2.136E+07  2.143E+07  2.153E+07  2.157E+07  2.160E+07  2.159E+07  2.164E+07
  2.173E+07  2.170E+07  2.182E+07  2.175E+07  2.180E+07  2.173E+07  2.170E+07  2.166E+07  2.163E+07  2.155E+07
  2.148E+07  2.143E+07  2.142E+07  2.147E+07  2.162E+07  2.167E+07  2.178E+07  2.180E+07  2.176E+07  2.179E+07
  2.179E+07  2.188E+07  2.194E+07  2.186E+07  2.177E+07  2.178E+07  2.193E+07  2.192E+07  2.190E+07  2.187E+07
  2.181E+07  2.176E+07  2.167E+07  2.159E+07  2.155E+07  2.144E+07  2.136E+07  2.138E+07  2.146E+07  2.133E+07
  2.136E+07  2.156E+07  2.171E+07  2.174E+07  2.168E+07  2.170E+07  2.171E+07  2.179E+07  2.182E+07  2.192E+07
  2.193E+07  2.193E+07  2.194E+07  2.195E+07  2.203E+07  2.201E+07  2.198E+07  2.195E+07  2.199E+07  2.200E+07
  2.207E+07  2.211E+07  2.207E+07  2.207E+07  2.195E+07  2.189E+07  2.197E+07  2.202E+07  2.199E+07  2.193E+07
  2.194E+07  2.187E+07  2.180E+07  2.173E+07  2.190E+07  2.188E+07  2.181E+07  2.168E+07  2.152E+07  2.152E+07
  2.153E+07  2.159E+07  2.168E+07  2.165E+07  2.163E+07  2.162E+07  2.166E+07  2.176E+07  2.174E+07  2.179E+07
  2.194E+07  2.193E+07  2.192E+07  2.185E+07  2.172E+07  2.178E+07  2.174E+07  2.169E+07  2.161E+07  2.164E+07
  2.142E+07  2.149E+07  2.152E+07  2.161E+07  2.178E+07  2.183E+07  2.193E+07  2.192E+07  2.190E+07  2.192E+07
  2.199E+07  2.198E+07  2.195E+07  2.197E+07  2.193E+07  2.183E+07  2.187E+07  2.197E+07  2.195E+07  2.209E+07
  2.224E+07  2.210E+07  2.215E+07  2.214E+07  2.212E+07  2.206E+07  2.219E+07  2.239E+07  2.234E+07  2.219E+07
  2.228E+07  2.242E+07  2.246E+07  2.257E+07  2.247E+07  2.232E+07  2.231E+07  2.237E+07  2.240E+07  2.230E+07
  2.227E+07  2.227E+07  2.224E+07  2.225E+07  2.249E+07  2.250E+07  2.257E+07  2.264E+07  2.266E+07  2.259E+07
  2.247E+07  2.250E+07  2.237E+07  2.237E+07  2.231E+07  2.234E+07  2.239E+07  2.245E+07  2.247E+07  2.256E+07
  2.257E+07  2.266E+07  2.276E+07  2.270E+07  2.271E+07  2.275E+07  2.274E+07  2.278E+07  2.292E+07  2.287E+07
  2.276E+07  2.261E+07  2.247E+07  2.249E+07  2.247E+07  2.248E+07  2.235E+07  2.232E+07  2.241E+07  2.249E+07
  2.254E+07  2.241E+07  2.241E+07  2.242E+07  2.246E+07  2.262E+07  2.269E+07  2.267E+07  2.257E+07  2.275E+07
  2.280E+07  2.272E+07  2.277E+07  2.288E+07  2.287E+07  2.280E+07  2.272E+07  2.267E+07  2.276E+07  2.269E+07
  2.262E+07  2.269E+07  2.256E+07  2.254E+07  2.254E+07  2.244E+07  2.247E+07  2.261E+07  2.275E+07  2.273E+07
  2.271E+07  2.262E+07  2.267E+07  2.266E+07  2.264E+07  2.269E+07  2.270E+07  2.262E+07  2.272E+07  2.270E+07
  2.257E+07  2.241E+07  2.242E+07  2.245E+07  2.251E+07  2.263E+07  2.253E+07  2.254E+07  2.267E+07  2.276E+07
  2.275E+07  2.280E+07  2.287E+07  2.292E+07  2.293E+07  2.292E+07  2.287E+07  2.284E+07  2.273E+07  2.259E+07
  2.254E+07  2.249E+07  2.246E+07  2.251E+07  2.261E+07  2.253E+07  2.255E+07  2.247E+07  2.252E+07  2.242E+07
  2.273E+07  2.284E+07  2.301E+07  2.295E+07  2.285E+07  2.288E+07  2.291E+07  2.297E+07  2.295E+07  2.299E+07
  2.303E+07  2.309E+07  2.307E+07  2.306E+07  2.302E+07  2.312E+07  2.308E+07  2.305E+07  2.302E+07  2.295E+07
  2.300E+07  2.318E+07  2.306E+07  2.308E+07  2.304E+07  2.301E+07  2.304E+07  2.299E+07  2.300E+07  2.310E+07
  2.308E+07  2.309E+07  2.309E+07  2.301E+07  2.296E+07  2.300E+07  2.306E+07  2.303E+07  2.310E+07  2.318E+07
  2.321E+07  2.326E+07  2.318E+07  2.324E+07  2.318E+07  2.324E+07  2.336E+07  2.338E+07  2.340E+07  2.349E+07
  2.354E+07  2.358E+07  2.373E+07  2.381E+07  2.398E+07  2.405E+07  2.406E+07  2.408E+07  2.396E+07  2.387E+07
  2.371E+07  2.359E+07  2.360E+07  2.373E+07  2.360E+07  2.348E+07  2.341E+07  2.339E+07  2.335E+07  2.337E+07
  2.335E+07  2.336E+07  2.339E+07  2.348E+07  2.347E+07  2.342E+07  2.368E+07  2.382E+07  2.386E+07  2.403E+07
  2.404E+07  2.414E+07  2.406E+07  2.416E+07  2.409E+07  2.399E+07  2.393E+07  2.398E+07  2.404E+07  2.379E+07
  2.365E+07  2.361E+07  2.351E+07  2.343E+07  2.334E+07  2.346E+07  2.352E+07  2.354E+07  2.354E+07  2.362E+07
  2.364E+07  2.373E+07  2.379E+07  2.376E+07  2.371E+07  2.369E+07  2.363E+07  2.352E+07  2.341E+07  2.343E+07
  2.343E+07  2.345E+07  2.337E+07  2.331E+07  2.332E+07  2.329E+07  2.340E+07  2.347E+07  2.348E+07  2.341E+07
  2.344E+07  2.353E+07  2.355E+07  2.361E+07  2.361E+07  2.359E+07  2.365E+07  2.367E+07  2.356E+07  2.347E+07
  2.337E+07  2.336E+07  2.335E+07  2.322E+07  2.320E+07  2.332E+07  2.332E+07  2.328E+07  2.331E+07  2.336E+07
  2.338E+07  2.337E+07  2.327E+07  2.320E+07  2.326E+07  2.333E+07  2.324E+07  2.312E+07  2.304E+07  2.320E+07
  2.420E+07  2.411E+07  2.398E+07  2.397E+07  2.401E+07  2.394E+07  2.393E+07  2.389E+07  2.383E+07  2.378E+07
  2.376E+07  2.376E+07  2.386E+07  2.387E+07  2.382E+07  2.377E+07  2.375E+07  2.376E+07  2.388E+07  2.386E+07
  2.396E+07  2.394E+07  2.401E+07  2.406E+07  2.415E+07  2.431E+07  2.427E+07  2.414E+07  2.427E+07  2.439E+07
  2.442E+07  2.438E+07  2.435E+07  2.440E+07  2.433E+07  2.421E+07  2.434E+07  2.432E+07  2.430E+07  2.422E+07
  2.423E+07  2.433E+07  2.455E+07  2.456E+07  2.462E+07  2.464E+07  2.463E+07  2.460E+07  2.471E+07  2.476E+07
  2.473E+07  2.479E+07  2.490E+07  2.484E+07  2.485E+07  2.467E+07  2.443E+07  2.426E+07  2.429E+07  2.435E+07
  2.444E+07  2.442E+07  2.446E+07  2.447E+07  2.451E+07  2.452E+07  2.442E+07  2.436E+07  2.445E+07  2.457E+07
  2.462E+07  2.470E+07  2.468E+07  2.471E+07  2.470E+07  2.477E+07  2.483E+07  2.483E+07  2.478E+07  2.467E+07
  2.481E+07  2.472E+07  2.463E+07  2.458E+07  2.456E+07  2.460E+07  2.449E+07  2.450E+07  2.464E+07  2.470E+07
  2.472E+07  2.480E+07  2.477E+07  2.485E+07  2.489E+07  2.480E+07  2.479E+07  2.469E+07  2.474E+07  2.468E+07
  2.459E+07  2.450E+07  2.451E+07  2.461E+07  2.464E+07  2.454E+07  2.445E+07  2.446E+07  2.448E+07  2.448E+07
  2.428E+07  2.417E+07  2.418E+07  2.435E+07  2.436E+07  2.435E+07  2.420E+07  2.417E+07  2.424E+07  2.441E+07
  2.441E+07  2.436E+07  2.420E+07  2.403E+07  2.397E+07  2.401E+07  2.394E+07  2.393E+07  2.412E+07  2.413E+07
  2.423E+07  2.421E+07  2.420E+07  2.428E+07  2.434E+07  2.430E+07  2.431E+07  2.426E+07  2.422E+07  2.428E+07
  2.413E+07  2.411E+07  2.422E+07  2.425E+07  2.418E+07  2.415E+07  2.419E+07  2.417E+07  2.412E+07  2.389E+07
  2.514E+07  2.512E+07  2.509E+07  2.511E+07  2.503E+07  2.504E+07  2.506E+07  2.498E+07  2.507E+07  2.512E+07
  2.514E+07  2.517E+07  2.520E+07  2.530E+07  2.535E+07  2.535E+07  2.535E+07  2.544E+07  2.548E+07  2.554E+07
  2.554E+07  2.557E+07  2.567E+07  2.558E+07  2.552E+07  2.547E+07  2.553E+07  2.569E+07  2.577E+07  2.599E+07
  2.604E+07  2.612E+07  2.602E+07  2.603E+07  2.609E+07  2.611E+07  2.598E+07  2.599E+07  2.599E+07  2.605E+07
  2.613E+07  2.605E+07  2.599E+07  2.597E+07  2.585E+07  2.573E+07  2.552E+07  2.542E+07  2.538E+07  2.533E+07
  2.531E+07  2.524E+07  2.526E+07  2.530E+07  2.543E+07  2.547E+07  2.562E+07  2.574E+07  2.577E+07  2.585E+07
  2.595E+07  2.600E+07  2.600E+07  2.592E+07  2.588E+07  2.596E+07  2.586E+07  2.572E+07  2.569E+07  2.572E+07
  2.582E+07  2.573E+07  2.578E+07  2.576E+07  2.571E+07  2.571E+07  2.570E+07  2.569E+07  2.576E+07  2.575E+07
  2.568E+07  2.559E+07  2.553E+07  2.546E+07  2.539E+07  2.531E+07  2.537E+07  2.547E+07  2.547E+07  2.537E+07
  2.527E+07  2.515E+07  2.512E+07  2.510E+07  2.513E+07  2.519E+07  2.522E+07  2.526E+07  2.523E+07  2.523E+07
  2.528E+07  2.529E+07  2.528E+07  2.516E+07  2.509E+07  2.506E+07  2.508E+07  2.506E+07  2.504E+07  2.503E+07
  2.520E+07  2.530E+07  2.535E+07  2.534E+07  2.535E+07  2.534E+07  2.529E+07  2.533E+07  2.530E+07  2.526E+07
  2.519E+07  2.513E+07  2.512E+07  2.522E+07  2.524E+07  2.524E+07  2.543E+07  2.542E+07  2.541E+07  2.543E+07
  2.540E+07  2.530E+07  2.528E+07  2.514E+07  2.518E+07  2.513E+07  2.506E+07  2.498E+07  2.496E+07  2.494E+07
  2.498E+07  2.482E+07  2.473E+07  2.471E+07  2.454E+07  2.446E+07  2.443E+07  2.436E+07  2.428E+07  2.437E+07
  2.660E+07  2.663E+07  2.661E+07  2.652E+07  2.647E+07  2.659E+07  2.665E+07  2.667E+07  2.663E+07  2.657E+07
  2.653E+07  2.647E+07  2.653E+07  2.663E+07  2.669E+07  2.685E+07  2.691E+07  2.684E+07  2.673E+07  2.675E+07
  2.693E+07  2.696E+07  2.692E+07  2.709E+07  2.716E+07  2.719E+07  2.715E+07  2.718E+07  2.715E+07  2.699E+07
  2.684E+07  2.678E+07  2.685E+07  2.676E+07  2.668E+07  2.661E+07  2.660E+07  2.661E+07  2.662E+07  2.656E+07
  2.653E+07  2.643E+07  2.642E+07  2.649E+07  2.650E+07  2.642E+07  2.649E+07  2.658E+07  2.668E+07  2.684E+07
  2.689E+07  2.686E+07  2.687E+07  2.682E+07  2.671E+07  2.690E+07  2.684E+07  2.683E+07  2.687E+07  2.693E+07
  2.685E+07  2.684E+07  2.676E+07  2.684E+07  2.680E+07  2.677E+07  2.676E+07  2.676E+07  2.677E+07  2.673E+07
  2.673E+07  2.680E+07  2.681E+07  2.689E+07  2.688E+07  2.702E+07  2.694E+07  2.681E+07  2.670E+07  2.660E+07
  2.643E+07  2.630E+07  2.635E+07  2.630E+07  2.627E+07  2.632E+07  2.628E+07  2.615E+07  2.601E+07  2.610E+07
  2.624E+07  2.630E+07  2.638E+07  2.638E+07  2.628E+07  2.622E+07  2.614E+07  2.615E+07  2.615E+07  2.616E+07
  2.622E+07  2.626E+07  2.629E+07  2.625E+07  2.611E+07  2.599E+07  2.593E+07  2.593E+07  2.589E+07  2.580E+07
  2.581E+07  2.586E+07  2.578E+07  2.584E+07  2.584E+07  2.596E+07  2.610E+07  2.610E+07  2.604E+07  2.600E+07
  2.610E+07  2.617E+07  2.620E+07  2.624E+07  2.621E+07  2.613E+07  2.607E+07  2.603E+07  2.590E+07  2.582E+07
  2.569E+07  2.567E+07  2.576E+07  2.565E+07  2.561E+07  2.561E+07  2.550E+07  2.549E+07  2.548E+07  2.556E+07
  2.555E+07  2.548E+07  2.551E+07  2.558E+07  2.570E+07  2.565E+07  2.557E+07  2.562E+07  2.565E+07  2.565E+07
  2.791E+07  2.797E+07  2.797E+07  2.801E+07  2.798E+07  2.792E+07  2.796E+07  2.805E+07  2.814E+07  2.823E+07
  2.838E+07  2.835E+07  2.820E+07  2.813E+07  2.813E+07  2.819E+07  2.815E+07  2.815E+07  2.820E+07  2.829E+07
  2.825E+07  2.819E+07  2.831E+07  2.827E+07  2.818E+07  2.805E+07  2.793E+07  2.788E+07  2.772E+07  2.771E+07
  2.779E+07  2.785E+07  2.785E+07  2.789E+07  2.793E+07  2.789E+07  2.780E+07  2.778E+07  2.779E+07  2.790E+07
  2.794E+07  2.803E+07  2.804E+07  2.807E+07  2.803E+07  2.804E+07  2.783E+07  2.779E+07  2.783E+07  2.781E+07
  2.781E+07  2.777E+07  2.768E+07  2.777E+07  2.792E+07  2.776E+07  2.780E+07  2.783E+07  2.775E+07  2.760E+07
  2.766E+07  2.761E+07  2.761E+07  2.763E+07  2.777E+07  2.785E+07  2.780E+07  2.769E+07  2.761E+07  2.773E+07
  2.772E+07  2.761E+07  2.760E+07  2.754E+07  2.754E+07  2.753E+07  2.742E+07  2.756E+07  2.760E+07  2.761E+07
  2.764E+07  2.761E+07  2.748E+07  2.744E+07  2.744E+07  2.740E+07  2.744E+07  2.752E+07  2.762E+07  2.758E+07
  2.754E+07  2.731E+07  2.714E+07  2.712E+07  2.715E+07  2.704E+07  2.711E+07  2.731E+07  2.736E+07  2.731E+07
  2.721E+07  2.723E+07  2.717E+07  2.708E+07  2.710E+07  2.716E+07  2.710E+07  2.709E+07  2.702E+07  2.689E+07
  2.686E+07  2.686E+07  2.675E+07  2.682E+07  2.685E+07  2.691E+07  2.693E+07  2.693E+07  2.697E+07  2.696E+07
  2.689E+07  2.697E+07  2.691E+07  2.685E+07  2.677E+07  2.676E+07  2.675E+07  2.675E+07  2.676E+07  2.676E+07
  2.672E+07  2.672E+07  2.648E+07  2.633E+07  2.625E+07  2.633E+07  2.652E+07  2.654E+07  2.653E+07  2.650E+07
  2.666E+07  2.663E+07  2.661E+07  2.669E+07  2.668E+07  2.653E+07  2.653E+07  2.653E+07  2.655E+07  2.646E+07
  2.961E+07  2.957E+07  2.954E+07  2.951E+07  2.964E+07  2.961E+07  2.952E+07  2.950E+07  2.942E+07  2.941E+07
  2.930E+07  2.933E+07  2.936E+07  2.925E+07  2.925E+07  2.924E+07  2.925E+07  2.928E+07  2.929E+07  2.927E+07
  2.931E+07  2.926E+07  2.927E+07  2.939E+07  2.945E+07  2.941E+07  2.944E+07  2.945E+07  2.954E+07  2.957E+07
  2.959E+07  2.952E+07  2.949E+07  2.946E+07  2.930E+07  2.926E+07  2.923E+07  2.924E+07  2.918E+07  2.916E+07
  2.922E+07  2.933E+07  2.931E+07  2.928E+07  2.929E+07  2.923E+07  2.938E+07  2.940E+07  2.936E+07  2.939E+07
  2.943E+07  2.936E+07  2.929E+07  2.911E+07  2.903E+07  2.885E+07  2.885E+07  2.887E+07  2.888E+07  2.899E+07
  2.910E+07  2.910E+07  2.910E+07  2.910E+07  2.902E+07  2.897E+07  2.900E+07  2.903E+07  2.907E+07  2.904E+07
  2.894E+07  2.881E+07  2.875E+07  2.863E+07  2.854E+07  2.854E+07  2.857E+07  2.866E+07  2.880E+07  2.882E+07
  2.889E+07  2.901E+07  2.890E+07  2.882E+07  2.884E+07  2.881E+07  2.860E+07  2.856E+07  2.854E+07  2.845E+07
  2.832E+07  2.825E+07  2.810E+07  2.803E+07  2.799E+07  2.793E+07  2.798E+07  2.794E+07  2.796E+07  2.792E+07
  2.804E+07  2.792E+07  2.793E+07  2.803E+07  2.809E+07  2.810E+07  2.816E+07  2.821E+07  2.831E+07  2.832E+07
  2.825E+07  2.814E+07  2.821E+07  2.815E+07  2.808E+07  2.803E+07  2.788E+07  2.786E+07  2.784E+07  2.787E+07
  2.786E+07  2.783E+07  2.789E+07  2.790E+07  2.779E+07  2.784E+07  2.771E+07  2.753E+07  2.760E+07  2.762E+07
  2.763E+07  2.774E+07  2.779E+07  2.783E+07  2.783E+07  2.779E+07  2.781E+07  2.779E+07  2.773E+07  2.766E+07
  2.764E+07  2.758E+07  2.758E+07  2.753E+07  2.756E+07  2.754E+07  2.745E+07  2.741E+07  2.725E+07  2.716E+07
  3.066E+07  3.069E+07  3.074E+07  3.091E+07  3.092E+07  3.104E+07  3.110E+07  3.110E+07  3.098E+07  3.085E+07
  3.082E+07  3.087E+07  3.096E+07  3.098E+07  3.098E+07  3.099E+07  3.098E+07  3.088E+07  3.092E+07  3.090E+07
  3.093E+07  3.096E+07  3.083E+07  3.068E+07  3.074E+07  3.077E+07  3.077E+07  3.071E+07  3.078E+07  3.064E+07
  3.057E+07  3.059E+07  3.061E+07  3.064E+07  3.062E+07  3.071E+07  3.074E+07  3.070E+07  3.058E+07  3.056E+07
  3.059E+07  3.054E+07  3.037E+07  3.032E+07  3.022E+07  3.010E+07  3.011E+07  3.019E+07  3.033E+07  3.037E+07
  3.045E+07  3.047E+07  3.045E+07  3.028E+07  3.027E+07  3.040E+07  3.041E+07  3.042E+07  3.041E+07  3.025E+07
  3.003E+07  2.991E+07  2.988E+07  2.983E+07  2.976E+07  3.001E+07  3.015E+07  3.021E+07  3.017E+07  3.005E+07
  3.008E+07  3.007E+07  3.000E+07  2.999E+07  2.986E+07  2.983E+07  2.972E+07  2.977E+07  2.973E+07  2.965E+07
  2.949E+07  2.942E+07  2.946E+07  2.945E+07  2.944E+07  2.950E+07  2.955E+07  2.963E+07  2.951E+07  2.959E+07
  2.965E+07  2.974E+07  2.969E+07  2.976E+07  2.972E+07  2.967E+07  2.967E+07  2.968E+07  2.964E+07  2.947E+07
  2.932E+07  2.932E+07  2.923E+07  2.918E+07  2.926E+07  2.923E+07  2.914E+07  2.895E+07  2.888E+07  2.888E+07
  2.878E+07  2.874E+07  2.883E+07  2.886E+07  2.892E+07  2.892E+07  2.893E+07  2.899E+07  2.890E+07  2.881E+07
  2.878E+07  2.873E+07  2.873E+07  2.857E+07  2.860E+07  2.858E+07  2.864E+07  2.857E+07  2.841E+07  2.827E+07
  2.833E+07  2.820E+07  2.820E+07  2.823E+07  2.818E+07  2.806E+07  2.806E+07  2.798E+07  2.790E+07  2.785E+07
  2.772E+07  2.769E+07  2.777E+07  2.781E+07  2.780E+07  2.783E+07  2.776E+07  2.769E+07  2.774E+07  2.777E+07
  3.256E+07  3.260E+07  3.257E+07  3.245E+07  3.246E+07  3.237E+07  3.235E+07  3.229E+07  3.238E+07  3.243E+07
  3.247E+07  3.242E+07  3.249E+07  3.257E+07  3.258E+07  3.253E+07  3.247E+07  3.248E+07  3.243E+07  3.233E+07
  3.225E+07  3.211E+07  3.207E+07  3.203E+07  3.197E+07  3.205E+07  3.185E+07  3.181E+07  3.169E+07  3.164E+07
  3.159E+07  3.163E+07  3.172E+07  3.169E+07  3.165E+07  3.159E+07  3.164E+07  3.160E+07  3.163E+07  3.165E+07
  3.163E+07  3.168E+07  3.156E+07  3.145E+07  3.153E+07  3.149E+07  3.141E+07  3.133E+07  3.117E+07  3.133E+07
  3.139E+07  3.127E+07  3.127E+07  3.140E+07  3.150E+07  3.149E+07  3.134E+07  3.130E+07  3.120E+07  3.122E+07
  3.123E+07  3.111E+07  3.113E+07  3.108E+07  3.102E+07  3.078E+07  3.076E+07  3.074E+07  3.078E+07  3.065E+07
  3.052E+07  3.063E+07  3.082E+07  3.093E+07  3.086E+07  3.090E+07  3.090E+07  3.087E+07  3.085E+07  3.088E+07
  3.094E+07  3.079E+07  3.074E+07  3.066E+07  3.056E+07  3.037E+07  3.034E+07  3.050E+07  3.057E+07  3.047E+07
  3.044E+07  3.047E+07  3.039E+07  3.030E+07  3.028E+07  3.030E+07  3.032E+07  3.018E+07  3.011E+07  3.016E+07
  3.010E+07  2.995E+07  3.005E+07  2.999E+07  2.978E+07  2.976E+07  2.973E+07  2.981E+07  2.972E+07  2.967E+07
  2.961E+07  2.960E+07  2.939E+07  2.924E+07  2.925E+07  2.917E+07  2.918E+07  2.918E+07  2.916E+07  2.910E+07
  2.907E+07  2.895E+07  2.901E+07  2.901E+07  2.897E+07  2.905E+07  2.909E+07  2.897E+07  2.889E+07  2.884E+07
  2.875E+07  2.884E+07  2.886E+07  2.876E+07  2.877E+07  2.881E+07  2.879E+07  2.881E+07  2.882E+07  2.877E+07
  2.884E+07  2.882E+07  2.869E+07  2.871E+07  2.868E+07  2.873E+07  2.872E+07  2.873E+07  2.863E+07  2.861E+07
  3.376E+07  3.382E+07  3.392E+07  3.406E+07  3.396E+07  3.402E+07  3.395E+07  3.373E+07  3.362E+07  3.370E+07
  3.368E+07  3.373E+07  3.368E+07  3.351E+07  3.338E+07  3.325E+07  3.310E+07  3.311E+07  3.312E+07  3.288E+07
  3.278E+07  3.271E+07  3.275E+07  3.289E+07  3.290E+07  3.282E+07  3.292E+07  3.309E+07  3.308E+07  3.306E+07
  3.311E+07  3.307E+07  3.300E+07  3.300E+07  3.299E+07  3.294E+07  3.291E+07  3.305E+07  3.306E+07  3.301E+07
  3.294E+07  3.299E+07  3.299E+07  3.294E+07  3.294E+07  3.293E+07  3.292E+07  3.277E+07  3.262E+07  3.253E+07
  3.251E+07  3.255E+07  3.239E+07  3.240E+07  3.237E+07  3.234E+07  3.242E+07  3.248E+07  3.241E+07  3.241E+07
  3.243E+07  3.240E+07  3.223E+07  3.229E+07  3.232E+07  3.230E+07  3.215E+07  3.200E+07  3.198E+07  3.189E+07
  3.192E+07  3.184E+07  3.185E+07  3.193E+07  3.192E+07  3.187E+07  3.176E+07  3.166E+07  3.154E+07  3.145E+07
  3.149E+07  3.141E+07  3.136E+07  3.133E+07  3.128E+07  3.131E+07  3.129E+07  3.100E+07  3.085E+07  3.081E+07
  3.068E+07  3.062E+07  3.076E+07  3.081E+07  3.073E+07  3.081E+07  3.080E+07  3.082E+07  3.094E+07  3.094E+07
  3.081E+07  3.086E+07  3.090E+07  3.088E+07  3.095E+07  3.103E+07  3.096E+07  3.080E+07  3.085E+07  3.082E+07
  3.070E+07  3.054E+07  3.041E+07  3.039E+07  3.026E+07  3.020E+07  3.006E+07  2.995E+07  2.983E+07  2.982E+07
  2.977E+07  2.974E+07  2.968E+07  2.969E+07  2.969E+07  2.971E+07  2.974E+07  2.976E+07  2.977E+07  2.971E+07
  2.970E+07  2.979E+07  2.970E+07  2.982E+07  2.964E+07  2.970E+07  2.978E+07  2.974E+07  2.978E+07  2.992E+07
  2.985E+07  2.983E+07  2.977E+07  2.956E+07  2.941E+07  2.927E+07  2.933E+07  2.934E+07  2.940E+07  2.942E+07
  3.492E+07  3.476E+07  3.466E+07  3.452E+07  3.445E+07  3.429E+07  3.445E+07  3.463E+07  3.466E+07  3.465E+07
  3.465E+07  3.458E+07  3.451E+07  3.440E+07  3.444E+07  3.450E+07  3.453E+07  3.446E+07  3.438E+07  3.447E+07
  3.438E+07  3.447E+07  3.450E+07  3.441E+07  3.436E+07  3.443E+07  3.438E+07  3.441E+07  3.437E+07  3.430E+07
  3.435E+07  3.444E+07  3.441E+07  3.444E+07  3.435E+07  3.428E+07  3.418E+07  3.411E+07  3.401E+07  3.407E+07
  3.406E+07  3.394E+07  3.384E+07  3.372E+07  3.374E+07  3.382E+07  3.393E+07  3.404E+07  3.411E+07  3.408E+07
  3.400E+07  3.388E+07  3.378E+07  3.352E+07  3.346E+07  3.351E+07  3.354E+07  3.353E+07  3.354E+07  3.345E+07
  3.338E+07  3.312E+07  3.313E+07  3.312E+07  3.306E+07  3.311E+07  3.308E+07  3.311E+07  3.292E+07  3.295E+07
  3.293E+07  3.290E+07  3.290E+07  3.294E+07  3.290E+07  3.281E+07  3.271E+07  3.260E+07  3.260E+07  3.261E+07
  3.251E+07  3.257E+07  3.269E+07  3.269E+07  3.268E+07  3.264E+07  3.264E+07  3.273E+07  3.252E+07  3.246E+07
  3.232E+07  3.219E+07  3.201E+07  3.198E+07  3.197E+07  3.194E+07  3.193E+07  3.189E+07  3.197E+07  3.196E+07
  3.201E+07  3.193E+07  3.177E+07  3.166E+07  3.149E+07  3.138E+07  3.135E+07  3.131E+07  3.116E+07  3.117E+07
  3.116E+07  3.135E+07  3.144E+07  3.149E+07  3.150E+07  3.158E+07  3.153E+07  3.156E+07  3.155E+07  3.153E+07
  3.147E+07  3.149E+07  3.147E+07  3.141E+07  3.135E+07  3.133E+07  3.128E+07  3.129E+07  3.110E+07  3.108E+07
  3.114E+07  3.096E+07  3.086E+07  3.065E+07  3.066E+07  3.070E+07  3.075E+07  3.089E+07  3.087E+07  3.080E+07
  3.075E+07  3.071E+07  3.061E+07  3.061E+07  3.051E+07  3.044E+07  3.041E+07  3.031E+07  3.016E+07  2.996E+07
  3.646E+07  3.660E+07  3.649E+07  3.637E+07  3.640E+07  3.648E+07  3.659E+07  3.650E+07  3.640E+07  3.634E+07
  3.623E+07  3.617E+07  3.610E+07  3.607E+07  3.607E+07  3.620E+07  3.639E+07  3.636E+07  3.636E+07  3.632E+07
  3.615E+07  3.608E+07  3.613E+07  3.614E+07  3.604E+07  3.581E+07  3.575E+07  3.565E+07  3.567E+07  3.570E+07
  3.555E+07  3.560E+07  3.557E+07  3.548E+07  3.528E+07  3.520E+07  3.520E+07  3.513E+07  3.504E+07  3.495E+07
  3.494E+07  3.500E+07  3.502E+07  3.513E+07  3.508E+07  3.500E+07  3.483E+07  3.483E+07  3.468E+07  3.462E+07
  3.454E+07  3.446E+07  3.449E+07  3.452E+07  3.452E+07  3.441E+07  3.439E+07  3.443E+07  3.448E+07  3.452E+07
  3.453E+07  3.450E+07  3.440E+07  3.429E+07  3.426E+07  3.424E+07  3.406E+07  3.402E+07  3.411E+07  3.399E+07
  3.405E+07  3.411E+07  3.404E+07  3.409E+07  3.406E+07  3.388E+07  3.372E+07  3.372E+07  3.369E+07  3.364E+07
  3.362E+07  3.359E+07  3.350E+07  3.344E+07  3.329E+07  3.335E+07  3.320E+07  3.314E+07  3.314E+07  3.305E+07
  3.310E+07  3.316E+07  3.322E+07  3.316E+07  3.306E+07  3.304E+07  3.291E+07  3.280E+07  3.276E+07  3.278E+07
  3.270E+07  3.275E+07  3.272E+07  3.265E+07  3.266E+07  3.256E+07  3.253E+07  3.250E+07  3.259E+07  3.243E+07
  3.232E+07  3.227E+07  3.217E+07  3.207E+07  3.206E+07  3.203E+07  3.190E+07  3.194E+07  3.197E+07  3.193E+07
  3.186E+07  3.198E+07  3.208E+07  3.206E+07  3.206E+07  3.187E+07  3.166E+07  3.154E+07  3.160E+07  3.139E+07
  3.119E+07  3.112E+07  3.112E+07  3.125E+07  3.138E+07  3.136E+07  3.133E+07  3.128E+07  3.120E+07  3.117E+07
  3.118E+07  3.115E+07  3.111E+07  3.107E+07  3.096E+07  3.089E+07  3.078E+07  3.072E+07  3.081E+07  3.074E+07
  3.800E+07  3.774E+07  3.770E+07  3.771E+07  3.752E+07  3.734E+07  3.737E+07  3.727E+07  3.717E+07  3.709E+07
  3.706E+07  3.697E+07  3.689E+07  3.691E+07  3.680E+07  3.666E+07  3.657E+07  3.655E+07  3.644E+07  3.646E+07
  3.660E+07  3.687E+07  3.685E+07  3.690E+07  3.685E+07  3.687E+07  3.679E+07  3.659E+07  3.649E+07  3.644E+07
  3.646E+07  3.632E+07  3.637E+07  3.622E+07  3.624E+07  3.617E+07  3.604E+07  3.593E+07  3.597E+07  3.591E+07
  3.592E+07  3.593E+07  3.597E+07  3.589E+07  3.594E+07  3.601E+07  3.584E+07  3.574E+07  3.572E+07  3.567E+07
  3.576E+07  3.568E+07  3.560E+07  3.558E+07  3.546E+07  3.542E+07  3.532E+07  3.535E+07  3.527E+07  3.528E+07
  3.536E+07  3.532E+07  3.520E+07  3.523E+07  3.524E+07  3.530E+07  3.539E+07  3.530E+07  3.511E+07  3.500E+07
  3.488E+07  3.477E+07  3.478E+07  3.475E+07  3.468E+07  3.470E+07  3.474E+07  3.465E+07  3.465E+07  3.451E+07
  3.453E+07  3.449E+07  3.433E+07  3.420E+07  3.430E+07  3.432E+07  3.427E+07  3.411E+07  3.412E+07  3.408E+07
  3.404E+07  3.411E+07  3.409E+07  3.407E+07  3.401E+07  3.393E+07  3.373E+07  3.372E+07  3.377E+07  3.371E+07
  3.363E+07  3.347E+07  3.331E+07  3.331E+07  3.314E+07  3.310E+07  3.304E+07  3.291E+07  3.293E+07  3.291E+07
  3.291E+07  3.294E+07  3.301E+07  3.298E+07  3.293E+07  3.289E+07  3.286E+07  3.267E+07  3.252E+07  3.246E+07
  3.238E+07  3.237E+07  3.234E+07  3.222E+07  3.217E+07  3.216E+07  3.225E+07  3.224E+07  3.223E+07  3.228E+07
  3.230E+07  3.226E+07  3.217E+07  3.199E+07  3.191E+07  3.181E+07  3.166E+07  3.161E+07  3.169E+07  3.182E+07
  3.180E+07  3.173E+07  3.166E+07  3.171E+07  3.174E+07  3.187E+07  3.184E+07  3.171E+07  3.157E+07  3.152E+07
  3.865E+07  3.864E+07  3.880E+07  3.885E+07  3.895E+07  3.896E+07  3.898E+07  3.891E+07  3.891E+07  3.879E+07
  3.870E+07  3.863E+07  3.858E+07  3.848E+07  3.849E+07  3.856E+07  3.858E+07  3.861E+07  3.858E+07  3.846E+07
  3.832E+07  3.820E+07  3.812E+07  3.817E+07  3.827E+07  3.824E+07  3.819E+07  3.812E+07  3.805E+07  3.814E+07
  3.812E+07  3.796E+07  3.792E+07  3.791E+07  3.788E+07  3.775E+07  3.751E+07  3.755E+07  3.753E+07  3.753E+07
  3.734E+07  3.733E+07  3.732E+07  3.731E+07  3.717E+07  3.701E+07  3.696E+07  3.699E+07  3.699E+07  3.691E+07
  3.694E+07  3.698E+07  3.705E+07  3.704E+07  3.697E+07  3.696E+07  3.693E+07  3.697E+07  3.686E+07  3.673E+07
  3.669E+07  3.656E+07  3.644E+07  3.641E+07  3.644E+07  3.637E+07  3.612E+07  3.603E+07  3.603E+07  3.594E+07
  3.592E+07  3.582E+07  3.577E+07  3.569E+07  3.565E+07  3.562E+07  3.556E+07  3.558E+07  3.556E+07  3.560E+07
  3.552E+07  3.551E+07  3.545E+07  3.524E+07  3.511E+07  3.507E+07  3.488E+07  3.477E+07  3.472E+07  3.478E+07
  3.476E+07  3.467E+07  3.459E+07  3.455E+07  3.452E+07  3.442E+07  3.436E+07  3.436E+07  3.432E+07  3.418E+07
  3.420E+07  3.414E+07  3.399E+07  3.382E+07  3.381E+07  3.372E+07  3.363E+07  3.374E+07  3.366E+07  3.373E+07
  3.369E+07  3.362E+07  3.343E+07  3.344E+07  3.342E+07  3.325E+07  3.321E+07  3.322E+07  3.324E+07  3.318E+07
  3.318E+07  3.311E+07  3.316E+07  3.321E+07  3.307E+07  3.297E+07  3.283E+07  3.285E+07  3.281E+07  3.272E+07
  3.267E+07  3.265E+07  3.254E+07  3.262E+07  3.250E+07  3.239E+07  3.233E+07  3.241E+07  3.248E+07  3.257E+07
  3.255E+07  3.250E+07  3.258E+07  3.252E+07  3.242E+07  3.237E+07  3.228E+07  3.235E+07  3.230E+07  3.219E+07
  4.063E+07  4.053E+07  4.038E+07  4.038E+07  4.025E+07  4.011E+07  4.015E+07  4.025E+07  4.014E+07  4.016E+07
  4.009E+07  4.016E+07  4.019E+07  4.029E+07  4.028E+07  4.017E+07  4.019E+07  4.020E+07  4.010E+07  4.003E+07
  4.018E+07  4.011E+07  3.995E+07  3.991E+07  3.972E+07  3.952E+07  3.959E+07  3.961E+07  3.955E+07  3.942E+07
  3.931E+07  3.912E+07  3.913E+07  3.913E+07  3.897E+07  3.889E+07  3.891E+07  3.875E+07  3.873E+07  3.872E+07
  3.866E+07  3.861E+07  3.848E+07  3.840E+07  3.821E+07  3.821E+07  3.816E+07  3.806E+07  3.805E+07  3.797E+07
  3.798E+07  3.804E+07  3.784E+07  3.770E+07  3.776E+07  3.766E+07  3.764E+07  3.763E+07  3.760E+07  3.748E+07
  3.752E+07  3.751E+07  3.744E+07  3.735E+07  3.704E+07  3.686E+07  3.685E+07  3.682E+07  3.674E+07  3.663E+07
  3.664E+07  3.659E+07  3.661E+07  3.652E+07  3.644E+07  3.636E+07  3.642E+07  3.624E+07  3.609E+07  3.602E+07
  3.592E+07  3.584E+07  3.595E+07  3.601E+07  3.598E+07  3.583E+07  3.587E+07  3.592E+07  3.571E+07  3.546E+07
  3.528E+07  3.527E+07  3.538E+07  3.529E+07  3.515E+07  3.510E+07  3.523E+07  3.511E+07  3.509E+07  3.505E+07
  3.483E+07  3.467E+07  3.465E+07  3.468E+07  3.470E+07  3.468E+07  3.458E+07  3.444E+07  3.430E+07  3.431E+07
  3.441E+07  3.441E+07  3.437E+07  3.418E+07  3.413E+07  3.427E+07  3.428E+07  3.431E+07  3.433E+07  3.426E+07
  3.418E+07  3.410E+07  3.394E+07  3.396E+07  3.396E+07  3.384E+07  3.371E+07  3.370E+07  3.374E+07  3.375E+07
  3.378E+07  3.387E+07  3.389E+07  3.379E+07  3.378E+07  3.376E+07  3.371E+07  3.348E+07  3.334E+07  3.331E+07
  3.322E+07  3.321E+07  3.317E+07  3.315E+07  3.308E+07  3.312E+07  3.297E+07  3.267E+07  3.265E+07  3.272E+07
  4.211E+07  4.211E+07  4.218E+07  4.191E+07  4.181E+07  4.168E+07  4.176E+07  4.171E+07  4.165E+07  4.156E+07
  4.142E+07  4.151E+07  4.130E+07  4.104E+07  4.101E+07  4.098E+07  4.100E+07  4.112E+07  4.118E+07  4.117E+07
  4.101E+07  4.093E+07  4.092E+07  4.074E+07  4.067E+07  4.068E+07  4.044E+07  4.025E+07  4.015E+07  4.010E+07
  4.003E+07  4.001E+07  3.995E+07  3.986E+07  3.993E+07  3.982E+07  3.974E+07  3.964E+07  3.951E+07  3.952E+07
  3.951E+07  3.942E+07  3.937E+07  3.932E+07  3.930E+07  3.940E+07  3.938E+07  3.936E+07  3.925E+07  3.919E+07
  3.912E+07  3.895E+07  3.886E+07  3.874E+07  3.861E+07  3.860E+07  3.854E+07  3.829E+07  3.807E+07  3.793E+07
  3.782E+07  3.774E+07  3.772E+07  3.767E+07  3.773E+07  3.764E+07  3.749E+07  3.732E+07  3.727E+07  3.714E+07
  3.715E+07  3.715E+07  3.715E+07  3.710E+07  3.715E+07  3.715E+07  3.712E+07  3.698E+07  3.694E+07  3.694E+07
  3.697E+07  3.693E+07  3.681E+07  3.676E+07  3.678E+07  3.679E+07  3.663E+07  3.645E+07  3.643E+07  3.633E+07
  3.642E+07  3.648E+07  3.631E+07  3.610E+07  3.602E+07  3.600E+07  3.592E+07  3.577E+07  3.575E+07  3.578E+07
  3.594E+07  3.594E+07  3.583E+07  3.567E+07  3.561E+07  3.554E+07  3.548E+07  3.556E+07  3.565E+07  3.566E+07
  3.566E+07  3.564E+07  3.543E+07  3.537E+07  3.533E+07  3.526E+07  3.512E+07  3.504E+07  3.493E+07  3.480E+07
  3.477E+07  3.471E+07  3.459E+07  3.461E+07  3.455E+07  3.437E+07  3.425E+07  3.417E+07  3.420E+07  3.422E+07
  3.414E+07  3.407E+07  3.388E+07  3.389E+07  3.395E+07  3.398E+07  3.389E+07  3.380E+07  3.366E+07  3.361E+07
  3.356E+07  3.340E+07  3.335E+07  3.332E+07  3.334E+07  3.328E+07  3.344E+07  3.354E+07  3.336E+07  3.332E+07
  4.298E+07  4.286E+07  4.279E+07  4.266E+07  4.262E+07  4.262E+07  4.251E+07  4.231E+07  4.224E+07  4.231E+07
  4.229E+07  4.243E+07  4.246E+07  4.242E+07  4.245E+07  4.242E+07  4.229E+07  4.212E+07  4.191E+07  4.184E+07
  4.175E+07  4.167E+07  4.166E+07  4.166E+07  4.162E+07  4.153E+07  4.149E+07  4.155E+07  4.156E+07  4.162E+07
  4.157E+07  4.142E+07  4.119E+07  4.099E+07  4.092E+07  4.085E+07  4.079E+07  4.074E+07  4.064E+07  4.069E+07
  4.063E+07  4.053E+07  4.049E+07  4.039E+07  4.036E+07  4.013E+07  3.997E+07  3.970E+07  3.961E+07  3.937E+07
  3.915E+07  3.914E+07  3.920E+07  3.913E+07  3.913E+07  3.919E+07  3.905E+07  3.910E+07  3.893E+07  3.896E+07
  3.901E+07  3.893E+07  3.887E+07  3.873E+07  3.873E+07  3.862E+07  3.855E+07  3.860E+07  3.846E+07  3.833E+07
  3.825E+07  3.809E+07  3.796E+07  3.775E+07  3.759E+07  3.758E+07  3.748E+07  3.758E+07  3.756E+07  3.759E+07
  3.752E+07  3.744E+07  3.743E+07  3.749E+07  3.747E+07  3.747E+07  3.741E+07  3.737E+07  3.736E+07  3.739E+07
  3.725E+07  3.707E+07  3.694E+07  3.685E+07  3.680E+07  3.666E+07  3.656E+07  3.654E+07  3.656E+07  3.648E+07
  3.657E+07  3.657E+07  3.651E+07  3.644E+07  3.640E+07  3.641E+07  3.632E+07  3.622E+07  3.603E+07  3.589E+07
  3.582E+07  3.571E+07  3.577E+07  3.577E+07  3.573E+07  3.566E+07  3.560E+07  3.550E+07  3.539E+07  3.533E+07
  3.533E+07  3.524E+07  3.514E+07  3.501E+07  3.496E+07  3.494E+07  3.482E+07  3.475E+07  3.482E+07  3.471E+07
  3.459E+07  3.436E+07  3.447E+07  3.460E+07  3.457E+07  3.458E+07  3.455E+07  3.454E+07  3.456E+07  3.452E+07
  3.452E+07  3.450E+07  3.443E+07  3.432E+07  3.431E+07  3.428E+07  3.414E+07  3.398E+07  3.389E+07  3.379E+07
  4.431E+07  4.426E+07  4.423E+07  4.422E+07  4.410E+07  4.403E+07  4.388E+07  4.378E+07  4.361E+07  4.334E+07
  4.340E+07  4.330E+07  4.317E+07  4.309E+07  4.294E+07  4.288E+07  4.283E+07  4.280E+07  4.272E+07  4.258E+07
  4.257E+07  4.261E+07  4.256E+07  4.232E+07  4.214E+07  4.211E+07  4.219E+07  4.221E+07  4.217E+07  4.218E+07
  4.204E+07  4.199E+07  4.207E+07  4.205E+07  4.214E+07  4.211E+07  4.199E+07  4.183E+07  4.162E+07  4.153E+07
  4.145E+07  4.144E+07  4.139E+07  4.131E+07  4.117E+07  4.100E+07  4.097E+07  4.089E+07  4.086E+07  4.080E+07
  4.071E+07  4.064E+07  4.066E+07  4.055E+07  4.044E+07  4.019E+07  4.003E+07  3.994E+07  3.999E+07  3.996E+07
  3.997E+07  3.983E+07  3.971E+07  3.963E+07  3.960E+07  3.960E+07  3.949E+07  3.934E+07  3.936E+07  3.920E+07
  3.921E+07  3.920E+07  3.921E+07  3.924E+07  3.909E+07  3.896E+07  3.889E+07  3.886E+07  3.882E+07  3.869E+07
  3.865E+07  3.863E+07  3.866E+07  3.871E+07  3.865E+07  3.869E+07  3.854E+07  3.828E+07  3.797E+07  3.787E+07
  3.777E+07  3.772E+07  3.764E+07  3.773E+07  3.779E+07  3.770E+07  3.756E+07  3.755E+07  3.756E+07  3.748E+07
  3.734E+07  3.724E+07  3.725E+07  3.724E+07  3.716E+07  3.723E+07  3.705E+07  3.693E+07  3.703E+07  3.701E+07
  3.685E+07  3.685E+07  3.662E+07  3.654E+07  3.649E+07  3.636E+07  3.618E+07  3.613E+07  3.609E+07  3.609E+07
  3.602E+07  3.600E+07  3.587E+07  3.570E+07  3.560E+07  3.553E+07  3.559E+07  3.555E+07  3.549E+07  3.551E+07
  3.546E+07  3.552E+07  3.531E+07  3.512E+07  3.504E+07  3.501E+07  3.489E+07  3.470E+07  3.458E+07  3.460E+07
  3.465E+07  3.463E+07  3.451E+07  3.442E+07  3.428E+07  3.413E+07  3.395E+07  3.395E+07  3.389E+07  3.376E+07
  4.543E+07  4.538E+07  4.506E+07  4.481E+07  4.468E+07  4.462E+07  4.459E+07  4.474E+07  4.487E+07  4.488E+07
  4.488E+07  4.473E+07  4.454E+07  4.453E+07  4.437E+07  4.423E+07  4.409E+07  4.404E+07  4.419E+07  4.421E+07
  4.407E+07  4.402E+07  4.402E+07  4.399E+07  4.395E+07  4.392E+07  4.382E+07  4.375E+07  4.386E+07  4.375E+07
  4.372E+07  4.365E+07  4.345E+07  4.334E+07  4.317E+07  4.306E+07  4.295E+07  4.281E+07  4.266E+07  4.247E+07
  4.239E+07  4.233E+07  4.223E+07  4.214E+07  4.204E+07  4.210E+07  4.209E+07  4.192E+07  4.172E+07  4.150E+07
  4.147E+07  4.130E+07  4.117E+07  4.117E+07  4.126E+07  4.143E+07  4.149E+07  4.142E+07  4.143E+07  4.131E+07
  4.117E+07  4.109E+07  4.080E+07  4.071E+07  4.058E+07  4.035E+07  4.026E+07  4.026E+07  4.018E+07  4.014E+07
  3.998E+07  4.004E+07  4.006E+07  3.994E+07  3.993E+07  3.986E+07  3.974E+07  3.962E+07  3.965E+07  3.954E+07
  3.946E+07  3.931E+07  3.912E+07  3.905E+07  3.907E+07  3.888E+07  3.879E+07  3.885E+07  3.894E+07  3.887E+07
  3.876E+07  3.868E+07  3.863E+07  3.854E+07  3.845E+07  3.834E+07  3.831E+07  3.827E+07  3.818E+07  3.818E+07
  3.815E+07  3.813E+07  3.819E+07  3.814E+07  3.819E+07  3.799E+07  3.790E+07  3.769E+07  3.755E+07  3.745E+07
  3.740E+07  3.739E+07  3.739E+07  3.725E+07  3.705E+07  3.708E+07  3.709E+07  3.704E+07  3.696E+07  3.699E+07
  3.687E+07  3.675E+07  3.668E+07  3.656E+07  3.636E+07  3.630E+07  3.613E+07  3.607E+07  3.592E+07  3.574E+07
  3.556E+07  3.536E+07  3.530E+07  3.532E+07  3.521E+07  3.526E+07  3.525E+07  3.531E+07  3.538E+07  3.530E+07
  3.531E+07  3.541E+07  3.534E+07  3.529E+07  3.525E+07  3.518E+07  3.531E+07  3.525E+07  3.526E+07  3.519E+07
  4.667E+07  4.656E+07  4.645E+07  4.635E+07  4.633E+07  4.630E+07  4.628E+07  4.611E+07  4.593E+07  4.588E+07
  4.589E+07  4.586E+07  4.580E+07  4.575E+07  4.574E+07  4.567E+07  4.552E+07  4.540E+07  4.530E+07  4.517E+07
  4.517E+07  4.501E+07  4.489E+07  4.492E+07  4.494E+07  4.482E+07  4.473E+07  4.441E+07  4.415E+07  4.407E+07
  4.388E+07  4.375E+07  4.387E+07  4.373E+07  4.383E+07  4.380E+07  4.372E+07  4.355E+07  4.355E+07  4.345E+07
  4.337E+07  4.335E+07  4.332E+07  4.309E+07  4.295E+07  4.286E+07  4.277E+07  4.271E+07  4.276E+07  4.273E+07
  4.263E+07  4.261E+07  4.258E+07  4.249E+07  4.251E+07  4.232E+07  4.213E+07  4.205E+07  4.204E+07  4.202E+07
  4.188E+07  4.178E+07  4.177E+07  4.161E+07  4.154E+07  4.158E+07  4.151E+07  4.138E+07  4.137E+07  4.139E+07
  4.136E+07  4.124E+07  4.106E+07  4.097E+07  4.082E+07  4.065E+07  4.046E+07  4.032E+07  4.016E+07  4.011E+07
  4.015E+07  4.004E+07  3.987E+07  3.993E+07  3.993E+07  3.973E+07  3.965E+07  3.953E+07  3.945E+07  3.936E+07
  3.938E+07  3.943E+07  3.948E+07  3.943E+07  3.934E+07  3.931E+07  3.929E+07  3.923E+07  3.912E+07  3.906E+07
  3.895E+07  3.882E+07  3.863E+07  3.842E+07  3.817E+07  3.811E+07  3.820E+07  3.841E+07  3.834E+07  3.826E+07
  3.820E+07  3.821E+07  3.808E+07  3.798E+07  3.794E+07  3.794E+07  3.791E+07  3.785E+07  3.788E+07  3.769E+07
  3.761E+07  3.758E+07  3.737E+07  3.733E+07  3.727E+07  3.719E+07  3.711E+07  3.721E+07  3.712E+07  3.700E+07
  3.687E+07  3.669E+07  3.656E+07  3.639E+07  3.630E+07  3.624E+07  3.634E+07  3.624E+07  3.610E+07  3.593E+07
  3.588E+07  3.581E+07  3.575E+07  3.558E+07  3.547E+07  3.533E+07  3.520E+07  3.509E+07  3.505E+07  3.492E+07
  4.788E+07  4.773E+07  4.759E+07  4.753E+07  4.734E+07  4.730E+07  4.719E+07  4.715E+07  4.723E+07  4.720E+07
  4.713E+07  4.696E+07  4.664E+07  4.632E+07  4.616E+07  4.616E+07  4.611E+07  4.611E+07  4.605E+07  4.590E+07
  4.588E+07  4.592E+07  4.578E+07  4.557E+07  4.548E+07  4.526E+07  4.514E+07  4.525E+07  4.524E+07  4.512E+07
  4.525E+07  4.536E+07  4.531E+07  4.508E+07  4.492E+07  4.482E+07  4.482E+07  4.476E+07  4.472E+07  4.469E+07
  4.455E+07  4.431E+07  4.404E+07  4.398E+07  4.399E+07  4.395E+07  4.377E+07  4.359E+07  4.329E+07  4.323E+07
  4.329E+07  4.325E+07  4.308E+07  4.301E+07  4.286E+07  4.290E+07  4.285E+07  4.270E+07  4.260E+07  4.260E+07
  4.256E+07  4.237E+07  4.230E+07  4.225E+07  4.208E+07  4.180E+07  4.163E+07  4.148E+07  4.148E+07  4.139E+07
  4.138E+07  4.140E+07  4.141E+07  4.138E+07  4.131E+07  4.124E+07  4.106E+07  4.096E+07  4.098E+07  4.089E+07
  4.066E+07  4.047E+07  4.047E+07  4.056E+07  4.064E+07  4.063E+07  4.069E+07  4.058E+07  4.059E+07  4.060E+07
  4.048E+07  4.049E+07  4.052E+07  4.037E+07  4.032E+07  4.013E+07  3.978E+07  3.959E+07  3.935E+07  3.897E+07
  3.892E+07  3.893E+07  3.890E+07  3.876E+07  3.876E+07  3.872E+07  3.868E+07  3.861E+07  3.842E+07  3.831E+07
  3.816E+07  3.807E+07  3.809E+07  3.795E+07  3.787E+07  3.785E+07  3.783E+07  3.780E+07  3.751E+07  3.743E+07
  3.749E+07  3.746E+07  3.726E+07  3.717E+07  3.714E+07  3.694E+07  3.683E+07  3.670E+07  3.655E+07  3.658E+07
  3.648E+07  3.648E+07  3.648E+07  3.647E+07  3.636E+07  3.629E+07  3.628E+07  3.615E+07  3.599E+07  3.574E+07
  3.572E+07  3.568E+07  3.567E+07  3.566E+07  3.567E+07  3.572E+07  3.571E+07  3.557E+07  3.542E+07  3.539E+07
  4.885E+07  4.870E+07  4.873E+07  4.872E+07  4.850E+07  4.831E+07  4.815E+07  4.799E+07  4.790E+07  4.783E+07
  4.784E+07  4.779E+07  4.779E+07  4.769E+07  4.767E+07  4.755E+07  4.754E+07  4.731E+07  4.726E+07  4.730E+07
  4.709E+07  4.694E+07  4.684E+07  4.673E+07  4.656E+07  4.643E+07  4.621E+07  4.607E+07  4.589E+07  4.577E+07
  4.581E+07  4.572E+07  4.578E+07  4.578E+07  4.572E+07  4.556E+07  4.547E+07  4.546E+07  4.555E+07  4.537E+07
  4.516E+07  4.498E+07  4.481E+07  4.470E+07  4.474E+07  4.462E+07  4.449E+07  4.437E+07  4.434E+07  4.431E+07
  4.410E+07  4.405E+07  4.399E+07  4.386E+07  4.373E+07  4.371E+07  4.347E+07  4.340E+07  4.332E+07  4.318E+07
  4.305E+07  4.297E+07  4.309E+07  4.300E+07  4.288E+07  4.282E+07  4.276E+07  4.250E+07  4.232E+07  4.227E+07
  4.224E+07  4.219E+07  4.214E+07  4.218E+07  4.227E+07  4.223E+07  4.204E+07  4.195E+07  4.181E+07  4.171E+07
  4.157E+07  4.150E+07  4.127E+07  4.123E+07  4.111E+07  4.087E+07  4.068E+07  4.052E+07  4.037E+07  4.021E+07
  4.005E+07  3.993E+07  3.968E+07  3.956E+07  3.957E+07  3.958E+07  3.957E+07  3.953E+07  3.951E+07  3.965E+07
  3.947E+07  3.930E+07  3.933E+07  3.926E+07  3.915E+07  3.904E+07  3.881E+07  3.871E+07  3.862E+07  3.859E+07
  3.844E+07  3.836E+07  3.830E+07  3.842E+07  3.848E+07  3.843E+07  3.840E+07  3.831E+07  3.834E+07  3.826E+07
  3.803E+07  3.803E+07  3.809E+07  3.808E+07  3.807E+07  3.801E+07  3.775E+07  3.754E+07  3.757E+07  3.743E+07
  3.727E+07  3.710E+07  3.701E+07  3.693E+07  3.670E+07  3.670E+07  3.673E+07  3.688E+07  3.686E+07  3.681E+07
  3.662E+07  3.660E+07  3.663E+07  3.658E+07  3.653E+07  3.634E+07  3.617E+07  3.601E+07  3.594E+07  3.585E+07
  5.008E+07  5.003E+07  4.976E+07  4.961E+07  4.951E+07  4.949E+07  4.935E+07  4.932E+07  4.910E+07  4.888E+07
  4.880E+07  4.862E+07  4.853E+07  4.855E+07  4.841E+07  4.828E+07  4.804E+07  4.789E+07  4.769E+07  4.749E+07
  4.749E+07  4.746E+07  4.743E+07  4.718E+07  4.713E+07  4.701E+07  4.689E+07  4.688E+07  4.694E+07  4.696E+07
  4.696E+07  4.692E+07  4.681E+07  4.669E+07  4.658E+07  4.639E+07  4.632E+07  4.603E+07  4.585E+07  4.598E+07
  4.602E+07  4.599E+07  4.582E+07  4.568E+07  4.560E+07  4.548E+07  4.538E+07  4.532E+07  4.533E+07  4.513E+07
  4.496E+07  4.478E+07  4.466E+07  4.466E+07  4.464E+07  4.447E+07  4.441E+07  4.434E+07  4.422E+07  4.408E+07
  4.389E+07  4.380E+07  4.360E+07  4.348E+07  4.347E+07  4.330E+07  4.309E+07  4.300E+07  4.282E+07  4.262E+07
  4.257E+07  4.251E+07  4.240E+07  4.238E+07  4.231E+07  4.224E+07  4.214E+07  4.204E+07  4.192E+07  4.191E+07
  4.176E+07  4.163E+07  4.153E+07  4.150E+07  4.120E+07  4.098E+07  4.098E+07  4.094E+07  4.083E+07  4.076E+07
  4.051E+07  4.036E+07  4.043E+07  4.047E+07  4.035E+07  4.029E+07  4.026E+07  4.016E+07  4.011E+07  3.998E+07
  3.995E+07  4.002E+07  3.996E+07  3.991E+07  3.979E+07  3.970E+07  3.961E+07  3.953E+07  3.937E+07  3.927E+07
  3.932E+07  3.921E+07  3.903E+07  3.890E+07  3.900E+07  3.892E+07  3.881E+07  3.868E+07  3.864E+07  3.856E+07
  3.844E+07  3.822E+07  3.812E+07  3.804E+07  3.788E+07  3.781E+07  3.772E+07  3.770E+07  3.758E+07  3.747E+07
  3.746E+07  3.750E+07  3.760E+07  3.761E+07  3.750E+07  3.743E+07  3.739E+07  3.723E+07  3.710E+07  3.705E+07
  3.688E+07  3.685E+07  3.681E+07  3.684E+07  3.674E+07  3.675E+07  3.664E+07  3.660E+07  3.654E+07  3.636E+07
  5.097E+07  5.076E+07  5.050E+07  5.046E+07  5.040E+07  5.030E+07  5.023E+07  5.008E+07  4.997E+07  4.985E+07
  4.961E+07  4.955E+07  4.920E+07  4.897E+07  4.885E+07  4.881E+07  4.882E+07  4.886E+07  4.889E+07  4.880E+07
  4.860E+07  4.864E+07  4.841E+07  4.839E+07  4.824E+07  4.801E+07  4.779E+07  4.762E+07  4.731E+07  4.722E+07
  4.717E+07  4.691E+07  4.674E+07  4.657E+07  4.636E+07  4.621E+07  4.617E+07  4.628E+07  4.605E+07  4.600E+07
  4.596E+07  4.575E+07  4.571E+07  4.557E+07  4.557E+07  4.566E+07  4.559E+07  4.533E+07  4.513E+07  4.508E+07
  4.490E+07  4.487E+07  4.486E+07  4.480E+07  4.456E+07  4.439E+07  4.435E+07  4.426E+07  4.411E+07  4.406E+07
  4.395E+07  4.372E+07  4.354E+07  4.334E+07  4.315E+07  4.295E+07  4.291E+07  4.299E+07  4.295E+07  4.298E+07
  4.297E+07  4.291E+07  4.273E+07  4.250E+07  4.253E+07  4.240E+07  4.235E+07  4.225E+07  4.214E+07  4.204E+07
  4.209E+07  4.188E+07  4.188E+07  4.183E+07  4.177E+07  4.166E+07  4.153E+07  4.136E+07  4.119E+07  4.115E+07
  4.123E+07  4.108E+07  4.108E+07  4.105E+07  4.113E+07  4.115E+07  4.122E+07  4.128E+07  4.120E+07  4.128E+07
  4.133E+07  4.135E+07  4.130E+07  4.111E+07  4.075E+07  4.066E+07  4.072E+07  4.056E+07  4.051E+07  4.034E+07
  4.015E+07  4.003E+07  3.980E+07  3.963E+07  3.951E+07  3.942E+07  3.916E+07  3.909E+07  3.909E+07  3.893E+07
  3.873E+07  3.873E+07  3.862E+07  3.862E+07  3.842E+07  3.838E+07  3.824E+07  3.815E+07  3.820E+07  3.813E+07
  3.809E+07  3.807E+07  3.804E+07  3.789E+07  3.778E+07  3.772E+07  3.759E+07  3.766E+07  3.758E+07  3.746E+07
  3.742E+07  3.726E+07  3.719E+07  3.719E+07  3.699E+07  3.680E+07  3.683E+07  3.676E+07  3.671E+07  3.666E+07
  5.138E+07  5.126E+07  5.118E+07  5.103E+07  5.080E+07  5.066E+07  5.050E+07  5.024E+07  5.004E+07  4.982E+07
  4.969E+07  4.953E+07  4.939E+07  4.926E+07  4.926E+07  4.912E+07  4.902E+07  4.878E+07  4.858E+07  4.852E+07
  4.847E+07  4.846E+07  4.847E+07  4.835E+07  4.823E+07  4.803E+07  4.792E+07  4.782E+07  4.793E+07  4.789E+07
  4.764E+07  4.746E+07  4.736E+07  4.739E+07  4.726E+07  4.718E+07  4.693E+07  4.662E+07  4.655E+07  4.642E+07
  4.643E+07  4.649E+07  4.633E+07  4.619E+07  4.594E+07  4.581E+07  4.581E+07  4.587E+07  4.592E+07  4.589E+07
  4.588E+07  4.589E+07  4.579E+07  4.565E+07  4.549E+07  4.542E+07  4.532E+07  4.510E+07  4.493E+07  4.470E+07
  4.463E+07  4.448E+07  4.425E+07  4.424E+07  4.419E+07  4.420E+07  4.421E+07  4.403E+07  4.387E+07  4.367E+07
  4.332E+07  4.327E+07  4.321E+07  4.315E+07  4.312E+07  4.305E+07  4.302E+07  4.295E+07  4.294E+07  4.287E+07
  4.281E+07  4.265E+07  4.260E+07  4.261E+07  4.254E+07  4.231E+07  4.221E+07  4.221E+07  4.215E+07  4.197E+07
  4.195E+07  4.195E+07  4.185E+07  4.195E+07  4.192E+07  4.177E+07  4.168E+07  4.160E+07  4.156E+07  4.157E+07
  4.152E+07  4.144E+07  4.140E+07  4.116E+07  4.104E+07  4.093E+07  4.079E+07  4.058E+07  4.038E+07  4.028E+07
  4.014E+07  3.996E+07  3.983E+07  3.979E+07  3.967E+07  3.959E+07  3.954E+07  3.946E+07  3.934E+07  3.923E+07
  3.920E+07  3.900E+07  3.898E+07  3.878E+07  3.861E+07  3.843E+07  3.836E+07  3.846E+07  3.836E+07  3.826E+07
  3.821E+07  3.828E+07  3.824E+07  3.818E+07  3.808E+07  3.794E+07  3.784E+07  3.787E+07  3.790E+07  3.773E+07
  3.767E+07  3.763E+07  3.748E+07  3.738E+07  3.731E+07  3.727E+07  3.725E+07  3.716E+07  3.705E+07  3.689E+07
  5.158E+07  5.137E+07  5.130E+07  5.121E+07  5.115E+07  5.106E+07  5.101E+07  5.077E+07  5.048E+07  5.036E+07
  5.018E+07  5.013E+07  5.013E+07  5.001E+07  4.987E+07  4.980E+07  4.981E+07  4.977E+07  4.971E+07  4.949E+07
  4.935E+07  4.928E+07  4.902E+07  4.888E+07  4.878E+07  4.863E+07  4.856E+07  4.848E+07  4.847E+07  4.852E+07
  4.843E+07  4.832E+07  4.817E+07  4.808E+07  4.793E+07  4.787E+07  4.780E+07  4.778E+07  4.747E+07  4.736E+07
  4.720E+07  4.705E+07  4.690E+07  4.668E+07  4.657E+07  4.666E+07  4.663E+07  4.667E+07  4.651E+07  4.640E+07
  4.621E+07  4.616E+07  4.616E+07  4.601E+07  4.571E+07  4.557E+07  4.558E+07  4.546E+07  4.532E+07  4.515E+07
  4.526E+07  4.526E+07  4.511E+07  4.504E+07  4.486E+07  4.466E+07  4.466E+07  4.468E+07  4.456E+07  4.446E+07
  4.447E+07  4.440E+07  4.428E+07  4.415E+07  4.389E+07  4.370E+07  4.367E+07  4.341E+07  4.321E+07  4.310E+07
  4.301E+07  4.296E+07  4.289E+07  4.289E+07  4.282E+07  4.275E+07  4.261E+07  4.250E+07  4.239E+07  4.236E+07
  4.214E+07  4.197E+07  4.167E+07  4.149E+07  4.145E+07  4.150E+07  4.137E+07  4.113E+07  4.093E+07  4.084E+07
  4.089E+07  4.086E+07  4.077E+07  4.065E+07  4.049E+07  4.035E+07  4.029E+07  4.027E+07  4.026E+07  4.022E+07
  4.013E+07  4.012E+07  4.002E+07  3.992E+07  3.983E+07  3.972E+07  3.963E+07  3.949E+07  3.927E+07  3.924E+07
  3.916E+07  3.908E+07  3.900E+07  3.892E+07  3.893E+07  3.893E+07  3.887E+07  3.879E+07  3.884E+07  3.873E+07
  3.880E+07  3.869E+07  3.863E+07  3.865E+07  3.855E+07  3.845E+07  3.851E+07  3.841E+07  3.832E+07  3.833E+07
  3.836E+07  3.828E+07  3.801E+07  3.780E+07  3.771E+07  3.765E+07  3.755E+07  3.744E+07  3.736E+07  3.728E+07
  5.222E+07  5.204E+07  5.199E+07  5.185E+07  5.164E+07  5.162E+07  5.158E+07  5.164E+07  5.160E+07  5.144E+07
  5.131E+07  5.111E+07  5.103E+07  5.071E+07  5.057E+07  5.043E+07  5.028E+07  5.006E+07  5.000E+07  4.997E+07
  5.004E+07  4.980E+07  4.961E+07  4.964E+07  4.958E+07  4.928E+07  4.913E+07  4.908E+07  4.907E+07  4.881E+07
  4.856E+07  4.845E+07  4.822E+07  4.812E+07  4.801E+07  4.785E+07  4.759E+07  4.746E+07  4.767E+07  4.760E+07
  4.747E+07  4.748E+07  4.745E+07  4.741E+07  4.737E+07  4.730E+07  4.718E+07  4.703E+07  4.683E+07  4.657E+07
  4.641E+07  4.628E+07  4.611E+07  4.596E+07  4.591E+07  4.581E+07  4.566E+07  4.556E+07  4.559E+07  4.547E+07
  4.528E+07  4.519E+07  4.493E+07  4.488E+07  4.476E+07  4.467E+07  4.465E+07  4.473E+07  4.476E+07  4.473E+07
  4.460E+07  4.459E+07  4.459E+07  4.449E+07  4.443E+07  4.433E+07  4.400E+07  4.392E+07  4.373E+07  4.351E+07
  4.336E+07  4.333E+07  4.316E+07  4.295E+07  4.287E+07  4.268E+07  4.257E+07  4.262E+07  4.256E+07  4.238E+07
  4.227E+07  4.217E+07  4.206E+07  4.190E+07  4.178E+07  4.166E+07  4.153E+07  4.148E+07  4.140E+07  4.121E+07
  4.120E+07  4.113E+07  4.110E+07  4.102E+07  4.101E+07  4.097E+07  4.096E+07  4.088E+07  4.085E+07  4.073E+07
  4.063E+07  4.041E+07  4.033E+07  4.017E+07  3.991E+07  3.978E+07  3.958E+07  3.961E+07  3.954E+07  3.954E+07
  3.946E+07  3.942E+07  3.946E+07  3.939E+07  3.918E+07  3.915E+07  3.911E+07  3.905E+07  3.888E+07  3.896E+07
  3.879E+07  3.871E+07  3.865E+07  3.869E+07  3.875E+07  3.863E+07  3.851E+07  3.849E+07  3.834E+07  3.823E+07
  3.817E+07  3.803E+07  3.797E+07  3.796E+07  3.782E+07  3.774E+07  3.762E+07  3.754E+07  3.753E+07  3.744E+07
  5.286E+07  5.274E+07  5.263E+07  5.250E+07  5.228E+07  5.219E+07  5.211E+07  5.190E+07  5.186E+07  5.162E+07
  5.157E+07  5.148E+07  5.143E+07  5.137E+07  5.128E+07  5.112E+07  5.084E+07  5.063E+07  5.041E+07  5.012E+07
  4.995E+07  4.981E+07  4.965E+07  4.955E+07  4.936E+07  4.929E+07  4.922E+07  4.903E+07  4.893E+07  4.894E+07
  4.894E+07  4.872E+07  4.861E+07  4.842E+07  4.839E+07  4.827E+07  4.822E+07  4.802E+07  4.795E+07  4.784E+07
  4.795E+07  4.782E+07  4.737E+07  4.721E+07  4.715E+07  4.703E+07  4.692E+07  4.678E+07  4.679E+07  4.672E+07
  4.671E+07  4.657E+07  4.637E+07  4.623E+07  4.625E+07  4.608E+07  4.592E+07  4.584E+07  4.577E+07  4.557E+07
  4.544E+07  4.535E+07  4.533E+07  4.526E+07  4.529E+07  4.517E+07  4.500E+07  4.470E+07  4.464E+07  4.455E+07
  4.442E+07  4.418E+07  4.404E+07  4.394E+07  4.391E+07  4.400E+07  4.397E+07  4.371E+07  4.364E+07  4.368E+07
  4.358E+07  4.348E+07  4.328E+07  4.321E+07  4.305E+07  4.297E+07  4.283E+07  4.255E+07  4.245E+07  4.237E+07
  4.244E+07  4.251E+07  4.252E+07  4.242E+07  4.250E+07  4.249E+07  4.234E+07  4.225E+07  4.212E+07  4.196E+07
  4.190E+07  4.188E+07  4.184E+07  4.178E+07  4.145E+07  4.131E+07  4.106E+07  4.100E+07  4.091E+07  4.081E+07
  4.065E+07  4.061E+07  4.051E+07  4.038E+07  4.021E+07  4.029E+07  4.007E+07  3.995E+07  3.986E+07  3.979E+07
  3.969E+07  3.966E+07  3.958E+07  3.955E+07  3.956E+07  3.960E+07  3.963E+07  3.956E+07  3.950E+07  3.937E+07
  3.919E+07  3.903E+07  3.898E+07  3.891E+07  3.879E+07  3.887E+07  3.885E+07  3.871E+07  3.856E+07  3.843E+07
  3.824E+07  3.801E+07  3.784E+07  3.784E+07  3.777E+07  3.759E+07  3.757E+07  3.759E+07  3.743E+07  3.747E+07
  5.287E+07  5.280E+07  5.265E+07  5.248E+07  5.245E+07  5.218E+07  5.207E+07  5.195E+07  5.181E+07  5.171E+07
  5.156E+07  5.165E+07  5.161E+07  5.148E+07  5.126E+07  5.109E+07  5.096E+07  5.089E+07  5.074E+07  5.057E+07
  5.036E+07  5.021E+07  5.014E+07  5.009E+07  5.000E+07  5.003E+07  4.997E+07  4.995E+07  4.999E+07  4.986E+07
  4.973E+07  4.971E+07  4.946E+07  4.932E+07  4.923E+07  4.920E+07  4.915E+07  4.909E+07  4.898E+07  4.893E+07
  4.876E+07  4.863E+07  4.872E+07  4.861E+07  4.844E+07  4.824E+07  4.799E+07  4.787E+07  4.773E+07  4.761E+07
  4.741E+07  4.726E+07  4.721E+07  4.712E+07  4.700E+07  4.683E+07  4.671E+07  4.660E+07  4.646E+07  4.618E+07
  4.610E+07  4.611E+07  4.607E+07  4.583E+07  4.583E+07  4.573E+07  4.541E+07  4.522E+07  4.512E+07  4.503E+07
  4.501E+07  4.492E+07  4.482E+07  4.473E+07  4.475E+07  4.474E+07  4.466E+07  4.460E+07  4.455E+07  4.430E+07
  4.403E+07  4.392E+07  4.382E+07  4.359E+07  4.351E+07  4.354E+07  4.342E+07  4.331E+07  4.316E+07  4.319E+07
  4.308E+07  4.308E+07  4.309E+07  4.306E+07  4.294E+07  4.275E+07  4.263E+07  4.251E+07  4.234E+07  4.228E+07
  4.218E+07  4.180E+07  4.166E+07  4.156E+07  4.139E+07  4.131E+07  4.127E+07  4.109E+07  4.109E+07  4.102E+07
  4.080E+07  4.058E+07  4.038E+07  4.032E+07  4.029E+07  4.016E+07  4.020E+07  4.026E+07  4.023E+07  4.016E+07
  4.008E+07  3.987E+07  3.976E+07  3.971E+07  3.972E+07  3.975E+07  3.956E+07  3.938E+07  3.914E+07  3.902E+07
  3.889E+07  3.893E+07  3.881E+07  3.874E+07  3.873E+07  3.857E+07  3.839E+07  3.836E+07  3.826E+07  3.820E+07
  3.804E+07  3.793E+07  3.782E+07  3.778E+07  3.771E+07  3.775E+07  3.770E+07  3.770E+07  3.766E+07  3.760E+07
  5.369E+07  5.359E+07  5.360E+07  5.342E+07  5.327E+07  5.298E+07  5.281E+07  5.258E+07  5.252E+07  5.250E+07
  5.247E+07  5.243E+07  5.227E+07  5.215E+07  5.195E+07  5.191E+07  5.181E+07  5.174E+07  5.142E+07  5.120E+07
  5.114E+07  5.090E+07  5.059E+07  5.027E+07  4.999E+07  4.983E+07  4.972E+07  4.958E+07  4.944E+07  4.935E+07
  4.945E+07  4.949E+07  4.938E+07  4.929E+07  4.912E+07  4.907E+07  4.890E+07  4.869E+07  4.855E+07  4.836E+07
  4.838E+07  4.826E+07  4.809E+07  4.804E+07  4.792E+07  4.793E+07  4.808E+07  4.804E+07  4.800E+07  4.797E+07
  4.798E+07  4.794E+07  4.779E+07  4.767E+07  4.752E+07  4.726E+07  4.694E+07  4.698E+07  4.688E+07  4.673E+07
  4.653E+07  4.621E+07  4.601E+07  4.589E+07  4.582E+07  4.569E+07  4.568E+07  4.556E+07  4.549E+07  4.543E+07
  4.529E+07  4.521E+07  4.513E+07  4.492E+07  4.469E+07  4.461E+07  4.438E+07  4.423E+07  4.426E+07  4.410E+07
  4.384E+07  4.378E+07  4.364E+07  4.372E+07  4.375E+07  4.352E+07  4.346E+07  4.343E+07  4.339E+07  4.338E+07
  4.330E+07  4.327E+07  4.314E+07  4.298E+07  4.264E+07  4.251E+07  4.233E+07  4.213E+07  4.207E+07  4.201E+07
  4.187E+07  4.174E+07  4.172E+07  4.166E+07  4.163E+07  4.155E+07  4.138E+07  4.126E+07  4.115E+07  4.103E+07
  4.097E+07  4.098E+07  4.093E+07  4.091E+07  4.078E+07  4.075E+07  4.056E+07  4.037E+07  4.024E+07  4.002E+07
  3.997E+07  3.995E+07  3.995E+07  3.986E+07  3.968E+07  3.959E+07  3.950E+07  3.951E+07  3.950E+07  3.936E+07
  3.926E+07  3.928E+07  3.926E+07  3.920E+07  3.905E+07  3.898E+07  3.895E+07  3.890E+07  3.878E+07  3.871E+07
  3.867E+07  3.861E+07  3.866E+07  3.871E+07  3.847E+07  3.828E+07  3.818E+07  3.805E+07  3.791E+07  3.782E+07
  5.337E+07  5.321E+07  5.320E+07  5.324E+07  5.327E+07  5.324E+07  5.332E+07  5.318E+07  5.294E+07  5.278E+07
  5.271E+07  5.257E+07  5.248E+07  5.243E+07  5.227E+07  5.201E+07  5.187E+07  5.160E+07  5.138E+07  5.122E+07
  5.112E+07  5.099E+07  5.062E+07  5.049E+07  5.051E+07  5.043E+07  5.040E+07  5.037E+07  5.019E+07  5.022E+07
  5.018E+07  4.996E+07  4.980E+07  4.970E+07  4.957E+07  4.948E+07  4.945E+07  4.949E+07  4.932E+07  4.906E+07
  4.890E+07  4.876E+07  4.873E+07  4.868E+07  4.874E+07  4.863E+07  4.840E+07  4.836E+07  4.829E+07  4.824E+07
  4.813E+07  4.806E+07  4.788E+07  4.758E+07  4.741E+07  4.731E+07  4.729E+07  4.702E+07  4.675E+07  4.654E+07
  4.631E+07  4.636E+07  4.630E+07  4.611E+07  4.583E+07  4.555E+07  4.549E+07  4.536E+07  4.536E+07  4.520E+07
  4.499E+07  4.491E+07  4.481E+07  4.467E+07  4.459E+07  4.458E+07  4.459E+07  4.478E+07  4.459E+07  4.443E+07
  4.428E+07  4.416E+07  4.406E+07  4.389E+07  4.364E+07  4.357E+07  4.350E+07  4.342E+07  4.331E+07  4.328E+07
  4.306E+07  4.281E+07  4.275E+07  4.265E+07  4.261E+07  4.246E+07  4.238E+07  4.241E+07  4.235E+07  4.239E+07
  4.232E+07  4.224E+07  4.212E+07  4.207E+07  4.209E+07  4.202E+07  4.188E+07  4.169E+07  4.145E+07  4.134E+07
  4.120E+07  4.110E+07  4.095E+07  4.069E+07  4.064E+07  4.061E+07  4.056E+07  4.054E+07  4.052E+07  4.045E+07
  4.042E+07  4.049E+07  4.052E+07  4.047E+07  4.042E+07  4.022E+07  4.017E+07  4.002E+07  3.989E+07  3.980E+07
  3.989E+07  3.981E+07  3.972E+07  3.952E+07  3.930E+07  3.921E+07  3.914E+07  3.903E+07  3.892E+07  3.881E+07
  3.868E+07  3.858E+07  3.856E+07  3.831E+07  3.822E+07  3.812E+07  3.799E+07  3.787E+07  3.784E+07  3.772E+07
  5.408E+07  5.395E+07  5.381E+07  5.361E+07  5.356E+07  5.348E+07  5.339E+07  5.310E+07  5.291E+07  5.269E+07
  5.247E+07  5.229E+07  5.228E+07  5.215E+07  5.201E+07  5.192E+07  5.173E+07  5.166E+07  5.156E+07  5.129E+07
  5.109E+07  5.099E+07  5.102E+07  5.094E+07  5.084E+07  5.073E+07  5.072E+07  5.062E+07  5.040E+07  5.037E+07
  5.014E+07  5.012E+07  5.004E+07  4.993E+07  4.979E+07  4.962E+07  4.951E+07  4.918E+07  4.887E+07  4.876E+07
  4.866E+07  4.845E+07  4.825E+07  4.816E+07  4.812E+07  4.808E+07  4.813E+07  4.801E+07  4.789E+07  4.776E+07
  4.774E+07  4.777E+07  4.769E+07  4.752E+07  4.737E+07  4.734E+07  4.715E+07  4.699E+07  4.673E+07  4.661E+07
  4.648E+07  4.625E+07  4.611E+07  4.598E+07  4.598E+07  4.584E+07  4.584E+07  4.583E+07  4.571E+07  4.566E+07
  4.551E+07  4.537E+07  4.533E+07  4.533E+07  4.510E+07  4.482E+07  4.454E+07  4.430E+07  4.441E+07  4.444E+07
  4.424E+07  4.412E+07  4.400E+07  4.374E+07  4.365E+07  4.365E+07  4.360E+07  4.339E+07  4.327E+07  4.323E+07
  4.319E+07  4.309E+07  4.311E+07  4.304E+07  4.298E+07  4.285E+07  4.285E+07  4.280E+07  4.250E+07  4.256E+07
  4.258E+07  4.237E+07  4.217E+07  4.205E+07  4.189E+07  4.172E+07  4.171E+07  4.172E+07  4.164E+07  4.169E+07
  4.173E+07  4.165E+07  4.162E+07  4.155E+07  4.138E+07  4.122E+07  4.106E+07  4.103E+07  4.089E+07  4.084E+07
  4.073E+07  4.072E+07  4.072E+07  4.066E+07  4.063E+07  4.056E+07  4.044E+07  4.034E+07  4.043E+07  4.032E+07
  4.015E+07  4.002E+07  3.977E+07  3.962E+07  3.947E+07  3.939E+07  3.936E+07  3.932E+07  3.924E+07  3.907E+07
  3.894E+07  3.880E+07  3.871E+07  3.856E+07  3.844E+07  3.832E+07  3.827E+07  3.826E+07  3.817E+07  3.812E+07
  5.475E+07  5.450E+07  5.431E+07  5.412E+07  5.390E+07  5.379E+07  5.373E+07  5.349E+07  5.316E+07  5.299E+07
  5.284E+07  5.267E+07  5.248E+07  5.232E+07  5.226E+07  5.202E+07  5.183E+07  5.154E+07  5.131E+07  5.121E+07
  5.128E+07  5.111E+07  5.100E+07  5.094E+07  5.088E+07  5.067E+07  5.056E+07  5.040E+07  5.027E+07  5.009E+07
  5.014E+07  4.999E+07  4.971E+07  4.968E+07  4.950E+07  4.937E+07  4.924E+07  4.914E+07  4.898E+07  4.894E+07
  4.888E+07  4.884E+07  4.876E+07  4.849E+07  4.830E+07  4.820E+07  4.791E+07  4.784E+07  4.775E+07  4.769E+07
  4.766E+07  4.754E+07  4.739E+07  4.741E+07  4.741E+07  4.730E+07  4.707E+07  4.699E+07  4.701E+07  4.700E+07
  4.691E+07  4.674E+07  4.656E+07  4.651E+07  4.633E+07  4.599E+07  4.574E+07  4.576E+07  4.564E+07  4.551E+07
  4.552E+07  4.544E+07  4.532E+07  4.512E+07  4.501E+07  4.486E+07  4.472E+07  4.471E+07  4.463E+07  4.441E+07
  4.425E+07  4.430E+07  4.418E+07  4.424E+07  4.418E+07  4.402E+07  4.378E+07  4.365E+07  4.348E+07  4.338E+07
  4.334E+07  4.318E+07  4.304E+07  4.283E+07  4.286E+07  4.283E+07  4.263E+07  4.246E+07  4.233E+07  4.222E+07
  4.197E+07  4.190E+07  4.173E+07  4.173E+07  4.169E+07  4.161E+07  4.159E+07  4.155E+07  4.153E+07  4.143E+07
  4.125E+07  4.116E+07  4.099E+07  4.092E+07  4.098E+07  4.097E+07  4.080E+07  4.064E+07  4.050E+07  4.039E+07
  4.048E+07  4.050E+07  4.055E+07  4.058E+07  4.037E+07  4.032E+07  4.034E+07  4.026E+07  4.006E+07  3.993E+07
  3.977E+07  3.981E+07  3.975E+07  3.950E+07  3.938E+07  3.916E+07  3.878E+07  3.864E+07  3.855E+07  3.846E+07
  3.834E+07  3.824E+07  3.836E+07  3.834E+07  3.841E+07  3.849E+07  3.845E+07  3.841E+07  3.835E+07  3.838E+07
  5.423E+07  5.406E+07  5.387E+07  5.366E+07  5.358E+07  5.357E+07  5.337E+07  5.339E+07  5.341E+07  5.342E+07
  5.333E+07  5.310E+07  5.274E+07  5.274E+07  5.255E+07  5.257E+07  5.228E+07  5.213E+07  5.190E+07  5.172E+07
  5.152E+07  5.142E+07  5.133E+07  5.122E+07  5.129E+07  5.125E+07  5.106E+07  5.096E+07  5.084E+07  5.076E+07
  5.059E+07  5.044E+07  5.032E+07  5.008E+07  4.992E+07  4.992E+07  4.981E+07  4.960E+07  4.941E+07  4.938E+07
  4.925E+07  4.920E+07  4.906E+07  4.885E+07  4.876E+07  4.871E+07  4.862E+07  4.846E+07  4.835E+07  4.822E+07
  4.793E+07  4.769E+07  4.749E+07  4.736E+07  4.722E+07  4.706E+07  4.708E+07  4.710E+07  4.706E+07  4.704E+07
  4.703E+07  4.684E+07  4.666E+07  4.662E+07  4.666E+07  4.655E+07  4.631E+07  4.615E+07  4.605E+07  4.598E+07
  4.567E+07  4.537E+07  4.524E+07  4.514E+07  4.508E+07  4.505E+07  4.497E+07  4.496E+07  4.486E+07  4.477E+07
  4.464E+07  4.438E+07  4.423E+07  4.407E+07  4.400E+07  4.408E+07  4.386E+07  4.362E+07  4.356E+07  4.344E+07
  4.342E+07  4.338E+07  4.335E+07  4.324E+07  4.306E+07  4.287E+07  4.283E+07  4.279E+07  4.276E+07  4.258E+07
  4.244E+07  4.225E+07  4.211E+07  4.206E+07  4.222E+07  4.212E+07  4.203E+07  4.199E+07  4.194E+07  4.195E+07
  4.189E+07  4.171E+07  4.146E+07  4.139E+07  4.138E+07  4.142E+07  4.135E+07  4.115E+07  4.098E+07  4.094E+07
  4.090E+07  4.082E+07  4.081E+07  4.076E+07  4.058E+07  4.033E+07  4.015E+07  4.000E+07  3.996E+07  3.971E+07
  3.946E+07  3.931E+07  3.933E+07  3.924E+07  3.913E+07  3.909E+07  3.910E+07  3.902E+07  3.890E+07  3.877E+07
  3.879E+07  3.884E+07  3.880E+07  3.871E+07  3.860E+07  3.836E+07  3.828E+07  3.820E+07  3.810E+07  3.794E+07
  5.388E+07  5.393E+07  5.385E+07  5.383E+07  5.385E+07  5.360E+07  5.341E+07  5.317E+07  5.301E+07  5.298E+07
  5.271E+07  5.267E+07  5.273E+07  5.262E+07  5.246E+07  5.233E+07  5.218E+07  5.218E+07  5.216E+07  5.196E+07
  5.174E+07  5.169E+07  5.160E+07  5.145E+07  5.116E+07  5.097E+07  5.072E+07  5.055E+07  5.043E+07  5.026E+07
  4.997E+07  4.983E+07  4.974E+07  4.958E+07  4.952E+07  4.938E+07  4.923E+07  4.907E+07  4.894E+07  4.894E+07
  4.896E+07  4.886E+07  4.874E+07  4.862E+07  4.859E+07  4.840E+07  4.814E+07  4.799E+07  4.788E+07  4.789E+07
  4.786E+07  4.764E+07  4.750E+07  4.729E+07  4.714E+07  4.706E+07  4.684E+07  4.675E+07  4.666E+07  4.669E+07
  4.673E+07  4.660E+07  4.657E+07  4.652E+07  4.646E+07  4.636E+07  4.638E+07  4.623E+07  4.605E+07  4.585E+07
  4.584E+07  4.575E+07  4.577E+07  4.582E+07  4.588E+07  4.566E+07  4.541E+07  4.521E+07  4.509E+07  4.500E+07
  4.481E+07  4.476E+07  4.464E+07  4.443E+07  4.426E+07  4.408E+07  4.402E+07  4.407E+07  4.390E+07  4.385E+07
  4.383E+07  4.372E+07  4.357E+07  4.348E+07  4.356E+07  4.345E+07  4.332E+07  4.318E+07  4.305E+07  4.305E+07
  4.288E+07  4.270E+07  4.257E+07  4.247E+07  4.227E+07  4.208E+07  4.181E+07  4.172E+07  4.162E+07  4.135E+07
  4.133E+07  4.131E+07  4.122E+07  4.107E+07  4.098E+07  4.083E+07  4.084E+07  4.066E+07  4.055E+07  4.053E+07
  4.049E+07  4.038E+07  4.021E+07  4.018E+07  4.014E+07  4.010E+07  4.004E+07  4.003E+07  4.005E+07  3.992E+07
  3.981E+07  3.969E+07  3.941E+07  3.932E+07  3.927E+07  3.915E+07  3.911E+07  3.911E+07  3.913E+07  3.896E+07
  3.873E+07  3.867E+07  3.855E+07  3.848E+07  3.838E+07  3.840E+07  3.831E+07  3.815E+07  3.805E+07  3.791E+07
  5.414E+07  5.402E+07  5.403E+07  5.394E+07  5.372E+07  5.353E+07  5.353E+07  5.333E+07  5.309E+07  5.306E+07
  5.305E+07  5.291E+07  5.272E+07  5.254E+07  5.215E+07  5.187E+07  5.174E+07  5.151E+07  5.144E+07  5.131E+07
  5.111E+07  5.097E+07  5.077E+07  5.071E+07  5.061E+07  5.058E+07  5.047E+07  5.041E+07  5.037E+07  5.031E+07
  5.033E+07  5.023E+07  5.006E+07  4.995E+07  4.987E+07  4.971E+07  4.965E+07  4.955E+07  4.946E+07  4.938E+07
  4.927E+07  4.916E+07  4.904E+07  4.889E+07  4.875E+07  4.858E+07  4.844E+07  4.822E+07  4.805E+07  4.783E+07
  4.763E+07  4.746E+07  4.740E+07  4.734E+07  4.722E+07  4.699E+07  4.698E+07  4.680E+07  4.673E+07  4.675E+07
  4.679E+07  4.671E+07  4.660E+07  4.659E+07  4.649E+07  4.639E+07  4.619E+07  4.592E+07  4.589E+07  4.577E+07
  4.564E+07  4.557E+07  4.557E+07  4.555E+07  4.550E+07  4.530E+07  4.515E+07  4.506E+07  4.500E+07  4.485E+07
  4.469E+07  4.442E+07  4.430E+07  4.426E+07  4.398E+07  4.381E+07  4.374E+07  4.370E+07  4.362E+07  4.340E+07
  4.332E+07  4.327E+07  4.319E+07  4.300E+07  4.283E+07  4.268E+07  4.254E+07  4.255E+07  4.242E+07  4.232E+07
  4.238E+07  4.224E+07  4.223E+07  4.204E+07  4.188E+07  4.180E+07  4.165E+07  4.152E+07  4.144E+07  4.143E+07
  4.128E+07  4.104E+07  4.096E+07  4.078E+07  4.073E+07  4.077E+07  4.067E+07  4.053E+07  4.060E+07  4.051E+07
  4.038E+07  4.032E+07  4.033E+07  4.035E+07  4.026E+07  4.023E+07  4.029E+07  4.034E+07  4.017E+07  4.006E+07
  3.997E+07  3.981E+07  3.983E+07  3.967E+07  3.971E+07  3.965E+07  3.955E+07  3.949E+07  3.936E+07  3.934E+07
  3.927E+07  3.911E+07  3.897E+07  3.877E+07  3.877E+07  3.866E+07  3.853E+07  3.860E+07  3.850E+07  3.830E+07
  5.339E+07  5.334E+07  5.327E+07  5.306E+07  5.283E+07  5.260E+07  5.240E+07  5.220E+07  5.208E+07  5.184E+07
  5.178E+07  5.167E+07  5.158E+07  5.154E+07  5.137E+07  5.125E+07  5.112E+07  5.099E+07  5.080E+07  5.071E+07
  5.050E+07  5.045E+07  5.037E+07  5.036E+07  5.032E+07  5.025E+07  5.028E+07  5.021E+07  5.009E+07  5.001E+07
  4.988E+07  4.989E+07  4.997E+07  4.987E+07  4.964E+07  4.959E+07  4.958E+07  4.940E+07  4.929E+07  4.926E+07
  4.918E+07  4.903E+07  4.894E+07  4.863E+07  4.854E+07  4.840E+07  4.836E+07  4.838E+07  4.823E+07  4.821E+07
  4.804E+07  4.783E+07  4.766E+07  4.755E+07  4.748E+07  4.743E+07  4.726E+07  4.715E+07  4.689E+07  4.669E+07
  4.651E+07  4.647E+07  4.630E+07  4.614E+07  4.624E+07  4.616E+07  4.603E+07  4.589E+07  4.577E+07  4.571E+07
  4.560E+07  4.539E+07  4.500E+07  4.485E+07  4.474E+07  4.469E+07  4.459E+07  4.441E+07  4.437E+07  4.421E+07
  4.405E+07  4.396E+07  4.385E+07  4.381E+07  4.387E+07  4.379E+07  4.366E+07  4.364E+07  4.352E+07  4.344E+07
  4.340E+07  4.336E+07  4.326E+07  4.316E+07  4.297E+07  4.283E+07  4.275E+07  4.263E+07  4.236E+07  4.224E+07
  4.200E+07  4.184E+07  4.174E+07  4.170E+07  4.162E+07  4.163E+07  4.159E+07  4.150E+07  4.140E+07  4.134E+07
  4.140E+07  4.130E+07  4.125E+07  4.113E+07  4.093E+07  4.078E+07  4.076E+07  4.076E+07  4.064E+07  4.049E+07
  4.042E+07  4.039E+07  4.029E+07  4.024E+07  4.016E+07  4.001E+07  3.986E+07  3.984E+07  3.998E+07  3.988E+07
  3.974E+07  3.967E+07  3.947E+07  3.935E+07  3.937E+07  3.930E+07  3.919E+07  3.911E+07  3.907E+07  3.920E+07
  3.921E+07  3.906E+07  3.900E+07  3.892E+07  3.889E+07  3.881E+07  3.883E+07  3.869E+07  3.843E+07  3.832E+07
  5.388E+07  5.361E+07  5.347E+07  5.341E+07  5.322E+07  5.313E+07  5.293E+07  5.288E+07  5.271E+07  5.259E+07
  5.257E+07  5.262E+07  5.248E+07  5.226E+07  5.213E+07  5.203E+07  5.180E+07  5.158E+07  5.142E+07  5.129E+07
  5.116E+07  5.104E+07  5.103E+07  5.091E+07  5.069E+07  5.042E+07  5.026E+07  5.024E+07  5.028E+07  5.007E+07
  4.981E+07  4.973E+07  4.958E+07  4.949E+07  4.948E+07  4.932E+07  4.915E+07  4.908E+07  4.888E+07  4.875E+07
  4.867E+07  4.845E+07  4.834E+07  4.826E+07  4.814E+07  4.815E+07  4.827E+07  4.823E+07  4.811E+07  4.813E+07
  4.813E+07  4.800E+07  4.782E+07  4.775E+07  4.754E+07  4.729E+07  4.704E+07  4.699E+07  4.676E+07  4.657E+07
  4.635E+07  4.625E+07  4.621E+07  4.607E+07  4.598E+07  4.581E+07  4.575E+07  4.576E+07  4.564E+07  4.552E+07
  4.540E+07  4.525E+07  4.511E+07  4.502E+07  4.480E+07  4.448E+07  4.429E+07  4.407E+07  4.399E+07  4.391E+07
  4.392E+07  4.381E+07  4.373E+07  4.365E+07  4.342E+07  4.326E+07  4.319E+07  4.307E+07  4.298E+07  4.301E+07
  4.296E+07  4.277E+07  4.261E+07  4.244E+07  4.244E+07  4.252E+07  4.230E+07  4.221E+07  4.210E+07  4.192E+07
  4.188E+07  4.189E+07  4.171E+07  4.155E+07  4.145E+07  4.135E+07  4.134E+07  4.112E+07  4.098E+07  4.092E+07
  4.086E+07  4.084E+07  4.071E+07  4.060E+07  4.056E+07  4.048E+07  4.035E+07  4.038E+07  4.043E+07  4.034E+07
  4.023E+07  4.018E+07  4.013E+07  3.995E+07  3.986E+07  3.986E+07  3.986E+07  3.980E+07  3.961E+07  3.961E+07
  3.952E+07  3.941E+07  3.941E+07  3.935E+07  3.939E+07  3.932E+07  3.928E+07  3.907E+07  3.894E+07  3.883E+07
  3.881E+07  3.869E+07  3.862E+07  3.843E+07  3.838E+07  3.825E+07  3.814E+07  3.807E+07  3.795E+07  3.790E+07
  5.314E+07  5.303E+07  5.289E+07  5.282E+07  5.271E+07  5.256E+07  5.267E+07  5.276E+07  5.280E+07  5.270E+07
  5.244E+07  5.239E+07  5.241E+07  5.221E+07  5.192E+07  5.182E+07  5.139E+07  5.106E+07  5.087E+07  5.079E+07
  5.066E+07  5.051E+07  5.035E+07  5.031E+07  5.013E+07  5.013E+07  5.012E+07  5.001E+07  4.983E+07  4.979E+07
  4.968E+07  4.967E+07  4.948E+07  4.925E+07  4.910E+07  4.903E+07  4.892E+07  4.884E+07  4.880E+07  4.875E+07
  4.854E+07  4.832E+07  4.824E+07  4.829E+07  4.819E+07  4.807E+07  4.802E+07  4.795E+07  4.773E+07  4.762E+07
  4.743E+07  4.715E+07  4.702E+07  4.684E+07  4.662E+07  4.644E+07  4.630E+07  4.617E+07  4.611E+07  4.613E+07
  4.607E+07  4.602E+07  4.591E+07  4.576E+07  4.567E+07  4.557E+07  4.540E+07  4.523E+07  4.513E+07  4.499E+07
  4.497E+07  4.493E+07  4.477E+07  4.476E+07  4.473E+07  4.470E+07  4.466E+07  4.458E+07  4.439E+07  4.424E+07
  4.409E+07  4.403E+07  4.394E+07  4.380E+07  4.364E+07  4.359E+07  4.339E+07  4.317E+07  4.294E+07  4.286E+07
  4.269E+07  4.251E+07  4.241E+07  4.238E+07  4.235E+07  4.231E+07  4.228E+07  4.214E+07  4.217E+07  4.204E+07
  4.197E+07  4.198E+07  4.197E+07  4.195E+07  4.199E+07  4.191E+07  4.189E+07  4.185E+07  4.156E+07  4.141E+07
  4.140E+07  4.138E+07  4.133E+07  4.119E+07  4.109E+07  4.097E+07  4.080E+07  4.076E+07  4.060E+07  4.058E+07
  4.048E+07  4.021E+07  4.002E+07  3.996E+07  3.995E+07  3.976E+07  3.972E+07  3.965E+07  3.953E+07  3.927E+07
  3.926E+07  3.905E+07  3.889E+07  3.874E+07  3.857E+07  3.862E+07  3.856E+07  3.844E+07  3.837E+07  3.831E+07
  3.827E+07  3.824E+07  3.819E+07  3.814E+07  3.809E+07  3.793E+07  3.792E+07  3.797E+07  3.780E+07  3.780E+07
  5.316E+07  5.304E+07  5.300E+07  5.297E+07  5.290E+07  5.291E+07  5.273E+07  5.260E+07  5.241E+07  5.229E+07
  5.215E+07  5.203E+07  5.199E+07  5.199E+07  5.183E+07  5.169E+07  5.151E+07  5.115E+07  5.088E+07  5.060E+07
  5.035E+07  5.018E+07  5.001E+07  4.987E+07  4.976E+07  4.971E+07  4.966E+07  4.946E+07  4.949E+07  4.951E+07
  4.946E+07  4.950E+07  4.945E+07  4.943E+07  4.931E+07  4.901E+07  4.884E+07  4.869E+07  4.851E+07  4.841E+07
  4.832E+07  4.822E+07  4.815E+07  4.799E+07  4.791E+07  4.762E+07  4.746E+07  4.730E+07  4.717E+07  4.695E+07
  4.673E+07  4.663E+07  4.659E+07  4.647E+07  4.646E+07  4.644E+07  4.622E+07  4.620E+07  4.611E+07  4.598E+07
  4.592E+07  4.566E+07  4.563E+07  4.577E+07  4.563E+07  4.550E+07  4.534E+07  4.519E+07  4.506E+07  4.494E+07
  4.489E+07  4.463E+07  4.444E+07  4.436E+07  4.431E+07  4.422E+07  4.414E+07  4.397E+07  4.390E+07  4.376E+07
  4.353E+07  4.349E+07  4.351E+07  4.355E+07  4.338E+07  4.339E+07  4.331E+07  4.324E+07  4.304E+07  4.280E+07
  4.263E+07  4.259E+07  4.242E+07  4.238E+07  4.222E+07  4.203E+07  4.205E+07  4.207E+07  4.191E+07  4.198E+07
  4.193E+07  4.181E+07  4.174E+07  4.190E+07  4.196E+07  4.183E+07  4.176E+07  4.165E+07  4.143E+07  4.136E+07
  4.130E+07  4.126E+07  4.119E+07  4.113E+07  4.103E+07  4.086E+07  4.085E+07  4.086E+07  4.077E+07  4.065E+07
  4.050E+07  4.032E+07  4.008E+07  3.997E+07  3.997E+07  3.999E+07  3.991E+07  3.977E+07  3.970E+07  3.959E+07
  3.952E+07  3.938E+07  3.918E+07  3.914E+07  3.909E+07  3.899E+07  3.898E+07  3.879E+07  3.881E+07  3.866E+07
  3.860E+07  3.850E+07  3.848E+07  3.860E+07  3.870E+07  3.859E+07  3.824E+07  3.811E+07  3.800E+07  3.783E+07
  5.294E+07  5.277E+07  5.277E+07  5.265E+07  5.257E+07  5.248E+07  5.223E+07  5.185E+07  5.175E+07  5.172E+07
  5.157E+07  5.146E+07  5.134E+07  5.120E+07  5.117E+07  5.090E+07  5.069E+07  5.068E+07  5.039E+07  5.018E+07
  5.004E+07  4.997E+07  4.991E+07  4.985E+07  4.977E+07  4.957E+07  4.956E+07  4.953E+07  4.938E+07  4.920E+07
  4.906E+07  4.885E+07  4.880E+07  4.877E+07  4.867E+07  4.845E+07  4.833E+07  4.824E+07  4.830E+07  4.824E+07
  4.802E+07  4.791E+07  4.766E+07  4.762E+07  4.756E+07  4.753E+07  4.745E+07  4.731E+07  4.722E+07  4.705E+07
  4.696E+07  4.697E+07  4.694E+07  4.679E+07  4.666E+07  4.645E+07  4.632E+07  4.616E+07  4.617E+07  4.613E+07
  4.599E+07  4.575E+07  4.540E+07  4.531E+07  4.533E+07  4.532E+07  4.532E+07  4.520E+07  4.521E+07  4.513E+07
  4.492E+07  4.467E+07  4.453E+07  4.446E+07  4.441E+07  4.427E+07  4.416E+07  4.408E+07  4.394E+07  4.384E+07
  4.383E+07  4.380E+07  4.366E+07  4.351E+07  4.344E+07  4.342E+07  4.334E+07  4.316E+07  4.305E+07  4.293E+07
  4.278E+07  4.254E+07  4.243E+07  4.224E+07  4.220E+07  4.221E+07  4.214E+07  4.215E+07  4.198E+07  4.200E+07
  4.199E+07  4.190E+07  4.182E+07  4.173E+07  4.159E+07  4.153E+07  4.127E+07  4.117E+07  4.114E+07  4.099E+07
  4.079E+07  4.046E+07  4.030E+07  4.025E+07  4.038E+07  4.043E+07  4.040E+07  4.029E+07  4.015E+07  3.997E+07
  3.991E+07  3.993E+07  3.986E+07  3.977E+07  3.964E+07  3.950E+07  3.931E+07  3.929E+07  3.924E+07  3.918E+07
  3.927E+07  3.929E+07  3.918E+07  3.922E+07  3.916E+07  3.906E+07  3.902E+07  3.902E+07  3.899E+07  3.888E+07
  3.863E+07  3.861E+07  3.866E+07  3.861E+07  3.872E+07  3.861E+07  3.849E+07  3.839E+07  3.822E+07  3.804E+07
  5.213E+07  5.198E+07  5.192E+07  5.186E+07  5.169E+07  5.149E+07  5.135E+07  5.125E+07  5.107E+07  5.100E+07
  5.093E+07  5.085E+07  5.091E+07  5.089E+07  5.071E+07  5.051E+07  5.053E+07  5.055E+07  5.047E+07  5.039E+07
  5.031E+07  5.025E+07  5.015E+07  5.013E+07  4.991E+07  4.983E+07  4.966E+07  4.955E+07  4.944E+07  4.931E+07
  4.907E+07  4.884E+07  4.856E+07  4.835E+07  4.816E+07  4.819E+07  4.813E+07  4.808E+07  4.794E+07  4.783E+07
  4.771E+07  4.753E+07  4.746E+07  4.724E+07  4.702E+07  4.682E+07  4.658E+07  4.639E+07  4.624E+07  4.614E+07
  4.587E+07  4.587E+07  4.583E+07  4.576E+07  4.570E+07  4.558E+07  4.559E+07  4.543E+07  4.532E+07  4.527E+07
  4.521E+07  4.518E+07  4.513E+07  4.508E+07  4.512E+07  4.490E+07  4.472E+07  4.453E+07  4.441E+07  4.444E+07
  4.433E+07  4.428E+07  4.437E+07  4.432E+07  4.421E+07  4.410E+07  4.403E+07  4.390E+07  4.382E+07  4.377E+07
  4.375E+07  4.360E+07  4.350E+07  4.350E+07  4.341E+07  4.336E+07  4.327E+07  4.308E+07  4.297E+07  4.302E+07
  4.306E+07  4.303E+07  4.288E+07  4.281E+07  4.268E+07  4.252E+07  4.252E+07  4.247E+07  4.219E+07  4.195E+07
  4.181E+07  4.159E+07  4.165E+07  4.169E+07  4.158E+07  4.151E+07  4.142E+07  4.125E+07  4.121E+07  4.118E+07
  4.117E+07  4.103E+07  4.094E+07  4.091E+07  4.082E+07  4.081E+07  4.069E+07  4.058E+07  4.049E+07  4.035E+07
  4.026E+07  4.013E+07  4.015E+07  4.014E+07  3.993E+07  3.978E+07  3.972E+07  3.955E+07  3.941E+07  3.935E+07
  3.934E+07  3.926E+07  3.910E+07  3.902E+07  3.898E+07  3.902E+07  3.892E+07  3.881E+07  3.869E+07  3.854E+07
  3.850E+07  3.844E+07  3.826E+07  3.801E+07  3.772E+07  3.758E+07  3.753E+07  3.734E+07  3.726E+07  3.737E+07
  5.242E+07  5.231E+07  5.210E+07  5.204E+07  5.196E+07  5.173E+07  5.160E+07  5.152E+07  5.138E+07  5.126E+07
  5.114E+07  5.102E+07  5.087E+07  5.080E+07  5.069E+07  5.050E+07  5.031E+07  5.007E+07  5.008E+07  5.001E+07
  4.977E+07  4.962E+07  4.948E+07  4.926E+07  4.915E+07  4.905E+07  4.904E+07  4.901E+07  4.887E+07  4.886E+07
  4.880E+07  4.866E+07  4.832E+07  4.820E+07  4.812E+07  4.806E+07  4.800E+07  4.787E+07  4.781E+07  4.770E+07
  4.773E+07  4.764E+07  4.757E+07  4.743E+07  4.726E+07  4.707E+07  4.705E+07  4.694E+07  4.686E+07  4.669E+07
  4.657E+07  4.639E+07  4.616E+07  4.598E+07  4.581E+07  4.578E+07  4.550E+07  4.532E+07  4.511E+07  4.507E+07
  4.501E+07  4.494E+07  4.479E+07  4.457E+07  4.438E+07  4.435E+07  4.430E+07  4.426E+07  4.413E+07  4.402E+07
  4.404E+07  4.396E+07  4.383E+07  4.377E+07  4.365E+07  4.369E+07  4.370E+07  4.364E+07  4.357E+07  4.336E+07
  4.318E+07  4.299E+07  4.295E+07  4.293E+07  4.302E+07  4.311E+07  4.319E+07  4.335E+07  4.307E+07  4.282E+07
  4.271E+07  4.248E+07  4.231E+07  4.221E+07  4.200E+07  4.185E+07  4.169E+07  4.164E+07  4.164E+07  4.145E+07
  4.156E+07  4.144E+07  4.126E+07  4.117E+07  4.117E+07  4.110E+07  4.108E+07  4.108E+07  4.107E+07  4.099E+07
  4.086E+07  4.074E+07  4.059E+07  4.040E+07  4.035E+07  4.031E+07  4.007E+07  3.996E+07  3.995E+07  3.996E+07
  3.987E+07  3.972E+07  3.955E+07  3.946E+07  3.944E+07  3.942E+07  3.932E+07  3.925E+07  3.918E+07  3.912E+07
  3.912E+07  3.899E+07  3.877E+07  3.867E+07  3.882E+07  3.882E+07  3.880E+07  3.861E+07  3.849E+07  3.848E+07
  3.847E+07  3.833E+07  3.829E+07  3.810E+07  3.801E+07  3.804E+07  3.811E+07  3.802E+07  3.798E+07  3.785E+07
  5.145E+07  5.133E+07  5.132E+07  5.131E+07  5.114E+07  5.114E+07  5.102E+07  5.088E+07  5.081E+07  5.074E+07
  5.067E+07  5.075E+07  5.077E+07  5.064E+07  5.047E+07  5.044E+07  5.040E+07  5.040E+07  5.040E+07  5.027E+07
  5.007E+07  4.996E+07  4.982E+07  4.990E+07  4.975E+07  4.952E+07  4.940E+07  4.923E+07  4.904E+07  4.890E+07
  4.883E+07  4.868E+07  4.845E+07  4.819E+07  4.815E+07  4.801E+07  4.783E+07  4.755E+07  4.745E+07  4.739E+07
  4.730E+07  4.720E+07  4.701E+07  4.686E+07  4.681E+07  4.681E+07  4.673E+07  4.672E+07  4.664E+07  4.665E+07
  4.665E+07  4.655E+07  4.646E+07  4.640E+07  4.632E+07  4.615E+07  4.598E+07  4.582E+07  4.571E+07  4.546E+07
  4.530E+07  4.510E+07  4.503E+07  4.491E+07  4.494E+07  4.479E+07  4.474E+07  4.449E+07  4.425E+07  4.413E+07
  4.405E+07  4.406E+07  4.390E+07  4.389E+07  4.390E+07  4.394E+07  4.384E+07  4.370E+07  4.359E+07  4.344E+07
  4.338E+07  4.342E+07  4.336E+07  4.328E+07  4.312E+07  4.299E+07  4.282E+07  4.261E+07  4.260E+07  4.254E+07
  4.236E+07  4.219E+07  4.200E+07  4.192E+07  4.187E+07  4.174E+07  4.146E+07  4.146E+07  4.141E+07  4.146E+07
  4.138E+07  4.131E+07  4.131E+07  4.114E+07  4.089E+07  4.079E+07  4.062E+07  4.045E+07  4.032E+07  4.034E+07
  4.028E+07  4.024E+07  4.019E+07  4.003E+07  3.985E+07  3.973E+07  3.969E+07  3.963E+07  3.957E+07  3.949E+07
  3.952E+07  3.959E+07  3.946E+07  3.945E+07  3.945E+07  3.931E+07  3.920E+07  3.896E+07  3.878E+07  3.870E+07
  3.865E+07  3.868E+07  3.858E+07  3.852E+07  3.855E+07  3.846E+07  3.832E+07  3.820E+07  3.816E+07  3.816E+07
  3.800E+07  3.787E+07  3.785E+07  3.774E+07  3.773E+07  3.776E+07  3.770E+07  3.764E+07  3.741E+07  3.734E+07
  5.177E+07  5.185E+07  5.183E+07  5.177E+07  5.170E+07  5.166E+07  5.141E+07  5.131E+07  5.132E+07  5.121E+07
  5.105E+07  5.099E+07  5.076E+07  5.060E+07  5.053E+07  5.040E+07  5.020E+07  4.993E+07  4.973E+07  4.962E+07
  4.961E+07  4.955E+07  4.949E+07  4.920E+07  4.895E+07  4.891E+07  4.883E+07  4.871E+07  4.855E+07  4.855E+07
  4.848E+07  4.828E+07  4.812E+07  4.806E+07  4.782E+07  4.780E+07  4.765E+07  4.747E+07  4.747E+07  4.727E+07
  4.717E+07  4.694E+07  4.681E+07  4.677E+07  4.677E+07  4.660E+07  4.643E+07  4.632E+07  4.630E+07  4.614E+07
  4.608E+07  4.605E+07  4.606E+07  4.600E+07  4.586E+07  4.577E+07  4.563E+07  4.555E+07  4.544E+07  4.543E+07
  4.543E+07  4.530E+07  4.511E+07  4.513E+07  4.499E+07  4.483E+07  4.475E+07  4.464E+07  4.468E+07  4.470E+07
  4.458E+07  4.455E+07  4.449E+07  4.430E+07  4.421E+07  4.416E+07  4.400E+07  4.392E+07  4.382E+07  4.379E+07
  4.350E+07  4.331E+07  4.326E+07  4.312E+07  4.303E+07  4.294E+07  4.282E+07  4.271E+07  4.240E+07  4.227E+07
  4.212E+07  4.206E+07  4.193E+07  4.188E+07  4.169E+07  4.163E+07  4.165E+07  4.150E+07  4.148E+07  4.137E+07
  4.129E+07  4.119E+07  4.110E+07  4.106E+07  4.100E+07  4.109E+07  4.107E+07  4.087E+07  4.083E+07  4.068E+07
  4.056E+07  4.055E+07  4.045E+07  4.032E+07  4.026E+07  4.024E+07  4.008E+07  3.998E+07  3.984E+07  3.980E+07
  3.975E+07  3.968E+07  3.954E+07  3.938E+07  3.926E+07  3.925E+07  3.917E+07  3.905E+07  3.890E+07  3.877E+07
  3.867E+07  3.851E+07  3.841E+07  3.834E+07  3.825E+07  3.818E+07  3.814E+07  3.816E+07  3.809E+07  3.808E+07
  3.808E+07  3.797E+07  3.789E+07  3.781E+07  3.766E+07  3.749E+07  3.739E+07  3.726E+07  3.730E+07  3.726E+07
  5.077E+07  5.058E+07  5.047E+07  5.036E+07  5.029E+07  5.025E+07  5.022E+07  5.019E+07  5.001E+07  4.989E+07
  4.988E+07  4.985E+07  4.983E+07  4.971E+07  4.952E+07  4.953E+07  4.941E+07  4.923E+07  4.923E+07  4.918E+07
  4.907E+07  4.894E+07  4.876E+07  4.873E+07  4.861E+07  4.847E+07  4.832E+07  4.831E+07  4.830E+07  4.829E+07
  4.817E+07  4.793E+07  4.771E+07  4.743E+07  4.730E+07  4.727E+07  4.721E+07  4.709E+07  4.706E+07  4.708E+07
  4.702E+07  4.686E+07  4.667E+07  4.662E+07  4.638E+07  4.617E+07  4.611E+07  4.601E+07  4.582E+07  4.563E+07
  4.565E+07  4.564E+07  4.550E+07  4.542E+07  4.543E+07  4.535E+07  4.524E+07  4.530E+07  4.527E+07  4.514E+07
  4.523E+07  4.510E+07  4.501E+07  4.505E+07  4.492E+07  4.477E+07  4.458E+07  4.453E+07  4.423E+07  4.401E+07
  4.388E+07  4.377E+07  4.367E+07  4.354E+07  4.348E+07  4.334E+07  4.315E+07  4.296E+07  4.287E+07  4.292E+07
  4.293E+07  4.292E+07  4.292E+07  4.286E+07  4.282E+07  4.286E+07  4.288E+07  4.287E+07  4.266E+07  4.262E+07
  4.240E+07  4.218E+07  4.210E+07  4.204E+07  4.189E+07  4.183E+07  4.166E+07  4.142E+07  4.135E+07  4.124E+07
  4.112E+07  4.109E+07  4.098E+07  4.085E+07  4.072E+07  4.053E+07  4.050E+07  4.054E+07  4.052E+07  4.047E+07
  4.025E+07  4.021E+07  4.010E+07  3.995E+07  4.001E+07  3.985E+07  3.970E+07  3.944E+07  3.940E+07  3.941E+07
  3.936E+07  3.927E+07  3.925E+07  3.922E+07  3.919E+07  3.926E+07  3.918E+07  3.907E+07  3.910E+07  3.905E+07
  3.890E+07  3.888E+07  3.870E+07  3.853E+07  3.848E+07  3.852E+07  3.844E+07  3.842E+07  3.843E+07  3.825E+07
  3.819E+07  3.806E+07  3.795E+07  3.776E+07  3.767E+07  3.752E+07  3.729E+07  3.714E+07  3.709E+07  3.701E+07
  5.087E+07  5.067E+07  5.053E+07  5.034E+07  5.030E+07  5.030E+07  5.011E+07  4.995E+07  4.979E+07  4.966E+07
  4.961E+07  4.978E+07  4.974E+07  4.957E+07  4.945E+07  4.927E+07  4.913E+07  4.897E+07  4.889E+07  4.869E+07
  4.858E+07  4.855E+07  4.842E+07  4.836E+07  4.837E+07  4.830E+07  4.804E+07  4.787E+07  4.765E+07  4.757E+07
  4.747E+07  4.734E+07  4.712E+07  4.691E+07  4.678E+07  4.670E+07  4.665E+07  4.656E+07  4.647E+07  4.639E+07
  4.636E+07  4.623E+07  4.610E+07  4.602E+07  4.613E+07  4.613E+07  4.600E+07  4.591E+07  4.577E+07  4.573E+07
  4.565E+07  4.557E+07  4.562E+07  4.559E+07  4.547E+07  4.536E+07  4.514E+07  4.505E+07  4.493E+07  4.491E+07
  4.480E+07  4.467E+07  4.462E+07  4.453E+07  4.442E+07  4.430E+07  4.413E+07  4.398E+07  4.384E+07  4.375E+07
  4.363E+07  4.358E+07  4.351E+07  4.353E+07  4.347E+07  4.335E+07  4.333E+07  4.322E+07  4.306E+07  4.288E+07
  4.275E+07  4.275E+07  4.263E+07  4.250E+07  4.240E+07  4.225E+07  4.223E+07  4.219E+07  4.215E+07  4.205E+07
  4.197E+07  4.193E+07  4.178E+07  4.160E+07  4.153E+07  4.149E+07  4.148E+07  4.153E+07  4.138E+07  4.136E+07
  4.129E+07  4.110E+07  4.091E+07  4.081E+07  4.075E+07  4.068E+07  4.070E+07  4.067E+07  4.054E+07  4.034E+07
  4.029E+07  4.023E+07  4.026E+07  4.016E+07  4.002E+07  4.004E+07  3.997E+07  3.984E+07  3.980E+07  3.972E+07
  3.960E+07  3.943E+07  3.938E+07  3.937E+07  3.937E+07  3.932E+07  3.919E+07  3.913E+07  3.913E+07  3.894E+07
  3.874E+07  3.865E+07  3.854E+07  3.848E+07  3.839E+07  3.840E+07  3.831E+07  3.827E+07  3.837E+07  3.829E+07
  3.814E+07  3.810E+07  3.794E+07  3.791E+07  3.783E+07  3.771E+07  3.769E+07  3.760E+07  3.760E+07  3.760E+07
  5.032E+07  5.024E+07  5.006E+07  4.991E+07  4.986E+07  4.973E+07  4.959E+07  4.952E+07  4.932E+07  4.919E+07
  4.910E+07  4.907E+07  4.906E+07  4.906E+07  4.897E+07  4.887E+07  4.880E+07  4.874E+07  4.851E+07  4.853E+07
  4.854E+07  4.862E+07  4.844E+07  4.838E+07  4.828E+07  4.806E+07  4.799E+07  4.797E+07  4.778E+07  4.754E+07
  4.731E+07  4.712E+07  4.705E+07  4.688E+07  4.678E+07  4.678E+07  4.666E+07  4.657E+07  4.645E+07  4.636E+07
  4.618E+07  4.611E+07  4.622E+07  4.632E+07  4.628E+07  4.614E+07  4.609E+07  4.610E+07  4.602E+07  4.593E+07
  4.577E+07  4.576E+07  4.557E+07  4.545E+07  4.529E+07  4.513E+07  4.510E+07  4.514E+07  4.497E+07  4.481E+07
  4.473E+07  4.466E+07  4.464E+07  4.456E+07  4.442E+07  4.425E+07  4.421E+07  4.408E+07  4.386E+07  4.383E+07
  4.380E+07  4.370E+07  4.361E+07  4.357E+07  4.348E+07  4.333E+07  4.331E+07  4.328E+07  4.309E+07  4.299E+07
  4.296E+07  4.299E+07  4.287E+07  4.266E+07  4.253E+07  4.231E+07  4.207E+07  4.181E+07  4.179E+07  4.166E+07
  4.161E+07  4.156E+07  4.164E+07  4.163E+07  4.161E+07  4.160E+07  4.163E+07  4.151E+07  4.134E+07  4.138E+07
  4.144E+07  4.135E+07  4.124E+07  4.108E+07  4.095E+07  4.085E+07  4.069E+07  4.068E+07  4.060E+07  4.059E+07
  4.069E+07  4.070E+07  4.061E+07  4.060E+07  4.044E+07  4.035E+07  4.026E+07  4.000E+07  3.993E+07  3.989E+07
  3.986E+07  3.985E+07  3.994E+07  3.986E+07  3.972E+07  3.955E+07  3.926E+07  3.903E+07  3.875E+07  3.861E+07
  3.850E+07  3.839E+07  3.849E+07  3.841E+07  3.829E+07  3.816E+07  3.801E+07  3.803E+07  3.796E+07  3.786E+07
  3.791E+07  3.793E+07  3.783E+07  3.774E+07  3.769E+07  3.758E+07  3.748E+07  3.743E+07  3.729E+07  3.711E+07
  5.050E+07  5.022E+07  5.001E+07  4.988E+07  4.977E+07  4.972E+07  4.971E+07  4.962E+07  4.965E+07  4.972E+07
  4.968E+07  4.945E+07  4.922E+07  4.900E+07  4.878E+07  4.873E+07  4.858E+07  4.847E+07  4.838E+07  4.837E+07
  4.820E+07  4.805E+07  4.799E+07  4.788E+07  4.785E+07  4.770E+07  4.761E+07  4.750E+07  4.734E+07  4.722E+07
  4.707E+07  4.675E+07  4.664E+07  4.663E+07  4.658E+07  4.648E+07  4.639E+07  4.623E+07  4.622E+07  4.612E+07
  4.597E+07  4.574E+07  4.577E+07  4.552E+07  4.543E+07  4.538E+07  4.529E+07  4.513E+07  4.492E+07  4.481E+07
  4.475E+07  4.467E+07  4.466E+07  4.464E+07  4.457E+07  4.461E+07  4.448E+07  4.425E+07  4.411E+07  4.399E+07
  4.383E+07  4.371E+07  4.382E+07  4.383E+07  4.368E+07  4.364E+07  4.358E+07  4.354E+07  4.354E+07  4.340E+07
  4.322E+07  4.315E+07  4.301E+07  4.277E+07  4.255E+07  4.260E+07  4.255E+07  4.245E+07  4.239E+07  4.228E+07
  4.210E+07  4.201E+07  4.197E+07  4.198E+07  4.197E+07  4.190E+07  4.186E+07  4.176E+07  4.173E+07  4.173E+07
  4.169E+07  4.171E+07  4.167E+07  4.162E+07  4.142E+07  4.126E+07  4.110E+07  4.094E+07  4.080E+07  4.073E+07
  4.062E+07  4.062E+07  4.052E+07  4.050E+07  4.055E+07  4.048E+07  4.050E+07  4.030E+07  4.010E+07  4.002E+07
  4.003E+07  3.994E+07  3.984E+07  3.981E+07  3.969E+07  3.963E+07  3.963E+07  3.956E+07  3.941E+07  3.921E+07
  3.912E+07  3.915E+07  3.903E+07  3.890E+07  3.880E+07  3.869E+07  3.871E+07  3.873E+07  3.868E+07  3.864E+07
  3.861E+07  3.850E+07  3.845E+07  3.840E+07  3.827E+07  3.829E+07  3.823E+07  3.797E+07  3.791E+07  3.797E+07
  3.785E+07  3.761E+07  3.753E+07  3.744E+07  3.731E+07  3.738E+07  3.735E+07  3.730E+07  3.729E+07  3.737E+07
  4.992E+07  4.983E+07  4.980E+07  4.969E+07  4.984E+07  4.983E+07  4.976E+07  4.970E+07  4.952E+07  4.940E+07
  4.931E+07  4.915E+07  4.901E+07  4.888E+07  4.887E+07  4.865E+07  4.863E+07  4.863E+07  4.849E+07  4.847E+07
  4.842E+07  4.837E+07  4.834E+07  4.822E+07  4.809E+07  4.789E+07  4.773E+07  4.771E+07  4.761E+07  4.751E+07
  4.739E+07  4.729E+07  4.709E+07  4.701E+07  4.678E+07  4.676E+07  4.667E+07  4.653E+07  4.645E+07  4.638E+07
  4.633E+07  4.635E+07  4.631E+07  4.623E+07  4.632E+07  4.625E+07  4.612E+07  4.606E+07  4.606E+07  4.589E+07
  4.578E+07  4.566E+07  4.531E+07  4.508E+07  4.502E+07  4.495E+07  4.490E+07  4.470E+07  4.465E+07  4.467E+07
  4.463E+07  4.448E+07  4.442E+07  4.432E+07  4.420E+07  4.411E+07  4.390E+07  4.375E+07  4.348E+07  4.347E+07
  4.335E+07  4.330E+07  4.320E+07  4.321E+07  4.329E+07  4.326E+07  4.322E+07  4.322E+07  4.308E+07  4.286E+07
  4.283E+07  4.266E+07  4.253E+07  4.250E+07  4.244E+07  4.232E+07  4.219E+07  4.207E+07  4.191E+07  4.170E+07
  4.150E+07  4.148E+07  4.145E+07  4.134E+07  4.137E+07  4.127E+07  4.122E+07  4.112E+07  4.103E+07  4.095E+07
  4.084E+07  4.064E+07  4.057E+07  4.054E+07  4.062E+07  4.056E+07  4.048E+07  4.049E+07  4.043E+07  4.046E+07
  4.040E+07  4.026E+07  4.012E+07  4.007E+07  3.994E+07  3.978E+07  3.968E+07  3.949E+07  3.931E+07  3.927E+07
  3.925E+07  3.924E+07  3.915E+07  3.908E+07  3.905E+07  3.903E+07  3.882E+07  3.859E+07  3.853E+07  3.836E+07
  3.821E+07  3.811E+07  3.805E+07  3.790E+07  3.781E+07  3.784E+07  3.790E+07  3.788E+07  3.775E+07  3.768E+07
  3.765E+07  3.758E+07  3.748E+07  3.732E+07  3.722E+07  3.713E+07  3.710E+07  3.699E+07  3.689E+07  3.682E+07
  4.981E+07  4.970E+07  4.959E+07  4.964E+07  4.961E+07  4.960E+07  4.954E+07  4.952E+07  4.943E+07  4.929E+07
  4.924E+07  4.928E+07  4.912E+07  4.898E+07  4.876E+07  4.870E+07  4.866E+07  4.854E+07  4.847E+07  4.845E+07
  4.827E+07  4.829E+07  4.819E+07  4.795E+07  4.782E+07  4.761E+07  4.746E+07  4.737E+07  4.729E+07  4.709E+07
  4.693E+07  4.676E+07  4.663E+07  4.666E+07  4.664E+07  4.655E+07  4.655E+07  4.648E+07  4.635E+07  4.620E+07
  4.617E+07  4.608E+07  4.598E+07  4.586E+07  4.586E+07  4.574E+07  4.556E+07  4.541E+07  4.543E+07  4.538E+07
  4.535E+07  4.517E+07  4.513E+07  4.508E+07  4.500E+07  4.485E+07  4.460E+07  4.447E+07  4.437E+07  4.441E+07
  4.432E+07  4.425E+07  4.420E+07  4.419E+07  4.411E+07  4.413E+07  4.409E+07  4.397E+07  4.388E+07  4.382E+07
  4.393E+07  4.393E+07  4.390E+07  4.377E+07  4.364E+07  4.354E+07  4.337E+07  4.312E+07  4.294E+07  4.283E+07
  4.270E+07  4.252E+07  4.244E+07  4.242E+07  4.233E+07  4.220E+07  4.214E+07  4.209E+07  4.201E+07  4.194E+07
  4.192E+07  4.186E+07  4.179E+07  4.170E+07  4.162E+07  4.158E+07  4.150E+07  4.135E+07  4.119E+07  4.111E+07
  4.097E+07  4.093E+07  4.091E+07  4.082E+07  4.063E+07  4.047E+07  4.046E+07  4.034E+07  4.017E+07  4.008E+07
  3.985E+07  3.974E+07  3.955E+07  3.936E+07  3.935E+07  3.942E+07  3.946E+07  3.940E+07  3.929E+07  3.928E+07
  3.915E+07  3.899E+07  3.882E+07  3.867E+07  3.863E+07  3.852E+07  3.851E+07  3.850E+07  3.853E+07  3.852E+07
  3.854E+07  3.854E+07  3.849E+07  3.834E+07  3.824E+07  3.815E+07  3.809E+07  3.805E+07  3.797E+07  3.779E+07
  3.769E+07  3.761E+07  3.748E+07  3.752E+07  3.753E+07  3.749E+07  3.737E+07  3.719E+07  3.715E+07  3.701E+07
  4.966E+07  4.959E+07  4.958E+07  4.944E+07  4.929E+07  4.911E+07  4.907E+07  4.897E+07  4.890E+07  4.874E+07
  4.867E+07  4.857E+07  4.847E+07  4.851E+07  4.854E+07  4.844E+07  4.840E+07  4.835E+07  4.820E+07  4.810E+07
  4.804E+07  4.798E+07  4.789E+07  4.773E+07  4.765E+07  4.777E+07  4.768E+07  4.763E+07  4.751E+07  4.742E+07
  4.726E+07  4.716E+07  4.714E+07  4.688E+07  4.667E+07  4.645E+07  4.625E+07  4.616E+07  4.608E+07  4.599E+07
  4.594E+07  4.594E+07  4.576E+07  4.575E+07  4.564E+07  4.572E+07  4.563E+07  4.549E+07  4.539E+07  4.536E+07
  4.533E+07  4.522E+07  4.505E+07  4.492E+07  4.469E+07  4.456E+07  4.445E+07  4.444E+07  4.419E+07  4.394E+07
  4.390E+07  4.383E+07  4.377E+07  4.371E+07  4.376E+07  4.348E+07  4.346E+07  4.327E+07  4.317E+07  4.304E+07
  4.296E+07  4.287E+07  4.274E+07  4.268E+07  4.261E+07  4.267E+07  4.268E+07  4.273E+07  4.267E+07  4.259E+07
  4.266E+07  4.265E+07  4.258E+07  4.253E+07  4.242E+07  4.242E+07  4.240E+07  4.236E+07  4.222E+07  4.203E+07
  4.197E+07  4.193E+07  4.189E+07  4.171E+07  4.162E+07  4.158E+07  4.163E+07  4.152E+07  4.136E+07  4.116E+07
  4.098E+07  4.099E+07  4.091E+07  4.078E+07  4.080E+07  4.072E+07  4.082E+07  4.071E+07  4.059E+07  4.040E+07
  4.039E+07  4.018E+07  4.005E+07  3.991E+07  3.991E+07  3.979E+07  3.966E+07  3.963E+07  3.961E+07  3.948E+07
  3.932E+07  3.925E+07  3.920E+07  3.910E+07  3.905E+07  3.898E+07  3.886E+07  3.886E+07  3.871E+07  3.861E+07
  3.858E+07  3.854E+07  3.852E+07  3.839E+07  3.829E+07  3.821E+07  3.825E+07  3.819E+07  3.809E+07  3.794E+07
  3.789E+07  3.785E+07  3.778E+07  3.782E+07  3.757E+07  3.746E+07  3.734E+07  3.739E+07  3.745E+07  3.743E+07
  5.055E+07  5.040E+07  5.015E+07  4.997E+07  4.971E+07  4.968E+07  4.958E+07  4.949E+07  4.912E+07  4.891E+07
  4.892E+07  4.870E+07  4.852E+07  4.846E+07  4.846E+07  4.834E+07  4.827E+07  4.818E+07  4.817E+07  4.825E+07
  4.826E+07  4.808E+07  4.804E+07  4.797E+07  4.789E+07  4.776E+07  4.764E+07  4.739E+07  4.715E+07  4.694E+07
  4.675E+07  4.664E+07  4.657E+07  4.650E+07  4.644E+07  4.647E+07  4.634E+07  4.618E+07  4.625E+07  4.625E+07
  4.614E+07  4.605E+07  4.598E+07  4.588E+07  4.574E+07  4.568E+07  4.544E+07  4.542E+07  4.523E+07  4.520E+07
  4.514E+07  4.507E+07  4.490E+07  4.482E+07  4.482E+07  4.471E+07  4.464E+07  4.442E+07  4.438E+07  4.435E+07
  4.429E+07  4.419E+07  4.401E+07  4.383E+07  4.375E+07  4.373E+07  4.367E+07  4.381E+07  4.372E+07  4.355E+07
  4.354E+07  4.347E+07  4.351E+07  4.330E+07  4.306E+07  4.294E+07  4.278E+07  4.262E+07  4.257E+07  4.239E+07
  4.236E+07  4.236E+07  4.223E+07  4.209E+07  4.201E+07  4.196E+07  4.196E+07  4.189E+07  4.192E+07  4.192E+07
  4.181E+07  4.176E+07  4.169E+07  4.145E+07  4.135E+07  4.113E+07  4.107E+07  4.103E+07  4.091E+07  4.084E+07
  4.085E+07  4.089E+07  4.081E+07  4.069E+07  4.078E+07  4.081E+07  4.082E+07  4.090E+07  4.086E+07  4.072E+07
  4.063E+07  4.062E+07  4.058E+07  4.049E+07  4.031E+07  4.018E+07  4.008E+07  3.995E+07  3.994E+07  3.991E+07
  3.967E+07  3.964E+07  3.959E+07  3.950E+07  3.948E+07  3.945E+07  3.946E+07  3.939E+07  3.928E+07  3.923E+07
  3.915E+07  3.906E+07  3.891E+07  3.873E+07  3.853E+07  3.842E+07  3.820E+07  3.804E+07  3.798E+07  3.795E+07
  3.792E+07  3.786E+07  3.785E+07  3.781E+07  3.759E+07  3.751E+07  3.749E+07  3.732E+07  3.723E+07  3.711E+07
  4.987E+07  4.984E+07  4.997E+07  4.993E+07  4.986E+07  4.967E+07  4.953E+07  4.951E+07  4.943E+07  4.935E+07
  4.924E+07  4.910E+07  4.883E+07  4.859E+07  4.849E+07  4.845E+07  4.836E+07  4.830E+07  4.823E+07  4.816E+07
  4.799E+07  4.795E+07  4.787E+07  4.770E+07  4.759E+07  4.756E+07  4.737E+07  4.717E+07  4.709E+07  4.691E+07
  4.685E+07  4.669E+07  4.659E+07  4.648E+07  4.623E+07  4.609E+07  4.604E+07  4.602E+07  4.591E+07  4.567E+07
  4.564E+07  4.553E+07  4.543E+07  4.537E+07  4.545E+07  4.554E+07  4.553E+07  4.555E+07  4.548E+07  4.543E+07
  4.529E+07  4.516E+07  4.496E+07  4.482E+07  4.476E+07  4.459E+07  4.457E+07  4.443E+07  4.423E+07  4.401E+07
  4.389E+07  4.373E+07  4.365E+07  4.366E+07  4.370E+07  4.370E+07  4.366E+07  4.362E+07  4.355E+07  4.345E+07
  4.339E+07  4.322E+07  4.309E+07  4.298E+07  4.290E+07  4.280E+07  4.283E+07  4.281E+07  4.264E+07  4.246E+07
  4.234E+07  4.236E+07  4.221E+07  4.223E+07  4.204E+07  4.203E+07  4.198E+07  4.216E+07  4.219E+07  4.222E+07
  4.211E+07  4.202E+07  4.186E+07  4.195E+07  4.189E+07  4.179E+07  4.173E+07  4.154E+07  4.142E+07  4.129E+07
  4.114E+07  4.105E+07  4.084E+07  4.071E+07  4.056E+07  4.038E+07  4.025E+07  4.011E+07  4.012E+07  4.012E+07
  3.993E+07  3.975E+07  3.957E+07  3.951E+07  3.945E+07  3.937E+07  3.925E+07  3.935E+07  3.921E+07  3.915E+07
  3.910E+07  3.895E+07  3.894E+07  3.888E+07  3.889E+07  3.875E+07  3.867E+07  3.861E+07  3.847E+07  3.836E+07
  3.815E+07  3.799E+07  3.801E+07  3.801E+07  3.812E+07  3.796E+07  3.799E+07  3.785E+07  3.785E+07  3.772E+07
  3.756E+07  3.740E+07  3.733E+07  3.730E+07  3.722E+07  3.703E+07  3.691E+07  3.699E+07  3.686E+07  3.672E+07
  5.027E+07  5.008E+07  5.001E+07  4.979E+07  4.952E+07  4.932E+07  4.919E+07  4.897E+07  4.877E+07  4.868E+07
  4.857E+07  4.859E+07  4.846E+07  4.840E+07  4.838E+07  4.831E+07  4.819E+07  4.816E+07  4.815E+07  4.801E+07
  4.796E+07  4.805E+07  4.789E+07  4.781E+07  4.770E+07  4.767E+07  4.764E+07  4.756E+07  4.754E+07  4.748E+07
  4.747E+07  4.737E+07  4.724E+07  4.714E+07  4.695E+07  4.697E+07  4.687E+07  4.669E+07  4.651E+07  4.653E+07
  4.642E+07  4.634E+07  4.622E+07  4.614E+07  4.611E+07  4.593E+07  4.571E+07  4.568E+07  4.560E+07  4.545E+07
  4.533E+07  4.521E+07  4.521E+07  4.516E+07  4.504E+07  4.487E+07  4.462E+07  4.453E+07  4.454E+07  4.443E+07
  4.427E+07  4.412E+07  4.394E+07  4.386E+07  4.373E+07  4.378E+07  4.372E+07  4.363E+07  4.346E+07  4.331E+07
  4.316E+07  4.294E+07  4.292E+07  4.300E+07  4.288E+07  4.277E+07  4.284E+07  4.282E+07  4.268E+07  4.261E+07
  4.245E+07  4.239E+07  4.238E+07  4.233E+07  4.237E+07  4.242E+07  4.242E+07  4.233E+07  4.229E+07  4.228E+07
  4.231E+07  4.233E+07  4.233E+07  4.228E+07  4.204E+07  4.197E+07  4.194E+07  4.178E+07  4.155E+07  4.135E+07
  4.128E+07  4.112E+07  4.101E+07  4.094E+07  4.072E+07  4.056E+07  4.041E+07  4.032E+07  4.022E+07  4.012E+07
  4.001E+07  3.991E+07  3.985E+07  3.984E+07  3.993E+07  3.979E+07  3.970E+07  3.961E+07  3.959E+07  3.957E+07
  3.961E+07  3.961E+07  3.950E+07  3.933E+07  3.923E+07  3.911E+07  3.901E+07  3.899E+07  3.893E+07  3.881E+07
  3.880E+07  3.874E+07  3.854E+07  3.849E+07  3.845E+07  3.836E+07  3.827E+07  3.818E+07  3.813E+07  3.808E+07
  3.808E+07  3.791E+07  3.782E+07  3.766E+07  3.757E+07  3.755E+07  3.747E+07  3.741E+07  3.735E+07  3.731E+07
  5.017E+07  5.006E+07  4.985E+07  4.967E+07  4.956E+07  4.961E+07  4.957E+07  4.950E+07  4.944E+07  4.919E+07
  4.901E+07  4.880E+07  4.863E+07  4.848E+07  4.836E+07  4.825E+07  4.809E+07  4.806E+07  4.792E+07  4.791E+07
  4.790E+07  4.777E+07  4.766E+07  4.760E+07  4.760E+07  4.756E+07  4.752E+07  4.739E+07  4.731E+07  4.724E+07
  4.732E+07  4.720E+07  4.709E+07  4.715E+07  4.713E+07  4.707E+07  4.724E+07  4.725E+07  4.693E+07  4.675E+07
  4.680E+07  4.665E+07  4.658E+07  4.653E+07  4.637E+07  4.642E+07  4.640E+07  4.628E+07  4.605E+07  4.589E+07
  4.573E+07  4.556E+07  4.530E+07  4.506E+07  4.499E+07  4.483E+07  4.469E+07  4.445E+07  4.422E+07  4.410E+07
  4.410E+07  4.402E+07  4.397E+07  4.398E+07  4.392E+07  4.399E+07  4.388E+07  4.375E+07  4.358E+07  4.356E+07
  4.369E+07  4.363E+07  4.364E+07  4.368E+07  4.367E+07  4.358E+07  4.332E+07  4.303E+07  4.296E+07  4.296E+07
  4.281E+07  4.270E+07  4.269E+07  4.258E+07  4.257E+07  4.249E+07  4.235E+07  4.226E+07  4.205E+07  4.193E+07
  4.180E+07  4.168E+07  4.163E+07  4.154E+07  4.133E+07  4.122E+07  4.126E+07  4.126E+07  4.120E+07  4.117E+07
  4.101E+07  4.082E+07  4.073E+07  4.053E+07  4.045E+07  4.029E+07  4.014E+07  4.000E+07  4.001E+07  4.008E+07
  4.012E+07  4.012E+07  4.005E+07  4.002E+07  3.993E+07  3.987E+07  3.983E+07  3.979E+07  3.984E+07  3.976E+07
  3.958E+07  3.955E+07  3.948E+07  3.927E+07  3.905E+07  3.898E+07  3.903E+07  3.893E+07  3.882E+07  3.869E+07
  3.856E+07  3.836E+07  3.819E+07  3.804E+07  3.796E+07  3.798E+07  3.789E+07  3.787E+07  3.775E+07  3.771E+07
  3.769E+07  3.760E+07  3.762E+07  3.765E+07  3.755E+07  3.746E+07  3.747E+07  3.746E+07  3.751E+07  3.755E+07
  5.059E+07  5.037E+07  5.024E+07  5.005E+07  4.996E+07  4.982E+07  4.966E+07  4.935E+07  4.920E+07  4.899E+07
  4.875E+07  4.844E+07  4.845E+07  4.846E+07  4.841E+07  4.847E+07  4.852E+07  4.835E+07  4.811E+07  4.812E+07
  4.818E+07  4.804E+07  4.782E+07  4.780E+07  4.768E+07  4.769E+07  4.755E+07  4.755E+07  4.743E+07  4.737E+07
  4.728E+07  4.727E+07  4.733E+07  4.730E+07  4.744E+07  4.738E+07  4.718E+07  4.704E+07  4.691E+07  4.676E+07
  4.664E+07  4.648E+07  4.642E+07  4.633E+07  4.628E+07  4.625E+07  4.624E+07  4.625E+07  4.620E+07  4.623E+07
  4.598E+07  4.576E+07  4.561E+07  4.556E+07  4.549E+07  4.545E+07  4.530E+07  4.526E+07  4.525E+07  4.528E+07
  4.523E+07  4.502E+07  4.486E+07  4.477E+07  4.463E+07  4.447E+07  4.442E+07  4.424E+07  4.418E+07  4.413E+07
  4.411E+07  4.394E+07  4.375E+07  4.362E+07  4.343E+07  4.329E+07  4.326E+07  4.317E+07  4.301E+07  4.287E+07
  4.274E+07  4.269E+07  4.261E+07  4.254E+07  4.248E+07  4.251E+07  4.253E+07  4.251E+07  4.236E+07  4.221E+07
  4.205E+07  4.190E+07  4.179E+07  4.168E+07  4.165E+07  4.160E+07  4.166E+07  4.153E+07  4.145E+07  4.130E+07
  4.121E+07  4.122E+07  4.122E+07  4.111E+07  4.096E+07  4.097E+07  4.090E+07  4.070E+07  4.056E+07  4.044E+07
  4.027E+07  4.020E+07  4.007E+07  4.003E+07  3.994E+07  3.972E+07  3.955E+07  3.938E+07  3.925E+07  3.924E+07
  3.921E+07  3.907E+07  3.904E+07  3.898E+07  3.900E+07  3.908E+07  3.913E+07  3.899E+07  3.890E+07  3.887E+07
  3.879E+07  3.880E+07  3.864E+07  3.854E+07  3.839E+07  3.826E+07  3.814E+07  3.805E+07  3.798E+07  3.786E+07
  3.783E+07  3.778E+07  3.767E+07  3.763E+07  3.756E+07  3.754E+07  3.753E+07  3.761E+07  3.761E+07  3.756E+07
  5.113E+07  5.099E+07  5.087E+07  5.079E+07  5.070E+07  5.050E+07  5.044E+07  5.021E+07  5.005E+07  4.988E+07
  4.991E+07  4.978E+07  4.974E+07  4.952E+07  4.938E+07  4.924E+07  4.922E+07  4.923E+07  4.921E+07  4.909E+07
  4.898E+07  4.884E+07  4.868E+07  4.859E+07  4.840E+07  4.807E+07  4.802E+07  4.793E+07  4.772E+07  4.750E+07
  4.735E+07  4.712E+07  4.700E+07  4.685E+07  4.677E+07  4.679E+07  4.663E+07  4.652E+07  4.648E+07  4.642E+07
  4.646E+07  4.646E+07  4.639E+07  4.625E+07  4.614E+07  4.616E+07  4.609E+07  4.586E+07  4.569E+07  4.569E+07
  4.566E+07  4.574E+07  4.555E+07  4.542E+07  4.532E+07  4.518E+07  4.503E+07  4.501E+07  4.487E+07  4.479E+07
  4.468E+07  4.465E+07  4.456E+07  4.443E+07  4.437E+07  4.432E+07  4.434E+07  4.424E+07  4.405E+07  4.387E+07
  4.364E+07  4.373E+07  4.356E+07  4.351E+07  4.344E+07  4.335E+07  4.333E+07  4.336E+07  4.330E+07  4.324E+07
  4.317E+07  4.312E+07  4.300E+07  4.293E+07  4.281E+07  4.274E+07  4.264E+07  4.242E+07  4.225E+07  4.216E+07
  4.207E+07  4.205E+07  4.203E+07  4.189E+07  4.191E+07  4.188E+07  4.169E+07  4.144E+07  4.131E+07  4.123E+07
  4.105E+07  4.091E+07  4.083E+07  4.080E+07  4.090E+07  4.087E+07  4.068E+07  4.044E+07  4.032E+07  4.028E+07
  4.022E+07  4.020E+07  4.011E+07  4.009E+07  4.010E+07  4.017E+07  4.015E+07  4.004E+07  4.005E+07  4.009E+07
  4.004E+07  4.003E+07  3.980E+07  3.968E+07  3.961E+07  3.963E+07  3.948E+07  3.934E+07  3.922E+07  3.920E+07
  3.902E+07  3.890E+07  3.876E+07  3.867E+07  3.861E+07  3.857E+07  3.842E+07  3.835E+07  3.840E+07  3.832E+07
  3.827E+07  3.822E+07  3.809E+07  3.790E+07  3.776E+07  3.764E+07  3.751E+07  3.753E+07  3.758E+07  3.756E+07
  5.070E+07  5.064E+07  5.048E+07  5.037E+07  5.025E+07  5.015E+07  5.007E+07  5.001E+07  4.985E+07  4.954E+07
  4.938E+07  4.918E+07  4.904E+07  4.909E+07  4.907E+07  4.902E+07  4.890E+07  4.882E+07  4.877E+07  4.869E+07
  4.867E+07  4.867E+07  4.851E+07  4.839E+07  4.834E+07  4.840E+07  4.829E+07  4.811E+07  4.799E+07  4.790E+07
  4.783E+07  4.784E+07  4.769E+07  4.752E+07  4.739E+07  4.737E+07  4.727E+07  4.714E+07  4.706E+07  4.696E+07
  4.678E+07  4.665E+07  4.661E+07  4.652E+07  4.620E+07  4.623E+07  4.614E+07  4.603E+07  4.588E+07  4.564E+07
  4.564E+07  4.559E+07  4.548E+07  4.541E+07  4.535E+07  4.515E+07  4.507E+07  4.493E+07  4.486E+07  4.477E+07
  4.467E+07  4.447E+07  4.427E+07  4.423E+07  4.410E+07  4.405E+07  4.393E+07  4.386E+07  4.392E+07  4.387E+07
  4.385E+07  4.373E+07  4.376E+07  4.366E+07  4.355E+07  4.353E+07  4.339E+07  4.336E+07  4.324E+07  4.313E+07
  4.293E+07  4.273E+07  4.268E+07  4.265E+07  4.258E+07  4.248E+07  4.237E+07  4.229E+07  4.228E+07  4.211E+07
  4.199E+07  4.196E+07  4.180E+07  4.156E+07  4.146E+07  4.133E+07  4.130E+07  4.116E+07  4.099E+07  4.084E+07
  4.081E+07  4.076E+07  4.070E+07  4.057E+07  4.049E+07  4.038E+07  4.044E+07  4.049E+07  4.033E+07  4.038E+07
  4.046E+07  4.035E+07  4.028E+07  4.015E+07  4.000E+07  3.997E+07  3.984E+07  3.975E+07  3.971E+07  3.961E+07
  3.951E+07  3.937E+07  3.937E+07  3.941E+07  3.925E+07  3.915E+07  3.904E+07  3.912E+07  3.898E+07  3.886E+07
  3.887E+07  3.863E+07  3.848E+07  3.841E+07  3.832E+07  3.816E+07  3.804E+07  3.792E+07  3.787E+07  3.787E+07
  3.785E+07  3.779E+07  3.780E+07  3.774E+07  3.770E+07  3.767E+07  3.769E+07  3.764E+07  3.752E+07  3.755E+07
  5.136E+07  5.125E+07  5.118E+07  5.111E+07  5.110E+07  5.112E+07  5.101E+07  5.097E+07  5.072E+07  5.050E+07
  5.021E+07  5.005E+07  5.003E+07  4.999E+07  4.989E+07  4.978E+07  4.972E+07  4.963E+07  4.953E+07  4.946E+07
  4.924E+07  4.898E+07  4.886E+07  4.867E+07  4.840E+07  4.832E+07  4.834E+07  4.829E+07  4.824E+07  4.811E+07
  4.789E+07  4.783E+07  4.781E+07  4.780E+07  4.773E+07  4.766E+07  4.755E+07  4.751E+07  4.730E+07  4.716E+07
  4.693E+07  4.683E+07  4.666E+07  4.659E+07  4.651E+07  4.640E+07  4.629E+07  4.612E+07  4.598E+07  4.595E+07
  4.569E+07  4.576E+07  4.555E+07  4.533E+07  4.520E+07  4.503E+07  4.495E+07  4.479E+07  4.475E+07  4.467E+07
  4.465E+07  4.448E+07  4.437E+07  4.431E+07  4.436E+07  4.438E+07  4.426E+07  4.416E+07  4.420E+07  4.415E+07
  4.397E+07  4.383E+07  4.377E+07  4.367E+07  4.361E+07  4.362E+07  4.362E+07  4.356E+07  4.346E+07  4.337E+07
  4.339E+07  4.336E+07  4.319E+07  4.304E+07  4.295E+07  4.276E+07  4.259E+07  4.259E+07  4.247E+07  4.235E+07
  4.222E+07  4.209E+07  4.199E+07  4.200E+07  4.201E+07  4.200E+07  4.178E+07  4.168E+07  4.162E+07  4.163E+07
  4.156E+07  4.151E+07  4.143E+07  4.130E+07  4.114E+07  4.113E+07  4.105E+07  4.095E+07  4.069E+07  4.059E+07
  4.047E+07  4.054E+07  4.050E+07  4.050E+07  4.048E+07  4.050E+07  4.051E+07  4.045E+07  4.034E+07  4.022E+07
  4.011E+07  3.999E+07  3.977E+07  3.962E+07  3.948E+07  3.938E+07  3.917E+07  3.904E+07  3.894E+07  3.884E+07
  3.864E+07  3.849E+07  3.839E+07  3.817E+07  3.801E+07  3.790E+07  3.784E+07  3.784E+07  3.773E+07  3.768E+07
  3.766E+07  3.759E+07  3.755E+07  3.754E+07  3.733E+07  3.717E+07  3.716E+07  3.704E+07  3.712E+07  3.710E+07
  5.200E+07  5.184E+07  5.178E+07  5.156E+07  5.129E+07  5.107E+07  5.096E+07  5.092E+07  5.075E+07  5.077E+07
  5.070E+07  5.052E+07  5.042E+07  5.033E+07  5.015E+07  5.004E+07  4.983E+07  4.963E+07  4.938E+07  4.926E+07
  4.919E+07  4.913E+07  4.893E+07  4.882E+07  4.864E+07  4.848E+07  4.839E+07  4.814E+07  4.807E+07  4.783E+07
  4.778E+07  4.774E+07  4.777E+07  4.782E+07  4.783E+07  4.775E+07  4.763E+07  4.747E+07  4.733E+07  4.723E+07
  4.718E+07  4.707E+07  4.694E+07  4.682E+07  4.675E+07  4.669E+07  4.656E+07  4.648E+07  4.638E+07  4.618E+07
  4.628E+07  4.613E+07  4.599E+07  4.587E+07  4.583E+07  4.566E+07  4.544E+07  4.529E+07  4.515E+07  4.502E+07
  4.495E+07  4.491E+07  4.485E+07  4.478E+07  4.462E+07  4.438E+07  4.446E+07  4.446E+07  4.435E+07  4.427E+07
  4.411E+07  4.419E+07  4.418E+07  4.404E+07  4.400E+07  4.394E+07  4.384E+07  4.375E+07  4.372E+07  4.364E+07
  4.346E+07  4.331E+07  4.307E+07  4.291E+07  4.289E+07  4.275E+07  4.271E+07  4.257E+07  4.252E+07  4.243E+07
  4.240E+07  4.231E+07  4.218E+07  4.215E+07  4.197E+07  4.186E+07  4.170E+07  4.149E+07  4.142E+07  4.125E+07
  4.117E+07  4.100E+07  4.092E+07  4.085E+07  4.078E+07  4.069E+07  4.058E+07  4.041E+07  4.038E+07  4.037E+07
  4.023E+07  4.015E+07  4.018E+07  4.009E+07  3.998E+07  3.991E+07  3.978E+07  3.957E+07  3.946E+07  3.945E+07
  3.936E+07  3.929E+07  3.920E+07  3.917E+07  3.913E+07  3.902E+07  3.895E+07  3.874E+07  3.858E+07  3.845E+07
  3.844E+07  3.836E+07  3.842E+07  3.849E+07  3.844E+07  3.844E+07  3.833E+07  3.805E+07  3.792E+07  3.798E+07
  3.785E+07  3.773E+07  3.768E+07  3.772E+07  3.765E+07  3.763E+07  3.771E+07  3.775E+07  3.766E+07  3.767E+07
  5.234E+07  5.210E+07  5.185E+07  5.164E+07  5.153E+07  5.132E+07  5.111E+07  5.105E+07  5.097E+07  5.080E+07
  5.063E+07  5.058E+07  5.045E+07  5.034E+07  5.044E+07  5.034E+07  5.041E+07  5.025E+07  5.001E+07  4.989E+07
  4.993E+07  4.984E+07  4.969E+07  4.947E+07  4.939E+07  4.929E+07  4.913E+07  4.900E+07  4.901E+07  4.900E+07
  4.887E+07  4.875E+07  4.849E+07  4.833E+07  4.825E+07  4.811E+07  4.798E+07  4.775E+07  4.758E+07  4.751E+07
  4.742E+07  4.730E+07  4.726E+07  4.728E+07  4.716E+07  4.696E+07  4.685E+07  4.680E+07  4.677E+07  4.666E+07
  4.653E+07  4.645E+07  4.627E+07  4.613E+07  4.602E+07  4.602E+07  4.598E+07  4.578E+07  4.567E+07  4.560E+07
  4.548E+07  4.531E+07  4.508E+07  4.500E+07  4.491E+07  4.478E+07  4.460E+07  4.458E+07  4.461E+07  4.466E+07
  4.465E+07  4.445E+07  4.431E+07  4.407E+07  4.394E+07  4.379E+07  4.367E+07  4.361E+07  4.351E+07  4.345E+07
  4.332E+07  4.323E+07  4.312E+07  4.306E+07  4.283E+07  4.265E+07  4.244E+07  4.235E+07  4.218E+07  4.217E+07
  4.218E+07  4.217E+07  4.218E+07  4.219E+07  4.223E+07  4.228E+07  4.230E+07  4.235E+07  4.222E+07  4.213E+07
  4.201E+07  4.199E+07  4.195E+07  4.187E+07  4.177E+07  4.167E+07  4.155E+07  4.137E+07  4.116E+07  4.095E+07
  4.096E+07  4.083E+07  4.088E+07  4.074E+07  4.058E+07  4.055E+07  4.062E+07  4.062E+07  4.043E+07  4.034E+07
  4.024E+07  4.023E+07  4.013E+07  4.006E+07  3.992E+07  3.982E+07  3.970E+07  3.955E+07  3.940E+07  3.926E+07
  3.902E+07  3.886E+07  3.887E+07  3.875E+07  3.872E+07  3.866E+07  3.845E+07  3.830E+07  3.826E+07  3.821E+07
  3.817E+07  3.806E+07  3.801E+07  3.783E+07  3.768E+07  3.757E+07  3.750E+07  3.750E+07  3.738E+07  3.735E+07
  5.300E+07  5.277E+07  5.264E+07  5.255E+07  5.236E+07  5.220E+07  5.209E+07  5.188E+07  5.177E+07  5.162E+07
  5.142E+07  5.118E+07  5.124E+07  5.119E+07  5.117E+07  5.099E+07  5.085E+07  5.074E+07  5.053E+07  5.032E+07
  5.015E+07  4.989E+07  4.981E+07  4.973E+07  4.975E+07  4.979E+07  4.974E+07  4.953E+07  4.951E+07  4.937E+07
  4.920E+07  4.902E+07  4.901E+07  4.877E+07  4.870E+07  4.863E+07  4.857E+07  4.856E+07  4.846E+07  4.826E+07
  4.815E+07  4.797E+07  4.786E+07  4.785E+07  4.768E+07  4.752E+07  4.736E+07  4.726E+07  4.711E+07  4.704E+07
  4.683E+07  4.672E+07  4.651E+07  4.640E+07  4.632E+07  4.637E+07  4.639E+07  4.627E+07  4.603E+07  4.594E+07
  4.582E+07  4.566E+07  4.564E+07  4.561E+07  4.558E+07  4.552E+07  4.546E+07  4.530E+07  4.507E+07  4.488E+07
  4.475E+07  4.461E+07  4.442E+07  4.417E+07  4.411E+07  4.403E+07  4.403E+07  4.388E+07  4.373E+07  4.359E+07
  4.357E+07  4.357E+07  4.352E+07  4.341E+07  4.335E+07  4.325E+07  4.318E+07  4.322E+07  4.314E+07  4.306E+07
  4.289E+07  4.297E+07  4.304E+07  4.299E+07  4.290E+07  4.270E+07  4.258E+07  4.242E+07  4.228E+07  4.221E+07
  4.213E+07  4.195E+07  4.184E+07  4.167E+07  4.156E+07  4.155E+07  4.147E+07  4.140E+07  4.130E+07  4.128E+07
  4.116E+07  4.117E+07  4.117E+07  4.090E+07  4.073E+07  4.067E+07  4.046E+07  4.029E+07  4.012E+07  4.003E+07
  3.992E+07  3.993E+07  3.989E+07  3.975E+07  3.978E+07  3.970E+07  3.968E+07  3.964E+07  3.958E+07  3.950E+07
  3.943E+07  3.945E+07  3.933E+07  3.929E+07  3.929E+07  3.920E+07  3.902E+07  3.880E+07  3.868E+07  3.852E+07
  3.848E+07  3.836E+07  3.817E+07  3.818E+07  3.816E+07  3.795E+07  3.789E+07  3.797E+07  3.789E+07  3.772E+07
  5.307E+07  5.300E+07  5.279E+07  5.269E+07  5.254E+07  5.244E+07  5.230E+07  5.212E+07  5.196E+07  5.189E+07
  5.178E+07  5.178E+07  5.166E+07  5.158E+07  5.148E+07  5.122E+07  5.107E+07  5.093E+07  5.074E+07  5.057E+07
  5.035E+07  5.022E+07  5.014E+07  5.001E+07  5.001E+07  4.997E+07  4.998E+07  4.987E+07  4.974E+07  4.951E+07
  4.938E+07  4.924E+07  4.911E+07  4.888E+07  4.869E+07  4.844E+07  4.836E+07  4.842E+07  4.843E+07  4.840E+07
  4.824E+07  4.799E+07  4.795E+07  4.771E+07  4.753E+07  4.733E+07  4.719E+07  4.709E+07  4.699E+07  4.678E+07
  4.667E+07  4.642E+07  4.622E+07  4.610E+07  4.602E+07  4.578E+07  4.569E+07  4.558E+07  4.552E+07  4.546E+07
  4.542E+07  4.534E+07  4.513E+07  4.505E+07  4.512E+07  4.520E+07  4.510E+07  4.492E+07  4.489E+07  4.478E+07
  4.475E+07  4.460E+07  4.462E+07  4.462E+07  4.442E+07  4.429E+07  4.416E+07  4.413E+07  4.399E+07  4.389E+07
  4.373E+07  4.351E+07  4.347E+07  4.346E+07  4.339E+07  4.342E+07  4.333E+07  4.319E+07  4.314E+07  4.316E+07
  4.308E+07  4.290E+07  4.284E+07  4.269E+07  4.259E+07  4.256E+07  4.243E+07  4.233E+07  4.228E+07  4.227E+07
  4.217E+07  4.198E+07  4.192E+07  4.189E+07  4.171E+07  4.157E+07  4.140E+07  4.123E+07  4.110E+07  4.102E+07
  4.096E+07  4.083E+07  4.072E+07  4.070E+07  4.060E+07  4.047E+07  4.038E+07  4.027E+07  4.013E+07  4.005E+07
  3.989E+07  3.970E+07  3.957E+07  3.953E+07  3.944E+07  3.947E+07  3.943E+07  3.931E+07  3.927E+07  3.918E+07
  3.915E+07  3.897E+07  3.877E+07  3.866E+07  3.858E+07  3.851E+07  3.841E+07  3.842E+07  3.832E+07  3.818E+07
  3.793E+07  3.794E+07  3.785E+07  3.771E+07  3.761E+07  3.758E+07  3.737E+07  3.730E+07  3.740E+07  3.740E+07
  5.290E+07  5.276E+07  5.280E+07  5.263E+07  5.245E+07  5.231E+07  5.220E+07  5.197E+07  5.197E+07  5.197E+07
  5.189E+07  5.178E+07  5.164E+07  5.159E+07  5.142E+07  5.134E+07  5.119E+07  5.113E+07  5.112E+07  5.106E+07
  5.108E+07  5.094E+07  5.084E+07  5.058E+07  5.049E+07  5.036E+07  5.023E+07  5.005E+07  4.974E+07  4.950E+07
  4.926E+07  4.926E+07  4.916E+07  4.902E+07  4.889E+07  4.890E+07  4.872E+07  4.853E+07  4.831E+07  4.800E+07
  4.780E+07  4.768E+07  4.766E+07  4.765E+07  4.758E+07  4.752E+07  4.731E+07  4.727E+07  4.705E+07  4.698E+07
  4.693E+07  4.692E+07  4.687E+07  4.679E+07  4.671E+07  4.663E+07  4.658E+07  4.652E+07  4.645E+07  4.636E+07
  4.622E+07  4.610E+07  4.598E+07  4.589E+07  4.577E+07  4.559E+07  4.547E+07  4.529E+07  4.509E+07  4.492E+07
  4.473E+07  4.469E+07  4.458E+07  4.450E+07  4.442E+07  4.426E+07  4.409E+07  4.404E+07  4.381E+07  4.355E+07
  4.337E+07  4.337E+07  4.314E+07  4.305E+07  4.301E+07  4.283E+07  4.279E+07  4.270E+07  4.258E+07  4.259E+07
  4.244E+07  4.229E+07  4.215E+07  4.215E+07  4.201E+07  4.191E+07  4.176E+07  4.169E+07  4.162E+07  4.154E+07
  4.161E+07  4.168E+07  4.155E+07  4.136E+07  4.131E+07  4.131E+07  4.109E+07  4.100E+07  4.106E+07  4.100E+07
  4.093E+07  4.090E+07  4.089E+07  4.072E+07  4.066E+07  4.049E+07  4.048E+07  4.047E+07  4.036E+07  4.020E+07
  4.020E+07  4.015E+07  4.008E+07  4.009E+07  3.999E+07  3.988E+07  3.967E+07  3.964E+07  3.962E+07  3.964E+07
  3.968E+07  3.954E+07  3.961E+07  3.963E+07  3.946E+07  3.934E+07  3.925E+07  3.919E+07  3.913E+07  3.906E+07
  3.883E+07  3.855E+07  3.843E+07  3.832E+07  3.819E+07  3.809E+07  3.800E+07  3.779E+07  3.776E+07  3.763E+07
  5.337E+07  5.318E+07  5.318E+07  5.291E+07  5.283E+07  5.275E+07  5.264E+07  5.261E+07  5.237E+07  5.213E+07
  5.217E+07  5.215E+07  5.186E+07  5.177E+07  5.162E+07  5.132E+07  5.111E+07  5.093E+07  5.080E+07  5.067E+07
  5.052E+07  5.034E+07  5.026E+07  5.016E+07  4.997E+07  4.989E+07  4.979E+07  4.973E+07  4.973E+07  4.967E+07
  4.955E+07  4.934E+07  4.914E+07  4.893E+07  4.882E+07  4.865E+07  4.856E+07  4.852E+07  4.853E+07  4.841E+07
  4.830E+07  4.819E+07  4.801E+07  4.779E+07  4.758E+07  4.746E+07  4.740E+07  4.734E+07  4.721E+07  4.715E+07
  4.700E+07  4.683E+07  4.654E+07  4.637E+07  4.625E+07  4.614E+07  4.601E+07  4.606E+07  4.607E+07  4.598E+07
  4.594E+07  4.586E+07  4.567E+07  4.557E+07  4.551E+07  4.559E+07  4.554E+07  4.539E+07  4.522E+07  4.516E+07
  4.499E+07  4.471E+07  4.459E+07  4.453E+07  4.455E+07  4.475E+07  4.460E+07  4.452E+07  4.441E+07  4.436E+07
  4.427E+07  4.410E+07  4.402E+07  4.378E+07  4.362E+07  4.349E+07  4.327E+07  4.308E+07  4.312E+07  4.289E+07
  4.280E+07  4.273E+07  4.269E+07  4.265E+07  4.254E+07  4.254E+07  4.254E+07  4.239E+07  4.222E+07  4.219E+07
  4.212E+07  4.212E+07  4.194E+07  4.197E+07  4.190E+07  4.182E+07  4.166E+07  4.152E+07  4.150E+07  4.152E+07
  4.139E+07  4.136E+07  4.121E+07  4.101E+07  4.090E+07  4.080E+07  4.069E+07  4.064E+07  4.063E+07  4.066E+07
  4.058E+07  4.051E+07  4.045E+07  4.024E+07  4.022E+07  4.021E+07  4.012E+07  4.004E+07  3.983E+07  3.966E+07
  3.943E+07  3.938E+07  3.929E+07  3.929E+07  3.918E+07  3.909E+07  3.905E+07  3.880E+07  3.872E+07  3.868E+07
  3.868E+07  3.851E+07  3.845E+07  3.845E+07  3.837E+07  3.830E+07  3.816E+07  3.806E+07  3.796E+07  3.785E+07
  5.365E+07  5.353E+07  5.338E+07  5.327E+07  5.295E+07  5.277E+07  5.270E+07  5.260E+07  5.233E+07  5.203E+07
  5.184E+07  5.158E+07  5.143E+07  5.110E+07  5.090E+07  5.092E+07  5.090E+07  5.084E+07  5.085E+07  5.091E+07
  5.072E+07  5.048E+07  5.031E+07  5.010E+07  4.993E+07  4.976E+07  4.967E+07  4.955E+07  4.959E+07  4.946E+07
  4.941E+07  4.938E+07  4.938E+07  4.939E+07  4.928E+07  4.938E+07  4.924E+07  4.902E+07  4.902E+07  4.889E+07
  4.861E+07  4.851E+07  4.857E+07  4.854E+07  4.852E+07  4.828E+07  4.824E+07  4.812E+07  4.807E+07  4.800E+07
  4.781E+07  4.759E+07  4.740E+07  4.733E+07  4.728E+07  4.717E+07  4.694E+07  4.682E+07  4.668E+07  4.663E+07
  4.649E+07  4.646E+07  4.640E+07  4.636E+07  4.630E+07  4.622E+07  4.597E+07  4.586E+07  4.582E+07  4.579E+07
  4.569E+07  4.565E+07  4.560E+07  4.534E+07  4.502E+07  4.488E+07  4.477E+07  4.459E+07  4.447E+07  4.440E+07
  4.423E+07  4.412E+07  4.398E+07  4.381E+07  4.368E+07  4.345E+07  4.332E+07  4.334E+07  4.322E+07  4.308E+07
  4.289E+07  4.267E+07  4.256E+07  4.244E+07  4.234E+07  4.236E+07  4.225E+07  4.212E+07  4.195E+07  4.185E+07
  4.177E+07  4.180E+07  4.173E+07  4.153E+07  4.144E+07  4.148E+07  4.145E+07  4.145E+07  4.138E+07  4.128E+07
  4.118E+07  4.114E+07  4.113E+07  4.113E+07  4.106E+07  4.100E+07  4.091E+07  4.074E+07  4.060E+07  4.051E+07
  4.038E+07  4.032E+07  4.020E+07  4.003E+07  3.992E+07  3.990E+07  3.972E+07  3.952E+07  3.956E+07  3.953E+07
  3.933E+07  3.917E+07  3.906E+07  3.909E+07  3.907E+07  3.903E+07  3.918E+07  3.930E+07  3.931E+07  3.922E+07
  3.919E+07  3.905E+07  3.891E+07  3.866E+07  3.845E+07  3.829E+07  3.832E+07  3.811E+07  3.784E+07  3.786E+07
  5.383E+07  5.374E+07  5.370E+07  5.369E+07  5.356E+07  5.342E+07  5.328E+07  5.319E+07  5.307E+07  5.297E+07
  5.282E+07  5.260E+07  5.232E+07  5.227E+07  5.209E+07  5.204E+07  5.189E+07  5.184E+07  5.153E+07  5.125E+07
  5.098E+07  5.082E+07  5.071E+07  5.063E+07  5.038E+07  5.028E+07  5.009E+07  4.994E+07  4.964E+07  4.959E+07
  4.939E+07  4.918E+07  4.897E+07  4.892E+07  4.885E+07  4.870E+07  4.864E+07  4.860E+07  4.848E+07  4.845E+07
  4.834E+07  4.825E+07  4.804E+07  4.782E+07  4.783E+07  4.789E+07  4.779E+07  4.765E+07  4.742E+07  4.730E+07
  4.712E+07  4.694E+07  4.679E+07  4.667E+07  4.657E+07  4.669E+07  4.658E+07  4.643E+07  4.636E+07  4.620E+07
  4.615E+07  4.597E+07  4.583E+07  4.581E+07  4.575E+07  4.558E+07  4.555E+07  4.553E+07  4.548E+07  4.538E+07
  4.531E+07  4.529E+07  4.513E+07  4.503E+07  4.500E+07  4.484E+07  4.475E+07  4.481E+07  4.463E+07  4.448E+07
  4.445E+07  4.446E+07  4.431E+07  4.416E+07  4.399E+07  4.397E+07  4.383E+07  4.364E+07  4.354E+07  4.339E+07
  4.326E+07  4.303E+07  4.293E+07  4.273E+07  4.267E+07  4.265E+07  4.247E+07  4.224E+07  4.211E+07  4.198E+07
  4.189E+07  4.181E+07  4.167E+07  4.165E+07  4.156E+07  4.143E+07  4.133E+07  4.111E+07  4.105E+07  4.091E+07
  4.074E+07  4.077E+07  4.074E+07  4.067E+07  4.063E+07  4.063E+07  4.063E+07  4.075E+07  4.073E+07  4.053E+07
  4.050E+07  4.046E+07  4.044E+07  4.041E+07  4.031E+07  4.031E+07  4.015E+07  4.003E+07  3.990E+07  3.984E+07
  3.967E+07  3.957E+07  3.953E+07  3.940E+07  3.914E+07  3.898E+07  3.893E+07  3.899E+07  3.896E+07  3.881E+07
  3.863E+07  3.863E+07  3.869E+07  3.862E+07  3.848E+07  3.840E+07  3.823E+07  3.828E+07  3.825E+07  3.816E+07
  5.374E+07  5.347E+07  5.342E+07  5.328E+07  5.327E+07  5.301E+07  5.297E+07  5.293E+07  5.279E+07  5.269E+07
  5.244E+07  5.224E+07  5.216E+07  5.214E+07  5.217E+07  5.202E+07  5.196E+07  5.181E+07  5.177E+07  5.171E+07
  5.168E+07  5.138E+07  5.130E+07  5.112E+07  5.089E+07  5.077E+07  5.065E+07  5.058E+07  5.050E+07  5.016E+07
  5.001E+07  5.002E+07  4.998E+07  4.985E+07  4.962E+07  4.944E+07  4.928E+07  4.918E+07  4.914E+07  4.909E+07
  4.897E+07  4.879E+07  4.862E+07  4.848E+07  4.840E+07  4.815E+07  4.805E+07  4.789E+07  4.789E+07  4.773E+07
  4.763E+07  4.758E+07  4.745E+07  4.729E+07  4.702E+07  4.689E+07  4.672E+07  4.661E+07  4.651E+07  4.648E+07
  4.647E+07  4.638E+07  4.616E+07  4.593E+07  4.596E+07  4.594E+07  4.598E+07  4.585E+07  4.573E+07  4.556E+07
  4.552E+07  4.538E+07  4.531E+07  4.530E+07  4.530E+07  4.519E+07  4.501E+07  4.487E+07  4.466E+07  4.457E+07
  4.449E+07  4.446E+07  4.436E+07  4.438E+07  4.417E+07  4.399E+07  4.395E+07  4.394E+07  4.384E+07  4.366E+07
  4.338E+07  4.322E+07  4.322E+07  4.322E+07  4.324E+07  4.306E+07  4.294E+07  4.291E+07  4.276E+07  4.268E+07
  4.259E+07  4.233E+07  4.232E+07  4.225E+07  4.213E+07  4.213E+07  4.205E+07  4.196E+07  4.186E+07  4.172E+07
  4.155E+07  4.141E+07  4.129E+07  4.124E+07  4.108E+07  4.090E+07  4.076E+07  4.063E+07  4.059E+07  4.062E+07
  4.063E+07  4.058E+07  4.041E+07  4.038E+07  4.030E+07  4.017E+07  4.014E+07  3.999E+07  3.990E+07  3.984E+07
  3.988E+07  3.983E+07  3.968E+07  3.966E+07  3.952E+07  3.933E+07  3.917E+07  3.907E+07  3.898E+07  3.902E+07
  3.903E+07  3.901E+07  3.892E+07  3.880E+07  3.845E+07  3.835E+07  3.835E+07  3.818E+07  3.808E+07  3.800E+07
  5.430E+07  5.428E+07  5.411E+07  5.403E+07  5.396E+07  5.384E+07  5.363E+07  5.358E+07  5.336E+07  5.311E+07
  5.280E+07  5.250E+07  5.240E+07  5.223E+07  5.203E+07  5.193E+07  5.179E+07  5.180E+07  5.164E+07  5.155E+07
  5.154E+07  5.147E+07  5.130E+07  5.121E+07  5.112E+07  5.087E+07  5.057E+07  5.047E+07  5.035E+07  5.025E+07
  5.012E+07  5.001E+07  4.998E+07  4.983E+07  4.967E+07  4.962E+07  4.962E+07  4.967E+07  4.945E+07  4.911E+07
  4.899E+07  4.888E+07  4.865E+07  4.861E+07  4.844E+07  4.828E+07  4.810E+07  4.816E+07  4.809E+07  4.802E+07
  4.788E+07  4.762E+07  4.744E+07  4.727E+07  4.727E+07  4.709E+07  4.703E+07  4.693E+07  4.680E+07  4.672E+07
  4.659E+07  4.654E+07  4.636E+07  4.630E+07  4.618E+07  4.607E+07  4.597E+07  4.589E+07  4.570E+07  4.554E+07
  4.536E+07  4.532E+07  4.524E+07  4.508E+07  4.496E+07  4.484E+07  4.472E+07  4.467E+07  4.465E+07  4.459E+07
  4.448E+07  4.438E+07  4.417E+07  4.416E+07  4.410E+07  4.393E+07  4.390E+07  4.379E+07  4.355E+07  4.344E+07
  4.338E+07  4.319E+07  4.312E+07  4.313E+07  4.311E+07  4.292E+07  4.284E+07  4.276E+07  4.265E+07  4.258E+07
  4.259E+07  4.248E+07  4.228E+07  4.232E+07  4.224E+07  4.214E+07  4.207E+07  4.197E+07  4.184E+07  4.174E+07
  4.172E+07  4.159E+07  4.152E+07  4.133E+07  4.119E+07  4.119E+07  4.103E+07  4.093E+07  4.084E+07  4.083E+07
  4.080E+07  4.076E+07  4.074E+07  4.064E+07  4.057E+07  4.057E+07  4.039E+07  4.028E+07  4.020E+07  4.022E+07
  4.011E+07  3.998E+07  3.991E+07  3.982E+07  3.977E+07  3.968E+07  3.948E+07  3.932E+07  3.926E+07  3.915E+07
  3.897E+07  3.881E+07  3.869E+07  3.864E+07  3.854E+07  3.835E+07  3.817E+07  3.815E+07  3.812E+07  3.799E+07
  5.432E+07  5.396E+07  5.367E+07  5.357E+07  5.358E+07  5.355E+07  5.328E+07  5.310E+07  5.294E+07  5.280E+07
  5.272E+07  5.258E+07  5.239E+07  5.222E+07  5.195E+07  5.177E+07  5.178E+07  5.159E+07  5.149E+07  5.140E+07
  5.135E+07  5.124E+07  5.101E+07  5.085E+07  5.069E+07  5.049E+07  5.051E+07  5.059E+07  5.041E+07  5.044E+07
  5.043E+07  5.027E+07  5.015E+07  5.000E+07  4.987E+07  4.967E+07  4.949E+07  4.940E+07  4.916E+07  4.898E+07
  4.880E+07  4.878E+07  4.876E+07  4.871E+07  4.864E+07  4.854E+07  4.841E+07  4.825E+07  4.821E+07  4.803E+07
  4.781E+07  4.771E+07  4.755E+07  4.751E+07  4.740E+07  4.725E+07  4.700E+07  4.695E+07  4.685E+07  4.682E+07
  4.662E+07  4.654E+07  4.640E+07  4.636E+07  4.614E+07  4.596E+07  4.593E+07  4.572E+07  4.547E+07  4.542E+07
  4.531E+07  4.509E+07  4.501E+07  4.498E+07  4.500E+07  4.496E+07  4.486E+07  4.473E+07  4.453E+07  4.445E+07
  4.425E+07  4.423E+07  4.425E+07  4.406E+07  4.396E+07  4.384E+07  4.376E+07  4.373E+07  4.370E+07  4.369E+07
  4.356E+07  4.351E+07  4.343E+07  4.329E+07  4.317E+07  4.323E+07  4.314E+07  4.303E+07  4.293E+07  4.284E+07
  4.271E+07  4.252E+07  4.246E+07  4.248E+07  4.236E+07  4.226E+07  4.211E+07  4.211E+07  4.189E+07  4.173E+07
  4.151E+07  4.136E+07  4.127E+07  4.126E+07  4.114E+07  4.110E+07  4.112E+07  4.086E+07  4.064E+07  4.055E+07
  4.040E+07  4.037E+07  4.025E+07  4.007E+07  3.991E+07  3.981E+07  3.977E+07  3.961E+07  3.967E+07  3.968E+07
  3.953E+07  3.938E+07  3.937E+07  3.933E+07  3.922E+07  3.906E+07  3.897E+07  3.882E+07  3.858E+07  3.843E+07
  3.845E+07  3.853E+07  3.842E+07  3.840E+07  3.844E+07  3.849E+07  3.853E+07  3.837E+07  3.830E+07  3.830E+07
  5.456E+07  5.443E+07  5.442E+07  5.445E+07  5.429E+07  5.408E+07  5.392E+07  5.351E+07  5.337E+07  5.315E+07
  5.293E+07  5.286E+07  5.270E+07  5.248E+07  5.233E+07  5.222E+07  5.191E+07  5.167E+07  5.158E+07  5.139E+07
  5.139E+07  5.134E+07  5.124E+07  5.118E+07  5.113E+07  5.086E+07  5.066E+07  5.035E+07  5.027E+07  4.995E+07
  4.990E+07  4.973E+07  4.952E+07  4.939E+07  4.938E+07  4.944E+07  4.931E+07  4.927E+07  4.919E+07  4.922E+07
  4.913E+07  4.901E+07  4.893E+07  4.879E+07  4.852E+07  4.845E+07  4.824E+07  4.791E+07  4.775E+07  4.767E+07
  4.764E+07  4.742E+07  4.733E+07  4.716E+07  4.701E+07  4.674E+07  4.667E+07  4.656E+07  4.650E+07  4.636E+07
  4.619E+07  4.602E+07  4.601E+07  4.584E+07  4.586E+07  4.583E+07  4.556E+07  4.552E+07  4.565E+07  4.557E+07
  4.535E+07  4.531E+07  4.525E+07  4.517E+07  4.507E+07  4.495E+07  4.476E+07  4.453E+07  4.447E+07  4.447E+07
  4.436E+07  4.420E+07  4.401E+07  4.390E+07  4.369E+07  4.345E+07  4.343E+07  4.324E+07  4.320E+07  4.309E+07
  4.293E+07  4.278E+07  4.271E+07  4.260E+07  4.256E+07  4.256E+07  4.253E+07  4.241E+07  4.242E+07  4.239E+07
  4.229E+07  4.228E+07  4.209E+07  4.204E+07  4.207E+07  4.200E+07  4.188E+07  4.178E+07  4.169E+07  4.165E+07
  4.160E+07  4.156E+07  4.157E+07  4.146E+07  4.142E+07  4.139E+07  4.135E+07  4.121E+07  4.112E+07  4.098E+07
  4.087E+07  4.075E+07  4.054E+07  4.045E+07  4.045E+07  4.040E+07  4.039E+07  4.037E+07  4.019E+07  4.003E+07
  3.988E+07  3.976E+07  3.967E+07  3.956E+07  3.937E+07  3.925E+07  3.918E+07  3.909E+07  3.908E+07  3.894E+07
  3.896E+07  3.892E+07  3.881E+07  3.860E+07  3.843E+07  3.831E+07  3.822E+07  3.812E+07  3.796E+07  3.793E+07
  5.432E+07  5.420E+07  5.419E+07  5.411E+07  5.397E+07  5.384E+07  5.386E+07  5.374E+07  5.358E+07  5.346E+07
  5.333E+07  5.319E+07  5.308E+07  5.288E+07  5.270E+07  5.261E+07  5.238E+07  5.219E+07  5.182E+07  5.163E+07
  5.140E+07  5.119E+07  5.096E+07  5.086E+07  5.080E+07  5.062E+07  5.051E+07  5.040E+07  5.018E+07  4.995E+07
  4.986E+07  4.978E+07  4.980E+07  4.965E+07  4.939E+07  4.909E+07  4.881E+07  4.874E+07  4.877E+07  4.873E+07
  4.863E+07  4.841E+07  4.838E+07  4.833E+07  4.820E+07  4.802E+07  4.805E+07  4.803E+07  4.784E+07  4.781E+07
  4.760E+07  4.742E+07  4.725E+07  4.717E+07  4.718E+07  4.711E+07  4.698E+07  4.696E+07  4.692E+07  4.679E+07
  4.667E+07  4.639E+07  4.627E+07  4.621E+07  4.608E+07  4.586E+07  4.572E+07  4.574E+07  4.574E+07  4.559E+07
  4.543E+07  4.531E+07  4.517E+07  4.495E+07  4.466E+07  4.455E+07  4.440E+07  4.409E+07  4.420E+07  4.426E+07
  4.423E+07  4.413E+07  4.408E+07  4.388E+07  4.384E+07  4.368E+07  4.357E+07  4.349E+07  4.328E+07  4.299E+07
  4.286E+07  4.277E+07  4.268E+07  4.267E+07  4.260E+07  4.229E+07  4.206E+07  4.171E+07  4.160E+07  4.162E+07
  4.163E+07  4.162E+07  4.176E+07  4.171E+07  4.167E+07  4.163E+07  4.156E+07  4.161E+07  4.171E+07  4.165E+07
  4.157E+07  4.144E+07  4.132E+07  4.117E+07  4.091E+07  4.083E+07  4.070E+07  4.052E+07  4.035E+07  4.014E+07
  4.003E+07  3.995E+07  4.002E+07  4.000E+07  3.984E+07  3.980E+07  3.984E+07  3.989E+07  3.979E+07  3.967E+07
  3.958E+07  3.955E+07  3.949E+07  3.946E+07  3.946E+07  3.925E+07  3.914E+07  3.894E+07  3.871E+07  3.868E+07
  3.853E+07  3.847E+07  3.848E+07  3.854E+07  3.842E+07  3.836E+07  3.834E+07  3.826E+07  3.826E+07  3.821E+07
  5.392E+07  5.389E+07  5.387E+07  5.356E+07  5.327E+07  5.301E+07  5.277E+07  5.266E+07  5.260E+07  5.257E+07
  5.252E+07  5.247E+07  5.235E+07  5.220E+07  5.212E+07  5.201E+07  5.185E+07  5.175E+07  5.162E+07  5.158E+07
  5.132E+07  5.106E+07  5.083E+07  5.070E+07  5.059E+07  5.027E+07  4.997E+07  4.978E+07  4.963E+07  4.962E+07
  4.938E+07  4.923E+07  4.909E+07  4.893E+07  4.894E+07  4.897E+07  4.882E+07  4.863E+07  4.857E+07  4.841E+07
  4.831E+07  4.828E+07  4.819E+07  4.805E+07  4.801E+07  4.806E+07  4.793E+07  4.787E+07  4.788E+07  4.778E+07
  4.779E+07  4.762E+07  4.750E+07  4.744E+07  4.724E+07  4.705E+07  4.701E+07  4.690E+07  4.681E+07  4.665E+07
  4.646E+07  4.646E+07  4.627E+07  4.600E+07  4.593E+07  4.576E+07  4.575E+07  4.565E+07  4.550E+07  4.516E+07
  4.510E+07  4.502E+07  4.498E+07  4.499E+07  4.494E+07  4.499E+07  4.510E+07  4.510E+07  4.481E+07  4.457E+07
  4.446E+07  4.419E+07  4.393E+07  4.380E+07  4.366E+07  4.360E+07  4.342E+07  4.337E+07  4.324E+07  4.309E+07
  4.304E+07  4.288E+07  4.286E+07  4.296E+07  4.286E+07  4.270E+07  4.237E+07  4.229E+07  4.218E+07  4.203E+07
  4.199E+07  4.190E+07  4.171E+07  4.160E+07  4.139E+07  4.137E+07  4.125E+07  4.102E+07  4.091E+07  4.076E+07
  4.073E+07  4.069E+07  4.070E+07  4.071E+07  4.057E+07  4.055E+07  4.051E+07  4.047E+07  4.037E+07  4.026E+07
  4.033E+07  4.016E+07  4.004E+07  4.011E+07  4.016E+07  4.010E+07  4.007E+07  4.007E+07  3.996E+07  3.994E+07
  3.984E+07  3.976E+07  3.961E+07  3.955E+07  3.940E+07  3.931E+07  3.906E+07  3.886E+07  3.868E+07  3.857E+07
  3.860E+07  3.868E+07  3.866E+07  3.861E+07  3.864E+07  3.856E+07  3.837E+07  3.831E+07  3.812E+07  3.802E+07
  5.372E+07  5.366E+07  5.346E+07  5.342E+07  5.335E+07  5.317E+07  5.301E+07  5.277E+07  5.247E+07  5.208E+07
  5.203E+07  5.191E+07  5.188E+07  5.183E+07  5.171E+07  5.161E+07  5.142E+07  5.128E+07  5.114E+07  5.101E+07
  5.097E+07  5.084E+07  5.053E+07  5.039E+07  5.034E+07  5.023E+07  5.011E+07  4.995E+07  4.986E+07  4.968E+07
  4.967E+07  4.941E+07  4.937E+07  4.930E+07  4.908E+07  4.886E+07  4.876E+07  4.872E+07  4.864E+07  4.854E+07
  4.833E+07  4.821E+07  4.803E+07  4.791E+07  4.785E+07  4.795E+07  4.795E+07  4.788E+07  4.775E+07  4.766E+07
  4.750E+07  4.760E+07  4.747E+07  4.720E+07  4.704E+07  4.700E+07  4.691E+07  4.688E+07  4.682E+07  4.679E+07
  4.668E+07  4.644E+07  4.636E+07  4.613E+07  4.610E+07  4.607E+07  4.591E+07  4.593E+07  4.583E+07  4.576E+07
  4.562E+07  4.555E+07  4.542E+07  4.527E+07  4.503E+07  4.484E+07  4.469E+07  4.441E+07  4.433E+07  4.427E+07
  4.415E+07  4.415E+07  4.408E+07  4.384E+07  4.363E+07  4.347E+07  4.341E+07  4.339E+07  4.334E+07  4.312E+07
  4.288E+07  4.272E+07  4.263E+07  4.253E+07  4.244E+07  4.224E+07  4.221E+07  4.226E+07  4.214E+07  4.201E+07
  4.192E+07  4.192E+07  4.190E+07  4.174E+07  4.167E+07  4.164E+07  4.145E+07  4.136E+07  4.130E+07  4.131E+07
  4.124E+07  4.109E+07  4.093E+07  4.083E+07  4.068E+07  4.060E+07  4.046E+07  4.035E+07  4.023E+07  4.002E+07
  3.995E+07  3.992E+07  3.980E+07  3.957E+07  3.946E+07  3.932E+07  3.920E+07  3.914E+07  3.911E+07  3.924E+07
  3.916E+07  3.907E+07  3.912E+07  3.900E+07  3.900E+07  3.894E+07  3.893E+07  3.896E+07  3.896E+07  3.900E+07
  3.890E+07  3.869E+07  3.868E+07  3.858E+07  3.852E+07  3.839E+07  3.833E+07  3.820E+07  3.820E+07  3.806E+07
  5.386E+07  5.379E+07  5.362E+07  5.351E+07  5.337E+07  5.325E+07  5.322E+07  5.307E+07  5.310E+07  5.297E+07
  5.272E+07  5.252E+07  5.235E+07  5.216E+07  5.198E+07  5.177E+07  5.150E+07  5.121E+07  5.113E+07  5.111E+07
  5.098E+07  5.094E+07  5.098E+07  5.080E+07  5.056E+07  5.049E+07  5.034E+07  5.028E+07  5.011E+07  4.990E+07
  4.989E+07  4.980E+07  4.961E+07  4.944E+07  4.930E+07  4.928E+07  4.915E+07  4.915E+07  4.901E+07  4.876E+07
  4.871E+07  4.861E+07  4.856E+07  4.854E+07  4.864E+07  4.863E+07  4.845E+07  4.833E+07  4.821E+07  4.815E+07
  4.788E+07  4.764E+07  4.735E+07  4.732E+07  4.708E+07  4.685E+07  4.675E+07  4.673E+07  4.652E+07  4.653E+07
  4.618E+07  4.615E+07  4.616E+07  4.601E+07  4.583E+07  4.555E+07  4.559E+07  4.529E+07  4.507E+07  4.494E+07
  4.481E+07  4.465E+07  4.455E+07  4.448E+07  4.458E+07  4.447E+07  4.437E+07  4.440E+07  4.429E+07  4.410E+07
  4.385E+07  4.357E+07  4.337E+07  4.326E+07  4.311E+07  4.303E+07  4.291E+07  4.279E+07  4.280E+07  4.271E+07
  4.250E+07  4.242E+07  4.240E+07  4.235E+07  4.229E+07  4.214E+07  4.203E+07  4.192E+07  4.173E+07  4.172E+07
  4.170E+07  4.147E+07  4.149E+07  4.149E+07  4.141E+07  4.129E+07  4.144E+07  4.125E+07  4.133E+07  4.127E+07
  4.132E+07  4.127E+07  4.104E+07  4.090E+07  4.092E+07  4.085E+07  4.066E+07  4.064E+07  4.057E+07  4.036E+07
  4.033E+07  4.033E+07  4.023E+07  4.010E+07  3.992E+07  3.983E+07  3.975E+07  3.966E+07  3.961E+07  3.946E+07
  3.944E+07  3.936E+07  3.930E+07  3.925E+07  3.914E+07  3.901E+07  3.903E+07  3.898E+07  3.881E+07  3.864E+07
  3.867E+07  3.866E+07  3.844E+07  3.840E+07  3.827E+07  3.803E+07  3.797E+07  3.802E+07  3.782E+07  3.771E+07
  5.274E+07  5.243E+07  5.215E+07  5.202E+07  5.195E+07  5.169E+07  5.173E+07  5.169E+07  5.163E+07  5.164E+07
  5.158E+07  5.141E+07  5.142E+07  5.114E+07  5.102E+07  5.104E+07  5.093E+07  5.087E+07  5.075E+07  5.053E+07
  5.031E+07  5.009E+07  4.997E+07  4.977E+07  4.970E+07  4.976E+07  4.972E+07  4.974E+07  4.962E+07  4.932E+07
  4.915E+07  4.911E+07  4.914E+07  4.896E+07  4.864E+07  4.860E+07  4.852E+07  4.832E+07  4.826E+07  4.823E+07
  4.820E+07  4.804E+07  4.792E+07  4.787E+07  4.762E+07  4.743E+07  4.727E+07  4.714E+07  4.703E+07  4.687E+07
  4.690E+07  4.673E+07  4.657E+07  4.648E+07  4.642E+07  4.634E+07  4.626E+07  4.618E+07  4.624E+07  4.613E+07
  4.599E+07  4.579E+07  4.556E+07  4.547E+07  4.538E+07  4.533E+07  4.529E+07  4.517E+07  4.505E+07  4.488E+07
  4.490E+07  4.479E+07  4.468E+07  4.448E+07  4.437E+07  4.429E+07  4.408E+07  4.382E+07  4.371E+07  4.349E+07
  4.342E+07  4.345E+07  4.339E+07  4.320E+07  4.299E+07  4.281E+07  4.277E+07  4.267E+07  4.263E+07  4.264E+07
  4.269E+07  4.259E+07  4.262E+07  4.272E+07  4.281E+07  4.281E+07  4.269E+07  4.262E+07  4.260E+07  4.239E+07
  4.223E+07  4.206E+07  4.183E+07  4.149E+07  4.132E+07  4.134E+07  4.121E+07  4.115E+07  4.092E+07  4.065E+07
  4.048E+07  4.035E+07  4.028E+07  4.027E+07  4.020E+07  4.006E+07  4.002E+07  3.997E+07  3.988E+07  3.970E+07
  3.964E+07  3.973E+07  3.972E+07  3.974E+07  3.972E+07  3.965E+07  3.968E+07  3.961E+07  3.951E+07  3.937E+07
  3.918E+07  3.911E+07  3.918E+07  3.910E+07  3.907E+07  3.906E+07  3.906E+07  3.915E+07  3.895E+07  3.876E+07
  3.859E+07  3.854E+07  3.851E+07  3.831E+07  3.807E+07  3.797E+07  3.786E+07  3.775E+07  3.766E+07  3.759E+07
  5.280E+07  5.262E+07  5.243E+07  5.241E+07  5.242E+07  5.233E+07  5.228E+07  5.214E+07  5.188E+07  5.171E+07
  5.163E+07  5.149E+07  5.126E+07  5.109E+07  5.084E+07  5.053E+07  5.042E+07  5.029E+07  5.011E+07  5.007E+07
  5.004E+07  4.987E+07  4.988E+07  4.973E+07  4.960E+07  4.949E+07  4.943E+07  4.928E+07  4.916E+07  4.912E+07
  4.906E+07  4.893E+07  4.881E+07  4.868E+07  4.852E+07  4.826E+07  4.809E+07  4.789E+07  4.783E+07  4.776E+07
  4.767E+07  4.749E+07  4.756E+07  4.738E+07  4.724E+07  4.706E+07  4.697E+07  4.686E+07  4.675E+07  4.665E+07
  4.655E+07  4.635E+07  4.621E+07  4.608E+07  4.603E+07  4.586E+07  4.578E+07  4.577E+07  4.573E+07  4.569E+07
  4.561E+07  4.545E+07  4.527E+07  4.526E+07  4.525E+07  4.511E+07  4.503E+07  4.495E+07  4.474E+07  4.464E+07
  4.451E+07  4.440E+07  4.429E+07  4.412E+07  4.410E+07  4.402E+07  4.395E+07  4.398E+07  4.378E+07  4.372E+07
  4.356E+07  4.341E+07  4.340E+07  4.329E+07  4.319E+07  4.324E+07  4.315E+07  4.307E+07  4.287E+07  4.258E+07
  4.240E+07  4.239E+07  4.231E+07  4.211E+07  4.199E+07  4.196E+07  4.197E+07  4.193E+07  4.186E+07  4.186E+07
  4.179E+07  4.155E+07  4.143E+07  4.143E+07  4.137E+07  4.122E+07  4.107E+07  4.093E+07  4.084E+07  4.076E+07
  4.050E+07  4.037E+07  4.027E+07  4.027E+07  4.029E+07  4.019E+07  4.013E+07  3.992E+07  4.003E+07  3.998E+07
  3.991E+07  3.977E+07  3.948E+07  3.931E+07  3.921E+07  3.896E+07  3.885E+07  3.881E+07  3.897E+07  3.900E+07
  3.897E+07  3.899E+07  3.884E+07  3.873E+07  3.862E+07  3.847E+07  3.840E+07  3.825E+07  3.822E+07  3.824E+07
  3.812E+07  3.796E+07  3.791E+07  3.789E+07  3.780E+07  3.773E+07  3.754E+07  3.741E+07  3.722E+07  3.707E+07
  5.212E+07  5.190E+07  5.170E+07  5.159E+07  5.141E+07  5.123E+07  5.093E+07  5.078E+07  5.079E+07  5.081E+07
  5.067E+07  5.066E+07  5.050E+07  5.033E+07  5.013E+07  5.001E+07  5.004E+07  5.015E+07  5.016E+07  5.008E+07
  5.009E+07  5.006E+07  5.013E+07  4.994E+07  4.970E+07  4.962E+07  4.953E+07  4.933E+07  4.901E+07  4.880E+07
  4.850E+07  4.828E+07  4.812E+07  4.817E+07  4.813E+07  4.792E+07  4.777E+07  4.782E+07  4.772E+07  4.743E+07
  4.728E+07  4.729E+07  4.725E+07  4.719E+07  4.717E+07  4.710E+07  4.702E+07  4.681E+07  4.671E+07  4.652E+07
  4.644E+07  4.642E+07  4.628E+07  4.616E+07  4.612E+07  4.618E+07  4.609E+07  4.595E+07  4.584E+07  4.562E+07
  4.563E+07  4.553E+07  4.548E+07  4.533E+07  4.514E+07  4.504E+07  4.497E+07  4.478E+07  4.462E+07  4.447E+07
  4.429E+07  4.412E+07  4.391E+07  4.371E+07  4.360E+07  4.352E+07  4.348E+07  4.340E+07  4.325E+07  4.321E+07
  4.318E+07  4.310E+07  4.292E+07  4.268E+07  4.262E+07  4.249E+07  4.242E+07  4.246E+07  4.239E+07  4.229E+07
  4.217E+07  4.202E+07  4.189E+07  4.191E+07  4.188E+07  4.180E+07  4.176E+07  4.175E+07  4.169E+07  4.158E+07
  4.154E+07  4.156E+07  4.158E+07  4.149E+07  4.129E+07  4.123E+07  4.104E+07  4.098E+07  4.094E+07  4.079E+07
  4.068E+07  4.065E+07  4.062E+07  4.037E+07  4.016E+07  3.996E+07  3.983E+07  3.975E+07  3.957E+07  3.951E+07
  3.948E+07  3.957E+07  3.945E+07  3.920E+07  3.912E+07  3.909E+07  3.900E+07  3.893E+07  3.886E+07  3.893E+07
  3.892E+07  3.891E+07  3.882E+07  3.862E+07  3.851E+07  3.851E+07  3.836E+07  3.815E+07  3.809E+07  3.804E+07
  3.799E+07  3.789E+07  3.775E+07  3.760E+07  3.750E+07  3.749E+07  3.741E+07  3.721E+07  3.708E+07  3.703E+07
  5.123E+07  5.121E+07  5.115E+07  5.107E+07  5.093E+07  5.077E+07  5.065E+07  5.048E+07  5.033E+07  5.018E+07
  5.003E+07  4.979E+07  4.978E+07  4.971E+07  4.958E+07  4.945E+07  4.921E+07  4.910E+07  4.899E+07  4.895E+07
  4.889E+07  4.876E+07  4.869E+07  4.862E+07  4.868E+07  4.870E+07  4.850E+07  4.840E+07  4.837E+07  4.818E+07
  4.814E+07  4.818E+07  4.795E+07  4.757E+07  4.732E+07  4.728E+07  4.716E+07  4.710E+07  4.699E+07  4.696E+07
  4.703E+07  4.709E+07  4.709E+07  4.696E+07  4.680E+07  4.655E+07  4.642E+07  4.628E+07  4.620E+07  4.625E+07
  4.612E+07  4.596E+07  4.578E+07  4.561E+07  4.531E+07  4.515E+07  4.502E+07  4.496E+07  4.491E+07  4.488E+07
  4.474E+07  4.475E+07  4.478E+07  4.466E+07  4.466E+07  4.461E+07  4.457E+07  4.426E+07  4.411E+07  4.405E+07
  4.406E+07  4.415E+07  4.403E+07  4.396E+07  4.377E+07  4.352E+07  4.336E+07  4.332E+07  4.330E+07  4.326E+07
  4.312E+07  4.293E+07  4.299E+07  4.292E+07  4.295E+07  4.282E+07  4.272E+07  4.259E+07  4.245E+07  4.230E+07
  4.199E+07  4.187E+07  4.164E+07  4.132E+07  4.114E+07  4.086E+07  4.081E+07  4.089E+07  4.076E+07  4.067E+07
  4.059E+07  4.061E+07  4.051E+07  4.046E+07  4.043E+07  4.036E+07  4.026E+07  4.019E+07  4.004E+07  4.015E+07
  4.005E+07  3.992E+07  3.985E+07  3.986E+07  3.972E+07  3.975E+07  3.980E+07  3.974E+07  3.981E+07  3.964E+07
  3.962E+07  3.967E+07  3.961E+07  3.952E+07  3.936E+07  3.924E+07  3.918E+07  3.906E+07  3.902E+07  3.892E+07
  3.873E+07  3.854E+07  3.835E+07  3.832E+07  3.830E+07  3.822E+07  3.823E+07  3.817E+07  3.801E+07  3.785E+07
  3.771E+07  3.769E+07  3.766E+07  3.771E+07  3.761E+07  3.732E+07  3.725E+07  3.734E+07  3.727E+07  3.716E+07
  5.081E+07  5.065E+07  5.049E+07  5.038E+07  5.018E+07  5.021E+07  5.008E+07  5.007E+07  5.004E+07  5.002E+07
  4.986E+07  4.976E+07  4.960E+07  4.949E+07  4.937E+07  4.930E+07  4.909E+07  4.890E+07  4.876E+07  4.862E+07
  4.856E+07  4.843E+07  4.835E+07  4.838E+07  4.836E+07  4.815E+07  4.790E+07  4.771E+07  4.760E+07  4.737E+07
  4.726E+07  4.713E+07  4.707E+07  4.708E+07  4.684E+07  4.682E+07  4.661E+07  4.637E+07  4.624E+07  4.610E+07
  4.594E+07  4.589E+07  4.587E+07  4.576E+07  4.564E+07  4.554E+07  4.548E+07  4.539E+07  4.528E+07  4.523E+07
  4.515E+07  4.513E+07  4.495E+07  4.492E+07  4.497E+07  4.481E+07  4.463E+07  4.460E+07  4.456E+07  4.422E+07
  4.413E+07  4.398E+07  4.373E+07  4.367E+07  4.372E+07  4.365E+07  4.351E+07  4.344E+07  4.337E+07  4.338E+07
  4.329E+07  4.329E+07  4.322E+07  4.327E+07  4.318E+07  4.307E+07  4.301E+07  4.276E+07  4.260E+07  4.245E+07
  4.241E+07  4.232E+07  4.227E+07  4.209E+07  4.203E+07  4.193E+07  4.178E+07  4.181E+07  4.177E+07  4.178E+07
  4.188E+07  4.190E+07  4.174E+07  4.155E+07  4.149E+07  4.145E+07  4.142E+07  4.124E+07  4.114E+07  4.107E+07
  4.087E+07  4.079E+07  4.073E+07  4.065E+07  4.042E+07  4.033E+07  4.029E+07  4.015E+07  4.007E+07  3.994E+07
  3.988E+07  3.966E+07  3.958E+07  3.952E+07  3.957E+07  3.945E+07  3.934E+07  3.925E+07  3.907E+07  3.897E+07
  3.876E+07  3.858E+07  3.854E+07  3.850E+07  3.847E+07  3.844E+07  3.833E+07  3.808E+07  3.802E+07  3.807E+07
  3.813E+07  3.809E+07  3.804E+07  3.785E+07  3.774E+07  3.780E+07  3.783E+07  3.778E+07  3.777E+07  3.780E+07
  3.758E+07  3.739E+07  3.724E+07  3.718E+07  3.722E+07  3.717E+07  3.706E+07  3.693E+07  3.683E+07  3.673E+07
  5.031E+07  5.018E+07  4.990E+07  4.972E+07  4.972E+07  4.947E+07  4.926E+07  4.919E+07  4.904E+07  4.889E+07
  4.889E+07  4.872E+07  4.860E+07  4.850E+07  4.845E+07  4.836E+07  4.838E+07  4.827E+07  4.826E+07  4.816E+07
  4.799E+07  4.795E+07  4.780E+07  4.766E+07  4.739E+07  4.714E+07  4.691E+07  4.667E+07  4.641E+07  4.635E+07
  4.641E+07  4.627E+07  4.615E+07  4.604E+07  4.588E+07  4.582E+07  4.585E+07  4.594E+07  4.592E+07  4.580E+07
  4.552E+07  4.537E+07  4.525E+07  4.523E+07  4.530E+07  4.528E+07  4.506E+07  4.487E+07  4.489E+07  4.485E+07
  4.479E+07  4.454E+07  4.446E+07  4.437E+07  4.430E+07  4.429E+07  4.424E+07  4.401E+07  4.377E+07  4.370E+07
  4.367E+07  4.357E+07  4.360E+07  4.361E+07  4.360E+07  4.349E+07  4.340E+07  4.336E+07  4.320E+07  4.303E+07
  4.309E+07  4.308E+07  4.288E+07  4.262E+07  4.247E+07  4.244E+07  4.234E+07  4.227E+07  4.232E+07  4.222E+07
  4.218E+07  4.210E+07  4.201E+07  4.188E+07  4.172E+07  4.167E+07  4.151E+07  4.132E+07  4.117E+07  4.107E+07
  4.103E+07  4.090E+07  4.069E+07  4.052E+07  4.038E+07  4.021E+07  4.002E+07  3.985E+07  3.975E+07  3.972E+07
  3.966E+07  3.951E+07  3.959E+07  3.954E+07  3.943E+07  3.933E+07  3.945E+07  3.934E+07  3.914E+07  3.898E+07
  3.912E+07  3.915E+07  3.915E+07  3.915E+07  3.898E+07  3.887E+07  3.879E+07  3.880E+07  3.882E+07  3.860E+07
  3.858E+07  3.846E+07  3.849E+07  3.844E+07  3.827E+07  3.811E+07  3.805E+07  3.790E+07  3.782E+07  3.775E+07
  3.739E+07  3.721E+07  3.721E+07  3.730E+07  3.730E+07  3.722E+07  3.707E+07  3.696E+07  3.694E+07  3.683E+07
  3.681E+07  3.685E+07  3.678E+07  3.669E+07  3.653E+07  3.656E+07  3.662E+07  3.669E+07  3.662E+07  3.647E+07
  4.862E+07  4.841E+07  4.839E+07  4.836E+07  4.813E+07  4.801E+07  4.798E+07  4.793E+07  4.788E+07  4.788E+07
  4.778E+07  4.761E+07  4.743E+07  4.748E+07  4.750E+07  4.750E+07  4.738E+07  4.739E+07  4.729E+07  4.706E+07
  4.707E+07  4.689E+07  4.686E+07  4.674E+07  4.660E+07  4.648E+07  4.635E+07  4.611E+07  4.598E+07  4.587E+07
  4.581E+07  4.586E+07  4.578E+07  4.552E+07  4.547E+07  4.537E+07  4.536E+07  4.524E+07  4.503E+07  4.510E+07
  4.510E+07  4.497E+07  4.478E+07  4.484E+07  4.469E+07  4.447E+07  4.432E+07  4.406E+07  4.401E+07  4.405E+07
  4.400E+07  4.408E+07  4.398E+07  4.392E+07  4.374E+07  4.358E+07  4.346E+07  4.337E+07  4.334E+07  4.325E+07
  4.322E+07  4.302E+07  4.291E+07  4.273E+07  4.260E+07  4.271E+07  4.263E+07  4.259E+07  4.227E+07  4.210E+07
  4.189E+07  4.183E+07  4.163E+07  4.162E+07  4.158E+07  4.165E+07  4.164E+07  4.150E+07  4.135E+07  4.129E+07
  4.126E+07  4.103E+07  4.089E+07  4.083E+07  4.071E+07  4.063E+07  4.053E+07  4.048E+07  4.031E+07  4.025E+07
  4.003E+07  3.991E+07  3.977E+07  3.975E+07  3.978E+07  3.975E+07  3.964E+07  3.969E+07  3.978E+07  3.979E+07
  3.977E+07  3.979E+07  3.985E+07  3.986E+07  3.980E+07  3.961E+07  3.949E+07  3.947E+07  3.932E+07  3.924E+07
  3.897E+07  3.884E+07  3.873E+07  3.860E+07  3.855E+07  3.860E+07  3.854E+07  3.844E+07  3.825E+07  3.812E+07
  3.814E+07  3.818E+07  3.817E+07  3.813E+07  3.808E+07  3.800E+07  3.791E+07  3.788E+07  3.766E+07  3.751E+07
  3.729E+07  3.715E+07  3.705E+07  3.693E+07  3.694E+07  3.689E+07  3.687E+07  3.687E+07  3.683E+07  3.663E+07
  3.655E+07  3.640E+07  3.634E+07  3.630E+07  3.618E+07  3.612E+07  3.594E+07  3.571E+07  3.565E+07  3.564E+07
  4.726E+07  4.707E+07  4.695E+07  4.707E+07  4.718E+07  4.720E+07  4.718E+07  4.713E+07  4.707E+07  4.705E+07
  4.699E+07  4.688E+07  4.674E+07  4.648E+07  4.622E+07  4.616E+07  4.613E+07  4.613E+07  4.613E+07  4.614E+07
  4.601E+07  4.595E+07  4.589E+07  4.579E+07  4.565E+07  4.556E+07  4.535E+07  4.520E+07  4.509E+07  4.493E+07
  4.487E+07  4.462E+07  4.458E+07  4.456E+07  4.437E+07  4.424E+07  4.423E+07  4.398E+07  4.387E+07  4.381E+07
  4.370E+07  4.363E+07  4.340E+07  4.335E+07  4.345E+07  4.345E+07  4.326E+07  4.329E+07  4.333E+07  4.328E+07
  4.316E+07  4.312E+07  4.314E+07  4.306E+07  4.303E+07  4.302E+07  4.296E+07  4.284E+07  4.281E+07  4.275E+07
  4.254E+07  4.252E+07  4.246E+07  4.239E+07  4.238E+07  4.226E+07  4.221E+07  4.211E+07  4.208E+07  4.204E+07
  4.178E+07  4.161E+07  4.149E+07  4.142E+07  4.130E+07  4.110E+07  4.094E+07  4.090E+07  4.085E+07  4.072E+07
  4.069E+07  4.053E+07  4.042E+07  4.028E+07  4.013E+07  4.003E+07  3.995E+07  3.976E+07  3.970E+07  3.974E+07
  3.963E+07  3.954E+07  3.943E+07  3.939E+07  3.925E+07  3.923E+07  3.941E+07  3.925E+07  3.909E+07  3.900E+07
  3.892E+07  3.870E+07  3.865E+07  3.864E+07  3.851E+07  3.839E+07  3.834E+07  3.823E+07  3.827E+07  3.835E+07
  3.831E+07  3.821E+07  3.823E+07  3.826E+07  3.820E+07  3.802E+07  3.795E+07  3.775E+07  3.758E+07  3.750E+07
  3.743E+07  3.733E+07  3.725E+07  3.718E+07  3.712E+07  3.719E+07  3.721E+07  3.716E+07  3.712E+07  3.705E+07
  3.690E+07  3.677E+07  3.669E+07  3.663E+07  3.649E+07  3.635E+07  3.631E+07  3.617E+07  3.614E+07  3.605E+07
  3.596E+07  3.598E+07  3.594E+07  3.594E+07  3.596E+07  3.585E+07  3.582E+07  3.585E+07  3.566E+07  3.555E+07
  4.667E+07  4.673E+07  4.664E+07  4.641E+07  4.632E+07  4.627E+07  4.627E+07  4.616E+07  4.623E+07  4.617E+07
  4.605E+07  4.587E+07  4.568E+07  4.573E+07  4.568E+07  4.541E+07  4.537E+07  4.526E+07  4.514E+07  4.503E+07
  4.490E+07  4.490E+07  4.477E+07  4.478E+07  4.481E+07  4.459E+07  4.458E+07  4.457E+07  4.462E+07  4.461E+07
  4.440E+07  4.427E+07  4.407E+07  4.385E+07  4.386E+07  4.391E+07  4.372E+07  4.370E+07  4.366E+07  4.361E+07
  4.345E+07  4.344E+07  4.346E+07  4.347E+07  4.329E+07  4.312E+07  4.304E+07  4.295E+07  4.270E+07  4.261E+07
  4.270E+07  4.265E+07  4.245E+07  4.231E+07  4.192E+07  4.174E+07  4.156E+07  4.145E+07  4.141E+07  4.134E+07
  4.124E+07  4.121E+07  4.125E+07  4.127E+07  4.115E+07  4.125E+07  4.127E+07  4.120E+07  4.102E+07  4.088E+07
  4.076E+07  4.066E+07  4.052E+07  4.049E+07  4.052E+07  4.037E+07  4.033E+07  4.044E+07  4.057E+07  4.047E+07
  4.024E+07  4.016E+07  4.021E+07  4.028E+07  4.012E+07  4.002E+07  3.996E+07  3.992E+07  3.985E+07  3.969E+07
  3.952E+07  3.944E+07  3.937E+07  3.921E+07  3.908E+07  3.901E+07  3.888E+07  3.883E+07  3.877E+07  3.872E+07
  3.871E+07  3.879E+07  3.877E+07  3.868E+07  3.861E+07  3.845E+07  3.834E+07  3.816E+07  3.808E+07  3.803E+07
  3.786E+07  3.764E+07  3.761E+07  3.739E+07  3.722E+07  3.716E+07  3.708E+07  3.705E+07  3.702E+07  3.682E+07
  3.682E+07  3.676E+07  3.673E+07  3.670E+07  3.668E+07  3.663E+07  3.655E+07  3.647E+07  3.627E+07  3.620E+07
  3.610E+07  3.612E+07  3.593E+07  3.588E+07  3.562E+07  3.561E+07  3.558E+07  3.566E+07  3.560E+07  3.569E+07
  3.575E+07  3.578E+07  3.562E+07  3.546E+07  3.543E+07  3.531E+07  3.511E+07  3.503E+07  3.505E+07  3.483E+07
  4.568E+07  4.556E+07  4.529E+07  4.520E+07  4.519E+07  4.522E+07  4.510E+07  4.509E+07  4.510E+07  4.514E+07
  4.489E+07  4.482E+07  4.476E+07  4.480E+07  4.479E+07  4.487E+07  4.487E+07  4.474E+07  4.458E+07  4.447E+07
  4.420E+07  4.402E+07  4.392E+07  4.377E+07  4.353E+07  4.349E+07  4.348E+07  4.348E+07  4.350E+07  4.346E+07
  4.344E+07  4.354E+07  4.348E+07  4.346E+07  4.340E+07  4.318E+07  4.306E+07  4.289E+07  4.267E+07  4.251E+07
  4.241E+07  4.230E+07  4.228E+07  4.215E+07  4.197E+07  4.189E+07  4.171E+07  4.145E+07  4.129E+07  4.119E+07
  4.112E+07  4.095E+07  4.106E+07  4.118E+07  4.120E+07  4.108E+07  4.102E+07  4.094E+07  4.096E+07  4.106E+07
  4.107E+07  4.104E+07  4.101E+07  4.105E+07  4.110E+07  4.098E+07  4.098E+07  4.091E+07  4.085E+07  4.073E+07
  4.055E+07  4.039E+07  4.010E+07  3.997E+07  3.984E+07  3.980E+07  3.963E+07  3.948E+07  3.936E+07  3.938E+07
  3.933E+07  3.931E+07  3.926E+07  3.927E+07  3.930E+07  3.927E+07  3.906E+07  3.889E+07  3.882E+07  3.877E+07
  3.867E+07  3.856E+07  3.853E+07  3.862E+07  3.871E+07  3.853E+07  3.846E+07  3.856E+07  3.857E+07  3.848E+07
  3.823E+07  3.807E+07  3.789E+07  3.784E+07  3.793E+07  3.787E+07  3.785E+07  3.773E+07  3.765E+07  3.738E+07
  3.744E+07  3.749E+07  3.731E+07  3.726E+07  3.723E+07  3.715E+07  3.711E+07  3.694E+07  3.687E+07  3.677E+07
  3.662E+07  3.647E+07  3.630E+07  3.620E+07  3.621E+07  3.616E+07  3.599E+07  3.593E+07  3.598E+07  3.591E+07
  3.591E+07  3.581E+07  3.577E+07  3.558E+07  3.553E+07  3.548E+07  3.529E+07  3.529E+07  3.532E+07  3.514E+07
  3.491E+07  3.486E+07  3.476E+07  3.480E+07  3.480E+07  3.474E+07  3.478E+07  3.476E+07  3.468E+07  3.461E+07
  4.443E+07  4.433E+07  4.429E+07  4.429E+07  4.428E+07  4.431E+07  4.433E+07  4.420E+07  4.406E+07  4.407E+07
  4.394E+07  4.388E+07  4.377E+07  4.370E+07  4.365E+07  4.357E+07  4.355E+07  4.343E+07  4.327E+07  4.318E+07
  4.301E+07  4.300E+07  4.282E+07  4.266E+07  4.263E+07  4.257E+07  4.251E+07  4.252E+07  4.235E+07  4.227E+07
  4.210E+07  4.204E+07  4.206E+07  4.199E+07  4.185E+07  4.172E+07  4.161E+07  4.169E+07  4.173E+07  4.169E+07
  4.146E+07  4.144E+07  4.127E+07  4.126E+07  4.129E+07  4.119E+07  4.109E+07  4.112E+07  4.109E+07  4.101E+07
  4.093E+07  4.070E+07  4.056E+07  4.051E+07  4.037E+07  4.020E+07  4.011E+07  4.005E+07  3.987E+07  3.980E+07
  3.964E+07  3.967E+07  3.975E+07  3.974E+07  3.981E+07  3.960E+07  3.961E+07  3.967E+07  3.964E+07  3.961E+07
  3.950E+07  3.945E+07  3.943E+07  3.936E+07  3.930E+07  3.910E+07  3.916E+07  3.924E+07  3.918E+07  3.911E+07
  3.903E+07  3.905E+07  3.891E+07  3.870E+07  3.867E+07  3.849E+07  3.844E+07  3.844E+07  3.825E+07  3.798E+07
  3.789E+07  3.785E+07  3.783E+07  3.772E+07  3.753E+07  3.735E+07  3.736E+07  3.728E+07  3.732E+07  3.729E+07
  3.744E+07  3.741E+07  3.747E+07  3.747E+07  3.738E+07  3.730E+07  3.730E+07  3.733E+07  3.720E+07  3.711E+07
  3.685E+07  3.670E+07  3.668E+07  3.658E+07  3.636E+07  3.624E+07  3.618E+07  3.612E+07  3.604E+07  3.609E+07
  3.603E+07  3.606E+07  3.603E+07  3.588E+07  3.578E+07  3.574E+07  3.560E+07  3.560E+07  3.551E+07  3.550E+07
  3.541E+07  3.523E+07  3.512E+07  3.516E+07  3.502E+07  3.492E+07  3.485E+07  3.484E+07  3.488E+07  3.493E+07
  3.496E+07  3.497E+07  3.495E+07  3.492E+07  3.470E+07  3.464E+07  3.449E+07  3.442E+07  3.443E+07  3.445E+07
  4.328E+07  4.319E+07  4.316E+07  4.316E+07  4.306E+07  4.297E+07  4.301E+07  4.296E+07  4.290E+07  4.289E+07
  4.287E+07  4.287E+07  4.288E+07  4.279E+07  4.273E+07  4.268E+07  4.245E+07  4.224E+07  4.216E+07  4.200E+07
  4.170E+07  4.145E+07  4.150E+07  4.154E+07  4.159E+07  4.170E+07  4.168E+07  4.163E+07  4.169E+07  4.162E+07
  4.148E+07  4.126E+07  4.117E+07  4.110E+07  4.102E+07  4.099E+07  4.089E+07  4.075E+07  4.055E+07  4.052E+07
  4.056E+07  4.034E+07  4.027E+07  4.008E+07  3.990E+07  3.996E+07  3.988E+07  3.980E+07  3.992E+07  3.996E+07
  3.987E+07  3.996E+07  3.995E+07  3.985E+07  3.978E+07  3.972E+07  3.968E+07  3.963E+07  3.963E+07  3.959E+07
  3.956E+07  3.930E+07  3.917E+07  3.909E+07  3.900E+07  3.895E+07  3.876E+07  3.877E+07  3.876E+07  3.881E+07
  3.876E+07  3.866E+07  3.847E+07  3.844E+07  3.843E+07  3.844E+07  3.836E+07  3.832E+07  3.827E+07  3.813E+07
  3.790E+07  3.777E+07  3.778E+07  3.772E+07  3.776E+07  3.777E+07  3.778E+07  3.770E+07  3.764E+07  3.759E+07
  3.748E+07  3.734E+07  3.731E+07  3.714E+07  3.702E+07  3.694E+07  3.682E+07  3.671E+07  3.656E+07  3.653E+07
  3.654E+07  3.652E+07  3.645E+07  3.650E+07  3.643E+07  3.625E+07  3.617E+07  3.616E+07  3.619E+07  3.604E+07
  3.604E+07  3.595E+07  3.616E+07  3.614E+07  3.611E+07  3.617E+07  3.610E+07  3.602E+07  3.598E+07  3.593E+07
  3.595E+07  3.581E+07  3.566E+07  3.563E+07  3.560E+07  3.555E+07  3.546E+07  3.525E+07  3.508E+07  3.493E+07
  3.499E+07  3.491E+07  3.465E+07  3.455E+07  3.445E+07  3.433E+07  3.430E+07  3.414E+07  3.407E+07  3.395E+07
  3.391E+07  3.380E+07  3.375E+07  3.364E+07  3.368E+07  3.372E+07  3.376E+07  3.380E+07  3.381E+07  3.370E+07
  4.181E+07  4.183E+07  4.174E+07  4.164E+07  4.143E+07  4.136E+07  4.131E+07  4.131E+07  4.142E+07  4.148E+07
  4.137E+07  4.138E+07  4.120E+07  4.114E+07  4.111E+07  4.108E+07  4.104E+07  4.077E+07  4.068E+07  4.066E+07
  4.063E+07  4.078E+07  4.077E+07  4.071E+07  4.061E+07  4.056E+07  4.034E+07  4.032E+07  4.028E+07  4.038E+07
  4.050E+07  4.041E+07  4.022E+07  4.001E+07  3.989E+07  3.964E+07  3.951E+07  3.932E+07  3.930E+07  3.936E+07
  3.921E+07  3.925E+07  3.921E+07  3.908E+07  3.908E+07  3.908E+07  3.908E+07  3.922E+07  3.923E+07  3.916E+07
  3.920E+07  3.905E+07  3.891E+07  3.876E+07  3.871E+07  3.874E+07  3.881E+07  3.875E+07  3.864E+07  3.858E+07
  3.852E+07  3.838E+07  3.838E+07  3.831E+07  3.826E+07  3.818E+07  3.809E+07  3.793E+07  3.781E+07  3.784E+07
  3.777E+07  3.772E+07  3.771E+07  3.767E+07  3.766E+07  3.757E+07  3.737E+07  3.724E+07  3.722E+07  3.716E+07
  3.708E+07  3.689E+07  3.679E+07  3.674E+07  3.669E+07  3.670E+07  3.665E+07  3.669E+07  3.656E+07  3.654E+07
  3.654E+07  3.657E+07  3.650E+07  3.628E+07  3.619E+07  3.608E+07  3.605E+07  3.630E+07  3.636E+07  3.625E+07
  3.615E+07  3.603E+07  3.590E+07  3.578E+07  3.566E+07  3.557E+07  3.541E+07  3.538E+07  3.537E+07  3.532E+07
  3.524E+07  3.517E+07  3.509E+07  3.511E+07  3.525E+07  3.521E+07  3.523E+07  3.523E+07  3.520E+07  3.522E+07
  3.523E+07  3.518E+07  3.512E+07  3.506E+07  3.500E+07  3.481E+07  3.467E+07  3.461E+07  3.467E+07  3.466E+07
  3.450E+07  3.432E+07  3.412E+07  3.411E+07  3.409E+07  3.413E+07  3.398E+07  3.381E+07  3.367E+07  3.366E+07
  3.361E+07  3.357E+07  3.352E+07  3.347E+07  3.350E+07  3.340E+07  3.330E+07  3.312E+07  3.287E+07  3.279E+07
  4.077E+07  4.067E+07  4.057E+07  4.058E+07  4.062E+07  4.055E+07  4.051E+07  4.043E+07  4.056E+07  4.042E+07
  4.029E+07  4.024E+07  4.012E+07  4.007E+07  3.999E+07  4.000E+07  3.991E+07  3.987E+07  3.976E+07  3.968E+07
  3.958E+07  3.959E+07  3.954E+07  3.946E+07  3.938E+07  3.928E+07  3.941E+07  3.940E+07  3.925E+07  3.911E+07
  3.900E+07  3.903E+07  3.911E+07  3.895E+07  3.884E+07  3.889E+07  3.871E+07  3.869E+07  3.839E+07  3.813E+07
  3.826E+07  3.831E+07  3.818E+07  3.821E+07  3.811E+07  3.806E+07  3.811E+07  3.802E+07  3.792E+07  3.784E+07
  3.775E+07  3.763E+07  3.763E+07  3.761E+07  3.748E+07  3.754E+07  3.756E+07  3.758E+07  3.761E+07  3.762E+07
  3.752E+07  3.750E+07  3.755E+07  3.749E+07  3.737E+07  3.733E+07  3.720E+07  3.708E+07  3.706E+07  3.695E+07
  3.681E+07  3.669E+07  3.652E+07  3.642E+07  3.640E+07  3.654E+07  3.657E+07  3.651E+07  3.646E+07  3.634E+07
  3.635E+07  3.623E+07  3.616E+07  3.610E+07  3.603E+07  3.593E+07  3.581E+07  3.572E+07  3.560E+07  3.563E+07
  3.570E+07  3.570E+07  3.569E+07  3.566E+07  3.551E+07  3.538E+07  3.523E+07  3.525E+07  3.509E+07  3.505E+07
  3.503E+07  3.489E+07  3.486E+07  3.479E+07  3.482E+07  3.480E+07  3.481E+07  3.468E+07  3.459E+07  3.445E+07
  3.450E+07  3.461E+07  3.463E+07  3.476E+07  3.485E+07  3.480E+07  3.465E+07  3.450E+07  3.458E+07  3.455E+07
  3.436E+07  3.434E+07  3.422E+07  3.409E+07  3.396E+07  3.387E+07  3.384E+07  3.383E+07  3.369E+07  3.372E+07
  3.372E+07  3.370E+07  3.370E+07  3.357E+07  3.351E+07  3.344E+07  3.323E+07  3.319E+07  3.310E+07  3.298E+07
  3.289E+07  3.290E+07  3.285E+07  3.276E+07  3.272E+07  3.259E+07  3.245E+07  3.238E+07  3.244E+07  3.253E+07
  3.905E+07  3.906E+07  3.909E+07  3.900E+07  3.911E+07  3.934E+07  3.938E+07  3.942E+07  3.927E+07  3.903E+07
  3.912E+07  3.908E+07  3.901E+07  3.883E+07  3.879E+07  3.880E+07  3.871E+07  3.878E+07  3.871E+07  3.865E+07
  3.863E+07  3.858E+07  3.846E+07  3.836E+07  3.831E+07  3.829E+07  3.812E+07  3.814E+07  3.814E+07  3.822E+07
  3.817E+07  3.810E+07  3.792E+07  3.793E+07  3.779E+07  3.765E+07  3.754E+07  3.742E+07  3.736E+07  3.733E+07
  3.717E+07  3.710E+07  3.709E+07  3.703E+07  3.704E+07  3.692E+07  3.690E+07  3.695E+07  3.694E+07  3.682E+07
  3.677E+07  3.676E+07  3.680E+07  3.671E+07  3.666E+07  3.665E+07  3.658E+07  3.644E+07  3.634E+07  3.615E+07
  3.590E+07  3.583E+07  3.586E+07  3.586E+07  3.598E+07  3.582E+07  3.580E+07  3.574E+07  3.568E+07  3.558E+07
  3.569E+07  3.571E+07  3.575E+07  3.578E+07  3.570E+07  3.560E+07  3.554E+07  3.549E+07  3.538E+07  3.536E+07
  3.538E+07  3.538E+07  3.524E+07  3.519E+07  3.514E+07  3.510E+07  3.508E+07  3.493E+07  3.484E+07  3.482E+07
  3.490E+07  3.472E+07  3.466E+07  3.467E+07  3.473E+07  3.488E+07  3.473E+07  3.461E+07  3.453E+07  3.435E+07
  3.425E+07  3.413E+07  3.395E+07  3.378E+07  3.375E+07  3.375E+07  3.373E+07  3.361E+07  3.358E+07  3.366E+07
  3.372E+07  3.374E+07  3.378E+07  3.370E+07  3.367E+07  3.361E+07  3.355E+07  3.347E+07  3.347E+07  3.344E+07
  3.342E+07  3.326E+07  3.328E+07  3.337E+07  3.338E+07  3.331E+07  3.324E+07  3.314E+07  3.307E+07  3.312E+07
  3.302E+07  3.291E+07  3.290E+07  3.296E+07  3.286E+07  3.287E+07  3.281E+07  3.271E+07  3.265E+07  3.260E+07
  3.269E+07  3.259E+07  3.251E+07  3.252E+07  3.236E+07  3.229E+07  3.215E+07  3.204E+07  3.194E+07  3.191E+07
  3.757E+07  3.742E+07  3.742E+07  3.743E+07  3.739E+07  3.723E+07  3.713E+07  3.723E+07  3.737E+07  3.745E+07
  3.739E+07  3.735E+07  3.743E+07  3.741E+07  3.733E+07  3.732E+07  3.748E+07  3.754E+07  3.772E+07  3.777E+07
  3.757E+07  3.751E+07  3.751E+07  3.755E+07  3.754E+07  3.758E+07  3.756E+07  3.731E+07  3.714E+07  3.695E+07
  3.680E+07  3.685E+07  3.681E+07  3.660E+07  3.646E+07  3.639E+07  3.638E+07  3.628E+07  3.622E+07  3.611E+07
  3.595E+07  3.575E+07  3.562E+07  3.558E+07  3.550E+07  3.552E+07  3.561E+07  3.571E+07  3.564E+07  3.564E+07
  3.561E+07  3.548E+07  3.542E+07  3.526E+07  3.527E+07  3.522E+07  3.525E+07  3.537E+07  3.530E+07  3.528E+07
  3.530E+07  3.520E+07  3.515E+07  3.516E+07  3.506E+07  3.501E+07  3.488E+07  3.500E+07  3.503E+07  3.498E+07
  3.491E+07  3.488E+07  3.487E+07  3.491E+07  3.502E+07  3.502E+07  3.502E+07  3.500E+07  3.500E+07  3.497E+07
  3.506E+07  3.495E+07  3.490E+07  3.491E+07  3.474E+07  3.453E+07  3.428E+07  3.413E+07  3.418E+07  3.411E+07
  3.401E+07  3.387E+07  3.383E+07  3.379E+07  3.377E+07  3.372E+07  3.361E+07  3.352E+07  3.359E+07  3.356E+07
  3.341E+07  3.355E+07  3.355E+07  3.335E+07  3.320E+07  3.307E+07  3.300E+07  3.310E+07  3.304E+07  3.295E+07
  3.276E+07  3.270E+07  3.267E+07  3.256E+07  3.260E+07  3.265E+07  3.273E+07  3.281E+07  3.272E+07  3.268E+07
  3.268E+07  3.266E+07  3.268E+07  3.258E+07  3.256E+07  3.267E+07  3.250E+07  3.245E+07  3.235E+07  3.232E+07
  3.235E+07  3.225E+07  3.215E+07  3.210E+07  3.206E+07  3.211E+07  3.204E+07  3.197E+07  3.202E+07  3.206E+07
  3.197E+07  3.188E+07  3.186E+07  3.166E+07  3.149E+07  3.139E+07  3.139E+07  3.131E+07  3.134E+07  3.130E+07
  3.637E+07  3.646E+07  3.638E+07  3.640E+07  3.643E+07  3.630E+07  3.612E+07  3.608E+07  3.597E+07  3.588E+07
  3.570E+07  3.573E+07  3.558E+07  3.560E+07  3.571E+07  3.579E+07  3.584E+07  3.583E+07  3.593E+07  3.598E+07
  3.596E+07  3.579E+07  3.579E+07  3.569E+07  3.571E+07  3.571E+07  3.565E+07  3.558E+07  3.561E+07  3.556E+07
  3.550E+07  3.542E+07  3.536E+07  3.524E+07  3.518E+07  3.522E+07  3.519E+07  3.518E+07  3.519E+07  3.524E+07
  3.535E+07  3.536E+07  3.539E+07  3.533E+07  3.520E+07  3.508E+07  3.509E+07  3.507E+07  3.489E+07  3.479E+07
  3.475E+07  3.475E+07  3.462E+07  3.455E+07  3.458E+07  3.453E+07  3.449E+07  3.439E+07  3.424E+07  3.413E+07
  3.399E+07  3.386E+07  3.393E+07  3.394E+07  3.383E+07  3.379E+07  3.376E+07  3.374E+07  3.385E+07  3.391E+07
  3.385E+07  3.373E+07  3.375E+07  3.379E+07  3.377E+07  3.369E+07  3.362E+07  3.365E+07  3.357E+07  3.357E+07
  3.355E+07  3.371E+07  3.376E+07  3.370E+07  3.390E+07  3.387E+07  3.380E+07  3.359E+07  3.361E+07  3.354E+07
  3.333E+07  3.323E+07  3.302E+07  3.295E+07  3.299E+07  3.290E+07  3.290E+07  3.295E+07  3.289E+07  3.285E+07
  3.277E+07  3.282E+07  3.283E+07  3.282E+07  3.282E+07  3.289E+07  3.277E+07  3.256E+07  3.252E+07  3.239E+07
  3.228E+07  3.210E+07  3.210E+07  3.195E+07  3.201E+07  3.186E+07  3.199E+07  3.188E+07  3.180E+07  3.171E+07
  3.172E+07  3.174E+07  3.177E+07  3.168E+07  3.161E+07  3.153E+07  3.160E+07  3.152E+07  3.143E+07  3.132E+07
  3.130E+07  3.125E+07  3.128E+07  3.133E+07  3.130E+07  3.138E+07  3.134E+07  3.134E+07  3.121E+07  3.105E+07
  3.094E+07  3.099E+07  3.100E+07  3.101E+07  3.087E+07  3.086E+07  3.080E+07  3.075E+07  3.064E+07  3.065E+07
  3.502E+07  3.500E+07  3.489E+07  3.483E+07  3.497E+07  3.506E+07  3.507E+07  3.508E+07  3.504E+07  3.486E+07
  3.490E+07  3.488E+07  3.497E+07  3.506E+07  3.506E+07  3.495E+07  3.483E+07  3.467E+07  3.451E+07  3.430E+07
  3.434E+07  3.432E+07  3.421E+07  3.418E+07  3.415E+07  3.410E+07  3.421E+07  3.412E+07  3.397E+07  3.387E+07
  3.390E+07  3.373E+07  3.368E+07  3.373E+07  3.370E+07  3.353E+07  3.353E+07  3.351E+07  3.351E+07  3.369E+07
  3.376E+07  3.382E+07  3.388E+07  3.390E+07  3.380E+07  3.384E+07  3.373E+07  3.377E+07  3.398E+07  3.400E+07
  3.403E+07  3.400E+07  3.398E+07  3.397E+07  3.401E+07  3.402E+07  3.387E+07  3.384E+07  3.390E+07  3.379E+07
  3.373E+07  3.352E+07  3.334E+07  3.325E+07  3.323E+07  3.312E+07  3.305E+07  3.290E+07  3.281E+07  3.277E+07
  3.281E+07  3.270E+07  3.269E+07  3.261E+07  3.245E+07  3.231E+07  3.216E+07  3.211E+07  3.218E+07  3.222E+07
  3.214E+07  3.215E+07  3.216E+07  3.232E+07  3.246E+07  3.258E+07  3.252E+07  3.250E+07  3.252E+07  3.239E+07
  3.230E+07  3.219E+07  3.215E+07  3.208E+07  3.201E+07  3.209E+07  3.208E+07  3.203E+07  3.187E+07  3.191E+07
  3.187E+07  3.183E+07  3.170E+07  3.175E+07  3.176E+07  3.182E+07  3.173E+07  3.171E+07  3.161E+07  3.152E+07
  3.155E+07  3.141E+07  3.131E+07  3.124E+07  3.105E+07  3.101E+07  3.085E+07  3.092E+07  3.092E+07  3.096E+07
  3.089E+07  3.088E+07  3.074E+07  3.074E+07  3.064E+07  3.065E+07  3.072E+07  3.080E+07  3.081E+07  3.073E+07
  3.066E+07  3.066E+07  3.059E+07  3.046E+07  3.043E+07  3.038E+07  3.043E+07  3.037E+07  3.038E+07  3.039E+07
  3.024E+07  3.006E+07  3.000E+07  2.991E+07  2.994E+07  2.983E+07  2.973E+07  2.969E+07  2.963E+07  2.958E+07
  3.361E+07  3.345E+07  3.350E+07  3.350E+07  3.347E+07  3.331E+07  3.329E+07  3.337E+07  3.350E+07  3.373E+07
  3.364E+07  3.348E+07  3.351E+07  3.360E+07  3.371E+07  3.365E+07  3.361E+07  3.353E+07  3.355E+07  3.354E+07
  3.343E+07  3.345E+07  3.354E+07  3.347E+07  3.332E+07  3.328E+07  3.319E+07  3.325E+07  3.328E+07  3.314E+07
  3.312E+07  3.321E+07  3.328E+07  3.326E+07  3.326E+07  3.317E+07  3.305E+07  3.283E+07  3.282E+07  3.283E+07
  3.279E+07  3.270E+07  3.268E+07  3.253E+07  3.248E+07  3.239E+07  3.229E+07  3.222E+07  3.218E+07  3.225E+07
  3.242E+07  3.234E+07  3.242E+07  3.254E+07  3.243E+07  3.237E+07  3.239E+07  3.227E+07  3.215E+07  3.213E+07
  3.199E+07  3.214E+07  3.215E+07  3.211E+07  3.209E+07  3.209E+07  3.209E+07  3.211E+07  3.219E+07  3.222E+07
  3.226E+07  3.217E+07  3.202E+07  3.201E+07  3.212E+07  3.205E+07  3.186E+07  3.162E+07  3.144E+07  3.135E+07
  3.127E+07  3.127E+07  3.113E+07  3.108E+07  3.109E+07  3.111E+07  3.111E+07  3.111E+07  3.106E+07  3.093E+07
  3.097E+07  3.090E+07  3.087E+07  3.084E+07  3.085E+07  3.075E+07  3.067E+07  3.069E+07  3.071E+07  3.066E+07
  3.069E+07  3.076E+07  3.076E+07  3.068E+07  3.064E+07  3.065E+07  3.063E+07  3.062E+07  3.065E+07  3.060E+07
  3.067E+07  3.076E+07  3.071E+07  3.065E+07  3.064E+07  3.058E+07  3.060E+07  3.061E+07  3.049E+07  3.037E+07
  3.026E+07  3.025E+07  3.018E+07  3.001E+07  2.998E+07  2.990E+07  2.978E+07  2.978E+07  2.972E+07  2.968E+07
  2.978E+07  2.988E+07  2.992E+07  2.981E+07  2.974E+07  2.966E+07  2.957E+07  2.953E+07  2.949E+07  2.952E+07
  2.952E+07  2.961E+07  2.973E+07  2.971E+07  2.958E+07  2.950E+07  2.947E+07  2.947E+07  2.942E+07  2.940E+07
  3.212E+07  3.215E+07  3.224E+07  3.229E+07  3.233E+07  3.238E+07  3.239E+07  3.233E+07  3.225E+07  3.219E+07
  3.232E+07  3.237E+07  3.235E+07  3.231E+07  3.233E+07  3.229E+07  3.220E+07  3.219E+07  3.210E+07  3.209E+07
  3.230E+07  3.212E+07  3.201E+07  3.187E+07  3.179E+07  3.180E+07  3.177E+07  3.178E+07  3.170E+07  3.170E+07
  3.166E+07  3.161E+07  3.160E+07  3.177E+07  3.170E+07  3.169E+07  3.172E+07  3.175E+07  3.177E+07  3.172E+07
  3.176E+07  3.170E+07  3.164E+07  3.163E+07  3.161E+07  3.160E+07  3.171E+07  3.171E+07  3.170E+07  3.166E+07
  3.164E+07  3.166E+07  3.147E+07  3.146E+07  3.144E+07  3.135E+07  3.142E+07  3.141E+07  3.138E+07  3.141E+07
  3.144E+07  3.141E+07  3.146E+07  3.152E+07  3.143E+07  3.133E+07  3.125E+07  3.116E+07  3.099E+07  3.103E+07
  3.106E+07  3.117E+07  3.107E+07  3.100E+07  3.081E+07  3.070E+07  3.069E+07  3.073E+07  3.062E+07  3.063E+07
  3.062E+07  3.047E+07  3.041E+07  3.036E+07  3.031E+07  3.028E+07  3.031E+07  3.037E+07  3.035E+07  3.032E+07
  3.033E+07  3.027E+07  3.027E+07  3.025E+07  3.018E+07  3.020E+07  3.014E+07  3.000E+07  2.992E+07  2.994E+07
  2.982E+07  2.975E+07  2.970E+07  2.965E+07  2.952E+07  2.953E+07  2.968E+07  2.972E+07  2.964E+07  2.948E+07
  2.940E+07  2.940E+07  2.937E+07  2.936E+07  2.942E+07  2.946E+07  2.937E+07  2.936E+07  2.948E+07  2.951E+07
  2.961E+07  2.960E+07  2.961E+07  2.962E+07  2.960E+07  2.966E+07  2.965E+07  2.955E+07  2.950E+07  2.938E+07
  2.928E+07  2.919E+07  2.911E+07  2.916E+07  2.906E+07  2.906E+07  2.904E+07  2.889E+07  2.874E+07  2.861E+07
  2.858E+07  2.847E+07  2.827E+07  2.824E+07  2.822E+07  2.844E+07  2.844E+07  2.822E+07  2.817E+07  2.813E+07
  3.094E+07  3.103E+07  3.102E+07  3.093E+07  3.081E+07  3.083E+07  3.083E+07  3.074E+07  3.065E+07  3.063E+07
  3.058E+07  3.053E+07  3.061E+07  3.072E+07  3.079E+07  3.073E+07  3.068E+07  3.082E+07  3.095E+07  3.099E+07
  3.098E+07  3.119E+07  3.134E+07  3.138E+07  3.144E+07  3.135E+07  3.120E+07  3.112E+07  3.109E+07  3.102E+07
  3.093E+07  3.091E+07  3.074E+07  3.062E+07  3.059E+07  3.072E+07  3.065E+07  3.058E+07  3.048E+07  3.043E+07
  3.029E+07  3.032E+07  3.033E+07  3.025E+07  3.020E+07  3.026E+07  3.027E+07  3.023E+07  3.022E+07  3.014E+07
  3.025E+07  3.023E+07  3.037E+07  3.023E+07  3.015E+07  3.014E+07  3.015E+07  3.018E+07  3.018E+07  3.017E+07
  3.012E+07  3.017E+07  3.010E+07  3.018E+07  3.019E+07  3.032E+07  3.033E+07  3.013E+07  3.005E+07  2.998E+07
  2.987E+07  2.991E+07  2.995E+07  2.989E+07  2.989E+07  2.993E+07  2.986E+07  2.990E+07  2.995E+07  2.992E+07
  2.978E+07  2.968E+07  2.972E+07  2.975E+07  2.964E+07  2.960E+07  2.958E+07  2.956E+07  2.962E+07  2.958E+07
  2.965E+07  2.978E+07  2.986E+07  2.986E+07  2.970E+07  2.961E+07  2.950E+07  2.947E+07  2.945E+07  2.927E+07
  2.926E+07  2.922E+07  2.918E+07  2.912E+07  2.919E+07  2.916E+07  2.893E+07  2.891E+07  2.882E+07  2.881E+07
  2.879E+07  2.879E+07  2.872E+07  2.865E+07  2.865E+07  2.861E+07  2.860E+07  2.854E+07  2.847E+07  2.831E+07
  2.815E+07  2.828E+07  2.832E+07  2.839E+07  2.836E+07  2.833E+07  2.829E+07  2.821E+07  2.821E+07  2.827E+07
  2.830E+07  2.828E+07  2.813E+07  2.815E+07  2.820E+07  2.819E+07  2.807E+07  2.797E+07  2.810E+07  2.819E+07
  2.822E+07  2.807E+07  2.804E+07  2.798E+07  2.787E+07  2.764E+07  2.757E+07  2.746E+07  2.744E+07  2.748E+07
  2.931E+07  2.935E+07  2.931E+07  2.931E+07  2.934E+07  2.934E+07  2.941E+07  2.943E+07  2.957E+07  2.957E+07
  2.949E+07  2.946E+07  2.936E+07  2.932E+07  2.941E+07  2.951E+07  2.970E+07  2.963E+07  2.947E+07  2.936E+07
  2.932E+07  2.934E+07  2.930E+07  2.931E+07  2.924E+07  2.912E+07  2.921E+07  2.918E+07  2.939E+07  2.945E+07
  2.945E+07  2.940E+07  2.956E+07  2.965E+07  2.956E+07  2.951E+07  2.948E+07  2.954E+07  2.954E+07  2.948E+07
  2.945E+07  2.937E+07  2.940E+07  2.941E+07  2.935E+07  2.937E+07  2.933E+07  2.932E+07  2.926E+07  2.916E+07
  2.918E+07  2.932E+07  2.919E+07  2.914E+07  2.918E+07  2.912E+07  2.899E+07  2.896E+07  2.885E+07  2.876E+07
  2.882E+07  2.869E+07  2.866E+07  2.861E+07  2.862E+07  2.848E+07  2.851E+07  2.855E+07  2.856E+07  2.863E+07
  2.877E+07  2.866E+07  2.857E+07  2.853E+07  2.860E+07  2.853E+07  2.852E+07  2.853E+07  2.856E+07  2.853E+07
  2.852E+07  2.852E+07  2.862E+07  2.863E+07  2.858E+07  2.874E+07  2.872E+07  2.864E+07  2.848E+07  2.852E+07
  2.842E+07  2.830E+07  2.824E+07  2.825E+07  2.833E+07  2.831E+07  2.833E+07  2.829E+07  2.827E+07  2.821E+07
  2.816E+07  2.807E+07  2.813E+07  2.823E+07  2.826E+07  2.817E+07  2.823E+07  2.817E+07  2.812E+07  2.813E+07
  2.810E+07  2.813E+07  2.814E+07  2.818E+07  2.810E+07  2.803E+07  2.803E+07  2.811E+07  2.800E+07  2.798E+07
  2.806E+07  2.791E+07  2.777E+07  2.769E+07  2.772E+07  2.756E+07  2.753E+07  2.751E+07  2.752E+07  2.746E+07
  2.741E+07  2.740E+07  2.752E+07  2.746E+07  2.741E+07  2.730E+07  2.740E+07  2.755E+07  2.754E+07  2.740E+07
  2.735E+07  2.736E+07  2.736E+07  2.722E+07  2.717E+07  2.711E+07  2.715E+07  2.718E+07  2.712E+07  2.696E+07
  2.799E+07  2.805E+07  2.822E+07  2.825E+07  2.819E+07  2.817E+07  2.813E+07  2.817E+07  2.822E+07  2.837E+07
  2.845E+07  2.832E+07  2.829E+07  2.822E+07  2.808E+07  2.810E+07  2.796E+07  2.794E+07  2.812E+07  2.841E+07
  2.859E+07  2.853E+07  2.845E+07  2.829E+07  2.824E+07  2.821E+07  2.821E+07  2.825E+07  2.822E+07  2.809E+07
  2.797E+07  2.798E+07  2.800E+07  2.800E+07  2.799E+07  2.812E+07  2.823E+07  2.816E+07  2.813E+07  2.824E+07
  2.823E+07  2.821E+07  2.809E+07  2.808E+07  2.822E+07  2.832E+07  2.830E+07  2.819E+07  2.810E+07  2.798E+07
  2.799E+07  2.789E+07  2.790E+07  2.792E+07  2.778E+07  2.777E+07  2.772E+07  2.779E+07  2.784E+07  2.787E+07
  2.780E+07  2.808E+07  2.801E+07  2.792E+07  2.793E+07  2.787E+07  2.783E+07  2.779E+07  2.781E+07  2.782E+07
  2.789E+07  2.792E+07  2.798E+07  2.791E+07  2.772E+07  2.770E+07  2.767E+07  2.772E+07  2.764E+07  2.764E+07
  2.758E+07  2.763E+07  2.768E+07  2.772E+07  2.781E+07  2.776E+07  2.777E+07  2.771E+07  2.787E+07  2.780E+07
  2.770E+07  2.752E+07  2.751E+07  2.737E+07  2.733E+07  2.737E+07  2.730E+07  2.732E+07  2.739E+07  2.751E+07
  2.749E+07  2.743E+07  2.733E+07  2.740E+07  2.741E+07  2.739E+07  2.727E+07  2.733E+07  2.738E+07  2.739E+07
  2.738E+07  2.740E+07  2.737E+07  2.735E+07  2.740E+07  2.748E+07  2.744E+07  2.742E+07  2.743E+07  2.741E+07
  2.725E+07  2.717E+07  2.712E+07  2.709E+07  2.707E+07  2.707E+07  2.695E+07  2.689E+07  2.678E+07  2.677E+07
  2.691E+07  2.695E+07  2.696E+07  2.683E+07  2.675E+07  2.688E+07  2.686E+07  2.683E+07  2.672E+07  2.675E+07
  2.673E+07  2.675E+07  2.675E+07  2.677E+07  2.678E+07  2.673E+07  2.659E+07  2.660E+07  2.669E+07  2.674E+07
  2.655E+07  2.661E+07  2.665E+07  2.677E+07  2.679E+07  2.681E+07  2.675E+07  2.679E+07  2.679E+07  2.681E+07
  2.681E+07  2.687E+07  2.685E+07  2.697E+07  2.703E+07  2.706E+07  2.704E+07  2.702E+07  2.688E+07  2.676E+07
  2.667E+07  2.675E+07  2.681E+07  2.689E+07  2.695E+07  2.695E+07  2.703E+07  2.699E+07  2.687E+07  2.677E+07
  2.687E+07  2.680E+07  2.672E+07  2.693E+07  2.711E+07  2.720E+07  2.720E+07  2.717E+07  2.706E+07  2.702E+07
  2.706E+07  2.713E+07  2.703E+07  2.685E+07  2.683E+07  2.684E+07  2.681E+07  2.684E+07  2.682E+07  2.697E+07
  2.696E+07  2.712E+07  2.720E+07  2.708E+07  2.684E+07  2.679E+07  2.675E+07  2.680E+07  2.684E+07  2.694E+07
  2.696E+07  2.684E+07  2.669E+07  2.664E+07  2.663E+07  2.668E+07  2.660E+07  2.654E+07  2.643E+07  2.647E+07
  2.646E+07  2.644E+07  2.650E+07  2.657E+07  2.660E+07  2.651E+07  2.659E+07  2.659E+07  2.655E+07  2.645E+07
  2.640E+07  2.632E+07  2.625E+07  2.645E+07  2.646E+07  2.645E+07  2.657E+07  2.657E+07  2.647E+07  2.651E+07
  2.652E+07  2.666E+07  2.668E+07  2.675E+07  2.674E+07  2.682E+07  2.682E+07  2.687E+07  2.680E+07  2.677E+07
  2.679E+07  2.682E+07  2.693E+07  2.675E+07  2.641E+07  2.628E+07  2.615E+07  2.600E+07  2.596E+07  2.596E+07
  2.607E+07  2.617E+07  2.624E+07  2.617E+07  2.620E+07  2.620E+07  2.621E+07  2.616E+07  2.615E+07  2.610E+07
  2.610E+07  2.623E+07  2.616E+07  2.614E+07  2.628E+07  2.626E+07  2.631E+07  2.625E+07  2.616E+07  2.603E+07
  2.598E+07  2.586E+07  2.581E+07  2.578E+07  2.586E+07  2.593E+07  2.584E+07  2.576E+07  2.577E+07  2.569E+07
  2.566E+07  2.559E+07  2.557E+07  2.555E+07  2.551E+07  2.554E+07  2.559E+07  2.556E+07  2.562E+07  2.555E+07
  2.541E+07  2.543E+07  2.533E+07  2.527E+07  2.529E+07  2.524E+07  2.542E+07  2.549E+07  2.543E+07  2.542E+07
  2.523E+07  2.523E+07  2.519E+07  2.520E+07  2.523E+07  2.530E+07  2.535E+07  2.549E+07  2.553E+07  2.558E+07
  2.563E+07  2.555E+07  2.555E+07  2.552E+07  2.562E+07  2.563E+07  2.562E+07  2.567E+07  2.576E+07  2.584E+07
  2.581E+07  2.588E+07  2.585E+07  2.585E+07  2.580E+07  2.575E+07  2.569E+07  2.569E+07  2.566E+07  2.562E+07
  2.573E+07  2.570E+07  2.561E+07  2.569E+07  2.565E+07  2.560E+07  2.549E+07  2.561E+07  2.569E+07  2.571E+07
  2.560E+07  2.562E+07  2.554E+07  2.554E+07  2.560E+07  2.573E+07  2.575E+07  2.575E+07  2.580E+07  2.577E+07
  2.580E+07  2.586E+07  2.588E+07  2.580E+07  2.578E+07  2.580E+07  2.589E+07  2.580E+07  2.575E+07  2.588E+07
  2.588E+07  2.599E+07  2.598E+07  2.586E+07  2.583E+07  2.585E+07  2.592E+07  2.591E+07  2.590E+07  2.599E+07
  2.598E+07  2.599E+07  2.593E+07  2.573E+07  2.577E+07  2.573E+07  2.564E+07  2.552E+07  2.560E+07  2.556E+07
  2.545E+07  2.532E+07  2.536E+07  2.531E+07  2.532E+07  2.537E+07  2.562E+07  2.566E+07  2.556E+07  2.549E+07
  2.549E+07  2.549E+07  2.539E+07  2.538E+07  2.541E+07  2.542E+07  2.558E+07  2.566E+07  2.570E+07  2.573E+07
  2.556E+07  2.550E+07  2.546E+07  2.547E+07  2.540E+07  2.551E+07  2.548E+07  2.546E+07  2.537E+07  2.522E+07
  2.508E+07  2.505E+07  2.520E+07  2.521E+07  2.522E+07  2.508E+07  2.499E+07  2.495E+07  2.496E+07  2.487E+07
  2.479E+07  2.482E+07  2.500E+07  2.505E+07  2.506E+07  2.506E+07  2.508E+07  2.516E+07  2.519E+07  2.519E+07
  2.514E+07  2.512E+07  2.522E+07  2.525E+07  2.526E+07  2.519E+07  2.510E+07  2.496E+07  2.482E+07  2.459E+07
  2.405E+07  2.415E+07  2.427E+07  2.436E+07  2.443E+07  2.452E+07  2.453E+07  2.459E+07  2.449E+07  2.446E+07
  2.443E+07  2.438E+07  2.421E+07  2.418E+07  2.426E+07  2.424E+07  2.414E+07  2.410E+07  2.406E+07  2.400E+07
  2.403E+07  2.407E+07  2.406E+07  2.399E+07  2.403E+07  2.413E+07  2.430E+07  2.429E+07  2.426E+07  2.421E+07
  2.426E+07  2.438E+07  2.445E+07  2.446E+07  2.448E+07  2.437E+07  2.438E+07  2.451E+07  2.453E+07  2.455E+07
  2.442E+07  2.447E+07  2.454E+07  2.453E+07  2.457E+07  2.459E+07  2.459E+07  2.449E+07  2.459E+07  2.470E+07
  2.478E+07  2.478E+07  2.487E+07  2.481E+07  2.479E+07  2.464E+07  2.467E+07  2.465E+07  2.464E+07  2.467E+07
  2.443E+07  2.438E+07  2.435E+07  2.433E+07  2.436E+07  2.437E+07  2.445E+07  2.454E+07  2.459E+07  2.452E+07
  2.467E+07  2.468E+07  2.482E+07  2.490E+07  2.491E+07  2.495E+07  2.500E+07  2.491E+07  2.487E+07  2.470E+07
  2.460E+07  2.455E+07  2.453E+07  2.453E+07  2.462E+07  2.465E+07  2.456E+07  2.459E+07  2.446E+07  2.457E+07
  2.467E+07  2.462E+07  2.454E+07  2.456E+07  2.459E+07  2.464E+07  2.458E+07  2.450E+07  2.455E+07  2.459E+07
  2.452E+07  2.443E+07  2.439E+07  2.441E+07  2.448E+07  2.453E+07  2.450E+07  2.445E+07  2.433E+07  2.433E+07
  2.435E+07  2.451E+07  2.452E+07  2.447E+07  2.443E+07  2.435E+07  2.430E+07  2.434E+07  2.436E+07  2.426E+07
  2.433E+07  2.434E+07  2.432E+07  2.441E+07  2.437E+07  2.435E+07  2.443E+07  2.447E+07  2.446E+07  2.436E+07
  2.436E+07  2.430E+07  2.433E+07  2.419E+07  2.415E+07  2.426E+07  2.424E+07  2.421E+07  2.421E+07  2.429E+07
  2.432E+07  2.432E+07  2.412E+07  2.413E+07  2.414E+07  2.410E+07  2.419E+07  2.426E+07  2.427E+07  2.432E+07
  2.267E+07  2.266E+07  2.267E+07  2.261E+07  2.266E+07  2.274E+07  2.277E+07  2.281E+07  2.293E+07  2.290E+07
  2.292E+07  2.301E+07  2.304E+07  2.308E+07  2.319E+07  2.328E+07  2.343E+07  2.355E+07  2.355E+07  2.349E+07
  2.341E+07  2.337E+07  2.336E+07  2.331E+07  2.331E+07  2.324E+07  2.315E+07  2.316E+07  2.300E+07  2.290E+07
  2.284E+07  2.277E+07  2.271E+07  2.282E+07  2.290E+07  2.283E+07  2.288E+07  2.288E+07  2.292E+07  2.307E+07
  2.327E+07  2.333E+07  2.340E+07  2.352E+07  2.356E+07  2.358E+07  2.354E+07  2.356E+07  2.356E+07  2.350E+07
  2.358E+07  2.363E+07  2.361E+07  2.368E+07  2.381E+07  2.372E+07  2.362E+07  2.376E+07  2.376E+07  2.381E+07
  2.392E+07  2.393E+07  2.388E+07  2.366E+07  2.357E+07  2.355E+07  2.352E+07  2.351E+07  2.342E+07  2.349E+07
  2.351E+07  2.344E+07  2.330E+07  2.327E+07  2.334E+07  2.336E+07  2.336E+07  2.337E+07  2.340E+07  2.338E+07
  2.330E+07  2.321E+07  2.313E+07  2.319E+07  2.317E+07  2.325E+07  2.329E+07  2.340E+07  2.343E+07  2.343E+07
  2.337E+07  2.350E+07  2.352E+07  2.350E+07  2.358E+07  2.375E+07  2.384E+07  2.384E+07  2.376E+07  2.374E+07
  2.378E+07  2.386E+07  2.383E+07  2.380E+07  2.368E+07  2.367E+07  2.371E+07  2.368E+07  2.370E+07  2.363E+07
  2.361E+07  2.356E+07  2.358E+07  2.357E+07  2.353E+07  2.352E+07  2.345E+07  2.345E+07  2.349E+07  2.358E+07
  2.373E+07  2.374E+07  2.366E+07  2.352E+07  2.349E+07  2.346E+07  2.342E+07  2.335E+07  2.337E+07  2.341E+07
  2.347E+07  2.336E+07  2.334E+07  2.332E+07  2.334E+07  2.336E+07  2.335E+07  2.321E+07  2.317E+07  2.309E+07
  2.305E+07  2.309E+07  2.317E+07  2.319E+07  2.334E+07  2.339E+07  2.325E+07  2.323E+07  2.328E+07  2.326E+07
  2.182E+07  2.183E+07  2.184E+07  2.181E+07  2.188E+07  2.184E+07  2.187E+07  2.188E+07  2.190E+07  2.193E+07
  2.178E+07  2.166E+07  2.169E+07  2.167E+07  2.163E+07  2.159E+07  2.157E+07  2.167E+07  2.168E+07  2.175E+07
  2.183E+07  2.189E+07  2.194E+07  2.209E+07  2.210E+07  2.215E+07  2.222E+07  2.222E+07  2.226E+07  2.225E+07
  2.229E+07  2.237E+07  2.238E+07  2.248E+07  2.235E+07  2.237E+07  2.222E+07  2.215E+07  2.211E+07  2.199E+07
  2.191E+07  2.191E+07  2.198E+07  2.203E+07  2.204E+07  2.204E+07  2.215E+07  2.206E+07  2.208E+07  2.219E+07
  2.209E+07  2.208E+07  2.216E+07  2.230E+07  2.237E+07  2.249E+07  2.248E+07  2.244E+07  2.242E+07  2.254E+07
  2.251E+07  2.257E+07  2.273E+07  2.293E+07  2.300E+07  2.308E+07  2.299E+07  2.305E+07  2.304E+07  2.300E+07
  2.284E+07  2.293E+07  2.314E+07  2.315E+07  2.314E+07  2.306E+07  2.290E+07  2.275E+07  2.265E+07  2.263E+07
  2.262E+07  2.268E+07  2.260E+07  2.264E+07  2.253E+07  2.230E+07  2.231E+07  2.235E+07  2.242E+07  2.248E+07
  2.244E+07  2.240E+07  2.240E+07  2.249E+07  2.259E+07  2.263E+07  2.258E+07  2.266E+07  2.274E+07  2.281E+07
  2.285E+07  2.285E+07  2.282E+07  2.270E+07  2.260E+07  2.267E+07  2.264E+07  2.268E+07  2.265E+07  2.267E+07
  2.255E+07  2.259E+07  2.260E+07  2.256E+07  2.257E+07  2.255E+07  2.262E+07  2.265E+07  2.250E+07  2.252E+07
  2.242E+07  2.240E+07  2.237E+07  2.242E+07  2.242E+07  2.244E+07  2.244E+07  2.248E+07  2.256E+07  2.256E+07
  2.244E+07  2.248E+07  2.243E+07  2.249E+07  2.249E+07  2.251E+07  2.248E+07  2.259E+07  2.257E+07  2.250E+07
  2.249E+07  2.249E+07  2.243E+07  2.245E+07  2.239E+07  2.231E+07  2.230E+07  2.232E+07  2.223E+07  2.231E+07
  2.056E+07  2.071E+07  2.085E+07  2.082E+07  2.081E+07  2.087E+07  2.081E+07  2.066E+07  2.059E+07  2.049E+07
  2.063E+07  2.072E+07  2.072E+07  2.070E+07  2.075E+07  2.070E+07  2.065E+07  2.081E+07  2.093E+07  2.084E+07
  2.094E+07  2.090E+07  2.088E+07  2.082E+07  2.070E+07  2.066E+07  2.066E+07  2.066E+07  2.063E+07  2.071E+07
  2.074E+07  2.070E+07  2.075E+07  2.084E+07  2.105E+07  2.095E+07  2.097E+07  2.105E+07  2.108E+07  2.125E+07
  2.121E+07  2.128E+07  2.144E+07  2.136E+07  2.138E+07  2.140E+07  2.139E+07  2.143E+07  2.132E+07  2.136E+07
  2.143E+07  2.149E+07  2.148E+07  2.150E+07  2.145E+07  2.141E+07  2.133E+07  2.129E+07  2.124E+07  2.125E+07
  2.133E+07  2.129E+07  2.120E+07  2.108E+07  2.108E+07  2.118E+07  2.130E+07  2.143E+07  2.153E+07  2.163E+07
  2.171E+07  2.179E+07  2.182E+07  2.188E+07  2.181E+07  2.176E+07  2.180E+07  2.182E+07  2.185E+07  2.185E+07
  2.184E+07  2.173E+07  2.174E+07  2.164E+07  2.174E+07  2.194E+07  2.194E+07  2.193E+07  2.188E+07  2.185E+07
  2.183E+07  2.172E+07  2.166E+07  2.158E+07  2.150E+07  2.149E+07  2.151E+07  2.160E+07  2.164E+07  2.166E+07
  2.171E+07  2.166E+07  2.167E+07  2.180E+07  2.185E+07  2.179E+07  2.168E+07  2.179E+07  2.172E+07  2.163E+07
  2.177E+07  2.169E+07  2.167E+07  2.168E+07  2.167E+07  2.172E+07  2.172E+07  2.164E+07  2.157E+07  2.151E+07
  2.159E+07  2.178E+07  2.186E+07  2.174E+07  2.160E+07  2.154E+07  2.155E+07  2.160E+07  2.148E+07  2.138E+07
  2.141E+07  2.143E+07  2.154E+07  2.145E+07  2.137E+07  2.142E+07  2.156E+07  2.158E+07  2.161E+07  2.170E+07
  2.176E+07  2.181E+07  2.177E+07  2.167E+07  2.171E+07  2.169E+07  2.165E+07  2.157E+07  2.159E+07  2.150E+07
  1.909E+07  1.911E+07  1.912E+07  1.924E+07  1.926E+07  1.929E+07  1.942E+07  1.957E+07  1.967E+07  1.982E+07
  1.985E+07  1.971E+07  1.965E+07  1.975E+07  1.981E+07  1.995E+07  2.000E+07  1.980E+07  1.975E+07  1.978E+07
  1.974E+07  1.977E+07  1.983E+07  1.985E+07  1.983E+07  1.984E+07  1.988E+07  1.982E+07  1.982E+07  1.984E+07
  1.999E+07  2.014E+07  2.016E+07  2.002E+07  2.000E+07  2.007E+07  2.004E+07  1.994E+07  2.002E+07  2.001E+07
  2.001E+07  1.996E+07  1.996E+07  2.009E+07  2.005E+07  2.015E+07  2.015E+07  2.011E+07  2.014E+07  2.013E+07
  2.033E+07  2.042E+07  2.038E+07  2.037E+07  2.042E+07  2.047E+07  2.056E+07  2.058E+07  2.051E+07  2.041E+07
  2.029E+07  2.043E+07  2.050E+07  2.050E+07  2.046E+07  2.041E+07  2.046E+07  2.057E+07  2.072E+07  2.071E+07
  2.070E+07  2.068E+07  2.068E+07  2.059E+07  2.055E+07  2.052E+07  2.060E+07  2.067E+07  2.060E+07  2.063E+07
  2.062E+07  2.059E+07  2.063E+07  2.068E+07  2.071E+07  2.066E+07  2.056E+07  2.060E+07  2.069E+07  2.078E+07
  2.073E+07  2.067E+07  2.079E+07  2.086E+07  2.086E+07  2.091E+07  2.088E+07  2.089E+07  2.094E+07  2.105E+07
  2.109E+07  2.121E+07  2.117E+07  2.121E+07  2.107E+07  2.103E+07  2.101E+07  2.082E+07  2.090E+07  2.092E+07
  2.093E+07  2.095E+07  2.092E+07  2.103E+07  2.095E+07  2.090E+07  2.085E+07  2.087E+07  2.086E+07  2.094E+07
  2.088E+07  2.074E+07  2.072E+07  2.069E+07  2.066E+07  2.061E+07  2.054E+07  2.063E+07  2.076E+07  2.078E+07
  2.085E+07  2.088E+07  2.094E+07  2.097E+07  2.101E+07  2.089E+07  2.080E+07  2.072E+07  2.077E+07  2.073E+07
  2.061E+07  2.057E+07  2.057E+07  2.056E+07  2.064E+07  2.066E+07  2.074E+07  2.069E+07  2.062E+07  2.061E+07
  1.804E+07  1.807E+07  1.814E+07  1.829E+07  1.830E+07  1.835E+07  1.836E+07  1.841E+07  1.850E+07  1.861E+07
  1.854E+07  1.859E+07  1.858E+07  1.865E+07  1.864E+07  1.856E+07  1.859E+07  1.865E+07  1.867E+07  1.866E+07
  1.862E+07  1.863E+07  1.867E+07  1.862E+07  1.859E+07  1.858E+07  1.858E+07  1.879E+07  1.882E+07  1.882E+07
  1.892E+07  1.889E+07  1.888E+07  1.895E+07  1.905E+07  1.902E+07  1.897E+07  1.908E+07  1.907E+07  1.907E+07
  1.907E+07  1.914E+07  1.913E+07  1.917E+07  1.916E+07  1.914E+07  1.919E+07  1.932E+07  1.932E+07  1.928E+07
  1.929E+07  1.938E+07  1.941E+07  1.943E+07  1.945E+07  1.943E+07  1.928E+07  1.935E+07  1.938E+07  1.941E+07
  1.954E+07  1.945E+07  1.951E+07  1.963E+07  1.966E+07  1.962E+07  1.965E+07  1.956E+07  1.956E+07  1.961E+07
  1.966E+07  1.967E+07  1.977E+07  1.988E+07  1.991E+07  1.996E+07  2.012E+07  2.016E+07  2.017E+07  2.019E+07
  2.022E+07  2.005E+07  2.006E+07  2.007E+07  2.000E+07  1.988E+07  1.991E+07  1.993E+07  1.988E+07  1.988E+07
  1.992E+07  1.998E+07  1.993E+07  1.980E+07  1.978E+07  1.979E+07  1.981E+07  1.978E+07  1.987E+07  1.992E+07
  1.989E+07  1.981E+07  1.993E+07  1.989E+07  1.994E+07  1.996E+07  2.000E+07  2.008E+07  2.000E+07  2.003E+07
  2.001E+07  2.002E+07  2.010E+07  2.022E+07  2.022E+07  2.018E+07  2.021E+07  2.026E+07  2.020E+07  2.018E+07
  2.016E+07  2.028E+07  2.031E+07  2.027E+07  2.017E+07  2.012E+07  2.014E+07  2.016E+07  2.008E+07  2.009E+07
  1.998E+07  1.990E+07  1.988E+07  1.995E+07  2.001E+07  2.003E+07  2.006E+07  2.002E+07  2.007E+07  2.013E+07
  2.021E+07  2.018E+07  2.024E+07  2.015E+07  2.019E+07  2.011E+07  2.026E+07  2.029E+07  2.025E+07  2.017E+07
  1.716E+07  1.728E+07  1.718E+07  1.706E+07  1.713E+07  1.714E+07  1.713E+07  1.718E+07  1.711E+07  1.719E+07
  1.724E+07  1.732E+07  1.744E+07  1.745E+07  1.751E+07  1.752E+07  1.762E+07  1.773E+07  1.781E+07  1.787E+07
  1.799E+07  1.800E+07  1.790E+07  1.785E+07  1.789E+07  1.801E+07  1.800E+07  1.805E+07  1.803E+07  1.808E+07
  1.808E+07  1.804E+07  1.802E+07  1.804E+07  1.802E+07  1.812E+07  1.810E+07  1.802E+07  1.808E+07  1.806E+07
  1.803E+07  1.809E+07  1.818E+07  1.820E+07  1.809E+07  1.809E+07  1.818E+07  1.822E+07  1.836E+07  1.836E+07
  1.834E+07  1.826E+07  1.830E+07  1.838E+07  1.848E+07  1.861E+07  1.872E+07  1.862E+07  1.848E+07  1.842E+07
  1.847E+07  1.860E+07  1.862E+07  1.860E+07  1.858E+07  1.863E+07  1.876E+07  1.878E+07  1.876E+07  1.874E+07
  1.871E+07  1.873E+07  1.871E+07  1.879E+07  1.881E+07  1.877E+07  1.878E+07  1.872E+07  1.867E+07  1.864E+07
  1.864E+07  1.879E+07  1.880E+07  1.878E+07  1.881E+07  1.888E+07  1.897E+07  1.900E+07  1.898E+07  1.907E+07
  1.914E+07  1.909E+07  1.910E+07  1.915E+07  1.912E+07  1.914E+07  1.906E+07  1.907E+07  1.915E+07  1.920E+07
  1.922E+07  1.917E+07  1.920E+07  1.919E+07  1.922E+07  1.924E+07  1.918E+07  1.906E+07  1.904E+07  1.905E+07
  1.898E+07  1.908E+07  1.904E+07  1.905E+07  1.911E+07  1.910E+07  1.915E+07  1.919E+07  1.916E+07  1.917E+07
  1.910E+07  1.910E+07  1.912E+07  1.927E+07  1.936E+07  1.924E+07  1.922E+07  1.923E+07  1.920E+07  1.917E+07
  1.916E+07  1.933E+07  1.939E+07  1.932E+07  1.933E+07  1.922E+07  1.925E+07  1.935E+07  1.931E+07  1.929E+07
  1.938E+07  1.940E+07  1.937E+07  1.946E+07  1.949E+07  1.954E+07  1.951E+07  1.949E+07  1.941E+07  1.948E+07
  1.585E+07  1.592E+07  1.611E+07  1.631E+07  1.637E+07  1.645E+07  1.645E+07  1.647E+07  1.647E+07  1.649E+07
  1.659E+07  1.657E+07  1.650E+07  1.645E+07  1.648E+07  1.655E+07  1.658E+07  1.661E+07  1.664E+07  1.659E+07
  1.662E+07  1.663E+07  1.678E+07  1.687E+07  1.684E+07  1.685E+07  1.692E+07  1.693E+07  1.689E+07  1.688E+07
  1.692E+07  1.700E+07  1.712E+07  1.711E+07  1.719E+07  1.726E+07  1.729E+07  1.730E+07  1.732E+07  1.738E+07
  1.744E+07  1.751E+07  1.746E+07  1.742E+07  1.745E+07  1.751E+07  1.752E+07  1.754E+07  1.749E+07  1.751E+07
  1.750E+07  1.753E+07  1.752E+07  1.752E+07  1.756E+07  1.755E+07  1.755E+07  1.764E+07  1.771E+07  1.773E+07
  1.769E+07  1.765E+07  1.770E+07  1.774E+07  1.776E+07  1.773E+07  1.770E+07  1.774E+07  1.774E+07  1.778E+07
  1.780E+07  1.778E+07  1.775E+07  1.767E+07  1.766E+07  1.771E+07  1.778E+07  1.783E+07  1.787E+07  1.787E+07
  1.796E+07  1.796E+07  1.806E+07  1.807E+07  1.804E+07  1.803E+07  1.797E+07  1.797E+07  1.795E+07  1.796E+07
  1.803E+07  1.817E+07  1.820E+07  1.830E+07  1.842E+07  1.840E+07  1.841E+07  1.840E+07  1.841E+07  1.841E+07
  1.845E+07  1.848E+07  1.847E+07  1.849E+07  1.847E+07  1.844E+07  1.848E+07  1.846E+07  1.857E+07  1.857E+07
  1.855E+07  1.851E+07  1.850E+07  1.843E+07  1.841E+07  1.856E+07  1.860E+07  1.867E+07  1.864E+07  1.858E+07
  1.853E+07  1.854E+07  1.850E+07  1.843E+07  1.849E+07  1.854E+07  1.855E+07  1.851E+07  1.848E+07  1.856E+07
  1.861E+07  1.851E+07  1.851E+07  1.853E+07  1.852E+07  1.863E+07  1.867E+07  1.876E+07  1.873E+07  1.873E+07
  1.867E+07  1.862E+07  1.854E+07  1.845E+07  1.835E+07  1.844E+07  1.851E+07  1.851E+07  1.856E+07  1.858E+07
  1.491E+07  1.489E+07  1.484E+07  1.480E+07  1.482E+07  1.487E+07  1.495E+07  1.503E+07  1.520E+07  1.526E+07
  1.526E+07  1.531E+07  1.544E+07  1.549E+07  1.548E+07  1.550E+07  1.558E+07  1.567E+07  1.573E+07  1.578E+07
  1.574E+07  1.586E+07  1.591E+07  1.597E+07  1.590E+07  1.588E+07  1.584E+07  1.582E+07  1.589E+07  1.593E+07
  1.591E+07  1.599E+07  1.589E+07  1.591E+07  1.607E+07  1.607E+07  1.597E+07  1.609E+07  1.618E+07  1.615E+07
  1.611E+07  1.613E+07  1.624E+07  1.634E+07  1.634E+07  1.633E+07  1.640E+07  1.638E+07  1.644E+07  1.655E+07
  1.654E+07  1.656E+07  1.655E+07  1.655E+07  1.653E+07  1.653E+07  1.649E+07  1.650E+07  1.656E+07  1.657E+07
  1.661E+07  1.673E+07  1.664E+07  1.656E+07  1.662E+07  1.667E+07  1.671E+07  1.674E+07  1.673E+07  1.673E+07
  1.686E+07  1.688E+07  1.696E+07  1.706E+07  1.711E+07  1.718E+07  1.708E+07  1.702E+07  1.702E+07  1.694E+07
  1.697E+07  1.711E+07  1.702E+07  1.699E+07  1.706E+07  1.698E+07  1.698E+07  1.704E+07  1.697E+07  1.697E+07
  1.705E+07  1.708E+07  1.724E+07  1.738E+07  1.734E+07  1.734E+07  1.733E+07  1.730E+07  1.729E+07  1.714E+07
  1.707E+07  1.710E+07  1.714E+07  1.721E+07  1.735E+07  1.741E+07  1.746E+07  1.760E+07  1.767E+07  1.770E+07
  1.782E+07  1.793E+07  1.795E+07  1.804E+07  1.815E+07  1.809E+07  1.797E+07  1.789E+07  1.796E+07  1.788E+07
  1.785E+07  1.776E+07  1.772E+07  1.773E+07  1.767E+07  1.768E+07  1.762E+07  1.763E+07  1.757E+07  1.763E+07
  1.773E+07  1.773E+07  1.787E+07  1.788E+07  1.791E+07  1.799E+07  1.799E+07  1.793E+07  1.800E+07  1.808E+07
  1.815E+07  1.812E+07  1.803E+07  1.798E+07  1.796E+07  1.781E+07  1.771E+07  1.764E+07  1.771E+07  1.767E+07
  1.426E+07  1.433E+07  1.436E+07  1.429E+07  1.428E+07  1.426E+07  1.422E+07  1.422E+07  1.419E+07  1.411E+07
  1.419E+07  1.428E+07  1.432E+07  1.435E+07  1.441E+07  1.449E+07  1.456E+07  1.457E+07  1.469E+07  1.472E+07
  1.483E+07  1.494E+07  1.497E+07  1.500E+07  1.505E+07  1.503E+07  1.495E+07  1.486E+07  1.484E+07  1.490E+07
  1.505E+07  1.514E+07  1.524E+07  1.524E+07  1.526E+07  1.525E+07  1.523E+07  1.522E+07  1.522E+07  1.529E+07
  1.543E+07  1.543E+07  1.546E+07  1.544E+07  1.552E+07  1.560E+07  1.567E+07  1.566E+07  1.569E+07  1.566E+07
  1.562E+07  1.562E+07  1.579E+07  1.584E+07  1.585E+07  1.583E+07  1.577E+07  1.570E+07  1.564E+07  1.564E+07
  1.570E+07  1.574E+07  1.583E+07  1.582E+07  1.579E+07  1.581E+07  1.580E+07  1.573E+07  1.564E+07  1.583E+07
  1.586E+07  1.592E+07  1.598E+07  1.601E+07  1.614E+07  1.623E+07  1.626E+07  1.633E+07  1.632E+07  1.638E+07
  1.628E+07  1.623E+07  1.627E+07  1.617E+07  1.607E+07  1.614E+07  1.619E+07  1.623E+07  1.631E+07  1.619E+07
  1.623E+07  1.622E+07  1.627E+07  1.630E+07  1.637E+07  1.642E+07  1.643E+07  1.647E+07  1.660E+07  1.666E+07
  1.663E+07  1.656E+07  1.656E+07  1.654E+07  1.657E+07  1.656E+07  1.666E+07  1.666E+07  1.672E+07  1.678E+07
  1.680E+07  1.684E+07  1.681E+07  1.673E+07  1.663E+07  1.668E+07  1.680E+07  1.698E+07  1.696E+07  1.702E+07
  1.707E+07  1.706E+07  1.711E+07  1.708E+07  1.709E+07  1.699E+07  1.699E+07  1.695E+07  1.698E+07  1.706E+07
  1.708E+07  1.710E+07  1.692E+07  1.695E+07  1.697E+07  1.691E+07  1.689E+07  1.702E+07  1.705E+07  1.701E+07
  1.699E+07  1.706E+07  1.714E+07  1.712E+07  1.712E+07  1.715E+07  1.730E+07  1.739E+07  1.746E+07  1.749E+07
  1.323E+07  1.320E+07  1.316E+07  1.326E+07  1.328E+07  1.337E+07  1.339E+07  1.352E+07  1.356E+07  1.364E+07
  1.366E+07  1.376E+07  1.387E+07  1.397E+07  1.394E+07  1.391E+07  1.396E+07  1.396E+07  1.393E+07  1.395E+07
  1.399E+07  1.387E+07  1.390E+07  1.405E+07  1.413E+07  1.415E+07  1.427E+07  1.438E+07  1.440E+07  1.442E+07
  1.441E+07  1.437E+07  1.437E+07  1.451E+07  1.446E+07  1.444E+07  1.442E+07  1.439E+07  1.438E+07  1.446E+07
  1.451E+07  1.452E+07  1.463E+07  1.474E+07  1.472E+07  1.469E+07  1.460E+07  1.467E+07  1.468E+07  1.470E+07
  1.476E+07  1.483E+07  1.486E+07  1.484E+07  1.483E+07  1.480E+07  1.481E+07  1.486E+07  1.498E+07  1.503E+07
  1.506E+07  1.505E+07  1.504E+07  1.506E+07  1.513E+07  1.514E+07  1.520E+07  1.519E+07  1.524E+07  1.526E+07
  1.530E+07  1.526E+07  1.526E+07  1.517E+07  1.504E+07  1.502E+07  1.503E+07  1.503E+07  1.506E+07  1.515E+07
  1.526E+07  1.530E+07  1.529E+07  1.540E+07  1.541E+07  1.549E+07  1.562E+07  1.565E+07  1.562E+07  1.576E+07
  1.577E+07  1.583E+07  1.569E+07  1.577E+07  1.580E+07  1.583E+07  1.581E+07  1.578E+07  1.571E+07  1.566E+07
  1.576E+07  1.592E+07  1.604E+07  1.603E+07  1.595E+07  1.594E+07  1.586E+07  1.588E+07  1.594E+07  1.596E+07
  1.157E+07  5.278E+06  5.261E+06  5.246E+06  5.308E+06  5.319E+06  5.343E+06  5.221E+06  5.191E+06  5.202E+06
  5.145E+06  5.221E+06  5.303E+06  5.358E+06  5.436E+06  6.054E+06  7.242E+06  8.363E+06  9.441E+06  1.051E+07
  1.160E+07  1.278E+07  1.395E+07  1.494E+07  1.565E+07  1.617E+07  1.652E+07  1.661E+07  1.660E+07  1.665E+07
  1.659E+07  1.657E+07  1.653E+07  1.660E+07  1.658E+07  1.644E+07  1.637E+07  1.641E+07  1.637E+07  1.634E+07
  1.265E+07  1.271E+07  1.275E+07  1.279E+07  1.286E+07  1.283E+07  1.288E+07  1.288E+07  1.289E+07  1.287E+07
  1.294E+07  1.298E+07  1.294E+07  1.288E+07  1.280E+07  1.284E+07  1.278E+07  1.277E+07  1.281E+07  1.292E+07
  1.302E+07  1.310E+07  1.307E+07  1.302E+07  1.303E+07  1.315E+07  1.322E+07  1.321E+07  1.326E+07  1.329E+07
  1.344E+07  1.353E+07  1.356E+07  1.352E+07  1.363E+07  1.372E+07  1.375E+07  1.370E+07  1.371E+07  1.374E+07
  1.380E+07  1.388E+07  1.388E+07  1.385E+07  1.389E+07  1.389E+07  1.396E+07  1.407E+07  1.413E+07  1.412E+07
  1.416E+07  1.412E+07  1.413E+07  1.415E+07  1.412E+07  1.407E+07  1.411E+07  1.418E+07  1.414E+07  1.410E+07
  1.406E+07  1.406E+07  1.413E+07  1.413E+07  1.409E+07  1.418E+07  1.403E+07  1.404E+07  1.410E+07  1.416E+07
  1.421E+07  1.428E+07  1.435E+07  1.446E+07  1.460E+07  1.456E+07  1.457E+07  1.461E+07  1.469E+07  1.478E+07
  1.489E+07  1.491E+07  1.493E+07  1.499E+07  1.496E+07  1.493E+07  1.492E+07  1.483E+07  1.485E+07  1.479E+07
  1.470E+07  1.475E+07  1.487E+07  1.490E+07  1.487E+07  1.495E+07  1.506E+07  1.513E+07  1.504E+07  1.509E+07
  1.500E+07  1.499E+07  1.497E+07  1.495E+07  1.495E+07  1.499E+07  1.509E+07  1.508E+07  1.513E+07  1.516E+07
  9.086E+06  0.000E+00  0.000E+00  0.000E+00  0.000E+00  0.000E+00  0.000E+00  0.000E+00  0.000E+00  0.000E+00
  0.000E+00  0.000E+00  0.000E+00  0.000E+00  0.000E+00  9.957E+02  5.269E+03  7.531E+03  1.980E+04  5.778E+04
  9.275E+04  1.426E+05  2.027E+05  3.537E+05  7.671E+05  1.407E+06  2.290E+06  3.310E+06  4.409E+06  5.501E+06
  6.703E+06  7.867E+06  8.962E+06  9.979E+06  1.095E+07  1.204E+07  1.290E+07  1.360E+07  1.418E+07  1.468E+07
  1.152E+07  1.154E+07  1.159E+07  1.163E+07  1.161E+07  1.172E+07  1.176E+07  1.182E+07  1.182E+07  1.194E+07
  1.203E+07  1.210E+07  1.204E+07  1.206E+07  1.205E+07  1.204E+07  1.212E+07  1.222E+07  1.227E+07  1.231E+07
  1.240E+07  1.245E+07  1.243E+07  1.242E+07  1.235E+07  1.239E+07  1.243E+07  1.247E+07  1.248E+07  1.245E+07
  1.245E+07  1.248E+07  1.255E+07  1.266E+07  1.271E+07  1.278E+07  1.280E+07  1.282E+07  1.280E+07  1.284E+07
  1.286E+07  1.286E+07  1.296E+07  1.307E+07  1.301E+07  1.308E+07  1.306E+07  1.310E+07  1.310E+07  1.326E+07
  1.336E+07  1.340E+07  1.339E+07  1.333E+07  1.332E+07  1.336E+07  1.341E+07  1.341E+07  1.345E+07  1.351E+07
  1.350E+07  1.351E+07  1.356E+07  1.358E+07  1.370E+07  1.364E+07  1.357E+07  1.354E+07  1.351E+07  1.349E+07
  1.346E+07  1.349E+07  1.341E+07  1.335E+07  1.336E+07  1.349E+07  1.346E+07  1.356E+07  1.352E+07  1.357E+07
  1.359E+07  1.364E+07  1.372E+07  1.372E+07  1.375E+07  1.382E+07  1.387E+07  1.392E+07  1.397E+07  1.400E+07
  1.414E+07  1.423E+07  1.434E+07  1.434E+07  1.430E+07  1.435E+07  1.433E+07  1.441E+07  1.446E+07  1.442E+07
  1.437E+07  1.438E+07  1.446E+07  1.444E+07  1.441E+07  1.436E+07  1.434E+07  1.441E+07  1.445E+07  1.451E+07
  8.622E+06  0.000E+00  0.000E+00  0.000E+00  0.000E+00  0.000E+00  0.000E+00  0.000E+00  0.000E+00  0.000E+00
  0.000E+00  0.000E+00  0.000E+00  0.000E+00  0.000E+00  1.794E+03  2.037E+03  1.695E+03  4.054E+03  6.614E+03
  3.235E+03  8.271E+03  7.057E+03  1.626E+04  2.762E+04  3.571E+04  5.016E+04  6.156E+04  8.574E+04  1.011E+05
  1.032E+05  1.216E+05  1.370E+05  1.990E+05  2.708E+05  4.255E+05  7.351E+05  1.133E+06  1.677E+06  2.305E+06
  1.046E+07  1.055E+07  1.062E+07  1.065E+07  1.073E+07  1.081E+07  1.096E+07  1.104E+07  1.116E+07  1.117E+07
  1.126E+07  1.127E+07  1.123E+07  1.130E+07  1.142E+07  1.143E+07  1.138E+07  1.136E+07  1.137E+07  1.139E+07
  1.145E+07  1.155E+07  1.158E+07  1.159E+07  1.166E+07  1.174E+07  1.178E+07  1.180E+07  1.181E+07  1.185E+07
  1.192E+07  1.196E+07  1.207E+07  1.207E+07  1.210E+07  1.212E+07  1.216E+07  1.215E+07  1.215E+07  1.213E+07
  1.203E+07  1.211E+07  1.200E+07  1.198E+07  1.207E+07  1.209E+07  1.212E+07  1.214E+07  1.221E+07  1.220E+07
  1.224E+07  1.229E+07  1.226E+07  1.225E+07  1.233E+07  1.235E+07  1.243E+07  1.251E+07  1.259E+07  1.261E+07
  1.266E+07  1.261E+07  1.262E+07  1.272E+07  1.268E+07  1.283E+07  1.289E+07  1.285E+07  1.291E+07  1.298E+07
  1.308E+07  1.305E+07  1.300E+07  1.300E+07  1.306E+07  1.308E+07  1.303E+07  1.298E+07  1.301E+07  1.298E+07
  1.298E+07  1.306E+07  1.316E+07  1.310E+07  1.303E+07  1.299E+07  1.305E+07  1.312E+07  1.311E+07  1.321E+07
  1.316E+07  1.315E+07  1.312E+07  1.315E+07  1.315E+07  1.324E+07  1.330E+07  1.330E+07  1.335E+07  1.347E+07
  1.355E+07  1.357E+07  1.357E+07  1.373E+07  1.386E+07  1.384E+07  1.378E+07  1.377E+07  1.387E+07  1.388E+07
  8.259E+06  0.000E+00  0.000E+00  0.000E+00  0.000E+00  0.000E+00  0.000E+00  0.000E+00  0.000E+00  0.000E+00
  0.000E+00  0.000E+00  0.000E+00  0.000E+00  2.365E+02  1.986E+03  9.100E+02  0.000E+00  6.283E+02  2.109E+03
  2.098E+03  3.152E+03  4.225E+03  5.086E+03  6.570E+03  8.681E+03  1.013E+04  1.146E+04  1.834E+04  2.220E+04
  2.877E+04  3.860E+04  4.070E+04  5.865E+04  6.226E+04  7.337E+04  6.130E+04  5.095E+04  4.989E+04  6.727E+04
  9.973E+06  9.909E+06  9.832E+06  9.888E+06  9.962E+06  1.001E+07  1.003E+07  1.002E+07  1.002E+07  1.001E+07
  9.951E+06  1.005E+07  1.017E+07  1.032E+07  1.040E+07  1.048E+07  1.050E+07  1.055E+07  1.057E+07  1.050E+07
  1.051E+07  1.061E+07  1.073E+07  1.085E+07  1.094E+07  1.093E+07  1.086E+07  1.091E+07  1.099E+07  1.108E+07
  1.119E+07  1.121E+07  1.124E+07  1.127E+07  1.130E+07  1.129E+07  1.125E+07  1.130E+07  1.131E+07  1.127E+07
  1.125E+07  1.122E+07  1.140E+07  1.141E+07  1.137E+07  1.138E+07  1.142E+07  1.151E+07  1.151E+07  1.154E+07
  1.152E+07  1.155E+07  1.158E+07  1.155E+07  1.158E+07  1.166E+07  1.174E+07  1.170E+07  1.166E+07  1.164E+07
  1.166E+07  1.181E+07  1.186E+07  1.190E+07  1.194E+07  1.193E+07  1.208E+07  1.212E+07  1.217E+07  1.227E+07
  1.229E+07  1.226E+07  1.235E+07  1.241E+07  1.246E+07  1.244E+07  1.238E+07  1.236E+07  1.237E+07  1.240E+07
  1.252E+07  1.261E+07  1.257E+07  1.255E+07  1.258E+07  1.259E+07  1.252E+07  1.251E+07  1.253E+07  1.251E+07
  1.252E+07  1.257E+07  1.267E+07  1.278E+07  1.282E+07  1.280E+07  1.279E+07  1.283E+07  1.294E+07  1.292E+07
  1.286E+07  1.288E+07  1.287E+07  1.283E+07  1.275E+07  1.263E+07  1.269E+07  1.274E+07  1.275E+07  1.272E+07
  7.501E+06  0.000E+00  0.000E+00  0.000E+00  0.000E+00  0.000E+00  0.000E+00  0.000E+00  0.000E+00  0.000E+00
  0.000E+00  0.000E+00  0.000E+00  0.000E+00  0.000E+00  5.259E+02  4.640E+02  0.000E+00  1.243E+03  6.787E+02
  1.493E+03  2.798E+03  5.306E+03  3.003E+03  5.128E+03  4.837E+03  3.555E+03  7.000E+03  8.629E+03  1.212E+04
  1.100E+04  9.243E+03  8.485E+03  1.500E+04  1.369E+04  1.634E+04  2.442E+04  3.042E+04  3.365E+04  3.697E+04
  9.256E+06  9.322E+06  9.364E+06  9.367E+06  9.457E+06  9.453E+06  9.571E+06  9.580E+06  9.595E+06  9.677E+06
  9.780E+06  9.781E+06  9.833E+06  9.716E+06  9.680E+06  9.760E+06  9.762E+06  9.760E+06  9.815E+06  9.813E+06
  9.795E+06  9.811E+06  9.884E+06  9.981E+06  1.011E+07  1.010E+07  1.016E+07  1.022E+07  1.025E+07  1.032E+07
  1.037E+07  1.048E+07  1.052E+07  1.057E+07  1.063E+07  1.069E+07  1.068E+07  1.065E+07  1.064E+07  1.070E+07
  1.070E+07  1.071E+07  1.067E+07  1.061E+07  1.063E+07  1.070E+07  1.079E+07  1.080E+07  1.079E+07  1.077E+07
  1.076E+07  1.080E+07  1.087E+07  1.088E+07  1.092E+07  1.098E+07  1.107E+07  1.110E+07  1.111E+07  1.113E+07
  1.117E+07  1.120E+07  1.115E+07  1.113E+07  1.111E+07  1.114E+07  1.119E+07  1.131E+07  1.137E+07  1.144E+07
  1.146E+07  1.157E+07  1.163E+07  1.167E+07  1.171E+07  1.176E+07  1.184E+07  1.185E+07  1.190E+07  1.191E+07
  1.181E+07  1.182E+07  1.181E+07  1.180E+07  1.182E+07  1.177E+07  1.171E+07  1.172E+07  1.166E+07  1.162E+07
  1.170E+07  1.186E+07  1.194E+07  1.191E+07  1.179E+07  1.191E+07  1.199E+07  1.206E+07  1.210E+07  1.209E+07
  1.213E+07  1.218E+07  1.222E+07  1.211E+07  1.213E+07  1.220E+07  1.216E+07  1.218E+07  1.217E+07  1.220E+07
  7.211E+06  0.000E+00  0.000E+00  0.000E+00  0.000E+00  0.000E+00  0.000E+00  0.000E+00  0.000E+00  0.000E+00
  0.000E+00  0.000E+00  0.000E+00  0.000E+00  0.000E+00  0.000E+00  0.000E+00  0.000E+00  6.102E+02  1.156E+03
  1.797E+03  1.108E+03  1.178E+03  3.724E+03  2.438E+03  4.252E+03  4.039E+03  5.812E+03  3.271E+03  3.152E+03
  3.317E+03  7.369E+03  1.173E+04  9.326E+03  8.684E+03  9.221E+03  1.097E+04  1.598E+04  1.554E+04  1.864E+04
  8.754E+06  8.733E+06  8.734E+06  8.781E+06  8.747E+06  8.728E+06  8.749E+06  8.763E+06  8.812E+06  8.884E+06
  8.949E+06  9.029E+06  9.176E+06  9.267E+06  9.304E+06  9.248E+06  9.248E+06  9.294E+06  9.321E+06  9.423E+06
  9.491E+06  9.480E+06  9.499E+06  9.486E+06  9.489E+06  9.602E+06  9.634E+06  9.654E+06  9.655E+06  9.679E+06
  9.718E+06  9.633E+06  9.627E+06  9.659E+06  9.724E+06  9.792E+06  9.911E+06  9.990E+06  1.005E+07  1.013E+07
  1.022E+07  1.020E+07  1.024E+07  1.033E+07  1.029E+07  1.026E+07  1.032E+07  1.028E+07  1.028E+07  1.026E+07
  1.032E+07  1.032E+07  1.024E+07  1.029E+07  1.027E+07  1.030E+07  1.034E+07  1.040E+07  1.052E+07  1.059E+07
  1.052E+07  1.049E+07  1.054E+07  1.063E+07  1.064E+07  1.064E+07  1.065E+07  1.061E+07  1.063E+07  1.059E+07
  1.062E+07  1.064E+07  1.067E+07  1.074E+07  1.070E+07  1.075E+07  1.087E+07  1.092E+07  1.100E+07  1.105E+07
  1.116E+07  1.123E+07  1.120E+07  1.120E+07  1.121E+07  1.128E+07  1.127E+07  1.120E+07  1.120E+07  1.129E+07
  1.125E+07  1.117E+07  1.120E+07  1.119E+07  1.123E+07  1.119E+07  1.120E+07  1.121E+07  1.117E+07  1.117E+07
  1.122E+07  1.132E+07  1.144E+07  1.155E+07  1.157E+07  1.163E+07  1.168E+07  1.160E+07  1.164E+07  1.161E+07
  6.829E+06  0.000E+00  0.000E+00  0.000E+00  0.000E+00  0.000E+00  0.000E+00  0.000E+00  0.000E+00  0.000E+00
  0.000E+00  0.000E+00  0.000E+00  0.000E+00  0.000E+00  0.000E+00  0.000E+00  0.000E+00  3.213E+03  3.813E+03
  3.063E+03  4.590E+02  9.469E+02  1.240E+03  3.843E+02  5.863E+03  2.697E+03  4.884E+03  4.388E+03  2.991E+03
  5.283E+03  1.607E+03  3.780E+03  4.068E+03  6.768E+03  6.713E+03  1.234E+04  1.212E+04  1.239E+04  1.360E+04
  7.975E+06  7.969E+06  8.072E+06  8.161E+06  8.180E+06  8.185E+06  8.223E+06  8.251E+06  8.265E+06  8.310E+06
  8.313E+06  8.321E+06  8.298E+06  8.289E+06  8.326E+06  8.362E+06  8.477E+06  8.557E+06  8.600E+06  8.697E+06
  8.744E+06  8.845E+06  8.974E+06  9.006E+06  8.932E+06  9.028E+06  9.028E+06  8.998E+06  9.030E+06  8.993E+06
  9.058E+06  9.088E+06  9.113E+06  9.147E+06  9.153E+06  9.165E+06  9.183E+06  9.213E+06  9.274E+06  9.290E+06
  9.354E+06  9.427E+06  9.431E+06  9.434E+06  9.438E+06  9.435E+06  9.500E+06  9.592E+06  9.634E+06  9.653E+06
  9.658E+06  9.696E+06  9.804E+06  9.909E+06  9.943E+06  9.964E+06  9.981E+06  9.945E+06  9.886E+06  9.874E+06
  9.850E+06  9.818E+06  9.812E+06  9.816E+06  9.884E+06  9.888E+06  9.937E+06  9.963E+06  1.004E+07  1.014E+07
  1.015E+07  1.016E+07  1.026E+07  1.034E+07  1.032E+07  1.024E+07  1.020E+07  1.010E+07  1.018E+07  1.023E+07
  1.024E+07  1.028E+07  1.027E+07  1.026E+07  1.024E+07  1.027E+07  1.035E+07  1.046E+07  1.049E+07  1.047E+07
  1.052E+07  1.062E+07  1.070E+07  1.082E+07  1.087E+07  1.090E+07  1.081E+07  1.083E+07  1.092E+07  1.095E+07
  1.094E+07  1.083E+07  1.070E+07  1.069E+07  1.071E+07  1.077E+07  1.087E+07  1.098E+07  1.104E+07  1.106E+07
  6.402E+06  0.000E+00  0.000E+00  0.000E+00  0.000E+00  0.000E+00  0.000E+00  0.000E+00  0.000E+00  0.000E+00
  0.000E+00  0.000E+00  0.000E+00  0.000E+00  0.000E+00  9.636E+02  1.798E+03  1.375E+03  1.785E+03  2.453E+03
  3.080E+03  1.118E+03  2.602E+02  0.000E+00  2.184E+03  2.192E+03  4.945E+03  1.518E+03  2.783E+03  3.605E+03
  2.163E+03  4.459E+03  1.880E+03  3.883E+03  3.429E+03  4.043E+03  5.433E+03  8.856E+03  7.514E+03  6.291E+03
  7.394E+06  7.446E+06  7.470E+06  7.483E+06  7.557E+06  7.588E+06  7.601E+06  7.577E+06  7.623E+06  7.673E+06
  7.682E+06  7.699E+06  7.770E+06  7.905E+06  7.990E+06  8.002E+06  8.081E+06  8.069E+06  8.113E+06  8.172E+06
  8.143E+06  8.117E+06  8.102E+06  8.121E+06  8.159E+06  8.129E+06  8.148E+06  8.247E+06  8.348E+06  8.523E+06
  8.542E+06  8.558E+06  8.639E+06  8.682E+06  8.698E+06  8.710E+06  8.704E+06  8.721E+06  8.737E+06  8.692E+06
  8.717E+06  8.727E+06  8.765E+06  8.821E+06  8.880E+06  8.919E+06  8.848E+06  8.879E+06  9.025E+06  9.110E+06
  9.075E+06  9.114E+06  9.136E+06  9.167E+06  9.190E+06  9.163E+06  9.180E+06  9.269E+06  9.318E+06  9.371E+06
  9.396E+06  9.473E+06  9.450E+06  9.581E+06  9.595E+06  9.647E+06  9.590E+06  9.535E+06  9.549E+06  9.556E+06
  9.577E+06  9.492E+06  9.492E+06  9.475E+06  9.525E+06  9.577E+06  9.597E+06  9.698E+06  9.653E+06  9.685E+06
  9.711E+06  9.736E+06  9.801E+06  9.898E+06  9.968E+06  9.962E+06  9.934E+06  9.936E+06  9.956E+06  1.005E+07
  1.017E+07  1.021E+07  1.020E+07  1.018E+07  1.025E+07  1.019E+07  1.022E+07  1.017E+07  1.017E+07  1.021E+07
  1.017E+07  1.030E+07  1.043E+07  1.048E+07  1.054E+07  1.055E+07  1.048E+07  1.045E+07  1.053E+07  1.055E+07
  6.114E+06  0.000E+00  0.000E+00  0.000E+00  0.000E+00  0.000E+00  0.000E+00  0.000E+00  0.000E+00  0.000E+00
  0.000E+00  0.000E+00  0.000E+00  0.000E+00  0.000E+00  8.459E+02  2.630E+02  2.766E+02  4.235E+02  3.239E+02
  4.299E+03  1.688E+03  1.254E+03  1.862E+02  1.710E+03  8.479E+02  1.319E+03  5.515E+03  1.436E+03  1.324E+03
  7.619E+02  1.505E+03  2.893E+03  1.212E+03  4.382E+02  4.935E+03  4.793E+03  6.653E+03  1.944E+03  3.391E+03
  6.925E+06  6.957E+06  6.960E+06  6.944E+06  6.978E+06  7.070E+06  7.133E+06  7.206E+06  7.175E+06  7.197E+06
  7.222E+06  7.217E+06  7.249E+06  7.245E+06  7.270E+06  7.356E+06  7.344E+06  7.275E+06  7.317E+06  7.294E+06
  7.348E+06  7.448E+06  7.559E+06  7.677E+06  7.693E+06  7.785E+06  7.879E+06  7.873E+06  7.899E+06  7.911E+06
  7.868E+06  7.863E+06  7.895E+06  7.929E+06  7.994E+06  7.986E+06  8.016E+06  8.038E+06  8.134E+06  8.183E+06
  8.230E+06  8.247E+06  8.235E+06  8.293E+06  8.347E+06  8.388E+06  8.409E+06  8.503E+06  8.425E+06  8.398E+06
  8.544E+06  8.524E+06  8.538E+06  8.622E+06  8.702E+06  8.805E+06  8.850E+06  8.848E+06  8.962E+06  9.036E+06
  9.087E+06  9.059E+06  9.110E+06  9.085E+06  9.079E+06  9.018E+06  8.923E+06  8.896E+06  8.864E+06  8.948E+06
  8.999E+06  9.131E+06  9.086E+06  9.087E+06  9.179E+06  9.220E+06  9.250E+06  9.254E+06  9.278E+06  9.292E+06
  9.239E+06  9.310E+06  9.293E+06  9.283E+06  9.177E+06  9.198E+06  9.245E+06  9.198E+06  9.219E+06  9.275E+06
  9.343E+06  9.395E+06  9.466E+06  9.537E+06  9.602E+06  9.652E+06  9.653E+06  9.650E+06  9.703E+06  9.685E+06
  9.673E+06  9.763E+06  9.786E+06  9.783E+06  9.764E+06  9.736E+06  9.778E+06  9.812E+06  9.874E+06  9.987E+06
  5.722E+06  0.000E+00  0.000E+00  0.000E+00  0.000E+00  0.000E+00  0.000E+00  0.000E+00  0.000E+00  0.000E+00
  0.000E+00  0.000E+00  0.000E+00  0.000E+00  0.000E+00  4.393E+02  5.294E+02  0.000E+00  4.987E+01  1.201E+03
  1.099E+03  3.601E+03  3.135E+03  2.564E+03  2.756E+03  0.000E+00  8.564E+02  2.747E+03  1.059E+03  3.424E+03
  1.453E+03  8.897E+02  5.153E+03  2.158E+03  1.306E+03  5.878E+03  3.761E+03  1.498E+03  4.932E+03  4.633E+03
  6.334E+06  6.376E+06  6.443E+06  6.539E+06  6.555E+06  6.605E+06  6.631E+06  6.665E+06  6.781E+06  6.824E+06
  6.799E+06  6.779E+06  6.762E+06  6.784E+06  6.775E+06  6.835E+06  6.881E+06  6.950E+06  7.002E+06  7.007E+06
  6.991E+06  7.022E+06  7.075E+06  7.024E+06  7.036E+06  7.059E+06  7.065E+06  7.069E+06  7.081E+06  7.137E+06
  7.126E+06  7.197E+06  7.221E+06  7.338E+06  7.417E+06  7.486E+06  7.522E+06  7.563E+06  7.552E+06  7.623E+06
  7.718E+06  7.732E+06  7.787E+06  7.846E+06  7.786E+06  7.728E+06  7.738E+06  7.726E+06  7.825E+06  7.904E+06
  7.887E+06  8.020E+06  8.038E+06  8.060E+06  8.068E+06  8.080E+06  8.132E+06  8.228E+06  8.293E+06  8.321E+06
  8.390E+06  8.370E+06  8.416E+06  8.418E+06  8.450E+06  8.478E+06  8.473E+06  8.572E+06  8.637E+06  8.607E+06
  8.625E+06  8.627E+06  8.692E+06  8.667E+06  8.673E+06  8.646E+06  8.747E+06  8.751E+06  8.744E+06  8.660E+06
  8.671E+06  8.647E+06  8.766E+06  8.859E+06  8.986E+06  8.998E+06  8.958E+06  8.996E+06  8.957E+06  8.922E+06
  8.892E+06  8.905E+06  8.951E+06  9.007E+06  9.051E+06  9.066E+06  9.070E+06  9.078E+06  9.179E+06  9.207E+06
  9.233E+06  9.260E+06  9.223E+06  9.208E+06  9.216E+06  9.222E+06  9.348E+06  9.336E+06  9.272E+06  9.280E+06
  5.342E+06  0.000E+00  0.000E+00  0.000E+00  0.000E+00  0.000E+00  0.000E+00  0.000E+00  0.000E+00  0.000E+00
  0.000E+00  0.000E+00  0.000E+00  0.000E+00  3.132E+02  7.403E+02  7.969E+02  1.691E+02  4.899E+02  0.000E+00
  2.040E+03  1.584E+03  2.009E+03  0.000E+00  5.346E+02  0.000E+00  1.539E+03  3.224E+03  1.788E+03  7.695E+02
  3.344E+03  9.916E+02  3.306E+03  7.654E+03  6.077E+03  5.589E+03  7.047E+03  3.981E+03  8.742E+02  4.057E+03
  5.810E+06  5.919E+06  5.919E+06  5.868E+06  5.936E+06  6.034E+06  6.086E+06  6.056E+06  6.019E+06  6.073E+06
  6.121E+06  6.225E+06  6.311E+06  6.365E+06  6.349E+06  6.290E+06  6.342E+06  6.347E+06  6.450E+06  6.509E+06
  6.522E+06  6.579E+06  6.577E+06  6.622E+06  6.605E+06  6.643E+06  6.727E+06  6.764E+06  6.784E+06  6.713E+06
  6.717E+06  6.732E+06  6.738E+06  6.762E+06  6.763E+06  6.798E+06  6.822E+06  6.841E+06  6.914E+06  6.928E+06
  6.943E+06  6.968E+06  6.973E+06  7.038E+06  7.091E+06  7.153E+06  7.197E+06  7.252E+06  7.255E+06  7.285E+06
  7.301E+06  7.367E+06  7.431E+06  7.401E+06  7.430E+06  7.467E+06  7.502E+06  7.567E+06  7.568E+06  7.560E+06
  7.531E+06  7.615E+06  7.684E+06  7.753E+06  7.902E+06  8.009E+06  8.072E+06  8.039E+06  8.057E+06  8.159E+06
  8.192E+06  8.159E+06  8.109E+06  8.090E+06  8.066E+06  8.098E+06  8.016E+06  8.064E+06  8.092E+06  8.113E+06
  8.165E+06  8.212E+06  8.234E+06  8.215E+06  8.218E+06  8.246E+06  8.309E+06  8.340E+06  8.392E+06  8.388E+06
  8.447E+06  8.427E+06  8.448E+06  8.451E+06  8.502E+06  8.593E+06  8.700E+06  8.779E+06  8.740E+06  8.789E+06
  8.846E+06  8.782E+06  8.780E+06  8.877E+06  8.903E+06  8.918E+06  8.861E+06  8.872E+06  8.899E+06  8.959E+06
  5.151E+06  0.000E+00  0.000E+00  0.000E+00  0.000E+00  0.000E+00  0.000E+00  0.000E+00  0.000E+00  0.000E+00
  0.000E+00  0.000E+00  0.000E+00  0.000E+00  6.565E+01  4.812E+01  1.797E+03  8.677E+02  1.449E+03  1.582E+03
  7.802E+02  3.037E+02  1.325E+03  2.824E+03  8.012E+02  8.078E+02  5.127E+02  5.093E+02  1.004E+03  1.052E+03
  3.144E+03  6.173E+02  4.525E+03  3.491E+03  4.210E+03  5.997E+03  1.854E+03  1.779E+03  5.819E+02  1.625E+03
  5.410E+06  5.373E+06  5.340E+06  5.409E+06  5.475E+06  5.517E+06  5.575E+06  5.627E+06  5.612E+06  5.636E+06
  5.665E+06  5.732E+06  5.789E+06  5.778E+06  5.794E+06  5.814E+06  5.748E+06  5.706E+06  5.794E+06  5.839E+06
  5.910E+06  5.943E+06  6.020E+06  6.051E+06  6.179E+06  6.220E+06  6.210E+06  6.271E+06  6.265E+06  6.322E+06
  6.354E+06  6.326E+06  6.389E+06  6.398E+06  6.409E+06  6.480E+06  6.448E+06  6.455E+06  6.430E+06  6.441E+06
  6.439E+06  6.477E+06  6.538E+06  6.510E+06  6.537E+06  6.614E+06  6.671E+06  6.651E+06  6.638E+06  6.645E+06
  6.707E+06  6.684E+06  6.718E+06  6.719E+06  6.781E+06  6.825E+06  6.917E+06  6.963E+06  7.025E+06  7.090E+06
  7.177E+06  7.174E+06  7.219E+06  7.216E+06  7.176E+06  7.173E+06  7.261E+06  7.310E+06  7.351E+06  7.337E+06
  7.314E+06  7.341E+06  7.402E+06  7.491E+06  7.557E+06  7.513E+06  7.566E+06  7.631E+06  7.702E+06  7.713E+06
  7.727E+06  7.754E+06  7.747E+06  7.703E+06  7.713E+06  7.717E+06  7.754E+06  7.806E+06  7.817E+06  7.799E+06
  7.819E+06  7.816E+06  7.827E+06  7.910E+06  7.919E+06  7.892E+06  7.955E+06  7.899E+06  7.924E+06  7.944E+06
  7.978E+06  8.032E+06  8.075E+06  8.105E+06  8.179E+06  8.183E+06  8.245E+06  8.315E+06  8.354E+06  8.351E+06
  4.739E+06  0.000E+00  0.000E+00  0.000E+00  0.000E+00  0.000E+00  0.000E+00  0.000E+00  0.000E+00  0.000E+00
  0.000E+00  0.000E+00  0.000E+00  0.000E+00  0.000E+00  1.235E+02  4.325E+02  0.000E+00  2.123E+03  6.178E+02
  1.329E+03  4.890E+02  0.000E+00  4.681E+02  2.960E+03  4.679E+02  0.000E+00  1.469E+03  1.161E+02  0.000E+00
  2.405E+03  1.670E+03  8.388E+02  9.882E+00  1.315E+03  1.208E+03  5.004E+03  9.750E+02  1.259E+03  6.828E+03
  5.085E+06  5.152E+06  5.233E+06  5.211E+06  5.168E+06  5.218E+06  5.239E+06  5.241E+06  5.279E+06  5.363E+06
  5.402E+06  5.396E+06  5.433E+06  5.476E+06  5.495E+06  5.461E+06  5.571E+06  5.555E+06  5.523E+06  5.521E+06
  5.525E+06  5.607E+06  5.609E+06  5.644E+06  5.617E+06  5.642E+06  5.635E+06  5.674E+06  5.785E+06  5.913E+06
  5.882E+06  5.901E+06  5.824E+06  5.873E+06  5.893E+06  5.919E+06  5.968E+06  6.021E+06  5.968E+06  6.002E+06
  6.069E+06  6.082E+06  6.067E+06  6.149E+06  6.187E+06  6.248E+06  6.316E+06  6.407E+06  6.437E+06  6.395E+06
  6.398E+06  6.407E+06  6.509E+06  6.582E+06  6.602E+06  6.579E+06  6.548E+06  6.566E+06  6.510E+06  6.518E+06
  6.571E+06  6.643E+06  6.588E+06  6.595E+06  6.661E+06  6.720E+06  6.728E+06  6.818E+06  6.921E+06  7.005E+06
  7.006E+06  6.970E+06  7.005E+06  7.116E+06  7.070E+06  7.043E+06  7.053E+06  7.079E+06  7.100E+06  7.201E+06
  7.207E+06  7.195E+06  7.234E+06  7.253E+06  7.254E+06  7.180E+06  7.161E+06  7.156E+06  7.219E+06  7.264E+06
  7.321E+06  7.355E+06  7.372E+06  7.398E+06  7.392E+06  7.469E+06  7.531E+06  7.601E+06  7.644E+06  7.634E+06
  7.640E+06  7.547E+06  7.571E+06  7.609E+06  7.657E+06  7.693E+06  7.718E+06  7.706E+06  7.694E+06  7.776E+06
  4.410E+06  0.000E+00  0.000E+00  0.000E+00  0.000E+00  0.000E+00  0.000E+00  0.000E+00  0.000E+00  0.000E+00
  0.000E+00  0.000E+00  0.000E+00  0.000E+00  0.000E+00  2.113E+03  7.657E+02  5.994E+02  1.155E+03  8.472E+02
  5.928E+02  1.691E+03  0.000E+00  6.967E+02  2.245E+03  2.422E+02  2.062E+03  3.093E+03  1.277E+03  1.752E+03
  1.142E+03  2.843E+03  4.891E+02  1.231E+03  7.258E+02  7.938E+02  2.419E+03  1.071E+03  2.039E+03  7.982E+02
  4.618E+06  4.615E+06  4.643E+06  4.688E+06  4.742E+06  4.781E+06  4.838E+06  4.883E+06  4.928E+06  4.947E+06
  5.008E+06  5.123E+06  5.225E+06  5.245E+06  5.218E+06  5.225E+06  5.207E+06  5.291E+06  5.368E+06  5.373E+06
  5.397E+06  5.411E+06  5.383E+06  5.441E+06  5.460E+06  5.435E+06  5.461E+06  5.441E+06  5.389E+06  5.332E+06
  5.445E+06  5.485E+06  5.516E+06  5.552E+06  5.574E+06  5.529E+06  5.522E+06  5.622E+06  5.740E+06  5.842E+06
  5.772E+06  5.720E+06  5.734E+06  5.733E+06  5.748E+06  5.742E+06  5.805E+06  5.808E+06  5.875E+06  5.941E+06
  5.955E+06  6.039E+06  5.981E+06  5.964E+06  6.007E+06  6.073E+06  6.123E+06  6.125E+06  6.136E+06  6.167E+06
  6.186E+06  6.161E+06  6.219E+06  6.308E+06  6.344E+06  6.283E+06  6.245E+06  6.254E+06  6.265E+06  6.229E+06
  6.280E+06  6.306E+06  6.298E+06  6.296E+06  6.422E+06  6.492E+06  6.455E+06  6.476E+06  6.575E+06  6.601E+06
  6.650E+06  6.655E+06  6.721E+06  6.857E+06  6.917E+06  7.000E+06  7.019E+06  6.991E+06  6.986E+06  7.044E+06
  7.000E+06  6.980E+06  6.956E+06  6.918E+06  6.954E+06  7.019E+06  7.000E+06  7.001E+06  6.973E+06  6.980E+06
  7.037E+06  7.161E+06  7.192E+06  7.199E+06  7.184E+06  7.300E+06  7.311E+06  7.311E+06  7.278E+06  7.253E+06
  4.112E+06  0.000E+00  0.000E+00  0.000E+00  0.000E+00  0.000E+00  0.000E+00  0.000E+00  0.000E+00  0.000E+00
  0.000E+00  0.000E+00  0.000E+00  0.000E+00  0.000E+00  0.000E+00  2.971E+02  0.000E+00  6.140E+02  6.432E+02
  0.000E+00  8.698E+02  8.913E+02  5.333E+02  4.322E+02  1.233E+03  8.555E+02  1.624E+03  8.008E+02  7.535E+02
  4.510E+02  0.000E+00  1.998E+03  3.032E+03  1.970E+03  3.258E+02  2.585E+03  8.920E+02  1.580E+03  0.000E+00
  4.231E+06  4.328E+06  4.333E+06  4.370E+06  4.365E+06  4.350E+06  4.349E+06  4.358E+06  4.387E+06  4.479E+06
  4.504E+06  4.569E+06  4.552E+06  4.639E+06  4.748E+06  4.760E+06  4.821E+06  4.861E+06  4.837E+06  4.889E+06
  4.923E+06  4.940E+06  4.994E+06  4.969E+06  5.046E+06  5.084E+06  5.100E+06  5.166E+06  5.225E+06  5.190E+06
  5.162E+06  5.199E+06  5.227E+06  5.233E+06  5.216E+06  5.212E+06  5.260E+06  5.208E+06  5.186E+06  5.178E+06
  5.236E+06  5.263E+06  5.322E+06  5.390E+06  5.448E+06  5.482E+06  5.478E+06  5.558E+06  5.644E+06  5.712E+06
  5.713E+06  5.701E+06  5.721E+06  5.701E+06  5.676E+06  5.597E+06  5.577E+06  5.623E+06  5.676E+06  5.705E+06
  5.730E+06  5.738E+06  5.766E+06  5.759E+06  5.784E+06  5.926E+06  6.019E+06  6.047E+06  6.061E+06  6.026E+06
  5.985E+06  5.984E+06  6.065E+06  6.062E+06  6.051E+06  6.025E+06  6.083E+06  6.132E+06  6.089E+06  6.064E+06
  6.117E+06  6.159E+06  6.113E+06  6.137E+06  6.211E+06  6.312E+06  6.380E+06  6.366E+06  6.295E+06  6.281E+06
  6.262E+06  6.291E+06  6.318E+06  6.391E+06  6.484E+06  6.493E+06  6.557E+06  6.658E+06  6.746E+06  6.878E+06
  6.838E+06  6.815E+06  6.817E+06  6.795E+06  6.814E+06  6.848E+06  6.846E+06  6.816E+06  6.853E+06  6.902E+06
  3.863E+06  0.000E+00  0.000E+00  0.000E+00  0.000E+00  0.000E+00  0.000E+00  0.000E+00  0.000E+00  0.000E+00
  0.000E+00  0.000E+00  0.000E+00  0.000E+00  0.000E+00  1.326E+03  1.583E+03  4.710E+01  2.020E+02  6.275E+02
  0.000E+00  0.000E+00  0.000E+00  2.723E+02  7.932E+02  6.143E+02  8.982E+02  9.189E+02  1.835E+03  6.346E+02
  1.956E+02  0.000E+00  5.269E+02  3.307E+02  1.235E+03  0.000E+00  1.006E+03  2.856E+02  1.875E+03  4.098E+03
  3.777E+06  3.780E+06  3.801E+06  3.817E+06  3.878E+06  3.964E+06  4.001E+06  4.048E+06  4.063E+06  4.073E+06
  4.093E+06  4.153E+06  4.212E+06  4.182E+06  4.184E+06  4.201E+06  4.204E+06  4.228E+06  4.254E+06  4.326E+06
  4.311E+06  4.363E+06  4.359E+06  4.486E+06  4.551E+06  4.592E+06  4.578E+06  4.616E+06  4.697E+06  4.846E+06
  4.915E+06  4.910E+06  4.926E+06  4.934E+06  4.897E+06  4.910E+06  4.871E+06  4.864E+06  4.871E+06  4.869E+06
  4.864E+06  4.861E+06  4.879E+06  4.878E+06  4.899E+06  4.939E+06  5.014E+06  4.966E+06  4.953E+06  5.006E+06
  5.072E+06  5.078E+06  5.138E+06  5.231E+06  5.332E+06  5.411E+06  5.431E+06  5.420E+06  5.418E+06  5.346E+06
  5.336E+06  5.326E+06  5.301E+06  5.255E+06  5.289E+06  5.251E+06  5.207E+06  5.266E+06  5.361E+06  5.502E+06
  5.573E+06  5.565E+06  5.540E+06  5.535E+06  5.528E+06  5.572E+06  5.582E+06  5.661E+06  5.696E+06  5.765E+06
  5.847E+06  5.839E+06  5.922E+06  5.924E+06  5.947E+06  5.894E+06  5.841E+06  5.870E+06  5.946E+06  5.986E+06
  6.066E+06  6.117E+06  6.080E+06  6.040E+06  5.960E+06  5.976E+06  5.974E+06  6.001E+06  6.054E+06  6.073E+06
  6.100E+06  6.121E+06  6.180E+06  6.189E+06  6.208E+06  6.211E+06  6.270E+06  6.410E+06  6.437E+06  6.551E+06
  3.667E+06  0.000E+00  0.000E+00  0.000E+00  0.000E+00  0.000E+00  0.000E+00  0.000E+00  0.000E+00  0.000E+00
  0.000E+00  0.000E+00  0.000E+00  0.000E+00  0.000E+00  0.000E+00  1.189E+03  7.995E+02  6.429E+02  6.170E+02
  0.000E+00  0.000E+00  0.000E+00  4.519E+02  8.756E+02  0.000E+00  0.000E+00  0.000E+00  2.246E+03  1.609E+03
  1.238E+02  6.250E+02  7.752E+02  1.201E+03  0.000E+00  1.093E+03  1.504E+03  2.307E+02  6.015E+02  1.540E+03
  3.512E+06  3.558E+06  3.590E+06  3.617E+06  3.677E+06  3.729E+06  3.750E+06  3.731E+06  3.679E+06  3.675E+06
  3.714E+06  3.694E+06  3.679E+06  3.726E+06  3.718E+06  3.771E+06  3.843E+06  3.906E+06  3.899E+06  3.886E+06
  3.918E+06  3.919E+06  3.988E+06  3.973E+06  4.028E+06  4.072E+06  4.107E+06  4.215E+06  4.253E+06  4.239E+06
  4.224E+06  4.207E+06  4.189E+06  4.228E+06  4.294E+06  4.368E+06  4.428E+06  4.522E+06  4.596E+06  4.653E+06
  4.616E+06  4.610E+06  4.639E+06  4.629E+06  4.609E+06  4.562E+06  4.557E+06  4.586E+06  4.627E+06  4.597E+06
  4.603E+06  4.660E+06  4.684E+06  4.734E+06  4.720E+06  4.773E+06  4.779E+06  4.817E+06  4.884E+06  5.020E+06
  5.053E+06  5.097E+06  5.106E+06  5.109E+06  5.112E+06  5.154E+06  5.119E+06  5.038E+06  4.971E+06  4.919E+06
  4.904E+06  4.962E+06  5.030E+06  5.107E+06  5.178E+06  5.243E+06  5.306E+06  5.279E+06  5.287E+06  5.324E+06
  5.372E+06  5.392E+06  5.415E+06  5.468E+06  5.454E+06  5.469E+06  5.509E+06  5.611E+06  5.632E+06  5.680E+06
  5.708E+06  5.673E+06  5.697E+06  5.736E+06  5.762E+06  5.788E+06  5.754E+06  5.748E+06  5.755E+06  5.753E+06
  5.766E+06  5.864E+06  5.861E+06  5.845E+06  5.873E+06  5.934E+06  5.929E+06  5.885E+06  5.972E+06  6.005E+06
  3.353E+06  0.000E+00  0.000E+00  0.000E+00  0.000E+00  0.000E+00  0.000E+00  0.000E+00  0.000E+00  0.000E+00
  0.000E+00  0.000E+00  0.000E+00  0.000E+00  0.000E+00  9.180E+02  1.233E+03  1.163E+03  0.000E+00  1.467E+03
  0.000E+00  0.000E+00  5.880E+02  2.964E+03  1.403E+03  9.162E+02  0.000E+00  0.000E+00  3.245E+02  8.558E+02
  0.000E+00  1.018E+03  8.565E+02  6.511E+02  0.000E+00  5.104E+02  2.345E+02  4.009E+03  3.318E+03  1.123E+03
  3.285E+06  3.346E+06  3.407E+06  3.368E+06  3.333E+06  3.294E+06  3.336E+06  3.360E+06  3.429E+06  3.481E+06
  3.508E+06  3.534E+06  3.560E+06  3.553E+06  3.623E+06  3.671E+06  3.670E+06  3.634E+06  3.613E+06  3.658E+06
  3.681E+06  3.664E+06  3.676E+06  3.685E+06  3.683E+06  3.740E+06  3.786E+06  3.799E+06  3.837E+06  3.808E+06
  3.853E+06  3.940E+06  3.993E+06  4.044E+06  4.059E+06  4.041E+06  4.007E+06  4.016E+06  4.015E+06  4.056E+06
  4.117E+06  4.211E+06  4.219E+06  4.244E+06  4.273E+06  4.310E+06  4.353E+06  4.355E+06  4.435E+06  4.492E+06
  4.485E+06  4.415E+06  4.378E+06  4.419E+06  4.415E+06  4.379E+06  4.423E+06  4.442E+06  4.432E+06  4.405E+06
  4.462E+06  4.558E+06  4.584E+06  4.617E+06  4.616E+06  4.593E+06  4.663E+06  4.751E+06  4.884E+06  4.901E+06
  4.870E+06  4.912E+06  4.930E+06  4.926E+06  4.893E+06  4.864E+06  4.857E+06  4.876E+06  4.870E+06  4.866E+06
  4.864E+06  4.996E+06  5.038E+06  5.078E+06  5.166E+06  5.197E+06  5.207E+06  5.206E+06  5.288E+06  5.320E+06
  5.294E+06  5.298E+06  5.354E+06  5.350E+06  5.337E+06  5.355E+06  5.391E+06  5.482E+06  5.455E+06  5.500E+06
  5.518E+06  5.502E+06  5.516E+06  5.579E+06  5.619E+06  5.650E+06  5.667E+06  5.656E+06  5.561E+06  5.559E+06
  3.059E+06  0.000E+00  0.000E+00  0.000E+00  0.000E+00  0.000E+00  0.000E+00  0.000E+00  0.000E+00  0.000E+00
  0.000E+00  0.000E+00  0.000E+00  0.000E+00  0.000E+00  0.000E+00  0.000E+00  0.000E+00  8.712E+02  5.233E+02
  7.132E+02  1.710E+03  1.412E+02  2.114E+03  0.000E+00  1.600E+03  0.000E+00  3.049E+02  1.595E+03  1.086E+03
  0.000E+00  1.248E+03  1.200E+03  0.000E+00  6.602E+02  0.000E+00  2.036E+03  2.912E+03  1.120E+03  3.430E+03
  3.126E+06  3.099E+06  3.091E+06  3.121E+06  3.160E+06  3.232E+06  3.268E+06  3.239E+06  3.261E+06  3.292E+06
  3.324E+06  3.335E+06  3.307E+06  3.323E+06  3.346E+06  3.308E+06  3.348E+06  3.359E+06  3.432E+06  3.461E+06
  3.424E+06  3.434E+06  3.437E+06  3.485E+06  3.536E+06  3.560E+06  3.549E+06  3.590E+06  3.601E+06  3.606E+06
  3.596E+06  3.671E+06  3.744E+06  3.769E+06  3.786E+06  3.794E+06  3.805E+06  3.800E+06  3.855E+06  3.874E+06
  3.905E+06  3.906E+06  3.961E+06  3.958E+06  4.029E+06  4.023E+06  4.010E+06  4.071E+06  4.090E+06  4.051E+06
  4.090E+06  4.136E+06  4.227E+06  4.231E+06  4.269E+06  4.252E+06  4.236E+06  4.247E+06  4.316E+06  4.292E+06
  4.233E+06  4.181E+06  4.219E+06  4.277E+06  4.327E+06  4.418E+06  4.463E+06  4.443E+06  4.426E+06  4.449E+06
  4.480E+06  4.455E+06  4.486E+06  4.544E+06  4.567E+06  4.539E+06  4.571E+06  4.622E+06  4.628E+06  4.676E+06
  4.750E+06  4.789E+06  4.822E+06  4.753E+06  4.720E+06  4.745E+06  4.777E+06  4.859E+06  4.815E+06  4.796E+06
  4.914E+06  4.988E+06  5.034E+06  5.033E+06  5.112E+06  5.147E+06  5.205E+06  5.214E+06  5.259E+06  5.205E+06
  5.196E+06  5.170E+06  5.144E+06  5.147E+06  5.188E+06  5.132E+06  5.190E+06  5.269E+06  5.403E+06  5.404E+06
  2.979E+06  0.000E+00  0.000E+00  0.000E+00  0.000E+00  0.000E+00  0.000E+00  0.000E+00  0.000E+00  0.000E+00
  0.000E+00  0.000E+00  0.000E+00  0.000E+00  0.000E+00  0.000E+00  0.000E+00  4.818E+02  9.311E+02  0.000E+00
  2.438E+03  1.324E+03  1.118E+03  0.000E+00  0.000E+00  1.151E+03  1.369E+02  1.624E+03  1.437E+03  1.186E+02
  1.365E+03  0.000E+00  1.255E+02  0.000E+00  0.000E+00  5.436E+02  1.108E+03  2.251E+03  1.856E+03  9.163E+02
  2.835E+06  2.908E+06  2.935E+06  2.966E+06  3.037E+06  3.052E+06  3.052E+06  3.004E+06  3.008E+06  3.000E+06
  2.996E+06  2.995E+06  3.003E+06  3.046E+06  3.058E+06  3.070E+06  3.133E+06  3.146E+06  3.177E+06  3.156E+06
  3.150E+06  3.174E+06  3.174E+06  3.180E+06  3.180E+06  3.198E+06  3.266E+06  3.321E+06  3.324E+06  3.349E+06
  3.396E+06  3.367E+06  3.348E+06  3.346E+06  3.391E+06  3.428E+06  3.463E+06  3.482E+06  3.505E+06  3.550E+06
  3.608E+06  3.570E+06  3.548E+06  3.595E+06  3.624E+06  3.698E+06  3.743E+06  3.816E+06  3.889E+06  3.933E+06
  3.855E+06  3.872E+06  3.853E+06  3.839E+06  3.855E+06  3.900E+06  3.993E+06  3.989E+06  3.956E+06  3.928E+06
  3.999E+06  4.036E+06  4.002E+06  4.005E+06  4.081E+06  4.095E+06  4.107E+06  4.123E+06  4.180E+06  4.250E+06
  4.221E+06  4.205E+06  4.268E+06  4.252E+06  4.315E+06  4.332E+06  4.286E+06  4.266E+06  4.270E+06  4.250E+06
  4.224E+06  4.250E+06  4.318E+06  4.393E+06  4.425E+06  4.454E+06  4.501E+06  4.519E+06  4.625E+06  4.673E+06
  4.668E+06  4.695E+06  4.624E+06  4.627E+06  4.624E+06  4.665E+06  4.641E+06  4.643E+06  4.646E+06  4.723E+06
  4.784E+06  4.790E+06  4.827E+06  4.860E+06  4.893E+06  4.949E+06  5.059E+06  5.155E+06  5.117E+06  5.071E+06
  2.765E+06  0.000E+00  0.000E+00  0.000E+00  0.000E+00  0.000E+00  0.000E+00  0.000E+00  0.000E+00  0.000E+00
  0.000E+00  0.000E+00  0.000E+00  0.000E+00  0.000E+00  0.000E+00  5.495E+02  7.531E+02  2.378E+02  2.586E+02
  4.274E+03  1.654E+01  0.000E+00  0.000E+00  0.000E+00  0.000E+00  3.082E+02  1.688E+02  8.336E+02  4.237E+02
  2.525E+01  5.565E+02  8.376E+02  9.831E+02  0.000E+00  6.889E+02  1.405E+03  1.621E+03  1.996E+02  1.351E+03
  2.524E+06  2.611E+06  2.714E+06  2.703E+06  2.715E+06  2.749E+06  2.754E+06  2.810E+06  2.757E+06  2.787E+06
  2.820E+06  2.876E+06  2.935E+06  2.990E+06  2.964E+06  2.986E+06  2.948E+06  2.914E+06  2.881E+06  2.958E+06
  2.987E+06  3.045E+06  3.088E+06  3.084E+06  3.088E+06  3.056E+06  3.033E+06  3.048E+06  3.064E+06  3.046E+06
  3.023E+06  3.054E+06  3.126E+06  3.179E+06  3.189E+06  3.223E+06  3.247E+06  3.256E+06  3.222E+06  3.189E+06
  3.176E+06  3.172E+06  3.185E+06  3.189E+06  3.205E+06  3.200E+06  3.181E+06  3.189E+06  3.309E+06  3.437E+06
  3.475E+06  3.501E+06  3.571E+06  3.621E+06  3.650E+06  3.674E+06  3.677E+06  3.670E+06  3.677E+06  3.741E+06
  3.720E+06  3.825E+06  3.838E+06  3.827E+06  3.805E+06  3.796E+06  3.786E+06  3.776E+06  3.783E+06  3.786E+06
  3.880E+06  3.983E+06  4.001E+06  4.028E+06  3.999E+06  4.010E+06  4.025E+06  4.017E+06  3.974E+06  3.982E+06
  3.959E+06  3.991E+06  4.053E+06  4.079E+06  4.133E+06  4.146E+06  4.121E+06  4.168E+06  4.144E+06  4.153E+06
  4.106E+06  4.117E+06  4.209E+06  4.252E+06  4.273E+06  4.352E+06  4.438E+06  4.490E+06  4.472E+06  4.442E+06
  4.419E+06  4.461E+06  4.501E+06  4.552E+06  4.536E+06  4.535E+06  4.535E+06  4.549E+06  4.576E+06  4.606E+06
  2.537E+06  0.000E+00  0.000E+00  0.000E+00  0.000E+00  0.000E+00  0.000E+00  0.000E+00  0.000E+00  0.000E+00
  0.000E+00  0.000E+00  0.000E+00  0.000E+00  0.000E+00  0.000E+00  0.000E+00  1.147E+03  1.903E+02  3.215E+03
  6.581E+01  5.000E+02  0.000E+00  5.692E+02  0.000E+00  4.965E+02  2.007E+03  9.781E+02  7.798E+02  2.583E+01
  1.781E+03  4.054E+02  0.000E+00  8.329E+02  9.213E+02  2.892E+02  1.189E+03  4.256E+03  2.083E+03  5.772E+02
  2.342E+06  2.376E+06  2.383E+06  2.414E+06  2.431E+06  2.460E+06  2.500E+06  2.501E+06  2.551E+06  2.569E+06
  2.574E+06  2.554E+06  2.555E+06  2.531E+06  2.595E+06  2.641E+06  2.634E+06  2.672E+06  2.711E+06  2.715E+06
  2.721E+06  2.722E+06  2.714E+06  2.708E+06  2.736E+06  2.747E+06  2.808E+06  2.840E+06  2.876E+06  2.976E+06
  3.031E+06  3.027E+06  3.010E+06  3.016E+06  3.011E+06  2.979E+06  3.046E+06  3.024E+06  3.028E+06  3.031E+06
  3.028E+06  3.113E+06  3.150E+06  3.189E+06  3.219E+06  3.200E+06  3.251E+06  3.193E+06  3.132E+06  3.144E+06
  3.164E+06  3.190E+06  3.186E+06  3.186E+06  3.245E+06  3.268E+06  3.294E+06  3.338E+06  3.423E+06  3.426E+06
  3.450E+06  3.467E+06  3.481E+06  3.516E+06  3.549E+06  3.547E+06  3.591E+06  3.640E+06  3.642E+06  3.655E+06
  3.656E+06  3.630E+06  3.603E+06  3.598E+06  3.648E+06  3.619E+06  3.619E+06  3.659E+06  3.776E+06  3.802E+06
  3.840E+06  3.843E+06  3.790E+06  3.749E+06  3.762E+06  3.846E+06  3.941E+06  3.973E+06  3.950E+06  3.918E+06
  3.958E+06  3.970E+06  3.931E+06  3.954E+06  3.966E+06  3.995E+06  3.966E+06  3.933E+06  3.995E+06  4.035E+06
  4.078E+06  4.124E+06  4.118E+06  4.126E+06  4.180E+06  4.226E+06  4.319E+06  4.403E+06  4.376E+06  4.362E+06
  2.367E+06  0.000E+00  0.000E+00  0.000E+00  0.000E+00  0.000E+00  0.000E+00  0.000E+00  0.000E+00  0.000E+00
  0.000E+00  0.000E+00  0.000E+00  0.000E+00  1.987E+02  1.835E+03  0.000E+00  0.000E+00  0.000E+00  5.940E+02
  2.364E+03  1.572E+03  0.000E+00  1.038E+02  0.000E+00  8.282E+02  2.264E+02  2.092E+03  5.107E+02  0.000E+00
  1.053E+03  6.825E+01  4.711E+02  9.663E+02  0.000E+00  4.686E+02  1.145E+03  3.127E+03  3.139E+02  0.000E+00
  2.022E+06  2.042E+06  2.061E+06  2.124E+06  2.150E+06  2.171E+06  2.219E+06  2.244E+06  2.253E+06  2.251E+06
  2.254E+06  2.285E+06  2.326E+06  2.375E+06  2.334E+06  2.351E+06  2.394E+06  2.418E+06  2.459E+06  2.461E+06
  2.502E+06  2.513E+06  2.519E+06  2.525E+06  2.537E+06  2.560E+06  2.551E+06  2.543E+06  2.541E+06  2.513E+06
  2.507E+06  2.540E+06  2.590E+06  2.656E+06  2.729E+06  2.791E+06  2.789E+06  2.840E+06  2.896E+06  2.904E+06
  2.873E+06  2.848E+06  2.852E+06  2.864E+06  2.905E+06  2.962E+06  2.947E+06  2.937E+06  2.921E+06  2.955E+06
  3.005E+06  3.028E+06  3.077E+06  3.100E+06  3.087E+06  3.122E+06  3.156E+06  3.201E+06  3.216E+06  3.253E+06
  3.254E+06  3.204E+06  3.168E+06  3.161E+06  3.148E+06  3.165E+06  3.212E+06  3.259E+06  3.314E+06  3.316E+06
  3.312E+06  3.363E+06  3.399E+06  3.439E+06  3.466E+06  3.497E+06  3.580E+06  3.562E+06  3.554E+06  3.592E+06
  3.579E+06  3.537E+06  3.577E+06  3.600E+06  3.584E+06  3.585E+06  3.590E+06  3.632E+06  3.655E+06  3.659E+06
  3.638E+06  3.646E+06  3.717E+06  3.694E+06  3.732E+06  3.784E+06  3.815E+06  3.838E+06  3.841E+06  3.869E+06
  3.850E+06  3.895E+06  3.907E+06  3.943E+06  3.947E+06  3.894E+06  3.816E+06  3.882E+06  3.974E+06  4.051E+06
  2.216E+06  0.000E+00  0.000E+00  0.000E+00  0.000E+00  0.000E+00  0.000E+00  0.000E+00  0.000E+00  0.000E+00
  0.000E+00  0.000E+00  0.000E+00  0.000E+00  0.000E+00  0.000E+00  1.578E+02  0.000E+00  1.883E+03  1.613E+02
  1.955E+03  3.774E+02  0.000E+00  0.000E+00  5.008E+02  3.425E+02  3.446E+02  3.313E+02  4.342E+02  0.000E+00
  0.000E+00  6.808E+02  3.639E+03  2.845E+03  6.130E+02  2.561E+03  1.268E+03  0.000E+00  1.839E+02  9.764E+02
  1.906E+06  1.896E+06  1.937E+06  1.955E+06  1.971E+06  1.965E+06  1.997E+06  2.041E+06  2.028E+06  2.037E+06
  2.073E+06  2.070E+06  2.037E+06  2.038E+06  2.102E+06  2.138E+06  2.173E+06  2.219E+06  2.242E+06  2.245E+06
  2.288E+06  2.285E+06  2.323E+06  2.333E+06  2.345E+06  2.355E+06  2.391E+06  2.400E+06  2.368E+06  2.382E+06
  2.410E+06  2.450E+06  2.446E+06  2.428E+06  2.442E+06  2.438E+06  2.451E+06  2.469E+06  2.477E+06  2.505E+06
  2.549E+06  2.625E+06  2.633E+06  2.634E+06  2.666E+06  2.696E+06  2.749E+06  2.777E+06  2.831E+06  2.786E+06
  2.750E+06  2.739E+06  2.745E+06  2.777E+06  2.836E+06  2.816E+06  2.789E+06  2.812E+06  2.853E+06  2.930E+06
  2.957E+06  2.999E+06  3.076E+06  3.086E+06  3.086E+06  3.096E+06  3.133E+06  3.130E+06  3.164E+06  3.190E+06
  3.214E+06  3.177E+06  3.198E+06  3.181E+06  3.172E+06  3.182E+06  3.172E+06  3.206E+06  3.218E+06  3.222E+06
  3.269E+06  3.257E+06  3.254E+06  3.299E+06  3.355E+06  3.374E+06  3.383E+06  3.446E+06  3.557E+06  3.569E+06
  3.633E+06  3.620E+06  3.621E+06  3.651E+06  3.651E+06  3.567E+06  3.557E+06  3.604E+06  3.605E+06  3.556E+06
  3.575E+06  3.561E+06  3.592E+06  3.617E+06  3.655E+06  3.688E+06  3.762E+06  3.736E+06  3.694E+06  3.697E+06
  2.022E+06  0.000E+00  0.000E+00  0.000E+00  0.000E+00  0.000E+00  0.000E+00  0.000E+00  0.000E+00  0.000E+00
  0.000E+00  0.000E+00  0.000E+00  0.000E+00  0.000E+00  0.000E+00  3.153E+02  4.791E+02  3.220E+01  0.000E+00
  0.000E+00  0.000E+00  4.829E+02  1.804E+03  2.257E+02  6.893E+02  0.000E+00  1.454E+03  4.579E+02  3.672E+01
  1.112E+03  1.591E+03  3.327E+02  1.734E+03  4.363E+02  5.775E+02  1.031E+03  0.000E+00  4.766E+02  2.274E+03
  1.724E+06  1.738E+06  1.760E+06  1.758E+06  1.800E+06  1.832E+06  1.818E+06  1.815E+06  1.856E+06  1.873E+06
  1.908E+06  1.930E+06  1.960E+06  1.973E+06  1.951E+06  1.951E+06  1.975E+06  1.938E+06  1.919E+06  1.939E+06
  1.958E+06  1.943E+06  1.993E+06  2.020E+06  2.083E+06  2.192E+06  2.255E+06  2.302E+06  2.336E+06  2.337E+06
  2.304E+06  2.269E+06  2.263E+06  2.259E+06  2.223E+06  2.237E+06  2.254E+06  2.274E+06  2.348E+06  2.391E+06
  2.430E+06  2.421E+06  2.461E+06  2.468E+06  2.432E+06  2.426E+06  2.467E+06  2.472E+06  2.481E+06  2.530E+06
  2.542E+06  2.583E+06  2.619E+06  2.614E+06  2.614E+06  2.666E+06  2.754E+06  2.790E+06  2.747E+06  2.663E+06
  2.677E+06  2.679E+06  2.666E+06  2.710E+06  2.772E+06  2.809E+06  2.792E+06  2.808E+06  2.803E+06  2.866E+06
  2.924E+06  2.947E+06  2.994E+06  3.094E+06  3.053E+06  3.044E+06  3.063E+06  3.076E+06  3.106E+06  3.148E+06
  3.171E+06  3.176E+06  3.173E+06  3.151E+06  3.130E+06  3.114E+06  3.054E+06  3.044E+06  3.050E+06  3.131E+06
  3.179E+06  3.241E+06  3.277E+06  3.330E+06  3.385E+06  3.432E+06  3.486E+06  3.436E+06  3.514E+06  3.543E+06
  3.516E+06  3.475E+06  3.519E+06  3.493E+06  3.486E+06  3.496E+06  3.423E+06  3.463E+06  3.485E+06  3.471E+06
  1.878E+06  0.000E+00  0.000E+00  0.000E+00  0.000E+00  0.000E+00  0.000E+00  0.000E+00  0.000E+00  0.000E+00
  0.000E+00  0.000E+00  0.000E+00  0.000E+00  0.000E+00  0.000E+00  0.000E+00  7.325E+02  0.000E+00  0.000E+00
  0.000E+00  0.000E+00  0.000E+00  0.000E+00  3.048E+02  4.742E+02  0.000E+00  5.061E+02  2.469E+02  1.254E+03
  4.002E+02  0.000E+00  9.272E+01  0.000E+00  1.503E+03  1.986E+03  6.872E+02  1.333E+03  1.311E+01  4.964E+02
  1.619E+06  1.640E+06  1.625E+06  1.655E+06  1.652E+06  1.650E+06  1.694E+06  1.704E+06  1.681E+06  1.689E+06
  1.691E+06  1.719E+06  1.756E+06  1.763E+06  1.801E+06  1.816E+06  1.806E+06  1.798E+06  1.839E+06  1.869E+06
  1.922E+06  1.920E+06  1.836E+06  1.808E+06  1.812E+06  1.803E+06  1.805E+06  1.808E+06  1.816E+06  1.867E+06
  1.920E+06  1.961E+06  1.998E+06  2.054E+06  2.077E+06  2.170E+06  2.227E+06  2.221E+06  2.170E+06  2.194E+06
  2.186E+06  2.214E+06  2.218E+06  2.248E+06  2.293E+06  2.335E+06  2.332E+06  2.363E+06  2.393E+06  2.417E+06
  2.397E+06  2.398E+06  2.382E+06  2.384E+06  2.438E+06  2.458E+06  2.422E+06  2.441E+06  2.466E+06  2.533E+06
  2.496E+06  2.518E+06  2.526E+06  2.522E+06  2.567E+06  2.598E+06  2.668E+06  2.702E+06  2.678E+06  2.686E+06
  2.684E+06  2.642E+06  2.679E+06  2.668E+06  2.716E+06  2.745E+06  2.757E+06  2.794E+06  2.849E+06  2.900E+06
  2.904E+06  2.935E+06  2.965E+06  3.019E+06  3.014E+06  3.008E+06  2.978E+06  3.002E+06  3.009E+06  2.997E+06
  3.033E+06  3.030E+06  3.026E+06  3.011E+06  2.984E+06  3.012E+06  3.065E+06  3.139E+06  3.169E+06  3.157E+06
  3.140E+06  3.190E+06  3.173E+06  3.193E+06  3.225E+06  3.225E+06  3.261E+06  3.309E+06  3.337E+06  3.395E+06
  1.740E+06  0.000E+00  0.000E+00  0.000E+00  0.000E+00  0.000E+00  0.000E+00  0.000E+00  0.000E+00  0.000E+00
  0.000E+00  0.000E+00  0.000E+00  0.000E+00  0.000E+00  4.792E+02  5.599E+02  0.000E+00  0.000E+00  0.000E+00
  0.000E+00  0.000E+00  0.000E+00  0.000E+00  7.715E+02  0.000E+00  0.000E+00  0.000E+00  0.000E+00  1.155E+03
  7.167E+02  0.000E+00  1.242E+03  0.000E+00  5.298E+02  7.830E+02  8.939E+02  9.140E+02  1.959E+02  0.000E+00
  1.439E+06  1.438E+06  1.443E+06  1.452E+06  1.481E+06  1.530E+06  1.570E+06  1.596E+06  1.624E+06  1.614E+06
  1.622E+06  1.596E+06  1.593E+06  1.597E+06  1.582E+06  1.579E+06  1.590E+06  1.583E+06  1.624E+06  1.663E+06
  1.676E+06  1.719E+06  1.773E+06  1.822E+06  1.809E+06  1.776E+06  1.757E+06  1.750E+06  1.780E+06  1.792E+06
  1.778E+06  1.763E+06  1.782E+06  1.826E+06  1.850E+06  1.823E+06  1.832E+06  1.874E+06  1.955E+06  1.973E+06
  1.991E+06  2.057E+06  2.073E+06  2.046E+06  2.073E+06  2.105E+06  2.139E+06  2.158E+06  2.168E+06  2.157E+06
  2.207E+06  2.251E+06  2.289E+06  2.301E+06  2.295E+06  2.257E+06  2.227E+06  2.203E+06  2.214E+06  2.222E+06
  2.259E+06  2.266E+06  2.275E+06  2.258E+06  2.257E+06  2.293E+06  2.304E+06  2.315E+06  2.394E+06  2.406E+06
  2.423E+06  2.504E+06  2.527E+06  2.557E+06  2.567E+06  2.569E+06  2.561E+06  2.560E+06  2.613E+06  2.600E+06
  2.643E+06  2.685E+06  2.730E+06  2.709E+06  2.763E+06  2.756E+06  2.815E+06  2.800E+06  2.793E+06  2.808E+06
  2.824E+06  2.870E+06  2.918E+06  2.970E+06  2.998E+06  3.036E+06  3.039E+06  3.026E+06  2.968E+06  2.983E+06
  3.032E+06  3.045E+06  3.005E+06  2.969E+06  2.990E+06  2.992E+06  2.994E+06  2.989E+06  3.026E+06  3.022E+06
  1.611E+06  0.000E+00  0.000E+00  0.000E+00  0.000E+00  0.000E+00  0.000E+00  0.000E+00  0.000E+00  0.000E+00
  0.000E+00  0.000E+00  0.000E+00  0.000E+00  4.427E+02  1.803E+03  0.000E+00  0.000E+00  0.000E+00  0.000E+00
  0.000E+00  0.000E+00  0.000E+00  1.029E+03  3.157E+02  0.000E+00  8.025E+02  0.000E+00  5.231E+02  1.111E+03
  0.000E+00  0.000E+00  0.000E+00  6.432E+02  8.281E+02  8.545E+02  4.331E+02  1.078E+03  4.882E+00  1.555E+03
  1.215E+06  1.219E+06  1.264E+06  1.299E+06  1.319E+06  1.277E+06  1.307E+06  1.380E+06  1.390E+06  1.404E+06
  1.428E+06  1.441E+06  1.489E+06  1.505E+06  1.525E+06  1.551E+06  1.557E+06  1.573E+06  1.572E+06  1.551E+06
  1.543E+06  1.541E+06  1.531E+06  1.579E+06  1.619E+06  1.625E+06  1.652E+06  1.660E+06  1.712E+06  1.734E+06
  1.770E+06  1.787E+06  1.777E+06  1.766E+06  1.799E+06  1.832E+06  1.816E+06  1.785E+06  1.754E+06  1.766E+06
  1.780E+06  1.742E+06  1.737E+06  1.786E+06  1.837E+06  1.894E+06  1.936E+06  1.959E+06  1.937E+06  1.911E+06
  1.940E+06  1.971E+06  1.964E+06  1.998E+06  2.001E+06  2.029E+06  2.068E+06  2.115E+06  2.122E+06  2.127E+06
  2.164E+06  2.178E+06  2.189E+06  2.192E+06  2.131E+06  2.163E+06  2.199E+06  2.201E+06  2.160E+06  2.199E+06
  2.227E+06  2.232E+06  2.229E+06  2.239E+06  2.263E+06  2.282E+06  2.334E+06  2.362E+06  2.363E+06  2.408E+06
  2.416E+06  2.426E+06  2.463E+06  2.497E+06  2.511E+06  2.531E+06  2.501E+06  2.530E+06  2.550E+06  2.592E+06
  2.571E+06  2.544E+06  2.582E+06  2.620E+06  2.665E+06  2.675E+06  2.657E+06  2.720E+06  2.796E+06  2.824E+06
  2.841E+06  2.882E+06  2.903E+06  2.868E+06  2.858E+06  2.853E+06  2.855E+06  2.850E+06  2.851E+06  2.868E+06
  1.521E+06  0.000E+00  0.000E+00  0.000E+00  0.000E+00  0.000E+00  0.000E+00  0.000E+00  0.000E+00  0.000E+00
  0.000E+00  0.000E+00  0.000E+00  0.000E+00  0.000E+00  9.447E+02  2.233E+02  5.656E+02  0.000E+00  0.000E+00
  9.262E+02  0.000E+00  0.000E+00  1.183E+03  4.665E+02  1.079E+03  1.474E+03  4.263E+02  0.000E+00  0.000E+00
  0.000E+00  1.104E+03  1.617E+03  9.737E+02  4.936E+02  1.150E+03  0.000E+00  0.000E+00  0.000E+00  2.388E+03
  1.076E+06  1.092E+06  1.068E+06  1.072E+06  1.081E+06  1.140E+06  1.194E+06  1.203E+06  1.230E+06  1.273E+06
  1.308E+06  1.307E+06  1.307E+06  1.305E+06  1.326E+06  1.314E+06  1.338E+06  1.348E+06  1.348E+06  1.359E+06
  1.407E+06  1.447E+06  1.467E+06  1.477E+06  1.494E+06  1.520E+06  1.525E+06  1.525E+06  1.513E+06  1.501E+06
  1.509E+06  1.555E+06  1.617E+06  1.636E+06  1.622E+06  1.645E+06  1.674E+06  1.672E+06  1.675E+06  1.715E+06
  1.731E+06  1.792E+06  1.835E+06  1.844E+06  1.801E+06  1.737E+06  1.722E+06  1.725E+06  1.722E+06  1.721E+06
  1.738E+06  1.746E+06  1.789E+06  1.806E+06  1.835E+06  1.917E+06  1.947E+06  1.922E+06  1.958E+06  1.970E+06
  1.974E+06  1.972E+06  2.004E+06  2.018E+06  2.013E+06  1.992E+06  2.006E+06  2.042E+06  2.087E+06  2.111E+06
  2.119E+06  2.113E+06  2.105E+06  2.118E+06  2.120E+06  2.112E+06  2.101E+06  2.139E+06  2.128E+06  2.172E+06
  2.174E+06  2.162E+06  2.137E+06  2.161E+06  2.198E+06  2.259E+06  2.313E+06  2.354E+06  2.358E+06  2.381E+06
  2.405E+06  2.413E+06  2.415E+06  2.471E+06  2.475E+06  2.487E+06  2.506E+06  2.507E+06  2.531E+06  2.508E+06
  2.501E+06  2.522E+06  2.530E+06  2.566E+06  2.562E+06  2.578E+06  2.593E+06  2.639E+06  2.678E+06  2.697E+06
  1.397E+06  0.000E+00  0.000E+00  0.000E+00  0.000E+00  0.000E+00  0.000E+00  0.000E+00  0.000E+00  0.000E+00
  0.000E+00  0.000E+00  0.000E+00  0.000E+00  0.000E+00  0.000E+00  0.000E+00  0.000E+00  0.000E+00  0.000E+00
  1.563E+03  0.000E+00  0.000E+00  8.475E+01  5.562E+02  8.584E+02  5.531E+02  0.000E+00  5.027E+02  0.000E+00
  0.000E+00  0.000E+00  0.000E+00  4.997E+02  1.397E+03  3.953E+03  9.424E+02  0.000E+00  1.340E+02  0.000E+00
  9.579E+05  9.692E+05  9.944E+05  9.887E+05  1.021E+06  1.031E+06  1.023E+06  1.035E+06  1.039E+06  1.034E+06
  1.039E+06  1.065E+06  1.090E+06  1.147E+06  1.201E+06  1.250E+06  1.261E+06  1.234E+06  1.258E+06  1.270E+06
  1.277E+06  1.256E+06  1.236E+06  1.227E+06  1.247E+06  1.256E+06  1.254E+06  1.310E+06  1.351E+06  1.407E+06
  1.415E+06  1.434E+06  1.459E+06  1.457E+06  1.456E+06  1.486E+06  1.481E+06  1.510E+06  1.511E+06  1.539E+06
  1.542E+06  1.536E+06  1.526E+06  1.583E+06  1.621E+06  1.646E+06  1.620E+06  1.646E+06  1.719E+06  1.765E+06
  1.728E+06  1.735E+06  1.809E+06  1.794E+06  1.783E+06  1.743E+06  1.753E+06  1.800E+06  1.817E+06  1.836E+06
  1.843E+06  1.845E+06  1.845E+06  1.868E+06  1.907E+06  1.914E+06  1.924E+06  1.917E+06  1.953E+06  1.954E+06
  1.980E+06  2.004E+06  2.010E+06  2.004E+06  2.003E+06  2.021E+06  2.039E+06  2.071E+06  2.099E+06  2.073E+06
  2.044E+06  2.027E+06  2.035E+06  2.084E+06  2.109E+06  2.062E+06  2.053E+06  2.083E+06  2.113E+06  2.100E+06
  2.098E+06  2.131E+06  2.177E+06  2.224E+06  2.294E+06  2.339E+06  2.415E+06  2.421E+06  2.399E+06  2.404E+06
  2.400E+06  2.388E+06  2.356E+06  2.334E+06  2.364E+06  2.398E+06  2.397E+06  2.401E+06  2.384E+06  2.355E+06
  1.256E+06  0.000E+00  0.000E+00  0.000E+00  0.000E+00  0.000E+00  0.000E+00  0.000E+00  0.000E+00  0.000E+00
  0.000E+00  0.000E+00  0.000E+00  0.000E+00  0.000E+00  0.000E+00  3.043E+02  0.000E+00  0.000E+00  0.000E+00
  1.563E+03  8.580E+02  0.000E+00  6.590E+02  0.000E+00  0.000E+00  0.000E+00  0.000E+00  6.250E+02  0.000E+00
  8.150E+02  4.345E+02  0.000E+00  4.457E+02  3.972E+02  1.901E+03  3.214E+03  4.209E+02  3.214E+03  1.654E+03
  7.394E+05  7.663E+05  8.096E+05  8.464E+05  8.845E+05  9.165E+05  9.490E+05  9.514E+05  9.618E+05  9.693E+05
  9.574E+05  9.741E+05  9.888E+05  9.719E+05  9.889E+05  1.001E+06  9.889E+05  9.914E+05  9.900E+05  1.057E+06
  1.086E+06  1.124E+06  1.181E+06  1.221E+06  1.228E+06  1.232E+06  1.254E+06  1.253E+06  1.221E+06  1.191E+06
  1.207E+06  1.224E+06  1.203E+06  1.197E+06  1.236E+06  1.276E+06  1.311E+06  1.380E+06  1.410E+06  1.403E+06
  1.437E+06  1.445E+06  1.460E+06  1.438E+06  1.469E+06  1.492E+06  1.500E+06  1.481E+06  1.437E+06  1.400E+06
  1.438E+06  1.485E+06  1.491E+06  1.517E+06  1.547E+06  1.544E+06  1.591E+06  1.625E+06  1.629E+06  1.669E+06
  1.721E+06  1.736E+06  1.744E+06  1.739E+06  1.765E+06  1.775E+06  1.796E+06  1.806E+06  1.778E+06  1.754E+06
  1.740E+06  1.771E+06  1.805E+06  1.819E+06  1.810E+06  1.862E+06  1.892E+06  1.910E+06  1.897E+06  1.886E+06
  1.927E+06  1.982E+06  1.966E+06  1.938E+06  1.948E+06  1.958E+06  1.958E+06  1.978E+06  1.947E+06  1.944E+06
  1.998E+06  2.057E+06  2.058E+06  2.047E+06  2.020E+06  2.038E+06  2.080E+06  2.083E+06  2.113E+06  2.141E+06
  2.152E+06  2.166E+06  2.207E+06  2.223E+06  2.237E+06  2.222E+06  2.222E+06  2.260E+06  2.284E+06  2.295E+06
  1.187E+06  0.000E+00  0.000E+00  0.000E+00  0.000E+00  0.000E+00  0.000E+00  0.000E+00  0.000E+00  0.000E+00
  0.000E+00  0.000E+00  0.000E+00  0.000E+00  0.000E+00  0.000E+00  2.381E+02  0.000E+00  0.000E+00  0.000E+00
  1.563E+03  0.000E+00  6.575E+02  1.433E+03  0.000E+00  0.000E+00  0.000E+00  1.573E+03  2.745E+03  1.786E+02
  7.847E+02  6.112E+02  0.000E+00  5.755E+02  6.344E+02  1.295E+03  8.299E+02  1.710E+03  4.690E+02  0.000E+00
  6.824E+05  6.713E+05  6.765E+05  6.881E+05  6.805E+05  6.843E+05  6.974E+05  7.187E+05  7.308E+05  7.520E+05
  7.856E+05  8.073E+05  8.399E+05  8.629E+05  8.963E+05  8.925E+05  9.039E+05  9.051E+05  9.037E+05  9.286E+05
  9.392E+05  9.802E+05  9.736E+05  9.968E+05  1.018E+06  1.057E+06  1.048E+06  1.088E+06  1.093E+06  1.093E+06
  1.108E+06  1.123E+06  1.128E+06  1.157E+06  1.152E+06  1.152E+06  1.159E+06  1.165E+06  1.191E+06  1.220E+06
  1.229E+06  1.267E+06  1.288E+06  1.339E+06  1.343E+06  1.367E+06  1.400E+06  1.400E+06  1.425E+06  1.424E+06
  1.416E+06  1.412E+06  1.392E+06  1.414E+06  1.429E+06  1.427E+06  1.413E+06  1.426E+06  1.437E+06  1.448E+06
  1.476E+06  1.490E+06  1.532E+06  1.538E+06  1.541E+06  1.548E+06  1.597E+06  1.621E+06  1.652E+06  1.667E+06
  1.668E+06  1.680E+06  1.687E+06  1.680E+06  1.704E+06  1.677E+06  1.695E+06  1.695E+06  1.743E+06  1.762E+06
  1.781E+06  1.786E+06  1.799E+06  1.788E+06  1.791E+06  1.836E+06  1.831E+06  1.847E+06  1.869E+06  1.874E+06
  1.848E+06  1.838E+06  1.895E+06  1.906E+06  1.906E+06  1.936E+06  1.903E+06  1.928E+06  1.957E+06  2.007E+06
  2.053E+06  2.061E+06  2.060E+06  2.057E+06  2.042E+06  2.047E+06  2.043E+06  1.981E+06  1.981E+06  2.016E+06
  1.027E+06  0.000E+00  0.000E+00  0.000E+00  0.000E+00  0.000E+00  0.000E+00  0.000E+00  0.000E+00  0.000E+00
  0.000E+00  0.000E+00  0.000E+00  0.000E+00  0.000E+00  0.000E+00  0.000E+00  0.000E+00  0.000E+00  1.100E+03
  3.393E+03  0.000E+00  1.439E+03  0.000E+00  0.000E+00  0.000E+00  0.000E+00  1.873E+03  1.694E+03  0.000E+00
  8.757E+02  8.515E+02  0.000E+00  2.559E+02  1.068E+03  0.000E+00  1.728E+03  2.574E+02  0.000E+00  0.000E+00
  5.443E+05  5.700E+05  5.674E+05  5.828E+05  5.909E+05  6.083E+05  6.276E+05  6.480E+05  6.577E+05  6.600E+05
  6.696E+05  7.077E+05  7.175E+05  7.220E+05  7.046E+05  7.053E+05  7.362E+05  8.014E+05  8.463E+05  8.314E+05
  8.155E+05  8.044E+05  8.264E+05  8.450E+05  8.808E+05  8.752E+05  9.131E+05  9.355E+05  9.801E+05  1.008E+06
  1.011E+06  1.017E+06  1.019E+06  1.003E+06  1.008E+06  1.025E+06  1.043E+06  1.034E+06  1.035E+06  1.039E+06
  1.076E+06  1.084E+06  1.130E+06  1.148E+06  1.169E+06  1.189E+06  1.239E+06  1.284E+06  1.291E+06  1.301E+06
  1.300E+06  1.347E+06  1.370E+06  1.343E+06  1.313E+06  1.309E+06  1.348E+06  1.366E+06  1.390E+06  1.375E+06
  1.404E+06  1.427E+06  1.436E+06  1.473E+06  1.448E+06  1.473E+06  1.507E+06  1.502E+06  1.478E+06  1.490E+06
  1.530E+06  1.500E+06  1.468E+06  1.517E+06  1.530E+06  1.543E+06  1.543E+06  1.523E+06  1.528E+06  1.529E+06
  1.547E+06  1.592E+06  1.643E+06  1.661E+06  1.652E+06  1.641E+06  1.664E+06  1.690E+06  1.736E+06  1.750E+06
  1.721E+06  1.735E+06  1.754E+06  1.756E+06  1.755E+06  1.742E+06  1.757E+06  1.756E+06  1.769E+06  1.790E+06
  1.770E+06  1.807E+06  1.841E+06  1.879E+06  1.913E+06  1.946E+06  1.970E+06  2.013E+06  2.011E+06  1.986E+06
  1.001E+06  0.000E+00  0.000E+00  0.000E+00  0.000E+00  0.000E+00  0.000E+00  0.000E+00  0.000E+00  0.000E+00
  0.000E+00  0.000E+00  0.000E+00  0.000E+00  1.493E+01  5.073E+02  0.000E+00  0.000E+00  9.172E+02  5.156E+02
  1.409E+03  0.000E+00  0.000E+00  0.000E+00  0.000E+00  0.000E+00  0.000E+00  1.674E+03  4.487E+02  0.000E+00
  0.000E+00  8.674E+02  0.000E+00  7.957E+02  4.262E+02  6.230E+02  6.326E+02  0.000E+00  0.000E+00  2.765E+02
  3.776E+05  3.888E+05  4.260E+05  4.288E+05  4.480E+05  4.781E+05  4.877E+05  4.910E+05  5.107E+05  5.358E+05
  5.393E+05  5.534E+05  5.559E+05  5.736E+05  6.030E+05  6.233E+05  6.249E+05  6.481E+05  6.654E+05  6.862E+05
  6.963E+05  6.995E+05  7.231E+05  7.637E+05  7.868E+05  8.146E+05  8.130E+05  7.942E+05  7.976E+05  8.295E+05
  8.459E+05  8.368E+05  8.506E+05  8.589E+05  8.786E+05  9.053E+05  8.988E+05  9.116E+05  9.545E+05  9.866E+05
  9.868E+05  9.865E+05  9.981E+05  9.976E+05  9.800E+05  9.620E+05  9.959E+05  9.998E+05  1.008E+06  1.024E+06
  1.059E+06  1.077E+06  1.109E+06  1.175E+06  1.222E+06  1.223E+06  1.214E+06  1.245E+06  1.234E+06  1.240E+06
  1.240E+06  1.243E+06  1.264E+06  1.287E+06  1.324E+06  1.327E+06  1.341E+06  1.355E+06  1.383E+06  1.416E+06
  1.404E+06  1.396E+06  1.380E+06  1.397E+06  1.397E+06  1.391E+06  1.411E+06  1.448E+06  1.454E+06  1.489E+06
  1.501E+06  1.487E+06  1.461E+06  1.461E+06  1.480E+06  1.483E+06  1.460E+06  1.487E+06  1.527E+06  1.532E+06
  1.578E+06  1.616E+06  1.603E+06  1.648E+06  1.680E+06  1.749E+06  1.738E+06  1.711E+06  1.695E+06  1.696E+06
  1.717E+06  1.715E+06  1.703E+06  1.723E+06  1.701E+06  1.686E+06  1.697E+06  1.703E+06  1.720E+06  1.728E+06
  8.905E+05  0.000E+00  0.000E+00  0.000E+00  0.000E+00  0.000E+00  0.000E+00  0.000E+00  0.000E+00  0.000E+00
  0.000E+00  0.000E+00  0.000E+00  0.000E+00  0.000E+00  0.000E+00  0.000E+00  0.000E+00  0.000E+00  1.563E+03
  2.766E+02  2.169E+02  0.000E+00  0.000E+00  0.000E+00  0.000E+00  1.028E+02  8.035E+02  6.837E+02  0.000E+00
  1.031E+03  0.000E+00  8.622E+02  0.000E+00  4.871E+02  2.371E+03  0.000E+00  0.000E+00  5.131E+02  1.751E+03
  3.448E+05  3.485E+05  3.473E+05  3.541E+05  3.634E+05  3.581E+05  3.607E+05  3.659E+05  3.927E+05  4.079E+05
  4.210E+05  4.501E+05  4.745E+05  4.938E+05  4.905E+05  5.095E+05  5.136E+05  5.259E+05  5.525E+05  5.780E+05
  6.051E+05  6.174E+05  6.454E+05  6.327E+05  6.432E+05  6.514E+05  6.575E+05  6.754E+05  6.962E+05  7.078E+05
  7.370E+05  7.515E+05  7.595E+05  7.842E+05  8.034E+05  7.956E+05  8.143E+05  8.442E+05  8.350E+05  8.035E+05
  7.995E+05  8.252E+05  8.557E+05  8.557E+05  8.709E+05  9.141E+05  9.360E+05  9.487E+05  9.613E+05  9.664E+05
  9.711E+05  9.887E+05  9.884E+05  9.874E+05  9.830E+05  9.819E+05  9.979E+05  1.029E+06  1.047E+06  1.076E+06
  1.094E+06  1.133E+06  1.171E+06  1.172E+06  1.195E+06  1.216E+06  1.233E+06  1.253E+06  1.272E+06  1.284E+06
  1.297E+06  1.296E+06  1.311E+06  1.299E+06  1.299E+06  1.307E+06  1.312E+06  1.280E+06  1.294E+06  1.317E+06
  1.340E+06  1.367E+06  1.367E+06  1.404E+06  1.438E+06  1.442E+06  1.455E+06  1.409E+06  1.428E+06  1.447E+06
  1.433E+06  1.430E+06  1.398E+06  1.349E+06  1.353E+06  1.396E+06  1.448E+06  1.470E+06  1.532E+06  1.603E+06
  1.622E+06  1.656E+06  1.700E+06  1.724E+06  1.748E+06  1.714E+06  1.654E+06  1.627E+06  1.634E+06  1.626E+06
  8.060E+05  0.000E+00  0.000E+00  0.000E+00  0.000E+00  0.000E+00  0.000E+00  0.000E+00  0.000E+00  0.000E+00
  0.000E+00  0.000E+00  0.000E+00  0.000E+00  2.053E+02  0.000E+00  3.003E+02  9.015E+02  6.175E+02  1.563E+03
  1.144E+03  4.293E+02  0.000E+00  0.000E+00  0.000E+00  4.779E+02  0.000E+00  0.000E+00  6.314E+02  2.734E+02
  5.227E+02  8.247E+02  3.134E+02  0.000E+00  0.000E+00  3.199E+03  3.486E+02  1.612E+03  1.630E+02  1.382E+03
  2.504E+05  2.628E+05  2.632E+05  2.836E+05  2.864E+05  3.078E+05  3.224E+05  3.485E+05  3.595E+05  3.647E+05
  3.725E+05  3.747E+05  3.735E+05  3.850E+05  4.069E+05  4.326E+05  4.454E+05  4.647E+05  4.861E+05  4.962E+05
  5.352E+05  5.360E+05  5.191E+05  5.319E+05  5.536E+05  5.718E+05  6.010E+05  6.111E+05  6.338E+05  6.503E+05
  6.170E+05  6.181E+05  6.493E+05  6.479E+05  6.472E+05  6.615E+05  6.871E+05  7.024E+05  7.360E+05  7.563E+05
  7.704E+05  7.882E+05  7.882E+05  8.079E+05  8.325E+05  8.068E+05  7.820E+05  7.963E+05  8.170E+05  8.352E+05
  8.518E+05  8.546E+05  8.664E+05  8.981E+05  9.524E+05  9.942E+05  1.008E+06  1.006E+06  1.002E+06  1.022E+06
  1.017E+06  9.870E+05  9.722E+05  9.678E+05  9.938E+05  1.029E+06  1.061E+06  1.101E+06  1.102E+06  1.130E+06
  1.167E+06  1.166E+06  1.163E+06  1.168E+06  1.165E+06  1.199E+06  1.210E+06  1.208E+06  1.241E+06  1.282E+06
  1.307E+06  1.302E+06  1.284E+06  1.277E+06  1.266E+06  1.264E+06  1.309E+06  1.318E+06  1.309E+06  1.356E+06
  1.358E+06  1.351E+06  1.376E+06  1.396E+06  1.401E+06  1.372E+06  1.390E+06  1.410E+06  1.399E+06  1.438E+06
  1.437E+06  1.447E+06  1.450E+06  1.462E+06  1.478E+06  1.510E+06  1.560E+06  1.563E+06  1.569E+06  1.580E+06
  7.869E+05  0.000E+00  0.000E+00  0.000E+00  0.000E+00  0.000E+00  0.000E+00  0.000E+00  0.000E+00  0.000E+00
  0.000E+00  0.000E+00  0.000E+00  0.000E+00  0.000E+00  0.000E+00  1.703E+03  0.000E+00  7.596E+01  1.563E+03
  0.000E+00  0.000E+00  0.000E+00  0.000E+00  0.000E+00  1.195E+03  0.000E+00  0.000E+00  1.396E+03  8.887E+02
  0.000E+00  2.063E+03  6.835E+02  1.157E+03  0.000E+00  5.623E+02  2.102E+02  0.000E+00  5.437E+02  4.961E+02
  1.809E+05  1.860E+05  2.053E+05  2.093E+05  2.300E+05  2.366E+05  2.367E+05  2.498E+05  2.503E+05  2.719E+05
  2.667E+05  2.840E+05  3.153E+05  3.309E+05  3.554E+05  3.467E+05  3.634E+05  3.665E+05  3.488E+05  3.710E+05
  3.889E+05  4.154E+05  4.335E+05  4.365E+05  4.325E+05  4.498E+05  4.594E+05  4.844E+05  4.955E+05  5.054E+05
  5.394E+05  5.608E+05  5.795E+05  5.955E+05  5.788E+05  5.784E+05  5.917E+05  5.863E+05  5.833E+05  6.017E+05
  6.137E+05  6.184E+05  6.387E+05  6.774E+05  7.050E+05  7.639E+05  7.779E+05  7.891E+05  7.950E+05  7.959E+05
  8.204E+05  8.385E+05  8.070E+05  8.012E+05  8.051E+05  8.291E+05  8.353E+05  8.637E+05  8.586E+05  8.564E+05
  8.724E+05  9.035E+05  9.315E+05  9.486E+05  9.579E+05  9.728E+05  9.862E+05  9.466E+05  9.477E+05  9.146E+05
  9.192E+05  9.723E+05  1.000E+06  1.004E+06  1.025E+06  1.041E+06  1.065E+06  1.074E+06  1.098E+06  1.091E+06
  1.072E+06  1.063E+06  1.098E+06  1.150E+06  1.176E+06  1.211E+06  1.259E+06  1.287E+06  1.289E+06  1.247E+06
  1.244E+06  1.259E+06  1.252E+06  1.259E+06  1.258E+06  1.273E+06  1.285E+06  1.290E+06  1.297E+06  1.308E+06
  1.328E+06  1.346E+06  1.359E+06  1.382E+06  1.449E+06  1.458E+06  1.451E+06  1.469E+06  1.458E+06  1.466E+06
  7.225E+05  0.000E+00  0.000E+00  0.000E+00  0.000E+00  0.000E+00  0.000E+00  0.000E+00  0.000E+00  0.000E+00
  0.000E+00  0.000E+00  0.000E+00  0.000E+00  0.000E+00  0.000E+00  0.000E+00  0.000E+00  0.000E+00  1.679E+03
  1.265E+03  0.000E+00  0.000E+00  6.826E+02  0.000E+00  5.391E+02  0.000E+00  1.198E+03  1.306E+03  4.101E+02
  6.101E+02  6.376E+02  0.000E+00  1.018E+01  0.000E+00  4.427E+02  1.296E+03  1.179E+03  0.000E+00  9.226E+02
  1.420E+05  1.507E+05  1.447E+05  1.513E+05  1.517E+05  1.576E+05  1.829E+05  1.891E+05  2.043E+05  2.142E+05
  2.185E+05  2.221E+05  2.143E+05  2.146E+05  2.291E+05  2.372E+05  2.462E+05  2.721E+05  2.859E+05  3.008E+05
  2.993E+05  3.005E+05  3.230E+05  3.355E+05  3.280E+05  3.155E+05  3.346E+05  3.569E+05  3.706E+05  3.999E+05
  4.012E+05  4.144E+05  4.303E+05  4.637E+05  4.812E+05  4.971E+05  4.850E+05  4.988E+05  5.176E+05  5.191E+05
  5.081E+05  5.116E+05  5.150E+05  5.206E+05  5.176E+05  5.070E+05  5.284E+05  5.504E+05  5.846E+05  6.020E+05
  6.229E+05  6.440E+05  6.852E+05  7.204E+05  7.382E+05  7.347E+05  7.456E+05  7.561E+05  7.746E+05  7.633E+05
  7.915E+05  8.292E+05  8.196E+05  8.355E+05  8.272E+05  7.934E+05  7.906E+05  8.125E+05  8.581E+05  9.023E+05
  9.082E+05  9.059E+05  9.336E+05  9.581E+05  9.391E+05  9.425E+05  9.295E+05  9.499E+05  9.346E+05  9.452E+05
  9.658E+05  9.895E+05  1.029E+06  9.991E+05  9.761E+05  1.006E+06  1.000E+06  1.042E+06  1.078E+06  1.108E+06
  1.138E+06  1.183E+06  1.191E+06  1.208E+06  1.235E+06  1.236E+06  1.209E+06  1.191E+06  1.146E+06  1.156E+06
  1.213E+06  1.239E+06  1.210E+06  1.218E+06  1.217E+06  1.218E+06  1.233E+06  1.256E+06  1.300E+06  1.334E+06
  6.573E+05  0.000E+00  0.000E+00  0.000E+00  0.000E+00  0.000E+00  0.000E+00  0.000E+00  0.000E+00  0.000E+00
  0.000E+00  0.000E+00  0.000E+00  0.000E+00  0.000E+00  0.000E+00  5.931E+02  1.050E+03  0.000E+00  2.396E+03
  0.000E+00  0.000E+00  0.000E+00  4.184E+02  7.676E+01  9.486E+02  3.489E+02  1.380E+03  1.283E+03  2.381E+02
  0.000E+00  0.000E+00  0.000E+00  2.000E+03  0.000E+00  0.000E+00  0.000E+00  0.000E+00  0.000E+00  0.000E+00
  9.250E+04  1.049E+05  1.289E+05  1.313E+05  1.421E+05  1.471E+05  1.471E+05  1.371E+05  1.408E+05  1.411E+05
  1.527E+05  1.640E+05  1.928E+05  2.052E+05  2.079E+05  2.129E+05  1.943E+05  2.003E+05  1.974E+05  1.980E+05
  2.157E+05  2.223E+05  2.302E+05  2.518E+05  2.656E+05  2.782E+05  2.968E+05  2.950E+05  3.016E+05  3.198E+05
  3.378E+05  3.311E+05  3.596E+05  3.502E+05  3.501E+05  3.596E+05  3.980E+05  4.064E+05  4.333E+05  4.553E+05
  4.697E+05  4.873E+05  4.842E+05  4.795E+05  4.798E+05  4.956E+05  5.030E+05  5.089E+05  4.929E+05  5.114E+05
  5.117E+05  5.155E+05  5.247E+05  5.131E+05  5.361E+05  5.460E+05  5.822E+05  6.096E+05  6.298E+05  6.568E+05
  6.618E+05  6.782E+05  6.876E+05  7.170E+05  7.289E+05  7.534E+05  7.631E+05  7.949E+05  7.970E+05  7.807E+05
  7.695E+05  7.389E+05  7.558E+05  7.715E+05  8.086E+05  8.321E+05  8.779E+05  8.799E+05  9.172E+05  9.392E+05
  9.439E+05  9.463E+05  9.491E+05  9.433E+05  9.647E+05  9.758E+05  9.546E+05  9.147E+05  8.990E+05  9.136E+05
  9.339E+05  9.300E+05  9.418E+05  9.593E+05  9.729E+05  1.017E+06  1.049E+06  1.076E+06  1.108E+06  1.125E+06
  1.126E+06  1.123E+06  1.142E+06  1.158E+06  1.141E+06  1.154E+06  1.147E+06  1.135E+06  1.170E+06  1.174E+06
  5.411E+05  0.000E+00  0.000E+00  0.000E+00  0.000E+00  0.000E+00  0.000E+00  0.000E+00  0.000E+00  0.000E+00
  0.000E+00  0.000E+00  0.000E+00  0.000E+00  0.000E+00  1.097E+02  3.138E+01  0.000E+00  0.000E+00  2.266E+02
  0.000E+00  0.000E+00  1.344E+03  4.072E+02  8.204E+02  0.000E+00  1.217E+03  4.357E+02  5.915E+02  0.000E+00
  9.639E+02  0.000E+00  8.258E+02  0.000E+00  0.000E+00  0.000E+00  8.121E+02  0.000E+00  0.000E+00  0.000E+00
  8.632E+04  9.572E+04  8.627E+04  8.892E+04  8.513E+04  9.963E+04  9.549E+04  1.063E+05  1.286E+05  1.479E+05
  1.456E+05  1.478E+05  1.550E+05  1.626E+05  1.661E+05  1.572E+05  1.670E+05  1.731E+05  1.809E+05  1.873E+05
  1.841E+05  1.864E+05  1.814E+05  1.750E+05  1.816E+05  1.754E+05  1.761E+05  2.031E+05  2.229E+05  2.402E+05
  2.575E+05  2.819E+05  2.877E+05  2.910E+05  3.054E+05  3.156E+05  3.235E+05  3.355E+05  3.419E+05  3.687E+05
  3.791E+05  3.784E+05  3.893E+05  3.951E+05  4.181E+05  4.273E+05  4.518E+05  4.577E+05  4.754E+05  4.723E+05
  4.779E+05  4.618E+05  4.714E+05  4.916E+05  5.024E+05  5.101E+05  5.087E+05  5.196E+05  5.230E+05  5.484E+05
  5.365E+05  5.329E+05  5.213E+05  5.180E+05  5.458E+05  5.816E+05  5.983E+05  6.021E+05  6.210E+05  6.399E+05
  6.725E+05  7.068E+05  7.237E+05  7.215E+05  7.371E+05  7.248E+05  7.131E+05  7.542E+05  7.501E+05  7.475E+05
  7.962E+05  8.009E+05  7.980E+05  8.324E+05  8.445E+05  8.400E+05  8.585E+05  8.877E+05  8.929E+05  8.787E+05
  9.001E+05  8.990E+05  8.888E+05  8.939E+05  8.848E+05  8.623E+05  8.736E+05  8.947E+05  9.296E+05  9.660E+05
  9.441E+05  9.699E+05  9.902E+05  9.858E+05  1.005E+06  1.040E+06  1.056E+06  1.097E+06  1.092E+06  1.116E+06
  5.393E+05  0.000E+00  0.000E+00  0.000E+00  0.000E+00  0.000E+00  0.000E+00  0.000E+00  0.000E+00  0.000E+00
  0.000E+00  0.000E+00  0.000E+00  0.000E+00  0.000E+00  0.000E+00  0.000E+00  0.000E+00  6.773E+02  0.000E+00
  0.000E+00  0.000E+00  0.000E+00  0.000E+00  0.000E+00  0.000E+00  0.000E+00  0.000E+00  3.866E+02  2.987E+02
  0.000E+00  0.000E+00  0.000E+00  0.000E+00  5.242E+02  0.000E+00  0.000E+00  0.000E+00  0.000E+00  2.643E+02
  4.603E+04  4.319E+04  5.327E+04  6.058E+04  7.304E+04  7.837E+04  8.153E+04  8.640E+04  8.663E+04  8.313E+04
  8.562E+04  9.341E+04  8.968E+04  9.173E+04  1.180E+05  1.306E+05  1.381E+05  1.400E+05  1.420E+05  1.486E+05
  1.603E+05  1.684E+05  1.677E+05  1.627E+05  1.642E+05  1.796E+05  1.901E+05  1.871E+05  1.766E+05  1.853E+05
  1.953E+05  1.872E+05  1.924E+05  2.176E+05  2.274E+05  2.247E+05  2.375E+05  2.413E+05  2.600E+05  2.487E+05
  2.542E+05  2.608E+05  2.772E+05  3.003E+05  3.115E+05  3.239E+05  3.259E+05  3.348E+05  3.502E+05  3.592E+05
  3.716E+05  4.169E+05  4.340E+05  4.465E+05  4.509E+05  4.428E+05  4.524E+05  4.524E+05  4.537E+05  4.562E+05
  4.662E+05  4.636E+05  4.798E+05  4.825E+05  4.788E+05  4.730E+05  4.798E+05  4.948E+05  5.143E+05  5.203E+05
  5.306E+05  5.249E+05  5.380E+05  5.546E+05  5.764E+05  5.982E+05  6.430E+05  6.656E+05  7.002E+05  7.133E+05
  6.894E+05  7.074E+05  7.069E+05  7.064E+05  7.302E+05  7.343E+05  7.549E+05  7.639E+05  7.787E+05  7.995E+05
  7.842E+05  7.982E+05  8.182E+05  8.380E+05  8.540E+05  8.842E+05  8.763E+05  8.608E+05  8.357E+05  8.516E+05
  8.777E+05  8.521E+05  8.486E+05  8.552E+05  8.899E+05  8.898E+05  9.297E+05  9.291E+05  9.286E+05  9.334E+05
  4.551E+05  0.000E+00  0.000E+00  0.000E+00  0.000E+00  0.000E+00  0.000E+00  0.000E+00  0.000E+00  0.000E+00
  0.000E+00  0.000E+00  0.000E+00  0.000E+00  0.000E+00  6.359E+02  3.221E+01  2.751E+02  3.011E+02  0.000E+00
  0.000E+00  0.000E+00  0.000E+00  1.351E+03  1.236E+02  0.000E+00  2.247E+01  1.404E+03  1.223E+03  0.000E+00
  0.000E+00  0.000E+00  0.000E+00  1.146E+03  3.404E+02  0.000E+00  0.000E+00  5.237E+02  0.000E+00  2.800E+02
  2.714E+04  3.626E+04  3.977E+04  3.778E+04  3.654E+04  3.708E+04  3.292E+04  3.995E+04  4.848E+04  5.824E+04
  7.037E+04  8.465E+04  8.397E+04  9.285E+04  8.239E+04  7.559E+04  8.330E+04  8.718E+04  9.324E+04  9.345E+04
  1.013E+05  1.038E+05  1.156E+05  1.248E+05  1.214E+05  1.261E+05  1.288E+05  1.321E+05  1.410E+05  1.438E+05
  1.475E+05  1.609E+05  1.720E+05  1.741E+05  1.841E+05  1.989E+05  1.911E+05  1.918E+05  1.857E+05  1.852E+05
  2.042E+05  2.160E+05  2.317E+05  2.396E+05  2.346E+05  2.509E+05  2.584E+05  2.655E+05  2.713E+05  2.890E+05
  3.002E+05  3.035E+05  3.248E+05  3.149E+05  3.189E+05  3.429E+05  3.363E+05  3.510E+05  3.752E+05  3.818E+05
  3.900E+05  3.944E+05  3.908E+05  4.046E+05  4.194E+05  4.306E+05  4.272E+05  4.312E+05  4.499E+05  4.569E+05
  4.572E+05  4.675E+05  4.847E+05  4.816E+05  4.855E+05  4.837E+05  4.788E+05  4.688E+05  4.484E+05  4.699E+05
  5.375E+05  5.695E+05  5.832E+05  6.246E+05  6.206E+05  6.577E+05  6.953E+05  7.092E+05  7.148E+05  7.142E+05
  7.416E+05  7.660E+05  7.497E+05  7.505E+05  7.621E+05  7.573E+05  7.813E+05  7.923E+05  8.135E+05  8.145E+05
  8.389E+05  8.448E+05  8.581E+05  8.455E+05  7.867E+05  7.731E+05  7.681E+05  7.651E+05  7.866E+05  8.057E+05
  3.792E+05  0.000E+00  0.000E+00  0.000E+00  0.000E+00  0.000E+00  0.000E+00  0.000E+00  0.000E+00  0.000E+00
  0.000E+00  0.000E+00  0.000E+00  0.000E+00  2.867E+02  2.393E+03  9.883E+02  1.561E+03  0.000E+00  0.000E+00
  0.000E+00  0.000E+00  0.000E+00  2.148E+03  1.669E+03  8.648E+02  0.000E+00  0.000E+00  0.000E+00  0.000E+00
  0.000E+00  4.785E+02  0.000E+00  0.000E+00  0.000E+00  0.000E+00  0.000E+00  1.637E+02  0.000E+00  0.000E+00
  2.893E+04  2.722E+04  2.346E+04  2.740E+04  3.491E+04  3.263E+04  2.989E+04  2.966E+04  3.456E+04  3.645E+04
  3.782E+04  4.196E+04  4.892E+04  5.576E+04  6.168E+04  6.309E+04  5.995E+04  6.255E+04  7.487E+04  8.590E+04
  7.886E+04  8.116E+04  7.766E+04  8.364E+04  8.892E+04  8.527E+04  8.504E+04  9.107E+04  8.813E+04  9.552E+04
  1.123E+05  1.119E+05  1.206E+05  1.161E+05  1.220E+05  1.182E+05  1.236E+05  1.353E+05  1.599E+05  1.597E+05
  1.605E+05  1.777E+05  1.862E+05  1.959E+05  2.056E+05  1.990E+05  2.125E+05  2.214E+05  2.286E+05  2.350E+05
  2.459E+05  2.576E+05  2.557E+05  2.701E+05  2.771E+05  2.954E+05  2.966E+05  3.017E+05  2.820E+05  2.856E+05
  3.196E+05  3.333E+05  3.440E+05  3.440E+05  3.397E+05  3.488E+05  3.724E+05  3.817E+05  3.704E+05  3.832E+05
  4.109E+05  4.200E+05  4.343E+05  4.495E+05  4.433E+05  4.379E+05  4.345E+05  4.566E+05  4.839E+05  5.013E+05
  4.826E+05  4.661E+05  4.657E+05  4.641E+05  4.790E+05  4.760E+05  5.045E+05  5.381E+05  5.652E+05  6.079E+05
  6.162E+05  6.119E+05  6.095E+05  6.414E+05  6.542E+05  6.598E+05  6.591E+05  6.637E+05  6.996E+05  7.136E+05
  7.100E+05  7.368E+05  7.487E+05  7.937E+05  8.196E+05  8.059E+05  8.214E+05  8.325E+05  8.226E+05  8.242E+05
  3.646E+05  0.000E+00  0.000E+00  0.000E+00  0.000E+00  0.000E+00  0.000E+00  0.000E+00  0.000E+00  0.000E+00
  0.000E+00  0.000E+00  0.000E+00  0.000E+00  3.529E+02  3.050E+02  0.000E+00  7.035E+02  0.000E+00  0.000E+00
  4.920E+02  0.000E+00  0.000E+00  0.000E+00  0.000E+00  5.892E+02  0.000E+00  1.560E+03  8.852E+02  0.000E+00
  0.000E+00  4.479E+02  9.305E+02  0.000E+00  0.000E+00  0.000E+00  0.000E+00  0.000E+00  0.000E+00  1.055E+03
  7.763E+03  9.736E+03  1.405E+04  1.568E+04  1.847E+04  2.210E+04  2.015E+04  1.542E+04  1.819E+04  2.310E+04
  2.921E+04  3.327E+04  3.594E+04  4.180E+04  3.724E+04  3.753E+04  4.302E+04  4.300E+04  3.888E+04  4.430E+04
  5.080E+04  5.272E+04  6.326E+04  6.777E+04  7.372E+04  6.799E+04  6.873E+04  7.438E+04  7.563E+04  6.318E+04
  6.299E+04  6.483E+04  6.824E+04  8.152E+04  9.077E+04  1.098E+05  1.092E+05  1.077E+05  1.098E+05  1.133E+05
  1.171E+05  1.221E+05  1.313E+05  1.367E+05  1.498E+05  1.591E+05  1.767E+05  1.816E+05  1.928E+05  2.077E+05
  2.163E+05  2.119E+05  2.067E+05  2.183E+05  2.342E+05  2.341E+05  2.544E+05  2.585E+05  2.476E+05  2.416E+05
  2.318E+05  2.456E+05  2.752E+05  2.990E+05  3.165E+05  3.067E+05  3.028E+05  3.246E+05  3.342E+05  3.351E+05
  3.285E+05  3.395E+05  3.282E+05  3.363E+05  3.452E+05  3.600E+05  3.652E+05  3.821E+05  3.979E+05  4.165E+05
  4.235E+05  4.267E+05  4.492E+05  4.521E+05  4.423E+05  4.740E+05  4.584E+05  4.608E+05  4.514E+05  4.467E+05
  4.606E+05  4.755E+05  4.875E+05  5.061E+05  5.210E+05  5.217E+05  5.435E+05  5.676E+05  5.610E+05  5.668E+05
  6.055E+05  6.075E+05  6.317E+05  6.438E+05  6.777E+05  7.012E+05  6.955E+05  6.880E+05  7.054E+05  6.961E+05
  3.236E+05  0.000E+00  0.000E+00  0.000E+00  0.000E+00  0.000E+00  0.000E+00  0.000E+00  0.000E+00  0.000E+00
  0.000E+00  0.000E+00  0.000E+00  0.000E+00  0.000E+00  8.838E+01  1.569E+03  1.569E+03  2.104E+03  4.275E+02
  3.732E+02  0.000E+00  0.000E+00  0.000E+00  0.000E+00  9.446E+01  6.699E+02  6.757E+02  2.232E+02  0.000E+00
  0.000E+00  0.000E+00  0.000E+00  0.000E+00  0.000E+00  0.000E+00  9.203E+02  0.000E+00  5.504E+01  1.489E+03
  6.642E+03  7.324E+03  5.162E+03  9.157E+03  9.206E+03  1.092E+04  1.887E+04  1.518E+04  1.942E+04  1.653E+04
  1.886E+04  1.750E+04  2.018E+04  1.706E+04  2.288E+04  2.739E+04  2.192E+04  2.961E+04  3.698E+04  3.321E+04
  3.662E+04  3.808E+04  3.560E+04  3.490E+04  3.677E+04  4.921E+04  4.959E+04  5.130E+04  6.425E+04  6.420E+04
  6.828E+04  6.513E+04  6.839E+04  6.696E+04  6.181E+04  5.603E+04  5.348E+04  4.875E+04  5.302E+04  7.030E+04
  8.490E+04  9.440E+04  9.534E+04  9.922E+04  9.146E+04  8.576E+04  9.459E+04  1.119E+05  1.243E+05  1.325E+05
  1.471E+05  1.659E+05  1.706E+05  1.656E+05  1.762E+05  1.751E+05  1.657E+05  1.714E+05  2.005E+05  2.100E+05
  2.242E+05  2.170E+05  2.043E+05  1.990E+05  2.005E+05  2.056E+05  2.179E+05  2.332E+05  2.549E+05  2.762E+05
  2.928E+05  3.028E+05  3.087E+05  3.126E+05  3.165E+05  3.149E+05  3.238E+05  3.231E+05  3.230E+05  3.241E+05
  3.266E+05  3.439E+05  3.559E+05  3.686E+05  3.948E+05  4.016E+05  4.354E+05  4.472E+05  4.608E+05  4.400E+05
  4.398E+05  4.294E+05  4.298E+05  4.283E+05  4.402E+05  4.436E+05  4.425E+05  4.510E+05  4.612E+05  4.852E+05
  4.793E+05  5.071E+05  5.098E+05  5.290E+05  5.542E+05  5.750E+05  5.898E+05  5.943E+05  5.845E+05  5.906E+05
  2.715E+05  0.000E+00  0.000E+00  0.000E+00  0.000E+00  0.000E+00  0.000E+00  0.000E+00  0.000E+00  0.000E+00
  0.000E+00  0.000E+00  0.000E+00  0.000E+00  0.000E+00  7.462E+02  0.000E+00  0.000E+00  0.000E+00  0.000E+00
  0.000E+00  0.000E+00  0.000E+00  0.000E+00  1.760E+03  1.062E+02  0.000E+00  7.924E+02  5.761E+02  1.007E+02
  9.907E+02  0.000E+00  2.561E+02  0.000E+00  0.000E+00  1.305E+03  1.030E+03  0.000E+00  1.081E+03  0.000E+00
  4.868E+03  5.435E+03  5.100E+03  6.448E+03  8.238E+03  9.347E+03  7.742E+03  1.226E+04  1.149E+04  7.925E+03
  9.232E+03  1.539E+04  1.831E+04  1.999E+04  1.690E+04  1.396E+04  2.035E+04  1.902E+04  1.800E+04  2.172E+04
  2.300E+04  2.533E+04  3.189E+04  3.710E+04  3.175E+04  3.016E+04  3.520E+04  3.133E+04  3.195E+04  3.749E+04
  3.361E+04  3.510E+04  3.746E+04  3.803E+04  4.403E+04  5.599E+04  6.051E+04  6.373E+04  6.530E+04  5.932E+04
  6.178E+04  5.831E+04  6.049E+04  5.786E+04  6.310E+04  6.670E+04  6.799E+04  7.006E+04  7.392E+04  8.014E+04
  9.291E+04  9.864E+04  1.118E+05  1.297E+05  1.374E+05  1.450E+05  1.499E+05  1.439E+05  1.328E+05  1.468E+05
  1.293E+05  1.295E+05  1.425E+05  1.526E+05  1.725E+05  1.869E+05  2.013E+05  1.959E+05  2.046E+05  2.119E+05
  1.972E+05  2.038E+05  2.175E+05  2.112E+05  2.206E+05  2.413E+05  2.631E+05  2.820E+05  2.977E+05  2.899E+05
  3.054E+05  3.054E+05  3.035E+05  3.122E+05  3.155E+05  3.222E+05  3.236E+05  3.363E+05  3.498E+05  3.886E+05
  3.889E+05  3.891E+05  3.866E+05  3.992E+05  3.876E+05  3.990E+05  4.081E+05  4.084E+05  4.169E+05  4.158E+05
  4.199E+05  4.215E+05  4.406E+05  4.423E+05  4.372E+05  4.675E+05  4.860E+05  4.822E+05  4.862E+05  4.897E+05
  2.223E+05  0.000E+00  0.000E+00  0.000E+00  0.000E+00  0.000E+00  0.000E+00  0.000E+00  0.000E+00  0.000E+00
  0.000E+00  0.000E+00  0.000E+00  0.000E+00  0.000E+00  0.000E+00  0.000E+00  0.000E+00  8.590E+02  5.659E+02
  1.559E+03  0.000E+00  0.000E+00  7.153E+02  1.816E+03  0.000E+00  4.701E+02  6.783E+02  0.000E+00  0.000E+00
  0.000E+00  0.000E+00  1.755E+03  0.000E+00  0.000E+00  1.696E+03  3.733E+02  0.000E+00  0.000E+00  0.000E+00
  4.422E+03  5.004E+03  7.313E+03  9.787E+03  1.585E+04  9.945E+03  7.886E+03  6.338E+03  7.292E+03  9.342E+03
  1.029E+04  1.356E+04  2.161E+04  2.166E+04  1.892E+04  2.350E+04  1.167E+04  1.192E+04  1.542E+04  1.799E+04
  2.107E+04  1.773E+04  2.087E+04  1.979E+04  2.898E+04  2.698E+04  2.208E+04  1.886E+04  2.026E+04  2.709E+04
  2.991E+04  3.746E+04  4.319E+04  3.781E+04  3.745E+04  3.481E+04  3.068E+04  3.967E+04  4.330E+04  4.599E+04
  5.064E+04  6.126E+04  6.677E+04  6.770E+04  6.321E+04  6.272E+04  6.190E+04  6.051E+04  6.276E+04  5.720E+04
  5.072E+04  6.424E+04  6.925E+04  8.014E+04  8.848E+04  9.596E+04  1.025E+05  1.089E+05  1.079E+05  1.127E+05
  1.233E+05  1.300E+05  1.335E+05  1.316E+05  1.249E+05  1.194E+05  1.216E+05  1.279E+05  1.399E+05  1.586E+05
  1.827E+05  2.033E+05  2.006E+05  1.934E+05  1.849E+05  1.998E+05  2.055E+05  1.958E+05  1.992E+05  2.313E+05
  2.300E+05  2.311E+05  2.428E+05  2.554E+05  2.668E+05  2.702E+05  2.783E+05  2.964E+05  3.172E+05  3.071E+05
  3.185E+05  3.229E+05  3.381E+05  3.330E+05  3.525E+05  3.437E+05  3.528E+05  3.635E+05  3.670E+05  3.821E+05
  3.834E+05  3.941E+05  4.062E+05  4.091E+05  4.265E+05  4.187E+05  4.174E+05  4.323E+05  4.484E+05  4.736E+05
  2.112E+05  0.000E+00  0.000E+00  0.000E+00  0.000E+00  0.000E+00  0.000E+00  0.000E+00  0.000E+00  0.000E+00
  0.000E+00  0.000E+00  0.000E+00  0.000E+00  0.000E+00  7.755E+02  0.000E+00  4.372E+02  2.171E+02  2.922E+03
  0.000E+00  2.023E+03  0.000E+00  5.510E+02  1.595E+03  4.255E+01  1.265E+03  0.000E+00  0.000E+00  0.000E+00
  0.000E+00  6.196E+02  1.136E+03  0.000E+00  0.000E+00  6.119E+02  0.000E+00  0.000E+00  0.000E+00  0.000E+00
  1.282E+04  1.006E+04  5.538E+03  3.452E+03  5.908E+03  5.915E+03  8.620E+03  7.962E+03  4.210E+03  9.640E+03
  1.216E+04  6.871E+03  7.422E+03  1.960E+04  1.507E+04  1.361E+04  1.608E+04  1.343E+04  8.908E+03  8.879E+03
  1.044E+04  1.090E+04  1.517E+04  2.211E+04  1.828E+04  2.085E+04  2.052E+04  2.371E+04  1.924E+04  2.071E+04
  1.756E+04  2.239E+04  2.562E+04  2.331E+04  2.614E+04  3.180E+04  3.488E+04  3.933E+04  3.878E+04  4.223E+04
  3.940E+04  3.525E+04  2.984E+04  3.182E+04  4.556E+04  4.972E+04  5.682E+04  6.478E+04  6.784E+04  7.232E+04
  7.290E+04  7.604E+04  8.032E+04  7.029E+04  6.457E+04  5.862E+04  4.932E+04  5.541E+04  6.764E+04  6.858E+04
  8.432E+04  8.881E+04  9.575E+04  1.060E+05  1.042E+05  1.066E+05  1.126E+05  1.176E+05  1.314E+05  1.435E+05
  1.536E+05  1.364E+05  1.417E+05  1.473E+05  1.626E+05  1.731E+05  1.832E+05  2.003E+05  1.967E+05  1.910E+05
  1.891E+05  1.981E+05  1.932E+05  1.951E+05  2.015E+05  2.301E+05  2.512E+05  2.564E+05  2.598E+05  2.821E+05
  2.656E+05  2.417E+05  2.519E+05  2.622E+05  2.829E+05  2.943E+05  2.894E+05  2.899E+05  2.881E+05  3.038E+05
  3.062E+05  3.183E+05  3.128E+05  3.273E+05  3.456E+05  3.459E+05  3.507E+05  3.585E+05  3.684E+05  3.683E+05
  1.545E+05  0.000E+00  0.000E+00  0.000E+00  0.000E+00  0.000E+00  0.000E+00  0.000E+00  0.000E+00  0.000E+00
  0.000E+00  0.000E+00  0.000E+00  0.000E+00  0.000E+00  3.887E+02  5.027E+02  6.355E+02  7.369E+02  7.953E+01
  1.555E+02  8.134E+02  1.131E+03  0.000E+00  0.000E+00  0.000E+00  0.000E+00  0.000E+00  1.592E+03  1.973E+02
  0.000E+00  1.550E+02  1.073E+03  0.000E+00  0.000E+00  2.784E+03  1.857E+03  0.000E+00  0.000E+00  0.000E+00
  9.447E+03  5.238E+03  3.870E+03  4.346E+03  4.970E+03  8.903E+03  4.082E+03  4.404E+03  6.831E+03  3.415E+02
  5.517E+03  9.385E+03  1.061E+04  1.140E+04  1.205E+04  1.545E+04  1.034E+04  1.108E+04  9.768E+03  8.647E+03
  1.066E+04  1.413E+04  1.183E+04  1.336E+04  1.779E+04  1.271E+04  1.736E+04  1.840E+04  2.033E+04  1.807E+04
  1.240E+04  1.270E+04  1.573E+04  1.847E+04  2.043E+04  2.431E+04  2.004E+04  2.302E+04  1.968E+04  2.079E+04
  2.611E+04  2.805E+04  2.925E+04  3.213E+04  3.254E+04  4.181E+04  3.960E+04  4.166E+04  4.191E+04  3.544E+04
  4.332E+04  4.950E+04  5.546E+04  6.941E+04  7.641E+04  7.505E+04  7.848E+04  8.067E+04  6.945E+04  7.202E+04
  6.341E+04  5.416E+04  5.302E+04  6.311E+04  8.065E+04  8.228E+04  8.683E+04  9.445E+04  9.873E+04  1.080E+05
  1.142E+05  1.336E+05  1.362E+05  1.263E+05  1.246E+05  1.387E+05  1.442E+05  1.417E+05  1.417E+05  1.410E+05
  1.597E+05  1.651E+05  1.855E+05  1.875E+05  1.751E+05  1.635E+05  1.527E+05  1.706E+05  1.739E+05  1.835E+05
  2.146E+05  2.451E+05  2.508E+05  2.517E+05  2.528E+05  2.613E+05  2.678E+05  2.617E+05  2.719E+05  2.791E+05
  2.757E+05  2.770E+05  2.824E+05  2.839E+05  2.816E+05  2.949E+05  2.976E+05  2.931E+05  2.861E+05  2.906E+05
  1.380E+05  0.000E+00  0.000E+00  0.000E+00  0.000E+00  0.000E+00  0.000E+00  0.000E+00  0.000E+00  0.000E+00
  0.000E+00  0.000E+00  0.000E+00  0.000E+00  0.000E+00  7.967E+02  0.000E+00  0.000E+00  6.663E+01  5.892E+02
  0.000E+00  0.000E+00  0.000E+00  0.000E+00  0.000E+00  0.000E+00  3.536E+02  5.445E+02  0.000E+00  3.057E+02
  7.496E+02  0.000E+00  6.418E+02  0.000E+00  1.456E+03  1.145E+02  1.822E+02  3.751E+02  0.000E+00  0.000E+00
  6.687E+03  1.261E+04  1.002E+04  4.398E+03  5.729E+03  6.986E+03  6.106E+03  9.659E+03  9.840E+03  1.201E+04
  9.145E+03  7.410E+03  9.907E+03  9.303E+03  9.235E+03  9.627E+03  1.533E+04  9.984E+03  5.920E+03  9.364E+03
  9.677E+03  6.712E+03  7.885E+03  6.528E+03  7.449E+03  1.175E+04  1.524E+04  1.568E+04  1.462E+04  1.819E+04
  1.175E+04  7.058E+03  1.229E+04  1.100E+04  1.517E+04  1.640E+04  1.620E+04  1.677E+04  1.647E+04  1.700E+04
  1.654E+04  1.980E+04  1.714E+04  1.931E+04  1.862E+04  2.335E+04  2.299E+04  3.143E+04  3.627E+04  4.001E+04
  3.901E+04  4.204E+04  4.113E+04  4.427E+04  5.454E+04  5.589E+04  5.283E+04  5.873E+04  6.431E+04  6.368E+04
  6.151E+04  5.811E+04  5.544E+04  5.177E+04  5.829E+04  6.198E+04  5.720E+04  5.862E+04  6.254E+04  6.235E+04
  7.136E+04  7.702E+04  7.884E+04  9.399E+04  1.038E+05  1.181E+05  1.158E+05  1.134E+05  1.153E+05  1.151E+05
  1.073E+05  1.098E+05  1.129E+05  1.154E+05  1.115E+05  1.124E+05  1.253E+05  1.402E+05  1.734E+05  1.751E+05
  1.751E+05  1.759E+05  1.743E+05  1.814E+05  1.845E+05  1.819E+05  1.927E+05  2.065E+05  2.220E+05  2.219E+05
  2.422E+05  2.478E+05  2.774E+05  2.889E+05  2.920E+05  2.986E+05  3.005E+05  3.063E+05  3.114E+05  2.926E+05
  1.213E+05  0.000E+00  0.000E+00  0.000E+00  0.000E+00  0.000E+00  0.000E+00  0.000E+00  0.000E+00  0.000E+00
  0.000E+00  0.000E+00  0.000E+00  0.000E+00  0.000E+00  0.000E+00  8.388E+02  5.984E+00  3.166E+03  1.029E+02
  1.253E+03  9.599E+02  0.000E+00  0.000E+00  0.000E+00  0.000E+00  0.000E+00  3.279E+02  8.566E+02  0.000E+00
  0.000E+00  6.273E+02  3.671E+02  0.000E+00  7.357E+02  4.551E+02  6.528E+02  1.372E+03  4.710E+02  0.000E+00
  5.416E+03  2.040E+03  4.543E+03  7.120E+03  5.522E+03  9.960E+03  4.381E+03  5.479E+03  1.114E+04  1.276E+04
  1.096E+04  1.065E+04  6.356E+03  3.223E+03  5.432E+03  7.677E+03  8.764E+03  7.595E+03  1.152E+04  1.035E+04
  7.406E+03  1.351E+04  1.607E+04  1.639E+04  1.638E+04  1.383E+04  1.168E+04  1.296E+04  1.014E+04  1.044E+04
  1.127E+04  1.649E+04  1.793E+04  1.505E+04  1.576E+04  1.572E+04  1.697E+04  1.183E+04  1.540E+04  1.673E+04
  9.149E+03  1.416E+04  1.498E+04  1.271E+04  8.897E+03  1.306E+04  1.377E+04  2.108E+04  2.242E+04  2.134E+04
  2.687E+04  3.298E+04  3.163E+04  3.396E+04  3.517E+04  4.403E+04  4.701E+04  4.719E+04  5.088E+04  5.512E+04
  5.634E+04  5.898E+04  5.479E+04  5.089E+04  5.234E+04  5.589E+04  6.011E+04  5.745E+04  4.571E+04  4.630E+04
  5.198E+04  6.528E+04  6.153E+04  5.724E+04  5.548E+04  6.087E+04  6.994E+04  8.407E+04  8.988E+04  9.977E+04
  1.077E+05  1.075E+05  1.086E+05  1.089E+05  1.166E+05  1.091E+05  1.032E+05  1.034E+05  1.024E+05  1.093E+05
  1.096E+05  1.145E+05  1.188E+05  1.306E+05  1.468E+05  1.537E+05  1.522E+05  1.532E+05  1.598E+05  1.581E+05
  1.586E+05  1.594E+05  1.637E+05  1.879E+05  2.181E+05  2.132E+05  2.288E+05  2.346E+05  2.326E+05  2.606E+05
  1.064E+05  0.000E+00  0.000E+00  0.000E+00  0.000E+00  0.000E+00  0.000E+00  0.000E+00  0.000E+00  0.000E+00
  0.000E+00  0.000E+00  0.000E+00  0.000E+00  0.000E+00  0.000E+00  0.000E+00  0.000E+00  1.055E+03  0.000E+00
  5.380E+02  3.546E+02  1.015E+03  0.000E+00  0.000E+00  0.000E+00  0.000E+00  0.000E+00  5.638E+02  0.000E+00
  0.000E+00  0.000E+00  0.000E+00  0.000E+00  0.000E+00  0.000E+00  0.000E+00  9.010E+01  5.600E+02  4.582E+02
  6.813E+03  6.668E+03  4.575E+03  4.471E+03  8.026E+03  8.812E+03  8.116E+03  2.761E+03  5.319E+03  3.994E+03
  1.265E+04  1.373E+04  1.466E+04  1.189E+04  5.354E+03  7.220E+03  6.775E+03  6.672E+03  5.569E+03  7.229E+03
  6.862E+03  4.313E+03  5.080E+03  5.814E+03  1.255E+04  1.149E+04  4.770E+03  7.420E+03  7.927E+03  1.040E+04
  1.374E+04  1.104E+04  1.238E+04  1.055E+04  1.311E+04  1.605E+04  1.287E+04  1.627E+04  1.206E+04  1.530E+04
  2.136E+04  1.472E+04  9.849E+03  1.681E+04  2.035E+04  1.425E+04  1.138E+04  1.775E+04  1.754E+04  1.358E+04
  1.676E+04  1.947E+04  1.553E+04  1.868E+04  2.320E+04  2.533E+04  2.888E+04  3.266E+04  3.266E+04  3.690E+04
  4.294E+04  4.515E+04  4.755E+04  4.624E+04  4.672E+04  5.230E+04  5.211E+04  5.928E+04  6.876E+04  6.215E+04
  5.537E+04  4.955E+04  5.337E+04  5.977E+04  6.110E+04  5.163E+04  5.682E+04  6.130E+04  6.661E+04  6.552E+04
  6.575E+04  7.077E+04  7.616E+04  7.573E+04  7.556E+04  7.913E+04  8.931E+04  9.836E+04  1.013E+05  1.004E+05
  1.025E+05  9.896E+04  1.041E+05  1.010E+05  1.053E+05  1.030E+05  9.464E+04  1.043E+05  1.170E+05  1.190E+05
  1.275E+05  1.374E+05  1.486E+05  1.573E+05  1.513E+05  1.550E+05  1.612E+05  1.660E+05  1.720E+05  1.684E+05
  7.541E+04  0.000E+00  0.000E+00  0.000E+00  0.000E+00  0.000E+00  0.000E+00  0.000E+00  0.000E+00  0.000E+00
  0.000E+00  0.000E+00  0.000E+00  0.000E+00  0.000E+00  0.000E+00  2.177E+02  8.033E+02  2.834E+02  1.688E+03
  7.279E+01  0.000E+00  0.000E+00  0.000E+00  0.000E+00  0.000E+00  0.000E+00  3.630E+02  6.995E+02  0.000E+00
  7.887E+02  2.231E+02  0.000E+00  0.000E+00  6.980E+02  3.225E+02  0.000E+00  0.000E+00  0.000E+00  7.868E+02
  1.055E+04  1.032E+04  1.130E+04  8.742E+03  8.237E+03  6.644E+03  5.451E+03  8.292E+03  1.029E+04  1.309E+04
  9.063E+03  4.072E+03  4.315E+02  3.427E+03  7.552E+03  7.013E+03  7.170E+03  5.344E+03  5.196E+03  4.960E+03
  4.670E+03  6.195E+03  4.069E+03  7.007E+03  2.200E+03  7.326E+03  1.236E+04  1.331E+04  5.247E+03  6.436E+03
  8.768E+03  8.478E+03  1.273E+04  7.788E+03  7.963E+03  7.662E+03  7.339E+03  7.867E+03  1.072E+04  1.046E+04
  1.461E+04  1.252E+04  2.132E+04  2.245E+04  1.756E+04  1.749E+04  1.692E+04  1.178E+04  1.043E+04  1.202E+04
  1.554E+04  1.424E+04  1.649E+04  2.097E+04  1.833E+04  1.896E+04  2.269E+04  1.995E+04  2.573E+04  2.550E+04
  2.919E+04  3.185E+04  2.829E+04  3.506E+04  2.976E+04  3.161E+04  3.409E+04  3.852E+04  4.498E+04  4.758E+04
  4.875E+04  5.627E+04  5.873E+04  5.777E+04  5.906E+04  5.771E+04  5.745E+04  6.075E+04  5.921E+04  5.745E+04
  5.654E+04  6.156E+04  6.499E+04  6.305E+04  5.615E+04  5.800E+04  6.146E+04  6.254E+04  6.548E+04  7.022E+04
  7.705E+04  8.811E+04  9.945E+04  1.067E+05  1.010E+05  9.676E+04  9.309E+04  9.375E+04  9.433E+04  1.004E+05
  9.940E+04  9.997E+04  1.142E+05  1.202E+05  1.202E+05  1.242E+05  1.351E+05  1.546E+05  1.495E+05  1.635E+05
  5.818E+04  0.000E+00  0.000E+00  0.000E+00  0.000E+00  0.000E+00  0.000E+00  0.000E+00  0.000E+00  0.000E+00
  0.000E+00  0.000E+00  0.000E+00  0.000E+00  0.000E+00  0.000E+00  0.000E+00  0.000E+00  4.715E+02  2.902E+02
  0.000E+00  0.000E+00  0.000E+00  0.000E+00  0.000E+00  0.000E+00  0.000E+00  0.000E+00  0.000E+00  0.000E+00
  9.702E+02  0.000E+00  0.000E+00  0.000E+00  7.337E+02  0.000E+00  0.000E+00  0.000E+00  0.000E+00  7.354E+02
  8.615E+03  5.857E+03  2.931E+03  2.833E+03  2.902E+03  8.195E+03  8.732E+03  5.702E+03  4.408E+03  4.862E+03
  7.092E+03  1.031E+04  9.490E+03  8.554E+03  5.267E+03  6.057E+03  6.344E+03  3.477E+03  1.908E+03  4.404E+03
  3.967E+03  8.810E+03  7.857E+03  1.006E+04  5.564E+03  2.471E+03  5.102E+03  7.168E+03  5.814E+03  7.164E+03
  4.240E+03  5.150E+03  2.723E+03  5.594E+03  8.239E+03  7.577E+03  9.428E+03  9.627E+03  1.015E+04  5.653E+03
  5.911E+03  9.633E+03  9.755E+03  8.816E+03  1.030E+04  8.179E+03  1.003E+04  1.063E+04  1.348E+04  1.489E+04
  1.644E+04  1.322E+04  9.777E+03  1.010E+04  9.609E+03  1.508E+04  1.440E+04  1.577E+04  1.630E+04  1.304E+04
  1.544E+04  2.236E+04  2.227E+04  2.218E+04  1.913E+04  1.657E+04  1.665E+04  2.408E+04  2.895E+04  3.878E+04
  3.308E+04  2.948E+04  3.330E+04  4.602E+04  4.465E+04  5.196E+04  5.859E+04  5.926E+04  5.839E+04  5.143E+04
  5.020E+04  4.987E+04  4.611E+04  4.974E+04  5.333E+04  4.620E+04  4.343E+04  4.257E+04  4.645E+04  5.588E+04
  5.801E+04  6.493E+04  6.912E+04  7.100E+04  7.649E+04  8.153E+04  7.974E+04  8.329E+04  7.920E+04  8.084E+04
  8.777E+04  8.488E+04  7.451E+04  7.166E+04  8.651E+04  9.169E+04  9.805E+04  9.719E+04  1.058E+05  1.093E+05
  4.350E+04  0.000E+00  0.000E+00  0.000E+00  0.000E+00  0.000E+00  0.000E+00  0.000E+00  0.000E+00  0.000E+00
  0.000E+00  0.000E+00  0.000E+00  0.000E+00  0.000E+00  1.587E+03  1.935E+03  0.000E+00  5.530E+02  6.306E+02
  0.000E+00  0.000E+00  3.541E+02  0.000E+00  0.000E+00  0.000E+00  4.694E+02  0.000E+00  0.000E+00  0.000E+00
  0.000E+00  1.563E+03  9.524E+02  0.000E+00  7.827E+02  3.442E+02  0.000E+00  0.000E+00  0.000E+00  0.000E+00
  2.571E+03  6.639E+03  6.779E+03  6.916E+03  2.555E+03  1.455E+03  4.139E+03  5.927E+03  4.786E+03  2.382E+03
  2.281E+03  6.378E+03  1.141E+04  5.841E+03  6.002E+02  3.356E+03  5.869E+03  3.801E+03  5.588E+03  3.724E+03
  3.666E+03  2.141E+03  3.543E+03  8.821E+03  8.572E+03  6.187E+03  7.648E+03  8.223E+03  3.355E+03  1.060E+03
  8.817E+03  9.112E+03  2.151E+03  5.453E+03  3.176E+03  3.776E+03  5.620E+03  5.488E+03  8.672E+03  9.386E+03
  8.112E+03  7.293E+03  8.643E+03  1.040E+04  4.953E+03  5.911E+03  3.930E+03  6.424E+03  9.229E+03  1.384E+04
  1.418E+04  1.566E+04  1.532E+04  1.461E+04  9.937E+03  1.383E+04  1.310E+04  1.440E+04  1.270E+04  9.382E+03
  1.075E+04  1.147E+04  1.446E+04  2.327E+04  2.044E+04  1.319E+04  1.552E+04  1.460E+04  1.255E+04  1.360E+04
  2.082E+04  1.647E+04  2.478E+04  2.720E+04  2.890E+04  3.310E+04  2.440E+04  2.616E+04  3.454E+04  4.604E+04
  4.800E+04  4.621E+04  5.205E+04  4.749E+04  5.089E+04  5.505E+04  4.462E+04  4.201E+04  4.752E+04  4.173E+04
  4.821E+04  5.297E+04  5.402E+04  5.673E+04  6.315E+04  7.232E+04  7.122E+04  6.953E+04  7.113E+04  7.303E+04
  6.900E+04  7.097E+04  9.396E+04  9.424E+04  8.684E+04  8.221E+04  8.137E+04  7.354E+04  7.082E+04  7.513E+04
  2.907E+04  0.000E+00  0.000E+00  0.000E+00  0.000E+00  0.000E+00  0.000E+00  0.000E+00  0.000E+00  0.000E+00
  0.000E+00  0.000E+00  0.000E+00  0.000E+00  0.000E+00  3.393E+02  0.000E+00  0.000E+00  9.584E+02  0.000E+00
  0.000E+00  0.000E+00  4.259E+02  0.000E+00  0.000E+00  8.879E+02  1.235E+03  9.066E+01  1.641E+03  1.641E+03
  1.641E+03  3.089E+02  2.534E+03  0.000E+00  1.492E+02  0.000E+00  0.000E+00  8.310E+02  0.000E+00  0.000E+00
  7.375E+03  6.598E+03  6.883E+03  1.791E+03  5.322E+03  4.596E+03  2.928E+03  1.653E+03  2.780E+03  8.762E+03
  1.024E+04  8.435E+03  4.435E+03  1.951E+03  4.382E+03  2.013E+03  1.324E+03  3.731E+03  1.264E+03  5.202E+03
  7.426E+03  8.751E+03  6.701E+03  3.213E+03  4.266E+03  1.736E+03  3.480E+03  3.383E+03  5.872E+03  4.789E+03
  3.125E+03  9.316E+03  5.236E+03  2.335E+03  3.994E+03  5.508E+03  2.198E+03  4.802E+03  2.062E+03  1.029E+03
  2.572E+03  5.677E+03  3.317E+03  8.432E+03  7.302E+03  9.351E+03  7.303E+03  4.321E+03  4.581E+03  5.389E+03
  6.374E+03  8.577E+03  1.198E+04  1.822E+04  1.414E+04  1.030E+04  6.755E+03  7.853E+03  7.290E+03  1.330E+04
  1.672E+04  1.816E+04  1.500E+04  1.270E+04  1.375E+04  1.294E+04  1.542E+04  1.494E+04  1.466E+04  1.513E+04
  1.250E+04  1.773E+04  1.238E+04  8.523E+03  1.232E+04  1.001E+04  1.620E+04  1.814E+04  1.902E+04  2.400E+04
  3.043E+04  2.821E+04  2.406E+04  3.123E+04  3.282E+04  4.247E+04  4.721E+04  5.311E+04  5.469E+04  5.392E+04
  4.649E+04  4.084E+04  4.317E+04  4.462E+04  4.499E+04  5.404E+04  6.264E+04  5.786E+04  6.043E+04  5.743E+04
  6.263E+04  5.501E+04  4.643E+04  4.917E+04  5.527E+04  7.663E+04  7.888E+04  8.120E+04  9.162E+04  8.660E+04
  3.295E+04  0.000E+00  0.000E+00  0.000E+00  0.000E+00  0.000E+00  0.000E+00  0.000E+00  0.000E+00  0.000E+00
  0.000E+00  0.000E+00  0.000E+00  0.000E+00  0.000E+00  4.450E+02  1.400E+01  0.000E+00  0.000E+00  0.000E+00
  0.000E+00  0.000E+00  0.000E+00  0.000E+00  5.211E+02  2.314E+03  1.641E+03  1.551E+03  0.000E+00  6.448E+02
  9.737E+02  1.482E+03  6.691E+02  3.380E+02  5.209E+02  0.000E+00  0.000E+00  6.147E+02  1.046E+03  0.000E+00
  6.355E+03  6.088E+03  5.384E+03  5.136E+03  6.107E+03  3.720E+03  3.020E+03  5.064E+03  2.279E+03  8.534E+02
  4.322E+03  7.687E+03  9.569E+03  9.258E+03  1.081E+04  1.100E+04  5.091E+03  1.898E+03  9.210E+02  1.836E+03
  5.111E+03  6.004E+03  6.192E+03  1.970E+03  2.001E+03  4.988E+03  4.305E+03  6.889E+03  1.004E+04  9.074E+03
  6.651E+03  7.531E+03  1.270E+04  7.043E+03  6.905E+03  7.010E+03  4.772E+03  2.698E+03  3.190E+03  4.204E+03
  4.600E+03  9.711E+03  9.335E+03  8.992E+03  9.585E+03  1.090E+04  1.124E+04  5.426E+03  4.824E+03  3.012E+03
  3.815E+03  6.359E+03  4.865E+03  8.188E+03  8.997E+03  5.789E+03  7.928E+03  8.287E+03  1.009E+04  6.613E+03
  8.102E+03  7.117E+03  5.734E+03  8.561E+03  1.097E+04  1.230E+04  8.868E+03  8.075E+03  8.654E+03  9.153E+03
  8.465E+03  1.065E+04  1.113E+04  8.309E+03  1.258E+04  1.509E+04  1.424E+04  1.625E+04  1.387E+04  1.451E+04
  1.434E+04  1.424E+04  1.557E+04  1.564E+04  1.920E+04  1.786E+04  2.224E+04  2.225E+04  3.071E+04  3.221E+04
  3.749E+04  4.349E+04  3.919E+04  4.413E+04  4.197E+04  3.965E+04  3.780E+04  4.459E+04  4.599E+04  4.455E+04
  4.821E+04  5.788E+04  6.249E+04  6.345E+04  6.494E+04  5.749E+04  6.388E+04  6.547E+04  6.076E+04  6.921E+04
  2.289E+04  0.000E+00  0.000E+00  0.000E+00  0.000E+00  0.000E+00  0.000E+00  0.000E+00  0.000E+00  0.000E+00
  0.000E+00  0.000E+00  0.000E+00  0.000E+00  0.000E+00  2.458E+02  0.000E+00  0.000E+00  0.000E+00  0.000E+00
  0.000E+00  0.000E+00  0.000E+00  0.000E+00  1.358E+03  0.000E+00  0.000E+00  8.959E+02  0.000E+00  1.739E+03
  3.131E+01  1.020E+02  0.000E+00  0.000E+00  0.000E+00  0.000E+00  6.341E+01  2.104E+03  1.571E+03  3.725E+02
  8.510E+03  6.601E+03  4.193E+03  8.447E+03  7.712E+03  6.627E+03  6.018E+03  4.926E+03  3.226E+03  4.750E+03
  6.902E+03  3.787E+03  6.717E+03  3.633E+03  6.046E+03  8.289E+03  7.601E+03  1.051E+04  5.730E+03  5.398E+03
  7.540E+03  7.439E+03  3.390E+03  3.772E+03  4.800E+03  5.743E+03  5.649E+03  3.789E+03  1.958E+03  2.569E+03
  4.084E+03  6.263E+03  6.514E+03  9.069E+03  9.555E+03  7.212E+03  7.839E+03  5.806E+03  4.461E+03  1.595E+03
  2.456E+03  6.901E+03  7.222E+03  3.196E+03  4.969E+03  6.426E+03  6.510E+03  7.364E+03  7.243E+03  1.179E+04
  1.029E+04  9.896E+03  5.852E+03  4.400E+03  5.987E+03  3.396E+03  3.003E+03  3.732E+03  4.183E+03  8.781E+03
  5.050E+03  2.288E+03  3.730E+03  4.449E+03  7.177E+03  4.523E+03  6.311E+03  6.763E+03  9.610E+03  7.052E+03
  4.379E+03  8.149E+03  8.273E+03  9.859E+03  1.422E+04  1.213E+04  1.171E+04  1.032E+04  1.764E+04  2.037E+04
  1.246E+04  1.381E+04  1.285E+04  1.155E+04  1.074E+04  1.629E+04  1.820E+04  1.933E+04  2.441E+04  2.766E+04
  2.281E+04  2.286E+04  2.792E+04  2.851E+04  2.945E+04  2.724E+04  3.354E+04  3.058E+04  3.492E+04  4.704E+04
  4.884E+04  4.482E+04  4.738E+04  4.726E+04  4.579E+04  4.978E+04  5.296E+04  5.664E+04  5.378E+04  4.861E+04
  1.764E+04  0.000E+00  0.000E+00  0.000E+00  0.000E+00  0.000E+00  0.000E+00  0.000E+00  0.000E+00  0.000E+00
  0.000E+00  0.000E+00  0.000E+00  0.000E+00  0.000E+00  0.000E+00  0.000E+00  0.000E+00  6.928E+02  0.000E+00
  0.000E+00  0.000E+00  0.000E+00  0.000E+00  2.672E+02  0.000E+00  0.000E+00  0.000E+00  0.000E+00  3.267E+02
  0.000E+00  0.000E+00  0.000E+00  0.000E+00  0.000E+00  1.287E+03  4.694E+02  1.102E+03  1.506E+03  9.763E+02
  6.883E+03  4.512E+03  9.923E+03  3.780E+03  4.372E+03  9.901E+03  9.657E+03  7.621E+03  5.085E+03  2.471E+03
  6.146E+03  4.123E+03  4.716E+03  8.154E+03  9.739E+03  8.536E+03  3.804E+03  1.008E+04  9.841E+03  6.130E+03
  6.535E+03  1.124E+04  1.276E+04  9.022E+03  7.006E+03  6.100E+03  4.162E+03  7.580E+03  4.147E+03  2.637E+03
  8.406E+03  3.191E+03  3.716E+03  6.216E+03  6.204E+03  1.111E+04  1.366E+04  9.905E+03  1.054E+04  6.658E+03
  3.620E+03  8.218E+03  5.611E+03  7.616E+03  9.896E+03  1.003E+04  1.045E+04  6.181E+03  9.271E+03  1.009E+04
  7.769E+03  6.925E+03  3.939E+03  8.780E+03  9.771E+03  9.629E+03  6.705E+03  7.153E+03  3.385E+03  2.769E+03
  8.813E+03  9.211E+03  9.286E+03  7.449E+03  5.791E+03  8.015E+03  7.206E+03  1.064E+04  8.573E+03  3.089E+03
  5.335E+03  4.984E+03  3.681E+03  6.007E+03  3.228E+03  3.005E+03  3.353E+03  5.709E+03  5.466E+03  8.557E+03
  1.238E+04  1.059E+04  1.263E+04  1.187E+04  1.002E+04  9.780E+03  6.570E+03  9.899E+03  1.175E+04  1.312E+04
  1.661E+04  1.796E+04  1.935E+04  1.565E+04  1.927E+04  2.347E+04  2.276E+04  2.517E+04  2.812E+04  3.081E+04
  3.719E+04  4.126E+04  5.148E+04  5.184E+04  4.481E+04  4.811E+04  4.584E+04  5.017E+04  5.092E+04  4.932E+04
  1.870E+04  0.000E+00  0.000E+00  0.000E+00  0.000E+00  0.000E+00  0.000E+00  0.000E+00  0.000E+00  0.000E+00
  0.000E+00  0.000E+00  0.000E+00  0.000E+00  0.000E+00  0.000E+00  0.000E+00  1.201E+02  1.508E+03  0.000E+00
  0.000E+00  0.000E+00  0.000E+00  0.000E+00  0.000E+00  0.000E+00  0.000E+00  0.000E+00  0.000E+00  6.279E+02
  0.000E+00  0.000E+00  1.025E+03  0.000E+00  0.000E+00  2.266E+02  2.587E+02  8.302E+02  0.000E+00  0.000E+00
  3.591E+03  7.777E+03  9.719E+03  9.841E+03  9.046E+03  4.178E+03  3.552E+03  3.013E+03  1.723E+03  3.712E+03
  9.487E+03  9.027E+03  9.492E+03  5.209E+03  6.439E+03  4.879E+03  5.458E+03  1.357E+03  4.705E+03  6.049E+03
  8.303E+03  8.133E+03  7.393E+03  9.220E+03  8.596E+03  8.795E+03  7.216E+03  7.290E+03  1.273E+04  9.496E+03
  5.941E+03  3.926E+03  3.262E+03  2.428E+03  5.135E+03  1.605E+03  3.098E+03  6.584E+03  9.601E+03  8.821E+03
  8.230E+03  4.503E+03  5.638E+03  5.547E+03  4.843E+03  8.802E+03  5.007E+03  7.172E+03  9.001E+03  8.800E+03
  8.951E+03  1.041E+04  9.660E+03  7.814E+03  7.966E+03  7.042E+03  6.769E+03  6.616E+03  1.173E+04  1.020E+04
  8.808E+03  7.790E+03  9.490E+03  9.737E+03  8.708E+03  5.559E+03  2.660E+03  3.671E+03  6.961E+03  9.745E+03
  9.299E+03  8.757E+03  7.193E+03  3.090E+03  3.284E+03  7.000E+03  5.229E+03  3.587E+03  4.057E+03  3.594E+02
  1.419E+03  6.638E+03  1.307E+04  9.023E+03  1.092E+04  9.964E+03  1.063E+04  1.402E+04  1.244E+04  1.347E+04
  1.745E+04  1.307E+04  1.697E+04  1.409E+04  9.943E+03  6.135E+03  7.774E+03  1.298E+04  1.663E+04  2.178E+04
  2.775E+04  3.035E+04  2.445E+04  3.447E+04  4.100E+04  4.385E+04  4.624E+04  5.048E+04  5.113E+04  4.472E+04
  1.292E+04  0.000E+00  0.000E+00  0.000E+00  0.000E+00  0.000E+00  0.000E+00  0.000E+00  0.000E+00  0.000E+00
  0.000E+00  0.000E+00  0.000E+00  0.000E+00  0.000E+00  2.273E+02  3.733E+02  1.550E+03  0.000E+00  0.000E+00
  0.000E+00  0.000E+00  0.000E+00  0.000E+00  2.683E+02  1.038E+03  8.965E+02  0.000E+00  0.000E+00  3.853E+02
  9.274E+02  0.000E+00  0.000E+00  0.000E+00  0.000E+00  1.234E+03  6.000E+02  0.000E+00  0.000E+00  0.000E+00
  6.447E+03  4.176E+03  5.780E+03  2.877E+03  7.091E+03  1.213E+04  7.328E+03  4.864E+03  4.393E+03  2.490E+03
  3.614E+03  3.065E+03  2.559E+03  8.343E+03  8.110E+03  9.293E+03  9.762E+03  9.870E+03  7.801E+03  6.020E+03
  7.038E+03  1.676E+03  1.422E+03  8.112E+03  7.707E+03  7.566E+03  4.789E+03  5.567E+03  2.693E+03  5.449E+03
  1.326E+04  6.580E+03  7.564E+03  5.509E+03  2.502E+03  2.720E+03  2.022E+03  1.064E+03  4.699E+03  4.956E+03
  7.281E+03  7.752E+03  4.744E+03  3.363E+03  2.458E+03  2.923E+03  9.984E+03  4.380E+03  3.139E+03  9.516E+03
  5.798E+03  3.139E+03  6.553E+03  7.768E+03  7.424E+03  8.542E+03  1.103E+04  1.084E+04  6.274E+03  7.839E+03
  5.185E+03  6.767E+03  7.875E+03  1.287E+04  1.090E+04  1.027E+04  1.030E+04  9.754E+03  8.507E+03  8.883E+02
  2.681E+03  2.707E+03  9.496E+03  1.036E+04  1.101E+04  1.103E+04  1.128E+04  8.890E+03  3.921E+03  2.866E+03
  4.540E+03  7.174E+03  5.906E+03  6.436E+03  5.881E+03  6.059E+03  8.817E+03  1.068E+04  9.899E+03  9.094E+03
  9.207E+03  1.093E+04  1.451E+04  1.272E+04  1.720E+04  1.535E+04  1.278E+04  1.130E+04  1.528E+04  1.382E+04
  1.583E+04  1.170E+04  1.672E+04  2.130E+04  2.150E+04  1.935E+04  2.351E+04  2.892E+04  3.597E+04  3.430E+04
  1.056E+04  0.000E+00  0.000E+00  0.000E+00  0.000E+00  0.000E+00  0.000E+00  0.000E+00  0.000E+00  0.000E+00
  0.000E+00  0.000E+00  0.000E+00  0.000E+00  0.000E+00  1.125E+02  0.000E+00  0.000E+00  0.000E+00  0.000E+00
  0.000E+00  0.000E+00  0.000E+00  0.000E+00  1.040E+03  0.000E+00  1.786E+01  0.000E+00  0.000E+00  1.692E+03
  3.814E+02  0.000E+00  0.000E+00  1.107E+03  0.000E+00  5.701E+02  0.000E+00  0.000E+00  0.000E+00  0.000E+00
  7.147E+03  6.165E+03  4.481E+03  2.817E+03  4.800E+03  3.460E+03  8.876E+03  1.013E+04  9.035E+03  8.466E+03
  4.656E+03  3.742E+03  6.009E+03  2.044E+03  3.736E+03  3.018E+03  8.797E+03  8.383E+03  8.981E+03  1.195E+04
  1.174E+04  1.070E+04  8.469E+03  5.032E+03  3.973E+03  4.315E+03  2.516E+03  3.941E+03  8.703E+02  2.636E+03
  3.722E+03  5.634E+03  2.948E+03  2.656E+03  3.097E+03  1.777E+03  2.466E+03  5.007E+03  4.413E+03  4.629E+03
  6.939E+03  5.817E+03  5.793E+03  3.599E+03  5.111E+03  5.054E+03  3.487E+03  4.507E+03  6.332E+03  8.373E+03
  7.504E+03  4.160E+03  7.097E+03  8.855E+03  4.066E+03  3.466E+03  6.555E+03  4.256E+03  7.312E+03  8.917E+03
  9.605E+03  9.681E+03  9.569E+03  5.742E+03  2.343E+03  2.663E+03  2.919E+03  3.331E+03  7.559E+03  1.240E+04
  8.295E+03  7.549E+03  7.926E+03  7.056E+03  6.480E+03  6.255E+03  8.660E+03  6.724E+03  1.211E+04  1.077E+04
  6.944E+03  7.270E+03  4.380E+03  6.406E+03  6.205E+03  5.512E+03  5.004E+03  5.588E+03  7.532E+03  7.136E+03
  7.977E+03  1.004E+04  1.175E+04  1.670E+04  1.361E+04  1.417E+04  1.506E+04  1.516E+04  1.054E+04  1.046E+04
  1.227E+04  1.672E+04  1.141E+04  1.166E+04  1.613E+04  1.201E+04  9.897E+03  1.020E+04  1.239E+04  2.635E+04
  1.167E+04  0.000E+00  0.000E+00  0.000E+00  0.000E+00  0.000E+00  0.000E+00  0.000E+00  0.000E+00  0.000E+00
  0.000E+00  0.000E+00  0.000E+00  0.000E+00  0.000E+00  0.000E+00  0.000E+00  0.000E+00  0.000E+00  0.000E+00
  0.000E+00  0.000E+00  0.000E+00  0.000E+00  0.000E+00  0.000E+00  0.000E+00  0.000E+00  0.000E+00  0.000E+00
  0.000E+00  0.000E+00  0.000E+00  0.000E+00  0.000E+00  0.000E+00  0.000E+00  1.251E+03  4.392E+02  0.000E+00
  1.936E+03  3.772E+03  7.809E+03  8.010E+03  5.361E+03  4.192E+03  4.458E+03  5.978E+03  1.029E+03  3.081E+03
  8.625E+03  9.461E+03  5.055E+03  7.974E+03  6.173E+03  6.605E+03  5.632E+03  7.766E+03  4.096E+03  5.569E+03
  7.780E+03  8.359E+03  6.992E+03  7.691E+03  7.604E+03  7.066E+03  4.636E+03  4.275E+03  3.491E+03  4.387E+03
  6.102E+03  5.753E+03  5.553E+03  3.865E+03  3.316E+03  5.874E+02  0.000E+00  0.000E+00  2.708E+03  4.777E+03
  8.423E+03  7.677E+03  3.521E+03  1.675E+03  2.112E+03  4.037E+03  5.130E+03  4.638E+03  3.767E+03  2.271E+03
  6.182E+03  3.571E+03  3.715E+03  3.554E+03  8.168E+03  9.234E+03  7.722E+03  7.781E+03  4.264E+03  4.475E+03
  6.482E+03  3.953E+03  5.671E+03  8.104E+03  1.016E+04  8.386E+03  7.480E+03  4.686E+03  2.962E+03  6.148E+03
  5.704E+03  5.281E+03  2.216E+03  5.380E+03  9.740E+03  6.729E+03  7.544E+03  9.810E+03  9.357E+03  4.528E+03
  5.634E+03  3.079E+03  6.790E+03  4.372E+03  9.929E+03  7.225E+03  3.985E+03  5.110E+03  4.862E+03  5.373E+03
  6.063E+03  8.066E+03  8.072E+03  6.511E+03  1.060E+04  9.430E+03  9.140E+03  1.200E+04  1.694E+04  1.418E+04
  1.472E+04  1.279E+04  8.133E+03  6.840E+03  1.018E+04  9.734E+03  1.179E+04  1.589E+04  1.466E+04  1.657E+04
  6.623E+03  0.000E+00  0.000E+00  0.000E+00  0.000E+00  0.000E+00  0.000E+00  0.000E+00  0.000E+00  0.000E+00
  0.000E+00  0.000E+00  0.000E+00  0.000E+00  0.000E+00  0.000E+00  0.000E+00  1.175E+03  1.031E+03  0.000E+00
  6.572E+02  0.000E+00  0.000E+00  0.000E+00  0.000E+00  0.000E+00  0.000E+00  0.000E+00  0.000E+00  0.000E+00
  0.000E+00  0.000E+00  0.000E+00  0.000E+00  0.000E+00  0.000E+00  8.779E+02  1.166E+03  0.000E+00  6.755E+02
  2.651E+03  4.122E+03  3.453E+03  2.526E+03  1.170E+04  7.287E+03  7.340E+03  1.091E+04  5.521E+03  4.061E+03
  4.269E+03  3.682E+03  4.973E+03  2.851E+03  5.653E+03  7.181E+03  3.801E+03  8.417E+03  1.109E+04  7.155E+03
  3.636E+03  2.746E+03  4.605E+03  8.786E+03  6.153E+03  2.312E+03  6.713E+03  4.377E+03  4.143E+03  3.614E+03
  6.689E+03  8.984E+03  7.868E+03  7.515E+03  8.779E+03  9.988E+03  7.037E+03  2.069E+03  0.000E+00  1.002E+03
  4.434E+03  7.570E+03  6.393E+03  5.824E+03  7.316E+03  6.206E+03  4.869E+03  1.219E+03  5.467E+03  4.222E+03
  7.498E+02  2.523E+03  4.199E+03  1.864E+03  2.538E+03  5.149E+03  5.768E+03  5.668E+03  5.655E+03  3.980E+03
  4.585E+03  6.214E+03  6.264E+03  4.659E+03  4.901E+03  5.275E+03  1.048E+04  6.175E+03  5.817E+03  6.374E+03
  6.650E+03  9.008E+03  1.152E+04  6.863E+03  5.933E+03  6.184E+03  6.952E+03  1.003E+04  8.831E+03  1.313E+04
  1.072E+04  3.874E+03  5.425E+03  6.012E+03  8.306E+03  9.114E+03  6.621E+03  5.097E+03  4.829E+03  7.870E+03
  5.047E+03  7.463E+03  7.108E+03  7.198E+03  3.996E+03  3.545E+03  5.552E+03  4.634E+03  6.848E+03  1.002E+04
  1.006E+04  1.244E+04  1.525E+04  1.737E+04  1.266E+04  1.447E+04  1.070E+04  1.220E+04  1.052E+04  8.836E+03
  7.831E+03  0.000E+00  0.000E+00  0.000E+00  0.000E+00  0.000E+00  0.000E+00  0.000E+00  0.000E+00  0.000E+00
  0.000E+00  0.000E+00  0.000E+00  0.000E+00  0.000E+00  0.000E+00  0.000E+00  0.000E+00  0.000E+00  0.000E+00
  0.000E+00  1.149E+03  0.000E+00  0.000E+00  0.000E+00  0.000E+00  0.000E+00  0.000E+00  0.000E+00  0.000E+00
  0.000E+00  0.000E+00  0.000E+00  0.000E+00  0.000E+00  5.045E+02  1.539E+03  0.000E+00  0.000E+00  0.000E+00
  6.342E+03  3.916E+03  1.302E+03  6.411E+03  4.112E+03  5.920E+03  6.611E+03  5.758E+03  7.644E+03  7.172E+03
  5.260E+03  6.222E+03  6.237E+03  4.911E+03  5.308E+03  7.623E+03  3.323E+03  6.017E+03  1.563E+03  2.354E+03
  9.532E+02  4.206E+02  2.835E+03  4.424E+03  3.450E+03  5.616E+03  2.001E+03  7.660E+03  4.708E+03  2.624E+03
  2.121E+03  3.474E+03  3.280E+03  3.434E+03  4.322E+03  7.753E+03  4.038E+03  4.775E+03  1.070E+03  1.338E+03
  7.676E+03  5.373E+03  8.730E+03  6.691E+03  6.467E+03  1.623E+03  2.692E+03  7.150E+01  0.000E+00  2.883E+02
  2.787E+03  5.341E+03  6.074E+03  3.440E+03  2.455E+03  1.033E+03  2.292E+03  3.215E+03  2.106E+03  7.137E+02
  8.091E+02  1.909E+03  2.048E+03  2.978E+03  6.093E+03  5.463E+03  4.859E+03  5.611E+03  6.314E+03  8.227E+03
  7.206E+03  6.835E+03  7.321E+03  5.343E+03  9.129E+03  1.182E+04  1.259E+04  1.306E+04  1.232E+04  1.478E+04
  1.587E+04  1.010E+04  3.859E+03  3.269E+03  5.561E+03  8.361E+03  7.311E+03  7.253E+03  4.276E+03  3.511E+03
  6.163E+03  4.785E+03  6.164E+03  6.435E+03  4.168E+03  7.872E+03  5.863E+03  5.885E+03  7.157E+03  8.431E+03
  5.154E+03  4.938E+03  6.534E+03  5.253E+03  1.164E+04  1.159E+04  8.559E+03  1.167E+04  1.698E+04  1.432E+04
  4.526E+03  0.000E+00  0.000E+00  0.000E+00  0.000E+00  0.000E+00  0.000E+00  0.000E+00  0.000E+00  0.000E+00
  0.000E+00  0.000E+00  0.000E+00  0.000E+00  0.000E+00  0.000E+00  0.000E+00  6.730E+02  0.000E+00  0.000E+00
  0.000E+00  8.382E+02  0.000E+00  0.000E+00  0.000E+00  0.000E+00  0.000E+00  0.000E+00  0.000E+00  0.000E+00
  0.000E+00  0.000E+00  0.000E+00  0.000E+00  9.894E+02  1.913E+03  0.000E+00  0.000E+00  0.000E+00  0.000E+00
  5.569E+03  3.821E+03  4.897E+03  7.310E+03  3.522E+03  4.923E+03  1.776E+03  1.049E+03  1.950E+03  9.280E+03
  9.240E+03  4.633E+03  5.901E+03  4.085E+03  4.008E+03  8.370E+03  8.198E+03  4.645E+03  2.629E+03  3.492E+03
  8.181E+03  4.807E+03  3.458E+02  4.921E+03  2.370E+03  5.273E+03  3.155E+03  5.677E+03  5.884E+03  4.921E+03
  6.048E+03  5.328E+03  2.867E+03  3.209E+03  5.940E+03  5.451E+03  1.055E+03  4.881E+03  5.987E+03  8.790E+02
  9.073E+02  1.723E+03  3.029E+03  3.645E+03  6.598E+03  3.817E+03  3.427E+03  7.250E+02  0.000E+00  1.053E+03
  1.901E+02  3.818E+03  7.358E+03  5.655E+03  6.547E+03  5.869E+03  4.793E+03  6.505E+03  2.627E+03  6.174E+02
  0.000E+00  7.885E+02  3.317E+03  3.180E+03  3.490E+03  2.696E+03  3.551E+03  2.794E+03  6.865E+03  1.599E+04
  1.142E+04  6.977E+03  4.894E+03  7.446E+03  8.980E+03  7.319E+03  3.163E+03  5.347E+03  6.380E+03  6.751E+03
  1.156E+04  1.383E+04  1.402E+04  1.010E+04  4.801E+03  3.767E+03  7.822E+03  8.555E+03  5.820E+03  4.059E+03
  5.346E+03  4.994E+03  5.108E+03  5.695E+03  6.006E+03  8.107E+03  7.821E+03  1.039E+04  8.381E+03  4.364E+03
  1.128E+03  3.316E+03  6.644E+03  8.140E+03  5.741E+03  7.600E+03  7.567E+03  1.022E+04  9.738E+03  6.965E+03
  3.159E+03  0.000E+00  0.000E+00  0.000E+00  0.000E+00  0.000E+00  0.000E+00  0.000E+00  0.000E+00  0.000E+00
  0.000E+00  0.000E+00  0.000E+00  0.000E+00  0.000E+00  0.000E+00  0.000E+00  5.252E+02  8.356E+02  0.000E+00
  0.000E+00  0.000E+00  0.000E+00  0.000E+00  0.000E+00  0.000E+00  1.344E+02  0.000E+00  0.000E+00  0.000E+00
  0.000E+00  0.000E+00  1.466E+02  2.687E+03  2.819E+03  0.000E+00  0.000E+00  0.000E+00  0.000E+00  0.000E+00
  2.280E+03  1.086E+03  1.316E+03  4.752E+03  4.188E+03  4.550E+03  4.631E+03  4.307E+03  7.735E+02  1.363E+03
  5.234E+03  4.358E+03  4.917E+03  5.282E+03  5.105E+03  4.333E+03  8.147E+03  8.131E+03  7.250E+03  5.826E+03
  2.347E+03  4.166E+03  4.308E+03  4.574E+03  5.594E+03  3.599E+03  1.316E+03  2.221E+03  3.487E+03  7.758E+03
  6.499E+03  8.811E+03  3.793E+03  3.514E+03  3.278E+03  5.445E+03  6.341E+03  2.920E+03  5.010E+03  6.637E+03
  3.531E+03  2.511E+03  4.141E+02  4.802E+03  4.151E+03  8.071E+03  8.194E+03  4.479E+03  5.261E+03  2.422E+03
  0.000E+00  0.000E+00  2.153E+03  5.499E+03  4.897E+03  5.378E+03  6.753E+03  2.930E+03  6.620E+03  5.129E+03
  3.471E+03  5.365E+03  6.076E+03  6.026E+03  3.158E+03  5.019E+03  7.931E+03  6.101E+03  4.975E+03  1.578E+03
  4.062E+03  6.700E+03  5.448E+03  4.209E+03  8.331E+03  1.229E+04  1.324E+04  8.895E+03  9.847E+03  4.556E+03
  3.425E+03  4.687E+03  5.673E+03  8.972E+03  7.305E+03  6.853E+03  4.933E+03  7.428E+03  8.057E+03  8.538E+03
  6.969E+03  4.619E+03  3.681E+03  3.365E+03  4.901E+03  4.523E+03  1.591E+03  2.127E+03  6.661E+03  5.248E+03
  8.236E+03  7.054E+03  6.191E+03  7.978E+03  7.031E+03  6.984E+03  7.367E+03  7.106E+03  1.302E+04  5.578E+03
  1.791E+03  0.000E+00  0.000E+00  0.000E+00  0.000E+00  0.000E+00  0.000E+00  0.000E+00  0.000E+00  0.000E+00
  0.000E+00  0.000E+00  0.000E+00  0.000E+00  0.000E+00  0.000E+00  0.000E+00  0.000E+00  0.000E+00  0.000E+00
  0.000E+00  0.000E+00  0.000E+00  0.000E+00  0.000E+00  0.000E+00  1.136E+03  0.000E+00  2.215E+01  9.831E+02
  0.000E+00  0.000E+00  1.730E+03  2.110E+03  2.425E+02  0.000E+00  2.156E+02  0.000E+00  0.000E+00  0.000E+00
  6.550E+03  1.647E+03  2.072E+03  3.439E+03  2.867E+03  2.422E+03  4.361E+03  3.967E+03  4.420E+03  3.416E+03
  4.075E+03  5.793E+02  1.825E+03  6.060E+03  2.962E+03  4.238E+03  2.199E+03  5.477E+03  8.415E+03  9.947E+03
  1.088E+04  5.731E+03  6.001E+03  3.531E+03  2.402E+03  2.617E+03  5.281E+03  4.545E+03  2.571E+03  4.056E+03
  2.652E+03  5.092E+03  8.208E+03  5.042E+03  5.044E+03  1.145E+03  3.209E+03  1.020E+04  6.723E+03  3.347E+03
  3.616E+03  4.297E+03  3.312E+03  8.727E+02  5.428E+03  3.716E+03  4.875E+03  6.326E+03  5.287E+03  1.057E+04
  4.751E+03  2.135E+03  2.577E+03  3.123E+03  7.128E+02  1.476E+03  4.201E+03  7.597E+03  4.956E+03  3.653E+03
  5.237E+03  6.012E+03  2.082E+03  5.939E+03  5.713E+03  5.098E+03  3.628E+03  7.896E+03  6.371E+03  5.772E+03
  3.988E+03  5.042E+03  4.326E+03  2.473E+03  6.031E+03  4.894E+03  3.828E+03  4.484E+03  9.153E+03  7.164E+03
  3.699E+03  3.497E+03  5.713E+03  4.982E+03  9.436E+03  1.962E+03  4.479E+03  4.940E+03  3.648E+03  3.371E+03
  8.835E+03  1.044E+04  7.785E+03  5.708E+03  5.529E+03  6.427E+03  3.342E+03  2.133E+03  4.442E+03  6.095E+03
  6.587E+03  5.873E+03  4.733E+03  6.860E+03  1.027E+04  9.657E+03  1.189E+04  1.166E+04  9.171E+03  8.169E+03
  1.028E+03  0.000E+00  0.000E+00  0.000E+00  0.000E+00  0.000E+00  0.000E+00  0.000E+00  0.000E+00  0.000E+00
  0.000E+00  0.000E+00  0.000E+00  0.000E+00  0.000E+00  0.000E+00  0.000E+00  0.000E+00  7.719E+02  2.064E+02
  4.394E+02  0.000E+00  0.000E+00  0.000E+00  0.000E+00  0.000E+00  2.013E+02  0.000E+00  0.000E+00  0.000E+00
  9.241E+02  0.000E+00  4.010E+03  6.159E+02  1.426E+03  7.289E+00  2.095E+03  2.762E+00  1.107E+03  0.000E+00
  1.761E+03  3.267E+03  6.924E+02  2.207E+03  7.925E+02  6.403E+03  2.050E+03  2.334E+03  0.000E+00  6.317E+02
  9.254E+02  6.753E+03  6.448E+03  5.602E+03  7.777E+03  5.211E+03  3.269E+03  3.654E+03  7.618E+03  5.644E+03
  8.472E+03  8.153E+03  6.808E+03  6.091E+03  4.982E+03  3.908E+03  3.677E+03  4.227E+03  4.495E+03  3.589E+03
  4.142E+03  3.526E+03  3.254E+03  3.964E+03  5.019E+03  4.087E+03  3.855E+03  4.748E+03  8.492E+03  5.660E+03
  6.711E+03  3.131E+03  2.155E+03  2.256E+03  1.996E+03  3.742E+03  1.114E+03  4.741E+03  2.483E+03  1.713E+03
  4.607E+03  4.724E+03  6.762E+03  7.406E+03  4.756E+03  3.314E+03  2.872E+03  2.988E+03  9.279E+03  9.651E+03
  7.781E+03  4.054E+03  6.177E+03  3.232E+03  4.681E+03  5.587E+03  3.473E+03  2.211E+02  4.783E+03  5.087E+03
  1.909E+03  1.615E+03  3.284E+03  2.527E+03  5.668E+03  6.062E+03  4.706E+03  8.364E+03  2.294E+03  1.997E+03
  1.803E+03  0.000E+00  6.162E+02  6.783E+03  1.074E+04  1.217E+04  7.263E+03  3.273E+03  8.398E+03  8.752E+03
  9.467E+03  8.451E+03  8.440E+03  5.792E+03  6.412E+03  6.383E+03  7.942E+03  4.932E+03  8.410E+02  1.789E+03
  6.451E+03  5.281E+03  5.207E+03  4.128E+03  6.139E+03  4.236E+03  4.813E+03  5.417E+03  9.011E+03  1.201E+04
  4.148E+03  0.000E+00  0.000E+00  0.000E+00  0.000E+00  0.000E+00  0.000E+00  0.000E+00  0.000E+00  0.000E+00
  0.000E+00  0.000E+00  0.000E+00  0.000E+00  0.000E+00  0.000E+00  0.000E+00  0.000E+00  1.006E+02  1.263E+03
  1.021E+03  1.453E+03  0.000E+00  0.000E+00  0.000E+00  0.000E+00  1.596E+03  0.000E+00  0.000E+00  5.284E+02
  2.210E+03  1.054E+03  1.482E+03  0.000E+00  1.436E+03  3.032E+02  0.000E+00  0.000E+00  6.806E+02  0.000E+00
  4.936E+03  1.560E+03  3.157E+03  8.029E+02  0.000E+00  1.193E+03  2.165E+03  4.979E+02  3.194E+03  1.672E+03
  8.308E+02  1.941E+03  5.193E+03  1.081E+03  1.707E+03  3.100E+03  5.138E+03  6.829E+03  3.031E+03  4.716E+03
  3.894E+03  4.233E+03  1.970E+03  7.087E+02  5.728E+03  6.402E+03  7.799E+03  6.827E+03  6.257E+03  2.922E+03
  3.901E+03  4.693E+03  8.113E+02  2.880E+03  1.643E+03  0.000E+00  4.659E+02  1.881E+03  2.547E+03  7.852E+03
  6.310E+03  8.704E+03  7.249E+03  2.469E+03  1.288E+02  3.403E+03  2.579E+03  1.662E+03  4.322E+03  2.125E+03
  2.195E+03  2.194E+03  2.379E+03  6.357E+03  4.855E+03  7.353E+03  1.031E+04  1.026E+04  5.413E+03  4.279E+03
  5.196E+03  9.329E+03  8.151E+03  5.057E+03  4.767E+03  7.164E+03  6.108E+03  2.919E+03  2.643E+03  5.257E+03
  5.886E+03  4.397E+03  2.443E+03  1.542E+03  3.786E+03  6.657E+02  1.827E+03  5.790E+03  2.995E+03  1.743E+03
  1.110E+03  1.611E+03  4.979E+03  7.829E+03  6.028E+03  7.150E+03  1.507E+03  5.127E+03  4.593E+03  4.704E+03
  5.682E+03  2.386E+03  2.417E+03  5.928E+03  7.371E+03  9.277E+03  3.952E+03  5.964E+03  9.117E+03  4.718E+03
  5.123E+03  8.262E+03  5.822E+03  1.805E+03  1.583E+03  1.873E+03  1.443E+03  6.800E+03  6.366E+03  5.944E+03
  2.946E+03  0.000E+00  0.000E+00  0.000E+00  0.000E+00  0.000E+00  0.000E+00  0.000E+00  0.000E+00  0.000E+00
  0.000E+00  0.000E+00  0.000E+00  0.000E+00  0.000E+00  0.000E+00  0.000E+00  0.000E+00  0.000E+00  3.632E+02
  0.000E+00  0.000E+00  0.000E+00  0.000E+00  0.000E+00  0.000E+00  6.137E+02  5.723E+01  7.171E+02  8.711E+02
  8.096E+02  1.917E+03  6.841E+01  0.000E+00  0.000E+00  0.000E+00  0.000E+00  0.000E+00  6.175E+01  0.000E+00
  3.793E+03  3.900E+03  3.962E+03  3.385E+03  0.000E+00  2.211E+03  0.000E+00  0.000E+00  2.038E+02  0.000E+00
  1.001E+03  8.789E+02  2.910E+03  7.065E+03  3.640E+03  2.036E+03  1.170E+03  4.345E+03  4.860E+03  4.359E+03
  1.964E+03  1.993E+03  1.422E+03  1.544E+03  4.432E+03  4.392E+03  3.469E+03  7.073E+03  2.822E+03  4.199E+03
  3.348E+03  3.471E+03  2.002E+03  2.782E+03  3.443E+03  1.345E+03  1.781E+03  2.652E+03  1.420E+03  1.651E+03
  5.988E+03  3.880E+03  3.479E+03  4.254E+03  8.388E+03  1.757E+03  4.767E+03  1.987E+03  4.727E+03  1.707E+03
  5.131E+02  2.796E+03  2.650E+03  7.894E+02  1.481E+03  5.172E+03  2.051E+03  5.033E+03  7.202E+03  4.019E+03
  2.719E+03  6.498E+03  1.080E+04  8.112E+03  5.131E+03  4.479E+03  3.738E+03  3.667E+03  7.229E+03  5.330E+03
  1.966E+03  4.103E+03  3.064E+03  4.256E+03  2.338E+03  5.881E+03  4.200E+03  2.263E+03  2.311E+03  6.179E+03
  3.385E+03  5.237E+02  3.661E+03  2.972E+03  5.105E+03  5.587E+03  7.269E+03  6.839E+03  3.926E+03  4.286E+03
  3.152E+03  4.458E+03  3.587E+03  3.016E+03  1.117E+03  1.001E+03  5.370E+03  6.355E+03  5.366E+03  6.012E+03
  4.553E+03  8.173E+03  7.363E+03  5.656E+03  3.572E+03  2.965E+03  0.000E+00  1.479E+03  5.435E+03  3.761E+03
  1.061E+03  0.000E+00  0.000E+00  0.000E+00  0.000E+00  0.000E+00  0.000E+00  0.000E+00  0.000E+00  0.000E+00
  0.000E+00  0.000E+00  0.000E+00  0.000E+00  0.000E+00  0.000E+00  0.000E+00  0.000E+00  0.000E+00  0.000E+00
  0.000E+00  1.537E+03  0.000E+00  0.000E+00  0.000E+00  0.000E+00  0.000E+00  6.997E+02  0.000E+00  5.889E+02
  1.736E+03  0.000E+00  1.585E+03  7.223E+02  0.000E+00  0.000E+00  0.000E+00  0.000E+00  0.000E+00  0.000E+00
  3.094E+03  5.179E+03  2.281E+03  2.599E+03  1.192E+03  1.820E+03  0.000E+00  0.000E+00  1.470E+03  1.703E+03
  1.798E+03  3.375E+03  2.170E+03  9.739E+02  4.166E+03  3.326E+03  3.779E+03  4.930E+03  7.100E+03  2.031E+03
  4.863E+03  6.411E+03  5.612E+03  3.091E+03  7.609E+02  1.318E+03  8.603E+03  3.425E+03  0.000E+00  1.630E+03
  1.501E+03  2.725E+03  3.486E+03  3.608E+03  3.929E+03  2.386E+03  1.011E+03  2.581E+03  7.606E+02  1.522E+03
  0.000E+00  4.087E+03  9.473E+03  6.579E+03  2.962E+03  5.277E+03  2.534E+03  5.020E+03  2.122E+03  6.191E+03
  2.008E+03  1.384E+03  3.156E+03  1.127E+03  7.805E+02  1.646E+03  6.052E+03  3.489E+03  3.726E+03  4.638E+03
  2.256E+03  2.877E+03  6.228E+03  8.426E+03  1.448E+04  7.496E+03  5.726E+03  6.132E+03  8.523E+03  2.305E+03
  2.996E+02  5.398E+03  4.067E+03  3.128E+03  6.033E+03  6.154E+03  6.294E+03  6.515E+03  8.155E+03  3.331E+03
  5.566E+02  1.528E+03  7.995E+02  1.238E+03  3.628E+03  3.992E+03  6.010E+03  5.594E+03  6.881E+03  5.868E+03
  4.375E+03  3.467E+03  3.778E+03  4.815E+03  4.259E+03  6.268E+03  7.129E+03  4.222E+03  5.060E+03  6.041E+03
  6.402E+03  3.685E+03  2.955E+03  5.271E+03  3.405E+03  2.853E+03  6.435E+02  0.000E+00  0.000E+00  2.445E+03
  3.568E+02  0.000E+00  0.000E+00  0.000E+00  0.000E+00  0.000E+00  0.000E+00  0.000E+00  0.000E+00  0.000E+00
  0.000E+00  0.000E+00  0.000E+00  0.000E+00  0.000E+00  6.197E+02  1.751E+03  0.000E+00  0.000E+00  0.000E+00
  5.594E+02  3.278E+02  0.000E+00  0.000E+00  0.000E+00  4.040E+02  0.000E+00  0.000E+00  0.000E+00  3.396E+02
  0.000E+00  1.624E+03  3.951E+02  0.000E+00  0.000E+00  0.000E+00  0.000E+00  0.000E+00  5.390E+01  0.000E+00
  2.778E+03  3.519E+03  5.540E+03  2.996E+03  1.677E+03  3.012E+03  3.080E+03  2.572E+03  3.390E+02  0.000E+00
  4.951E+02  5.823E+02  3.730E+02  2.449E+03  2.697E+03  6.339E+03  3.408E+03  2.168E+03  5.629E+03  4.147E+03
  2.769E+03  4.196E+03  4.615E+02  5.924E+03  5.506E+03  2.730E+03  2.907E+03  5.843E+03  3.490E+03  5.672E+02
  5.849E+02  1.190E+03  2.887E+03  2.072E+03  2.049E+03  3.430E+03  2.909E+03  4.866E+03  7.219E+03  2.001E+03
  3.622E+03  4.645E+03  3.117E+03  6.014E+03  9.420E+03  3.631E+03  3.797E+01  6.051E+02  3.010E+03  5.332E+03
  4.103E+03  1.580E+03  8.326E+02  0.000E+00  1.183E+03  1.651E+03  7.421E+02  1.618E+03  2.128E+03  2.125E+03
  2.611E+03  2.191E+03  4.822E+03  2.895E+03  4.997E+03  1.035E+04  1.078E+04  6.383E+03  9.839E+03  7.224E+03
  6.516E+03  1.694E+03  4.989E+02  6.350E+03  4.231E+03  5.545E+03  7.662E+03  2.194E+03  4.591E+03  5.101E+03
  5.538E+03  3.894E+03  4.491E+03  6.396E+02  1.781E+03  2.390E+03  3.857E+03  4.413E+03  1.920E+03  6.260E+03
  9.058E+03  6.681E+03  1.301E+03  1.547E+03  2.691E+03  4.571E+03  5.139E+03  7.791E+03  1.137E+04  5.994E+03
  6.476E+03  7.809E+03  3.883E+03  4.695E+03  5.283E+03  3.553E+03  7.644E+02  1.004E+03  4.534E+02  1.722E+03
  0.000E+00  0.000E+00  0.000E+00  0.000E+00  0.000E+00  0.000E+00  0.000E+00  0.000E+00  0.000E+00  0.000E+00
  0.000E+00  0.000E+00  0.000E+00  0.000E+00  0.000E+00  2.665E+02  0.000E+00  0.000E+00  0.000E+00  0.000E+00
  0.000E+00  0.000E+00  1.122E+03  0.000E+00  0.000E+00  1.293E+03  0.000E+00  7.991E+02  0.000E+00  0.000E+00
  1.180E+03  8.393E+02  0.000E+00  0.000E+00  0.000E+00  1.544E+03  8.992E+02  0.000E+00  8.598E+02  0.000E+00
  1.031E+03  3.332E+03  3.430E+03  5.353E+03  2.492E+03  4.078E+03  3.283E+03  2.170E+03  6.897E+02  1.158E+02
  0.000E+00  0.000E+00  1.308E+03  1.762E+03  3.943E+03  2.825E+03  3.612E+03  3.644E+03  3.226E+03  2.572E+03
  4.058E+03  2.520E+03  5.713E+03  4.009E+03  1.380E+03  3.069E+03  5.132E+03  3.126E+03  2.732E+03  1.641E+03
  3.078E+03  2.952E+02  3.599E+03  8.617E+03  7.861E+03  6.087E+03  3.684E+03  3.495E+03  2.627E+03  2.463E+03
  5.696E+03  2.263E+03  6.873E+03  8.196E+03  5.350E+03  6.349E+03  3.588E+03  1.989E+03  1.633E+03  2.746E+01
  3.216E+03  4.233E+03  6.363E+03  2.527E+03  1.580E+03  2.267E+03  3.047E+03  1.756E+03  3.723E+03  4.327E+02
  2.023E+03  5.657E+03  1.080E+04  4.528E+03  3.948E+03  2.898E+02  2.688E+03  7.328E+03  4.885E+03  6.627E+03
  7.113E+03  6.188E+03  5.325E+03  4.884E+03  4.961E+03  4.748E+03  4.508E+03  6.532E+03  3.134E+03  2.996E+03
  1.989E+03  3.771E+03  1.507E+03  1.322E+03  4.096E+03  2.775E+03  2.640E+03  2.141E+02  1.220E+03  2.848E+02
  2.358E+03  6.567E+03  6.751E+03  3.273E+03  5.754E+03  5.153E+02  1.674E+03  3.796E+03  3.562E+03  2.705E+03
  2.140E+03  5.002E+03  9.011E+03  1.955E+03  3.526E+03  8.736E+03  9.795E+03  5.506E+03  3.846E+03  2.039E+03
  1.084E+03  0.000E+00  0.000E+00  0.000E+00  0.000E+00  0.000E+00  0.000E+00  0.000E+00  0.000E+00  0.000E+00
  0.000E+00  0.000E+00  0.000E+00  0.000E+00  0.000E+00  0.000E+00  0.000E+00  0.000E+00  0.000E+00  0.000E+00
  0.000E+00  0.000E+00  0.000E+00  1.364E+03  0.000E+00  0.000E+00  0.000E+00  0.000E+00  0.000E+00  5.986E+02
  1.283E+03  0.000E+00  9.270E+02  0.000E+00  0.000E+00  1.366E+03  0.000E+00  0.000E+00  7.227E+02  9.616E+02
  2.129E+03  2.124E+03  4.322E+03  3.638E+03  6.127E+03  6.340E+03  5.338E+03  1.204E+03  3.587E+03  4.959E+03
  3.625E+03  1.498E+03  1.333E+03  3.003E+03  5.131E+03  4.861E+03  9.647E+02  1.408E+03  4.061E+03  1.575E+03
  4.897E+02  2.717E+03  8.844E+02  1.510E+03  4.778E+03  2.465E+03  5.086E+03  7.393E+03  1.915E+03  2.066E+03
  2.858E+03  4.447E+03  2.054E+03  5.332E+03  5.691E+03  5.412E+03  3.665E+03  3.312E+03  2.526E+03  4.833E+02
  3.143E+03  3.799E+03  3.691E+03  3.267E+03  4.443E+03  5.625E+03  4.830E+03  4.702E+03  2.421E+03  8.269E+02
  0.000E+00  2.038E+03  1.697E+03  4.249E+03  4.569E+03  4.007E+03  5.160E+03  3.458E+03  1.646E+03  2.162E+03
  3.937E+03  1.924E+03  5.193E+03  3.311E+03  3.279E+03  2.794E+03  1.007E+03  2.821E+03  5.377E+03  4.431E+03
  2.318E+03  3.882E+03  1.428E+03  2.293E+03  1.867E+03  2.959E+03  6.340E+03  4.645E+03  4.514E+03  7.871E+02
  3.709E+03  2.166E+03  3.866E+03  2.048E+03  1.923E+03  4.151E+03  1.978E+03  3.916E+03  1.525E+03  1.542E+03
  2.688E+03  0.000E+00  3.183E+03  3.922E+03  6.295E+03  3.764E+03  1.622E+03  1.494E+03  2.813E+03  3.825E+03
  2.735E+02  0.000E+00  1.408E+02  2.983E+03  2.148E+03  1.861E+03  3.443E+03  2.718E+03  6.764E+03  1.232E+04
  2.493E+03  0.000E+00  0.000E+00  0.000E+00  0.000E+00  0.000E+00  0.000E+00  0.000E+00  0.000E+00  0.000E+00
  0.000E+00  0.000E+00  0.000E+00  0.000E+00  0.000E+00  7.672E+02  0.000E+00  0.000E+00  0.000E+00  0.000E+00
  0.000E+00  1.980E+02  1.990E+02  1.553E+01  3.516E+02  0.000E+00  0.000E+00  0.000E+00  0.000E+00  0.000E+00
  0.000E+00  0.000E+00  0.000E+00  0.000E+00  0.000E+00  4.375E+02  3.972E+02  0.000E+00  0.000E+00  1.152E+03
  2.810E+03  4.454E+03  4.643E+03  4.813E+03  6.327E+03  4.951E+03  5.249E+03  1.317E+01  2.259E+03  1.864E+03
  2.055E+03  3.848E+03  2.589E+03  1.495E+03  1.502E+03  4.650E+03  4.841E+03  4.548E+03  2.467E+03  5.728E+03
  4.499E+03  1.515E+03  1.675E+03  1.939E+03  2.566E+03  4.182E+03  3.039E+03  3.941E+03  7.177E+03  5.339E+03
  0.000E+00  8.044E+02  2.174E+03  2.513E+03  3.387E+03  3.061E+03  5.441E+03  3.274E+03  5.842E+02  2.100E+03
  2.333E+03  1.241E+02  0.000E+00  1.843E+03  4.928E+03  2.339E+03  4.373E+03  3.114E+03  4.181E+03  3.524E+03
  9.896E+02  3.147E+01  7.748E+02  4.925E+03  3.475E+03  5.421E+03  2.402E+03  3.045E+03  1.928E+03  1.845E+03
  4.086E+03  5.374E+03  2.933E+03  4.481E+03  8.148E+03  2.137E+03  2.046E+03  2.252E+03  2.389E+03  1.679E+03
  2.451E+03  4.602E+03  5.770E+03  5.098E+03  3.779E+03  5.993E+03  3.636E+03  3.430E+03  6.684E+03  3.269E+03
  1.360E+03  2.010E+03  9.043E+02  3.827E+03  6.733E+03  4.971E+03  2.495E+03  5.142E+03  6.467E+03  9.288E+00
  1.834E+03  2.669E+03  0.000E+00  1.796E+03  6.252E+02  2.660E+03  1.458E+03  1.855E+02  2.941E+03  1.911E+03
  4.596E+03  3.444E+03  4.833E+02  2.587E+03  2.995E+03  7.734E+03  7.714E+03  5.862E+03  2.382E+03  3.579E+03
  2.049E+03  0.000E+00  0.000E+00  0.000E+00  0.000E+00  0.000E+00  0.000E+00  0.000E+00  0.000E+00  0.000E+00
  0.000E+00  0.000E+00  0.000E+00  0.000E+00  0.000E+00  2.801E+02  0.000E+00  0.000E+00  0.000E+00  0.000E+00
  0.000E+00  9.457E+02  1.253E+03  0.000E+00  6.377E+02  0.000E+00  0.000E+00  0.000E+00  0.000E+00  0.000E+00
  0.000E+00  0.000E+00  0.000E+00  0.000E+00  0.000E+00  0.000E+00  1.622E+03  0.000E+00  3.011E+02  7.606E+01
  4.266E+03  2.913E+03  6.218E+03  6.553E+03  3.281E+03  5.609E+03  7.920E+03  5.942E+03  3.944E+03  1.738E+03
  1.683E+03  5.079E+03  4.199E+03  1.267E+03  3.638E+02  1.958E+03  2.172E+03  2.225E+03  1.015E+03  1.837E+03
  3.791E+03  3.446E+03  2.312E+03  2.983E+03  1.690E+03  7.140E+02  2.598E+03  1.362E+03  2.988E+03  3.618E+03
  4.842E+03  4.018E+03  4.291E+03  1.058E+03  9.239E+02  3.297E+03  1.354E+03  1.930E+03  6.267E+03  3.963E+03
  6.350E+03  4.257E+03  2.781E+03  4.089E+03  2.938E+03  2.461E+03  3.764E+03  1.121E+03  2.020E+03  6.037E+03
  5.841E+03  2.316E+03  2.471E+03  2.675E+03  4.562E+03  2.446E+03  3.870E+03  6.387E+03  4.578E+03  2.203E+03
  1.815E+03  4.777E+03  1.272E+03  0.000E+00  2.169E+03  2.487E+03  3.446E+03  1.778E+03  2.188E+03  3.520E+03
  4.127E+03  2.249E+03  3.590E+03  1.210E+03  7.534E+02  3.827E+03  4.719E+03  6.793E+03  5.469E+03  6.965E+03
  8.914E+03  5.773E+03  2.516E+03  3.381E+03  2.620E+03  5.242E+03  6.743E+03  2.213E+03  2.485E+03  6.449E+03
  5.270E+03  3.892E+03  3.500E+03  1.254E+02  3.306E+03  2.972E+03  1.937E+03  1.288E+03  0.000E+00  0.000E+00
  1.640E+03  2.360E+03  4.051E+03  5.757E+03  2.910E+02  1.630E+03  4.470E+03  4.922E+03  4.632E+03  4.134E+03
  1.789E+03  0.000E+00  0.000E+00  0.000E+00  0.000E+00  0.000E+00  0.000E+00  0.000E+00  0.000E+00  0.000E+00
  0.000E+00  0.000E+00  0.000E+00  0.000E+00  0.000E+00  0.000E+00  0.000E+00  0.000E+00  0.000E+00  0.000E+00
  0.000E+00  0.000E+00  0.000E+00  0.000E+00  0.000E+00  1.012E+03  0.000E+00  0.000E+00  0.000E+00  0.000E+00
  0.000E+00  0.000E+00  0.000E+00  0.000E+00  0.000E+00  0.000E+00  1.622E+03  0.000E+00  0.000E+00  0.000E+00
  3.484E+03  6.496E+03  4.168E+03  2.363E+03  3.300E+03  9.226E+02  2.806E+03  2.566E+03  4.772E+03  1.824E+03
  2.927E+03  4.104E+03  4.314E+03  4.465E+03  5.116E+03  3.467E+03  1.567E+03  2.057E+03  4.007E+03  4.400E+03
  2.074E+03  2.691E+03  4.366E+03  6.002E+03  2.498E+03  1.048E+03  3.301E+03  1.695E+03  2.497E+02  2.600E+01
  9.340E+01  2.801E+03  6.490E+03  2.370E+03  3.408E+02  2.668E+03  5.836E+03  1.136E+03  2.170E+03  5.014E+03
  3.995E+03  3.835E+03  7.230E+03  6.250E+03  3.411E+03  1.672E+03  2.522E+03  4.068E+03  3.058E+03  3.600E+03
  4.806E+03  6.980E+03  5.550E+02  8.175E+02  1.000E+03  6.715E+03  6.632E+03  6.787E+03  5.274E+03  6.190E+03
  2.036E+03  1.972E+03  3.651E+03  9.335E+02  8.078E+02  9.404E+02  6.236E+02  3.882E+03  1.826E+03  2.721E+03
  5.636E+03  3.373E+03  4.358E+03  7.906E+02  1.573E+03  2.014E+02  0.000E+00  2.114E+03  5.338E+03  5.272E+03
  4.819E+03  6.351E+03  4.978E+03  4.799E+03  5.671E+03  5.585E+03  5.607E+03  6.670E+03  6.484E+03  3.905E+03
  6.841E+03  1.698E+03  2.630E+03  3.169E+03  2.942E+03  3.005E+03  2.381E+03  1.478E+03  0.000E+00  0.000E+00
  4.384E+03  6.152E+03  3.240E+03  3.075E+03  3.502E+03  4.202E+03  4.030E+03  1.287E+03  5.008E+02  2.157E+03
  1.961E+03  0.000E+00  0.000E+00  0.000E+00  0.000E+00  0.000E+00  0.000E+00  0.000E+00  0.000E+00  0.000E+00
  0.000E+00  0.000E+00  0.000E+00  0.000E+00  0.000E+00  0.000E+00  0.000E+00  1.187E+03  0.000E+00  0.000E+00
  0.000E+00  0.000E+00  8.975E+02  0.000E+00  0.000E+00  0.000E+00  0.000E+00  1.707E+03  3.004E+02  0.000E+00
  0.000E+00  0.000E+00  0.000E+00  0.000E+00  1.358E+03  0.000E+00  1.049E+03  0.000E+00  0.000E+00  0.000E+00
  4.756E+03  1.070E+03  5.303E+03  6.218E+03  5.708E+03  6.683E+03  3.027E+03  4.044E+03  7.966E+02  7.091E+02
  5.149E+02  2.130E+03  4.071E+03  2.869E+03  2.521E+03  1.414E+03  2.648E+03  2.122E+03  1.282E+03  1.212E+03
  2.318E+03  6.800E+03  3.706E+03  7.705E+02  3.079E+03  6.214E+03  4.246E+03  2.675E+03  2.501E+03  1.663E+03
  2.961E+03  4.202E+03  2.366E+03  2.689E+03  4.203E+03  3.268E+03  3.518E+03  6.055E+03  1.152E+04  4.117E+03
  2.046E+03  7.245E+03  5.876E+03  1.934E+03  3.761E+03  9.772E+02  2.388E+03  3.096E+03  1.856E+03  3.842E+03
  1.747E+03  2.249E+03  1.582E+03  0.000E+00  4.109E+03  1.142E+02  6.865E+01  1.223E+03  6.017E+03  4.542E+03
  5.101E+03  4.168E+03  2.757E+03  1.755E+03  3.262E+03  3.331E+03  3.386E+03  3.305E+03  5.944E+03  2.954E+03
  2.729E+03  1.331E+03  4.520E+03  1.511E+03  7.968E+02  3.426E+03  3.291E+03  1.537E+03  2.540E+02  4.585E+03
  2.305E+03  4.235E+03  1.858E+03  2.103E+03  3.728E+03  7.658E+03  3.491E+03  4.888E+03  3.782E+03  6.620E+03
  1.234E+04  3.766E+03  4.132E+03  4.651E+03  3.795E+03  5.616E+03  5.463E+03  5.299E+03  4.164E+03  2.331E+03
  2.943E+03  3.547E+03  1.880E+03  1.741E+03  3.662E+03  2.912E+03  4.327E+03  5.861E+03  5.058E+03  8.596E+03
  1.494E+03  0.000E+00  0.000E+00  0.000E+00  0.000E+00  0.000E+00  0.000E+00  0.000E+00  0.000E+00  0.000E+00
  0.000E+00  0.000E+00  0.000E+00  0.000E+00  0.000E+00  0.000E+00  0.000E+00  5.385E+02  0.000E+00  0.000E+00
  0.000E+00  0.000E+00  0.000E+00  0.000E+00  0.000E+00  0.000E+00  0.000E+00  1.941E+03  0.000E+00  0.000E+00
  0.000E+00  0.000E+00  0.000E+00  0.000E+00  1.688E+03  0.000E+00  0.000E+00  0.000E+00  1.196E+03  1.765E+03
  6.204E+02  5.274E+03  1.491E+03  3.026E+03  1.079E+03  1.325E+03  4.811E+03  5.464E+03  2.326E+03  1.852E+03
  9.094E+02  3.252E+03  2.698E+03  3.732E+03  4.485E+03  2.406E+03  2.006E+03  3.195E+03  2.099E+02  3.711E+03
  1.300E+03  3.852E+03  3.315E+03  3.690E+03  3.338E+03  1.001E+03  3.672E+03  5.758E+03  8.596E+02  0.000E+00
  2.252E+03  3.445E+03  4.866E+03  3.078E+03  1.753E+03  1.137E+03  6.828E+03  5.544E+03  2.986E+03  3.083E+03
  3.322E+03  2.860E+03  5.322E+03  3.998E+03  3.038E+03  4.280E+03  8.591E+03  4.434E+03  4.857E+02  9.672E+01
  3.070E+03  3.076E+03  2.986E+03  4.432E+03  1.408E+03  2.448E+03  1.819E+03  1.335E+03  2.010E+03  4.864E+03
  7.056E+02  1.642E+03  6.701E+03  3.616E+03  2.325E+03  4.914E+02  4.029E+03  2.200E+03  4.953E+02  4.446E+03
  4.937E+03  3.511E+03  4.900E+03  5.745E+03  3.481E+03  3.576E+03  6.229E+03  2.332E+03  9.280E+02  1.440E+03
  4.041E+03  3.340E+03  0.000E+00  0.000E+00  1.522E+03  2.398E+03  3.867E+03  7.102E+03  3.471E+03  5.742E+03
  5.842E+03  8.205E+03  4.512E+03  2.451E+03  3.587E+03  3.206E+03  3.622E+03  4.824E+03  7.639E+03  7.579E+03
  6.349E+03  6.563E+03  4.738E+03  3.880E+03  3.001E+03  2.429E+03  1.701E+02  6.728E+02  3.102E+03  1.944E+03
  2.956E+03  0.000E+00  0.000E+00  0.000E+00  0.000E+00  0.000E+00  0.000E+00  0.000E+00  0.000E+00  0.000E+00
  0.000E+00  0.000E+00  0.000E+00  0.000E+00  0.000E+00  0.000E+00  0.000E+00  0.000E+00  0.000E+00  0.000E+00
  0.000E+00  0.000E+00  2.721E+02  0.000E+00  3.903E+02  0.000E+00  1.248E+03  2.779E+02  0.000E+00  0.000E+00
  0.000E+00  0.000E+00  0.000E+00  9.236E+02  2.704E+02  0.000E+00  0.000E+00  9.696E+02  5.699E+02  0.000E+00
  2.419E+03  3.612E+01  3.577E+02  1.876E+03  1.829E+03  3.360E+02  6.716E+02  1.753E+03  3.326E+03  2.568E+03
  8.637E+03  4.717E+03  2.638E+03  6.351E+02  1.685E+03  9.960E+02  4.266E+03  4.209E+03  4.734E+03  3.176E+03
  3.078E+02  8.182E+02  2.291E+03  3.991E+03  8.461E+02  9.123E+02  2.223E+03  1.941E+03  1.827E+03  2.740E+03
  2.115E+03  6.644E+01  2.263E+03  2.328E+03  3.695E+03  5.056E+03  1.949E+03  2.937E+03  5.026E+03  4.528E+03
  3.438E+02  3.526E+02  1.844E+03  5.254E+03  3.753E+03  3.264E+03  3.034E+03  7.753E+03  5.599E+03  2.386E+03
  3.302E+03  5.403E+03  7.120E+02  3.004E+03  7.517E+03  2.421E+03  1.491E+03  3.703E+03  5.471E+03  6.112E+03
  8.335E+03  6.085E+03  2.009E+03  4.382E+03  3.758E+03  5.445E+03  4.076E+03  3.951E+03  2.005E+03  0.000E+00
  0.000E+00  2.277E+03  3.514E+03  8.302E+03  1.344E+04  6.929E+03  4.633E+03  4.619E+03  2.487E+03  1.627E+03
  2.071E+03  3.529E+03  4.804E+03  6.787E+03  7.276E+03  3.892E+03  6.545E+03  4.554E+03  2.719E+03  3.827E+03
  0.000E+00  1.262E+03  3.862E+03  5.039E+03  4.104E+03  2.818E+03  4.282E+03  4.293E+03  5.542E+03  4.290E+03
  1.371E+03  3.956E+03  8.240E+03  6.355E+03  7.087E+03  7.582E+03  7.448E+03  5.048E+03  8.248E+02  2.049E+03
  1.296E+02  0.000E+00  0.000E+00  0.000E+00  0.000E+00  0.000E+00  0.000E+00  0.000E+00  0.000E+00  0.000E+00
  0.000E+00  0.000E+00  0.000E+00  0.000E+00  0.000E+00  0.000E+00  0.000E+00  0.000E+00  0.000E+00  0.000E+00
  0.000E+00  1.326E+03  3.920E+02  0.000E+00  3.979E+03  7.532E+02  0.000E+00  0.000E+00  0.000E+00  0.000E+00
  0.000E+00  0.000E+00  0.000E+00  7.144E+02  0.000E+00  0.000E+00  0.000E+00  0.000E+00  0.000E+00  0.000E+00
  2.438E+02  1.472E+03  2.959E+03  3.827E+02  1.353E+02  1.272E+03  1.311E+03  1.507E+03  0.000E+00  7.164E+02
  5.346E+03  4.742E+03  4.909E+03  5.929E+03  2.017E+03  2.200E+03  2.640E+03  2.556E+03  4.301E+03  7.752E+03
  4.635E+03  1.650E+03  1.448E+03  1.930E+03  2.882E+03  1.583E+03  6.695E+02  1.659E+03  2.265E+03  4.258E+03
  3.588E+03  5.474E+03  5.466E+03  2.119E+03  2.845E+03  3.369E+03  3.384E+03  5.401E+03  4.978E+03  2.782E+03
  3.589E+03  4.613E+03  1.012E+03  4.946E+02  3.192E+03  0.000E+00  1.287E+03  4.935E+03  4.234E+03  3.177E+03
  1.505E+03  2.503E+03  3.804E+03  2.516E+03  1.120E+03  5.810E+03  4.854E+03  1.856E+03  2.501E+03  1.675E+03
  4.227E+03  5.281E+03  4.319E+03  2.381E+03  0.000E+00  1.040E+03  3.621E+03  6.025E+03  4.100E+03  2.058E+03
  5.260E+02  1.946E+01  3.427E+02  3.487E+03  7.968E+03  8.260E+03  8.505E+03  1.017E+04  6.946E+03  2.478E+03
  1.061E+03  3.483E+03  3.534E+03  3.789E+03  6.069E+03  7.475E+03  7.195E+03  4.664E+03  1.503E+03  2.976E+03
  1.942E+03  4.534E+03  3.904E+03  2.021E+03  1.208E+03  4.351E+03  3.730E+03  1.902E+03  2.266E+03  2.927E+03
  3.847E+03  4.318E+03  1.653E+03  1.506E+03  1.148E+03  3.707E+03  6.474E+03  7.850E+03  9.951E+03  3.712E+03
  1.452E+03  0.000E+00  0.000E+00  0.000E+00  0.000E+00  0.000E+00  0.000E+00  0.000E+00  0.000E+00  0.000E+00
  0.000E+00  0.000E+00  0.000E+00  0.000E+00  0.000E+00  0.000E+00  0.000E+00  3.733E+02  9.525E+02  7.343E+02
  0.000E+00  1.718E+03  0.000E+00  1.469E+03  1.610E+03  0.000E+00  0.000E+00  0.000E+00  0.000E+00  0.000E+00
  0.000E+00  0.000E+00  0.000E+00  0.000E+00  0.000E+00  0.000E+00  0.000E+00  0.000E+00  0.000E+00  0.000E+00
  4.125E+01  1.758E+03  4.684E+02  4.208E+03  6.092E+03  2.572E+03  6.131E+02  5.323E+02  2.695E+03  2.930E+03
  1.660E+03  2.804E+03  4.438E+03  6.472E+03  8.703E+03  5.436E+03  3.345E+02  4.667E+03  2.886E+03  2.024E+03
  3.236E+03  1.304E+03  1.674E+03  2.575E+03  2.708E+03  3.202E+03  7.626E+02  0.000E+00  0.000E+00  7.019E+02
  2.792E+03  4.924E+03  4.660E+03  4.177E+03  2.340E+03  4.513E+03  5.812E+03  2.032E+03  3.684E+03  6.803E+03
  3.667E+03  2.957E+03  4.626E+03  3.192E+03  4.542E+03  2.279E+03  9.767E+02  2.859E+03  1.554E+02  6.341E+02
  3.977E+03  4.642E+03  5.422E+03  4.091E+03  2.569E+03  3.758E+03  5.759E+03  4.619E+03  1.639E+03  5.357E+03
  5.455E+02  3.626E+02  4.936E+03  8.047E+03  5.952E+03  4.539E+03  2.080E+03  2.314E+03  3.664E+03  5.149E+03
  4.315E+03  1.683E+03  0.000E+00  6.192E+02  9.092E+02  5.642E+03  4.390E+03  4.455E+03  5.516E+03  3.410E+03
  6.678E+03  2.993E+03  2.212E+03  2.941E+03  6.028E+03  9.187E+03  7.390E+03  5.069E+03  5.361E+03  3.159E+03
  4.365E+03  3.487E+03  3.243E+03  6.556E+03  7.602E+03  3.835E+03  3.892E+03  7.503E+03  4.076E+03  3.097E+03
  2.175E+03  4.262E+03  4.450E+03  4.823E+03  6.164E+03  2.749E+03  2.499E+03  1.576E+03  2.065E+03  6.725E+03
  4.469E+03  0.000E+00  0.000E+00  0.000E+00  0.000E+00  0.000E+00  0.000E+00  0.000E+00  0.000E+00  0.000E+00
  0.000E+00  0.000E+00  0.000E+00  0.000E+00  0.000E+00  0.000E+00  1.217E+03  1.123E+02  0.000E+00  0.000E+00
  9.973E+02  7.207E+02  0.000E+00  0.000E+00  1.562E+03  0.000E+00  0.000E+00  0.000E+00  0.000E+00  0.000E+00
  0.000E+00  5.438E+02  0.000E+00  0.000E+00  0.000E+00  0.000E+00  0.000E+00  0.000E+00  0.000E+00  0.000E+00
  7.273E+02  1.601E+03  2.205E+03  2.571E+03  1.532E+03  3.335E+03  1.591E+03  0.000E+00  8.647E+02  5.339E+03
  4.218E+03  4.542E+02  9.545E+02  3.874E+03  2.537E+03  4.818E+03  4.989E+03  4.947E+03  3.809E+03  4.173E+03
  1.635E+03  2.930E+03  2.311E+03  1.547E+03  3.558E+03  1.779E+03  2.354E+03  0.000E+00  1.501E+03  0.000E+00
  0.000E+00  1.611E+03  6.325E+02  3.627E+03  4.499E+03  3.587E+03  3.227E+03  2.453E+03  3.689E+03  2.367E+03
  4.567E+03  2.975E+03  3.528E+03  1.848E+02  2.761E+03  1.269E+03  9.199E+02  1.247E+03  6.655E+02  0.000E+00
  0.000E+00  1.958E+03  4.560E+03  3.952E+03  3.170E+03  2.785E+03  1.778E+03  5.108E+03  2.997E+03  5.054E+03
  3.341E+03  1.479E+03  7.585E+02  1.050E+03  5.379E+03  4.294E+03  1.464E+03  2.674E+03  3.402E+03  3.897E+03
  6.744E+03  3.207E+03  4.185E+03  4.006E+03  3.425E+02  4.293E+03  3.852E+03  1.754E+03  5.038E+03  4.699E+03
  2.477E+03  4.399E+03  6.095E+03  3.679E+03  3.247E+03  6.236E+03  5.051E+03  5.472E+03  6.803E+03  4.192E+03
  1.836E+03  2.341E+03  3.453E+03  3.380E+03  2.220E+03  7.728E+03  7.758E+03  6.664E+03  8.882E+03  6.112E+03
  3.434E+03  5.120E+03  3.205E+03  3.348E+03  3.001E+03  5.606E+03  4.045E+03  1.637E+03  1.637E+03  8.669E+02
  4.164E+02  0.000E+00  0.000E+00  0.000E+00  0.000E+00  0.000E+00  0.000E+00  0.000E+00  0.000E+00  0.000E+00
  0.000E+00  0.000E+00  0.000E+00  0.000E+00  0.000E+00  0.000E+00  0.000E+00  1.588E+03  0.000E+00  0.000E+00
  2.911E+01  0.000E+00  0.000E+00  0.000E+00  1.562E+03  0.000E+00  0.000E+00  0.000E+00  0.000E+00  0.000E+00
  7.993E+02  1.356E+03  0.000E+00  0.000E+00  0.000E+00  0.000E+00  0.000E+00  0.000E+00  0.000E+00  0.000E+00
  3.833E+03  1.154E+03  1.779E+03  2.081E+03  3.672E+03  1.694E+03  3.861E+03  2.593E+03  5.648E+01  1.965E+03
  1.997E+03  0.000E+00  1.263E+03  1.258E+03  3.889E+03  1.572E+03  3.390E+03  3.489E+03  4.732E+03  9.430E+03
  2.926E+03  3.870E+03  3.795E+03  4.036E+03  3.272E+03  2.046E+03  2.689E+03  3.563E+03  4.985E+02  9.314E+02
  0.000E+00  0.000E+00  1.596E+03  1.820E+03  3.459E+03  4.642E+03  2.483E+03  4.730E+03  4.740E+03  4.350E+03
  8.580E+03  6.545E+03  6.081E+03  2.573E+03  2.045E+03  1.344E+03  2.699E+03  2.069E+03  3.318E+03  2.330E+03
  3.051E+02  0.000E+00  2.005E+03  4.294E+03  4.878E+03  5.070E+03  3.343E+03  3.090E+03  6.449E+03  5.792E+03
  5.800E+03  8.784E+02  1.657E+03  2.047E+03  6.762E+02  2.399E+03  2.394E+03  3.173E+03  3.147E+03  5.820E+03
  2.453E+03  1.709E+03  2.571E+03  5.673E+03  2.944E+03  3.111E+02  3.460E+03  7.965E+03  3.876E+03  3.163E+03
  5.268E+03  1.913E+03  1.402E+03  3.915E+03  4.546E+03  2.228E+03  3.471E+03  3.321E+03  1.714E+03  2.476E+03
  4.273E+03  1.350E+03  2.979E+03  3.636E+03  5.063E+03  4.018E+03  3.964E+03  4.592E+03  5.992E+03  7.141E+03
  4.762E+03  6.648E+03  3.244E+03  5.646E+03  1.554E+03  1.607E+03  2.090E+03  8.043E+03  4.181E+03  2.584E+03
  2.338E+03  0.000E+00  0.000E+00  0.000E+00  0.000E+00  0.000E+00  0.000E+00  0.000E+00  0.000E+00  0.000E+00
  0.000E+00  0.000E+00  0.000E+00  0.000E+00  0.000E+00  0.000E+00  0.000E+00  7.540E+02  0.000E+00  0.000E+00
  0.000E+00  0.000E+00  0.000E+00  0.000E+00  1.562E+03  0.000E+00  0.000E+00  0.000E+00  0.000E+00  1.330E+03
  2.289E+03  0.000E+00  0.000E+00  0.000E+00  0.000E+00  0.000E+00  1.462E+03  0.000E+00  0.000E+00  9.650E+02
  4.023E+03  3.479E+03  4.965E+02  1.654E+03  3.319E+03  5.620E+03  1.644E+03  4.372E+03  3.905E+03  2.937E+03
  3.184E+03  2.449E+03  9.825E+02  1.613E+03  3.386E+03  3.913E+03  3.659E+03  1.488E+03  1.879E+03  2.954E+03
  6.535E+03  1.260E+03  4.378E+03  3.871E+03  1.448E+03  2.321E+03  4.302E+03  2.423E+03  2.305E+03  8.057E+02
  3.581E+02  0.000E+00  3.025E+02  9.320E+02  1.972E+03  1.346E+03  2.735E+03  0.000E+00  2.396E+03  3.519E+03
  1.737E+03  5.779E+03  1.032E+04  7.759E+03  8.455E+03  4.629E+03  5.258E+03  1.745E+03  2.765E+03  3.696E+03
  2.056E+03  1.661E+02  1.746E+03  5.789E+03  4.654E+03  4.711E+03  7.925E+03  1.030E+04  7.593E+03  7.538E+03
  1.408E+03  1.943E+03  1.057E+03  2.404E+03  3.686E+03  3.032E+03  2.071E+03  3.285E+03  2.472E+03  3.842E+03
  4.744E+03  4.684E+03  3.302E+03  2.829E+03  7.687E+03  4.678E+03  7.832E+02  2.058E+03  2.083E+03  2.421E+03
  3.007E+03  1.231E+03  6.603E+03  4.144E+03  6.292E+03  4.326E+03  2.670E+03  2.175E+03  5.624E+03  2.115E+03
  1.408E+03  5.957E+03  1.763E+03  2.556E+03  2.607E+03  6.451E+02  3.102E+02  2.593E+03  3.503E+03  5.749E+03
  3.875E+03  1.988E+03  4.888E+03  2.879E+03  4.863E+03  3.925E+03  4.946E+02  2.439E+03  2.586E+03  5.007E+03
  2.206E+03  0.000E+00  0.000E+00  0.000E+00  0.000E+00  0.000E+00  0.000E+00  0.000E+00  0.000E+00  0.000E+00
  0.000E+00  0.000E+00  0.000E+00  0.000E+00  0.000E+00  0.000E+00  0.000E+00  1.098E+03  0.000E+00  0.000E+00
  0.000E+00  0.000E+00  0.000E+00  0.000E+00  1.013E+03  0.000E+00  0.000E+00  0.000E+00  1.664E+02  5.420E+02
  9.886E+02  0.000E+00  0.000E+00  0.000E+00  0.000E+00  0.000E+00  3.379E+01  0.000E+00  0.000E+00  3.190E+02
  4.860E+03  6.742E+03  6.086E+03  5.354E+03  1.699E+03  5.159E+03  3.009E+03  1.178E+03  2.336E+03  4.106E+03
  6.222E+03  6.403E+03  2.891E+03  3.782E+02  1.963E+03  5.871E+02  7.326E+02  6.277E+03  3.293E+03  2.305E+03
  1.790E+03  6.803E+02  1.719E+03  2.918E+03  2.289E+03  1.766E+03  3.484E+03  8.409E+02  0.000E+00  2.113E+03
  6.377E+02  1.455E+02  1.829E+03  8.359E+02  2.399E+03  7.068E+02  2.583E+03  2.817E+03  1.712E+03  1.802E+03
  5.485E+03  6.675E+03  1.488E+03  3.152E+03  2.047E+03  7.517E+03  1.112E+04  6.724E+03  1.475E+03  1.358E+03
  4.564E+03  5.054E+03  3.368E+03  5.587E+02  3.850E+03  5.318E+03  3.447E+03  4.933E+03  6.099E+03  5.281E+03
  8.708E+03  3.882E+03  7.965E+03  6.784E+03  2.074E+03  2.014E+03  6.614E+02  2.140E+03  2.200E+03  3.143E+03
  6.666E+02  5.483E+03  6.174E+03  3.665E+03  3.868E+03  2.916E+03  2.978E+03  1.584E+03  8.624E+02  1.613E+03
  0.000E+00  0.000E+00  1.212E+03  4.017E+03  4.633E+03  4.655E+03  4.982E+03  1.586E+01  4.575E+02  2.356E+03
  2.328E+03  2.582E+03  1.222E+03  0.000E+00  2.168E+03  1.702E+03  2.344E+03  1.647E+03  5.724E+02  4.403E+03
  5.771E+03  2.193E+03  3.948E+03  4.801E+03  2.388E+03  1.153E+03  2.224E+03  2.097E+03  2.231E+03  5.989E+02
  5.577E+01  0.000E+00  0.000E+00  0.000E+00  0.000E+00  0.000E+00  0.000E+00  0.000E+00  0.000E+00  0.000E+00
  0.000E+00  0.000E+00  0.000E+00  0.000E+00  0.000E+00  0.000E+00  0.000E+00  4.521E+02  0.000E+00  0.000E+00
  0.000E+00  0.000E+00  0.000E+00  0.000E+00  0.000E+00  0.000E+00  0.000E+00  1.986E+03  4.016E+01  0.000E+00
  0.000E+00  0.000E+00  0.000E+00  0.000E+00  0.000E+00  0.000E+00  0.000E+00  0.000E+00  0.000E+00  2.639E+02
  2.292E+03  4.613E+03  3.255E+03  4.893E+03  7.284E+03  5.489E+03  4.906E+03  8.230E+03  3.509E+03  1.392E+03
  3.098E+03  3.676E+03  4.710E+03  3.196E+03  3.439E+03  3.227E+02  2.047E+03  4.279E+03  1.070E+03  2.947E+03
  1.988E+03  3.836E+03  3.196E+03  2.376E+03  1.387E+03  0.000E+00  3.513E+03  3.581E+03  2.442E+03  3.591E+03
  2.989E+03  6.971E+02  3.225E+03  7.825E+02  1.775E+03  1.724E+03  1.470E+03  1.531E+03  3.186E+03  4.475E+03
  4.626E+03  4.046E+03  6.114E+03  1.770E+03  4.389E+03  1.406E+03  3.389E+03  2.130E+03  4.341E+03  3.680E+03
  2.428E+03  4.488E+03  3.741E+03  2.293E+03  3.955E+03  1.328E+03  2.600E+03  2.824E+03  1.170E+03  2.191E+03
  1.246E+03  3.614E+03  4.148E+03  1.019E+04  6.999E+03  2.636E+03  3.738E+03  2.362E+03  3.799E+03  6.444E+02
  1.046E+03  1.935E+03  2.683E+03  5.765E+03  6.201E+03  4.638E+03  8.261E+02  2.209E+03  5.841E+03  4.281E+03
  0.000E+00  7.941E+01  2.026E+00  1.597E+03  2.795E+03  1.998E+03  1.433E+03  3.662E+03  2.822E+03  1.622E+03
  8.525E+02  3.407E+03  1.610E+03  0.000E+00  0.000E+00  6.692E+02  4.414E+02  3.870E+03  5.733E+03  5.399E+03
  5.310E+03  4.973E+03  4.193E+03  3.512E+03  3.883E+03  4.375E+03  2.483E+03  7.657E+02  3.372E+03  3.466E+03
  1.111E+03  0.000E+00  0.000E+00  0.000E+00  0.000E+00  0.000E+00  0.000E+00  0.000E+00  0.000E+00  0.000E+00
  0.000E+00  0.000E+00  0.000E+00  0.000E+00  0.000E+00  0.000E+00  7.237E+01  0.000E+00  0.000E+00  0.000E+00
  0.000E+00  4.669E+02  0.000E+00  0.000E+00  0.000E+00  0.000E+00  0.000E+00  0.000E+00  0.000E+00  0.000E+00
  0.000E+00  2.322E+02  0.000E+00  7.974E+02  1.612E+03  0.000E+00  0.000E+00  0.000E+00  5.790E+02  2.080E+03
  5.108E+03  2.468E+03  3.482E+03  1.511E+03  1.058E+03  3.148E+03  4.806E+03  3.127E+03  7.296E+03  7.563E+03
  3.801E+03  8.209E+02  1.585E+03  2.483E+03  5.942E+03  6.819E+03  1.106E+03  3.102E+02  8.484E+02  1.348E+03
  1.744E+03  4.095E+03  1.396E+03  5.464E+02  2.427E+03  2.368E+02  1.840E+02  1.467E+02  1.971E+03  1.854E+03
  2.751E+03  0.000E+00  0.000E+00  4.534E+03  4.751E+03  3.224E+03  2.766E+03  6.207E+02  2.112E+03  4.511E+03
  3.278E+03  2.893E+03  2.013E+03  3.143E+03  5.319E+03  5.662E+03  3.083E+03  0.000E+00  1.377E+03  1.817E+03
  2.041E+03  3.154E+03  2.390E+03  3.355E+03  1.846E+03  2.402E+03  5.087E+03  2.906E+03  8.603E+02  2.922E+03
  2.384E+03  1.820E+03  2.882E+03  2.477E+03  3.743E+03  3.841E+03  3.622E+03  3.702E+03  5.602E+03  3.478E+03
  1.662E+03  6.085E+02  4.775E+02  3.653E+03  2.800E+02  5.067E+03  3.204E+03  3.853E+03  1.803E+03  3.670E+03
  4.936E+03  5.720E+03  1.921E+03  1.651E+03  6.674E+02  9.857E+02  9.391E+02  6.709E+02  1.684E+03  1.095E+03
  4.370E+03  1.864E+03  2.180E+03  2.513E+03  1.375E+03  7.949E+02  9.654E+02  1.227E+02  2.796E+03  2.796E+03
  3.216E+03  4.230E+03  3.095E+03  1.983E+03  7.474E+02  1.623E+03  1.623E+03  5.084E+03  4.031E+03  4.164E+03
  1.221E+03  0.000E+00  0.000E+00  0.000E+00  0.000E+00  0.000E+00  0.000E+00  0.000E+00  0.000E+00  0.000E+00
  0.000E+00  0.000E+00  0.000E+00  0.000E+00  0.000E+00  1.444E+03  5.612E+02  0.000E+00  0.000E+00  0.000E+00
  0.000E+00  5.888E+02  0.000E+00  0.000E+00  0.000E+00  0.000E+00  0.000E+00  0.000E+00  0.000E+00  0.000E+00
  0.000E+00  1.326E+03  0.000E+00  2.434E+03  1.080E+03  8.366E+02  0.000E+00  0.000E+00  3.577E+03  1.580E+02
  5.029E+03  2.523E+03  2.158E+03  2.816E+03  2.904E+03  8.465E+02  1.261E+03  5.773E+02  2.966E+02  2.001E+03
  3.832E+03  4.008E+03  1.983E+03  5.501E+03  4.103E+03  5.973E+03  4.147E+03  8.478E+02  0.000E+00  4.670E+02
  1.665E+03  4.505E+03  2.474E+03  1.815E+03  1.125E+03  2.685E+03  3.125E+03  3.257E+03  7.457E+02  0.000E+00
  1.186E+03  2.646E+03  9.947E+02  1.338E+03  4.250E+03  7.330E+03  8.926E+03  7.365E+03  5.020E+03  2.024E+03
  3.389E+03  3.687E+03  6.202E+02  6.245E+02  3.266E+03  1.603E+03  1.770E+03  3.060E+03  1.656E+03  2.937E+03
  2.357E+03  1.587E+03  3.150E+03  3.240E+02  9.597E+02  3.544E+03  3.858E+03  5.758E+03  5.285E+03  3.558E+01
  8.768E+02  1.725E+03  3.812E+03  2.068E+03  3.442E+03  1.035E+03  1.374E+03  1.245E+03  2.494E+03  4.778E+03
  4.819E+03  3.071E+03  9.963E+02  1.055E+03  5.558E+02  2.289E+03  3.197E+03  7.155E+02  2.550E+03  1.433E+03
  8.504E+02  3.767E+03  5.394E+03  2.849E+03  5.679E+02  2.660E+03  5.578E+03  2.897E+03  1.148E+03  2.061E+03
  6.065E+03  7.377E+02  2.866E+03  2.607E+03  2.803E+03  4.306E+03  3.542E+03  1.619E+03  9.544E+02  1.797E+03
  2.878E+03  5.066E+03  6.923E+03  2.127E+03  1.960E+03  9.335E+02  0.000E+00  3.634E+03  4.994E+03  2.980E+03
  3.766E+03  0.000E+00  0.000E+00  0.000E+00  0.000E+00  0.000E+00  0.000E+00  0.000E+00  0.000E+00  0.000E+00
  0.000E+00  0.000E+00  0.000E+00  0.000E+00  0.000E+00  6.893E+02  9.723E+02  0.000E+00  0.000E+00  0.000E+00
  0.000E+00  0.000E+00  0.000E+00  0.000E+00  0.000E+00  0.000E+00  0.000E+00  0.000E+00  0.000E+00  0.000E+00
  8.339E+02  1.259E+03  0.000E+00  6.430E+02  0.000E+00  1.585E+03  0.000E+00  0.000E+00  1.562E+03  0.000E+00

#------------------------------------------------------------------------------
# gshow
#------------------------------------------------------------------------------

p: legs[c5*0.875]

hb:   line clip z  
frame:
  9.0000018E+01 -1.4999930E+01
  1.0500002E+02 -1.4999930E+01
  1.0500002E+02  1.5000070E+01
  9.0000018E+01  1.5000070E+01
clip:
  8.99006808E+01 -1.50995974E+01
  1.01000000E+02 -1.50995974E+01
  1.01000000E+02 -1.50450070E+01
  1.01000000E+02 -1.49989330E+01
  1.01000000E+02 -1.49443425E+01
  1.01000000E+02 -1.48982685E+01
  1.01000000E+02 -1.48436781E+01
  1.01000000E+02 -1.47976040E+01
  1.01000000E+02 -1.47430136E+01
  1.01000000E+02 -1.46969396E+01
  1.01000000E+02 -1.46423492E+01
  1.01000000E+02 -1.45962751E+01
  1.01000000E+02 -1.45416847E+01
  1.01000000E+02 -1.44956107E+01
  1.01000000E+02 -1.44410203E+01
  1.01000000E+02 -1.43949462E+01
  1.01000000E+02 -1.43403558E+01
  1.01000000E+02 -1.42942818E+01
  1.01000000E+02 -1.42396914E+01
  1.01000000E+02 -1.41936173E+01
  1.01000000E+02 -1.41390269E+01
  1.01000000E+02 -1.40929529E+01
  1.01000000E+02 -1.40383625E+01
  1.01000000E+02 -1.39922884E+01
  1.01000000E+02 -1.39376980E+01
  1.01000000E+02 -1.38916240E+01
  1.01000000E+02 -1.38370336E+01
  1.01000000E+02 -1.37909595E+01
  1.01000000E+02 -1.37363691E+01
  1.01000000E+02 -1.36902951E+01
  1.01000000E+02 -1.36357047E+01
  1.01000000E+02 -1.35896306E+01
  1.01000000E+02 -1.35350402E+01
  1.01000000E+02 -1.34889662E+01
  1.01000000E+02 -1.34343758E+01
  1.01000000E+02 -1.33883017E+01
  1.01000000E+02 -1.33337113E+01
  1.01000000E+02 -1.32876373E+01
  1.01000000E+02 -1.32330468E+01
  1.01000000E+02 -1.31869728E+01
  1.01000000E+02 -1.31323824E+01
  1.01000000E+02 -1.30863084E+01
  1.01000000E+02 -1.30317179E+01
  1.01000000E+02 -1.29856439E+01
  1.01000000E+02 -1.29310535E+01
  1.01000000E+02 -1.28849795E+01
  1.01000000E+02 -1.28303890E+01
  1.01000000E+02 -1.27843150E+01
  1.01000000E+02 -1.27297246E+01
  1.01000000E+02 -1.26836506E+01
  1.01000000E+02 -1.26290601E+01
  1.01000000E+02 -1.25829861E+01
  1.01000000E+02 -1.25283957E+01
  1.01000000E+02 -1.24823217E+01
  1.01000000E+02 -1.24277312E+01
  1.01000000E+02 -1.23816572E+01
  1.01000000E+02 -1.23270668E+01
  1.01000000E+02 -1.22809928E+01
  1.01000000E+02 -1.22264023E+01
  1.01000000E+02 -1.21803283E+01
  1.01000000E+02 -1.21257379E+01
  1.01000000E+02 -1.20796638E+01
  1.01000000E+02 -1.20250734E+01
  1.01000000E+02 -1.19789994E+01
  1.01000000E+02 -1.19244090E+01
  1.01000000E+02 -1.18783349E+01
  1.01000000E+02 -1.18237445E+01
  1.01000000E+02 -1.17776705E+01
  1.01000000E+02 -1.17230801E+01
  1.01000000E+02 -1.16770060E+01
  1.01000000E+02 -1.16224156E+01
  1.01000000E+02 -1.15763416E+01
  1.01000000E+02 -1.15217512E+01
  1.01000000E+02 -1.14756771E+01
  1.01000000E+02 -1.14210867E+01
  1.01000000E+02 -1.13750127E+01
  1.01000000E+02 -1.13204223E+01
  1.01000000E+02 -1.12743482E+01
  1.01000000E+02 -1.12197578E+01
  1.01000000E+02 -1.11736838E+01
  1.01000000E+02 -1.11190934E+01
  1.01000000E+02 -1.10730193E+01
  1.01000000E+02 -1.10184289E+01
  1.01000000E+02 -1.09723549E+01
  1.01000000E+02 -1.09177645E+01
  1.01000000E+02 -1.08716904E+01
  1.01000000E+02 -1.08171000E+01
  1.01000000E+02 -1.07710260E+01
  1.01000000E+02 -1.07164356E+01
  1.01000000E+02 -1.06703615E+01
  1.01000000E+02 -1.06157711E+01
  1.01000000E+02 -1.05696971E+01
  1.01000000E+02 -1.05151066E+01
  1.01000000E+02 -1.04690326E+01
  1.01000000E+02 -1.04144422E+01
  1.01000000E+02 -1.03683682E+01
  1.01000000E+02 -1.03137777E+01
  1.01000000E+02 -1.02677037E+01
  1.01000000E+02 -1.02131133E+01
  1.01000000E+02 -1.01670393E+01
  1.01000000E+02 -1.01124488E+01
  1.01000000E+02 -1.00663748E+01
  1.01000000E+02 -1.00117844E+01
  1.01000000E+02 -9.96571036E+00
  1.01000000E+02 -9.91111994E+00
  1.01000000E+02 -9.86504591E+00
  1.01000000E+02 -9.81045549E+00
  1.01000000E+02 -9.76438146E+00
  1.01000000E+02 -9.70979103E+00
  1.01000000E+02 -9.66371701E+00
  1.01000000E+02 -9.60912658E+00
  1.01000000E+02 -9.56305255E+00
  1.01000000E+02 -9.50846213E+00
  1.01000000E+02 -9.46238810E+00
  1.01000000E+02 -9.40779768E+00
  1.01000000E+02 -9.36172365E+00
  1.01000000E+02 -9.30713323E+00
  1.01000000E+02 -9.26105920E+00
  1.01000000E+02 -9.20646878E+00
  1.01000000E+02 -9.16039475E+00
  1.01000000E+02 -9.10580432E+00
  1.01000000E+02 -9.05973029E+00
  1.01000000E+02 -9.00513987E+00
  1.01000000E+02 -8.95906584E+00
  1.01000000E+02 -8.90447542E+00
  1.01000000E+02 -8.85840139E+00
  1.01000000E+02 -8.80381097E+00
  1.01000000E+02 -8.75773694E+00
  1.01000000E+02 -8.70314652E+00
  1.01000000E+02 -8.65707249E+00
  1.01000000E+02 -8.60248206E+00
  1.01000000E+02 -8.55640803E+00
  1.01000000E+02 -8.50181761E+00
  1.01000000E+02 -8.45574358E+00
  1.01000000E+02 -8.40115316E+00
  1.01000000E+02 -8.35507913E+00
  1.01000000E+02 -8.30048871E+00
  1.01000000E+02 -8.25441468E+00
  1.01000000E+02 -8.19982426E+00
  1.01000000E+02 -8.15375023E+00
  1.01000000E+02 -8.09915981E+00
  1.01000000E+02 -8.05308578E+00
  1.01000000E+02 -7.99849535E+00
  1.01000000E+02 -7.95242132E+00
  1.01000000E+02 -7.89783090E+00
  1.01000000E+02 -7.85175687E+00
  1.01000000E+02 -7.79716645E+00
  1.01000000E+02 -7.75109242E+00
  1.01000000E+02 -7.69650200E+00
  1.01000000E+02 -7.65042797E+00
  1.01000000E+02 -7.59583755E+00
  1.01000000E+02 -7.54976352E+00
  1.01000000E+02 -7.49517309E+00
  1.01000000E+02 -7.44909906E+00
  1.01000000E+02 -7.39450864E+00
  1.01000000E+02 -7.34843461E+00
  1.01000000E+02 -7.29384419E+00
  1.01000000E+02 -7.24777016E+00
  1.01000000E+02 -7.19317974E+00
  1.01000000E+02 -7.14710571E+00
  1.01000000E+02 -7.09251529E+00
  1.01000000E+02 -7.04644126E+00
  1.01000000E+02 -6.99185084E+00
  1.01000000E+02 -6.94577681E+00
  1.01000000E+02 -6.89118638E+00
  1.01000000E+02 -6.84511235E+00
  1.01000000E+02 -6.79052193E+00
  1.01000000E+02 -6.74444790E+00
  1.01000000E+02 -6.68985748E+00
  1.01000000E+02 -6.64378345E+00
  1.01000000E+02 -6.58919303E+00
  1.01000000E+02 -6.54311900E+00
  1.01000000E+02 -6.48852858E+00
  1.01000000E+02 -6.44245455E+00
  1.01000000E+02 -6.38786412E+00
  1.01000000E+02 -6.34179009E+00
  1.01000000E+02 -6.28719967E+00
  1.01000000E+02 -6.24112564E+00
  1.01000000E+02 -6.18653522E+00
  1.01000000E+02 -6.14046119E+00
  1.01000000E+02 -6.08587077E+00
  1.01000000E+02 -6.03979674E+00
  1.01000000E+02 -5.98520632E+00
  1.01046376E+02 -5.92800000E+00
  1.01136495E+02 -5.92800000E+00
  1.02464919E+02 -5.92800000E+00
  1.02500000E+02 -5.93913229E+00
  1.02500000E+02 -6.00494444E+00
  1.02500000E+02 -6.03979674E+00
  1.02500000E+02 -6.10560890E+00
  1.02500000E+02 -6.14046119E+00
  1.02500000E+02 -6.20627335E+00
  1.02500000E+02 -6.24112564E+00
  1.02500000E+02 -6.30693780E+00
  1.02500000E+02 -6.34179009E+00
  1.02500000E+02 -6.40760225E+00
  1.02500000E+02 -6.44245455E+00
  1.02500000E+02 -6.50826670E+00
  1.02500000E+02 -6.54311900E+00
  1.02500000E+02 -6.60893116E+00
  1.02500000E+02 -6.64378345E+00
  1.02500000E+02 -6.70959561E+00
  1.02500000E+02 -6.74444790E+00
  1.02500000E+02 -6.81026006E+00
  1.02500000E+02 -6.84511235E+00
  1.02500000E+02 -6.91092451E+00
  1.02500000E+02 -6.94577681E+00
  1.02500000E+02 -7.01158896E+00
  1.02500000E+02 -7.04644126E+00
  1.02500000E+02 -7.11225341E+00
  1.02500000E+02 -7.14710571E+00
  1.02500000E+02 -7.21291787E+00
  1.02500000E+02 -7.24777016E+00
  1.02500000E+02 -7.31358232E+00
  1.02500000E+02 -7.34843461E+00
  1.02500000E+02 -7.41424677E+00
  1.02500000E+02 -7.44909906E+00
  1.02500000E+02 -7.51491122E+00
  1.02500000E+02 -7.54976352E+00
  1.02500000E+02 -7.61557567E+00
  1.02500000E+02 -7.65042797E+00
  1.02500000E+02 -7.71624013E+00
  1.02500000E+02 -7.75109242E+00
  1.02500000E+02 -7.81690458E+00
  1.02500000E+02 -7.85175687E+00
  1.02500000E+02 -7.91756903E+00
  1.02500000E+02 -7.95242132E+00
  1.02500000E+02 -8.01823348E+00
  1.02500000E+02 -8.05308578E+00
  1.02500000E+02 -8.11889793E+00
  1.02500000E+02 -8.15375023E+00
  1.02500000E+02 -8.21956238E+00
  1.02500000E+02 -8.25441468E+00
  1.02500000E+02 -8.32022684E+00
  1.02500000E+02 -8.35507913E+00
  1.02500000E+02 -8.42089129E+00
  1.02500000E+02 -8.45574358E+00
  1.02500000E+02 -8.52155574E+00
  1.02500000E+02 -8.55640803E+00
  1.02500000E+02 -8.62222019E+00
  1.02500000E+02 -8.65707249E+00
  1.02500000E+02 -8.72288464E+00
  1.02500000E+02 -8.75773694E+00
  1.02500000E+02 -8.82354910E+00
  1.02500000E+02 -8.85840139E+00
  1.02500000E+02 -8.92421355E+00
  1.02500000E+02 -8.95906584E+00
  1.02500000E+02 -9.02487800E+00
  1.02500000E+02 -9.05973029E+00
  1.02500000E+02 -9.12554245E+00
  1.02500000E+02 -9.16039475E+00
  1.02500000E+02 -9.22620690E+00
  1.02500000E+02 -9.26105920E+00
  1.02500000E+02 -9.32687135E+00
  1.02500000E+02 -9.36172365E+00
  1.02500000E+02 -9.42753581E+00
  1.02500000E+02 -9.46238810E+00
  1.02500000E+02 -9.52820026E+00
  1.02500000E+02 -9.56305255E+00
  1.02500000E+02 -9.62886471E+00
  1.02500000E+02 -9.66371701E+00
  1.02500000E+02 -9.72952916E+00
  1.02500000E+02 -9.76438146E+00
  1.02500000E+02 -9.83019361E+00
  1.02500000E+02 -9.86504591E+00
  1.02500000E+02 -9.93085807E+00
  1.02500000E+02 -9.96571036E+00
  1.02500000E+02 -1.00315225E+01
  1.02500000E+02 -1.00663748E+01
  1.02500000E+02 -1.01321870E+01
  1.02500000E+02 -1.01670393E+01
  1.02500000E+02 -1.02328514E+01
  1.02500000E+02 -1.02677037E+01
  1.02500000E+02 -1.03335159E+01
  1.02500000E+02 -1.03683682E+01
  1.02500000E+02 -1.04341803E+01
  1.02500000E+02 -1.04690326E+01
  1.02500000E+02 -1.05348448E+01
  1.02500000E+02 -1.05696971E+01
  1.02500000E+02 -1.06355092E+01
  1.02500000E+02 -1.06703615E+01
  1.02500000E+02 -1.07361737E+01
  1.02500000E+02 -1.07710260E+01
  1.02500000E+02 -1.08368381E+01
  1.02500000E+02 -1.08716904E+01
  1.02500000E+02 -1.09375026E+01
  1.02500000E+02 -1.09723549E+01
  1.02500000E+02 -1.10381670E+01
  1.02500000E+02 -1.10730193E+01
  1.02500000E+02 -1.11388315E+01
  1.02500000E+02 -1.11736838E+01
  1.02500000E+02 -1.12394959E+01
  1.02500000E+02 -1.12743482E+01
  1.02500000E+02 -1.13401604E+01
  1.02500000E+02 -1.13750127E+01
  1.02500000E+02 -1.14408248E+01
  1.02500000E+02 -1.14756771E+01
  1.02500000E+02 -1.15414893E+01
  1.02500000E+02 -1.15763416E+01
  1.02500000E+02 -1.16421537E+01
  1.02500000E+02 -1.16770060E+01
  1.02500000E+02 -1.17428182E+01
  1.02500000E+02 -1.17776705E+01
  1.02500000E+02 -1.18434827E+01
  1.02500000E+02 -1.18783349E+01
  1.02500000E+02 -1.19441471E+01
  1.02500000E+02 -1.19789994E+01
  1.02500000E+02 -1.20448116E+01
  1.02500000E+02 -1.20796638E+01
  1.02500000E+02 -1.21454760E+01
  1.02500000E+02 -1.21803283E+01
  1.02500000E+02 -1.22461405E+01
  1.02500000E+02 -1.22809928E+01
  1.02500000E+02 -1.23468049E+01
  1.02500000E+02 -1.23816572E+01
  1.02500000E+02 -1.24474694E+01
  1.02500000E+02 -1.24823217E+01
  1.02500000E+02 -1.25481338E+01
  1.02500000E+02 -1.25829861E+01
  1.02500000E+02 -1.26487983E+01
  1.02500000E+02 -1.26836506E+01
  1.02500000E+02 -1.27494627E+01
  1.02500000E+02 -1.27843150E+01
  1.02500000E+02 -1.28501272E+01
  1.02500000E+02 -1.28849795E+01
  1.02500000E+02 -1.29507916E+01
  1.02500000E+02 -1.29856439E+01
  1.02500000E+02 -1.30514561E+01
  1.02500000E+02 -1.30863084E+01
  1.02500000E+02 -1.31521205E+01
  1.02500000E+02 -1.31869728E+01
  1.02500000E+02 -1.32527850E+01
  1.02500000E+02 -1.32876373E+01
  1.02500000E+02 -1.33534494E+01
  1.02500000E+02 -1.33883017E+01
  1.02500000E+02 -1.34541139E+01
  1.02500000E+02 -1.34889662E+01
  1.02500000E+02 -1.35547783E+01
  1.02500000E+02 -1.35896306E+01
  1.02500000E+02 -1.36554428E+01
  1.02500000E+02 -1.36902951E+01
  1.02500000E+02 -1.37561072E+01
  1.02500000E+02 -1.37909595E+01
  1.02500000E+02 -1.38567717E+01
  1.02500000E+02 -1.38916240E+01
  1.02500000E+02 -1.39574361E+01
  1.02500000E+02 -1.39922884E+01
  1.02500000E+02 -1.40581006E+01
  1.02500000E+02 -1.40929529E+01
  1.02500000E+02 -1.41587650E+01
  1.02500000E+02 -1.41936173E+01
  1.02500000E+02 -1.42594295E+01
  1.02500000E+02 -1.42942818E+01
  1.02500000E+02 -1.43600939E+01
  1.02500000E+02 -1.43949462E+01
  1.02500000E+02 -1.44607584E+01
  1.02500000E+02 -1.44956107E+01
  1.02500000E+02 -1.45614229E+01
  1.02500000E+02 -1.45962751E+01
  1.02500000E+02 -1.46620873E+01
  1.02500000E+02 -1.46969396E+01
  1.02500000E+02 -1.47627518E+01
  1.02500000E+02 -1.47976040E+01
  1.02500000E+02 -1.48634162E+01
  1.02500000E+02 -1.48982685E+01
  1.02500000E+02 -1.49640807E+01
  1.02500000E+02 -1.49989330E+01
  1.02500000E+02 -1.50647451E+01
  1.02566244E+02 -1.50995974E+01
  1.02667568E+02 -1.50995974E+01
  1.02768893E+02 -1.50995974E+01
  1.02870217E+02 -1.50995974E+01
  1.02971542E+02 -1.50995974E+01
  1.03072866E+02 -1.50995974E+01
  1.03174191E+02 -1.50995974E+01
  1.03275515E+02 -1.50995974E+01
  1.03376840E+02 -1.50995974E+01
  1.03478164E+02 -1.50995974E+01
  1.03579489E+02 -1.50995974E+01
  1.03680813E+02 -1.50995974E+01
  1.03782138E+02 -1.50995974E+01
  1.03883462E+02 -1.50995974E+01
  1.03984787E+02 -1.50995974E+01
  1.04086111E+02 -1.50995974E+01
  1.04187436E+02 -1.50995974E+01
  1.04288760E+02 -1.50995974E+01
  1.04390085E+02 -1.50995974E+01
  1.04491409E+02 -1.50995974E+01
  1.04592734E+02 -1.50995974E+01
  1.04694058E+02 -1.50995974E+01
  1.04795383E+02 -1.50995974E+01
  1.04896707E+02 -1.50995974E+01
  1.04998032E+02 -1.50995974E+01
  1.05099356E+02 -1.50995974E+01
  1.05099356E+02 -1.49989330E+01
  1.05099356E+02 -1.48982685E+01
  1.05099356E+02 -1.47976040E+01
  1.05099356E+02 -1.46969396E+01
  1.05099356E+02 -1.45962751E+01
  1.05099356E+02 -1.44956107E+01
  1.05099356E+02 -1.43949462E+01
  1.05099356E+02 -1.42942818E+01
  1.05099356E+02 -1.41936173E+01
  1.05099356E+02 -1.40929529E+01
  1.05099356E+02 -1.39922884E+01
  1.05099356E+02 -1.38916240E+01
  1.05099356E+02 -1.37909595E+01
  1.05099356E+02 -1.36902951E+01
  1.05099356E+02 -1.35896306E+01
  1.05099356E+02 -1.34889662E+01
  1.05099356E+02 -1.33883017E+01
  1.05099356E+02 -1.32876373E+01
  1.05099356E+02 -1.31869728E+01
  1.05099356E+02 -1.30863084E+01
  1.05099356E+02 -1.29856439E+01
  1.05099356E+02 -1.28849795E+01
  1.05099356E+02 -1.27843150E+01
  1.05099356E+02 -1.26836506E+01
  1.05099356E+02 -1.25829861E+01
  1.05099356E+02 -1.24823217E+01
  1.05099356E+02 -1.23816572E+01
  1.05099356E+02 -1.22809928E+01
  1.05099356E+02 -1.21803283E+01
  1.05099356E+02 -1.20796638E+01
  1.05099356E+02 -1.19789994E+01
  1.05099356E+02 -1.18783349E+01
  1.05099356E+02 -1.17776705E+01
  1.05099356E+02 -1.16770060E+01
  1.05099356E+02 -1.15763416E+01
  1.05099356E+02 -1.14756771E+01
  1.05099356E+02 -1.13750127E+01
  1.05099356E+02 -1.12743482E+01
  1.05099356E+02 -1.11736838E+01
  1.05099356E+02 -1.10730193E+01
  1.05099356E+02 -1.09723549E+01
  1.05099356E+02 -1.08716904E+01
  1.05099356E+02 -1.07710260E+01
  1.05099356E+02 -1.06703615E+01
  1.05099356E+02 -1.05696971E+01
  1.05099356E+02 -1.04690326E+01
  1.05099356E+02 -1.03683682E+01
  1.05099356E+02 -1.02677037E+01
  1.05099356E+02 -1.01670393E+01
  1.05099356E+02 -1.00663748E+01
  1.05099356E+02 -9.96571036E+00
  1.05099356E+02 -9.86504591E+00
  1.05099356E+02 -9.76438146E+00
  1.05099356E+02 -9.66371701E+00
  1.05099356E+02 -9.56305255E+00
  1.05099356E+02 -9.46238810E+00
  1.05099356E+02 -9.36172365E+00
  1.05099356E+02 -9.26105920E+00
  1.05099356E+02 -9.16039475E+00
  1.05099356E+02 -9.05973029E+00
  1.05099356E+02 -8.95906584E+00
  1.05099356E+02 -8.85840139E+00
  1.05099356E+02 -8.75773694E+00
  1.05099356E+02 -8.65707249E+00
  1.05099356E+02 -8.55640803E+00
  1.05099356E+02 -8.45574358E+00
  1.05099356E+02 -8.35507913E+00
  1.05099356E+02 -8.25441468E+00
  1.05099356E+02 -8.15375023E+00
  1.05099356E+02 -8.05308578E+00
  1.05099356E+02 -7.95242132E+00
  1.05099356E+02 -7.85175687E+00
  1.05099356E+02 -7.75109242E+00
  1.05099356E+02 -7.65042797E+00
  1.05099356E+02 -7.54976352E+00
  1.05099356E+02 -7.44909906E+00
  1.05099356E+02 -7.34843461E+00
  1.05099356E+02 -7.24777016E+00
  1.05099356E+02 -7.14710571E+00
  1.05099356E+02 -7.04644126E+00
  1.05099356E+02 -6.94577681E+00
  1.05099356E+02 -6.84511235E+00
  1.05099356E+02 -6.74444790E+00
  1.05099356E+02 -6.64378345E+00
  1.05099356E+02 -6.54311900E+00
  1.05099356E+02 -6.44245455E+00
  1.05099356E+02 -6.34179009E+00
  1.05099356E+02 -6.24112564E+00
  1.05099356E+02 -6.14046119E+00
  1.05099356E+02 -6.03979674E+00
  1.05099356E+02 -5.93913229E+00
  1.05099356E+02 -5.83846784E+00
  1.05099356E+02 -5.73780338E+00
  1.05099356E+02 -5.63713893E+00
  1.05099356E+02 -5.53647448E+00
  1.05099356E+02 -5.43581003E+00
  1.05099356E+02 -5.33514558E+00
  1.05099356E+02 -5.23448112E+00
  1.05099356E+02 -5.13381667E+00
  1.05099356E+02 -5.03315222E+00
  1.05099356E+02 -4.93248777E+00
  1.05099356E+02 -4.83182332E+00
  1.05099356E+02 -4.73115887E+00
  1.05099356E+02 -4.63049441E+00
  1.05099356E+02 -4.52982996E+00
  1.05099356E+02 -4.42916551E+00
  1.05099356E+02 -4.32850106E+00
  1.05099356E+02 -4.22783661E+00
  1.05099356E+02 -4.12717215E+00
  1.05099356E+02 -4.02650770E+00
  1.05099356E+02 -3.92584325E+00
  1.05099356E+02 -3.82517880E+00
  1.05099356E+02 -3.72451435E+00
  1.05099356E+02 -3.62384990E+00
  1.05099356E+02 -3.52318544E+00
  1.05099356E+02 -3.42252099E+00
  1.05099356E+02 -3.32185654E+00
  1.05099356E+02 -3.22119209E+00
  1.05099356E+02 -3.12052764E+00
  1.05099356E+02 -3.01986318E+00
  1.05099356E+02 -2.91919873E+00
  1.05099356E+02 -2.81853428E+00
  1.05099356E+02 -2.71786983E+00
  1.05099356E+02 -2.61720538E+00
  1.05099356E+02 -2.51654093E+00
  1.05099356E+02 -2.41587647E+00
  1.05099356E+02 -2.31521202E+00
  1.05099356E+02 -2.21454757E+00
  1.05099356E+02 -2.11388312E+00
  1.05099356E+02 -2.01321867E+00
  1.05099356E+02 -1.91255421E+00
  1.05099356E+02 -1.81188976E+00
  1.05099356E+02 -1.71122531E+00
  1.05099356E+02 -1.61056086E+00
  1.05099356E+02 -1.50989641E+00
  1.05099356E+02 -1.40923196E+00
  1.05099356E+02 -1.30856750E+00
  1.05099356E+02 -1.20790305E+00
  1.05099356E+02 -1.10723860E+00
  1.05099356E+02 -1.00657415E+00
  1.05099356E+02 -9.05909696E-01
  1.05099356E+02 -8.05245244E-01
  1.05099356E+02 -7.04580792E-01
  1.05099356E+02 -6.03916341E-01
  1.05099356E+02 -5.03251889E-01
  1.05099356E+02 -4.02587437E-01
  1.05099356E+02 -3.01922985E-01
  1.05099356E+02 -2.01258533E-01
  1.05099356E+02 -1.00594081E-01
  1.05099356E+02  7.03703670E-05
  1.05099356E+02  1.00734822E-01
  1.05099356E+02  2.01399274E-01
  1.05099356E+02  3.02063726E-01
  1.05099356E+02  4.02728178E-01
  1.05099356E+02  5.03392630E-01
  1.05099356E+02  6.04057081E-01
  1.05099356E+02  7.04721533E-01
  1.05099356E+02  8.05385985E-01
  1.05099356E+02  9.06050437E-01
  1.05099356E+02  1.00671489E+00
  1.05099356E+02  1.10737934E+00
  1.05099356E+02  1.20804379E+00
  1.05099356E+02  1.30870824E+00
  1.05099356E+02  1.40937270E+00
  1.05099356E+02  1.51003715E+00
  1.05099356E+02  1.61070160E+00
  1.05099356E+02  1.71136605E+00
  1.05099356E+02  1.81203050E+00
  1.05099356E+02  1.91269496E+00
  1.05099356E+02  2.01335941E+00
  1.05099356E+02  2.11402386E+00
  1.05099356E+02  2.21468831E+00
  1.05099356E+02  2.31535276E+00
  1.05099356E+02  2.41601721E+00
  1.05099356E+02  2.51668167E+00
  1.05099356E+02  2.61734612E+00
  1.05099356E+02  2.71801057E+00
  1.05099356E+02  2.81867502E+00
  1.05099356E+02  2.91933947E+00
  1.05099356E+02  3.02000393E+00
  1.05099356E+02  3.12066838E+00
  1.05099356E+02  3.22133283E+00
  1.05099356E+02  3.32199728E+00
  1.05099356E+02  3.42266173E+00
  1.05099356E+02  3.52332618E+00
  1.05099356E+02  3.62399064E+00
  1.05099356E+02  3.72465509E+00
  1.05099356E+02  3.82531954E+00
  1.05099356E+02  3.92598399E+00
  1.05099356E+02  4.02664844E+00
  1.05099356E+02  4.12731290E+00
  1.05099356E+02  4.22797735E+00
  1.05099356E+02  4.32864180E+00
  1.05099356E+02  4.42930625E+00
  1.05099356E+02  4.52997070E+00
  1.05099356E+02  4.63063515E+00
  1.05099356E+02  4.73129961E+00
  1.05099356E+02  4.83196406E+00
  1.05099356E+02  4.93262851E+00
  1.05099356E+02  5.03329296E+00
  1.05099356E+02  5.13395741E+00
  1.05099356E+02  5.23462187E+00
  1.05099356E+02  5.33528632E+00
  1.05099356E+02  5.43595077E+00
  1.05099356E+02  5.53661522E+00
  1.05099356E+02  5.63727967E+00
  1.05099356E+02  5.73794412E+00
  1.05099356E+02  5.83860858E+00
  1.05099356E+02  5.93927303E+00
  1.05099356E+02  6.03993748E+00
  1.05099356E+02  6.14060193E+00
  1.05099356E+02  6.24126638E+00
  1.05099356E+02  6.34193084E+00
  1.05099356E+02  6.44259529E+00
  1.05099356E+02  6.54325974E+00
  1.05099356E+02  6.64392419E+00
  1.05099356E+02  6.74458864E+00
  1.05099356E+02  6.84525309E+00
  1.05099356E+02  6.94591755E+00
  1.05099356E+02  7.04658200E+00
  1.05099356E+02  7.14724645E+00
  1.05099356E+02  7.24791090E+00
  1.05099356E+02  7.34857535E+00
  1.05099356E+02  7.44923981E+00
  1.05099356E+02  7.54990426E+00
  1.05099356E+02  7.65056871E+00
  1.05099356E+02  7.75123316E+00
  1.05099356E+02  7.85189761E+00
  1.05099356E+02  7.95256206E+00
  1.05099356E+02  8.05322652E+00
  1.05099356E+02  8.15389097E+00
  1.05099356E+02  8.25455542E+00
  1.05099356E+02  8.35521987E+00
  1.05099356E+02  8.45588432E+00
  1.05099356E+02  8.55654878E+00
  1.05099356E+02  8.65721323E+00
  1.05099356E+02  8.75787768E+00
  1.05099356E+02  8.85854213E+00
  1.05099356E+02  8.95920658E+00
  1.05099356E+02  9.05987103E+00
  1.05099356E+02  9.16053549E+00
  1.05099356E+02  9.26119994E+00
  1.05099356E+02  9.36186439E+00
  1.05099356E+02  9.46252884E+00
  1.05099356E+02  9.56319329E+00
  1.05099356E+02  9.66385775E+00
  1.05099356E+02  9.76452220E+00
  1.05099356E+02  9.86518665E+00
  1.05099356E+02  9.96585110E+00
  1.05099356E+02  1.00665156E+01
  1.05099356E+02  1.01671800E+01
  1.05099356E+02  1.02678445E+01
  1.05099356E+02  1.03685089E+01
  1.05099356E+02  1.04691734E+01
  1.05099356E+02  1.05698378E+01
  1.05099356E+02  1.06705023E+01
  1.05099356E+02  1.07711667E+01
  1.05099356E+02  1.08718312E+01
  1.05099356E+02  1.09724956E+01
  1.05099356E+02  1.10731601E+01
  1.05099356E+02  1.11738245E+01
  1.05099356E+02  1.12744890E+01
  1.05099356E+02  1.13751534E+01
  1.05099356E+02  1.14758179E+01
  1.05099356E+02  1.15764823E+01
  1.05099356E+02  1.16771468E+01
  1.05099356E+02  1.17778112E+01
  1.05099356E+02  1.18784757E+01
  1.05099356E+02  1.19791401E+01
  1.05099356E+02  1.20798046E+01
  1.05099356E+02  1.21804690E+01
  1.05099356E+02  1.22811335E+01
  1.05099356E+02  1.23817979E+01
  1.05099356E+02  1.24824624E+01
  1.05099356E+02  1.25831268E+01
  1.05099356E+02  1.26837913E+01
  1.05099356E+02  1.27844558E+01
  1.05099356E+02  1.28851202E+01
  1.05099356E+02  1.29857847E+01
  1.05099356E+02  1.30864491E+01
  1.05099356E+02  1.31871136E+01
  1.05099356E+02  1.32877780E+01
  1.05099356E+02  1.33884425E+01
  1.05099356E+02  1.34891069E+01
  1.05099356E+02  1.35897714E+01
  1.05099356E+02  1.36904358E+01
  1.05099356E+02  1.37911003E+01
  1.05099356E+02  1.38917647E+01
  1.05099356E+02  1.39924292E+01
  1.05099356E+02  1.40930936E+01
  1.05099356E+02  1.41937581E+01
  1.05099356E+02  1.42944225E+01
  1.05099356E+02  1.43950870E+01
  1.05099356E+02  1.44957514E+01
  1.05099356E+02  1.45964159E+01
  1.05099356E+02  1.46970803E+01
  1.05099356E+02  1.47977448E+01
  1.05099356E+02  1.48984092E+01
  1.05099356E+02  1.49990737E+01
  1.05099356E+02  1.50997381E+01
  1.04998032E+02  1.50997381E+01
  1.04896707E+02  1.50997381E+01
  1.04795383E+02  1.50997381E+01
  1.04694058E+02  1.50997381E+01
  1.04592734E+02  1.50997381E+01
  1.04491409E+02  1.50997381E+01
  1.04390085E+02  1.50997381E+01
  1.04288760E+02  1.50997381E+01
  1.04187436E+02  1.50997381E+01
  1.04086111E+02  1.50997381E+01
  1.03984787E+02  1.50997381E+01
  1.03883462E+02  1.50997381E+01
  1.03782138E+02  1.50997381E+01
  1.03680813E+02  1.50997381E+01
  1.03579489E+02  1.50997381E+01
  1.03478164E+02  1.50997381E+01
  1.03376840E+02  1.50997381E+01
  1.03275515E+02  1.50997381E+01
  1.03174191E+02  1.50997381E+01
  1.03072866E+02  1.50997381E+01
  1.02971542E+02  1.50997381E+01
  1.02870217E+02  1.50997381E+01
  1.02768893E+02  1.50997381E+01
  1.02667568E+02  1.50997381E+01
  1.02566244E+02  1.50997381E+01
  1.02500000E+02  1.50997381E+01
  1.02500000E+02  1.50339260E+01
  1.02500000E+02  5.93927303E+00
  1.02464919E+02  5.92800000E+00
  1.02374942E+02  5.92800000E+00
  1.02363595E+02  5.92800000E+00
  1.02273617E+02  5.92800000E+00
  1.02262270E+02  5.92800000E+00
  1.02172293E+02  5.92800000E+00
  1.02160946E+02  5.92800000E+00
  1.02070968E+02  5.92800000E+00
  1.02059621E+02  5.92800000E+00
  1.01969644E+02  5.92800000E+00
  1.01958297E+02  5.92800000E+00
  1.01868319E+02  5.92800000E+00
  1.01856972E+02  5.92800000E+00
  1.01766995E+02  5.92800000E+00
  1.01755648E+02  5.92800000E+00
  1.01665670E+02  5.92800000E+00
  1.01654323E+02  5.92800000E+00
  1.01564346E+02  5.92800000E+00
  1.01552999E+02  5.92800000E+00
  1.01463021E+02  5.92800000E+00
  1.01451674E+02  5.92800000E+00
  1.01361697E+02  5.92800000E+00
  1.01350350E+02  5.92800000E+00
  1.01260372E+02  5.92800000E+00
  1.01249025E+02  5.92800000E+00
  1.01159048E+02  5.92800000E+00
  1.01147701E+02  5.92800000E+00
  1.01057723E+02  5.92800000E+00
  1.01046376E+02  5.92800000E+00
  1.01000000E+02  5.93927303E+00
  1.01000000E+02  5.99386345E+00
  1.01000000E+02  6.03993748E+00
  1.01000000E+02  6.09452790E+00
  1.01000000E+02  6.14060193E+00
  1.01000000E+02  6.19519235E+00
  1.01000000E+02  6.24126638E+00
  1.01000000E+02  6.29585681E+00
  1.01000000E+02  6.34193084E+00
  1.01000000E+02  6.39652126E+00
  1.01000000E+02  6.44259529E+00
  1.01000000E+02  6.49718571E+00
  1.01000000E+02  6.54325974E+00
  1.01000000E+02  6.59785016E+00
  1.01000000E+02  6.64392419E+00
  1.01000000E+02  6.69851461E+00
  1.01000000E+02  6.74458864E+00
  1.01000000E+02  6.79917907E+00
  1.01000000E+02  6.84525309E+00
  1.01000000E+02  6.89984352E+00
  1.01000000E+02  6.94591755E+00
  1.01000000E+02  7.00050797E+00
  1.01000000E+02  7.04658200E+00
  1.01000000E+02  7.10117242E+00
  1.01000000E+02  7.14724645E+00
  1.01000000E+02  7.20183687E+00
  1.01000000E+02  7.24791090E+00
  1.01000000E+02  7.30250132E+00
  1.01000000E+02  7.34857535E+00
  1.01000000E+02  7.40316578E+00
  1.01000000E+02  7.44923981E+00
  1.01000000E+02  7.50383023E+00
  1.01000000E+02  7.54990426E+00
  1.01000000E+02  7.60449468E+00
  1.01000000E+02  7.65056871E+00
  1.01000000E+02  7.70515913E+00
  1.01000000E+02  7.75123316E+00
  1.01000000E+02  7.80582358E+00
  1.01000000E+02  7.85189761E+00
  1.01000000E+02  7.90648804E+00
  1.01000000E+02  7.95256206E+00
  1.01000000E+02  8.00715249E+00
  1.01000000E+02  8.05322652E+00
  1.01000000E+02  8.10781694E+00
  1.01000000E+02  8.15389097E+00
  1.01000000E+02  8.20848139E+00
  1.01000000E+02  8.25455542E+00
  1.01000000E+02  8.30914584E+00
  1.01000000E+02  8.35521987E+00
  1.01000000E+02  8.40981029E+00
  1.01000000E+02  8.45588432E+00
  1.01000000E+02  8.51047475E+00
  1.01000000E+02  8.55654878E+00
  1.01000000E+02  8.61113920E+00
  1.01000000E+02  8.65721323E+00
  1.01000000E+02  8.71180365E+00
  1.01000000E+02  8.75787768E+00
  1.01000000E+02  8.81246810E+00
  1.01000000E+02  8.85854213E+00
  1.01000000E+02  8.91313255E+00
  1.01000000E+02  8.95920658E+00
  1.01000000E+02  9.01379701E+00
  1.01000000E+02  9.05987103E+00
  1.01000000E+02  9.11446146E+00
  1.01000000E+02  9.16053549E+00
  1.01000000E+02  9.21512591E+00
  1.01000000E+02  9.26119994E+00
  1.01000000E+02  9.31579036E+00
  1.01000000E+02  9.36186439E+00
  1.01000000E+02  9.41645481E+00
  1.01000000E+02  9.46252884E+00
  1.01000000E+02  9.51711926E+00
  1.01000000E+02  9.56319329E+00
  1.01000000E+02  9.61778372E+00
  1.01000000E+02  9.66385775E+00
  1.01000000E+02  9.71844817E+00
  1.01000000E+02  9.76452220E+00
  1.01000000E+02  9.81911262E+00
  1.01000000E+02  9.86518665E+00
  1.01000000E+02  9.91977707E+00
  1.01000000E+02  9.96585110E+00
  1.01000000E+02  1.00204415E+01
  1.01000000E+02  1.00665156E+01
  1.01000000E+02  1.01211060E+01
  1.01000000E+02  1.01671800E+01
  1.01000000E+02  1.02217704E+01
  1.01000000E+02  1.02678445E+01
  1.01000000E+02  1.03224349E+01
  1.01000000E+02  1.03685089E+01
  1.01000000E+02  1.04230993E+01
  1.01000000E+02  1.04691734E+01
  1.01000000E+02  1.05237638E+01
  1.01000000E+02  1.05698378E+01
  1.01000000E+02  1.06244282E+01
  1.01000000E+02  1.06705023E+01
  1.01000000E+02  1.07250927E+01
  1.01000000E+02  1.07711667E+01
  1.01000000E+02  1.08257571E+01
  1.01000000E+02  1.08718312E+01
  1.01000000E+02  1.09264216E+01
  1.01000000E+02  1.09724956E+01
  1.01000000E+02  1.10270860E+01
  1.01000000E+02  1.10731601E+01
  1.01000000E+02  1.11277505E+01
  1.01000000E+02  1.11738245E+01
  1.01000000E+02  1.12284149E+01
  1.01000000E+02  1.12744890E+01
  1.01000000E+02  1.13290794E+01
  1.01000000E+02  1.13751534E+01
  1.01000000E+02  1.14297438E+01
  1.01000000E+02  1.14758179E+01
  1.01000000E+02  1.15304083E+01
  1.01000000E+02  1.15764823E+01
  1.01000000E+02  1.16310728E+01
  1.01000000E+02  1.16771468E+01
  1.01000000E+02  1.17317372E+01
  1.01000000E+02  1.17778112E+01
  1.01000000E+02  1.18324017E+01
  1.01000000E+02  1.18784757E+01
  1.01000000E+02  1.19330661E+01
  1.01000000E+02  1.19791401E+01
  1.01000000E+02  1.20337306E+01
  1.01000000E+02  1.20798046E+01
  1.01000000E+02  1.21343950E+01
  1.01000000E+02  1.21804690E+01
  1.01000000E+02  1.22350595E+01
  1.01000000E+02  1.22811335E+01
  1.01000000E+02  1.23357239E+01
  1.01000000E+02  1.23817979E+01
  1.01000000E+02  1.24363884E+01
  1.01000000E+02  1.24824624E+01
  1.01000000E+02  1.25370528E+01
  1.01000000E+02  1.25831268E+01
  1.01000000E+02  1.26377173E+01
  1.01000000E+02  1.26837913E+01
  1.01000000E+02  1.27383817E+01
  1.01000000E+02  1.27844558E+01
  1.01000000E+02  1.28390462E+01
  1.01000000E+02  1.28851202E+01
  1.01000000E+02  1.29397106E+01
  1.01000000E+02  1.29857847E+01
  1.01000000E+02  1.30403751E+01
  1.01000000E+02  1.30864491E+01
  1.01000000E+02  1.31410395E+01
  1.01000000E+02  1.31871136E+01
  1.01000000E+02  1.32417040E+01
  1.01000000E+02  1.32877780E+01
  1.01000000E+02  1.33423684E+01
  1.01000000E+02  1.33884425E+01
  1.01000000E+02  1.34430329E+01
  1.01000000E+02  1.34891069E+01
  1.01000000E+02  1.35436973E+01
  1.01000000E+02  1.35897714E+01
  1.01000000E+02  1.36443618E+01
  1.01000000E+02  1.36904358E+01
  1.01000000E+02  1.37450262E+01
  1.01000000E+02  1.37911003E+01
  1.01000000E+02  1.38456907E+01
  1.01000000E+02  1.38917647E+01
  1.01000000E+02  1.39463551E+01
  1.01000000E+02  1.39924292E+01
  1.01000000E+02  1.40470196E+01
  1.01000000E+02  1.40930936E+01
  1.01000000E+02  1.41476840E+01
  1.01000000E+02  1.41937581E+01
  1.01000000E+02  1.42483485E+01
  1.01000000E+02  1.42944225E+01
  1.01000000E+02  1.43490130E+01
  1.01000000E+02  1.43950870E+01
  1.01000000E+02  1.44496774E+01
  1.01000000E+02  1.44957514E+01
  1.01000000E+02  1.45503419E+01
  1.01000000E+02  1.45964159E+01
  1.01000000E+02  1.46510063E+01
  1.01000000E+02  1.46970803E+01
  1.01000000E+02  1.47516708E+01
  1.01000000E+02  1.47977448E+01
  1.01000000E+02  1.48523352E+01
  1.01000000E+02  1.48984092E+01
  1.01000000E+02  1.49529997E+01
  1.01000000E+02  1.49990737E+01
  1.01000000E+02  1.50536641E+01
  1.01000000E+02  1.50997381E+01
  1.00945052E+02  1.50997381E+01
  1.00843727E+02  1.50997381E+01
  1.00742403E+02  1.50997381E+01
  1.00641078E+02  1.50997381E+01
  1.00539754E+02  1.50997381E+01
  1.00438429E+02  1.50997381E+01
  1.00337105E+02  1.50997381E+01
  1.00235780E+02  1.50997381E+01
  1.00134456E+02  1.50997381E+01
  1.00033131E+02  1.50997381E+01
  9.99318066E+01  1.50997381E+01
  9.98304821E+01  1.50997381E+01
  9.97291576E+01  1.50997381E+01
  9.96278331E+01  1.50997381E+01
  9.95265086E+01  1.50997381E+01
  9.94251841E+01  1.50997381E+01
  9.93238596E+01  1.50997381E+01
  9.92225351E+01  1.50997381E+01
  9.91212106E+01  1.50997381E+01
  9.90198861E+01  1.50997381E+01
  9.89185616E+01  1.50997381E+01
  9.88172371E+01  1.50997381E+01
  9.87159126E+01  1.50997381E+01
  9.86145881E+01  1.50997381E+01
  9.85132636E+01  1.50997381E+01
  9.84119390E+01  1.50997381E+01
  9.83106145E+01  1.50997381E+01
  9.82092900E+01  1.50997381E+01
  9.81079655E+01  1.50997381E+01
  9.80066410E+01  1.50997381E+01
  9.79053165E+01  1.50997381E+01
  9.78039920E+01  1.50997381E+01
  9.77026675E+01  1.50997381E+01
  9.76013430E+01  1.50997381E+01
  9.75000185E+01  1.50997381E+01
  9.73986940E+01  1.50997381E+01
  9.72973695E+01  1.50997381E+01
  9.71960450E+01  1.50997381E+01
  9.70947205E+01  1.50997381E+01
  9.69933960E+01  1.50997381E+01
  9.68920715E+01  1.50997381E+01
  9.67907470E+01  1.50997381E+01
  9.66894225E+01  1.50997381E+01
  9.65880980E+01  1.50997381E+01
  9.64867735E+01  1.50997381E+01
  9.63854490E+01  1.50997381E+01
  9.62841245E+01  1.50997381E+01
  9.61828000E+01  1.50997381E+01
  9.60814755E+01  1.50997381E+01
  9.59801510E+01  1.50997381E+01
  9.58788265E+01  1.50997381E+01
  9.57775020E+01  1.50997381E+01
  9.56761775E+01  1.50997381E+01
  9.55748530E+01  1.50997381E+01
  9.54735285E+01  1.50997381E+01
  9.53722039E+01  1.50997381E+01
  9.52708794E+01  1.50997381E+01
  9.51695549E+01  1.50997381E+01
  9.50682304E+01  1.50997381E+01
  9.49669059E+01  1.50997381E+01
  9.48655814E+01  1.50997381E+01
  9.47642569E+01  1.50997381E+01
  9.46629324E+01  1.50997381E+01
  9.45616079E+01  1.50997381E+01
  9.44602834E+01  1.50997381E+01
  9.43589589E+01  1.50997381E+01
  9.42576344E+01  1.50997381E+01
  9.41563099E+01  1.50997381E+01
  9.40549854E+01  1.50997381E+01
  9.39536609E+01  1.50997381E+01
  9.38523364E+01  1.50997381E+01
  9.37510119E+01  1.50997381E+01
  9.36496874E+01  1.50997381E+01
  9.35483629E+01  1.50997381E+01
  9.34470384E+01  1.50997381E+01
  9.33457139E+01  1.50997381E+01
  9.32443894E+01  1.50997381E+01
  9.31430649E+01  1.50997381E+01
  9.30417404E+01  1.50997381E+01
  9.29404159E+01  1.50997381E+01
  9.28390914E+01  1.50997381E+01
  9.27377669E+01  1.50997381E+01
  9.26364424E+01  1.50997381E+01
  9.25351179E+01  1.50997381E+01
  9.24337934E+01  1.50997381E+01
  9.23324688E+01  1.50997381E+01
  9.22311443E+01  1.50997381E+01
  9.21298198E+01  1.50997381E+01
  9.20284953E+01  1.50997381E+01
  9.19271708E+01  1.50997381E+01
  9.18258463E+01  1.50997381E+01
  9.17245218E+01  1.50997381E+01
  9.16231973E+01  1.50997381E+01
  9.15218728E+01  1.50997381E+01
  9.14205483E+01  1.50997381E+01
  9.13192238E+01  1.50997381E+01
  9.12178993E+01  1.50997381E+01
  9.11165748E+01  1.50997381E+01
  9.10152503E+01  1.50997381E+01
  9.09139258E+01  1.50997381E+01
  9.08126013E+01  1.50997381E+01
  9.07112768E+01  1.50997381E+01
  9.06099523E+01  1.50997381E+01
  9.05086278E+01  1.50997381E+01
  9.04073033E+01  1.50997381E+01
  9.03059788E+01  1.50997381E+01
  9.02046543E+01  1.50997381E+01
  9.01033298E+01  1.50997381E+01
  9.00020053E+01  1.50997381E+01
  8.99006808E+01  1.49990737E+01
  8.99006808E+01 -1.50995974E+01

hb:   line clip z  
frame:
  9.0000018E+01 -1.4999930E+01
  1.0500002E+02 -1.4999930E+01
  1.0500002E+02  1.5000070E+01
  9.0000018E+01  1.5000070E+01
clip:
  1.01046376E+02 -1.50995974E+01
  1.02500000E+02 -1.50995974E+01
  1.02500000E+02 -1.50647451E+01
  1.02500000E+02 -1.49989330E+01
  1.02500000E+02 -1.49640807E+01
  1.02500000E+02 -1.48982685E+01
  1.02500000E+02 -1.48634162E+01
  1.02500000E+02 -1.47976040E+01
  1.02500000E+02 -1.47627518E+01
  1.02500000E+02 -1.46969396E+01
  1.02500000E+02 -1.46620873E+01
  1.02500000E+02 -1.45962751E+01
  1.02500000E+02 -1.45614229E+01
  1.02500000E+02 -1.44956107E+01
  1.02500000E+02 -1.44607584E+01
  1.02500000E+02 -1.43949462E+01
  1.02500000E+02 -1.43600939E+01
  1.02500000E+02 -1.42942818E+01
  1.02500000E+02 -1.42594295E+01
  1.02500000E+02 -1.41936173E+01
  1.02500000E+02 -1.41587650E+01
  1.02500000E+02 -1.40929529E+01
  1.02500000E+02 -1.40581006E+01
  1.02500000E+02 -1.39922884E+01
  1.02500000E+02 -1.39574361E+01
  1.02500000E+02 -1.38916240E+01
  1.02500000E+02 -1.38567717E+01
  1.02500000E+02 -1.37909595E+01
  1.02500000E+02 -1.37561072E+01
  1.02500000E+02 -1.36902951E+01
  1.02500000E+02 -1.36554428E+01
  1.02500000E+02 -1.35896306E+01
  1.02500000E+02 -1.35547783E+01
  1.02500000E+02 -1.34889662E+01
  1.02500000E+02 -1.34541139E+01
  1.02500000E+02 -1.33883017E+01
  1.02500000E+02 -1.33534494E+01
  1.02500000E+02 -1.32876373E+01
  1.02500000E+02 -1.32527850E+01
  1.02500000E+02 -1.31869728E+01
  1.02500000E+02 -1.31521205E+01
  1.02500000E+02 -1.30863084E+01
  1.02500000E+02 -1.30514561E+01
  1.02500000E+02 -1.29856439E+01
  1.02500000E+02 -1.29507916E+01
  1.02500000E+02 -1.28849795E+01
  1.02500000E+02 -1.28501272E+01
  1.02500000E+02 -1.27843150E+01
  1.02500000E+02 -1.27494627E+01
  1.02500000E+02 -1.26836506E+01
  1.02500000E+02 -1.26487983E+01
  1.02500000E+02 -1.25829861E+01
  1.02500000E+02 -1.25481338E+01
  1.02500000E+02 -1.24823217E+01
  1.02500000E+02 -1.24474694E+01
  1.02500000E+02 -1.23816572E+01
  1.02500000E+02 -1.23468049E+01
  1.02500000E+02 -1.22809928E+01
  1.02500000E+02 -1.22461405E+01
  1.02500000E+02 -1.21803283E+01
  1.02500000E+02 -1.21454760E+01
  1.02500000E+02 -1.20796638E+01
  1.02500000E+02 -1.20448116E+01
  1.02500000E+02 -1.19789994E+01
  1.02500000E+02 -1.19441471E+01
  1.02500000E+02 -1.18783349E+01
  1.02500000E+02 -1.18434827E+01
  1.02500000E+02 -1.17776705E+01
  1.02500000E+02 -1.17428182E+01
  1.02500000E+02 -1.16770060E+01
  1.02500000E+02 -1.16421537E+01
  1.02500000E+02 -1.15763416E+01
  1.02500000E+02 -1.15414893E+01
  1.02500000E+02 -1.14756771E+01
  1.02500000E+02 -1.14408248E+01
  1.02500000E+02 -1.13750127E+01
  1.02500000E+02 -1.13401604E+01
  1.02500000E+02 -1.12743482E+01
  1.02500000E+02 -1.12394959E+01
  1.02500000E+02 -1.11736838E+01
  1.02500000E+02 -1.11388315E+01
  1.02500000E+02 -1.10730193E+01
  1.02500000E+02 -1.10381670E+01
  1.02500000E+02 -1.09723549E+01
  1.02500000E+02 -1.09375026E+01
  1.02500000E+02 -1.08716904E+01
  1.02500000E+02 -1.08368381E+01
  1.02500000E+02 -1.07710260E+01
  1.02500000E+02 -1.07361737E+01
  1.02500000E+02 -1.06703615E+01
  1.02500000E+02 -1.06355092E+01
  1.02500000E+02 -1.05696971E+01
  1.02500000E+02 -1.05348448E+01
  1.02500000E+02 -1.04690326E+01
  1.02500000E+02 -1.04341803E+01
  1.02500000E+02 -1.03683682E+01
  1.02500000E+02 -1.03335159E+01
  1.02500000E+02 -1.02677037E+01
  1.02500000E+02 -1.02328514E+01
  1.02500000E+02 -1.01670393E+01
  1.02500000E+02 -1.01321870E+01
  1.02500000E+02 -1.00663748E+01
  1.02500000E+02 -1.00315225E+01
  1.02500000E+02 -9.96571036E+00
  1.02500000E+02 -9.93085807E+00
  1.02500000E+02 -9.86504591E+00
  1.02500000E+02 -9.83019361E+00
  1.02500000E+02 -9.76438146E+00
  1.02500000E+02 -9.72952916E+00
  1.02500000E+02 -9.66371701E+00
  1.02500000E+02 -9.62886471E+00
  1.02500000E+02 -9.56305255E+00
  1.02500000E+02 -9.52820026E+00
  1.02500000E+02 -9.46238810E+00
  1.02500000E+02 -9.42753581E+00
  1.02500000E+02 -9.36172365E+00
  1.02500000E+02 -9.32687135E+00
  1.02500000E+02 -9.26105920E+00
  1.02500000E+02 -9.22620690E+00
  1.02500000E+02 -9.16039475E+00
  1.02500000E+02 -9.12554245E+00
  1.02500000E+02 -9.05973029E+00
  1.02500000E+02 -9.02487800E+00
  1.02500000E+02 -8.95906584E+00
  1.02500000E+02 -8.92421355E+00
  1.02500000E+02 -8.85840139E+00
  1.02500000E+02 -8.82354910E+00
  1.02500000E+02 -8.75773694E+00
  1.02500000E+02 -8.72288464E+00
  1.02500000E+02 -8.65707249E+00
  1.02500000E+02 -8.62222019E+00
  1.02500000E+02 -8.55640803E+00
  1.02500000E+02 -8.52155574E+00
  1.02500000E+02 -8.45574358E+00
  1.02500000E+02 -8.42089129E+00
  1.02500000E+02 -8.35507913E+00
  1.02500000E+02 -8.32022684E+00
  1.02500000E+02 -8.25441468E+00
  1.02500000E+02 -8.21956238E+00
  1.02500000E+02 -8.15375023E+00
  1.02500000E+02 -8.11889793E+00
  1.02500000E+02 -8.05308578E+00
  1.02500000E+02 -8.01823348E+00
  1.02500000E+02 -7.95242132E+00
  1.02500000E+02 -7.91756903E+00
  1.02500000E+02 -7.85175687E+00
  1.02500000E+02 -7.81690458E+00
  1.02500000E+02 -7.75109242E+00
  1.02500000E+02 -7.71624013E+00
  1.02500000E+02 -7.65042797E+00
  1.02500000E+02 -7.61557567E+00
  1.02500000E+02 -7.54976352E+00
  1.02500000E+02 -7.51491122E+00
  1.02500000E+02 -7.44909906E+00
  1.02500000E+02 -7.41424677E+00
  1.02500000E+02 -7.34843461E+00
  1.02500000E+02 -7.31358232E+00
  1.02500000E+02 -7.24777016E+00
  1.02500000E+02 -7.21291787E+00
  1.02500000E+02 -7.14710571E+00
  1.02500000E+02 -7.11225341E+00
  1.02500000E+02 -7.04644126E+00
  1.02500000E+02 -7.01158896E+00
  1.02500000E+02 -6.94577681E+00
  1.02500000E+02 -6.91092451E+00
  1.02500000E+02 -6.84511235E+00
  1.02500000E+02 -6.81026006E+00
  1.02500000E+02 -6.74444790E+00
  1.02500000E+02 -6.70959561E+00
  1.02500000E+02 -6.64378345E+00
  1.02500000E+02 -6.60893116E+00
  1.02500000E+02 -6.54311900E+00
  1.02500000E+02 -6.50826670E+00
  1.02500000E+02 -6.44245455E+00
  1.02500000E+02 -6.40760225E+00
  1.02500000E+02 -6.34179009E+00
  1.02500000E+02 -6.30693780E+00
  1.02500000E+02 -6.24112564E+00
  1.02500000E+02 -6.20627335E+00
  1.02500000E+02 -6.14046119E+00
  1.02500000E+02 -6.10560890E+00
  1.02500000E+02 -6.03979674E+00
  1.02500000E+02 -6.00494444E+00
  1.02500000E+02 -5.93913229E+00
  1.02476124E+02 -5.92800000E+00
  1.02464919E+02 -5.92800000E+00
  1.02453714E+02 -5.92800000E+00
  1.02363595E+02 -5.92800000E+00
  1.02352389E+02 -5.92800000E+00
  1.02262270E+02 -5.92800000E+00
  1.02251065E+02 -5.92800000E+00
  1.02160946E+02 -5.92800000E+00
  1.02149740E+02 -5.92800000E+00
  1.02059621E+02 -5.92800000E+00
  1.02048416E+02 -5.92800000E+00
  1.01958297E+02 -5.92800000E+00
  1.01947091E+02 -5.92800000E+00
  1.01856972E+02 -5.92800000E+00
  1.01845767E+02 -5.92800000E+00
  1.01755648E+02 -5.92800000E+00
  1.01744442E+02 -5.92800000E+00
  1.01654323E+02 -5.92800000E+00
  1.01643118E+02 -5.92800000E+00
  1.01552999E+02 -5.92800000E+00
  1.01541793E+02 -5.92800000E+00
  1.01451674E+02 -5.92800000E+00
  1.01440469E+02 -5.92800000E+00
  1.01350350E+02 -5.92800000E+00
  1.01339144E+02 -5.92800000E+00
  1.01249025E+02 -5.92800000E+00
  1.01237820E+02 -5.92800000E+00
  1.01147701E+02 -5.92800000E+00
  1.01136495E+02 -5.92800000E+00
  1.01046376E+02 -5.92800000E+00
  1.01035171E+02 -5.92800000E+00
  1.01000000E+02 -5.93913229E+00
  1.01000000E+02 -5.98520632E+00
  1.01000000E+02 -6.03979674E+00
  1.01000000E+02 -6.08587077E+00
  1.01000000E+02 -6.14046119E+00
  1.01000000E+02 -6.18653522E+00
  1.01000000E+02 -6.24112564E+00
  1.01000000E+02 -6.28719967E+00
  1.01000000E+02 -6.34179009E+00
  1.01000000E+02 -6.38786412E+00
  1.01000000E+02 -6.44245455E+00
  1.01000000E+02 -6.48852858E+00
  1.01000000E+02 -6.54311900E+00
  1.01000000E+02 -6.58919303E+00
  1.01000000E+02 -6.64378345E+00
  1.01000000E+02 -6.68985748E+00
  1.01000000E+02 -6.74444790E+00
  1.01000000E+02 -6.79052193E+00
  1.01000000E+02 -6.84511235E+00
  1.01000000E+02 -6.89118638E+00
  1.01000000E+02 -6.94577681E+00
  1.01000000E+02 -6.99185084E+00
  1.01000000E+02 -7.04644126E+00
  1.01000000E+02 -7.09251529E+00
  1.01000000E+02 -7.14710571E+00
  1.01000000E+02 -7.19317974E+00
  1.01000000E+02 -7.24777016E+00
  1.01000000E+02 -7.29384419E+00
  1.01000000E+02 -7.34843461E+00
  1.01000000E+02 -7.39450864E+00
  1.01000000E+02 -7.44909906E+00
  1.01000000E+02 -7.49517309E+00
  1.01000000E+02 -7.54976352E+00
  1.01000000E+02 -7.59583755E+00
  1.01000000E+02 -7.65042797E+00
  1.01000000E+02 -7.69650200E+00
  1.01000000E+02 -7.75109242E+00
  1.01000000E+02 -7.79716645E+00
  1.01000000E+02 -7.85175687E+00
  1.01000000E+02 -7.89783090E+00
  1.01000000E+02 -7.95242132E+00
  1.01000000E+02 -7.99849535E+00
  1.01000000E+02 -8.05308578E+00
  1.01000000E+02 -8.09915981E+00
  1.01000000E+02 -8.15375023E+00
  1.01000000E+02 -8.19982426E+00
  1.01000000E+02 -8.25441468E+00
  1.01000000E+02 -8.30048871E+00
  1.01000000E+02 -8.35507913E+00
  1.01000000E+02 -8.40115316E+00
  1.01000000E+02 -8.45574358E+00
  1.01000000E+02 -8.50181761E+00
  1.01000000E+02 -8.55640803E+00
  1.01000000E+02 -8.60248206E+00
  1.01000000E+02 -8.65707249E+00
  1.01000000E+02 -8.70314652E+00
  1.01000000E+02 -8.75773694E+00
  1.01000000E+02 -8.80381097E+00
  1.01000000E+02 -8.85840139E+00
  1.01000000E+02 -8.90447542E+00
  1.01000000E+02 -8.95906584E+00
  1.01000000E+02 -9.00513987E+00
  1.01000000E+02 -9.05973029E+00
  1.01000000E+02 -9.10580432E+00
  1.01000000E+02 -9.16039475E+00
  1.01000000E+02 -9.20646878E+00
  1.01000000E+02 -9.26105920E+00
  1.01000000E+02 -9.30713323E+00
  1.01000000E+02 -9.36172365E+00
  1.01000000E+02 -9.40779768E+00
  1.01000000E+02 -9.46238810E+00
  1.01000000E+02 -9.50846213E+00
  1.01000000E+02 -9.56305255E+00
  1.01000000E+02 -9.60912658E+00
  1.01000000E+02 -9.66371701E+00
  1.01000000E+02 -9.70979103E+00
  1.01000000E+02 -9.76438146E+00
  1.01000000E+02 -9.81045549E+00
  1.01000000E+02 -9.86504591E+00
  1.01000000E+02 -9.91111994E+00
  1.01000000E+02 -9.96571036E+00
  1.01000000E+02 -1.00117844E+01
  1.01000000E+02 -1.00663748E+01
  1.01000000E+02 -1.01124488E+01
  1.01000000E+02 -1.01670393E+01
  1.01000000E+02 -1.02131133E+01
  1.01000000E+02 -1.02677037E+01
  1.01000000E+02 -1.03137777E+01
  1.01000000E+02 -1.03683682E+01
  1.01000000E+02 -1.04144422E+01
  1.01000000E+02 -1.04690326E+01
  1.01000000E+02 -1.05151066E+01
  1.01000000E+02 -1.05696971E+01
  1.01000000E+02 -1.06157711E+01
  1.01000000E+02 -1.06703615E+01
  1.01000000E+02 -1.07164356E+01
  1.01000000E+02 -1.07710260E+01
  1.01000000E+02 -1.08171000E+01
  1.01000000E+02 -1.08716904E+01
  1.01000000E+02 -1.09177645E+01
  1.01000000E+02 -1.09723549E+01
  1.01000000E+02 -1.10184289E+01
  1.01000000E+02 -1.10730193E+01
  1.01000000E+02 -1.11190934E+01
  1.01000000E+02 -1.11736838E+01
  1.01000000E+02 -1.12197578E+01
  1.01000000E+02 -1.12743482E+01
  1.01000000E+02 -1.13204223E+01
  1.01000000E+02 -1.13750127E+01
  1.01000000E+02 -1.14210867E+01
  1.01000000E+02 -1.14756771E+01
  1.01000000E+02 -1.15217512E+01
  1.01000000E+02 -1.15763416E+01
  1.01000000E+02 -1.16224156E+01
  1.01000000E+02 -1.16770060E+01
  1.01000000E+02 -1.17230801E+01
  1.01000000E+02 -1.17776705E+01
  1.01000000E+02 -1.18237445E+01
  1.01000000E+02 -1.18783349E+01
  1.01000000E+02 -1.19244090E+01
  1.01000000E+02 -1.19789994E+01
  1.01000000E+02 -1.20250734E+01
  1.01000000E+02 -1.20796638E+01
  1.01000000E+02 -1.21257379E+01
  1.01000000E+02 -1.21803283E+01
  1.01000000E+02 -1.22264023E+01
  1.01000000E+02 -1.22809928E+01
  1.01000000E+02 -1.23270668E+01
  1.01000000E+02 -1.23816572E+01
  1.01000000E+02 -1.24277312E+01
  1.01000000E+02 -1.24823217E+01
  1.01000000E+02 -1.25283957E+01
  1.01000000E+02 -1.25829861E+01
  1.01000000E+02 -1.26290601E+01
  1.01000000E+02 -1.26836506E+01
  1.01000000E+02 -1.27297246E+01
  1.01000000E+02 -1.27843150E+01
  1.01000000E+02 -1.28303890E+01
  1.01000000E+02 -1.28849795E+01
  1.01000000E+02 -1.29310535E+01
  1.01000000E+02 -1.29856439E+01
  1.01000000E+02 -1.30317179E+01
  1.01000000E+02 -1.30863084E+01
  1.01000000E+02 -1.31323824E+01
  1.01000000E+02 -1.31869728E+01
  1.01000000E+02 -1.32330468E+01
  1.01000000E+02 -1.32876373E+01
  1.01000000E+02 -1.33337113E+01
  1.01000000E+02 -1.33883017E+01
  1.01000000E+02 -1.34343758E+01
  1.01000000E+02 -1.34889662E+01
  1.01000000E+02 -1.35350402E+01
  1.01000000E+02 -1.35896306E+01
  1.01000000E+02 -1.36357047E+01
  1.01000000E+02 -1.36902951E+01
  1.01000000E+02 -1.37363691E+01
  1.01000000E+02 -1.37909595E+01
  1.01000000E+02 -1.38370336E+01
  1.01000000E+02 -1.38916240E+01
  1.01000000E+02 -1.39376980E+01
  1.01000000E+02 -1.39922884E+01
  1.01000000E+02 -1.40383625E+01
  1.01000000E+02 -1.40929529E+01
  1.01000000E+02 -1.41390269E+01
  1.01000000E+02 -1.41936173E+01
  1.01000000E+02 -1.42396914E+01
  1.01000000E+02 -1.42942818E+01
  1.01000000E+02 -1.43403558E+01
  1.01000000E+02 -1.43949462E+01
  1.01000000E+02 -1.44410203E+01
  1.01000000E+02 -1.44956107E+01
  1.01000000E+02 -1.45416847E+01
  1.01000000E+02 -1.45962751E+01
  1.01000000E+02 -1.46423492E+01
  1.01000000E+02 -1.46969396E+01
  1.01000000E+02 -1.47430136E+01
  1.01000000E+02 -1.47976040E+01
  1.01000000E+02 -1.48436781E+01
  1.01000000E+02 -1.48982685E+01
  1.01000000E+02 -1.49443425E+01
  1.01000000E+02 -1.49989330E+01
  1.01000000E+02 -1.50450070E+01
  1.01000000E+02 -1.50995974E+01

hb:   line clip z  
clip:
  9.77835225E+01 -1.21000000E+01
  9.87363821E+01 -1.21000000E+01
  9.87800000E+01 -1.20796638E+01
  9.87800000E+01 -1.20159939E+01
  9.87800000E+01 -1.19789994E+01
  9.87800000E+01 -1.19153294E+01
  9.87800000E+01 -1.18783349E+01
  9.87800000E+01 -1.18146650E+01
  9.87800000E+01 -1.17776705E+01
  9.87800000E+01 -1.17140005E+01
  9.87800000E+01 -1.16770060E+01
  9.87800000E+01 -1.16133361E+01
  9.87800000E+01 -1.15763416E+01
  9.87800000E+01 -1.15126716E+01
  9.87800000E+01 -1.14756771E+01
  9.87800000E+01 -1.14120072E+01
  9.87800000E+01 -1.13750127E+01
  9.87800000E+01 -1.13113427E+01
  9.87800000E+01 -1.12743482E+01
  9.87800000E+01 -1.12106783E+01
  9.87800000E+01 -1.11736838E+01
  9.87800000E+01 -1.11100138E+01
  9.87800000E+01 -1.10730193E+01
  9.87800000E+01 -1.10093494E+01
  9.87800000E+01 -1.09723549E+01
  9.87800000E+01 -1.09086849E+01
  9.87800000E+01 -1.08716904E+01
  9.87800000E+01 -1.08080205E+01
  9.87800000E+01 -1.07710260E+01
  9.87800000E+01 -1.07073560E+01
  9.87800000E+01 -1.06703615E+01
  9.87800000E+01 -1.06066916E+01
  9.87800000E+01 -1.05696971E+01
  9.87800000E+01 -1.05060271E+01
  9.87800000E+01 -1.04690326E+01
  9.87800000E+01 -1.04053627E+01
  9.87800000E+01 -1.03683682E+01
  9.87800000E+01 -1.03046982E+01
  9.87800000E+01 -1.02677037E+01
  9.87800000E+01 -1.02040338E+01
  9.87800000E+01 -1.01670393E+01
  9.87800000E+01 -1.01033693E+01
  9.87800000E+01 -1.00663748E+01
  9.87800000E+01 -1.00027049E+01
  9.87800000E+01 -9.96571036E+00
  9.87800000E+01 -9.90204040E+00
  9.87800000E+01 -9.86504591E+00
  9.87800000E+01 -9.80137595E+00
  9.87800000E+01 -9.76438146E+00
  9.87800000E+01 -9.70071150E+00
  9.87800000E+01 -9.66371701E+00
  9.87800000E+01 -9.60004704E+00
  9.87800000E+01 -9.56305255E+00
  9.87800000E+01 -9.49938259E+00
  9.87800000E+01 -9.46238810E+00
  9.87800000E+01 -9.39871814E+00
  9.87800000E+01 -9.36172365E+00
  9.87800000E+01 -9.29805369E+00
  9.87800000E+01 -9.26105920E+00
  9.87800000E+01 -9.19738924E+00
  9.87800000E+01 -9.16039475E+00
  9.87800000E+01 -9.09672478E+00
  9.87800000E+01 -9.05973029E+00
  9.87800000E+01 -8.99606033E+00
  9.87800000E+01 -8.95906584E+00
  9.87800000E+01 -8.89539588E+00
  9.87800000E+01 -8.85840139E+00
  9.87800000E+01 -8.79473143E+00
  9.87800000E+01 -8.75773694E+00
  9.87800000E+01 -8.69406698E+00
  9.87800000E+01 -8.65707249E+00
  9.87800000E+01 -8.59340253E+00
  9.87800000E+01 -8.55640803E+00
  9.87800000E+01 -8.49273807E+00
  9.87800000E+01 -8.45574358E+00
  9.87800000E+01 -8.39207362E+00
  9.87800000E+01 -8.35507913E+00
  9.87800000E+01 -8.29140917E+00
  9.87800000E+01 -8.25441468E+00
  9.87800000E+01 -8.19074472E+00
  9.87800000E+01 -8.15375023E+00
  9.87800000E+01 -8.09008027E+00
  9.87800000E+01 -8.05308578E+00
  9.87800000E+01 -7.98941581E+00
  9.87800000E+01 -7.95242132E+00
  9.87686776E+01 -7.90000000E+00
  9.87159126E+01 -7.90000000E+00
  9.86631475E+01 -7.90000000E+00
  9.86145881E+01 -7.90000000E+00
  9.85618230E+01 -7.90000000E+00
  9.85132636E+01 -7.90000000E+00
  9.84604985E+01 -7.90000000E+00
  9.84119390E+01 -7.90000000E+00
  9.83591740E+01 -7.90000000E+00
  9.83106145E+01 -7.90000000E+00
  9.82578495E+01 -7.90000000E+00
  9.82092900E+01 -7.90000000E+00
  9.81565250E+01 -7.90000000E+00
  9.81079655E+01 -7.90000000E+00
  9.80552005E+01 -7.90000000E+00
  9.80066410E+01 -7.90000000E+00
  9.79538760E+01 -7.90000000E+00
  9.79053165E+01 -7.90000000E+00
  9.78525515E+01 -7.90000000E+00
  9.78039920E+01 -7.90000000E+00
  9.77800000E+01 -7.92858559E+00
  9.77800000E+01 -7.95242132E+00
  9.78039920E+01 -8.00000000E+00
  9.78518827E+01 -8.00000000E+00
  9.79053165E+01 -8.00000000E+00
  9.79800000E+01 -8.05308578E+00
  9.79800000E+01 -8.48221107E+00
  9.80066410E+01 -8.50000000E+00
  9.80800000E+01 -8.55640803E+00
  9.80800000E+01 -1.14756771E+01
  9.79800000E+01 -1.15498741E+01
  9.79800000E+01 -1.19789994E+01
  9.79053165E+01 -1.20000000E+01
  9.78251303E+01 -1.20000000E+01
  9.77800000E+01 -1.20558281E+01
  9.77800000E+01 -1.20796638E+01

hb:   line clip z  
clip:
  9.77828537E+01 -1.20000000E+01
  9.79264548E+01 -1.20000000E+01
  9.79800000E+01 -1.19789994E+01
  9.79800000E+01 -1.19048024E+01
  9.79800000E+01 -1.18783349E+01
  9.79800000E+01 -1.18041380E+01
  9.79800000E+01 -1.17776705E+01
  9.79800000E+01 -1.17034735E+01
  9.79800000E+01 -1.16770060E+01
  9.79800000E+01 -1.16028091E+01
  9.79800000E+01 -1.15763416E+01
  9.79800000E+01 -1.15021446E+01
  9.79800000E+01 -1.14756771E+01
  9.79800000E+01 -1.14014802E+01
  9.79800000E+01 -1.13750127E+01
  9.79800000E+01 -1.13008157E+01
  9.79800000E+01 -1.12743482E+01
  9.79800000E+01 -1.12001513E+01
  9.79800000E+01 -1.11736838E+01
  9.79800000E+01 -1.10994868E+01
  9.79800000E+01 -1.10730193E+01
  9.79800000E+01 -1.09988224E+01
  9.79800000E+01 -1.09723549E+01
  9.79800000E+01 -1.08981579E+01
  9.79800000E+01 -1.08716904E+01
  9.79800000E+01 -1.07974935E+01
  9.79800000E+01 -1.07710260E+01
  9.79800000E+01 -1.06968290E+01
  9.79800000E+01 -1.06703615E+01
  9.79800000E+01 -1.05961646E+01
  9.79800000E+01 -1.05696971E+01
  9.79800000E+01 -1.04955001E+01
  9.79800000E+01 -1.04690326E+01
  9.79800000E+01 -1.03948357E+01
  9.79800000E+01 -1.03683682E+01
  9.79800000E+01 -1.02941712E+01
  9.79800000E+01 -1.02677037E+01
  9.79800000E+01 -1.01935068E+01
  9.79800000E+01 -1.01670393E+01
  9.79800000E+01 -1.00928423E+01
  9.79800000E+01 -1.00663748E+01
  9.79217987E+01 -1.00500000E+01
  9.79053165E+01 -1.00500000E+01
  9.78888344E+01 -1.00500000E+01
  9.78039920E+01 -1.00500000E+01
  9.77875098E+01 -1.00500000E+01
  9.77800000E+01 -1.00663748E+01
  9.77800000E+01 -1.00902106E+01
  9.77800000E+01 -1.01670393E+01
  9.77800000E+01 -1.01908750E+01
  9.77800000E+01 -1.02677037E+01
  9.77800000E+01 -1.02915395E+01
  9.77800000E+01 -1.03683682E+01
  9.77800000E+01 -1.03922039E+01
  9.77800000E+01 -1.04690326E+01
  9.77800000E+01 -1.04928684E+01
  9.77800000E+01 -1.05696971E+01
  9.77800000E+01 -1.05935328E+01
  9.77800000E+01 -1.06703615E+01
  9.77800000E+01 -1.06941973E+01
  9.77800000E+01 -1.07710260E+01
  9.77800000E+01 -1.07948617E+01
  9.77800000E+01 -1.08716904E+01
  9.77800000E+01 -1.08955262E+01
  9.77800000E+01 -1.09723549E+01
  9.77800000E+01 -1.09961906E+01
  9.77800000E+01 -1.10730193E+01
  9.77800000E+01 -1.10968551E+01
  9.77800000E+01 -1.11736838E+01
  9.77800000E+01 -1.11975195E+01
  9.77800000E+01 -1.12743482E+01
  9.77800000E+01 -1.12981840E+01
  9.77800000E+01 -1.13750127E+01
  9.77800000E+01 -1.13988484E+01
  9.77800000E+01 -1.14756771E+01
  9.77800000E+01 -1.14995129E+01
  9.77800000E+01 -1.15763416E+01
  9.77800000E+01 -1.16001773E+01
  9.77800000E+01 -1.16770060E+01
  9.77800000E+01 -1.17008418E+01
  9.77800000E+01 -1.17776705E+01
  9.77800000E+01 -1.18015062E+01
  9.77800000E+01 -1.18783349E+01
  9.77800000E+01 -1.19021707E+01
  9.77800000E+01 -1.19789994E+01

hb:   line clip z  
clip:
  9.79821587E+01 -1.15000000E+01
  9.80311234E+01 -1.15000000E+01
  9.80800000E+01 -1.14756771E+01
  9.80800000E+01 -1.14027961E+01
  9.80800000E+01 -1.13750127E+01
  9.80800000E+01 -1.13021316E+01
  9.80800000E+01 -1.12743482E+01
  9.80800000E+01 -1.12014671E+01
  9.80800000E+01 -1.11736838E+01
  9.80800000E+01 -1.11008027E+01
  9.80800000E+01 -1.10730193E+01
  9.80800000E+01 -1.10001382E+01
  9.80800000E+01 -1.09723549E+01
  9.80800000E+01 -1.08994738E+01
  9.80800000E+01 -1.08716904E+01
  9.80800000E+01 -1.07988093E+01
  9.80800000E+01 -1.07710260E+01
  9.80800000E+01 -1.06981449E+01
  9.80800000E+01 -1.06703615E+01
  9.80800000E+01 -1.05974804E+01
  9.80800000E+01 -1.05696971E+01
  9.80800000E+01 -1.04968160E+01
  9.80800000E+01 -1.04690326E+01
  9.80800000E+01 -1.03961515E+01
  9.80800000E+01 -1.03683682E+01
  9.80800000E+01 -1.02954871E+01
  9.80800000E+01 -1.02677037E+01
  9.80800000E+01 -1.01948226E+01
  9.80800000E+01 -1.01670393E+01
  9.80800000E+01 -1.00941582E+01
  9.80800000E+01 -1.00663748E+01
  9.80800000E+01 -9.99349372E+00
  9.80800000E+01 -9.96571036E+00
  9.80800000E+01 -9.89282927E+00
  9.80800000E+01 -9.86504591E+00
  9.80800000E+01 -9.79216482E+00
  9.80800000E+01 -9.76438146E+00
  9.80800000E+01 -9.69150037E+00
  9.80800000E+01 -9.66371701E+00
  9.80800000E+01 -9.59083592E+00
  9.80800000E+01 -9.56305255E+00
  9.80800000E+01 -9.49017147E+00
  9.80800000E+01 -9.46238810E+00
  9.80800000E+01 -9.38950701E+00
  9.80800000E+01 -9.36172365E+00
  9.80800000E+01 -9.28884256E+00
  9.80800000E+01 -9.26105920E+00
  9.80800000E+01 -9.18817811E+00
  9.80800000E+01 -9.16039475E+00
  9.80800000E+01 -9.08751366E+00
  9.80800000E+01 -9.05973029E+00
  9.80800000E+01 -8.98684921E+00
  9.80800000E+01 -8.95906584E+00
  9.80800000E+01 -8.88618475E+00
  9.80800000E+01 -8.85840139E+00
  9.80800000E+01 -8.78552030E+00
  9.80800000E+01 -8.75773694E+00
  9.80800000E+01 -8.68485585E+00
  9.80800000E+01 -8.65707249E+00
  9.80800000E+01 -8.58419140E+00
  9.80800000E+01 -8.55640803E+00
  9.80634189E+01 -8.50000000E+00
  9.80066410E+01 -8.50000000E+00
  9.79800000E+01 -8.52994055E+00
  9.79800000E+01 -8.55640803E+00
  9.79800000E+01 -8.58287552E+00
  9.79800000E+01 -8.65707249E+00
  9.79800000E+01 -8.68353998E+00
  9.79800000E+01 -8.75773694E+00
  9.79800000E+01 -8.78420443E+00
  9.79800000E+01 -8.85840139E+00
  9.79800000E+01 -8.88486888E+00
  9.79800000E+01 -8.95906584E+00
  9.79800000E+01 -8.98553333E+00
  9.79800000E+01 -9.05973029E+00
  9.79800000E+01 -9.08619778E+00
  9.79800000E+01 -9.16039475E+00
  9.79800000E+01 -9.18686224E+00
  9.79800000E+01 -9.26105920E+00
  9.79800000E+01 -9.28752669E+00
  9.79800000E+01 -9.36172365E+00
  9.79800000E+01 -9.38819114E+00
  9.79800000E+01 -9.46238810E+00
  9.79800000E+01 -9.48885559E+00
  9.79800000E+01 -9.56305255E+00
  9.79800000E+01 -9.58952004E+00
  9.79800000E+01 -9.66371701E+00
  9.79800000E+01 -9.69018449E+00
  9.79800000E+01 -9.76438146E+00
  9.79800000E+01 -9.79084895E+00
  9.79800000E+01 -9.86504591E+00
  9.79800000E+01 -9.89151340E+00
  9.79800000E+01 -9.96571036E+00
  9.79800000E+01 -9.99217785E+00
  9.79800000E+01 -1.00663748E+01
  9.79800000E+01 -1.00928423E+01
  9.79800000E+01 -1.01670393E+01
  9.79800000E+01 -1.01935068E+01
  9.79800000E+01 -1.02677037E+01
  9.79800000E+01 -1.02941712E+01
  9.79800000E+01 -1.03683682E+01
  9.79800000E+01 -1.03948357E+01
  9.79800000E+01 -1.04690326E+01
  9.79800000E+01 -1.04955001E+01
  9.79800000E+01 -1.05696971E+01
  9.79800000E+01 -1.05961646E+01
  9.79800000E+01 -1.06703615E+01
  9.79800000E+01 -1.06968290E+01
  9.79800000E+01 -1.07710260E+01
  9.79800000E+01 -1.07974935E+01
  9.79800000E+01 -1.08716904E+01
  9.79800000E+01 -1.08981579E+01
  9.79800000E+01 -1.09723549E+01
  9.79800000E+01 -1.09988224E+01
  9.79800000E+01 -1.10730193E+01
  9.79800000E+01 -1.10994868E+01
  9.79800000E+01 -1.11736838E+01
  9.79800000E+01 -1.12001513E+01
  9.79800000E+01 -1.12743482E+01
  9.79800000E+01 -1.13008157E+01
  9.79800000E+01 -1.13750127E+01
  9.79800000E+01 -1.14014802E+01
  9.79800000E+01 -1.14756771E+01

hb:   line clip z  
clip:
  9.77800000E+01 -9.98954610E+00
  9.78039920E+01 -1.00500000E+01
  9.78888344E+01 -1.00500000E+01
  9.79053165E+01 -1.00500000E+01
  9.79800000E+01 -1.00399073E+01
  9.79800000E+01 -9.96571036E+00
  9.79211299E+01 -9.95000000E+00
  9.79053165E+01 -9.95000000E+00
  9.78895032E+01 -9.95000000E+00
  9.78039920E+01 -9.95000000E+00
  9.77800000E+01 -9.96571036E+00

hb:   line clip z  
clip:
  9.77800000E+01 -9.88888165E+00
  9.78039920E+01 -9.95000000E+00
  9.78895032E+01 -9.95000000E+00
  9.79053165E+01 -9.95000000E+00
  9.79800000E+01 -9.93924287E+00
  9.79800000E+01 -9.86504591E+00
  9.79800000E+01 -9.79084895E+00
  9.79800000E+01 -9.76438146E+00
  9.79800000E+01 -9.69018449E+00
  9.79800000E+01 -9.66371701E+00
  9.79800000E+01 -9.58952004E+00
  9.79800000E+01 -9.56305255E+00
  9.79800000E+01 -9.48885559E+00
  9.79800000E+01 -9.46238810E+00
  9.79800000E+01 -9.38819114E+00
  9.79800000E+01 -9.36172365E+00
  9.79800000E+01 -9.28752669E+00
  9.79800000E+01 -9.26105920E+00
  9.79800000E+01 -9.18686224E+00
  9.79800000E+01 -9.16039475E+00
  9.79800000E+01 -9.08619778E+00
  9.79800000E+01 -9.05973029E+00
  9.79800000E+01 -8.98553333E+00
  9.79800000E+01 -8.95906584E+00
  9.79800000E+01 -8.88486888E+00
  9.79800000E+01 -8.85840139E+00
  9.79800000E+01 -8.78420443E+00
  9.79800000E+01 -8.75773694E+00
  9.79800000E+01 -8.68353998E+00
  9.79800000E+01 -8.65707249E+00
  9.79800000E+01 -8.58287552E+00
  9.79800000E+01 -8.55640803E+00
  9.79800000E+01 -8.48221107E+00
  9.79800000E+01 -8.45574358E+00
  9.79800000E+01 -8.38154662E+00
  9.79800000E+01 -8.35507913E+00
  9.79800000E+01 -8.28088217E+00
  9.79800000E+01 -8.25441468E+00
  9.79800000E+01 -8.18021772E+00
  9.79800000E+01 -8.15375023E+00
  9.79800000E+01 -8.07955326E+00
  9.79800000E+01 -8.05308578E+00
  9.79587504E+01 -8.00000000E+00
  9.79053165E+01 -8.00000000E+00
  9.78518827E+01 -8.00000000E+00
  9.78039920E+01 -8.00000000E+00
  9.77800000E+01 -8.05308578E+00
  9.77800000E+01 -9.86504591E+00

hb:   line clip z  
clip:
  9.77500000E+01 -2.06685898E+00
  9.78039920E+01 -2.10000000E+00
  9.78913424E+01 -2.10000000E+00
  9.87159126E+01 -2.10000000E+00
  9.87500000E+01 -2.04708405E+00
  9.87500000E+01 -2.01321867E+00
  9.87500000E+01 -1.97935328E+00
  9.87500000E+01 -1.91255421E+00
  9.87500000E+01 -1.87868883E+00
  9.87500000E+01 -1.81188976E+00
  9.87500000E+01 -1.77802437E+00
  9.87500000E+01 -1.71122531E+00
  9.87500000E+01 -1.67735992E+00
  9.87500000E+01 -1.61056086E+00
  9.87500000E+01 -1.57669547E+00
  9.87500000E+01 -1.50989641E+00
  9.87500000E+01 -1.47603102E+00
  9.87500000E+01 -1.40923196E+00
  9.87500000E+01 -1.37536657E+00
  9.87500000E+01 -1.30856750E+00
  9.87500000E+01 -1.27470212E+00
  9.87500000E+01 -1.20790305E+00
  9.87500000E+01 -1.17403766E+00
  9.87500000E+01 -1.10723860E+00
  9.87500000E+01 -1.07337321E+00
  9.87500000E+01 -1.00657415E+00
  9.87500000E+01 -9.72708760E-01
  9.87500000E+01 -9.05909696E-01
  9.87500000E+01 -8.72044308E-01
  9.87500000E+01 -8.05245244E-01
  9.87500000E+01 -7.71379856E-01
  9.87500000E+01 -7.04580792E-01
  9.87500000E+01 -6.70715404E-01
  9.87500000E+01 -6.03916341E-01
  9.87500000E+01 -5.70050952E-01
  9.87500000E+01 -5.03251889E-01
  9.87500000E+01 -4.69386501E-01
  9.87500000E+01 -4.02587437E-01
  9.87500000E+01 -3.68722049E-01
  9.87500000E+01 -3.01922985E-01
  9.87500000E+01 -2.68057597E-01
  9.87500000E+01 -2.01258533E-01
  9.87500000E+01 -1.67393145E-01
  9.87500000E+01 -1.00594081E-01
  9.87500000E+01 -6.67286933E-02
  9.87500000E+01  7.03703670E-05
  9.87500000E+01  3.39357586E-02
  9.87500000E+01  1.00734822E-01
  9.87500000E+01  1.34600210E-01
  9.87500000E+01  2.01399274E-01
  9.87500000E+01  2.35264662E-01
  9.87500000E+01  3.02063726E-01
  9.87500000E+01  3.35929114E-01
  9.87500000E+01  4.02728178E-01
  9.87500000E+01  4.36593566E-01
  9.87500000E+01  5.03392630E-01
  9.87500000E+01  5.37258018E-01
  9.87500000E+01  6.04057081E-01
  9.87500000E+01  6.37922470E-01
  9.87500000E+01  7.04721533E-01
  9.87500000E+01  7.38586921E-01
  9.87500000E+01  8.05385985E-01
  9.87500000E+01  8.39251373E-01
  9.87500000E+01  9.06050437E-01
  9.87500000E+01  9.39915825E-01
  9.87500000E+01  1.00671489E+00
  9.87500000E+01  1.04058028E+00
  9.87500000E+01  1.10737934E+00
  9.87500000E+01  1.14124473E+00
  9.87500000E+01  1.20804379E+00
  9.87500000E+01  1.24190918E+00
  9.87500000E+01  1.30870824E+00
  9.87500000E+01  1.34257363E+00
  9.87500000E+01  1.40937270E+00
  9.87500000E+01  1.44323808E+00
  9.87500000E+01  1.51003715E+00
  9.87500000E+01  1.54390254E+00
  9.87500000E+01  1.61070160E+00
  9.87500000E+01  1.64456699E+00
  9.87500000E+01  1.71136605E+00
  9.87500000E+01  1.74523144E+00
  9.87500000E+01  1.81203050E+00
  9.87500000E+01  1.84589589E+00
  9.87500000E+01  1.91269496E+00
  9.87500000E+01  1.94656034E+00
  9.87500000E+01  2.01335941E+00
  9.87500000E+01  2.04722480E+00
  9.87159126E+01  2.10000000E+00
  9.86287039E+01  2.10000000E+00
  9.86145881E+01  2.10000000E+00
  9.85273794E+01  2.10000000E+00
  9.85132636E+01  2.10000000E+00
  9.84260549E+01  2.10000000E+00
  9.84119390E+01  2.10000000E+00
  9.83247304E+01  2.10000000E+00
  9.83106145E+01  2.10000000E+00
  9.82234059E+01  2.10000000E+00
  9.82092900E+01  2.10000000E+00
  9.81220814E+01  2.10000000E+00
  9.81079655E+01  2.10000000E+00
  9.80207568E+01  2.10000000E+00
  9.80066410E+01  2.10000000E+00
  9.79194323E+01  2.10000000E+00
  9.79053165E+01  2.10000000E+00
  9.78181078E+01  2.10000000E+00
  9.78039920E+01  2.10000000E+00
  9.77500000E+01  2.06699972E+00
  9.77905450E+01  2.00000000E+00
  9.79187635E+01  2.00000000E+00
  9.79500000E+01  1.91269496E+00
  9.79500000E+01  1.85642289E+00
  9.79500000E+01  1.81203050E+00
  9.79500000E+01  1.75575844E+00
  9.79500000E+01  1.71136605E+00
  9.79500000E+01  1.65509399E+00
  9.79500000E+01  1.61070160E+00
  9.79500000E+01  1.55442954E+00
  9.79965381E+01  1.50000000E+00
  9.80167440E+01  1.50000000E+00
  9.80500000E+01  1.40937270E+00
  9.80500000E+01  1.35178476E+00
  9.80500000E+01  1.30870824E+00
  9.80500000E+01  1.25112031E+00
  9.80500000E+01  1.20804379E+00
  9.80500000E+01  1.15045585E+00
  9.80500000E+01  1.10737934E+00
  9.80500000E+01  1.04979140E+00
  9.80500000E+01  1.00671489E+00
  9.80500000E+01  9.49126951E-01
  9.80500000E+01  9.06050437E-01
  9.80500000E+01  8.48462499E-01
  9.80500000E+01  8.05385985E-01
  9.80500000E+01  7.47798048E-01
  9.80500000E+01  7.04721533E-01
  9.80500000E+01  6.47133596E-01
  9.80500000E+01  6.04057081E-01
  9.80500000E+01  5.46469144E-01
  9.80500000E+01  5.03392630E-01
  9.80500000E+01  4.45804692E-01
  9.80500000E+01  4.02728178E-01
  9.80500000E+01  3.45140240E-01
  9.80500000E+01  3.02063726E-01
  9.80500000E+01  2.44475789E-01
  9.80500000E+01  2.01399274E-01
  9.80500000E+01  1.43811337E-01
  9.80500000E+01  1.00734822E-01
  9.80500000E+01  4.31468849E-02
  9.80500000E+01  7.03703670E-05
  9.80500000E+01 -5.75175670E-02
  9.80500000E+01 -1.00594081E-01
  9.80500000E+01 -1.58182019E-01
  9.80500000E+01 -2.01258533E-01
  9.80500000E+01 -2.58846471E-01
  9.80500000E+01 -3.01922985E-01
  9.80500000E+01 -3.59510922E-01
  9.80500000E+01 -4.02587437E-01
  9.80500000E+01 -4.60175374E-01
  9.80500000E+01 -5.03251889E-01
  9.80500000E+01 -5.60839826E-01
  9.80500000E+01 -6.03916341E-01
  9.80500000E+01 -6.61504278E-01
  9.80500000E+01 -7.04580792E-01
  9.80500000E+01 -7.62168730E-01
  9.80500000E+01 -8.05245244E-01
  9.80500000E+01 -8.62833182E-01
  9.80500000E+01 -9.05909696E-01
  9.80500000E+01 -9.63497633E-01
  9.80500000E+01 -1.00657415E+00
  9.80500000E+01 -1.06416209E+00
  9.80500000E+01 -1.10723860E+00
  9.80500000E+01 -1.16482654E+00
  9.80500000E+01 -1.20790305E+00
  9.80500000E+01 -1.26549099E+00
  9.80500000E+01 -1.30856750E+00
  9.80500000E+01 -1.36615544E+00
  9.80500000E+01 -1.40923196E+00
  9.80500000E+01 -1.46681989E+00
  9.80066410E+01 -1.50000000E+00
  9.79966797E+01 -1.50000000E+00
  9.79500000E+01 -1.50989641E+00
  9.79500000E+01 -1.56616847E+00
  9.79500000E+01 -1.61056086E+00
  9.79500000E+01 -1.66683292E+00
  9.79500000E+01 -1.71122531E+00
  9.79500000E+01 -1.76749737E+00
  9.79500000E+01 -1.81188976E+00
  9.79500000E+01 -1.86816182E+00
  9.79500000E+01 -1.91255421E+00
  9.79500000E+01 -1.96882628E+00
  9.79053165E+01 -2.00000000E+00
  9.78920112E+01 -2.00000000E+00
  9.78039920E+01 -2.00000000E+00
  9.77906867E+01 -2.00000000E+00
  9.77500000E+01 -2.01321867E+00

hb:   line clip z  
clip:
  9.77500000E+01 -1.96619453E+00
  9.78039920E+01 -2.00000000E+00
  9.78920112E+01 -2.00000000E+00
  9.79500000E+01 -1.95694660E+00
  9.79500000E+01 -1.91255421E+00
  9.79500000E+01 -1.86816182E+00
  9.79500000E+01 -1.81188976E+00
  9.79500000E+01 -1.76749737E+00
  9.79500000E+01 -1.71122531E+00
  9.79500000E+01 -1.66683292E+00
  9.79500000E+01 -1.61056086E+00
  9.79500000E+01 -1.56616847E+00
  9.79500000E+01 -1.50989641E+00
  9.79500000E+01 -1.46550402E+00
  9.79500000E+01 -1.40923196E+00
  9.79500000E+01 -1.36483957E+00
  9.79500000E+01 -1.30856750E+00
  9.79500000E+01 -1.26417511E+00
  9.79500000E+01 -1.20790305E+00
  9.79500000E+01 -1.16351066E+00
  9.79500000E+01 -1.10723860E+00
  9.79500000E+01 -1.06284621E+00
  9.79500000E+01 -1.00657415E+00
  9.79500000E+01 -9.62181758E-01
  9.79500000E+01 -9.05909696E-01
  9.79500000E+01 -8.61517306E-01
  9.79500000E+01 -8.05245244E-01
  9.79500000E+01 -7.60852855E-01
  9.79500000E+01 -7.04580792E-01
  9.79500000E+01 -6.60188403E-01
  9.79500000E+01 -6.03916341E-01
  9.79500000E+01 -5.59523951E-01
  9.79500000E+01 -5.03251889E-01
  9.79500000E+01 -4.58859499E-01
  9.79500000E+01 -4.02587437E-01
  9.79500000E+01 -3.58195047E-01
  9.79500000E+01 -3.01922985E-01
  9.79500000E+01 -2.57530595E-01
  9.79500000E+01 -2.01258533E-01
  9.79500000E+01 -1.56866144E-01
  9.79500000E+01 -1.00594081E-01
  9.79500000E+01 -5.62016918E-02
  9.79053165E+01 -5.00000000E-02
  9.78543907E+01 -5.00000000E-02
  9.78039920E+01 -5.00000000E-02
  9.77530662E+01 -5.00000000E-02
  9.77500000E+01 -1.00594081E-01
  9.77500000E+01 -1.54234393E-01
  9.77500000E+01 -2.01258533E-01
  9.77500000E+01 -2.54898845E-01
  9.77500000E+01 -3.01922985E-01
  9.77500000E+01 -3.55563297E-01
  9.77500000E+01 -4.02587437E-01
  9.77500000E+01 -4.56227749E-01
  9.77500000E+01 -5.03251889E-01
  9.77500000E+01 -5.56892201E-01
  9.77500000E+01 -6.03916341E-01
  9.77500000E+01 -6.57556652E-01
  9.77500000E+01 -7.04580792E-01
  9.77500000E+01 -7.58221104E-01
  9.77500000E+01 -8.05245244E-01
  9.77500000E+01 -8.58885556E-01
  9.77500000E+01 -9.05909696E-01
  9.77500000E+01 -9.59550008E-01
  9.77500000E+01 -1.00657415E+00
  9.77500000E+01 -1.06021446E+00
  9.77500000E+01 -1.10723860E+00
  9.77500000E+01 -1.16087891E+00
  9.77500000E+01 -1.20790305E+00
  9.77500000E+01 -1.26154336E+00
  9.77500000E+01 -1.30856750E+00
  9.77500000E+01 -1.36220782E+00
  9.77500000E+01 -1.40923196E+00
  9.77500000E+01 -1.46287227E+00
  9.77500000E+01 -1.50989641E+00
  9.77500000E+01 -1.56353672E+00
  9.77500000E+01 -1.61056086E+00
  9.77500000E+01 -1.66420117E+00
  9.77500000E+01 -1.71122531E+00
  9.77500000E+01 -1.76486562E+00
  9.77500000E+01 -1.81188976E+00
  9.77500000E+01 -1.86553007E+00
  9.77500000E+01 -1.91255421E+00

hb:   line clip z  
clip:
  9.79500000E+01 -1.46550402E+00
  9.80066410E+01 -1.50000000E+00
  9.80500000E+01 -1.45230847E+00
  9.80500000E+01 -1.40923196E+00
  9.80500000E+01 -1.36615544E+00
  9.80500000E+01 -1.30856750E+00
  9.80500000E+01 -1.26549099E+00
  9.80500000E+01 -1.20790305E+00
  9.80500000E+01 -1.16482654E+00
  9.80500000E+01 -1.10723860E+00
  9.80500000E+01 -1.06416209E+00
  9.80500000E+01 -1.00657415E+00
  9.80500000E+01 -9.63497633E-01
  9.80500000E+01 -9.05909696E-01
  9.80500000E+01 -8.62833182E-01
  9.80500000E+01 -8.05245244E-01
  9.80500000E+01 -7.62168730E-01
  9.80500000E+01 -7.04580792E-01
  9.80500000E+01 -6.61504278E-01
  9.80500000E+01 -6.03916341E-01
  9.80500000E+01 -5.60839826E-01
  9.80500000E+01 -5.03251889E-01
  9.80500000E+01 -4.60175374E-01
  9.80500000E+01 -4.02587437E-01
  9.80500000E+01 -3.59510922E-01
  9.80500000E+01 -3.01922985E-01
  9.80500000E+01 -2.58846471E-01
  9.80500000E+01 -2.01258533E-01
  9.80500000E+01 -1.58182019E-01
  9.80500000E+01 -1.00594081E-01
  9.80500000E+01 -5.75175670E-02
  9.80500000E+01  7.03703670E-05
  9.80500000E+01  4.31468849E-02
  9.80500000E+01  1.00734822E-01
  9.80500000E+01  1.43811337E-01
  9.80500000E+01  2.01399274E-01
  9.80500000E+01  2.44475789E-01
  9.80500000E+01  3.02063726E-01
  9.80500000E+01  3.45140240E-01
  9.80500000E+01  4.02728178E-01
  9.80500000E+01  4.45804692E-01
  9.80500000E+01  5.03392630E-01
  9.80500000E+01  5.46469144E-01
  9.80500000E+01  6.04057081E-01
  9.80500000E+01  6.47133596E-01
  9.80500000E+01  7.04721533E-01
  9.80500000E+01  7.47798048E-01
  9.80500000E+01  8.05385985E-01
  9.80500000E+01  8.48462499E-01
  9.80500000E+01  9.06050437E-01
  9.80500000E+01  9.49126951E-01
  9.80500000E+01  1.00671489E+00
  9.80500000E+01  1.04979140E+00
  9.80500000E+01  1.10737934E+00
  9.80500000E+01  1.15045585E+00
  9.80500000E+01  1.20804379E+00
  9.80500000E+01  1.25112031E+00
  9.80500000E+01  1.30870824E+00
  9.80500000E+01  1.35178476E+00
  9.80500000E+01  1.40937270E+00
  9.80500000E+01  1.45244921E+00
  9.80066410E+01  1.50000000E+00
  9.79500000E+01  1.46564476E+00
  9.79500000E+01  1.40937270E+00
  9.79500000E+01  1.35310063E+00
  9.79500000E+01  1.30870824E+00
  9.79500000E+01  1.25243618E+00
  9.79500000E+01  1.20804379E+00
  9.79500000E+01  1.15177173E+00
  9.79500000E+01  1.10737934E+00
  9.79500000E+01  1.05110728E+00
  9.79500000E+01  1.00671489E+00
  9.79500000E+01  9.50442826E-01
  9.79500000E+01  9.06050437E-01
  9.79500000E+01  8.49778375E-01
  9.79500000E+01  8.05385985E-01
  9.79500000E+01  7.49113923E-01
  9.79500000E+01  7.04721533E-01
  9.79500000E+01  6.48449471E-01
  9.79500000E+01  6.04057081E-01
  9.79500000E+01  5.47785019E-01
  9.79500000E+01  5.03392630E-01
  9.79500000E+01  4.47120567E-01
  9.79500000E+01  4.02728178E-01
  9.79500000E+01  3.46456116E-01
  9.79500000E+01  3.02063726E-01
  9.79500000E+01  2.45791664E-01
  9.79500000E+01  2.01399274E-01
  9.79500000E+01  1.45127212E-01
  9.79500000E+01  1.00734822E-01
  9.79500000E+01  4.44627601E-02
  9.79500000E+01  7.03703670E-05
  9.79500000E+01 -5.62016918E-02
  9.79500000E+01 -1.00594081E-01
  9.79500000E+01 -1.56866144E-01
  9.79500000E+01 -2.01258533E-01
  9.79500000E+01 -2.57530595E-01
  9.79500000E+01 -3.01922985E-01
  9.79500000E+01 -3.58195047E-01
  9.79500000E+01 -4.02587437E-01
  9.79500000E+01 -4.58859499E-01
  9.79500000E+01 -5.03251889E-01
  9.79500000E+01 -5.59523951E-01
  9.79500000E+01 -6.03916341E-01
  9.79500000E+01 -6.60188403E-01
  9.79500000E+01 -7.04580792E-01
  9.79500000E+01 -7.60852855E-01
  9.79500000E+01 -8.05245244E-01
  9.79500000E+01 -8.61517306E-01
  9.79500000E+01 -9.05909696E-01
  9.79500000E+01 -9.62181758E-01
  9.79500000E+01 -1.00657415E+00
  9.79500000E+01 -1.06284621E+00
  9.79500000E+01 -1.10723860E+00
  9.79500000E+01 -1.16351066E+00
  9.79500000E+01 -1.20790305E+00
  9.79500000E+01 -1.26417511E+00
  9.79500000E+01 -1.30856750E+00
  9.79500000E+01 -1.36483957E+00
  9.79500000E+01 -1.40923196E+00

hb:   line clip z  
clip:
  9.77535933E+01 -5.00000000E-02
  9.79053165E+01 -5.00000000E-02
  9.79500000E+01 -4.43220193E-02
  9.79500000E+01  7.03703670E-05
  9.79500000E+01  4.44627601E-02
  9.79053165E+01  5.00000000E-02
  9.78550595E+01  5.00000000E-02
  9.78039920E+01  5.00000000E-02
  9.77537350E+01  5.00000000E-02
  9.77500000E+01  7.03703670E-05

hb:   line clip z  
clip:
  9.77529245E+01  5.00000000E-02
  9.79053165E+01  5.00000000E-02
  9.79500000E+01  5.63424325E-02
  9.79500000E+01  1.00734822E-01
  9.79500000E+01  1.45127212E-01
  9.79500000E+01  2.01399274E-01
  9.79500000E+01  2.45791664E-01
  9.79500000E+01  3.02063726E-01
  9.79500000E+01  3.46456116E-01
  9.79500000E+01  4.02728178E-01
  9.79500000E+01  4.47120567E-01
  9.79500000E+01  5.03392630E-01
  9.79500000E+01  5.47785019E-01
  9.79500000E+01  6.04057081E-01
  9.79500000E+01  6.48449471E-01
  9.79500000E+01  7.04721533E-01
  9.79500000E+01  7.49113923E-01
  9.79500000E+01  8.05385985E-01
  9.79500000E+01  8.49778375E-01
  9.79500000E+01  9.06050437E-01
  9.79500000E+01  9.50442826E-01
  9.79500000E+01  1.00671489E+00
  9.79500000E+01  1.05110728E+00
  9.79500000E+01  1.10737934E+00
  9.79500000E+01  1.15177173E+00
  9.79500000E+01  1.20804379E+00
  9.79500000E+01  1.25243618E+00
  9.79500000E+01  1.30870824E+00
  9.79500000E+01  1.35310063E+00
  9.79500000E+01  1.40937270E+00
  9.79500000E+01  1.45376509E+00
  9.79500000E+01  1.51003715E+00
  9.79500000E+01  1.55442954E+00
  9.79500000E+01  1.61070160E+00
  9.79500000E+01  1.65509399E+00
  9.79500000E+01  1.71136605E+00
  9.79500000E+01  1.75575844E+00
  9.79500000E+01  1.81203050E+00
  9.79500000E+01  1.85642289E+00
  9.79500000E+01  1.91269496E+00
  9.79500000E+01  1.95708734E+00
  9.79053165E+01  2.00000000E+00
  9.78174390E+01  2.00000000E+00
  9.78039920E+01  2.00000000E+00
  9.77500000E+01  1.96633527E+00
  9.77500000E+01  1.91269496E+00
  9.77500000E+01  1.85905464E+00
  9.77500000E+01  1.81203050E+00
  9.77500000E+01  1.75839019E+00
  9.77500000E+01  1.71136605E+00
  9.77500000E+01  1.65772574E+00
  9.77500000E+01  1.61070160E+00
  9.77500000E+01  1.55706129E+00
  9.77500000E+01  1.51003715E+00
  9.77500000E+01  1.45639684E+00
  9.77500000E+01  1.40937270E+00
  9.77500000E+01  1.35573238E+00
  9.77500000E+01  1.30870824E+00
  9.77500000E+01  1.25506793E+00
  9.77500000E+01  1.20804379E+00
  9.77500000E+01  1.15440348E+00
  9.77500000E+01  1.10737934E+00
  9.77500000E+01  1.05373903E+00
  9.77500000E+01  1.00671489E+00
  9.77500000E+01  9.53074577E-01
  9.77500000E+01  9.06050437E-01
  9.77500000E+01  8.52410125E-01
  9.77500000E+01  8.05385985E-01
  9.77500000E+01  7.51745673E-01
  9.77500000E+01  7.04721533E-01
  9.77500000E+01  6.51081221E-01
  9.77500000E+01  6.04057081E-01
  9.77500000E+01  5.50416770E-01
  9.77500000E+01  5.03392630E-01
  9.77500000E+01  4.49752318E-01
  9.77500000E+01  4.02728178E-01
  9.77500000E+01  3.49087866E-01
  9.77500000E+01  3.02063726E-01
  9.77500000E+01  2.48423414E-01
  9.77500000E+01  2.01399274E-01
  9.77500000E+01  1.47758962E-01
  9.77500000E+01  1.00734822E-01

hb:   line clip z  
clip:
  9.77678055E+01  5.40000000E+00
  9.87159126E+01  5.40000000E+00
  9.87500000E+01  5.40208538E+00
  9.87500000E+01  5.43595077E+00
  9.87500000E+01  5.46981616E+00
  9.87500000E+01  5.53661522E+00
  9.87500000E+01  5.57048061E+00
  9.87500000E+01  5.63727967E+00
  9.87500000E+01  5.67114506E+00
  9.87500000E+01  5.73794412E+00
  9.87500000E+01  5.77180951E+00
  9.87500000E+01  5.83860858E+00
  9.87500000E+01  5.87247396E+00
  9.87500000E+01  5.93927303E+00
  9.87500000E+01  5.97313842E+00
  9.87500000E+01  6.03993748E+00
  9.87500000E+01  6.07380287E+00
  9.87500000E+01  6.14060193E+00
  9.87500000E+01  6.17446732E+00
  9.87500000E+01  6.24126638E+00
  9.87500000E+01  6.27513177E+00
  9.87500000E+01  6.34193084E+00
  9.87500000E+01  6.37579622E+00
  9.87500000E+01  6.44259529E+00
  9.87500000E+01  6.47646068E+00
  9.87500000E+01  6.54325974E+00
  9.87500000E+01  6.57712513E+00
  9.87500000E+01  6.64392419E+00
  9.87500000E+01  6.67778958E+00
  9.87500000E+01  6.74458864E+00
  9.87500000E+01  6.77845403E+00
  9.87500000E+01  6.84525309E+00
  9.87500000E+01  6.87911848E+00
  9.87500000E+01  6.94591755E+00
  9.87500000E+01  6.97978293E+00
  9.87500000E+01  7.04658200E+00
  9.87500000E+01  7.08044739E+00
  9.87500000E+01  7.14724645E+00
  9.87500000E+01  7.18111184E+00
  9.87500000E+01  7.24791090E+00
  9.87500000E+01  7.28177629E+00
  9.87500000E+01  7.34857535E+00
  9.87500000E+01  7.38244074E+00
  9.87500000E+01  7.44923981E+00
  9.87500000E+01  7.48310519E+00
  9.87500000E+01  7.54990426E+00
  9.87500000E+01  7.58376965E+00
  9.87500000E+01  7.65056871E+00
  9.87500000E+01  7.68443410E+00
  9.87500000E+01  7.75123316E+00
  9.87500000E+01  7.78509855E+00
  9.87500000E+01  7.85189761E+00
  9.87500000E+01  7.88576300E+00
  9.87500000E+01  7.95256206E+00
  9.87500000E+01  7.98642745E+00
  9.87500000E+01  8.05322652E+00
  9.87500000E+01  8.08709190E+00
  9.87500000E+01  8.15389097E+00
  9.87500000E+01  8.18775636E+00
  9.87500000E+01  8.25455542E+00
  9.87500000E+01  8.28842081E+00
  9.87500000E+01  8.35521987E+00
  9.87500000E+01  8.38908526E+00
  9.87500000E+01  8.45588432E+00
  9.87500000E+01  8.48974971E+00
  9.87500000E+01  8.55654878E+00
  9.87500000E+01  8.59041416E+00
  9.87500000E+01  8.65721323E+00
  9.87500000E+01  8.69107862E+00
  9.87500000E+01  8.75787768E+00
  9.87500000E+01  8.79174307E+00
  9.87500000E+01  8.85854213E+00
  9.87500000E+01  8.89240752E+00
  9.87500000E+01  8.95920658E+00
  9.87500000E+01  8.99307197E+00
  9.87500000E+01  9.05987103E+00
  9.87500000E+01  9.09373642E+00
  9.87500000E+01  9.16053549E+00
  9.87500000E+01  9.19440087E+00
  9.87500000E+01  9.26119994E+00
  9.87500000E+01  9.29506533E+00
  9.87500000E+01  9.36186439E+00
  9.87500000E+01  9.39572978E+00
  9.87500000E+01  9.46252884E+00
  9.87500000E+01  9.49639423E+00
  9.87500000E+01  9.56319329E+00
  9.87500000E+01  9.59705868E+00
  9.87159126E+01  9.60000000E+00
  9.86788645E+01  9.60000000E+00
  9.86145881E+01  9.60000000E+00
  9.85775400E+01  9.60000000E+00
  9.85132636E+01  9.60000000E+00
  9.84762155E+01  9.60000000E+00
  9.84119390E+01  9.60000000E+00
  9.83748910E+01  9.60000000E+00
  9.83106145E+01  9.60000000E+00
  9.82735665E+01  9.60000000E+00
  9.82092900E+01  9.60000000E+00
  9.81722420E+01  9.60000000E+00
  9.81079655E+01  9.60000000E+00
  9.80709175E+01  9.60000000E+00
  9.80066410E+01  9.60000000E+00
  9.79695930E+01  9.60000000E+00
  9.79053165E+01  9.60000000E+00
  9.78682685E+01  9.60000000E+00
  9.78039920E+01  9.60000000E+00
  9.77669440E+01  9.60000000E+00
  9.77500000E+01  9.56319329E+00
  9.78039920E+01  9.50000000E+00
  9.78675997E+01  9.50000000E+00
  9.79500000E+01  9.46252884E+00
  9.79500000E+01  9.40625678E+00
  9.79500000E+01  9.36186439E+00
  9.79500000E+01  9.30559233E+00
  9.79500000E+01  9.26119994E+00
  9.79500000E+01  9.20492788E+00
  9.79500000E+01  9.16053549E+00
  9.79500000E+01  9.10426342E+00
  9.79500000E+01  9.05987103E+00
  9.80066410E+01  9.00000000E+00
  9.80500000E+01  8.90161865E+00
  9.80500000E+01  6.03993748E+00
  9.79500000E+01  5.99554509E+00
  9.79500000E+01  5.93927303E+00
  9.79500000E+01  5.88300097E+00
  9.79500000E+01  5.53661522E+00
  9.79053165E+01  5.50000000E+00
  9.78408473E+01  5.50000000E+00
  9.77500000E+01  5.48959108E+00
  9.77500000E+01  5.43595077E+00

hb:   line clip z  
clip:
  9.77671367E+01  5.50000000E+00
  9.79421718E+01  5.50000000E+00
  9.79500000E+01  5.53661522E+00
  9.79500000E+01  5.58100761E+00
  9.79500000E+01  5.63727967E+00
  9.79500000E+01  5.68167206E+00
  9.79500000E+01  5.73794412E+00
  9.79500000E+01  5.78233651E+00
  9.79500000E+01  5.83860858E+00
  9.79500000E+01  5.88300097E+00
  9.79500000E+01  5.93927303E+00
  9.79500000E+01  5.98366542E+00
  9.79500000E+01  6.03993748E+00
  9.79500000E+01  6.08432987E+00
  9.79500000E+01  6.14060193E+00
  9.79500000E+01  6.18499432E+00
  9.79500000E+01  6.24126638E+00
  9.79500000E+01  6.28565877E+00
  9.79500000E+01  6.34193084E+00
  9.79500000E+01  6.38632323E+00
  9.79500000E+01  6.44259529E+00
  9.79500000E+01  6.48698768E+00
  9.79500000E+01  6.54325974E+00
  9.79500000E+01  6.58765213E+00
  9.79500000E+01  6.64392419E+00
  9.79500000E+01  6.68831658E+00
  9.79500000E+01  6.74458864E+00
  9.79500000E+01  6.78898103E+00
  9.79500000E+01  6.84525309E+00
  9.79500000E+01  6.88964548E+00
  9.79500000E+01  6.94591755E+00
  9.79500000E+01  6.99030994E+00
  9.79500000E+01  7.04658200E+00
  9.79500000E+01  7.09097439E+00
  9.79500000E+01  7.14724645E+00
  9.79500000E+01  7.19163884E+00
  9.79500000E+01  7.24791090E+00
  9.79500000E+01  7.29230329E+00
  9.79500000E+01  7.34857535E+00
  9.79500000E+01  7.39296774E+00
  9.79500000E+01  7.44923981E+00
  9.79060817E+01  7.45000000E+00
  9.79053165E+01  7.45000000E+00
  9.79045514E+01  7.45000000E+00
  9.78039920E+01  7.45000000E+00
  9.78032268E+01  7.45000000E+00
  9.77500000E+01  7.44923981E+00
  9.77500000E+01  7.39559949E+00
  9.77500000E+01  7.34857535E+00
  9.77500000E+01  7.29493504E+00
  9.77500000E+01  7.24791090E+00
  9.77500000E+01  7.19427059E+00
  9.77500000E+01  7.14724645E+00
  9.77500000E+01  7.09360614E+00
  9.77500000E+01  7.04658200E+00
  9.77500000E+01  6.99294169E+00
  9.77500000E+01  6.94591755E+00
  9.77500000E+01  6.89227723E+00
  9.77500000E+01  6.84525309E+00
  9.77500000E+01  6.79161278E+00
  9.77500000E+01  6.74458864E+00
  9.77500000E+01  6.69094833E+00
  9.77500000E+01  6.64392419E+00
  9.77500000E+01  6.59028388E+00
  9.77500000E+01  6.54325974E+00
  9.77500000E+01  6.48961943E+00
  9.77500000E+01  6.44259529E+00
  9.77500000E+01  6.38895498E+00
  9.77500000E+01  6.34193084E+00
  9.77500000E+01  6.28829052E+00
  9.77500000E+01  6.24126638E+00
  9.77500000E+01  6.18762607E+00
  9.77500000E+01  6.14060193E+00
  9.77500000E+01  6.08696162E+00
  9.77500000E+01  6.03993748E+00
  9.77500000E+01  5.98629717E+00
  9.77500000E+01  5.93927303E+00
  9.77500000E+01  5.88563272E+00
  9.77500000E+01  5.83860858E+00
  9.77500000E+01  5.78496826E+00
  9.77500000E+01  5.73794412E+00
  9.77500000E+01  5.68430381E+00
  9.77500000E+01  5.63727967E+00
  9.77500000E+01  5.58363936E+00
  9.77500000E+01  5.53661522E+00

hb:   line clip z  
frame:
  9.0000018E+01 -1.4999930E+01
  1.0500002E+02 -1.4999930E+01
  1.0500002E+02  1.5000070E+01
  9.0000018E+01  1.5000070E+01
clip:
  1.01035029E+02  5.92800000E+00
  1.02476266E+02  5.92800000E+00
  1.02500000E+02  5.93927303E+00
  1.02500000E+02  5.97412532E+00
  1.02500000E+02  6.03993748E+00
  1.02500000E+02  6.07478977E+00
  1.02500000E+02  6.14060193E+00
  1.02500000E+02  6.17545423E+00
  1.02500000E+02  6.24126638E+00
  1.02500000E+02  6.27611868E+00
  1.02500000E+02  6.34193084E+00
  1.02500000E+02  6.37678313E+00
  1.02500000E+02  6.44259529E+00
  1.02500000E+02  6.47744758E+00
  1.02500000E+02  6.54325974E+00
  1.02500000E+02  6.57811203E+00
  1.02500000E+02  6.64392419E+00
  1.02500000E+02  6.67877649E+00
  1.02500000E+02  6.74458864E+00
  1.02500000E+02  6.77944094E+00
  1.02500000E+02  6.84525309E+00
  1.02500000E+02  6.88010539E+00
  1.02500000E+02  6.94591755E+00
  1.02500000E+02  6.98076984E+00
  1.02500000E+02  7.04658200E+00
  1.02500000E+02  7.08143429E+00
  1.02500000E+02  7.14724645E+00
  1.02500000E+02  7.18209874E+00
  1.02500000E+02  7.24791090E+00
  1.02500000E+02  7.28276320E+00
  1.02500000E+02  7.34857535E+00
  1.02500000E+02  7.38342765E+00
  1.02500000E+02  7.44923981E+00
  1.02500000E+02  7.48409210E+00
  1.02500000E+02  7.54990426E+00
  1.02500000E+02  7.58475655E+00
  1.02500000E+02  7.65056871E+00
  1.02500000E+02  7.68542100E+00
  1.02500000E+02  7.75123316E+00
  1.02500000E+02  7.78608546E+00
  1.02500000E+02  7.85189761E+00
  1.02500000E+02  7.88674991E+00
  1.02500000E+02  7.95256206E+00
  1.02500000E+02  7.98741436E+00
  1.02500000E+02  8.05322652E+00
  1.02500000E+02  8.08807881E+00
  1.02500000E+02  8.15389097E+00
  1.02500000E+02  8.18874326E+00
  1.02500000E+02  8.25455542E+00
  1.02500000E+02  8.28940771E+00
  1.02500000E+02  8.35521987E+00
  1.02500000E+02  8.39007217E+00
  1.02500000E+02  8.45588432E+00
  1.02500000E+02  8.49073662E+00
  1.02500000E+02  8.55654878E+00
  1.02500000E+02  8.59140107E+00
  1.02500000E+02  8.65721323E+00
  1.02500000E+02  8.69206552E+00
  1.02500000E+02  8.75787768E+00
  1.02500000E+02  8.79272997E+00
  1.02500000E+02  8.85854213E+00
  1.02500000E+02  8.89339443E+00
  1.02500000E+02  8.95920658E+00
  1.02500000E+02  8.99405888E+00
  1.02500000E+02  9.05987103E+00
  1.02500000E+02  9.09472333E+00
  1.02500000E+02  9.16053549E+00
  1.02500000E+02  9.19538778E+00
  1.02500000E+02  9.26119994E+00
  1.02500000E+02  9.29605223E+00
  1.02500000E+02  9.36186439E+00
  1.02500000E+02  9.39671668E+00
  1.02500000E+02  9.46252884E+00
  1.02500000E+02  9.49738114E+00
  1.02500000E+02  9.56319329E+00
  1.02500000E+02  9.59804559E+00
  1.02500000E+02  9.66385775E+00
  1.02500000E+02  9.69871004E+00
  1.02500000E+02  9.76452220E+00
  1.02500000E+02  9.79937449E+00
  1.02500000E+02  9.86518665E+00
  1.02500000E+02  9.90003894E+00
  1.02500000E+02  9.96585110E+00
  1.02500000E+02  1.00007034E+01
  1.02500000E+02  1.00665156E+01
  1.02500000E+02  1.01013678E+01
  1.02500000E+02  1.01671800E+01
  1.02500000E+02  1.02020323E+01
  1.02500000E+02  1.02678445E+01
  1.02500000E+02  1.03026968E+01
  1.02500000E+02  1.03685089E+01
  1.02500000E+02  1.04033612E+01
  1.02500000E+02  1.04691734E+01
  1.02500000E+02  1.05040257E+01
  1.02500000E+02  1.05698378E+01
  1.02500000E+02  1.06046901E+01
  1.02500000E+02  1.06705023E+01
  1.02500000E+02  1.07053546E+01
  1.02500000E+02  1.07711667E+01
  1.02500000E+02  1.08060190E+01
  1.02500000E+02  1.08718312E+01
  1.02500000E+02  1.09066835E+01
  1.02500000E+02  1.09724956E+01
  1.02500000E+02  1.10073479E+01
  1.02500000E+02  1.10731601E+01
  1.02500000E+02  1.11080124E+01
  1.02500000E+02  1.11738245E+01
  1.02500000E+02  1.12086768E+01
  1.02500000E+02  1.12744890E+01
  1.02500000E+02  1.13093413E+01
  1.02500000E+02  1.13751534E+01
  1.02500000E+02  1.14100057E+01
  1.02500000E+02  1.14758179E+01
  1.02500000E+02  1.15106702E+01
  1.02500000E+02  1.15764823E+01
  1.02500000E+02  1.16113346E+01
  1.02500000E+02  1.16771468E+01
  1.02500000E+02  1.17119991E+01
  1.02500000E+02  1.17778112E+01
  1.02500000E+02  1.18126635E+01
  1.02500000E+02  1.18784757E+01
  1.02500000E+02  1.19133280E+01
  1.02500000E+02  1.19791401E+01
  1.02500000E+02  1.20139924E+01
  1.02500000E+02  1.20798046E+01
  1.02500000E+02  1.21146569E+01
  1.02500000E+02  1.21804690E+01
  1.02500000E+02  1.22153213E+01
  1.02500000E+02  1.22811335E+01
  1.02500000E+02  1.23159858E+01
  1.02500000E+02  1.23817979E+01
  1.02500000E+02  1.24166502E+01
  1.02500000E+02  1.24824624E+01
  1.02500000E+02  1.25173147E+01
  1.02500000E+02  1.25831268E+01
  1.02500000E+02  1.26179791E+01
  1.02500000E+02  1.26837913E+01
  1.02500000E+02  1.27186436E+01
  1.02500000E+02  1.27844558E+01
  1.02500000E+02  1.28193080E+01
  1.02500000E+02  1.28851202E+01
  1.02500000E+02  1.29199725E+01
  1.02500000E+02  1.29857847E+01
  1.02500000E+02  1.30206370E+01
  1.02500000E+02  1.30864491E+01
  1.02500000E+02  1.31213014E+01
  1.02500000E+02  1.31871136E+01
  1.02500000E+02  1.32219659E+01
  1.02500000E+02  1.32877780E+01
  1.02500000E+02  1.33226303E+01
  1.02500000E+02  1.33884425E+01
  1.02500000E+02  1.34232948E+01
  1.02500000E+02  1.34891069E+01
  1.02500000E+02  1.35239592E+01
  1.02500000E+02  1.35897714E+01
  1.02500000E+02  1.36246237E+01
  1.02500000E+02  1.36904358E+01
  1.02500000E+02  1.37252881E+01
  1.02500000E+02  1.37911003E+01
  1.02500000E+02  1.38259526E+01
  1.02500000E+02  1.38917647E+01
  1.02500000E+02  1.39266170E+01
  1.02500000E+02  1.39924292E+01
  1.02500000E+02  1.40272815E+01
  1.02500000E+02  1.40930936E+01
  1.02500000E+02  1.41279459E+01
  1.02500000E+02  1.41937581E+01
  1.02500000E+02  1.42286104E+01
  1.02500000E+02  1.42944225E+01
  1.02500000E+02  1.43292748E+01
  1.02500000E+02  1.43950870E+01
  1.02500000E+02  1.44299393E+01
  1.02500000E+02  1.44957514E+01
  1.02500000E+02  1.45306037E+01
  1.02500000E+02  1.45964159E+01
  1.02500000E+02  1.46312682E+01
  1.02500000E+02  1.46970803E+01
  1.02500000E+02  1.47319326E+01
  1.02500000E+02  1.47977448E+01
  1.02500000E+02  1.48325971E+01
  1.02500000E+02  1.48984092E+01
  1.02500000E+02  1.49332615E+01
  1.02500000E+02  1.49990737E+01
  1.02500000E+02  1.50339260E+01
  1.02500000E+02  1.50997381E+01
  1.02464919E+02  1.50997381E+01
  1.02363595E+02  1.50997381E+01
  1.02262270E+02  1.50997381E+01
  1.02160946E+02  1.50997381E+01
  1.02059621E+02  1.50997381E+01
  1.01958297E+02  1.50997381E+01
  1.01856972E+02  1.50997381E+01
  1.01755648E+02  1.50997381E+01
  1.01654323E+02  1.50997381E+01
  1.01552999E+02  1.50997381E+01
  1.01451674E+02  1.50997381E+01
  1.01350350E+02  1.50997381E+01
  1.01249025E+02  1.50997381E+01
  1.01147701E+02  1.50997381E+01
  1.01046376E+02  1.50997381E+01
  1.01000000E+02  1.50997381E+01
  1.01000000E+02  1.50536641E+01
  1.01000000E+02  1.49990737E+01
  1.01000000E+02  1.49529997E+01
  1.01000000E+02  1.48984092E+01
  1.01000000E+02  1.48523352E+01
  1.01000000E+02  1.47977448E+01
  1.01000000E+02  1.47516708E+01
  1.01000000E+02  1.46970803E+01
  1.01000000E+02  1.46510063E+01
  1.01000000E+02  1.45964159E+01
  1.01000000E+02  1.45503419E+01
  1.01000000E+02  1.44957514E+01
  1.01000000E+02  1.44496774E+01
  1.01000000E+02  1.43950870E+01
  1.01000000E+02  1.43490130E+01
  1.01000000E+02  1.42944225E+01
  1.01000000E+02  1.42483485E+01
  1.01000000E+02  1.41937581E+01
  1.01000000E+02  1.41476840E+01
  1.01000000E+02  1.40930936E+01
  1.01000000E+02  1.40470196E+01
  1.01000000E+02  1.39924292E+01
  1.01000000E+02  1.39463551E+01
  1.01000000E+02  1.38917647E+01
  1.01000000E+02  1.38456907E+01
  1.01000000E+02  1.37911003E+01
  1.01000000E+02  1.37450262E+01
  1.01000000E+02  1.36904358E+01
  1.01000000E+02  1.36443618E+01
  1.01000000E+02  1.35897714E+01
  1.01000000E+02  1.35436973E+01
  1.01000000E+02  1.34891069E+01
  1.01000000E+02  1.34430329E+01
  1.01000000E+02  1.33884425E+01
  1.01000000E+02  1.33423684E+01
  1.01000000E+02  1.32877780E+01
  1.01000000E+02  1.32417040E+01
  1.01000000E+02  1.31871136E+01
  1.01000000E+02  1.31410395E+01
  1.01000000E+02  1.30864491E+01
  1.01000000E+02  1.30403751E+01
  1.01000000E+02  1.29857847E+01
  1.01000000E+02  1.29397106E+01
  1.01000000E+02  1.28851202E+01
  1.01000000E+02  1.28390462E+01
  1.01000000E+02  1.27844558E+01
  1.01000000E+02  1.27383817E+01
  1.01000000E+02  1.26837913E+01
  1.01000000E+02  1.26377173E+01
  1.01000000E+02  1.25831268E+01
  1.01000000E+02  1.25370528E+01
  1.01000000E+02  1.24824624E+01
  1.01000000E+02  1.24363884E+01
  1.01000000E+02  1.23817979E+01
  1.01000000E+02  1.23357239E+01
  1.01000000E+02  1.22811335E+01
  1.01000000E+02  1.22350595E+01
  1.01000000E+02  1.21804690E+01
  1.01000000E+02  1.21343950E+01
  1.01000000E+02  1.20798046E+01
  1.01000000E+02  1.20337306E+01
  1.01000000E+02  1.19791401E+01
  1.01000000E+02  1.19330661E+01
  1.01000000E+02  1.18784757E+01
  1.01000000E+02  1.18324017E+01
  1.01000000E+02  1.17778112E+01
  1.01000000E+02  1.17317372E+01
  1.01000000E+02  1.16771468E+01
  1.01000000E+02  1.16310728E+01
  1.01000000E+02  1.15764823E+01
  1.01000000E+02  1.15304083E+01
  1.01000000E+02  1.14758179E+01
  1.01000000E+02  1.14297438E+01
  1.01000000E+02  1.13751534E+01
  1.01000000E+02  1.13290794E+01
  1.01000000E+02  1.12744890E+01
  1.01000000E+02  1.12284149E+01
  1.01000000E+02  1.11738245E+01
  1.01000000E+02  1.11277505E+01
  1.01000000E+02  1.10731601E+01
  1.01000000E+02  1.10270860E+01
  1.01000000E+02  1.09724956E+01
  1.01000000E+02  1.09264216E+01
  1.01000000E+02  1.08718312E+01
  1.01000000E+02  1.08257571E+01
  1.01000000E+02  1.07711667E+01
  1.01000000E+02  1.07250927E+01
  1.01000000E+02  1.06705023E+01
  1.01000000E+02  1.06244282E+01
  1.01000000E+02  1.05698378E+01
  1.01000000E+02  1.05237638E+01
  1.01000000E+02  1.04691734E+01
  1.01000000E+02  1.04230993E+01
  1.01000000E+02  1.03685089E+01
  1.01000000E+02  1.03224349E+01
  1.01000000E+02  1.02678445E+01
  1.01000000E+02  1.02217704E+01
  1.01000000E+02  1.01671800E+01
  1.01000000E+02  1.01211060E+01
  1.01000000E+02  1.00665156E+01
  1.01000000E+02  1.00204415E+01
  1.01000000E+02  9.96585110E+00
  1.01000000E+02  9.91977707E+00
  1.01000000E+02  9.86518665E+00
  1.01000000E+02  9.81911262E+00
  1.01000000E+02  9.76452220E+00
  1.01000000E+02  9.71844817E+00
  1.01000000E+02  9.66385775E+00
  1.01000000E+02  9.61778372E+00
  1.01000000E+02  9.56319329E+00
  1.01000000E+02  9.51711926E+00
  1.01000000E+02  9.46252884E+00
  1.01000000E+02  9.41645481E+00
  1.01000000E+02  9.36186439E+00
  1.01000000E+02  9.31579036E+00
  1.01000000E+02  9.26119994E+00
  1.01000000E+02  9.21512591E+00
  1.01000000E+02  9.16053549E+00
  1.01000000E+02  9.11446146E+00
  1.01000000E+02  9.05987103E+00
  1.01000000E+02  9.01379701E+00
  1.01000000E+02  8.95920658E+00
  1.01000000E+02  8.91313255E+00
  1.01000000E+02  8.85854213E+00
  1.01000000E+02  8.81246810E+00
  1.01000000E+02  8.75787768E+00
  1.01000000E+02  8.71180365E+00
  1.01000000E+02  8.65721323E+00
  1.01000000E+02  8.61113920E+00
  1.01000000E+02  8.55654878E+00
  1.01000000E+02  8.51047475E+00
  1.01000000E+02  8.45588432E+00
  1.01000000E+02  8.40981029E+00
  1.01000000E+02  8.35521987E+00
  1.01000000E+02  8.30914584E+00
  1.01000000E+02  8.25455542E+00
  1.01000000E+02  8.20848139E+00
  1.01000000E+02  8.15389097E+00
  1.01000000E+02  8.10781694E+00
  1.01000000E+02  8.05322652E+00
  1.01000000E+02  8.00715249E+00
  1.01000000E+02  7.95256206E+00
  1.01000000E+02  7.90648804E+00
  1.01000000E+02  7.85189761E+00
  1.01000000E+02  7.80582358E+00
  1.01000000E+02  7.75123316E+00
  1.01000000E+02  7.70515913E+00
  1.01000000E+02  7.65056871E+00
  1.01000000E+02  7.60449468E+00
  1.01000000E+02  7.54990426E+00
  1.01000000E+02  7.50383023E+00
  1.01000000E+02  7.44923981E+00
  1.01000000E+02  7.40316578E+00
  1.01000000E+02  7.34857535E+00
  1.01000000E+02  7.30250132E+00
  1.01000000E+02  7.24791090E+00
  1.01000000E+02  7.20183687E+00
  1.01000000E+02  7.14724645E+00
  1.01000000E+02  7.10117242E+00
  1.01000000E+02  7.04658200E+00
  1.01000000E+02  7.00050797E+00
  1.01000000E+02  6.94591755E+00
  1.01000000E+02  6.89984352E+00
  1.01000000E+02  6.84525309E+00
  1.01000000E+02  6.79917907E+00
  1.01000000E+02  6.74458864E+00
  1.01000000E+02  6.69851461E+00
  1.01000000E+02  6.64392419E+00
  1.01000000E+02  6.59785016E+00
  1.01000000E+02  6.54325974E+00
  1.01000000E+02  6.49718571E+00
  1.01000000E+02  6.44259529E+00
  1.01000000E+02  6.39652126E+00
  1.01000000E+02  6.34193084E+00
  1.01000000E+02  6.29585681E+00
  1.01000000E+02  6.24126638E+00
  1.01000000E+02  6.19519235E+00
  1.01000000E+02  6.14060193E+00
  1.01000000E+02  6.09452790E+00
  1.01000000E+02  6.03993748E+00
  1.01000000E+02  5.99386345E+00
  1.01000000E+02  5.93927303E+00

hb:   line clip z  
clip:
  9.79664417E+01  6.00000000E+00
  9.80468404E+01  6.00000000E+00
  9.80500000E+01  6.03993748E+00
  9.80500000E+01  6.08301399E+00
  9.80500000E+01  6.14060193E+00
  9.80500000E+01  6.18367845E+00
  9.80500000E+01  6.24126638E+00
  9.80500000E+01  6.28434290E+00
  9.80500000E+01  6.34193084E+00
  9.80500000E+01  6.38500735E+00
  9.80500000E+01  6.44259529E+00
  9.80500000E+01  6.48567180E+00
  9.80500000E+01  6.54325974E+00
  9.80500000E+01  6.58633625E+00
  9.80500000E+01  6.64392419E+00
  9.80500000E+01  6.68700071E+00
  9.80500000E+01  6.74458864E+00
  9.80500000E+01  6.78766516E+00
  9.80500000E+01  6.84525309E+00
  9.80500000E+01  6.88832961E+00
  9.80500000E+01  6.94591755E+00
  9.80500000E+01  6.98899406E+00
  9.80500000E+01  7.04658200E+00
  9.80500000E+01  7.08965851E+00
  9.80500000E+01  7.14724645E+00
  9.80500000E+01  7.19032296E+00
  9.80500000E+01  7.24791090E+00
  9.80500000E+01  7.29098742E+00
  9.80500000E+01  7.34857535E+00
  9.80500000E+01  7.39165187E+00
  9.80500000E+01  7.44923981E+00
  9.80500000E+01  7.49231632E+00
  9.80500000E+01  7.54990426E+00
  9.80500000E+01  7.59298077E+00
  9.80500000E+01  7.65056871E+00
  9.80500000E+01  7.69364522E+00
  9.80500000E+01  7.75123316E+00
  9.80500000E+01  7.79430968E+00
  9.80500000E+01  7.85189761E+00
  9.80500000E+01  7.89497413E+00
  9.80500000E+01  7.95256206E+00
  9.80500000E+01  7.99563858E+00
  9.80500000E+01  8.05322652E+00
  9.80500000E+01  8.09630303E+00
  9.80500000E+01  8.15389097E+00
  9.80500000E+01  8.19696748E+00
  9.80500000E+01  8.25455542E+00
  9.80500000E+01  8.29763193E+00
  9.80500000E+01  8.35521987E+00
  9.80500000E+01  8.39829639E+00
  9.80500000E+01  8.45588432E+00
  9.80500000E+01  8.49896084E+00
  9.80500000E+01  8.55654878E+00
  9.80500000E+01  8.59962529E+00
  9.80500000E+01  8.65721323E+00
  9.80500000E+01  8.70028974E+00
  9.80500000E+01  8.75787768E+00
  9.80500000E+01  8.80095419E+00
  9.80500000E+01  8.85854213E+00
  9.80500000E+01  8.90161865E+00
  9.80500000E+01  8.95920658E+00
  9.80477019E+01  9.00000000E+00
  9.80066410E+01  9.00000000E+00
  9.79655801E+01  9.00000000E+00
  9.79500000E+01  8.95920658E+00
  9.79500000E+01  8.90293452E+00
  9.79500000E+01  8.85854213E+00
  9.79500000E+01  8.80227007E+00
  9.79500000E+01  8.75787768E+00
  9.79500000E+01  8.70160562E+00
  9.79500000E+01  8.65721323E+00
  9.79500000E+01  8.60094117E+00
  9.79500000E+01  8.55654878E+00
  9.79500000E+01  8.50027671E+00
  9.79500000E+01  8.45588432E+00
  9.79500000E+01  8.39961226E+00
  9.79500000E+01  8.35521987E+00
  9.79500000E+01  8.29894781E+00
  9.79500000E+01  8.25455542E+00
  9.79500000E+01  8.19828336E+00
  9.79500000E+01  8.15389097E+00
  9.79500000E+01  8.09761891E+00
  9.79500000E+01  8.05322652E+00
  9.79500000E+01  7.99695445E+00
  9.79500000E+01  7.95256206E+00
  9.79500000E+01  7.89629000E+00
  9.79500000E+01  7.85189761E+00
  9.79500000E+01  7.79562555E+00
  9.79500000E+01  7.75123316E+00
  9.79500000E+01  7.69496110E+00
  9.79500000E+01  7.65056871E+00
  9.79500000E+01  7.59429665E+00
  9.79500000E+01  7.54990426E+00
  9.79500000E+01  7.49363220E+00
  9.79500000E+01  7.44923981E+00
  9.79500000E+01  7.39296774E+00
  9.79500000E+01  7.34857535E+00
  9.79500000E+01  7.29230329E+00
  9.79500000E+01  7.24791090E+00
  9.79500000E+01  7.19163884E+00
  9.79500000E+01  7.14724645E+00
  9.79500000E+01  7.09097439E+00
  9.79500000E+01  7.04658200E+00
  9.79500000E+01  6.99030994E+00
  9.79500000E+01  6.94591755E+00
  9.79500000E+01  6.88964548E+00
  9.79500000E+01  6.84525309E+00
  9.79500000E+01  6.78898103E+00
  9.79500000E+01  6.74458864E+00
  9.79500000E+01  6.68831658E+00
  9.79500000E+01  6.64392419E+00
  9.79500000E+01  6.58765213E+00
  9.79500000E+01  6.54325974E+00
  9.79500000E+01  6.48698768E+00
  9.79500000E+01  6.44259529E+00
  9.79500000E+01  6.38632323E+00
  9.79500000E+01  6.34193084E+00
  9.79500000E+01  6.28565877E+00
  9.79500000E+01  6.24126638E+00
  9.79500000E+01  6.18499432E+00
  9.79500000E+01  6.14060193E+00
  9.79500000E+01  6.08432987E+00
  9.79500000E+01  6.03993748E+00

hb:   line clip z  
clip:
  9.77500000E+01  7.49626395E+00
  9.78039920E+01  7.45000000E+00
  9.79045514E+01  7.45000000E+00
  9.79053165E+01  7.45000000E+00
  9.79500000E+01  7.50551187E+00
  9.79500000E+01  7.54990426E+00
  9.79054129E+01  7.55000000E+00
  9.78039920E+01  7.55000000E+00
  9.77500000E+01  7.54990426E+00

hb:   line clip z  
clip:
  9.77500000E+01  7.59692840E+00
  9.78039920E+01  7.55000000E+00
  9.79052202E+01  7.55000000E+00
  9.79500000E+01  7.60617632E+00
  9.79500000E+01  7.65056871E+00
  9.79500000E+01  7.69496110E+00
  9.79500000E+01  7.75123316E+00
  9.79500000E+01  7.79562555E+00
  9.79500000E+01  7.85189761E+00
  9.79500000E+01  7.89629000E+00
  9.79500000E+01  7.95256206E+00
  9.79500000E+01  7.99695445E+00
  9.79500000E+01  8.05322652E+00
  9.79500000E+01  8.09761891E+00
  9.79500000E+01  8.15389097E+00
  9.79500000E+01  8.19828336E+00
  9.79500000E+01  8.25455542E+00
  9.79500000E+01  8.29894781E+00
  9.79500000E+01  8.35521987E+00
  9.79500000E+01  8.39961226E+00
  9.79500000E+01  8.45588432E+00
  9.79500000E+01  8.50027671E+00
  9.79500000E+01  8.55654878E+00
  9.79500000E+01  8.60094117E+00
  9.79500000E+01  8.65721323E+00
  9.79500000E+01  8.70160562E+00
  9.79500000E+01  8.75787768E+00
  9.79500000E+01  8.80227007E+00
  9.79500000E+01  8.85854213E+00
  9.79500000E+01  8.90293452E+00
  9.79500000E+01  8.95920658E+00
  9.79500000E+01  9.00359897E+00
  9.79500000E+01  9.05987103E+00
  9.79500000E+01  9.10426342E+00
  9.79500000E+01  9.16053549E+00
  9.79500000E+01  9.20492788E+00
  9.79500000E+01  9.26119994E+00
  9.79500000E+01  9.30559233E+00
  9.79500000E+01  9.36186439E+00
  9.79500000E+01  9.40625678E+00
  9.79500000E+01  9.46252884E+00
  9.79430334E+01  9.50000000E+00
  9.79053165E+01  9.50000000E+00
  9.78675997E+01  9.50000000E+00
  9.78039920E+01  9.50000000E+00
  9.77662752E+01  9.50000000E+00
  9.77500000E+01  9.40888853E+00
  9.77500000E+01  7.65056871E+00

hb:   line clip z  
clip:
  9.81933350E+01  9.95000000E+00
  9.83265696E+01  9.95000000E+00
  9.83300000E+01  9.96585110E+00
  9.83300000E+01  9.98511027E+00
  9.83106145E+01  1.00500000E+01
  9.82259139E+01  1.00500000E+01
  9.82092900E+01  1.00500000E+01
  9.81300000E+01  1.00446246E+01
  9.81300000E+01  9.96585110E+00

#------------------------------------------------------------------------------
z: xorg(1.03)
p: xfac[c2*0.05] form[c1/0.05] notc noxt noyt dmin(1)
p: ymin(0) ymax(1) xmin(0) xmax(1) cmin(1) cmax(100) nosp
hc: y= 0.005 to 0.995 by 0.01 ; x= 0.5 to 0.5 by 1 ;
 1  2  3  4  5  6  7  8  9 10 11 12 13 14 15 16 17 18 19 20
21 22 23 24 25 26 27 28 29 30 31 32 33 34 35 36 37 38 39 40
41 42 43 44 45 46 47 48 49 50 51 52 53 54 55 56 57 58 59 60
61 62 63 64 65 66 67 68 69 70 71 72 73 74 75 76 77 78 79 80
81 82 83 84 85 86 87 88 89 90 91 92 93 94 95 96 97 98 99 100
z: xorg(0.0)
p: xfac[c2*0.05] form[c1/0.05] nosp afac[c5*0.625] ymin[c3] ymax[c4]
p: noxt noxn ytxt(-1) ynum(-1) xltd(-1) xstd(-1) itic(1) ylog
y: Flux [1/cm^2/source]              
#------------------------------------------------------------------------------

wt: s[c5]
\vspace{-3}
  emin  &=&   0.0000E+00 [MeV/n]
  emax  &=&   1.0000E+03 [MeV/n]
  xmin  &=&  -1.0000E-02 [cm]
  xmax  &=&   1.0000E-02 [cm]
  part. &=& proton  
e:

#------------------------------------------------------------------------------
z: xorg[-1.03/0.05]
p: form[c1] xfac[c2] afac[c5] nosp notf
p: xmin(  90.00000    ) xmax(  105.0000    )
p: ymin( -15.00000    ) ymax(  15.00000    )
 
# Information for Restart Calculation
# This calculation was newly started
# istdev =  2 # 1:Batch variance, 2:History variance
# resc2  = 3.20436999323052807E-01 # Total source weight or Total source weight / maxcas
# resc3  = 2.00000998100000000E+09 # Total history number or Total batch number
# maxcas =       10001 # History / Batch, only used for istdev=1
# bitrseed = 1001001000011111100100111110000001011011100111110000101100101100 # bit data of rseed
