[ T-Deposit ]
    title = Histograma dosis-volumen del pouch
     mesh =  xyz            # mesh type is xyz scoring mesh
   x-type =    2            # x-mesh is linear given by xmin, xmax and nx
     xmin = -0.8000000      # minimum value of x-mesh points
     xmax =  0.8000000      # maximum value of x-mesh points
#    xdel =  0.1000000      # mesh width of x-mesh points
       nx =     16          # number of x-mesh points
#    data = ( x(i), i = 1, nx + 1 )
#          -8.00000E-01 -7.00000E-01 -6.00000E-01 -5.00000E-01 -4.00000E-01
#          -3.00000E-01 -2.00000E-01 -1.00000E-01  0.00000E+00  1.00000E-01
#           2.00000E-01  3.00000E-01  4.00000E-01  5.00000E-01  6.00000E-01
#           7.00000E-01  8.00000E-01
   y-type =    2            # y-mesh is linear given by ymin, ymax and ny
     ymin =  -1.650000      # minimum value of y-mesh points
     ymax =   1.650000      # maximum value of y-mesh points
#    ydel =  0.1000000      # mesh width of y-mesh points
       ny =     33          # number of y-mesh points
#    data = ( y(i), i = 1, ny + 1 )
#          -1.65000E+00 -1.55000E+00 -1.45000E+00 -1.35000E+00 -1.25000E+00
#          -1.15000E+00 -1.05000E+00 -9.50000E-01 -8.50000E-01 -7.50000E-01
#          -6.50000E-01 -5.50000E-01 -4.50000E-01 -3.50000E-01 -2.50000E-01
#          -1.50000E-01 -5.00000E-02  5.00000E-02  1.50000E-01  2.50000E-01
#           3.50000E-01  4.50000E-01  5.50000E-01  6.50000E-01  7.50000E-01
#           8.50000E-01  9.50000E-01  1.05000E+00  1.15000E+00  1.25000E+00
#           1.35000E+00  1.45000E+00  1.55000E+00  1.65000E+00
   z-type =    2            # z-mesh is linear given by zmin, zmax and nz
     zmin =   98.45500      # minimum value of z-mesh points
     zmax =   98.58000      # maximum value of z-mesh points
#    zdel =  3.1250000E-02  # mesh width of z-mesh points
       nz =      4          # number of z-mesh points
#    data = ( z(i), i = 1, nz + 1 )
#           9.84550E+01  9.84862E+01  9.85175E+01  9.85487E+01  9.85800E+01
     unit =    0            # unit is [Gy/source]
   letmat =    0            # (D=0) mat ID for LET, 0:real mat, <0: electron for H2O
  dedxfnc =    0            # (D=0) user defined multiplier, 0(no), 1, 2
 material =  all            # (D=all) number of specific material
   output =  dose           # total deposit energy
  deposit =    0            # (D=0) 0-> total deposit dist, 1-> each process
     axis =     z           # axis of output
     file = ./out/histograma_dosis.out  # file name of output for the above axis
     part =  proton   
# kf/name :  2212     
   epsout =    1            # (D=0) generate eps file by ANGEL
   mother =  all            # (D=all) number of specific mother
#    used :        main (  %)        temp (  %)       total (  %)
#  memory :          59 (  0)           0 (  0)          59 (  0)

#------------------------------------------------------------------------------
#newpage:
#   no. =  1   ix  =  1   iy  =  1
#   x = (  -8.0000E-01  -  -7.0000E-01  )
#   y = (  -1.6500E+00  -  -1.5500E+00  )

x: z[cm]
y: Dose [Gy/source]      
p: xlin ylog afac(0.8) form(0.9)
h: n            x            y(proton  ),hh0l n 
#  z-lower      z-upper        proton    r.err 
   9.8455E+01   9.8486E+01   0.0000E+00  0.0000
   9.8486E+01   9.8517E+01   0.0000E+00  0.0000
   9.8517E+01   9.8549E+01   0.0000E+00  0.0000
   9.8549E+01   9.8580E+01   0.0000E+00  0.0000

#   sum over    1.2500E-03   0.0000E+00  0.0000

'no. =  1,  ix =  1,  iy =  1'
msuc: {\huge Histograma dosis-volumen del pouch}
msdr: {\it plotted by \ANGEL \version}
msdl: {\it calculated by \PHITS  3.35}
wt: s(0.7)
\vspace{-3}
  xmin  &=&  -8.0000E-01 [cm]
  xmax  &=&  -7.0000E-01 [cm]
  ymin  &=&  -1.6500E+00 [cm]
  ymax  &=&  -1.5500E+00 [cm]
e:

#------------------------------------------------------------------------------
 newpage:
#   no. =  2   ix  =  1   iy  =  2
#   x = (  -8.0000E-01  -  -7.0000E-01  )
#   y = (  -1.5500E+00  -  -1.4500E+00  )

x: z[cm]
y: Dose [Gy/source]      
p: xlin ylog afac(0.8) form(0.9)
h: n            x            y(proton  ),hh0l n 
#  z-lower      z-upper        proton    r.err 
   9.8455E+01   9.8486E+01   0.0000E+00  0.0000
   9.8486E+01   9.8517E+01   0.0000E+00  0.0000
   9.8517E+01   9.8549E+01   0.0000E+00  0.0000
   9.8549E+01   9.8580E+01   0.0000E+00  0.0000

#   sum over    1.2500E-03   0.0000E+00  0.0000

'no. =  2,  ix =  1,  iy =  2'
msuc: {\huge Histograma dosis-volumen del pouch}
msdr: {\it plotted by \ANGEL \version}
msdl: {\it calculated by \PHITS  3.35}
wt: s(0.7)
\vspace{-3}
  xmin  &=&  -8.0000E-01 [cm]
  xmax  &=&  -7.0000E-01 [cm]
  ymin  &=&  -1.5500E+00 [cm]
  ymax  &=&  -1.4500E+00 [cm]
e:

#------------------------------------------------------------------------------
 newpage:
#   no. =  3   ix  =  1   iy  =  3
#   x = (  -8.0000E-01  -  -7.0000E-01  )
#   y = (  -1.4500E+00  -  -1.3500E+00  )

x: z[cm]
y: Dose [Gy/source]      
p: xlin ylog afac(0.8) form(0.9)
h: n            x            y(proton  ),hh0l n 
#  z-lower      z-upper        proton    r.err 
   9.8455E+01   9.8486E+01   2.5506E-04  0.7151
   9.8486E+01   9.8517E+01   3.8399E-04  0.8429
   9.8517E+01   9.8549E+01   4.1265E-04  0.8350
   9.8549E+01   9.8580E+01   3.0910E-04  0.7745

#   sum over    1.2500E-03   3.4019E-04  0.7916

'no. =  3,  ix =  1,  iy =  3'
msuc: {\huge Histograma dosis-volumen del pouch}
msdr: {\it plotted by \ANGEL \version}
msdl: {\it calculated by \PHITS  3.35}
wt: s(0.7)
\vspace{-3}
  xmin  &=&  -8.0000E-01 [cm]
  xmax  &=&  -7.0000E-01 [cm]
  ymin  &=&  -1.4500E+00 [cm]
  ymax  &=&  -1.3500E+00 [cm]
e:

#------------------------------------------------------------------------------
 newpage:
#   no. =  4   ix  =  1   iy  =  4
#   x = (  -8.0000E-01  -  -7.0000E-01  )
#   y = (  -1.3500E+00  -  -1.2500E+00  )

x: z[cm]
y: Dose [Gy/source]      
p: xlin ylog afac(0.8) form(0.9)
h: n            x            y(proton  ),hh0l n 
#  z-lower      z-upper        proton    r.err 
   9.8455E+01   9.8486E+01   2.5498E-01  0.0224
   9.8486E+01   9.8517E+01   2.5865E-01  0.0234
   9.8517E+01   9.8549E+01   2.5411E-01  0.0254
   9.8549E+01   9.8580E+01   2.5401E-01  0.0278

#   sum over    1.2500E-03   2.5543E-01  0.0215

'no. =  4,  ix =  1,  iy =  4'
msuc: {\huge Histograma dosis-volumen del pouch}
msdr: {\it plotted by \ANGEL \version}
msdl: {\it calculated by \PHITS  3.35}
wt: s(0.7)
\vspace{-3}
  xmin  &=&  -8.0000E-01 [cm]
  xmax  &=&  -7.0000E-01 [cm]
  ymin  &=&  -1.3500E+00 [cm]
  ymax  &=&  -1.2500E+00 [cm]
e:

#------------------------------------------------------------------------------
 newpage:
#   no. =  5   ix  =  1   iy  =  5
#   x = (  -8.0000E-01  -  -7.0000E-01  )
#   y = (  -1.2500E+00  -  -1.1500E+00  )

x: z[cm]
y: Dose [Gy/source]      
p: xlin ylog afac(0.8) form(0.9)
h: n            x            y(proton  ),hh0l n 
#  z-lower      z-upper        proton    r.err 
   9.8455E+01   9.8486E+01   3.7146E-01  0.0184
   9.8486E+01   9.8517E+01   3.8208E-01  0.0194
   9.8517E+01   9.8549E+01   3.6120E-01  0.0208
   9.8549E+01   9.8580E+01   3.5689E-01  0.0236

#   sum over    1.2500E-03   3.6791E-01  0.0178

'no. =  5,  ix =  1,  iy =  5'
msuc: {\huge Histograma dosis-volumen del pouch}
msdr: {\it plotted by \ANGEL \version}
msdl: {\it calculated by \PHITS  3.35}
wt: s(0.7)
\vspace{-3}
  xmin  &=&  -8.0000E-01 [cm]
  xmax  &=&  -7.0000E-01 [cm]
  ymin  &=&  -1.2500E+00 [cm]
  ymax  &=&  -1.1500E+00 [cm]
e:

#------------------------------------------------------------------------------
 newpage:
#   no. =  6   ix  =  1   iy  =  6
#   x = (  -8.0000E-01  -  -7.0000E-01  )
#   y = (  -1.1500E+00  -  -1.0500E+00  )

x: z[cm]
y: Dose [Gy/source]      
p: xlin ylog afac(0.8) form(0.9)
h: n            x            y(proton  ),hh0l n 
#  z-lower      z-upper        proton    r.err 
   9.8455E+01   9.8486E+01   3.7233E-01  0.0184
   9.8486E+01   9.8517E+01   3.7065E-01  0.0194
   9.8517E+01   9.8549E+01   3.6432E-01  0.0208
   9.8549E+01   9.8580E+01   3.5937E-01  0.0236

#   sum over    1.2500E-03   3.6667E-01  0.0178

'no. =  6,  ix =  1,  iy =  6'
msuc: {\huge Histograma dosis-volumen del pouch}
msdr: {\it plotted by \ANGEL \version}
msdl: {\it calculated by \PHITS  3.35}
wt: s(0.7)
\vspace{-3}
  xmin  &=&  -8.0000E-01 [cm]
  xmax  &=&  -7.0000E-01 [cm]
  ymin  &=&  -1.1500E+00 [cm]
  ymax  &=&  -1.0500E+00 [cm]
e:

#------------------------------------------------------------------------------
 newpage:
#   no. =  7   ix  =  1   iy  =  7
#   x = (  -8.0000E-01  -  -7.0000E-01  )
#   y = (  -1.0500E+00  -  -9.5000E-01  )

x: z[cm]
y: Dose [Gy/source]      
p: xlin ylog afac(0.8) form(0.9)
h: n            x            y(proton  ),hh0l n 
#  z-lower      z-upper        proton    r.err 
   9.8455E+01   9.8486E+01   3.6328E-01  0.0185
   9.8486E+01   9.8517E+01   3.7278E-01  0.0193
   9.8517E+01   9.8549E+01   3.6215E-01  0.0209
   9.8549E+01   9.8580E+01   3.4863E-01  0.0239

#   sum over    1.2500E-03   3.6171E-01  0.0180

'no. =  7,  ix =  1,  iy =  7'
msuc: {\huge Histograma dosis-volumen del pouch}
msdr: {\it plotted by \ANGEL \version}
msdl: {\it calculated by \PHITS  3.35}
wt: s(0.7)
\vspace{-3}
  xmin  &=&  -8.0000E-01 [cm]
  xmax  &=&  -7.0000E-01 [cm]
  ymin  &=&  -1.0500E+00 [cm]
  ymax  &=&  -9.5000E-01 [cm]
e:

#------------------------------------------------------------------------------
 newpage:
#   no. =  8   ix  =  1   iy  =  8
#   x = (  -8.0000E-01  -  -7.0000E-01  )
#   y = (  -9.5000E-01  -  -8.5000E-01  )

x: z[cm]
y: Dose [Gy/source]      
p: xlin ylog afac(0.8) form(0.9)
h: n            x            y(proton  ),hh0l n 
#  z-lower      z-upper        proton    r.err 
   9.8455E+01   9.8486E+01   3.6111E-01  0.0187
   9.8486E+01   9.8517E+01   3.6040E-01  0.0197
   9.8517E+01   9.8549E+01   3.4911E-01  0.0212
   9.8549E+01   9.8580E+01   3.3850E-01  0.0242

#   sum over    1.2500E-03   3.5228E-01  0.0182

'no. =  8,  ix =  1,  iy =  8'
msuc: {\huge Histograma dosis-volumen del pouch}
msdr: {\it plotted by \ANGEL \version}
msdl: {\it calculated by \PHITS  3.35}
wt: s(0.7)
\vspace{-3}
  xmin  &=&  -8.0000E-01 [cm]
  xmax  &=&  -7.0000E-01 [cm]
  ymin  &=&  -9.5000E-01 [cm]
  ymax  &=&  -8.5000E-01 [cm]
e:

#------------------------------------------------------------------------------
 newpage:
#   no. =  9   ix  =  1   iy  =  9
#   x = (  -8.0000E-01  -  -7.0000E-01  )
#   y = (  -8.5000E-01  -  -7.5000E-01  )

x: z[cm]
y: Dose [Gy/source]      
p: xlin ylog afac(0.8) form(0.9)
h: n            x            y(proton  ),hh0l n 
#  z-lower      z-upper        proton    r.err 
   9.8455E+01   9.8486E+01   3.7458E-01  0.0182
   9.8486E+01   9.8517E+01   3.8121E-01  0.0192
   9.8517E+01   9.8549E+01   3.7048E-01  0.0207
   9.8549E+01   9.8580E+01   3.5756E-01  0.0236

#   sum over    1.2500E-03   3.7096E-01  0.0177

'no. =  9,  ix =  1,  iy =  9'
msuc: {\huge Histograma dosis-volumen del pouch}
msdr: {\it plotted by \ANGEL \version}
msdl: {\it calculated by \PHITS  3.35}
wt: s(0.7)
\vspace{-3}
  xmin  &=&  -8.0000E-01 [cm]
  xmax  &=&  -7.0000E-01 [cm]
  ymin  &=&  -8.5000E-01 [cm]
  ymax  &=&  -7.5000E-01 [cm]
e:

#------------------------------------------------------------------------------
 newpage:
#   no. = 10   ix  =  1   iy  = 10
#   x = (  -8.0000E-01  -  -7.0000E-01  )
#   y = (  -7.5000E-01  -  -6.5000E-01  )

x: z[cm]
y: Dose [Gy/source]      
p: xlin ylog afac(0.8) form(0.9)
h: n            x            y(proton  ),hh0l n 
#  z-lower      z-upper        proton    r.err 
   9.8455E+01   9.8486E+01   3.6325E-01  0.0186
   9.8486E+01   9.8517E+01   3.6818E-01  0.0196
   9.8517E+01   9.8549E+01   3.4895E-01  0.0212
   9.8549E+01   9.8580E+01   3.4360E-01  0.0240

#   sum over    1.2500E-03   3.5599E-01  0.0180

'no. = 10,  ix =  1,  iy = 10'
msuc: {\huge Histograma dosis-volumen del pouch}
msdr: {\it plotted by \ANGEL \version}
msdl: {\it calculated by \PHITS  3.35}
wt: s(0.7)
\vspace{-3}
  xmin  &=&  -8.0000E-01 [cm]
  xmax  &=&  -7.0000E-01 [cm]
  ymin  &=&  -7.5000E-01 [cm]
  ymax  &=&  -6.5000E-01 [cm]
e:

#------------------------------------------------------------------------------
 newpage:
#   no. = 11   ix  =  1   iy  = 11
#   x = (  -8.0000E-01  -  -7.0000E-01  )
#   y = (  -6.5000E-01  -  -5.5000E-01  )

x: z[cm]
y: Dose [Gy/source]      
p: xlin ylog afac(0.8) form(0.9)
h: n            x            y(proton  ),hh0l n 
#  z-lower      z-upper        proton    r.err 
   9.8455E+01   9.8486E+01   3.6404E-01  0.0186
   9.8486E+01   9.8517E+01   3.6352E-01  0.0197
   9.8517E+01   9.8549E+01   3.5144E-01  0.0212
   9.8549E+01   9.8580E+01   3.3943E-01  0.0241

#   sum over    1.2500E-03   3.5461E-01  0.0181

'no. = 11,  ix =  1,  iy = 11'
msuc: {\huge Histograma dosis-volumen del pouch}
msdr: {\it plotted by \ANGEL \version}
msdl: {\it calculated by \PHITS  3.35}
wt: s(0.7)
\vspace{-3}
  xmin  &=&  -8.0000E-01 [cm]
  xmax  &=&  -7.0000E-01 [cm]
  ymin  &=&  -6.5000E-01 [cm]
  ymax  &=&  -5.5000E-01 [cm]
e:

#------------------------------------------------------------------------------
 newpage:
#   no. = 12   ix  =  1   iy  = 12
#   x = (  -8.0000E-01  -  -7.0000E-01  )
#   y = (  -5.5000E-01  -  -4.5000E-01  )

x: z[cm]
y: Dose [Gy/source]      
p: xlin ylog afac(0.8) form(0.9)
h: n            x            y(proton  ),hh0l n 
#  z-lower      z-upper        proton    r.err 
   9.8455E+01   9.8486E+01   3.5956E-01  0.0186
   9.8486E+01   9.8517E+01   3.6536E-01  0.0199
   9.8517E+01   9.8549E+01   3.4473E-01  0.0214
   9.8549E+01   9.8580E+01   3.2398E-01  0.0245

#   sum over    1.2500E-03   3.4840E-01  0.0182

'no. = 12,  ix =  1,  iy = 12'
msuc: {\huge Histograma dosis-volumen del pouch}
msdr: {\it plotted by \ANGEL \version}
msdl: {\it calculated by \PHITS  3.35}
wt: s(0.7)
\vspace{-3}
  xmin  &=&  -8.0000E-01 [cm]
  xmax  &=&  -7.0000E-01 [cm]
  ymin  &=&  -5.5000E-01 [cm]
  ymax  &=&  -4.5000E-01 [cm]
e:

#------------------------------------------------------------------------------
 newpage:
#   no. = 13   ix  =  1   iy  = 13
#   x = (  -8.0000E-01  -  -7.0000E-01  )
#   y = (  -4.5000E-01  -  -3.5000E-01  )

x: z[cm]
y: Dose [Gy/source]      
p: xlin ylog afac(0.8) form(0.9)
h: n            x            y(proton  ),hh0l n 
#  z-lower      z-upper        proton    r.err 
   9.8455E+01   9.8486E+01   3.6265E-01  0.0186
   9.8486E+01   9.8517E+01   3.6708E-01  0.0196
   9.8517E+01   9.8549E+01   3.4965E-01  0.0211
   9.8549E+01   9.8580E+01   3.4487E-01  0.0238

#   sum over    1.2500E-03   3.5606E-01  0.0180

'no. = 13,  ix =  1,  iy = 13'
msuc: {\huge Histograma dosis-volumen del pouch}
msdr: {\it plotted by \ANGEL \version}
msdl: {\it calculated by \PHITS  3.35}
wt: s(0.7)
\vspace{-3}
  xmin  &=&  -8.0000E-01 [cm]
  xmax  &=&  -7.0000E-01 [cm]
  ymin  &=&  -4.5000E-01 [cm]
  ymax  &=&  -3.5000E-01 [cm]
e:

#------------------------------------------------------------------------------
 newpage:
#   no. = 14   ix  =  1   iy  = 14
#   x = (  -8.0000E-01  -  -7.0000E-01  )
#   y = (  -3.5000E-01  -  -2.5000E-01  )

x: z[cm]
y: Dose [Gy/source]      
p: xlin ylog afac(0.8) form(0.9)
h: n            x            y(proton  ),hh0l n 
#  z-lower      z-upper        proton    r.err 
   9.8455E+01   9.8486E+01   3.6962E-01  0.0185
   9.8486E+01   9.8517E+01   3.6875E-01  0.0196
   9.8517E+01   9.8549E+01   3.5849E-01  0.0210
   9.8549E+01   9.8580E+01   3.4496E-01  0.0237

#   sum over    1.2500E-03   3.6045E-01  0.0179

'no. = 14,  ix =  1,  iy = 14'
msuc: {\huge Histograma dosis-volumen del pouch}
msdr: {\it plotted by \ANGEL \version}
msdl: {\it calculated by \PHITS  3.35}
wt: s(0.7)
\vspace{-3}
  xmin  &=&  -8.0000E-01 [cm]
  xmax  &=&  -7.0000E-01 [cm]
  ymin  &=&  -3.5000E-01 [cm]
  ymax  &=&  -2.5000E-01 [cm]
e:

#------------------------------------------------------------------------------
 newpage:
#   no. = 15   ix  =  1   iy  = 15
#   x = (  -8.0000E-01  -  -7.0000E-01  )
#   y = (  -2.5000E-01  -  -1.5000E-01  )

x: z[cm]
y: Dose [Gy/source]      
p: xlin ylog afac(0.8) form(0.9)
h: n            x            y(proton  ),hh0l n 
#  z-lower      z-upper        proton    r.err 
   9.8455E+01   9.8486E+01   3.5276E-01  0.0188
   9.8486E+01   9.8517E+01   3.5691E-01  0.0199
   9.8517E+01   9.8549E+01   3.4180E-01  0.0213
   9.8549E+01   9.8580E+01   3.3380E-01  0.0241

#   sum over    1.2500E-03   3.4632E-01  0.0183

'no. = 15,  ix =  1,  iy = 15'
msuc: {\huge Histograma dosis-volumen del pouch}
msdr: {\it plotted by \ANGEL \version}
msdl: {\it calculated by \PHITS  3.35}
wt: s(0.7)
\vspace{-3}
  xmin  &=&  -8.0000E-01 [cm]
  xmax  &=&  -7.0000E-01 [cm]
  ymin  &=&  -2.5000E-01 [cm]
  ymax  &=&  -1.5000E-01 [cm]
e:

#------------------------------------------------------------------------------
 newpage:
#   no. = 16   ix  =  1   iy  = 16
#   x = (  -8.0000E-01  -  -7.0000E-01  )
#   y = (  -1.5000E-01  -  -5.0000E-02  )

x: z[cm]
y: Dose [Gy/source]      
p: xlin ylog afac(0.8) form(0.9)
h: n            x            y(proton  ),hh0l n 
#  z-lower      z-upper        proton    r.err 
   9.8455E+01   9.8486E+01   3.6846E-01  0.0185
   9.8486E+01   9.8517E+01   3.6594E-01  0.0195
   9.8517E+01   9.8549E+01   3.5381E-01  0.0210
   9.8549E+01   9.8580E+01   3.5247E-01  0.0235

#   sum over    1.2500E-03   3.6018E-01  0.0179

'no. = 16,  ix =  1,  iy = 16'
msuc: {\huge Histograma dosis-volumen del pouch}
msdr: {\it plotted by \ANGEL \version}
msdl: {\it calculated by \PHITS  3.35}
wt: s(0.7)
\vspace{-3}
  xmin  &=&  -8.0000E-01 [cm]
  xmax  &=&  -7.0000E-01 [cm]
  ymin  &=&  -1.5000E-01 [cm]
  ymax  &=&  -5.0000E-02 [cm]
e:

#------------------------------------------------------------------------------
 newpage:
#   no. = 17   ix  =  1   iy  = 17
#   x = (  -8.0000E-01  -  -7.0000E-01  )
#   y = (  -5.0000E-02  -   5.0000E-02  )

x: z[cm]
y: Dose [Gy/source]      
p: xlin ylog afac(0.8) form(0.9)
h: n            x            y(proton  ),hh0l n 
#  z-lower      z-upper        proton    r.err 
   9.8455E+01   9.8486E+01   3.5501E-01  0.0188
   9.8486E+01   9.8517E+01   3.5856E-01  0.0199
   9.8517E+01   9.8549E+01   3.4276E-01  0.0213
   9.8549E+01   9.8580E+01   3.3419E-01  0.0240

#   sum over    1.2500E-03   3.4763E-01  0.0182

'no. = 17,  ix =  1,  iy = 17'
msuc: {\huge Histograma dosis-volumen del pouch}
msdr: {\it plotted by \ANGEL \version}
msdl: {\it calculated by \PHITS  3.35}
wt: s(0.7)
\vspace{-3}
  xmin  &=&  -8.0000E-01 [cm]
  xmax  &=&  -7.0000E-01 [cm]
  ymin  &=&  -5.0000E-02 [cm]
  ymax  &=&   5.0000E-02 [cm]
e:

#------------------------------------------------------------------------------
 newpage:
#   no. = 18   ix  =  1   iy  = 18
#   x = (  -8.0000E-01  -  -7.0000E-01  )
#   y = (   5.0000E-02  -   1.5000E-01  )

x: z[cm]
y: Dose [Gy/source]      
p: xlin ylog afac(0.8) form(0.9)
h: n            x            y(proton  ),hh0l n 
#  z-lower      z-upper        proton    r.err 
   9.8455E+01   9.8486E+01   3.6159E-01  0.0187
   9.8486E+01   9.8517E+01   3.5938E-01  0.0198
   9.8517E+01   9.8549E+01   3.4952E-01  0.0212
   9.8549E+01   9.8580E+01   3.3690E-01  0.0240

#   sum over    1.2500E-03   3.5185E-01  0.0181

'no. = 18,  ix =  1,  iy = 18'
msuc: {\huge Histograma dosis-volumen del pouch}
msdr: {\it plotted by \ANGEL \version}
msdl: {\it calculated by \PHITS  3.35}
wt: s(0.7)
\vspace{-3}
  xmin  &=&  -8.0000E-01 [cm]
  xmax  &=&  -7.0000E-01 [cm]
  ymin  &=&   5.0000E-02 [cm]
  ymax  &=&   1.5000E-01 [cm]
e:

#------------------------------------------------------------------------------
 newpage:
#   no. = 19   ix  =  1   iy  = 19
#   x = (  -8.0000E-01  -  -7.0000E-01  )
#   y = (   1.5000E-01  -   2.5000E-01  )

x: z[cm]
y: Dose [Gy/source]      
p: xlin ylog afac(0.8) form(0.9)
h: n            x            y(proton  ),hh0l n 
#  z-lower      z-upper        proton    r.err 
   9.8455E+01   9.8486E+01   3.6310E-01  0.0186
   9.8486E+01   9.8517E+01   3.6591E-01  0.0197
   9.8517E+01   9.8549E+01   3.4786E-01  0.0213
   9.8549E+01   9.8580E+01   3.2894E-01  0.0243

#   sum over    1.2500E-03   3.5146E-01  0.0181

'no. = 19,  ix =  1,  iy = 19'
msuc: {\huge Histograma dosis-volumen del pouch}
msdr: {\it plotted by \ANGEL \version}
msdl: {\it calculated by \PHITS  3.35}
wt: s(0.7)
\vspace{-3}
  xmin  &=&  -8.0000E-01 [cm]
  xmax  &=&  -7.0000E-01 [cm]
  ymin  &=&   1.5000E-01 [cm]
  ymax  &=&   2.5000E-01 [cm]
e:

#------------------------------------------------------------------------------
 newpage:
#   no. = 20   ix  =  1   iy  = 20
#   x = (  -8.0000E-01  -  -7.0000E-01  )
#   y = (   2.5000E-01  -   3.5000E-01  )

x: z[cm]
y: Dose [Gy/source]      
p: xlin ylog afac(0.8) form(0.9)
h: n            x            y(proton  ),hh0l n 
#  z-lower      z-upper        proton    r.err 
   9.8455E+01   9.8486E+01   3.4644E-01  0.0189
   9.8486E+01   9.8517E+01   3.5386E-01  0.0200
   9.8517E+01   9.8549E+01   3.3479E-01  0.0215
   9.8549E+01   9.8580E+01   3.3211E-01  0.0242

#   sum over    1.2500E-03   3.4180E-01  0.0184

'no. = 20,  ix =  1,  iy = 20'
msuc: {\huge Histograma dosis-volumen del pouch}
msdr: {\it plotted by \ANGEL \version}
msdl: {\it calculated by \PHITS  3.35}
wt: s(0.7)
\vspace{-3}
  xmin  &=&  -8.0000E-01 [cm]
  xmax  &=&  -7.0000E-01 [cm]
  ymin  &=&   2.5000E-01 [cm]
  ymax  &=&   3.5000E-01 [cm]
e:

#------------------------------------------------------------------------------
 newpage:
#   no. = 21   ix  =  1   iy  = 21
#   x = (  -8.0000E-01  -  -7.0000E-01  )
#   y = (   3.5000E-01  -   4.5000E-01  )

x: z[cm]
y: Dose [Gy/source]      
p: xlin ylog afac(0.8) form(0.9)
h: n            x            y(proton  ),hh0l n 
#  z-lower      z-upper        proton    r.err 
   9.8455E+01   9.8486E+01   3.6261E-01  0.0187
   9.8486E+01   9.8517E+01   3.6234E-01  0.0197
   9.8517E+01   9.8549E+01   3.5262E-01  0.0210
   9.8549E+01   9.8580E+01   3.4890E-01  0.0236

#   sum over    1.2500E-03   3.5662E-01  0.0180

'no. = 21,  ix =  1,  iy = 21'
msuc: {\huge Histograma dosis-volumen del pouch}
msdr: {\it plotted by \ANGEL \version}
msdl: {\it calculated by \PHITS  3.35}
wt: s(0.7)
\vspace{-3}
  xmin  &=&  -8.0000E-01 [cm]
  xmax  &=&  -7.0000E-01 [cm]
  ymin  &=&   3.5000E-01 [cm]
  ymax  &=&   4.5000E-01 [cm]
e:

#------------------------------------------------------------------------------
 newpage:
#   no. = 22   ix  =  1   iy  = 22
#   x = (  -8.0000E-01  -  -7.0000E-01  )
#   y = (   4.5000E-01  -   5.5000E-01  )

x: z[cm]
y: Dose [Gy/source]      
p: xlin ylog afac(0.8) form(0.9)
h: n            x            y(proton  ),hh0l n 
#  z-lower      z-upper        proton    r.err 
   9.8455E+01   9.8486E+01   3.6153E-01  0.0186
   9.8486E+01   9.8517E+01   3.6551E-01  0.0197
   9.8517E+01   9.8549E+01   3.5234E-01  0.0211
   9.8549E+01   9.8580E+01   3.3714E-01  0.0240

#   sum over    1.2500E-03   3.5413E-01  0.0181

'no. = 22,  ix =  1,  iy = 22'
msuc: {\huge Histograma dosis-volumen del pouch}
msdr: {\it plotted by \ANGEL \version}
msdl: {\it calculated by \PHITS  3.35}
wt: s(0.7)
\vspace{-3}
  xmin  &=&  -8.0000E-01 [cm]
  xmax  &=&  -7.0000E-01 [cm]
  ymin  &=&   4.5000E-01 [cm]
  ymax  &=&   5.5000E-01 [cm]
e:

#------------------------------------------------------------------------------
 newpage:
#   no. = 23   ix  =  1   iy  = 23
#   x = (  -8.0000E-01  -  -7.0000E-01  )
#   y = (   5.5000E-01  -   6.5000E-01  )

x: z[cm]
y: Dose [Gy/source]      
p: xlin ylog afac(0.8) form(0.9)
h: n            x            y(proton  ),hh0l n 
#  z-lower      z-upper        proton    r.err 
   9.8455E+01   9.8486E+01   3.5885E-01  0.0187
   9.8486E+01   9.8517E+01   3.6445E-01  0.0197
   9.8517E+01   9.8549E+01   3.4961E-01  0.0212
   9.8549E+01   9.8580E+01   3.3862E-01  0.0241

#   sum over    1.2500E-03   3.5288E-01  0.0181

'no. = 23,  ix =  1,  iy = 23'
msuc: {\huge Histograma dosis-volumen del pouch}
msdr: {\it plotted by \ANGEL \version}
msdl: {\it calculated by \PHITS  3.35}
wt: s(0.7)
\vspace{-3}
  xmin  &=&  -8.0000E-01 [cm]
  xmax  &=&  -7.0000E-01 [cm]
  ymin  &=&   5.5000E-01 [cm]
  ymax  &=&   6.5000E-01 [cm]
e:

#------------------------------------------------------------------------------
 newpage:
#   no. = 24   ix  =  1   iy  = 24
#   x = (  -8.0000E-01  -  -7.0000E-01  )
#   y = (   6.5000E-01  -   7.5000E-01  )

x: z[cm]
y: Dose [Gy/source]      
p: xlin ylog afac(0.8) form(0.9)
h: n            x            y(proton  ),hh0l n 
#  z-lower      z-upper        proton    r.err 
   9.8455E+01   9.8486E+01   3.7281E-01  0.0183
   9.8486E+01   9.8517E+01   3.7782E-01  0.0194
   9.8517E+01   9.8549E+01   3.5996E-01  0.0209
   9.8549E+01   9.8580E+01   3.4949E-01  0.0238

#   sum over    1.2500E-03   3.6501E-01  0.0178

'no. = 24,  ix =  1,  iy = 24'
msuc: {\huge Histograma dosis-volumen del pouch}
msdr: {\it plotted by \ANGEL \version}
msdl: {\it calculated by \PHITS  3.35}
wt: s(0.7)
\vspace{-3}
  xmin  &=&  -8.0000E-01 [cm]
  xmax  &=&  -7.0000E-01 [cm]
  ymin  &=&   6.5000E-01 [cm]
  ymax  &=&   7.5000E-01 [cm]
e:

#------------------------------------------------------------------------------
 newpage:
#   no. = 25   ix  =  1   iy  = 25
#   x = (  -8.0000E-01  -  -7.0000E-01  )
#   y = (   7.5000E-01  -   8.5000E-01  )

x: z[cm]
y: Dose [Gy/source]      
p: xlin ylog afac(0.8) form(0.9)
h: n            x            y(proton  ),hh0l n 
#  z-lower      z-upper        proton    r.err 
   9.8455E+01   9.8486E+01   3.7175E-01  0.0183
   9.8486E+01   9.8517E+01   3.7647E-01  0.0193
   9.8517E+01   9.8549E+01   3.6620E-01  0.0207
   9.8549E+01   9.8580E+01   3.5602E-01  0.0236

#   sum over    1.2500E-03   3.6761E-01  0.0178

'no. = 25,  ix =  1,  iy = 25'
msuc: {\huge Histograma dosis-volumen del pouch}
msdr: {\it plotted by \ANGEL \version}
msdl: {\it calculated by \PHITS  3.35}
wt: s(0.7)
\vspace{-3}
  xmin  &=&  -8.0000E-01 [cm]
  xmax  &=&  -7.0000E-01 [cm]
  ymin  &=&   7.5000E-01 [cm]
  ymax  &=&   8.5000E-01 [cm]
e:

#------------------------------------------------------------------------------
 newpage:
#   no. = 26   ix  =  1   iy  = 26
#   x = (  -8.0000E-01  -  -7.0000E-01  )
#   y = (   8.5000E-01  -   9.5000E-01  )

x: z[cm]
y: Dose [Gy/source]      
p: xlin ylog afac(0.8) form(0.9)
h: n            x            y(proton  ),hh0l n 
#  z-lower      z-upper        proton    r.err 
   9.8455E+01   9.8486E+01   3.7610E-01  0.0183
   9.8486E+01   9.8517E+01   3.7478E-01  0.0194
   9.8517E+01   9.8549E+01   3.6379E-01  0.0208
   9.8549E+01   9.8580E+01   3.5902E-01  0.0235

#   sum over    1.2500E-03   3.6842E-01  0.0178

'no. = 26,  ix =  1,  iy = 26'
msuc: {\huge Histograma dosis-volumen del pouch}
msdr: {\it plotted by \ANGEL \version}
msdl: {\it calculated by \PHITS  3.35}
wt: s(0.7)
\vspace{-3}
  xmin  &=&  -8.0000E-01 [cm]
  xmax  &=&  -7.0000E-01 [cm]
  ymin  &=&   8.5000E-01 [cm]
  ymax  &=&   9.5000E-01 [cm]
e:

#------------------------------------------------------------------------------
 newpage:
#   no. = 27   ix  =  1   iy  = 27
#   x = (  -8.0000E-01  -  -7.0000E-01  )
#   y = (   9.5000E-01  -   1.0500E+00  )

x: z[cm]
y: Dose [Gy/source]      
p: xlin ylog afac(0.8) form(0.9)
h: n            x            y(proton  ),hh0l n 
#  z-lower      z-upper        proton    r.err 
   9.8455E+01   9.8486E+01   3.6753E-01  0.0183
   9.8486E+01   9.8517E+01   3.7426E-01  0.0194
   9.8517E+01   9.8549E+01   3.5731E-01  0.0210
   9.8549E+01   9.8580E+01   3.5059E-01  0.0238

#   sum over    1.2500E-03   3.6242E-01  0.0179

'no. = 27,  ix =  1,  iy = 27'
msuc: {\huge Histograma dosis-volumen del pouch}
msdr: {\it plotted by \ANGEL \version}
msdl: {\it calculated by \PHITS  3.35}
wt: s(0.7)
\vspace{-3}
  xmin  &=&  -8.0000E-01 [cm]
  xmax  &=&  -7.0000E-01 [cm]
  ymin  &=&   9.5000E-01 [cm]
  ymax  &=&   1.0500E+00 [cm]
e:

#------------------------------------------------------------------------------
 newpage:
#   no. = 28   ix  =  1   iy  = 28
#   x = (  -8.0000E-01  -  -7.0000E-01  )
#   y = (   1.0500E+00  -   1.1500E+00  )

x: z[cm]
y: Dose [Gy/source]      
p: xlin ylog afac(0.8) form(0.9)
h: n            x            y(proton  ),hh0l n 
#  z-lower      z-upper        proton    r.err 
   9.8455E+01   9.8486E+01   3.6542E-01  0.0186
   9.8486E+01   9.8517E+01   3.6647E-01  0.0197
   9.8517E+01   9.8549E+01   3.4709E-01  0.0213
   9.8549E+01   9.8580E+01   3.4186E-01  0.0241

#   sum over    1.2500E-03   3.5521E-01  0.0181

'no. = 28,  ix =  1,  iy = 28'
msuc: {\huge Histograma dosis-volumen del pouch}
msdr: {\it plotted by \ANGEL \version}
msdl: {\it calculated by \PHITS  3.35}
wt: s(0.7)
\vspace{-3}
  xmin  &=&  -8.0000E-01 [cm]
  xmax  &=&  -7.0000E-01 [cm]
  ymin  &=&   1.0500E+00 [cm]
  ymax  &=&   1.1500E+00 [cm]
e:

#------------------------------------------------------------------------------
 newpage:
#   no. = 29   ix  =  1   iy  = 29
#   x = (  -8.0000E-01  -  -7.0000E-01  )
#   y = (   1.1500E+00  -   1.2500E+00  )

x: z[cm]
y: Dose [Gy/source]      
p: xlin ylog afac(0.8) form(0.9)
h: n            x            y(proton  ),hh0l n 
#  z-lower      z-upper        proton    r.err 
   9.8455E+01   9.8486E+01   3.7732E-01  0.0182
   9.8486E+01   9.8517E+01   3.7921E-01  0.0193
   9.8517E+01   9.8549E+01   3.6504E-01  0.0207
   9.8549E+01   9.8580E+01   3.6028E-01  0.0234

#   sum over    1.2500E-03   3.7047E-01  0.0178

'no. = 29,  ix =  1,  iy = 29'
msuc: {\huge Histograma dosis-volumen del pouch}
msdr: {\it plotted by \ANGEL \version}
msdl: {\it calculated by \PHITS  3.35}
wt: s(0.7)
\vspace{-3}
  xmin  &=&  -8.0000E-01 [cm]
  xmax  &=&  -7.0000E-01 [cm]
  ymin  &=&   1.1500E+00 [cm]
  ymax  &=&   1.2500E+00 [cm]
e:

#------------------------------------------------------------------------------
 newpage:
#   no. = 30   ix  =  1   iy  = 30
#   x = (  -8.0000E-01  -  -7.0000E-01  )
#   y = (   1.2500E+00  -   1.3500E+00  )

x: z[cm]
y: Dose [Gy/source]      
p: xlin ylog afac(0.8) form(0.9)
h: n            x            y(proton  ),hh0l n 
#  z-lower      z-upper        proton    r.err 
   9.8455E+01   9.8486E+01   3.7544E-01  0.0181
   9.8486E+01   9.8517E+01   3.8283E-01  0.0193
   9.8517E+01   9.8549E+01   3.6329E-01  0.0207
   9.8549E+01   9.8580E+01   3.6469E-01  0.0233

#   sum over    1.2500E-03   3.7156E-01  0.0177

'no. = 30,  ix =  1,  iy = 30'
msuc: {\huge Histograma dosis-volumen del pouch}
msdr: {\it plotted by \ANGEL \version}
msdl: {\it calculated by \PHITS  3.35}
wt: s(0.7)
\vspace{-3}
  xmin  &=&  -8.0000E-01 [cm]
  xmax  &=&  -7.0000E-01 [cm]
  ymin  &=&   1.2500E+00 [cm]
  ymax  &=&   1.3500E+00 [cm]
e:

#------------------------------------------------------------------------------
 newpage:
#   no. = 31   ix  =  1   iy  = 31
#   x = (  -8.0000E-01  -  -7.0000E-01  )
#   y = (   1.3500E+00  -   1.4500E+00  )

x: z[cm]
y: Dose [Gy/source]      
p: xlin ylog afac(0.8) form(0.9)
h: n            x            y(proton  ),hh0l n 
#  z-lower      z-upper        proton    r.err 
   9.8455E+01   9.8486E+01   3.7601E-01  0.0183
   9.8486E+01   9.8517E+01   3.7873E-01  0.0193
   9.8517E+01   9.8549E+01   3.6479E-01  0.0206
   9.8549E+01   9.8580E+01   3.6010E-01  0.0234

#   sum over    1.2500E-03   3.6991E-01  0.0177

'no. = 31,  ix =  1,  iy = 31'
msuc: {\huge Histograma dosis-volumen del pouch}
msdr: {\it plotted by \ANGEL \version}
msdl: {\it calculated by \PHITS  3.35}
wt: s(0.7)
\vspace{-3}
  xmin  &=&  -8.0000E-01 [cm]
  xmax  &=&  -7.0000E-01 [cm]
  ymin  &=&   1.3500E+00 [cm]
  ymax  &=&   1.4500E+00 [cm]
e:

#------------------------------------------------------------------------------
 newpage:
#   no. = 32   ix  =  1   iy  = 32
#   x = (  -8.0000E-01  -  -7.0000E-01  )
#   y = (   1.4500E+00  -   1.5500E+00  )

x: z[cm]
y: Dose [Gy/source]      
p: xlin ylog afac(0.8) form(0.9)
h: n            x            y(proton  ),hh0l n 
#  z-lower      z-upper        proton    r.err 
   9.8455E+01   9.8486E+01   3.7277E-01  0.0183
   9.8486E+01   9.8517E+01   3.8161E-01  0.0193
   9.8517E+01   9.8549E+01   3.6199E-01  0.0209
   9.8549E+01   9.8580E+01   3.4859E-01  0.0236

#   sum over    1.2500E-03   3.6624E-01  0.0177

'no. = 32,  ix =  1,  iy = 32'
msuc: {\huge Histograma dosis-volumen del pouch}
msdr: {\it plotted by \ANGEL \version}
msdl: {\it calculated by \PHITS  3.35}
wt: s(0.7)
\vspace{-3}
  xmin  &=&  -8.0000E-01 [cm]
  xmax  &=&  -7.0000E-01 [cm]
  ymin  &=&   1.4500E+00 [cm]
  ymax  &=&   1.5500E+00 [cm]
e:

#------------------------------------------------------------------------------
 newpage:
#   no. = 33   ix  =  1   iy  = 33
#   x = (  -8.0000E-01  -  -7.0000E-01  )
#   y = (   1.5500E+00  -   1.6500E+00  )

x: z[cm]
y: Dose [Gy/source]      
p: xlin ylog afac(0.8) form(0.9)
h: n            x            y(proton  ),hh0l n 
#  z-lower      z-upper        proton    r.err 
   9.8455E+01   9.8486E+01   3.7960E-01  0.0181
   9.8486E+01   9.8517E+01   3.8402E-01  0.0192
   9.8517E+01   9.8549E+01   3.7576E-01  0.0204
   9.8549E+01   9.8580E+01   3.7327E-01  0.0230

#   sum over    1.2500E-03   3.7816E-01  0.0176

'no. = 33,  ix =  1,  iy = 33'
msuc: {\huge Histograma dosis-volumen del pouch}
msdr: {\it plotted by \ANGEL \version}
msdl: {\it calculated by \PHITS  3.35}
wt: s(0.7)
\vspace{-3}
  xmin  &=&  -8.0000E-01 [cm]
  xmax  &=&  -7.0000E-01 [cm]
  ymin  &=&   1.5500E+00 [cm]
  ymax  &=&   1.6500E+00 [cm]
e:

#------------------------------------------------------------------------------
 newpage:
#   no. = 34   ix  =  2   iy  =  1
#   x = (  -7.0000E-01  -  -6.0000E-01  )
#   y = (  -1.6500E+00  -  -1.5500E+00  )

x: z[cm]
y: Dose [Gy/source]      
p: xlin ylog afac(0.8) form(0.9)
h: n            x            y(proton  ),hh0l n 
#  z-lower      z-upper        proton    r.err 
   9.8455E+01   9.8486E+01   0.0000E+00  0.0000
   9.8486E+01   9.8517E+01   0.0000E+00  0.0000
   9.8517E+01   9.8549E+01   0.0000E+00  0.0000
   9.8549E+01   9.8580E+01   0.0000E+00  0.0000

#   sum over    1.2500E-03   0.0000E+00  0.0000

'no. = 34,  ix =  2,  iy =  1'
msuc: {\huge Histograma dosis-volumen del pouch}
msdr: {\it plotted by \ANGEL \version}
msdl: {\it calculated by \PHITS  3.35}
wt: s(0.7)
\vspace{-3}
  xmin  &=&  -7.0000E-01 [cm]
  xmax  &=&  -6.0000E-01 [cm]
  ymin  &=&  -1.6500E+00 [cm]
  ymax  &=&  -1.5500E+00 [cm]
e:

#------------------------------------------------------------------------------
 newpage:
#   no. = 35   ix  =  2   iy  =  2
#   x = (  -7.0000E-01  -  -6.0000E-01  )
#   y = (  -1.5500E+00  -  -1.4500E+00  )

x: z[cm]
y: Dose [Gy/source]      
p: xlin ylog afac(0.8) form(0.9)
h: n            x            y(proton  ),hh0l n 
#  z-lower      z-upper        proton    r.err 
   9.8455E+01   9.8486E+01   0.0000E+00  0.0000
   9.8486E+01   9.8517E+01   0.0000E+00  0.0000
   9.8517E+01   9.8549E+01   0.0000E+00  0.0000
   9.8549E+01   9.8580E+01   0.0000E+00  0.0000

#   sum over    1.2500E-03   0.0000E+00  0.0000

'no. = 35,  ix =  2,  iy =  2'
msuc: {\huge Histograma dosis-volumen del pouch}
msdr: {\it plotted by \ANGEL \version}
msdl: {\it calculated by \PHITS  3.35}
wt: s(0.7)
\vspace{-3}
  xmin  &=&  -7.0000E-01 [cm]
  xmax  &=&  -6.0000E-01 [cm]
  ymin  &=&  -1.5500E+00 [cm]
  ymax  &=&  -1.4500E+00 [cm]
e:

#------------------------------------------------------------------------------
 newpage:
#   no. = 36   ix  =  2   iy  =  3
#   x = (  -7.0000E-01  -  -6.0000E-01  )
#   y = (  -1.4500E+00  -  -1.3500E+00  )

x: z[cm]
y: Dose [Gy/source]      
p: xlin ylog afac(0.8) form(0.9)
h: n            x            y(proton  ),hh0l n 
#  z-lower      z-upper        proton    r.err 
   9.8455E+01   9.8486E+01   3.3790E-04  0.7757
   9.8486E+01   9.8517E+01   8.5059E-04  0.7106
   9.8517E+01   9.8549E+01   3.9900E-04  0.7535
   9.8549E+01   9.8580E+01   6.5412E-04  0.5959

#   sum over    1.2500E-03   5.6040E-04  0.6324

'no. = 36,  ix =  2,  iy =  3'
msuc: {\huge Histograma dosis-volumen del pouch}
msdr: {\it plotted by \ANGEL \version}
msdl: {\it calculated by \PHITS  3.35}
wt: s(0.7)
\vspace{-3}
  xmin  &=&  -7.0000E-01 [cm]
  xmax  &=&  -6.0000E-01 [cm]
  ymin  &=&  -1.4500E+00 [cm]
  ymax  &=&  -1.3500E+00 [cm]
e:

#------------------------------------------------------------------------------
 newpage:
#   no. = 37   ix  =  2   iy  =  4
#   x = (  -7.0000E-01  -  -6.0000E-01  )
#   y = (  -1.3500E+00  -  -1.2500E+00  )

x: z[cm]
y: Dose [Gy/source]      
p: xlin ylog afac(0.8) form(0.9)
h: n            x            y(proton  ),hh0l n 
#  z-lower      z-upper        proton    r.err 
   9.8455E+01   9.8486E+01   2.7258E-01  0.0218
   9.8486E+01   9.8517E+01   2.7200E-01  0.0229
   9.8517E+01   9.8549E+01   2.6503E-01  0.0242
   9.8549E+01   9.8580E+01   2.6796E-01  0.0275

#   sum over    1.2500E-03   2.6939E-01  0.0209

'no. = 37,  ix =  2,  iy =  4'
msuc: {\huge Histograma dosis-volumen del pouch}
msdr: {\it plotted by \ANGEL \version}
msdl: {\it calculated by \PHITS  3.35}
wt: s(0.7)
\vspace{-3}
  xmin  &=&  -7.0000E-01 [cm]
  xmax  &=&  -6.0000E-01 [cm]
  ymin  &=&  -1.3500E+00 [cm]
  ymax  &=&  -1.2500E+00 [cm]
e:

#------------------------------------------------------------------------------
 newpage:
#   no. = 38   ix  =  2   iy  =  5
#   x = (  -7.0000E-01  -  -6.0000E-01  )
#   y = (  -1.2500E+00  -  -1.1500E+00  )

x: z[cm]
y: Dose [Gy/source]      
p: xlin ylog afac(0.8) form(0.9)
h: n            x            y(proton  ),hh0l n 
#  z-lower      z-upper        proton    r.err 
   9.8455E+01   9.8486E+01   3.7746E-01  0.0182
   9.8486E+01   9.8517E+01   3.8456E-01  0.0191
   9.8517E+01   9.8549E+01   3.7146E-01  0.0206
   9.8549E+01   9.8580E+01   3.6589E-01  0.0233

#   sum over    1.2500E-03   3.7484E-01  0.0176

'no. = 38,  ix =  2,  iy =  5'
msuc: {\huge Histograma dosis-volumen del pouch}
msdr: {\it plotted by \ANGEL \version}
msdl: {\it calculated by \PHITS  3.35}
wt: s(0.7)
\vspace{-3}
  xmin  &=&  -7.0000E-01 [cm]
  xmax  &=&  -6.0000E-01 [cm]
  ymin  &=&  -1.2500E+00 [cm]
  ymax  &=&  -1.1500E+00 [cm]
e:

#------------------------------------------------------------------------------
 newpage:
#   no. = 39   ix  =  2   iy  =  6
#   x = (  -7.0000E-01  -  -6.0000E-01  )
#   y = (  -1.1500E+00  -  -1.0500E+00  )

x: z[cm]
y: Dose [Gy/source]      
p: xlin ylog afac(0.8) form(0.9)
h: n            x            y(proton  ),hh0l n 
#  z-lower      z-upper        proton    r.err 
   9.8455E+01   9.8486E+01   3.7443E-01  0.0183
   9.8486E+01   9.8517E+01   3.8592E-01  0.0192
   9.8517E+01   9.8549E+01   3.7133E-01  0.0206
   9.8549E+01   9.8580E+01   3.6187E-01  0.0234

#   sum over    1.2500E-03   3.7338E-01  0.0177

'no. = 39,  ix =  2,  iy =  6'
msuc: {\huge Histograma dosis-volumen del pouch}
msdr: {\it plotted by \ANGEL \version}
msdl: {\it calculated by \PHITS  3.35}
wt: s(0.7)
\vspace{-3}
  xmin  &=&  -7.0000E-01 [cm]
  xmax  &=&  -6.0000E-01 [cm]
  ymin  &=&  -1.1500E+00 [cm]
  ymax  &=&  -1.0500E+00 [cm]
e:

#------------------------------------------------------------------------------
 newpage:
#   no. = 40   ix  =  2   iy  =  7
#   x = (  -7.0000E-01  -  -6.0000E-01  )
#   y = (  -1.0500E+00  -  -9.5000E-01  )

x: z[cm]
y: Dose [Gy/source]      
p: xlin ylog afac(0.8) form(0.9)
h: n            x            y(proton  ),hh0l n 
#  z-lower      z-upper        proton    r.err 
   9.8455E+01   9.8486E+01   3.6410E-01  0.0186
   9.8486E+01   9.8517E+01   3.5862E-01  0.0198
   9.8517E+01   9.8549E+01   3.4665E-01  0.0213
   9.8549E+01   9.8580E+01   3.4481E-01  0.0239

#   sum over    1.2500E-03   3.5354E-01  0.0181

'no. = 40,  ix =  2,  iy =  7'
msuc: {\huge Histograma dosis-volumen del pouch}
msdr: {\it plotted by \ANGEL \version}
msdl: {\it calculated by \PHITS  3.35}
wt: s(0.7)
\vspace{-3}
  xmin  &=&  -7.0000E-01 [cm]
  xmax  &=&  -6.0000E-01 [cm]
  ymin  &=&  -1.0500E+00 [cm]
  ymax  &=&  -9.5000E-01 [cm]
e:

#------------------------------------------------------------------------------
 newpage:
#   no. = 41   ix  =  2   iy  =  8
#   x = (  -7.0000E-01  -  -6.0000E-01  )
#   y = (  -9.5000E-01  -  -8.5000E-01  )

x: z[cm]
y: Dose [Gy/source]      
p: xlin ylog afac(0.8) form(0.9)
h: n            x            y(proton  ),hh0l n 
#  z-lower      z-upper        proton    r.err 
   9.8455E+01   9.8486E+01   3.6016E-01  0.0187
   9.8486E+01   9.8517E+01   3.6502E-01  0.0197
   9.8517E+01   9.8549E+01   3.5197E-01  0.0211
   9.8549E+01   9.8580E+01   3.4304E-01  0.0238

#   sum over    1.2500E-03   3.5504E-01  0.0180

'no. = 41,  ix =  2,  iy =  8'
msuc: {\huge Histograma dosis-volumen del pouch}
msdr: {\it plotted by \ANGEL \version}
msdl: {\it calculated by \PHITS  3.35}
wt: s(0.7)
\vspace{-3}
  xmin  &=&  -7.0000E-01 [cm]
  xmax  &=&  -6.0000E-01 [cm]
  ymin  &=&  -9.5000E-01 [cm]
  ymax  &=&  -8.5000E-01 [cm]
e:

#------------------------------------------------------------------------------
 newpage:
#   no. = 42   ix  =  2   iy  =  9
#   x = (  -7.0000E-01  -  -6.0000E-01  )
#   y = (  -8.5000E-01  -  -7.5000E-01  )

x: z[cm]
y: Dose [Gy/source]      
p: xlin ylog afac(0.8) form(0.9)
h: n            x            y(proton  ),hh0l n 
#  z-lower      z-upper        proton    r.err 
   9.8455E+01   9.8486E+01   3.6637E-01  0.0187
   9.8486E+01   9.8517E+01   3.6078E-01  0.0198
   9.8517E+01   9.8549E+01   3.4777E-01  0.0213
   9.8549E+01   9.8580E+01   3.3280E-01  0.0242

#   sum over    1.2500E-03   3.5194E-01  0.0180

'no. = 42,  ix =  2,  iy =  9'
msuc: {\huge Histograma dosis-volumen del pouch}
msdr: {\it plotted by \ANGEL \version}
msdl: {\it calculated by \PHITS  3.35}
wt: s(0.7)
\vspace{-3}
  xmin  &=&  -7.0000E-01 [cm]
  xmax  &=&  -6.0000E-01 [cm]
  ymin  &=&  -8.5000E-01 [cm]
  ymax  &=&  -7.5000E-01 [cm]
e:

#------------------------------------------------------------------------------
 newpage:
#   no. = 43   ix  =  2   iy  = 10
#   x = (  -7.0000E-01  -  -6.0000E-01  )
#   y = (  -7.5000E-01  -  -6.5000E-01  )

x: z[cm]
y: Dose [Gy/source]      
p: xlin ylog afac(0.8) form(0.9)
h: n            x            y(proton  ),hh0l n 
#  z-lower      z-upper        proton    r.err 
   9.8455E+01   9.8486E+01   3.6320E-01  0.0187
   9.8486E+01   9.8517E+01   3.5958E-01  0.0197
   9.8517E+01   9.8549E+01   3.5070E-01  0.0212
   9.8549E+01   9.8580E+01   3.4162E-01  0.0238

#   sum over    1.2500E-03   3.5377E-01  0.0180

'no. = 43,  ix =  2,  iy = 10'
msuc: {\huge Histograma dosis-volumen del pouch}
msdr: {\it plotted by \ANGEL \version}
msdl: {\it calculated by \PHITS  3.35}
wt: s(0.7)
\vspace{-3}
  xmin  &=&  -7.0000E-01 [cm]
  xmax  &=&  -6.0000E-01 [cm]
  ymin  &=&  -7.5000E-01 [cm]
  ymax  &=&  -6.5000E-01 [cm]
e:

#------------------------------------------------------------------------------
 newpage:
#   no. = 44   ix  =  2   iy  = 11
#   x = (  -7.0000E-01  -  -6.0000E-01  )
#   y = (  -6.5000E-01  -  -5.5000E-01  )

x: z[cm]
y: Dose [Gy/source]      
p: xlin ylog afac(0.8) form(0.9)
h: n            x            y(proton  ),hh0l n 
#  z-lower      z-upper        proton    r.err 
   9.8455E+01   9.8486E+01   3.6181E-01  0.0185
   9.8486E+01   9.8517E+01   3.6589E-01  0.0195
   9.8517E+01   9.8549E+01   3.5102E-01  0.0211
   9.8549E+01   9.8580E+01   3.4202E-01  0.0238

#   sum over    1.2500E-03   3.5519E-01  0.0180

'no. = 44,  ix =  2,  iy = 11'
msuc: {\huge Histograma dosis-volumen del pouch}
msdr: {\it plotted by \ANGEL \version}
msdl: {\it calculated by \PHITS  3.35}
wt: s(0.7)
\vspace{-3}
  xmin  &=&  -7.0000E-01 [cm]
  xmax  &=&  -6.0000E-01 [cm]
  ymin  &=&  -6.5000E-01 [cm]
  ymax  &=&  -5.5000E-01 [cm]
e:

#------------------------------------------------------------------------------
 newpage:
#   no. = 45   ix  =  2   iy  = 12
#   x = (  -7.0000E-01  -  -6.0000E-01  )
#   y = (  -5.5000E-01  -  -4.5000E-01  )

x: z[cm]
y: Dose [Gy/source]      
p: xlin ylog afac(0.8) form(0.9)
h: n            x            y(proton  ),hh0l n 
#  z-lower      z-upper        proton    r.err 
   9.8455E+01   9.8486E+01   3.7458E-01  0.0184
   9.8486E+01   9.8517E+01   3.7966E-01  0.0194
   9.8517E+01   9.8549E+01   3.6149E-01  0.0209
   9.8549E+01   9.8580E+01   3.4944E-01  0.0236

#   sum over    1.2500E-03   3.6630E-01  0.0178

'no. = 45,  ix =  2,  iy = 12'
msuc: {\huge Histograma dosis-volumen del pouch}
msdr: {\it plotted by \ANGEL \version}
msdl: {\it calculated by \PHITS  3.35}
wt: s(0.7)
\vspace{-3}
  xmin  &=&  -7.0000E-01 [cm]
  xmax  &=&  -6.0000E-01 [cm]
  ymin  &=&  -5.5000E-01 [cm]
  ymax  &=&  -4.5000E-01 [cm]
e:

#------------------------------------------------------------------------------
 newpage:
#   no. = 46   ix  =  2   iy  = 13
#   x = (  -7.0000E-01  -  -6.0000E-01  )
#   y = (  -4.5000E-01  -  -3.5000E-01  )

x: z[cm]
y: Dose [Gy/source]      
p: xlin ylog afac(0.8) form(0.9)
h: n            x            y(proton  ),hh0l n 
#  z-lower      z-upper        proton    r.err 
   9.8455E+01   9.8486E+01   3.5258E-01  0.0188
   9.8486E+01   9.8517E+01   3.4981E-01  0.0200
   9.8517E+01   9.8549E+01   3.4217E-01  0.0215
   9.8549E+01   9.8580E+01   3.3063E-01  0.0241

#   sum over    1.2500E-03   3.4381E-01  0.0183

'no. = 46,  ix =  2,  iy = 13'
msuc: {\huge Histograma dosis-volumen del pouch}
msdr: {\it plotted by \ANGEL \version}
msdl: {\it calculated by \PHITS  3.35}
wt: s(0.7)
\vspace{-3}
  xmin  &=&  -7.0000E-01 [cm]
  xmax  &=&  -6.0000E-01 [cm]
  ymin  &=&  -4.5000E-01 [cm]
  ymax  &=&  -3.5000E-01 [cm]
e:

#------------------------------------------------------------------------------
 newpage:
#   no. = 47   ix  =  2   iy  = 14
#   x = (  -7.0000E-01  -  -6.0000E-01  )
#   y = (  -3.5000E-01  -  -2.5000E-01  )

x: z[cm]
y: Dose [Gy/source]      
p: xlin ylog afac(0.8) form(0.9)
h: n            x            y(proton  ),hh0l n 
#  z-lower      z-upper        proton    r.err 
   9.8455E+01   9.8486E+01   3.5629E-01  0.0188
   9.8486E+01   9.8517E+01   3.6135E-01  0.0197
   9.8517E+01   9.8549E+01   3.4805E-01  0.0212
   9.8549E+01   9.8580E+01   3.3087E-01  0.0241

#   sum over    1.2500E-03   3.4914E-01  0.0182

'no. = 47,  ix =  2,  iy = 14'
msuc: {\huge Histograma dosis-volumen del pouch}
msdr: {\it plotted by \ANGEL \version}
msdl: {\it calculated by \PHITS  3.35}
wt: s(0.7)
\vspace{-3}
  xmin  &=&  -7.0000E-01 [cm]
  xmax  &=&  -6.0000E-01 [cm]
  ymin  &=&  -3.5000E-01 [cm]
  ymax  &=&  -2.5000E-01 [cm]
e:

#------------------------------------------------------------------------------
 newpage:
#   no. = 48   ix  =  2   iy  = 15
#   x = (  -7.0000E-01  -  -6.0000E-01  )
#   y = (  -2.5000E-01  -  -1.5000E-01  )

x: z[cm]
y: Dose [Gy/source]      
p: xlin ylog afac(0.8) form(0.9)
h: n            x            y(proton  ),hh0l n 
#  z-lower      z-upper        proton    r.err 
   9.8455E+01   9.8486E+01   3.6402E-01  0.0186
   9.8486E+01   9.8517E+01   3.6863E-01  0.0196
   9.8517E+01   9.8549E+01   3.5530E-01  0.0211
   9.8549E+01   9.8580E+01   3.3675E-01  0.0239

#   sum over    1.2500E-03   3.5618E-01  0.0180

'no. = 48,  ix =  2,  iy = 15'
msuc: {\huge Histograma dosis-volumen del pouch}
msdr: {\it plotted by \ANGEL \version}
msdl: {\it calculated by \PHITS  3.35}
wt: s(0.7)
\vspace{-3}
  xmin  &=&  -7.0000E-01 [cm]
  xmax  &=&  -6.0000E-01 [cm]
  ymin  &=&  -2.5000E-01 [cm]
  ymax  &=&  -1.5000E-01 [cm]
e:

#------------------------------------------------------------------------------
 newpage:
#   no. = 49   ix  =  2   iy  = 16
#   x = (  -7.0000E-01  -  -6.0000E-01  )
#   y = (  -1.5000E-01  -  -5.0000E-02  )

x: z[cm]
y: Dose [Gy/source]      
p: xlin ylog afac(0.8) form(0.9)
h: n            x            y(proton  ),hh0l n 
#  z-lower      z-upper        proton    r.err 
   9.8455E+01   9.8486E+01   3.5645E-01  0.0188
   9.8486E+01   9.8517E+01   3.6004E-01  0.0199
   9.8517E+01   9.8549E+01   3.4067E-01  0.0215
   9.8549E+01   9.8580E+01   3.3273E-01  0.0241

#   sum over    1.2500E-03   3.4747E-01  0.0182

'no. = 49,  ix =  2,  iy = 16'
msuc: {\huge Histograma dosis-volumen del pouch}
msdr: {\it plotted by \ANGEL \version}
msdl: {\it calculated by \PHITS  3.35}
wt: s(0.7)
\vspace{-3}
  xmin  &=&  -7.0000E-01 [cm]
  xmax  &=&  -6.0000E-01 [cm]
  ymin  &=&  -1.5000E-01 [cm]
  ymax  &=&  -5.0000E-02 [cm]
e:

#------------------------------------------------------------------------------
 newpage:
#   no. = 50   ix  =  2   iy  = 17
#   x = (  -7.0000E-01  -  -6.0000E-01  )
#   y = (  -5.0000E-02  -   5.0000E-02  )

x: z[cm]
y: Dose [Gy/source]      
p: xlin ylog afac(0.8) form(0.9)
h: n            x            y(proton  ),hh0l n 
#  z-lower      z-upper        proton    r.err 
   9.8455E+01   9.8486E+01   3.5612E-01  0.0188
   9.8486E+01   9.8517E+01   3.6488E-01  0.0198
   9.8517E+01   9.8549E+01   3.4572E-01  0.0214
   9.8549E+01   9.8580E+01   3.2362E-01  0.0246

#   sum over    1.2500E-03   3.4758E-01  0.0183

'no. = 50,  ix =  2,  iy = 17'
msuc: {\huge Histograma dosis-volumen del pouch}
msdr: {\it plotted by \ANGEL \version}
msdl: {\it calculated by \PHITS  3.35}
wt: s(0.7)
\vspace{-3}
  xmin  &=&  -7.0000E-01 [cm]
  xmax  &=&  -6.0000E-01 [cm]
  ymin  &=&  -5.0000E-02 [cm]
  ymax  &=&   5.0000E-02 [cm]
e:

#------------------------------------------------------------------------------
 newpage:
#   no. = 51   ix  =  2   iy  = 18
#   x = (  -7.0000E-01  -  -6.0000E-01  )
#   y = (   5.0000E-02  -   1.5000E-01  )

x: z[cm]
y: Dose [Gy/source]      
p: xlin ylog afac(0.8) form(0.9)
h: n            x            y(proton  ),hh0l n 
#  z-lower      z-upper        proton    r.err 
   9.8455E+01   9.8486E+01   3.6240E-01  0.0187
   9.8486E+01   9.8517E+01   3.6273E-01  0.0197
   9.8517E+01   9.8549E+01   3.4920E-01  0.0212
   9.8549E+01   9.8580E+01   3.4188E-01  0.0239

#   sum over    1.2500E-03   3.5405E-01  0.0181

'no. = 51,  ix =  2,  iy = 18'
msuc: {\huge Histograma dosis-volumen del pouch}
msdr: {\it plotted by \ANGEL \version}
msdl: {\it calculated by \PHITS  3.35}
wt: s(0.7)
\vspace{-3}
  xmin  &=&  -7.0000E-01 [cm]
  xmax  &=&  -6.0000E-01 [cm]
  ymin  &=&   5.0000E-02 [cm]
  ymax  &=&   1.5000E-01 [cm]
e:

#------------------------------------------------------------------------------
 newpage:
#   no. = 52   ix  =  2   iy  = 19
#   x = (  -7.0000E-01  -  -6.0000E-01  )
#   y = (   1.5000E-01  -   2.5000E-01  )

x: z[cm]
y: Dose [Gy/source]      
p: xlin ylog afac(0.8) form(0.9)
h: n            x            y(proton  ),hh0l n 
#  z-lower      z-upper        proton    r.err 
   9.8455E+01   9.8486E+01   3.8331E-01  0.0182
   9.8486E+01   9.8517E+01   3.8396E-01  0.0192
   9.8517E+01   9.8549E+01   3.6689E-01  0.0206
   9.8549E+01   9.8580E+01   3.5668E-01  0.0234

#   sum over    1.2500E-03   3.7271E-01  0.0176

'no. = 52,  ix =  2,  iy = 19'
msuc: {\huge Histograma dosis-volumen del pouch}
msdr: {\it plotted by \ANGEL \version}
msdl: {\it calculated by \PHITS  3.35}
wt: s(0.7)
\vspace{-3}
  xmin  &=&  -7.0000E-01 [cm]
  xmax  &=&  -6.0000E-01 [cm]
  ymin  &=&   1.5000E-01 [cm]
  ymax  &=&   2.5000E-01 [cm]
e:

#------------------------------------------------------------------------------
 newpage:
#   no. = 53   ix  =  2   iy  = 20
#   x = (  -7.0000E-01  -  -6.0000E-01  )
#   y = (   2.5000E-01  -   3.5000E-01  )

x: z[cm]
y: Dose [Gy/source]      
p: xlin ylog afac(0.8) form(0.9)
h: n            x            y(proton  ),hh0l n 
#  z-lower      z-upper        proton    r.err 
   9.8455E+01   9.8486E+01   3.6202E-01  0.0187
   9.8486E+01   9.8517E+01   3.5733E-01  0.0198
   9.8517E+01   9.8549E+01   3.4832E-01  0.0212
   9.8549E+01   9.8580E+01   3.4055E-01  0.0238

#   sum over    1.2500E-03   3.5205E-01  0.0181

'no. = 53,  ix =  2,  iy = 20'
msuc: {\huge Histograma dosis-volumen del pouch}
msdr: {\it plotted by \ANGEL \version}
msdl: {\it calculated by \PHITS  3.35}
wt: s(0.7)
\vspace{-3}
  xmin  &=&  -7.0000E-01 [cm]
  xmax  &=&  -6.0000E-01 [cm]
  ymin  &=&   2.5000E-01 [cm]
  ymax  &=&   3.5000E-01 [cm]
e:

#------------------------------------------------------------------------------
 newpage:
#   no. = 54   ix  =  2   iy  = 21
#   x = (  -7.0000E-01  -  -6.0000E-01  )
#   y = (   3.5000E-01  -   4.5000E-01  )

x: z[cm]
y: Dose [Gy/source]      
p: xlin ylog afac(0.8) form(0.9)
h: n            x            y(proton  ),hh0l n 
#  z-lower      z-upper        proton    r.err 
   9.8455E+01   9.8486E+01   3.5770E-01  0.0187
   9.8486E+01   9.8517E+01   3.5896E-01  0.0198
   9.8517E+01   9.8549E+01   3.4542E-01  0.0213
   9.8549E+01   9.8580E+01   3.3510E-01  0.0241

#   sum over    1.2500E-03   3.4929E-01  0.0182

'no. = 54,  ix =  2,  iy = 21'
msuc: {\huge Histograma dosis-volumen del pouch}
msdr: {\it plotted by \ANGEL \version}
msdl: {\it calculated by \PHITS  3.35}
wt: s(0.7)
\vspace{-3}
  xmin  &=&  -7.0000E-01 [cm]
  xmax  &=&  -6.0000E-01 [cm]
  ymin  &=&   3.5000E-01 [cm]
  ymax  &=&   4.5000E-01 [cm]
e:

#------------------------------------------------------------------------------
 newpage:
#   no. = 55   ix  =  2   iy  = 22
#   x = (  -7.0000E-01  -  -6.0000E-01  )
#   y = (   4.5000E-01  -   5.5000E-01  )

x: z[cm]
y: Dose [Gy/source]      
p: xlin ylog afac(0.8) form(0.9)
h: n            x            y(proton  ),hh0l n 
#  z-lower      z-upper        proton    r.err 
   9.8455E+01   9.8486E+01   3.4964E-01  0.0189
   9.8486E+01   9.8517E+01   3.5174E-01  0.0200
   9.8517E+01   9.8549E+01   3.4008E-01  0.0215
   9.8549E+01   9.8580E+01   3.3181E-01  0.0242

#   sum over    1.2500E-03   3.4332E-01  0.0184

'no. = 55,  ix =  2,  iy = 22'
msuc: {\huge Histograma dosis-volumen del pouch}
msdr: {\it plotted by \ANGEL \version}
msdl: {\it calculated by \PHITS  3.35}
wt: s(0.7)
\vspace{-3}
  xmin  &=&  -7.0000E-01 [cm]
  xmax  &=&  -6.0000E-01 [cm]
  ymin  &=&   4.5000E-01 [cm]
  ymax  &=&   5.5000E-01 [cm]
e:

#------------------------------------------------------------------------------
 newpage:
#   no. = 56   ix  =  2   iy  = 23
#   x = (  -7.0000E-01  -  -6.0000E-01  )
#   y = (   5.5000E-01  -   6.5000E-01  )

x: z[cm]
y: Dose [Gy/source]      
p: xlin ylog afac(0.8) form(0.9)
h: n            x            y(proton  ),hh0l n 
#  z-lower      z-upper        proton    r.err 
   9.8455E+01   9.8486E+01   3.6368E-01  0.0187
   9.8486E+01   9.8517E+01   3.5849E-01  0.0198
   9.8517E+01   9.8549E+01   3.3958E-01  0.0214
   9.8549E+01   9.8580E+01   3.3261E-01  0.0242

#   sum over    1.2500E-03   3.4859E-01  0.0182

'no. = 56,  ix =  2,  iy = 23'
msuc: {\huge Histograma dosis-volumen del pouch}
msdr: {\it plotted by \ANGEL \version}
msdl: {\it calculated by \PHITS  3.35}
wt: s(0.7)
\vspace{-3}
  xmin  &=&  -7.0000E-01 [cm]
  xmax  &=&  -6.0000E-01 [cm]
  ymin  &=&   5.5000E-01 [cm]
  ymax  &=&   6.5000E-01 [cm]
e:

#------------------------------------------------------------------------------
 newpage:
#   no. = 57   ix  =  2   iy  = 24
#   x = (  -7.0000E-01  -  -6.0000E-01  )
#   y = (   6.5000E-01  -   7.5000E-01  )

x: z[cm]
y: Dose [Gy/source]      
p: xlin ylog afac(0.8) form(0.9)
h: n            x            y(proton  ),hh0l n 
#  z-lower      z-upper        proton    r.err 
   9.8455E+01   9.8486E+01   3.5537E-01  0.0188
   9.8486E+01   9.8517E+01   3.6419E-01  0.0198
   9.8517E+01   9.8549E+01   3.4000E-01  0.0214
   9.8549E+01   9.8580E+01   3.3604E-01  0.0240

#   sum over    1.2500E-03   3.4890E-01  0.0182

'no. = 57,  ix =  2,  iy = 24'
msuc: {\huge Histograma dosis-volumen del pouch}
msdr: {\it plotted by \ANGEL \version}
msdl: {\it calculated by \PHITS  3.35}
wt: s(0.7)
\vspace{-3}
  xmin  &=&  -7.0000E-01 [cm]
  xmax  &=&  -6.0000E-01 [cm]
  ymin  &=&   6.5000E-01 [cm]
  ymax  &=&   7.5000E-01 [cm]
e:

#------------------------------------------------------------------------------
 newpage:
#   no. = 58   ix  =  2   iy  = 25
#   x = (  -7.0000E-01  -  -6.0000E-01  )
#   y = (   7.5000E-01  -   8.5000E-01  )

x: z[cm]
y: Dose [Gy/source]      
p: xlin ylog afac(0.8) form(0.9)
h: n            x            y(proton  ),hh0l n 
#  z-lower      z-upper        proton    r.err 
   9.8455E+01   9.8486E+01   3.5409E-01  0.0187
   9.8486E+01   9.8517E+01   3.6603E-01  0.0196
   9.8517E+01   9.8549E+01   3.5415E-01  0.0211
   9.8549E+01   9.8580E+01   3.3728E-01  0.0239

#   sum over    1.2500E-03   3.5288E-01  0.0181

'no. = 58,  ix =  2,  iy = 25'
msuc: {\huge Histograma dosis-volumen del pouch}
msdr: {\it plotted by \ANGEL \version}
msdl: {\it calculated by \PHITS  3.35}
wt: s(0.7)
\vspace{-3}
  xmin  &=&  -7.0000E-01 [cm]
  xmax  &=&  -6.0000E-01 [cm]
  ymin  &=&   7.5000E-01 [cm]
  ymax  &=&   8.5000E-01 [cm]
e:

#------------------------------------------------------------------------------
 newpage:
#   no. = 59   ix  =  2   iy  = 26
#   x = (  -7.0000E-01  -  -6.0000E-01  )
#   y = (   8.5000E-01  -   9.5000E-01  )

x: z[cm]
y: Dose [Gy/source]      
p: xlin ylog afac(0.8) form(0.9)
h: n            x            y(proton  ),hh0l n 
#  z-lower      z-upper        proton    r.err 
   9.8455E+01   9.8486E+01   3.6394E-01  0.0185
   9.8486E+01   9.8517E+01   3.6928E-01  0.0196
   9.8517E+01   9.8549E+01   3.5670E-01  0.0210
   9.8549E+01   9.8580E+01   3.5170E-01  0.0237

#   sum over    1.2500E-03   3.6041E-01  0.0180

'no. = 59,  ix =  2,  iy = 26'
msuc: {\huge Histograma dosis-volumen del pouch}
msdr: {\it plotted by \ANGEL \version}
msdl: {\it calculated by \PHITS  3.35}
wt: s(0.7)
\vspace{-3}
  xmin  &=&  -7.0000E-01 [cm]
  xmax  &=&  -6.0000E-01 [cm]
  ymin  &=&   8.5000E-01 [cm]
  ymax  &=&   9.5000E-01 [cm]
e:

#------------------------------------------------------------------------------
 newpage:
#   no. = 60   ix  =  2   iy  = 27
#   x = (  -7.0000E-01  -  -6.0000E-01  )
#   y = (   9.5000E-01  -   1.0500E+00  )

x: z[cm]
y: Dose [Gy/source]      
p: xlin ylog afac(0.8) form(0.9)
h: n            x            y(proton  ),hh0l n 
#  z-lower      z-upper        proton    r.err 
   9.8455E+01   9.8486E+01   3.6500E-01  0.0185
   9.8486E+01   9.8517E+01   3.7050E-01  0.0195
   9.8517E+01   9.8549E+01   3.5080E-01  0.0210
   9.8549E+01   9.8580E+01   3.5486E-01  0.0236

#   sum over    1.2500E-03   3.6029E-01  0.0179

'no. = 60,  ix =  2,  iy = 27'
msuc: {\huge Histograma dosis-volumen del pouch}
msdr: {\it plotted by \ANGEL \version}
msdl: {\it calculated by \PHITS  3.35}
wt: s(0.7)
\vspace{-3}
  xmin  &=&  -7.0000E-01 [cm]
  xmax  &=&  -6.0000E-01 [cm]
  ymin  &=&   9.5000E-01 [cm]
  ymax  &=&   1.0500E+00 [cm]
e:

#------------------------------------------------------------------------------
 newpage:
#   no. = 61   ix  =  2   iy  = 28
#   x = (  -7.0000E-01  -  -6.0000E-01  )
#   y = (   1.0500E+00  -   1.1500E+00  )

x: z[cm]
y: Dose [Gy/source]      
p: xlin ylog afac(0.8) form(0.9)
h: n            x            y(proton  ),hh0l n 
#  z-lower      z-upper        proton    r.err 
   9.8455E+01   9.8486E+01   3.6733E-01  0.0185
   9.8486E+01   9.8517E+01   3.6799E-01  0.0195
   9.8517E+01   9.8549E+01   3.5895E-01  0.0210
   9.8549E+01   9.8580E+01   3.5284E-01  0.0237

#   sum over    1.2500E-03   3.6178E-01  0.0180

'no. = 61,  ix =  2,  iy = 28'
msuc: {\huge Histograma dosis-volumen del pouch}
msdr: {\it plotted by \ANGEL \version}
msdl: {\it calculated by \PHITS  3.35}
wt: s(0.7)
\vspace{-3}
  xmin  &=&  -7.0000E-01 [cm]
  xmax  &=&  -6.0000E-01 [cm]
  ymin  &=&   1.0500E+00 [cm]
  ymax  &=&   1.1500E+00 [cm]
e:

#------------------------------------------------------------------------------
 newpage:
#   no. = 62   ix  =  2   iy  = 29
#   x = (  -7.0000E-01  -  -6.0000E-01  )
#   y = (   1.1500E+00  -   1.2500E+00  )

x: z[cm]
y: Dose [Gy/source]      
p: xlin ylog afac(0.8) form(0.9)
h: n            x            y(proton  ),hh0l n 
#  z-lower      z-upper        proton    r.err 
   9.8455E+01   9.8486E+01   3.5340E-01  0.0189
   9.8486E+01   9.8517E+01   3.5651E-01  0.0199
   9.8517E+01   9.8549E+01   3.4428E-01  0.0214
   9.8549E+01   9.8580E+01   3.3527E-01  0.0243

#   sum over    1.2500E-03   3.4736E-01  0.0184

'no. = 62,  ix =  2,  iy = 29'
msuc: {\huge Histograma dosis-volumen del pouch}
msdr: {\it plotted by \ANGEL \version}
msdl: {\it calculated by \PHITS  3.35}
wt: s(0.7)
\vspace{-3}
  xmin  &=&  -7.0000E-01 [cm]
  xmax  &=&  -6.0000E-01 [cm]
  ymin  &=&   1.1500E+00 [cm]
  ymax  &=&   1.2500E+00 [cm]
e:

#------------------------------------------------------------------------------
 newpage:
#   no. = 63   ix  =  2   iy  = 30
#   x = (  -7.0000E-01  -  -6.0000E-01  )
#   y = (   1.2500E+00  -   1.3500E+00  )

x: z[cm]
y: Dose [Gy/source]      
p: xlin ylog afac(0.8) form(0.9)
h: n            x            y(proton  ),hh0l n 
#  z-lower      z-upper        proton    r.err 
   9.8455E+01   9.8486E+01   3.7112E-01  0.0184
   9.8486E+01   9.8517E+01   3.7256E-01  0.0194
   9.8517E+01   9.8549E+01   3.6797E-01  0.0206
   9.8549E+01   9.8580E+01   3.6852E-01  0.0233

#   sum over    1.2500E-03   3.7004E-01  0.0178

'no. = 63,  ix =  2,  iy = 30'
msuc: {\huge Histograma dosis-volumen del pouch}
msdr: {\it plotted by \ANGEL \version}
msdl: {\it calculated by \PHITS  3.35}
wt: s(0.7)
\vspace{-3}
  xmin  &=&  -7.0000E-01 [cm]
  xmax  &=&  -6.0000E-01 [cm]
  ymin  &=&   1.2500E+00 [cm]
  ymax  &=&   1.3500E+00 [cm]
e:

#------------------------------------------------------------------------------
 newpage:
#   no. = 64   ix  =  2   iy  = 31
#   x = (  -7.0000E-01  -  -6.0000E-01  )
#   y = (   1.3500E+00  -   1.4500E+00  )

x: z[cm]
y: Dose [Gy/source]      
p: xlin ylog afac(0.8) form(0.9)
h: n            x            y(proton  ),hh0l n 
#  z-lower      z-upper        proton    r.err 
   9.8455E+01   9.8486E+01   3.6801E-01  0.0183
   9.8486E+01   9.8517E+01   3.7164E-01  0.0193
   9.8517E+01   9.8549E+01   3.6783E-01  0.0206
   9.8549E+01   9.8580E+01   3.6307E-01  0.0233

#   sum over    1.2500E-03   3.6765E-01  0.0179

'no. = 64,  ix =  2,  iy = 31'
msuc: {\huge Histograma dosis-volumen del pouch}
msdr: {\it plotted by \ANGEL \version}
msdl: {\it calculated by \PHITS  3.35}
wt: s(0.7)
\vspace{-3}
  xmin  &=&  -7.0000E-01 [cm]
  xmax  &=&  -6.0000E-01 [cm]
  ymin  &=&   1.3500E+00 [cm]
  ymax  &=&   1.4500E+00 [cm]
e:

#------------------------------------------------------------------------------
 newpage:
#   no. = 65   ix  =  2   iy  = 32
#   x = (  -7.0000E-01  -  -6.0000E-01  )
#   y = (   1.4500E+00  -   1.5500E+00  )

x: z[cm]
y: Dose [Gy/source]      
p: xlin ylog afac(0.8) form(0.9)
h: n            x            y(proton  ),hh0l n 
#  z-lower      z-upper        proton    r.err 
   9.8455E+01   9.8486E+01   3.6166E-01  0.0185
   9.8486E+01   9.8517E+01   3.6574E-01  0.0195
   9.8517E+01   9.8549E+01   3.5652E-01  0.0209
   9.8549E+01   9.8580E+01   3.5696E-01  0.0236

#   sum over    1.2500E-03   3.6022E-01  0.0181

'no. = 65,  ix =  2,  iy = 32'
msuc: {\huge Histograma dosis-volumen del pouch}
msdr: {\it plotted by \ANGEL \version}
msdl: {\it calculated by \PHITS  3.35}
wt: s(0.7)
\vspace{-3}
  xmin  &=&  -7.0000E-01 [cm]
  xmax  &=&  -6.0000E-01 [cm]
  ymin  &=&   1.4500E+00 [cm]
  ymax  &=&   1.5500E+00 [cm]
e:

#------------------------------------------------------------------------------
 newpage:
#   no. = 66   ix  =  2   iy  = 33
#   x = (  -7.0000E-01  -  -6.0000E-01  )
#   y = (   1.5500E+00  -   1.6500E+00  )

x: z[cm]
y: Dose [Gy/source]      
p: xlin ylog afac(0.8) form(0.9)
h: n            x            y(proton  ),hh0l n 
#  z-lower      z-upper        proton    r.err 
   9.8455E+01   9.8486E+01   3.7711E-01  0.0183
   9.8486E+01   9.8517E+01   3.7618E-01  0.0194
   9.8517E+01   9.8549E+01   3.5771E-01  0.0209
   9.8549E+01   9.8580E+01   3.5696E-01  0.0237

#   sum over    1.2500E-03   3.6699E-01  0.0178

'no. = 66,  ix =  2,  iy = 33'
msuc: {\huge Histograma dosis-volumen del pouch}
msdr: {\it plotted by \ANGEL \version}
msdl: {\it calculated by \PHITS  3.35}
wt: s(0.7)
\vspace{-3}
  xmin  &=&  -7.0000E-01 [cm]
  xmax  &=&  -6.0000E-01 [cm]
  ymin  &=&   1.5500E+00 [cm]
  ymax  &=&   1.6500E+00 [cm]
e:

#------------------------------------------------------------------------------
 newpage:
#   no. = 67   ix  =  3   iy  =  1
#   x = (  -6.0000E-01  -  -5.0000E-01  )
#   y = (  -1.6500E+00  -  -1.5500E+00  )

x: z[cm]
y: Dose [Gy/source]      
p: xlin ylog afac(0.8) form(0.9)
h: n            x            y(proton  ),hh0l n 
#  z-lower      z-upper        proton    r.err 
   9.8455E+01   9.8486E+01   0.0000E+00  0.0000
   9.8486E+01   9.8517E+01   0.0000E+00  0.0000
   9.8517E+01   9.8549E+01   0.0000E+00  0.0000
   9.8549E+01   9.8580E+01   0.0000E+00  0.0000

#   sum over    1.2500E-03   0.0000E+00  0.0000

'no. = 67,  ix =  3,  iy =  1'
msuc: {\huge Histograma dosis-volumen del pouch}
msdr: {\it plotted by \ANGEL \version}
msdl: {\it calculated by \PHITS  3.35}
wt: s(0.7)
\vspace{-3}
  xmin  &=&  -6.0000E-01 [cm]
  xmax  &=&  -5.0000E-01 [cm]
  ymin  &=&  -1.6500E+00 [cm]
  ymax  &=&  -1.5500E+00 [cm]
e:

#------------------------------------------------------------------------------
 newpage:
#   no. = 68   ix  =  3   iy  =  2
#   x = (  -6.0000E-01  -  -5.0000E-01  )
#   y = (  -1.5500E+00  -  -1.4500E+00  )

x: z[cm]
y: Dose [Gy/source]      
p: xlin ylog afac(0.8) form(0.9)
h: n            x            y(proton  ),hh0l n 
#  z-lower      z-upper        proton    r.err 
   9.8455E+01   9.8486E+01   0.0000E+00  0.0000
   9.8486E+01   9.8517E+01   0.0000E+00  0.0000
   9.8517E+01   9.8549E+01   0.0000E+00  0.0000
   9.8549E+01   9.8580E+01   0.0000E+00  0.0000

#   sum over    1.2500E-03   0.0000E+00  0.0000

'no. = 68,  ix =  3,  iy =  2'
msuc: {\huge Histograma dosis-volumen del pouch}
msdr: {\it plotted by \ANGEL \version}
msdl: {\it calculated by \PHITS  3.35}
wt: s(0.7)
\vspace{-3}
  xmin  &=&  -6.0000E-01 [cm]
  xmax  &=&  -5.0000E-01 [cm]
  ymin  &=&  -1.5500E+00 [cm]
  ymax  &=&  -1.4500E+00 [cm]
e:

#------------------------------------------------------------------------------
 newpage:
#   no. = 69   ix  =  3   iy  =  3
#   x = (  -6.0000E-01  -  -5.0000E-01  )
#   y = (  -1.4500E+00  -  -1.3500E+00  )

x: z[cm]
y: Dose [Gy/source]      
p: xlin ylog afac(0.8) form(0.9)
h: n            x            y(proton  ),hh0l n 
#  z-lower      z-upper        proton    r.err 
   9.8455E+01   9.8486E+01   2.5331E-04  0.8213
   9.8486E+01   9.8517E+01   5.3335E-04  0.6986
   9.8517E+01   9.8549E+01   1.4439E-03  0.6329
   9.8549E+01   9.8580E+01   1.1312E-03  0.7755

#   sum over    1.2500E-03   8.4045E-04  0.5845

'no. = 69,  ix =  3,  iy =  3'
msuc: {\huge Histograma dosis-volumen del pouch}
msdr: {\it plotted by \ANGEL \version}
msdl: {\it calculated by \PHITS  3.35}
wt: s(0.7)
\vspace{-3}
  xmin  &=&  -6.0000E-01 [cm]
  xmax  &=&  -5.0000E-01 [cm]
  ymin  &=&  -1.4500E+00 [cm]
  ymax  &=&  -1.3500E+00 [cm]
e:

#------------------------------------------------------------------------------
 newpage:
#   no. = 70   ix  =  3   iy  =  4
#   x = (  -6.0000E-01  -  -5.0000E-01  )
#   y = (  -1.3500E+00  -  -1.2500E+00  )

x: z[cm]
y: Dose [Gy/source]      
p: xlin ylog afac(0.8) form(0.9)
h: n            x            y(proton  ),hh0l n 
#  z-lower      z-upper        proton    r.err 
   9.8455E+01   9.8486E+01   2.5506E-01  0.0224
   9.8486E+01   9.8517E+01   2.6050E-01  0.0235
   9.8517E+01   9.8549E+01   2.5665E-01  0.0250
   9.8549E+01   9.8580E+01   2.4658E-01  0.0280

#   sum over    1.2500E-03   2.5469E-01  0.0214

'no. = 70,  ix =  3,  iy =  4'
msuc: {\huge Histograma dosis-volumen del pouch}
msdr: {\it plotted by \ANGEL \version}
msdl: {\it calculated by \PHITS  3.35}
wt: s(0.7)
\vspace{-3}
  xmin  &=&  -6.0000E-01 [cm]
  xmax  &=&  -5.0000E-01 [cm]
  ymin  &=&  -1.3500E+00 [cm]
  ymax  &=&  -1.2500E+00 [cm]
e:

#------------------------------------------------------------------------------
 newpage:
#   no. = 71   ix  =  3   iy  =  5
#   x = (  -6.0000E-01  -  -5.0000E-01  )
#   y = (  -1.2500E+00  -  -1.1500E+00  )

x: z[cm]
y: Dose [Gy/source]      
p: xlin ylog afac(0.8) form(0.9)
h: n            x            y(proton  ),hh0l n 
#  z-lower      z-upper        proton    r.err 
   9.8455E+01   9.8486E+01   3.6113E-01  0.0185
   9.8486E+01   9.8517E+01   3.6976E-01  0.0196
   9.8517E+01   9.8549E+01   3.5676E-01  0.0210
   9.8549E+01   9.8580E+01   3.4460E-01  0.0239

#   sum over    1.2500E-03   3.5806E-01  0.0180

'no. = 71,  ix =  3,  iy =  5'
msuc: {\huge Histograma dosis-volumen del pouch}
msdr: {\it plotted by \ANGEL \version}
msdl: {\it calculated by \PHITS  3.35}
wt: s(0.7)
\vspace{-3}
  xmin  &=&  -6.0000E-01 [cm]
  xmax  &=&  -5.0000E-01 [cm]
  ymin  &=&  -1.2500E+00 [cm]
  ymax  &=&  -1.1500E+00 [cm]
e:

#------------------------------------------------------------------------------
 newpage:
#   no. = 72   ix  =  3   iy  =  6
#   x = (  -6.0000E-01  -  -5.0000E-01  )
#   y = (  -1.1500E+00  -  -1.0500E+00  )

x: z[cm]
y: Dose [Gy/source]      
p: xlin ylog afac(0.8) form(0.9)
h: n            x            y(proton  ),hh0l n 
#  z-lower      z-upper        proton    r.err 
   9.8455E+01   9.8486E+01   3.6162E-01  0.0186
   9.8486E+01   9.8517E+01   3.6027E-01  0.0198
   9.8517E+01   9.8549E+01   3.4607E-01  0.0213
   9.8549E+01   9.8580E+01   3.3397E-01  0.0242

#   sum over    1.2500E-03   3.5048E-01  0.0181

'no. = 72,  ix =  3,  iy =  6'
msuc: {\huge Histograma dosis-volumen del pouch}
msdr: {\it plotted by \ANGEL \version}
msdl: {\it calculated by \PHITS  3.35}
wt: s(0.7)
\vspace{-3}
  xmin  &=&  -6.0000E-01 [cm]
  xmax  &=&  -5.0000E-01 [cm]
  ymin  &=&  -1.1500E+00 [cm]
  ymax  &=&  -1.0500E+00 [cm]
e:

#------------------------------------------------------------------------------
 newpage:
#   no. = 73   ix  =  3   iy  =  7
#   x = (  -6.0000E-01  -  -5.0000E-01  )
#   y = (  -1.0500E+00  -  -9.5000E-01  )

x: z[cm]
y: Dose [Gy/source]      
p: xlin ylog afac(0.8) form(0.9)
h: n            x            y(proton  ),hh0l n 
#  z-lower      z-upper        proton    r.err 
   9.8455E+01   9.8486E+01   3.6661E-01  0.0186
   9.8486E+01   9.8517E+01   3.6781E-01  0.0195
   9.8517E+01   9.8549E+01   3.5534E-01  0.0211
   9.8549E+01   9.8580E+01   3.3608E-01  0.0241

#   sum over    1.2500E-03   3.5646E-01  0.0179

'no. = 73,  ix =  3,  iy =  7'
msuc: {\huge Histograma dosis-volumen del pouch}
msdr: {\it plotted by \ANGEL \version}
msdl: {\it calculated by \PHITS  3.35}
wt: s(0.7)
\vspace{-3}
  xmin  &=&  -6.0000E-01 [cm]
  xmax  &=&  -5.0000E-01 [cm]
  ymin  &=&  -1.0500E+00 [cm]
  ymax  &=&  -9.5000E-01 [cm]
e:

#------------------------------------------------------------------------------
 newpage:
#   no. = 74   ix  =  3   iy  =  8
#   x = (  -6.0000E-01  -  -5.0000E-01  )
#   y = (  -9.5000E-01  -  -8.5000E-01  )

x: z[cm]
y: Dose [Gy/source]      
p: xlin ylog afac(0.8) form(0.9)
h: n            x            y(proton  ),hh0l n 
#  z-lower      z-upper        proton    r.err 
   9.8455E+01   9.8486E+01   3.6774E-01  0.0185
   9.8486E+01   9.8517E+01   3.6507E-01  0.0197
   9.8517E+01   9.8549E+01   3.5142E-01  0.0211
   9.8549E+01   9.8580E+01   3.3994E-01  0.0239

#   sum over    1.2500E-03   3.5604E-01  0.0180

'no. = 74,  ix =  3,  iy =  8'
msuc: {\huge Histograma dosis-volumen del pouch}
msdr: {\it plotted by \ANGEL \version}
msdl: {\it calculated by \PHITS  3.35}
wt: s(0.7)
\vspace{-3}
  xmin  &=&  -6.0000E-01 [cm]
  xmax  &=&  -5.0000E-01 [cm]
  ymin  &=&  -9.5000E-01 [cm]
  ymax  &=&  -8.5000E-01 [cm]
e:

#------------------------------------------------------------------------------
 newpage:
#   no. = 75   ix  =  3   iy  =  9
#   x = (  -6.0000E-01  -  -5.0000E-01  )
#   y = (  -8.5000E-01  -  -7.5000E-01  )

x: z[cm]
y: Dose [Gy/source]      
p: xlin ylog afac(0.8) form(0.9)
h: n            x            y(proton  ),hh0l n 
#  z-lower      z-upper        proton    r.err 
   9.8455E+01   9.8486E+01   3.6947E-01  0.0185
   9.8486E+01   9.8517E+01   3.6762E-01  0.0196
   9.8517E+01   9.8549E+01   3.5548E-01  0.0210
   9.8549E+01   9.8580E+01   3.4569E-01  0.0237

#   sum over    1.2500E-03   3.5956E-01  0.0179

'no. = 75,  ix =  3,  iy =  9'
msuc: {\huge Histograma dosis-volumen del pouch}
msdr: {\it plotted by \ANGEL \version}
msdl: {\it calculated by \PHITS  3.35}
wt: s(0.7)
\vspace{-3}
  xmin  &=&  -6.0000E-01 [cm]
  xmax  &=&  -5.0000E-01 [cm]
  ymin  &=&  -8.5000E-01 [cm]
  ymax  &=&  -7.5000E-01 [cm]
e:

#------------------------------------------------------------------------------
 newpage:
#   no. = 76   ix  =  3   iy  = 10
#   x = (  -6.0000E-01  -  -5.0000E-01  )
#   y = (  -7.5000E-01  -  -6.5000E-01  )

x: z[cm]
y: Dose [Gy/source]      
p: xlin ylog afac(0.8) form(0.9)
h: n            x            y(proton  ),hh0l n 
#  z-lower      z-upper        proton    r.err 
   9.8455E+01   9.8486E+01   3.5332E-01  0.0187
   9.8486E+01   9.8517E+01   3.5858E-01  0.0199
   9.8517E+01   9.8549E+01   3.4576E-01  0.0213
   9.8549E+01   9.8580E+01   3.3282E-01  0.0241

#   sum over    1.2500E-03   3.4762E-01  0.0182

'no. = 76,  ix =  3,  iy = 10'
msuc: {\huge Histograma dosis-volumen del pouch}
msdr: {\it plotted by \ANGEL \version}
msdl: {\it calculated by \PHITS  3.35}
wt: s(0.7)
\vspace{-3}
  xmin  &=&  -6.0000E-01 [cm]
  xmax  &=&  -5.0000E-01 [cm]
  ymin  &=&  -7.5000E-01 [cm]
  ymax  &=&  -6.5000E-01 [cm]
e:

#------------------------------------------------------------------------------
 newpage:
#   no. = 77   ix  =  3   iy  = 11
#   x = (  -6.0000E-01  -  -5.0000E-01  )
#   y = (  -6.5000E-01  -  -5.5000E-01  )

x: z[cm]
y: Dose [Gy/source]      
p: xlin ylog afac(0.8) form(0.9)
h: n            x            y(proton  ),hh0l n 
#  z-lower      z-upper        proton    r.err 
   9.8455E+01   9.8486E+01   3.5595E-01  0.0188
   9.8486E+01   9.8517E+01   3.5990E-01  0.0198
   9.8517E+01   9.8549E+01   3.5028E-01  0.0211
   9.8549E+01   9.8580E+01   3.4465E-01  0.0238

#   sum over    1.2500E-03   3.5270E-01  0.0181

'no. = 77,  ix =  3,  iy = 11'
msuc: {\huge Histograma dosis-volumen del pouch}
msdr: {\it plotted by \ANGEL \version}
msdl: {\it calculated by \PHITS  3.35}
wt: s(0.7)
\vspace{-3}
  xmin  &=&  -6.0000E-01 [cm]
  xmax  &=&  -5.0000E-01 [cm]
  ymin  &=&  -6.5000E-01 [cm]
  ymax  &=&  -5.5000E-01 [cm]
e:

#------------------------------------------------------------------------------
 newpage:
#   no. = 78   ix  =  3   iy  = 12
#   x = (  -6.0000E-01  -  -5.0000E-01  )
#   y = (  -5.5000E-01  -  -4.5000E-01  )

x: z[cm]
y: Dose [Gy/source]      
p: xlin ylog afac(0.8) form(0.9)
h: n            x            y(proton  ),hh0l n 
#  z-lower      z-upper        proton    r.err 
   9.8455E+01   9.8486E+01   3.5752E-01  0.0187
   9.8486E+01   9.8517E+01   3.5950E-01  0.0197
   9.8517E+01   9.8549E+01   3.4659E-01  0.0213
   9.8549E+01   9.8580E+01   3.4314E-01  0.0239

#   sum over    1.2500E-03   3.5169E-01  0.0181

'no. = 78,  ix =  3,  iy = 12'
msuc: {\huge Histograma dosis-volumen del pouch}
msdr: {\it plotted by \ANGEL \version}
msdl: {\it calculated by \PHITS  3.35}
wt: s(0.7)
\vspace{-3}
  xmin  &=&  -6.0000E-01 [cm]
  xmax  &=&  -5.0000E-01 [cm]
  ymin  &=&  -5.5000E-01 [cm]
  ymax  &=&  -4.5000E-01 [cm]
e:

#------------------------------------------------------------------------------
 newpage:
#   no. = 79   ix  =  3   iy  = 13
#   x = (  -6.0000E-01  -  -5.0000E-01  )
#   y = (  -4.5000E-01  -  -3.5000E-01  )

x: z[cm]
y: Dose [Gy/source]      
p: xlin ylog afac(0.8) form(0.9)
h: n            x            y(proton  ),hh0l n 
#  z-lower      z-upper        proton    r.err 
   9.8455E+01   9.8486E+01   3.5835E-01  0.0187
   9.8486E+01   9.8517E+01   3.6469E-01  0.0197
   9.8517E+01   9.8549E+01   3.4778E-01  0.0212
   9.8549E+01   9.8580E+01   3.3628E-01  0.0240

#   sum over    1.2500E-03   3.5177E-01  0.0181

'no. = 79,  ix =  3,  iy = 13'
msuc: {\huge Histograma dosis-volumen del pouch}
msdr: {\it plotted by \ANGEL \version}
msdl: {\it calculated by \PHITS  3.35}
wt: s(0.7)
\vspace{-3}
  xmin  &=&  -6.0000E-01 [cm]
  xmax  &=&  -5.0000E-01 [cm]
  ymin  &=&  -4.5000E-01 [cm]
  ymax  &=&  -3.5000E-01 [cm]
e:

#------------------------------------------------------------------------------
 newpage:
#   no. = 80   ix  =  3   iy  = 14
#   x = (  -6.0000E-01  -  -5.0000E-01  )
#   y = (  -3.5000E-01  -  -2.5000E-01  )

x: z[cm]
y: Dose [Gy/source]      
p: xlin ylog afac(0.8) form(0.9)
h: n            x            y(proton  ),hh0l n 
#  z-lower      z-upper        proton    r.err 
   9.8455E+01   9.8486E+01   3.7535E-01  0.0184
   9.8486E+01   9.8517E+01   3.7329E-01  0.0195
   9.8517E+01   9.8549E+01   3.5041E-01  0.0211
   9.8549E+01   9.8580E+01   3.4204E-01  0.0238

#   sum over    1.2500E-03   3.6027E-01  0.0179

'no. = 80,  ix =  3,  iy = 14'
msuc: {\huge Histograma dosis-volumen del pouch}
msdr: {\it plotted by \ANGEL \version}
msdl: {\it calculated by \PHITS  3.35}
wt: s(0.7)
\vspace{-3}
  xmin  &=&  -6.0000E-01 [cm]
  xmax  &=&  -5.0000E-01 [cm]
  ymin  &=&  -3.5000E-01 [cm]
  ymax  &=&  -2.5000E-01 [cm]
e:

#------------------------------------------------------------------------------
 newpage:
#   no. = 81   ix  =  3   iy  = 15
#   x = (  -6.0000E-01  -  -5.0000E-01  )
#   y = (  -2.5000E-01  -  -1.5000E-01  )

x: z[cm]
y: Dose [Gy/source]      
p: xlin ylog afac(0.8) form(0.9)
h: n            x            y(proton  ),hh0l n 
#  z-lower      z-upper        proton    r.err 
   9.8455E+01   9.8486E+01   3.6321E-01  0.0187
   9.8486E+01   9.8517E+01   3.6288E-01  0.0197
   9.8517E+01   9.8549E+01   3.4702E-01  0.0212
   9.8549E+01   9.8580E+01   3.3636E-01  0.0241

#   sum over    1.2500E-03   3.5237E-01  0.0181

'no. = 81,  ix =  3,  iy = 15'
msuc: {\huge Histograma dosis-volumen del pouch}
msdr: {\it plotted by \ANGEL \version}
msdl: {\it calculated by \PHITS  3.35}
wt: s(0.7)
\vspace{-3}
  xmin  &=&  -6.0000E-01 [cm]
  xmax  &=&  -5.0000E-01 [cm]
  ymin  &=&  -2.5000E-01 [cm]
  ymax  &=&  -1.5000E-01 [cm]
e:

#------------------------------------------------------------------------------
 newpage:
#   no. = 82   ix  =  3   iy  = 16
#   x = (  -6.0000E-01  -  -5.0000E-01  )
#   y = (  -1.5000E-01  -  -5.0000E-02  )

x: z[cm]
y: Dose [Gy/source]      
p: xlin ylog afac(0.8) form(0.9)
h: n            x            y(proton  ),hh0l n 
#  z-lower      z-upper        proton    r.err 
   9.8455E+01   9.8486E+01   3.5918E-01  0.0188
   9.8486E+01   9.8517E+01   3.6079E-01  0.0198
   9.8517E+01   9.8549E+01   3.3745E-01  0.0216
   9.8549E+01   9.8580E+01   3.2397E-01  0.0244

#   sum over    1.2500E-03   3.4535E-01  0.0182

'no. = 82,  ix =  3,  iy = 16'
msuc: {\huge Histograma dosis-volumen del pouch}
msdr: {\it plotted by \ANGEL \version}
msdl: {\it calculated by \PHITS  3.35}
wt: s(0.7)
\vspace{-3}
  xmin  &=&  -6.0000E-01 [cm]
  xmax  &=&  -5.0000E-01 [cm]
  ymin  &=&  -1.5000E-01 [cm]
  ymax  &=&  -5.0000E-02 [cm]
e:

#------------------------------------------------------------------------------
 newpage:
#   no. = 83   ix  =  3   iy  = 17
#   x = (  -6.0000E-01  -  -5.0000E-01  )
#   y = (  -5.0000E-02  -   5.0000E-02  )

x: z[cm]
y: Dose [Gy/source]      
p: xlin ylog afac(0.8) form(0.9)
h: n            x            y(proton  ),hh0l n 
#  z-lower      z-upper        proton    r.err 
   9.8455E+01   9.8486E+01   3.6043E-01  0.0186
   9.8486E+01   9.8517E+01   3.6024E-01  0.0196
   9.8517E+01   9.8549E+01   3.4977E-01  0.0211
   9.8549E+01   9.8580E+01   3.4007E-01  0.0240

#   sum over    1.2500E-03   3.5263E-01  0.0181

'no. = 83,  ix =  3,  iy = 17'
msuc: {\huge Histograma dosis-volumen del pouch}
msdr: {\it plotted by \ANGEL \version}
msdl: {\it calculated by \PHITS  3.35}
wt: s(0.7)
\vspace{-3}
  xmin  &=&  -6.0000E-01 [cm]
  xmax  &=&  -5.0000E-01 [cm]
  ymin  &=&  -5.0000E-02 [cm]
  ymax  &=&   5.0000E-02 [cm]
e:

#------------------------------------------------------------------------------
 newpage:
#   no. = 84   ix  =  3   iy  = 18
#   x = (  -6.0000E-01  -  -5.0000E-01  )
#   y = (   5.0000E-02  -   1.5000E-01  )

x: z[cm]
y: Dose [Gy/source]      
p: xlin ylog afac(0.8) form(0.9)
h: n            x            y(proton  ),hh0l n 
#  z-lower      z-upper        proton    r.err 
   9.8455E+01   9.8486E+01   3.6583E-01  0.0184
   9.8486E+01   9.8517E+01   3.6709E-01  0.0194
   9.8517E+01   9.8549E+01   3.5923E-01  0.0209
   9.8549E+01   9.8580E+01   3.4972E-01  0.0235

#   sum over    1.2500E-03   3.6047E-01  0.0179

'no. = 84,  ix =  3,  iy = 18'
msuc: {\huge Histograma dosis-volumen del pouch}
msdr: {\it plotted by \ANGEL \version}
msdl: {\it calculated by \PHITS  3.35}
wt: s(0.7)
\vspace{-3}
  xmin  &=&  -6.0000E-01 [cm]
  xmax  &=&  -5.0000E-01 [cm]
  ymin  &=&   5.0000E-02 [cm]
  ymax  &=&   1.5000E-01 [cm]
e:

#------------------------------------------------------------------------------
 newpage:
#   no. = 85   ix  =  3   iy  = 19
#   x = (  -6.0000E-01  -  -5.0000E-01  )
#   y = (   1.5000E-01  -   2.5000E-01  )

x: z[cm]
y: Dose [Gy/source]      
p: xlin ylog afac(0.8) form(0.9)
h: n            x            y(proton  ),hh0l n 
#  z-lower      z-upper        proton    r.err 
   9.8455E+01   9.8486E+01   3.5126E-01  0.0190
   9.8486E+01   9.8517E+01   3.4859E-01  0.0201
   9.8517E+01   9.8549E+01   3.3779E-01  0.0217
   9.8549E+01   9.8580E+01   3.1856E-01  0.0246

#   sum over    1.2500E-03   3.3904E-01  0.0183

'no. = 85,  ix =  3,  iy = 19'
msuc: {\huge Histograma dosis-volumen del pouch}
msdr: {\it plotted by \ANGEL \version}
msdl: {\it calculated by \PHITS  3.35}
wt: s(0.7)
\vspace{-3}
  xmin  &=&  -6.0000E-01 [cm]
  xmax  &=&  -5.0000E-01 [cm]
  ymin  &=&   1.5000E-01 [cm]
  ymax  &=&   2.5000E-01 [cm]
e:

#------------------------------------------------------------------------------
 newpage:
#   no. = 86   ix  =  3   iy  = 20
#   x = (  -6.0000E-01  -  -5.0000E-01  )
#   y = (   2.5000E-01  -   3.5000E-01  )

x: z[cm]
y: Dose [Gy/source]      
p: xlin ylog afac(0.8) form(0.9)
h: n            x            y(proton  ),hh0l n 
#  z-lower      z-upper        proton    r.err 
   9.8455E+01   9.8486E+01   3.6479E-01  0.0186
   9.8486E+01   9.8517E+01   3.5789E-01  0.0198
   9.8517E+01   9.8549E+01   3.4438E-01  0.0213
   9.8549E+01   9.8580E+01   3.3331E-01  0.0241

#   sum over    1.2500E-03   3.5010E-01  0.0181

'no. = 86,  ix =  3,  iy = 20'
msuc: {\huge Histograma dosis-volumen del pouch}
msdr: {\it plotted by \ANGEL \version}
msdl: {\it calculated by \PHITS  3.35}
wt: s(0.7)
\vspace{-3}
  xmin  &=&  -6.0000E-01 [cm]
  xmax  &=&  -5.0000E-01 [cm]
  ymin  &=&   2.5000E-01 [cm]
  ymax  &=&   3.5000E-01 [cm]
e:

#------------------------------------------------------------------------------
 newpage:
#   no. = 87   ix  =  3   iy  = 21
#   x = (  -6.0000E-01  -  -5.0000E-01  )
#   y = (   3.5000E-01  -   4.5000E-01  )

x: z[cm]
y: Dose [Gy/source]      
p: xlin ylog afac(0.8) form(0.9)
h: n            x            y(proton  ),hh0l n 
#  z-lower      z-upper        proton    r.err 
   9.8455E+01   9.8486E+01   3.5623E-01  0.0189
   9.8486E+01   9.8517E+01   3.6382E-01  0.0198
   9.8517E+01   9.8549E+01   3.3977E-01  0.0214
   9.8549E+01   9.8580E+01   3.2636E-01  0.0244

#   sum over    1.2500E-03   3.4655E-01  0.0182

'no. = 87,  ix =  3,  iy = 21'
msuc: {\huge Histograma dosis-volumen del pouch}
msdr: {\it plotted by \ANGEL \version}
msdl: {\it calculated by \PHITS  3.35}
wt: s(0.7)
\vspace{-3}
  xmin  &=&  -6.0000E-01 [cm]
  xmax  &=&  -5.0000E-01 [cm]
  ymin  &=&   3.5000E-01 [cm]
  ymax  &=&   4.5000E-01 [cm]
e:

#------------------------------------------------------------------------------
 newpage:
#   no. = 88   ix  =  3   iy  = 22
#   x = (  -6.0000E-01  -  -5.0000E-01  )
#   y = (   4.5000E-01  -   5.5000E-01  )

x: z[cm]
y: Dose [Gy/source]      
p: xlin ylog afac(0.8) form(0.9)
h: n            x            y(proton  ),hh0l n 
#  z-lower      z-upper        proton    r.err 
   9.8455E+01   9.8486E+01   3.6080E-01  0.0188
   9.8486E+01   9.8517E+01   3.6237E-01  0.0198
   9.8517E+01   9.8549E+01   3.4146E-01  0.0214
   9.8549E+01   9.8580E+01   3.2933E-01  0.0243

#   sum over    1.2500E-03   3.4849E-01  0.0181

'no. = 88,  ix =  3,  iy = 22'
msuc: {\huge Histograma dosis-volumen del pouch}
msdr: {\it plotted by \ANGEL \version}
msdl: {\it calculated by \PHITS  3.35}
wt: s(0.7)
\vspace{-3}
  xmin  &=&  -6.0000E-01 [cm]
  xmax  &=&  -5.0000E-01 [cm]
  ymin  &=&   4.5000E-01 [cm]
  ymax  &=&   5.5000E-01 [cm]
e:

#------------------------------------------------------------------------------
 newpage:
#   no. = 89   ix  =  3   iy  = 23
#   x = (  -6.0000E-01  -  -5.0000E-01  )
#   y = (   5.5000E-01  -   6.5000E-01  )

x: z[cm]
y: Dose [Gy/source]      
p: xlin ylog afac(0.8) form(0.9)
h: n            x            y(proton  ),hh0l n 
#  z-lower      z-upper        proton    r.err 
   9.8455E+01   9.8486E+01   3.5670E-01  0.0187
   9.8486E+01   9.8517E+01   3.6426E-01  0.0197
   9.8517E+01   9.8549E+01   3.5592E-01  0.0211
   9.8549E+01   9.8580E+01   3.3916E-01  0.0239

#   sum over    1.2500E-03   3.5401E-01  0.0180

'no. = 89,  ix =  3,  iy = 23'
msuc: {\huge Histograma dosis-volumen del pouch}
msdr: {\it plotted by \ANGEL \version}
msdl: {\it calculated by \PHITS  3.35}
wt: s(0.7)
\vspace{-3}
  xmin  &=&  -6.0000E-01 [cm]
  xmax  &=&  -5.0000E-01 [cm]
  ymin  &=&   5.5000E-01 [cm]
  ymax  &=&   6.5000E-01 [cm]
e:

#------------------------------------------------------------------------------
 newpage:
#   no. = 90   ix  =  3   iy  = 24
#   x = (  -6.0000E-01  -  -5.0000E-01  )
#   y = (   6.5000E-01  -   7.5000E-01  )

x: z[cm]
y: Dose [Gy/source]      
p: xlin ylog afac(0.8) form(0.9)
h: n            x            y(proton  ),hh0l n 
#  z-lower      z-upper        proton    r.err 
   9.8455E+01   9.8486E+01   3.6445E-01  0.0185
   9.8486E+01   9.8517E+01   3.7195E-01  0.0196
   9.8517E+01   9.8549E+01   3.5786E-01  0.0210
   9.8549E+01   9.8580E+01   3.4490E-01  0.0237

#   sum over    1.2500E-03   3.5979E-01  0.0179

'no. = 90,  ix =  3,  iy = 24'
msuc: {\huge Histograma dosis-volumen del pouch}
msdr: {\it plotted by \ANGEL \version}
msdl: {\it calculated by \PHITS  3.35}
wt: s(0.7)
\vspace{-3}
  xmin  &=&  -6.0000E-01 [cm]
  xmax  &=&  -5.0000E-01 [cm]
  ymin  &=&   6.5000E-01 [cm]
  ymax  &=&   7.5000E-01 [cm]
e:

#------------------------------------------------------------------------------
 newpage:
#   no. = 91   ix  =  3   iy  = 25
#   x = (  -6.0000E-01  -  -5.0000E-01  )
#   y = (   7.5000E-01  -   8.5000E-01  )

x: z[cm]
y: Dose [Gy/source]      
p: xlin ylog afac(0.8) form(0.9)
h: n            x            y(proton  ),hh0l n 
#  z-lower      z-upper        proton    r.err 
   9.8455E+01   9.8486E+01   3.6720E-01  0.0185
   9.8486E+01   9.8517E+01   3.6478E-01  0.0196
   9.8517E+01   9.8549E+01   3.5109E-01  0.0211
   9.8549E+01   9.8580E+01   3.4757E-01  0.0236

#   sum over    1.2500E-03   3.5766E-01  0.0179

'no. = 91,  ix =  3,  iy = 25'
msuc: {\huge Histograma dosis-volumen del pouch}
msdr: {\it plotted by \ANGEL \version}
msdl: {\it calculated by \PHITS  3.35}
wt: s(0.7)
\vspace{-3}
  xmin  &=&  -6.0000E-01 [cm]
  xmax  &=&  -5.0000E-01 [cm]
  ymin  &=&   7.5000E-01 [cm]
  ymax  &=&   8.5000E-01 [cm]
e:

#------------------------------------------------------------------------------
 newpage:
#   no. = 92   ix  =  3   iy  = 26
#   x = (  -6.0000E-01  -  -5.0000E-01  )
#   y = (   8.5000E-01  -   9.5000E-01  )

x: z[cm]
y: Dose [Gy/source]      
p: xlin ylog afac(0.8) form(0.9)
h: n            x            y(proton  ),hh0l n 
#  z-lower      z-upper        proton    r.err 
   9.8455E+01   9.8486E+01   3.6737E-01  0.0185
   9.8486E+01   9.8517E+01   3.6895E-01  0.0196
   9.8517E+01   9.8549E+01   3.5661E-01  0.0209
   9.8549E+01   9.8580E+01   3.4477E-01  0.0238

#   sum over    1.2500E-03   3.5943E-01  0.0179

'no. = 92,  ix =  3,  iy = 26'
msuc: {\huge Histograma dosis-volumen del pouch}
msdr: {\it plotted by \ANGEL \version}
msdl: {\it calculated by \PHITS  3.35}
wt: s(0.7)
\vspace{-3}
  xmin  &=&  -6.0000E-01 [cm]
  xmax  &=&  -5.0000E-01 [cm]
  ymin  &=&   8.5000E-01 [cm]
  ymax  &=&   9.5000E-01 [cm]
e:

#------------------------------------------------------------------------------
 newpage:
#   no. = 93   ix  =  3   iy  = 27
#   x = (  -6.0000E-01  -  -5.0000E-01  )
#   y = (   9.5000E-01  -   1.0500E+00  )

x: z[cm]
y: Dose [Gy/source]      
p: xlin ylog afac(0.8) form(0.9)
h: n            x            y(proton  ),hh0l n 
#  z-lower      z-upper        proton    r.err 
   9.8455E+01   9.8486E+01   3.6011E-01  0.0187
   9.8486E+01   9.8517E+01   3.6418E-01  0.0197
   9.8517E+01   9.8549E+01   3.5061E-01  0.0212
   9.8549E+01   9.8580E+01   3.3346E-01  0.0241

#   sum over    1.2500E-03   3.5209E-01  0.0181

'no. = 93,  ix =  3,  iy = 27'
msuc: {\huge Histograma dosis-volumen del pouch}
msdr: {\it plotted by \ANGEL \version}
msdl: {\it calculated by \PHITS  3.35}
wt: s(0.7)
\vspace{-3}
  xmin  &=&  -6.0000E-01 [cm]
  xmax  &=&  -5.0000E-01 [cm]
  ymin  &=&   9.5000E-01 [cm]
  ymax  &=&   1.0500E+00 [cm]
e:

#------------------------------------------------------------------------------
 newpage:
#   no. = 94   ix  =  3   iy  = 28
#   x = (  -6.0000E-01  -  -5.0000E-01  )
#   y = (   1.0500E+00  -   1.1500E+00  )

x: z[cm]
y: Dose [Gy/source]      
p: xlin ylog afac(0.8) form(0.9)
h: n            x            y(proton  ),hh0l n 
#  z-lower      z-upper        proton    r.err 
   9.8455E+01   9.8486E+01   3.6800E-01  0.0184
   9.8486E+01   9.8517E+01   3.7648E-01  0.0194
   9.8517E+01   9.8549E+01   3.6033E-01  0.0210
   9.8549E+01   9.8580E+01   3.3985E-01  0.0239

#   sum over    1.2500E-03   3.6116E-01  0.0179

'no. = 94,  ix =  3,  iy = 28'
msuc: {\huge Histograma dosis-volumen del pouch}
msdr: {\it plotted by \ANGEL \version}
msdl: {\it calculated by \PHITS  3.35}
wt: s(0.7)
\vspace{-3}
  xmin  &=&  -6.0000E-01 [cm]
  xmax  &=&  -5.0000E-01 [cm]
  ymin  &=&   1.0500E+00 [cm]
  ymax  &=&   1.1500E+00 [cm]
e:

#------------------------------------------------------------------------------
 newpage:
#   no. = 95   ix  =  3   iy  = 29
#   x = (  -6.0000E-01  -  -5.0000E-01  )
#   y = (   1.1500E+00  -   1.2500E+00  )

x: z[cm]
y: Dose [Gy/source]      
p: xlin ylog afac(0.8) form(0.9)
h: n            x            y(proton  ),hh0l n 
#  z-lower      z-upper        proton    r.err 
   9.8455E+01   9.8486E+01   3.6099E-01  0.0186
   9.8486E+01   9.8517E+01   3.7080E-01  0.0195
   9.8517E+01   9.8549E+01   3.5760E-01  0.0209
   9.8549E+01   9.8580E+01   3.5488E-01  0.0234

#   sum over    1.2500E-03   3.6106E-01  0.0179

'no. = 95,  ix =  3,  iy = 29'
msuc: {\huge Histograma dosis-volumen del pouch}
msdr: {\it plotted by \ANGEL \version}
msdl: {\it calculated by \PHITS  3.35}
wt: s(0.7)
\vspace{-3}
  xmin  &=&  -6.0000E-01 [cm]
  xmax  &=&  -5.0000E-01 [cm]
  ymin  &=&   1.1500E+00 [cm]
  ymax  &=&   1.2500E+00 [cm]
e:

#------------------------------------------------------------------------------
 newpage:
#   no. = 96   ix  =  3   iy  = 30
#   x = (  -6.0000E-01  -  -5.0000E-01  )
#   y = (   1.2500E+00  -   1.3500E+00  )

x: z[cm]
y: Dose [Gy/source]      
p: xlin ylog afac(0.8) form(0.9)
h: n            x            y(proton  ),hh0l n 
#  z-lower      z-upper        proton    r.err 
   9.8455E+01   9.8486E+01   3.6746E-01  0.0184
   9.8486E+01   9.8517E+01   3.7559E-01  0.0193
   9.8517E+01   9.8549E+01   3.6116E-01  0.0208
   9.8549E+01   9.8580E+01   3.5810E-01  0.0235

#   sum over    1.2500E-03   3.6558E-01  0.0179

'no. = 96,  ix =  3,  iy = 30'
msuc: {\huge Histograma dosis-volumen del pouch}
msdr: {\it plotted by \ANGEL \version}
msdl: {\it calculated by \PHITS  3.35}
wt: s(0.7)
\vspace{-3}
  xmin  &=&  -6.0000E-01 [cm]
  xmax  &=&  -5.0000E-01 [cm]
  ymin  &=&   1.2500E+00 [cm]
  ymax  &=&   1.3500E+00 [cm]
e:

#------------------------------------------------------------------------------
 newpage:
#   no. = 97   ix  =  3   iy  = 31
#   x = (  -6.0000E-01  -  -5.0000E-01  )
#   y = (   1.3500E+00  -   1.4500E+00  )

x: z[cm]
y: Dose [Gy/source]      
p: xlin ylog afac(0.8) form(0.9)
h: n            x            y(proton  ),hh0l n 
#  z-lower      z-upper        proton    r.err 
   9.8455E+01   9.8486E+01   3.7103E-01  0.0184
   9.8486E+01   9.8517E+01   3.7801E-01  0.0195
   9.8517E+01   9.8549E+01   3.5304E-01  0.0212
   9.8549E+01   9.8580E+01   3.4840E-01  0.0238

#   sum over    1.2500E-03   3.6262E-01  0.0179

'no. = 97,  ix =  3,  iy = 31'
msuc: {\huge Histograma dosis-volumen del pouch}
msdr: {\it plotted by \ANGEL \version}
msdl: {\it calculated by \PHITS  3.35}
wt: s(0.7)
\vspace{-3}
  xmin  &=&  -6.0000E-01 [cm]
  xmax  &=&  -5.0000E-01 [cm]
  ymin  &=&   1.3500E+00 [cm]
  ymax  &=&   1.4500E+00 [cm]
e:

#------------------------------------------------------------------------------
 newpage:
#   no. = 98   ix  =  3   iy  = 32
#   x = (  -6.0000E-01  -  -5.0000E-01  )
#   y = (   1.4500E+00  -   1.5500E+00  )

x: z[cm]
y: Dose [Gy/source]      
p: xlin ylog afac(0.8) form(0.9)
h: n            x            y(proton  ),hh0l n 
#  z-lower      z-upper        proton    r.err 
   9.8455E+01   9.8486E+01   3.7146E-01  0.0184
   9.8486E+01   9.8517E+01   3.7123E-01  0.0194
   9.8517E+01   9.8549E+01   3.5941E-01  0.0208
   9.8549E+01   9.8580E+01   3.6061E-01  0.0234

#   sum over    1.2500E-03   3.6567E-01  0.0179

'no. = 98,  ix =  3,  iy = 32'
msuc: {\huge Histograma dosis-volumen del pouch}
msdr: {\it plotted by \ANGEL \version}
msdl: {\it calculated by \PHITS  3.35}
wt: s(0.7)
\vspace{-3}
  xmin  &=&  -6.0000E-01 [cm]
  xmax  &=&  -5.0000E-01 [cm]
  ymin  &=&   1.4500E+00 [cm]
  ymax  &=&   1.5500E+00 [cm]
e:

#------------------------------------------------------------------------------
 newpage:
#   no. = 99   ix  =  3   iy  = 33
#   x = (  -6.0000E-01  -  -5.0000E-01  )
#   y = (   1.5500E+00  -   1.6500E+00  )

x: z[cm]
y: Dose [Gy/source]      
p: xlin ylog afac(0.8) form(0.9)
h: n            x            y(proton  ),hh0l n 
#  z-lower      z-upper        proton    r.err 
   9.8455E+01   9.8486E+01   3.7200E-01  0.0184
   9.8486E+01   9.8517E+01   3.7460E-01  0.0195
   9.8517E+01   9.8549E+01   3.5782E-01  0.0208
   9.8549E+01   9.8580E+01   3.5809E-01  0.0235

#   sum over    1.2500E-03   3.6563E-01  0.0178

'no. = 99,  ix =  3,  iy = 33'
msuc: {\huge Histograma dosis-volumen del pouch}
msdr: {\it plotted by \ANGEL \version}
msdl: {\it calculated by \PHITS  3.35}
wt: s(0.7)
\vspace{-3}
  xmin  &=&  -6.0000E-01 [cm]
  xmax  &=&  -5.0000E-01 [cm]
  ymin  &=&   1.5500E+00 [cm]
  ymax  &=&   1.6500E+00 [cm]
e:

#------------------------------------------------------------------------------
 newpage:
#   no. =100   ix  =  4   iy  =  1
#   x = (  -5.0000E-01  -  -4.0000E-01  )
#   y = (  -1.6500E+00  -  -1.5500E+00  )

x: z[cm]
y: Dose [Gy/source]      
p: xlin ylog afac(0.8) form(0.9)
h: n            x            y(proton  ),hh0l n 
#  z-lower      z-upper        proton    r.err 
   9.8455E+01   9.8486E+01   0.0000E+00  0.0000
   9.8486E+01   9.8517E+01   0.0000E+00  0.0000
   9.8517E+01   9.8549E+01   2.0016E-04  1.0000
   9.8549E+01   9.8580E+01   0.0000E+00  0.0000

#   sum over    1.2500E-03   5.0042E-05  1.0000

'no. =100,  ix =  4,  iy =  1'
msuc: {\huge Histograma dosis-volumen del pouch}
msdr: {\it plotted by \ANGEL \version}
msdl: {\it calculated by \PHITS  3.35}
wt: s(0.7)
\vspace{-3}
  xmin  &=&  -5.0000E-01 [cm]
  xmax  &=&  -4.0000E-01 [cm]
  ymin  &=&  -1.6500E+00 [cm]
  ymax  &=&  -1.5500E+00 [cm]
e:

#------------------------------------------------------------------------------
 newpage:
#   no. =101   ix  =  4   iy  =  2
#   x = (  -5.0000E-01  -  -4.0000E-01  )
#   y = (  -1.5500E+00  -  -1.4500E+00  )

x: z[cm]
y: Dose [Gy/source]      
p: xlin ylog afac(0.8) form(0.9)
h: n            x            y(proton  ),hh0l n 
#  z-lower      z-upper        proton    r.err 
   9.8455E+01   9.8486E+01   0.0000E+00  0.0000
   9.8486E+01   9.8517E+01   1.2451E-04  1.0000
   9.8517E+01   9.8549E+01   1.5499E-04  1.0000
   9.8549E+01   9.8580E+01   0.0000E+00  0.0000

#   sum over    1.2500E-03   6.9877E-05  1.0000

'no. =101,  ix =  4,  iy =  2'
msuc: {\huge Histograma dosis-volumen del pouch}
msdr: {\it plotted by \ANGEL \version}
msdl: {\it calculated by \PHITS  3.35}
wt: s(0.7)
\vspace{-3}
  xmin  &=&  -5.0000E-01 [cm]
  xmax  &=&  -4.0000E-01 [cm]
  ymin  &=&  -1.5500E+00 [cm]
  ymax  &=&  -1.4500E+00 [cm]
e:

#------------------------------------------------------------------------------
 newpage:
#   no. =102   ix  =  4   iy  =  3
#   x = (  -5.0000E-01  -  -4.0000E-01  )
#   y = (  -1.4500E+00  -  -1.3500E+00  )

x: z[cm]
y: Dose [Gy/source]      
p: xlin ylog afac(0.8) form(0.9)
h: n            x            y(proton  ),hh0l n 
#  z-lower      z-upper        proton    r.err 
   9.8455E+01   9.8486E+01   2.5670E-04  1.0000
   9.8486E+01   9.8517E+01   9.3920E-05  1.0000
   9.8517E+01   9.8549E+01   0.0000E+00  0.0000
   9.8549E+01   9.8580E+01   0.0000E+00  0.0000

#   sum over    1.2500E-03   8.7655E-05  1.0000

'no. =102,  ix =  4,  iy =  3'
msuc: {\huge Histograma dosis-volumen del pouch}
msdr: {\it plotted by \ANGEL \version}
msdl: {\it calculated by \PHITS  3.35}
wt: s(0.7)
\vspace{-3}
  xmin  &=&  -5.0000E-01 [cm]
  xmax  &=&  -4.0000E-01 [cm]
  ymin  &=&  -1.4500E+00 [cm]
  ymax  &=&  -1.3500E+00 [cm]
e:

#------------------------------------------------------------------------------
 newpage:
#   no. =103   ix  =  4   iy  =  4
#   x = (  -5.0000E-01  -  -4.0000E-01  )
#   y = (  -1.3500E+00  -  -1.2500E+00  )

x: z[cm]
y: Dose [Gy/source]      
p: xlin ylog afac(0.8) form(0.9)
h: n            x            y(proton  ),hh0l n 
#  z-lower      z-upper        proton    r.err 
   9.8455E+01   9.8486E+01   2.7117E-01  0.0217
   9.8486E+01   9.8517E+01   2.7412E-01  0.0227
   9.8517E+01   9.8549E+01   2.6729E-01  0.0243
   9.8549E+01   9.8580E+01   2.5555E-01  0.0274

#   sum over    1.2500E-03   2.6703E-01  0.0209

'no. =103,  ix =  4,  iy =  4'
msuc: {\huge Histograma dosis-volumen del pouch}
msdr: {\it plotted by \ANGEL \version}
msdl: {\it calculated by \PHITS  3.35}
wt: s(0.7)
\vspace{-3}
  xmin  &=&  -5.0000E-01 [cm]
  xmax  &=&  -4.0000E-01 [cm]
  ymin  &=&  -1.3500E+00 [cm]
  ymax  &=&  -1.2500E+00 [cm]
e:

#------------------------------------------------------------------------------
 newpage:
#   no. =104   ix  =  4   iy  =  5
#   x = (  -5.0000E-01  -  -4.0000E-01  )
#   y = (  -1.2500E+00  -  -1.1500E+00  )

x: z[cm]
y: Dose [Gy/source]      
p: xlin ylog afac(0.8) form(0.9)
h: n            x            y(proton  ),hh0l n 
#  z-lower      z-upper        proton    r.err 
   9.8455E+01   9.8486E+01   3.7197E-01  0.0184
   9.8486E+01   9.8517E+01   3.7962E-01  0.0193
   9.8517E+01   9.8549E+01   3.6338E-01  0.0208
   9.8549E+01   9.8580E+01   3.5110E-01  0.0235

#   sum over    1.2500E-03   3.6652E-01  0.0178

'no. =104,  ix =  4,  iy =  5'
msuc: {\huge Histograma dosis-volumen del pouch}
msdr: {\it plotted by \ANGEL \version}
msdl: {\it calculated by \PHITS  3.35}
wt: s(0.7)
\vspace{-3}
  xmin  &=&  -5.0000E-01 [cm]
  xmax  &=&  -4.0000E-01 [cm]
  ymin  &=&  -1.2500E+00 [cm]
  ymax  &=&  -1.1500E+00 [cm]
e:

#------------------------------------------------------------------------------
 newpage:
#   no. =105   ix  =  4   iy  =  6
#   x = (  -5.0000E-01  -  -4.0000E-01  )
#   y = (  -1.1500E+00  -  -1.0500E+00  )

x: z[cm]
y: Dose [Gy/source]      
p: xlin ylog afac(0.8) form(0.9)
h: n            x            y(proton  ),hh0l n 
#  z-lower      z-upper        proton    r.err 
   9.8455E+01   9.8486E+01   3.7899E-01  0.0181
   9.8486E+01   9.8517E+01   3.8458E-01  0.0191
   9.8517E+01   9.8549E+01   3.7670E-01  0.0203
   9.8549E+01   9.8580E+01   3.6763E-01  0.0230

#   sum over    1.2500E-03   3.7697E-01  0.0175

'no. =105,  ix =  4,  iy =  6'
msuc: {\huge Histograma dosis-volumen del pouch}
msdr: {\it plotted by \ANGEL \version}
msdl: {\it calculated by \PHITS  3.35}
wt: s(0.7)
\vspace{-3}
  xmin  &=&  -5.0000E-01 [cm]
  xmax  &=&  -4.0000E-01 [cm]
  ymin  &=&  -1.1500E+00 [cm]
  ymax  &=&  -1.0500E+00 [cm]
e:

#------------------------------------------------------------------------------
 newpage:
#   no. =106   ix  =  4   iy  =  7
#   x = (  -5.0000E-01  -  -4.0000E-01  )
#   y = (  -1.0500E+00  -  -9.5000E-01  )

x: z[cm]
y: Dose [Gy/source]      
p: xlin ylog afac(0.8) form(0.9)
h: n            x            y(proton  ),hh0l n 
#  z-lower      z-upper        proton    r.err 
   9.8455E+01   9.8486E+01   3.6277E-01  0.0184
   9.8486E+01   9.8517E+01   3.7411E-01  0.0195
   9.8517E+01   9.8549E+01   3.5453E-01  0.0210
   9.8549E+01   9.8580E+01   3.4842E-01  0.0237

#   sum over    1.2500E-03   3.5996E-01  0.0179

'no. =106,  ix =  4,  iy =  7'
msuc: {\huge Histograma dosis-volumen del pouch}
msdr: {\it plotted by \ANGEL \version}
msdl: {\it calculated by \PHITS  3.35}
wt: s(0.7)
\vspace{-3}
  xmin  &=&  -5.0000E-01 [cm]
  xmax  &=&  -4.0000E-01 [cm]
  ymin  &=&  -1.0500E+00 [cm]
  ymax  &=&  -9.5000E-01 [cm]
e:

#------------------------------------------------------------------------------
 newpage:
#   no. =107   ix  =  4   iy  =  8
#   x = (  -5.0000E-01  -  -4.0000E-01  )
#   y = (  -9.5000E-01  -  -8.5000E-01  )

x: z[cm]
y: Dose [Gy/source]      
p: xlin ylog afac(0.8) form(0.9)
h: n            x            y(proton  ),hh0l n 
#  z-lower      z-upper        proton    r.err 
   9.8455E+01   9.8486E+01   3.7978E-01  0.0182
   9.8486E+01   9.8517E+01   3.8093E-01  0.0191
   9.8517E+01   9.8549E+01   3.6636E-01  0.0206
   9.8549E+01   9.8580E+01   3.6282E-01  0.0232

#   sum over    1.2500E-03   3.7247E-01  0.0176

'no. =107,  ix =  4,  iy =  8'
msuc: {\huge Histograma dosis-volumen del pouch}
msdr: {\it plotted by \ANGEL \version}
msdl: {\it calculated by \PHITS  3.35}
wt: s(0.7)
\vspace{-3}
  xmin  &=&  -5.0000E-01 [cm]
  xmax  &=&  -4.0000E-01 [cm]
  ymin  &=&  -9.5000E-01 [cm]
  ymax  &=&  -8.5000E-01 [cm]
e:

#------------------------------------------------------------------------------
 newpage:
#   no. =108   ix  =  4   iy  =  9
#   x = (  -5.0000E-01  -  -4.0000E-01  )
#   y = (  -8.5000E-01  -  -7.5000E-01  )

x: z[cm]
y: Dose [Gy/source]      
p: xlin ylog afac(0.8) form(0.9)
h: n            x            y(proton  ),hh0l n 
#  z-lower      z-upper        proton    r.err 
   9.8455E+01   9.8486E+01   3.6438E-01  0.0186
   9.8486E+01   9.8517E+01   3.6355E-01  0.0196
   9.8517E+01   9.8549E+01   3.4672E-01  0.0212
   9.8549E+01   9.8580E+01   3.4672E-01  0.0237

#   sum over    1.2500E-03   3.5535E-01  0.0180

'no. =108,  ix =  4,  iy =  9'
msuc: {\huge Histograma dosis-volumen del pouch}
msdr: {\it plotted by \ANGEL \version}
msdl: {\it calculated by \PHITS  3.35}
wt: s(0.7)
\vspace{-3}
  xmin  &=&  -5.0000E-01 [cm]
  xmax  &=&  -4.0000E-01 [cm]
  ymin  &=&  -8.5000E-01 [cm]
  ymax  &=&  -7.5000E-01 [cm]
e:

#------------------------------------------------------------------------------
 newpage:
#   no. =109   ix  =  4   iy  = 10
#   x = (  -5.0000E-01  -  -4.0000E-01  )
#   y = (  -7.5000E-01  -  -6.5000E-01  )

x: z[cm]
y: Dose [Gy/source]      
p: xlin ylog afac(0.8) form(0.9)
h: n            x            y(proton  ),hh0l n 
#  z-lower      z-upper        proton    r.err 
   9.8455E+01   9.8486E+01   3.5318E-01  0.0188
   9.8486E+01   9.8517E+01   3.5687E-01  0.0199
   9.8517E+01   9.8549E+01   3.4936E-01  0.0212
   9.8549E+01   9.8580E+01   3.3431E-01  0.0241

#   sum over    1.2500E-03   3.4843E-01  0.0182

'no. =109,  ix =  4,  iy = 10'
msuc: {\huge Histograma dosis-volumen del pouch}
msdr: {\it plotted by \ANGEL \version}
msdl: {\it calculated by \PHITS  3.35}
wt: s(0.7)
\vspace{-3}
  xmin  &=&  -5.0000E-01 [cm]
  xmax  &=&  -4.0000E-01 [cm]
  ymin  &=&  -7.5000E-01 [cm]
  ymax  &=&  -6.5000E-01 [cm]
e:

#------------------------------------------------------------------------------
 newpage:
#   no. =110   ix  =  4   iy  = 11
#   x = (  -5.0000E-01  -  -4.0000E-01  )
#   y = (  -6.5000E-01  -  -5.5000E-01  )

x: z[cm]
y: Dose [Gy/source]      
p: xlin ylog afac(0.8) form(0.9)
h: n            x            y(proton  ),hh0l n 
#  z-lower      z-upper        proton    r.err 
   9.8455E+01   9.8486E+01   3.6370E-01  0.0185
   9.8486E+01   9.8517E+01   3.7381E-01  0.0196
   9.8517E+01   9.8549E+01   3.4944E-01  0.0212
   9.8549E+01   9.8580E+01   3.3576E-01  0.0241

#   sum over    1.2500E-03   3.5567E-01  0.0180

'no. =110,  ix =  4,  iy = 11'
msuc: {\huge Histograma dosis-volumen del pouch}
msdr: {\it plotted by \ANGEL \version}
msdl: {\it calculated by \PHITS  3.35}
wt: s(0.7)
\vspace{-3}
  xmin  &=&  -5.0000E-01 [cm]
  xmax  &=&  -4.0000E-01 [cm]
  ymin  &=&  -6.5000E-01 [cm]
  ymax  &=&  -5.5000E-01 [cm]
e:

#------------------------------------------------------------------------------
 newpage:
#   no. =111   ix  =  4   iy  = 12
#   x = (  -5.0000E-01  -  -4.0000E-01  )
#   y = (  -5.5000E-01  -  -4.5000E-01  )

x: z[cm]
y: Dose [Gy/source]      
p: xlin ylog afac(0.8) form(0.9)
h: n            x            y(proton  ),hh0l n 
#  z-lower      z-upper        proton    r.err 
   9.8455E+01   9.8486E+01   3.5423E-01  0.0188
   9.8486E+01   9.8517E+01   3.6430E-01  0.0198
   9.8517E+01   9.8549E+01   3.5087E-01  0.0212
   9.8549E+01   9.8580E+01   3.2853E-01  0.0243

#   sum over    1.2500E-03   3.4948E-01  0.0181

'no. =111,  ix =  4,  iy = 12'
msuc: {\huge Histograma dosis-volumen del pouch}
msdr: {\it plotted by \ANGEL \version}
msdl: {\it calculated by \PHITS  3.35}
wt: s(0.7)
\vspace{-3}
  xmin  &=&  -5.0000E-01 [cm]
  xmax  &=&  -4.0000E-01 [cm]
  ymin  &=&  -5.5000E-01 [cm]
  ymax  &=&  -4.5000E-01 [cm]
e:

#------------------------------------------------------------------------------
 newpage:
#   no. =112   ix  =  4   iy  = 13
#   x = (  -5.0000E-01  -  -4.0000E-01  )
#   y = (  -4.5000E-01  -  -3.5000E-01  )

x: z[cm]
y: Dose [Gy/source]      
p: xlin ylog afac(0.8) form(0.9)
h: n            x            y(proton  ),hh0l n 
#  z-lower      z-upper        proton    r.err 
   9.8455E+01   9.8486E+01   3.7651E-01  0.0183
   9.8486E+01   9.8517E+01   3.7623E-01  0.0195
   9.8517E+01   9.8549E+01   3.5517E-01  0.0211
   9.8549E+01   9.8580E+01   3.3591E-01  0.0239

#   sum over    1.2500E-03   3.6096E-01  0.0177

'no. =112,  ix =  4,  iy = 13'
msuc: {\huge Histograma dosis-volumen del pouch}
msdr: {\it plotted by \ANGEL \version}
msdl: {\it calculated by \PHITS  3.35}
wt: s(0.7)
\vspace{-3}
  xmin  &=&  -5.0000E-01 [cm]
  xmax  &=&  -4.0000E-01 [cm]
  ymin  &=&  -4.5000E-01 [cm]
  ymax  &=&  -3.5000E-01 [cm]
e:

#------------------------------------------------------------------------------
 newpage:
#   no. =113   ix  =  4   iy  = 14
#   x = (  -5.0000E-01  -  -4.0000E-01  )
#   y = (  -3.5000E-01  -  -2.5000E-01  )

x: z[cm]
y: Dose [Gy/source]      
p: xlin ylog afac(0.8) form(0.9)
h: n            x            y(proton  ),hh0l n 
#  z-lower      z-upper        proton    r.err 
   9.8455E+01   9.8486E+01   3.6400E-01  0.0187
   9.8486E+01   9.8517E+01   3.6429E-01  0.0198
   9.8517E+01   9.8549E+01   3.4857E-01  0.0213
   9.8549E+01   9.8580E+01   3.2843E-01  0.0243

#   sum over    1.2500E-03   3.5132E-01  0.0181

'no. =113,  ix =  4,  iy = 14'
msuc: {\huge Histograma dosis-volumen del pouch}
msdr: {\it plotted by \ANGEL \version}
msdl: {\it calculated by \PHITS  3.35}
wt: s(0.7)
\vspace{-3}
  xmin  &=&  -5.0000E-01 [cm]
  xmax  &=&  -4.0000E-01 [cm]
  ymin  &=&  -3.5000E-01 [cm]
  ymax  &=&  -2.5000E-01 [cm]
e:

#------------------------------------------------------------------------------
 newpage:
#   no. =114   ix  =  4   iy  = 15
#   x = (  -5.0000E-01  -  -4.0000E-01  )
#   y = (  -2.5000E-01  -  -1.5000E-01  )

x: z[cm]
y: Dose [Gy/source]      
p: xlin ylog afac(0.8) form(0.9)
h: n            x            y(proton  ),hh0l n 
#  z-lower      z-upper        proton    r.err 
   9.8455E+01   9.8486E+01   3.6225E-01  0.0187
   9.8486E+01   9.8517E+01   3.6292E-01  0.0198
   9.8517E+01   9.8549E+01   3.4574E-01  0.0213
   9.8549E+01   9.8580E+01   3.3107E-01  0.0243

#   sum over    1.2500E-03   3.5049E-01  0.0182

'no. =114,  ix =  4,  iy = 15'
msuc: {\huge Histograma dosis-volumen del pouch}
msdr: {\it plotted by \ANGEL \version}
msdl: {\it calculated by \PHITS  3.35}
wt: s(0.7)
\vspace{-3}
  xmin  &=&  -5.0000E-01 [cm]
  xmax  &=&  -4.0000E-01 [cm]
  ymin  &=&  -2.5000E-01 [cm]
  ymax  &=&  -1.5000E-01 [cm]
e:

#------------------------------------------------------------------------------
 newpage:
#   no. =115   ix  =  4   iy  = 16
#   x = (  -5.0000E-01  -  -4.0000E-01  )
#   y = (  -1.5000E-01  -  -5.0000E-02  )

x: z[cm]
y: Dose [Gy/source]      
p: xlin ylog afac(0.8) form(0.9)
h: n            x            y(proton  ),hh0l n 
#  z-lower      z-upper        proton    r.err 
   9.8455E+01   9.8486E+01   3.5468E-01  0.0188
   9.8486E+01   9.8517E+01   3.5563E-01  0.0201
   9.8517E+01   9.8549E+01   3.3041E-01  0.0218
   9.8549E+01   9.8580E+01   3.1163E-01  0.0250

#   sum over    1.2500E-03   3.3810E-01  0.0184

'no. =115,  ix =  4,  iy = 16'
msuc: {\huge Histograma dosis-volumen del pouch}
msdr: {\it plotted by \ANGEL \version}
msdl: {\it calculated by \PHITS  3.35}
wt: s(0.7)
\vspace{-3}
  xmin  &=&  -5.0000E-01 [cm]
  xmax  &=&  -4.0000E-01 [cm]
  ymin  &=&  -1.5000E-01 [cm]
  ymax  &=&  -5.0000E-02 [cm]
e:

#------------------------------------------------------------------------------
 newpage:
#   no. =116   ix  =  4   iy  = 17
#   x = (  -5.0000E-01  -  -4.0000E-01  )
#   y = (  -5.0000E-02  -   5.0000E-02  )

x: z[cm]
y: Dose [Gy/source]      
p: xlin ylog afac(0.8) form(0.9)
h: n            x            y(proton  ),hh0l n 
#  z-lower      z-upper        proton    r.err 
   9.8455E+01   9.8486E+01   3.5808E-01  0.0188
   9.8486E+01   9.8517E+01   3.5444E-01  0.0199
   9.8517E+01   9.8549E+01   3.4360E-01  0.0215
   9.8549E+01   9.8580E+01   3.2599E-01  0.0244

#   sum over    1.2500E-03   3.4553E-01  0.0182

'no. =116,  ix =  4,  iy = 17'
msuc: {\huge Histograma dosis-volumen del pouch}
msdr: {\it plotted by \ANGEL \version}
msdl: {\it calculated by \PHITS  3.35}
wt: s(0.7)
\vspace{-3}
  xmin  &=&  -5.0000E-01 [cm]
  xmax  &=&  -4.0000E-01 [cm]
  ymin  &=&  -5.0000E-02 [cm]
  ymax  &=&   5.0000E-02 [cm]
e:

#------------------------------------------------------------------------------
 newpage:
#   no. =117   ix  =  4   iy  = 18
#   x = (  -5.0000E-01  -  -4.0000E-01  )
#   y = (   5.0000E-02  -   1.5000E-01  )

x: z[cm]
y: Dose [Gy/source]      
p: xlin ylog afac(0.8) form(0.9)
h: n            x            y(proton  ),hh0l n 
#  z-lower      z-upper        proton    r.err 
   9.8455E+01   9.8486E+01   3.4899E-01  0.0189
   9.8486E+01   9.8517E+01   3.5057E-01  0.0200
   9.8517E+01   9.8549E+01   3.4071E-01  0.0215
   9.8549E+01   9.8580E+01   3.3045E-01  0.0243

#   sum over    1.2500E-03   3.4268E-01  0.0184

'no. =117,  ix =  4,  iy = 18'
msuc: {\huge Histograma dosis-volumen del pouch}
msdr: {\it plotted by \ANGEL \version}
msdl: {\it calculated by \PHITS  3.35}
wt: s(0.7)
\vspace{-3}
  xmin  &=&  -5.0000E-01 [cm]
  xmax  &=&  -4.0000E-01 [cm]
  ymin  &=&   5.0000E-02 [cm]
  ymax  &=&   1.5000E-01 [cm]
e:

#------------------------------------------------------------------------------
 newpage:
#   no. =118   ix  =  4   iy  = 19
#   x = (  -5.0000E-01  -  -4.0000E-01  )
#   y = (   1.5000E-01  -   2.5000E-01  )

x: z[cm]
y: Dose [Gy/source]      
p: xlin ylog afac(0.8) form(0.9)
h: n            x            y(proton  ),hh0l n 
#  z-lower      z-upper        proton    r.err 
   9.8455E+01   9.8486E+01   3.6464E-01  0.0188
   9.8486E+01   9.8517E+01   3.5607E-01  0.0198
   9.8517E+01   9.8549E+01   3.4204E-01  0.0214
   9.8549E+01   9.8580E+01   3.3571E-01  0.0242

#   sum over    1.2500E-03   3.4961E-01  0.0182

'no. =118,  ix =  4,  iy = 19'
msuc: {\huge Histograma dosis-volumen del pouch}
msdr: {\it plotted by \ANGEL \version}
msdl: {\it calculated by \PHITS  3.35}
wt: s(0.7)
\vspace{-3}
  xmin  &=&  -5.0000E-01 [cm]
  xmax  &=&  -4.0000E-01 [cm]
  ymin  &=&   1.5000E-01 [cm]
  ymax  &=&   2.5000E-01 [cm]
e:

#------------------------------------------------------------------------------
 newpage:
#   no. =119   ix  =  4   iy  = 20
#   x = (  -5.0000E-01  -  -4.0000E-01  )
#   y = (   2.5000E-01  -   3.5000E-01  )

x: z[cm]
y: Dose [Gy/source]      
p: xlin ylog afac(0.8) form(0.9)
h: n            x            y(proton  ),hh0l n 
#  z-lower      z-upper        proton    r.err 
   9.8455E+01   9.8486E+01   3.5812E-01  0.0187
   9.8486E+01   9.8517E+01   3.6161E-01  0.0198
   9.8517E+01   9.8549E+01   3.4735E-01  0.0212
   9.8549E+01   9.8580E+01   3.3830E-01  0.0240

#   sum over    1.2500E-03   3.5135E-01  0.0181

'no. =119,  ix =  4,  iy = 20'
msuc: {\huge Histograma dosis-volumen del pouch}
msdr: {\it plotted by \ANGEL \version}
msdl: {\it calculated by \PHITS  3.35}
wt: s(0.7)
\vspace{-3}
  xmin  &=&  -5.0000E-01 [cm]
  xmax  &=&  -4.0000E-01 [cm]
  ymin  &=&   2.5000E-01 [cm]
  ymax  &=&   3.5000E-01 [cm]
e:

#------------------------------------------------------------------------------
 newpage:
#   no. =120   ix  =  4   iy  = 21
#   x = (  -5.0000E-01  -  -4.0000E-01  )
#   y = (   3.5000E-01  -   4.5000E-01  )

x: z[cm]
y: Dose [Gy/source]      
p: xlin ylog afac(0.8) form(0.9)
h: n            x            y(proton  ),hh0l n 
#  z-lower      z-upper        proton    r.err 
   9.8455E+01   9.8486E+01   3.6618E-01  0.0185
   9.8486E+01   9.8517E+01   3.6532E-01  0.0196
   9.8517E+01   9.8549E+01   3.5334E-01  0.0211
   9.8549E+01   9.8580E+01   3.4831E-01  0.0236

#   sum over    1.2500E-03   3.5829E-01  0.0180

'no. =120,  ix =  4,  iy = 21'
msuc: {\huge Histograma dosis-volumen del pouch}
msdr: {\it plotted by \ANGEL \version}
msdl: {\it calculated by \PHITS  3.35}
wt: s(0.7)
\vspace{-3}
  xmin  &=&  -5.0000E-01 [cm]
  xmax  &=&  -4.0000E-01 [cm]
  ymin  &=&   3.5000E-01 [cm]
  ymax  &=&   4.5000E-01 [cm]
e:

#------------------------------------------------------------------------------
 newpage:
#   no. =121   ix  =  4   iy  = 22
#   x = (  -5.0000E-01  -  -4.0000E-01  )
#   y = (   4.5000E-01  -   5.5000E-01  )

x: z[cm]
y: Dose [Gy/source]      
p: xlin ylog afac(0.8) form(0.9)
h: n            x            y(proton  ),hh0l n 
#  z-lower      z-upper        proton    r.err 
   9.8455E+01   9.8486E+01   3.6877E-01  0.0184
   9.8486E+01   9.8517E+01   3.6426E-01  0.0196
   9.8517E+01   9.8549E+01   3.5630E-01  0.0210
   9.8549E+01   9.8580E+01   3.4892E-01  0.0236

#   sum over    1.2500E-03   3.5956E-01  0.0179

'no. =121,  ix =  4,  iy = 22'
msuc: {\huge Histograma dosis-volumen del pouch}
msdr: {\it plotted by \ANGEL \version}
msdl: {\it calculated by \PHITS  3.35}
wt: s(0.7)
\vspace{-3}
  xmin  &=&  -5.0000E-01 [cm]
  xmax  &=&  -4.0000E-01 [cm]
  ymin  &=&   4.5000E-01 [cm]
  ymax  &=&   5.5000E-01 [cm]
e:

#------------------------------------------------------------------------------
 newpage:
#   no. =122   ix  =  4   iy  = 23
#   x = (  -5.0000E-01  -  -4.0000E-01  )
#   y = (   5.5000E-01  -   6.5000E-01  )

x: z[cm]
y: Dose [Gy/source]      
p: xlin ylog afac(0.8) form(0.9)
h: n            x            y(proton  ),hh0l n 
#  z-lower      z-upper        proton    r.err 
   9.8455E+01   9.8486E+01   3.6145E-01  0.0185
   9.8486E+01   9.8517E+01   3.6641E-01  0.0197
   9.8517E+01   9.8549E+01   3.4870E-01  0.0213
   9.8549E+01   9.8580E+01   3.4147E-01  0.0239

#   sum over    1.2500E-03   3.5451E-01  0.0181

'no. =122,  ix =  4,  iy = 23'
msuc: {\huge Histograma dosis-volumen del pouch}
msdr: {\it plotted by \ANGEL \version}
msdl: {\it calculated by \PHITS  3.35}
wt: s(0.7)
\vspace{-3}
  xmin  &=&  -5.0000E-01 [cm]
  xmax  &=&  -4.0000E-01 [cm]
  ymin  &=&   5.5000E-01 [cm]
  ymax  &=&   6.5000E-01 [cm]
e:

#------------------------------------------------------------------------------
 newpage:
#   no. =123   ix  =  4   iy  = 24
#   x = (  -5.0000E-01  -  -4.0000E-01  )
#   y = (   6.5000E-01  -   7.5000E-01  )

x: z[cm]
y: Dose [Gy/source]      
p: xlin ylog afac(0.8) form(0.9)
h: n            x            y(proton  ),hh0l n 
#  z-lower      z-upper        proton    r.err 
   9.8455E+01   9.8486E+01   3.5390E-01  0.0188
   9.8486E+01   9.8517E+01   3.5399E-01  0.0199
   9.8517E+01   9.8549E+01   3.4262E-01  0.0214
   9.8549E+01   9.8580E+01   3.3768E-01  0.0241

#   sum over    1.2500E-03   3.4705E-01  0.0183

'no. =123,  ix =  4,  iy = 24'
msuc: {\huge Histograma dosis-volumen del pouch}
msdr: {\it plotted by \ANGEL \version}
msdl: {\it calculated by \PHITS  3.35}
wt: s(0.7)
\vspace{-3}
  xmin  &=&  -5.0000E-01 [cm]
  xmax  &=&  -4.0000E-01 [cm]
  ymin  &=&   6.5000E-01 [cm]
  ymax  &=&   7.5000E-01 [cm]
e:

#------------------------------------------------------------------------------
 newpage:
#   no. =124   ix  =  4   iy  = 25
#   x = (  -5.0000E-01  -  -4.0000E-01  )
#   y = (   7.5000E-01  -   8.5000E-01  )

x: z[cm]
y: Dose [Gy/source]      
p: xlin ylog afac(0.8) form(0.9)
h: n            x            y(proton  ),hh0l n 
#  z-lower      z-upper        proton    r.err 
   9.8455E+01   9.8486E+01   3.6844E-01  0.0185
   9.8486E+01   9.8517E+01   3.7167E-01  0.0194
   9.8517E+01   9.8549E+01   3.5404E-01  0.0210
   9.8549E+01   9.8580E+01   3.4585E-01  0.0238

#   sum over    1.2500E-03   3.6000E-01  0.0179

'no. =124,  ix =  4,  iy = 25'
msuc: {\huge Histograma dosis-volumen del pouch}
msdr: {\it plotted by \ANGEL \version}
msdl: {\it calculated by \PHITS  3.35}
wt: s(0.7)
\vspace{-3}
  xmin  &=&  -5.0000E-01 [cm]
  xmax  &=&  -4.0000E-01 [cm]
  ymin  &=&   7.5000E-01 [cm]
  ymax  &=&   8.5000E-01 [cm]
e:

#------------------------------------------------------------------------------
 newpage:
#   no. =125   ix  =  4   iy  = 26
#   x = (  -5.0000E-01  -  -4.0000E-01  )
#   y = (   8.5000E-01  -   9.5000E-01  )

x: z[cm]
y: Dose [Gy/source]      
p: xlin ylog afac(0.8) form(0.9)
h: n            x            y(proton  ),hh0l n 
#  z-lower      z-upper        proton    r.err 
   9.8455E+01   9.8486E+01   3.7333E-01  0.0183
   9.8486E+01   9.8517E+01   3.7105E-01  0.0195
   9.8517E+01   9.8549E+01   3.5463E-01  0.0210
   9.8549E+01   9.8580E+01   3.4328E-01  0.0238

#   sum over    1.2500E-03   3.6057E-01  0.0179

'no. =125,  ix =  4,  iy = 26'
msuc: {\huge Histograma dosis-volumen del pouch}
msdr: {\it plotted by \ANGEL \version}
msdl: {\it calculated by \PHITS  3.35}
wt: s(0.7)
\vspace{-3}
  xmin  &=&  -5.0000E-01 [cm]
  xmax  &=&  -4.0000E-01 [cm]
  ymin  &=&   8.5000E-01 [cm]
  ymax  &=&   9.5000E-01 [cm]
e:

#------------------------------------------------------------------------------
 newpage:
#   no. =126   ix  =  4   iy  = 27
#   x = (  -5.0000E-01  -  -4.0000E-01  )
#   y = (   9.5000E-01  -   1.0500E+00  )

x: z[cm]
y: Dose [Gy/source]      
p: xlin ylog afac(0.8) form(0.9)
h: n            x            y(proton  ),hh0l n 
#  z-lower      z-upper        proton    r.err 
   9.8455E+01   9.8486E+01   3.5475E-01  0.0186
   9.8486E+01   9.8517E+01   3.6185E-01  0.0197
   9.8517E+01   9.8549E+01   3.5552E-01  0.0210
   9.8549E+01   9.8580E+01   3.4715E-01  0.0237

#   sum over    1.2500E-03   3.5481E-01  0.0180

'no. =126,  ix =  4,  iy = 27'
msuc: {\huge Histograma dosis-volumen del pouch}
msdr: {\it plotted by \ANGEL \version}
msdl: {\it calculated by \PHITS  3.35}
wt: s(0.7)
\vspace{-3}
  xmin  &=&  -5.0000E-01 [cm]
  xmax  &=&  -4.0000E-01 [cm]
  ymin  &=&   9.5000E-01 [cm]
  ymax  &=&   1.0500E+00 [cm]
e:

#------------------------------------------------------------------------------
 newpage:
#   no. =127   ix  =  4   iy  = 28
#   x = (  -5.0000E-01  -  -4.0000E-01  )
#   y = (   1.0500E+00  -   1.1500E+00  )

x: z[cm]
y: Dose [Gy/source]      
p: xlin ylog afac(0.8) form(0.9)
h: n            x            y(proton  ),hh0l n 
#  z-lower      z-upper        proton    r.err 
   9.8455E+01   9.8486E+01   3.5923E-01  0.0188
   9.8486E+01   9.8517E+01   3.5508E-01  0.0199
   9.8517E+01   9.8549E+01   3.3877E-01  0.0215
   9.8549E+01   9.8580E+01   3.3599E-01  0.0241

#   sum over    1.2500E-03   3.4727E-01  0.0182

'no. =127,  ix =  4,  iy = 28'
msuc: {\huge Histograma dosis-volumen del pouch}
msdr: {\it plotted by \ANGEL \version}
msdl: {\it calculated by \PHITS  3.35}
wt: s(0.7)
\vspace{-3}
  xmin  &=&  -5.0000E-01 [cm]
  xmax  &=&  -4.0000E-01 [cm]
  ymin  &=&   1.0500E+00 [cm]
  ymax  &=&   1.1500E+00 [cm]
e:

#------------------------------------------------------------------------------
 newpage:
#   no. =128   ix  =  4   iy  = 29
#   x = (  -5.0000E-01  -  -4.0000E-01  )
#   y = (   1.1500E+00  -   1.2500E+00  )

x: z[cm]
y: Dose [Gy/source]      
p: xlin ylog afac(0.8) form(0.9)
h: n            x            y(proton  ),hh0l n 
#  z-lower      z-upper        proton    r.err 
   9.8455E+01   9.8486E+01   3.7541E-01  0.0181
   9.8486E+01   9.8517E+01   3.8661E-01  0.0191
   9.8517E+01   9.8549E+01   3.7636E-01  0.0205
   9.8549E+01   9.8580E+01   3.6633E-01  0.0231

#   sum over    1.2500E-03   3.7617E-01  0.0176

'no. =128,  ix =  4,  iy = 29'
msuc: {\huge Histograma dosis-volumen del pouch}
msdr: {\it plotted by \ANGEL \version}
msdl: {\it calculated by \PHITS  3.35}
wt: s(0.7)
\vspace{-3}
  xmin  &=&  -5.0000E-01 [cm]
  xmax  &=&  -4.0000E-01 [cm]
  ymin  &=&   1.1500E+00 [cm]
  ymax  &=&   1.2500E+00 [cm]
e:

#------------------------------------------------------------------------------
 newpage:
#   no. =129   ix  =  4   iy  = 30
#   x = (  -5.0000E-01  -  -4.0000E-01  )
#   y = (   1.2500E+00  -   1.3500E+00  )

x: z[cm]
y: Dose [Gy/source]      
p: xlin ylog afac(0.8) form(0.9)
h: n            x            y(proton  ),hh0l n 
#  z-lower      z-upper        proton    r.err 
   9.8455E+01   9.8486E+01   3.7152E-01  0.0182
   9.8486E+01   9.8517E+01   3.7335E-01  0.0193
   9.8517E+01   9.8549E+01   3.7128E-01  0.0206
   9.8549E+01   9.8580E+01   3.6453E-01  0.0232

#   sum over    1.2500E-03   3.7017E-01  0.0177

'no. =129,  ix =  4,  iy = 30'
msuc: {\huge Histograma dosis-volumen del pouch}
msdr: {\it plotted by \ANGEL \version}
msdl: {\it calculated by \PHITS  3.35}
wt: s(0.7)
\vspace{-3}
  xmin  &=&  -5.0000E-01 [cm]
  xmax  &=&  -4.0000E-01 [cm]
  ymin  &=&   1.2500E+00 [cm]
  ymax  &=&   1.3500E+00 [cm]
e:

#------------------------------------------------------------------------------
 newpage:
#   no. =130   ix  =  4   iy  = 31
#   x = (  -5.0000E-01  -  -4.0000E-01  )
#   y = (   1.3500E+00  -   1.4500E+00  )

x: z[cm]
y: Dose [Gy/source]      
p: xlin ylog afac(0.8) form(0.9)
h: n            x            y(proton  ),hh0l n 
#  z-lower      z-upper        proton    r.err 
   9.8455E+01   9.8486E+01   3.7133E-01  0.0183
   9.8486E+01   9.8517E+01   3.7800E-01  0.0193
   9.8517E+01   9.8549E+01   3.7049E-01  0.0207
   9.8549E+01   9.8580E+01   3.5154E-01  0.0237

#   sum over    1.2500E-03   3.6784E-01  0.0178

'no. =130,  ix =  4,  iy = 31'
msuc: {\huge Histograma dosis-volumen del pouch}
msdr: {\it plotted by \ANGEL \version}
msdl: {\it calculated by \PHITS  3.35}
wt: s(0.7)
\vspace{-3}
  xmin  &=&  -5.0000E-01 [cm]
  xmax  &=&  -4.0000E-01 [cm]
  ymin  &=&   1.3500E+00 [cm]
  ymax  &=&   1.4500E+00 [cm]
e:

#------------------------------------------------------------------------------
 newpage:
#   no. =131   ix  =  4   iy  = 32
#   x = (  -5.0000E-01  -  -4.0000E-01  )
#   y = (   1.4500E+00  -   1.5500E+00  )

x: z[cm]
y: Dose [Gy/source]      
p: xlin ylog afac(0.8) form(0.9)
h: n            x            y(proton  ),hh0l n 
#  z-lower      z-upper        proton    r.err 
   9.8455E+01   9.8486E+01   3.7514E-01  0.0183
   9.8486E+01   9.8517E+01   3.7836E-01  0.0192
   9.8517E+01   9.8549E+01   3.6776E-01  0.0206
   9.8549E+01   9.8580E+01   3.6870E-01  0.0232

#   sum over    1.2500E-03   3.7249E-01  0.0177

'no. =131,  ix =  4,  iy = 32'
msuc: {\huge Histograma dosis-volumen del pouch}
msdr: {\it plotted by \ANGEL \version}
msdl: {\it calculated by \PHITS  3.35}
wt: s(0.7)
\vspace{-3}
  xmin  &=&  -5.0000E-01 [cm]
  xmax  &=&  -4.0000E-01 [cm]
  ymin  &=&   1.4500E+00 [cm]
  ymax  &=&   1.5500E+00 [cm]
e:

#------------------------------------------------------------------------------
 newpage:
#   no. =132   ix  =  4   iy  = 33
#   x = (  -5.0000E-01  -  -4.0000E-01  )
#   y = (   1.5500E+00  -   1.6500E+00  )

x: z[cm]
y: Dose [Gy/source]      
p: xlin ylog afac(0.8) form(0.9)
h: n            x            y(proton  ),hh0l n 
#  z-lower      z-upper        proton    r.err 
   9.8455E+01   9.8486E+01   3.7513E-01  0.0183
   9.8486E+01   9.8517E+01   3.7550E-01  0.0193
   9.8517E+01   9.8549E+01   3.7160E-01  0.0206
   9.8549E+01   9.8580E+01   3.5949E-01  0.0235

#   sum over    1.2500E-03   3.7044E-01  0.0178

'no. =132,  ix =  4,  iy = 33'
msuc: {\huge Histograma dosis-volumen del pouch}
msdr: {\it plotted by \ANGEL \version}
msdl: {\it calculated by \PHITS  3.35}
wt: s(0.7)
\vspace{-3}
  xmin  &=&  -5.0000E-01 [cm]
  xmax  &=&  -4.0000E-01 [cm]
  ymin  &=&   1.5500E+00 [cm]
  ymax  &=&   1.6500E+00 [cm]
e:

#------------------------------------------------------------------------------
 newpage:
#   no. =133   ix  =  5   iy  =  1
#   x = (  -4.0000E-01  -  -3.0000E-01  )
#   y = (  -1.6500E+00  -  -1.5500E+00  )

x: z[cm]
y: Dose [Gy/source]      
p: xlin ylog afac(0.8) form(0.9)
h: n            x            y(proton  ),hh0l n 
#  z-lower      z-upper        proton    r.err 
   9.8455E+01   9.8486E+01   0.0000E+00  0.0000
   9.8486E+01   9.8517E+01   0.0000E+00  0.0000
   9.8517E+01   9.8549E+01   0.0000E+00  0.0000
   9.8549E+01   9.8580E+01   0.0000E+00  0.0000

#   sum over    1.2500E-03   0.0000E+00  0.0000

'no. =133,  ix =  5,  iy =  1'
msuc: {\huge Histograma dosis-volumen del pouch}
msdr: {\it plotted by \ANGEL \version}
msdl: {\it calculated by \PHITS  3.35}
wt: s(0.7)
\vspace{-3}
  xmin  &=&  -4.0000E-01 [cm]
  xmax  &=&  -3.0000E-01 [cm]
  ymin  &=&  -1.6500E+00 [cm]
  ymax  &=&  -1.5500E+00 [cm]
e:

#------------------------------------------------------------------------------
 newpage:
#   no. =134   ix  =  5   iy  =  2
#   x = (  -4.0000E-01  -  -3.0000E-01  )
#   y = (  -1.5500E+00  -  -1.4500E+00  )

x: z[cm]
y: Dose [Gy/source]      
p: xlin ylog afac(0.8) form(0.9)
h: n            x            y(proton  ),hh0l n 
#  z-lower      z-upper        proton    r.err 
   9.8455E+01   9.8486E+01   0.0000E+00  0.0000
   9.8486E+01   9.8517E+01   0.0000E+00  0.0000
   9.8517E+01   9.8549E+01   0.0000E+00  0.0000
   9.8549E+01   9.8580E+01   0.0000E+00  0.0000

#   sum over    1.2500E-03   0.0000E+00  0.0000

'no. =134,  ix =  5,  iy =  2'
msuc: {\huge Histograma dosis-volumen del pouch}
msdr: {\it plotted by \ANGEL \version}
msdl: {\it calculated by \PHITS  3.35}
wt: s(0.7)
\vspace{-3}
  xmin  &=&  -4.0000E-01 [cm]
  xmax  &=&  -3.0000E-01 [cm]
  ymin  &=&  -1.5500E+00 [cm]
  ymax  &=&  -1.4500E+00 [cm]
e:

#------------------------------------------------------------------------------
 newpage:
#   no. =135   ix  =  5   iy  =  3
#   x = (  -4.0000E-01  -  -3.0000E-01  )
#   y = (  -1.4500E+00  -  -1.3500E+00  )

x: z[cm]
y: Dose [Gy/source]      
p: xlin ylog afac(0.8) form(0.9)
h: n            x            y(proton  ),hh0l n 
#  z-lower      z-upper        proton    r.err 
   9.8455E+01   9.8486E+01   2.0044E-04  0.7283
   9.8486E+01   9.8517E+01   1.6979E-04  1.0000
   9.8517E+01   9.8549E+01   2.7132E-04  1.0000
   9.8549E+01   9.8580E+01   0.0000E+00  0.0000

#   sum over    1.2500E-03   1.6039E-04  0.8902

'no. =135,  ix =  5,  iy =  3'
msuc: {\huge Histograma dosis-volumen del pouch}
msdr: {\it plotted by \ANGEL \version}
msdl: {\it calculated by \PHITS  3.35}
wt: s(0.7)
\vspace{-3}
  xmin  &=&  -4.0000E-01 [cm]
  xmax  &=&  -3.0000E-01 [cm]
  ymin  &=&  -1.4500E+00 [cm]
  ymax  &=&  -1.3500E+00 [cm]
e:

#------------------------------------------------------------------------------
 newpage:
#   no. =136   ix  =  5   iy  =  4
#   x = (  -4.0000E-01  -  -3.0000E-01  )
#   y = (  -1.3500E+00  -  -1.2500E+00  )

x: z[cm]
y: Dose [Gy/source]      
p: xlin ylog afac(0.8) form(0.9)
h: n            x            y(proton  ),hh0l n 
#  z-lower      z-upper        proton    r.err 
   9.8455E+01   9.8486E+01   2.6087E-01  0.0219
   9.8486E+01   9.8517E+01   2.6661E-01  0.0230
   9.8517E+01   9.8549E+01   2.5694E-01  0.0246
   9.8549E+01   9.8580E+01   2.5559E-01  0.0277

#   sum over    1.2500E-03   2.6001E-01  0.0211

'no. =136,  ix =  5,  iy =  4'
msuc: {\huge Histograma dosis-volumen del pouch}
msdr: {\it plotted by \ANGEL \version}
msdl: {\it calculated by \PHITS  3.35}
wt: s(0.7)
\vspace{-3}
  xmin  &=&  -4.0000E-01 [cm]
  xmax  &=&  -3.0000E-01 [cm]
  ymin  &=&  -1.3500E+00 [cm]
  ymax  &=&  -1.2500E+00 [cm]
e:

#------------------------------------------------------------------------------
 newpage:
#   no. =137   ix  =  5   iy  =  5
#   x = (  -4.0000E-01  -  -3.0000E-01  )
#   y = (  -1.2500E+00  -  -1.1500E+00  )

x: z[cm]
y: Dose [Gy/source]      
p: xlin ylog afac(0.8) form(0.9)
h: n            x            y(proton  ),hh0l n 
#  z-lower      z-upper        proton    r.err 
   9.8455E+01   9.8486E+01   3.7204E-01  0.0183
   9.8486E+01   9.8517E+01   3.7197E-01  0.0194
   9.8517E+01   9.8549E+01   3.6375E-01  0.0209
   9.8549E+01   9.8580E+01   3.4356E-01  0.0237

#   sum over    1.2500E-03   3.6283E-01  0.0178

'no. =137,  ix =  5,  iy =  5'
msuc: {\huge Histograma dosis-volumen del pouch}
msdr: {\it plotted by \ANGEL \version}
msdl: {\it calculated by \PHITS  3.35}
wt: s(0.7)
\vspace{-3}
  xmin  &=&  -4.0000E-01 [cm]
  xmax  &=&  -3.0000E-01 [cm]
  ymin  &=&  -1.2500E+00 [cm]
  ymax  &=&  -1.1500E+00 [cm]
e:

#------------------------------------------------------------------------------
 newpage:
#   no. =138   ix  =  5   iy  =  6
#   x = (  -4.0000E-01  -  -3.0000E-01  )
#   y = (  -1.1500E+00  -  -1.0500E+00  )

x: z[cm]
y: Dose [Gy/source]      
p: xlin ylog afac(0.8) form(0.9)
h: n            x            y(proton  ),hh0l n 
#  z-lower      z-upper        proton    r.err 
   9.8455E+01   9.8486E+01   3.5494E-01  0.0187
   9.8486E+01   9.8517E+01   3.6045E-01  0.0197
   9.8517E+01   9.8549E+01   3.5020E-01  0.0211
   9.8549E+01   9.8580E+01   3.4295E-01  0.0238

#   sum over    1.2500E-03   3.5214E-01  0.0181

'no. =138,  ix =  5,  iy =  6'
msuc: {\huge Histograma dosis-volumen del pouch}
msdr: {\it plotted by \ANGEL \version}
msdl: {\it calculated by \PHITS  3.35}
wt: s(0.7)
\vspace{-3}
  xmin  &=&  -4.0000E-01 [cm]
  xmax  &=&  -3.0000E-01 [cm]
  ymin  &=&  -1.1500E+00 [cm]
  ymax  &=&  -1.0500E+00 [cm]
e:

#------------------------------------------------------------------------------
 newpage:
#   no. =139   ix  =  5   iy  =  7
#   x = (  -4.0000E-01  -  -3.0000E-01  )
#   y = (  -1.0500E+00  -  -9.5000E-01  )

x: z[cm]
y: Dose [Gy/source]      
p: xlin ylog afac(0.8) form(0.9)
h: n            x            y(proton  ),hh0l n 
#  z-lower      z-upper        proton    r.err 
   9.8455E+01   9.8486E+01   3.5727E-01  0.0189
   9.8486E+01   9.8517E+01   3.5527E-01  0.0199
   9.8517E+01   9.8549E+01   3.3935E-01  0.0215
   9.8549E+01   9.8580E+01   3.3392E-01  0.0242

#   sum over    1.2500E-03   3.4646E-01  0.0182

'no. =139,  ix =  5,  iy =  7'
msuc: {\huge Histograma dosis-volumen del pouch}
msdr: {\it plotted by \ANGEL \version}
msdl: {\it calculated by \PHITS  3.35}
wt: s(0.7)
\vspace{-3}
  xmin  &=&  -4.0000E-01 [cm]
  xmax  &=&  -3.0000E-01 [cm]
  ymin  &=&  -1.0500E+00 [cm]
  ymax  &=&  -9.5000E-01 [cm]
e:

#------------------------------------------------------------------------------
 newpage:
#   no. =140   ix  =  5   iy  =  8
#   x = (  -4.0000E-01  -  -3.0000E-01  )
#   y = (  -9.5000E-01  -  -8.5000E-01  )

x: z[cm]
y: Dose [Gy/source]      
p: xlin ylog afac(0.8) form(0.9)
h: n            x            y(proton  ),hh0l n 
#  z-lower      z-upper        proton    r.err 
   9.8455E+01   9.8486E+01   3.6058E-01  0.0187
   9.8486E+01   9.8517E+01   3.6242E-01  0.0198
   9.8517E+01   9.8549E+01   3.4341E-01  0.0214
   9.8549E+01   9.8580E+01   3.3242E-01  0.0243

#   sum over    1.2500E-03   3.4971E-01  0.0181

'no. =140,  ix =  5,  iy =  8'
msuc: {\huge Histograma dosis-volumen del pouch}
msdr: {\it plotted by \ANGEL \version}
msdl: {\it calculated by \PHITS  3.35}
wt: s(0.7)
\vspace{-3}
  xmin  &=&  -4.0000E-01 [cm]
  xmax  &=&  -3.0000E-01 [cm]
  ymin  &=&  -9.5000E-01 [cm]
  ymax  &=&  -8.5000E-01 [cm]
e:

#------------------------------------------------------------------------------
 newpage:
#   no. =141   ix  =  5   iy  =  9
#   x = (  -4.0000E-01  -  -3.0000E-01  )
#   y = (  -8.5000E-01  -  -7.5000E-01  )

x: z[cm]
y: Dose [Gy/source]      
p: xlin ylog afac(0.8) form(0.9)
h: n            x            y(proton  ),hh0l n 
#  z-lower      z-upper        proton    r.err 
   9.8455E+01   9.8486E+01   3.6839E-01  0.0185
   9.8486E+01   9.8517E+01   3.6943E-01  0.0194
   9.8517E+01   9.8549E+01   3.5514E-01  0.0210
   9.8549E+01   9.8580E+01   3.4148E-01  0.0238

#   sum over    1.2500E-03   3.5861E-01  0.0180

'no. =141,  ix =  5,  iy =  9'
msuc: {\huge Histograma dosis-volumen del pouch}
msdr: {\it plotted by \ANGEL \version}
msdl: {\it calculated by \PHITS  3.35}
wt: s(0.7)
\vspace{-3}
  xmin  &=&  -4.0000E-01 [cm]
  xmax  &=&  -3.0000E-01 [cm]
  ymin  &=&  -8.5000E-01 [cm]
  ymax  &=&  -7.5000E-01 [cm]
e:

#------------------------------------------------------------------------------
 newpage:
#   no. =142   ix  =  5   iy  = 10
#   x = (  -4.0000E-01  -  -3.0000E-01  )
#   y = (  -7.5000E-01  -  -6.5000E-01  )

x: z[cm]
y: Dose [Gy/source]      
p: xlin ylog afac(0.8) form(0.9)
h: n            x            y(proton  ),hh0l n 
#  z-lower      z-upper        proton    r.err 
   9.8455E+01   9.8486E+01   3.6424E-01  0.0187
   9.8486E+01   9.8517E+01   3.6215E-01  0.0196
   9.8517E+01   9.8549E+01   3.4744E-01  0.0212
   9.8549E+01   9.8580E+01   3.4119E-01  0.0239

#   sum over    1.2500E-03   3.5376E-01  0.0181

'no. =142,  ix =  5,  iy = 10'
msuc: {\huge Histograma dosis-volumen del pouch}
msdr: {\it plotted by \ANGEL \version}
msdl: {\it calculated by \PHITS  3.35}
wt: s(0.7)
\vspace{-3}
  xmin  &=&  -4.0000E-01 [cm]
  xmax  &=&  -3.0000E-01 [cm]
  ymin  &=&  -7.5000E-01 [cm]
  ymax  &=&  -6.5000E-01 [cm]
e:

#------------------------------------------------------------------------------
 newpage:
#   no. =143   ix  =  5   iy  = 11
#   x = (  -4.0000E-01  -  -3.0000E-01  )
#   y = (  -6.5000E-01  -  -5.5000E-01  )

x: z[cm]
y: Dose [Gy/source]      
p: xlin ylog afac(0.8) form(0.9)
h: n            x            y(proton  ),hh0l n 
#  z-lower      z-upper        proton    r.err 
   9.8455E+01   9.8486E+01   3.6142E-01  0.0187
   9.8486E+01   9.8517E+01   3.6150E-01  0.0198
   9.8517E+01   9.8549E+01   3.4955E-01  0.0212
   9.8549E+01   9.8580E+01   3.3285E-01  0.0242

#   sum over    1.2500E-03   3.5133E-01  0.0181

'no. =143,  ix =  5,  iy = 11'
msuc: {\huge Histograma dosis-volumen del pouch}
msdr: {\it plotted by \ANGEL \version}
msdl: {\it calculated by \PHITS  3.35}
wt: s(0.7)
\vspace{-3}
  xmin  &=&  -4.0000E-01 [cm]
  xmax  &=&  -3.0000E-01 [cm]
  ymin  &=&  -6.5000E-01 [cm]
  ymax  &=&  -5.5000E-01 [cm]
e:

#------------------------------------------------------------------------------
 newpage:
#   no. =144   ix  =  5   iy  = 12
#   x = (  -4.0000E-01  -  -3.0000E-01  )
#   y = (  -5.5000E-01  -  -4.5000E-01  )

x: z[cm]
y: Dose [Gy/source]      
p: xlin ylog afac(0.8) form(0.9)
h: n            x            y(proton  ),hh0l n 
#  z-lower      z-upper        proton    r.err 
   9.8455E+01   9.8486E+01   3.6410E-01  0.0187
   9.8486E+01   9.8517E+01   3.6094E-01  0.0198
   9.8517E+01   9.8549E+01   3.4481E-01  0.0213
   9.8549E+01   9.8580E+01   3.2895E-01  0.0244

#   sum over    1.2500E-03   3.4970E-01  0.0181

'no. =144,  ix =  5,  iy = 12'
msuc: {\huge Histograma dosis-volumen del pouch}
msdr: {\it plotted by \ANGEL \version}
msdl: {\it calculated by \PHITS  3.35}
wt: s(0.7)
\vspace{-3}
  xmin  &=&  -4.0000E-01 [cm]
  xmax  &=&  -3.0000E-01 [cm]
  ymin  &=&  -5.5000E-01 [cm]
  ymax  &=&  -4.5000E-01 [cm]
e:

#------------------------------------------------------------------------------
 newpage:
#   no. =145   ix  =  5   iy  = 13
#   x = (  -4.0000E-01  -  -3.0000E-01  )
#   y = (  -4.5000E-01  -  -3.5000E-01  )

x: z[cm]
y: Dose [Gy/source]      
p: xlin ylog afac(0.8) form(0.9)
h: n            x            y(proton  ),hh0l n 
#  z-lower      z-upper        proton    r.err 
   9.8455E+01   9.8486E+01   3.5861E-01  0.0187
   9.8486E+01   9.8517E+01   3.6344E-01  0.0198
   9.8517E+01   9.8549E+01   3.4417E-01  0.0214
   9.8549E+01   9.8580E+01   3.2474E-01  0.0244

#   sum over    1.2500E-03   3.4773E-01  0.0182

'no. =145,  ix =  5,  iy = 13'
msuc: {\huge Histograma dosis-volumen del pouch}
msdr: {\it plotted by \ANGEL \version}
msdl: {\it calculated by \PHITS  3.35}
wt: s(0.7)
\vspace{-3}
  xmin  &=&  -4.0000E-01 [cm]
  xmax  &=&  -3.0000E-01 [cm]
  ymin  &=&  -4.5000E-01 [cm]
  ymax  &=&  -3.5000E-01 [cm]
e:

#------------------------------------------------------------------------------
 newpage:
#   no. =146   ix  =  5   iy  = 14
#   x = (  -4.0000E-01  -  -3.0000E-01  )
#   y = (  -3.5000E-01  -  -2.5000E-01  )

x: z[cm]
y: Dose [Gy/source]      
p: xlin ylog afac(0.8) form(0.9)
h: n            x            y(proton  ),hh0l n 
#  z-lower      z-upper        proton    r.err 
   9.8455E+01   9.8486E+01   3.6655E-01  0.0185
   9.8486E+01   9.8517E+01   3.6615E-01  0.0197
   9.8517E+01   9.8549E+01   3.4286E-01  0.0214
   9.8549E+01   9.8580E+01   3.4081E-01  0.0240

#   sum over    1.2500E-03   3.5409E-01  0.0180

'no. =146,  ix =  5,  iy = 14'
msuc: {\huge Histograma dosis-volumen del pouch}
msdr: {\it plotted by \ANGEL \version}
msdl: {\it calculated by \PHITS  3.35}
wt: s(0.7)
\vspace{-3}
  xmin  &=&  -4.0000E-01 [cm]
  xmax  &=&  -3.0000E-01 [cm]
  ymin  &=&  -3.5000E-01 [cm]
  ymax  &=&  -2.5000E-01 [cm]
e:

#------------------------------------------------------------------------------
 newpage:
#   no. =147   ix  =  5   iy  = 15
#   x = (  -4.0000E-01  -  -3.0000E-01  )
#   y = (  -2.5000E-01  -  -1.5000E-01  )

x: z[cm]
y: Dose [Gy/source]      
p: xlin ylog afac(0.8) form(0.9)
h: n            x            y(proton  ),hh0l n 
#  z-lower      z-upper        proton    r.err 
   9.8455E+01   9.8486E+01   3.5120E-01  0.0189
   9.8486E+01   9.8517E+01   3.5590E-01  0.0200
   9.8517E+01   9.8549E+01   3.4170E-01  0.0215
   9.8549E+01   9.8580E+01   3.2585E-01  0.0245

#   sum over    1.2500E-03   3.4366E-01  0.0183

'no. =147,  ix =  5,  iy = 15'
msuc: {\huge Histograma dosis-volumen del pouch}
msdr: {\it plotted by \ANGEL \version}
msdl: {\it calculated by \PHITS  3.35}
wt: s(0.7)
\vspace{-3}
  xmin  &=&  -4.0000E-01 [cm]
  xmax  &=&  -3.0000E-01 [cm]
  ymin  &=&  -2.5000E-01 [cm]
  ymax  &=&  -1.5000E-01 [cm]
e:

#------------------------------------------------------------------------------
 newpage:
#   no. =148   ix  =  5   iy  = 16
#   x = (  -4.0000E-01  -  -3.0000E-01  )
#   y = (  -1.5000E-01  -  -5.0000E-02  )

x: z[cm]
y: Dose [Gy/source]      
p: xlin ylog afac(0.8) form(0.9)
h: n            x            y(proton  ),hh0l n 
#  z-lower      z-upper        proton    r.err 
   9.8455E+01   9.8486E+01   3.5357E-01  0.0189
   9.8486E+01   9.8517E+01   3.6141E-01  0.0199
   9.8517E+01   9.8549E+01   3.4119E-01  0.0216
   9.8549E+01   9.8580E+01   3.1782E-01  0.0247

#   sum over    1.2500E-03   3.4350E-01  0.0183

'no. =148,  ix =  5,  iy = 16'
msuc: {\huge Histograma dosis-volumen del pouch}
msdr: {\it plotted by \ANGEL \version}
msdl: {\it calculated by \PHITS  3.35}
wt: s(0.7)
\vspace{-3}
  xmin  &=&  -4.0000E-01 [cm]
  xmax  &=&  -3.0000E-01 [cm]
  ymin  &=&  -1.5000E-01 [cm]
  ymax  &=&  -5.0000E-02 [cm]
e:

#------------------------------------------------------------------------------
 newpage:
#   no. =149   ix  =  5   iy  = 17
#   x = (  -4.0000E-01  -  -3.0000E-01  )
#   y = (  -5.0000E-02  -   5.0000E-02  )

x: z[cm]
y: Dose [Gy/source]      
p: xlin ylog afac(0.8) form(0.9)
h: n            x            y(proton  ),hh0l n 
#  z-lower      z-upper        proton    r.err 
   9.8455E+01   9.8486E+01   3.6420E-01  0.0187
   9.8486E+01   9.8517E+01   3.6729E-01  0.0199
   9.8517E+01   9.8549E+01   3.4006E-01  0.0216
   9.8549E+01   9.8580E+01   3.2120E-01  0.0245

#   sum over    1.2500E-03   3.4819E-01  0.0181

'no. =149,  ix =  5,  iy = 17'
msuc: {\huge Histograma dosis-volumen del pouch}
msdr: {\it plotted by \ANGEL \version}
msdl: {\it calculated by \PHITS  3.35}
wt: s(0.7)
\vspace{-3}
  xmin  &=&  -4.0000E-01 [cm]
  xmax  &=&  -3.0000E-01 [cm]
  ymin  &=&  -5.0000E-02 [cm]
  ymax  &=&   5.0000E-02 [cm]
e:

#------------------------------------------------------------------------------
 newpage:
#   no. =150   ix  =  5   iy  = 18
#   x = (  -4.0000E-01  -  -3.0000E-01  )
#   y = (   5.0000E-02  -   1.5000E-01  )

x: z[cm]
y: Dose [Gy/source]      
p: xlin ylog afac(0.8) form(0.9)
h: n            x            y(proton  ),hh0l n 
#  z-lower      z-upper        proton    r.err 
   9.8455E+01   9.8486E+01   3.6287E-01  0.0185
   9.8486E+01   9.8517E+01   3.6636E-01  0.0196
   9.8517E+01   9.8549E+01   3.5179E-01  0.0211
   9.8549E+01   9.8580E+01   3.3881E-01  0.0241

#   sum over    1.2500E-03   3.5495E-01  0.0181

'no. =150,  ix =  5,  iy = 18'
msuc: {\huge Histograma dosis-volumen del pouch}
msdr: {\it plotted by \ANGEL \version}
msdl: {\it calculated by \PHITS  3.35}
wt: s(0.7)
\vspace{-3}
  xmin  &=&  -4.0000E-01 [cm]
  xmax  &=&  -3.0000E-01 [cm]
  ymin  &=&   5.0000E-02 [cm]
  ymax  &=&   1.5000E-01 [cm]
e:

#------------------------------------------------------------------------------
 newpage:
#   no. =151   ix  =  5   iy  = 19
#   x = (  -4.0000E-01  -  -3.0000E-01  )
#   y = (   1.5000E-01  -   2.5000E-01  )

x: z[cm]
y: Dose [Gy/source]      
p: xlin ylog afac(0.8) form(0.9)
h: n            x            y(proton  ),hh0l n 
#  z-lower      z-upper        proton    r.err 
   9.8455E+01   9.8486E+01   3.6787E-01  0.0185
   9.8486E+01   9.8517E+01   3.6928E-01  0.0196
   9.8517E+01   9.8549E+01   3.5213E-01  0.0211
   9.8549E+01   9.8580E+01   3.4367E-01  0.0238

#   sum over    1.2500E-03   3.5823E-01  0.0180

'no. =151,  ix =  5,  iy = 19'
msuc: {\huge Histograma dosis-volumen del pouch}
msdr: {\it plotted by \ANGEL \version}
msdl: {\it calculated by \PHITS  3.35}
wt: s(0.7)
\vspace{-3}
  xmin  &=&  -4.0000E-01 [cm]
  xmax  &=&  -3.0000E-01 [cm]
  ymin  &=&   1.5000E-01 [cm]
  ymax  &=&   2.5000E-01 [cm]
e:

#------------------------------------------------------------------------------
 newpage:
#   no. =152   ix  =  5   iy  = 20
#   x = (  -4.0000E-01  -  -3.0000E-01  )
#   y = (   2.5000E-01  -   3.5000E-01  )

x: z[cm]
y: Dose [Gy/source]      
p: xlin ylog afac(0.8) form(0.9)
h: n            x            y(proton  ),hh0l n 
#  z-lower      z-upper        proton    r.err 
   9.8455E+01   9.8486E+01   3.4313E-01  0.0192
   9.8486E+01   9.8517E+01   3.4147E-01  0.0203
   9.8517E+01   9.8549E+01   3.3093E-01  0.0218
   9.8549E+01   9.8580E+01   3.2738E-01  0.0244

#   sum over    1.2500E-03   3.3573E-01  0.0185

'no. =152,  ix =  5,  iy = 20'
msuc: {\huge Histograma dosis-volumen del pouch}
msdr: {\it plotted by \ANGEL \version}
msdl: {\it calculated by \PHITS  3.35}
wt: s(0.7)
\vspace{-3}
  xmin  &=&  -4.0000E-01 [cm]
  xmax  &=&  -3.0000E-01 [cm]
  ymin  &=&   2.5000E-01 [cm]
  ymax  &=&   3.5000E-01 [cm]
e:

#------------------------------------------------------------------------------
 newpage:
#   no. =153   ix  =  5   iy  = 21
#   x = (  -4.0000E-01  -  -3.0000E-01  )
#   y = (   3.5000E-01  -   4.5000E-01  )

x: z[cm]
y: Dose [Gy/source]      
p: xlin ylog afac(0.8) form(0.9)
h: n            x            y(proton  ),hh0l n 
#  z-lower      z-upper        proton    r.err 
   9.8455E+01   9.8486E+01   3.5610E-01  0.0187
   9.8486E+01   9.8517E+01   3.5856E-01  0.0198
   9.8517E+01   9.8549E+01   3.5028E-01  0.0213
   9.8549E+01   9.8580E+01   3.2781E-01  0.0242

#   sum over    1.2500E-03   3.4819E-01  0.0182

'no. =153,  ix =  5,  iy = 21'
msuc: {\huge Histograma dosis-volumen del pouch}
msdr: {\it plotted by \ANGEL \version}
msdl: {\it calculated by \PHITS  3.35}
wt: s(0.7)
\vspace{-3}
  xmin  &=&  -4.0000E-01 [cm]
  xmax  &=&  -3.0000E-01 [cm]
  ymin  &=&   3.5000E-01 [cm]
  ymax  &=&   4.5000E-01 [cm]
e:

#------------------------------------------------------------------------------
 newpage:
#   no. =154   ix  =  5   iy  = 22
#   x = (  -4.0000E-01  -  -3.0000E-01  )
#   y = (   4.5000E-01  -   5.5000E-01  )

x: z[cm]
y: Dose [Gy/source]      
p: xlin ylog afac(0.8) form(0.9)
h: n            x            y(proton  ),hh0l n 
#  z-lower      z-upper        proton    r.err 
   9.8455E+01   9.8486E+01   3.6015E-01  0.0186
   9.8486E+01   9.8517E+01   3.6721E-01  0.0194
   9.8517E+01   9.8549E+01   3.5729E-01  0.0209
   9.8549E+01   9.8580E+01   3.5399E-01  0.0234

#   sum over    1.2500E-03   3.5966E-01  0.0180

'no. =154,  ix =  5,  iy = 22'
msuc: {\huge Histograma dosis-volumen del pouch}
msdr: {\it plotted by \ANGEL \version}
msdl: {\it calculated by \PHITS  3.35}
wt: s(0.7)
\vspace{-3}
  xmin  &=&  -4.0000E-01 [cm]
  xmax  &=&  -3.0000E-01 [cm]
  ymin  &=&   4.5000E-01 [cm]
  ymax  &=&   5.5000E-01 [cm]
e:

#------------------------------------------------------------------------------
 newpage:
#   no. =155   ix  =  5   iy  = 23
#   x = (  -4.0000E-01  -  -3.0000E-01  )
#   y = (   5.5000E-01  -   6.5000E-01  )

x: z[cm]
y: Dose [Gy/source]      
p: xlin ylog afac(0.8) form(0.9)
h: n            x            y(proton  ),hh0l n 
#  z-lower      z-upper        proton    r.err 
   9.8455E+01   9.8486E+01   3.6035E-01  0.0186
   9.8486E+01   9.8517E+01   3.6673E-01  0.0197
   9.8517E+01   9.8549E+01   3.4630E-01  0.0213
   9.8549E+01   9.8580E+01   3.3298E-01  0.0242

#   sum over    1.2500E-03   3.5159E-01  0.0181

'no. =155,  ix =  5,  iy = 23'
msuc: {\huge Histograma dosis-volumen del pouch}
msdr: {\it plotted by \ANGEL \version}
msdl: {\it calculated by \PHITS  3.35}
wt: s(0.7)
\vspace{-3}
  xmin  &=&  -4.0000E-01 [cm]
  xmax  &=&  -3.0000E-01 [cm]
  ymin  &=&   5.5000E-01 [cm]
  ymax  &=&   6.5000E-01 [cm]
e:

#------------------------------------------------------------------------------
 newpage:
#   no. =156   ix  =  5   iy  = 24
#   x = (  -4.0000E-01  -  -3.0000E-01  )
#   y = (   6.5000E-01  -   7.5000E-01  )

x: z[cm]
y: Dose [Gy/source]      
p: xlin ylog afac(0.8) form(0.9)
h: n            x            y(proton  ),hh0l n 
#  z-lower      z-upper        proton    r.err 
   9.8455E+01   9.8486E+01   3.6217E-01  0.0186
   9.8486E+01   9.8517E+01   3.6379E-01  0.0196
   9.8517E+01   9.8549E+01   3.5861E-01  0.0209
   9.8549E+01   9.8580E+01   3.5617E-01  0.0235

#   sum over    1.2500E-03   3.6019E-01  0.0179

'no. =156,  ix =  5,  iy = 24'
msuc: {\huge Histograma dosis-volumen del pouch}
msdr: {\it plotted by \ANGEL \version}
msdl: {\it calculated by \PHITS  3.35}
wt: s(0.7)
\vspace{-3}
  xmin  &=&  -4.0000E-01 [cm]
  xmax  &=&  -3.0000E-01 [cm]
  ymin  &=&   6.5000E-01 [cm]
  ymax  &=&   7.5000E-01 [cm]
e:

#------------------------------------------------------------------------------
 newpage:
#   no. =157   ix  =  5   iy  = 25
#   x = (  -4.0000E-01  -  -3.0000E-01  )
#   y = (   7.5000E-01  -   8.5000E-01  )

x: z[cm]
y: Dose [Gy/source]      
p: xlin ylog afac(0.8) form(0.9)
h: n            x            y(proton  ),hh0l n 
#  z-lower      z-upper        proton    r.err 
   9.8455E+01   9.8486E+01   3.5955E-01  0.0186
   9.8486E+01   9.8517E+01   3.6412E-01  0.0196
   9.8517E+01   9.8549E+01   3.5300E-01  0.0210
   9.8549E+01   9.8580E+01   3.4683E-01  0.0237

#   sum over    1.2500E-03   3.5588E-01  0.0180

'no. =157,  ix =  5,  iy = 25'
msuc: {\huge Histograma dosis-volumen del pouch}
msdr: {\it plotted by \ANGEL \version}
msdl: {\it calculated by \PHITS  3.35}
wt: s(0.7)
\vspace{-3}
  xmin  &=&  -4.0000E-01 [cm]
  xmax  &=&  -3.0000E-01 [cm]
  ymin  &=&   7.5000E-01 [cm]
  ymax  &=&   8.5000E-01 [cm]
e:

#------------------------------------------------------------------------------
 newpage:
#   no. =158   ix  =  5   iy  = 26
#   x = (  -4.0000E-01  -  -3.0000E-01  )
#   y = (   8.5000E-01  -   9.5000E-01  )

x: z[cm]
y: Dose [Gy/source]      
p: xlin ylog afac(0.8) form(0.9)
h: n            x            y(proton  ),hh0l n 
#  z-lower      z-upper        proton    r.err 
   9.8455E+01   9.8486E+01   3.6423E-01  0.0185
   9.8486E+01   9.8517E+01   3.7191E-01  0.0195
   9.8517E+01   9.8549E+01   3.5719E-01  0.0209
   9.8549E+01   9.8580E+01   3.3957E-01  0.0240

#   sum over    1.2500E-03   3.5822E-01  0.0180

'no. =158,  ix =  5,  iy = 26'
msuc: {\huge Histograma dosis-volumen del pouch}
msdr: {\it plotted by \ANGEL \version}
msdl: {\it calculated by \PHITS  3.35}
wt: s(0.7)
\vspace{-3}
  xmin  &=&  -4.0000E-01 [cm]
  xmax  &=&  -3.0000E-01 [cm]
  ymin  &=&   8.5000E-01 [cm]
  ymax  &=&   9.5000E-01 [cm]
e:

#------------------------------------------------------------------------------
 newpage:
#   no. =159   ix  =  5   iy  = 27
#   x = (  -4.0000E-01  -  -3.0000E-01  )
#   y = (   9.5000E-01  -   1.0500E+00  )

x: z[cm]
y: Dose [Gy/source]      
p: xlin ylog afac(0.8) form(0.9)
h: n            x            y(proton  ),hh0l n 
#  z-lower      z-upper        proton    r.err 
   9.8455E+01   9.8486E+01   3.6669E-01  0.0185
   9.8486E+01   9.8517E+01   3.7393E-01  0.0195
   9.8517E+01   9.8549E+01   3.6147E-01  0.0210
   9.8549E+01   9.8580E+01   3.3709E-01  0.0240

#   sum over    1.2500E-03   3.5979E-01  0.0179

'no. =159,  ix =  5,  iy = 27'
msuc: {\huge Histograma dosis-volumen del pouch}
msdr: {\it plotted by \ANGEL \version}
msdl: {\it calculated by \PHITS  3.35}
wt: s(0.7)
\vspace{-3}
  xmin  &=&  -4.0000E-01 [cm]
  xmax  &=&  -3.0000E-01 [cm]
  ymin  &=&   9.5000E-01 [cm]
  ymax  &=&   1.0500E+00 [cm]
e:

#------------------------------------------------------------------------------
 newpage:
#   no. =160   ix  =  5   iy  = 28
#   x = (  -4.0000E-01  -  -3.0000E-01  )
#   y = (   1.0500E+00  -   1.1500E+00  )

x: z[cm]
y: Dose [Gy/source]      
p: xlin ylog afac(0.8) form(0.9)
h: n            x            y(proton  ),hh0l n 
#  z-lower      z-upper        proton    r.err 
   9.8455E+01   9.8486E+01   3.5989E-01  0.0185
   9.8486E+01   9.8517E+01   3.6936E-01  0.0196
   9.8517E+01   9.8549E+01   3.6028E-01  0.0209
   9.8549E+01   9.8580E+01   3.4987E-01  0.0235

#   sum over    1.2500E-03   3.5985E-01  0.0179

'no. =160,  ix =  5,  iy = 28'
msuc: {\huge Histograma dosis-volumen del pouch}
msdr: {\it plotted by \ANGEL \version}
msdl: {\it calculated by \PHITS  3.35}
wt: s(0.7)
\vspace{-3}
  xmin  &=&  -4.0000E-01 [cm]
  xmax  &=&  -3.0000E-01 [cm]
  ymin  &=&   1.0500E+00 [cm]
  ymax  &=&   1.1500E+00 [cm]
e:

#------------------------------------------------------------------------------
 newpage:
#   no. =161   ix  =  5   iy  = 29
#   x = (  -4.0000E-01  -  -3.0000E-01  )
#   y = (   1.1500E+00  -   1.2500E+00  )

x: z[cm]
y: Dose [Gy/source]      
p: xlin ylog afac(0.8) form(0.9)
h: n            x            y(proton  ),hh0l n 
#  z-lower      z-upper        proton    r.err 
   9.8455E+01   9.8486E+01   3.8352E-01  0.0182
   9.8486E+01   9.8517E+01   3.8667E-01  0.0191
   9.8517E+01   9.8549E+01   3.6410E-01  0.0206
   9.8549E+01   9.8580E+01   3.5103E-01  0.0236

#   sum over    1.2500E-03   3.7133E-01  0.0176

'no. =161,  ix =  5,  iy = 29'
msuc: {\huge Histograma dosis-volumen del pouch}
msdr: {\it plotted by \ANGEL \version}
msdl: {\it calculated by \PHITS  3.35}
wt: s(0.7)
\vspace{-3}
  xmin  &=&  -4.0000E-01 [cm]
  xmax  &=&  -3.0000E-01 [cm]
  ymin  &=&   1.1500E+00 [cm]
  ymax  &=&   1.2500E+00 [cm]
e:

#------------------------------------------------------------------------------
 newpage:
#   no. =162   ix  =  5   iy  = 30
#   x = (  -4.0000E-01  -  -3.0000E-01  )
#   y = (   1.2500E+00  -   1.3500E+00  )

x: z[cm]
y: Dose [Gy/source]      
p: xlin ylog afac(0.8) form(0.9)
h: n            x            y(proton  ),hh0l n 
#  z-lower      z-upper        proton    r.err 
   9.8455E+01   9.8486E+01   3.6898E-01  0.0185
   9.8486E+01   9.8517E+01   3.7160E-01  0.0195
   9.8517E+01   9.8549E+01   3.5655E-01  0.0209
   9.8549E+01   9.8580E+01   3.5195E-01  0.0235

#   sum over    1.2500E-03   3.6227E-01  0.0179

'no. =162,  ix =  5,  iy = 30'
msuc: {\huge Histograma dosis-volumen del pouch}
msdr: {\it plotted by \ANGEL \version}
msdl: {\it calculated by \PHITS  3.35}
wt: s(0.7)
\vspace{-3}
  xmin  &=&  -4.0000E-01 [cm]
  xmax  &=&  -3.0000E-01 [cm]
  ymin  &=&   1.2500E+00 [cm]
  ymax  &=&   1.3500E+00 [cm]
e:

#------------------------------------------------------------------------------
 newpage:
#   no. =163   ix  =  5   iy  = 31
#   x = (  -4.0000E-01  -  -3.0000E-01  )
#   y = (   1.3500E+00  -   1.4500E+00  )

x: z[cm]
y: Dose [Gy/source]      
p: xlin ylog afac(0.8) form(0.9)
h: n            x            y(proton  ),hh0l n 
#  z-lower      z-upper        proton    r.err 
   9.8455E+01   9.8486E+01   3.6973E-01  0.0185
   9.8486E+01   9.8517E+01   3.6826E-01  0.0195
   9.8517E+01   9.8549E+01   3.4990E-01  0.0212
   9.8549E+01   9.8580E+01   3.3678E-01  0.0240

#   sum over    1.2500E-03   3.5616E-01  0.0179

'no. =163,  ix =  5,  iy = 31'
msuc: {\huge Histograma dosis-volumen del pouch}
msdr: {\it plotted by \ANGEL \version}
msdl: {\it calculated by \PHITS  3.35}
wt: s(0.7)
\vspace{-3}
  xmin  &=&  -4.0000E-01 [cm]
  xmax  &=&  -3.0000E-01 [cm]
  ymin  &=&   1.3500E+00 [cm]
  ymax  &=&   1.4500E+00 [cm]
e:

#------------------------------------------------------------------------------
 newpage:
#   no. =164   ix  =  5   iy  = 32
#   x = (  -4.0000E-01  -  -3.0000E-01  )
#   y = (   1.4500E+00  -   1.5500E+00  )

x: z[cm]
y: Dose [Gy/source]      
p: xlin ylog afac(0.8) form(0.9)
h: n            x            y(proton  ),hh0l n 
#  z-lower      z-upper        proton    r.err 
   9.8455E+01   9.8486E+01   3.7774E-01  0.0181
   9.8486E+01   9.8517E+01   3.8135E-01  0.0190
   9.8517E+01   9.8549E+01   3.7149E-01  0.0205
   9.8549E+01   9.8580E+01   3.6895E-01  0.0232

#   sum over    1.2500E-03   3.7488E-01  0.0177

'no. =164,  ix =  5,  iy = 32'
msuc: {\huge Histograma dosis-volumen del pouch}
msdr: {\it plotted by \ANGEL \version}
msdl: {\it calculated by \PHITS  3.35}
wt: s(0.7)
\vspace{-3}
  xmin  &=&  -4.0000E-01 [cm]
  xmax  &=&  -3.0000E-01 [cm]
  ymin  &=&   1.4500E+00 [cm]
  ymax  &=&   1.5500E+00 [cm]
e:

#------------------------------------------------------------------------------
 newpage:
#   no. =165   ix  =  5   iy  = 33
#   x = (  -4.0000E-01  -  -3.0000E-01  )
#   y = (   1.5500E+00  -   1.6500E+00  )

x: z[cm]
y: Dose [Gy/source]      
p: xlin ylog afac(0.8) form(0.9)
h: n            x            y(proton  ),hh0l n 
#  z-lower      z-upper        proton    r.err 
   9.8455E+01   9.8486E+01   3.7630E-01  0.0182
   9.8486E+01   9.8517E+01   3.8044E-01  0.0193
   9.8517E+01   9.8549E+01   3.6742E-01  0.0207
   9.8549E+01   9.8580E+01   3.6555E-01  0.0233

#   sum over    1.2500E-03   3.7242E-01  0.0177

'no. =165,  ix =  5,  iy = 33'
msuc: {\huge Histograma dosis-volumen del pouch}
msdr: {\it plotted by \ANGEL \version}
msdl: {\it calculated by \PHITS  3.35}
wt: s(0.7)
\vspace{-3}
  xmin  &=&  -4.0000E-01 [cm]
  xmax  &=&  -3.0000E-01 [cm]
  ymin  &=&   1.5500E+00 [cm]
  ymax  &=&   1.6500E+00 [cm]
e:

#------------------------------------------------------------------------------
 newpage:
#   no. =166   ix  =  6   iy  =  1
#   x = (  -3.0000E-01  -  -2.0000E-01  )
#   y = (  -1.6500E+00  -  -1.5500E+00  )

x: z[cm]
y: Dose [Gy/source]      
p: xlin ylog afac(0.8) form(0.9)
h: n            x            y(proton  ),hh0l n 
#  z-lower      z-upper        proton    r.err 
   9.8455E+01   9.8486E+01   0.0000E+00  0.0000
   9.8486E+01   9.8517E+01   0.0000E+00  0.0000
   9.8517E+01   9.8549E+01   0.0000E+00  0.0000
   9.8549E+01   9.8580E+01   0.0000E+00  0.0000

#   sum over    1.2500E-03   0.0000E+00  0.0000

'no. =166,  ix =  6,  iy =  1'
msuc: {\huge Histograma dosis-volumen del pouch}
msdr: {\it plotted by \ANGEL \version}
msdl: {\it calculated by \PHITS  3.35}
wt: s(0.7)
\vspace{-3}
  xmin  &=&  -3.0000E-01 [cm]
  xmax  &=&  -2.0000E-01 [cm]
  ymin  &=&  -1.6500E+00 [cm]
  ymax  &=&  -1.5500E+00 [cm]
e:

#------------------------------------------------------------------------------
 newpage:
#   no. =167   ix  =  6   iy  =  2
#   x = (  -3.0000E-01  -  -2.0000E-01  )
#   y = (  -1.5500E+00  -  -1.4500E+00  )

x: z[cm]
y: Dose [Gy/source]      
p: xlin ylog afac(0.8) form(0.9)
h: n            x            y(proton  ),hh0l n 
#  z-lower      z-upper        proton    r.err 
   9.8455E+01   9.8486E+01   0.0000E+00  0.0000
   9.8486E+01   9.8517E+01   0.0000E+00  0.0000
   9.8517E+01   9.8549E+01   0.0000E+00  0.0000
   9.8549E+01   9.8580E+01   0.0000E+00  0.0000

#   sum over    1.2500E-03   0.0000E+00  0.0000

'no. =167,  ix =  6,  iy =  2'
msuc: {\huge Histograma dosis-volumen del pouch}
msdr: {\it plotted by \ANGEL \version}
msdl: {\it calculated by \PHITS  3.35}
wt: s(0.7)
\vspace{-3}
  xmin  &=&  -3.0000E-01 [cm]
  xmax  &=&  -2.0000E-01 [cm]
  ymin  &=&  -1.5500E+00 [cm]
  ymax  &=&  -1.4500E+00 [cm]
e:

#------------------------------------------------------------------------------
 newpage:
#   no. =168   ix  =  6   iy  =  3
#   x = (  -3.0000E-01  -  -2.0000E-01  )
#   y = (  -1.4500E+00  -  -1.3500E+00  )

x: z[cm]
y: Dose [Gy/source]      
p: xlin ylog afac(0.8) form(0.9)
h: n            x            y(proton  ),hh0l n 
#  z-lower      z-upper        proton    r.err 
   9.8455E+01   9.8486E+01   2.8520E-04  0.5938
   9.8486E+01   9.8517E+01   4.0983E-04  0.6367
   9.8517E+01   9.8549E+01   2.7321E-04  0.6008
   9.8549E+01   9.8580E+01   2.8482E-04  0.7101

#   sum over    1.2500E-03   3.1327E-04  0.5405

'no. =168,  ix =  6,  iy =  3'
msuc: {\huge Histograma dosis-volumen del pouch}
msdr: {\it plotted by \ANGEL \version}
msdl: {\it calculated by \PHITS  3.35}
wt: s(0.7)
\vspace{-3}
  xmin  &=&  -3.0000E-01 [cm]
  xmax  &=&  -2.0000E-01 [cm]
  ymin  &=&  -1.4500E+00 [cm]
  ymax  &=&  -1.3500E+00 [cm]
e:

#------------------------------------------------------------------------------
 newpage:
#   no. =169   ix  =  6   iy  =  4
#   x = (  -3.0000E-01  -  -2.0000E-01  )
#   y = (  -1.3500E+00  -  -1.2500E+00  )

x: z[cm]
y: Dose [Gy/source]      
p: xlin ylog afac(0.8) form(0.9)
h: n            x            y(proton  ),hh0l n 
#  z-lower      z-upper        proton    r.err 
   9.8455E+01   9.8486E+01   2.6065E-01  0.0218
   9.8486E+01   9.8517E+01   2.6404E-01  0.0232
   9.8517E+01   9.8549E+01   2.5131E-01  0.0248
   9.8549E+01   9.8580E+01   2.4748E-01  0.0278

#   sum over    1.2500E-03   2.5587E-01  0.0211

'no. =169,  ix =  6,  iy =  4'
msuc: {\huge Histograma dosis-volumen del pouch}
msdr: {\it plotted by \ANGEL \version}
msdl: {\it calculated by \PHITS  3.35}
wt: s(0.7)
\vspace{-3}
  xmin  &=&  -3.0000E-01 [cm]
  xmax  &=&  -2.0000E-01 [cm]
  ymin  &=&  -1.3500E+00 [cm]
  ymax  &=&  -1.2500E+00 [cm]
e:

#------------------------------------------------------------------------------
 newpage:
#   no. =170   ix  =  6   iy  =  5
#   x = (  -3.0000E-01  -  -2.0000E-01  )
#   y = (  -1.2500E+00  -  -1.1500E+00  )

x: z[cm]
y: Dose [Gy/source]      
p: xlin ylog afac(0.8) form(0.9)
h: n            x            y(proton  ),hh0l n 
#  z-lower      z-upper        proton    r.err 
   9.8455E+01   9.8486E+01   3.7637E-01  0.0182
   9.8486E+01   9.8517E+01   3.7872E-01  0.0193
   9.8517E+01   9.8549E+01   3.6200E-01  0.0207
   9.8549E+01   9.8580E+01   3.5869E-01  0.0233

#   sum over    1.2500E-03   3.6894E-01  0.0177

'no. =170,  ix =  6,  iy =  5'
msuc: {\huge Histograma dosis-volumen del pouch}
msdr: {\it plotted by \ANGEL \version}
msdl: {\it calculated by \PHITS  3.35}
wt: s(0.7)
\vspace{-3}
  xmin  &=&  -3.0000E-01 [cm]
  xmax  &=&  -2.0000E-01 [cm]
  ymin  &=&  -1.2500E+00 [cm]
  ymax  &=&  -1.1500E+00 [cm]
e:

#------------------------------------------------------------------------------
 newpage:
#   no. =171   ix  =  6   iy  =  6
#   x = (  -3.0000E-01  -  -2.0000E-01  )
#   y = (  -1.1500E+00  -  -1.0500E+00  )

x: z[cm]
y: Dose [Gy/source]      
p: xlin ylog afac(0.8) form(0.9)
h: n            x            y(proton  ),hh0l n 
#  z-lower      z-upper        proton    r.err 
   9.8455E+01   9.8486E+01   3.6295E-01  0.0185
   9.8486E+01   9.8517E+01   3.6411E-01  0.0196
   9.8517E+01   9.8549E+01   3.5433E-01  0.0209
   9.8549E+01   9.8580E+01   3.6204E-01  0.0232

#   sum over    1.2500E-03   3.6086E-01  0.0179

'no. =171,  ix =  6,  iy =  6'
msuc: {\huge Histograma dosis-volumen del pouch}
msdr: {\it plotted by \ANGEL \version}
msdl: {\it calculated by \PHITS  3.35}
wt: s(0.7)
\vspace{-3}
  xmin  &=&  -3.0000E-01 [cm]
  xmax  &=&  -2.0000E-01 [cm]
  ymin  &=&  -1.1500E+00 [cm]
  ymax  &=&  -1.0500E+00 [cm]
e:

#------------------------------------------------------------------------------
 newpage:
#   no. =172   ix  =  6   iy  =  7
#   x = (  -3.0000E-01  -  -2.0000E-01  )
#   y = (  -1.0500E+00  -  -9.5000E-01  )

x: z[cm]
y: Dose [Gy/source]      
p: xlin ylog afac(0.8) form(0.9)
h: n            x            y(proton  ),hh0l n 
#  z-lower      z-upper        proton    r.err 
   9.8455E+01   9.8486E+01   3.6517E-01  0.0185
   9.8486E+01   9.8517E+01   3.6517E-01  0.0197
   9.8517E+01   9.8549E+01   3.5239E-01  0.0211
   9.8549E+01   9.8580E+01   3.4521E-01  0.0238

#   sum over    1.2500E-03   3.5699E-01  0.0180

'no. =172,  ix =  6,  iy =  7'
msuc: {\huge Histograma dosis-volumen del pouch}
msdr: {\it plotted by \ANGEL \version}
msdl: {\it calculated by \PHITS  3.35}
wt: s(0.7)
\vspace{-3}
  xmin  &=&  -3.0000E-01 [cm]
  xmax  &=&  -2.0000E-01 [cm]
  ymin  &=&  -1.0500E+00 [cm]
  ymax  &=&  -9.5000E-01 [cm]
e:

#------------------------------------------------------------------------------
 newpage:
#   no. =173   ix  =  6   iy  =  8
#   x = (  -3.0000E-01  -  -2.0000E-01  )
#   y = (  -9.5000E-01  -  -8.5000E-01  )

x: z[cm]
y: Dose [Gy/source]      
p: xlin ylog afac(0.8) form(0.9)
h: n            x            y(proton  ),hh0l n 
#  z-lower      z-upper        proton    r.err 
   9.8455E+01   9.8486E+01   3.6033E-01  0.0186
   9.8486E+01   9.8517E+01   3.6413E-01  0.0197
   9.8517E+01   9.8549E+01   3.5297E-01  0.0211
   9.8549E+01   9.8580E+01   3.4619E-01  0.0238

#   sum over    1.2500E-03   3.5591E-01  0.0180

'no. =173,  ix =  6,  iy =  8'
msuc: {\huge Histograma dosis-volumen del pouch}
msdr: {\it plotted by \ANGEL \version}
msdl: {\it calculated by \PHITS  3.35}
wt: s(0.7)
\vspace{-3}
  xmin  &=&  -3.0000E-01 [cm]
  xmax  &=&  -2.0000E-01 [cm]
  ymin  &=&  -9.5000E-01 [cm]
  ymax  &=&  -8.5000E-01 [cm]
e:

#------------------------------------------------------------------------------
 newpage:
#   no. =174   ix  =  6   iy  =  9
#   x = (  -3.0000E-01  -  -2.0000E-01  )
#   y = (  -8.5000E-01  -  -7.5000E-01  )

x: z[cm]
y: Dose [Gy/source]      
p: xlin ylog afac(0.8) form(0.9)
h: n            x            y(proton  ),hh0l n 
#  z-lower      z-upper        proton    r.err 
   9.8455E+01   9.8486E+01   3.5256E-01  0.0187
   9.8486E+01   9.8517E+01   3.5390E-01  0.0199
   9.8517E+01   9.8549E+01   3.4533E-01  0.0212
   9.8549E+01   9.8580E+01   3.3629E-01  0.0240

#   sum over    1.2500E-03   3.4703E-01  0.0182

'no. =174,  ix =  6,  iy =  9'
msuc: {\huge Histograma dosis-volumen del pouch}
msdr: {\it plotted by \ANGEL \version}
msdl: {\it calculated by \PHITS  3.35}
wt: s(0.7)
\vspace{-3}
  xmin  &=&  -3.0000E-01 [cm]
  xmax  &=&  -2.0000E-01 [cm]
  ymin  &=&  -8.5000E-01 [cm]
  ymax  &=&  -7.5000E-01 [cm]
e:

#------------------------------------------------------------------------------
 newpage:
#   no. =175   ix  =  6   iy  = 10
#   x = (  -3.0000E-01  -  -2.0000E-01  )
#   y = (  -7.5000E-01  -  -6.5000E-01  )

x: z[cm]
y: Dose [Gy/source]      
p: xlin ylog afac(0.8) form(0.9)
h: n            x            y(proton  ),hh0l n 
#  z-lower      z-upper        proton    r.err 
   9.8455E+01   9.8486E+01   3.6722E-01  0.0185
   9.8486E+01   9.8517E+01   3.7262E-01  0.0194
   9.8517E+01   9.8549E+01   3.6395E-01  0.0209
   9.8549E+01   9.8580E+01   3.5409E-01  0.0234

#   sum over    1.2500E-03   3.6447E-01  0.0178

'no. =175,  ix =  6,  iy = 10'
msuc: {\huge Histograma dosis-volumen del pouch}
msdr: {\it plotted by \ANGEL \version}
msdl: {\it calculated by \PHITS  3.35}
wt: s(0.7)
\vspace{-3}
  xmin  &=&  -3.0000E-01 [cm]
  xmax  &=&  -2.0000E-01 [cm]
  ymin  &=&  -7.5000E-01 [cm]
  ymax  &=&  -6.5000E-01 [cm]
e:

#------------------------------------------------------------------------------
 newpage:
#   no. =176   ix  =  6   iy  = 11
#   x = (  -3.0000E-01  -  -2.0000E-01  )
#   y = (  -6.5000E-01  -  -5.5000E-01  )

x: z[cm]
y: Dose [Gy/source]      
p: xlin ylog afac(0.8) form(0.9)
h: n            x            y(proton  ),hh0l n 
#  z-lower      z-upper        proton    r.err 
   9.8455E+01   9.8486E+01   3.5829E-01  0.0189
   9.8486E+01   9.8517E+01   3.4625E-01  0.0202
   9.8517E+01   9.8549E+01   3.3295E-01  0.0218
   9.8549E+01   9.8580E+01   3.1845E-01  0.0246

#   sum over    1.2500E-03   3.3899E-01  0.0184

'no. =176,  ix =  6,  iy = 11'
msuc: {\huge Histograma dosis-volumen del pouch}
msdr: {\it plotted by \ANGEL \version}
msdl: {\it calculated by \PHITS  3.35}
wt: s(0.7)
\vspace{-3}
  xmin  &=&  -3.0000E-01 [cm]
  xmax  &=&  -2.0000E-01 [cm]
  ymin  &=&  -6.5000E-01 [cm]
  ymax  &=&  -5.5000E-01 [cm]
e:

#------------------------------------------------------------------------------
 newpage:
#   no. =177   ix  =  6   iy  = 12
#   x = (  -3.0000E-01  -  -2.0000E-01  )
#   y = (  -5.5000E-01  -  -4.5000E-01  )

x: z[cm]
y: Dose [Gy/source]      
p: xlin ylog afac(0.8) form(0.9)
h: n            x            y(proton  ),hh0l n 
#  z-lower      z-upper        proton    r.err 
   9.8455E+01   9.8486E+01   3.5087E-01  0.0190
   9.8486E+01   9.8517E+01   3.5230E-01  0.0201
   9.8517E+01   9.8549E+01   3.3431E-01  0.0216
   9.8549E+01   9.8580E+01   3.3018E-01  0.0243

#   sum over    1.2500E-03   3.4191E-01  0.0183

'no. =177,  ix =  6,  iy = 12'
msuc: {\huge Histograma dosis-volumen del pouch}
msdr: {\it plotted by \ANGEL \version}
msdl: {\it calculated by \PHITS  3.35}
wt: s(0.7)
\vspace{-3}
  xmin  &=&  -3.0000E-01 [cm]
  xmax  &=&  -2.0000E-01 [cm]
  ymin  &=&  -5.5000E-01 [cm]
  ymax  &=&  -4.5000E-01 [cm]
e:

#------------------------------------------------------------------------------
 newpage:
#   no. =178   ix  =  6   iy  = 13
#   x = (  -3.0000E-01  -  -2.0000E-01  )
#   y = (  -4.5000E-01  -  -3.5000E-01  )

x: z[cm]
y: Dose [Gy/source]      
p: xlin ylog afac(0.8) form(0.9)
h: n            x            y(proton  ),hh0l n 
#  z-lower      z-upper        proton    r.err 
   9.8455E+01   9.8486E+01   3.5414E-01  0.0188
   9.8486E+01   9.8517E+01   3.5199E-01  0.0199
   9.8517E+01   9.8549E+01   3.4113E-01  0.0214
   9.8549E+01   9.8580E+01   3.3305E-01  0.0242

#   sum over    1.2500E-03   3.4508E-01  0.0182

'no. =178,  ix =  6,  iy = 13'
msuc: {\huge Histograma dosis-volumen del pouch}
msdr: {\it plotted by \ANGEL \version}
msdl: {\it calculated by \PHITS  3.35}
wt: s(0.7)
\vspace{-3}
  xmin  &=&  -3.0000E-01 [cm]
  xmax  &=&  -2.0000E-01 [cm]
  ymin  &=&  -4.5000E-01 [cm]
  ymax  &=&  -3.5000E-01 [cm]
e:

#------------------------------------------------------------------------------
 newpage:
#   no. =179   ix  =  6   iy  = 14
#   x = (  -3.0000E-01  -  -2.0000E-01  )
#   y = (  -3.5000E-01  -  -2.5000E-01  )

x: z[cm]
y: Dose [Gy/source]      
p: xlin ylog afac(0.8) form(0.9)
h: n            x            y(proton  ),hh0l n 
#  z-lower      z-upper        proton    r.err 
   9.8455E+01   9.8486E+01   3.6631E-01  0.0186
   9.8486E+01   9.8517E+01   3.6235E-01  0.0199
   9.8517E+01   9.8549E+01   3.4070E-01  0.0214
   9.8549E+01   9.8580E+01   3.2931E-01  0.0244

#   sum over    1.2500E-03   3.4966E-01  0.0182

'no. =179,  ix =  6,  iy = 14'
msuc: {\huge Histograma dosis-volumen del pouch}
msdr: {\it plotted by \ANGEL \version}
msdl: {\it calculated by \PHITS  3.35}
wt: s(0.7)
\vspace{-3}
  xmin  &=&  -3.0000E-01 [cm]
  xmax  &=&  -2.0000E-01 [cm]
  ymin  &=&  -3.5000E-01 [cm]
  ymax  &=&  -2.5000E-01 [cm]
e:

#------------------------------------------------------------------------------
 newpage:
#   no. =180   ix  =  6   iy  = 15
#   x = (  -3.0000E-01  -  -2.0000E-01  )
#   y = (  -2.5000E-01  -  -1.5000E-01  )

x: z[cm]
y: Dose [Gy/source]      
p: xlin ylog afac(0.8) form(0.9)
h: n            x            y(proton  ),hh0l n 
#  z-lower      z-upper        proton    r.err 
   9.8455E+01   9.8486E+01   3.5681E-01  0.0189
   9.8486E+01   9.8517E+01   3.4932E-01  0.0200
   9.8517E+01   9.8549E+01   3.3298E-01  0.0217
   9.8549E+01   9.8580E+01   3.1856E-01  0.0247

#   sum over    1.2500E-03   3.3942E-01  0.0184

'no. =180,  ix =  6,  iy = 15'
msuc: {\huge Histograma dosis-volumen del pouch}
msdr: {\it plotted by \ANGEL \version}
msdl: {\it calculated by \PHITS  3.35}
wt: s(0.7)
\vspace{-3}
  xmin  &=&  -3.0000E-01 [cm]
  xmax  &=&  -2.0000E-01 [cm]
  ymin  &=&  -2.5000E-01 [cm]
  ymax  &=&  -1.5000E-01 [cm]
e:

#------------------------------------------------------------------------------
 newpage:
#   no. =181   ix  =  6   iy  = 16
#   x = (  -3.0000E-01  -  -2.0000E-01  )
#   y = (  -1.5000E-01  -  -5.0000E-02  )

x: z[cm]
y: Dose [Gy/source]      
p: xlin ylog afac(0.8) form(0.9)
h: n            x            y(proton  ),hh0l n 
#  z-lower      z-upper        proton    r.err 
   9.8455E+01   9.8486E+01   3.5417E-01  0.0189
   9.8486E+01   9.8517E+01   3.5988E-01  0.0199
   9.8517E+01   9.8549E+01   3.4290E-01  0.0214
   9.8549E+01   9.8580E+01   3.2762E-01  0.0243

#   sum over    1.2500E-03   3.4614E-01  0.0182

'no. =181,  ix =  6,  iy = 16'
msuc: {\huge Histograma dosis-volumen del pouch}
msdr: {\it plotted by \ANGEL \version}
msdl: {\it calculated by \PHITS  3.35}
wt: s(0.7)
\vspace{-3}
  xmin  &=&  -3.0000E-01 [cm]
  xmax  &=&  -2.0000E-01 [cm]
  ymin  &=&  -1.5000E-01 [cm]
  ymax  &=&  -5.0000E-02 [cm]
e:

#------------------------------------------------------------------------------
 newpage:
#   no. =182   ix  =  6   iy  = 17
#   x = (  -3.0000E-01  -  -2.0000E-01  )
#   y = (  -5.0000E-02  -   5.0000E-02  )

x: z[cm]
y: Dose [Gy/source]      
p: xlin ylog afac(0.8) form(0.9)
h: n            x            y(proton  ),hh0l n 
#  z-lower      z-upper        proton    r.err 
   9.8455E+01   9.8486E+01   3.6634E-01  0.0188
   9.8486E+01   9.8517E+01   3.5954E-01  0.0199
   9.8517E+01   9.8549E+01   3.4063E-01  0.0216
   9.8549E+01   9.8580E+01   3.2436E-01  0.0243

#   sum over    1.2500E-03   3.4771E-01  0.0181

'no. =182,  ix =  6,  iy = 17'
msuc: {\huge Histograma dosis-volumen del pouch}
msdr: {\it plotted by \ANGEL \version}
msdl: {\it calculated by \PHITS  3.35}
wt: s(0.7)
\vspace{-3}
  xmin  &=&  -3.0000E-01 [cm]
  xmax  &=&  -2.0000E-01 [cm]
  ymin  &=&  -5.0000E-02 [cm]
  ymax  &=&   5.0000E-02 [cm]
e:

#------------------------------------------------------------------------------
 newpage:
#   no. =183   ix  =  6   iy  = 18
#   x = (  -3.0000E-01  -  -2.0000E-01  )
#   y = (   5.0000E-02  -   1.5000E-01  )

x: z[cm]
y: Dose [Gy/source]      
p: xlin ylog afac(0.8) form(0.9)
h: n            x            y(proton  ),hh0l n 
#  z-lower      z-upper        proton    r.err 
   9.8455E+01   9.8486E+01   3.4392E-01  0.0192
   9.8486E+01   9.8517E+01   3.3879E-01  0.0202
   9.8517E+01   9.8549E+01   3.3192E-01  0.0218
   9.8549E+01   9.8580E+01   3.2342E-01  0.0245

#   sum over    1.2500E-03   3.3451E-01  0.0185

'no. =183,  ix =  6,  iy = 18'
msuc: {\huge Histograma dosis-volumen del pouch}
msdr: {\it plotted by \ANGEL \version}
msdl: {\it calculated by \PHITS  3.35}
wt: s(0.7)
\vspace{-3}
  xmin  &=&  -3.0000E-01 [cm]
  xmax  &=&  -2.0000E-01 [cm]
  ymin  &=&   5.0000E-02 [cm]
  ymax  &=&   1.5000E-01 [cm]
e:

#------------------------------------------------------------------------------
 newpage:
#   no. =184   ix  =  6   iy  = 19
#   x = (  -3.0000E-01  -  -2.0000E-01  )
#   y = (   1.5000E-01  -   2.5000E-01  )

x: z[cm]
y: Dose [Gy/source]      
p: xlin ylog afac(0.8) form(0.9)
h: n            x            y(proton  ),hh0l n 
#  z-lower      z-upper        proton    r.err 
   9.8455E+01   9.8486E+01   3.7041E-01  0.0186
   9.8486E+01   9.8517E+01   3.7082E-01  0.0197
   9.8517E+01   9.8549E+01   3.4912E-01  0.0213
   9.8549E+01   9.8580E+01   3.2603E-01  0.0243

#   sum over    1.2500E-03   3.5410E-01  0.0180

'no. =184,  ix =  6,  iy = 19'
msuc: {\huge Histograma dosis-volumen del pouch}
msdr: {\it plotted by \ANGEL \version}
msdl: {\it calculated by \PHITS  3.35}
wt: s(0.7)
\vspace{-3}
  xmin  &=&  -3.0000E-01 [cm]
  xmax  &=&  -2.0000E-01 [cm]
  ymin  &=&   1.5000E-01 [cm]
  ymax  &=&   2.5000E-01 [cm]
e:

#------------------------------------------------------------------------------
 newpage:
#   no. =185   ix  =  6   iy  = 20
#   x = (  -3.0000E-01  -  -2.0000E-01  )
#   y = (   2.5000E-01  -   3.5000E-01  )

x: z[cm]
y: Dose [Gy/source]      
p: xlin ylog afac(0.8) form(0.9)
h: n            x            y(proton  ),hh0l n 
#  z-lower      z-upper        proton    r.err 
   9.8455E+01   9.8486E+01   3.6663E-01  0.0186
   9.8486E+01   9.8517E+01   3.6888E-01  0.0197
   9.8517E+01   9.8549E+01   3.5001E-01  0.0212
   9.8549E+01   9.8580E+01   3.3547E-01  0.0240

#   sum over    1.2500E-03   3.5525E-01  0.0180

'no. =185,  ix =  6,  iy = 20'
msuc: {\huge Histograma dosis-volumen del pouch}
msdr: {\it plotted by \ANGEL \version}
msdl: {\it calculated by \PHITS  3.35}
wt: s(0.7)
\vspace{-3}
  xmin  &=&  -3.0000E-01 [cm]
  xmax  &=&  -2.0000E-01 [cm]
  ymin  &=&   2.5000E-01 [cm]
  ymax  &=&   3.5000E-01 [cm]
e:

#------------------------------------------------------------------------------
 newpage:
#   no. =186   ix  =  6   iy  = 21
#   x = (  -3.0000E-01  -  -2.0000E-01  )
#   y = (   3.5000E-01  -   4.5000E-01  )

x: z[cm]
y: Dose [Gy/source]      
p: xlin ylog afac(0.8) form(0.9)
h: n            x            y(proton  ),hh0l n 
#  z-lower      z-upper        proton    r.err 
   9.8455E+01   9.8486E+01   3.4996E-01  0.0189
   9.8486E+01   9.8517E+01   3.4929E-01  0.0200
   9.8517E+01   9.8549E+01   3.4417E-01  0.0214
   9.8549E+01   9.8580E+01   3.3203E-01  0.0241

#   sum over    1.2500E-03   3.4386E-01  0.0183

'no. =186,  ix =  6,  iy = 21'
msuc: {\huge Histograma dosis-volumen del pouch}
msdr: {\it plotted by \ANGEL \version}
msdl: {\it calculated by \PHITS  3.35}
wt: s(0.7)
\vspace{-3}
  xmin  &=&  -3.0000E-01 [cm]
  xmax  &=&  -2.0000E-01 [cm]
  ymin  &=&   3.5000E-01 [cm]
  ymax  &=&   4.5000E-01 [cm]
e:

#------------------------------------------------------------------------------
 newpage:
#   no. =187   ix  =  6   iy  = 22
#   x = (  -3.0000E-01  -  -2.0000E-01  )
#   y = (   4.5000E-01  -   5.5000E-01  )

x: z[cm]
y: Dose [Gy/source]      
p: xlin ylog afac(0.8) form(0.9)
h: n            x            y(proton  ),hh0l n 
#  z-lower      z-upper        proton    r.err 
   9.8455E+01   9.8486E+01   3.6910E-01  0.0185
   9.8486E+01   9.8517E+01   3.7071E-01  0.0196
   9.8517E+01   9.8549E+01   3.5042E-01  0.0213
   9.8549E+01   9.8580E+01   3.2236E-01  0.0244

#   sum over    1.2500E-03   3.5315E-01  0.0180

'no. =187,  ix =  6,  iy = 22'
msuc: {\huge Histograma dosis-volumen del pouch}
msdr: {\it plotted by \ANGEL \version}
msdl: {\it calculated by \PHITS  3.35}
wt: s(0.7)
\vspace{-3}
  xmin  &=&  -3.0000E-01 [cm]
  xmax  &=&  -2.0000E-01 [cm]
  ymin  &=&   4.5000E-01 [cm]
  ymax  &=&   5.5000E-01 [cm]
e:

#------------------------------------------------------------------------------
 newpage:
#   no. =188   ix  =  6   iy  = 23
#   x = (  -3.0000E-01  -  -2.0000E-01  )
#   y = (   5.5000E-01  -   6.5000E-01  )

x: z[cm]
y: Dose [Gy/source]      
p: xlin ylog afac(0.8) form(0.9)
h: n            x            y(proton  ),hh0l n 
#  z-lower      z-upper        proton    r.err 
   9.8455E+01   9.8486E+01   3.6437E-01  0.0186
   9.8486E+01   9.8517E+01   3.6231E-01  0.0197
   9.8517E+01   9.8549E+01   3.4241E-01  0.0213
   9.8549E+01   9.8580E+01   3.2906E-01  0.0243

#   sum over    1.2500E-03   3.4953E-01  0.0181

'no. =188,  ix =  6,  iy = 23'
msuc: {\huge Histograma dosis-volumen del pouch}
msdr: {\it plotted by \ANGEL \version}
msdl: {\it calculated by \PHITS  3.35}
wt: s(0.7)
\vspace{-3}
  xmin  &=&  -3.0000E-01 [cm]
  xmax  &=&  -2.0000E-01 [cm]
  ymin  &=&   5.5000E-01 [cm]
  ymax  &=&   6.5000E-01 [cm]
e:

#------------------------------------------------------------------------------
 newpage:
#   no. =189   ix  =  6   iy  = 24
#   x = (  -3.0000E-01  -  -2.0000E-01  )
#   y = (   6.5000E-01  -   7.5000E-01  )

x: z[cm]
y: Dose [Gy/source]      
p: xlin ylog afac(0.8) form(0.9)
h: n            x            y(proton  ),hh0l n 
#  z-lower      z-upper        proton    r.err 
   9.8455E+01   9.8486E+01   3.5544E-01  0.0188
   9.8486E+01   9.8517E+01   3.5803E-01  0.0198
   9.8517E+01   9.8549E+01   3.4895E-01  0.0212
   9.8549E+01   9.8580E+01   3.4787E-01  0.0235

#   sum over    1.2500E-03   3.5257E-01  0.0181

'no. =189,  ix =  6,  iy = 24'
msuc: {\huge Histograma dosis-volumen del pouch}
msdr: {\it plotted by \ANGEL \version}
msdl: {\it calculated by \PHITS  3.35}
wt: s(0.7)
\vspace{-3}
  xmin  &=&  -3.0000E-01 [cm]
  xmax  &=&  -2.0000E-01 [cm]
  ymin  &=&   6.5000E-01 [cm]
  ymax  &=&   7.5000E-01 [cm]
e:

#------------------------------------------------------------------------------
 newpage:
#   no. =190   ix  =  6   iy  = 25
#   x = (  -3.0000E-01  -  -2.0000E-01  )
#   y = (   7.5000E-01  -   8.5000E-01  )

x: z[cm]
y: Dose [Gy/source]      
p: xlin ylog afac(0.8) form(0.9)
h: n            x            y(proton  ),hh0l n 
#  z-lower      z-upper        proton    r.err 
   9.8455E+01   9.8486E+01   3.7310E-01  0.0184
   9.8486E+01   9.8517E+01   3.7499E-01  0.0194
   9.8517E+01   9.8549E+01   3.6186E-01  0.0208
   9.8549E+01   9.8580E+01   3.4278E-01  0.0238

#   sum over    1.2500E-03   3.6318E-01  0.0178

'no. =190,  ix =  6,  iy = 25'
msuc: {\huge Histograma dosis-volumen del pouch}
msdr: {\it plotted by \ANGEL \version}
msdl: {\it calculated by \PHITS  3.35}
wt: s(0.7)
\vspace{-3}
  xmin  &=&  -3.0000E-01 [cm]
  xmax  &=&  -2.0000E-01 [cm]
  ymin  &=&   7.5000E-01 [cm]
  ymax  &=&   8.5000E-01 [cm]
e:

#------------------------------------------------------------------------------
 newpage:
#   no. =191   ix  =  6   iy  = 26
#   x = (  -3.0000E-01  -  -2.0000E-01  )
#   y = (   8.5000E-01  -   9.5000E-01  )

x: z[cm]
y: Dose [Gy/source]      
p: xlin ylog afac(0.8) form(0.9)
h: n            x            y(proton  ),hh0l n 
#  z-lower      z-upper        proton    r.err 
   9.8455E+01   9.8486E+01   3.6199E-01  0.0186
   9.8486E+01   9.8517E+01   3.6435E-01  0.0196
   9.8517E+01   9.8549E+01   3.6076E-01  0.0209
   9.8549E+01   9.8580E+01   3.5105E-01  0.0235

#   sum over    1.2500E-03   3.5953E-01  0.0180

'no. =191,  ix =  6,  iy = 26'
msuc: {\huge Histograma dosis-volumen del pouch}
msdr: {\it plotted by \ANGEL \version}
msdl: {\it calculated by \PHITS  3.35}
wt: s(0.7)
\vspace{-3}
  xmin  &=&  -3.0000E-01 [cm]
  xmax  &=&  -2.0000E-01 [cm]
  ymin  &=&   8.5000E-01 [cm]
  ymax  &=&   9.5000E-01 [cm]
e:

#------------------------------------------------------------------------------
 newpage:
#   no. =192   ix  =  6   iy  = 27
#   x = (  -3.0000E-01  -  -2.0000E-01  )
#   y = (   9.5000E-01  -   1.0500E+00  )

x: z[cm]
y: Dose [Gy/source]      
p: xlin ylog afac(0.8) form(0.9)
h: n            x            y(proton  ),hh0l n 
#  z-lower      z-upper        proton    r.err 
   9.8455E+01   9.8486E+01   3.7067E-01  0.0184
   9.8486E+01   9.8517E+01   3.7739E-01  0.0194
   9.8517E+01   9.8549E+01   3.6325E-01  0.0208
   9.8549E+01   9.8580E+01   3.5051E-01  0.0234

#   sum over    1.2500E-03   3.6545E-01  0.0178

'no. =192,  ix =  6,  iy = 27'
msuc: {\huge Histograma dosis-volumen del pouch}
msdr: {\it plotted by \ANGEL \version}
msdl: {\it calculated by \PHITS  3.35}
wt: s(0.7)
\vspace{-3}
  xmin  &=&  -3.0000E-01 [cm]
  xmax  &=&  -2.0000E-01 [cm]
  ymin  &=&   9.5000E-01 [cm]
  ymax  &=&   1.0500E+00 [cm]
e:

#------------------------------------------------------------------------------
 newpage:
#   no. =193   ix  =  6   iy  = 28
#   x = (  -3.0000E-01  -  -2.0000E-01  )
#   y = (   1.0500E+00  -   1.1500E+00  )

x: z[cm]
y: Dose [Gy/source]      
p: xlin ylog afac(0.8) form(0.9)
h: n            x            y(proton  ),hh0l n 
#  z-lower      z-upper        proton    r.err 
   9.8455E+01   9.8486E+01   3.7611E-01  0.0182
   9.8486E+01   9.8517E+01   3.8044E-01  0.0193
   9.8517E+01   9.8549E+01   3.6962E-01  0.0207
   9.8549E+01   9.8580E+01   3.5228E-01  0.0235

#   sum over    1.2500E-03   3.6961E-01  0.0176

'no. =193,  ix =  6,  iy = 28'
msuc: {\huge Histograma dosis-volumen del pouch}
msdr: {\it plotted by \ANGEL \version}
msdl: {\it calculated by \PHITS  3.35}
wt: s(0.7)
\vspace{-3}
  xmin  &=&  -3.0000E-01 [cm]
  xmax  &=&  -2.0000E-01 [cm]
  ymin  &=&   1.0500E+00 [cm]
  ymax  &=&   1.1500E+00 [cm]
e:

#------------------------------------------------------------------------------
 newpage:
#   no. =194   ix  =  6   iy  = 29
#   x = (  -3.0000E-01  -  -2.0000E-01  )
#   y = (   1.1500E+00  -   1.2500E+00  )

x: z[cm]
y: Dose [Gy/source]      
p: xlin ylog afac(0.8) form(0.9)
h: n            x            y(proton  ),hh0l n 
#  z-lower      z-upper        proton    r.err 
   9.8455E+01   9.8486E+01   3.5524E-01  0.0188
   9.8486E+01   9.8517E+01   3.6121E-01  0.0197
   9.8517E+01   9.8549E+01   3.5240E-01  0.0211
   9.8549E+01   9.8580E+01   3.3453E-01  0.0240

#   sum over    1.2500E-03   3.5084E-01  0.0181

'no. =194,  ix =  6,  iy = 29'
msuc: {\huge Histograma dosis-volumen del pouch}
msdr: {\it plotted by \ANGEL \version}
msdl: {\it calculated by \PHITS  3.35}
wt: s(0.7)
\vspace{-3}
  xmin  &=&  -3.0000E-01 [cm]
  xmax  &=&  -2.0000E-01 [cm]
  ymin  &=&   1.1500E+00 [cm]
  ymax  &=&   1.2500E+00 [cm]
e:

#------------------------------------------------------------------------------
 newpage:
#   no. =195   ix  =  6   iy  = 30
#   x = (  -3.0000E-01  -  -2.0000E-01  )
#   y = (   1.2500E+00  -   1.3500E+00  )

x: z[cm]
y: Dose [Gy/source]      
p: xlin ylog afac(0.8) form(0.9)
h: n            x            y(proton  ),hh0l n 
#  z-lower      z-upper        proton    r.err 
   9.8455E+01   9.8486E+01   3.6184E-01  0.0187
   9.8486E+01   9.8517E+01   3.6647E-01  0.0196
   9.8517E+01   9.8549E+01   3.4847E-01  0.0211
   9.8549E+01   9.8580E+01   3.3808E-01  0.0240

#   sum over    1.2500E-03   3.5371E-01  0.0180

'no. =195,  ix =  6,  iy = 30'
msuc: {\huge Histograma dosis-volumen del pouch}
msdr: {\it plotted by \ANGEL \version}
msdl: {\it calculated by \PHITS  3.35}
wt: s(0.7)
\vspace{-3}
  xmin  &=&  -3.0000E-01 [cm]
  xmax  &=&  -2.0000E-01 [cm]
  ymin  &=&   1.2500E+00 [cm]
  ymax  &=&   1.3500E+00 [cm]
e:

#------------------------------------------------------------------------------
 newpage:
#   no. =196   ix  =  6   iy  = 31
#   x = (  -3.0000E-01  -  -2.0000E-01  )
#   y = (   1.3500E+00  -   1.4500E+00  )

x: z[cm]
y: Dose [Gy/source]      
p: xlin ylog afac(0.8) form(0.9)
h: n            x            y(proton  ),hh0l n 
#  z-lower      z-upper        proton    r.err 
   9.8455E+01   9.8486E+01   3.7608E-01  0.0182
   9.8486E+01   9.8517E+01   3.7398E-01  0.0193
   9.8517E+01   9.8549E+01   3.6575E-01  0.0207
   9.8549E+01   9.8580E+01   3.5606E-01  0.0234

#   sum over    1.2500E-03   3.6797E-01  0.0177

'no. =196,  ix =  6,  iy = 31'
msuc: {\huge Histograma dosis-volumen del pouch}
msdr: {\it plotted by \ANGEL \version}
msdl: {\it calculated by \PHITS  3.35}
wt: s(0.7)
\vspace{-3}
  xmin  &=&  -3.0000E-01 [cm]
  xmax  &=&  -2.0000E-01 [cm]
  ymin  &=&   1.3500E+00 [cm]
  ymax  &=&   1.4500E+00 [cm]
e:

#------------------------------------------------------------------------------
 newpage:
#   no. =197   ix  =  6   iy  = 32
#   x = (  -3.0000E-01  -  -2.0000E-01  )
#   y = (   1.4500E+00  -   1.5500E+00  )

x: z[cm]
y: Dose [Gy/source]      
p: xlin ylog afac(0.8) form(0.9)
h: n            x            y(proton  ),hh0l n 
#  z-lower      z-upper        proton    r.err 
   9.8455E+01   9.8486E+01   3.6627E-01  0.0185
   9.8486E+01   9.8517E+01   3.7744E-01  0.0194
   9.8517E+01   9.8549E+01   3.6490E-01  0.0207
   9.8549E+01   9.8580E+01   3.5745E-01  0.0234

#   sum over    1.2500E-03   3.6651E-01  0.0178

'no. =197,  ix =  6,  iy = 32'
msuc: {\huge Histograma dosis-volumen del pouch}
msdr: {\it plotted by \ANGEL \version}
msdl: {\it calculated by \PHITS  3.35}
wt: s(0.7)
\vspace{-3}
  xmin  &=&  -3.0000E-01 [cm]
  xmax  &=&  -2.0000E-01 [cm]
  ymin  &=&   1.4500E+00 [cm]
  ymax  &=&   1.5500E+00 [cm]
e:

#------------------------------------------------------------------------------
 newpage:
#   no. =198   ix  =  6   iy  = 33
#   x = (  -3.0000E-01  -  -2.0000E-01  )
#   y = (   1.5500E+00  -   1.6500E+00  )

x: z[cm]
y: Dose [Gy/source]      
p: xlin ylog afac(0.8) form(0.9)
h: n            x            y(proton  ),hh0l n 
#  z-lower      z-upper        proton    r.err 
   9.8455E+01   9.8486E+01   3.7264E-01  0.0182
   9.8486E+01   9.8517E+01   3.7714E-01  0.0193
   9.8517E+01   9.8549E+01   3.6606E-01  0.0206
   9.8549E+01   9.8580E+01   3.6871E-01  0.0232

#   sum over    1.2500E-03   3.7114E-01  0.0177

'no. =198,  ix =  6,  iy = 33'
msuc: {\huge Histograma dosis-volumen del pouch}
msdr: {\it plotted by \ANGEL \version}
msdl: {\it calculated by \PHITS  3.35}
wt: s(0.7)
\vspace{-3}
  xmin  &=&  -3.0000E-01 [cm]
  xmax  &=&  -2.0000E-01 [cm]
  ymin  &=&   1.5500E+00 [cm]
  ymax  &=&   1.6500E+00 [cm]
e:

#------------------------------------------------------------------------------
 newpage:
#   no. =199   ix  =  7   iy  =  1
#   x = (  -2.0000E-01  -  -1.0000E-01  )
#   y = (  -1.6500E+00  -  -1.5500E+00  )

x: z[cm]
y: Dose [Gy/source]      
p: xlin ylog afac(0.8) form(0.9)
h: n            x            y(proton  ),hh0l n 
#  z-lower      z-upper        proton    r.err 
   9.8455E+01   9.8486E+01   0.0000E+00  0.0000
   9.8486E+01   9.8517E+01   0.0000E+00  0.0000
   9.8517E+01   9.8549E+01   0.0000E+00  0.0000
   9.8549E+01   9.8580E+01   0.0000E+00  0.0000

#   sum over    1.2500E-03   0.0000E+00  0.0000

'no. =199,  ix =  7,  iy =  1'
msuc: {\huge Histograma dosis-volumen del pouch}
msdr: {\it plotted by \ANGEL \version}
msdl: {\it calculated by \PHITS  3.35}
wt: s(0.7)
\vspace{-3}
  xmin  &=&  -2.0000E-01 [cm]
  xmax  &=&  -1.0000E-01 [cm]
  ymin  &=&  -1.6500E+00 [cm]
  ymax  &=&  -1.5500E+00 [cm]
e:

#------------------------------------------------------------------------------
 newpage:
#   no. =200   ix  =  7   iy  =  2
#   x = (  -2.0000E-01  -  -1.0000E-01  )
#   y = (  -1.5500E+00  -  -1.4500E+00  )

x: z[cm]
y: Dose [Gy/source]      
p: xlin ylog afac(0.8) form(0.9)
h: n            x            y(proton  ),hh0l n 
#  z-lower      z-upper        proton    r.err 
   9.8455E+01   9.8486E+01   0.0000E+00  0.0000
   9.8486E+01   9.8517E+01   0.0000E+00  0.0000
   9.8517E+01   9.8549E+01   0.0000E+00  0.0000
   9.8549E+01   9.8580E+01   0.0000E+00  0.0000

#   sum over    1.2500E-03   0.0000E+00  0.0000

'no. =200,  ix =  7,  iy =  2'
msuc: {\huge Histograma dosis-volumen del pouch}
msdr: {\it plotted by \ANGEL \version}
msdl: {\it calculated by \PHITS  3.35}
wt: s(0.7)
\vspace{-3}
  xmin  &=&  -2.0000E-01 [cm]
  xmax  &=&  -1.0000E-01 [cm]
  ymin  &=&  -1.5500E+00 [cm]
  ymax  &=&  -1.4500E+00 [cm]
e:

#------------------------------------------------------------------------------
 newpage:
#   no. =201   ix  =  7   iy  =  3
#   x = (  -2.0000E-01  -  -1.0000E-01  )
#   y = (  -1.4500E+00  -  -1.3500E+00  )

x: z[cm]
y: Dose [Gy/source]      
p: xlin ylog afac(0.8) form(0.9)
h: n            x            y(proton  ),hh0l n 
#  z-lower      z-upper        proton    r.err 
   9.8455E+01   9.8486E+01   0.0000E+00  0.0000
   9.8486E+01   9.8517E+01   0.0000E+00  0.0000
   9.8517E+01   9.8549E+01   0.0000E+00  0.0000
   9.8549E+01   9.8580E+01   0.0000E+00  0.0000

#   sum over    1.2500E-03   0.0000E+00  0.0000

'no. =201,  ix =  7,  iy =  3'
msuc: {\huge Histograma dosis-volumen del pouch}
msdr: {\it plotted by \ANGEL \version}
msdl: {\it calculated by \PHITS  3.35}
wt: s(0.7)
\vspace{-3}
  xmin  &=&  -2.0000E-01 [cm]
  xmax  &=&  -1.0000E-01 [cm]
  ymin  &=&  -1.4500E+00 [cm]
  ymax  &=&  -1.3500E+00 [cm]
e:

#------------------------------------------------------------------------------
 newpage:
#   no. =202   ix  =  7   iy  =  4
#   x = (  -2.0000E-01  -  -1.0000E-01  )
#   y = (  -1.3500E+00  -  -1.2500E+00  )

x: z[cm]
y: Dose [Gy/source]      
p: xlin ylog afac(0.8) form(0.9)
h: n            x            y(proton  ),hh0l n 
#  z-lower      z-upper        proton    r.err 
   9.8455E+01   9.8486E+01   2.6228E-01  0.0216
   9.8486E+01   9.8517E+01   2.7187E-01  0.0227
   9.8517E+01   9.8549E+01   2.7225E-01  0.0241
   9.8549E+01   9.8580E+01   2.6087E-01  0.0272

#   sum over    1.2500E-03   2.6682E-01  0.0208

'no. =202,  ix =  7,  iy =  4'
msuc: {\huge Histograma dosis-volumen del pouch}
msdr: {\it plotted by \ANGEL \version}
msdl: {\it calculated by \PHITS  3.35}
wt: s(0.7)
\vspace{-3}
  xmin  &=&  -2.0000E-01 [cm]
  xmax  &=&  -1.0000E-01 [cm]
  ymin  &=&  -1.3500E+00 [cm]
  ymax  &=&  -1.2500E+00 [cm]
e:

#------------------------------------------------------------------------------
 newpage:
#   no. =203   ix  =  7   iy  =  5
#   x = (  -2.0000E-01  -  -1.0000E-01  )
#   y = (  -1.2500E+00  -  -1.1500E+00  )

x: z[cm]
y: Dose [Gy/source]      
p: xlin ylog afac(0.8) form(0.9)
h: n            x            y(proton  ),hh0l n 
#  z-lower      z-upper        proton    r.err 
   9.8455E+01   9.8486E+01   3.7405E-01  0.0182
   9.8486E+01   9.8517E+01   3.8305E-01  0.0191
   9.8517E+01   9.8549E+01   3.7031E-01  0.0205
   9.8549E+01   9.8580E+01   3.6355E-01  0.0232

#   sum over    1.2500E-03   3.7274E-01  0.0176

'no. =203,  ix =  7,  iy =  5'
msuc: {\huge Histograma dosis-volumen del pouch}
msdr: {\it plotted by \ANGEL \version}
msdl: {\it calculated by \PHITS  3.35}
wt: s(0.7)
\vspace{-3}
  xmin  &=&  -2.0000E-01 [cm]
  xmax  &=&  -1.0000E-01 [cm]
  ymin  &=&  -1.2500E+00 [cm]
  ymax  &=&  -1.1500E+00 [cm]
e:

#------------------------------------------------------------------------------
 newpage:
#   no. =204   ix  =  7   iy  =  6
#   x = (  -2.0000E-01  -  -1.0000E-01  )
#   y = (  -1.1500E+00  -  -1.0500E+00  )

x: z[cm]
y: Dose [Gy/source]      
p: xlin ylog afac(0.8) form(0.9)
h: n            x            y(proton  ),hh0l n 
#  z-lower      z-upper        proton    r.err 
   9.8455E+01   9.8486E+01   3.6305E-01  0.0186
   9.8486E+01   9.8517E+01   3.6650E-01  0.0197
   9.8517E+01   9.8549E+01   3.5549E-01  0.0210
   9.8549E+01   9.8580E+01   3.4089E-01  0.0238

#   sum over    1.2500E-03   3.5648E-01  0.0180

'no. =204,  ix =  7,  iy =  6'
msuc: {\huge Histograma dosis-volumen del pouch}
msdr: {\it plotted by \ANGEL \version}
msdl: {\it calculated by \PHITS  3.35}
wt: s(0.7)
\vspace{-3}
  xmin  &=&  -2.0000E-01 [cm]
  xmax  &=&  -1.0000E-01 [cm]
  ymin  &=&  -1.1500E+00 [cm]
  ymax  &=&  -1.0500E+00 [cm]
e:

#------------------------------------------------------------------------------
 newpage:
#   no. =205   ix  =  7   iy  =  7
#   x = (  -2.0000E-01  -  -1.0000E-01  )
#   y = (  -1.0500E+00  -  -9.5000E-01  )

x: z[cm]
y: Dose [Gy/source]      
p: xlin ylog afac(0.8) form(0.9)
h: n            x            y(proton  ),hh0l n 
#  z-lower      z-upper        proton    r.err 
   9.8455E+01   9.8486E+01   3.5565E-01  0.0188
   9.8486E+01   9.8517E+01   3.5547E-01  0.0198
   9.8517E+01   9.8549E+01   3.4802E-01  0.0212
   9.8549E+01   9.8580E+01   3.3553E-01  0.0240

#   sum over    1.2500E-03   3.4867E-01  0.0182

'no. =205,  ix =  7,  iy =  7'
msuc: {\huge Histograma dosis-volumen del pouch}
msdr: {\it plotted by \ANGEL \version}
msdl: {\it calculated by \PHITS  3.35}
wt: s(0.7)
\vspace{-3}
  xmin  &=&  -2.0000E-01 [cm]
  xmax  &=&  -1.0000E-01 [cm]
  ymin  &=&  -1.0500E+00 [cm]
  ymax  &=&  -9.5000E-01 [cm]
e:

#------------------------------------------------------------------------------
 newpage:
#   no. =206   ix  =  7   iy  =  8
#   x = (  -2.0000E-01  -  -1.0000E-01  )
#   y = (  -9.5000E-01  -  -8.5000E-01  )

x: z[cm]
y: Dose [Gy/source]      
p: xlin ylog afac(0.8) form(0.9)
h: n            x            y(proton  ),hh0l n 
#  z-lower      z-upper        proton    r.err 
   9.8455E+01   9.8486E+01   3.6255E-01  0.0187
   9.8486E+01   9.8517E+01   3.6038E-01  0.0198
   9.8517E+01   9.8549E+01   3.4381E-01  0.0214
   9.8549E+01   9.8580E+01   3.3834E-01  0.0241

#   sum over    1.2500E-03   3.5127E-01  0.0181

'no. =206,  ix =  7,  iy =  8'
msuc: {\huge Histograma dosis-volumen del pouch}
msdr: {\it plotted by \ANGEL \version}
msdl: {\it calculated by \PHITS  3.35}
wt: s(0.7)
\vspace{-3}
  xmin  &=&  -2.0000E-01 [cm]
  xmax  &=&  -1.0000E-01 [cm]
  ymin  &=&  -9.5000E-01 [cm]
  ymax  &=&  -8.5000E-01 [cm]
e:

#------------------------------------------------------------------------------
 newpage:
#   no. =207   ix  =  7   iy  =  9
#   x = (  -2.0000E-01  -  -1.0000E-01  )
#   y = (  -8.5000E-01  -  -7.5000E-01  )

x: z[cm]
y: Dose [Gy/source]      
p: xlin ylog afac(0.8) form(0.9)
h: n            x            y(proton  ),hh0l n 
#  z-lower      z-upper        proton    r.err 
   9.8455E+01   9.8486E+01   3.6993E-01  0.0184
   9.8486E+01   9.8517E+01   3.7293E-01  0.0196
   9.8517E+01   9.8549E+01   3.5827E-01  0.0209
   9.8549E+01   9.8580E+01   3.4903E-01  0.0236

#   sum over    1.2500E-03   3.6254E-01  0.0179

'no. =207,  ix =  7,  iy =  9'
msuc: {\huge Histograma dosis-volumen del pouch}
msdr: {\it plotted by \ANGEL \version}
msdl: {\it calculated by \PHITS  3.35}
wt: s(0.7)
\vspace{-3}
  xmin  &=&  -2.0000E-01 [cm]
  xmax  &=&  -1.0000E-01 [cm]
  ymin  &=&  -8.5000E-01 [cm]
  ymax  &=&  -7.5000E-01 [cm]
e:

#------------------------------------------------------------------------------
 newpage:
#   no. =208   ix  =  7   iy  = 10
#   x = (  -2.0000E-01  -  -1.0000E-01  )
#   y = (  -7.5000E-01  -  -6.5000E-01  )

x: z[cm]
y: Dose [Gy/source]      
p: xlin ylog afac(0.8) form(0.9)
h: n            x            y(proton  ),hh0l n 
#  z-lower      z-upper        proton    r.err 
   9.8455E+01   9.8486E+01   3.6942E-01  0.0184
   9.8486E+01   9.8517E+01   3.7327E-01  0.0194
   9.8517E+01   9.8549E+01   3.5981E-01  0.0209
   9.8549E+01   9.8580E+01   3.4765E-01  0.0237

#   sum over    1.2500E-03   3.6254E-01  0.0178

'no. =208,  ix =  7,  iy = 10'
msuc: {\huge Histograma dosis-volumen del pouch}
msdr: {\it plotted by \ANGEL \version}
msdl: {\it calculated by \PHITS  3.35}
wt: s(0.7)
\vspace{-3}
  xmin  &=&  -2.0000E-01 [cm]
  xmax  &=&  -1.0000E-01 [cm]
  ymin  &=&  -7.5000E-01 [cm]
  ymax  &=&  -6.5000E-01 [cm]
e:

#------------------------------------------------------------------------------
 newpage:
#   no. =209   ix  =  7   iy  = 11
#   x = (  -2.0000E-01  -  -1.0000E-01  )
#   y = (  -6.5000E-01  -  -5.5000E-01  )

x: z[cm]
y: Dose [Gy/source]      
p: xlin ylog afac(0.8) form(0.9)
h: n            x            y(proton  ),hh0l n 
#  z-lower      z-upper        proton    r.err 
   9.8455E+01   9.8486E+01   3.6215E-01  0.0186
   9.8486E+01   9.8517E+01   3.6270E-01  0.0196
   9.8517E+01   9.8549E+01   3.5492E-01  0.0210
   9.8549E+01   9.8580E+01   3.4283E-01  0.0238

#   sum over    1.2500E-03   3.5565E-01  0.0181

'no. =209,  ix =  7,  iy = 11'
msuc: {\huge Histograma dosis-volumen del pouch}
msdr: {\it plotted by \ANGEL \version}
msdl: {\it calculated by \PHITS  3.35}
wt: s(0.7)
\vspace{-3}
  xmin  &=&  -2.0000E-01 [cm]
  xmax  &=&  -1.0000E-01 [cm]
  ymin  &=&  -6.5000E-01 [cm]
  ymax  &=&  -5.5000E-01 [cm]
e:

#------------------------------------------------------------------------------
 newpage:
#   no. =210   ix  =  7   iy  = 12
#   x = (  -2.0000E-01  -  -1.0000E-01  )
#   y = (  -5.5000E-01  -  -4.5000E-01  )

x: z[cm]
y: Dose [Gy/source]      
p: xlin ylog afac(0.8) form(0.9)
h: n            x            y(proton  ),hh0l n 
#  z-lower      z-upper        proton    r.err 
   9.8455E+01   9.8486E+01   3.6080E-01  0.0188
   9.8486E+01   9.8517E+01   3.6009E-01  0.0198
   9.8517E+01   9.8549E+01   3.4186E-01  0.0215
   9.8549E+01   9.8580E+01   3.2693E-01  0.0244

#   sum over    1.2500E-03   3.4741E-01  0.0182

'no. =210,  ix =  7,  iy = 12'
msuc: {\huge Histograma dosis-volumen del pouch}
msdr: {\it plotted by \ANGEL \version}
msdl: {\it calculated by \PHITS  3.35}
wt: s(0.7)
\vspace{-3}
  xmin  &=&  -2.0000E-01 [cm]
  xmax  &=&  -1.0000E-01 [cm]
  ymin  &=&  -5.5000E-01 [cm]
  ymax  &=&  -4.5000E-01 [cm]
e:

#------------------------------------------------------------------------------
 newpage:
#   no. =211   ix  =  7   iy  = 13
#   x = (  -2.0000E-01  -  -1.0000E-01  )
#   y = (  -4.5000E-01  -  -3.5000E-01  )

x: z[cm]
y: Dose [Gy/source]      
p: xlin ylog afac(0.8) form(0.9)
h: n            x            y(proton  ),hh0l n 
#  z-lower      z-upper        proton    r.err 
   9.8455E+01   9.8486E+01   3.6154E-01  0.0186
   9.8486E+01   9.8517E+01   3.6896E-01  0.0196
   9.8517E+01   9.8549E+01   3.5144E-01  0.0212
   9.8549E+01   9.8580E+01   3.3443E-01  0.0241

#   sum over    1.2500E-03   3.5410E-01  0.0180

'no. =211,  ix =  7,  iy = 13'
msuc: {\huge Histograma dosis-volumen del pouch}
msdr: {\it plotted by \ANGEL \version}
msdl: {\it calculated by \PHITS  3.35}
wt: s(0.7)
\vspace{-3}
  xmin  &=&  -2.0000E-01 [cm]
  xmax  &=&  -1.0000E-01 [cm]
  ymin  &=&  -4.5000E-01 [cm]
  ymax  &=&  -3.5000E-01 [cm]
e:

#------------------------------------------------------------------------------
 newpage:
#   no. =212   ix  =  7   iy  = 14
#   x = (  -2.0000E-01  -  -1.0000E-01  )
#   y = (  -3.5000E-01  -  -2.5000E-01  )

x: z[cm]
y: Dose [Gy/source]      
p: xlin ylog afac(0.8) form(0.9)
h: n            x            y(proton  ),hh0l n 
#  z-lower      z-upper        proton    r.err 
   9.8455E+01   9.8486E+01   3.3761E-01  0.0191
   9.8486E+01   9.8517E+01   3.4466E-01  0.0202
   9.8517E+01   9.8549E+01   3.3109E-01  0.0218
   9.8549E+01   9.8580E+01   3.2479E-01  0.0245

#   sum over    1.2500E-03   3.3454E-01  0.0186

'no. =212,  ix =  7,  iy = 14'
msuc: {\huge Histograma dosis-volumen del pouch}
msdr: {\it plotted by \ANGEL \version}
msdl: {\it calculated by \PHITS  3.35}
wt: s(0.7)
\vspace{-3}
  xmin  &=&  -2.0000E-01 [cm]
  xmax  &=&  -1.0000E-01 [cm]
  ymin  &=&  -3.5000E-01 [cm]
  ymax  &=&  -2.5000E-01 [cm]
e:

#------------------------------------------------------------------------------
 newpage:
#   no. =213   ix  =  7   iy  = 15
#   x = (  -2.0000E-01  -  -1.0000E-01  )
#   y = (  -2.5000E-01  -  -1.5000E-01  )

x: z[cm]
y: Dose [Gy/source]      
p: xlin ylog afac(0.8) form(0.9)
h: n            x            y(proton  ),hh0l n 
#  z-lower      z-upper        proton    r.err 
   9.8455E+01   9.8486E+01   3.6436E-01  0.0187
   9.8486E+01   9.8517E+01   3.5712E-01  0.0198
   9.8517E+01   9.8549E+01   3.4575E-01  0.0214
   9.8549E+01   9.8580E+01   3.2366E-01  0.0244

#   sum over    1.2500E-03   3.4772E-01  0.0181

'no. =213,  ix =  7,  iy = 15'
msuc: {\huge Histograma dosis-volumen del pouch}
msdr: {\it plotted by \ANGEL \version}
msdl: {\it calculated by \PHITS  3.35}
wt: s(0.7)
\vspace{-3}
  xmin  &=&  -2.0000E-01 [cm]
  xmax  &=&  -1.0000E-01 [cm]
  ymin  &=&  -2.5000E-01 [cm]
  ymax  &=&  -1.5000E-01 [cm]
e:

#------------------------------------------------------------------------------
 newpage:
#   no. =214   ix  =  7   iy  = 16
#   x = (  -2.0000E-01  -  -1.0000E-01  )
#   y = (  -1.5000E-01  -  -5.0000E-02  )

x: z[cm]
y: Dose [Gy/source]      
p: xlin ylog afac(0.8) form(0.9)
h: n            x            y(proton  ),hh0l n 
#  z-lower      z-upper        proton    r.err 
   9.8455E+01   9.8486E+01   3.4944E-01  0.0189
   9.8486E+01   9.8517E+01   3.5376E-01  0.0200
   9.8517E+01   9.8549E+01   3.3642E-01  0.0215
   9.8549E+01   9.8580E+01   3.2812E-01  0.0243

#   sum over    1.2500E-03   3.4194E-01  0.0183

'no. =214,  ix =  7,  iy = 16'
msuc: {\huge Histograma dosis-volumen del pouch}
msdr: {\it plotted by \ANGEL \version}
msdl: {\it calculated by \PHITS  3.35}
wt: s(0.7)
\vspace{-3}
  xmin  &=&  -2.0000E-01 [cm]
  xmax  &=&  -1.0000E-01 [cm]
  ymin  &=&  -1.5000E-01 [cm]
  ymax  &=&  -5.0000E-02 [cm]
e:

#------------------------------------------------------------------------------
 newpage:
#   no. =215   ix  =  7   iy  = 17
#   x = (  -2.0000E-01  -  -1.0000E-01  )
#   y = (  -5.0000E-02  -   5.0000E-02  )

x: z[cm]
y: Dose [Gy/source]      
p: xlin ylog afac(0.8) form(0.9)
h: n            x            y(proton  ),hh0l n 
#  z-lower      z-upper        proton    r.err 
   9.8455E+01   9.8486E+01   3.6155E-01  0.0186
   9.8486E+01   9.8517E+01   3.6268E-01  0.0197
   9.8517E+01   9.8549E+01   3.5368E-01  0.0212
   9.8549E+01   9.8580E+01   3.3693E-01  0.0240

#   sum over    1.2500E-03   3.5371E-01  0.0181

'no. =215,  ix =  7,  iy = 17'
msuc: {\huge Histograma dosis-volumen del pouch}
msdr: {\it plotted by \ANGEL \version}
msdl: {\it calculated by \PHITS  3.35}
wt: s(0.7)
\vspace{-3}
  xmin  &=&  -2.0000E-01 [cm]
  xmax  &=&  -1.0000E-01 [cm]
  ymin  &=&  -5.0000E-02 [cm]
  ymax  &=&   5.0000E-02 [cm]
e:

#------------------------------------------------------------------------------
 newpage:
#   no. =216   ix  =  7   iy  = 18
#   x = (  -2.0000E-01  -  -1.0000E-01  )
#   y = (   5.0000E-02  -   1.5000E-01  )

x: z[cm]
y: Dose [Gy/source]      
p: xlin ylog afac(0.8) form(0.9)
h: n            x            y(proton  ),hh0l n 
#  z-lower      z-upper        proton    r.err 
   9.8455E+01   9.8486E+01   3.5835E-01  0.0188
   9.8486E+01   9.8517E+01   3.5855E-01  0.0198
   9.8517E+01   9.8549E+01   3.4809E-01  0.0212
   9.8549E+01   9.8580E+01   3.3526E-01  0.0241

#   sum over    1.2500E-03   3.5006E-01  0.0182

'no. =216,  ix =  7,  iy = 18'
msuc: {\huge Histograma dosis-volumen del pouch}
msdr: {\it plotted by \ANGEL \version}
msdl: {\it calculated by \PHITS  3.35}
wt: s(0.7)
\vspace{-3}
  xmin  &=&  -2.0000E-01 [cm]
  xmax  &=&  -1.0000E-01 [cm]
  ymin  &=&   5.0000E-02 [cm]
  ymax  &=&   1.5000E-01 [cm]
e:

#------------------------------------------------------------------------------
 newpage:
#   no. =217   ix  =  7   iy  = 19
#   x = (  -2.0000E-01  -  -1.0000E-01  )
#   y = (   1.5000E-01  -   2.5000E-01  )

x: z[cm]
y: Dose [Gy/source]      
p: xlin ylog afac(0.8) form(0.9)
h: n            x            y(proton  ),hh0l n 
#  z-lower      z-upper        proton    r.err 
   9.8455E+01   9.8486E+01   3.6039E-01  0.0186
   9.8486E+01   9.8517E+01   3.6236E-01  0.0196
   9.8517E+01   9.8549E+01   3.6582E-01  0.0207
   9.8549E+01   9.8580E+01   3.5164E-01  0.0235

#   sum over    1.2500E-03   3.6005E-01  0.0180

'no. =217,  ix =  7,  iy = 19'
msuc: {\huge Histograma dosis-volumen del pouch}
msdr: {\it plotted by \ANGEL \version}
msdl: {\it calculated by \PHITS  3.35}
wt: s(0.7)
\vspace{-3}
  xmin  &=&  -2.0000E-01 [cm]
  xmax  &=&  -1.0000E-01 [cm]
  ymin  &=&   1.5000E-01 [cm]
  ymax  &=&   2.5000E-01 [cm]
e:

#------------------------------------------------------------------------------
 newpage:
#   no. =218   ix  =  7   iy  = 20
#   x = (  -2.0000E-01  -  -1.0000E-01  )
#   y = (   2.5000E-01  -   3.5000E-01  )

x: z[cm]
y: Dose [Gy/source]      
p: xlin ylog afac(0.8) form(0.9)
h: n            x            y(proton  ),hh0l n 
#  z-lower      z-upper        proton    r.err 
   9.8455E+01   9.8486E+01   3.4856E-01  0.0190
   9.8486E+01   9.8517E+01   3.4578E-01  0.0201
   9.8517E+01   9.8549E+01   3.3314E-01  0.0216
   9.8549E+01   9.8580E+01   3.2493E-01  0.0245

#   sum over    1.2500E-03   3.3810E-01  0.0185

'no. =218,  ix =  7,  iy = 20'
msuc: {\huge Histograma dosis-volumen del pouch}
msdr: {\it plotted by \ANGEL \version}
msdl: {\it calculated by \PHITS  3.35}
wt: s(0.7)
\vspace{-3}
  xmin  &=&  -2.0000E-01 [cm]
  xmax  &=&  -1.0000E-01 [cm]
  ymin  &=&   2.5000E-01 [cm]
  ymax  &=&   3.5000E-01 [cm]
e:

#------------------------------------------------------------------------------
 newpage:
#   no. =219   ix  =  7   iy  = 21
#   x = (  -2.0000E-01  -  -1.0000E-01  )
#   y = (   3.5000E-01  -   4.5000E-01  )

x: z[cm]
y: Dose [Gy/source]      
p: xlin ylog afac(0.8) form(0.9)
h: n            x            y(proton  ),hh0l n 
#  z-lower      z-upper        proton    r.err 
   9.8455E+01   9.8486E+01   3.5890E-01  0.0188
   9.8486E+01   9.8517E+01   3.5564E-01  0.0199
   9.8517E+01   9.8549E+01   3.4085E-01  0.0215
   9.8549E+01   9.8580E+01   3.3112E-01  0.0242

#   sum over    1.2500E-03   3.4662E-01  0.0182

'no. =219,  ix =  7,  iy = 21'
msuc: {\huge Histograma dosis-volumen del pouch}
msdr: {\it plotted by \ANGEL \version}
msdl: {\it calculated by \PHITS  3.35}
wt: s(0.7)
\vspace{-3}
  xmin  &=&  -2.0000E-01 [cm]
  xmax  &=&  -1.0000E-01 [cm]
  ymin  &=&   3.5000E-01 [cm]
  ymax  &=&   4.5000E-01 [cm]
e:

#------------------------------------------------------------------------------
 newpage:
#   no. =220   ix  =  7   iy  = 22
#   x = (  -2.0000E-01  -  -1.0000E-01  )
#   y = (   4.5000E-01  -   5.5000E-01  )

x: z[cm]
y: Dose [Gy/source]      
p: xlin ylog afac(0.8) form(0.9)
h: n            x            y(proton  ),hh0l n 
#  z-lower      z-upper        proton    r.err 
   9.8455E+01   9.8486E+01   3.6419E-01  0.0188
   9.8486E+01   9.8517E+01   3.6157E-01  0.0199
   9.8517E+01   9.8549E+01   3.4019E-01  0.0216
   9.8549E+01   9.8580E+01   3.2374E-01  0.0245

#   sum over    1.2500E-03   3.4742E-01  0.0182

'no. =220,  ix =  7,  iy = 22'
msuc: {\huge Histograma dosis-volumen del pouch}
msdr: {\it plotted by \ANGEL \version}
msdl: {\it calculated by \PHITS  3.35}
wt: s(0.7)
\vspace{-3}
  xmin  &=&  -2.0000E-01 [cm]
  xmax  &=&  -1.0000E-01 [cm]
  ymin  &=&   4.5000E-01 [cm]
  ymax  &=&   5.5000E-01 [cm]
e:

#------------------------------------------------------------------------------
 newpage:
#   no. =221   ix  =  7   iy  = 23
#   x = (  -2.0000E-01  -  -1.0000E-01  )
#   y = (   5.5000E-01  -   6.5000E-01  )

x: z[cm]
y: Dose [Gy/source]      
p: xlin ylog afac(0.8) form(0.9)
h: n            x            y(proton  ),hh0l n 
#  z-lower      z-upper        proton    r.err 
   9.8455E+01   9.8486E+01   3.6337E-01  0.0185
   9.8486E+01   9.8517E+01   3.6724E-01  0.0194
   9.8517E+01   9.8549E+01   3.6066E-01  0.0209
   9.8549E+01   9.8580E+01   3.4095E-01  0.0239

#   sum over    1.2500E-03   3.5806E-01  0.0180

'no. =221,  ix =  7,  iy = 23'
msuc: {\huge Histograma dosis-volumen del pouch}
msdr: {\it plotted by \ANGEL \version}
msdl: {\it calculated by \PHITS  3.35}
wt: s(0.7)
\vspace{-3}
  xmin  &=&  -2.0000E-01 [cm]
  xmax  &=&  -1.0000E-01 [cm]
  ymin  &=&   5.5000E-01 [cm]
  ymax  &=&   6.5000E-01 [cm]
e:

#------------------------------------------------------------------------------
 newpage:
#   no. =222   ix  =  7   iy  = 24
#   x = (  -2.0000E-01  -  -1.0000E-01  )
#   y = (   6.5000E-01  -   7.5000E-01  )

x: z[cm]
y: Dose [Gy/source]      
p: xlin ylog afac(0.8) form(0.9)
h: n            x            y(proton  ),hh0l n 
#  z-lower      z-upper        proton    r.err 
   9.8455E+01   9.8486E+01   3.6727E-01  0.0186
   9.8486E+01   9.8517E+01   3.6708E-01  0.0196
   9.8517E+01   9.8549E+01   3.5309E-01  0.0211
   9.8549E+01   9.8580E+01   3.3839E-01  0.0240

#   sum over    1.2500E-03   3.5646E-01  0.0179

'no. =222,  ix =  7,  iy = 24'
msuc: {\huge Histograma dosis-volumen del pouch}
msdr: {\it plotted by \ANGEL \version}
msdl: {\it calculated by \PHITS  3.35}
wt: s(0.7)
\vspace{-3}
  xmin  &=&  -2.0000E-01 [cm]
  xmax  &=&  -1.0000E-01 [cm]
  ymin  &=&   6.5000E-01 [cm]
  ymax  &=&   7.5000E-01 [cm]
e:

#------------------------------------------------------------------------------
 newpage:
#   no. =223   ix  =  7   iy  = 25
#   x = (  -2.0000E-01  -  -1.0000E-01  )
#   y = (   7.5000E-01  -   8.5000E-01  )

x: z[cm]
y: Dose [Gy/source]      
p: xlin ylog afac(0.8) form(0.9)
h: n            x            y(proton  ),hh0l n 
#  z-lower      z-upper        proton    r.err 
   9.8455E+01   9.8486E+01   3.5338E-01  0.0188
   9.8486E+01   9.8517E+01   3.5840E-01  0.0198
   9.8517E+01   9.8549E+01   3.4804E-01  0.0212
   9.8549E+01   9.8580E+01   3.4036E-01  0.0239

#   sum over    1.2500E-03   3.5005E-01  0.0182

'no. =223,  ix =  7,  iy = 25'
msuc: {\huge Histograma dosis-volumen del pouch}
msdr: {\it plotted by \ANGEL \version}
msdl: {\it calculated by \PHITS  3.35}
wt: s(0.7)
\vspace{-3}
  xmin  &=&  -2.0000E-01 [cm]
  xmax  &=&  -1.0000E-01 [cm]
  ymin  &=&   7.5000E-01 [cm]
  ymax  &=&   8.5000E-01 [cm]
e:

#------------------------------------------------------------------------------
 newpage:
#   no. =224   ix  =  7   iy  = 26
#   x = (  -2.0000E-01  -  -1.0000E-01  )
#   y = (   8.5000E-01  -   9.5000E-01  )

x: z[cm]
y: Dose [Gy/source]      
p: xlin ylog afac(0.8) form(0.9)
h: n            x            y(proton  ),hh0l n 
#  z-lower      z-upper        proton    r.err 
   9.8455E+01   9.8486E+01   3.5261E-01  0.0189
   9.8486E+01   9.8517E+01   3.5622E-01  0.0199
   9.8517E+01   9.8549E+01   3.4246E-01  0.0214
   9.8549E+01   9.8580E+01   3.3213E-01  0.0241

#   sum over    1.2500E-03   3.4586E-01  0.0182

'no. =224,  ix =  7,  iy = 26'
msuc: {\huge Histograma dosis-volumen del pouch}
msdr: {\it plotted by \ANGEL \version}
msdl: {\it calculated by \PHITS  3.35}
wt: s(0.7)
\vspace{-3}
  xmin  &=&  -2.0000E-01 [cm]
  xmax  &=&  -1.0000E-01 [cm]
  ymin  &=&   8.5000E-01 [cm]
  ymax  &=&   9.5000E-01 [cm]
e:

#------------------------------------------------------------------------------
 newpage:
#   no. =225   ix  =  7   iy  = 27
#   x = (  -2.0000E-01  -  -1.0000E-01  )
#   y = (   9.5000E-01  -   1.0500E+00  )

x: z[cm]
y: Dose [Gy/source]      
p: xlin ylog afac(0.8) form(0.9)
h: n            x            y(proton  ),hh0l n 
#  z-lower      z-upper        proton    r.err 
   9.8455E+01   9.8486E+01   3.6654E-01  0.0185
   9.8486E+01   9.8517E+01   3.7055E-01  0.0194
   9.8517E+01   9.8549E+01   3.5573E-01  0.0210
   9.8549E+01   9.8580E+01   3.4725E-01  0.0237

#   sum over    1.2500E-03   3.6002E-01  0.0180

'no. =225,  ix =  7,  iy = 27'
msuc: {\huge Histograma dosis-volumen del pouch}
msdr: {\it plotted by \ANGEL \version}
msdl: {\it calculated by \PHITS  3.35}
wt: s(0.7)
\vspace{-3}
  xmin  &=&  -2.0000E-01 [cm]
  xmax  &=&  -1.0000E-01 [cm]
  ymin  &=&   9.5000E-01 [cm]
  ymax  &=&   1.0500E+00 [cm]
e:

#------------------------------------------------------------------------------
 newpage:
#   no. =226   ix  =  7   iy  = 28
#   x = (  -2.0000E-01  -  -1.0000E-01  )
#   y = (   1.0500E+00  -   1.1500E+00  )

x: z[cm]
y: Dose [Gy/source]      
p: xlin ylog afac(0.8) form(0.9)
h: n            x            y(proton  ),hh0l n 
#  z-lower      z-upper        proton    r.err 
   9.8455E+01   9.8486E+01   3.5795E-01  0.0185
   9.8486E+01   9.8517E+01   3.6602E-01  0.0196
   9.8517E+01   9.8549E+01   3.5412E-01  0.0210
   9.8549E+01   9.8580E+01   3.5171E-01  0.0236

#   sum over    1.2500E-03   3.5745E-01  0.0180

'no. =226,  ix =  7,  iy = 28'
msuc: {\huge Histograma dosis-volumen del pouch}
msdr: {\it plotted by \ANGEL \version}
msdl: {\it calculated by \PHITS  3.35}
wt: s(0.7)
\vspace{-3}
  xmin  &=&  -2.0000E-01 [cm]
  xmax  &=&  -1.0000E-01 [cm]
  ymin  &=&   1.0500E+00 [cm]
  ymax  &=&   1.1500E+00 [cm]
e:

#------------------------------------------------------------------------------
 newpage:
#   no. =227   ix  =  7   iy  = 29
#   x = (  -2.0000E-01  -  -1.0000E-01  )
#   y = (   1.1500E+00  -   1.2500E+00  )

x: z[cm]
y: Dose [Gy/source]      
p: xlin ylog afac(0.8) form(0.9)
h: n            x            y(proton  ),hh0l n 
#  z-lower      z-upper        proton    r.err 
   9.8455E+01   9.8486E+01   3.7425E-01  0.0183
   9.8486E+01   9.8517E+01   3.8022E-01  0.0193
   9.8517E+01   9.8549E+01   3.6412E-01  0.0207
   9.8549E+01   9.8580E+01   3.4442E-01  0.0237

#   sum over    1.2500E-03   3.6575E-01  0.0178

'no. =227,  ix =  7,  iy = 29'
msuc: {\huge Histograma dosis-volumen del pouch}
msdr: {\it plotted by \ANGEL \version}
msdl: {\it calculated by \PHITS  3.35}
wt: s(0.7)
\vspace{-3}
  xmin  &=&  -2.0000E-01 [cm]
  xmax  &=&  -1.0000E-01 [cm]
  ymin  &=&   1.1500E+00 [cm]
  ymax  &=&   1.2500E+00 [cm]
e:

#------------------------------------------------------------------------------
 newpage:
#   no. =228   ix  =  7   iy  = 30
#   x = (  -2.0000E-01  -  -1.0000E-01  )
#   y = (   1.2500E+00  -   1.3500E+00  )

x: z[cm]
y: Dose [Gy/source]      
p: xlin ylog afac(0.8) form(0.9)
h: n            x            y(proton  ),hh0l n 
#  z-lower      z-upper        proton    r.err 
   9.8455E+01   9.8486E+01   3.5979E-01  0.0186
   9.8486E+01   9.8517E+01   3.6577E-01  0.0197
   9.8517E+01   9.8549E+01   3.5864E-01  0.0210
   9.8549E+01   9.8580E+01   3.4390E-01  0.0238

#   sum over    1.2500E-03   3.5702E-01  0.0180

'no. =228,  ix =  7,  iy = 30'
msuc: {\huge Histograma dosis-volumen del pouch}
msdr: {\it plotted by \ANGEL \version}
msdl: {\it calculated by \PHITS  3.35}
wt: s(0.7)
\vspace{-3}
  xmin  &=&  -2.0000E-01 [cm]
  xmax  &=&  -1.0000E-01 [cm]
  ymin  &=&   1.2500E+00 [cm]
  ymax  &=&   1.3500E+00 [cm]
e:

#------------------------------------------------------------------------------
 newpage:
#   no. =229   ix  =  7   iy  = 31
#   x = (  -2.0000E-01  -  -1.0000E-01  )
#   y = (   1.3500E+00  -   1.4500E+00  )

x: z[cm]
y: Dose [Gy/source]      
p: xlin ylog afac(0.8) form(0.9)
h: n            x            y(proton  ),hh0l n 
#  z-lower      z-upper        proton    r.err 
   9.8455E+01   9.8486E+01   3.6774E-01  0.0183
   9.8486E+01   9.8517E+01   3.6787E-01  0.0195
   9.8517E+01   9.8549E+01   3.5793E-01  0.0210
   9.8549E+01   9.8580E+01   3.4429E-01  0.0237

#   sum over    1.2500E-03   3.5945E-01  0.0179

'no. =229,  ix =  7,  iy = 31'
msuc: {\huge Histograma dosis-volumen del pouch}
msdr: {\it plotted by \ANGEL \version}
msdl: {\it calculated by \PHITS  3.35}
wt: s(0.7)
\vspace{-3}
  xmin  &=&  -2.0000E-01 [cm]
  xmax  &=&  -1.0000E-01 [cm]
  ymin  &=&   1.3500E+00 [cm]
  ymax  &=&   1.4500E+00 [cm]
e:

#------------------------------------------------------------------------------
 newpage:
#   no. =230   ix  =  7   iy  = 32
#   x = (  -2.0000E-01  -  -1.0000E-01  )
#   y = (   1.4500E+00  -   1.5500E+00  )

x: z[cm]
y: Dose [Gy/source]      
p: xlin ylog afac(0.8) form(0.9)
h: n            x            y(proton  ),hh0l n 
#  z-lower      z-upper        proton    r.err 
   9.8455E+01   9.8486E+01   3.8206E-01  0.0180
   9.8486E+01   9.8517E+01   3.9130E-01  0.0191
   9.8517E+01   9.8549E+01   3.7536E-01  0.0204
   9.8549E+01   9.8580E+01   3.6864E-01  0.0231

#   sum over    1.2500E-03   3.7934E-01  0.0175

'no. =230,  ix =  7,  iy = 32'
msuc: {\huge Histograma dosis-volumen del pouch}
msdr: {\it plotted by \ANGEL \version}
msdl: {\it calculated by \PHITS  3.35}
wt: s(0.7)
\vspace{-3}
  xmin  &=&  -2.0000E-01 [cm]
  xmax  &=&  -1.0000E-01 [cm]
  ymin  &=&   1.4500E+00 [cm]
  ymax  &=&   1.5500E+00 [cm]
e:

#------------------------------------------------------------------------------
 newpage:
#   no. =231   ix  =  7   iy  = 33
#   x = (  -2.0000E-01  -  -1.0000E-01  )
#   y = (   1.5500E+00  -   1.6500E+00  )

x: z[cm]
y: Dose [Gy/source]      
p: xlin ylog afac(0.8) form(0.9)
h: n            x            y(proton  ),hh0l n 
#  z-lower      z-upper        proton    r.err 
   9.8455E+01   9.8486E+01   3.8354E-01  0.0182
   9.8486E+01   9.8517E+01   3.8152E-01  0.0192
   9.8517E+01   9.8549E+01   3.6794E-01  0.0205
   9.8549E+01   9.8580E+01   3.5851E-01  0.0234

#   sum over    1.2500E-03   3.7288E-01  0.0176

'no. =231,  ix =  7,  iy = 33'
msuc: {\huge Histograma dosis-volumen del pouch}
msdr: {\it plotted by \ANGEL \version}
msdl: {\it calculated by \PHITS  3.35}
wt: s(0.7)
\vspace{-3}
  xmin  &=&  -2.0000E-01 [cm]
  xmax  &=&  -1.0000E-01 [cm]
  ymin  &=&   1.5500E+00 [cm]
  ymax  &=&   1.6500E+00 [cm]
e:

#------------------------------------------------------------------------------
 newpage:
#   no. =232   ix  =  8   iy  =  1
#   x = (  -1.0000E-01  -   0.0000E+00  )
#   y = (  -1.6500E+00  -  -1.5500E+00  )

x: z[cm]
y: Dose [Gy/source]      
p: xlin ylog afac(0.8) form(0.9)
h: n            x            y(proton  ),hh0l n 
#  z-lower      z-upper        proton    r.err 
   9.8455E+01   9.8486E+01   0.0000E+00  0.0000
   9.8486E+01   9.8517E+01   0.0000E+00  0.0000
   9.8517E+01   9.8549E+01   0.0000E+00  0.0000
   9.8549E+01   9.8580E+01   0.0000E+00  0.0000

#   sum over    1.2500E-03   0.0000E+00  0.0000

'no. =232,  ix =  8,  iy =  1'
msuc: {\huge Histograma dosis-volumen del pouch}
msdr: {\it plotted by \ANGEL \version}
msdl: {\it calculated by \PHITS  3.35}
wt: s(0.7)
\vspace{-3}
  xmin  &=&  -1.0000E-01 [cm]
  xmax  &=&   0.0000E+00 [cm]
  ymin  &=&  -1.6500E+00 [cm]
  ymax  &=&  -1.5500E+00 [cm]
e:

#------------------------------------------------------------------------------
 newpage:
#   no. =233   ix  =  8   iy  =  2
#   x = (  -1.0000E-01  -   0.0000E+00  )
#   y = (  -1.5500E+00  -  -1.4500E+00  )

x: z[cm]
y: Dose [Gy/source]      
p: xlin ylog afac(0.8) form(0.9)
h: n            x            y(proton  ),hh0l n 
#  z-lower      z-upper        proton    r.err 
   9.8455E+01   9.8486E+01   0.0000E+00  0.0000
   9.8486E+01   9.8517E+01   0.0000E+00  0.0000
   9.8517E+01   9.8549E+01   0.0000E+00  0.0000
   9.8549E+01   9.8580E+01   0.0000E+00  0.0000

#   sum over    1.2500E-03   0.0000E+00  0.0000

'no. =233,  ix =  8,  iy =  2'
msuc: {\huge Histograma dosis-volumen del pouch}
msdr: {\it plotted by \ANGEL \version}
msdl: {\it calculated by \PHITS  3.35}
wt: s(0.7)
\vspace{-3}
  xmin  &=&  -1.0000E-01 [cm]
  xmax  &=&   0.0000E+00 [cm]
  ymin  &=&  -1.5500E+00 [cm]
  ymax  &=&  -1.4500E+00 [cm]
e:

#------------------------------------------------------------------------------
 newpage:
#   no. =234   ix  =  8   iy  =  3
#   x = (  -1.0000E-01  -   0.0000E+00  )
#   y = (  -1.4500E+00  -  -1.3500E+00  )

x: z[cm]
y: Dose [Gy/source]      
p: xlin ylog afac(0.8) form(0.9)
h: n            x            y(proton  ),hh0l n 
#  z-lower      z-upper        proton    r.err 
   9.8455E+01   9.8486E+01   0.0000E+00  0.0000
   9.8486E+01   9.8517E+01   1.8392E-04  1.0000
   9.8517E+01   9.8549E+01   0.0000E+00  0.0000
   9.8549E+01   9.8580E+01   0.0000E+00  0.0000

#   sum over    1.2500E-03   4.5979E-05  1.0000

'no. =234,  ix =  8,  iy =  3'
msuc: {\huge Histograma dosis-volumen del pouch}
msdr: {\it plotted by \ANGEL \version}
msdl: {\it calculated by \PHITS  3.35}
wt: s(0.7)
\vspace{-3}
  xmin  &=&  -1.0000E-01 [cm]
  xmax  &=&   0.0000E+00 [cm]
  ymin  &=&  -1.4500E+00 [cm]
  ymax  &=&  -1.3500E+00 [cm]
e:

#------------------------------------------------------------------------------
 newpage:
#   no. =235   ix  =  8   iy  =  4
#   x = (  -1.0000E-01  -   0.0000E+00  )
#   y = (  -1.3500E+00  -  -1.2500E+00  )

x: z[cm]
y: Dose [Gy/source]      
p: xlin ylog afac(0.8) form(0.9)
h: n            x            y(proton  ),hh0l n 
#  z-lower      z-upper        proton    r.err 
   9.8455E+01   9.8486E+01   2.6009E-01  0.0218
   9.8486E+01   9.8517E+01   2.6468E-01  0.0230
   9.8517E+01   9.8549E+01   2.6006E-01  0.0245
   9.8549E+01   9.8580E+01   2.5061E-01  0.0277

#   sum over    1.2500E-03   2.5886E-01  0.0211

'no. =235,  ix =  8,  iy =  4'
msuc: {\huge Histograma dosis-volumen del pouch}
msdr: {\it plotted by \ANGEL \version}
msdl: {\it calculated by \PHITS  3.35}
wt: s(0.7)
\vspace{-3}
  xmin  &=&  -1.0000E-01 [cm]
  xmax  &=&   0.0000E+00 [cm]
  ymin  &=&  -1.3500E+00 [cm]
  ymax  &=&  -1.2500E+00 [cm]
e:

#------------------------------------------------------------------------------
 newpage:
#   no. =236   ix  =  8   iy  =  5
#   x = (  -1.0000E-01  -   0.0000E+00  )
#   y = (  -1.2500E+00  -  -1.1500E+00  )

x: z[cm]
y: Dose [Gy/source]      
p: xlin ylog afac(0.8) form(0.9)
h: n            x            y(proton  ),hh0l n 
#  z-lower      z-upper        proton    r.err 
   9.8455E+01   9.8486E+01   3.7339E-01  0.0184
   9.8486E+01   9.8517E+01   3.7273E-01  0.0196
   9.8517E+01   9.8549E+01   3.5382E-01  0.0211
   9.8549E+01   9.8580E+01   3.4009E-01  0.0240

#   sum over    1.2500E-03   3.6001E-01  0.0178

'no. =236,  ix =  8,  iy =  5'
msuc: {\huge Histograma dosis-volumen del pouch}
msdr: {\it plotted by \ANGEL \version}
msdl: {\it calculated by \PHITS  3.35}
wt: s(0.7)
\vspace{-3}
  xmin  &=&  -1.0000E-01 [cm]
  xmax  &=&   0.0000E+00 [cm]
  ymin  &=&  -1.2500E+00 [cm]
  ymax  &=&  -1.1500E+00 [cm]
e:

#------------------------------------------------------------------------------
 newpage:
#   no. =237   ix  =  8   iy  =  6
#   x = (  -1.0000E-01  -   0.0000E+00  )
#   y = (  -1.1500E+00  -  -1.0500E+00  )

x: z[cm]
y: Dose [Gy/source]      
p: xlin ylog afac(0.8) form(0.9)
h: n            x            y(proton  ),hh0l n 
#  z-lower      z-upper        proton    r.err 
   9.8455E+01   9.8486E+01   3.7014E-01  0.0184
   9.8486E+01   9.8517E+01   3.7353E-01  0.0196
   9.8517E+01   9.8549E+01   3.5080E-01  0.0212
   9.8549E+01   9.8580E+01   3.4037E-01  0.0239

#   sum over    1.2500E-03   3.5871E-01  0.0179

'no. =237,  ix =  8,  iy =  6'
msuc: {\huge Histograma dosis-volumen del pouch}
msdr: {\it plotted by \ANGEL \version}
msdl: {\it calculated by \PHITS  3.35}
wt: s(0.7)
\vspace{-3}
  xmin  &=&  -1.0000E-01 [cm]
  xmax  &=&   0.0000E+00 [cm]
  ymin  &=&  -1.1500E+00 [cm]
  ymax  &=&  -1.0500E+00 [cm]
e:

#------------------------------------------------------------------------------
 newpage:
#   no. =238   ix  =  8   iy  =  7
#   x = (  -1.0000E-01  -   0.0000E+00  )
#   y = (  -1.0500E+00  -  -9.5000E-01  )

x: z[cm]
y: Dose [Gy/source]      
p: xlin ylog afac(0.8) form(0.9)
h: n            x            y(proton  ),hh0l n 
#  z-lower      z-upper        proton    r.err 
   9.8455E+01   9.8486E+01   3.6017E-01  0.0186
   9.8486E+01   9.8517E+01   3.6370E-01  0.0197
   9.8517E+01   9.8549E+01   3.5019E-01  0.0211
   9.8549E+01   9.8580E+01   3.4284E-01  0.0238

#   sum over    1.2500E-03   3.5423E-01  0.0180

'no. =238,  ix =  8,  iy =  7'
msuc: {\huge Histograma dosis-volumen del pouch}
msdr: {\it plotted by \ANGEL \version}
msdl: {\it calculated by \PHITS  3.35}
wt: s(0.7)
\vspace{-3}
  xmin  &=&  -1.0000E-01 [cm]
  xmax  &=&   0.0000E+00 [cm]
  ymin  &=&  -1.0500E+00 [cm]
  ymax  &=&  -9.5000E-01 [cm]
e:

#------------------------------------------------------------------------------
 newpage:
#   no. =239   ix  =  8   iy  =  8
#   x = (  -1.0000E-01  -   0.0000E+00  )
#   y = (  -9.5000E-01  -  -8.5000E-01  )

x: z[cm]
y: Dose [Gy/source]      
p: xlin ylog afac(0.8) form(0.9)
h: n            x            y(proton  ),hh0l n 
#  z-lower      z-upper        proton    r.err 
   9.8455E+01   9.8486E+01   3.7817E-01  0.0183
   9.8486E+01   9.8517E+01   3.7154E-01  0.0195
   9.8517E+01   9.8549E+01   3.5220E-01  0.0210
   9.8549E+01   9.8580E+01   3.4581E-01  0.0238

#   sum over    1.2500E-03   3.6193E-01  0.0178

'no. =239,  ix =  8,  iy =  8'
msuc: {\huge Histograma dosis-volumen del pouch}
msdr: {\it plotted by \ANGEL \version}
msdl: {\it calculated by \PHITS  3.35}
wt: s(0.7)
\vspace{-3}
  xmin  &=&  -1.0000E-01 [cm]
  xmax  &=&   0.0000E+00 [cm]
  ymin  &=&  -9.5000E-01 [cm]
  ymax  &=&  -8.5000E-01 [cm]
e:

#------------------------------------------------------------------------------
 newpage:
#   no. =240   ix  =  8   iy  =  9
#   x = (  -1.0000E-01  -   0.0000E+00  )
#   y = (  -8.5000E-01  -  -7.5000E-01  )

x: z[cm]
y: Dose [Gy/source]      
p: xlin ylog afac(0.8) form(0.9)
h: n            x            y(proton  ),hh0l n 
#  z-lower      z-upper        proton    r.err 
   9.8455E+01   9.8486E+01   3.6472E-01  0.0185
   9.8486E+01   9.8517E+01   3.6746E-01  0.0196
   9.8517E+01   9.8549E+01   3.5095E-01  0.0209
   9.8549E+01   9.8580E+01   3.5075E-01  0.0235

#   sum over    1.2500E-03   3.5847E-01  0.0180

'no. =240,  ix =  8,  iy =  9'
msuc: {\huge Histograma dosis-volumen del pouch}
msdr: {\it plotted by \ANGEL \version}
msdl: {\it calculated by \PHITS  3.35}
wt: s(0.7)
\vspace{-3}
  xmin  &=&  -1.0000E-01 [cm]
  xmax  &=&   0.0000E+00 [cm]
  ymin  &=&  -8.5000E-01 [cm]
  ymax  &=&  -7.5000E-01 [cm]
e:

#------------------------------------------------------------------------------
 newpage:
#   no. =241   ix  =  8   iy  = 10
#   x = (  -1.0000E-01  -   0.0000E+00  )
#   y = (  -7.5000E-01  -  -6.5000E-01  )

x: z[cm]
y: Dose [Gy/source]      
p: xlin ylog afac(0.8) form(0.9)
h: n            x            y(proton  ),hh0l n 
#  z-lower      z-upper        proton    r.err 
   9.8455E+01   9.8486E+01   3.6344E-01  0.0186
   9.8486E+01   9.8517E+01   3.6204E-01  0.0198
   9.8517E+01   9.8549E+01   3.4501E-01  0.0214
   9.8549E+01   9.8580E+01   3.3064E-01  0.0243

#   sum over    1.2500E-03   3.5029E-01  0.0181

'no. =241,  ix =  8,  iy = 10'
msuc: {\huge Histograma dosis-volumen del pouch}
msdr: {\it plotted by \ANGEL \version}
msdl: {\it calculated by \PHITS  3.35}
wt: s(0.7)
\vspace{-3}
  xmin  &=&  -1.0000E-01 [cm]
  xmax  &=&   0.0000E+00 [cm]
  ymin  &=&  -7.5000E-01 [cm]
  ymax  &=&  -6.5000E-01 [cm]
e:

#------------------------------------------------------------------------------
 newpage:
#   no. =242   ix  =  8   iy  = 11
#   x = (  -1.0000E-01  -   0.0000E+00  )
#   y = (  -6.5000E-01  -  -5.5000E-01  )

x: z[cm]
y: Dose [Gy/source]      
p: xlin ylog afac(0.8) form(0.9)
h: n            x            y(proton  ),hh0l n 
#  z-lower      z-upper        proton    r.err 
   9.8455E+01   9.8486E+01   3.6065E-01  0.0187
   9.8486E+01   9.8517E+01   3.6485E-01  0.0197
   9.8517E+01   9.8549E+01   3.5070E-01  0.0212
   9.8549E+01   9.8580E+01   3.3120E-01  0.0243

#   sum over    1.2500E-03   3.5185E-01  0.0181

'no. =242,  ix =  8,  iy = 11'
msuc: {\huge Histograma dosis-volumen del pouch}
msdr: {\it plotted by \ANGEL \version}
msdl: {\it calculated by \PHITS  3.35}
wt: s(0.7)
\vspace{-3}
  xmin  &=&  -1.0000E-01 [cm]
  xmax  &=&   0.0000E+00 [cm]
  ymin  &=&  -6.5000E-01 [cm]
  ymax  &=&  -5.5000E-01 [cm]
e:

#------------------------------------------------------------------------------
 newpage:
#   no. =243   ix  =  8   iy  = 12
#   x = (  -1.0000E-01  -   0.0000E+00  )
#   y = (  -5.5000E-01  -  -4.5000E-01  )

x: z[cm]
y: Dose [Gy/source]      
p: xlin ylog afac(0.8) form(0.9)
h: n            x            y(proton  ),hh0l n 
#  z-lower      z-upper        proton    r.err 
   9.8455E+01   9.8486E+01   3.5565E-01  0.0189
   9.8486E+01   9.8517E+01   3.5546E-01  0.0200
   9.8517E+01   9.8549E+01   3.3639E-01  0.0216
   9.8549E+01   9.8580E+01   3.2088E-01  0.0245

#   sum over    1.2500E-03   3.4209E-01  0.0183

'no. =243,  ix =  8,  iy = 12'
msuc: {\huge Histograma dosis-volumen del pouch}
msdr: {\it plotted by \ANGEL \version}
msdl: {\it calculated by \PHITS  3.35}
wt: s(0.7)
\vspace{-3}
  xmin  &=&  -1.0000E-01 [cm]
  xmax  &=&   0.0000E+00 [cm]
  ymin  &=&  -5.5000E-01 [cm]
  ymax  &=&  -4.5000E-01 [cm]
e:

#------------------------------------------------------------------------------
 newpage:
#   no. =244   ix  =  8   iy  = 13
#   x = (  -1.0000E-01  -   0.0000E+00  )
#   y = (  -4.5000E-01  -  -3.5000E-01  )

x: z[cm]
y: Dose [Gy/source]      
p: xlin ylog afac(0.8) form(0.9)
h: n            x            y(proton  ),hh0l n 
#  z-lower      z-upper        proton    r.err 
   9.8455E+01   9.8486E+01   3.4585E-01  0.0190
   9.8486E+01   9.8517E+01   3.4925E-01  0.0202
   9.8517E+01   9.8549E+01   3.4040E-01  0.0216
   9.8549E+01   9.8580E+01   3.1993E-01  0.0247

#   sum over    1.2500E-03   3.3886E-01  0.0184

'no. =244,  ix =  8,  iy = 13'
msuc: {\huge Histograma dosis-volumen del pouch}
msdr: {\it plotted by \ANGEL \version}
msdl: {\it calculated by \PHITS  3.35}
wt: s(0.7)
\vspace{-3}
  xmin  &=&  -1.0000E-01 [cm]
  xmax  &=&   0.0000E+00 [cm]
  ymin  &=&  -4.5000E-01 [cm]
  ymax  &=&  -3.5000E-01 [cm]
e:

#------------------------------------------------------------------------------
 newpage:
#   no. =245   ix  =  8   iy  = 14
#   x = (  -1.0000E-01  -   0.0000E+00  )
#   y = (  -3.5000E-01  -  -2.5000E-01  )

x: z[cm]
y: Dose [Gy/source]      
p: xlin ylog afac(0.8) form(0.9)
h: n            x            y(proton  ),hh0l n 
#  z-lower      z-upper        proton    r.err 
   9.8455E+01   9.8486E+01   3.3996E-01  0.0193
   9.8486E+01   9.8517E+01   3.4292E-01  0.0203
   9.8517E+01   9.8549E+01   3.2966E-01  0.0219
   9.8549E+01   9.8580E+01   3.1857E-01  0.0247

#   sum over    1.2500E-03   3.3278E-01  0.0186

'no. =245,  ix =  8,  iy = 14'
msuc: {\huge Histograma dosis-volumen del pouch}
msdr: {\it plotted by \ANGEL \version}
msdl: {\it calculated by \PHITS  3.35}
wt: s(0.7)
\vspace{-3}
  xmin  &=&  -1.0000E-01 [cm]
  xmax  &=&   0.0000E+00 [cm]
  ymin  &=&  -3.5000E-01 [cm]
  ymax  &=&  -2.5000E-01 [cm]
e:

#------------------------------------------------------------------------------
 newpage:
#   no. =246   ix  =  8   iy  = 15
#   x = (  -1.0000E-01  -   0.0000E+00  )
#   y = (  -2.5000E-01  -  -1.5000E-01  )

x: z[cm]
y: Dose [Gy/source]      
p: xlin ylog afac(0.8) form(0.9)
h: n            x            y(proton  ),hh0l n 
#  z-lower      z-upper        proton    r.err 
   9.8455E+01   9.8486E+01   3.5477E-01  0.0186
   9.8486E+01   9.8517E+01   3.6352E-01  0.0198
   9.8517E+01   9.8549E+01   3.4495E-01  0.0214
   9.8549E+01   9.8580E+01   3.2688E-01  0.0243

#   sum over    1.2500E-03   3.4753E-01  0.0183

'no. =246,  ix =  8,  iy = 15'
msuc: {\huge Histograma dosis-volumen del pouch}
msdr: {\it plotted by \ANGEL \version}
msdl: {\it calculated by \PHITS  3.35}
wt: s(0.7)
\vspace{-3}
  xmin  &=&  -1.0000E-01 [cm]
  xmax  &=&   0.0000E+00 [cm]
  ymin  &=&  -2.5000E-01 [cm]
  ymax  &=&  -1.5000E-01 [cm]
e:

#------------------------------------------------------------------------------
 newpage:
#   no. =247   ix  =  8   iy  = 16
#   x = (  -1.0000E-01  -   0.0000E+00  )
#   y = (  -1.5000E-01  -  -5.0000E-02  )

x: z[cm]
y: Dose [Gy/source]      
p: xlin ylog afac(0.8) form(0.9)
h: n            x            y(proton  ),hh0l n 
#  z-lower      z-upper        proton    r.err 
   9.8455E+01   9.8486E+01   3.5475E-01  0.0189
   9.8486E+01   9.8517E+01   3.5030E-01  0.0200
   9.8517E+01   9.8549E+01   3.3383E-01  0.0217
   9.8549E+01   9.8580E+01   3.2594E-01  0.0244

#   sum over    1.2500E-03   3.4120E-01  0.0183

'no. =247,  ix =  8,  iy = 16'
msuc: {\huge Histograma dosis-volumen del pouch}
msdr: {\it plotted by \ANGEL \version}
msdl: {\it calculated by \PHITS  3.35}
wt: s(0.7)
\vspace{-3}
  xmin  &=&  -1.0000E-01 [cm]
  xmax  &=&   0.0000E+00 [cm]
  ymin  &=&  -1.5000E-01 [cm]
  ymax  &=&  -5.0000E-02 [cm]
e:

#------------------------------------------------------------------------------
 newpage:
#   no. =248   ix  =  8   iy  = 17
#   x = (  -1.0000E-01  -   0.0000E+00  )
#   y = (  -5.0000E-02  -   5.0000E-02  )

x: z[cm]
y: Dose [Gy/source]      
p: xlin ylog afac(0.8) form(0.9)
h: n            x            y(proton  ),hh0l n 
#  z-lower      z-upper        proton    r.err 
   9.8455E+01   9.8486E+01   3.4906E-01  0.0188
   9.8486E+01   9.8517E+01   3.5373E-01  0.0199
   9.8517E+01   9.8549E+01   3.4159E-01  0.0214
   9.8549E+01   9.8580E+01   3.3278E-01  0.0242

#   sum over    1.2500E-03   3.4429E-01  0.0183

'no. =248,  ix =  8,  iy = 17'
msuc: {\huge Histograma dosis-volumen del pouch}
msdr: {\it plotted by \ANGEL \version}
msdl: {\it calculated by \PHITS  3.35}
wt: s(0.7)
\vspace{-3}
  xmin  &=&  -1.0000E-01 [cm]
  xmax  &=&   0.0000E+00 [cm]
  ymin  &=&  -5.0000E-02 [cm]
  ymax  &=&   5.0000E-02 [cm]
e:

#------------------------------------------------------------------------------
 newpage:
#   no. =249   ix  =  8   iy  = 18
#   x = (  -1.0000E-01  -   0.0000E+00  )
#   y = (   5.0000E-02  -   1.5000E-01  )

x: z[cm]
y: Dose [Gy/source]      
p: xlin ylog afac(0.8) form(0.9)
h: n            x            y(proton  ),hh0l n 
#  z-lower      z-upper        proton    r.err 
   9.8455E+01   9.8486E+01   3.5230E-01  0.0189
   9.8486E+01   9.8517E+01   3.4890E-01  0.0200
   9.8517E+01   9.8549E+01   3.4024E-01  0.0215
   9.8549E+01   9.8580E+01   3.2963E-01  0.0243

#   sum over    1.2500E-03   3.4277E-01  0.0184

'no. =249,  ix =  8,  iy = 18'
msuc: {\huge Histograma dosis-volumen del pouch}
msdr: {\it plotted by \ANGEL \version}
msdl: {\it calculated by \PHITS  3.35}
wt: s(0.7)
\vspace{-3}
  xmin  &=&  -1.0000E-01 [cm]
  xmax  &=&   0.0000E+00 [cm]
  ymin  &=&   5.0000E-02 [cm]
  ymax  &=&   1.5000E-01 [cm]
e:

#------------------------------------------------------------------------------
 newpage:
#   no. =250   ix  =  8   iy  = 19
#   x = (  -1.0000E-01  -   0.0000E+00  )
#   y = (   1.5000E-01  -   2.5000E-01  )

x: z[cm]
y: Dose [Gy/source]      
p: xlin ylog afac(0.8) form(0.9)
h: n            x            y(proton  ),hh0l n 
#  z-lower      z-upper        proton    r.err 
   9.8455E+01   9.8486E+01   3.5460E-01  0.0189
   9.8486E+01   9.8517E+01   3.5365E-01  0.0199
   9.8517E+01   9.8549E+01   3.3628E-01  0.0215
   9.8549E+01   9.8580E+01   3.2944E-01  0.0243

#   sum over    1.2500E-03   3.4349E-01  0.0183

'no. =250,  ix =  8,  iy = 19'
msuc: {\huge Histograma dosis-volumen del pouch}
msdr: {\it plotted by \ANGEL \version}
msdl: {\it calculated by \PHITS  3.35}
wt: s(0.7)
\vspace{-3}
  xmin  &=&  -1.0000E-01 [cm]
  xmax  &=&   0.0000E+00 [cm]
  ymin  &=&   1.5000E-01 [cm]
  ymax  &=&   2.5000E-01 [cm]
e:

#------------------------------------------------------------------------------
 newpage:
#   no. =251   ix  =  8   iy  = 20
#   x = (  -1.0000E-01  -   0.0000E+00  )
#   y = (   2.5000E-01  -   3.5000E-01  )

x: z[cm]
y: Dose [Gy/source]      
p: xlin ylog afac(0.8) form(0.9)
h: n            x            y(proton  ),hh0l n 
#  z-lower      z-upper        proton    r.err 
   9.8455E+01   9.8486E+01   3.4218E-01  0.0191
   9.8486E+01   9.8517E+01   3.4927E-01  0.0202
   9.8517E+01   9.8549E+01   3.3670E-01  0.0216
   9.8549E+01   9.8580E+01   3.2127E-01  0.0246

#   sum over    1.2500E-03   3.3736E-01  0.0185

'no. =251,  ix =  8,  iy = 20'
msuc: {\huge Histograma dosis-volumen del pouch}
msdr: {\it plotted by \ANGEL \version}
msdl: {\it calculated by \PHITS  3.35}
wt: s(0.7)
\vspace{-3}
  xmin  &=&  -1.0000E-01 [cm]
  xmax  &=&   0.0000E+00 [cm]
  ymin  &=&   2.5000E-01 [cm]
  ymax  &=&   3.5000E-01 [cm]
e:

#------------------------------------------------------------------------------
 newpage:
#   no. =252   ix  =  8   iy  = 21
#   x = (  -1.0000E-01  -   0.0000E+00  )
#   y = (   3.5000E-01  -   4.5000E-01  )

x: z[cm]
y: Dose [Gy/source]      
p: xlin ylog afac(0.8) form(0.9)
h: n            x            y(proton  ),hh0l n 
#  z-lower      z-upper        proton    r.err 
   9.8455E+01   9.8486E+01   3.6377E-01  0.0186
   9.8486E+01   9.8517E+01   3.5839E-01  0.0198
   9.8517E+01   9.8549E+01   3.4366E-01  0.0214
   9.8549E+01   9.8580E+01   3.3416E-01  0.0243

#   sum over    1.2500E-03   3.5000E-01  0.0181

'no. =252,  ix =  8,  iy = 21'
msuc: {\huge Histograma dosis-volumen del pouch}
msdr: {\it plotted by \ANGEL \version}
msdl: {\it calculated by \PHITS  3.35}
wt: s(0.7)
\vspace{-3}
  xmin  &=&  -1.0000E-01 [cm]
  xmax  &=&   0.0000E+00 [cm]
  ymin  &=&   3.5000E-01 [cm]
  ymax  &=&   4.5000E-01 [cm]
e:

#------------------------------------------------------------------------------
 newpage:
#   no. =253   ix  =  8   iy  = 22
#   x = (  -1.0000E-01  -   0.0000E+00  )
#   y = (   4.5000E-01  -   5.5000E-01  )

x: z[cm]
y: Dose [Gy/source]      
p: xlin ylog afac(0.8) form(0.9)
h: n            x            y(proton  ),hh0l n 
#  z-lower      z-upper        proton    r.err 
   9.8455E+01   9.8486E+01   3.6527E-01  0.0186
   9.8486E+01   9.8517E+01   3.6508E-01  0.0197
   9.8517E+01   9.8549E+01   3.4012E-01  0.0215
   9.8549E+01   9.8580E+01   3.3039E-01  0.0242

#   sum over    1.2500E-03   3.5021E-01  0.0180

'no. =253,  ix =  8,  iy = 22'
msuc: {\huge Histograma dosis-volumen del pouch}
msdr: {\it plotted by \ANGEL \version}
msdl: {\it calculated by \PHITS  3.35}
wt: s(0.7)
\vspace{-3}
  xmin  &=&  -1.0000E-01 [cm]
  xmax  &=&   0.0000E+00 [cm]
  ymin  &=&   4.5000E-01 [cm]
  ymax  &=&   5.5000E-01 [cm]
e:

#------------------------------------------------------------------------------
 newpage:
#   no. =254   ix  =  8   iy  = 23
#   x = (  -1.0000E-01  -   0.0000E+00  )
#   y = (   5.5000E-01  -   6.5000E-01  )

x: z[cm]
y: Dose [Gy/source]      
p: xlin ylog afac(0.8) form(0.9)
h: n            x            y(proton  ),hh0l n 
#  z-lower      z-upper        proton    r.err 
   9.8455E+01   9.8486E+01   3.5639E-01  0.0189
   9.8486E+01   9.8517E+01   3.5806E-01  0.0200
   9.8517E+01   9.8549E+01   3.3702E-01  0.0216
   9.8549E+01   9.8580E+01   3.2721E-01  0.0243

#   sum over    1.2500E-03   3.4467E-01  0.0183

'no. =254,  ix =  8,  iy = 23'
msuc: {\huge Histograma dosis-volumen del pouch}
msdr: {\it plotted by \ANGEL \version}
msdl: {\it calculated by \PHITS  3.35}
wt: s(0.7)
\vspace{-3}
  xmin  &=&  -1.0000E-01 [cm]
  xmax  &=&   0.0000E+00 [cm]
  ymin  &=&   5.5000E-01 [cm]
  ymax  &=&   6.5000E-01 [cm]
e:

#------------------------------------------------------------------------------
 newpage:
#   no. =255   ix  =  8   iy  = 24
#   x = (  -1.0000E-01  -   0.0000E+00  )
#   y = (   6.5000E-01  -   7.5000E-01  )

x: z[cm]
y: Dose [Gy/source]      
p: xlin ylog afac(0.8) form(0.9)
h: n            x            y(proton  ),hh0l n 
#  z-lower      z-upper        proton    r.err 
   9.8455E+01   9.8486E+01   3.5826E-01  0.0187
   9.8486E+01   9.8517E+01   3.6513E-01  0.0197
   9.8517E+01   9.8549E+01   3.4929E-01  0.0211
   9.8549E+01   9.8580E+01   3.4154E-01  0.0239

#   sum over    1.2500E-03   3.5356E-01  0.0180

'no. =255,  ix =  8,  iy = 24'
msuc: {\huge Histograma dosis-volumen del pouch}
msdr: {\it plotted by \ANGEL \version}
msdl: {\it calculated by \PHITS  3.35}
wt: s(0.7)
\vspace{-3}
  xmin  &=&  -1.0000E-01 [cm]
  xmax  &=&   0.0000E+00 [cm]
  ymin  &=&   6.5000E-01 [cm]
  ymax  &=&   7.5000E-01 [cm]
e:

#------------------------------------------------------------------------------
 newpage:
#   no. =256   ix  =  8   iy  = 25
#   x = (  -1.0000E-01  -   0.0000E+00  )
#   y = (   7.5000E-01  -   8.5000E-01  )

x: z[cm]
y: Dose [Gy/source]      
p: xlin ylog afac(0.8) form(0.9)
h: n            x            y(proton  ),hh0l n 
#  z-lower      z-upper        proton    r.err 
   9.8455E+01   9.8486E+01   3.4824E-01  0.0188
   9.8486E+01   9.8517E+01   3.5884E-01  0.0200
   9.8517E+01   9.8549E+01   3.3888E-01  0.0215
   9.8549E+01   9.8580E+01   3.3478E-01  0.0242

#   sum over    1.2500E-03   3.4519E-01  0.0182

'no. =256,  ix =  8,  iy = 25'
msuc: {\huge Histograma dosis-volumen del pouch}
msdr: {\it plotted by \ANGEL \version}
msdl: {\it calculated by \PHITS  3.35}
wt: s(0.7)
\vspace{-3}
  xmin  &=&  -1.0000E-01 [cm]
  xmax  &=&   0.0000E+00 [cm]
  ymin  &=&   7.5000E-01 [cm]
  ymax  &=&   8.5000E-01 [cm]
e:

#------------------------------------------------------------------------------
 newpage:
#   no. =257   ix  =  8   iy  = 26
#   x = (  -1.0000E-01  -   0.0000E+00  )
#   y = (   8.5000E-01  -   9.5000E-01  )

x: z[cm]
y: Dose [Gy/source]      
p: xlin ylog afac(0.8) form(0.9)
h: n            x            y(proton  ),hh0l n 
#  z-lower      z-upper        proton    r.err 
   9.8455E+01   9.8486E+01   3.6345E-01  0.0186
   9.8486E+01   9.8517E+01   3.6336E-01  0.0198
   9.8517E+01   9.8549E+01   3.5280E-01  0.0211
   9.8549E+01   9.8580E+01   3.3994E-01  0.0239

#   sum over    1.2500E-03   3.5489E-01  0.0181

'no. =257,  ix =  8,  iy = 26'
msuc: {\huge Histograma dosis-volumen del pouch}
msdr: {\it plotted by \ANGEL \version}
msdl: {\it calculated by \PHITS  3.35}
wt: s(0.7)
\vspace{-3}
  xmin  &=&  -1.0000E-01 [cm]
  xmax  &=&   0.0000E+00 [cm]
  ymin  &=&   8.5000E-01 [cm]
  ymax  &=&   9.5000E-01 [cm]
e:

#------------------------------------------------------------------------------
 newpage:
#   no. =258   ix  =  8   iy  = 27
#   x = (  -1.0000E-01  -   0.0000E+00  )
#   y = (   9.5000E-01  -   1.0500E+00  )

x: z[cm]
y: Dose [Gy/source]      
p: xlin ylog afac(0.8) form(0.9)
h: n            x            y(proton  ),hh0l n 
#  z-lower      z-upper        proton    r.err 
   9.8455E+01   9.8486E+01   3.6274E-01  0.0186
   9.8486E+01   9.8517E+01   3.6569E-01  0.0196
   9.8517E+01   9.8549E+01   3.5530E-01  0.0211
   9.8549E+01   9.8580E+01   3.4220E-01  0.0239

#   sum over    1.2500E-03   3.5648E-01  0.0180

'no. =258,  ix =  8,  iy = 27'
msuc: {\huge Histograma dosis-volumen del pouch}
msdr: {\it plotted by \ANGEL \version}
msdl: {\it calculated by \PHITS  3.35}
wt: s(0.7)
\vspace{-3}
  xmin  &=&  -1.0000E-01 [cm]
  xmax  &=&   0.0000E+00 [cm]
  ymin  &=&   9.5000E-01 [cm]
  ymax  &=&   1.0500E+00 [cm]
e:

#------------------------------------------------------------------------------
 newpage:
#   no. =259   ix  =  8   iy  = 28
#   x = (  -1.0000E-01  -   0.0000E+00  )
#   y = (   1.0500E+00  -   1.1500E+00  )

x: z[cm]
y: Dose [Gy/source]      
p: xlin ylog afac(0.8) form(0.9)
h: n            x            y(proton  ),hh0l n 
#  z-lower      z-upper        proton    r.err 
   9.8455E+01   9.8486E+01   3.6917E-01  0.0185
   9.8486E+01   9.8517E+01   3.7361E-01  0.0194
   9.8517E+01   9.8549E+01   3.6094E-01  0.0207
   9.8549E+01   9.8580E+01   3.5615E-01  0.0234

#   sum over    1.2500E-03   3.6497E-01  0.0178

'no. =259,  ix =  8,  iy = 28'
msuc: {\huge Histograma dosis-volumen del pouch}
msdr: {\it plotted by \ANGEL \version}
msdl: {\it calculated by \PHITS  3.35}
wt: s(0.7)
\vspace{-3}
  xmin  &=&  -1.0000E-01 [cm]
  xmax  &=&   0.0000E+00 [cm]
  ymin  &=&   1.0500E+00 [cm]
  ymax  &=&   1.1500E+00 [cm]
e:

#------------------------------------------------------------------------------
 newpage:
#   no. =260   ix  =  8   iy  = 29
#   x = (  -1.0000E-01  -   0.0000E+00  )
#   y = (   1.1500E+00  -   1.2500E+00  )

x: z[cm]
y: Dose [Gy/source]      
p: xlin ylog afac(0.8) form(0.9)
h: n            x            y(proton  ),hh0l n 
#  z-lower      z-upper        proton    r.err 
   9.8455E+01   9.8486E+01   3.7387E-01  0.0183
   9.8486E+01   9.8517E+01   3.7355E-01  0.0195
   9.8517E+01   9.8549E+01   3.4930E-01  0.0212
   9.8549E+01   9.8580E+01   3.4757E-01  0.0238

#   sum over    1.2500E-03   3.6108E-01  0.0178

'no. =260,  ix =  8,  iy = 29'
msuc: {\huge Histograma dosis-volumen del pouch}
msdr: {\it plotted by \ANGEL \version}
msdl: {\it calculated by \PHITS  3.35}
wt: s(0.7)
\vspace{-3}
  xmin  &=&  -1.0000E-01 [cm]
  xmax  &=&   0.0000E+00 [cm]
  ymin  &=&   1.1500E+00 [cm]
  ymax  &=&   1.2500E+00 [cm]
e:

#------------------------------------------------------------------------------
 newpage:
#   no. =261   ix  =  8   iy  = 30
#   x = (  -1.0000E-01  -   0.0000E+00  )
#   y = (   1.2500E+00  -   1.3500E+00  )

x: z[cm]
y: Dose [Gy/source]      
p: xlin ylog afac(0.8) form(0.9)
h: n            x            y(proton  ),hh0l n 
#  z-lower      z-upper        proton    r.err 
   9.8455E+01   9.8486E+01   3.7434E-01  0.0183
   9.8486E+01   9.8517E+01   3.8053E-01  0.0194
   9.8517E+01   9.8549E+01   3.5788E-01  0.0209
   9.8549E+01   9.8580E+01   3.4431E-01  0.0238

#   sum over    1.2500E-03   3.6426E-01  0.0178

'no. =261,  ix =  8,  iy = 30'
msuc: {\huge Histograma dosis-volumen del pouch}
msdr: {\it plotted by \ANGEL \version}
msdl: {\it calculated by \PHITS  3.35}
wt: s(0.7)
\vspace{-3}
  xmin  &=&  -1.0000E-01 [cm]
  xmax  &=&   0.0000E+00 [cm]
  ymin  &=&   1.2500E+00 [cm]
  ymax  &=&   1.3500E+00 [cm]
e:

#------------------------------------------------------------------------------
 newpage:
#   no. =262   ix  =  8   iy  = 31
#   x = (  -1.0000E-01  -   0.0000E+00  )
#   y = (   1.3500E+00  -   1.4500E+00  )

x: z[cm]
y: Dose [Gy/source]      
p: xlin ylog afac(0.8) form(0.9)
h: n            x            y(proton  ),hh0l n 
#  z-lower      z-upper        proton    r.err 
   9.8455E+01   9.8486E+01   3.7527E-01  0.0183
   9.8486E+01   9.8517E+01   3.7074E-01  0.0194
   9.8517E+01   9.8549E+01   3.6599E-01  0.0207
   9.8549E+01   9.8580E+01   3.5280E-01  0.0235

#   sum over    1.2500E-03   3.6620E-01  0.0178

'no. =262,  ix =  8,  iy = 31'
msuc: {\huge Histograma dosis-volumen del pouch}
msdr: {\it plotted by \ANGEL \version}
msdl: {\it calculated by \PHITS  3.35}
wt: s(0.7)
\vspace{-3}
  xmin  &=&  -1.0000E-01 [cm]
  xmax  &=&   0.0000E+00 [cm]
  ymin  &=&   1.3500E+00 [cm]
  ymax  &=&   1.4500E+00 [cm]
e:

#------------------------------------------------------------------------------
 newpage:
#   no. =263   ix  =  8   iy  = 32
#   x = (  -1.0000E-01  -   0.0000E+00  )
#   y = (   1.4500E+00  -   1.5500E+00  )

x: z[cm]
y: Dose [Gy/source]      
p: xlin ylog afac(0.8) form(0.9)
h: n            x            y(proton  ),hh0l n 
#  z-lower      z-upper        proton    r.err 
   9.8455E+01   9.8486E+01   3.7226E-01  0.0183
   9.8486E+01   9.8517E+01   3.7466E-01  0.0193
   9.8517E+01   9.8549E+01   3.6192E-01  0.0208
   9.8549E+01   9.8580E+01   3.5731E-01  0.0234

#   sum over    1.2500E-03   3.6654E-01  0.0177

'no. =263,  ix =  8,  iy = 32'
msuc: {\huge Histograma dosis-volumen del pouch}
msdr: {\it plotted by \ANGEL \version}
msdl: {\it calculated by \PHITS  3.35}
wt: s(0.7)
\vspace{-3}
  xmin  &=&  -1.0000E-01 [cm]
  xmax  &=&   0.0000E+00 [cm]
  ymin  &=&   1.4500E+00 [cm]
  ymax  &=&   1.5500E+00 [cm]
e:

#------------------------------------------------------------------------------
 newpage:
#   no. =264   ix  =  8   iy  = 33
#   x = (  -1.0000E-01  -   0.0000E+00  )
#   y = (   1.5500E+00  -   1.6500E+00  )

x: z[cm]
y: Dose [Gy/source]      
p: xlin ylog afac(0.8) form(0.9)
h: n            x            y(proton  ),hh0l n 
#  z-lower      z-upper        proton    r.err 
   9.8455E+01   9.8486E+01   3.6692E-01  0.0185
   9.8486E+01   9.8517E+01   3.7394E-01  0.0195
   9.8517E+01   9.8549E+01   3.5460E-01  0.0210
   9.8549E+01   9.8580E+01   3.4839E-01  0.0237

#   sum over    1.2500E-03   3.6097E-01  0.0179

'no. =264,  ix =  8,  iy = 33'
msuc: {\huge Histograma dosis-volumen del pouch}
msdr: {\it plotted by \ANGEL \version}
msdl: {\it calculated by \PHITS  3.35}
wt: s(0.7)
\vspace{-3}
  xmin  &=&  -1.0000E-01 [cm]
  xmax  &=&   0.0000E+00 [cm]
  ymin  &=&   1.5500E+00 [cm]
  ymax  &=&   1.6500E+00 [cm]
e:

#------------------------------------------------------------------------------
 newpage:
#   no. =265   ix  =  9   iy  =  1
#   x = (   0.0000E+00  -   1.0000E-01  )
#   y = (  -1.6500E+00  -  -1.5500E+00  )

x: z[cm]
y: Dose [Gy/source]      
p: xlin ylog afac(0.8) form(0.9)
h: n            x            y(proton  ),hh0l n 
#  z-lower      z-upper        proton    r.err 
   9.8455E+01   9.8486E+01   0.0000E+00  0.0000
   9.8486E+01   9.8517E+01   0.0000E+00  0.0000
   9.8517E+01   9.8549E+01   0.0000E+00  0.0000
   9.8549E+01   9.8580E+01   0.0000E+00  0.0000

#   sum over    1.2500E-03   0.0000E+00  0.0000

'no. =265,  ix =  9,  iy =  1'
msuc: {\huge Histograma dosis-volumen del pouch}
msdr: {\it plotted by \ANGEL \version}
msdl: {\it calculated by \PHITS  3.35}
wt: s(0.7)
\vspace{-3}
  xmin  &=&   0.0000E+00 [cm]
  xmax  &=&   1.0000E-01 [cm]
  ymin  &=&  -1.6500E+00 [cm]
  ymax  &=&  -1.5500E+00 [cm]
e:

#------------------------------------------------------------------------------
 newpage:
#   no. =266   ix  =  9   iy  =  2
#   x = (   0.0000E+00  -   1.0000E-01  )
#   y = (  -1.5500E+00  -  -1.4500E+00  )

x: z[cm]
y: Dose [Gy/source]      
p: xlin ylog afac(0.8) form(0.9)
h: n            x            y(proton  ),hh0l n 
#  z-lower      z-upper        proton    r.err 
   9.8455E+01   9.8486E+01   0.0000E+00  0.0000
   9.8486E+01   9.8517E+01   0.0000E+00  0.0000
   9.8517E+01   9.8549E+01   0.0000E+00  0.0000
   9.8549E+01   9.8580E+01   0.0000E+00  0.0000

#   sum over    1.2500E-03   0.0000E+00  0.0000

'no. =266,  ix =  9,  iy =  2'
msuc: {\huge Histograma dosis-volumen del pouch}
msdr: {\it plotted by \ANGEL \version}
msdl: {\it calculated by \PHITS  3.35}
wt: s(0.7)
\vspace{-3}
  xmin  &=&   0.0000E+00 [cm]
  xmax  &=&   1.0000E-01 [cm]
  ymin  &=&  -1.5500E+00 [cm]
  ymax  &=&  -1.4500E+00 [cm]
e:

#------------------------------------------------------------------------------
 newpage:
#   no. =267   ix  =  9   iy  =  3
#   x = (   0.0000E+00  -   1.0000E-01  )
#   y = (  -1.4500E+00  -  -1.3500E+00  )

x: z[cm]
y: Dose [Gy/source]      
p: xlin ylog afac(0.8) form(0.9)
h: n            x            y(proton  ),hh0l n 
#  z-lower      z-upper        proton    r.err 
   9.8455E+01   9.8486E+01   2.5077E-04  0.5987
   9.8486E+01   9.8517E+01   3.3216E-04  0.5611
   9.8517E+01   9.8549E+01   4.7853E-04  0.6765
   9.8549E+01   9.8580E+01   2.0707E-04  0.7081

#   sum over    1.2500E-03   3.1713E-04  0.5427

'no. =267,  ix =  9,  iy =  3'
msuc: {\huge Histograma dosis-volumen del pouch}
msdr: {\it plotted by \ANGEL \version}
msdl: {\it calculated by \PHITS  3.35}
wt: s(0.7)
\vspace{-3}
  xmin  &=&   0.0000E+00 [cm]
  xmax  &=&   1.0000E-01 [cm]
  ymin  &=&  -1.4500E+00 [cm]
  ymax  &=&  -1.3500E+00 [cm]
e:

#------------------------------------------------------------------------------
 newpage:
#   no. =268   ix  =  9   iy  =  4
#   x = (   0.0000E+00  -   1.0000E-01  )
#   y = (  -1.3500E+00  -  -1.2500E+00  )

x: z[cm]
y: Dose [Gy/source]      
p: xlin ylog afac(0.8) form(0.9)
h: n            x            y(proton  ),hh0l n 
#  z-lower      z-upper        proton    r.err 
   9.8455E+01   9.8486E+01   2.6862E-01  0.0215
   9.8486E+01   9.8517E+01   2.7738E-01  0.0227
   9.8517E+01   9.8549E+01   2.6819E-01  0.0243
   9.8549E+01   9.8580E+01   2.4907E-01  0.0278

#   sum over    1.2500E-03   2.6581E-01  0.0208

'no. =268,  ix =  9,  iy =  4'
msuc: {\huge Histograma dosis-volumen del pouch}
msdr: {\it plotted by \ANGEL \version}
msdl: {\it calculated by \PHITS  3.35}
wt: s(0.7)
\vspace{-3}
  xmin  &=&   0.0000E+00 [cm]
  xmax  &=&   1.0000E-01 [cm]
  ymin  &=&  -1.3500E+00 [cm]
  ymax  &=&  -1.2500E+00 [cm]
e:

#------------------------------------------------------------------------------
 newpage:
#   no. =269   ix  =  9   iy  =  5
#   x = (   0.0000E+00  -   1.0000E-01  )
#   y = (  -1.2500E+00  -  -1.1500E+00  )

x: z[cm]
y: Dose [Gy/source]      
p: xlin ylog afac(0.8) form(0.9)
h: n            x            y(proton  ),hh0l n 
#  z-lower      z-upper        proton    r.err 
   9.8455E+01   9.8486E+01   3.6409E-01  0.0184
   9.8486E+01   9.8517E+01   3.7031E-01  0.0195
   9.8517E+01   9.8549E+01   3.5916E-01  0.0209
   9.8549E+01   9.8580E+01   3.5509E-01  0.0234

#   sum over    1.2500E-03   3.6216E-01  0.0178

'no. =269,  ix =  9,  iy =  5'
msuc: {\huge Histograma dosis-volumen del pouch}
msdr: {\it plotted by \ANGEL \version}
msdl: {\it calculated by \PHITS  3.35}
wt: s(0.7)
\vspace{-3}
  xmin  &=&   0.0000E+00 [cm]
  xmax  &=&   1.0000E-01 [cm]
  ymin  &=&  -1.2500E+00 [cm]
  ymax  &=&  -1.1500E+00 [cm]
e:

#------------------------------------------------------------------------------
 newpage:
#   no. =270   ix  =  9   iy  =  6
#   x = (   0.0000E+00  -   1.0000E-01  )
#   y = (  -1.1500E+00  -  -1.0500E+00  )

x: z[cm]
y: Dose [Gy/source]      
p: xlin ylog afac(0.8) form(0.9)
h: n            x            y(proton  ),hh0l n 
#  z-lower      z-upper        proton    r.err 
   9.8455E+01   9.8486E+01   3.6963E-01  0.0183
   9.8486E+01   9.8517E+01   3.7031E-01  0.0194
   9.8517E+01   9.8549E+01   3.6871E-01  0.0207
   9.8549E+01   9.8580E+01   3.5509E-01  0.0234

#   sum over    1.2500E-03   3.6593E-01  0.0178

'no. =270,  ix =  9,  iy =  6'
msuc: {\huge Histograma dosis-volumen del pouch}
msdr: {\it plotted by \ANGEL \version}
msdl: {\it calculated by \PHITS  3.35}
wt: s(0.7)
\vspace{-3}
  xmin  &=&   0.0000E+00 [cm]
  xmax  &=&   1.0000E-01 [cm]
  ymin  &=&  -1.1500E+00 [cm]
  ymax  &=&  -1.0500E+00 [cm]
e:

#------------------------------------------------------------------------------
 newpage:
#   no. =271   ix  =  9   iy  =  7
#   x = (   0.0000E+00  -   1.0000E-01  )
#   y = (  -1.0500E+00  -  -9.5000E-01  )

x: z[cm]
y: Dose [Gy/source]      
p: xlin ylog afac(0.8) form(0.9)
h: n            x            y(proton  ),hh0l n 
#  z-lower      z-upper        proton    r.err 
   9.8455E+01   9.8486E+01   3.6281E-01  0.0186
   9.8486E+01   9.8517E+01   3.6897E-01  0.0196
   9.8517E+01   9.8549E+01   3.5454E-01  0.0210
   9.8549E+01   9.8580E+01   3.4119E-01  0.0238

#   sum over    1.2500E-03   3.5688E-01  0.0180

'no. =271,  ix =  9,  iy =  7'
msuc: {\huge Histograma dosis-volumen del pouch}
msdr: {\it plotted by \ANGEL \version}
msdl: {\it calculated by \PHITS  3.35}
wt: s(0.7)
\vspace{-3}
  xmin  &=&   0.0000E+00 [cm]
  xmax  &=&   1.0000E-01 [cm]
  ymin  &=&  -1.0500E+00 [cm]
  ymax  &=&  -9.5000E-01 [cm]
e:

#------------------------------------------------------------------------------
 newpage:
#   no. =272   ix  =  9   iy  =  8
#   x = (   0.0000E+00  -   1.0000E-01  )
#   y = (  -9.5000E-01  -  -8.5000E-01  )

x: z[cm]
y: Dose [Gy/source]      
p: xlin ylog afac(0.8) form(0.9)
h: n            x            y(proton  ),hh0l n 
#  z-lower      z-upper        proton    r.err 
   9.8455E+01   9.8486E+01   3.5444E-01  0.0189
   9.8486E+01   9.8517E+01   3.4892E-01  0.0201
   9.8517E+01   9.8549E+01   3.3348E-01  0.0217
   9.8549E+01   9.8580E+01   3.2424E-01  0.0244

#   sum over    1.2500E-03   3.4027E-01  0.0183

'no. =272,  ix =  9,  iy =  8'
msuc: {\huge Histograma dosis-volumen del pouch}
msdr: {\it plotted by \ANGEL \version}
msdl: {\it calculated by \PHITS  3.35}
wt: s(0.7)
\vspace{-3}
  xmin  &=&   0.0000E+00 [cm]
  xmax  &=&   1.0000E-01 [cm]
  ymin  &=&  -9.5000E-01 [cm]
  ymax  &=&  -8.5000E-01 [cm]
e:

#------------------------------------------------------------------------------
 newpage:
#   no. =273   ix  =  9   iy  =  9
#   x = (   0.0000E+00  -   1.0000E-01  )
#   y = (  -8.5000E-01  -  -7.5000E-01  )

x: z[cm]
y: Dose [Gy/source]      
p: xlin ylog afac(0.8) form(0.9)
h: n            x            y(proton  ),hh0l n 
#  z-lower      z-upper        proton    r.err 
   9.8455E+01   9.8486E+01   3.6146E-01  0.0186
   9.8486E+01   9.8517E+01   3.6200E-01  0.0197
   9.8517E+01   9.8549E+01   3.5272E-01  0.0211
   9.8549E+01   9.8580E+01   3.3921E-01  0.0238

#   sum over    1.2500E-03   3.5384E-01  0.0180

'no. =273,  ix =  9,  iy =  9'
msuc: {\huge Histograma dosis-volumen del pouch}
msdr: {\it plotted by \ANGEL \version}
msdl: {\it calculated by \PHITS  3.35}
wt: s(0.7)
\vspace{-3}
  xmin  &=&   0.0000E+00 [cm]
  xmax  &=&   1.0000E-01 [cm]
  ymin  &=&  -8.5000E-01 [cm]
  ymax  &=&  -7.5000E-01 [cm]
e:

#------------------------------------------------------------------------------
 newpage:
#   no. =274   ix  =  9   iy  = 10
#   x = (   0.0000E+00  -   1.0000E-01  )
#   y = (  -7.5000E-01  -  -6.5000E-01  )

x: z[cm]
y: Dose [Gy/source]      
p: xlin ylog afac(0.8) form(0.9)
h: n            x            y(proton  ),hh0l n 
#  z-lower      z-upper        proton    r.err 
   9.8455E+01   9.8486E+01   3.6602E-01  0.0186
   9.8486E+01   9.8517E+01   3.6193E-01  0.0197
   9.8517E+01   9.8549E+01   3.4949E-01  0.0212
   9.8549E+01   9.8580E+01   3.3451E-01  0.0241

#   sum over    1.2500E-03   3.5299E-01  0.0181

'no. =274,  ix =  9,  iy = 10'
msuc: {\huge Histograma dosis-volumen del pouch}
msdr: {\it plotted by \ANGEL \version}
msdl: {\it calculated by \PHITS  3.35}
wt: s(0.7)
\vspace{-3}
  xmin  &=&   0.0000E+00 [cm]
  xmax  &=&   1.0000E-01 [cm]
  ymin  &=&  -7.5000E-01 [cm]
  ymax  &=&  -6.5000E-01 [cm]
e:

#------------------------------------------------------------------------------
 newpage:
#   no. =275   ix  =  9   iy  = 11
#   x = (   0.0000E+00  -   1.0000E-01  )
#   y = (  -6.5000E-01  -  -5.5000E-01  )

x: z[cm]
y: Dose [Gy/source]      
p: xlin ylog afac(0.8) form(0.9)
h: n            x            y(proton  ),hh0l n 
#  z-lower      z-upper        proton    r.err 
   9.8455E+01   9.8486E+01   3.6117E-01  0.0186
   9.8486E+01   9.8517E+01   3.6475E-01  0.0196
   9.8517E+01   9.8549E+01   3.5231E-01  0.0211
   9.8549E+01   9.8580E+01   3.4249E-01  0.0238

#   sum over    1.2500E-03   3.5518E-01  0.0180

'no. =275,  ix =  9,  iy = 11'
msuc: {\huge Histograma dosis-volumen del pouch}
msdr: {\it plotted by \ANGEL \version}
msdl: {\it calculated by \PHITS  3.35}
wt: s(0.7)
\vspace{-3}
  xmin  &=&   0.0000E+00 [cm]
  xmax  &=&   1.0000E-01 [cm]
  ymin  &=&  -6.5000E-01 [cm]
  ymax  &=&  -5.5000E-01 [cm]
e:

#------------------------------------------------------------------------------
 newpage:
#   no. =276   ix  =  9   iy  = 12
#   x = (   0.0000E+00  -   1.0000E-01  )
#   y = (  -5.5000E-01  -  -4.5000E-01  )

x: z[cm]
y: Dose [Gy/source]      
p: xlin ylog afac(0.8) form(0.9)
h: n            x            y(proton  ),hh0l n 
#  z-lower      z-upper        proton    r.err 
   9.8455E+01   9.8486E+01   3.5506E-01  0.0188
   9.8486E+01   9.8517E+01   3.5435E-01  0.0200
   9.8517E+01   9.8549E+01   3.4290E-01  0.0214
   9.8549E+01   9.8580E+01   3.3185E-01  0.0241

#   sum over    1.2500E-03   3.4604E-01  0.0183

'no. =276,  ix =  9,  iy = 12'
msuc: {\huge Histograma dosis-volumen del pouch}
msdr: {\it plotted by \ANGEL \version}
msdl: {\it calculated by \PHITS  3.35}
wt: s(0.7)
\vspace{-3}
  xmin  &=&   0.0000E+00 [cm]
  xmax  &=&   1.0000E-01 [cm]
  ymin  &=&  -5.5000E-01 [cm]
  ymax  &=&  -4.5000E-01 [cm]
e:

#------------------------------------------------------------------------------
 newpage:
#   no. =277   ix  =  9   iy  = 13
#   x = (   0.0000E+00  -   1.0000E-01  )
#   y = (  -4.5000E-01  -  -3.5000E-01  )

x: z[cm]
y: Dose [Gy/source]      
p: xlin ylog afac(0.8) form(0.9)
h: n            x            y(proton  ),hh0l n 
#  z-lower      z-upper        proton    r.err 
   9.8455E+01   9.8486E+01   3.5935E-01  0.0188
   9.8486E+01   9.8517E+01   3.6017E-01  0.0197
   9.8517E+01   9.8549E+01   3.5121E-01  0.0212
   9.8549E+01   9.8580E+01   3.3195E-01  0.0240

#   sum over    1.2500E-03   3.5067E-01  0.0181

'no. =277,  ix =  9,  iy = 13'
msuc: {\huge Histograma dosis-volumen del pouch}
msdr: {\it plotted by \ANGEL \version}
msdl: {\it calculated by \PHITS  3.35}
wt: s(0.7)
\vspace{-3}
  xmin  &=&   0.0000E+00 [cm]
  xmax  &=&   1.0000E-01 [cm]
  ymin  &=&  -4.5000E-01 [cm]
  ymax  &=&  -3.5000E-01 [cm]
e:

#------------------------------------------------------------------------------
 newpage:
#   no. =278   ix  =  9   iy  = 14
#   x = (   0.0000E+00  -   1.0000E-01  )
#   y = (  -3.5000E-01  -  -2.5000E-01  )

x: z[cm]
y: Dose [Gy/source]      
p: xlin ylog afac(0.8) form(0.9)
h: n            x            y(proton  ),hh0l n 
#  z-lower      z-upper        proton    r.err 
   9.8455E+01   9.8486E+01   3.5141E-01  0.0188
   9.8486E+01   9.8517E+01   3.5760E-01  0.0199
   9.8517E+01   9.8549E+01   3.4686E-01  0.0213
   9.8549E+01   9.8580E+01   3.3551E-01  0.0241

#   sum over    1.2500E-03   3.4784E-01  0.0182

'no. =278,  ix =  9,  iy = 14'
msuc: {\huge Histograma dosis-volumen del pouch}
msdr: {\it plotted by \ANGEL \version}
msdl: {\it calculated by \PHITS  3.35}
wt: s(0.7)
\vspace{-3}
  xmin  &=&   0.0000E+00 [cm]
  xmax  &=&   1.0000E-01 [cm]
  ymin  &=&  -3.5000E-01 [cm]
  ymax  &=&  -2.5000E-01 [cm]
e:

#------------------------------------------------------------------------------
 newpage:
#   no. =279   ix  =  9   iy  = 15
#   x = (   0.0000E+00  -   1.0000E-01  )
#   y = (  -2.5000E-01  -  -1.5000E-01  )

x: z[cm]
y: Dose [Gy/source]      
p: xlin ylog afac(0.8) form(0.9)
h: n            x            y(proton  ),hh0l n 
#  z-lower      z-upper        proton    r.err 
   9.8455E+01   9.8486E+01   3.3924E-01  0.0190
   9.8486E+01   9.8517E+01   3.4696E-01  0.0202
   9.8517E+01   9.8549E+01   3.3978E-01  0.0216
   9.8549E+01   9.8580E+01   3.2130E-01  0.0245

#   sum over    1.2500E-03   3.3682E-01  0.0185

'no. =279,  ix =  9,  iy = 15'
msuc: {\huge Histograma dosis-volumen del pouch}
msdr: {\it plotted by \ANGEL \version}
msdl: {\it calculated by \PHITS  3.35}
wt: s(0.7)
\vspace{-3}
  xmin  &=&   0.0000E+00 [cm]
  xmax  &=&   1.0000E-01 [cm]
  ymin  &=&  -2.5000E-01 [cm]
  ymax  &=&  -1.5000E-01 [cm]
e:

#------------------------------------------------------------------------------
 newpage:
#   no. =280   ix  =  9   iy  = 16
#   x = (   0.0000E+00  -   1.0000E-01  )
#   y = (  -1.5000E-01  -  -5.0000E-02  )

x: z[cm]
y: Dose [Gy/source]      
p: xlin ylog afac(0.8) form(0.9)
h: n            x            y(proton  ),hh0l n 
#  z-lower      z-upper        proton    r.err 
   9.8455E+01   9.8486E+01   3.4998E-01  0.0189
   9.8486E+01   9.8517E+01   3.5622E-01  0.0200
   9.8517E+01   9.8549E+01   3.3716E-01  0.0216
   9.8549E+01   9.8580E+01   3.3158E-01  0.0243

#   sum over    1.2500E-03   3.4374E-01  0.0183

'no. =280,  ix =  9,  iy = 16'
msuc: {\huge Histograma dosis-volumen del pouch}
msdr: {\it plotted by \ANGEL \version}
msdl: {\it calculated by \PHITS  3.35}
wt: s(0.7)
\vspace{-3}
  xmin  &=&   0.0000E+00 [cm]
  xmax  &=&   1.0000E-01 [cm]
  ymin  &=&  -1.5000E-01 [cm]
  ymax  &=&  -5.0000E-02 [cm]
e:

#------------------------------------------------------------------------------
 newpage:
#   no. =281   ix  =  9   iy  = 17
#   x = (   0.0000E+00  -   1.0000E-01  )
#   y = (  -5.0000E-02  -   5.0000E-02  )

x: z[cm]
y: Dose [Gy/source]      
p: xlin ylog afac(0.8) form(0.9)
h: n            x            y(proton  ),hh0l n 
#  z-lower      z-upper        proton    r.err 
   9.8455E+01   9.8486E+01   3.5109E-01  0.0188
   9.8486E+01   9.8517E+01   3.5971E-01  0.0199
   9.8517E+01   9.8549E+01   3.4196E-01  0.0214
   9.8549E+01   9.8580E+01   3.3282E-01  0.0241

#   sum over    1.2500E-03   3.4639E-01  0.0182

'no. =281,  ix =  9,  iy = 17'
msuc: {\huge Histograma dosis-volumen del pouch}
msdr: {\it plotted by \ANGEL \version}
msdl: {\it calculated by \PHITS  3.35}
wt: s(0.7)
\vspace{-3}
  xmin  &=&   0.0000E+00 [cm]
  xmax  &=&   1.0000E-01 [cm]
  ymin  &=&  -5.0000E-02 [cm]
  ymax  &=&   5.0000E-02 [cm]
e:

#------------------------------------------------------------------------------
 newpage:
#   no. =282   ix  =  9   iy  = 18
#   x = (   0.0000E+00  -   1.0000E-01  )
#   y = (   5.0000E-02  -   1.5000E-01  )

x: z[cm]
y: Dose [Gy/source]      
p: xlin ylog afac(0.8) form(0.9)
h: n            x            y(proton  ),hh0l n 
#  z-lower      z-upper        proton    r.err 
   9.8455E+01   9.8486E+01   3.6794E-01  0.0186
   9.8486E+01   9.8517E+01   3.7144E-01  0.0197
   9.8517E+01   9.8549E+01   3.4482E-01  0.0212
   9.8549E+01   9.8580E+01   3.3778E-01  0.0240

#   sum over    1.2500E-03   3.5550E-01  0.0180

'no. =282,  ix =  9,  iy = 18'
msuc: {\huge Histograma dosis-volumen del pouch}
msdr: {\it plotted by \ANGEL \version}
msdl: {\it calculated by \PHITS  3.35}
wt: s(0.7)
\vspace{-3}
  xmin  &=&   0.0000E+00 [cm]
  xmax  &=&   1.0000E-01 [cm]
  ymin  &=&   5.0000E-02 [cm]
  ymax  &=&   1.5000E-01 [cm]
e:

#------------------------------------------------------------------------------
 newpage:
#   no. =283   ix  =  9   iy  = 19
#   x = (   0.0000E+00  -   1.0000E-01  )
#   y = (   1.5000E-01  -   2.5000E-01  )

x: z[cm]
y: Dose [Gy/source]      
p: xlin ylog afac(0.8) form(0.9)
h: n            x            y(proton  ),hh0l n 
#  z-lower      z-upper        proton    r.err 
   9.8455E+01   9.8486E+01   3.6840E-01  0.0184
   9.8486E+01   9.8517E+01   3.7381E-01  0.0195
   9.8517E+01   9.8549E+01   3.5546E-01  0.0211
   9.8549E+01   9.8580E+01   3.3839E-01  0.0239

#   sum over    1.2500E-03   3.5902E-01  0.0179

'no. =283,  ix =  9,  iy = 19'
msuc: {\huge Histograma dosis-volumen del pouch}
msdr: {\it plotted by \ANGEL \version}
msdl: {\it calculated by \PHITS  3.35}
wt: s(0.7)
\vspace{-3}
  xmin  &=&   0.0000E+00 [cm]
  xmax  &=&   1.0000E-01 [cm]
  ymin  &=&   1.5000E-01 [cm]
  ymax  &=&   2.5000E-01 [cm]
e:

#------------------------------------------------------------------------------
 newpage:
#   no. =284   ix  =  9   iy  = 20
#   x = (   0.0000E+00  -   1.0000E-01  )
#   y = (   2.5000E-01  -   3.5000E-01  )

x: z[cm]
y: Dose [Gy/source]      
p: xlin ylog afac(0.8) form(0.9)
h: n            x            y(proton  ),hh0l n 
#  z-lower      z-upper        proton    r.err 
   9.8455E+01   9.8486E+01   3.7305E-01  0.0184
   9.8486E+01   9.8517E+01   3.7450E-01  0.0195
   9.8517E+01   9.8549E+01   3.5348E-01  0.0211
   9.8549E+01   9.8580E+01   3.4114E-01  0.0239

#   sum over    1.2500E-03   3.6055E-01  0.0178

'no. =284,  ix =  9,  iy = 20'
msuc: {\huge Histograma dosis-volumen del pouch}
msdr: {\it plotted by \ANGEL \version}
msdl: {\it calculated by \PHITS  3.35}
wt: s(0.7)
\vspace{-3}
  xmin  &=&   0.0000E+00 [cm]
  xmax  &=&   1.0000E-01 [cm]
  ymin  &=&   2.5000E-01 [cm]
  ymax  &=&   3.5000E-01 [cm]
e:

#------------------------------------------------------------------------------
 newpage:
#   no. =285   ix  =  9   iy  = 21
#   x = (   0.0000E+00  -   1.0000E-01  )
#   y = (   3.5000E-01  -   4.5000E-01  )

x: z[cm]
y: Dose [Gy/source]      
p: xlin ylog afac(0.8) form(0.9)
h: n            x            y(proton  ),hh0l n 
#  z-lower      z-upper        proton    r.err 
   9.8455E+01   9.8486E+01   3.4081E-01  0.0192
   9.8486E+01   9.8517E+01   3.3714E-01  0.0205
   9.8517E+01   9.8549E+01   3.2396E-01  0.0220
   9.8549E+01   9.8580E+01   3.1056E-01  0.0250

#   sum over    1.2500E-03   3.2812E-01  0.0187

'no. =285,  ix =  9,  iy = 21'
msuc: {\huge Histograma dosis-volumen del pouch}
msdr: {\it plotted by \ANGEL \version}
msdl: {\it calculated by \PHITS  3.35}
wt: s(0.7)
\vspace{-3}
  xmin  &=&   0.0000E+00 [cm]
  xmax  &=&   1.0000E-01 [cm]
  ymin  &=&   3.5000E-01 [cm]
  ymax  &=&   4.5000E-01 [cm]
e:

#------------------------------------------------------------------------------
 newpage:
#   no. =286   ix  =  9   iy  = 22
#   x = (   0.0000E+00  -   1.0000E-01  )
#   y = (   4.5000E-01  -   5.5000E-01  )

x: z[cm]
y: Dose [Gy/source]      
p: xlin ylog afac(0.8) form(0.9)
h: n            x            y(proton  ),hh0l n 
#  z-lower      z-upper        proton    r.err 
   9.8455E+01   9.8486E+01   3.5641E-01  0.0187
   9.8486E+01   9.8517E+01   3.6203E-01  0.0198
   9.8517E+01   9.8549E+01   3.4750E-01  0.0213
   9.8549E+01   9.8580E+01   3.3666E-01  0.0241

#   sum over    1.2500E-03   3.5064E-01  0.0182

'no. =286,  ix =  9,  iy = 22'
msuc: {\huge Histograma dosis-volumen del pouch}
msdr: {\it plotted by \ANGEL \version}
msdl: {\it calculated by \PHITS  3.35}
wt: s(0.7)
\vspace{-3}
  xmin  &=&   0.0000E+00 [cm]
  xmax  &=&   1.0000E-01 [cm]
  ymin  &=&   4.5000E-01 [cm]
  ymax  &=&   5.5000E-01 [cm]
e:

#------------------------------------------------------------------------------
 newpage:
#   no. =287   ix  =  9   iy  = 23
#   x = (   0.0000E+00  -   1.0000E-01  )
#   y = (   5.5000E-01  -   6.5000E-01  )

x: z[cm]
y: Dose [Gy/source]      
p: xlin ylog afac(0.8) form(0.9)
h: n            x            y(proton  ),hh0l n 
#  z-lower      z-upper        proton    r.err 
   9.8455E+01   9.8486E+01   3.5656E-01  0.0187
   9.8486E+01   9.8517E+01   3.5438E-01  0.0198
   9.8517E+01   9.8549E+01   3.4774E-01  0.0213
   9.8549E+01   9.8580E+01   3.3815E-01  0.0240

#   sum over    1.2500E-03   3.4921E-01  0.0181

'no. =287,  ix =  9,  iy = 23'
msuc: {\huge Histograma dosis-volumen del pouch}
msdr: {\it plotted by \ANGEL \version}
msdl: {\it calculated by \PHITS  3.35}
wt: s(0.7)
\vspace{-3}
  xmin  &=&   0.0000E+00 [cm]
  xmax  &=&   1.0000E-01 [cm]
  ymin  &=&   5.5000E-01 [cm]
  ymax  &=&   6.5000E-01 [cm]
e:

#------------------------------------------------------------------------------
 newpage:
#   no. =288   ix  =  9   iy  = 24
#   x = (   0.0000E+00  -   1.0000E-01  )
#   y = (   6.5000E-01  -   7.5000E-01  )

x: z[cm]
y: Dose [Gy/source]      
p: xlin ylog afac(0.8) form(0.9)
h: n            x            y(proton  ),hh0l n 
#  z-lower      z-upper        proton    r.err 
   9.8455E+01   9.8486E+01   3.5451E-01  0.0187
   9.8486E+01   9.8517E+01   3.6072E-01  0.0198
   9.8517E+01   9.8549E+01   3.4895E-01  0.0213
   9.8549E+01   9.8580E+01   3.3062E-01  0.0242

#   sum over    1.2500E-03   3.4870E-01  0.0181

'no. =288,  ix =  9,  iy = 24'
msuc: {\huge Histograma dosis-volumen del pouch}
msdr: {\it plotted by \ANGEL \version}
msdl: {\it calculated by \PHITS  3.35}
wt: s(0.7)
\vspace{-3}
  xmin  &=&   0.0000E+00 [cm]
  xmax  &=&   1.0000E-01 [cm]
  ymin  &=&   6.5000E-01 [cm]
  ymax  &=&   7.5000E-01 [cm]
e:

#------------------------------------------------------------------------------
 newpage:
#   no. =289   ix  =  9   iy  = 25
#   x = (   0.0000E+00  -   1.0000E-01  )
#   y = (   7.5000E-01  -   8.5000E-01  )

x: z[cm]
y: Dose [Gy/source]      
p: xlin ylog afac(0.8) form(0.9)
h: n            x            y(proton  ),hh0l n 
#  z-lower      z-upper        proton    r.err 
   9.8455E+01   9.8486E+01   3.6667E-01  0.0186
   9.8486E+01   9.8517E+01   3.6621E-01  0.0197
   9.8517E+01   9.8549E+01   3.4550E-01  0.0213
   9.8549E+01   9.8580E+01   3.3551E-01  0.0241

#   sum over    1.2500E-03   3.5347E-01  0.0180

'no. =289,  ix =  9,  iy = 25'
msuc: {\huge Histograma dosis-volumen del pouch}
msdr: {\it plotted by \ANGEL \version}
msdl: {\it calculated by \PHITS  3.35}
wt: s(0.7)
\vspace{-3}
  xmin  &=&   0.0000E+00 [cm]
  xmax  &=&   1.0000E-01 [cm]
  ymin  &=&   7.5000E-01 [cm]
  ymax  &=&   8.5000E-01 [cm]
e:

#------------------------------------------------------------------------------
 newpage:
#   no. =290   ix  =  9   iy  = 26
#   x = (   0.0000E+00  -   1.0000E-01  )
#   y = (   8.5000E-01  -   9.5000E-01  )

x: z[cm]
y: Dose [Gy/source]      
p: xlin ylog afac(0.8) form(0.9)
h: n            x            y(proton  ),hh0l n 
#  z-lower      z-upper        proton    r.err 
   9.8455E+01   9.8486E+01   3.7909E-01  0.0182
   9.8486E+01   9.8517E+01   3.7468E-01  0.0194
   9.8517E+01   9.8549E+01   3.6512E-01  0.0207
   9.8549E+01   9.8580E+01   3.5425E-01  0.0234

#   sum over    1.2500E-03   3.6829E-01  0.0177

'no. =290,  ix =  9,  iy = 26'
msuc: {\huge Histograma dosis-volumen del pouch}
msdr: {\it plotted by \ANGEL \version}
msdl: {\it calculated by \PHITS  3.35}
wt: s(0.7)
\vspace{-3}
  xmin  &=&   0.0000E+00 [cm]
  xmax  &=&   1.0000E-01 [cm]
  ymin  &=&   8.5000E-01 [cm]
  ymax  &=&   9.5000E-01 [cm]
e:

#------------------------------------------------------------------------------
 newpage:
#   no. =291   ix  =  9   iy  = 27
#   x = (   0.0000E+00  -   1.0000E-01  )
#   y = (   9.5000E-01  -   1.0500E+00  )

x: z[cm]
y: Dose [Gy/source]      
p: xlin ylog afac(0.8) form(0.9)
h: n            x            y(proton  ),hh0l n 
#  z-lower      z-upper        proton    r.err 
   9.8455E+01   9.8486E+01   3.6689E-01  0.0185
   9.8486E+01   9.8517E+01   3.6049E-01  0.0195
   9.8517E+01   9.8549E+01   3.5852E-01  0.0209
   9.8549E+01   9.8580E+01   3.5379E-01  0.0235

#   sum over    1.2500E-03   3.5992E-01  0.0180

'no. =291,  ix =  9,  iy = 27'
msuc: {\huge Histograma dosis-volumen del pouch}
msdr: {\it plotted by \ANGEL \version}
msdl: {\it calculated by \PHITS  3.35}
wt: s(0.7)
\vspace{-3}
  xmin  &=&   0.0000E+00 [cm]
  xmax  &=&   1.0000E-01 [cm]
  ymin  &=&   9.5000E-01 [cm]
  ymax  &=&   1.0500E+00 [cm]
e:

#------------------------------------------------------------------------------
 newpage:
#   no. =292   ix  =  9   iy  = 28
#   x = (   0.0000E+00  -   1.0000E-01  )
#   y = (   1.0500E+00  -   1.1500E+00  )

x: z[cm]
y: Dose [Gy/source]      
p: xlin ylog afac(0.8) form(0.9)
h: n            x            y(proton  ),hh0l n 
#  z-lower      z-upper        proton    r.err 
   9.8455E+01   9.8486E+01   3.6303E-01  0.0186
   9.8486E+01   9.8517E+01   3.6684E-01  0.0196
   9.8517E+01   9.8549E+01   3.5266E-01  0.0210
   9.8549E+01   9.8580E+01   3.4556E-01  0.0238

#   sum over    1.2500E-03   3.5703E-01  0.0180

'no. =292,  ix =  9,  iy = 28'
msuc: {\huge Histograma dosis-volumen del pouch}
msdr: {\it plotted by \ANGEL \version}
msdl: {\it calculated by \PHITS  3.35}
wt: s(0.7)
\vspace{-3}
  xmin  &=&   0.0000E+00 [cm]
  xmax  &=&   1.0000E-01 [cm]
  ymin  &=&   1.0500E+00 [cm]
  ymax  &=&   1.1500E+00 [cm]
e:

#------------------------------------------------------------------------------
 newpage:
#   no. =293   ix  =  9   iy  = 29
#   x = (   0.0000E+00  -   1.0000E-01  )
#   y = (   1.1500E+00  -   1.2500E+00  )

x: z[cm]
y: Dose [Gy/source]      
p: xlin ylog afac(0.8) form(0.9)
h: n            x            y(proton  ),hh0l n 
#  z-lower      z-upper        proton    r.err 
   9.8455E+01   9.8486E+01   3.7724E-01  0.0182
   9.8486E+01   9.8517E+01   3.7020E-01  0.0193
   9.8517E+01   9.8549E+01   3.6238E-01  0.0208
   9.8549E+01   9.8580E+01   3.5316E-01  0.0236

#   sum over    1.2500E-03   3.6575E-01  0.0178

'no. =293,  ix =  9,  iy = 29'
msuc: {\huge Histograma dosis-volumen del pouch}
msdr: {\it plotted by \ANGEL \version}
msdl: {\it calculated by \PHITS  3.35}
wt: s(0.7)
\vspace{-3}
  xmin  &=&   0.0000E+00 [cm]
  xmax  &=&   1.0000E-01 [cm]
  ymin  &=&   1.1500E+00 [cm]
  ymax  &=&   1.2500E+00 [cm]
e:

#------------------------------------------------------------------------------
 newpage:
#   no. =294   ix  =  9   iy  = 30
#   x = (   0.0000E+00  -   1.0000E-01  )
#   y = (   1.2500E+00  -   1.3500E+00  )

x: z[cm]
y: Dose [Gy/source]      
p: xlin ylog afac(0.8) form(0.9)
h: n            x            y(proton  ),hh0l n 
#  z-lower      z-upper        proton    r.err 
   9.8455E+01   9.8486E+01   3.6587E-01  0.0185
   9.8486E+01   9.8517E+01   3.7642E-01  0.0194
   9.8517E+01   9.8549E+01   3.6402E-01  0.0207
   9.8549E+01   9.8580E+01   3.5196E-01  0.0234

#   sum over    1.2500E-03   3.6457E-01  0.0178

'no. =294,  ix =  9,  iy = 30'
msuc: {\huge Histograma dosis-volumen del pouch}
msdr: {\it plotted by \ANGEL \version}
msdl: {\it calculated by \PHITS  3.35}
wt: s(0.7)
\vspace{-3}
  xmin  &=&   0.0000E+00 [cm]
  xmax  &=&   1.0000E-01 [cm]
  ymin  &=&   1.2500E+00 [cm]
  ymax  &=&   1.3500E+00 [cm]
e:

#------------------------------------------------------------------------------
 newpage:
#   no. =295   ix  =  9   iy  = 31
#   x = (   0.0000E+00  -   1.0000E-01  )
#   y = (   1.3500E+00  -   1.4500E+00  )

x: z[cm]
y: Dose [Gy/source]      
p: xlin ylog afac(0.8) form(0.9)
h: n            x            y(proton  ),hh0l n 
#  z-lower      z-upper        proton    r.err 
   9.8455E+01   9.8486E+01   3.6568E-01  0.0183
   9.8486E+01   9.8517E+01   3.7661E-01  0.0193
   9.8517E+01   9.8549E+01   3.7420E-01  0.0206
   9.8549E+01   9.8580E+01   3.6089E-01  0.0233

#   sum over    1.2500E-03   3.6934E-01  0.0178

'no. =295,  ix =  9,  iy = 31'
msuc: {\huge Histograma dosis-volumen del pouch}
msdr: {\it plotted by \ANGEL \version}
msdl: {\it calculated by \PHITS  3.35}
wt: s(0.7)
\vspace{-3}
  xmin  &=&   0.0000E+00 [cm]
  xmax  &=&   1.0000E-01 [cm]
  ymin  &=&   1.3500E+00 [cm]
  ymax  &=&   1.4500E+00 [cm]
e:

#------------------------------------------------------------------------------
 newpage:
#   no. =296   ix  =  9   iy  = 32
#   x = (   0.0000E+00  -   1.0000E-01  )
#   y = (   1.4500E+00  -   1.5500E+00  )

x: z[cm]
y: Dose [Gy/source]      
p: xlin ylog afac(0.8) form(0.9)
h: n            x            y(proton  ),hh0l n 
#  z-lower      z-upper        proton    r.err 
   9.8455E+01   9.8486E+01   3.7605E-01  0.0184
   9.8486E+01   9.8517E+01   3.7281E-01  0.0194
   9.8517E+01   9.8549E+01   3.5578E-01  0.0209
   9.8549E+01   9.8580E+01   3.5531E-01  0.0234

#   sum over    1.2500E-03   3.6499E-01  0.0178

'no. =296,  ix =  9,  iy = 32'
msuc: {\huge Histograma dosis-volumen del pouch}
msdr: {\it plotted by \ANGEL \version}
msdl: {\it calculated by \PHITS  3.35}
wt: s(0.7)
\vspace{-3}
  xmin  &=&   0.0000E+00 [cm]
  xmax  &=&   1.0000E-01 [cm]
  ymin  &=&   1.4500E+00 [cm]
  ymax  &=&   1.5500E+00 [cm]
e:

#------------------------------------------------------------------------------
 newpage:
#   no. =297   ix  =  9   iy  = 33
#   x = (   0.0000E+00  -   1.0000E-01  )
#   y = (   1.5500E+00  -   1.6500E+00  )

x: z[cm]
y: Dose [Gy/source]      
p: xlin ylog afac(0.8) form(0.9)
h: n            x            y(proton  ),hh0l n 
#  z-lower      z-upper        proton    r.err 
   9.8455E+01   9.8486E+01   3.6403E-01  0.0185
   9.8486E+01   9.8517E+01   3.6466E-01  0.0196
   9.8517E+01   9.8549E+01   3.5395E-01  0.0209
   9.8549E+01   9.8580E+01   3.5260E-01  0.0235

#   sum over    1.2500E-03   3.5881E-01  0.0179

'no. =297,  ix =  9,  iy = 33'
msuc: {\huge Histograma dosis-volumen del pouch}
msdr: {\it plotted by \ANGEL \version}
msdl: {\it calculated by \PHITS  3.35}
wt: s(0.7)
\vspace{-3}
  xmin  &=&   0.0000E+00 [cm]
  xmax  &=&   1.0000E-01 [cm]
  ymin  &=&   1.5500E+00 [cm]
  ymax  &=&   1.6500E+00 [cm]
e:

#------------------------------------------------------------------------------
 newpage:
#   no. =298   ix  = 10   iy  =  1
#   x = (   1.0000E-01  -   2.0000E-01  )
#   y = (  -1.6500E+00  -  -1.5500E+00  )

x: z[cm]
y: Dose [Gy/source]      
p: xlin ylog afac(0.8) form(0.9)
h: n            x            y(proton  ),hh0l n 
#  z-lower      z-upper        proton    r.err 
   9.8455E+01   9.8486E+01   0.0000E+00  0.0000
   9.8486E+01   9.8517E+01   0.0000E+00  0.0000
   9.8517E+01   9.8549E+01   0.0000E+00  0.0000
   9.8549E+01   9.8580E+01   0.0000E+00  0.0000

#   sum over    1.2500E-03   0.0000E+00  0.0000

'no. =298,  ix = 10,  iy =  1'
msuc: {\huge Histograma dosis-volumen del pouch}
msdr: {\it plotted by \ANGEL \version}
msdl: {\it calculated by \PHITS  3.35}
wt: s(0.7)
\vspace{-3}
  xmin  &=&   1.0000E-01 [cm]
  xmax  &=&   2.0000E-01 [cm]
  ymin  &=&  -1.6500E+00 [cm]
  ymax  &=&  -1.5500E+00 [cm]
e:

#------------------------------------------------------------------------------
 newpage:
#   no. =299   ix  = 10   iy  =  2
#   x = (   1.0000E-01  -   2.0000E-01  )
#   y = (  -1.5500E+00  -  -1.4500E+00  )

x: z[cm]
y: Dose [Gy/source]      
p: xlin ylog afac(0.8) form(0.9)
h: n            x            y(proton  ),hh0l n 
#  z-lower      z-upper        proton    r.err 
   9.8455E+01   9.8486E+01   0.0000E+00  0.0000
   9.8486E+01   9.8517E+01   0.0000E+00  0.0000
   9.8517E+01   9.8549E+01   0.0000E+00  0.0000
   9.8549E+01   9.8580E+01   0.0000E+00  0.0000

#   sum over    1.2500E-03   0.0000E+00  0.0000

'no. =299,  ix = 10,  iy =  2'
msuc: {\huge Histograma dosis-volumen del pouch}
msdr: {\it plotted by \ANGEL \version}
msdl: {\it calculated by \PHITS  3.35}
wt: s(0.7)
\vspace{-3}
  xmin  &=&   1.0000E-01 [cm]
  xmax  &=&   2.0000E-01 [cm]
  ymin  &=&  -1.5500E+00 [cm]
  ymax  &=&  -1.4500E+00 [cm]
e:

#------------------------------------------------------------------------------
 newpage:
#   no. =300   ix  = 10   iy  =  3
#   x = (   1.0000E-01  -   2.0000E-01  )
#   y = (  -1.4500E+00  -  -1.3500E+00  )

x: z[cm]
y: Dose [Gy/source]      
p: xlin ylog afac(0.8) form(0.9)
h: n            x            y(proton  ),hh0l n 
#  z-lower      z-upper        proton    r.err 
   9.8455E+01   9.8486E+01   4.1073E-05  1.0000
   9.8486E+01   9.8517E+01   1.2710E-04  1.0000
   9.8517E+01   9.8549E+01   3.2255E-04  1.0000
   9.8549E+01   9.8580E+01   0.0000E+00  0.0000

#   sum over    1.2500E-03   1.2268E-04  0.9201

'no. =300,  ix = 10,  iy =  3'
msuc: {\huge Histograma dosis-volumen del pouch}
msdr: {\it plotted by \ANGEL \version}
msdl: {\it calculated by \PHITS  3.35}
wt: s(0.7)
\vspace{-3}
  xmin  &=&   1.0000E-01 [cm]
  xmax  &=&   2.0000E-01 [cm]
  ymin  &=&  -1.4500E+00 [cm]
  ymax  &=&  -1.3500E+00 [cm]
e:

#------------------------------------------------------------------------------
 newpage:
#   no. =301   ix  = 10   iy  =  4
#   x = (   1.0000E-01  -   2.0000E-01  )
#   y = (  -1.3500E+00  -  -1.2500E+00  )

x: z[cm]
y: Dose [Gy/source]      
p: xlin ylog afac(0.8) form(0.9)
h: n            x            y(proton  ),hh0l n 
#  z-lower      z-upper        proton    r.err 
   9.8455E+01   9.8486E+01   2.6242E-01  0.0219
   9.8486E+01   9.8517E+01   2.6524E-01  0.0232
   9.8517E+01   9.8549E+01   2.5041E-01  0.0251
   9.8549E+01   9.8580E+01   2.4521E-01  0.0281

#   sum over    1.2500E-03   2.5582E-01  0.0212

'no. =301,  ix = 10,  iy =  4'
msuc: {\huge Histograma dosis-volumen del pouch}
msdr: {\it plotted by \ANGEL \version}
msdl: {\it calculated by \PHITS  3.35}
wt: s(0.7)
\vspace{-3}
  xmin  &=&   1.0000E-01 [cm]
  xmax  &=&   2.0000E-01 [cm]
  ymin  &=&  -1.3500E+00 [cm]
  ymax  &=&  -1.2500E+00 [cm]
e:

#------------------------------------------------------------------------------
 newpage:
#   no. =302   ix  = 10   iy  =  5
#   x = (   1.0000E-01  -   2.0000E-01  )
#   y = (  -1.2500E+00  -  -1.1500E+00  )

x: z[cm]
y: Dose [Gy/source]      
p: xlin ylog afac(0.8) form(0.9)
h: n            x            y(proton  ),hh0l n 
#  z-lower      z-upper        proton    r.err 
   9.8455E+01   9.8486E+01   3.5414E-01  0.0186
   9.8486E+01   9.8517E+01   3.5744E-01  0.0197
   9.8517E+01   9.8549E+01   3.5153E-01  0.0212
   9.8549E+01   9.8580E+01   3.4422E-01  0.0238

#   sum over    1.2500E-03   3.5184E-01  0.0181

'no. =302,  ix = 10,  iy =  5'
msuc: {\huge Histograma dosis-volumen del pouch}
msdr: {\it plotted by \ANGEL \version}
msdl: {\it calculated by \PHITS  3.35}
wt: s(0.7)
\vspace{-3}
  xmin  &=&   1.0000E-01 [cm]
  xmax  &=&   2.0000E-01 [cm]
  ymin  &=&  -1.2500E+00 [cm]
  ymax  &=&  -1.1500E+00 [cm]
e:

#------------------------------------------------------------------------------
 newpage:
#   no. =303   ix  = 10   iy  =  6
#   x = (   1.0000E-01  -   2.0000E-01  )
#   y = (  -1.1500E+00  -  -1.0500E+00  )

x: z[cm]
y: Dose [Gy/source]      
p: xlin ylog afac(0.8) form(0.9)
h: n            x            y(proton  ),hh0l n 
#  z-lower      z-upper        proton    r.err 
   9.8455E+01   9.8486E+01   3.6557E-01  0.0186
   9.8486E+01   9.8517E+01   3.6772E-01  0.0196
   9.8517E+01   9.8549E+01   3.5145E-01  0.0210
   9.8549E+01   9.8580E+01   3.4993E-01  0.0236

#   sum over    1.2500E-03   3.5866E-01  0.0180

'no. =303,  ix = 10,  iy =  6'
msuc: {\huge Histograma dosis-volumen del pouch}
msdr: {\it plotted by \ANGEL \version}
msdl: {\it calculated by \PHITS  3.35}
wt: s(0.7)
\vspace{-3}
  xmin  &=&   1.0000E-01 [cm]
  xmax  &=&   2.0000E-01 [cm]
  ymin  &=&  -1.1500E+00 [cm]
  ymax  &=&  -1.0500E+00 [cm]
e:

#------------------------------------------------------------------------------
 newpage:
#   no. =304   ix  = 10   iy  =  7
#   x = (   1.0000E-01  -   2.0000E-01  )
#   y = (  -1.0500E+00  -  -9.5000E-01  )

x: z[cm]
y: Dose [Gy/source]      
p: xlin ylog afac(0.8) form(0.9)
h: n            x            y(proton  ),hh0l n 
#  z-lower      z-upper        proton    r.err 
   9.8455E+01   9.8486E+01   3.7972E-01  0.0181
   9.8486E+01   9.8517E+01   3.8228E-01  0.0192
   9.8517E+01   9.8549E+01   3.6783E-01  0.0207
   9.8549E+01   9.8580E+01   3.4551E-01  0.0237

#   sum over    1.2500E-03   3.6884E-01  0.0177

'no. =304,  ix = 10,  iy =  7'
msuc: {\huge Histograma dosis-volumen del pouch}
msdr: {\it plotted by \ANGEL \version}
msdl: {\it calculated by \PHITS  3.35}
wt: s(0.7)
\vspace{-3}
  xmin  &=&   1.0000E-01 [cm]
  xmax  &=&   2.0000E-01 [cm]
  ymin  &=&  -1.0500E+00 [cm]
  ymax  &=&  -9.5000E-01 [cm]
e:

#------------------------------------------------------------------------------
 newpage:
#   no. =305   ix  = 10   iy  =  8
#   x = (   1.0000E-01  -   2.0000E-01  )
#   y = (  -9.5000E-01  -  -8.5000E-01  )

x: z[cm]
y: Dose [Gy/source]      
p: xlin ylog afac(0.8) form(0.9)
h: n            x            y(proton  ),hh0l n 
#  z-lower      z-upper        proton    r.err 
   9.8455E+01   9.8486E+01   3.5995E-01  0.0187
   9.8486E+01   9.8517E+01   3.6712E-01  0.0195
   9.8517E+01   9.8549E+01   3.5032E-01  0.0211
   9.8549E+01   9.8580E+01   3.4327E-01  0.0239

#   sum over    1.2500E-03   3.5516E-01  0.0180

'no. =305,  ix = 10,  iy =  8'
msuc: {\huge Histograma dosis-volumen del pouch}
msdr: {\it plotted by \ANGEL \version}
msdl: {\it calculated by \PHITS  3.35}
wt: s(0.7)
\vspace{-3}
  xmin  &=&   1.0000E-01 [cm]
  xmax  &=&   2.0000E-01 [cm]
  ymin  &=&  -9.5000E-01 [cm]
  ymax  &=&  -8.5000E-01 [cm]
e:

#------------------------------------------------------------------------------
 newpage:
#   no. =306   ix  = 10   iy  =  9
#   x = (   1.0000E-01  -   2.0000E-01  )
#   y = (  -8.5000E-01  -  -7.5000E-01  )

x: z[cm]
y: Dose [Gy/source]      
p: xlin ylog afac(0.8) form(0.9)
h: n            x            y(proton  ),hh0l n 
#  z-lower      z-upper        proton    r.err 
   9.8455E+01   9.8486E+01   3.6126E-01  0.0187
   9.8486E+01   9.8517E+01   3.6664E-01  0.0197
   9.8517E+01   9.8549E+01   3.4835E-01  0.0212
   9.8549E+01   9.8580E+01   3.3688E-01  0.0240

#   sum over    1.2500E-03   3.5328E-01  0.0181

'no. =306,  ix = 10,  iy =  9'
msuc: {\huge Histograma dosis-volumen del pouch}
msdr: {\it plotted by \ANGEL \version}
msdl: {\it calculated by \PHITS  3.35}
wt: s(0.7)
\vspace{-3}
  xmin  &=&   1.0000E-01 [cm]
  xmax  &=&   2.0000E-01 [cm]
  ymin  &=&  -8.5000E-01 [cm]
  ymax  &=&  -7.5000E-01 [cm]
e:

#------------------------------------------------------------------------------
 newpage:
#   no. =307   ix  = 10   iy  = 10
#   x = (   1.0000E-01  -   2.0000E-01  )
#   y = (  -7.5000E-01  -  -6.5000E-01  )

x: z[cm]
y: Dose [Gy/source]      
p: xlin ylog afac(0.8) form(0.9)
h: n            x            y(proton  ),hh0l n 
#  z-lower      z-upper        proton    r.err 
   9.8455E+01   9.8486E+01   3.5532E-01  0.0188
   9.8486E+01   9.8517E+01   3.5878E-01  0.0200
   9.8517E+01   9.8549E+01   3.4298E-01  0.0215
   9.8549E+01   9.8580E+01   3.3095E-01  0.0242

#   sum over    1.2500E-03   3.4701E-01  0.0182

'no. =307,  ix = 10,  iy = 10'
msuc: {\huge Histograma dosis-volumen del pouch}
msdr: {\it plotted by \ANGEL \version}
msdl: {\it calculated by \PHITS  3.35}
wt: s(0.7)
\vspace{-3}
  xmin  &=&   1.0000E-01 [cm]
  xmax  &=&   2.0000E-01 [cm]
  ymin  &=&  -7.5000E-01 [cm]
  ymax  &=&  -6.5000E-01 [cm]
e:

#------------------------------------------------------------------------------
 newpage:
#   no. =308   ix  = 10   iy  = 11
#   x = (   1.0000E-01  -   2.0000E-01  )
#   y = (  -6.5000E-01  -  -5.5000E-01  )

x: z[cm]
y: Dose [Gy/source]      
p: xlin ylog afac(0.8) form(0.9)
h: n            x            y(proton  ),hh0l n 
#  z-lower      z-upper        proton    r.err 
   9.8455E+01   9.8486E+01   3.6000E-01  0.0188
   9.8486E+01   9.8517E+01   3.5991E-01  0.0200
   9.8517E+01   9.8549E+01   3.3924E-01  0.0215
   9.8549E+01   9.8580E+01   3.2311E-01  0.0245

#   sum over    1.2500E-03   3.4557E-01  0.0183

'no. =308,  ix = 10,  iy = 11'
msuc: {\huge Histograma dosis-volumen del pouch}
msdr: {\it plotted by \ANGEL \version}
msdl: {\it calculated by \PHITS  3.35}
wt: s(0.7)
\vspace{-3}
  xmin  &=&   1.0000E-01 [cm]
  xmax  &=&   2.0000E-01 [cm]
  ymin  &=&  -6.5000E-01 [cm]
  ymax  &=&  -5.5000E-01 [cm]
e:

#------------------------------------------------------------------------------
 newpage:
#   no. =309   ix  = 10   iy  = 12
#   x = (   1.0000E-01  -   2.0000E-01  )
#   y = (  -5.5000E-01  -  -4.5000E-01  )

x: z[cm]
y: Dose [Gy/source]      
p: xlin ylog afac(0.8) form(0.9)
h: n            x            y(proton  ),hh0l n 
#  z-lower      z-upper        proton    r.err 
   9.8455E+01   9.8486E+01   3.6031E-01  0.0187
   9.8486E+01   9.8517E+01   3.6240E-01  0.0197
   9.8517E+01   9.8549E+01   3.4875E-01  0.0211
   9.8549E+01   9.8580E+01   3.4048E-01  0.0239

#   sum over    1.2500E-03   3.5299E-01  0.0181

'no. =309,  ix = 10,  iy = 12'
msuc: {\huge Histograma dosis-volumen del pouch}
msdr: {\it plotted by \ANGEL \version}
msdl: {\it calculated by \PHITS  3.35}
wt: s(0.7)
\vspace{-3}
  xmin  &=&   1.0000E-01 [cm]
  xmax  &=&   2.0000E-01 [cm]
  ymin  &=&  -5.5000E-01 [cm]
  ymax  &=&  -4.5000E-01 [cm]
e:

#------------------------------------------------------------------------------
 newpage:
#   no. =310   ix  = 10   iy  = 13
#   x = (   1.0000E-01  -   2.0000E-01  )
#   y = (  -4.5000E-01  -  -3.5000E-01  )

x: z[cm]
y: Dose [Gy/source]      
p: xlin ylog afac(0.8) form(0.9)
h: n            x            y(proton  ),hh0l n 
#  z-lower      z-upper        proton    r.err 
   9.8455E+01   9.8486E+01   3.5566E-01  0.0187
   9.8486E+01   9.8517E+01   3.6493E-01  0.0197
   9.8517E+01   9.8549E+01   3.5041E-01  0.0211
   9.8549E+01   9.8580E+01   3.4300E-01  0.0237

#   sum over    1.2500E-03   3.5350E-01  0.0181

'no. =310,  ix = 10,  iy = 13'
msuc: {\huge Histograma dosis-volumen del pouch}
msdr: {\it plotted by \ANGEL \version}
msdl: {\it calculated by \PHITS  3.35}
wt: s(0.7)
\vspace{-3}
  xmin  &=&   1.0000E-01 [cm]
  xmax  &=&   2.0000E-01 [cm]
  ymin  &=&  -4.5000E-01 [cm]
  ymax  &=&  -3.5000E-01 [cm]
e:

#------------------------------------------------------------------------------
 newpage:
#   no. =311   ix  = 10   iy  = 14
#   x = (   1.0000E-01  -   2.0000E-01  )
#   y = (  -3.5000E-01  -  -2.5000E-01  )

x: z[cm]
y: Dose [Gy/source]      
p: xlin ylog afac(0.8) form(0.9)
h: n            x            y(proton  ),hh0l n 
#  z-lower      z-upper        proton    r.err 
   9.8455E+01   9.8486E+01   3.5128E-01  0.0189
   9.8486E+01   9.8517E+01   3.5051E-01  0.0199
   9.8517E+01   9.8549E+01   3.4015E-01  0.0215
   9.8549E+01   9.8580E+01   3.2912E-01  0.0243

#   sum over    1.2500E-03   3.4276E-01  0.0184

'no. =311,  ix = 10,  iy = 14'
msuc: {\huge Histograma dosis-volumen del pouch}
msdr: {\it plotted by \ANGEL \version}
msdl: {\it calculated by \PHITS  3.35}
wt: s(0.7)
\vspace{-3}
  xmin  &=&   1.0000E-01 [cm]
  xmax  &=&   2.0000E-01 [cm]
  ymin  &=&  -3.5000E-01 [cm]
  ymax  &=&  -2.5000E-01 [cm]
e:

#------------------------------------------------------------------------------
 newpage:
#   no. =312   ix  = 10   iy  = 15
#   x = (   1.0000E-01  -   2.0000E-01  )
#   y = (  -2.5000E-01  -  -1.5000E-01  )

x: z[cm]
y: Dose [Gy/source]      
p: xlin ylog afac(0.8) form(0.9)
h: n            x            y(proton  ),hh0l n 
#  z-lower      z-upper        proton    r.err 
   9.8455E+01   9.8486E+01   3.6035E-01  0.0186
   9.8486E+01   9.8517E+01   3.6099E-01  0.0197
   9.8517E+01   9.8549E+01   3.4573E-01  0.0213
   9.8549E+01   9.8580E+01   3.3550E-01  0.0241

#   sum over    1.2500E-03   3.5064E-01  0.0181

'no. =312,  ix = 10,  iy = 15'
msuc: {\huge Histograma dosis-volumen del pouch}
msdr: {\it plotted by \ANGEL \version}
msdl: {\it calculated by \PHITS  3.35}
wt: s(0.7)
\vspace{-3}
  xmin  &=&   1.0000E-01 [cm]
  xmax  &=&   2.0000E-01 [cm]
  ymin  &=&  -2.5000E-01 [cm]
  ymax  &=&  -1.5000E-01 [cm]
e:

#------------------------------------------------------------------------------
 newpage:
#   no. =313   ix  = 10   iy  = 16
#   x = (   1.0000E-01  -   2.0000E-01  )
#   y = (  -1.5000E-01  -  -5.0000E-02  )

x: z[cm]
y: Dose [Gy/source]      
p: xlin ylog afac(0.8) form(0.9)
h: n            x            y(proton  ),hh0l n 
#  z-lower      z-upper        proton    r.err 
   9.8455E+01   9.8486E+01   3.5289E-01  0.0186
   9.8486E+01   9.8517E+01   3.6506E-01  0.0196
   9.8517E+01   9.8549E+01   3.4973E-01  0.0212
   9.8549E+01   9.8580E+01   3.4057E-01  0.0238

#   sum over    1.2500E-03   3.5206E-01  0.0181

'no. =313,  ix = 10,  iy = 16'
msuc: {\huge Histograma dosis-volumen del pouch}
msdr: {\it plotted by \ANGEL \version}
msdl: {\it calculated by \PHITS  3.35}
wt: s(0.7)
\vspace{-3}
  xmin  &=&   1.0000E-01 [cm]
  xmax  &=&   2.0000E-01 [cm]
  ymin  &=&  -1.5000E-01 [cm]
  ymax  &=&  -5.0000E-02 [cm]
e:

#------------------------------------------------------------------------------
 newpage:
#   no. =314   ix  = 10   iy  = 17
#   x = (   1.0000E-01  -   2.0000E-01  )
#   y = (  -5.0000E-02  -   5.0000E-02  )

x: z[cm]
y: Dose [Gy/source]      
p: xlin ylog afac(0.8) form(0.9)
h: n            x            y(proton  ),hh0l n 
#  z-lower      z-upper        proton    r.err 
   9.8455E+01   9.8486E+01   3.4993E-01  0.0189
   9.8486E+01   9.8517E+01   3.5544E-01  0.0200
   9.8517E+01   9.8549E+01   3.4308E-01  0.0215
   9.8549E+01   9.8580E+01   3.1866E-01  0.0247

#   sum over    1.2500E-03   3.4178E-01  0.0183

'no. =314,  ix = 10,  iy = 17'
msuc: {\huge Histograma dosis-volumen del pouch}
msdr: {\it plotted by \ANGEL \version}
msdl: {\it calculated by \PHITS  3.35}
wt: s(0.7)
\vspace{-3}
  xmin  &=&   1.0000E-01 [cm]
  xmax  &=&   2.0000E-01 [cm]
  ymin  &=&  -5.0000E-02 [cm]
  ymax  &=&   5.0000E-02 [cm]
e:

#------------------------------------------------------------------------------
 newpage:
#   no. =315   ix  = 10   iy  = 18
#   x = (   1.0000E-01  -   2.0000E-01  )
#   y = (   5.0000E-02  -   1.5000E-01  )

x: z[cm]
y: Dose [Gy/source]      
p: xlin ylog afac(0.8) form(0.9)
h: n            x            y(proton  ),hh0l n 
#  z-lower      z-upper        proton    r.err 
   9.8455E+01   9.8486E+01   3.5924E-01  0.0187
   9.8486E+01   9.8517E+01   3.6255E-01  0.0197
   9.8517E+01   9.8549E+01   3.4578E-01  0.0213
   9.8549E+01   9.8580E+01   3.3322E-01  0.0241

#   sum over    1.2500E-03   3.5019E-01  0.0181

'no. =315,  ix = 10,  iy = 18'
msuc: {\huge Histograma dosis-volumen del pouch}
msdr: {\it plotted by \ANGEL \version}
msdl: {\it calculated by \PHITS  3.35}
wt: s(0.7)
\vspace{-3}
  xmin  &=&   1.0000E-01 [cm]
  xmax  &=&   2.0000E-01 [cm]
  ymin  &=&   5.0000E-02 [cm]
  ymax  &=&   1.5000E-01 [cm]
e:

#------------------------------------------------------------------------------
 newpage:
#   no. =316   ix  = 10   iy  = 19
#   x = (   1.0000E-01  -   2.0000E-01  )
#   y = (   1.5000E-01  -   2.5000E-01  )

x: z[cm]
y: Dose [Gy/source]      
p: xlin ylog afac(0.8) form(0.9)
h: n            x            y(proton  ),hh0l n 
#  z-lower      z-upper        proton    r.err 
   9.8455E+01   9.8486E+01   3.5384E-01  0.0187
   9.8486E+01   9.8517E+01   3.6030E-01  0.0198
   9.8517E+01   9.8549E+01   3.4669E-01  0.0213
   9.8549E+01   9.8580E+01   3.3132E-01  0.0242

#   sum over    1.2500E-03   3.4804E-01  0.0182

'no. =316,  ix = 10,  iy = 19'
msuc: {\huge Histograma dosis-volumen del pouch}
msdr: {\it plotted by \ANGEL \version}
msdl: {\it calculated by \PHITS  3.35}
wt: s(0.7)
\vspace{-3}
  xmin  &=&   1.0000E-01 [cm]
  xmax  &=&   2.0000E-01 [cm]
  ymin  &=&   1.5000E-01 [cm]
  ymax  &=&   2.5000E-01 [cm]
e:

#------------------------------------------------------------------------------
 newpage:
#   no. =317   ix  = 10   iy  = 20
#   x = (   1.0000E-01  -   2.0000E-01  )
#   y = (   2.5000E-01  -   3.5000E-01  )

x: z[cm]
y: Dose [Gy/source]      
p: xlin ylog afac(0.8) form(0.9)
h: n            x            y(proton  ),hh0l n 
#  z-lower      z-upper        proton    r.err 
   9.8455E+01   9.8486E+01   3.5882E-01  0.0188
   9.8486E+01   9.8517E+01   3.5664E-01  0.0198
   9.8517E+01   9.8549E+01   3.4591E-01  0.0214
   9.8549E+01   9.8580E+01   3.3773E-01  0.0239

#   sum over    1.2500E-03   3.4977E-01  0.0182

'no. =317,  ix = 10,  iy = 20'
msuc: {\huge Histograma dosis-volumen del pouch}
msdr: {\it plotted by \ANGEL \version}
msdl: {\it calculated by \PHITS  3.35}
wt: s(0.7)
\vspace{-3}
  xmin  &=&   1.0000E-01 [cm]
  xmax  &=&   2.0000E-01 [cm]
  ymin  &=&   2.5000E-01 [cm]
  ymax  &=&   3.5000E-01 [cm]
e:

#------------------------------------------------------------------------------
 newpage:
#   no. =318   ix  = 10   iy  = 21
#   x = (   1.0000E-01  -   2.0000E-01  )
#   y = (   3.5000E-01  -   4.5000E-01  )

x: z[cm]
y: Dose [Gy/source]      
p: xlin ylog afac(0.8) form(0.9)
h: n            x            y(proton  ),hh0l n 
#  z-lower      z-upper        proton    r.err 
   9.8455E+01   9.8486E+01   3.5725E-01  0.0185
   9.8486E+01   9.8517E+01   3.6906E-01  0.0197
   9.8517E+01   9.8549E+01   3.5668E-01  0.0211
   9.8549E+01   9.8580E+01   3.3697E-01  0.0240

#   sum over    1.2500E-03   3.5499E-01  0.0180

'no. =318,  ix = 10,  iy = 21'
msuc: {\huge Histograma dosis-volumen del pouch}
msdr: {\it plotted by \ANGEL \version}
msdl: {\it calculated by \PHITS  3.35}
wt: s(0.7)
\vspace{-3}
  xmin  &=&   1.0000E-01 [cm]
  xmax  &=&   2.0000E-01 [cm]
  ymin  &=&   3.5000E-01 [cm]
  ymax  &=&   4.5000E-01 [cm]
e:

#------------------------------------------------------------------------------
 newpage:
#   no. =319   ix  = 10   iy  = 22
#   x = (   1.0000E-01  -   2.0000E-01  )
#   y = (   4.5000E-01  -   5.5000E-01  )

x: z[cm]
y: Dose [Gy/source]      
p: xlin ylog afac(0.8) form(0.9)
h: n            x            y(proton  ),hh0l n 
#  z-lower      z-upper        proton    r.err 
   9.8455E+01   9.8486E+01   3.5858E-01  0.0187
   9.8486E+01   9.8517E+01   3.5863E-01  0.0199
   9.8517E+01   9.8549E+01   3.4239E-01  0.0213
   9.8549E+01   9.8580E+01   3.3228E-01  0.0242

#   sum over    1.2500E-03   3.4798E-01  0.0181

'no. =319,  ix = 10,  iy = 22'
msuc: {\huge Histograma dosis-volumen del pouch}
msdr: {\it plotted by \ANGEL \version}
msdl: {\it calculated by \PHITS  3.35}
wt: s(0.7)
\vspace{-3}
  xmin  &=&   1.0000E-01 [cm]
  xmax  &=&   2.0000E-01 [cm]
  ymin  &=&   4.5000E-01 [cm]
  ymax  &=&   5.5000E-01 [cm]
e:

#------------------------------------------------------------------------------
 newpage:
#   no. =320   ix  = 10   iy  = 23
#   x = (   1.0000E-01  -   2.0000E-01  )
#   y = (   5.5000E-01  -   6.5000E-01  )

x: z[cm]
y: Dose [Gy/source]      
p: xlin ylog afac(0.8) form(0.9)
h: n            x            y(proton  ),hh0l n 
#  z-lower      z-upper        proton    r.err 
   9.8455E+01   9.8486E+01   3.5779E-01  0.0188
   9.8486E+01   9.8517E+01   3.5726E-01  0.0199
   9.8517E+01   9.8549E+01   3.4984E-01  0.0214
   9.8549E+01   9.8580E+01   3.3015E-01  0.0243

#   sum over    1.2500E-03   3.4876E-01  0.0182

'no. =320,  ix = 10,  iy = 23'
msuc: {\huge Histograma dosis-volumen del pouch}
msdr: {\it plotted by \ANGEL \version}
msdl: {\it calculated by \PHITS  3.35}
wt: s(0.7)
\vspace{-3}
  xmin  &=&   1.0000E-01 [cm]
  xmax  &=&   2.0000E-01 [cm]
  ymin  &=&   5.5000E-01 [cm]
  ymax  &=&   6.5000E-01 [cm]
e:

#------------------------------------------------------------------------------
 newpage:
#   no. =321   ix  = 10   iy  = 24
#   x = (   1.0000E-01  -   2.0000E-01  )
#   y = (   6.5000E-01  -   7.5000E-01  )

x: z[cm]
y: Dose [Gy/source]      
p: xlin ylog afac(0.8) form(0.9)
h: n            x            y(proton  ),hh0l n 
#  z-lower      z-upper        proton    r.err 
   9.8455E+01   9.8486E+01   3.7593E-01  0.0182
   9.8486E+01   9.8517E+01   3.7740E-01  0.0193
   9.8517E+01   9.8549E+01   3.6577E-01  0.0207
   9.8549E+01   9.8580E+01   3.5446E-01  0.0235

#   sum over    1.2500E-03   3.6839E-01  0.0178

'no. =321,  ix = 10,  iy = 24'
msuc: {\huge Histograma dosis-volumen del pouch}
msdr: {\it plotted by \ANGEL \version}
msdl: {\it calculated by \PHITS  3.35}
wt: s(0.7)
\vspace{-3}
  xmin  &=&   1.0000E-01 [cm]
  xmax  &=&   2.0000E-01 [cm]
  ymin  &=&   6.5000E-01 [cm]
  ymax  &=&   7.5000E-01 [cm]
e:

#------------------------------------------------------------------------------
 newpage:
#   no. =322   ix  = 10   iy  = 25
#   x = (   1.0000E-01  -   2.0000E-01  )
#   y = (   7.5000E-01  -   8.5000E-01  )

x: z[cm]
y: Dose [Gy/source]      
p: xlin ylog afac(0.8) form(0.9)
h: n            x            y(proton  ),hh0l n 
#  z-lower      z-upper        proton    r.err 
   9.8455E+01   9.8486E+01   3.5517E-01  0.0186
   9.8486E+01   9.8517E+01   3.7073E-01  0.0196
   9.8517E+01   9.8549E+01   3.5225E-01  0.0211
   9.8549E+01   9.8580E+01   3.3638E-01  0.0239

#   sum over    1.2500E-03   3.5364E-01  0.0180

'no. =322,  ix = 10,  iy = 25'
msuc: {\huge Histograma dosis-volumen del pouch}
msdr: {\it plotted by \ANGEL \version}
msdl: {\it calculated by \PHITS  3.35}
wt: s(0.7)
\vspace{-3}
  xmin  &=&   1.0000E-01 [cm]
  xmax  &=&   2.0000E-01 [cm]
  ymin  &=&   7.5000E-01 [cm]
  ymax  &=&   8.5000E-01 [cm]
e:

#------------------------------------------------------------------------------
 newpage:
#   no. =323   ix  = 10   iy  = 26
#   x = (   1.0000E-01  -   2.0000E-01  )
#   y = (   8.5000E-01  -   9.5000E-01  )

x: z[cm]
y: Dose [Gy/source]      
p: xlin ylog afac(0.8) form(0.9)
h: n            x            y(proton  ),hh0l n 
#  z-lower      z-upper        proton    r.err 
   9.8455E+01   9.8486E+01   3.5716E-01  0.0186
   9.8486E+01   9.8517E+01   3.5748E-01  0.0196
   9.8517E+01   9.8549E+01   3.5354E-01  0.0211
   9.8549E+01   9.8580E+01   3.4765E-01  0.0236

#   sum over    1.2500E-03   3.5396E-01  0.0181

'no. =323,  ix = 10,  iy = 26'
msuc: {\huge Histograma dosis-volumen del pouch}
msdr: {\it plotted by \ANGEL \version}
msdl: {\it calculated by \PHITS  3.35}
wt: s(0.7)
\vspace{-3}
  xmin  &=&   1.0000E-01 [cm]
  xmax  &=&   2.0000E-01 [cm]
  ymin  &=&   8.5000E-01 [cm]
  ymax  &=&   9.5000E-01 [cm]
e:

#------------------------------------------------------------------------------
 newpage:
#   no. =324   ix  = 10   iy  = 27
#   x = (   1.0000E-01  -   2.0000E-01  )
#   y = (   9.5000E-01  -   1.0500E+00  )

x: z[cm]
y: Dose [Gy/source]      
p: xlin ylog afac(0.8) form(0.9)
h: n            x            y(proton  ),hh0l n 
#  z-lower      z-upper        proton    r.err 
   9.8455E+01   9.8486E+01   3.7117E-01  0.0185
   9.8486E+01   9.8517E+01   3.6920E-01  0.0196
   9.8517E+01   9.8549E+01   3.5537E-01  0.0211
   9.8549E+01   9.8580E+01   3.3240E-01  0.0240

#   sum over    1.2500E-03   3.5704E-01  0.0180

'no. =324,  ix = 10,  iy = 27'
msuc: {\huge Histograma dosis-volumen del pouch}
msdr: {\it plotted by \ANGEL \version}
msdl: {\it calculated by \PHITS  3.35}
wt: s(0.7)
\vspace{-3}
  xmin  &=&   1.0000E-01 [cm]
  xmax  &=&   2.0000E-01 [cm]
  ymin  &=&   9.5000E-01 [cm]
  ymax  &=&   1.0500E+00 [cm]
e:

#------------------------------------------------------------------------------
 newpage:
#   no. =325   ix  = 10   iy  = 28
#   x = (   1.0000E-01  -   2.0000E-01  )
#   y = (   1.0500E+00  -   1.1500E+00  )

x: z[cm]
y: Dose [Gy/source]      
p: xlin ylog afac(0.8) form(0.9)
h: n            x            y(proton  ),hh0l n 
#  z-lower      z-upper        proton    r.err 
   9.8455E+01   9.8486E+01   3.5793E-01  0.0187
   9.8486E+01   9.8517E+01   3.5647E-01  0.0197
   9.8517E+01   9.8549E+01   3.4528E-01  0.0212
   9.8549E+01   9.8580E+01   3.4593E-01  0.0237

#   sum over    1.2500E-03   3.5140E-01  0.0181

'no. =325,  ix = 10,  iy = 28'
msuc: {\huge Histograma dosis-volumen del pouch}
msdr: {\it plotted by \ANGEL \version}
msdl: {\it calculated by \PHITS  3.35}
wt: s(0.7)
\vspace{-3}
  xmin  &=&   1.0000E-01 [cm]
  xmax  &=&   2.0000E-01 [cm]
  ymin  &=&   1.0500E+00 [cm]
  ymax  &=&   1.1500E+00 [cm]
e:

#------------------------------------------------------------------------------
 newpage:
#   no. =326   ix  = 10   iy  = 29
#   x = (   1.0000E-01  -   2.0000E-01  )
#   y = (   1.1500E+00  -   1.2500E+00  )

x: z[cm]
y: Dose [Gy/source]      
p: xlin ylog afac(0.8) form(0.9)
h: n            x            y(proton  ),hh0l n 
#  z-lower      z-upper        proton    r.err 
   9.8455E+01   9.8486E+01   3.6424E-01  0.0185
   9.8486E+01   9.8517E+01   3.6355E-01  0.0196
   9.8517E+01   9.8549E+01   3.5474E-01  0.0209
   9.8549E+01   9.8580E+01   3.5087E-01  0.0236

#   sum over    1.2500E-03   3.5835E-01  0.0180

'no. =326,  ix = 10,  iy = 29'
msuc: {\huge Histograma dosis-volumen del pouch}
msdr: {\it plotted by \ANGEL \version}
msdl: {\it calculated by \PHITS  3.35}
wt: s(0.7)
\vspace{-3}
  xmin  &=&   1.0000E-01 [cm]
  xmax  &=&   2.0000E-01 [cm]
  ymin  &=&   1.1500E+00 [cm]
  ymax  &=&   1.2500E+00 [cm]
e:

#------------------------------------------------------------------------------
 newpage:
#   no. =327   ix  = 10   iy  = 30
#   x = (   1.0000E-01  -   2.0000E-01  )
#   y = (   1.2500E+00  -   1.3500E+00  )

x: z[cm]
y: Dose [Gy/source]      
p: xlin ylog afac(0.8) form(0.9)
h: n            x            y(proton  ),hh0l n 
#  z-lower      z-upper        proton    r.err 
   9.8455E+01   9.8486E+01   3.6919E-01  0.0184
   9.8486E+01   9.8517E+01   3.7911E-01  0.0194
   9.8517E+01   9.8549E+01   3.5826E-01  0.0210
   9.8549E+01   9.8580E+01   3.3778E-01  0.0240

#   sum over    1.2500E-03   3.6108E-01  0.0178

'no. =327,  ix = 10,  iy = 30'
msuc: {\huge Histograma dosis-volumen del pouch}
msdr: {\it plotted by \ANGEL \version}
msdl: {\it calculated by \PHITS  3.35}
wt: s(0.7)
\vspace{-3}
  xmin  &=&   1.0000E-01 [cm]
  xmax  &=&   2.0000E-01 [cm]
  ymin  &=&   1.2500E+00 [cm]
  ymax  &=&   1.3500E+00 [cm]
e:

#------------------------------------------------------------------------------
 newpage:
#   no. =328   ix  = 10   iy  = 31
#   x = (   1.0000E-01  -   2.0000E-01  )
#   y = (   1.3500E+00  -   1.4500E+00  )

x: z[cm]
y: Dose [Gy/source]      
p: xlin ylog afac(0.8) form(0.9)
h: n            x            y(proton  ),hh0l n 
#  z-lower      z-upper        proton    r.err 
   9.8455E+01   9.8486E+01   3.7589E-01  0.0183
   9.8486E+01   9.8517E+01   3.7633E-01  0.0192
   9.8517E+01   9.8549E+01   3.6922E-01  0.0206
   9.8549E+01   9.8580E+01   3.5911E-01  0.0232

#   sum over    1.2500E-03   3.7014E-01  0.0177

'no. =328,  ix = 10,  iy = 31'
msuc: {\huge Histograma dosis-volumen del pouch}
msdr: {\it plotted by \ANGEL \version}
msdl: {\it calculated by \PHITS  3.35}
wt: s(0.7)
\vspace{-3}
  xmin  &=&   1.0000E-01 [cm]
  xmax  &=&   2.0000E-01 [cm]
  ymin  &=&   1.3500E+00 [cm]
  ymax  &=&   1.4500E+00 [cm]
e:

#------------------------------------------------------------------------------
 newpage:
#   no. =329   ix  = 10   iy  = 32
#   x = (   1.0000E-01  -   2.0000E-01  )
#   y = (   1.4500E+00  -   1.5500E+00  )

x: z[cm]
y: Dose [Gy/source]      
p: xlin ylog afac(0.8) form(0.9)
h: n            x            y(proton  ),hh0l n 
#  z-lower      z-upper        proton    r.err 
   9.8455E+01   9.8486E+01   3.6057E-01  0.0184
   9.8486E+01   9.8517E+01   3.6945E-01  0.0193
   9.8517E+01   9.8549E+01   3.7070E-01  0.0205
   9.8549E+01   9.8580E+01   3.6636E-01  0.0231

#   sum over    1.2500E-03   3.6677E-01  0.0178

'no. =329,  ix = 10,  iy = 32'
msuc: {\huge Histograma dosis-volumen del pouch}
msdr: {\it plotted by \ANGEL \version}
msdl: {\it calculated by \PHITS  3.35}
wt: s(0.7)
\vspace{-3}
  xmin  &=&   1.0000E-01 [cm]
  xmax  &=&   2.0000E-01 [cm]
  ymin  &=&   1.4500E+00 [cm]
  ymax  &=&   1.5500E+00 [cm]
e:

#------------------------------------------------------------------------------
 newpage:
#   no. =330   ix  = 10   iy  = 33
#   x = (   1.0000E-01  -   2.0000E-01  )
#   y = (   1.5500E+00  -   1.6500E+00  )

x: z[cm]
y: Dose [Gy/source]      
p: xlin ylog afac(0.8) form(0.9)
h: n            x            y(proton  ),hh0l n 
#  z-lower      z-upper        proton    r.err 
   9.8455E+01   9.8486E+01   3.7187E-01  0.0184
   9.8486E+01   9.8517E+01   3.7596E-01  0.0194
   9.8517E+01   9.8549E+01   3.5625E-01  0.0210
   9.8549E+01   9.8580E+01   3.5186E-01  0.0236

#   sum over    1.2500E-03   3.6399E-01  0.0178

'no. =330,  ix = 10,  iy = 33'
msuc: {\huge Histograma dosis-volumen del pouch}
msdr: {\it plotted by \ANGEL \version}
msdl: {\it calculated by \PHITS  3.35}
wt: s(0.7)
\vspace{-3}
  xmin  &=&   1.0000E-01 [cm]
  xmax  &=&   2.0000E-01 [cm]
  ymin  &=&   1.5500E+00 [cm]
  ymax  &=&   1.6500E+00 [cm]
e:

#------------------------------------------------------------------------------
 newpage:
#   no. =331   ix  = 11   iy  =  1
#   x = (   2.0000E-01  -   3.0000E-01  )
#   y = (  -1.6500E+00  -  -1.5500E+00  )

x: z[cm]
y: Dose [Gy/source]      
p: xlin ylog afac(0.8) form(0.9)
h: n            x            y(proton  ),hh0l n 
#  z-lower      z-upper        proton    r.err 
   9.8455E+01   9.8486E+01   0.0000E+00  0.0000
   9.8486E+01   9.8517E+01   0.0000E+00  0.0000
   9.8517E+01   9.8549E+01   0.0000E+00  0.0000
   9.8549E+01   9.8580E+01   0.0000E+00  0.0000

#   sum over    1.2500E-03   0.0000E+00  0.0000

'no. =331,  ix = 11,  iy =  1'
msuc: {\huge Histograma dosis-volumen del pouch}
msdr: {\it plotted by \ANGEL \version}
msdl: {\it calculated by \PHITS  3.35}
wt: s(0.7)
\vspace{-3}
  xmin  &=&   2.0000E-01 [cm]
  xmax  &=&   3.0000E-01 [cm]
  ymin  &=&  -1.6500E+00 [cm]
  ymax  &=&  -1.5500E+00 [cm]
e:

#------------------------------------------------------------------------------
 newpage:
#   no. =332   ix  = 11   iy  =  2
#   x = (   2.0000E-01  -   3.0000E-01  )
#   y = (  -1.5500E+00  -  -1.4500E+00  )

x: z[cm]
y: Dose [Gy/source]      
p: xlin ylog afac(0.8) form(0.9)
h: n            x            y(proton  ),hh0l n 
#  z-lower      z-upper        proton    r.err 
   9.8455E+01   9.8486E+01   0.0000E+00  0.0000
   9.8486E+01   9.8517E+01   0.0000E+00  0.0000
   9.8517E+01   9.8549E+01   0.0000E+00  0.0000
   9.8549E+01   9.8580E+01   0.0000E+00  0.0000

#   sum over    1.2500E-03   0.0000E+00  0.0000

'no. =332,  ix = 11,  iy =  2'
msuc: {\huge Histograma dosis-volumen del pouch}
msdr: {\it plotted by \ANGEL \version}
msdl: {\it calculated by \PHITS  3.35}
wt: s(0.7)
\vspace{-3}
  xmin  &=&   2.0000E-01 [cm]
  xmax  &=&   3.0000E-01 [cm]
  ymin  &=&  -1.5500E+00 [cm]
  ymax  &=&  -1.4500E+00 [cm]
e:

#------------------------------------------------------------------------------
 newpage:
#   no. =333   ix  = 11   iy  =  3
#   x = (   2.0000E-01  -   3.0000E-01  )
#   y = (  -1.4500E+00  -  -1.3500E+00  )

x: z[cm]
y: Dose [Gy/source]      
p: xlin ylog afac(0.8) form(0.9)
h: n            x            y(proton  ),hh0l n 
#  z-lower      z-upper        proton    r.err 
   9.8455E+01   9.8486E+01   1.0344E-04  1.0000
   9.8486E+01   9.8517E+01   1.2077E-04  1.0000
   9.8517E+01   9.8549E+01   1.5187E-04  1.0000
   9.8549E+01   9.8580E+01   2.8915E-04  1.0000

#   sum over    1.2500E-03   1.6631E-04  1.0000

'no. =333,  ix = 11,  iy =  3'
msuc: {\huge Histograma dosis-volumen del pouch}
msdr: {\it plotted by \ANGEL \version}
msdl: {\it calculated by \PHITS  3.35}
wt: s(0.7)
\vspace{-3}
  xmin  &=&   2.0000E-01 [cm]
  xmax  &=&   3.0000E-01 [cm]
  ymin  &=&  -1.4500E+00 [cm]
  ymax  &=&  -1.3500E+00 [cm]
e:

#------------------------------------------------------------------------------
 newpage:
#   no. =334   ix  = 11   iy  =  4
#   x = (   2.0000E-01  -   3.0000E-01  )
#   y = (  -1.3500E+00  -  -1.2500E+00  )

x: z[cm]
y: Dose [Gy/source]      
p: xlin ylog afac(0.8) form(0.9)
h: n            x            y(proton  ),hh0l n 
#  z-lower      z-upper        proton    r.err 
   9.8455E+01   9.8486E+01   2.5219E-01  0.0221
   9.8486E+01   9.8517E+01   2.5929E-01  0.0232
   9.8517E+01   9.8549E+01   2.5389E-01  0.0248
   9.8549E+01   9.8580E+01   2.4677E-01  0.0279

#   sum over    1.2500E-03   2.5303E-01  0.0214

'no. =334,  ix = 11,  iy =  4'
msuc: {\huge Histograma dosis-volumen del pouch}
msdr: {\it plotted by \ANGEL \version}
msdl: {\it calculated by \PHITS  3.35}
wt: s(0.7)
\vspace{-3}
  xmin  &=&   2.0000E-01 [cm]
  xmax  &=&   3.0000E-01 [cm]
  ymin  &=&  -1.3500E+00 [cm]
  ymax  &=&  -1.2500E+00 [cm]
e:

#------------------------------------------------------------------------------
 newpage:
#   no. =335   ix  = 11   iy  =  5
#   x = (   2.0000E-01  -   3.0000E-01  )
#   y = (  -1.2500E+00  -  -1.1500E+00  )

x: z[cm]
y: Dose [Gy/source]      
p: xlin ylog afac(0.8) form(0.9)
h: n            x            y(proton  ),hh0l n 
#  z-lower      z-upper        proton    r.err 
   9.8455E+01   9.8486E+01   3.7134E-01  0.0184
   9.8486E+01   9.8517E+01   3.7111E-01  0.0195
   9.8517E+01   9.8549E+01   3.5409E-01  0.0210
   9.8549E+01   9.8580E+01   3.5224E-01  0.0235

#   sum over    1.2500E-03   3.6220E-01  0.0179

'no. =335,  ix = 11,  iy =  5'
msuc: {\huge Histograma dosis-volumen del pouch}
msdr: {\it plotted by \ANGEL \version}
msdl: {\it calculated by \PHITS  3.35}
wt: s(0.7)
\vspace{-3}
  xmin  &=&   2.0000E-01 [cm]
  xmax  &=&   3.0000E-01 [cm]
  ymin  &=&  -1.2500E+00 [cm]
  ymax  &=&  -1.1500E+00 [cm]
e:

#------------------------------------------------------------------------------
 newpage:
#   no. =336   ix  = 11   iy  =  6
#   x = (   2.0000E-01  -   3.0000E-01  )
#   y = (  -1.1500E+00  -  -1.0500E+00  )

x: z[cm]
y: Dose [Gy/source]      
p: xlin ylog afac(0.8) form(0.9)
h: n            x            y(proton  ),hh0l n 
#  z-lower      z-upper        proton    r.err 
   9.8455E+01   9.8486E+01   3.5534E-01  0.0187
   9.8486E+01   9.8517E+01   3.6130E-01  0.0196
   9.8517E+01   9.8549E+01   3.5739E-01  0.0209
   9.8549E+01   9.8580E+01   3.4237E-01  0.0238

#   sum over    1.2500E-03   3.5410E-01  0.0181

'no. =336,  ix = 11,  iy =  6'
msuc: {\huge Histograma dosis-volumen del pouch}
msdr: {\it plotted by \ANGEL \version}
msdl: {\it calculated by \PHITS  3.35}
wt: s(0.7)
\vspace{-3}
  xmin  &=&   2.0000E-01 [cm]
  xmax  &=&   3.0000E-01 [cm]
  ymin  &=&  -1.1500E+00 [cm]
  ymax  &=&  -1.0500E+00 [cm]
e:

#------------------------------------------------------------------------------
 newpage:
#   no. =337   ix  = 11   iy  =  7
#   x = (   2.0000E-01  -   3.0000E-01  )
#   y = (  -1.0500E+00  -  -9.5000E-01  )

x: z[cm]
y: Dose [Gy/source]      
p: xlin ylog afac(0.8) form(0.9)
h: n            x            y(proton  ),hh0l n 
#  z-lower      z-upper        proton    r.err 
   9.8455E+01   9.8486E+01   3.6107E-01  0.0188
   9.8486E+01   9.8517E+01   3.6263E-01  0.0197
   9.8517E+01   9.8549E+01   3.5168E-01  0.0211
   9.8549E+01   9.8580E+01   3.3370E-01  0.0240

#   sum over    1.2500E-03   3.5227E-01  0.0181

'no. =337,  ix = 11,  iy =  7'
msuc: {\huge Histograma dosis-volumen del pouch}
msdr: {\it plotted by \ANGEL \version}
msdl: {\it calculated by \PHITS  3.35}
wt: s(0.7)
\vspace{-3}
  xmin  &=&   2.0000E-01 [cm]
  xmax  &=&   3.0000E-01 [cm]
  ymin  &=&  -1.0500E+00 [cm]
  ymax  &=&  -9.5000E-01 [cm]
e:

#------------------------------------------------------------------------------
 newpage:
#   no. =338   ix  = 11   iy  =  8
#   x = (   2.0000E-01  -   3.0000E-01  )
#   y = (  -9.5000E-01  -  -8.5000E-01  )

x: z[cm]
y: Dose [Gy/source]      
p: xlin ylog afac(0.8) form(0.9)
h: n            x            y(proton  ),hh0l n 
#  z-lower      z-upper        proton    r.err 
   9.8455E+01   9.8486E+01   3.6516E-01  0.0186
   9.8486E+01   9.8517E+01   3.6548E-01  0.0196
   9.8517E+01   9.8549E+01   3.4602E-01  0.0212
   9.8549E+01   9.8580E+01   3.4435E-01  0.0238

#   sum over    1.2500E-03   3.5526E-01  0.0180

'no. =338,  ix = 11,  iy =  8'
msuc: {\huge Histograma dosis-volumen del pouch}
msdr: {\it plotted by \ANGEL \version}
msdl: {\it calculated by \PHITS  3.35}
wt: s(0.7)
\vspace{-3}
  xmin  &=&   2.0000E-01 [cm]
  xmax  &=&   3.0000E-01 [cm]
  ymin  &=&  -9.5000E-01 [cm]
  ymax  &=&  -8.5000E-01 [cm]
e:

#------------------------------------------------------------------------------
 newpage:
#   no. =339   ix  = 11   iy  =  9
#   x = (   2.0000E-01  -   3.0000E-01  )
#   y = (  -8.5000E-01  -  -7.5000E-01  )

x: z[cm]
y: Dose [Gy/source]      
p: xlin ylog afac(0.8) form(0.9)
h: n            x            y(proton  ),hh0l n 
#  z-lower      z-upper        proton    r.err 
   9.8455E+01   9.8486E+01   3.6825E-01  0.0184
   9.8486E+01   9.8517E+01   3.6892E-01  0.0197
   9.8517E+01   9.8549E+01   3.4942E-01  0.0212
   9.8549E+01   9.8580E+01   3.3812E-01  0.0241

#   sum over    1.2500E-03   3.5618E-01  0.0180

'no. =339,  ix = 11,  iy =  9'
msuc: {\huge Histograma dosis-volumen del pouch}
msdr: {\it plotted by \ANGEL \version}
msdl: {\it calculated by \PHITS  3.35}
wt: s(0.7)
\vspace{-3}
  xmin  &=&   2.0000E-01 [cm]
  xmax  &=&   3.0000E-01 [cm]
  ymin  &=&  -8.5000E-01 [cm]
  ymax  &=&  -7.5000E-01 [cm]
e:

#------------------------------------------------------------------------------
 newpage:
#   no. =340   ix  = 11   iy  = 10
#   x = (   2.0000E-01  -   3.0000E-01  )
#   y = (  -7.5000E-01  -  -6.5000E-01  )

x: z[cm]
y: Dose [Gy/source]      
p: xlin ylog afac(0.8) form(0.9)
h: n            x            y(proton  ),hh0l n 
#  z-lower      z-upper        proton    r.err 
   9.8455E+01   9.8486E+01   3.5754E-01  0.0187
   9.8486E+01   9.8517E+01   3.5597E-01  0.0199
   9.8517E+01   9.8549E+01   3.4400E-01  0.0214
   9.8549E+01   9.8580E+01   3.2600E-01  0.0244

#   sum over    1.2500E-03   3.4588E-01  0.0182

'no. =340,  ix = 11,  iy = 10'
msuc: {\huge Histograma dosis-volumen del pouch}
msdr: {\it plotted by \ANGEL \version}
msdl: {\it calculated by \PHITS  3.35}
wt: s(0.7)
\vspace{-3}
  xmin  &=&   2.0000E-01 [cm]
  xmax  &=&   3.0000E-01 [cm]
  ymin  &=&  -7.5000E-01 [cm]
  ymax  &=&  -6.5000E-01 [cm]
e:

#------------------------------------------------------------------------------
 newpage:
#   no. =341   ix  = 11   iy  = 11
#   x = (   2.0000E-01  -   3.0000E-01  )
#   y = (  -6.5000E-01  -  -5.5000E-01  )

x: z[cm]
y: Dose [Gy/source]      
p: xlin ylog afac(0.8) form(0.9)
h: n            x            y(proton  ),hh0l n 
#  z-lower      z-upper        proton    r.err 
   9.8455E+01   9.8486E+01   3.6702E-01  0.0185
   9.8486E+01   9.8517E+01   3.6375E-01  0.0196
   9.8517E+01   9.8549E+01   3.4965E-01  0.0211
   9.8549E+01   9.8580E+01   3.3891E-01  0.0239

#   sum over    1.2500E-03   3.5483E-01  0.0180

'no. =341,  ix = 11,  iy = 11'
msuc: {\huge Histograma dosis-volumen del pouch}
msdr: {\it plotted by \ANGEL \version}
msdl: {\it calculated by \PHITS  3.35}
wt: s(0.7)
\vspace{-3}
  xmin  &=&   2.0000E-01 [cm]
  xmax  &=&   3.0000E-01 [cm]
  ymin  &=&  -6.5000E-01 [cm]
  ymax  &=&  -5.5000E-01 [cm]
e:

#------------------------------------------------------------------------------
 newpage:
#   no. =342   ix  = 11   iy  = 12
#   x = (   2.0000E-01  -   3.0000E-01  )
#   y = (  -5.5000E-01  -  -4.5000E-01  )

x: z[cm]
y: Dose [Gy/source]      
p: xlin ylog afac(0.8) form(0.9)
h: n            x            y(proton  ),hh0l n 
#  z-lower      z-upper        proton    r.err 
   9.8455E+01   9.8486E+01   3.4905E-01  0.0189
   9.8486E+01   9.8517E+01   3.5528E-01  0.0198
   9.8517E+01   9.8549E+01   3.4223E-01  0.0214
   9.8549E+01   9.8580E+01   3.3777E-01  0.0241

#   sum over    1.2500E-03   3.4608E-01  0.0183

'no. =342,  ix = 11,  iy = 12'
msuc: {\huge Histograma dosis-volumen del pouch}
msdr: {\it plotted by \ANGEL \version}
msdl: {\it calculated by \PHITS  3.35}
wt: s(0.7)
\vspace{-3}
  xmin  &=&   2.0000E-01 [cm]
  xmax  &=&   3.0000E-01 [cm]
  ymin  &=&  -5.5000E-01 [cm]
  ymax  &=&  -4.5000E-01 [cm]
e:

#------------------------------------------------------------------------------
 newpage:
#   no. =343   ix  = 11   iy  = 13
#   x = (   2.0000E-01  -   3.0000E-01  )
#   y = (  -4.5000E-01  -  -3.5000E-01  )

x: z[cm]
y: Dose [Gy/source]      
p: xlin ylog afac(0.8) form(0.9)
h: n            x            y(proton  ),hh0l n 
#  z-lower      z-upper        proton    r.err 
   9.8455E+01   9.8486E+01   3.5861E-01  0.0189
   9.8486E+01   9.8517E+01   3.5331E-01  0.0201
   9.8517E+01   9.8549E+01   3.3293E-01  0.0218
   9.8549E+01   9.8580E+01   3.2438E-01  0.0244

#   sum over    1.2500E-03   3.4231E-01  0.0183

'no. =343,  ix = 11,  iy = 13'
msuc: {\huge Histograma dosis-volumen del pouch}
msdr: {\it plotted by \ANGEL \version}
msdl: {\it calculated by \PHITS  3.35}
wt: s(0.7)
\vspace{-3}
  xmin  &=&   2.0000E-01 [cm]
  xmax  &=&   3.0000E-01 [cm]
  ymin  &=&  -4.5000E-01 [cm]
  ymax  &=&  -3.5000E-01 [cm]
e:

#------------------------------------------------------------------------------
 newpage:
#   no. =344   ix  = 11   iy  = 14
#   x = (   2.0000E-01  -   3.0000E-01  )
#   y = (  -3.5000E-01  -  -2.5000E-01  )

x: z[cm]
y: Dose [Gy/source]      
p: xlin ylog afac(0.8) form(0.9)
h: n            x            y(proton  ),hh0l n 
#  z-lower      z-upper        proton    r.err 
   9.8455E+01   9.8486E+01   3.4724E-01  0.0190
   9.8486E+01   9.8517E+01   3.5380E-01  0.0200
   9.8517E+01   9.8549E+01   3.3593E-01  0.0216
   9.8549E+01   9.8580E+01   3.2206E-01  0.0245

#   sum over    1.2500E-03   3.3976E-01  0.0183

'no. =344,  ix = 11,  iy = 14'
msuc: {\huge Histograma dosis-volumen del pouch}
msdr: {\it plotted by \ANGEL \version}
msdl: {\it calculated by \PHITS  3.35}
wt: s(0.7)
\vspace{-3}
  xmin  &=&   2.0000E-01 [cm]
  xmax  &=&   3.0000E-01 [cm]
  ymin  &=&  -3.5000E-01 [cm]
  ymax  &=&  -2.5000E-01 [cm]
e:

#------------------------------------------------------------------------------
 newpage:
#   no. =345   ix  = 11   iy  = 15
#   x = (   2.0000E-01  -   3.0000E-01  )
#   y = (  -2.5000E-01  -  -1.5000E-01  )

x: z[cm]
y: Dose [Gy/source]      
p: xlin ylog afac(0.8) form(0.9)
h: n            x            y(proton  ),hh0l n 
#  z-lower      z-upper        proton    r.err 
   9.8455E+01   9.8486E+01   3.4934E-01  0.0189
   9.8486E+01   9.8517E+01   3.5736E-01  0.0199
   9.8517E+01   9.8549E+01   3.3733E-01  0.0217
   9.8549E+01   9.8580E+01   3.2262E-01  0.0246

#   sum over    1.2500E-03   3.4166E-01  0.0184

'no. =345,  ix = 11,  iy = 15'
msuc: {\huge Histograma dosis-volumen del pouch}
msdr: {\it plotted by \ANGEL \version}
msdl: {\it calculated by \PHITS  3.35}
wt: s(0.7)
\vspace{-3}
  xmin  &=&   2.0000E-01 [cm]
  xmax  &=&   3.0000E-01 [cm]
  ymin  &=&  -2.5000E-01 [cm]
  ymax  &=&  -1.5000E-01 [cm]
e:

#------------------------------------------------------------------------------
 newpage:
#   no. =346   ix  = 11   iy  = 16
#   x = (   2.0000E-01  -   3.0000E-01  )
#   y = (  -1.5000E-01  -  -5.0000E-02  )

x: z[cm]
y: Dose [Gy/source]      
p: xlin ylog afac(0.8) form(0.9)
h: n            x            y(proton  ),hh0l n 
#  z-lower      z-upper        proton    r.err 
   9.8455E+01   9.8486E+01   3.6141E-01  0.0186
   9.8486E+01   9.8517E+01   3.6391E-01  0.0199
   9.8517E+01   9.8549E+01   3.4193E-01  0.0215
   9.8549E+01   9.8580E+01   3.2924E-01  0.0243

#   sum over    1.2500E-03   3.4912E-01  0.0181

'no. =346,  ix = 11,  iy = 16'
msuc: {\huge Histograma dosis-volumen del pouch}
msdr: {\it plotted by \ANGEL \version}
msdl: {\it calculated by \PHITS  3.35}
wt: s(0.7)
\vspace{-3}
  xmin  &=&   2.0000E-01 [cm]
  xmax  &=&   3.0000E-01 [cm]
  ymin  &=&  -1.5000E-01 [cm]
  ymax  &=&  -5.0000E-02 [cm]
e:

#------------------------------------------------------------------------------
 newpage:
#   no. =347   ix  = 11   iy  = 17
#   x = (   2.0000E-01  -   3.0000E-01  )
#   y = (  -5.0000E-02  -   5.0000E-02  )

x: z[cm]
y: Dose [Gy/source]      
p: xlin ylog afac(0.8) form(0.9)
h: n            x            y(proton  ),hh0l n 
#  z-lower      z-upper        proton    r.err 
   9.8455E+01   9.8486E+01   3.5660E-01  0.0187
   9.8486E+01   9.8517E+01   3.5565E-01  0.0198
   9.8517E+01   9.8549E+01   3.4297E-01  0.0214
   9.8549E+01   9.8580E+01   3.3002E-01  0.0243

#   sum over    1.2500E-03   3.4631E-01  0.0182

'no. =347,  ix = 11,  iy = 17'
msuc: {\huge Histograma dosis-volumen del pouch}
msdr: {\it plotted by \ANGEL \version}
msdl: {\it calculated by \PHITS  3.35}
wt: s(0.7)
\vspace{-3}
  xmin  &=&   2.0000E-01 [cm]
  xmax  &=&   3.0000E-01 [cm]
  ymin  &=&  -5.0000E-02 [cm]
  ymax  &=&   5.0000E-02 [cm]
e:

#------------------------------------------------------------------------------
 newpage:
#   no. =348   ix  = 11   iy  = 18
#   x = (   2.0000E-01  -   3.0000E-01  )
#   y = (   5.0000E-02  -   1.5000E-01  )

x: z[cm]
y: Dose [Gy/source]      
p: xlin ylog afac(0.8) form(0.9)
h: n            x            y(proton  ),hh0l n 
#  z-lower      z-upper        proton    r.err 
   9.8455E+01   9.8486E+01   3.5398E-01  0.0188
   9.8486E+01   9.8517E+01   3.5901E-01  0.0198
   9.8517E+01   9.8549E+01   3.5139E-01  0.0212
   9.8549E+01   9.8580E+01   3.2937E-01  0.0243

#   sum over    1.2500E-03   3.4844E-01  0.0182

'no. =348,  ix = 11,  iy = 18'
msuc: {\huge Histograma dosis-volumen del pouch}
msdr: {\it plotted by \ANGEL \version}
msdl: {\it calculated by \PHITS  3.35}
wt: s(0.7)
\vspace{-3}
  xmin  &=&   2.0000E-01 [cm]
  xmax  &=&   3.0000E-01 [cm]
  ymin  &=&   5.0000E-02 [cm]
  ymax  &=&   1.5000E-01 [cm]
e:

#------------------------------------------------------------------------------
 newpage:
#   no. =349   ix  = 11   iy  = 19
#   x = (   2.0000E-01  -   3.0000E-01  )
#   y = (   1.5000E-01  -   2.5000E-01  )

x: z[cm]
y: Dose [Gy/source]      
p: xlin ylog afac(0.8) form(0.9)
h: n            x            y(proton  ),hh0l n 
#  z-lower      z-upper        proton    r.err 
   9.8455E+01   9.8486E+01   3.5801E-01  0.0188
   9.8486E+01   9.8517E+01   3.6331E-01  0.0198
   9.8517E+01   9.8549E+01   3.3658E-01  0.0214
   9.8549E+01   9.8580E+01   3.3767E-01  0.0241

#   sum over    1.2500E-03   3.4889E-01  0.0182

'no. =349,  ix = 11,  iy = 19'
msuc: {\huge Histograma dosis-volumen del pouch}
msdr: {\it plotted by \ANGEL \version}
msdl: {\it calculated by \PHITS  3.35}
wt: s(0.7)
\vspace{-3}
  xmin  &=&   2.0000E-01 [cm]
  xmax  &=&   3.0000E-01 [cm]
  ymin  &=&   1.5000E-01 [cm]
  ymax  &=&   2.5000E-01 [cm]
e:

#------------------------------------------------------------------------------
 newpage:
#   no. =350   ix  = 11   iy  = 20
#   x = (   2.0000E-01  -   3.0000E-01  )
#   y = (   2.5000E-01  -   3.5000E-01  )

x: z[cm]
y: Dose [Gy/source]      
p: xlin ylog afac(0.8) form(0.9)
h: n            x            y(proton  ),hh0l n 
#  z-lower      z-upper        proton    r.err 
   9.8455E+01   9.8486E+01   3.6106E-01  0.0186
   9.8486E+01   9.8517E+01   3.6301E-01  0.0198
   9.8517E+01   9.8549E+01   3.4371E-01  0.0214
   9.8549E+01   9.8580E+01   3.3182E-01  0.0242

#   sum over    1.2500E-03   3.4990E-01  0.0182

'no. =350,  ix = 11,  iy = 20'
msuc: {\huge Histograma dosis-volumen del pouch}
msdr: {\it plotted by \ANGEL \version}
msdl: {\it calculated by \PHITS  3.35}
wt: s(0.7)
\vspace{-3}
  xmin  &=&   2.0000E-01 [cm]
  xmax  &=&   3.0000E-01 [cm]
  ymin  &=&   2.5000E-01 [cm]
  ymax  &=&   3.5000E-01 [cm]
e:

#------------------------------------------------------------------------------
 newpage:
#   no. =351   ix  = 11   iy  = 21
#   x = (   2.0000E-01  -   3.0000E-01  )
#   y = (   3.5000E-01  -   4.5000E-01  )

x: z[cm]
y: Dose [Gy/source]      
p: xlin ylog afac(0.8) form(0.9)
h: n            x            y(proton  ),hh0l n 
#  z-lower      z-upper        proton    r.err 
   9.8455E+01   9.8486E+01   3.4832E-01  0.0188
   9.8486E+01   9.8517E+01   3.5545E-01  0.0199
   9.8517E+01   9.8549E+01   3.4298E-01  0.0213
   9.8549E+01   9.8580E+01   3.3763E-01  0.0240

#   sum over    1.2500E-03   3.4610E-01  0.0183

'no. =351,  ix = 11,  iy = 21'
msuc: {\huge Histograma dosis-volumen del pouch}
msdr: {\it plotted by \ANGEL \version}
msdl: {\it calculated by \PHITS  3.35}
wt: s(0.7)
\vspace{-3}
  xmin  &=&   2.0000E-01 [cm]
  xmax  &=&   3.0000E-01 [cm]
  ymin  &=&   3.5000E-01 [cm]
  ymax  &=&   4.5000E-01 [cm]
e:

#------------------------------------------------------------------------------
 newpage:
#   no. =352   ix  = 11   iy  = 22
#   x = (   2.0000E-01  -   3.0000E-01  )
#   y = (   4.5000E-01  -   5.5000E-01  )

x: z[cm]
y: Dose [Gy/source]      
p: xlin ylog afac(0.8) form(0.9)
h: n            x            y(proton  ),hh0l n 
#  z-lower      z-upper        proton    r.err 
   9.8455E+01   9.8486E+01   3.5702E-01  0.0187
   9.8486E+01   9.8517E+01   3.6430E-01  0.0197
   9.8517E+01   9.8549E+01   3.4721E-01  0.0213
   9.8549E+01   9.8580E+01   3.3166E-01  0.0242

#   sum over    1.2500E-03   3.5004E-01  0.0182

'no. =352,  ix = 11,  iy = 22'
msuc: {\huge Histograma dosis-volumen del pouch}
msdr: {\it plotted by \ANGEL \version}
msdl: {\it calculated by \PHITS  3.35}
wt: s(0.7)
\vspace{-3}
  xmin  &=&   2.0000E-01 [cm]
  xmax  &=&   3.0000E-01 [cm]
  ymin  &=&   4.5000E-01 [cm]
  ymax  &=&   5.5000E-01 [cm]
e:

#------------------------------------------------------------------------------
 newpage:
#   no. =353   ix  = 11   iy  = 23
#   x = (   2.0000E-01  -   3.0000E-01  )
#   y = (   5.5000E-01  -   6.5000E-01  )

x: z[cm]
y: Dose [Gy/source]      
p: xlin ylog afac(0.8) form(0.9)
h: n            x            y(proton  ),hh0l n 
#  z-lower      z-upper        proton    r.err 
   9.8455E+01   9.8486E+01   3.5966E-01  0.0188
   9.8486E+01   9.8517E+01   3.6004E-01  0.0198
   9.8517E+01   9.8549E+01   3.4177E-01  0.0214
   9.8549E+01   9.8580E+01   3.2882E-01  0.0242

#   sum over    1.2500E-03   3.4757E-01  0.0182

'no. =353,  ix = 11,  iy = 23'
msuc: {\huge Histograma dosis-volumen del pouch}
msdr: {\it plotted by \ANGEL \version}
msdl: {\it calculated by \PHITS  3.35}
wt: s(0.7)
\vspace{-3}
  xmin  &=&   2.0000E-01 [cm]
  xmax  &=&   3.0000E-01 [cm]
  ymin  &=&   5.5000E-01 [cm]
  ymax  &=&   6.5000E-01 [cm]
e:

#------------------------------------------------------------------------------
 newpage:
#   no. =354   ix  = 11   iy  = 24
#   x = (   2.0000E-01  -   3.0000E-01  )
#   y = (   6.5000E-01  -   7.5000E-01  )

x: z[cm]
y: Dose [Gy/source]      
p: xlin ylog afac(0.8) form(0.9)
h: n            x            y(proton  ),hh0l n 
#  z-lower      z-upper        proton    r.err 
   9.8455E+01   9.8486E+01   3.5178E-01  0.0188
   9.8486E+01   9.8517E+01   3.5474E-01  0.0199
   9.8517E+01   9.8549E+01   3.4131E-01  0.0215
   9.8549E+01   9.8580E+01   3.2984E-01  0.0243

#   sum over    1.2500E-03   3.4442E-01  0.0183

'no. =354,  ix = 11,  iy = 24'
msuc: {\huge Histograma dosis-volumen del pouch}
msdr: {\it plotted by \ANGEL \version}
msdl: {\it calculated by \PHITS  3.35}
wt: s(0.7)
\vspace{-3}
  xmin  &=&   2.0000E-01 [cm]
  xmax  &=&   3.0000E-01 [cm]
  ymin  &=&   6.5000E-01 [cm]
  ymax  &=&   7.5000E-01 [cm]
e:

#------------------------------------------------------------------------------
 newpage:
#   no. =355   ix  = 11   iy  = 25
#   x = (   2.0000E-01  -   3.0000E-01  )
#   y = (   7.5000E-01  -   8.5000E-01  )

x: z[cm]
y: Dose [Gy/source]      
p: xlin ylog afac(0.8) form(0.9)
h: n            x            y(proton  ),hh0l n 
#  z-lower      z-upper        proton    r.err 
   9.8455E+01   9.8486E+01   3.6577E-01  0.0185
   9.8486E+01   9.8517E+01   3.6937E-01  0.0197
   9.8517E+01   9.8549E+01   3.5161E-01  0.0211
   9.8549E+01   9.8580E+01   3.3509E-01  0.0241

#   sum over    1.2500E-03   3.5546E-01  0.0179

'no. =355,  ix = 11,  iy = 25'
msuc: {\huge Histograma dosis-volumen del pouch}
msdr: {\it plotted by \ANGEL \version}
msdl: {\it calculated by \PHITS  3.35}
wt: s(0.7)
\vspace{-3}
  xmin  &=&   2.0000E-01 [cm]
  xmax  &=&   3.0000E-01 [cm]
  ymin  &=&   7.5000E-01 [cm]
  ymax  &=&   8.5000E-01 [cm]
e:

#------------------------------------------------------------------------------
 newpage:
#   no. =356   ix  = 11   iy  = 26
#   x = (   2.0000E-01  -   3.0000E-01  )
#   y = (   8.5000E-01  -   9.5000E-01  )

x: z[cm]
y: Dose [Gy/source]      
p: xlin ylog afac(0.8) form(0.9)
h: n            x            y(proton  ),hh0l n 
#  z-lower      z-upper        proton    r.err 
   9.8455E+01   9.8486E+01   3.6364E-01  0.0186
   9.8486E+01   9.8517E+01   3.6356E-01  0.0197
   9.8517E+01   9.8549E+01   3.4582E-01  0.0213
   9.8549E+01   9.8580E+01   3.3842E-01  0.0240

#   sum over    1.2500E-03   3.5286E-01  0.0180

'no. =356,  ix = 11,  iy = 26'
msuc: {\huge Histograma dosis-volumen del pouch}
msdr: {\it plotted by \ANGEL \version}
msdl: {\it calculated by \PHITS  3.35}
wt: s(0.7)
\vspace{-3}
  xmin  &=&   2.0000E-01 [cm]
  xmax  &=&   3.0000E-01 [cm]
  ymin  &=&   8.5000E-01 [cm]
  ymax  &=&   9.5000E-01 [cm]
e:

#------------------------------------------------------------------------------
 newpage:
#   no. =357   ix  = 11   iy  = 27
#   x = (   2.0000E-01  -   3.0000E-01  )
#   y = (   9.5000E-01  -   1.0500E+00  )

x: z[cm]
y: Dose [Gy/source]      
p: xlin ylog afac(0.8) form(0.9)
h: n            x            y(proton  ),hh0l n 
#  z-lower      z-upper        proton    r.err 
   9.8455E+01   9.8486E+01   3.6140E-01  0.0185
   9.8486E+01   9.8517E+01   3.6946E-01  0.0195
   9.8517E+01   9.8549E+01   3.6045E-01  0.0210
   9.8549E+01   9.8580E+01   3.4244E-01  0.0239

#   sum over    1.2500E-03   3.5843E-01  0.0179

'no. =357,  ix = 11,  iy = 27'
msuc: {\huge Histograma dosis-volumen del pouch}
msdr: {\it plotted by \ANGEL \version}
msdl: {\it calculated by \PHITS  3.35}
wt: s(0.7)
\vspace{-3}
  xmin  &=&   2.0000E-01 [cm]
  xmax  &=&   3.0000E-01 [cm]
  ymin  &=&   9.5000E-01 [cm]
  ymax  &=&   1.0500E+00 [cm]
e:

#------------------------------------------------------------------------------
 newpage:
#   no. =358   ix  = 11   iy  = 28
#   x = (   2.0000E-01  -   3.0000E-01  )
#   y = (   1.0500E+00  -   1.1500E+00  )

x: z[cm]
y: Dose [Gy/source]      
p: xlin ylog afac(0.8) form(0.9)
h: n            x            y(proton  ),hh0l n 
#  z-lower      z-upper        proton    r.err 
   9.8455E+01   9.8486E+01   3.6119E-01  0.0185
   9.8486E+01   9.8517E+01   3.6555E-01  0.0196
   9.8517E+01   9.8549E+01   3.5413E-01  0.0210
   9.8549E+01   9.8580E+01   3.4940E-01  0.0236

#   sum over    1.2500E-03   3.5756E-01  0.0180

'no. =358,  ix = 11,  iy = 28'
msuc: {\huge Histograma dosis-volumen del pouch}
msdr: {\it plotted by \ANGEL \version}
msdl: {\it calculated by \PHITS  3.35}
wt: s(0.7)
\vspace{-3}
  xmin  &=&   2.0000E-01 [cm]
  xmax  &=&   3.0000E-01 [cm]
  ymin  &=&   1.0500E+00 [cm]
  ymax  &=&   1.1500E+00 [cm]
e:

#------------------------------------------------------------------------------
 newpage:
#   no. =359   ix  = 11   iy  = 29
#   x = (   2.0000E-01  -   3.0000E-01  )
#   y = (   1.1500E+00  -   1.2500E+00  )

x: z[cm]
y: Dose [Gy/source]      
p: xlin ylog afac(0.8) form(0.9)
h: n            x            y(proton  ),hh0l n 
#  z-lower      z-upper        proton    r.err 
   9.8455E+01   9.8486E+01   3.5905E-01  0.0186
   9.8486E+01   9.8517E+01   3.6773E-01  0.0197
   9.8517E+01   9.8549E+01   3.4780E-01  0.0211
   9.8549E+01   9.8580E+01   3.4038E-01  0.0239

#   sum over    1.2500E-03   3.5374E-01  0.0180

'no. =359,  ix = 11,  iy = 29'
msuc: {\huge Histograma dosis-volumen del pouch}
msdr: {\it plotted by \ANGEL \version}
msdl: {\it calculated by \PHITS  3.35}
wt: s(0.7)
\vspace{-3}
  xmin  &=&   2.0000E-01 [cm]
  xmax  &=&   3.0000E-01 [cm]
  ymin  &=&   1.1500E+00 [cm]
  ymax  &=&   1.2500E+00 [cm]
e:

#------------------------------------------------------------------------------
 newpage:
#   no. =360   ix  = 11   iy  = 30
#   x = (   2.0000E-01  -   3.0000E-01  )
#   y = (   1.2500E+00  -   1.3500E+00  )

x: z[cm]
y: Dose [Gy/source]      
p: xlin ylog afac(0.8) form(0.9)
h: n            x            y(proton  ),hh0l n 
#  z-lower      z-upper        proton    r.err 
   9.8455E+01   9.8486E+01   3.8702E-01  0.0181
   9.8486E+01   9.8517E+01   3.9254E-01  0.0190
   9.8517E+01   9.8549E+01   3.7431E-01  0.0205
   9.8549E+01   9.8580E+01   3.5814E-01  0.0233

#   sum over    1.2500E-03   3.7800E-01  0.0174

'no. =360,  ix = 11,  iy = 30'
msuc: {\huge Histograma dosis-volumen del pouch}
msdr: {\it plotted by \ANGEL \version}
msdl: {\it calculated by \PHITS  3.35}
wt: s(0.7)
\vspace{-3}
  xmin  &=&   2.0000E-01 [cm]
  xmax  &=&   3.0000E-01 [cm]
  ymin  &=&   1.2500E+00 [cm]
  ymax  &=&   1.3500E+00 [cm]
e:

#------------------------------------------------------------------------------
 newpage:
#   no. =361   ix  = 11   iy  = 31
#   x = (   2.0000E-01  -   3.0000E-01  )
#   y = (   1.3500E+00  -   1.4500E+00  )

x: z[cm]
y: Dose [Gy/source]      
p: xlin ylog afac(0.8) form(0.9)
h: n            x            y(proton  ),hh0l n 
#  z-lower      z-upper        proton    r.err 
   9.8455E+01   9.8486E+01   3.7726E-01  0.0183
   9.8486E+01   9.8517E+01   3.8153E-01  0.0192
   9.8517E+01   9.8549E+01   3.6769E-01  0.0207
   9.8549E+01   9.8580E+01   3.4714E-01  0.0236

#   sum over    1.2500E-03   3.6840E-01  0.0177

'no. =361,  ix = 11,  iy = 31'
msuc: {\huge Histograma dosis-volumen del pouch}
msdr: {\it plotted by \ANGEL \version}
msdl: {\it calculated by \PHITS  3.35}
wt: s(0.7)
\vspace{-3}
  xmin  &=&   2.0000E-01 [cm]
  xmax  &=&   3.0000E-01 [cm]
  ymin  &=&   1.3500E+00 [cm]
  ymax  &=&   1.4500E+00 [cm]
e:

#------------------------------------------------------------------------------
 newpage:
#   no. =362   ix  = 11   iy  = 32
#   x = (   2.0000E-01  -   3.0000E-01  )
#   y = (   1.4500E+00  -   1.5500E+00  )

x: z[cm]
y: Dose [Gy/source]      
p: xlin ylog afac(0.8) form(0.9)
h: n            x            y(proton  ),hh0l n 
#  z-lower      z-upper        proton    r.err 
   9.8455E+01   9.8486E+01   3.5629E-01  0.0186
   9.8486E+01   9.8517E+01   3.6253E-01  0.0196
   9.8517E+01   9.8549E+01   3.5471E-01  0.0210
   9.8549E+01   9.8580E+01   3.5029E-01  0.0235

#   sum over    1.2500E-03   3.5596E-01  0.0180

'no. =362,  ix = 11,  iy = 32'
msuc: {\huge Histograma dosis-volumen del pouch}
msdr: {\it plotted by \ANGEL \version}
msdl: {\it calculated by \PHITS  3.35}
wt: s(0.7)
\vspace{-3}
  xmin  &=&   2.0000E-01 [cm]
  xmax  &=&   3.0000E-01 [cm]
  ymin  &=&   1.4500E+00 [cm]
  ymax  &=&   1.5500E+00 [cm]
e:

#------------------------------------------------------------------------------
 newpage:
#   no. =363   ix  = 11   iy  = 33
#   x = (   2.0000E-01  -   3.0000E-01  )
#   y = (   1.5500E+00  -   1.6500E+00  )

x: z[cm]
y: Dose [Gy/source]      
p: xlin ylog afac(0.8) form(0.9)
h: n            x            y(proton  ),hh0l n 
#  z-lower      z-upper        proton    r.err 
   9.8455E+01   9.8486E+01   3.7678E-01  0.0183
   9.8486E+01   9.8517E+01   3.7946E-01  0.0192
   9.8517E+01   9.8549E+01   3.6569E-01  0.0207
   9.8549E+01   9.8580E+01   3.6028E-01  0.0235

#   sum over    1.2500E-03   3.7055E-01  0.0177

'no. =363,  ix = 11,  iy = 33'
msuc: {\huge Histograma dosis-volumen del pouch}
msdr: {\it plotted by \ANGEL \version}
msdl: {\it calculated by \PHITS  3.35}
wt: s(0.7)
\vspace{-3}
  xmin  &=&   2.0000E-01 [cm]
  xmax  &=&   3.0000E-01 [cm]
  ymin  &=&   1.5500E+00 [cm]
  ymax  &=&   1.6500E+00 [cm]
e:

#------------------------------------------------------------------------------
 newpage:
#   no. =364   ix  = 12   iy  =  1
#   x = (   3.0000E-01  -   4.0000E-01  )
#   y = (  -1.6500E+00  -  -1.5500E+00  )

x: z[cm]
y: Dose [Gy/source]      
p: xlin ylog afac(0.8) form(0.9)
h: n            x            y(proton  ),hh0l n 
#  z-lower      z-upper        proton    r.err 
   9.8455E+01   9.8486E+01   0.0000E+00  0.0000
   9.8486E+01   9.8517E+01   0.0000E+00  0.0000
   9.8517E+01   9.8549E+01   0.0000E+00  0.0000
   9.8549E+01   9.8580E+01   0.0000E+00  0.0000

#   sum over    1.2500E-03   0.0000E+00  0.0000

'no. =364,  ix = 12,  iy =  1'
msuc: {\huge Histograma dosis-volumen del pouch}
msdr: {\it plotted by \ANGEL \version}
msdl: {\it calculated by \PHITS  3.35}
wt: s(0.7)
\vspace{-3}
  xmin  &=&   3.0000E-01 [cm]
  xmax  &=&   4.0000E-01 [cm]
  ymin  &=&  -1.6500E+00 [cm]
  ymax  &=&  -1.5500E+00 [cm]
e:

#------------------------------------------------------------------------------
 newpage:
#   no. =365   ix  = 12   iy  =  2
#   x = (   3.0000E-01  -   4.0000E-01  )
#   y = (  -1.5500E+00  -  -1.4500E+00  )

x: z[cm]
y: Dose [Gy/source]      
p: xlin ylog afac(0.8) form(0.9)
h: n            x            y(proton  ),hh0l n 
#  z-lower      z-upper        proton    r.err 
   9.8455E+01   9.8486E+01   0.0000E+00  0.0000
   9.8486E+01   9.8517E+01   0.0000E+00  0.0000
   9.8517E+01   9.8549E+01   0.0000E+00  0.0000
   9.8549E+01   9.8580E+01   0.0000E+00  0.0000

#   sum over    1.2500E-03   0.0000E+00  0.0000

'no. =365,  ix = 12,  iy =  2'
msuc: {\huge Histograma dosis-volumen del pouch}
msdr: {\it plotted by \ANGEL \version}
msdl: {\it calculated by \PHITS  3.35}
wt: s(0.7)
\vspace{-3}
  xmin  &=&   3.0000E-01 [cm]
  xmax  &=&   4.0000E-01 [cm]
  ymin  &=&  -1.5500E+00 [cm]
  ymax  &=&  -1.4500E+00 [cm]
e:

#------------------------------------------------------------------------------
 newpage:
#   no. =366   ix  = 12   iy  =  3
#   x = (   3.0000E-01  -   4.0000E-01  )
#   y = (  -1.4500E+00  -  -1.3500E+00  )

x: z[cm]
y: Dose [Gy/source]      
p: xlin ylog afac(0.8) form(0.9)
h: n            x            y(proton  ),hh0l n 
#  z-lower      z-upper        proton    r.err 
   9.8455E+01   9.8486E+01   2.7340E-04  0.7075
   9.8486E+01   9.8517E+01   1.5570E-04  1.0000
   9.8517E+01   9.8549E+01   1.9419E-04  1.0000
   9.8549E+01   9.8580E+01   0.0000E+00  0.0000

#   sum over    1.2500E-03   1.5583E-04  0.8060

'no. =366,  ix = 12,  iy =  3'
msuc: {\huge Histograma dosis-volumen del pouch}
msdr: {\it plotted by \ANGEL \version}
msdl: {\it calculated by \PHITS  3.35}
wt: s(0.7)
\vspace{-3}
  xmin  &=&   3.0000E-01 [cm]
  xmax  &=&   4.0000E-01 [cm]
  ymin  &=&  -1.4500E+00 [cm]
  ymax  &=&  -1.3500E+00 [cm]
e:

#------------------------------------------------------------------------------
 newpage:
#   no. =367   ix  = 12   iy  =  4
#   x = (   3.0000E-01  -   4.0000E-01  )
#   y = (  -1.3500E+00  -  -1.2500E+00  )

x: z[cm]
y: Dose [Gy/source]      
p: xlin ylog afac(0.8) form(0.9)
h: n            x            y(proton  ),hh0l n 
#  z-lower      z-upper        proton    r.err 
   9.8455E+01   9.8486E+01   2.6171E-01  0.0220
   9.8486E+01   9.8517E+01   2.5713E-01  0.0233
   9.8517E+01   9.8549E+01   2.5402E-01  0.0248
   9.8549E+01   9.8580E+01   2.5071E-01  0.0277

#   sum over    1.2500E-03   2.5589E-01  0.0212

'no. =367,  ix = 12,  iy =  4'
msuc: {\huge Histograma dosis-volumen del pouch}
msdr: {\it plotted by \ANGEL \version}
msdl: {\it calculated by \PHITS  3.35}
wt: s(0.7)
\vspace{-3}
  xmin  &=&   3.0000E-01 [cm]
  xmax  &=&   4.0000E-01 [cm]
  ymin  &=&  -1.3500E+00 [cm]
  ymax  &=&  -1.2500E+00 [cm]
e:

#------------------------------------------------------------------------------
 newpage:
#   no. =368   ix  = 12   iy  =  5
#   x = (   3.0000E-01  -   4.0000E-01  )
#   y = (  -1.2500E+00  -  -1.1500E+00  )

x: z[cm]
y: Dose [Gy/source]      
p: xlin ylog afac(0.8) form(0.9)
h: n            x            y(proton  ),hh0l n 
#  z-lower      z-upper        proton    r.err 
   9.8455E+01   9.8486E+01   3.5398E-01  0.0188
   9.8486E+01   9.8517E+01   3.5730E-01  0.0198
   9.8517E+01   9.8549E+01   3.5164E-01  0.0212
   9.8549E+01   9.8580E+01   3.4024E-01  0.0239

#   sum over    1.2500E-03   3.5079E-01  0.0181

'no. =368,  ix = 12,  iy =  5'
msuc: {\huge Histograma dosis-volumen del pouch}
msdr: {\it plotted by \ANGEL \version}
msdl: {\it calculated by \PHITS  3.35}
wt: s(0.7)
\vspace{-3}
  xmin  &=&   3.0000E-01 [cm]
  xmax  &=&   4.0000E-01 [cm]
  ymin  &=&  -1.2500E+00 [cm]
  ymax  &=&  -1.1500E+00 [cm]
e:

#------------------------------------------------------------------------------
 newpage:
#   no. =369   ix  = 12   iy  =  6
#   x = (   3.0000E-01  -   4.0000E-01  )
#   y = (  -1.1500E+00  -  -1.0500E+00  )

x: z[cm]
y: Dose [Gy/source]      
p: xlin ylog afac(0.8) form(0.9)
h: n            x            y(proton  ),hh0l n 
#  z-lower      z-upper        proton    r.err 
   9.8455E+01   9.8486E+01   3.6439E-01  0.0186
   9.8486E+01   9.8517E+01   3.7071E-01  0.0196
   9.8517E+01   9.8549E+01   3.4483E-01  0.0214
   9.8549E+01   9.8580E+01   3.3073E-01  0.0242

#   sum over    1.2500E-03   3.5266E-01  0.0180

'no. =369,  ix = 12,  iy =  6'
msuc: {\huge Histograma dosis-volumen del pouch}
msdr: {\it plotted by \ANGEL \version}
msdl: {\it calculated by \PHITS  3.35}
wt: s(0.7)
\vspace{-3}
  xmin  &=&   3.0000E-01 [cm]
  xmax  &=&   4.0000E-01 [cm]
  ymin  &=&  -1.1500E+00 [cm]
  ymax  &=&  -1.0500E+00 [cm]
e:

#------------------------------------------------------------------------------
 newpage:
#   no. =370   ix  = 12   iy  =  7
#   x = (   3.0000E-01  -   4.0000E-01  )
#   y = (  -1.0500E+00  -  -9.5000E-01  )

x: z[cm]
y: Dose [Gy/source]      
p: xlin ylog afac(0.8) form(0.9)
h: n            x            y(proton  ),hh0l n 
#  z-lower      z-upper        proton    r.err 
   9.8455E+01   9.8486E+01   3.6431E-01  0.0185
   9.8486E+01   9.8517E+01   3.6470E-01  0.0196
   9.8517E+01   9.8549E+01   3.5191E-01  0.0211
   9.8549E+01   9.8580E+01   3.4733E-01  0.0238

#   sum over    1.2500E-03   3.5706E-01  0.0180

'no. =370,  ix = 12,  iy =  7'
msuc: {\huge Histograma dosis-volumen del pouch}
msdr: {\it plotted by \ANGEL \version}
msdl: {\it calculated by \PHITS  3.35}
wt: s(0.7)
\vspace{-3}
  xmin  &=&   3.0000E-01 [cm]
  xmax  &=&   4.0000E-01 [cm]
  ymin  &=&  -1.0500E+00 [cm]
  ymax  &=&  -9.5000E-01 [cm]
e:

#------------------------------------------------------------------------------
 newpage:
#   no. =371   ix  = 12   iy  =  8
#   x = (   3.0000E-01  -   4.0000E-01  )
#   y = (  -9.5000E-01  -  -8.5000E-01  )

x: z[cm]
y: Dose [Gy/source]      
p: xlin ylog afac(0.8) form(0.9)
h: n            x            y(proton  ),hh0l n 
#  z-lower      z-upper        proton    r.err 
   9.8455E+01   9.8486E+01   3.6499E-01  0.0185
   9.8486E+01   9.8517E+01   3.6484E-01  0.0196
   9.8517E+01   9.8549E+01   3.6503E-01  0.0208
   9.8549E+01   9.8580E+01   3.4913E-01  0.0236

#   sum over    1.2500E-03   3.6100E-01  0.0179

'no. =371,  ix = 12,  iy =  8'
msuc: {\huge Histograma dosis-volumen del pouch}
msdr: {\it plotted by \ANGEL \version}
msdl: {\it calculated by \PHITS  3.35}
wt: s(0.7)
\vspace{-3}
  xmin  &=&   3.0000E-01 [cm]
  xmax  &=&   4.0000E-01 [cm]
  ymin  &=&  -9.5000E-01 [cm]
  ymax  &=&  -8.5000E-01 [cm]
e:

#------------------------------------------------------------------------------
 newpage:
#   no. =372   ix  = 12   iy  =  9
#   x = (   3.0000E-01  -   4.0000E-01  )
#   y = (  -8.5000E-01  -  -7.5000E-01  )

x: z[cm]
y: Dose [Gy/source]      
p: xlin ylog afac(0.8) form(0.9)
h: n            x            y(proton  ),hh0l n 
#  z-lower      z-upper        proton    r.err 
   9.8455E+01   9.8486E+01   3.5834E-01  0.0186
   9.8486E+01   9.8517E+01   3.6632E-01  0.0195
   9.8517E+01   9.8549E+01   3.6021E-01  0.0209
   9.8549E+01   9.8580E+01   3.4866E-01  0.0236

#   sum over    1.2500E-03   3.5839E-01  0.0180

'no. =372,  ix = 12,  iy =  9'
msuc: {\huge Histograma dosis-volumen del pouch}
msdr: {\it plotted by \ANGEL \version}
msdl: {\it calculated by \PHITS  3.35}
wt: s(0.7)
\vspace{-3}
  xmin  &=&   3.0000E-01 [cm]
  xmax  &=&   4.0000E-01 [cm]
  ymin  &=&  -8.5000E-01 [cm]
  ymax  &=&  -7.5000E-01 [cm]
e:

#------------------------------------------------------------------------------
 newpage:
#   no. =373   ix  = 12   iy  = 10
#   x = (   3.0000E-01  -   4.0000E-01  )
#   y = (  -7.5000E-01  -  -6.5000E-01  )

x: z[cm]
y: Dose [Gy/source]      
p: xlin ylog afac(0.8) form(0.9)
h: n            x            y(proton  ),hh0l n 
#  z-lower      z-upper        proton    r.err 
   9.8455E+01   9.8486E+01   3.7403E-01  0.0184
   9.8486E+01   9.8517E+01   3.7240E-01  0.0195
   9.8517E+01   9.8549E+01   3.5347E-01  0.0212
   9.8549E+01   9.8580E+01   3.3550E-01  0.0241

#   sum over    1.2500E-03   3.5886E-01  0.0178

'no. =373,  ix = 12,  iy = 10'
msuc: {\huge Histograma dosis-volumen del pouch}
msdr: {\it plotted by \ANGEL \version}
msdl: {\it calculated by \PHITS  3.35}
wt: s(0.7)
\vspace{-3}
  xmin  &=&   3.0000E-01 [cm]
  xmax  &=&   4.0000E-01 [cm]
  ymin  &=&  -7.5000E-01 [cm]
  ymax  &=&  -6.5000E-01 [cm]
e:

#------------------------------------------------------------------------------
 newpage:
#   no. =374   ix  = 12   iy  = 11
#   x = (   3.0000E-01  -   4.0000E-01  )
#   y = (  -6.5000E-01  -  -5.5000E-01  )

x: z[cm]
y: Dose [Gy/source]      
p: xlin ylog afac(0.8) form(0.9)
h: n            x            y(proton  ),hh0l n 
#  z-lower      z-upper        proton    r.err 
   9.8455E+01   9.8486E+01   3.5911E-01  0.0188
   9.8486E+01   9.8517E+01   3.5544E-01  0.0198
   9.8517E+01   9.8549E+01   3.4623E-01  0.0213
   9.8549E+01   9.8580E+01   3.3334E-01  0.0241

#   sum over    1.2500E-03   3.4853E-01  0.0181

'no. =374,  ix = 12,  iy = 11'
msuc: {\huge Histograma dosis-volumen del pouch}
msdr: {\it plotted by \ANGEL \version}
msdl: {\it calculated by \PHITS  3.35}
wt: s(0.7)
\vspace{-3}
  xmin  &=&   3.0000E-01 [cm]
  xmax  &=&   4.0000E-01 [cm]
  ymin  &=&  -6.5000E-01 [cm]
  ymax  &=&  -5.5000E-01 [cm]
e:

#------------------------------------------------------------------------------
 newpage:
#   no. =375   ix  = 12   iy  = 12
#   x = (   3.0000E-01  -   4.0000E-01  )
#   y = (  -5.5000E-01  -  -4.5000E-01  )

x: z[cm]
y: Dose [Gy/source]      
p: xlin ylog afac(0.8) form(0.9)
h: n            x            y(proton  ),hh0l n 
#  z-lower      z-upper        proton    r.err 
   9.8455E+01   9.8486E+01   3.5994E-01  0.0187
   9.8486E+01   9.8517E+01   3.6529E-01  0.0198
   9.8517E+01   9.8549E+01   3.4661E-01  0.0213
   9.8549E+01   9.8580E+01   3.3322E-01  0.0241

#   sum over    1.2500E-03   3.5126E-01  0.0181

'no. =375,  ix = 12,  iy = 12'
msuc: {\huge Histograma dosis-volumen del pouch}
msdr: {\it plotted by \ANGEL \version}
msdl: {\it calculated by \PHITS  3.35}
wt: s(0.7)
\vspace{-3}
  xmin  &=&   3.0000E-01 [cm]
  xmax  &=&   4.0000E-01 [cm]
  ymin  &=&  -5.5000E-01 [cm]
  ymax  &=&  -4.5000E-01 [cm]
e:

#------------------------------------------------------------------------------
 newpage:
#   no. =376   ix  = 12   iy  = 13
#   x = (   3.0000E-01  -   4.0000E-01  )
#   y = (  -4.5000E-01  -  -3.5000E-01  )

x: z[cm]
y: Dose [Gy/source]      
p: xlin ylog afac(0.8) form(0.9)
h: n            x            y(proton  ),hh0l n 
#  z-lower      z-upper        proton    r.err 
   9.8455E+01   9.8486E+01   3.6029E-01  0.0188
   9.8486E+01   9.8517E+01   3.6081E-01  0.0199
   9.8517E+01   9.8549E+01   3.4803E-01  0.0214
   9.8549E+01   9.8580E+01   3.2272E-01  0.0244

#   sum over    1.2500E-03   3.4796E-01  0.0182

'no. =376,  ix = 12,  iy = 13'
msuc: {\huge Histograma dosis-volumen del pouch}
msdr: {\it plotted by \ANGEL \version}
msdl: {\it calculated by \PHITS  3.35}
wt: s(0.7)
\vspace{-3}
  xmin  &=&   3.0000E-01 [cm]
  xmax  &=&   4.0000E-01 [cm]
  ymin  &=&  -4.5000E-01 [cm]
  ymax  &=&  -3.5000E-01 [cm]
e:

#------------------------------------------------------------------------------
 newpage:
#   no. =377   ix  = 12   iy  = 14
#   x = (   3.0000E-01  -   4.0000E-01  )
#   y = (  -3.5000E-01  -  -2.5000E-01  )

x: z[cm]
y: Dose [Gy/source]      
p: xlin ylog afac(0.8) form(0.9)
h: n            x            y(proton  ),hh0l n 
#  z-lower      z-upper        proton    r.err 
   9.8455E+01   9.8486E+01   3.5958E-01  0.0186
   9.8486E+01   9.8517E+01   3.6547E-01  0.0197
   9.8517E+01   9.8549E+01   3.5088E-01  0.0212
   9.8549E+01   9.8580E+01   3.3363E-01  0.0240

#   sum over    1.2500E-03   3.5239E-01  0.0180

'no. =377,  ix = 12,  iy = 14'
msuc: {\huge Histograma dosis-volumen del pouch}
msdr: {\it plotted by \ANGEL \version}
msdl: {\it calculated by \PHITS  3.35}
wt: s(0.7)
\vspace{-3}
  xmin  &=&   3.0000E-01 [cm]
  xmax  &=&   4.0000E-01 [cm]
  ymin  &=&  -3.5000E-01 [cm]
  ymax  &=&  -2.5000E-01 [cm]
e:

#------------------------------------------------------------------------------
 newpage:
#   no. =378   ix  = 12   iy  = 15
#   x = (   3.0000E-01  -   4.0000E-01  )
#   y = (  -2.5000E-01  -  -1.5000E-01  )

x: z[cm]
y: Dose [Gy/source]      
p: xlin ylog afac(0.8) form(0.9)
h: n            x            y(proton  ),hh0l n 
#  z-lower      z-upper        proton    r.err 
   9.8455E+01   9.8486E+01   3.6151E-01  0.0187
   9.8486E+01   9.8517E+01   3.6347E-01  0.0198
   9.8517E+01   9.8549E+01   3.4598E-01  0.0213
   9.8549E+01   9.8580E+01   3.3161E-01  0.0241

#   sum over    1.2500E-03   3.5064E-01  0.0181

'no. =378,  ix = 12,  iy = 15'
msuc: {\huge Histograma dosis-volumen del pouch}
msdr: {\it plotted by \ANGEL \version}
msdl: {\it calculated by \PHITS  3.35}
wt: s(0.7)
\vspace{-3}
  xmin  &=&   3.0000E-01 [cm]
  xmax  &=&   4.0000E-01 [cm]
  ymin  &=&  -2.5000E-01 [cm]
  ymax  &=&  -1.5000E-01 [cm]
e:

#------------------------------------------------------------------------------
 newpage:
#   no. =379   ix  = 12   iy  = 16
#   x = (   3.0000E-01  -   4.0000E-01  )
#   y = (  -1.5000E-01  -  -5.0000E-02  )

x: z[cm]
y: Dose [Gy/source]      
p: xlin ylog afac(0.8) form(0.9)
h: n            x            y(proton  ),hh0l n 
#  z-lower      z-upper        proton    r.err 
   9.8455E+01   9.8486E+01   3.5766E-01  0.0187
   9.8486E+01   9.8517E+01   3.6282E-01  0.0199
   9.8517E+01   9.8549E+01   3.3694E-01  0.0215
   9.8549E+01   9.8580E+01   3.2642E-01  0.0244

#   sum over    1.2500E-03   3.4596E-01  0.0182

'no. =379,  ix = 12,  iy = 16'
msuc: {\huge Histograma dosis-volumen del pouch}
msdr: {\it plotted by \ANGEL \version}
msdl: {\it calculated by \PHITS  3.35}
wt: s(0.7)
\vspace{-3}
  xmin  &=&   3.0000E-01 [cm]
  xmax  &=&   4.0000E-01 [cm]
  ymin  &=&  -1.5000E-01 [cm]
  ymax  &=&  -5.0000E-02 [cm]
e:

#------------------------------------------------------------------------------
 newpage:
#   no. =380   ix  = 12   iy  = 17
#   x = (   3.0000E-01  -   4.0000E-01  )
#   y = (  -5.0000E-02  -   5.0000E-02  )

x: z[cm]
y: Dose [Gy/source]      
p: xlin ylog afac(0.8) form(0.9)
h: n            x            y(proton  ),hh0l n 
#  z-lower      z-upper        proton    r.err 
   9.8455E+01   9.8486E+01   3.5737E-01  0.0187
   9.8486E+01   9.8517E+01   3.5998E-01  0.0199
   9.8517E+01   9.8549E+01   3.4050E-01  0.0214
   9.8549E+01   9.8580E+01   3.3275E-01  0.0242

#   sum over    1.2500E-03   3.4765E-01  0.0182

'no. =380,  ix = 12,  iy = 17'
msuc: {\huge Histograma dosis-volumen del pouch}
msdr: {\it plotted by \ANGEL \version}
msdl: {\it calculated by \PHITS  3.35}
wt: s(0.7)
\vspace{-3}
  xmin  &=&   3.0000E-01 [cm]
  xmax  &=&   4.0000E-01 [cm]
  ymin  &=&  -5.0000E-02 [cm]
  ymax  &=&   5.0000E-02 [cm]
e:

#------------------------------------------------------------------------------
 newpage:
#   no. =381   ix  = 12   iy  = 18
#   x = (   3.0000E-01  -   4.0000E-01  )
#   y = (   5.0000E-02  -   1.5000E-01  )

x: z[cm]
y: Dose [Gy/source]      
p: xlin ylog afac(0.8) form(0.9)
h: n            x            y(proton  ),hh0l n 
#  z-lower      z-upper        proton    r.err 
   9.8455E+01   9.8486E+01   3.6427E-01  0.0184
   9.8486E+01   9.8517E+01   3.7321E-01  0.0195
   9.8517E+01   9.8549E+01   3.5014E-01  0.0210
   9.8549E+01   9.8580E+01   3.4173E-01  0.0238

#   sum over    1.2500E-03   3.5734E-01  0.0179

'no. =381,  ix = 12,  iy = 18'
msuc: {\huge Histograma dosis-volumen del pouch}
msdr: {\it plotted by \ANGEL \version}
msdl: {\it calculated by \PHITS  3.35}
wt: s(0.7)
\vspace{-3}
  xmin  &=&   3.0000E-01 [cm]
  xmax  &=&   4.0000E-01 [cm]
  ymin  &=&   5.0000E-02 [cm]
  ymax  &=&   1.5000E-01 [cm]
e:

#------------------------------------------------------------------------------
 newpage:
#   no. =382   ix  = 12   iy  = 19
#   x = (   3.0000E-01  -   4.0000E-01  )
#   y = (   1.5000E-01  -   2.5000E-01  )

x: z[cm]
y: Dose [Gy/source]      
p: xlin ylog afac(0.8) form(0.9)
h: n            x            y(proton  ),hh0l n 
#  z-lower      z-upper        proton    r.err 
   9.8455E+01   9.8486E+01   3.6350E-01  0.0186
   9.8486E+01   9.8517E+01   3.6229E-01  0.0198
   9.8517E+01   9.8549E+01   3.5124E-01  0.0213
   9.8549E+01   9.8580E+01   3.2699E-01  0.0244

#   sum over    1.2500E-03   3.5100E-01  0.0181

'no. =382,  ix = 12,  iy = 19'
msuc: {\huge Histograma dosis-volumen del pouch}
msdr: {\it plotted by \ANGEL \version}
msdl: {\it calculated by \PHITS  3.35}
wt: s(0.7)
\vspace{-3}
  xmin  &=&   3.0000E-01 [cm]
  xmax  &=&   4.0000E-01 [cm]
  ymin  &=&   1.5000E-01 [cm]
  ymax  &=&   2.5000E-01 [cm]
e:

#------------------------------------------------------------------------------
 newpage:
#   no. =383   ix  = 12   iy  = 20
#   x = (   3.0000E-01  -   4.0000E-01  )
#   y = (   2.5000E-01  -   3.5000E-01  )

x: z[cm]
y: Dose [Gy/source]      
p: xlin ylog afac(0.8) form(0.9)
h: n            x            y(proton  ),hh0l n 
#  z-lower      z-upper        proton    r.err 
   9.8455E+01   9.8486E+01   3.6397E-01  0.0186
   9.8486E+01   9.8517E+01   3.6218E-01  0.0197
   9.8517E+01   9.8549E+01   3.4793E-01  0.0213
   9.8549E+01   9.8580E+01   3.3743E-01  0.0240

#   sum over    1.2500E-03   3.5287E-01  0.0181

'no. =383,  ix = 12,  iy = 20'
msuc: {\huge Histograma dosis-volumen del pouch}
msdr: {\it plotted by \ANGEL \version}
msdl: {\it calculated by \PHITS  3.35}
wt: s(0.7)
\vspace{-3}
  xmin  &=&   3.0000E-01 [cm]
  xmax  &=&   4.0000E-01 [cm]
  ymin  &=&   2.5000E-01 [cm]
  ymax  &=&   3.5000E-01 [cm]
e:

#------------------------------------------------------------------------------
 newpage:
#   no. =384   ix  = 12   iy  = 21
#   x = (   3.0000E-01  -   4.0000E-01  )
#   y = (   3.5000E-01  -   4.5000E-01  )

x: z[cm]
y: Dose [Gy/source]      
p: xlin ylog afac(0.8) form(0.9)
h: n            x            y(proton  ),hh0l n 
#  z-lower      z-upper        proton    r.err 
   9.8455E+01   9.8486E+01   3.6148E-01  0.0186
   9.8486E+01   9.8517E+01   3.6937E-01  0.0197
   9.8517E+01   9.8549E+01   3.5113E-01  0.0211
   9.8549E+01   9.8580E+01   3.4058E-01  0.0239

#   sum over    1.2500E-03   3.5564E-01  0.0180

'no. =384,  ix = 12,  iy = 21'
msuc: {\huge Histograma dosis-volumen del pouch}
msdr: {\it plotted by \ANGEL \version}
msdl: {\it calculated by \PHITS  3.35}
wt: s(0.7)
\vspace{-3}
  xmin  &=&   3.0000E-01 [cm]
  xmax  &=&   4.0000E-01 [cm]
  ymin  &=&   3.5000E-01 [cm]
  ymax  &=&   4.5000E-01 [cm]
e:

#------------------------------------------------------------------------------
 newpage:
#   no. =385   ix  = 12   iy  = 22
#   x = (   3.0000E-01  -   4.0000E-01  )
#   y = (   4.5000E-01  -   5.5000E-01  )

x: z[cm]
y: Dose [Gy/source]      
p: xlin ylog afac(0.8) form(0.9)
h: n            x            y(proton  ),hh0l n 
#  z-lower      z-upper        proton    r.err 
   9.8455E+01   9.8486E+01   3.5826E-01  0.0187
   9.8486E+01   9.8517E+01   3.6340E-01  0.0198
   9.8517E+01   9.8549E+01   3.4211E-01  0.0213
   9.8549E+01   9.8580E+01   3.3687E-01  0.0240

#   sum over    1.2500E-03   3.5016E-01  0.0181

'no. =385,  ix = 12,  iy = 22'
msuc: {\huge Histograma dosis-volumen del pouch}
msdr: {\it plotted by \ANGEL \version}
msdl: {\it calculated by \PHITS  3.35}
wt: s(0.7)
\vspace{-3}
  xmin  &=&   3.0000E-01 [cm]
  xmax  &=&   4.0000E-01 [cm]
  ymin  &=&   4.5000E-01 [cm]
  ymax  &=&   5.5000E-01 [cm]
e:

#------------------------------------------------------------------------------
 newpage:
#   no. =386   ix  = 12   iy  = 23
#   x = (   3.0000E-01  -   4.0000E-01  )
#   y = (   5.5000E-01  -   6.5000E-01  )

x: z[cm]
y: Dose [Gy/source]      
p: xlin ylog afac(0.8) form(0.9)
h: n            x            y(proton  ),hh0l n 
#  z-lower      z-upper        proton    r.err 
   9.8455E+01   9.8486E+01   3.7337E-01  0.0185
   9.8486E+01   9.8517E+01   3.6866E-01  0.0196
   9.8517E+01   9.8549E+01   3.4988E-01  0.0212
   9.8549E+01   9.8580E+01   3.3713E-01  0.0240

#   sum over    1.2500E-03   3.5726E-01  0.0179

'no. =386,  ix = 12,  iy = 23'
msuc: {\huge Histograma dosis-volumen del pouch}
msdr: {\it plotted by \ANGEL \version}
msdl: {\it calculated by \PHITS  3.35}
wt: s(0.7)
\vspace{-3}
  xmin  &=&   3.0000E-01 [cm]
  xmax  &=&   4.0000E-01 [cm]
  ymin  &=&   5.5000E-01 [cm]
  ymax  &=&   6.5000E-01 [cm]
e:

#------------------------------------------------------------------------------
 newpage:
#   no. =387   ix  = 12   iy  = 24
#   x = (   3.0000E-01  -   4.0000E-01  )
#   y = (   6.5000E-01  -   7.5000E-01  )

x: z[cm]
y: Dose [Gy/source]      
p: xlin ylog afac(0.8) form(0.9)
h: n            x            y(proton  ),hh0l n 
#  z-lower      z-upper        proton    r.err 
   9.8455E+01   9.8486E+01   3.5879E-01  0.0187
   9.8486E+01   9.8517E+01   3.6219E-01  0.0198
   9.8517E+01   9.8549E+01   3.4784E-01  0.0213
   9.8549E+01   9.8580E+01   3.2881E-01  0.0243

#   sum over    1.2500E-03   3.4940E-01  0.0182

'no. =387,  ix = 12,  iy = 24'
msuc: {\huge Histograma dosis-volumen del pouch}
msdr: {\it plotted by \ANGEL \version}
msdl: {\it calculated by \PHITS  3.35}
wt: s(0.7)
\vspace{-3}
  xmin  &=&   3.0000E-01 [cm]
  xmax  &=&   4.0000E-01 [cm]
  ymin  &=&   6.5000E-01 [cm]
  ymax  &=&   7.5000E-01 [cm]
e:

#------------------------------------------------------------------------------
 newpage:
#   no. =388   ix  = 12   iy  = 25
#   x = (   3.0000E-01  -   4.0000E-01  )
#   y = (   7.5000E-01  -   8.5000E-01  )

x: z[cm]
y: Dose [Gy/source]      
p: xlin ylog afac(0.8) form(0.9)
h: n            x            y(proton  ),hh0l n 
#  z-lower      z-upper        proton    r.err 
   9.8455E+01   9.8486E+01   3.6619E-01  0.0185
   9.8486E+01   9.8517E+01   3.6852E-01  0.0197
   9.8517E+01   9.8549E+01   3.5107E-01  0.0212
   9.8549E+01   9.8580E+01   3.2883E-01  0.0242

#   sum over    1.2500E-03   3.5365E-01  0.0180

'no. =388,  ix = 12,  iy = 25'
msuc: {\huge Histograma dosis-volumen del pouch}
msdr: {\it plotted by \ANGEL \version}
msdl: {\it calculated by \PHITS  3.35}
wt: s(0.7)
\vspace{-3}
  xmin  &=&   3.0000E-01 [cm]
  xmax  &=&   4.0000E-01 [cm]
  ymin  &=&   7.5000E-01 [cm]
  ymax  &=&   8.5000E-01 [cm]
e:

#------------------------------------------------------------------------------
 newpage:
#   no. =389   ix  = 12   iy  = 26
#   x = (   3.0000E-01  -   4.0000E-01  )
#   y = (   8.5000E-01  -   9.5000E-01  )

x: z[cm]
y: Dose [Gy/source]      
p: xlin ylog afac(0.8) form(0.9)
h: n            x            y(proton  ),hh0l n 
#  z-lower      z-upper        proton    r.err 
   9.8455E+01   9.8486E+01   3.6796E-01  0.0185
   9.8486E+01   9.8517E+01   3.7283E-01  0.0195
   9.8517E+01   9.8549E+01   3.5996E-01  0.0209
   9.8549E+01   9.8580E+01   3.4964E-01  0.0236

#   sum over    1.2500E-03   3.6259E-01  0.0179

'no. =389,  ix = 12,  iy = 26'
msuc: {\huge Histograma dosis-volumen del pouch}
msdr: {\it plotted by \ANGEL \version}
msdl: {\it calculated by \PHITS  3.35}
wt: s(0.7)
\vspace{-3}
  xmin  &=&   3.0000E-01 [cm]
  xmax  &=&   4.0000E-01 [cm]
  ymin  &=&   8.5000E-01 [cm]
  ymax  &=&   9.5000E-01 [cm]
e:

#------------------------------------------------------------------------------
 newpage:
#   no. =390   ix  = 12   iy  = 27
#   x = (   3.0000E-01  -   4.0000E-01  )
#   y = (   9.5000E-01  -   1.0500E+00  )

x: z[cm]
y: Dose [Gy/source]      
p: xlin ylog afac(0.8) form(0.9)
h: n            x            y(proton  ),hh0l n 
#  z-lower      z-upper        proton    r.err 
   9.8455E+01   9.8486E+01   3.6660E-01  0.0185
   9.8486E+01   9.8517E+01   3.6878E-01  0.0196
   9.8517E+01   9.8549E+01   3.5592E-01  0.0210
   9.8549E+01   9.8580E+01   3.4595E-01  0.0237

#   sum over    1.2500E-03   3.5931E-01  0.0179

'no. =390,  ix = 12,  iy = 27'
msuc: {\huge Histograma dosis-volumen del pouch}
msdr: {\it plotted by \ANGEL \version}
msdl: {\it calculated by \PHITS  3.35}
wt: s(0.7)
\vspace{-3}
  xmin  &=&   3.0000E-01 [cm]
  xmax  &=&   4.0000E-01 [cm]
  ymin  &=&   9.5000E-01 [cm]
  ymax  &=&   1.0500E+00 [cm]
e:

#------------------------------------------------------------------------------
 newpage:
#   no. =391   ix  = 12   iy  = 28
#   x = (   3.0000E-01  -   4.0000E-01  )
#   y = (   1.0500E+00  -   1.1500E+00  )

x: z[cm]
y: Dose [Gy/source]      
p: xlin ylog afac(0.8) form(0.9)
h: n            x            y(proton  ),hh0l n 
#  z-lower      z-upper        proton    r.err 
   9.8455E+01   9.8486E+01   3.7389E-01  0.0183
   9.8486E+01   9.8517E+01   3.7983E-01  0.0193
   9.8517E+01   9.8549E+01   3.6213E-01  0.0208
   9.8549E+01   9.8580E+01   3.6001E-01  0.0233

#   sum over    1.2500E-03   3.6897E-01  0.0178

'no. =391,  ix = 12,  iy = 28'
msuc: {\huge Histograma dosis-volumen del pouch}
msdr: {\it plotted by \ANGEL \version}
msdl: {\it calculated by \PHITS  3.35}
wt: s(0.7)
\vspace{-3}
  xmin  &=&   3.0000E-01 [cm]
  xmax  &=&   4.0000E-01 [cm]
  ymin  &=&   1.0500E+00 [cm]
  ymax  &=&   1.1500E+00 [cm]
e:

#------------------------------------------------------------------------------
 newpage:
#   no. =392   ix  = 12   iy  = 29
#   x = (   3.0000E-01  -   4.0000E-01  )
#   y = (   1.1500E+00  -   1.2500E+00  )

x: z[cm]
y: Dose [Gy/source]      
p: xlin ylog afac(0.8) form(0.9)
h: n            x            y(proton  ),hh0l n 
#  z-lower      z-upper        proton    r.err 
   9.8455E+01   9.8486E+01   3.6226E-01  0.0186
   9.8486E+01   9.8517E+01   3.6424E-01  0.0196
   9.8517E+01   9.8549E+01   3.5079E-01  0.0212
   9.8549E+01   9.8580E+01   3.3974E-01  0.0239

#   sum over    1.2500E-03   3.5426E-01  0.0181

'no. =392,  ix = 12,  iy = 29'
msuc: {\huge Histograma dosis-volumen del pouch}
msdr: {\it plotted by \ANGEL \version}
msdl: {\it calculated by \PHITS  3.35}
wt: s(0.7)
\vspace{-3}
  xmin  &=&   3.0000E-01 [cm]
  xmax  &=&   4.0000E-01 [cm]
  ymin  &=&   1.1500E+00 [cm]
  ymax  &=&   1.2500E+00 [cm]
e:

#------------------------------------------------------------------------------
 newpage:
#   no. =393   ix  = 12   iy  = 30
#   x = (   3.0000E-01  -   4.0000E-01  )
#   y = (   1.2500E+00  -   1.3500E+00  )

x: z[cm]
y: Dose [Gy/source]      
p: xlin ylog afac(0.8) form(0.9)
h: n            x            y(proton  ),hh0l n 
#  z-lower      z-upper        proton    r.err 
   9.8455E+01   9.8486E+01   3.5680E-01  0.0186
   9.8486E+01   9.8517E+01   3.6123E-01  0.0197
   9.8517E+01   9.8549E+01   3.5031E-01  0.0210
   9.8549E+01   9.8580E+01   3.5220E-01  0.0235

#   sum over    1.2500E-03   3.5514E-01  0.0181

'no. =393,  ix = 12,  iy = 30'
msuc: {\huge Histograma dosis-volumen del pouch}
msdr: {\it plotted by \ANGEL \version}
msdl: {\it calculated by \PHITS  3.35}
wt: s(0.7)
\vspace{-3}
  xmin  &=&   3.0000E-01 [cm]
  xmax  &=&   4.0000E-01 [cm]
  ymin  &=&   1.2500E+00 [cm]
  ymax  &=&   1.3500E+00 [cm]
e:

#------------------------------------------------------------------------------
 newpage:
#   no. =394   ix  = 12   iy  = 31
#   x = (   3.0000E-01  -   4.0000E-01  )
#   y = (   1.3500E+00  -   1.4500E+00  )

x: z[cm]
y: Dose [Gy/source]      
p: xlin ylog afac(0.8) form(0.9)
h: n            x            y(proton  ),hh0l n 
#  z-lower      z-upper        proton    r.err 
   9.8455E+01   9.8486E+01   3.7005E-01  0.0183
   9.8486E+01   9.8517E+01   3.7596E-01  0.0193
   9.8517E+01   9.8549E+01   3.6761E-01  0.0207
   9.8549E+01   9.8580E+01   3.5182E-01  0.0235

#   sum over    1.2500E-03   3.6635E-01  0.0177

'no. =394,  ix = 12,  iy = 31'
msuc: {\huge Histograma dosis-volumen del pouch}
msdr: {\it plotted by \ANGEL \version}
msdl: {\it calculated by \PHITS  3.35}
wt: s(0.7)
\vspace{-3}
  xmin  &=&   3.0000E-01 [cm]
  xmax  &=&   4.0000E-01 [cm]
  ymin  &=&   1.3500E+00 [cm]
  ymax  &=&   1.4500E+00 [cm]
e:

#------------------------------------------------------------------------------
 newpage:
#   no. =395   ix  = 12   iy  = 32
#   x = (   3.0000E-01  -   4.0000E-01  )
#   y = (   1.4500E+00  -   1.5500E+00  )

x: z[cm]
y: Dose [Gy/source]      
p: xlin ylog afac(0.8) form(0.9)
h: n            x            y(proton  ),hh0l n 
#  z-lower      z-upper        proton    r.err 
   9.8455E+01   9.8486E+01   3.7651E-01  0.0183
   9.8486E+01   9.8517E+01   3.7545E-01  0.0193
   9.8517E+01   9.8549E+01   3.6763E-01  0.0207
   9.8549E+01   9.8580E+01   3.5785E-01  0.0235

#   sum over    1.2500E-03   3.6936E-01  0.0177

'no. =395,  ix = 12,  iy = 32'
msuc: {\huge Histograma dosis-volumen del pouch}
msdr: {\it plotted by \ANGEL \version}
msdl: {\it calculated by \PHITS  3.35}
wt: s(0.7)
\vspace{-3}
  xmin  &=&   3.0000E-01 [cm]
  xmax  &=&   4.0000E-01 [cm]
  ymin  &=&   1.4500E+00 [cm]
  ymax  &=&   1.5500E+00 [cm]
e:

#------------------------------------------------------------------------------
 newpage:
#   no. =396   ix  = 12   iy  = 33
#   x = (   3.0000E-01  -   4.0000E-01  )
#   y = (   1.5500E+00  -   1.6500E+00  )

x: z[cm]
y: Dose [Gy/source]      
p: xlin ylog afac(0.8) form(0.9)
h: n            x            y(proton  ),hh0l n 
#  z-lower      z-upper        proton    r.err 
   9.8455E+01   9.8486E+01   3.7709E-01  0.0181
   9.8486E+01   9.8517E+01   3.8159E-01  0.0191
   9.8517E+01   9.8549E+01   3.7389E-01  0.0205
   9.8549E+01   9.8580E+01   3.6952E-01  0.0231

#   sum over    1.2500E-03   3.7552E-01  0.0176

'no. =396,  ix = 12,  iy = 33'
msuc: {\huge Histograma dosis-volumen del pouch}
msdr: {\it plotted by \ANGEL \version}
msdl: {\it calculated by \PHITS  3.35}
wt: s(0.7)
\vspace{-3}
  xmin  &=&   3.0000E-01 [cm]
  xmax  &=&   4.0000E-01 [cm]
  ymin  &=&   1.5500E+00 [cm]
  ymax  &=&   1.6500E+00 [cm]
e:

#------------------------------------------------------------------------------
 newpage:
#   no. =397   ix  = 13   iy  =  1
#   x = (   4.0000E-01  -   5.0000E-01  )
#   y = (  -1.6500E+00  -  -1.5500E+00  )

x: z[cm]
y: Dose [Gy/source]      
p: xlin ylog afac(0.8) form(0.9)
h: n            x            y(proton  ),hh0l n 
#  z-lower      z-upper        proton    r.err 
   9.8455E+01   9.8486E+01   0.0000E+00  0.0000
   9.8486E+01   9.8517E+01   2.9503E-04  1.0000
   9.8517E+01   9.8549E+01   0.0000E+00  0.0000
   9.8549E+01   9.8580E+01   0.0000E+00  0.0000

#   sum over    1.2500E-03   7.3758E-05  1.0000

'no. =397,  ix = 13,  iy =  1'
msuc: {\huge Histograma dosis-volumen del pouch}
msdr: {\it plotted by \ANGEL \version}
msdl: {\it calculated by \PHITS  3.35}
wt: s(0.7)
\vspace{-3}
  xmin  &=&   4.0000E-01 [cm]
  xmax  &=&   5.0000E-01 [cm]
  ymin  &=&  -1.6500E+00 [cm]
  ymax  &=&  -1.5500E+00 [cm]
e:

#------------------------------------------------------------------------------
 newpage:
#   no. =398   ix  = 13   iy  =  2
#   x = (   4.0000E-01  -   5.0000E-01  )
#   y = (  -1.5500E+00  -  -1.4500E+00  )

x: z[cm]
y: Dose [Gy/source]      
p: xlin ylog afac(0.8) form(0.9)
h: n            x            y(proton  ),hh0l n 
#  z-lower      z-upper        proton    r.err 
   9.8455E+01   9.8486E+01   8.2802E-05  1.0000
   9.8486E+01   9.8517E+01   3.4972E-05  1.0000
   9.8517E+01   9.8549E+01   0.0000E+00  0.0000
   9.8549E+01   9.8580E+01   0.0000E+00  0.0000

#   sum over    1.2500E-03   2.9444E-05  1.0000

'no. =398,  ix = 13,  iy =  2'
msuc: {\huge Histograma dosis-volumen del pouch}
msdr: {\it plotted by \ANGEL \version}
msdl: {\it calculated by \PHITS  3.35}
wt: s(0.7)
\vspace{-3}
  xmin  &=&   4.0000E-01 [cm]
  xmax  &=&   5.0000E-01 [cm]
  ymin  &=&  -1.5500E+00 [cm]
  ymax  &=&  -1.4500E+00 [cm]
e:

#------------------------------------------------------------------------------
 newpage:
#   no. =399   ix  = 13   iy  =  3
#   x = (   4.0000E-01  -   5.0000E-01  )
#   y = (  -1.4500E+00  -  -1.3500E+00  )

x: z[cm]
y: Dose [Gy/source]      
p: xlin ylog afac(0.8) form(0.9)
h: n            x            y(proton  ),hh0l n 
#  z-lower      z-upper        proton    r.err 
   9.8455E+01   9.8486E+01   6.5264E-04  0.6429
   9.8486E+01   9.8517E+01   0.0000E+00  0.0000
   9.8517E+01   9.8549E+01   9.6183E-05  1.0000
   9.8549E+01   9.8580E+01   8.0814E-04  0.9988

#   sum over    1.2500E-03   3.8924E-04  0.6398

'no. =399,  ix = 13,  iy =  3'
msuc: {\huge Histograma dosis-volumen del pouch}
msdr: {\it plotted by \ANGEL \version}
msdl: {\it calculated by \PHITS  3.35}
wt: s(0.7)
\vspace{-3}
  xmin  &=&   4.0000E-01 [cm]
  xmax  &=&   5.0000E-01 [cm]
  ymin  &=&  -1.4500E+00 [cm]
  ymax  &=&  -1.3500E+00 [cm]
e:

#------------------------------------------------------------------------------
 newpage:
#   no. =400   ix  = 13   iy  =  4
#   x = (   4.0000E-01  -   5.0000E-01  )
#   y = (  -1.3500E+00  -  -1.2500E+00  )

x: z[cm]
y: Dose [Gy/source]      
p: xlin ylog afac(0.8) form(0.9)
h: n            x            y(proton  ),hh0l n 
#  z-lower      z-upper        proton    r.err 
   9.8455E+01   9.8486E+01   2.6080E-01  0.0223
   9.8486E+01   9.8517E+01   2.5775E-01  0.0235
   9.8517E+01   9.8549E+01   2.5335E-01  0.0250
   9.8549E+01   9.8580E+01   2.4385E-01  0.0280

#   sum over    1.2500E-03   2.5394E-01  0.0213

'no. =400,  ix = 13,  iy =  4'
msuc: {\huge Histograma dosis-volumen del pouch}
msdr: {\it plotted by \ANGEL \version}
msdl: {\it calculated by \PHITS  3.35}
wt: s(0.7)
\vspace{-3}
  xmin  &=&   4.0000E-01 [cm]
  xmax  &=&   5.0000E-01 [cm]
  ymin  &=&  -1.3500E+00 [cm]
  ymax  &=&  -1.2500E+00 [cm]
e:

#------------------------------------------------------------------------------
 newpage:
#   no. =401   ix  = 13   iy  =  5
#   x = (   4.0000E-01  -   5.0000E-01  )
#   y = (  -1.2500E+00  -  -1.1500E+00  )

x: z[cm]
y: Dose [Gy/source]      
p: xlin ylog afac(0.8) form(0.9)
h: n            x            y(proton  ),hh0l n 
#  z-lower      z-upper        proton    r.err 
   9.8455E+01   9.8486E+01   3.7437E-01  0.0182
   9.8486E+01   9.8517E+01   3.8602E-01  0.0192
   9.8517E+01   9.8549E+01   3.7279E-01  0.0206
   9.8549E+01   9.8580E+01   3.6114E-01  0.0231

#   sum over    1.2500E-03   3.7358E-01  0.0176

'no. =401,  ix = 13,  iy =  5'
msuc: {\huge Histograma dosis-volumen del pouch}
msdr: {\it plotted by \ANGEL \version}
msdl: {\it calculated by \PHITS  3.35}
wt: s(0.7)
\vspace{-3}
  xmin  &=&   4.0000E-01 [cm]
  xmax  &=&   5.0000E-01 [cm]
  ymin  &=&  -1.2500E+00 [cm]
  ymax  &=&  -1.1500E+00 [cm]
e:

#------------------------------------------------------------------------------
 newpage:
#   no. =402   ix  = 13   iy  =  6
#   x = (   4.0000E-01  -   5.0000E-01  )
#   y = (  -1.1500E+00  -  -1.0500E+00  )

x: z[cm]
y: Dose [Gy/source]      
p: xlin ylog afac(0.8) form(0.9)
h: n            x            y(proton  ),hh0l n 
#  z-lower      z-upper        proton    r.err 
   9.8455E+01   9.8486E+01   3.6363E-01  0.0185
   9.8486E+01   9.8517E+01   3.6550E-01  0.0197
   9.8517E+01   9.8549E+01   3.5366E-01  0.0210
   9.8549E+01   9.8580E+01   3.4436E-01  0.0239

#   sum over    1.2500E-03   3.5679E-01  0.0180

'no. =402,  ix = 13,  iy =  6'
msuc: {\huge Histograma dosis-volumen del pouch}
msdr: {\it plotted by \ANGEL \version}
msdl: {\it calculated by \PHITS  3.35}
wt: s(0.7)
\vspace{-3}
  xmin  &=&   4.0000E-01 [cm]
  xmax  &=&   5.0000E-01 [cm]
  ymin  &=&  -1.1500E+00 [cm]
  ymax  &=&  -1.0500E+00 [cm]
e:

#------------------------------------------------------------------------------
 newpage:
#   no. =403   ix  = 13   iy  =  7
#   x = (   4.0000E-01  -   5.0000E-01  )
#   y = (  -1.0500E+00  -  -9.5000E-01  )

x: z[cm]
y: Dose [Gy/source]      
p: xlin ylog afac(0.8) form(0.9)
h: n            x            y(proton  ),hh0l n 
#  z-lower      z-upper        proton    r.err 
   9.8455E+01   9.8486E+01   3.5463E-01  0.0188
   9.8486E+01   9.8517E+01   3.5878E-01  0.0198
   9.8517E+01   9.8549E+01   3.4073E-01  0.0213
   9.8549E+01   9.8580E+01   3.4818E-01  0.0237

#   sum over    1.2500E-03   3.5058E-01  0.0182

'no. =403,  ix = 13,  iy =  7'
msuc: {\huge Histograma dosis-volumen del pouch}
msdr: {\it plotted by \ANGEL \version}
msdl: {\it calculated by \PHITS  3.35}
wt: s(0.7)
\vspace{-3}
  xmin  &=&   4.0000E-01 [cm]
  xmax  &=&   5.0000E-01 [cm]
  ymin  &=&  -1.0500E+00 [cm]
  ymax  &=&  -9.5000E-01 [cm]
e:

#------------------------------------------------------------------------------
 newpage:
#   no. =404   ix  = 13   iy  =  8
#   x = (   4.0000E-01  -   5.0000E-01  )
#   y = (  -9.5000E-01  -  -8.5000E-01  )

x: z[cm]
y: Dose [Gy/source]      
p: xlin ylog afac(0.8) form(0.9)
h: n            x            y(proton  ),hh0l n 
#  z-lower      z-upper        proton    r.err 
   9.8455E+01   9.8486E+01   3.6259E-01  0.0186
   9.8486E+01   9.8517E+01   3.6560E-01  0.0197
   9.8517E+01   9.8549E+01   3.5337E-01  0.0211
   9.8549E+01   9.8580E+01   3.4633E-01  0.0238

#   sum over    1.2500E-03   3.5697E-01  0.0180

'no. =404,  ix = 13,  iy =  8'
msuc: {\huge Histograma dosis-volumen del pouch}
msdr: {\it plotted by \ANGEL \version}
msdl: {\it calculated by \PHITS  3.35}
wt: s(0.7)
\vspace{-3}
  xmin  &=&   4.0000E-01 [cm]
  xmax  &=&   5.0000E-01 [cm]
  ymin  &=&  -9.5000E-01 [cm]
  ymax  &=&  -8.5000E-01 [cm]
e:

#------------------------------------------------------------------------------
 newpage:
#   no. =405   ix  = 13   iy  =  9
#   x = (   4.0000E-01  -   5.0000E-01  )
#   y = (  -8.5000E-01  -  -7.5000E-01  )

x: z[cm]
y: Dose [Gy/source]      
p: xlin ylog afac(0.8) form(0.9)
h: n            x            y(proton  ),hh0l n 
#  z-lower      z-upper        proton    r.err 
   9.8455E+01   9.8486E+01   3.5378E-01  0.0190
   9.8486E+01   9.8517E+01   3.5043E-01  0.0201
   9.8517E+01   9.8549E+01   3.3599E-01  0.0216
   9.8549E+01   9.8580E+01   3.2718E-01  0.0244

#   sum over    1.2500E-03   3.4185E-01  0.0184

'no. =405,  ix = 13,  iy =  9'
msuc: {\huge Histograma dosis-volumen del pouch}
msdr: {\it plotted by \ANGEL \version}
msdl: {\it calculated by \PHITS  3.35}
wt: s(0.7)
\vspace{-3}
  xmin  &=&   4.0000E-01 [cm]
  xmax  &=&   5.0000E-01 [cm]
  ymin  &=&  -8.5000E-01 [cm]
  ymax  &=&  -7.5000E-01 [cm]
e:

#------------------------------------------------------------------------------
 newpage:
#   no. =406   ix  = 13   iy  = 10
#   x = (   4.0000E-01  -   5.0000E-01  )
#   y = (  -7.5000E-01  -  -6.5000E-01  )

x: z[cm]
y: Dose [Gy/source]      
p: xlin ylog afac(0.8) form(0.9)
h: n            x            y(proton  ),hh0l n 
#  z-lower      z-upper        proton    r.err 
   9.8455E+01   9.8486E+01   3.7295E-01  0.0183
   9.8486E+01   9.8517E+01   3.8288E-01  0.0193
   9.8517E+01   9.8549E+01   3.6166E-01  0.0208
   9.8549E+01   9.8580E+01   3.5074E-01  0.0236

#   sum over    1.2500E-03   3.6705E-01  0.0177

'no. =406,  ix = 13,  iy = 10'
msuc: {\huge Histograma dosis-volumen del pouch}
msdr: {\it plotted by \ANGEL \version}
msdl: {\it calculated by \PHITS  3.35}
wt: s(0.7)
\vspace{-3}
  xmin  &=&   4.0000E-01 [cm]
  xmax  &=&   5.0000E-01 [cm]
  ymin  &=&  -7.5000E-01 [cm]
  ymax  &=&  -6.5000E-01 [cm]
e:

#------------------------------------------------------------------------------
 newpage:
#   no. =407   ix  = 13   iy  = 11
#   x = (   4.0000E-01  -   5.0000E-01  )
#   y = (  -6.5000E-01  -  -5.5000E-01  )

x: z[cm]
y: Dose [Gy/source]      
p: xlin ylog afac(0.8) form(0.9)
h: n            x            y(proton  ),hh0l n 
#  z-lower      z-upper        proton    r.err 
   9.8455E+01   9.8486E+01   3.6250E-01  0.0186
   9.8486E+01   9.8517E+01   3.6560E-01  0.0197
   9.8517E+01   9.8549E+01   3.5570E-01  0.0211
   9.8549E+01   9.8580E+01   3.3968E-01  0.0239

#   sum over    1.2500E-03   3.5587E-01  0.0180

'no. =407,  ix = 13,  iy = 11'
msuc: {\huge Histograma dosis-volumen del pouch}
msdr: {\it plotted by \ANGEL \version}
msdl: {\it calculated by \PHITS  3.35}
wt: s(0.7)
\vspace{-3}
  xmin  &=&   4.0000E-01 [cm]
  xmax  &=&   5.0000E-01 [cm]
  ymin  &=&  -6.5000E-01 [cm]
  ymax  &=&  -5.5000E-01 [cm]
e:

#------------------------------------------------------------------------------
 newpage:
#   no. =408   ix  = 13   iy  = 12
#   x = (   4.0000E-01  -   5.0000E-01  )
#   y = (  -5.5000E-01  -  -4.5000E-01  )

x: z[cm]
y: Dose [Gy/source]      
p: xlin ylog afac(0.8) form(0.9)
h: n            x            y(proton  ),hh0l n 
#  z-lower      z-upper        proton    r.err 
   9.8455E+01   9.8486E+01   3.6076E-01  0.0188
   9.8486E+01   9.8517E+01   3.5453E-01  0.0200
   9.8517E+01   9.8549E+01   3.3436E-01  0.0216
   9.8549E+01   9.8580E+01   3.3271E-01  0.0242

#   sum over    1.2500E-03   3.4559E-01  0.0182

'no. =408,  ix = 13,  iy = 12'
msuc: {\huge Histograma dosis-volumen del pouch}
msdr: {\it plotted by \ANGEL \version}
msdl: {\it calculated by \PHITS  3.35}
wt: s(0.7)
\vspace{-3}
  xmin  &=&   4.0000E-01 [cm]
  xmax  &=&   5.0000E-01 [cm]
  ymin  &=&  -5.5000E-01 [cm]
  ymax  &=&  -4.5000E-01 [cm]
e:

#------------------------------------------------------------------------------
 newpage:
#   no. =409   ix  = 13   iy  = 13
#   x = (   4.0000E-01  -   5.0000E-01  )
#   y = (  -4.5000E-01  -  -3.5000E-01  )

x: z[cm]
y: Dose [Gy/source]      
p: xlin ylog afac(0.8) form(0.9)
h: n            x            y(proton  ),hh0l n 
#  z-lower      z-upper        proton    r.err 
   9.8455E+01   9.8486E+01   3.4982E-01  0.0190
   9.8486E+01   9.8517E+01   3.4916E-01  0.0201
   9.8517E+01   9.8549E+01   3.3691E-01  0.0215
   9.8549E+01   9.8580E+01   3.3079E-01  0.0242

#   sum over    1.2500E-03   3.4167E-01  0.0184

'no. =409,  ix = 13,  iy = 13'
msuc: {\huge Histograma dosis-volumen del pouch}
msdr: {\it plotted by \ANGEL \version}
msdl: {\it calculated by \PHITS  3.35}
wt: s(0.7)
\vspace{-3}
  xmin  &=&   4.0000E-01 [cm]
  xmax  &=&   5.0000E-01 [cm]
  ymin  &=&  -4.5000E-01 [cm]
  ymax  &=&  -3.5000E-01 [cm]
e:

#------------------------------------------------------------------------------
 newpage:
#   no. =410   ix  = 13   iy  = 14
#   x = (   4.0000E-01  -   5.0000E-01  )
#   y = (  -3.5000E-01  -  -2.5000E-01  )

x: z[cm]
y: Dose [Gy/source]      
p: xlin ylog afac(0.8) form(0.9)
h: n            x            y(proton  ),hh0l n 
#  z-lower      z-upper        proton    r.err 
   9.8455E+01   9.8486E+01   3.5904E-01  0.0187
   9.8486E+01   9.8517E+01   3.6146E-01  0.0199
   9.8517E+01   9.8549E+01   3.4540E-01  0.0215
   9.8549E+01   9.8580E+01   3.2181E-01  0.0245

#   sum over    1.2500E-03   3.4694E-01  0.0182

'no. =410,  ix = 13,  iy = 14'
msuc: {\huge Histograma dosis-volumen del pouch}
msdr: {\it plotted by \ANGEL \version}
msdl: {\it calculated by \PHITS  3.35}
wt: s(0.7)
\vspace{-3}
  xmin  &=&   4.0000E-01 [cm]
  xmax  &=&   5.0000E-01 [cm]
  ymin  &=&  -3.5000E-01 [cm]
  ymax  &=&  -2.5000E-01 [cm]
e:

#------------------------------------------------------------------------------
 newpage:
#   no. =411   ix  = 13   iy  = 15
#   x = (   4.0000E-01  -   5.0000E-01  )
#   y = (  -2.5000E-01  -  -1.5000E-01  )

x: z[cm]
y: Dose [Gy/source]      
p: xlin ylog afac(0.8) form(0.9)
h: n            x            y(proton  ),hh0l n 
#  z-lower      z-upper        proton    r.err 
   9.8455E+01   9.8486E+01   3.5741E-01  0.0187
   9.8486E+01   9.8517E+01   3.5807E-01  0.0198
   9.8517E+01   9.8549E+01   3.4778E-01  0.0213
   9.8549E+01   9.8580E+01   3.3050E-01  0.0242

#   sum over    1.2500E-03   3.4844E-01  0.0181

'no. =411,  ix = 13,  iy = 15'
msuc: {\huge Histograma dosis-volumen del pouch}
msdr: {\it plotted by \ANGEL \version}
msdl: {\it calculated by \PHITS  3.35}
wt: s(0.7)
\vspace{-3}
  xmin  &=&   4.0000E-01 [cm]
  xmax  &=&   5.0000E-01 [cm]
  ymin  &=&  -2.5000E-01 [cm]
  ymax  &=&  -1.5000E-01 [cm]
e:

#------------------------------------------------------------------------------
 newpage:
#   no. =412   ix  = 13   iy  = 16
#   x = (   4.0000E-01  -   5.0000E-01  )
#   y = (  -1.5000E-01  -  -5.0000E-02  )

x: z[cm]
y: Dose [Gy/source]      
p: xlin ylog afac(0.8) form(0.9)
h: n            x            y(proton  ),hh0l n 
#  z-lower      z-upper        proton    r.err 
   9.8455E+01   9.8486E+01   3.5562E-01  0.0189
   9.8486E+01   9.8517E+01   3.5403E-01  0.0200
   9.8517E+01   9.8549E+01   3.3516E-01  0.0217
   9.8549E+01   9.8580E+01   3.2435E-01  0.0244

#   sum over    1.2500E-03   3.4228E-01  0.0183

'no. =412,  ix = 13,  iy = 16'
msuc: {\huge Histograma dosis-volumen del pouch}
msdr: {\it plotted by \ANGEL \version}
msdl: {\it calculated by \PHITS  3.35}
wt: s(0.7)
\vspace{-3}
  xmin  &=&   4.0000E-01 [cm]
  xmax  &=&   5.0000E-01 [cm]
  ymin  &=&  -1.5000E-01 [cm]
  ymax  &=&  -5.0000E-02 [cm]
e:

#------------------------------------------------------------------------------
 newpage:
#   no. =413   ix  = 13   iy  = 17
#   x = (   4.0000E-01  -   5.0000E-01  )
#   y = (  -5.0000E-02  -   5.0000E-02  )

x: z[cm]
y: Dose [Gy/source]      
p: xlin ylog afac(0.8) form(0.9)
h: n            x            y(proton  ),hh0l n 
#  z-lower      z-upper        proton    r.err 
   9.8455E+01   9.8486E+01   3.5296E-01  0.0188
   9.8486E+01   9.8517E+01   3.6005E-01  0.0198
   9.8517E+01   9.8549E+01   3.4800E-01  0.0213
   9.8549E+01   9.8580E+01   3.2883E-01  0.0243

#   sum over    1.2500E-03   3.4746E-01  0.0182

'no. =413,  ix = 13,  iy = 17'
msuc: {\huge Histograma dosis-volumen del pouch}
msdr: {\it plotted by \ANGEL \version}
msdl: {\it calculated by \PHITS  3.35}
wt: s(0.7)
\vspace{-3}
  xmin  &=&   4.0000E-01 [cm]
  xmax  &=&   5.0000E-01 [cm]
  ymin  &=&  -5.0000E-02 [cm]
  ymax  &=&   5.0000E-02 [cm]
e:

#------------------------------------------------------------------------------
 newpage:
#   no. =414   ix  = 13   iy  = 18
#   x = (   4.0000E-01  -   5.0000E-01  )
#   y = (   5.0000E-02  -   1.5000E-01  )

x: z[cm]
y: Dose [Gy/source]      
p: xlin ylog afac(0.8) form(0.9)
h: n            x            y(proton  ),hh0l n 
#  z-lower      z-upper        proton    r.err 
   9.8455E+01   9.8486E+01   3.5705E-01  0.0188
   9.8486E+01   9.8517E+01   3.5495E-01  0.0198
   9.8517E+01   9.8549E+01   3.4717E-01  0.0214
   9.8549E+01   9.8580E+01   3.2997E-01  0.0242

#   sum over    1.2500E-03   3.4729E-01  0.0182

'no. =414,  ix = 13,  iy = 18'
msuc: {\huge Histograma dosis-volumen del pouch}
msdr: {\it plotted by \ANGEL \version}
msdl: {\it calculated by \PHITS  3.35}
wt: s(0.7)
\vspace{-3}
  xmin  &=&   4.0000E-01 [cm]
  xmax  &=&   5.0000E-01 [cm]
  ymin  &=&   5.0000E-02 [cm]
  ymax  &=&   1.5000E-01 [cm]
e:

#------------------------------------------------------------------------------
 newpage:
#   no. =415   ix  = 13   iy  = 19
#   x = (   4.0000E-01  -   5.0000E-01  )
#   y = (   1.5000E-01  -   2.5000E-01  )

x: z[cm]
y: Dose [Gy/source]      
p: xlin ylog afac(0.8) form(0.9)
h: n            x            y(proton  ),hh0l n 
#  z-lower      z-upper        proton    r.err 
   9.8455E+01   9.8486E+01   3.6453E-01  0.0186
   9.8486E+01   9.8517E+01   3.6683E-01  0.0196
   9.8517E+01   9.8549E+01   3.4758E-01  0.0211
   9.8549E+01   9.8580E+01   3.4535E-01  0.0238

#   sum over    1.2500E-03   3.5607E-01  0.0180

'no. =415,  ix = 13,  iy = 19'
msuc: {\huge Histograma dosis-volumen del pouch}
msdr: {\it plotted by \ANGEL \version}
msdl: {\it calculated by \PHITS  3.35}
wt: s(0.7)
\vspace{-3}
  xmin  &=&   4.0000E-01 [cm]
  xmax  &=&   5.0000E-01 [cm]
  ymin  &=&   1.5000E-01 [cm]
  ymax  &=&   2.5000E-01 [cm]
e:

#------------------------------------------------------------------------------
 newpage:
#   no. =416   ix  = 13   iy  = 20
#   x = (   4.0000E-01  -   5.0000E-01  )
#   y = (   2.5000E-01  -   3.5000E-01  )

x: z[cm]
y: Dose [Gy/source]      
p: xlin ylog afac(0.8) form(0.9)
h: n            x            y(proton  ),hh0l n 
#  z-lower      z-upper        proton    r.err 
   9.8455E+01   9.8486E+01   3.6973E-01  0.0184
   9.8486E+01   9.8517E+01   3.6617E-01  0.0195
   9.8517E+01   9.8549E+01   3.6032E-01  0.0209
   9.8549E+01   9.8580E+01   3.4422E-01  0.0237

#   sum over    1.2500E-03   3.6010E-01  0.0179

'no. =416,  ix = 13,  iy = 20'
msuc: {\huge Histograma dosis-volumen del pouch}
msdr: {\it plotted by \ANGEL \version}
msdl: {\it calculated by \PHITS  3.35}
wt: s(0.7)
\vspace{-3}
  xmin  &=&   4.0000E-01 [cm]
  xmax  &=&   5.0000E-01 [cm]
  ymin  &=&   2.5000E-01 [cm]
  ymax  &=&   3.5000E-01 [cm]
e:

#------------------------------------------------------------------------------
 newpage:
#   no. =417   ix  = 13   iy  = 21
#   x = (   4.0000E-01  -   5.0000E-01  )
#   y = (   3.5000E-01  -   4.5000E-01  )

x: z[cm]
y: Dose [Gy/source]      
p: xlin ylog afac(0.8) form(0.9)
h: n            x            y(proton  ),hh0l n 
#  z-lower      z-upper        proton    r.err 
   9.8455E+01   9.8486E+01   3.6524E-01  0.0184
   9.8486E+01   9.8517E+01   3.7599E-01  0.0195
   9.8517E+01   9.8549E+01   3.6061E-01  0.0208
   9.8549E+01   9.8580E+01   3.5134E-01  0.0236

#   sum over    1.2500E-03   3.6330E-01  0.0179

'no. =417,  ix = 13,  iy = 21'
msuc: {\huge Histograma dosis-volumen del pouch}
msdr: {\it plotted by \ANGEL \version}
msdl: {\it calculated by \PHITS  3.35}
wt: s(0.7)
\vspace{-3}
  xmin  &=&   4.0000E-01 [cm]
  xmax  &=&   5.0000E-01 [cm]
  ymin  &=&   3.5000E-01 [cm]
  ymax  &=&   4.5000E-01 [cm]
e:

#------------------------------------------------------------------------------
 newpage:
#   no. =418   ix  = 13   iy  = 22
#   x = (   4.0000E-01  -   5.0000E-01  )
#   y = (   4.5000E-01  -   5.5000E-01  )

x: z[cm]
y: Dose [Gy/source]      
p: xlin ylog afac(0.8) form(0.9)
h: n            x            y(proton  ),hh0l n 
#  z-lower      z-upper        proton    r.err 
   9.8455E+01   9.8486E+01   3.5480E-01  0.0188
   9.8486E+01   9.8517E+01   3.5588E-01  0.0199
   9.8517E+01   9.8549E+01   3.4323E-01  0.0214
   9.8549E+01   9.8580E+01   3.2709E-01  0.0243

#   sum over    1.2500E-03   3.4525E-01  0.0183

'no. =418,  ix = 13,  iy = 22'
msuc: {\huge Histograma dosis-volumen del pouch}
msdr: {\it plotted by \ANGEL \version}
msdl: {\it calculated by \PHITS  3.35}
wt: s(0.7)
\vspace{-3}
  xmin  &=&   4.0000E-01 [cm]
  xmax  &=&   5.0000E-01 [cm]
  ymin  &=&   4.5000E-01 [cm]
  ymax  &=&   5.5000E-01 [cm]
e:

#------------------------------------------------------------------------------
 newpage:
#   no. =419   ix  = 13   iy  = 23
#   x = (   4.0000E-01  -   5.0000E-01  )
#   y = (   5.5000E-01  -   6.5000E-01  )

x: z[cm]
y: Dose [Gy/source]      
p: xlin ylog afac(0.8) form(0.9)
h: n            x            y(proton  ),hh0l n 
#  z-lower      z-upper        proton    r.err 
   9.8455E+01   9.8486E+01   3.7079E-01  0.0183
   9.8486E+01   9.8517E+01   3.7664E-01  0.0195
   9.8517E+01   9.8549E+01   3.6166E-01  0.0209
   9.8549E+01   9.8580E+01   3.4514E-01  0.0236

#   sum over    1.2500E-03   3.6356E-01  0.0178

'no. =419,  ix = 13,  iy = 23'
msuc: {\huge Histograma dosis-volumen del pouch}
msdr: {\it plotted by \ANGEL \version}
msdl: {\it calculated by \PHITS  3.35}
wt: s(0.7)
\vspace{-3}
  xmin  &=&   4.0000E-01 [cm]
  xmax  &=&   5.0000E-01 [cm]
  ymin  &=&   5.5000E-01 [cm]
  ymax  &=&   6.5000E-01 [cm]
e:

#------------------------------------------------------------------------------
 newpage:
#   no. =420   ix  = 13   iy  = 24
#   x = (   4.0000E-01  -   5.0000E-01  )
#   y = (   6.5000E-01  -   7.5000E-01  )

x: z[cm]
y: Dose [Gy/source]      
p: xlin ylog afac(0.8) form(0.9)
h: n            x            y(proton  ),hh0l n 
#  z-lower      z-upper        proton    r.err 
   9.8455E+01   9.8486E+01   3.6493E-01  0.0185
   9.8486E+01   9.8517E+01   3.6667E-01  0.0197
   9.8517E+01   9.8549E+01   3.4729E-01  0.0212
   9.8549E+01   9.8580E+01   3.3369E-01  0.0241

#   sum over    1.2500E-03   3.5315E-01  0.0180

'no. =420,  ix = 13,  iy = 24'
msuc: {\huge Histograma dosis-volumen del pouch}
msdr: {\it plotted by \ANGEL \version}
msdl: {\it calculated by \PHITS  3.35}
wt: s(0.7)
\vspace{-3}
  xmin  &=&   4.0000E-01 [cm]
  xmax  &=&   5.0000E-01 [cm]
  ymin  &=&   6.5000E-01 [cm]
  ymax  &=&   7.5000E-01 [cm]
e:

#------------------------------------------------------------------------------
 newpage:
#   no. =421   ix  = 13   iy  = 25
#   x = (   4.0000E-01  -   5.0000E-01  )
#   y = (   7.5000E-01  -   8.5000E-01  )

x: z[cm]
y: Dose [Gy/source]      
p: xlin ylog afac(0.8) form(0.9)
h: n            x            y(proton  ),hh0l n 
#  z-lower      z-upper        proton    r.err 
   9.8455E+01   9.8486E+01   3.6082E-01  0.0186
   9.8486E+01   9.8517E+01   3.6039E-01  0.0198
   9.8517E+01   9.8549E+01   3.4132E-01  0.0214
   9.8549E+01   9.8580E+01   3.3245E-01  0.0241

#   sum over    1.2500E-03   3.4874E-01  0.0181

'no. =421,  ix = 13,  iy = 25'
msuc: {\huge Histograma dosis-volumen del pouch}
msdr: {\it plotted by \ANGEL \version}
msdl: {\it calculated by \PHITS  3.35}
wt: s(0.7)
\vspace{-3}
  xmin  &=&   4.0000E-01 [cm]
  xmax  &=&   5.0000E-01 [cm]
  ymin  &=&   7.5000E-01 [cm]
  ymax  &=&   8.5000E-01 [cm]
e:

#------------------------------------------------------------------------------
 newpage:
#   no. =422   ix  = 13   iy  = 26
#   x = (   4.0000E-01  -   5.0000E-01  )
#   y = (   8.5000E-01  -   9.5000E-01  )

x: z[cm]
y: Dose [Gy/source]      
p: xlin ylog afac(0.8) form(0.9)
h: n            x            y(proton  ),hh0l n 
#  z-lower      z-upper        proton    r.err 
   9.8455E+01   9.8486E+01   3.6125E-01  0.0187
   9.8486E+01   9.8517E+01   3.6126E-01  0.0199
   9.8517E+01   9.8549E+01   3.3918E-01  0.0215
   9.8549E+01   9.8580E+01   3.3267E-01  0.0242

#   sum over    1.2500E-03   3.4859E-01  0.0181

'no. =422,  ix = 13,  iy = 26'
msuc: {\huge Histograma dosis-volumen del pouch}
msdr: {\it plotted by \ANGEL \version}
msdl: {\it calculated by \PHITS  3.35}
wt: s(0.7)
\vspace{-3}
  xmin  &=&   4.0000E-01 [cm]
  xmax  &=&   5.0000E-01 [cm]
  ymin  &=&   8.5000E-01 [cm]
  ymax  &=&   9.5000E-01 [cm]
e:

#------------------------------------------------------------------------------
 newpage:
#   no. =423   ix  = 13   iy  = 27
#   x = (   4.0000E-01  -   5.0000E-01  )
#   y = (   9.5000E-01  -   1.0500E+00  )

x: z[cm]
y: Dose [Gy/source]      
p: xlin ylog afac(0.8) form(0.9)
h: n            x            y(proton  ),hh0l n 
#  z-lower      z-upper        proton    r.err 
   9.8455E+01   9.8486E+01   3.7246E-01  0.0184
   9.8486E+01   9.8517E+01   3.7273E-01  0.0193
   9.8517E+01   9.8549E+01   3.6379E-01  0.0208
   9.8549E+01   9.8580E+01   3.4747E-01  0.0236

#   sum over    1.2500E-03   3.6411E-01  0.0178

'no. =423,  ix = 13,  iy = 27'
msuc: {\huge Histograma dosis-volumen del pouch}
msdr: {\it plotted by \ANGEL \version}
msdl: {\it calculated by \PHITS  3.35}
wt: s(0.7)
\vspace{-3}
  xmin  &=&   4.0000E-01 [cm]
  xmax  &=&   5.0000E-01 [cm]
  ymin  &=&   9.5000E-01 [cm]
  ymax  &=&   1.0500E+00 [cm]
e:

#------------------------------------------------------------------------------
 newpage:
#   no. =424   ix  = 13   iy  = 28
#   x = (   4.0000E-01  -   5.0000E-01  )
#   y = (   1.0500E+00  -   1.1500E+00  )

x: z[cm]
y: Dose [Gy/source]      
p: xlin ylog afac(0.8) form(0.9)
h: n            x            y(proton  ),hh0l n 
#  z-lower      z-upper        proton    r.err 
   9.8455E+01   9.8486E+01   3.7409E-01  0.0183
   9.8486E+01   9.8517E+01   3.7075E-01  0.0195
   9.8517E+01   9.8549E+01   3.5665E-01  0.0210
   9.8549E+01   9.8580E+01   3.4750E-01  0.0236

#   sum over    1.2500E-03   3.6225E-01  0.0178

'no. =424,  ix = 13,  iy = 28'
msuc: {\huge Histograma dosis-volumen del pouch}
msdr: {\it plotted by \ANGEL \version}
msdl: {\it calculated by \PHITS  3.35}
wt: s(0.7)
\vspace{-3}
  xmin  &=&   4.0000E-01 [cm]
  xmax  &=&   5.0000E-01 [cm]
  ymin  &=&   1.0500E+00 [cm]
  ymax  &=&   1.1500E+00 [cm]
e:

#------------------------------------------------------------------------------
 newpage:
#   no. =425   ix  = 13   iy  = 29
#   x = (   4.0000E-01  -   5.0000E-01  )
#   y = (   1.1500E+00  -   1.2500E+00  )

x: z[cm]
y: Dose [Gy/source]      
p: xlin ylog afac(0.8) form(0.9)
h: n            x            y(proton  ),hh0l n 
#  z-lower      z-upper        proton    r.err 
   9.8455E+01   9.8486E+01   3.7643E-01  0.0184
   9.8486E+01   9.8517E+01   3.7305E-01  0.0194
   9.8517E+01   9.8549E+01   3.5962E-01  0.0209
   9.8549E+01   9.8580E+01   3.5604E-01  0.0233

#   sum over    1.2500E-03   3.6628E-01  0.0178

'no. =425,  ix = 13,  iy = 29'
msuc: {\huge Histograma dosis-volumen del pouch}
msdr: {\it plotted by \ANGEL \version}
msdl: {\it calculated by \PHITS  3.35}
wt: s(0.7)
\vspace{-3}
  xmin  &=&   4.0000E-01 [cm]
  xmax  &=&   5.0000E-01 [cm]
  ymin  &=&   1.1500E+00 [cm]
  ymax  &=&   1.2500E+00 [cm]
e:

#------------------------------------------------------------------------------
 newpage:
#   no. =426   ix  = 13   iy  = 30
#   x = (   4.0000E-01  -   5.0000E-01  )
#   y = (   1.2500E+00  -   1.3500E+00  )

x: z[cm]
y: Dose [Gy/source]      
p: xlin ylog afac(0.8) form(0.9)
h: n            x            y(proton  ),hh0l n 
#  z-lower      z-upper        proton    r.err 
   9.8455E+01   9.8486E+01   3.6727E-01  0.0185
   9.8486E+01   9.8517E+01   3.6710E-01  0.0195
   9.8517E+01   9.8549E+01   3.5787E-01  0.0209
   9.8549E+01   9.8580E+01   3.5472E-01  0.0235

#   sum over    1.2500E-03   3.6174E-01  0.0179

'no. =426,  ix = 13,  iy = 30'
msuc: {\huge Histograma dosis-volumen del pouch}
msdr: {\it plotted by \ANGEL \version}
msdl: {\it calculated by \PHITS  3.35}
wt: s(0.7)
\vspace{-3}
  xmin  &=&   4.0000E-01 [cm]
  xmax  &=&   5.0000E-01 [cm]
  ymin  &=&   1.2500E+00 [cm]
  ymax  &=&   1.3500E+00 [cm]
e:

#------------------------------------------------------------------------------
 newpage:
#   no. =427   ix  = 13   iy  = 31
#   x = (   4.0000E-01  -   5.0000E-01  )
#   y = (   1.3500E+00  -   1.4500E+00  )

x: z[cm]
y: Dose [Gy/source]      
p: xlin ylog afac(0.8) form(0.9)
h: n            x            y(proton  ),hh0l n 
#  z-lower      z-upper        proton    r.err 
   9.8455E+01   9.8486E+01   3.7458E-01  0.0184
   9.8486E+01   9.8517E+01   3.7432E-01  0.0193
   9.8517E+01   9.8549E+01   3.6205E-01  0.0209
   9.8549E+01   9.8580E+01   3.4856E-01  0.0237

#   sum over    1.2500E-03   3.6488E-01  0.0179

'no. =427,  ix = 13,  iy = 31'
msuc: {\huge Histograma dosis-volumen del pouch}
msdr: {\it plotted by \ANGEL \version}
msdl: {\it calculated by \PHITS  3.35}
wt: s(0.7)
\vspace{-3}
  xmin  &=&   4.0000E-01 [cm]
  xmax  &=&   5.0000E-01 [cm]
  ymin  &=&   1.3500E+00 [cm]
  ymax  &=&   1.4500E+00 [cm]
e:

#------------------------------------------------------------------------------
 newpage:
#   no. =428   ix  = 13   iy  = 32
#   x = (   4.0000E-01  -   5.0000E-01  )
#   y = (   1.4500E+00  -   1.5500E+00  )

x: z[cm]
y: Dose [Gy/source]      
p: xlin ylog afac(0.8) form(0.9)
h: n            x            y(proton  ),hh0l n 
#  z-lower      z-upper        proton    r.err 
   9.8455E+01   9.8486E+01   3.6484E-01  0.0185
   9.8486E+01   9.8517E+01   3.7258E-01  0.0195
   9.8517E+01   9.8549E+01   3.5642E-01  0.0209
   9.8549E+01   9.8580E+01   3.5588E-01  0.0237

#   sum over    1.2500E-03   3.6243E-01  0.0180

'no. =428,  ix = 13,  iy = 32'
msuc: {\huge Histograma dosis-volumen del pouch}
msdr: {\it plotted by \ANGEL \version}
msdl: {\it calculated by \PHITS  3.35}
wt: s(0.7)
\vspace{-3}
  xmin  &=&   4.0000E-01 [cm]
  xmax  &=&   5.0000E-01 [cm]
  ymin  &=&   1.4500E+00 [cm]
  ymax  &=&   1.5500E+00 [cm]
e:

#------------------------------------------------------------------------------
 newpage:
#   no. =429   ix  = 13   iy  = 33
#   x = (   4.0000E-01  -   5.0000E-01  )
#   y = (   1.5500E+00  -   1.6500E+00  )

x: z[cm]
y: Dose [Gy/source]      
p: xlin ylog afac(0.8) form(0.9)
h: n            x            y(proton  ),hh0l n 
#  z-lower      z-upper        proton    r.err 
   9.8455E+01   9.8486E+01   3.7076E-01  0.0183
   9.8486E+01   9.8517E+01   3.8046E-01  0.0193
   9.8517E+01   9.8549E+01   3.7324E-01  0.0206
   9.8549E+01   9.8580E+01   3.6622E-01  0.0232

#   sum over    1.2500E-03   3.7267E-01  0.0177

'no. =429,  ix = 13,  iy = 33'
msuc: {\huge Histograma dosis-volumen del pouch}
msdr: {\it plotted by \ANGEL \version}
msdl: {\it calculated by \PHITS  3.35}
wt: s(0.7)
\vspace{-3}
  xmin  &=&   4.0000E-01 [cm]
  xmax  &=&   5.0000E-01 [cm]
  ymin  &=&   1.5500E+00 [cm]
  ymax  &=&   1.6500E+00 [cm]
e:

#------------------------------------------------------------------------------
 newpage:
#   no. =430   ix  = 14   iy  =  1
#   x = (   5.0000E-01  -   6.0000E-01  )
#   y = (  -1.6500E+00  -  -1.5500E+00  )

x: z[cm]
y: Dose [Gy/source]      
p: xlin ylog afac(0.8) form(0.9)
h: n            x            y(proton  ),hh0l n 
#  z-lower      z-upper        proton    r.err 
   9.8455E+01   9.8486E+01   0.0000E+00  0.0000
   9.8486E+01   9.8517E+01   0.0000E+00  0.0000
   9.8517E+01   9.8549E+01   0.0000E+00  0.0000
   9.8549E+01   9.8580E+01   0.0000E+00  0.0000

#   sum over    1.2500E-03   0.0000E+00  0.0000

'no. =430,  ix = 14,  iy =  1'
msuc: {\huge Histograma dosis-volumen del pouch}
msdr: {\it plotted by \ANGEL \version}
msdl: {\it calculated by \PHITS  3.35}
wt: s(0.7)
\vspace{-3}
  xmin  &=&   5.0000E-01 [cm]
  xmax  &=&   6.0000E-01 [cm]
  ymin  &=&  -1.6500E+00 [cm]
  ymax  &=&  -1.5500E+00 [cm]
e:

#------------------------------------------------------------------------------
 newpage:
#   no. =431   ix  = 14   iy  =  2
#   x = (   5.0000E-01  -   6.0000E-01  )
#   y = (  -1.5500E+00  -  -1.4500E+00  )

x: z[cm]
y: Dose [Gy/source]      
p: xlin ylog afac(0.8) form(0.9)
h: n            x            y(proton  ),hh0l n 
#  z-lower      z-upper        proton    r.err 
   9.8455E+01   9.8486E+01   2.0532E-04  1.0000
   9.8486E+01   9.8517E+01   0.0000E+00  0.0000
   9.8517E+01   9.8549E+01   0.0000E+00  0.0000
   9.8549E+01   9.8580E+01   0.0000E+00  0.0000

#   sum over    1.2500E-03   5.1328E-05  1.0000

'no. =431,  ix = 14,  iy =  2'
msuc: {\huge Histograma dosis-volumen del pouch}
msdr: {\it plotted by \ANGEL \version}
msdl: {\it calculated by \PHITS  3.35}
wt: s(0.7)
\vspace{-3}
  xmin  &=&   5.0000E-01 [cm]
  xmax  &=&   6.0000E-01 [cm]
  ymin  &=&  -1.5500E+00 [cm]
  ymax  &=&  -1.4500E+00 [cm]
e:

#------------------------------------------------------------------------------
 newpage:
#   no. =432   ix  = 14   iy  =  3
#   x = (   5.0000E-01  -   6.0000E-01  )
#   y = (  -1.4500E+00  -  -1.3500E+00  )

x: z[cm]
y: Dose [Gy/source]      
p: xlin ylog afac(0.8) form(0.9)
h: n            x            y(proton  ),hh0l n 
#  z-lower      z-upper        proton    r.err 
   9.8455E+01   9.8486E+01   3.0548E-05  0.7230
   9.8486E+01   9.8517E+01   4.5885E-04  0.8783
   9.8517E+01   9.8549E+01   1.4487E-04  0.7713
   9.8549E+01   9.8580E+01   2.0358E-04  0.6195

#   sum over    1.2500E-03   2.0947E-04  0.5627

'no. =432,  ix = 14,  iy =  3'
msuc: {\huge Histograma dosis-volumen del pouch}
msdr: {\it plotted by \ANGEL \version}
msdl: {\it calculated by \PHITS  3.35}
wt: s(0.7)
\vspace{-3}
  xmin  &=&   5.0000E-01 [cm]
  xmax  &=&   6.0000E-01 [cm]
  ymin  &=&  -1.4500E+00 [cm]
  ymax  &=&  -1.3500E+00 [cm]
e:

#------------------------------------------------------------------------------
 newpage:
#   no. =433   ix  = 14   iy  =  4
#   x = (   5.0000E-01  -   6.0000E-01  )
#   y = (  -1.3500E+00  -  -1.2500E+00  )

x: z[cm]
y: Dose [Gy/source]      
p: xlin ylog afac(0.8) form(0.9)
h: n            x            y(proton  ),hh0l n 
#  z-lower      z-upper        proton    r.err 
   9.8455E+01   9.8486E+01   2.6886E-01  0.0223
   9.8486E+01   9.8517E+01   2.6616E-01  0.0231
   9.8517E+01   9.8549E+01   2.5643E-01  0.0248
   9.8549E+01   9.8580E+01   2.5044E-01  0.0283

#   sum over    1.2500E-03   2.6047E-01  0.0213

'no. =433,  ix = 14,  iy =  4'
msuc: {\huge Histograma dosis-volumen del pouch}
msdr: {\it plotted by \ANGEL \version}
msdl: {\it calculated by \PHITS  3.35}
wt: s(0.7)
\vspace{-3}
  xmin  &=&   5.0000E-01 [cm]
  xmax  &=&   6.0000E-01 [cm]
  ymin  &=&  -1.3500E+00 [cm]
  ymax  &=&  -1.2500E+00 [cm]
e:

#------------------------------------------------------------------------------
 newpage:
#   no. =434   ix  = 14   iy  =  5
#   x = (   5.0000E-01  -   6.0000E-01  )
#   y = (  -1.2500E+00  -  -1.1500E+00  )

x: z[cm]
y: Dose [Gy/source]      
p: xlin ylog afac(0.8) form(0.9)
h: n            x            y(proton  ),hh0l n 
#  z-lower      z-upper        proton    r.err 
   9.8455E+01   9.8486E+01   3.5533E-01  0.0188
   9.8486E+01   9.8517E+01   3.5546E-01  0.0199
   9.8517E+01   9.8549E+01   3.4772E-01  0.0213
   9.8549E+01   9.8580E+01   3.3719E-01  0.0242

#   sum over    1.2500E-03   3.4893E-01  0.0182

'no. =434,  ix = 14,  iy =  5'
msuc: {\huge Histograma dosis-volumen del pouch}
msdr: {\it plotted by \ANGEL \version}
msdl: {\it calculated by \PHITS  3.35}
wt: s(0.7)
\vspace{-3}
  xmin  &=&   5.0000E-01 [cm]
  xmax  &=&   6.0000E-01 [cm]
  ymin  &=&  -1.2500E+00 [cm]
  ymax  &=&  -1.1500E+00 [cm]
e:

#------------------------------------------------------------------------------
 newpage:
#   no. =435   ix  = 14   iy  =  6
#   x = (   5.0000E-01  -   6.0000E-01  )
#   y = (  -1.1500E+00  -  -1.0500E+00  )

x: z[cm]
y: Dose [Gy/source]      
p: xlin ylog afac(0.8) form(0.9)
h: n            x            y(proton  ),hh0l n 
#  z-lower      z-upper        proton    r.err 
   9.8455E+01   9.8486E+01   3.6484E-01  0.0185
   9.8486E+01   9.8517E+01   3.6656E-01  0.0196
   9.8517E+01   9.8549E+01   3.5768E-01  0.0209
   9.8549E+01   9.8580E+01   3.4415E-01  0.0238

#   sum over    1.2500E-03   3.5830E-01  0.0180

'no. =435,  ix = 14,  iy =  6'
msuc: {\huge Histograma dosis-volumen del pouch}
msdr: {\it plotted by \ANGEL \version}
msdl: {\it calculated by \PHITS  3.35}
wt: s(0.7)
\vspace{-3}
  xmin  &=&   5.0000E-01 [cm]
  xmax  &=&   6.0000E-01 [cm]
  ymin  &=&  -1.1500E+00 [cm]
  ymax  &=&  -1.0500E+00 [cm]
e:

#------------------------------------------------------------------------------
 newpage:
#   no. =436   ix  = 14   iy  =  7
#   x = (   5.0000E-01  -   6.0000E-01  )
#   y = (  -1.0500E+00  -  -9.5000E-01  )

x: z[cm]
y: Dose [Gy/source]      
p: xlin ylog afac(0.8) form(0.9)
h: n            x            y(proton  ),hh0l n 
#  z-lower      z-upper        proton    r.err 
   9.8455E+01   9.8486E+01   3.6148E-01  0.0186
   9.8486E+01   9.8517E+01   3.6526E-01  0.0197
   9.8517E+01   9.8549E+01   3.4936E-01  0.0212
   9.8549E+01   9.8580E+01   3.3387E-01  0.0242

#   sum over    1.2500E-03   3.5249E-01  0.0180

'no. =436,  ix = 14,  iy =  7'
msuc: {\huge Histograma dosis-volumen del pouch}
msdr: {\it plotted by \ANGEL \version}
msdl: {\it calculated by \PHITS  3.35}
wt: s(0.7)
\vspace{-3}
  xmin  &=&   5.0000E-01 [cm]
  xmax  &=&   6.0000E-01 [cm]
  ymin  &=&  -1.0500E+00 [cm]
  ymax  &=&  -9.5000E-01 [cm]
e:

#------------------------------------------------------------------------------
 newpage:
#   no. =437   ix  = 14   iy  =  8
#   x = (   5.0000E-01  -   6.0000E-01  )
#   y = (  -9.5000E-01  -  -8.5000E-01  )

x: z[cm]
y: Dose [Gy/source]      
p: xlin ylog afac(0.8) form(0.9)
h: n            x            y(proton  ),hh0l n 
#  z-lower      z-upper        proton    r.err 
   9.8455E+01   9.8486E+01   3.6438E-01  0.0186
   9.8486E+01   9.8517E+01   3.6613E-01  0.0197
   9.8517E+01   9.8549E+01   3.5380E-01  0.0211
   9.8549E+01   9.8580E+01   3.4295E-01  0.0237

#   sum over    1.2500E-03   3.5682E-01  0.0180

'no. =437,  ix = 14,  iy =  8'
msuc: {\huge Histograma dosis-volumen del pouch}
msdr: {\it plotted by \ANGEL \version}
msdl: {\it calculated by \PHITS  3.35}
wt: s(0.7)
\vspace{-3}
  xmin  &=&   5.0000E-01 [cm]
  xmax  &=&   6.0000E-01 [cm]
  ymin  &=&  -9.5000E-01 [cm]
  ymax  &=&  -8.5000E-01 [cm]
e:

#------------------------------------------------------------------------------
 newpage:
#   no. =438   ix  = 14   iy  =  9
#   x = (   5.0000E-01  -   6.0000E-01  )
#   y = (  -8.5000E-01  -  -7.5000E-01  )

x: z[cm]
y: Dose [Gy/source]      
p: xlin ylog afac(0.8) form(0.9)
h: n            x            y(proton  ),hh0l n 
#  z-lower      z-upper        proton    r.err 
   9.8455E+01   9.8486E+01   3.5709E-01  0.0186
   9.8486E+01   9.8517E+01   3.5673E-01  0.0197
   9.8517E+01   9.8549E+01   3.5223E-01  0.0210
   9.8549E+01   9.8580E+01   3.4752E-01  0.0236

#   sum over    1.2500E-03   3.5340E-01  0.0182

'no. =438,  ix = 14,  iy =  9'
msuc: {\huge Histograma dosis-volumen del pouch}
msdr: {\it plotted by \ANGEL \version}
msdl: {\it calculated by \PHITS  3.35}
wt: s(0.7)
\vspace{-3}
  xmin  &=&   5.0000E-01 [cm]
  xmax  &=&   6.0000E-01 [cm]
  ymin  &=&  -8.5000E-01 [cm]
  ymax  &=&  -7.5000E-01 [cm]
e:

#------------------------------------------------------------------------------
 newpage:
#   no. =439   ix  = 14   iy  = 10
#   x = (   5.0000E-01  -   6.0000E-01  )
#   y = (  -7.5000E-01  -  -6.5000E-01  )

x: z[cm]
y: Dose [Gy/source]      
p: xlin ylog afac(0.8) form(0.9)
h: n            x            y(proton  ),hh0l n 
#  z-lower      z-upper        proton    r.err 
   9.8455E+01   9.8486E+01   3.7602E-01  0.0185
   9.8486E+01   9.8517E+01   3.7371E-01  0.0195
   9.8517E+01   9.8549E+01   3.6254E-01  0.0209
   9.8549E+01   9.8580E+01   3.4334E-01  0.0238

#   sum over    1.2500E-03   3.6390E-01  0.0178

'no. =439,  ix = 14,  iy = 10'
msuc: {\huge Histograma dosis-volumen del pouch}
msdr: {\it plotted by \ANGEL \version}
msdl: {\it calculated by \PHITS  3.35}
wt: s(0.7)
\vspace{-3}
  xmin  &=&   5.0000E-01 [cm]
  xmax  &=&   6.0000E-01 [cm]
  ymin  &=&  -7.5000E-01 [cm]
  ymax  &=&  -6.5000E-01 [cm]
e:

#------------------------------------------------------------------------------
 newpage:
#   no. =440   ix  = 14   iy  = 11
#   x = (   5.0000E-01  -   6.0000E-01  )
#   y = (  -6.5000E-01  -  -5.5000E-01  )

x: z[cm]
y: Dose [Gy/source]      
p: xlin ylog afac(0.8) form(0.9)
h: n            x            y(proton  ),hh0l n 
#  z-lower      z-upper        proton    r.err 
   9.8455E+01   9.8486E+01   3.6751E-01  0.0184
   9.8486E+01   9.8517E+01   3.7692E-01  0.0194
   9.8517E+01   9.8549E+01   3.6068E-01  0.0208
   9.8549E+01   9.8580E+01   3.5591E-01  0.0234

#   sum over    1.2500E-03   3.6525E-01  0.0178

'no. =440,  ix = 14,  iy = 11'
msuc: {\huge Histograma dosis-volumen del pouch}
msdr: {\it plotted by \ANGEL \version}
msdl: {\it calculated by \PHITS  3.35}
wt: s(0.7)
\vspace{-3}
  xmin  &=&   5.0000E-01 [cm]
  xmax  &=&   6.0000E-01 [cm]
  ymin  &=&  -6.5000E-01 [cm]
  ymax  &=&  -5.5000E-01 [cm]
e:

#------------------------------------------------------------------------------
 newpage:
#   no. =441   ix  = 14   iy  = 12
#   x = (   5.0000E-01  -   6.0000E-01  )
#   y = (  -5.5000E-01  -  -4.5000E-01  )

x: z[cm]
y: Dose [Gy/source]      
p: xlin ylog afac(0.8) form(0.9)
h: n            x            y(proton  ),hh0l n 
#  z-lower      z-upper        proton    r.err 
   9.8455E+01   9.8486E+01   3.5534E-01  0.0185
   9.8486E+01   9.8517E+01   3.6205E-01  0.0197
   9.8517E+01   9.8549E+01   3.5106E-01  0.0211
   9.8549E+01   9.8580E+01   3.4318E-01  0.0238

#   sum over    1.2500E-03   3.5290E-01  0.0181

'no. =441,  ix = 14,  iy = 12'
msuc: {\huge Histograma dosis-volumen del pouch}
msdr: {\it plotted by \ANGEL \version}
msdl: {\it calculated by \PHITS  3.35}
wt: s(0.7)
\vspace{-3}
  xmin  &=&   5.0000E-01 [cm]
  xmax  &=&   6.0000E-01 [cm]
  ymin  &=&  -5.5000E-01 [cm]
  ymax  &=&  -4.5000E-01 [cm]
e:

#------------------------------------------------------------------------------
 newpage:
#   no. =442   ix  = 14   iy  = 13
#   x = (   5.0000E-01  -   6.0000E-01  )
#   y = (  -4.5000E-01  -  -3.5000E-01  )

x: z[cm]
y: Dose [Gy/source]      
p: xlin ylog afac(0.8) form(0.9)
h: n            x            y(proton  ),hh0l n 
#  z-lower      z-upper        proton    r.err 
   9.8455E+01   9.8486E+01   3.6232E-01  0.0186
   9.8486E+01   9.8517E+01   3.6516E-01  0.0197
   9.8517E+01   9.8549E+01   3.4981E-01  0.0212
   9.8549E+01   9.8580E+01   3.4279E-01  0.0238

#   sum over    1.2500E-03   3.5501E-01  0.0181

'no. =442,  ix = 14,  iy = 13'
msuc: {\huge Histograma dosis-volumen del pouch}
msdr: {\it plotted by \ANGEL \version}
msdl: {\it calculated by \PHITS  3.35}
wt: s(0.7)
\vspace{-3}
  xmin  &=&   5.0000E-01 [cm]
  xmax  &=&   6.0000E-01 [cm]
  ymin  &=&  -4.5000E-01 [cm]
  ymax  &=&  -3.5000E-01 [cm]
e:

#------------------------------------------------------------------------------
 newpage:
#   no. =443   ix  = 14   iy  = 14
#   x = (   5.0000E-01  -   6.0000E-01  )
#   y = (  -3.5000E-01  -  -2.5000E-01  )

x: z[cm]
y: Dose [Gy/source]      
p: xlin ylog afac(0.8) form(0.9)
h: n            x            y(proton  ),hh0l n 
#  z-lower      z-upper        proton    r.err 
   9.8455E+01   9.8486E+01   3.6843E-01  0.0186
   9.8486E+01   9.8517E+01   3.6756E-01  0.0197
   9.8517E+01   9.8549E+01   3.4842E-01  0.0213
   9.8549E+01   9.8580E+01   3.3427E-01  0.0240

#   sum over    1.2500E-03   3.5468E-01  0.0180

'no. =443,  ix = 14,  iy = 14'
msuc: {\huge Histograma dosis-volumen del pouch}
msdr: {\it plotted by \ANGEL \version}
msdl: {\it calculated by \PHITS  3.35}
wt: s(0.7)
\vspace{-3}
  xmin  &=&   5.0000E-01 [cm]
  xmax  &=&   6.0000E-01 [cm]
  ymin  &=&  -3.5000E-01 [cm]
  ymax  &=&  -2.5000E-01 [cm]
e:

#------------------------------------------------------------------------------
 newpage:
#   no. =444   ix  = 14   iy  = 15
#   x = (   5.0000E-01  -   6.0000E-01  )
#   y = (  -2.5000E-01  -  -1.5000E-01  )

x: z[cm]
y: Dose [Gy/source]      
p: xlin ylog afac(0.8) form(0.9)
h: n            x            y(proton  ),hh0l n 
#  z-lower      z-upper        proton    r.err 
   9.8455E+01   9.8486E+01   3.5982E-01  0.0186
   9.8486E+01   9.8517E+01   3.6030E-01  0.0196
   9.8517E+01   9.8549E+01   3.5068E-01  0.0211
   9.8549E+01   9.8580E+01   3.3954E-01  0.0239

#   sum over    1.2500E-03   3.5258E-01  0.0182

'no. =444,  ix = 14,  iy = 15'
msuc: {\huge Histograma dosis-volumen del pouch}
msdr: {\it plotted by \ANGEL \version}
msdl: {\it calculated by \PHITS  3.35}
wt: s(0.7)
\vspace{-3}
  xmin  &=&   5.0000E-01 [cm]
  xmax  &=&   6.0000E-01 [cm]
  ymin  &=&  -2.5000E-01 [cm]
  ymax  &=&  -1.5000E-01 [cm]
e:

#------------------------------------------------------------------------------
 newpage:
#   no. =445   ix  = 14   iy  = 16
#   x = (   5.0000E-01  -   6.0000E-01  )
#   y = (  -1.5000E-01  -  -5.0000E-02  )

x: z[cm]
y: Dose [Gy/source]      
p: xlin ylog afac(0.8) form(0.9)
h: n            x            y(proton  ),hh0l n 
#  z-lower      z-upper        proton    r.err 
   9.8455E+01   9.8486E+01   3.5231E-01  0.0190
   9.8486E+01   9.8517E+01   3.4779E-01  0.0200
   9.8517E+01   9.8549E+01   3.3926E-01  0.0215
   9.8549E+01   9.8580E+01   3.3732E-01  0.0241

#   sum over    1.2500E-03   3.4417E-01  0.0184

'no. =445,  ix = 14,  iy = 16'
msuc: {\huge Histograma dosis-volumen del pouch}
msdr: {\it plotted by \ANGEL \version}
msdl: {\it calculated by \PHITS  3.35}
wt: s(0.7)
\vspace{-3}
  xmin  &=&   5.0000E-01 [cm]
  xmax  &=&   6.0000E-01 [cm]
  ymin  &=&  -1.5000E-01 [cm]
  ymax  &=&  -5.0000E-02 [cm]
e:

#------------------------------------------------------------------------------
 newpage:
#   no. =446   ix  = 14   iy  = 17
#   x = (   5.0000E-01  -   6.0000E-01  )
#   y = (  -5.0000E-02  -   5.0000E-02  )

x: z[cm]
y: Dose [Gy/source]      
p: xlin ylog afac(0.8) form(0.9)
h: n            x            y(proton  ),hh0l n 
#  z-lower      z-upper        proton    r.err 
   9.8455E+01   9.8486E+01   3.6059E-01  0.0187
   9.8486E+01   9.8517E+01   3.5918E-01  0.0199
   9.8517E+01   9.8549E+01   3.3828E-01  0.0214
   9.8549E+01   9.8580E+01   3.2956E-01  0.0243

#   sum over    1.2500E-03   3.4690E-01  0.0181

'no. =446,  ix = 14,  iy = 17'
msuc: {\huge Histograma dosis-volumen del pouch}
msdr: {\it plotted by \ANGEL \version}
msdl: {\it calculated by \PHITS  3.35}
wt: s(0.7)
\vspace{-3}
  xmin  &=&   5.0000E-01 [cm]
  xmax  &=&   6.0000E-01 [cm]
  ymin  &=&  -5.0000E-02 [cm]
  ymax  &=&   5.0000E-02 [cm]
e:

#------------------------------------------------------------------------------
 newpage:
#   no. =447   ix  = 14   iy  = 18
#   x = (   5.0000E-01  -   6.0000E-01  )
#   y = (   5.0000E-02  -   1.5000E-01  )

x: z[cm]
y: Dose [Gy/source]      
p: xlin ylog afac(0.8) form(0.9)
h: n            x            y(proton  ),hh0l n 
#  z-lower      z-upper        proton    r.err 
   9.8455E+01   9.8486E+01   3.7229E-01  0.0184
   9.8486E+01   9.8517E+01   3.7107E-01  0.0196
   9.8517E+01   9.8549E+01   3.5301E-01  0.0211
   9.8549E+01   9.8580E+01   3.3588E-01  0.0241

#   sum over    1.2500E-03   3.5806E-01  0.0179

'no. =447,  ix = 14,  iy = 18'
msuc: {\huge Histograma dosis-volumen del pouch}
msdr: {\it plotted by \ANGEL \version}
msdl: {\it calculated by \PHITS  3.35}
wt: s(0.7)
\vspace{-3}
  xmin  &=&   5.0000E-01 [cm]
  xmax  &=&   6.0000E-01 [cm]
  ymin  &=&   5.0000E-02 [cm]
  ymax  &=&   1.5000E-01 [cm]
e:

#------------------------------------------------------------------------------
 newpage:
#   no. =448   ix  = 14   iy  = 19
#   x = (   5.0000E-01  -   6.0000E-01  )
#   y = (   1.5000E-01  -   2.5000E-01  )

x: z[cm]
y: Dose [Gy/source]      
p: xlin ylog afac(0.8) form(0.9)
h: n            x            y(proton  ),hh0l n 
#  z-lower      z-upper        proton    r.err 
   9.8455E+01   9.8486E+01   3.5231E-01  0.0189
   9.8486E+01   9.8517E+01   3.5683E-01  0.0199
   9.8517E+01   9.8549E+01   3.4286E-01  0.0214
   9.8549E+01   9.8580E+01   3.2859E-01  0.0242

#   sum over    1.2500E-03   3.4515E-01  0.0182

'no. =448,  ix = 14,  iy = 19'
msuc: {\huge Histograma dosis-volumen del pouch}
msdr: {\it plotted by \ANGEL \version}
msdl: {\it calculated by \PHITS  3.35}
wt: s(0.7)
\vspace{-3}
  xmin  &=&   5.0000E-01 [cm]
  xmax  &=&   6.0000E-01 [cm]
  ymin  &=&   1.5000E-01 [cm]
  ymax  &=&   2.5000E-01 [cm]
e:

#------------------------------------------------------------------------------
 newpage:
#   no. =449   ix  = 14   iy  = 20
#   x = (   5.0000E-01  -   6.0000E-01  )
#   y = (   2.5000E-01  -   3.5000E-01  )

x: z[cm]
y: Dose [Gy/source]      
p: xlin ylog afac(0.8) form(0.9)
h: n            x            y(proton  ),hh0l n 
#  z-lower      z-upper        proton    r.err 
   9.8455E+01   9.8486E+01   3.5621E-01  0.0187
   9.8486E+01   9.8517E+01   3.5062E-01  0.0199
   9.8517E+01   9.8549E+01   3.4705E-01  0.0213
   9.8549E+01   9.8580E+01   3.3516E-01  0.0241

#   sum over    1.2500E-03   3.4726E-01  0.0182

'no. =449,  ix = 14,  iy = 20'
msuc: {\huge Histograma dosis-volumen del pouch}
msdr: {\it plotted by \ANGEL \version}
msdl: {\it calculated by \PHITS  3.35}
wt: s(0.7)
\vspace{-3}
  xmin  &=&   5.0000E-01 [cm]
  xmax  &=&   6.0000E-01 [cm]
  ymin  &=&   2.5000E-01 [cm]
  ymax  &=&   3.5000E-01 [cm]
e:

#------------------------------------------------------------------------------
 newpage:
#   no. =450   ix  = 14   iy  = 21
#   x = (   5.0000E-01  -   6.0000E-01  )
#   y = (   3.5000E-01  -   4.5000E-01  )

x: z[cm]
y: Dose [Gy/source]      
p: xlin ylog afac(0.8) form(0.9)
h: n            x            y(proton  ),hh0l n 
#  z-lower      z-upper        proton    r.err 
   9.8455E+01   9.8486E+01   3.5085E-01  0.0190
   9.8486E+01   9.8517E+01   3.4680E-01  0.0201
   9.8517E+01   9.8549E+01   3.4074E-01  0.0216
   9.8549E+01   9.8580E+01   3.2548E-01  0.0245

#   sum over    1.2500E-03   3.4097E-01  0.0184

'no. =450,  ix = 14,  iy = 21'
msuc: {\huge Histograma dosis-volumen del pouch}
msdr: {\it plotted by \ANGEL \version}
msdl: {\it calculated by \PHITS  3.35}
wt: s(0.7)
\vspace{-3}
  xmin  &=&   5.0000E-01 [cm]
  xmax  &=&   6.0000E-01 [cm]
  ymin  &=&   3.5000E-01 [cm]
  ymax  &=&   4.5000E-01 [cm]
e:

#------------------------------------------------------------------------------
 newpage:
#   no. =451   ix  = 14   iy  = 22
#   x = (   5.0000E-01  -   6.0000E-01  )
#   y = (   4.5000E-01  -   5.5000E-01  )

x: z[cm]
y: Dose [Gy/source]      
p: xlin ylog afac(0.8) form(0.9)
h: n            x            y(proton  ),hh0l n 
#  z-lower      z-upper        proton    r.err 
   9.8455E+01   9.8486E+01   3.6282E-01  0.0187
   9.8486E+01   9.8517E+01   3.7037E-01  0.0197
   9.8517E+01   9.8549E+01   3.4683E-01  0.0214
   9.8549E+01   9.8580E+01   3.2562E-01  0.0244

#   sum over    1.2500E-03   3.5141E-01  0.0181

'no. =451,  ix = 14,  iy = 22'
msuc: {\huge Histograma dosis-volumen del pouch}
msdr: {\it plotted by \ANGEL \version}
msdl: {\it calculated by \PHITS  3.35}
wt: s(0.7)
\vspace{-3}
  xmin  &=&   5.0000E-01 [cm]
  xmax  &=&   6.0000E-01 [cm]
  ymin  &=&   4.5000E-01 [cm]
  ymax  &=&   5.5000E-01 [cm]
e:

#------------------------------------------------------------------------------
 newpage:
#   no. =452   ix  = 14   iy  = 23
#   x = (   5.0000E-01  -   6.0000E-01  )
#   y = (   5.5000E-01  -   6.5000E-01  )

x: z[cm]
y: Dose [Gy/source]      
p: xlin ylog afac(0.8) form(0.9)
h: n            x            y(proton  ),hh0l n 
#  z-lower      z-upper        proton    r.err 
   9.8455E+01   9.8486E+01   3.5734E-01  0.0186
   9.8486E+01   9.8517E+01   3.6647E-01  0.0197
   9.8517E+01   9.8549E+01   3.5037E-01  0.0212
   9.8549E+01   9.8580E+01   3.2653E-01  0.0244

#   sum over    1.2500E-03   3.5018E-01  0.0181

'no. =452,  ix = 14,  iy = 23'
msuc: {\huge Histograma dosis-volumen del pouch}
msdr: {\it plotted by \ANGEL \version}
msdl: {\it calculated by \PHITS  3.35}
wt: s(0.7)
\vspace{-3}
  xmin  &=&   5.0000E-01 [cm]
  xmax  &=&   6.0000E-01 [cm]
  ymin  &=&   5.5000E-01 [cm]
  ymax  &=&   6.5000E-01 [cm]
e:

#------------------------------------------------------------------------------
 newpage:
#   no. =453   ix  = 14   iy  = 24
#   x = (   5.0000E-01  -   6.0000E-01  )
#   y = (   6.5000E-01  -   7.5000E-01  )

x: z[cm]
y: Dose [Gy/source]      
p: xlin ylog afac(0.8) form(0.9)
h: n            x            y(proton  ),hh0l n 
#  z-lower      z-upper        proton    r.err 
   9.8455E+01   9.8486E+01   3.6001E-01  0.0189
   9.8486E+01   9.8517E+01   3.5598E-01  0.0199
   9.8517E+01   9.8549E+01   3.3853E-01  0.0216
   9.8549E+01   9.8580E+01   3.2017E-01  0.0247

#   sum over    1.2500E-03   3.4367E-01  0.0183

'no. =453,  ix = 14,  iy = 24'
msuc: {\huge Histograma dosis-volumen del pouch}
msdr: {\it plotted by \ANGEL \version}
msdl: {\it calculated by \PHITS  3.35}
wt: s(0.7)
\vspace{-3}
  xmin  &=&   5.0000E-01 [cm]
  xmax  &=&   6.0000E-01 [cm]
  ymin  &=&   6.5000E-01 [cm]
  ymax  &=&   7.5000E-01 [cm]
e:

#------------------------------------------------------------------------------
 newpage:
#   no. =454   ix  = 14   iy  = 25
#   x = (   5.0000E-01  -   6.0000E-01  )
#   y = (   7.5000E-01  -   8.5000E-01  )

x: z[cm]
y: Dose [Gy/source]      
p: xlin ylog afac(0.8) form(0.9)
h: n            x            y(proton  ),hh0l n 
#  z-lower      z-upper        proton    r.err 
   9.8455E+01   9.8486E+01   3.6873E-01  0.0184
   9.8486E+01   9.8517E+01   3.7858E-01  0.0194
   9.8517E+01   9.8549E+01   3.6237E-01  0.0209
   9.8549E+01   9.8580E+01   3.4538E-01  0.0237

#   sum over    1.2500E-03   3.6377E-01  0.0178

'no. =454,  ix = 14,  iy = 25'
msuc: {\huge Histograma dosis-volumen del pouch}
msdr: {\it plotted by \ANGEL \version}
msdl: {\it calculated by \PHITS  3.35}
wt: s(0.7)
\vspace{-3}
  xmin  &=&   5.0000E-01 [cm]
  xmax  &=&   6.0000E-01 [cm]
  ymin  &=&   7.5000E-01 [cm]
  ymax  &=&   8.5000E-01 [cm]
e:

#------------------------------------------------------------------------------
 newpage:
#   no. =455   ix  = 14   iy  = 26
#   x = (   5.0000E-01  -   6.0000E-01  )
#   y = (   8.5000E-01  -   9.5000E-01  )

x: z[cm]
y: Dose [Gy/source]      
p: xlin ylog afac(0.8) form(0.9)
h: n            x            y(proton  ),hh0l n 
#  z-lower      z-upper        proton    r.err 
   9.8455E+01   9.8486E+01   3.7733E-01  0.0184
   9.8486E+01   9.8517E+01   3.7411E-01  0.0193
   9.8517E+01   9.8549E+01   3.6097E-01  0.0208
   9.8549E+01   9.8580E+01   3.5700E-01  0.0234

#   sum over    1.2500E-03   3.6735E-01  0.0177

'no. =455,  ix = 14,  iy = 26'
msuc: {\huge Histograma dosis-volumen del pouch}
msdr: {\it plotted by \ANGEL \version}
msdl: {\it calculated by \PHITS  3.35}
wt: s(0.7)
\vspace{-3}
  xmin  &=&   5.0000E-01 [cm]
  xmax  &=&   6.0000E-01 [cm]
  ymin  &=&   8.5000E-01 [cm]
  ymax  &=&   9.5000E-01 [cm]
e:

#------------------------------------------------------------------------------
 newpage:
#   no. =456   ix  = 14   iy  = 27
#   x = (   5.0000E-01  -   6.0000E-01  )
#   y = (   9.5000E-01  -   1.0500E+00  )

x: z[cm]
y: Dose [Gy/source]      
p: xlin ylog afac(0.8) form(0.9)
h: n            x            y(proton  ),hh0l n 
#  z-lower      z-upper        proton    r.err 
   9.8455E+01   9.8486E+01   3.7669E-01  0.0182
   9.8486E+01   9.8517E+01   3.8136E-01  0.0193
   9.8517E+01   9.8549E+01   3.6097E-01  0.0208
   9.8549E+01   9.8580E+01   3.5949E-01  0.0233

#   sum over    1.2500E-03   3.6962E-01  0.0177

'no. =456,  ix = 14,  iy = 27'
msuc: {\huge Histograma dosis-volumen del pouch}
msdr: {\it plotted by \ANGEL \version}
msdl: {\it calculated by \PHITS  3.35}
wt: s(0.7)
\vspace{-3}
  xmin  &=&   5.0000E-01 [cm]
  xmax  &=&   6.0000E-01 [cm]
  ymin  &=&   9.5000E-01 [cm]
  ymax  &=&   1.0500E+00 [cm]
e:

#------------------------------------------------------------------------------
 newpage:
#   no. =457   ix  = 14   iy  = 28
#   x = (   5.0000E-01  -   6.0000E-01  )
#   y = (   1.0500E+00  -   1.1500E+00  )

x: z[cm]
y: Dose [Gy/source]      
p: xlin ylog afac(0.8) form(0.9)
h: n            x            y(proton  ),hh0l n 
#  z-lower      z-upper        proton    r.err 
   9.8455E+01   9.8486E+01   3.5848E-01  0.0186
   9.8486E+01   9.8517E+01   3.6350E-01  0.0197
   9.8517E+01   9.8549E+01   3.4825E-01  0.0211
   9.8549E+01   9.8580E+01   3.4661E-01  0.0238

#   sum over    1.2500E-03   3.5421E-01  0.0180

'no. =457,  ix = 14,  iy = 28'
msuc: {\huge Histograma dosis-volumen del pouch}
msdr: {\it plotted by \ANGEL \version}
msdl: {\it calculated by \PHITS  3.35}
wt: s(0.7)
\vspace{-3}
  xmin  &=&   5.0000E-01 [cm]
  xmax  &=&   6.0000E-01 [cm]
  ymin  &=&   1.0500E+00 [cm]
  ymax  &=&   1.1500E+00 [cm]
e:

#------------------------------------------------------------------------------
 newpage:
#   no. =458   ix  = 14   iy  = 29
#   x = (   5.0000E-01  -   6.0000E-01  )
#   y = (   1.1500E+00  -   1.2500E+00  )

x: z[cm]
y: Dose [Gy/source]      
p: xlin ylog afac(0.8) form(0.9)
h: n            x            y(proton  ),hh0l n 
#  z-lower      z-upper        proton    r.err 
   9.8455E+01   9.8486E+01   3.7775E-01  0.0183
   9.8486E+01   9.8517E+01   3.7778E-01  0.0195
   9.8517E+01   9.8549E+01   3.5576E-01  0.0210
   9.8549E+01   9.8580E+01   3.5154E-01  0.0236

#   sum over    1.2500E-03   3.6571E-01  0.0178

'no. =458,  ix = 14,  iy = 29'
msuc: {\huge Histograma dosis-volumen del pouch}
msdr: {\it plotted by \ANGEL \version}
msdl: {\it calculated by \PHITS  3.35}
wt: s(0.7)
\vspace{-3}
  xmin  &=&   5.0000E-01 [cm]
  xmax  &=&   6.0000E-01 [cm]
  ymin  &=&   1.1500E+00 [cm]
  ymax  &=&   1.2500E+00 [cm]
e:

#------------------------------------------------------------------------------
 newpage:
#   no. =459   ix  = 14   iy  = 30
#   x = (   5.0000E-01  -   6.0000E-01  )
#   y = (   1.2500E+00  -   1.3500E+00  )

x: z[cm]
y: Dose [Gy/source]      
p: xlin ylog afac(0.8) form(0.9)
h: n            x            y(proton  ),hh0l n 
#  z-lower      z-upper        proton    r.err 
   9.8455E+01   9.8486E+01   3.8230E-01  0.0181
   9.8486E+01   9.8517E+01   3.8455E-01  0.0190
   9.8517E+01   9.8549E+01   3.7827E-01  0.0204
   9.8549E+01   9.8580E+01   3.7808E-01  0.0229

#   sum over    1.2500E-03   3.8080E-01  0.0175

'no. =459,  ix = 14,  iy = 30'
msuc: {\huge Histograma dosis-volumen del pouch}
msdr: {\it plotted by \ANGEL \version}
msdl: {\it calculated by \PHITS  3.35}
wt: s(0.7)
\vspace{-3}
  xmin  &=&   5.0000E-01 [cm]
  xmax  &=&   6.0000E-01 [cm]
  ymin  &=&   1.2500E+00 [cm]
  ymax  &=&   1.3500E+00 [cm]
e:

#------------------------------------------------------------------------------
 newpage:
#   no. =460   ix  = 14   iy  = 31
#   x = (   5.0000E-01  -   6.0000E-01  )
#   y = (   1.3500E+00  -   1.4500E+00  )

x: z[cm]
y: Dose [Gy/source]      
p: xlin ylog afac(0.8) form(0.9)
h: n            x            y(proton  ),hh0l n 
#  z-lower      z-upper        proton    r.err 
   9.8455E+01   9.8486E+01   3.7001E-01  0.0184
   9.8486E+01   9.8517E+01   3.7262E-01  0.0195
   9.8517E+01   9.8549E+01   3.6182E-01  0.0209
   9.8549E+01   9.8580E+01   3.5289E-01  0.0237

#   sum over    1.2500E-03   3.6433E-01  0.0179

'no. =460,  ix = 14,  iy = 31'
msuc: {\huge Histograma dosis-volumen del pouch}
msdr: {\it plotted by \ANGEL \version}
msdl: {\it calculated by \PHITS  3.35}
wt: s(0.7)
\vspace{-3}
  xmin  &=&   5.0000E-01 [cm]
  xmax  &=&   6.0000E-01 [cm]
  ymin  &=&   1.3500E+00 [cm]
  ymax  &=&   1.4500E+00 [cm]
e:

#------------------------------------------------------------------------------
 newpage:
#   no. =461   ix  = 14   iy  = 32
#   x = (   5.0000E-01  -   6.0000E-01  )
#   y = (   1.4500E+00  -   1.5500E+00  )

x: z[cm]
y: Dose [Gy/source]      
p: xlin ylog afac(0.8) form(0.9)
h: n            x            y(proton  ),hh0l n 
#  z-lower      z-upper        proton    r.err 
   9.8455E+01   9.8486E+01   3.6068E-01  0.0184
   9.8486E+01   9.8517E+01   3.7622E-01  0.0193
   9.8517E+01   9.8549E+01   3.7180E-01  0.0205
   9.8549E+01   9.8580E+01   3.6565E-01  0.0234

#   sum over    1.2500E-03   3.6859E-01  0.0179

'no. =461,  ix = 14,  iy = 32'
msuc: {\huge Histograma dosis-volumen del pouch}
msdr: {\it plotted by \ANGEL \version}
msdl: {\it calculated by \PHITS  3.35}
wt: s(0.7)
\vspace{-3}
  xmin  &=&   5.0000E-01 [cm]
  xmax  &=&   6.0000E-01 [cm]
  ymin  &=&   1.4500E+00 [cm]
  ymax  &=&   1.5500E+00 [cm]
e:

#------------------------------------------------------------------------------
 newpage:
#   no. =462   ix  = 14   iy  = 33
#   x = (   5.0000E-01  -   6.0000E-01  )
#   y = (   1.5500E+00  -   1.6500E+00  )

x: z[cm]
y: Dose [Gy/source]      
p: xlin ylog afac(0.8) form(0.9)
h: n            x            y(proton  ),hh0l n 
#  z-lower      z-upper        proton    r.err 
   9.8455E+01   9.8486E+01   3.6745E-01  0.0183
   9.8486E+01   9.8517E+01   3.7795E-01  0.0195
   9.8517E+01   9.8549E+01   3.6294E-01  0.0209
   9.8549E+01   9.8580E+01   3.6092E-01  0.0235

#   sum over    1.2500E-03   3.6731E-01  0.0178

'no. =462,  ix = 14,  iy = 33'
msuc: {\huge Histograma dosis-volumen del pouch}
msdr: {\it plotted by \ANGEL \version}
msdl: {\it calculated by \PHITS  3.35}
wt: s(0.7)
\vspace{-3}
  xmin  &=&   5.0000E-01 [cm]
  xmax  &=&   6.0000E-01 [cm]
  ymin  &=&   1.5500E+00 [cm]
  ymax  &=&   1.6500E+00 [cm]
e:

#------------------------------------------------------------------------------
 newpage:
#   no. =463   ix  = 15   iy  =  1
#   x = (   6.0000E-01  -   7.0000E-01  )
#   y = (  -1.6500E+00  -  -1.5500E+00  )

x: z[cm]
y: Dose [Gy/source]      
p: xlin ylog afac(0.8) form(0.9)
h: n            x            y(proton  ),hh0l n 
#  z-lower      z-upper        proton    r.err 
   9.8455E+01   9.8486E+01   0.0000E+00  0.0000
   9.8486E+01   9.8517E+01   0.0000E+00  0.0000
   9.8517E+01   9.8549E+01   0.0000E+00  0.0000
   9.8549E+01   9.8580E+01   7.8012E-05  1.0000

#   sum over    1.2500E-03   1.9503E-05  1.0000

'no. =463,  ix = 15,  iy =  1'
msuc: {\huge Histograma dosis-volumen del pouch}
msdr: {\it plotted by \ANGEL \version}
msdl: {\it calculated by \PHITS  3.35}
wt: s(0.7)
\vspace{-3}
  xmin  &=&   6.0000E-01 [cm]
  xmax  &=&   7.0000E-01 [cm]
  ymin  &=&  -1.6500E+00 [cm]
  ymax  &=&  -1.5500E+00 [cm]
e:

#------------------------------------------------------------------------------
 newpage:
#   no. =464   ix  = 15   iy  =  2
#   x = (   6.0000E-01  -   7.0000E-01  )
#   y = (  -1.5500E+00  -  -1.4500E+00  )

x: z[cm]
y: Dose [Gy/source]      
p: xlin ylog afac(0.8) form(0.9)
h: n            x            y(proton  ),hh0l n 
#  z-lower      z-upper        proton    r.err 
   9.8455E+01   9.8486E+01   0.0000E+00  0.0000
   9.8486E+01   9.8517E+01   0.0000E+00  0.0000
   9.8517E+01   9.8549E+01   1.2388E-04  1.0000
   9.8549E+01   9.8580E+01   5.5449E-04  0.9561

#   sum over    1.2500E-03   1.6959E-04  0.9639

'no. =464,  ix = 15,  iy =  2'
msuc: {\huge Histograma dosis-volumen del pouch}
msdr: {\it plotted by \ANGEL \version}
msdl: {\it calculated by \PHITS  3.35}
wt: s(0.7)
\vspace{-3}
  xmin  &=&   6.0000E-01 [cm]
  xmax  &=&   7.0000E-01 [cm]
  ymin  &=&  -1.5500E+00 [cm]
  ymax  &=&  -1.4500E+00 [cm]
e:

#------------------------------------------------------------------------------
 newpage:
#   no. =465   ix  = 15   iy  =  3
#   x = (   6.0000E-01  -   7.0000E-01  )
#   y = (  -1.4500E+00  -  -1.3500E+00  )

x: z[cm]
y: Dose [Gy/source]      
p: xlin ylog afac(0.8) form(0.9)
h: n            x            y(proton  ),hh0l n 
#  z-lower      z-upper        proton    r.err 
   9.8455E+01   9.8486E+01   2.6809E-04  1.0000
   9.8486E+01   9.8517E+01   5.9068E-04  0.7164
   9.8517E+01   9.8549E+01   5.6854E-05  1.0000
   9.8549E+01   9.8580E+01   0.0000E+00  0.0000

#   sum over    1.2500E-03   2.2891E-04  0.7289

'no. =465,  ix = 15,  iy =  3'
msuc: {\huge Histograma dosis-volumen del pouch}
msdr: {\it plotted by \ANGEL \version}
msdl: {\it calculated by \PHITS  3.35}
wt: s(0.7)
\vspace{-3}
  xmin  &=&   6.0000E-01 [cm]
  xmax  &=&   7.0000E-01 [cm]
  ymin  &=&  -1.4500E+00 [cm]
  ymax  &=&  -1.3500E+00 [cm]
e:

#------------------------------------------------------------------------------
 newpage:
#   no. =466   ix  = 15   iy  =  4
#   x = (   6.0000E-01  -   7.0000E-01  )
#   y = (  -1.3500E+00  -  -1.2500E+00  )

x: z[cm]
y: Dose [Gy/source]      
p: xlin ylog afac(0.8) form(0.9)
h: n            x            y(proton  ),hh0l n 
#  z-lower      z-upper        proton    r.err 
   9.8455E+01   9.8486E+01   2.6113E-01  0.0222
   9.8486E+01   9.8517E+01   2.6991E-01  0.0231
   9.8517E+01   9.8549E+01   2.5860E-01  0.0245
   9.8549E+01   9.8580E+01   2.5942E-01  0.0275

#   sum over    1.2500E-03   2.6226E-01  0.0211

'no. =466,  ix = 15,  iy =  4'
msuc: {\huge Histograma dosis-volumen del pouch}
msdr: {\it plotted by \ANGEL \version}
msdl: {\it calculated by \PHITS  3.35}
wt: s(0.7)
\vspace{-3}
  xmin  &=&   6.0000E-01 [cm]
  xmax  &=&   7.0000E-01 [cm]
  ymin  &=&  -1.3500E+00 [cm]
  ymax  &=&  -1.2500E+00 [cm]
e:

#------------------------------------------------------------------------------
 newpage:
#   no. =467   ix  = 15   iy  =  5
#   x = (   6.0000E-01  -   7.0000E-01  )
#   y = (  -1.2500E+00  -  -1.1500E+00  )

x: z[cm]
y: Dose [Gy/source]      
p: xlin ylog afac(0.8) form(0.9)
h: n            x            y(proton  ),hh0l n 
#  z-lower      z-upper        proton    r.err 
   9.8455E+01   9.8486E+01   3.7761E-01  0.0182
   9.8486E+01   9.8517E+01   3.8251E-01  0.0193
   9.8517E+01   9.8549E+01   3.6397E-01  0.0207
   9.8549E+01   9.8580E+01   3.6007E-01  0.0235

#   sum over    1.2500E-03   3.7105E-01  0.0178

'no. =467,  ix = 15,  iy =  5'
msuc: {\huge Histograma dosis-volumen del pouch}
msdr: {\it plotted by \ANGEL \version}
msdl: {\it calculated by \PHITS  3.35}
wt: s(0.7)
\vspace{-3}
  xmin  &=&   6.0000E-01 [cm]
  xmax  &=&   7.0000E-01 [cm]
  ymin  &=&  -1.2500E+00 [cm]
  ymax  &=&  -1.1500E+00 [cm]
e:

#------------------------------------------------------------------------------
 newpage:
#   no. =468   ix  = 15   iy  =  6
#   x = (   6.0000E-01  -   7.0000E-01  )
#   y = (  -1.1500E+00  -  -1.0500E+00  )

x: z[cm]
y: Dose [Gy/source]      
p: xlin ylog afac(0.8) form(0.9)
h: n            x            y(proton  ),hh0l n 
#  z-lower      z-upper        proton    r.err 
   9.8455E+01   9.8486E+01   3.7109E-01  0.0184
   9.8486E+01   9.8517E+01   3.6767E-01  0.0195
   9.8517E+01   9.8549E+01   3.6144E-01  0.0209
   9.8549E+01   9.8580E+01   3.5247E-01  0.0237

#   sum over    1.2500E-03   3.6317E-01  0.0179

'no. =468,  ix = 15,  iy =  6'
msuc: {\huge Histograma dosis-volumen del pouch}
msdr: {\it plotted by \ANGEL \version}
msdl: {\it calculated by \PHITS  3.35}
wt: s(0.7)
\vspace{-3}
  xmin  &=&   6.0000E-01 [cm]
  xmax  &=&   7.0000E-01 [cm]
  ymin  &=&  -1.1500E+00 [cm]
  ymax  &=&  -1.0500E+00 [cm]
e:

#------------------------------------------------------------------------------
 newpage:
#   no. =469   ix  = 15   iy  =  7
#   x = (   6.0000E-01  -   7.0000E-01  )
#   y = (  -1.0500E+00  -  -9.5000E-01  )

x: z[cm]
y: Dose [Gy/source]      
p: xlin ylog afac(0.8) form(0.9)
h: n            x            y(proton  ),hh0l n 
#  z-lower      z-upper        proton    r.err 
   9.8455E+01   9.8486E+01   3.6365E-01  0.0186
   9.8486E+01   9.8517E+01   3.6012E-01  0.0197
   9.8517E+01   9.8549E+01   3.5146E-01  0.0211
   9.8549E+01   9.8580E+01   3.4505E-01  0.0239

#   sum over    1.2500E-03   3.5507E-01  0.0181

'no. =469,  ix = 15,  iy =  7'
msuc: {\huge Histograma dosis-volumen del pouch}
msdr: {\it plotted by \ANGEL \version}
msdl: {\it calculated by \PHITS  3.35}
wt: s(0.7)
\vspace{-3}
  xmin  &=&   6.0000E-01 [cm]
  xmax  &=&   7.0000E-01 [cm]
  ymin  &=&  -1.0500E+00 [cm]
  ymax  &=&  -9.5000E-01 [cm]
e:

#------------------------------------------------------------------------------
 newpage:
#   no. =470   ix  = 15   iy  =  8
#   x = (   6.0000E-01  -   7.0000E-01  )
#   y = (  -9.5000E-01  -  -8.5000E-01  )

x: z[cm]
y: Dose [Gy/source]      
p: xlin ylog afac(0.8) form(0.9)
h: n            x            y(proton  ),hh0l n 
#  z-lower      z-upper        proton    r.err 
   9.8455E+01   9.8486E+01   3.6736E-01  0.0183
   9.8486E+01   9.8517E+01   3.7579E-01  0.0194
   9.8517E+01   9.8549E+01   3.6959E-01  0.0207
   9.8549E+01   9.8580E+01   3.5457E-01  0.0234

#   sum over    1.2500E-03   3.6683E-01  0.0178

'no. =470,  ix = 15,  iy =  8'
msuc: {\huge Histograma dosis-volumen del pouch}
msdr: {\it plotted by \ANGEL \version}
msdl: {\it calculated by \PHITS  3.35}
wt: s(0.7)
\vspace{-3}
  xmin  &=&   6.0000E-01 [cm]
  xmax  &=&   7.0000E-01 [cm]
  ymin  &=&  -9.5000E-01 [cm]
  ymax  &=&  -8.5000E-01 [cm]
e:

#------------------------------------------------------------------------------
 newpage:
#   no. =471   ix  = 15   iy  =  9
#   x = (   6.0000E-01  -   7.0000E-01  )
#   y = (  -8.5000E-01  -  -7.5000E-01  )

x: z[cm]
y: Dose [Gy/source]      
p: xlin ylog afac(0.8) form(0.9)
h: n            x            y(proton  ),hh0l n 
#  z-lower      z-upper        proton    r.err 
   9.8455E+01   9.8486E+01   3.4971E-01  0.0189
   9.8486E+01   9.8517E+01   3.5002E-01  0.0200
   9.8517E+01   9.8549E+01   3.3563E-01  0.0216
   9.8549E+01   9.8580E+01   3.2781E-01  0.0242

#   sum over    1.2500E-03   3.4079E-01  0.0184

'no. =471,  ix = 15,  iy =  9'
msuc: {\huge Histograma dosis-volumen del pouch}
msdr: {\it plotted by \ANGEL \version}
msdl: {\it calculated by \PHITS  3.35}
wt: s(0.7)
\vspace{-3}
  xmin  &=&   6.0000E-01 [cm]
  xmax  &=&   7.0000E-01 [cm]
  ymin  &=&  -8.5000E-01 [cm]
  ymax  &=&  -7.5000E-01 [cm]
e:

#------------------------------------------------------------------------------
 newpage:
#   no. =472   ix  = 15   iy  = 10
#   x = (   6.0000E-01  -   7.0000E-01  )
#   y = (  -7.5000E-01  -  -6.5000E-01  )

x: z[cm]
y: Dose [Gy/source]      
p: xlin ylog afac(0.8) form(0.9)
h: n            x            y(proton  ),hh0l n 
#  z-lower      z-upper        proton    r.err 
   9.8455E+01   9.8486E+01   3.6150E-01  0.0186
   9.8486E+01   9.8517E+01   3.7018E-01  0.0196
   9.8517E+01   9.8549E+01   3.5174E-01  0.0211
   9.8549E+01   9.8580E+01   3.4574E-01  0.0238

#   sum over    1.2500E-03   3.5730E-01  0.0180

'no. =472,  ix = 15,  iy = 10'
msuc: {\huge Histograma dosis-volumen del pouch}
msdr: {\it plotted by \ANGEL \version}
msdl: {\it calculated by \PHITS  3.35}
wt: s(0.7)
\vspace{-3}
  xmin  &=&   6.0000E-01 [cm]
  xmax  &=&   7.0000E-01 [cm]
  ymin  &=&  -7.5000E-01 [cm]
  ymax  &=&  -6.5000E-01 [cm]
e:

#------------------------------------------------------------------------------
 newpage:
#   no. =473   ix  = 15   iy  = 11
#   x = (   6.0000E-01  -   7.0000E-01  )
#   y = (  -6.5000E-01  -  -5.5000E-01  )

x: z[cm]
y: Dose [Gy/source]      
p: xlin ylog afac(0.8) form(0.9)
h: n            x            y(proton  ),hh0l n 
#  z-lower      z-upper        proton    r.err 
   9.8455E+01   9.8486E+01   3.7557E-01  0.0183
   9.8486E+01   9.8517E+01   3.8113E-01  0.0193
   9.8517E+01   9.8549E+01   3.6731E-01  0.0208
   9.8549E+01   9.8580E+01   3.4998E-01  0.0235

#   sum over    1.2500E-03   3.6850E-01  0.0177

'no. =473,  ix = 15,  iy = 11'
msuc: {\huge Histograma dosis-volumen del pouch}
msdr: {\it plotted by \ANGEL \version}
msdl: {\it calculated by \PHITS  3.35}
wt: s(0.7)
\vspace{-3}
  xmin  &=&   6.0000E-01 [cm]
  xmax  &=&   7.0000E-01 [cm]
  ymin  &=&  -6.5000E-01 [cm]
  ymax  &=&  -5.5000E-01 [cm]
e:

#------------------------------------------------------------------------------
 newpage:
#   no. =474   ix  = 15   iy  = 12
#   x = (   6.0000E-01  -   7.0000E-01  )
#   y = (  -5.5000E-01  -  -4.5000E-01  )

x: z[cm]
y: Dose [Gy/source]      
p: xlin ylog afac(0.8) form(0.9)
h: n            x            y(proton  ),hh0l n 
#  z-lower      z-upper        proton    r.err 
   9.8455E+01   9.8486E+01   3.6976E-01  0.0185
   9.8486E+01   9.8517E+01   3.7511E-01  0.0196
   9.8517E+01   9.8549E+01   3.5117E-01  0.0210
   9.8549E+01   9.8580E+01   3.4472E-01  0.0238

#   sum over    1.2500E-03   3.6019E-01  0.0179

'no. =474,  ix = 15,  iy = 12'
msuc: {\huge Histograma dosis-volumen del pouch}
msdr: {\it plotted by \ANGEL \version}
msdl: {\it calculated by \PHITS  3.35}
wt: s(0.7)
\vspace{-3}
  xmin  &=&   6.0000E-01 [cm]
  xmax  &=&   7.0000E-01 [cm]
  ymin  &=&  -5.5000E-01 [cm]
  ymax  &=&  -4.5000E-01 [cm]
e:

#------------------------------------------------------------------------------
 newpage:
#   no. =475   ix  = 15   iy  = 13
#   x = (   6.0000E-01  -   7.0000E-01  )
#   y = (  -4.5000E-01  -  -3.5000E-01  )

x: z[cm]
y: Dose [Gy/source]      
p: xlin ylog afac(0.8) form(0.9)
h: n            x            y(proton  ),hh0l n 
#  z-lower      z-upper        proton    r.err 
   9.8455E+01   9.8486E+01   3.5868E-01  0.0187
   9.8486E+01   9.8517E+01   3.5999E-01  0.0198
   9.8517E+01   9.8549E+01   3.4702E-01  0.0214
   9.8549E+01   9.8580E+01   3.3315E-01  0.0241

#   sum over    1.2500E-03   3.4971E-01  0.0181

'no. =475,  ix = 15,  iy = 13'
msuc: {\huge Histograma dosis-volumen del pouch}
msdr: {\it plotted by \ANGEL \version}
msdl: {\it calculated by \PHITS  3.35}
wt: s(0.7)
\vspace{-3}
  xmin  &=&   6.0000E-01 [cm]
  xmax  &=&   7.0000E-01 [cm]
  ymin  &=&  -4.5000E-01 [cm]
  ymax  &=&  -3.5000E-01 [cm]
e:

#------------------------------------------------------------------------------
 newpage:
#   no. =476   ix  = 15   iy  = 14
#   x = (   6.0000E-01  -   7.0000E-01  )
#   y = (  -3.5000E-01  -  -2.5000E-01  )

x: z[cm]
y: Dose [Gy/source]      
p: xlin ylog afac(0.8) form(0.9)
h: n            x            y(proton  ),hh0l n 
#  z-lower      z-upper        proton    r.err 
   9.8455E+01   9.8486E+01   3.5960E-01  0.0188
   9.8486E+01   9.8517E+01   3.6653E-01  0.0198
   9.8517E+01   9.8549E+01   3.4510E-01  0.0213
   9.8549E+01   9.8580E+01   3.2690E-01  0.0243

#   sum over    1.2500E-03   3.4953E-01  0.0181

'no. =476,  ix = 15,  iy = 14'
msuc: {\huge Histograma dosis-volumen del pouch}
msdr: {\it plotted by \ANGEL \version}
msdl: {\it calculated by \PHITS  3.35}
wt: s(0.7)
\vspace{-3}
  xmin  &=&   6.0000E-01 [cm]
  xmax  &=&   7.0000E-01 [cm]
  ymin  &=&  -3.5000E-01 [cm]
  ymax  &=&  -2.5000E-01 [cm]
e:

#------------------------------------------------------------------------------
 newpage:
#   no. =477   ix  = 15   iy  = 15
#   x = (   6.0000E-01  -   7.0000E-01  )
#   y = (  -2.5000E-01  -  -1.5000E-01  )

x: z[cm]
y: Dose [Gy/source]      
p: xlin ylog afac(0.8) form(0.9)
h: n            x            y(proton  ),hh0l n 
#  z-lower      z-upper        proton    r.err 
   9.8455E+01   9.8486E+01   3.5599E-01  0.0188
   9.8486E+01   9.8517E+01   3.6233E-01  0.0198
   9.8517E+01   9.8549E+01   3.4534E-01  0.0214
   9.8549E+01   9.8580E+01   3.3207E-01  0.0242

#   sum over    1.2500E-03   3.4894E-01  0.0181

'no. =477,  ix = 15,  iy = 15'
msuc: {\huge Histograma dosis-volumen del pouch}
msdr: {\it plotted by \ANGEL \version}
msdl: {\it calculated by \PHITS  3.35}
wt: s(0.7)
\vspace{-3}
  xmin  &=&   6.0000E-01 [cm]
  xmax  &=&   7.0000E-01 [cm]
  ymin  &=&  -2.5000E-01 [cm]
  ymax  &=&  -1.5000E-01 [cm]
e:

#------------------------------------------------------------------------------
 newpage:
#   no. =478   ix  = 15   iy  = 16
#   x = (   6.0000E-01  -   7.0000E-01  )
#   y = (  -1.5000E-01  -  -5.0000E-02  )

x: z[cm]
y: Dose [Gy/source]      
p: xlin ylog afac(0.8) form(0.9)
h: n            x            y(proton  ),hh0l n 
#  z-lower      z-upper        proton    r.err 
   9.8455E+01   9.8486E+01   3.6971E-01  0.0184
   9.8486E+01   9.8517E+01   3.6891E-01  0.0197
   9.8517E+01   9.8549E+01   3.4927E-01  0.0212
   9.8549E+01   9.8580E+01   3.4098E-01  0.0239

#   sum over    1.2500E-03   3.5722E-01  0.0180

'no. =478,  ix = 15,  iy = 16'
msuc: {\huge Histograma dosis-volumen del pouch}
msdr: {\it plotted by \ANGEL \version}
msdl: {\it calculated by \PHITS  3.35}
wt: s(0.7)
\vspace{-3}
  xmin  &=&   6.0000E-01 [cm]
  xmax  &=&   7.0000E-01 [cm]
  ymin  &=&  -1.5000E-01 [cm]
  ymax  &=&  -5.0000E-02 [cm]
e:

#------------------------------------------------------------------------------
 newpage:
#   no. =479   ix  = 15   iy  = 17
#   x = (   6.0000E-01  -   7.0000E-01  )
#   y = (  -5.0000E-02  -   5.0000E-02  )

x: z[cm]
y: Dose [Gy/source]      
p: xlin ylog afac(0.8) form(0.9)
h: n            x            y(proton  ),hh0l n 
#  z-lower      z-upper        proton    r.err 
   9.8455E+01   9.8486E+01   3.5943E-01  0.0186
   9.8486E+01   9.8517E+01   3.6557E-01  0.0197
   9.8517E+01   9.8549E+01   3.5502E-01  0.0212
   9.8549E+01   9.8580E+01   3.2436E-01  0.0244

#   sum over    1.2500E-03   3.5109E-01  0.0181

'no. =479,  ix = 15,  iy = 17'
msuc: {\huge Histograma dosis-volumen del pouch}
msdr: {\it plotted by \ANGEL \version}
msdl: {\it calculated by \PHITS  3.35}
wt: s(0.7)
\vspace{-3}
  xmin  &=&   6.0000E-01 [cm]
  xmax  &=&   7.0000E-01 [cm]
  ymin  &=&  -5.0000E-02 [cm]
  ymax  &=&   5.0000E-02 [cm]
e:

#------------------------------------------------------------------------------
 newpage:
#   no. =480   ix  = 15   iy  = 18
#   x = (   6.0000E-01  -   7.0000E-01  )
#   y = (   5.0000E-02  -   1.5000E-01  )

x: z[cm]
y: Dose [Gy/source]      
p: xlin ylog afac(0.8) form(0.9)
h: n            x            y(proton  ),hh0l n 
#  z-lower      z-upper        proton    r.err 
   9.8455E+01   9.8486E+01   3.5879E-01  0.0186
   9.8486E+01   9.8517E+01   3.6521E-01  0.0195
   9.8517E+01   9.8549E+01   3.5836E-01  0.0209
   9.8549E+01   9.8580E+01   3.4904E-01  0.0235

#   sum over    1.2500E-03   3.5785E-01  0.0180

'no. =480,  ix = 15,  iy = 18'
msuc: {\huge Histograma dosis-volumen del pouch}
msdr: {\it plotted by \ANGEL \version}
msdl: {\it calculated by \PHITS  3.35}
wt: s(0.7)
\vspace{-3}
  xmin  &=&   6.0000E-01 [cm]
  xmax  &=&   7.0000E-01 [cm]
  ymin  &=&   5.0000E-02 [cm]
  ymax  &=&   1.5000E-01 [cm]
e:

#------------------------------------------------------------------------------
 newpage:
#   no. =481   ix  = 15   iy  = 19
#   x = (   6.0000E-01  -   7.0000E-01  )
#   y = (   1.5000E-01  -   2.5000E-01  )

x: z[cm]
y: Dose [Gy/source]      
p: xlin ylog afac(0.8) form(0.9)
h: n            x            y(proton  ),hh0l n 
#  z-lower      z-upper        proton    r.err 
   9.8455E+01   9.8486E+01   3.5090E-01  0.0188
   9.8486E+01   9.8517E+01   3.5550E-01  0.0198
   9.8517E+01   9.8549E+01   3.4920E-01  0.0212
   9.8549E+01   9.8580E+01   3.4337E-01  0.0238

#   sum over    1.2500E-03   3.4974E-01  0.0182

'no. =481,  ix = 15,  iy = 19'
msuc: {\huge Histograma dosis-volumen del pouch}
msdr: {\it plotted by \ANGEL \version}
msdl: {\it calculated by \PHITS  3.35}
wt: s(0.7)
\vspace{-3}
  xmin  &=&   6.0000E-01 [cm]
  xmax  &=&   7.0000E-01 [cm]
  ymin  &=&   1.5000E-01 [cm]
  ymax  &=&   2.5000E-01 [cm]
e:

#------------------------------------------------------------------------------
 newpage:
#   no. =482   ix  = 15   iy  = 20
#   x = (   6.0000E-01  -   7.0000E-01  )
#   y = (   2.5000E-01  -   3.5000E-01  )

x: z[cm]
y: Dose [Gy/source]      
p: xlin ylog afac(0.8) form(0.9)
h: n            x            y(proton  ),hh0l n 
#  z-lower      z-upper        proton    r.err 
   9.8455E+01   9.8486E+01   3.6223E-01  0.0187
   9.8486E+01   9.8517E+01   3.5989E-01  0.0197
   9.8517E+01   9.8549E+01   3.5283E-01  0.0212
   9.8549E+01   9.8580E+01   3.3970E-01  0.0238

#   sum over    1.2500E-03   3.5366E-01  0.0181

'no. =482,  ix = 15,  iy = 20'
msuc: {\huge Histograma dosis-volumen del pouch}
msdr: {\it plotted by \ANGEL \version}
msdl: {\it calculated by \PHITS  3.35}
wt: s(0.7)
\vspace{-3}
  xmin  &=&   6.0000E-01 [cm]
  xmax  &=&   7.0000E-01 [cm]
  ymin  &=&   2.5000E-01 [cm]
  ymax  &=&   3.5000E-01 [cm]
e:

#------------------------------------------------------------------------------
 newpage:
#   no. =483   ix  = 15   iy  = 21
#   x = (   6.0000E-01  -   7.0000E-01  )
#   y = (   3.5000E-01  -   4.5000E-01  )

x: z[cm]
y: Dose [Gy/source]      
p: xlin ylog afac(0.8) form(0.9)
h: n            x            y(proton  ),hh0l n 
#  z-lower      z-upper        proton    r.err 
   9.8455E+01   9.8486E+01   3.5859E-01  0.0187
   9.8486E+01   9.8517E+01   3.6269E-01  0.0197
   9.8517E+01   9.8549E+01   3.5030E-01  0.0211
   9.8549E+01   9.8580E+01   3.4167E-01  0.0240

#   sum over    1.2500E-03   3.5332E-01  0.0180

'no. =483,  ix = 15,  iy = 21'
msuc: {\huge Histograma dosis-volumen del pouch}
msdr: {\it plotted by \ANGEL \version}
msdl: {\it calculated by \PHITS  3.35}
wt: s(0.7)
\vspace{-3}
  xmin  &=&   6.0000E-01 [cm]
  xmax  &=&   7.0000E-01 [cm]
  ymin  &=&   3.5000E-01 [cm]
  ymax  &=&   4.5000E-01 [cm]
e:

#------------------------------------------------------------------------------
 newpage:
#   no. =484   ix  = 15   iy  = 22
#   x = (   6.0000E-01  -   7.0000E-01  )
#   y = (   4.5000E-01  -   5.5000E-01  )

x: z[cm]
y: Dose [Gy/source]      
p: xlin ylog afac(0.8) form(0.9)
h: n            x            y(proton  ),hh0l n 
#  z-lower      z-upper        proton    r.err 
   9.8455E+01   9.8486E+01   3.5725E-01  0.0188
   9.8486E+01   9.8517E+01   3.5470E-01  0.0199
   9.8517E+01   9.8549E+01   3.4553E-01  0.0213
   9.8549E+01   9.8580E+01   3.3863E-01  0.0240

#   sum over    1.2500E-03   3.4902E-01  0.0182

'no. =484,  ix = 15,  iy = 22'
msuc: {\huge Histograma dosis-volumen del pouch}
msdr: {\it plotted by \ANGEL \version}
msdl: {\it calculated by \PHITS  3.35}
wt: s(0.7)
\vspace{-3}
  xmin  &=&   6.0000E-01 [cm]
  xmax  &=&   7.0000E-01 [cm]
  ymin  &=&   4.5000E-01 [cm]
  ymax  &=&   5.5000E-01 [cm]
e:

#------------------------------------------------------------------------------
 newpage:
#   no. =485   ix  = 15   iy  = 23
#   x = (   6.0000E-01  -   7.0000E-01  )
#   y = (   5.5000E-01  -   6.5000E-01  )

x: z[cm]
y: Dose [Gy/source]      
p: xlin ylog afac(0.8) form(0.9)
h: n            x            y(proton  ),hh0l n 
#  z-lower      z-upper        proton    r.err 
   9.8455E+01   9.8486E+01   3.6271E-01  0.0186
   9.8486E+01   9.8517E+01   3.6443E-01  0.0195
   9.8517E+01   9.8549E+01   3.5929E-01  0.0209
   9.8549E+01   9.8580E+01   3.3780E-01  0.0240

#   sum over    1.2500E-03   3.5606E-01  0.0180

'no. =485,  ix = 15,  iy = 23'
msuc: {\huge Histograma dosis-volumen del pouch}
msdr: {\it plotted by \ANGEL \version}
msdl: {\it calculated by \PHITS  3.35}
wt: s(0.7)
\vspace{-3}
  xmin  &=&   6.0000E-01 [cm]
  xmax  &=&   7.0000E-01 [cm]
  ymin  &=&   5.5000E-01 [cm]
  ymax  &=&   6.5000E-01 [cm]
e:

#------------------------------------------------------------------------------
 newpage:
#   no. =486   ix  = 15   iy  = 24
#   x = (   6.0000E-01  -   7.0000E-01  )
#   y = (   6.5000E-01  -   7.5000E-01  )

x: z[cm]
y: Dose [Gy/source]      
p: xlin ylog afac(0.8) form(0.9)
h: n            x            y(proton  ),hh0l n 
#  z-lower      z-upper        proton    r.err 
   9.8455E+01   9.8486E+01   3.5599E-01  0.0188
   9.8486E+01   9.8517E+01   3.6003E-01  0.0198
   9.8517E+01   9.8549E+01   3.5103E-01  0.0212
   9.8549E+01   9.8580E+01   3.3258E-01  0.0241

#   sum over    1.2500E-03   3.4991E-01  0.0182

'no. =486,  ix = 15,  iy = 24'
msuc: {\huge Histograma dosis-volumen del pouch}
msdr: {\it plotted by \ANGEL \version}
msdl: {\it calculated by \PHITS  3.35}
wt: s(0.7)
\vspace{-3}
  xmin  &=&   6.0000E-01 [cm]
  xmax  &=&   7.0000E-01 [cm]
  ymin  &=&   6.5000E-01 [cm]
  ymax  &=&   7.5000E-01 [cm]
e:

#------------------------------------------------------------------------------
 newpage:
#   no. =487   ix  = 15   iy  = 25
#   x = (   6.0000E-01  -   7.0000E-01  )
#   y = (   7.5000E-01  -   8.5000E-01  )

x: z[cm]
y: Dose [Gy/source]      
p: xlin ylog afac(0.8) form(0.9)
h: n            x            y(proton  ),hh0l n 
#  z-lower      z-upper        proton    r.err 
   9.8455E+01   9.8486E+01   3.6155E-01  0.0185
   9.8486E+01   9.8517E+01   3.7083E-01  0.0195
   9.8517E+01   9.8549E+01   3.5820E-01  0.0210
   9.8549E+01   9.8580E+01   3.4890E-01  0.0235

#   sum over    1.2500E-03   3.5987E-01  0.0180

'no. =487,  ix = 15,  iy = 25'
msuc: {\huge Histograma dosis-volumen del pouch}
msdr: {\it plotted by \ANGEL \version}
msdl: {\it calculated by \PHITS  3.35}
wt: s(0.7)
\vspace{-3}
  xmin  &=&   6.0000E-01 [cm]
  xmax  &=&   7.0000E-01 [cm]
  ymin  &=&   7.5000E-01 [cm]
  ymax  &=&   8.5000E-01 [cm]
e:

#------------------------------------------------------------------------------
 newpage:
#   no. =488   ix  = 15   iy  = 26
#   x = (   6.0000E-01  -   7.0000E-01  )
#   y = (   8.5000E-01  -   9.5000E-01  )

x: z[cm]
y: Dose [Gy/source]      
p: xlin ylog afac(0.8) form(0.9)
h: n            x            y(proton  ),hh0l n 
#  z-lower      z-upper        proton    r.err 
   9.8455E+01   9.8486E+01   3.5872E-01  0.0186
   9.8486E+01   9.8517E+01   3.6213E-01  0.0198
   9.8517E+01   9.8549E+01   3.4846E-01  0.0213
   9.8549E+01   9.8580E+01   3.3877E-01  0.0240

#   sum over    1.2500E-03   3.5202E-01  0.0181

'no. =488,  ix = 15,  iy = 26'
msuc: {\huge Histograma dosis-volumen del pouch}
msdr: {\it plotted by \ANGEL \version}
msdl: {\it calculated by \PHITS  3.35}
wt: s(0.7)
\vspace{-3}
  xmin  &=&   6.0000E-01 [cm]
  xmax  &=&   7.0000E-01 [cm]
  ymin  &=&   8.5000E-01 [cm]
  ymax  &=&   9.5000E-01 [cm]
e:

#------------------------------------------------------------------------------
 newpage:
#   no. =489   ix  = 15   iy  = 27
#   x = (   6.0000E-01  -   7.0000E-01  )
#   y = (   9.5000E-01  -   1.0500E+00  )

x: z[cm]
y: Dose [Gy/source]      
p: xlin ylog afac(0.8) form(0.9)
h: n            x            y(proton  ),hh0l n 
#  z-lower      z-upper        proton    r.err 
   9.8455E+01   9.8486E+01   3.6539E-01  0.0185
   9.8486E+01   9.8517E+01   3.7012E-01  0.0195
   9.8517E+01   9.8549E+01   3.5274E-01  0.0211
   9.8549E+01   9.8580E+01   3.4534E-01  0.0238

#   sum over    1.2500E-03   3.5840E-01  0.0179

'no. =489,  ix = 15,  iy = 27'
msuc: {\huge Histograma dosis-volumen del pouch}
msdr: {\it plotted by \ANGEL \version}
msdl: {\it calculated by \PHITS  3.35}
wt: s(0.7)
\vspace{-3}
  xmin  &=&   6.0000E-01 [cm]
  xmax  &=&   7.0000E-01 [cm]
  ymin  &=&   9.5000E-01 [cm]
  ymax  &=&   1.0500E+00 [cm]
e:

#------------------------------------------------------------------------------
 newpage:
#   no. =490   ix  = 15   iy  = 28
#   x = (   6.0000E-01  -   7.0000E-01  )
#   y = (   1.0500E+00  -   1.1500E+00  )

x: z[cm]
y: Dose [Gy/source]      
p: xlin ylog afac(0.8) form(0.9)
h: n            x            y(proton  ),hh0l n 
#  z-lower      z-upper        proton    r.err 
   9.8455E+01   9.8486E+01   3.6825E-01  0.0185
   9.8486E+01   9.8517E+01   3.7573E-01  0.0195
   9.8517E+01   9.8549E+01   3.5794E-01  0.0210
   9.8549E+01   9.8580E+01   3.4401E-01  0.0240

#   sum over    1.2500E-03   3.6148E-01  0.0180

'no. =490,  ix = 15,  iy = 28'
msuc: {\huge Histograma dosis-volumen del pouch}
msdr: {\it plotted by \ANGEL \version}
msdl: {\it calculated by \PHITS  3.35}
wt: s(0.7)
\vspace{-3}
  xmin  &=&   6.0000E-01 [cm]
  xmax  &=&   7.0000E-01 [cm]
  ymin  &=&   1.0500E+00 [cm]
  ymax  &=&   1.1500E+00 [cm]
e:

#------------------------------------------------------------------------------
 newpage:
#   no. =491   ix  = 15   iy  = 29
#   x = (   6.0000E-01  -   7.0000E-01  )
#   y = (   1.1500E+00  -   1.2500E+00  )

x: z[cm]
y: Dose [Gy/source]      
p: xlin ylog afac(0.8) form(0.9)
h: n            x            y(proton  ),hh0l n 
#  z-lower      z-upper        proton    r.err 
   9.8455E+01   9.8486E+01   3.8419E-01  0.0180
   9.8486E+01   9.8517E+01   3.8077E-01  0.0192
   9.8517E+01   9.8549E+01   3.6833E-01  0.0207
   9.8549E+01   9.8580E+01   3.6225E-01  0.0234

#   sum over    1.2500E-03   3.7389E-01  0.0176

'no. =491,  ix = 15,  iy = 29'
msuc: {\huge Histograma dosis-volumen del pouch}
msdr: {\it plotted by \ANGEL \version}
msdl: {\it calculated by \PHITS  3.35}
wt: s(0.7)
\vspace{-3}
  xmin  &=&   6.0000E-01 [cm]
  xmax  &=&   7.0000E-01 [cm]
  ymin  &=&   1.1500E+00 [cm]
  ymax  &=&   1.2500E+00 [cm]
e:

#------------------------------------------------------------------------------
 newpage:
#   no. =492   ix  = 15   iy  = 30
#   x = (   6.0000E-01  -   7.0000E-01  )
#   y = (   1.2500E+00  -   1.3500E+00  )

x: z[cm]
y: Dose [Gy/source]      
p: xlin ylog afac(0.8) form(0.9)
h: n            x            y(proton  ),hh0l n 
#  z-lower      z-upper        proton    r.err 
   9.8455E+01   9.8486E+01   3.6043E-01  0.0186
   9.8486E+01   9.8517E+01   3.6913E-01  0.0196
   9.8517E+01   9.8549E+01   3.5741E-01  0.0211
   9.8549E+01   9.8580E+01   3.3813E-01  0.0242

#   sum over    1.2500E-03   3.5628E-01  0.0180

'no. =492,  ix = 15,  iy = 30'
msuc: {\huge Histograma dosis-volumen del pouch}
msdr: {\it plotted by \ANGEL \version}
msdl: {\it calculated by \PHITS  3.35}
wt: s(0.7)
\vspace{-3}
  xmin  &=&   6.0000E-01 [cm]
  xmax  &=&   7.0000E-01 [cm]
  ymin  &=&   1.2500E+00 [cm]
  ymax  &=&   1.3500E+00 [cm]
e:

#------------------------------------------------------------------------------
 newpage:
#   no. =493   ix  = 15   iy  = 31
#   x = (   6.0000E-01  -   7.0000E-01  )
#   y = (   1.3500E+00  -   1.4500E+00  )

x: z[cm]
y: Dose [Gy/source]      
p: xlin ylog afac(0.8) form(0.9)
h: n            x            y(proton  ),hh0l n 
#  z-lower      z-upper        proton    r.err 
   9.8455E+01   9.8486E+01   3.6980E-01  0.0184
   9.8486E+01   9.8517E+01   3.6899E-01  0.0195
   9.8517E+01   9.8549E+01   3.5964E-01  0.0211
   9.8549E+01   9.8580E+01   3.4666E-01  0.0239

#   sum over    1.2500E-03   3.6127E-01  0.0179

'no. =493,  ix = 15,  iy = 31'
msuc: {\huge Histograma dosis-volumen del pouch}
msdr: {\it plotted by \ANGEL \version}
msdl: {\it calculated by \PHITS  3.35}
wt: s(0.7)
\vspace{-3}
  xmin  &=&   6.0000E-01 [cm]
  xmax  &=&   7.0000E-01 [cm]
  ymin  &=&   1.3500E+00 [cm]
  ymax  &=&   1.4500E+00 [cm]
e:

#------------------------------------------------------------------------------
 newpage:
#   no. =494   ix  = 15   iy  = 32
#   x = (   6.0000E-01  -   7.0000E-01  )
#   y = (   1.4500E+00  -   1.5500E+00  )

x: z[cm]
y: Dose [Gy/source]      
p: xlin ylog afac(0.8) form(0.9)
h: n            x            y(proton  ),hh0l n 
#  z-lower      z-upper        proton    r.err 
   9.8455E+01   9.8486E+01   3.7778E-01  0.0182
   9.8486E+01   9.8517E+01   3.7756E-01  0.0194
   9.8517E+01   9.8549E+01   3.6120E-01  0.0209
   9.8549E+01   9.8580E+01   3.4877E-01  0.0237

#   sum over    1.2500E-03   3.6633E-01  0.0177

'no. =494,  ix = 15,  iy = 32'
msuc: {\huge Histograma dosis-volumen del pouch}
msdr: {\it plotted by \ANGEL \version}
msdl: {\it calculated by \PHITS  3.35}
wt: s(0.7)
\vspace{-3}
  xmin  &=&   6.0000E-01 [cm]
  xmax  &=&   7.0000E-01 [cm]
  ymin  &=&   1.4500E+00 [cm]
  ymax  &=&   1.5500E+00 [cm]
e:

#------------------------------------------------------------------------------
 newpage:
#   no. =495   ix  = 15   iy  = 33
#   x = (   6.0000E-01  -   7.0000E-01  )
#   y = (   1.5500E+00  -   1.6500E+00  )

x: z[cm]
y: Dose [Gy/source]      
p: xlin ylog afac(0.8) form(0.9)
h: n            x            y(proton  ),hh0l n 
#  z-lower      z-upper        proton    r.err 
   9.8455E+01   9.8486E+01   3.5637E-01  0.0187
   9.8486E+01   9.8517E+01   3.6531E-01  0.0196
   9.8517E+01   9.8549E+01   3.5397E-01  0.0210
   9.8549E+01   9.8580E+01   3.4569E-01  0.0239

#   sum over    1.2500E-03   3.5534E-01  0.0182

'no. =495,  ix = 15,  iy = 33'
msuc: {\huge Histograma dosis-volumen del pouch}
msdr: {\it plotted by \ANGEL \version}
msdl: {\it calculated by \PHITS  3.35}
wt: s(0.7)
\vspace{-3}
  xmin  &=&   6.0000E-01 [cm]
  xmax  &=&   7.0000E-01 [cm]
  ymin  &=&   1.5500E+00 [cm]
  ymax  &=&   1.6500E+00 [cm]
e:

#------------------------------------------------------------------------------
 newpage:
#   no. =496   ix  = 16   iy  =  1
#   x = (   7.0000E-01  -   8.0000E-01  )
#   y = (  -1.6500E+00  -  -1.5500E+00  )

x: z[cm]
y: Dose [Gy/source]      
p: xlin ylog afac(0.8) form(0.9)
h: n            x            y(proton  ),hh0l n 
#  z-lower      z-upper        proton    r.err 
   9.8455E+01   9.8486E+01   0.0000E+00  0.0000
   9.8486E+01   9.8517E+01   0.0000E+00  0.0000
   9.8517E+01   9.8549E+01   0.0000E+00  0.0000
   9.8549E+01   9.8580E+01   0.0000E+00  0.0000

#   sum over    1.2500E-03   0.0000E+00  0.0000

'no. =496,  ix = 16,  iy =  1'
msuc: {\huge Histograma dosis-volumen del pouch}
msdr: {\it plotted by \ANGEL \version}
msdl: {\it calculated by \PHITS  3.35}
wt: s(0.7)
\vspace{-3}
  xmin  &=&   7.0000E-01 [cm]
  xmax  &=&   8.0000E-01 [cm]
  ymin  &=&  -1.6500E+00 [cm]
  ymax  &=&  -1.5500E+00 [cm]
e:

#------------------------------------------------------------------------------
 newpage:
#   no. =497   ix  = 16   iy  =  2
#   x = (   7.0000E-01  -   8.0000E-01  )
#   y = (  -1.5500E+00  -  -1.4500E+00  )

x: z[cm]
y: Dose [Gy/source]      
p: xlin ylog afac(0.8) form(0.9)
h: n            x            y(proton  ),hh0l n 
#  z-lower      z-upper        proton    r.err 
   9.8455E+01   9.8486E+01   0.0000E+00  0.0000
   9.8486E+01   9.8517E+01   1.7488E-04  0.7075
   9.8517E+01   9.8549E+01   3.0961E-04  0.6923
   9.8549E+01   9.8580E+01   1.2217E-04  0.8850

#   sum over    1.2500E-03   1.5166E-04  0.6034

'no. =497,  ix = 16,  iy =  2'
msuc: {\huge Histograma dosis-volumen del pouch}
msdr: {\it plotted by \ANGEL \version}
msdl: {\it calculated by \PHITS  3.35}
wt: s(0.7)
\vspace{-3}
  xmin  &=&   7.0000E-01 [cm]
  xmax  &=&   8.0000E-01 [cm]
  ymin  &=&  -1.5500E+00 [cm]
  ymax  &=&  -1.4500E+00 [cm]
e:

#------------------------------------------------------------------------------
 newpage:
#   no. =498   ix  = 16   iy  =  3
#   x = (   7.0000E-01  -   8.0000E-01  )
#   y = (  -1.4500E+00  -  -1.3500E+00  )

x: z[cm]
y: Dose [Gy/source]      
p: xlin ylog afac(0.8) form(0.9)
h: n            x            y(proton  ),hh0l n 
#  z-lower      z-upper        proton    r.err 
   9.8455E+01   9.8486E+01   1.4105E-04  1.0000
   9.8486E+01   9.8517E+01   7.0745E-04  0.6326
   9.8517E+01   9.8549E+01   1.2437E-04  1.0000
   9.8549E+01   9.8580E+01   0.0000E+00  0.0000

#   sum over    1.2500E-03   2.4322E-04  0.7123

'no. =498,  ix = 16,  iy =  3'
msuc: {\huge Histograma dosis-volumen del pouch}
msdr: {\it plotted by \ANGEL \version}
msdl: {\it calculated by \PHITS  3.35}
wt: s(0.7)
\vspace{-3}
  xmin  &=&   7.0000E-01 [cm]
  xmax  &=&   8.0000E-01 [cm]
  ymin  &=&  -1.4500E+00 [cm]
  ymax  &=&  -1.3500E+00 [cm]
e:

#------------------------------------------------------------------------------
 newpage:
#   no. =499   ix  = 16   iy  =  4
#   x = (   7.0000E-01  -   8.0000E-01  )
#   y = (  -1.3500E+00  -  -1.2500E+00  )

x: z[cm]
y: Dose [Gy/source]      
p: xlin ylog afac(0.8) form(0.9)
h: n            x            y(proton  ),hh0l n 
#  z-lower      z-upper        proton    r.err 
   9.8455E+01   9.8486E+01   2.6880E-01  0.0223
   9.8486E+01   9.8517E+01   2.6640E-01  0.0232
   9.8517E+01   9.8549E+01   2.6070E-01  0.0250
   9.8549E+01   9.8580E+01   2.4704E-01  0.0283

#   sum over    1.2500E-03   2.6073E-01  0.0213

'no. =499,  ix = 16,  iy =  4'
msuc: {\huge Histograma dosis-volumen del pouch}
msdr: {\it plotted by \ANGEL \version}
msdl: {\it calculated by \PHITS  3.35}
wt: s(0.7)
\vspace{-3}
  xmin  &=&   7.0000E-01 [cm]
  xmax  &=&   8.0000E-01 [cm]
  ymin  &=&  -1.3500E+00 [cm]
  ymax  &=&  -1.2500E+00 [cm]
e:

#------------------------------------------------------------------------------
 newpage:
#   no. =500   ix  = 16   iy  =  5
#   x = (   7.0000E-01  -   8.0000E-01  )
#   y = (  -1.2500E+00  -  -1.1500E+00  )

x: z[cm]
y: Dose [Gy/source]      
p: xlin ylog afac(0.8) form(0.9)
h: n            x            y(proton  ),hh0l n 
#  z-lower      z-upper        proton    r.err 
   9.8455E+01   9.8486E+01   3.7528E-01  0.0184
   9.8486E+01   9.8517E+01   3.7250E-01  0.0194
   9.8517E+01   9.8549E+01   3.6208E-01  0.0209
   9.8549E+01   9.8580E+01   3.4950E-01  0.0238

#   sum over    1.2500E-03   3.6484E-01  0.0178

'no. =500,  ix = 16,  iy =  5'
msuc: {\huge Histograma dosis-volumen del pouch}
msdr: {\it plotted by \ANGEL \version}
msdl: {\it calculated by \PHITS  3.35}
wt: s(0.7)
\vspace{-3}
  xmin  &=&   7.0000E-01 [cm]
  xmax  &=&   8.0000E-01 [cm]
  ymin  &=&  -1.2500E+00 [cm]
  ymax  &=&  -1.1500E+00 [cm]
e:

#------------------------------------------------------------------------------
 newpage:
#   no. =501   ix  = 16   iy  =  6
#   x = (   7.0000E-01  -   8.0000E-01  )
#   y = (  -1.1500E+00  -  -1.0500E+00  )

x: z[cm]
y: Dose [Gy/source]      
p: xlin ylog afac(0.8) form(0.9)
h: n            x            y(proton  ),hh0l n 
#  z-lower      z-upper        proton    r.err 
   9.8455E+01   9.8486E+01   3.6471E-01  0.0184
   9.8486E+01   9.8517E+01   3.6858E-01  0.0194
   9.8517E+01   9.8549E+01   3.6290E-01  0.0207
   9.8549E+01   9.8580E+01   3.6487E-01  0.0232

#   sum over    1.2500E-03   3.6527E-01  0.0179

'no. =501,  ix = 16,  iy =  6'
msuc: {\huge Histograma dosis-volumen del pouch}
msdr: {\it plotted by \ANGEL \version}
msdl: {\it calculated by \PHITS  3.35}
wt: s(0.7)
\vspace{-3}
  xmin  &=&   7.0000E-01 [cm]
  xmax  &=&   8.0000E-01 [cm]
  ymin  &=&  -1.1500E+00 [cm]
  ymax  &=&  -1.0500E+00 [cm]
e:

#------------------------------------------------------------------------------
 newpage:
#   no. =502   ix  = 16   iy  =  7
#   x = (   7.0000E-01  -   8.0000E-01  )
#   y = (  -1.0500E+00  -  -9.5000E-01  )

x: z[cm]
y: Dose [Gy/source]      
p: xlin ylog afac(0.8) form(0.9)
h: n            x            y(proton  ),hh0l n 
#  z-lower      z-upper        proton    r.err 
   9.8455E+01   9.8486E+01   3.7005E-01  0.0184
   9.8486E+01   9.8517E+01   3.7464E-01  0.0194
   9.8517E+01   9.8549E+01   3.6560E-01  0.0208
   9.8549E+01   9.8580E+01   3.5665E-01  0.0236

#   sum over    1.2500E-03   3.6674E-01  0.0179

'no. =502,  ix = 16,  iy =  7'
msuc: {\huge Histograma dosis-volumen del pouch}
msdr: {\it plotted by \ANGEL \version}
msdl: {\it calculated by \PHITS  3.35}
wt: s(0.7)
\vspace{-3}
  xmin  &=&   7.0000E-01 [cm]
  xmax  &=&   8.0000E-01 [cm]
  ymin  &=&  -1.0500E+00 [cm]
  ymax  &=&  -9.5000E-01 [cm]
e:

#------------------------------------------------------------------------------
 newpage:
#   no. =503   ix  = 16   iy  =  8
#   x = (   7.0000E-01  -   8.0000E-01  )
#   y = (  -9.5000E-01  -  -8.5000E-01  )

x: z[cm]
y: Dose [Gy/source]      
p: xlin ylog afac(0.8) form(0.9)
h: n            x            y(proton  ),hh0l n 
#  z-lower      z-upper        proton    r.err 
   9.8455E+01   9.8486E+01   3.6926E-01  0.0186
   9.8486E+01   9.8517E+01   3.6640E-01  0.0196
   9.8517E+01   9.8549E+01   3.4762E-01  0.0211
   9.8549E+01   9.8580E+01   3.5257E-01  0.0237

#   sum over    1.2500E-03   3.5896E-01  0.0180

'no. =503,  ix = 16,  iy =  8'
msuc: {\huge Histograma dosis-volumen del pouch}
msdr: {\it plotted by \ANGEL \version}
msdl: {\it calculated by \PHITS  3.35}
wt: s(0.7)
\vspace{-3}
  xmin  &=&   7.0000E-01 [cm]
  xmax  &=&   8.0000E-01 [cm]
  ymin  &=&  -9.5000E-01 [cm]
  ymax  &=&  -8.5000E-01 [cm]
e:

#------------------------------------------------------------------------------
 newpage:
#   no. =504   ix  = 16   iy  =  9
#   x = (   7.0000E-01  -   8.0000E-01  )
#   y = (  -8.5000E-01  -  -7.5000E-01  )

x: z[cm]
y: Dose [Gy/source]      
p: xlin ylog afac(0.8) form(0.9)
h: n            x            y(proton  ),hh0l n 
#  z-lower      z-upper        proton    r.err 
   9.8455E+01   9.8486E+01   3.6863E-01  0.0185
   9.8486E+01   9.8517E+01   3.6715E-01  0.0196
   9.8517E+01   9.8549E+01   3.5630E-01  0.0211
   9.8549E+01   9.8580E+01   3.4485E-01  0.0239

#   sum over    1.2500E-03   3.5923E-01  0.0180

'no. =504,  ix = 16,  iy =  9'
msuc: {\huge Histograma dosis-volumen del pouch}
msdr: {\it plotted by \ANGEL \version}
msdl: {\it calculated by \PHITS  3.35}
wt: s(0.7)
\vspace{-3}
  xmin  &=&   7.0000E-01 [cm]
  xmax  &=&   8.0000E-01 [cm]
  ymin  &=&  -8.5000E-01 [cm]
  ymax  &=&  -7.5000E-01 [cm]
e:

#------------------------------------------------------------------------------
 newpage:
#   no. =505   ix  = 16   iy  = 10
#   x = (   7.0000E-01  -   8.0000E-01  )
#   y = (  -7.5000E-01  -  -6.5000E-01  )

x: z[cm]
y: Dose [Gy/source]      
p: xlin ylog afac(0.8) form(0.9)
h: n            x            y(proton  ),hh0l n 
#  z-lower      z-upper        proton    r.err 
   9.8455E+01   9.8486E+01   3.6343E-01  0.0186
   9.8486E+01   9.8517E+01   3.6331E-01  0.0198
   9.8517E+01   9.8549E+01   3.4563E-01  0.0214
   9.8549E+01   9.8580E+01   3.2955E-01  0.0244

#   sum over    1.2500E-03   3.5048E-01  0.0181

'no. =505,  ix = 16,  iy = 10'
msuc: {\huge Histograma dosis-volumen del pouch}
msdr: {\it plotted by \ANGEL \version}
msdl: {\it calculated by \PHITS  3.35}
wt: s(0.7)
\vspace{-3}
  xmin  &=&   7.0000E-01 [cm]
  xmax  &=&   8.0000E-01 [cm]
  ymin  &=&  -7.5000E-01 [cm]
  ymax  &=&  -6.5000E-01 [cm]
e:

#------------------------------------------------------------------------------
 newpage:
#   no. =506   ix  = 16   iy  = 11
#   x = (   7.0000E-01  -   8.0000E-01  )
#   y = (  -6.5000E-01  -  -5.5000E-01  )

x: z[cm]
y: Dose [Gy/source]      
p: xlin ylog afac(0.8) form(0.9)
h: n            x            y(proton  ),hh0l n 
#  z-lower      z-upper        proton    r.err 
   9.8455E+01   9.8486E+01   3.6381E-01  0.0186
   9.8486E+01   9.8517E+01   3.6413E-01  0.0196
   9.8517E+01   9.8549E+01   3.5653E-01  0.0211
   9.8549E+01   9.8580E+01   3.3789E-01  0.0240

#   sum over    1.2500E-03   3.5559E-01  0.0180

'no. =506,  ix = 16,  iy = 11'
msuc: {\huge Histograma dosis-volumen del pouch}
msdr: {\it plotted by \ANGEL \version}
msdl: {\it calculated by \PHITS  3.35}
wt: s(0.7)
\vspace{-3}
  xmin  &=&   7.0000E-01 [cm]
  xmax  &=&   8.0000E-01 [cm]
  ymin  &=&  -6.5000E-01 [cm]
  ymax  &=&  -5.5000E-01 [cm]
e:

#------------------------------------------------------------------------------
 newpage:
#   no. =507   ix  = 16   iy  = 12
#   x = (   7.0000E-01  -   8.0000E-01  )
#   y = (  -5.5000E-01  -  -4.5000E-01  )

x: z[cm]
y: Dose [Gy/source]      
p: xlin ylog afac(0.8) form(0.9)
h: n            x            y(proton  ),hh0l n 
#  z-lower      z-upper        proton    r.err 
   9.8455E+01   9.8486E+01   3.6741E-01  0.0185
   9.8486E+01   9.8517E+01   3.7031E-01  0.0196
   9.8517E+01   9.8549E+01   3.5332E-01  0.0212
   9.8549E+01   9.8580E+01   3.3657E-01  0.0241

#   sum over    1.2500E-03   3.5690E-01  0.0179

'no. =507,  ix = 16,  iy = 12'
msuc: {\huge Histograma dosis-volumen del pouch}
msdr: {\it plotted by \ANGEL \version}
msdl: {\it calculated by \PHITS  3.35}
wt: s(0.7)
\vspace{-3}
  xmin  &=&   7.0000E-01 [cm]
  xmax  &=&   8.0000E-01 [cm]
  ymin  &=&  -5.5000E-01 [cm]
  ymax  &=&  -4.5000E-01 [cm]
e:

#------------------------------------------------------------------------------
 newpage:
#   no. =508   ix  = 16   iy  = 13
#   x = (   7.0000E-01  -   8.0000E-01  )
#   y = (  -4.5000E-01  -  -3.5000E-01  )

x: z[cm]
y: Dose [Gy/source]      
p: xlin ylog afac(0.8) form(0.9)
h: n            x            y(proton  ),hh0l n 
#  z-lower      z-upper        proton    r.err 
   9.8455E+01   9.8486E+01   3.6294E-01  0.0186
   9.8486E+01   9.8517E+01   3.6852E-01  0.0197
   9.8517E+01   9.8549E+01   3.5419E-01  0.0211
   9.8549E+01   9.8580E+01   3.3379E-01  0.0241

#   sum over    1.2500E-03   3.5486E-01  0.0181

'no. =508,  ix = 16,  iy = 13'
msuc: {\huge Histograma dosis-volumen del pouch}
msdr: {\it plotted by \ANGEL \version}
msdl: {\it calculated by \PHITS  3.35}
wt: s(0.7)
\vspace{-3}
  xmin  &=&   7.0000E-01 [cm]
  xmax  &=&   8.0000E-01 [cm]
  ymin  &=&  -4.5000E-01 [cm]
  ymax  &=&  -3.5000E-01 [cm]
e:

#------------------------------------------------------------------------------
 newpage:
#   no. =509   ix  = 16   iy  = 14
#   x = (   7.0000E-01  -   8.0000E-01  )
#   y = (  -3.5000E-01  -  -2.5000E-01  )

x: z[cm]
y: Dose [Gy/source]      
p: xlin ylog afac(0.8) form(0.9)
h: n            x            y(proton  ),hh0l n 
#  z-lower      z-upper        proton    r.err 
   9.8455E+01   9.8486E+01   3.5872E-01  0.0186
   9.8486E+01   9.8517E+01   3.6573E-01  0.0197
   9.8517E+01   9.8549E+01   3.5095E-01  0.0212
   9.8549E+01   9.8580E+01   3.4265E-01  0.0239

#   sum over    1.2500E-03   3.5451E-01  0.0180

'no. =509,  ix = 16,  iy = 14'
msuc: {\huge Histograma dosis-volumen del pouch}
msdr: {\it plotted by \ANGEL \version}
msdl: {\it calculated by \PHITS  3.35}
wt: s(0.7)
\vspace{-3}
  xmin  &=&   7.0000E-01 [cm]
  xmax  &=&   8.0000E-01 [cm]
  ymin  &=&  -3.5000E-01 [cm]
  ymax  &=&  -2.5000E-01 [cm]
e:

#------------------------------------------------------------------------------
 newpage:
#   no. =510   ix  = 16   iy  = 15
#   x = (   7.0000E-01  -   8.0000E-01  )
#   y = (  -2.5000E-01  -  -1.5000E-01  )

x: z[cm]
y: Dose [Gy/source]      
p: xlin ylog afac(0.8) form(0.9)
h: n            x            y(proton  ),hh0l n 
#  z-lower      z-upper        proton    r.err 
   9.8455E+01   9.8486E+01   3.5720E-01  0.0186
   9.8486E+01   9.8517E+01   3.5767E-01  0.0197
   9.8517E+01   9.8549E+01   3.4978E-01  0.0211
   9.8549E+01   9.8580E+01   3.4578E-01  0.0238

#   sum over    1.2500E-03   3.5261E-01  0.0181

'no. =510,  ix = 16,  iy = 15'
msuc: {\huge Histograma dosis-volumen del pouch}
msdr: {\it plotted by \ANGEL \version}
msdl: {\it calculated by \PHITS  3.35}
wt: s(0.7)
\vspace{-3}
  xmin  &=&   7.0000E-01 [cm]
  xmax  &=&   8.0000E-01 [cm]
  ymin  &=&  -2.5000E-01 [cm]
  ymax  &=&  -1.5000E-01 [cm]
e:

#------------------------------------------------------------------------------
 newpage:
#   no. =511   ix  = 16   iy  = 16
#   x = (   7.0000E-01  -   8.0000E-01  )
#   y = (  -1.5000E-01  -  -5.0000E-02  )

x: z[cm]
y: Dose [Gy/source]      
p: xlin ylog afac(0.8) form(0.9)
h: n            x            y(proton  ),hh0l n 
#  z-lower      z-upper        proton    r.err 
   9.8455E+01   9.8486E+01   3.7250E-01  0.0184
   9.8486E+01   9.8517E+01   3.7541E-01  0.0196
   9.8517E+01   9.8549E+01   3.4711E-01  0.0212
   9.8549E+01   9.8580E+01   3.4302E-01  0.0238

#   sum over    1.2500E-03   3.5952E-01  0.0179

'no. =511,  ix = 16,  iy = 16'
msuc: {\huge Histograma dosis-volumen del pouch}
msdr: {\it plotted by \ANGEL \version}
msdl: {\it calculated by \PHITS  3.35}
wt: s(0.7)
\vspace{-3}
  xmin  &=&   7.0000E-01 [cm]
  xmax  &=&   8.0000E-01 [cm]
  ymin  &=&  -1.5000E-01 [cm]
  ymax  &=&  -5.0000E-02 [cm]
e:

#------------------------------------------------------------------------------
 newpage:
#   no. =512   ix  = 16   iy  = 17
#   x = (   7.0000E-01  -   8.0000E-01  )
#   y = (  -5.0000E-02  -   5.0000E-02  )

x: z[cm]
y: Dose [Gy/source]      
p: xlin ylog afac(0.8) form(0.9)
h: n            x            y(proton  ),hh0l n 
#  z-lower      z-upper        proton    r.err 
   9.8455E+01   9.8486E+01   3.5631E-01  0.0187
   9.8486E+01   9.8517E+01   3.5381E-01  0.0198
   9.8517E+01   9.8549E+01   3.4052E-01  0.0215
   9.8549E+01   9.8580E+01   3.3765E-01  0.0241

#   sum over    1.2500E-03   3.4707E-01  0.0182

'no. =512,  ix = 16,  iy = 17'
msuc: {\huge Histograma dosis-volumen del pouch}
msdr: {\it plotted by \ANGEL \version}
msdl: {\it calculated by \PHITS  3.35}
wt: s(0.7)
\vspace{-3}
  xmin  &=&   7.0000E-01 [cm]
  xmax  &=&   8.0000E-01 [cm]
  ymin  &=&  -5.0000E-02 [cm]
  ymax  &=&   5.0000E-02 [cm]
e:

#------------------------------------------------------------------------------
 newpage:
#   no. =513   ix  = 16   iy  = 18
#   x = (   7.0000E-01  -   8.0000E-01  )
#   y = (   5.0000E-02  -   1.5000E-01  )

x: z[cm]
y: Dose [Gy/source]      
p: xlin ylog afac(0.8) form(0.9)
h: n            x            y(proton  ),hh0l n 
#  z-lower      z-upper        proton    r.err 
   9.8455E+01   9.8486E+01   3.5742E-01  0.0187
   9.8486E+01   9.8517E+01   3.5964E-01  0.0198
   9.8517E+01   9.8549E+01   3.4388E-01  0.0213
   9.8549E+01   9.8580E+01   3.3619E-01  0.0240

#   sum over    1.2500E-03   3.4928E-01  0.0181

'no. =513,  ix = 16,  iy = 18'
msuc: {\huge Histograma dosis-volumen del pouch}
msdr: {\it plotted by \ANGEL \version}
msdl: {\it calculated by \PHITS  3.35}
wt: s(0.7)
\vspace{-3}
  xmin  &=&   7.0000E-01 [cm]
  xmax  &=&   8.0000E-01 [cm]
  ymin  &=&   5.0000E-02 [cm]
  ymax  &=&   1.5000E-01 [cm]
e:

#------------------------------------------------------------------------------
 newpage:
#   no. =514   ix  = 16   iy  = 19
#   x = (   7.0000E-01  -   8.0000E-01  )
#   y = (   1.5000E-01  -   2.5000E-01  )

x: z[cm]
y: Dose [Gy/source]      
p: xlin ylog afac(0.8) form(0.9)
h: n            x            y(proton  ),hh0l n 
#  z-lower      z-upper        proton    r.err 
   9.8455E+01   9.8486E+01   3.5696E-01  0.0186
   9.8486E+01   9.8517E+01   3.6043E-01  0.0197
   9.8517E+01   9.8549E+01   3.5091E-01  0.0212
   9.8549E+01   9.8580E+01   3.3775E-01  0.0240

#   sum over    1.2500E-03   3.5151E-01  0.0182

'no. =514,  ix = 16,  iy = 19'
msuc: {\huge Histograma dosis-volumen del pouch}
msdr: {\it plotted by \ANGEL \version}
msdl: {\it calculated by \PHITS  3.35}
wt: s(0.7)
\vspace{-3}
  xmin  &=&   7.0000E-01 [cm]
  xmax  &=&   8.0000E-01 [cm]
  ymin  &=&   1.5000E-01 [cm]
  ymax  &=&   2.5000E-01 [cm]
e:

#------------------------------------------------------------------------------
 newpage:
#   no. =515   ix  = 16   iy  = 20
#   x = (   7.0000E-01  -   8.0000E-01  )
#   y = (   2.5000E-01  -   3.5000E-01  )

x: z[cm]
y: Dose [Gy/source]      
p: xlin ylog afac(0.8) form(0.9)
h: n            x            y(proton  ),hh0l n 
#  z-lower      z-upper        proton    r.err 
   9.8455E+01   9.8486E+01   3.4308E-01  0.0191
   9.8486E+01   9.8517E+01   3.4907E-01  0.0203
   9.8517E+01   9.8549E+01   3.2401E-01  0.0220
   9.8549E+01   9.8580E+01   3.1608E-01  0.0248

#   sum over    1.2500E-03   3.3306E-01  0.0186

'no. =515,  ix = 16,  iy = 20'
msuc: {\huge Histograma dosis-volumen del pouch}
msdr: {\it plotted by \ANGEL \version}
msdl: {\it calculated by \PHITS  3.35}
wt: s(0.7)
\vspace{-3}
  xmin  &=&   7.0000E-01 [cm]
  xmax  &=&   8.0000E-01 [cm]
  ymin  &=&   2.5000E-01 [cm]
  ymax  &=&   3.5000E-01 [cm]
e:

#------------------------------------------------------------------------------
 newpage:
#   no. =516   ix  = 16   iy  = 21
#   x = (   7.0000E-01  -   8.0000E-01  )
#   y = (   3.5000E-01  -   4.5000E-01  )

x: z[cm]
y: Dose [Gy/source]      
p: xlin ylog afac(0.8) form(0.9)
h: n            x            y(proton  ),hh0l n 
#  z-lower      z-upper        proton    r.err 
   9.8455E+01   9.8486E+01   3.5115E-01  0.0189
   9.8486E+01   9.8517E+01   3.5644E-01  0.0198
   9.8517E+01   9.8549E+01   3.4376E-01  0.0213
   9.8549E+01   9.8580E+01   3.3795E-01  0.0240

#   sum over    1.2500E-03   3.4732E-01  0.0182

'no. =516,  ix = 16,  iy = 21'
msuc: {\huge Histograma dosis-volumen del pouch}
msdr: {\it plotted by \ANGEL \version}
msdl: {\it calculated by \PHITS  3.35}
wt: s(0.7)
\vspace{-3}
  xmin  &=&   7.0000E-01 [cm]
  xmax  &=&   8.0000E-01 [cm]
  ymin  &=&   3.5000E-01 [cm]
  ymax  &=&   4.5000E-01 [cm]
e:

#------------------------------------------------------------------------------
 newpage:
#   no. =517   ix  = 16   iy  = 22
#   x = (   7.0000E-01  -   8.0000E-01  )
#   y = (   4.5000E-01  -   5.5000E-01  )

x: z[cm]
y: Dose [Gy/source]      
p: xlin ylog afac(0.8) form(0.9)
h: n            x            y(proton  ),hh0l n 
#  z-lower      z-upper        proton    r.err 
   9.8455E+01   9.8486E+01   3.6373E-01  0.0186
   9.8486E+01   9.8517E+01   3.6286E-01  0.0197
   9.8517E+01   9.8549E+01   3.4487E-01  0.0214
   9.8549E+01   9.8580E+01   3.3340E-01  0.0243

#   sum over    1.2500E-03   3.5122E-01  0.0181

'no. =517,  ix = 16,  iy = 22'
msuc: {\huge Histograma dosis-volumen del pouch}
msdr: {\it plotted by \ANGEL \version}
msdl: {\it calculated by \PHITS  3.35}
wt: s(0.7)
\vspace{-3}
  xmin  &=&   7.0000E-01 [cm]
  xmax  &=&   8.0000E-01 [cm]
  ymin  &=&   4.5000E-01 [cm]
  ymax  &=&   5.5000E-01 [cm]
e:

#------------------------------------------------------------------------------
 newpage:
#   no. =518   ix  = 16   iy  = 23
#   x = (   7.0000E-01  -   8.0000E-01  )
#   y = (   5.5000E-01  -   6.5000E-01  )

x: z[cm]
y: Dose [Gy/source]      
p: xlin ylog afac(0.8) form(0.9)
h: n            x            y(proton  ),hh0l n 
#  z-lower      z-upper        proton    r.err 
   9.8455E+01   9.8486E+01   3.5819E-01  0.0187
   9.8486E+01   9.8517E+01   3.6376E-01  0.0196
   9.8517E+01   9.8549E+01   3.5097E-01  0.0212
   9.8549E+01   9.8580E+01   3.4564E-01  0.0239

#   sum over    1.2500E-03   3.5464E-01  0.0181

'no. =518,  ix = 16,  iy = 23'
msuc: {\huge Histograma dosis-volumen del pouch}
msdr: {\it plotted by \ANGEL \version}
msdl: {\it calculated by \PHITS  3.35}
wt: s(0.7)
\vspace{-3}
  xmin  &=&   7.0000E-01 [cm]
  xmax  &=&   8.0000E-01 [cm]
  ymin  &=&   5.5000E-01 [cm]
  ymax  &=&   6.5000E-01 [cm]
e:

#------------------------------------------------------------------------------
 newpage:
#   no. =519   ix  = 16   iy  = 24
#   x = (   7.0000E-01  -   8.0000E-01  )
#   y = (   6.5000E-01  -   7.5000E-01  )

x: z[cm]
y: Dose [Gy/source]      
p: xlin ylog afac(0.8) form(0.9)
h: n            x            y(proton  ),hh0l n 
#  z-lower      z-upper        proton    r.err 
   9.8455E+01   9.8486E+01   3.6085E-01  0.0186
   9.8486E+01   9.8517E+01   3.6868E-01  0.0196
   9.8517E+01   9.8549E+01   3.5062E-01  0.0211
   9.8549E+01   9.8580E+01   3.4179E-01  0.0240

#   sum over    1.2500E-03   3.5548E-01  0.0181

'no. =519,  ix = 16,  iy = 24'
msuc: {\huge Histograma dosis-volumen del pouch}
msdr: {\it plotted by \ANGEL \version}
msdl: {\it calculated by \PHITS  3.35}
wt: s(0.7)
\vspace{-3}
  xmin  &=&   7.0000E-01 [cm]
  xmax  &=&   8.0000E-01 [cm]
  ymin  &=&   6.5000E-01 [cm]
  ymax  &=&   7.5000E-01 [cm]
e:

#------------------------------------------------------------------------------
 newpage:
#   no. =520   ix  = 16   iy  = 25
#   x = (   7.0000E-01  -   8.0000E-01  )
#   y = (   7.5000E-01  -   8.5000E-01  )

x: z[cm]
y: Dose [Gy/source]      
p: xlin ylog afac(0.8) form(0.9)
h: n            x            y(proton  ),hh0l n 
#  z-lower      z-upper        proton    r.err 
   9.8455E+01   9.8486E+01   3.7984E-01  0.0182
   9.8486E+01   9.8517E+01   3.9282E-01  0.0193
   9.8517E+01   9.8549E+01   3.6152E-01  0.0209
   9.8549E+01   9.8580E+01   3.5497E-01  0.0237

#   sum over    1.2500E-03   3.7228E-01  0.0176

'no. =520,  ix = 16,  iy = 25'
msuc: {\huge Histograma dosis-volumen del pouch}
msdr: {\it plotted by \ANGEL \version}
msdl: {\it calculated by \PHITS  3.35}
wt: s(0.7)
\vspace{-3}
  xmin  &=&   7.0000E-01 [cm]
  xmax  &=&   8.0000E-01 [cm]
  ymin  &=&   7.5000E-01 [cm]
  ymax  &=&   8.5000E-01 [cm]
e:

#------------------------------------------------------------------------------
 newpage:
#   no. =521   ix  = 16   iy  = 26
#   x = (   7.0000E-01  -   8.0000E-01  )
#   y = (   8.5000E-01  -   9.5000E-01  )

x: z[cm]
y: Dose [Gy/source]      
p: xlin ylog afac(0.8) form(0.9)
h: n            x            y(proton  ),hh0l n 
#  z-lower      z-upper        proton    r.err 
   9.8455E+01   9.8486E+01   3.5505E-01  0.0188
   9.8486E+01   9.8517E+01   3.5203E-01  0.0200
   9.8517E+01   9.8549E+01   3.4236E-01  0.0214
   9.8549E+01   9.8580E+01   3.4011E-01  0.0242

#   sum over    1.2500E-03   3.4739E-01  0.0184

'no. =521,  ix = 16,  iy = 26'
msuc: {\huge Histograma dosis-volumen del pouch}
msdr: {\it plotted by \ANGEL \version}
msdl: {\it calculated by \PHITS  3.35}
wt: s(0.7)
\vspace{-3}
  xmin  &=&   7.0000E-01 [cm]
  xmax  &=&   8.0000E-01 [cm]
  ymin  &=&   8.5000E-01 [cm]
  ymax  &=&   9.5000E-01 [cm]
e:

#------------------------------------------------------------------------------
 newpage:
#   no. =522   ix  = 16   iy  = 27
#   x = (   7.0000E-01  -   8.0000E-01  )
#   y = (   9.5000E-01  -   1.0500E+00  )

x: z[cm]
y: Dose [Gy/source]      
p: xlin ylog afac(0.8) form(0.9)
h: n            x            y(proton  ),hh0l n 
#  z-lower      z-upper        proton    r.err 
   9.8455E+01   9.8486E+01   3.6151E-01  0.0185
   9.8486E+01   9.8517E+01   3.7095E-01  0.0196
   9.8517E+01   9.8549E+01   3.5609E-01  0.0210
   9.8549E+01   9.8580E+01   3.5548E-01  0.0236

#   sum over    1.2500E-03   3.6101E-01  0.0180

'no. =522,  ix = 16,  iy = 27'
msuc: {\huge Histograma dosis-volumen del pouch}
msdr: {\it plotted by \ANGEL \version}
msdl: {\it calculated by \PHITS  3.35}
wt: s(0.7)
\vspace{-3}
  xmin  &=&   7.0000E-01 [cm]
  xmax  &=&   8.0000E-01 [cm]
  ymin  &=&   9.5000E-01 [cm]
  ymax  &=&   1.0500E+00 [cm]
e:

#------------------------------------------------------------------------------
 newpage:
#   no. =523   ix  = 16   iy  = 28
#   x = (   7.0000E-01  -   8.0000E-01  )
#   y = (   1.0500E+00  -   1.1500E+00  )

x: z[cm]
y: Dose [Gy/source]      
p: xlin ylog afac(0.8) form(0.9)
h: n            x            y(proton  ),hh0l n 
#  z-lower      z-upper        proton    r.err 
   9.8455E+01   9.8486E+01   3.5734E-01  0.0186
   9.8486E+01   9.8517E+01   3.6627E-01  0.0197
   9.8517E+01   9.8549E+01   3.5531E-01  0.0210
   9.8549E+01   9.8580E+01   3.4513E-01  0.0239

#   sum over    1.2500E-03   3.5602E-01  0.0181

'no. =523,  ix = 16,  iy = 28'
msuc: {\huge Histograma dosis-volumen del pouch}
msdr: {\it plotted by \ANGEL \version}
msdl: {\it calculated by \PHITS  3.35}
wt: s(0.7)
\vspace{-3}
  xmin  &=&   7.0000E-01 [cm]
  xmax  &=&   8.0000E-01 [cm]
  ymin  &=&   1.0500E+00 [cm]
  ymax  &=&   1.1500E+00 [cm]
e:

#------------------------------------------------------------------------------
 newpage:
#   no. =524   ix  = 16   iy  = 29
#   x = (   7.0000E-01  -   8.0000E-01  )
#   y = (   1.1500E+00  -   1.2500E+00  )

x: z[cm]
y: Dose [Gy/source]      
p: xlin ylog afac(0.8) form(0.9)
h: n            x            y(proton  ),hh0l n 
#  z-lower      z-upper        proton    r.err 
   9.8455E+01   9.8486E+01   3.8811E-01  0.0179
   9.8486E+01   9.8517E+01   3.9616E-01  0.0189
   9.8517E+01   9.8549E+01   3.8121E-01  0.0203
   9.8549E+01   9.8580E+01   3.7991E-01  0.0229

#   sum over    1.2500E-03   3.8635E-01  0.0174

'no. =524,  ix = 16,  iy = 29'
msuc: {\huge Histograma dosis-volumen del pouch}
msdr: {\it plotted by \ANGEL \version}
msdl: {\it calculated by \PHITS  3.35}
wt: s(0.7)
\vspace{-3}
  xmin  &=&   7.0000E-01 [cm]
  xmax  &=&   8.0000E-01 [cm]
  ymin  &=&   1.1500E+00 [cm]
  ymax  &=&   1.2500E+00 [cm]
e:

#------------------------------------------------------------------------------
 newpage:
#   no. =525   ix  = 16   iy  = 30
#   x = (   7.0000E-01  -   8.0000E-01  )
#   y = (   1.2500E+00  -   1.3500E+00  )

x: z[cm]
y: Dose [Gy/source]      
p: xlin ylog afac(0.8) form(0.9)
h: n            x            y(proton  ),hh0l n 
#  z-lower      z-upper        proton    r.err 
   9.8455E+01   9.8486E+01   3.8485E-01  0.0180
   9.8486E+01   9.8517E+01   3.8944E-01  0.0191
   9.8517E+01   9.8549E+01   3.7096E-01  0.0205
   9.8549E+01   9.8580E+01   3.6986E-01  0.0232

#   sum over    1.2500E-03   3.7878E-01  0.0176

'no. =525,  ix = 16,  iy = 30'
msuc: {\huge Histograma dosis-volumen del pouch}
msdr: {\it plotted by \ANGEL \version}
msdl: {\it calculated by \PHITS  3.35}
wt: s(0.7)
\vspace{-3}
  xmin  &=&   7.0000E-01 [cm]
  xmax  &=&   8.0000E-01 [cm]
  ymin  &=&   1.2500E+00 [cm]
  ymax  &=&   1.3500E+00 [cm]
e:

#------------------------------------------------------------------------------
 newpage:
#   no. =526   ix  = 16   iy  = 31
#   x = (   7.0000E-01  -   8.0000E-01  )
#   y = (   1.3500E+00  -   1.4500E+00  )

x: z[cm]
y: Dose [Gy/source]      
p: xlin ylog afac(0.8) form(0.9)
h: n            x            y(proton  ),hh0l n 
#  z-lower      z-upper        proton    r.err 
   9.8455E+01   9.8486E+01   3.7943E-01  0.0183
   9.8486E+01   9.8517E+01   3.7644E-01  0.0192
   9.8517E+01   9.8549E+01   3.6819E-01  0.0207
   9.8549E+01   9.8580E+01   3.6740E-01  0.0233

#   sum over    1.2500E-03   3.7286E-01  0.0177

'no. =526,  ix = 16,  iy = 31'
msuc: {\huge Histograma dosis-volumen del pouch}
msdr: {\it plotted by \ANGEL \version}
msdl: {\it calculated by \PHITS  3.35}
wt: s(0.7)
\vspace{-3}
  xmin  &=&   7.0000E-01 [cm]
  xmax  &=&   8.0000E-01 [cm]
  ymin  &=&   1.3500E+00 [cm]
  ymax  &=&   1.4500E+00 [cm]
e:

#------------------------------------------------------------------------------
 newpage:
#   no. =527   ix  = 16   iy  = 32
#   x = (   7.0000E-01  -   8.0000E-01  )
#   y = (   1.4500E+00  -   1.5500E+00  )

x: z[cm]
y: Dose [Gy/source]      
p: xlin ylog afac(0.8) form(0.9)
h: n            x            y(proton  ),hh0l n 
#  z-lower      z-upper        proton    r.err 
   9.8455E+01   9.8486E+01   3.7272E-01  0.0182
   9.8486E+01   9.8517E+01   3.7595E-01  0.0193
   9.8517E+01   9.8549E+01   3.6530E-01  0.0207
   9.8549E+01   9.8580E+01   3.7016E-01  0.0232

#   sum over    1.2500E-03   3.7103E-01  0.0177

'no. =527,  ix = 16,  iy = 32'
msuc: {\huge Histograma dosis-volumen del pouch}
msdr: {\it plotted by \ANGEL \version}
msdl: {\it calculated by \PHITS  3.35}
wt: s(0.7)
\vspace{-3}
  xmin  &=&   7.0000E-01 [cm]
  xmax  &=&   8.0000E-01 [cm]
  ymin  &=&   1.4500E+00 [cm]
  ymax  &=&   1.5500E+00 [cm]
e:

#------------------------------------------------------------------------------
 newpage:
#   no. =528   ix  = 16   iy  = 33
#   x = (   7.0000E-01  -   8.0000E-01  )
#   y = (   1.5500E+00  -   1.6500E+00  )

x: z[cm]
y: Dose [Gy/source]      
p: xlin ylog afac(0.8) form(0.9)
h: n            x            y(proton  ),hh0l n 
#  z-lower      z-upper        proton    r.err 
   9.8455E+01   9.8486E+01   3.8499E-01  0.0181
   9.8486E+01   9.8517E+01   3.8210E-01  0.0191
   9.8517E+01   9.8549E+01   3.6977E-01  0.0206
   9.8549E+01   9.8580E+01   3.7169E-01  0.0231

#   sum over    1.2500E-03   3.7713E-01  0.0175

'no. =528,  ix = 16,  iy = 33'
msuc: {\huge Histograma dosis-volumen del pouch}
msdr: {\it plotted by \ANGEL \version}
msdl: {\it calculated by \PHITS  3.35}
wt: s(0.7)
\vspace{-3}
  xmin  &=&   7.0000E-01 [cm]
  xmax  &=&   8.0000E-01 [cm]
  ymin  &=&   1.5500E+00 [cm]
  ymax  &=&   1.6500E+00 [cm]
e:
 
# Information for Restart Calculation
# This calculation was restarted using ./out/histograma_dosis.out
# istdev =  2 # 1:Batch variance, 2:History variance
# resc2  = 9.08434359411107797E-03 # Total source weight or Total source weight / maxcas
# resc3  = 5.67000000000000000E+07 # Total history number or Total batch number
# maxcas =       25000 # History / Batch, only used for istdev=1
# bitrseed = 0010101000110110011100111011111100100100110010101001001011100001 # bit data of rseed
