[ T-Track ]
    title = [t-track] in xyz mesh
     mesh =  xyz            # mesh type is xyz scoring mesh
   x-type =    4            # x-mesh is linear given by xmin, xmax and xdel
     xmin =  -10.00000      # minimum value of x-mesh points
     xmax =   10.00000      # maximum value of x-mesh points
     xdel =  0.3000000      # mesh width of x-mesh points
#      nx =   67            # number of x-mesh points
#    data = ( x(i), i = 1, nx + 1 )
#          -1.00000E+01 -9.70000E+00 -9.40000E+00 -9.10000E+00 -8.80000E+00
#          -8.50000E+00 -8.20000E+00 -7.90000E+00 -7.60000E+00 -7.30000E+00
#          -7.00000E+00 -6.70000E+00 -6.40000E+00 -6.10000E+00 -5.80000E+00
#          -5.50000E+00 -5.20000E+00 -4.90000E+00 -4.60000E+00 -4.30000E+00
#          -4.00000E+00 -3.70000E+00 -3.40000E+00 -3.10000E+00 -2.80000E+00
#          -2.50000E+00 -2.20000E+00 -1.90000E+00 -1.60000E+00 -1.30000E+00
#          -1.00000E+00 -7.00000E-01 -4.00000E-01 -1.00000E-01  2.00000E-01
#           5.00000E-01  8.00000E-01  1.10000E+00  1.40000E+00  1.70000E+00
#           2.00000E+00  2.30000E+00  2.60000E+00  2.90000E+00  3.20000E+00
#           3.50000E+00  3.80000E+00  4.10000E+00  4.40000E+00  4.70000E+00
#           5.00000E+00  5.30000E+00  5.60000E+00  5.90000E+00  6.20000E+00
#           6.50000E+00  6.80000E+00  7.10000E+00  7.40000E+00  7.70000E+00
#           8.00000E+00  8.30000E+00  8.60000E+00  8.90000E+00  9.20000E+00
#           9.50000E+00  9.80000E+00  1.01000E+01
   y-type =    4            # y-mesh is linear given by ymin, ymax and ydel
     ymin =  -15.00000      # minimum value of y-mesh points
     ymax =   15.00000      # maximum value of y-mesh points
     ydel =  0.3000000      # mesh width of y-mesh points
#      ny =  100            # number of y-mesh points
#    data = ( y(i), i = 1, ny + 1 )
#          -1.50000E+01 -1.47000E+01 -1.44000E+01 -1.41000E+01 -1.38000E+01
#          -1.35000E+01 -1.32000E+01 -1.29000E+01 -1.26000E+01 -1.23000E+01
#          -1.20000E+01 -1.17000E+01 -1.14000E+01 -1.11000E+01 -1.08000E+01
#          -1.05000E+01 -1.02000E+01 -9.90000E+00 -9.60000E+00 -9.30000E+00
#          -9.00000E+00 -8.70000E+00 -8.40000E+00 -8.10000E+00 -7.80000E+00
#          -7.50000E+00 -7.20000E+00 -6.90000E+00 -6.60000E+00 -6.30000E+00
#          -6.00000E+00 -5.70000E+00 -5.40000E+00 -5.10000E+00 -4.80000E+00
#          -4.50000E+00 -4.20000E+00 -3.90000E+00 -3.60000E+00 -3.30000E+00
#          -3.00000E+00 -2.70000E+00 -2.40000E+00 -2.10000E+00 -1.80000E+00
#          -1.50000E+00 -1.20000E+00 -9.00000E-01 -6.00000E-01 -3.00000E-01
#           0.00000E+00  3.00000E-01  6.00000E-01  9.00000E-01  1.20000E+00
#           1.50000E+00  1.80000E+00  2.10000E+00  2.40000E+00  2.70000E+00
#           3.00000E+00  3.30000E+00  3.60000E+00  3.90000E+00  4.20000E+00
#           4.50000E+00  4.80000E+00  5.10000E+00  5.40000E+00  5.70000E+00
#           6.00000E+00  6.30000E+00  6.60000E+00  6.90000E+00  7.20000E+00
#           7.50000E+00  7.80000E+00  8.10000E+00  8.40000E+00  8.70000E+00
#           9.00000E+00  9.30000E+00  9.60000E+00  9.90000E+00  1.02000E+01
#           1.05000E+01  1.08000E+01  1.11000E+01  1.14000E+01  1.17000E+01
#           1.20000E+01  1.23000E+01  1.26000E+01  1.29000E+01  1.32000E+01
#           1.35000E+01  1.38000E+01  1.41000E+01  1.44000E+01  1.47000E+01
#           1.50000E+01
   z-type =    1            # z-mesh is given by the below data
       nz =      1          # number of z-mesh points
#    data = ( z(i), i = 1, nz + 1 )
            9.84700E+01  9.84900E+01
   e-type =    1            # e-mesh is given by the below data
       ne =      1          # number of e-mesh points
#    data = ( e(i), i = 1, ne + 1 )
            0.00000E+00  1.00000E+03
     unit =    1            # unit is [1/cm^2/source]
 material =  all            # (D=all) number of specific material
  2D-type =    3            # 1:Cont, 2:Clust, 3:Color, 4:xyz, 5:mat, 6:Clust+Cont, 7:Col+Cont
     axis =      xy            # axis of output
     file = ./out/track_xy_L.out  # file name of output for the above axis
     part =  proton     photon   
# kf/name :  2212       22       
    gshow =    1            # 0: no 1:bnd, 2:bnd+mat, 3:bnd+reg 4:bnd+lat 5:bmp style
    resol =    1            # (D=1) resolution of gshow or rshow
    width = 0.5000000       # (D=0.5) width of lines for gshow or rshow
   epsout =    1            # (D=0) generate eps file by ANGEL
#    used :        main (  %)        temp (  %)       total (  %)
#  memory :         177 (  0)           0 (  0)         177 (  0)

#------------------------------------------------------------------------------
#newpage:
#   no. =  1   ie  =  1   iz  =  1   part. = proton  
#   e = (   0.0000E+00  -   1.0000E+03  )
#   z = (   9.8470E+01  -   9.8490E+01  )

'no. =  1,  ie =  1,  iz =  1'
msuc: {\huge [t-track] in xyz mesh}
msdr: {\it plotted by \ANGEL \version}
msdl: {\it calculated by \PHITS  3.36}

x: x [cm]
y: y [cm]
set: c1[ 1.493] c2[ 0.737] c5[ 0.800] c6[ 0.849] c7[ 0.328] c8[ 0.000]
p: h2fs form[c1] xfac[c2] afac[c5] scal[c6] xorg[c7] yorg[c8] nosp
set: c3[1.0e-4] c4[1.0]
p: cmin[c3] cmax[c4]
p: dmin(1e-31)
p: zlog
p: xmin( -10.00000    ) xmax(  10.10000    )
p: ymin( -15.00000    ) ymax(  15.00000    )
#  ny = 100   nx =  67
# ( ( data(x,y), x = 1, nx ), y = ny, 1, -1 )

hc:  y =   14.85000     to  -14.85000     by  0.3000000     ; x =  -9.850000     to   9.950000     by  0.3000000     ;
  0.000E+00  0.000E+00  1.000E+00  1.000E+00  1.000E+00  1.000E+00  5.959E-01  0.000E+00  1.000E+00  5.774E-01
  0.000E+00  0.000E+00  1.000E+00  5.000E-01  7.074E-01  5.811E-01  5.365E-01  1.000E+00  1.000E+00  4.087E-01
  1.000E+00  5.060E-01  0.000E+00  7.089E-01  1.000E+00  7.071E-01  7.120E-01  1.000E+00  5.776E-01  5.001E-01
  1.000E+00  7.073E-01  0.000E+00  1.000E+00  1.000E+00  4.498E-01  0.000E+00  0.000E+00  5.063E-01  5.302E-01
  1.000E+00  0.000E+00  5.775E-01  5.701E-01  1.000E+00  1.000E+00  5.701E-01  5.013E-01  6.084E-01  6.650E-01
  1.000E+00  1.000E+00  0.000E+00  1.000E+00  7.083E-01  1.000E+00  1.000E+00  5.002E-01  6.514E-01  7.131E-01
  1.000E+00  1.000E+00  7.071E-01  0.000E+00  1.000E+00  0.000E+00  0.000E+00  0.000E+00  0.000E+00  0.000E+00
  0.000E+00  7.086E-01  1.000E+00  1.000E+00  0.000E+00  0.000E+00  1.000E+00  1.000E+00  0.000E+00  7.074E-01
  7.071E-01  7.092E-01  7.073E-01  7.074E-01  1.000E+00  7.124E-01  4.492E-01  7.160E-01  1.000E+00  5.775E-01
  6.050E-01  7.071E-01  5.780E-01  7.121E-01  5.787E-01  7.072E-01  7.072E-01  1.000E+00  1.000E+00  7.071E-01
  0.000E+00  7.642E-01  5.774E-01  7.491E-01  5.222E-01  5.775E-01  0.000E+00  1.000E+00  1.000E+00  1.000E+00
  5.774E-01  7.646E-01  1.000E+00  7.076E-01  7.071E-01  0.000E+00  4.473E-01  1.000E+00  1.000E+00  5.777E-01
  0.000E+00  7.113E-01  1.000E+00  1.000E+00  7.077E-01  6.327E-01  0.000E+00  1.000E+00  7.072E-01  1.000E+00
  6.918E-01  1.000E+00  0.000E+00  0.000E+00  0.000E+00  0.000E+00  7.086E-01  5.001E-01  5.003E-01  5.774E-01
  0.000E+00  0.000E+00  0.000E+00  7.082E-01  1.000E+00  1.000E+00  5.860E-01  1.000E+00  1.000E+00  7.139E-01
  7.076E-01  6.177E-01  1.000E+00  7.073E-01  5.787E-01  7.074E-01  7.085E-01  7.095E-01  0.000E+00  7.106E-01
  1.000E+00  7.071E-01  0.000E+00  5.002E-01  7.071E-01  1.000E+00  7.093E-01  0.000E+00  1.000E+00  0.000E+00
  8.799E-01  5.827E-01  7.365E-01  1.000E+00  5.776E-01  7.071E-01  5.001E-01  5.774E-01  7.071E-01  1.000E+00
  1.000E+00  4.542E-01  0.000E+00  1.000E+00  5.835E-01  0.000E+00  7.071E-01  7.116E-01  7.071E-01  7.072E-01
  1.000E+00  8.105E-01  5.794E-01  1.000E+00  0.000E+00  5.780E-01  0.000E+00  5.777E-01  1.000E+00  0.000E+00
  0.000E+00  0.000E+00  7.072E-01  0.000E+00  5.089E-01  1.000E+00  1.000E+00  5.094E-01  0.000E+00  8.367E-01
  0.000E+00  0.000E+00  5.774E-01  5.901E-01  7.072E-01  7.075E-01  7.073E-01  5.774E-01  5.002E-01  7.072E-01
  5.789E-01  7.078E-01  7.072E-01  1.000E+00  1.000E+00  1.000E+00  7.071E-01  1.000E+00  1.000E+00  7.076E-01
  0.000E+00  7.119E-01  5.779E-01  7.076E-01  5.812E-01  7.373E-01  5.359E-01  7.742E-01  5.782E-01  5.147E-01
  0.000E+00  1.000E+00  1.000E+00  7.075E-01  7.621E-01  7.072E-01  0.000E+00  1.000E+00  1.000E+00  7.071E-01
  7.112E-01  1.000E+00  1.000E+00  5.815E-01  1.000E+00  1.000E+00  1.000E+00  5.860E-01  1.000E+00  1.000E+00
  7.080E-01  0.000E+00  1.000E+00  5.783E-01  1.000E+00  7.076E-01  1.000E+00  0.000E+00  0.000E+00  7.071E-01
  9.033E-01  8.370E-01  5.058E-01  0.000E+00  7.072E-01  1.000E+00  1.000E+00  7.073E-01  7.075E-01  1.000E+00
  1.000E+00  8.713E-01  7.490E-01  7.122E-01  9.381E-01  1.000E+00  1.000E+00  1.000E+00  1.000E+00  5.775E-01
  5.001E-01  7.072E-01  5.032E-01  4.473E-01  4.023E-01  0.000E+00  5.790E-01  7.071E-01  5.023E-01  4.478E-01
  5.785E-01  0.000E+00  7.074E-01  7.073E-01  7.642E-01  1.000E+00  1.000E+00  5.777E-01  5.044E-01  5.005E-01
  7.071E-01  7.240E-01  1.000E+00  7.177E-01  0.000E+00  7.073E-01  5.794E-01  0.000E+00  5.036E-01  1.000E+00
  1.000E+00  1.000E+00  7.072E-01  5.774E-01  1.000E+00  5.220E-01  5.781E-01  9.238E-01  0.000E+00  1.000E+00
  1.000E+00  1.000E+00  1.000E+00  0.000E+00  0.000E+00  0.000E+00  0.000E+00  1.000E+00  5.965E-01  1.000E+00
  7.072E-01  1.000E+00  7.557E-01  6.595E-01  5.112E-01  1.000E+00  1.000E+00  1.000E+00  1.000E+00  1.000E+00
  4.547E-01  6.141E-01  7.072E-01  0.000E+00  1.000E+00  7.128E-01  7.071E-01  6.858E-01  1.000E+00  5.013E-01
  1.000E+00  5.777E-01  5.777E-01  5.024E-01  7.071E-01  5.815E-01  1.000E+00  5.004E-01  1.000E+00  4.479E-01
  5.847E-01  5.002E-01  0.000E+00  5.008E-01  3.955E-01  7.071E-01  7.073E-01  5.828E-01  1.000E+00  0.000E+00
  4.482E-01  1.000E+00  1.000E+00  4.495E-01  5.777E-01  5.774E-01  1.000E+00  4.406E-01  0.000E+00  7.075E-01
  1.000E+00  0.000E+00  5.778E-01  1.000E+00  1.000E+00  1.000E+00  4.476E-01  6.374E-01  5.778E-01  7.098E-01
  0.000E+00  0.000E+00  0.000E+00  0.000E+00  1.000E+00  7.155E-01  5.803E-01  5.787E-01  7.071E-01  7.074E-01
  0.000E+00  1.000E+00  7.071E-01  5.808E-01  6.357E-01  7.072E-01  5.781E-01  7.076E-01  1.000E+00  1.000E+00
  7.090E-01  3.916E-01  1.000E+00  7.079E-01  7.077E-01  1.000E+00  4.526E-01  5.774E-01  7.071E-01  6.024E-01
  5.779E-01  5.139E-01  7.079E-01  5.775E-01  5.775E-01  5.777E-01  1.000E+00  5.066E-01  8.115E-01  1.000E+00
  1.000E+00  5.842E-01  7.144E-01  5.775E-01  5.775E-01  4.474E-01  1.000E+00  5.774E-01  1.000E+00  4.491E-01
  0.000E+00  7.109E-01  7.072E-01  4.477E-01  7.140E-01  7.331E-01  1.000E+00  0.000E+00  5.782E-01  4.497E-01
  0.000E+00  0.000E+00  7.075E-01  1.000E+00  6.017E-01  1.000E+00  1.000E+00  0.000E+00  0.000E+00  0.000E+00
  0.000E+00  1.000E+00  0.000E+00  1.000E+00  5.007E-01  7.620E-01  5.776E-01  5.887E-01  5.774E-01  5.774E-01
  0.000E+00  7.074E-01  0.000E+00  7.645E-01  5.801E-01  0.000E+00  7.071E-01  5.041E-01  5.892E-01  1.000E+00
  0.000E+00  5.021E-01  7.071E-01  5.351E-01  1.000E+00  5.779E-01  5.136E-01  7.073E-01  1.000E+00  5.787E-01
  4.546E-01  5.850E-01  5.001E-01  5.801E-01  1.000E+00  1.000E+00  7.072E-01  5.793E-01  1.000E+00  7.081E-01
  5.786E-01  7.159E-01  5.808E-01  1.000E+00  5.800E-01  1.000E+00  5.029E-01  1.000E+00  7.071E-01  1.000E+00
  7.099E-01  5.974E-01  5.776E-01  7.093E-01  1.000E+00  7.085E-01  7.071E-01  7.076E-01  5.778E-01  0.000E+00
  0.000E+00  1.000E+00  7.155E-01  7.225E-01  0.000E+00  0.000E+00  0.000E+00  0.000E+00  1.000E+00  1.000E+00
  1.000E+00  5.005E-01  6.138E-01  7.089E-01  7.357E-01  5.834E-01  7.087E-01  5.790E-01  7.073E-01  5.807E-01
  5.781E-01  1.000E+00  1.000E+00  4.483E-01  5.566E-01  6.589E-01  5.007E-01  4.479E-01  5.781E-01  7.093E-01
  3.784E-01  5.001E-01  4.648E-01  1.000E+00  0.000E+00  5.802E-01  4.088E-01  5.848E-01  7.072E-01  4.486E-01
  5.007E-01  5.015E-01  4.476E-01  7.075E-01  7.071E-01  4.088E-01  5.811E-01  4.163E-01  4.476E-01  5.011E-01
  5.867E-01  4.697E-01  1.000E+00  1.000E+00  7.193E-01  7.132E-01  7.148E-01  4.620E-01  1.000E+00  5.788E-01
  5.820E-01  7.072E-01  5.003E-01  5.780E-01  7.076E-01  1.000E+00  1.000E+00  7.101E-01  7.075E-01  1.000E+00
  5.786E-01  0.000E+00  0.000E+00  0.000E+00  0.000E+00  5.876E-01  7.072E-01  1.000E+00  5.792E-01  7.072E-01
  4.473E-01  7.178E-01  1.000E+00  5.786E-01  1.000E+00  1.000E+00  1.000E+00  7.074E-01  5.774E-01  5.006E-01
  1.000E+00  5.014E-01  4.732E-01  7.071E-01  3.794E-01  5.065E-01  4.481E-01  5.774E-01  4.087E-01  6.670E-01
  1.000E+00  1.000E+00  5.000E-01  3.991E-01  4.083E-01  4.439E-01  4.489E-01  5.780E-01  4.473E-01  4.262E-01
  4.098E-01  5.836E-01  4.198E-01  5.001E-01  7.071E-01  4.952E-01  5.805E-01  1.000E+00  5.003E-01  5.181E-01
  4.090E-01  5.007E-01  5.779E-01  5.677E-01  7.199E-01  7.072E-01  5.441E-01  7.074E-01  5.779E-01  1.000E+00
  7.217E-01  7.072E-01  0.000E+00  4.691E-01  7.291E-01  5.785E-01  4.504E-01  1.000E+00  0.000E+00  0.000E+00
  0.000E+00  0.000E+00  0.000E+00  0.000E+00  7.071E-01  7.080E-01  7.071E-01  5.008E-01  5.796E-01  7.082E-01
  1.000E+00  1.000E+00  7.085E-01  1.000E+00  1.000E+00  5.774E-01  7.076E-01  4.507E-01  7.071E-01  4.562E-01
  7.076E-01  1.000E+00  0.000E+00  5.354E-01  4.481E-01  7.073E-01  2.782E-01  4.083E-01  3.163E-01  3.450E-01
  3.782E-01  3.784E-01  3.495E-01  3.782E-01  3.536E-01  3.160E-01  2.676E-01  3.886E-01  4.140E-01  3.552E-01
  4.472E-01  3.780E-01  4.477E-01  5.002E-01  3.826E-01  4.208E-01  5.023E-01  5.042E-01  8.170E-01  5.071E-01
  7.073E-01  5.856E-01  7.129E-01  7.071E-01  6.540E-01  0.000E+00  7.942E-01  1.000E+00  1.000E+00  4.190E-01
  1.000E+00  0.000E+00  1.000E+00  1.000E+00  5.785E-01  0.000E+00  0.000E+00  0.000E+00  1.000E+00  5.835E-01
  6.551E-01  1.000E+00  7.098E-01  5.776E-01  0.000E+00  1.000E+00  5.000E-01  7.127E-01  7.162E-01  5.000E-01
  5.775E-01  1.000E+00  4.109E-01  6.214E-01  0.000E+00  5.046E-01  3.337E-01  4.094E-01  7.308E-01  3.167E-01
  2.780E-01  3.782E-01  3.990E-01  2.368E-01  2.574E-01  2.495E-01  2.807E-01  2.333E-01  2.092E-01  1.920E-01
  2.325E-01  2.071E-01  2.190E-01  2.357E-01  2.102E-01  2.000E-01  2.821E-01  2.429E-01  3.339E-01  2.520E-01
  3.342E-01  5.025E-01  5.001E-01  5.002E-01  1.000E+00  4.144E-01  7.673E-01  1.000E+00  5.038E-01  7.088E-01
  1.000E+00  5.781E-01  7.075E-01  5.928E-01  5.774E-01  7.674E-01  5.098E-01  7.576E-01  7.071E-01  5.799E-01
  7.241E-01  7.074E-01  0.000E+00  0.000E+00  0.000E+00  7.119E-01  1.000E+00  5.045E-01  5.364E-01  9.758E-01
  7.570E-01  5.902E-01  5.001E-01  7.072E-01  5.002E-01  0.000E+00  5.820E-01  3.798E-01  1.000E+00  5.003E-01
  5.223E-01  4.619E-01  3.540E-01  3.783E-01  2.806E-01  2.971E-01  2.679E-01  2.463E-01  2.183E-01  1.830E-01
  1.945E-01  1.744E-01  1.801E-01  1.634E-01  1.464E-01  1.728E-01  1.528E-01  1.747E-01  1.478E-01  1.354E-01
  1.581E-01  1.529E-01  1.401E-01  2.003E-01  1.793E-01  1.860E-01  2.088E-01  3.097E-01  2.584E-01  3.172E-01
  4.126E-01  4.477E-01  7.071E-01  4.108E-01  5.008E-01  5.033E-01  5.783E-01  1.000E+00  5.786E-01  1.000E+00
  5.797E-01  5.774E-01  7.072E-01  5.774E-01  7.600E-01  7.142E-01  7.083E-01  5.009E-01  6.917E-01  0.000E+00
  0.000E+00  0.000E+00  0.000E+00  1.000E+00  6.032E-01  1.000E+00  1.000E+00  4.103E-01  4.488E-01  7.100E-01
  0.000E+00  7.075E-01  5.011E-01  4.540E-01  4.083E-01  5.002E-01  5.011E-01  3.163E-01  3.831E-01  4.083E-01
  3.084E-01  2.522E-01  2.029E-01  1.922E-01  1.926E-01  1.319E-01  1.243E-01  1.411E-01  1.262E-01  1.161E-01
  1.079E-01  1.073E-01  1.010E-01  8.997E-02  9.197E-02  1.016E-01  1.028E-01  1.006E-01  1.162E-01  1.043E-01
  1.203E-01  1.224E-01  1.582E-01  1.599E-01  1.590E-01  2.005E-01  2.294E-01  2.369E-01  2.258E-01  2.703E-01
  2.895E-01  3.554E-01  4.478E-01  5.057E-01  1.000E+00  7.072E-01  5.017E-01  7.071E-01  5.782E-01  4.786E-01
  7.084E-01  4.496E-01  1.000E+00  1.000E+00  1.000E+00  1.000E+00  0.000E+00  0.000E+00  0.000E+00  1.000E+00
  0.000E+00  7.095E-01  5.776E-01  1.000E+00  7.074E-01  6.467E-01  5.880E-01  5.774E-01  1.000E+00  5.780E-01
  7.105E-01  4.879E-01  3.374E-01  3.309E-01  4.082E-01  2.501E-01  2.368E-01  1.931E-01  1.962E-01  1.374E-01
  1.176E-01  1.132E-01  9.881E-02  9.214E-02  9.032E-02  8.570E-02  8.116E-02  8.351E-02  7.629E-02  7.249E-02
  7.236E-02  7.235E-02  6.968E-02  7.906E-02  7.831E-02  7.961E-02  8.019E-02  8.111E-02  8.317E-02  1.036E-01
  1.022E-01  1.340E-01  1.368E-01  1.396E-01  1.637E-01  1.961E-01  2.441E-01  2.092E-01  2.787E-01  3.464E-01
  4.083E-01  5.031E-01  5.775E-01  5.032E-01  5.000E-01  5.775E-01  4.504E-01  1.000E+00  1.000E+00  5.354E-01
  0.000E+00  5.147E-01  7.089E-01  0.000E+00  0.000E+00  0.000E+00  1.000E+00  3.538E-01  7.077E-01  7.074E-01
  5.793E-01  7.126E-01  7.076E-01  7.287E-01  6.159E-01  4.126E-01  6.297E-01  3.193E-01  5.008E-01  3.681E-01
  2.233E-01  2.238E-01  2.032E-01  1.400E-01  1.196E-01  1.163E-01  9.393E-02  8.514E-02  7.763E-02  7.351E-02
  7.262E-02  6.670E-02  5.896E-02  5.929E-02  5.691E-02  5.931E-02  5.691E-02  5.681E-02  5.439E-02  5.521E-02
  5.741E-02  5.536E-02  5.983E-02  6.330E-02  6.349E-02  6.694E-02  7.034E-02  8.098E-02  8.329E-02  9.248E-02
  1.026E-01  1.121E-01  1.325E-01  1.583E-01  1.693E-01  3.015E-01  2.434E-01  2.775E-01  2.677E-01  4.082E-01
  1.000E+00  7.092E-01  4.302E-01  5.193E-01  5.006E-01  1.000E+00  5.780E-01  7.072E-01  1.000E+00  1.000E+00
  0.000E+00  0.000E+00  0.000E+00  7.073E-01  1.000E+00  5.776E-01  4.482E-01  7.163E-01  7.072E-01  5.774E-01
  4.348E-01  1.000E+00  3.783E-01  1.000E+00  3.163E-01  2.411E-01  2.004E-01  1.716E-01  1.607E-01  1.284E-01
  1.028E-01  8.828E-02  8.211E-02  7.430E-02  6.613E-02  6.231E-02  5.557E-02  5.138E-02  5.353E-02  4.734E-02
  4.602E-02  4.426E-02  4.508E-02  4.514E-02  4.267E-02  4.249E-02  4.392E-02  4.513E-02  4.530E-02  4.582E-02
  4.608E-02  5.139E-02  5.132E-02  5.638E-02  5.713E-02  6.235E-02  6.666E-02  7.407E-02  9.235E-02  9.499E-02
  1.171E-01  1.234E-01  1.799E-01  1.833E-01  3.334E-01  3.343E-01  3.783E-01  3.787E-01  4.478E-01  6.684E-01
  5.800E-01  6.371E-01  1.000E+00  1.000E+00  5.774E-01  7.075E-01  5.796E-01  0.000E+00  0.000E+00  0.000E+00
  1.000E+00  5.001E-01  7.114E-01  7.092E-01  4.478E-01  4.083E-01  7.079E-01  4.084E-01  3.617E-01  5.798E-01
  2.701E-01  2.589E-01  1.773E-01  1.426E-01  1.244E-01  1.060E-01  8.636E-02  8.579E-02  6.764E-02  6.258E-02
  5.574E-02  5.260E-02  4.602E-02  4.581E-02  4.449E-02  4.071E-02  4.102E-02  3.796E-02  3.720E-02  3.703E-02
  3.659E-02  3.693E-02  3.699E-02  3.703E-02  3.718E-02  3.840E-02  3.851E-02  4.023E-02  4.028E-02  4.114E-02
  4.435E-02  4.588E-02  4.829E-02  5.561E-02  6.097E-02  6.494E-02  7.165E-02  7.875E-02  9.533E-02  1.165E-01
  1.205E-01  1.582E-01  2.019E-01  1.934E-01  2.315E-01  3.317E-01  3.785E-01  5.790E-01  4.511E-01  5.782E-01
  5.002E-01  1.000E+00  5.797E-01  1.000E+00  1.000E+00  0.000E+00  0.000E+00  0.000E+00  1.000E+00  7.109E-01
  5.780E-01  4.084E-01  5.776E-01  8.310E-01  4.553E-01  3.379E-01  2.582E-01  1.869E-01  1.476E-01  1.438E-01
  1.100E-01  8.433E-02  7.527E-02  6.723E-02  6.183E-02  5.278E-02  4.869E-02  4.735E-02  4.223E-02  3.943E-02
  3.831E-02  3.629E-02  3.489E-02  3.407E-02  3.419E-02  3.360E-02  3.217E-02  3.102E-02  3.115E-02  3.277E-02
  3.142E-02  3.192E-02  3.186E-02  3.251E-02  3.452E-02  3.521E-02  3.544E-02  3.534E-02  3.873E-02  4.154E-02
  4.283E-02  4.492E-02  4.817E-02  5.666E-02  6.280E-02  6.616E-02  7.558E-02  9.936E-02  1.119E-01  1.440E-01
  1.624E-01  2.252E-01  2.675E-01  3.790E-01  5.000E-01  1.000E+00  5.774E-01  5.009E-01  4.155E-01  0.000E+00
  1.000E+00  0.000E+00  0.000E+00  0.000E+00  1.000E+00  7.284E-01  1.000E+00  3.792E-01  5.001E-01  3.662E-01
  3.888E-01  2.784E-01  2.203E-01  2.355E-01  1.590E-01  1.107E-01  1.011E-01  8.330E-02  7.017E-02  5.601E-02
  5.247E-02  4.910E-02  4.380E-02  3.917E-02  3.725E-02  3.534E-02  3.380E-02  3.209E-02  3.140E-02  3.000E-02
  3.090E-02  2.847E-02  2.810E-02  2.725E-02  2.768E-02  2.822E-02  2.776E-02  2.746E-02  2.814E-02  2.857E-02
  2.849E-02  2.869E-02  3.041E-02  3.048E-02  3.176E-02  3.305E-02  3.470E-02  3.612E-02  4.069E-02  4.124E-02
  4.635E-02  4.591E-02  5.240E-02  6.565E-02  7.496E-02  8.807E-02  1.025E-01  1.190E-01  1.533E-01  1.792E-01
  2.529E-01  3.207E-01  3.597E-01  4.085E-01  7.873E-01  9.001E-01  5.215E-01  7.098E-01  0.000E+00  0.000E+00
  0.000E+00  0.000E+00  4.484E-01  4.508E-01  5.789E-01  3.785E-01  3.539E-01  4.675E-01  2.157E-01  1.729E-01
  1.342E-01  1.163E-01  8.732E-02  6.634E-02  6.228E-02  5.398E-02  4.814E-02  4.535E-02  3.940E-02  3.615E-02
  3.425E-02  3.215E-02  3.135E-02  3.017E-02  2.847E-02  2.787E-02  2.664E-02  2.637E-02  2.584E-02  2.520E-02
  2.478E-02  2.461E-02  2.455E-02  2.481E-02  2.473E-02  2.476E-02  2.530E-02  2.509E-02  2.584E-02  2.615E-02
  2.731E-02  2.792E-02  2.891E-02  3.060E-02  3.214E-02  3.258E-02  3.495E-02  3.632E-02  4.035E-02  4.428E-02
  4.839E-02  5.642E-02  6.450E-02  7.627E-02  9.407E-02  1.152E-01  1.361E-01  2.036E-01  2.436E-01  2.519E-01
  5.000E-01  5.001E-01  1.000E+00  5.796E-01  7.072E-01  0.000E+00  0.000E+00  0.000E+00  1.000E+00  7.071E-01
  3.794E-01  3.538E-01  4.087E-01  2.504E-01  1.954E-01  1.688E-01  1.327E-01  1.032E-01  7.962E-02  6.692E-02
  5.819E-02  5.026E-02  4.397E-02  4.041E-02  3.627E-02  3.391E-02  3.217E-02  3.063E-02  2.872E-02  2.807E-02
  2.665E-02  2.594E-02  2.507E-02  2.349E-02  2.355E-02  2.266E-02  2.281E-02  2.201E-02  2.199E-02  2.121E-02
  2.198E-02  2.171E-02  2.228E-02  2.262E-02  2.259E-02  2.308E-02  2.428E-02  2.445E-02  2.464E-02  2.582E-02
  2.617E-02  2.769E-02  2.956E-02  2.984E-02  3.244E-02  3.498E-02  3.885E-02  4.178E-02  4.718E-02  5.276E-02
  5.791E-02  7.025E-02  8.920E-02  1.009E-01  1.690E-01  1.852E-01  2.238E-01  3.336E-01  4.473E-01  5.000E-01
  1.000E+00  7.071E-01  1.000E+00  0.000E+00  0.000E+00  5.777E-01  5.782E-01  4.599E-01  5.137E-01  2.310E-01
  2.236E-01  1.821E-01  1.271E-01  9.587E-02  8.025E-02  6.547E-02  5.516E-02  4.712E-02  4.337E-02  3.837E-02
  3.619E-02  3.279E-02  3.021E-02  2.938E-02  2.701E-02  2.649E-02  2.499E-02  2.385E-02  2.298E-02  2.229E-02
  2.149E-02  2.089E-02  2.065E-02  2.010E-02  1.950E-02  1.961E-02  1.955E-02  1.951E-02  1.945E-02  1.967E-02
  1.990E-02  2.041E-02  2.127E-02  2.116E-02  2.215E-02  2.255E-02  2.318E-02  2.401E-02  2.476E-02  2.634E-02
  2.789E-02  2.972E-02  3.153E-02  3.368E-02  3.473E-02  3.977E-02  4.206E-02  4.950E-02  6.124E-02  7.084E-02
  8.231E-02  1.103E-01  1.373E-01  2.094E-01  2.182E-01  3.162E-01  5.002E-01  4.104E-01  5.823E-01  0.000E+00
  0.000E+00  0.000E+00  7.078E-01  3.792E-01  3.164E-01  2.476E-01  3.021E-01  1.703E-01  1.117E-01  9.620E-02
  7.813E-02  5.950E-02  5.269E-02  4.520E-02  3.906E-02  3.650E-02  3.371E-02  3.076E-02  2.860E-02  2.726E-02
  2.606E-02  2.526E-02  2.336E-02  2.238E-02  2.149E-02  2.067E-02  2.016E-02  1.925E-02  1.877E-02  1.842E-02
  1.815E-02  1.792E-02  1.794E-02  1.774E-02  1.759E-02  1.776E-02  1.779E-02  1.771E-02  1.843E-02  1.864E-02
  1.913E-02  1.981E-02  2.036E-02  2.088E-02  2.140E-02  2.265E-02  2.332E-02  2.529E-02  2.633E-02  2.729E-02
  3.026E-02  3.209E-02  3.461E-02  3.867E-02  4.200E-02  4.763E-02  5.445E-02  6.110E-02  8.270E-02  1.045E-01
  1.236E-01  1.667E-01  3.019E-01  2.688E-01  4.351E-01  3.582E-01  1.000E+00  0.000E+00  0.000E+00  5.780E-01
  5.457E-01  3.831E-01  2.000E-01  1.597E-01  1.105E-01  9.866E-02  7.518E-02  5.881E-02  5.006E-02  4.455E-02
  3.856E-02  3.503E-02  3.198E-02  3.085E-02  2.821E-02  2.616E-02  2.491E-02  2.352E-02  2.227E-02  2.090E-02
  1.995E-02  1.928E-02  1.866E-02  1.783E-02  1.719E-02  1.705E-02  1.660E-02  1.604E-02  1.604E-02  1.612E-02
  1.593E-02  1.561E-02  1.577E-02  1.589E-02  1.593E-02  1.665E-02  1.641E-02  1.725E-02  1.737E-02  1.847E-02
  1.877E-02  1.944E-02  2.018E-02  2.173E-02  2.230E-02  2.350E-02  2.506E-02  2.648E-02  2.907E-02  3.007E-02
  3.291E-02  3.590E-02  4.005E-02  4.555E-02  5.549E-02  6.334E-02  8.626E-02  1.018E-01  1.386E-01  1.532E-01
  2.890E-01  2.926E-01  4.095E-01  0.000E+00  0.000E+00  0.000E+00  6.212E-01  2.950E-01  1.816E-01  1.659E-01
  1.296E-01  9.547E-02  7.090E-02  6.217E-02  4.959E-02  4.408E-02  3.835E-02  3.487E-02  3.123E-02  2.891E-02
  2.695E-02  2.474E-02  2.363E-02  2.253E-02  2.109E-02  2.005E-02  1.914E-02  1.807E-02  1.737E-02  1.669E-02
  1.642E-02  1.586E-02  1.524E-02  1.504E-02  1.482E-02  1.479E-02  1.447E-02  1.429E-02  1.441E-02  1.437E-02
  1.462E-02  1.456E-02  1.479E-02  1.502E-02  1.551E-02  1.581E-02  1.649E-02  1.719E-02  1.761E-02  1.863E-02
  1.934E-02  2.049E-02  2.190E-02  2.229E-02  2.465E-02  2.576E-02  2.700E-02  2.976E-02  3.138E-02  3.540E-02
  4.025E-02  4.391E-02  5.176E-02  6.314E-02  8.342E-02  1.116E-01  1.359E-01  2.042E-01  2.673E-01  2.890E-01
  1.000E+00  0.000E+00  0.000E+00  3.960E-01  2.582E-01  2.042E-01  1.184E-01  9.796E-02  7.623E-02  6.199E-02
  5.213E-02  4.415E-02  3.846E-02  3.349E-02  3.135E-02  2.751E-02  2.607E-02  2.385E-02  2.258E-02  2.133E-02
  2.026E-02  1.903E-02  1.813E-02  1.710E-02  1.639E-02  1.569E-02  1.514E-02  1.475E-02  1.435E-02  1.399E-02
  1.359E-02  1.347E-02  1.317E-02  1.315E-02  1.308E-02  1.305E-02  1.310E-02  1.311E-02  1.318E-02  1.343E-02
  1.370E-02  1.403E-02  1.433E-02  1.481E-02  1.538E-02  1.599E-02  1.701E-02  1.769E-02  1.828E-02  1.946E-02
  2.085E-02  2.189E-02  2.360E-02  2.450E-02  2.674E-02  2.931E-02  3.154E-02  3.511E-02  4.152E-02  4.603E-02
  5.434E-02  6.507E-02  8.734E-02  1.059E-01  1.492E-01  2.818E-01  3.335E-01  0.000E+00  0.000E+00  0.000E+00
  3.965E-01  1.804E-01  1.483E-01  9.958E-02  9.263E-02  6.209E-02  5.097E-02  4.139E-02  3.870E-02  3.452E-02
  3.085E-02  2.843E-02  2.568E-02  2.373E-02  2.237E-02  2.107E-02  1.951E-02  1.841E-02  1.753E-02  1.640E-02
  1.573E-02  1.519E-02  1.441E-02  1.404E-02  1.359E-02  1.307E-02  1.279E-02  1.259E-02  1.224E-02  1.203E-02
  1.196E-02  1.184E-02  1.190E-02  1.195E-02  1.203E-02  1.212E-02  1.225E-02  1.253E-02  1.290E-02  1.315E-02
  1.348E-02  1.401E-02  1.478E-02  1.542E-02  1.620E-02  1.681E-02  1.788E-02  1.895E-02  2.005E-02  2.177E-02
  2.274E-02  2.458E-02  2.660E-02  2.927E-02  3.228E-02  3.485E-02  4.101E-02  4.559E-02  5.435E-02  6.721E-02
  9.408E-02  1.046E-01  1.400E-01  1.962E-01  0.000E+00  0.000E+00  0.000E+00  4.104E-01  1.698E-01  1.037E-01
  8.514E-02  6.829E-02  5.187E-02  4.384E-02  3.883E-02  3.459E-02  3.084E-02  2.796E-02  2.567E-02  2.330E-02
  2.209E-02  2.054E-02  1.900E-02  1.790E-02  1.694E-02  1.624E-02  1.529E-02  1.451E-02  1.369E-02  1.329E-02
  1.263E-02  1.215E-02  1.205E-02  1.151E-02  1.147E-02  1.120E-02  1.108E-02  1.098E-02  1.089E-02  1.090E-02
  1.095E-02  1.091E-02  1.120E-02  1.127E-02  1.143E-02  1.173E-02  1.205E-02  1.245E-02  1.293E-02  1.362E-02
  1.401E-02  1.459E-02  1.538E-02  1.617E-02  1.726E-02  1.836E-02  1.962E-02  2.043E-02  2.226E-02  2.429E-02
  2.584E-02  2.870E-02  3.203E-02  3.571E-02  4.084E-02  4.718E-02  6.034E-02  6.865E-02  9.550E-02  1.370E-01
  1.668E-01  1.000E+00  0.000E+00  0.000E+00  2.542E-01  1.214E-01  9.195E-02  7.079E-02  5.666E-02  4.733E-02
  4.010E-02  3.587E-02  3.113E-02  2.916E-02  2.549E-02  2.363E-02  2.199E-02  2.017E-02  1.877E-02  1.772E-02
  1.660E-02  1.560E-02  1.490E-02  1.381E-02  1.329E-02  1.273E-02  1.216E-02  1.170E-02  1.138E-02  1.104E-02
  1.075E-02  1.053E-02  1.025E-02  1.014E-02  1.008E-02  9.947E-03  9.986E-03  1.015E-02  1.012E-02  1.021E-02
  1.033E-02  1.061E-02  1.079E-02  1.120E-02  1.145E-02  1.186E-02  1.224E-02  1.293E-02  1.348E-02  1.436E-02
  1.501E-02  1.606E-02  1.702E-02  1.793E-02  1.928E-02  2.053E-02  2.225E-02  2.404E-02  2.626E-02  2.893E-02
  3.213E-02  3.682E-02  4.248E-02  4.991E-02  5.996E-02  7.693E-02  1.016E-01  1.588E-01  1.000E+00  0.000E+00
  0.000E+00  2.701E-01  9.381E-02  7.154E-02  5.752E-02  4.865E-02  4.039E-02  3.639E-02  3.190E-02  2.871E-02
  2.603E-02  2.359E-02  2.204E-02  2.017E-02  1.900E-02  1.733E-02  1.639E-02  1.535E-02  1.446E-02  1.356E-02
  1.294E-02  1.214E-02  1.172E-02  1.128E-02  1.080E-02  1.047E-02  1.018E-02  9.847E-03  9.715E-03  9.438E-03
  9.413E-03  9.376E-03  9.234E-03  9.270E-03  9.271E-03  9.345E-03  9.410E-03  9.635E-03  9.688E-03  1.002E-02
  1.023E-02  1.066E-02  1.089E-02  1.132E-02  1.188E-02  1.244E-02  1.317E-02  1.385E-02  1.464E-02  1.571E-02
  1.671E-02  1.759E-02  1.913E-02  2.071E-02  2.247E-02  2.477E-02  2.673E-02  3.058E-02  3.286E-02  3.790E-02
  4.292E-02  5.297E-02  6.710E-02  8.135E-02  1.057E-01  6.463E-01  0.000E+00  0.000E+00  1.685E-01  8.367E-02
  6.421E-02  5.066E-02  4.256E-02  3.668E-02  3.156E-02  2.857E-02  2.634E-02  2.364E-02  2.207E-02  2.060E-02
  1.878E-02  1.751E-02  1.627E-02  1.511E-02  1.409E-02  1.335E-02  1.256E-02  1.196E-02  1.142E-02  1.099E-02
  1.039E-02  1.013E-02  9.671E-03  9.477E-03  9.172E-03  9.095E-03  8.856E-03  8.706E-03  8.631E-03  8.554E-03
  8.669E-03  8.564E-03  8.705E-03  8.758E-03  8.906E-03  9.091E-03  9.267E-03  9.483E-03  9.747E-03  1.016E-02
  1.038E-02  1.110E-02  1.153E-02  1.222E-02  1.290E-02  1.349E-02  1.445E-02  1.547E-02  1.637E-02  1.790E-02
  1.938E-02  2.103E-02  2.294E-02  2.510E-02  2.706E-02  2.952E-02  3.462E-02  3.855E-02  4.546E-02  5.786E-02
  7.086E-02  8.772E-02  6.746E-01  0.000E+00  0.000E+00  1.356E-01  7.192E-02  5.222E-02  4.623E-02  3.915E-02
  3.385E-02  2.933E-02  2.681E-02  2.475E-02  2.270E-02  2.060E-02  1.870E-02  1.752E-02  1.634E-02  1.502E-02
  1.394E-02  1.321E-02  1.242E-02  1.172E-02  1.120E-02  1.061E-02  1.008E-02  9.648E-03  9.373E-03  9.079E-03
  8.814E-03  8.594E-03  8.369E-03  8.218E-03  8.113E-03  8.076E-03  7.993E-03  7.985E-03  8.009E-03  8.093E-03
  8.164E-03  8.256E-03  8.424E-03  8.640E-03  8.882E-03  9.197E-03  9.409E-03  9.791E-03  1.018E-02  1.083E-02
  1.134E-02  1.200E-02  1.254E-02  1.348E-02  1.429E-02  1.523E-02  1.681E-02  1.775E-02  1.933E-02  2.137E-02
  2.314E-02  2.492E-02  2.846E-02  3.172E-02  3.680E-02  4.114E-02  4.813E-02  6.068E-02  8.076E-02  0.000E+00
  0.000E+00  0.000E+00  1.317E-01  6.276E-02  4.793E-02  3.840E-02  3.597E-02  3.090E-02  2.803E-02  2.507E-02
  2.290E-02  2.122E-02  1.920E-02  1.764E-02  1.616E-02  1.525E-02  1.406E-02  1.313E-02  1.223E-02  1.158E-02
  1.098E-02  1.041E-02  9.865E-03  9.478E-03  9.164E-03  8.874E-03  8.444E-03  8.234E-03  7.976E-03  7.858E-03
  7.715E-03  7.609E-03  7.553E-03  7.550E-03  7.525E-03  7.504E-03  7.608E-03  7.636E-03  7.711E-03  7.950E-03
  8.052E-03  8.280E-03  8.597E-03  8.816E-03  9.166E-03  9.619E-03  9.997E-03  1.053E-02  1.111E-02  1.183E-02
  1.254E-02  1.345E-02  1.442E-02  1.556E-02  1.677E-02  1.830E-02  1.975E-02  2.159E-02  2.361E-02  2.632E-02
  2.863E-02  3.301E-02  3.804E-02  4.276E-02  5.401E-02  6.668E-02  5.885E-01  0.000E+00  0.000E+00  1.200E-01
  5.290E-02  4.381E-02  3.916E-02  3.270E-02  2.967E-02  2.663E-02  2.388E-02  2.149E-02  1.980E-02  1.805E-02
  1.677E-02  1.527E-02  1.438E-02  1.307E-02  1.240E-02  1.159E-02  1.079E-02  1.021E-02  9.682E-03  9.311E-03
  8.930E-03  8.536E-03  8.228E-03  7.962E-03  7.801E-03  7.595E-03  7.421E-03  7.347E-03  7.228E-03  7.134E-03
  7.114E-03  7.119E-03  7.081E-03  7.124E-03  7.246E-03  7.332E-03  7.489E-03  7.661E-03  7.803E-03  8.014E-03
  8.313E-03  8.681E-03  8.915E-03  9.469E-03  9.836E-03  1.040E-02  1.106E-02  1.179E-02  1.251E-02  1.348E-02
  1.461E-02  1.576E-02  1.709E-02  1.872E-02  2.028E-02  2.247E-02  2.441E-02  2.685E-02  3.054E-02  3.451E-02
  4.166E-02  4.496E-02  5.744E-02  4.542E-01  0.000E+00  0.000E+00  1.070E-01  5.007E-02  3.915E-02  3.552E-02
  3.062E-02  2.863E-02  2.430E-02  2.231E-02  2.010E-02  1.880E-02  1.698E-02  1.569E-02  1.429E-02  1.343E-02
  1.238E-02  1.158E-02  1.083E-02  1.024E-02  9.675E-03  9.167E-03  8.764E-03  8.359E-03  8.050E-03  7.808E-03
  7.537E-03  7.340E-03  7.194E-03  7.042E-03  6.929E-03  6.867E-03  6.789E-03  6.733E-03  6.772E-03  6.781E-03
  6.764E-03  6.894E-03  7.005E-03  7.083E-03  7.212E-03  7.419E-03  7.610E-03  7.839E-03  8.212E-03  8.503E-03
  8.927E-03  9.308E-03  9.822E-03  1.037E-02  1.104E-02  1.187E-02  1.275E-02  1.369E-02  1.487E-02  1.594E-02
  1.763E-02  1.887E-02  2.076E-02  2.342E-02  2.614E-02  2.928E-02  3.137E-02  3.688E-02  4.225E-02  5.208E-02
  6.605E-01  0.000E+00  0.000E+00  9.808E-02  4.580E-02  3.878E-02  3.312E-02  2.893E-02  2.618E-02  2.315E-02
  2.204E-02  1.949E-02  1.742E-02  1.589E-02  1.491E-02  1.362E-02  1.256E-02  1.175E-02  1.101E-02  1.022E-02
  9.736E-03  9.165E-03  8.675E-03  8.428E-03  8.006E-03  7.686E-03  7.461E-03  7.162E-03  6.983E-03  6.873E-03
  6.722E-03  6.614E-03  6.507E-03  6.487E-03  6.460E-03  6.432E-03  6.454E-03  6.520E-03  6.552E-03  6.658E-03
  6.737E-03  6.905E-03  7.078E-03  7.257E-03  7.491E-03  7.745E-03  8.047E-03  8.461E-03  8.897E-03  9.284E-03
  9.871E-03  1.057E-02  1.114E-02  1.192E-02  1.297E-02  1.398E-02  1.529E-02  1.645E-02  1.806E-02  1.984E-02
  2.241E-02  2.422E-02  2.696E-02  2.996E-02  3.523E-02  4.058E-02  4.995E-02  5.129E-01  0.000E+00  0.000E+00
  7.466E-02  4.226E-02  3.567E-02  3.050E-02  2.710E-02  2.504E-02  2.222E-02  2.047E-02  1.826E-02  1.651E-02
  1.512E-02  1.408E-02  1.294E-02  1.199E-02  1.107E-02  1.036E-02  9.737E-03  9.179E-03  8.662E-03  8.276E-03
  7.889E-03  7.591E-03  7.307E-03  7.133E-03  6.867E-03  6.707E-03  6.528E-03  6.442E-03  6.327E-03  6.322E-03
  6.258E-03  6.217E-03  6.226E-03  6.205E-03  6.289E-03  6.339E-03  6.375E-03  6.501E-03  6.591E-03  6.768E-03
  6.943E-03  7.140E-03  7.443E-03  7.687E-03  8.086E-03  8.415E-03  8.814E-03  9.439E-03  9.978E-03  1.064E-02
  1.137E-02  1.237E-02  1.314E-02  1.436E-02  1.564E-02  1.719E-02  1.896E-02  2.110E-02  2.293E-02  2.581E-02
  2.855E-02  3.247E-02  3.762E-02  4.488E-02  3.992E-01  0.000E+00  0.000E+00  7.726E-02  3.851E-02  3.416E-02
  2.960E-02  2.587E-02  2.373E-02  2.091E-02  1.932E-02  1.759E-02  1.567E-02  1.451E-02  1.334E-02  1.223E-02
  1.141E-02  1.064E-02  9.863E-03  9.358E-03  8.817E-03  8.357E-03  7.936E-03  7.590E-03  7.228E-03  7.044E-03
  6.789E-03  6.609E-03  6.476E-03  6.316E-03  6.218E-03  6.167E-03  6.086E-03  6.049E-03  6.002E-03  6.025E-03
  6.046E-03  6.038E-03  6.099E-03  6.177E-03  6.268E-03  6.381E-03  6.480E-03  6.658E-03  6.840E-03  7.090E-03
  7.389E-03  7.688E-03  8.062E-03  8.458E-03  8.968E-03  9.469E-03  1.021E-02  1.091E-02  1.166E-02  1.290E-02
  1.378E-02  1.495E-02  1.611E-02  1.825E-02  1.975E-02  2.215E-02  2.428E-02  2.738E-02  3.158E-02  3.474E-02
  4.126E-02  3.150E-01  0.000E+00  0.000E+00  6.911E-02  3.769E-02  3.223E-02  2.891E-02  2.552E-02  2.284E-02
  2.012E-02  1.822E-02  1.675E-02  1.518E-02  1.394E-02  1.273E-02  1.179E-02  1.100E-02  1.017E-02  9.514E-03
  9.045E-03  8.425E-03  7.984E-03  7.575E-03  7.269E-03  7.009E-03  6.775E-03  6.548E-03  6.434E-03  6.273E-03
  6.108E-03  6.024E-03  6.000E-03  5.951E-03  5.898E-03  5.850E-03  5.871E-03  5.865E-03  5.860E-03  5.945E-03
  6.016E-03  6.050E-03  6.145E-03  6.324E-03  6.446E-03  6.646E-03  6.833E-03  7.066E-03  7.393E-03  7.726E-03
  8.118E-03  8.602E-03  9.115E-03  9.647E-03  1.053E-02  1.118E-02  1.213E-02  1.308E-02  1.429E-02  1.574E-02
  1.714E-02  1.903E-02  2.109E-02  2.310E-02  2.568E-02  2.840E-02  3.397E-02  3.905E-02  2.644E-01  0.000E+00
  0.000E+00  6.939E-02  3.462E-02  2.982E-02  2.643E-02  2.372E-02  2.192E-02  1.996E-02  1.766E-02  1.612E-02
  1.457E-02  1.344E-02  1.230E-02  1.134E-02  1.047E-02  9.800E-03  9.131E-03  8.595E-03  8.102E-03  7.717E-03
  7.373E-03  7.033E-03  6.755E-03  6.602E-03  6.342E-03  6.220E-03  6.079E-03  5.951E-03  5.886E-03  5.892E-03
  5.816E-03  5.765E-03  5.758E-03  5.750E-03  5.769E-03  5.794E-03  5.805E-03  5.863E-03  5.928E-03  6.038E-03
  6.153E-03  6.288E-03  6.389E-03  6.601E-03  6.897E-03  7.139E-03  7.424E-03  7.825E-03  8.320E-03  8.842E-03
  9.265E-03  9.957E-03  1.086E-02  1.155E-02  1.260E-02  1.377E-02  1.522E-02  1.663E-02  1.828E-02  2.019E-02
  2.237E-02  2.520E-02  2.802E-02  3.220E-02  3.636E-02  2.710E-01  0.000E+00  0.000E+00  6.343E-02  3.411E-02
  2.897E-02  2.659E-02  2.306E-02  2.125E-02  1.860E-02  1.709E-02  1.550E-02  1.426E-02  1.283E-02  1.184E-02
  1.091E-02  1.008E-02  9.427E-03  8.845E-03  8.266E-03  7.813E-03  7.453E-03  7.113E-03  6.832E-03  6.540E-03
  6.359E-03  6.225E-03  6.056E-03  5.988E-03  5.863E-03  5.785E-03  5.751E-03  5.711E-03  5.668E-03  5.668E-03
  5.681E-03  5.660E-03  5.701E-03  5.740E-03  5.792E-03  5.813E-03  5.893E-03  6.018E-03  6.136E-03  6.239E-03
  6.406E-03  6.609E-03  6.945E-03  7.264E-03  7.594E-03  8.023E-03  8.479E-03  8.981E-03  9.600E-03  1.043E-02
  1.112E-02  1.227E-02  1.340E-02  1.437E-02  1.594E-02  1.778E-02  1.950E-02  2.108E-02  2.419E-02  2.744E-02
  3.109E-02  3.444E-02  2.542E-01  0.000E+00  0.000E+00  5.726E-02  3.129E-02  2.849E-02  2.602E-02  2.262E-02
  2.044E-02  1.811E-02  1.646E-02  1.486E-02  1.385E-02  1.252E-02  1.134E-02  1.059E-02  9.771E-03  9.117E-03
  8.607E-03  8.029E-03  7.620E-03  7.227E-03  6.924E-03  6.692E-03  6.404E-03  6.227E-03  6.073E-03  5.962E-03
  5.989E-03  6.035E-03  5.996E-03  5.935E-03  5.872E-03  5.889E-03  5.883E-03  5.862E-03  5.903E-03  5.891E-03
  5.942E-03  5.955E-03  6.015E-03  6.079E-03  5.898E-03  5.984E-03  6.137E-03  6.285E-03  6.504E-03  6.727E-03
  7.008E-03  7.354E-03  7.706E-03  8.244E-03  8.723E-03  9.319E-03  1.007E-02  1.083E-02  1.184E-02  1.291E-02
  1.407E-02  1.560E-02  1.703E-02  1.887E-02  2.086E-02  2.348E-02  2.623E-02  3.023E-02  3.354E-02  2.521E-01
  0.000E+00  0.000E+00  5.534E-02  3.203E-02  2.743E-02  2.435E-02  2.197E-02  1.961E-02  1.799E-02  1.597E-02
  1.455E-02  1.334E-02  1.210E-02  1.119E-02  1.024E-02  9.551E-03  8.852E-03  8.292E-03  7.855E-03  7.453E-03
  7.095E-03  6.774E-03  6.503E-03  6.326E-03  6.107E-03  5.986E-03  5.877E-03  6.288E-03  6.764E-03  6.727E-03
  6.655E-03  6.593E-03  6.615E-03  6.625E-03  6.613E-03  6.622E-03  6.629E-03  6.668E-03  6.696E-03  6.747E-03
  6.871E-03  5.968E-03  5.878E-03  6.008E-03  6.157E-03  6.382E-03  6.558E-03  6.863E-03  7.194E-03  7.575E-03
  7.944E-03  8.597E-03  9.069E-03  9.817E-03  1.058E-02  1.154E-02  1.248E-02  1.358E-02  1.495E-02  1.650E-02
  1.849E-02  2.022E-02  2.285E-02  2.547E-02  2.852E-02  3.388E-02  2.438E-01  0.000E+00  0.000E+00  5.685E-02
  3.013E-02  2.710E-02  2.429E-02  2.109E-02  1.922E-02  1.746E-02  1.564E-02  1.439E-02  1.298E-02  1.184E-02
  1.086E-02  1.011E-02  9.336E-03  8.662E-03  8.138E-03  7.685E-03  7.281E-03  6.952E-03  6.668E-03  6.372E-03
  6.186E-03  6.004E-03  5.908E-03  5.812E-03  6.204E-03  6.731E-03  6.601E-03  6.398E-03  6.446E-03  6.418E-03
  6.429E-03  6.402E-03  6.372E-03  6.384E-03  6.393E-03  6.460E-03  6.672E-03  6.786E-03  5.908E-03  5.821E-03
  5.925E-03  6.094E-03  6.235E-03  6.450E-03  6.718E-03  6.990E-03  7.403E-03  7.866E-03  8.348E-03  8.905E-03
  9.525E-03  1.031E-02  1.131E-02  1.222E-02  1.332E-02  1.481E-02  1.631E-02  1.797E-02  1.995E-02  2.255E-02
  2.466E-02  2.873E-02  3.303E-02  2.183E-01  0.000E+00  0.000E+00  5.582E-02  3.045E-02  2.667E-02  2.331E-02
  2.125E-02  1.879E-02  1.722E-02  1.552E-02  1.399E-02  1.274E-02  1.159E-02  1.067E-02  9.926E-03  9.196E-03
  8.476E-03  7.964E-03  7.536E-03  7.097E-03  6.812E-03  6.512E-03  6.291E-03  6.101E-03  5.938E-03  5.834E-03
  5.737E-03  6.177E-03  6.678E-03  6.639E-03  6.404E-03  6.397E-03  6.406E-03  6.430E-03  6.432E-03  6.434E-03
  6.401E-03  6.402E-03  6.428E-03  6.594E-03  6.768E-03  5.868E-03  5.743E-03  5.867E-03  6.006E-03  6.160E-03
  6.379E-03  6.575E-03  6.891E-03  7.192E-03  7.682E-03  8.115E-03  8.685E-03  9.366E-03  1.012E-02  1.094E-02
  1.198E-02  1.319E-02  1.446E-02  1.594E-02  1.773E-02  1.971E-02  2.160E-02  2.480E-02  2.777E-02  3.168E-02
  1.977E-01  0.000E+00  0.000E+00  5.402E-02  2.977E-02  2.643E-02  2.351E-02  2.070E-02  1.836E-02  1.678E-02
  1.512E-02  1.389E-02  1.249E-02  1.148E-02  1.043E-02  9.697E-03  8.967E-03  8.361E-03  7.849E-03  7.469E-03
  7.030E-03  6.715E-03  6.478E-03  6.220E-03  6.029E-03  5.863E-03  5.785E-03  5.716E-03  6.164E-03  6.684E-03
  6.553E-03  6.401E-03  6.497E-03  6.454E-03  6.473E-03  6.482E-03  6.437E-03  6.461E-03  6.435E-03  6.464E-03
  6.680E-03  6.730E-03  5.818E-03  5.737E-03  5.854E-03  5.991E-03  6.114E-03  6.292E-03  6.500E-03  6.823E-03
  7.176E-03  7.535E-03  8.078E-03  8.579E-03  9.247E-03  1.001E-02  1.077E-02  1.176E-02  1.290E-02  1.418E-02
  1.546E-02  1.730E-02  1.934E-02  2.171E-02  2.378E-02  2.726E-02  3.017E-02  2.237E-01  0.000E+00  0.000E+00
  5.668E-02  2.938E-02  2.587E-02  2.334E-02  2.018E-02  1.858E-02  1.664E-02  1.486E-02  1.363E-02  1.234E-02
  1.124E-02  1.039E-02  9.487E-03  8.911E-03  8.332E-03  7.801E-03  7.363E-03  6.978E-03  6.622E-03  6.400E-03
  6.191E-03  5.985E-03  5.845E-03  5.781E-03  5.684E-03  6.109E-03  6.699E-03  6.620E-03  6.451E-03  6.506E-03
  6.469E-03  6.510E-03  6.506E-03  6.494E-03  6.499E-03  6.484E-03  6.451E-03  6.626E-03  6.760E-03  5.815E-03
  5.719E-03  5.843E-03  5.923E-03  6.050E-03  6.237E-03  6.471E-03  6.752E-03  7.094E-03  7.508E-03  7.910E-03
  8.476E-03  9.084E-03  9.848E-03  1.063E-02  1.170E-02  1.276E-02  1.411E-02  1.529E-02  1.714E-02  1.929E-02
  2.160E-02  2.384E-02  2.674E-02  3.043E-02  2.144E-01  0.000E+00  0.000E+00  5.170E-02  2.894E-02  2.567E-02
  2.271E-02  2.092E-02  1.829E-02  1.619E-02  1.484E-02  1.339E-02  1.220E-02  1.113E-02  1.034E-02  9.513E-03
  8.776E-03  8.198E-03  7.719E-03  7.298E-03  6.967E-03  6.552E-03  6.340E-03  6.107E-03  5.964E-03  5.868E-03
  5.742E-03  5.679E-03  6.117E-03  6.703E-03  6.615E-03  6.446E-03  6.477E-03  6.520E-03  6.556E-03  6.585E-03
  6.579E-03  6.509E-03  6.521E-03  6.471E-03  6.659E-03  6.736E-03  5.798E-03  5.699E-03  5.774E-03  5.864E-03
  6.025E-03  6.227E-03  6.403E-03  6.696E-03  7.026E-03  7.453E-03  7.854E-03  8.419E-03  9.005E-03  9.849E-03
  1.061E-02  1.154E-02  1.256E-02  1.390E-02  1.525E-02  1.679E-02  1.878E-02  2.127E-02  2.380E-02  2.740E-02
  3.032E-02  2.182E-01  0.000E+00  0.000E+00  5.105E-02  2.841E-02  2.510E-02  2.227E-02  2.041E-02  1.809E-02
  1.644E-02  1.472E-02  1.331E-02  1.217E-02  1.123E-02  1.027E-02  9.445E-03  8.814E-03  8.211E-03  7.697E-03
  7.254E-03  6.903E-03  6.613E-03  6.330E-03  6.140E-03  5.969E-03  5.824E-03  5.766E-03  5.680E-03  6.107E-03
  6.692E-03  6.639E-03  6.478E-03  6.524E-03  6.525E-03  6.568E-03  6.547E-03  6.611E-03  6.542E-03  6.507E-03
  6.534E-03  6.648E-03  6.750E-03  5.790E-03  5.684E-03  5.753E-03  5.836E-03  5.989E-03  6.210E-03  6.390E-03
  6.688E-03  6.999E-03  7.391E-03  7.897E-03  8.364E-03  8.973E-03  9.752E-03  1.051E-02  1.137E-02  1.253E-02
  1.374E-02  1.516E-02  1.678E-02  1.855E-02  2.167E-02  2.393E-02  2.649E-02  3.012E-02  1.973E-01  0.000E+00
  0.000E+00  5.425E-02  2.928E-02  2.519E-02  2.215E-02  2.008E-02  1.821E-02  1.630E-02  1.461E-02  1.360E-02
  1.213E-02  1.119E-02  1.022E-02  9.455E-03  8.788E-03  8.213E-03  7.643E-03  7.259E-03  6.890E-03  6.559E-03
  6.341E-03  6.127E-03  5.957E-03  5.846E-03  5.747E-03  5.694E-03  6.159E-03  6.725E-03  6.581E-03  6.494E-03
  6.490E-03  6.526E-03  6.578E-03  6.596E-03  6.539E-03  6.519E-03  6.503E-03  6.489E-03  6.659E-03  6.767E-03
  5.842E-03  5.673E-03  5.749E-03  5.857E-03  6.015E-03  6.207E-03  6.423E-03  6.701E-03  7.012E-03  7.379E-03
  7.840E-03  8.388E-03  8.953E-03  9.645E-03  1.050E-02  1.165E-02  1.255E-02  1.381E-02  1.544E-02  1.708E-02
  1.905E-02  2.123E-02  2.438E-02  2.669E-02  3.003E-02  2.253E-01  0.000E+00  0.000E+00  5.270E-02  2.910E-02
  2.573E-02  2.308E-02  2.002E-02  1.841E-02  1.644E-02  1.503E-02  1.358E-02  1.221E-02  1.128E-02  1.024E-02
  9.484E-03  8.815E-03  8.235E-03  7.674E-03  7.240E-03  6.897E-03  6.610E-03  6.328E-03  6.137E-03  5.933E-03
  5.864E-03  5.741E-03  5.672E-03  6.124E-03  6.707E-03  6.629E-03  6.463E-03  6.489E-03  6.530E-03  6.582E-03
  6.534E-03  6.548E-03  6.505E-03  6.511E-03  6.507E-03  6.631E-03  6.702E-03  5.811E-03  5.690E-03  5.773E-03
  5.898E-03  6.025E-03  6.208E-03  6.430E-03  6.722E-03  7.041E-03  7.455E-03  7.915E-03  8.419E-03  9.045E-03
  9.747E-03  1.063E-02  1.164E-02  1.260E-02  1.383E-02  1.510E-02  1.693E-02  1.914E-02  2.134E-02  2.369E-02
  2.694E-02  2.927E-02  2.229E-01  0.000E+00  0.000E+00  5.196E-02  2.931E-02  2.590E-02  2.356E-02  2.075E-02
  1.855E-02  1.656E-02  1.507E-02  1.353E-02  1.242E-02  1.128E-02  1.044E-02  9.535E-03  8.946E-03  8.296E-03
  7.796E-03  7.342E-03  6.975E-03  6.627E-03  6.392E-03  6.206E-03  5.986E-03  5.883E-03  5.780E-03  5.713E-03
  6.138E-03  6.659E-03  6.624E-03  6.465E-03  6.447E-03  6.464E-03  6.555E-03  6.557E-03  6.529E-03  6.480E-03
  6.471E-03  6.470E-03  6.627E-03  6.735E-03  5.810E-03  5.717E-03  5.801E-03  5.888E-03  6.029E-03  6.239E-03
  6.492E-03  6.750E-03  7.081E-03  7.482E-03  7.915E-03  8.560E-03  9.060E-03  9.780E-03  1.058E-02  1.165E-02
  1.284E-02  1.424E-02  1.553E-02  1.695E-02  1.939E-02  2.127E-02  2.394E-02  2.673E-02  3.080E-02  2.584E-01
  0.000E+00  0.000E+00  5.345E-02  2.941E-02  2.624E-02  2.386E-02  2.077E-02  1.883E-02  1.665E-02  1.510E-02
  1.378E-02  1.253E-02  1.146E-02  1.053E-02  9.715E-03  9.027E-03  8.421E-03  7.872E-03  7.420E-03  7.021E-03
  6.720E-03  6.451E-03  6.233E-03  6.040E-03  5.917E-03  5.759E-03  5.726E-03  6.180E-03  6.711E-03  6.542E-03
  6.445E-03  6.457E-03  6.474E-03  6.472E-03  6.489E-03  6.452E-03  6.476E-03  6.418E-03  6.429E-03  6.613E-03
  6.729E-03  5.815E-03  5.768E-03  5.821E-03  5.926E-03  6.101E-03  6.300E-03  6.506E-03  6.782E-03  7.167E-03
  7.575E-03  8.012E-03  8.556E-03  9.225E-03  9.955E-03  1.075E-02  1.178E-02  1.298E-02  1.407E-02  1.566E-02
  1.739E-02  1.947E-02  2.169E-02  2.455E-02  2.692E-02  3.113E-02  2.132E-01  0.000E+00  0.000E+00  5.462E-02
  3.016E-02  2.635E-02  2.362E-02  2.118E-02  1.898E-02  1.703E-02  1.531E-02  1.398E-02  1.263E-02  1.158E-02
  1.059E-02  9.829E-03  9.106E-03  8.539E-03  7.950E-03  7.566E-03  7.195E-03  6.774E-03  6.559E-03  6.305E-03
  6.119E-03  5.983E-03  7.495E-03  9.007E-03  9.749E-03  1.042E-02  1.014E-02  9.981E-03  9.948E-03  1.002E-02
  1.006E-02  1.013E-02  1.009E-02  1.002E-02  1.002E-02  1.010E-02  1.039E-02  1.067E-02  9.241E-03  9.027E-03
  6.404E-03  6.005E-03  6.190E-03  6.373E-03  6.628E-03  6.949E-03  7.287E-03  7.678E-03  8.181E-03  8.720E-03
  9.320E-03  1.010E-02  1.095E-02  1.192E-02  1.308E-02  1.441E-02  1.586E-02  1.773E-02  1.958E-02  2.161E-02
  2.451E-02  2.789E-02  3.251E-02  2.450E-01  0.000E+00  0.000E+00  5.717E-02  3.086E-02  2.720E-02  2.406E-02
  2.168E-02  1.924E-02  1.718E-02  1.567E-02  1.428E-02  1.288E-02  1.191E-02  1.090E-02  1.001E-02  9.284E-03
  8.687E-03  8.128E-03  7.664E-03  7.266E-03  6.910E-03  6.629E-03  6.404E-03  6.167E-03  5.984E-03  1.097E-02
  0.000E+00  0.000E+00  0.000E+00  0.000E+00  0.000E+00  9.562E-01  0.000E+00  0.000E+00  0.000E+00  0.000E+00
  0.000E+00  0.000E+00  1.000E+00  0.000E+00  0.000E+00  0.000E+00  0.000E+00  7.247E-03  6.071E-03  6.231E-03
  6.455E-03  6.716E-03  7.046E-03  7.361E-03  7.820E-03  8.318E-03  8.857E-03  9.568E-03  1.033E-02  1.122E-02
  1.213E-02  1.321E-02  1.451E-02  1.624E-02  1.791E-02  1.961E-02  2.243E-02  2.496E-02  2.824E-02  3.277E-02
  2.275E-01  0.000E+00  0.000E+00  5.564E-02  3.171E-02  2.815E-02  2.432E-02  2.184E-02  1.965E-02  1.801E-02
  1.595E-02  1.454E-02  1.332E-02  1.209E-02  1.114E-02  1.029E-02  9.473E-03  8.939E-03  8.373E-03  7.850E-03
  7.438E-03  7.062E-03  6.754E-03  6.498E-03  6.297E-03  6.082E-03  1.106E-02  0.000E+00  0.000E+00  0.000E+00
  0.000E+00  0.000E+00  1.000E+00  0.000E+00  0.000E+00  0.000E+00  0.000E+00  0.000E+00  1.000E+00  1.000E+00
  0.000E+00  0.000E+00  0.000E+00  0.000E+00  7.385E-03  6.202E-03  6.361E-03  6.596E-03  6.866E-03  7.161E-03
  7.608E-03  8.049E-03  8.479E-03  9.096E-03  9.771E-03  1.059E-02  1.138E-02  1.241E-02  1.367E-02  1.514E-02
  1.661E-02  1.860E-02  2.063E-02  2.256E-02  2.569E-02  2.935E-02  3.212E-02  2.485E-01  0.000E+00  0.000E+00
  5.884E-02  3.206E-02  2.884E-02  2.537E-02  2.252E-02  2.052E-02  1.809E-02  1.676E-02  1.511E-02  1.379E-02
  1.256E-02  1.135E-02  1.053E-02  9.821E-03  9.050E-03  8.573E-03  8.068E-03  7.632E-03  7.199E-03  6.922E-03
  6.630E-03  6.435E-03  6.272E-03  1.130E-02  0.000E+00  0.000E+00  0.000E+00  0.000E+00  0.000E+00  0.000E+00
  0.000E+00  0.000E+00  0.000E+00  0.000E+00  0.000E+00  0.000E+00  0.000E+00  0.000E+00  0.000E+00  0.000E+00
  0.000E+00  7.483E-03  6.274E-03  6.507E-03  6.760E-03  6.998E-03  7.343E-03  7.797E-03  8.183E-03  8.729E-03
  9.404E-03  1.009E-02  1.093E-02  1.182E-02  1.285E-02  1.416E-02  1.540E-02  1.731E-02  1.885E-02  2.091E-02
  2.347E-02  2.597E-02  3.007E-02  3.475E-02  2.549E-01  0.000E+00  0.000E+00  6.391E-02  3.405E-02  2.943E-02
  2.655E-02  2.335E-02  2.098E-02  1.930E-02  1.708E-02  1.550E-02  1.410E-02  1.273E-02  1.183E-02  1.096E-02
  1.020E-02  9.435E-03  8.836E-03  8.303E-03  7.816E-03  7.444E-03  7.119E-03  6.874E-03  6.633E-03  6.340E-03
  1.146E-02  0.000E+00  0.000E+00  0.000E+00  0.000E+00  0.000E+00  0.000E+00  0.000E+00  0.000E+00  0.000E+00
  0.000E+00  0.000E+00  0.000E+00  0.000E+00  0.000E+00  0.000E+00  0.000E+00  1.000E+00  7.699E-03  6.449E-03
  6.616E-03  6.887E-03  7.232E-03  7.584E-03  7.996E-03  8.474E-03  8.984E-03  9.700E-03  1.035E-02  1.122E-02
  1.226E-02  1.329E-02  1.461E-02  1.598E-02  1.794E-02  1.951E-02  2.176E-02  2.464E-02  2.719E-02  3.026E-02
  3.525E-02  3.282E-01  0.000E+00  0.000E+00  6.801E-02  3.429E-02  3.181E-02  2.653E-02  2.446E-02  2.146E-02
  1.951E-02  1.764E-02  1.619E-02  1.444E-02  1.325E-02  1.236E-02  1.142E-02  1.066E-02  9.791E-03  9.136E-03
  8.610E-03  8.145E-03  7.709E-03  7.363E-03  7.047E-03  6.759E-03  6.535E-03  1.187E-02  0.000E+00  0.000E+00
  0.000E+00  0.000E+00  0.000E+00  0.000E+00  0.000E+00  0.000E+00  0.000E+00  0.000E+00  0.000E+00  0.000E+00
  0.000E+00  0.000E+00  0.000E+00  0.000E+00  0.000E+00  7.923E-03  6.648E-03  6.832E-03  7.155E-03  7.407E-03
  7.787E-03  8.274E-03  8.738E-03  9.317E-03  1.009E-02  1.077E-02  1.154E-02  1.244E-02  1.377E-02  1.501E-02
  1.651E-02  1.842E-02  2.048E-02  2.239E-02  2.541E-02  2.874E-02  3.220E-02  3.530E-02  2.758E-01  0.000E+00
  0.000E+00  7.212E-02  3.753E-02  3.250E-02  2.821E-02  2.556E-02  2.248E-02  2.025E-02  1.839E-02  1.670E-02
  1.525E-02  1.379E-02  1.291E-02  1.181E-02  1.102E-02  1.029E-02  9.502E-03  8.938E-03  8.390E-03  7.977E-03
  7.667E-03  7.243E-03  7.004E-03  6.765E-03  1.226E-02  0.000E+00  0.000E+00  0.000E+00  0.000E+00  0.000E+00
  0.000E+00  0.000E+00  0.000E+00  0.000E+00  0.000E+00  0.000E+00  0.000E+00  0.000E+00  0.000E+00  0.000E+00
  0.000E+00  0.000E+00  8.197E-03  6.821E-03  7.089E-03  7.405E-03  7.750E-03  8.132E-03  8.565E-03  9.073E-03
  9.608E-03  1.040E-02  1.131E-02  1.207E-02  1.316E-02  1.434E-02  1.575E-02  1.748E-02  1.889E-02  2.091E-02
  2.354E-02  2.606E-02  2.908E-02  3.378E-02  3.864E-02  3.171E-01  0.000E+00  0.000E+00  7.257E-02  3.819E-02
  3.313E-02  2.941E-02  2.631E-02  2.389E-02  2.146E-02  1.895E-02  1.735E-02  1.588E-02  1.438E-02  1.336E-02
  1.224E-02  1.144E-02  1.065E-02  9.971E-03  9.344E-03  8.801E-03  8.260E-03  7.911E-03  7.522E-03  7.293E-03
  7.017E-03  1.276E-02  0.000E+00  0.000E+00  0.000E+00  0.000E+00  0.000E+00  0.000E+00  0.000E+00  0.000E+00
  0.000E+00  0.000E+00  0.000E+00  0.000E+00  0.000E+00  0.000E+00  0.000E+00  0.000E+00  0.000E+00  8.443E-03
  7.040E-03  7.378E-03  7.712E-03  8.050E-03  8.446E-03  8.999E-03  9.488E-03  1.015E-02  1.088E-02  1.161E-02
  1.272E-02  1.366E-02  1.494E-02  1.622E-02  1.817E-02  1.980E-02  2.192E-02  2.429E-02  2.737E-02  3.063E-02
  3.527E-02  4.289E-02  2.405E-01  0.000E+00  0.000E+00  7.933E-02  4.240E-02  3.562E-02  3.048E-02  2.765E-02
  2.480E-02  2.250E-02  2.010E-02  1.844E-02  1.657E-02  1.519E-02  1.384E-02  1.295E-02  1.209E-02  1.117E-02
  1.045E-02  9.763E-03  9.147E-03  8.752E-03  8.293E-03  7.933E-03  7.557E-03  7.306E-03  1.338E-02  0.000E+00
  0.000E+00  0.000E+00  0.000E+00  0.000E+00  0.000E+00  0.000E+00  0.000E+00  0.000E+00  0.000E+00  0.000E+00
  0.000E+00  0.000E+00  0.000E+00  0.000E+00  0.000E+00  0.000E+00  8.878E-03  7.430E-03  7.690E-03  8.072E-03
  8.403E-03  8.914E-03  9.380E-03  9.904E-03  1.065E-02  1.141E-02  1.243E-02  1.322E-02  1.436E-02  1.573E-02
  1.738E-02  1.879E-02  2.094E-02  2.338E-02  2.578E-02  2.897E-02  3.233E-02  3.746E-02  4.589E-02  3.073E-01
  0.000E+00  0.000E+00  8.444E-02  4.365E-02  3.787E-02  3.407E-02  2.842E-02  2.633E-02  2.353E-02  2.090E-02
  1.933E-02  1.751E-02  1.598E-02  1.478E-02  1.361E-02  1.273E-02  1.172E-02  1.089E-02  1.026E-02  9.653E-03
  9.159E-03  8.767E-03  8.287E-03  7.964E-03  7.683E-03  1.405E-02  0.000E+00  0.000E+00  0.000E+00  0.000E+00
  0.000E+00  0.000E+00  0.000E+00  0.000E+00  0.000E+00  0.000E+00  0.000E+00  0.000E+00  0.000E+00  0.000E+00
  0.000E+00  0.000E+00  0.000E+00  9.189E-03  7.748E-03  8.076E-03  8.489E-03  8.855E-03  9.330E-03  9.838E-03
  1.049E-02  1.120E-02  1.198E-02  1.289E-02  1.404E-02  1.513E-02  1.651E-02  1.828E-02  2.021E-02  2.203E-02
  2.436E-02  2.705E-02  3.120E-02  3.363E-02  3.919E-02  4.985E-02  3.802E-01  0.000E+00  0.000E+00  1.025E-01
  4.758E-02  4.138E-02  3.483E-02  3.108E-02  2.722E-02  2.518E-02  2.283E-02  2.044E-02  1.838E-02  1.702E-02
  1.550E-02  1.451E-02  1.347E-02  1.232E-02  1.167E-02  1.089E-02  1.021E-02  9.660E-03  9.234E-03  8.769E-03
  8.334E-03  8.126E-03  1.488E-02  0.000E+00  0.000E+00  0.000E+00  0.000E+00  0.000E+00  0.000E+00  0.000E+00
  0.000E+00  0.000E+00  0.000E+00  0.000E+00  0.000E+00  0.000E+00  0.000E+00  0.000E+00  0.000E+00  0.000E+00
  9.741E-03  8.190E-03  8.445E-03  8.885E-03  9.377E-03  9.886E-03  1.057E-02  1.107E-02  1.186E-02  1.285E-02
  1.368E-02  1.484E-02  1.607E-02  1.731E-02  1.917E-02  2.095E-02  2.384E-02  2.540E-02  2.853E-02  3.397E-02
  3.675E-02  4.289E-02  5.179E-02  4.681E-01  0.000E+00  0.000E+00  1.153E-01  5.429E-02  4.671E-02  3.644E-02
  3.254E-02  2.937E-02  2.585E-02  2.413E-02  2.142E-02  1.964E-02  1.805E-02  1.682E-02  1.528E-02  1.411E-02
  1.327E-02  1.230E-02  1.164E-02  1.083E-02  1.029E-02  9.795E-03  9.304E-03  8.919E-03  8.563E-03  1.576E-02
  0.000E+00  0.000E+00  0.000E+00  0.000E+00  0.000E+00  0.000E+00  0.000E+00  0.000E+00  0.000E+00  0.000E+00
  0.000E+00  0.000E+00  0.000E+00  0.000E+00  0.000E+00  0.000E+00  0.000E+00  1.052E-02  8.790E-03  9.015E-03
  9.385E-03  9.893E-03  1.052E-02  1.110E-02  1.177E-02  1.266E-02  1.343E-02  1.461E-02  1.591E-02  1.701E-02
  1.835E-02  2.009E-02  2.241E-02  2.429E-02  2.973E-02  3.134E-02  3.384E-02  3.977E-02  4.616E-02  6.132E-02
  3.804E-01  0.000E+00  0.000E+00  1.284E-01  6.316E-02  4.788E-02  4.116E-02  3.497E-02  3.197E-02  2.869E-02
  2.532E-02  2.247E-02  2.096E-02  1.936E-02  1.734E-02  1.628E-02  1.514E-02  1.387E-02  1.303E-02  1.224E-02
  1.166E-02  1.090E-02  1.041E-02  9.950E-03  9.499E-03  9.032E-03  1.689E-02  0.000E+00  0.000E+00  0.000E+00
  0.000E+00  0.000E+00  0.000E+00  0.000E+00  0.000E+00  0.000E+00  0.000E+00  0.000E+00  0.000E+00  0.000E+00
  0.000E+00  0.000E+00  0.000E+00  0.000E+00  1.098E-02  9.166E-03  9.536E-03  1.003E-02  1.065E-02  1.106E-02
  1.181E-02  1.242E-02  1.338E-02  1.433E-02  1.526E-02  1.676E-02  1.816E-02  1.986E-02  2.156E-02  2.358E-02
  2.654E-02  2.940E-02  3.446E-02  4.194E-02  4.345E-02  5.266E-02  6.850E-02  5.661E-01  0.000E+00  0.000E+00
  1.373E-01  7.164E-02  5.655E-02  4.581E-02  3.810E-02  3.388E-02  3.049E-02  2.719E-02  2.490E-02  2.288E-02
  2.042E-02  1.897E-02  1.747E-02  1.619E-02  1.503E-02  1.399E-02  1.310E-02  1.237E-02  1.185E-02  1.102E-02
  1.044E-02  1.012E-02  9.688E-03  1.815E-02  0.000E+00  0.000E+00  0.000E+00  0.000E+00  0.000E+00  0.000E+00
  0.000E+00  0.000E+00  0.000E+00  0.000E+00  0.000E+00  0.000E+00  0.000E+00  0.000E+00  0.000E+00  0.000E+00
  0.000E+00  1.179E-02  9.779E-03  1.033E-02  1.075E-02  1.134E-02  1.188E-02  1.263E-02  1.347E-02  1.448E-02
  1.554E-02  1.663E-02  1.818E-02  1.954E-02  2.141E-02  2.314E-02  2.551E-02  2.775E-02  3.184E-02  3.529E-02
  4.020E-02  5.905E-02  5.901E-02  8.034E-02  9.284E-01  0.000E+00  0.000E+00  1.590E-01  8.561E-02  6.093E-02
  5.187E-02  4.322E-02  3.788E-02  3.236E-02  2.894E-02  2.738E-02  2.350E-02  2.201E-02  2.052E-02  1.890E-02
  1.752E-02  1.594E-02  1.502E-02  1.401E-02  1.343E-02  1.275E-02  1.181E-02  1.135E-02  1.091E-02  1.039E-02
  1.955E-02  0.000E+00  0.000E+00  0.000E+00  0.000E+00  0.000E+00  0.000E+00  0.000E+00  0.000E+00  0.000E+00
  0.000E+00  0.000E+00  0.000E+00  0.000E+00  0.000E+00  0.000E+00  0.000E+00  0.000E+00  1.255E-02  1.048E-02
  1.105E-02  1.158E-02  1.205E-02  1.288E-02  1.376E-02  1.444E-02  1.556E-02  1.689E-02  1.786E-02  1.938E-02
  2.077E-02  2.274E-02  2.478E-02  2.732E-02  3.016E-02  3.350E-02  3.906E-02  4.614E-02  5.610E-02  7.169E-02
  9.044E-02  4.274E-01  0.000E+00  0.000E+00  2.138E-01  9.447E-02  7.373E-02  5.707E-02  4.827E-02  3.955E-02
  3.509E-02  3.184E-02  2.880E-02  2.578E-02  2.382E-02  2.186E-02  2.071E-02  1.882E-02  1.737E-02  1.625E-02
  1.537E-02  1.445E-02  1.378E-02  1.304E-02  1.229E-02  1.170E-02  1.120E-02  2.073E-02  0.000E+00  0.000E+00
  0.000E+00  0.000E+00  0.000E+00  0.000E+00  0.000E+00  0.000E+00  0.000E+00  0.000E+00  0.000E+00  0.000E+00
  0.000E+00  0.000E+00  0.000E+00  0.000E+00  0.000E+00  1.363E-02  1.145E-02  1.185E-02  1.247E-02  1.320E-02
  1.386E-02  1.475E-02  1.571E-02  1.642E-02  1.803E-02  1.906E-02  2.066E-02  2.249E-02  2.409E-02  2.696E-02
  2.940E-02  3.215E-02  3.640E-02  4.163E-02  5.252E-02  6.108E-02  7.715E-02  1.145E-01  5.933E-01  0.000E+00
  0.000E+00  1.995E-01  1.216E-01  8.591E-02  6.866E-02  5.519E-02  4.498E-02  4.019E-02  3.538E-02  3.004E-02
  2.860E-02  2.526E-02  2.397E-02  2.207E-02  2.007E-02  1.897E-02  1.780E-02  1.644E-02  1.541E-02  1.449E-02
  1.405E-02  1.327E-02  1.256E-02  1.212E-02  2.271E-02  0.000E+00  0.000E+00  0.000E+00  0.000E+00  0.000E+00
  0.000E+00  0.000E+00  0.000E+00  0.000E+00  0.000E+00  0.000E+00  0.000E+00  0.000E+00  0.000E+00  0.000E+00
  0.000E+00  0.000E+00  1.477E-02  1.235E-02  1.274E-02  1.353E-02  1.430E-02  1.498E-02  1.581E-02  1.702E-02
  1.786E-02  1.947E-02  2.075E-02  2.251E-02  2.442E-02  2.601E-02  2.900E-02  3.212E-02  3.632E-02  4.101E-02
  4.868E-02  5.842E-02  7.370E-02  9.884E-02  1.256E-01  0.000E+00  0.000E+00  0.000E+00  3.335E-01  1.508E-01
  1.161E-01  8.613E-02  6.579E-02  5.308E-02  4.349E-02  3.913E-02  3.401E-02  3.127E-02  2.831E-02  2.591E-02
  2.442E-02  2.181E-02  2.035E-02  1.896E-02  1.791E-02  1.701E-02  1.617E-02  1.520E-02  1.460E-02  1.377E-02
  1.311E-02  2.482E-02  0.000E+00  0.000E+00  0.000E+00  0.000E+00  0.000E+00  0.000E+00  0.000E+00  0.000E+00
  0.000E+00  0.000E+00  0.000E+00  0.000E+00  0.000E+00  0.000E+00  0.000E+00  0.000E+00  0.000E+00  1.620E-02
  1.360E-02  1.409E-02  1.471E-02  1.541E-02  1.662E-02  1.729E-02  1.826E-02  1.948E-02  2.108E-02  2.221E-02
  2.461E-02  2.646E-02  2.956E-02  3.221E-02  3.513E-02  3.936E-02  4.599E-02  5.523E-02  7.091E-02  9.470E-02
  1.179E-01  1.796E-01  0.000E+00  0.000E+00  0.000E+00  5.034E-01  1.902E-01  1.407E-01  9.588E-02  7.985E-02
  6.220E-02  5.102E-02  4.453E-02  3.906E-02  3.477E-02  3.080E-02  2.804E-02  2.603E-02  2.413E-02  2.266E-02
  2.088E-02  1.953E-02  1.848E-02  1.743E-02  1.631E-02  1.570E-02  1.507E-02  1.445E-02  2.711E-02  0.000E+00
  0.000E+00  0.000E+00  0.000E+00  0.000E+00  0.000E+00  0.000E+00  0.000E+00  0.000E+00  0.000E+00  0.000E+00
  0.000E+00  0.000E+00  0.000E+00  0.000E+00  0.000E+00  0.000E+00  1.775E-02  1.457E-02  1.549E-02  1.607E-02
  1.671E-02  1.782E-02  1.900E-02  1.998E-02  2.159E-02  2.291E-02  2.496E-02  2.618E-02  2.891E-02  3.160E-02
  3.546E-02  3.971E-02  4.603E-02  5.312E-02  6.593E-02  8.812E-02  1.114E-01  1.857E-01  1.975E-01  1.000E+00
  0.000E+00  0.000E+00  4.584E-01  1.927E-01  1.644E-01  1.251E-01  9.761E-02  7.509E-02  5.898E-02  5.140E-02
  4.407E-02  3.741E-02  3.398E-02  3.041E-02  2.836E-02  2.623E-02  2.472E-02  2.290E-02  2.153E-02  2.004E-02
  1.900E-02  1.842E-02  1.735E-02  1.655E-02  1.601E-02  2.940E-02  0.000E+00  0.000E+00  0.000E+00  0.000E+00
  0.000E+00  0.000E+00  0.000E+00  0.000E+00  0.000E+00  0.000E+00  0.000E+00  0.000E+00  0.000E+00  0.000E+00
  0.000E+00  0.000E+00  0.000E+00  1.915E-02  1.601E-02  1.674E-02  1.764E-02  1.870E-02  1.970E-02  2.058E-02
  2.171E-02  2.395E-02  2.527E-02  2.735E-02  2.954E-02  3.203E-02  3.485E-02  3.976E-02  4.470E-02  5.398E-02
  6.337E-02  8.080E-02  1.019E-01  1.333E-01  2.041E-01  2.513E-01  1.000E+00  0.000E+00  0.000E+00  7.072E-01
  2.600E-01  2.246E-01  1.627E-01  1.256E-01  1.024E-01  7.263E-02  6.243E-02  4.967E-02  4.411E-02  3.863E-02
  3.332E-02  3.187E-02  2.881E-02  2.696E-02  2.522E-02  2.356E-02  2.185E-02  2.115E-02  1.979E-02  1.915E-02
  1.801E-02  1.772E-02  3.283E-02  0.000E+00  0.000E+00  0.000E+00  0.000E+00  0.000E+00  0.000E+00  0.000E+00
  0.000E+00  0.000E+00  0.000E+00  0.000E+00  0.000E+00  0.000E+00  0.000E+00  0.000E+00  0.000E+00  0.000E+00
  2.135E-02  1.757E-02  1.840E-02  1.953E-02  2.035E-02  2.146E-02  2.261E-02  2.411E-02  2.543E-02  2.681E-02
  2.982E-02  3.292E-02  3.545E-02  3.960E-02  4.662E-02  5.551E-02  6.085E-02  8.187E-02  1.040E-01  1.429E-01
  1.836E-01  2.502E-01  2.898E-01  1.000E+00  0.000E+00  0.000E+00  5.881E-01  3.555E-01  2.507E-01  1.857E-01
  1.427E-01  1.254E-01  8.970E-02  7.040E-02  6.039E-02  5.209E-02  4.503E-02  3.877E-02  3.474E-02  3.280E-02
  3.029E-02  2.766E-02  2.612E-02  2.463E-02  2.332E-02  2.218E-02  2.088E-02  2.005E-02  1.949E-02  3.606E-02
  0.000E+00  0.000E+00  0.000E+00  0.000E+00  0.000E+00  0.000E+00  0.000E+00  0.000E+00  0.000E+00  0.000E+00
  0.000E+00  0.000E+00  0.000E+00  0.000E+00  0.000E+00  0.000E+00  0.000E+00  2.384E-02  1.945E-02  2.035E-02
  2.167E-02  2.260E-02  2.364E-02  2.531E-02  2.654E-02  2.884E-02  3.089E-02  3.313E-02  3.745E-02  4.066E-02
  4.578E-02  5.399E-02  6.407E-02  7.802E-02  1.018E-01  1.304E-01  1.745E-01  1.937E-01  2.887E-01  4.472E-01
  0.000E+00  0.000E+00  0.000E+00  0.000E+00  5.775E-01  3.584E-01  2.204E-01  1.968E-01  1.796E-01  1.140E-01
  9.584E-02  7.335E-02  5.926E-02  5.268E-02  4.351E-02  3.973E-02  3.588E-02  3.348E-02  3.030E-02  2.961E-02
  2.714E-02  2.584E-02  2.439E-02  2.279E-02  2.213E-02  2.149E-02  4.083E-02  0.000E+00  0.000E+00  0.000E+00
  0.000E+00  0.000E+00  0.000E+00  0.000E+00  0.000E+00  0.000E+00  0.000E+00  0.000E+00  0.000E+00  0.000E+00
  0.000E+00  0.000E+00  0.000E+00  0.000E+00  2.627E-02  2.139E-02  2.280E-02  2.347E-02  2.506E-02  2.580E-02
  2.714E-02  2.964E-02  3.212E-02  3.400E-02  3.707E-02  4.197E-02  4.664E-02  5.403E-02  6.992E-02  7.620E-02
  1.060E-01  1.254E-01  1.537E-01  2.480E-01  2.694E-01  4.089E-01  1.000E+00  0.000E+00  0.000E+00  0.000E+00
  8.166E-01  5.006E-01  4.084E-01  3.276E-01  2.512E-01  1.978E-01  1.645E-01  1.250E-01  8.883E-02  7.480E-02
  6.298E-02  5.393E-02  4.872E-02  4.112E-02  3.866E-02  3.438E-02  3.208E-02  3.071E-02  2.837E-02  2.725E-02
  2.626E-02  2.447E-02  2.384E-02  4.408E-02  0.000E+00  0.000E+00  0.000E+00  0.000E+00  0.000E+00  0.000E+00
  0.000E+00  0.000E+00  0.000E+00  0.000E+00  0.000E+00  0.000E+00  0.000E+00  0.000E+00  0.000E+00  0.000E+00
  0.000E+00  2.906E-02  2.400E-02  2.497E-02  2.693E-02  2.720E-02  2.911E-02  3.142E-02  3.279E-02  3.536E-02
  3.835E-02  4.295E-02  4.913E-02  5.971E-02  6.916E-02  8.201E-02  1.038E-01  1.463E-01  1.870E-01  2.183E-01
  4.638E-01  3.880E-01  3.680E-01  1.000E+00  0.000E+00  0.000E+00  0.000E+00  1.000E+00  4.495E-01  5.177E-01
  7.071E-01  3.348E-01  2.139E-01  2.178E-01  1.639E-01  1.292E-01  9.719E-02  7.995E-02  7.393E-02  5.917E-02
  4.996E-02  4.486E-02  4.107E-02  3.780E-02  3.560E-02  3.168E-02  3.092E-02  2.959E-02  2.741E-02  2.669E-02
  5.127E-02  0.000E+00  0.000E+00  0.000E+00  0.000E+00  0.000E+00  0.000E+00  0.000E+00  0.000E+00  0.000E+00
  0.000E+00  0.000E+00  0.000E+00  0.000E+00  0.000E+00  0.000E+00  0.000E+00  0.000E+00  3.207E-02  2.709E-02
  2.757E-02  2.971E-02  3.128E-02  3.260E-02  3.438E-02  3.889E-02  4.164E-02  4.575E-02  5.395E-02  6.078E-02
  7.033E-02  8.647E-02  1.168E-01  1.540E-01  1.607E-01  2.774E-01  4.083E-01  3.865E-01  7.093E-01  5.856E-01
  0.000E+00  0.000E+00  0.000E+00  0.000E+00  5.775E-01  5.655E-01  5.783E-01  0.000E+00  3.320E-01  3.176E-01
  5.050E-01  2.429E-01  1.759E-01  1.290E-01  1.149E-01  9.653E-02  7.592E-02  6.274E-02  5.207E-02  4.854E-02
  4.288E-02  3.989E-02  3.690E-02  3.462E-02  3.279E-02  3.171E-02  3.000E-02  5.929E-02  0.000E+00  0.000E+00
  0.000E+00  0.000E+00  0.000E+00  0.000E+00  0.000E+00  0.000E+00  0.000E+00  0.000E+00  0.000E+00  0.000E+00
  0.000E+00  0.000E+00  0.000E+00  0.000E+00  0.000E+00  3.653E-02  3.021E-02  3.091E-02  3.327E-02  3.481E-02
  3.773E-02  3.988E-02  4.641E-02  4.845E-02  5.542E-02  6.493E-02  7.870E-02  9.580E-02  1.193E-01  1.475E-01
  1.920E-01  2.284E-01  3.536E-01  3.536E-01  5.776E-01  5.016E-01  1.000E+00  7.073E-01  0.000E+00  0.000E+00
  0.000E+00  7.078E-01  4.165E-01  7.084E-01  7.073E-01  4.905E-01  3.793E-01  3.312E-01  2.585E-01  2.627E-01
  1.828E-01  1.588E-01  1.044E-01  9.862E-02  8.615E-02  7.412E-02  5.979E-02  5.290E-02  4.892E-02  4.377E-02
  4.051E-02  3.855E-02  3.622E-02  3.385E-02  6.738E-02  0.000E+00  0.000E+00  0.000E+00  0.000E+00  0.000E+00
  0.000E+00  0.000E+00  0.000E+00  0.000E+00  0.000E+00  0.000E+00  0.000E+00  0.000E+00  0.000E+00  0.000E+00
  0.000E+00  0.000E+00  4.145E-02  3.504E-02  3.599E-02  3.878E-02  4.088E-02  4.478E-02  5.143E-02  5.526E-02
  6.246E-02  7.372E-02  8.415E-02  1.093E-01  1.191E-01  1.476E-01  1.615E-01  2.374E-01  2.654E-01  3.558E-01
  4.239E-01  3.554E-01  7.075E-01  5.833E-01  1.000E+00  0.000E+00  0.000E+00  0.000E+00  0.000E+00  5.777E-01
  7.296E-01  4.085E-01  5.454E-01  7.084E-01  5.001E-01  3.970E-01  3.016E-01  3.016E-01  1.768E-01  1.776E-01
  1.361E-01  1.121E-01  9.151E-02  7.902E-02  6.700E-02  5.939E-02  5.602E-02  4.983E-02  4.537E-02  4.245E-02
  4.065E-02  7.886E-02  0.000E+00  0.000E+00  0.000E+00  0.000E+00  0.000E+00  0.000E+00  0.000E+00  0.000E+00
  0.000E+00  0.000E+00  0.000E+00  0.000E+00  0.000E+00  0.000E+00  0.000E+00  0.000E+00  0.000E+00  5.005E-02
  4.014E-02  4.265E-02  4.598E-02  5.186E-02  5.611E-02  5.889E-02  6.967E-02  7.959E-02  9.232E-02  1.141E-01
  1.443E-01  1.815E-01  2.059E-01  2.573E-01  2.903E-01  2.508E-01  5.009E-01  3.815E-01  4.487E-01  5.402E-01
  4.480E-01  5.895E-01  0.000E+00  0.000E+00  0.000E+00  0.000E+00  7.074E-01  1.000E+00  7.071E-01  4.497E-01
  1.000E+00  5.777E-01  3.537E-01  5.778E-01  3.350E-01  2.738E-01  2.519E-01  1.926E-01  1.423E-01  1.254E-01
  1.007E-01  9.045E-02  7.644E-02  6.900E-02  6.140E-02  5.465E-02  5.175E-02  4.739E-02  9.641E-02  0.000E+00
  0.000E+00  0.000E+00  0.000E+00  0.000E+00  0.000E+00  0.000E+00  0.000E+00  0.000E+00  0.000E+00  0.000E+00
  0.000E+00  0.000E+00  0.000E+00  0.000E+00  0.000E+00  0.000E+00  5.846E-02  5.096E-02  5.373E-02  5.912E-02
  6.166E-02  6.753E-02  8.253E-02  8.421E-02  1.125E-01  1.725E-01  1.746E-01  2.357E-01  2.523E-01  4.473E-01
  3.339E-01  4.090E-01  3.540E-01  5.818E-01  5.781E-01  7.071E-01  1.000E+00  1.000E+00  5.286E-01  0.000E+00
  0.000E+00  0.000E+00  1.000E+00  7.071E-01  1.000E+00  1.000E+00  5.014E-01  5.775E-01  7.981E-01  4.313E-01
  5.000E-01  3.674E-01  4.094E-01  3.543E-01  3.173E-01  2.616E-01  1.693E-01  1.391E-01  1.205E-01  1.063E-01
  8.800E-02  8.155E-02  7.216E-02  6.521E-02  6.299E-02  1.184E-01  0.000E+00  0.000E+00  0.000E+00  0.000E+00
  0.000E+00  0.000E+00  0.000E+00  0.000E+00  0.000E+00  0.000E+00  0.000E+00  0.000E+00  0.000E+00  0.000E+00
  0.000E+00  0.000E+00  0.000E+00  7.385E-02  6.221E-02  7.269E-02  7.986E-02  8.263E-02  1.062E-01  1.131E-01
  1.260E-01  1.584E-01  2.090E-01  2.586E-01  2.697E-01  3.542E-01  1.000E+00  5.015E-01  4.083E-01  4.474E-01
  6.070E-01  7.174E-01  3.924E-01  7.071E-01  4.492E-01  5.778E-01  0.000E+00  0.000E+00  0.000E+00  7.072E-01
  5.777E-01  7.355E-01  5.774E-01  7.084E-01  1.000E+00  5.779E-01  5.775E-01  7.091E-01  4.701E-01  4.836E-01
  3.647E-01  4.333E-01  2.679E-01  2.603E-01  1.908E-01  1.589E-01  1.507E-01  1.358E-01  1.127E-01  1.046E-01
  8.777E-02  8.140E-02  1.692E-01  0.000E+00  0.000E+00  0.000E+00  0.000E+00  0.000E+00  0.000E+00  0.000E+00
  0.000E+00  0.000E+00  0.000E+00  0.000E+00  0.000E+00  0.000E+00  0.000E+00  0.000E+00  0.000E+00  0.000E+00
  1.039E-01  8.154E-02  9.879E-02  1.006E-01  1.213E-01  1.352E-01  1.614E-01  2.087E-01  2.453E-01  2.774E-01
  2.738E-01  4.540E-01  5.011E-01  7.071E-01  3.844E-01  1.000E+00  7.450E-01  5.003E-01  5.789E-01  5.243E-01
  7.096E-01  5.774E-01  7.071E-01  0.000E+00  0.000E+00  0.000E+00  1.000E+00  7.080E-01  5.001E-01  4.567E-01
  4.493E-01  1.000E+00  5.785E-01  4.479E-01  5.775E-01  5.777E-01  5.531E-01  3.337E-01  4.495E-01  4.685E-01
  4.494E-01  3.185E-01  3.173E-01  2.373E-01  1.898E-01  1.525E-01  1.214E-01  1.222E-01  1.233E-01  3.143E-01
  0.000E+00  0.000E+00  0.000E+00  0.000E+00  0.000E+00  0.000E+00  0.000E+00  0.000E+00  0.000E+00  0.000E+00
  0.000E+00  0.000E+00  0.000E+00  0.000E+00  0.000E+00  0.000E+00  0.000E+00  1.396E-01  1.054E-01  1.432E-01
  1.459E-01  1.543E-01  2.046E-01  2.132E-01  2.595E-01  3.423E-01  4.472E-01  5.775E-01  5.006E-01  5.087E-01
  7.095E-01  6.027E-01  5.009E-01  1.000E+00  1.000E+00  1.000E+00  4.515E-01  7.175E-01  1.000E+00  5.827E-01
  1.000E+00  0.000E+00  0.000E+00  1.000E+00  1.000E+00  7.189E-01  6.328E-01  5.038E-01  5.023E-01  4.247E-01
  5.044E-01  0.000E+00  7.071E-01  5.778E-01  7.071E-01  5.003E-01  4.619E-01  7.071E-01  3.210E-01  3.344E-01
  3.016E-01  2.312E-01  2.533E-01  1.943E-01  1.768E-01  1.751E-01  2.984E-01  0.000E+00  0.000E+00  0.000E+00
  0.000E+00  0.000E+00  0.000E+00  0.000E+00  0.000E+00  0.000E+00  0.000E+00  0.000E+00  0.000E+00  0.000E+00
  0.000E+00  0.000E+00  0.000E+00  0.000E+00  1.667E-01  1.962E-01  1.807E-01  2.289E-01  2.502E-01  3.171E-01
  4.248E-01  3.538E-01  3.780E-01  5.784E-01  4.532E-01  0.000E+00  5.000E-01  5.002E-01  5.014E-01  7.094E-01
  4.798E-01  7.108E-01  7.091E-01  7.071E-01  0.000E+00  5.785E-01  1.000E+00  0.000E+00  0.000E+00  0.000E+00
  0.000E+00  5.781E-01  5.776E-01  5.786E-01  1.000E+00  1.000E+00  7.567E-01  7.071E-01  5.778E-01  5.789E-01
  7.072E-01  7.085E-01  5.774E-01  5.774E-01  5.047E-01  7.072E-01  5.876E-01  4.865E-01  4.476E-01  2.501E-01
  3.335E-01  2.775E-01  2.790E-01  5.774E-01  0.000E+00  0.000E+00  0.000E+00  0.000E+00  0.000E+00  0.000E+00
  0.000E+00  0.000E+00  0.000E+00  0.000E+00  0.000E+00  0.000E+00  0.000E+00  0.000E+00  0.000E+00  0.000E+00
  0.000E+00  3.536E-01  2.774E-01  2.445E-01  4.083E-01  3.642E-01  3.595E-01  3.388E-01  3.603E-01  5.177E-01
  5.827E-01  7.072E-01  3.543E-01  5.774E-01  5.774E-01  4.094E-01  7.076E-01  1.000E+00  5.001E-01  1.000E+00
  7.073E-01  7.079E-01  7.392E-01  7.126E-01  0.000E+00  0.000E+00  0.000E+00  0.000E+00  1.000E+00  5.002E-01
  5.785E-01  0.000E+00  1.000E+00  5.049E-01  1.000E+00  1.000E+00  7.071E-01  1.000E+00  0.000E+00  0.000E+00
  7.071E-01  8.072E-01  5.002E-01  6.323E-01  4.475E-01  4.654E-01  4.083E-01  4.129E-01  4.086E-01  3.349E-01
  5.774E-01  0.000E+00  0.000E+00  0.000E+00  0.000E+00  0.000E+00  0.000E+00  0.000E+00  0.000E+00  0.000E+00
  0.000E+00  0.000E+00  0.000E+00  0.000E+00  0.000E+00  0.000E+00  0.000E+00  0.000E+00  0.000E+00  5.020E-01
  4.478E-01  3.784E-01  3.782E-01  1.000E+00  6.752E-01  5.788E-01  1.000E+00  5.774E-01  5.806E-01  5.779E-01
  5.815E-01  5.002E-01  5.774E-01  5.791E-01  5.789E-01  1.000E+00  1.000E+00  0.000E+00  1.000E+00  7.081E-01
  5.589E-01  0.000E+00  0.000E+00  0.000E+00  0.000E+00  1.000E+00  1.000E+00  5.006E-01  1.000E+00  7.074E-01
  5.015E-01  5.776E-01  7.071E-01  5.003E-01  5.015E-01  5.928E-01  1.000E+00  5.037E-01  5.245E-01  5.862E-01
  4.700E-01  5.981E-01  3.805E-01  7.089E-01  5.028E-01  7.084E-01  5.751E-01  0.000E+00  0.000E+00  0.000E+00
  0.000E+00  0.000E+00  0.000E+00  0.000E+00  0.000E+00  0.000E+00  0.000E+00  0.000E+00  0.000E+00  0.000E+00
  0.000E+00  0.000E+00  0.000E+00  0.000E+00  0.000E+00  9.005E-01  3.984E-01  5.001E-01  7.258E-01  1.000E+00
  4.416E-01  1.000E+00  5.003E-01  5.777E-01  7.072E-01  5.778E-01  5.031E-01  1.000E+00  0.000E+00  7.071E-01
  5.774E-01  5.555E-01  0.000E+00  1.000E+00  0.000E+00  0.000E+00  7.078E-01  7.096E-01  0.000E+00  0.000E+00
  0.000E+00  1.000E+00  1.000E+00  5.002E-01  7.126E-01  6.055E-01  5.149E-01  1.000E+00  7.078E-01  7.212E-01
  6.034E-01  5.795E-01  1.000E+00  7.077E-01  4.133E-01  5.800E-01  4.087E-01  3.813E-01  4.585E-01  7.088E-01
  9.490E-01  5.775E-01  7.081E-01  5.774E-01  1.000E+00  0.000E+00  0.000E+00  0.000E+00  0.000E+00  0.000E+00
  0.000E+00  0.000E+00  0.000E+00  0.000E+00  0.000E+00  0.000E+00  0.000E+00  0.000E+00  0.000E+00  0.000E+00
  0.000E+00  0.000E+00  7.081E-01  0.000E+00  1.000E+00  5.774E-01  5.802E-01  5.000E-01  6.289E-01  7.071E-01
  5.797E-01  1.000E+00  4.308E-01  5.774E-01  0.000E+00  0.000E+00  1.000E+00  7.071E-01  7.129E-01  1.000E+00
  7.073E-01  8.797E-01  0.000E+00  1.000E+00  0.000E+00  0.000E+00  0.000E+00  0.000E+00  0.000E+00  5.779E-01
  1.000E+00  8.312E-01  7.088E-01  1.000E+00  5.431E-01  7.113E-01  7.363E-01  7.079E-01  1.000E+00  1.000E+00
  0.000E+00  5.007E-01  7.075E-01  5.794E-01  1.000E+00  5.799E-01  4.505E-01  5.020E-01  7.076E-01  1.000E+00
  7.071E-01  1.000E+00  0.000E+00  0.000E+00  0.000E+00  0.000E+00  0.000E+00  0.000E+00  0.000E+00  0.000E+00
  0.000E+00  0.000E+00  0.000E+00  0.000E+00  0.000E+00  0.000E+00  0.000E+00  0.000E+00  0.000E+00  1.000E+00
  1.000E+00  5.774E-01  7.326E-01  5.008E-01  7.106E-01  8.622E-01  4.544E-01  5.774E-01  5.774E-01  7.071E-01
  0.000E+00  0.000E+00  6.127E-01  0.000E+00  0.000E+00  5.040E-01  5.019E-01  0.000E+00  7.074E-01  7.071E-01
  1.000E+00  5.007E-01  0.000E+00  0.000E+00  0.000E+00  7.086E-01  6.503E-01  7.166E-01  1.000E+00  1.000E+00
  8.936E-01  5.088E-01  5.030E-01  9.262E-01  1.000E+00  7.119E-01  1.000E+00  1.000E+00  1.000E+00  7.109E-01
  0.000E+00  0.000E+00  5.347E-01  5.804E-01  7.072E-01  1.000E+00  5.778E-01  7.086E-01  0.000E+00  0.000E+00
  0.000E+00  0.000E+00  0.000E+00  0.000E+00  0.000E+00  0.000E+00  0.000E+00  0.000E+00  0.000E+00  0.000E+00
  0.000E+00  0.000E+00  0.000E+00  0.000E+00  0.000E+00  0.000E+00  0.000E+00  7.082E-01  4.458E-01  5.775E-01
  7.073E-01  3.709E-01  1.000E+00  0.000E+00  0.000E+00  7.071E-01  5.110E-01  1.000E+00  1.000E+00  5.898E-01
  5.777E-01  1.000E+00  4.569E-01  5.804E-01  1.000E+00  7.076E-01  1.000E+00  0.000E+00  5.560E-01  1.000E+00
  0.000E+00  0.000E+00  0.000E+00  0.000E+00  1.000E+00  1.000E+00  7.137E-01  7.282E-01  7.071E-01  1.000E+00
  5.798E-01  7.071E-01  0.000E+00  5.783E-01  7.082E-01  1.000E+00  1.000E+00  1.000E+00  1.000E+00  4.474E-01
  0.000E+00  7.083E-01  4.521E-01  4.508E-01  7.071E-01  0.000E+00  0.000E+00  0.000E+00  0.000E+00  0.000E+00
  0.000E+00  0.000E+00  0.000E+00  0.000E+00  0.000E+00  0.000E+00  0.000E+00  0.000E+00  0.000E+00  0.000E+00
  0.000E+00  0.000E+00  0.000E+00  0.000E+00  1.000E+00  1.000E+00  0.000E+00  1.000E+00  5.815E-01  1.000E+00
  7.076E-01  5.775E-01  4.097E-01  7.075E-01  0.000E+00  1.000E+00  1.000E+00  1.000E+00  5.002E-01  1.000E+00
  5.779E-01  1.000E+00  1.000E+00  1.000E+00  1.000E+00  6.496E-01  0.000E+00  0.000E+00  0.000E+00  0.000E+00
  1.000E+00  0.000E+00  1.000E+00  1.000E+00  0.000E+00  0.000E+00  7.212E-01  1.000E+00  1.000E+00  1.000E+00
  1.000E+00  1.000E+00  1.000E+00  1.000E+00  7.072E-01  0.000E+00  0.000E+00  1.000E+00  5.781E-01  6.402E-01
  0.000E+00  7.073E-01  1.000E+00  0.000E+00  0.000E+00  0.000E+00  0.000E+00  0.000E+00  0.000E+00  0.000E+00
  0.000E+00  0.000E+00  0.000E+00  0.000E+00  0.000E+00  0.000E+00  0.000E+00  0.000E+00  0.000E+00  0.000E+00
  1.000E+00  1.000E+00  5.037E-01  0.000E+00  5.783E-01  7.120E-01  5.777E-01  7.071E-01  1.000E+00  7.085E-01
  0.000E+00  4.493E-01  7.087E-01  1.000E+00  5.018E-01  1.000E+00  1.000E+00  0.000E+00  1.000E+00  0.000E+00
  0.000E+00  7.071E-01  1.000E+00  0.000E+00  0.000E+00  0.000E+00  0.000E+00  7.081E-01  7.071E-01  9.679E-01
  1.000E+00  7.013E-01  4.489E-01  7.084E-01  5.649E-01  1.000E+00  1.000E+00  0.000E+00  0.000E+00  5.783E-01
  7.071E-01  5.791E-01  7.072E-01  0.000E+00  0.000E+00  4.090E-01  1.000E+00  6.192E-01  7.071E-01  1.000E+00
  0.000E+00  0.000E+00  0.000E+00  0.000E+00  0.000E+00  0.000E+00  0.000E+00  0.000E+00  0.000E+00  0.000E+00
  0.000E+00  0.000E+00  0.000E+00  0.000E+00  0.000E+00  0.000E+00  0.000E+00  0.000E+00  0.000E+00  7.072E-01
  7.071E-01  4.555E-01  0.000E+00  1.000E+00  3.782E-01  5.825E-01  0.000E+00  0.000E+00  5.057E-01  7.071E-01
  1.000E+00  5.001E-01  0.000E+00  7.078E-01  1.000E+00  5.006E-01  6.314E-01  1.000E+00  1.000E+00  1.000E+00
  0.000E+00  0.000E+00  0.000E+00  1.000E+00  1.000E+00  1.000E+00  1.000E+00  1.000E+00  7.393E-01  0.000E+00
  5.774E-01  5.783E-01  1.000E+00  7.078E-01  0.000E+00  7.074E-01  7.079E-01  1.000E+00  5.774E-01  4.479E-01
  5.779E-01  4.085E-01  5.798E-01  7.071E-01  7.098E-01  1.000E+00  0.000E+00  0.000E+00  0.000E+00  0.000E+00
  0.000E+00  0.000E+00  0.000E+00  0.000E+00  0.000E+00  0.000E+00  0.000E+00  0.000E+00  0.000E+00  0.000E+00
  0.000E+00  0.000E+00  0.000E+00  0.000E+00  0.000E+00  1.000E+00  0.000E+00  0.000E+00  5.784E-01  5.795E-01
  1.000E+00  5.774E-01  5.017E-01  4.105E-01  5.774E-01  5.833E-01  1.000E+00  1.000E+00  1.000E+00  5.817E-01
  1.000E+00  7.085E-01  1.000E+00  5.894E-01  7.071E-01  1.000E+00  0.000E+00  0.000E+00  0.000E+00  0.000E+00
  0.000E+00  7.072E-01  1.000E+00  4.881E-01  9.678E-01  5.825E-01  7.072E-01  7.071E-01  0.000E+00  1.000E+00
  5.774E-01  7.071E-01  7.076E-01  0.000E+00  7.072E-01  0.000E+00  5.778E-01  5.001E-01  1.000E+00  7.086E-01
  0.000E+00  0.000E+00  1.000E+00  0.000E+00  0.000E+00  0.000E+00  0.000E+00  0.000E+00  0.000E+00  0.000E+00
  0.000E+00  0.000E+00  0.000E+00  0.000E+00  0.000E+00  0.000E+00  0.000E+00  0.000E+00  0.000E+00  0.000E+00
  0.000E+00  7.073E-01  7.189E-01  1.000E+00  8.022E-01  5.186E-01  5.776E-01  0.000E+00  0.000E+00  4.502E-01
  7.072E-01  1.000E+00  0.000E+00  0.000E+00  7.072E-01  5.019E-01  1.000E+00  0.000E+00  1.000E+00  1.000E+00
  7.073E-01  4.089E-01  1.000E+00  7.091E-01  1.000E+00  0.000E+00  0.000E+00  0.000E+00  0.000E+00  7.081E-01
  1.000E+00  0.000E+00  0.000E+00  1.000E+00  5.775E-01  5.797E-01  0.000E+00  7.071E-01  1.000E+00  7.108E-01
  1.000E+00  6.922E-01  0.000E+00  5.929E-01  7.098E-01  6.890E-01  7.175E-01  1.000E+00  7.072E-01  1.000E+00
  0.000E+00  0.000E+00  0.000E+00  0.000E+00  0.000E+00  0.000E+00  0.000E+00  0.000E+00  0.000E+00  0.000E+00
  0.000E+00  0.000E+00  0.000E+00  0.000E+00  0.000E+00  0.000E+00  0.000E+00  0.000E+00  0.000E+00  1.000E+00
  7.543E-01  1.000E+00  1.000E+00  1.000E+00  1.000E+00  0.000E+00  1.000E+00  1.000E+00  4.419E-01  7.092E-01
  1.000E+00  7.106E-01  0.000E+00  1.000E+00  0.000E+00  5.774E-01  0.000E+00  1.000E+00  1.000E+00  1.000E+00
  0.000E+00  0.000E+00  0.000E+00  0.000E+00  5.799E-01  6.725E-01  5.622E-01  1.000E+00  7.097E-01  0.000E+00
  0.000E+00  1.000E+00  1.000E+00  1.000E+00  1.000E+00  7.105E-01  1.000E+00  5.774E-01  1.000E+00  7.079E-01
  5.776E-01  0.000E+00  1.000E+00  5.393E-01  7.075E-01  0.000E+00  5.943E-01  7.079E-01  0.000E+00  0.000E+00
  0.000E+00  0.000E+00  0.000E+00  0.000E+00  0.000E+00  0.000E+00  0.000E+00  0.000E+00  0.000E+00  0.000E+00
  0.000E+00  0.000E+00  0.000E+00  0.000E+00  0.000E+00  7.072E-01  1.000E+00  5.780E-01  7.103E-01  7.085E-01
  1.000E+00  0.000E+00  0.000E+00  1.000E+00  0.000E+00  5.969E-01  5.003E-01  7.090E-01  5.782E-01  0.000E+00
  1.000E+00  7.071E-01  1.000E+00  7.071E-01  0.000E+00  5.001E-01  7.077E-01  0.000E+00  0.000E+00  0.000E+00

#------------------------------------------------------------------------------
# gshow
#------------------------------------------------------------------------------

p: legs[c5*0.875]

hb:   line clip z  
frame:
 -9.9999756E+00 -1.4999930E+01
  1.0100024E+01 -1.4999930E+01
  1.0100024E+01  1.5000070E+01
 -9.9999756E+00  1.5000070E+01
clip:
 -1.02955634E+01 -1.52969593E+01
 -9.50000000E+00 -1.52969593E+01
 -9.50000000E+00 -1.51207039E+01
 -9.50000000E+00 -1.49910187E+01
 -9.50000000E+00 -1.48147633E+01
 -9.50000000E+00 -1.46850781E+01
 -9.50000000E+00 -1.45088227E+01
 -9.50000000E+00 -1.43791376E+01
 -9.50000000E+00 -1.42028821E+01
 -9.50000000E+00 -1.40731970E+01
 -9.50000000E+00 -1.38969415E+01
 -9.50000000E+00 -1.37672564E+01
 -9.50000000E+00 -1.35910009E+01
 -9.50000000E+00 -1.34613158E+01
 -9.50000000E+00 -1.32850603E+01
 -9.50000000E+00 -1.31553752E+01
 -9.50000000E+00 -1.29791197E+01
 -9.50000000E+00 -1.28494346E+01
 -9.50000000E+00 -1.26731791E+01
 -9.50000000E+00 -1.25434940E+01
 -9.50000000E+00 -1.23672385E+01
 -9.50000000E+00 -1.22375534E+01
 -9.50000000E+00 -1.20612979E+01
 -9.50000000E+00 -1.19316128E+01
 -9.50000000E+00 -1.17553573E+01
 -9.50000000E+00 -1.16256722E+01
 -9.50000000E+00 -1.14494167E+01
 -9.50000000E+00 -1.13197316E+01
 -9.50000000E+00 -1.11434761E+01
 -9.50000000E+00 -1.10137910E+01
 -9.50000000E+00 -1.08375355E+01
 -9.50000000E+00 -1.07078504E+01
 -9.50000000E+00 -1.05315949E+01
 -9.50000000E+00 -1.04019098E+01
 -9.50000000E+00 -1.02256544E+01
 -9.50000000E+00 -1.00959692E+01
 -9.50000000E+00 -9.91971376E+00
 -9.50000000E+00 -9.79002864E+00
 -9.50000000E+00 -9.61377317E+00
 -9.50000000E+00 -9.48408805E+00
 -9.50000000E+00 -9.30783257E+00
 -9.50000000E+00 -9.17814745E+00
 -9.50000000E+00 -9.00189198E+00
 -9.50000000E+00 -8.87220686E+00
 -9.50000000E+00 -8.69595138E+00
 -9.50000000E+00 -8.56626626E+00
 -9.50000000E+00 -8.39001079E+00
 -9.50000000E+00 -8.26032567E+00
 -9.50000000E+00 -8.08407020E+00
 -9.50000000E+00 -7.95438508E+00
 -9.50000000E+00 -7.77812960E+00
 -9.50000000E+00 -7.64844448E+00
 -9.50000000E+00 -7.47218901E+00
 -9.50000000E+00 -7.34250389E+00
 -9.50000000E+00 -7.16624841E+00
 -9.50000000E+00 -7.03656329E+00
 -9.50000000E+00 -6.86030782E+00
 -9.50000000E+00 -6.73062270E+00
 -9.50000000E+00 -6.55436723E+00
 -9.50000000E+00 -6.42468210E+00
 -9.50000000E+00 -6.24842663E+00
 -9.50000000E+00 -6.11874151E+00
 -9.50000000E+00 -5.94248604E+00
 -9.50000000E+00 -5.81280092E+00
 -9.50000000E+00 -5.63654544E+00
 -9.50000000E+00 -5.50686032E+00
 -9.50000000E+00 -5.33060485E+00
 -9.50000000E+00 -5.20091973E+00
 -9.50000000E+00 -5.02466426E+00
 -9.50000000E+00 -4.89497913E+00
 -9.50000000E+00 -4.71872366E+00
 -9.50000000E+00 -4.58903854E+00
 -9.50000000E+00 -4.41278307E+00
 -9.50000000E+00 -4.28309795E+00
 -9.50000000E+00 -4.10684247E+00
 -9.50000000E+00 -3.97715735E+00
 -9.50000000E+00 -3.80090188E+00
 -9.50000000E+00 -3.67121676E+00
 -9.50000000E+00 -3.49496128E+00
 -9.50000000E+00 -3.36527616E+00
 -9.50000000E+00 -3.18902069E+00
 -9.50000000E+00 -3.05933557E+00
 -9.50000000E+00 -2.88308010E+00
 -9.50000000E+00 -2.75339498E+00
 -9.50000000E+00 -2.57713950E+00
 -9.50000000E+00 -2.44745438E+00
 -9.50000000E+00 -2.27119891E+00
 -9.50000000E+00 -2.14151379E+00
 -9.50000000E+00 -1.96525831E+00
 -9.50000000E+00 -1.83557319E+00
 -9.50000000E+00 -1.65931772E+00
 -9.50000000E+00 -1.52963260E+00
 -9.50000000E+00 -1.35337713E+00
 -9.50000000E+00 -1.22369201E+00
 -9.50000000E+00 -1.04743653E+00
 -9.50000000E+00 -9.17751412E-01
 -9.50000000E+00 -7.41495938E-01
 -9.50000000E+00 -6.11810818E-01
 -9.50000000E+00 -4.35555344E-01
 -9.50000000E+00 -3.05870224E-01
 -9.50000000E+00 -1.29614750E-01
 -9.50000000E+00  7.03703670E-05
 -9.50000000E+00  1.76325844E-01
 -9.50000000E+00  3.06010964E-01
 -9.50000000E+00  4.82266438E-01
 -9.50000000E+00  6.11951558E-01
 -9.50000000E+00  7.88207032E-01
 -9.50000000E+00  9.17892153E-01
 -9.50000000E+00  1.09414763E+00
 -9.50000000E+00  1.22383275E+00
 -9.50000000E+00  1.40008822E+00
 -9.50000000E+00  1.52977334E+00
 -9.50000000E+00  1.70602881E+00
 -9.50000000E+00  1.83571393E+00
 -9.50000000E+00  2.01196941E+00
 -9.50000000E+00  2.14165453E+00
 -9.50000000E+00  2.31791000E+00
 -9.50000000E+00  2.44759512E+00
 -9.50000000E+00  2.62385060E+00
 -9.50000000E+00  2.75353572E+00
 -9.50000000E+00  2.92979119E+00
 -9.50000000E+00  3.05947631E+00
 -9.50000000E+00  3.23573178E+00
 -9.50000000E+00  3.36541691E+00
 -9.50000000E+00  3.54167238E+00
 -9.50000000E+00  3.67135750E+00
 -9.50000000E+00  3.84761297E+00
 -9.50000000E+00  3.97729809E+00
 -9.50000000E+00  4.15355357E+00
 -9.50000000E+00  4.28323869E+00
 -9.50000000E+00  4.45949416E+00
 -9.50000000E+00  4.58917928E+00
 -9.50000000E+00  4.76543475E+00
 -9.50000000E+00  4.89511988E+00
 -9.50000000E+00  5.07137535E+00
 -9.50000000E+00  5.20106047E+00
 -9.50000000E+00  5.37731594E+00
 -9.50000000E+00  5.50700106E+00
 -9.50000000E+00  5.68325654E+00
 -9.50000000E+00  5.81294166E+00
 -9.50000000E+00  5.98919713E+00
 -9.50000000E+00  6.11888225E+00
 -9.50000000E+00  6.29513772E+00
 -9.50000000E+00  6.42482285E+00
 -9.50000000E+00  6.60107832E+00
 -9.50000000E+00  6.73076344E+00
 -9.50000000E+00  6.90701891E+00
 -9.50000000E+00  7.03670403E+00
 -9.50000000E+00  7.21295951E+00
 -9.50000000E+00  7.34264463E+00
 -9.50000000E+00  7.51890010E+00
 -9.50000000E+00  7.64858522E+00
 -9.50000000E+00  7.82484070E+00
 -9.50000000E+00  7.95452582E+00
 -9.50000000E+00  8.13078129E+00
 -9.50000000E+00  8.26046641E+00
 -9.50000000E+00  8.43672188E+00
 -9.50000000E+00  8.56640700E+00
 -9.50000000E+00  8.74266248E+00
 -9.50000000E+00  8.87234760E+00
 -9.50000000E+00  9.04860307E+00
 -9.50000000E+00  9.17828819E+00
 -9.50000000E+00  9.35454367E+00
 -9.50000000E+00  9.48422879E+00
 -9.50000000E+00  9.66048426E+00
 -9.50000000E+00  9.79016938E+00
 -9.50000000E+00  9.96642485E+00
 -9.50000000E+00  1.00961100E+01
 -9.50000000E+00  1.02723654E+01
 -9.50000000E+00  1.04020506E+01
 -9.50000000E+00  1.05783060E+01
 -9.50000000E+00  1.07079912E+01
 -9.50000000E+00  1.08842466E+01
 -9.50000000E+00  1.10139318E+01
 -9.50000000E+00  1.11901872E+01
 -9.50000000E+00  1.13198724E+01
 -9.50000000E+00  1.14961278E+01
 -9.50000000E+00  1.16258129E+01
 -9.50000000E+00  1.18020684E+01
 -9.50000000E+00  1.19317535E+01
 -9.50000000E+00  1.21080090E+01
 -9.50000000E+00  1.22376941E+01
 -9.50000000E+00  1.24139496E+01
 -9.50000000E+00  1.25436347E+01
 -9.50000000E+00  1.27198902E+01
 -9.50000000E+00  1.28495753E+01
 -9.50000000E+00  1.30258308E+01
 -9.50000000E+00  1.31555159E+01
 -9.50000000E+00  1.33317714E+01
 -9.50000000E+00  1.34614565E+01
 -9.50000000E+00  1.36377120E+01
 -9.50000000E+00  1.37673971E+01
 -9.50000000E+00  1.39436526E+01
 -9.50000000E+00  1.40733377E+01
 -9.50000000E+00  1.42495932E+01
 -9.50000000E+00  1.43792783E+01
 -9.50000000E+00  1.45555338E+01
 -9.50000000E+00  1.46852189E+01
 -9.50000000E+00  1.48614744E+01
 -9.50000000E+00  1.49911595E+01
 -9.50000000E+00  1.51674150E+01
 -9.50000000E+00  1.52971001E+01
 -9.67791636E+00  1.52971001E+01
 -9.98673989E+00  1.52971001E+01
 -1.02955634E+01  1.52971001E+01
 -1.02955634E+01  1.49911595E+01
 -1.02955634E+01  1.46852189E+01
 -1.02955634E+01  1.43792783E+01
 -1.02955634E+01  1.40733377E+01
 -1.02955634E+01  1.37673971E+01
 -1.02955634E+01  1.34614565E+01
 -1.02955634E+01  1.31555159E+01
 -1.02955634E+01  1.28495753E+01
 -1.02955634E+01  1.25436347E+01
 -1.02955634E+01  1.22376941E+01
 -1.02955634E+01  1.19317535E+01
 -1.02955634E+01  1.16258129E+01
 -1.02955634E+01  1.13198724E+01
 -1.02955634E+01  1.10139318E+01
 -1.02955634E+01  1.07079912E+01
 -1.02955634E+01  1.04020506E+01
 -1.02955634E+01  1.00961100E+01
 -1.02955634E+01  9.79016938E+00
 -1.02955634E+01  9.48422879E+00
 -1.02955634E+01  9.17828819E+00
 -1.02955634E+01  8.87234760E+00
 -1.02955634E+01  8.56640700E+00
 -1.02955634E+01  8.26046641E+00
 -1.02955634E+01  7.95452582E+00
 -1.02955634E+01  7.64858522E+00
 -1.02955634E+01  7.34264463E+00
 -1.02955634E+01  7.03670403E+00
 -1.02955634E+01  6.73076344E+00
 -1.02955634E+01  6.42482285E+00
 -1.02955634E+01  6.11888225E+00
 -1.02955634E+01  5.81294166E+00
 -1.02955634E+01  5.50700106E+00
 -1.02955634E+01  5.20106047E+00
 -1.02955634E+01  4.89511988E+00
 -1.02955634E+01  4.58917928E+00
 -1.02955634E+01  4.28323869E+00
 -1.02955634E+01  3.97729809E+00
 -1.02955634E+01  3.67135750E+00
 -1.02955634E+01  3.36541691E+00
 -1.02955634E+01  3.05947631E+00
 -1.02955634E+01  2.75353572E+00
 -1.02955634E+01  2.44759512E+00
 -1.02955634E+01  2.14165453E+00
 -1.02955634E+01  1.83571393E+00
 -1.02955634E+01  1.52977334E+00
 -1.02955634E+01  1.22383275E+00
 -1.02955634E+01  9.17892153E-01
 -1.02955634E+01  6.11951558E-01
 -1.02955634E+01  3.06010964E-01
 -1.02955634E+01  7.03703670E-05
 -1.02955634E+01 -3.05870224E-01
 -1.02955634E+01 -6.11810818E-01
 -1.02955634E+01 -9.17751412E-01
 -1.02955634E+01 -1.22369201E+00
 -1.02955634E+01 -1.52963260E+00
 -1.02955634E+01 -1.83557319E+00
 -1.02955634E+01 -2.14151379E+00
 -1.02955634E+01 -2.44745438E+00
 -1.02955634E+01 -2.75339498E+00
 -1.02955634E+01 -3.05933557E+00
 -1.02955634E+01 -3.36527616E+00
 -1.02955634E+01 -3.67121676E+00
 -1.02955634E+01 -3.97715735E+00
 -1.02955634E+01 -4.28309795E+00
 -1.02955634E+01 -4.58903854E+00
 -1.02955634E+01 -4.89497913E+00
 -1.02955634E+01 -5.20091973E+00
 -1.02955634E+01 -5.50686032E+00
 -1.02955634E+01 -5.81280092E+00
 -1.02955634E+01 -6.11874151E+00
 -1.02955634E+01 -6.42468210E+00
 -1.02955634E+01 -6.73062270E+00
 -1.02955634E+01 -7.03656329E+00
 -1.02955634E+01 -7.34250389E+00
 -1.02955634E+01 -7.64844448E+00
 -1.02955634E+01 -7.95438508E+00
 -1.02955634E+01 -8.26032567E+00
 -1.02955634E+01 -8.56626626E+00
 -1.02955634E+01 -8.87220686E+00
 -1.02955634E+01 -9.17814745E+00
 -1.02955634E+01 -9.48408805E+00
 -1.02955634E+01 -9.79002864E+00
 -1.02955634E+01 -1.00959692E+01
 -1.02955634E+01 -1.04019098E+01
 -1.02955634E+01 -1.07078504E+01
 -1.02955634E+01 -1.10137910E+01
 -1.02955634E+01 -1.13197316E+01
 -1.02955634E+01 -1.16256722E+01
 -1.02955634E+01 -1.19316128E+01
 -1.02955634E+01 -1.22375534E+01
 -1.02955634E+01 -1.25434940E+01
 -1.02955634E+01 -1.28494346E+01
 -1.02955634E+01 -1.31553752E+01
 -1.02955634E+01 -1.34613158E+01
 -1.02955634E+01 -1.37672564E+01
 -1.02955634E+01 -1.40731970E+01
 -1.02955634E+01 -1.43791376E+01
 -1.02955634E+01 -1.46850781E+01
 -1.02955634E+01 -1.49910187E+01
 -1.02955634E+01 -1.52969593E+01

hb:   line clip z  
frame:
 -9.9999756E+00 -1.4999930E+01
  1.0100024E+01 -1.4999930E+01
  1.0100024E+01  1.5000070E+01
 -9.9999756E+00  1.5000070E+01
clip:
 -9.36909283E+00 -1.52969593E+01
  9.50000000E+00 -1.52969593E+01
  9.50000000E+00 -1.52663899E+01
  9.50000000E+00 -1.49910187E+01
  9.50000000E+00 -1.49604493E+01
  9.50000000E+00 -1.46850781E+01
  9.50000000E+00 -1.46545087E+01
  9.50000000E+00 -1.43791376E+01
  9.50000000E+00 -1.43485681E+01
  9.50000000E+00 -1.40731970E+01
  9.50000000E+00 -1.40426275E+01
  9.50000000E+00 -1.37672564E+01
  9.50000000E+00 -1.37366869E+01
  9.50000000E+00 -1.34613158E+01
  9.50000000E+00 -1.34307463E+01
  9.50000000E+00 -1.31553752E+01
  9.50000000E+00 -1.31248057E+01
  9.50000000E+00 -1.28494346E+01
  9.50000000E+00 -1.28188651E+01
  9.50000000E+00 -1.25434940E+01
  9.50000000E+00 -1.25129245E+01
  9.50000000E+00 -1.22375534E+01
  9.50000000E+00 -1.22069839E+01
  9.50000000E+00 -1.19316128E+01
  9.50000000E+00 -1.19010433E+01
  9.50000000E+00 -1.16256722E+01
  9.50000000E+00 -1.15951027E+01
  9.50000000E+00 -1.13197316E+01
  9.50000000E+00 -1.12891621E+01
  9.50000000E+00 -1.10137910E+01
  9.50000000E+00 -1.09832215E+01
  9.50000000E+00 -1.07078504E+01
  9.50000000E+00 -1.06772809E+01
  9.50000000E+00 -1.04019098E+01
  9.50000000E+00 -1.03713404E+01
  9.50000000E+00 -1.00959692E+01
  9.50000000E+00 -1.00653998E+01
  9.50000000E+00 -9.79002864E+00
  9.50000000E+00 -9.75945916E+00
  9.50000000E+00 -9.48408805E+00
  9.50000000E+00 -9.45351857E+00
  9.50000000E+00 -9.17814745E+00
  9.50000000E+00 -9.14757798E+00
  9.50000000E+00 -8.87220686E+00
  9.50000000E+00 -8.84163738E+00
  9.50000000E+00 -8.56626626E+00
  9.50000000E+00 -8.53569679E+00
  9.50000000E+00 -8.26032567E+00
  9.50000000E+00 -8.22975619E+00
  9.50000000E+00 -7.95438508E+00
  9.50000000E+00 -7.92381560E+00
  9.50000000E+00 -7.64844448E+00
  9.50000000E+00 -7.61787500E+00
  9.50000000E+00 -7.34250389E+00
  9.50000000E+00 -7.31193441E+00
  9.50000000E+00 -7.03656329E+00
  9.50000000E+00 -7.00599382E+00
  9.50000000E+00 -6.73062270E+00
  9.50000000E+00 -6.70005322E+00
  9.50000000E+00 -6.42468210E+00
  9.50000000E+00 -6.39411263E+00
  9.50000000E+00 -6.11874151E+00
  9.50000000E+00 -6.08817203E+00
  9.50000000E+00 -5.81280092E+00
  9.50000000E+00 -5.78223144E+00
  9.50000000E+00 -5.50686032E+00
  9.50000000E+00 -5.47629085E+00
  9.50000000E+00 -5.20091973E+00
  9.50000000E+00 -5.17035025E+00
  9.50000000E+00 -4.89497913E+00
  9.50000000E+00 -4.86440966E+00
  9.50000000E+00 -4.58903854E+00
  9.50000000E+00 -4.55846906E+00
  9.50000000E+00 -4.28309795E+00
  9.50000000E+00 -4.25252847E+00
  9.50000000E+00 -3.97715735E+00
  9.50000000E+00 -3.94658788E+00
  9.50000000E+00 -3.67121676E+00
  9.50000000E+00 -3.64064728E+00
  9.50000000E+00 -3.36527616E+00
  9.50000000E+00 -3.33470669E+00
  9.50000000E+00 -3.05933557E+00
  9.50000000E+00 -3.02876609E+00
  9.50000000E+00 -2.75339498E+00
  9.50000000E+00 -2.72282550E+00
  9.50000000E+00 -2.44745438E+00
  9.50000000E+00 -2.41688491E+00
  9.50000000E+00 -2.14151379E+00
  9.50000000E+00 -2.11094431E+00
  9.50000000E+00 -1.83557319E+00
  9.50000000E+00 -1.80500372E+00
  9.50000000E+00 -1.52963260E+00
  9.50000000E+00 -1.49906312E+00
  9.50000000E+00 -1.22369201E+00
  9.50000000E+00 -1.19312253E+00
  9.50000000E+00 -9.17751412E-01
  9.50000000E+00 -8.87181936E-01
  9.50000000E+00 -6.11810818E-01
  9.50000000E+00 -5.81241342E-01
  9.50000000E+00 -3.05870224E-01
  9.50000000E+00 -2.75300747E-01
  9.50000000E+00  7.03703670E-05
  9.50000000E+00  3.06398466E-02
  9.50000000E+00  3.06010964E-01
  9.50000000E+00  3.36580441E-01
  9.50000000E+00  6.11951558E-01
  9.50000000E+00  6.42521035E-01
  9.50000000E+00  9.17892153E-01
  9.50000000E+00  9.48461629E-01
  9.50000000E+00  1.22383275E+00
  9.50000000E+00  1.25440222E+00
  9.50000000E+00  1.52977334E+00
  9.50000000E+00  1.56034282E+00
  9.50000000E+00  1.83571393E+00
  9.50000000E+00  1.86628341E+00
  9.50000000E+00  2.14165453E+00
  9.50000000E+00  2.17222401E+00
  9.50000000E+00  2.44759512E+00
  9.50000000E+00  2.47816460E+00
  9.50000000E+00  2.75353572E+00
  9.50000000E+00  2.78410519E+00
  9.50000000E+00  3.05947631E+00
  9.50000000E+00  3.09004579E+00
  9.50000000E+00  3.36541691E+00
  9.50000000E+00  3.39598638E+00
  9.50000000E+00  3.67135750E+00
  9.50000000E+00  3.70192698E+00
  9.50000000E+00  3.97729809E+00
  9.50000000E+00  4.00786757E+00
  9.50000000E+00  4.28323869E+00
  9.50000000E+00  4.31380816E+00
  9.50000000E+00  4.58917928E+00
  9.50000000E+00  4.61974876E+00
  9.50000000E+00  4.89511988E+00
  9.50000000E+00  4.92568935E+00
  9.50000000E+00  5.20106047E+00
  9.50000000E+00  5.23162995E+00
  9.50000000E+00  5.50700106E+00
  9.50000000E+00  5.53757054E+00
  9.50000000E+00  5.81294166E+00
  9.50000000E+00  5.84351113E+00
  9.50000000E+00  6.11888225E+00
  9.50000000E+00  6.14945173E+00
  9.50000000E+00  6.42482285E+00
  9.50000000E+00  6.45539232E+00
  9.50000000E+00  6.73076344E+00
  9.50000000E+00  6.76133292E+00
  9.50000000E+00  7.03670403E+00
  9.50000000E+00  7.06727351E+00
  9.50000000E+00  7.34264463E+00
  9.50000000E+00  7.37321410E+00
  9.50000000E+00  7.64858522E+00
  9.50000000E+00  7.67915470E+00
  9.50000000E+00  7.95452582E+00
  9.50000000E+00  7.98509529E+00
  9.50000000E+00  8.26046641E+00
  9.50000000E+00  8.29103589E+00
  9.50000000E+00  8.56640700E+00
  9.50000000E+00  8.59697648E+00
  9.50000000E+00  8.87234760E+00
  9.50000000E+00  8.90291707E+00
  9.50000000E+00  9.17828819E+00
  9.50000000E+00  9.20885767E+00
  9.50000000E+00  9.48422879E+00
  9.50000000E+00  9.51479826E+00
  9.50000000E+00  9.79016938E+00
  9.50000000E+00  9.82073886E+00
  9.50000000E+00  1.00961100E+01
  9.50000000E+00  1.01266795E+01
  9.50000000E+00  1.04020506E+01
  9.50000000E+00  1.04326200E+01
  9.50000000E+00  1.07079912E+01
  9.50000000E+00  1.07385606E+01
  9.50000000E+00  1.10139318E+01
  9.50000000E+00  1.10445012E+01
  9.50000000E+00  1.13198724E+01
  9.50000000E+00  1.13504418E+01
  9.50000000E+00  1.16258129E+01
  9.50000000E+00  1.16563824E+01
  9.50000000E+00  1.19317535E+01
  9.50000000E+00  1.19623230E+01
  9.50000000E+00  1.22376941E+01
  9.50000000E+00  1.22682636E+01
  9.50000000E+00  1.25436347E+01
  9.50000000E+00  1.25742042E+01
  9.50000000E+00  1.28495753E+01
  9.50000000E+00  1.28801448E+01
  9.50000000E+00  1.31555159E+01
  9.50000000E+00  1.31860854E+01
  9.50000000E+00  1.34614565E+01
  9.50000000E+00  1.34920260E+01
  9.50000000E+00  1.37673971E+01
  9.50000000E+00  1.37979666E+01
  9.50000000E+00  1.40733377E+01
  9.50000000E+00  1.41039072E+01
  9.50000000E+00  1.43792783E+01
  9.50000000E+00  1.44098478E+01
  9.50000000E+00  1.46852189E+01
  9.50000000E+00  1.47157884E+01
  9.50000000E+00  1.49911595E+01
  9.50000000E+00  1.50217290E+01
  9.50000000E+00  1.52971001E+01
  9.46914246E+00  1.52971001E+01
  9.16031893E+00  1.52971001E+01
  8.85149540E+00  1.52971001E+01
  8.54267187E+00  1.52971001E+01
  8.23384834E+00  1.52971001E+01
  7.92502481E+00  1.52971001E+01
  7.61620129E+00  1.52971001E+01
  7.30737776E+00  1.52971001E+01
  6.99855423E+00  1.52971001E+01
  6.68973070E+00  1.52971001E+01
  6.38090717E+00  1.52971001E+01
  6.07208364E+00  1.52971001E+01
  5.76326011E+00  1.52971001E+01
  5.45443658E+00  1.52971001E+01
  5.14561305E+00  1.52971001E+01
  4.83678952E+00  1.52971001E+01
  4.52796599E+00  1.52971001E+01
  4.21914246E+00  1.52971001E+01
  3.91031893E+00  1.52971001E+01
  3.60149540E+00  1.52971001E+01
  3.29267187E+00  1.52971001E+01
  2.98384834E+00  1.52971001E+01
  2.67502481E+00  1.52971001E+01
  2.36620129E+00  1.52971001E+01
  2.05737776E+00  1.52971001E+01
  1.74855423E+00  1.52971001E+01
  1.43973070E+00  1.52971001E+01
  1.13090717E+00  1.52971001E+01
  8.22083638E-01  1.52971001E+01
  5.13260109E-01  1.52971001E+01
  2.04436580E-01  1.52971001E+01
 -1.04386950E-01  1.52971001E+01
 -4.13210479E-01  1.52971001E+01
 -7.22034009E-01  1.52971001E+01
 -1.03085754E+00  1.52971001E+01
 -1.33968107E+00  1.52971001E+01
 -1.64850460E+00  1.52971001E+01
 -1.95732813E+00  1.52971001E+01
 -2.26615166E+00  1.52971001E+01
 -2.57497519E+00  1.52971001E+01
 -2.88379871E+00  1.52971001E+01
 -3.19262224E+00  1.52971001E+01
 -3.50144577E+00  1.52971001E+01
 -3.81026930E+00  1.52971001E+01
 -4.11909283E+00  1.52971001E+01
 -4.42791636E+00  1.52971001E+01
 -4.73673989E+00  1.52971001E+01
 -5.04556342E+00  1.52971001E+01
 -5.35438695E+00  1.52971001E+01
 -5.66321048E+00  1.52971001E+01
 -5.97203401E+00  1.52971001E+01
 -6.28085754E+00  1.52971001E+01
 -6.58968107E+00  1.52971001E+01
 -6.89850460E+00  1.52971001E+01
 -7.20732813E+00  1.52971001E+01
 -7.51615166E+00  1.52971001E+01
 -7.82497519E+00  1.52971001E+01
 -8.13379871E+00  1.52971001E+01
 -8.44262224E+00  1.52971001E+01
 -8.75144577E+00  1.52971001E+01
 -9.06026930E+00  1.52971001E+01
 -9.36909283E+00  1.52971001E+01
 -9.50000000E+00  1.52971001E+01
 -9.50000000E+00  1.51674150E+01
 -9.50000000E+00  1.49911595E+01
 -9.50000000E+00  1.48614744E+01
 -9.50000000E+00  1.46852189E+01
 -9.50000000E+00  1.45555338E+01
 -9.50000000E+00  1.43792783E+01
 -9.50000000E+00  1.42495932E+01
 -9.50000000E+00  1.40733377E+01
 -9.50000000E+00  1.39436526E+01
 -9.50000000E+00  1.37673971E+01
 -9.50000000E+00  1.36377120E+01
 -9.50000000E+00  1.34614565E+01
 -9.50000000E+00  1.33317714E+01
 -9.50000000E+00  1.31555159E+01
 -9.50000000E+00  1.30258308E+01
 -9.50000000E+00  1.28495753E+01
 -9.50000000E+00  1.27198902E+01
 -9.50000000E+00  1.25436347E+01
 -9.50000000E+00  1.24139496E+01
 -9.50000000E+00  1.22376941E+01
 -9.50000000E+00  1.21080090E+01
 -9.50000000E+00  1.19317535E+01
 -9.50000000E+00  1.18020684E+01
 -9.50000000E+00  1.16258129E+01
 -9.50000000E+00  1.14961278E+01
 -9.50000000E+00  1.13198724E+01
 -9.50000000E+00  1.11901872E+01
 -9.50000000E+00  1.10139318E+01
 -9.50000000E+00  1.08842466E+01
 -9.50000000E+00  1.07079912E+01
 -9.50000000E+00  1.05783060E+01
 -9.50000000E+00  1.04020506E+01
 -9.50000000E+00  1.02723654E+01
 -9.50000000E+00  1.00961100E+01
 -9.50000000E+00  9.96642485E+00
 -9.50000000E+00  9.79016938E+00
 -9.50000000E+00  9.66048426E+00
 -9.50000000E+00  9.48422879E+00
 -9.50000000E+00  9.35454367E+00
 -9.50000000E+00  9.17828819E+00
 -9.50000000E+00  9.04860307E+00
 -9.50000000E+00  8.87234760E+00
 -9.50000000E+00  8.74266248E+00
 -9.50000000E+00  8.56640700E+00
 -9.50000000E+00  8.43672188E+00
 -9.50000000E+00  8.26046641E+00
 -9.50000000E+00  8.13078129E+00
 -9.50000000E+00  7.95452582E+00
 -9.50000000E+00  7.82484070E+00
 -9.50000000E+00  7.64858522E+00
 -9.50000000E+00  7.51890010E+00
 -9.50000000E+00  7.34264463E+00
 -9.50000000E+00  7.21295951E+00
 -9.50000000E+00  7.03670403E+00
 -9.50000000E+00  6.90701891E+00
 -9.50000000E+00  6.73076344E+00
 -9.50000000E+00  6.60107832E+00
 -9.50000000E+00  6.42482285E+00
 -9.50000000E+00  6.29513772E+00
 -9.50000000E+00  6.11888225E+00
 -9.50000000E+00  5.98919713E+00
 -9.50000000E+00  5.81294166E+00
 -9.50000000E+00  5.68325654E+00
 -9.50000000E+00  5.50700106E+00
 -9.50000000E+00  5.37731594E+00
 -9.50000000E+00  5.20106047E+00
 -9.50000000E+00  5.07137535E+00
 -9.50000000E+00  4.89511988E+00
 -9.50000000E+00  4.76543475E+00
 -9.50000000E+00  4.58917928E+00
 -9.50000000E+00  4.45949416E+00
 -9.50000000E+00  4.28323869E+00
 -9.50000000E+00  4.15355357E+00
 -9.50000000E+00  3.97729809E+00
 -9.50000000E+00  3.84761297E+00
 -9.50000000E+00  3.67135750E+00
 -9.50000000E+00  3.54167238E+00
 -9.50000000E+00  3.36541691E+00
 -9.50000000E+00  3.23573178E+00
 -9.50000000E+00  3.05947631E+00
 -9.50000000E+00  2.92979119E+00
 -9.50000000E+00  2.75353572E+00
 -9.50000000E+00  2.62385060E+00
 -9.50000000E+00  2.44759512E+00
 -9.50000000E+00  2.31791000E+00
 -9.50000000E+00  2.14165453E+00
 -9.50000000E+00  2.01196941E+00
 -9.50000000E+00  1.83571393E+00
 -9.50000000E+00  1.70602881E+00
 -9.50000000E+00  1.52977334E+00
 -9.50000000E+00  1.40008822E+00
 -9.50000000E+00  1.22383275E+00
 -9.50000000E+00  1.09414763E+00
 -9.50000000E+00  9.17892153E-01
 -9.50000000E+00  7.88207032E-01
 -9.50000000E+00  6.11951558E-01
 -9.50000000E+00  4.82266438E-01
 -9.50000000E+00  3.06010964E-01
 -9.50000000E+00  1.76325844E-01
 -9.50000000E+00  7.03703670E-05
 -9.50000000E+00 -1.29614750E-01
 -9.50000000E+00 -3.05870224E-01
 -9.50000000E+00 -4.35555344E-01
 -9.50000000E+00 -6.11810818E-01
 -9.50000000E+00 -7.41495938E-01
 -9.50000000E+00 -9.17751412E-01
 -9.50000000E+00 -1.04743653E+00
 -9.50000000E+00 -1.22369201E+00
 -9.50000000E+00 -1.35337713E+00
 -9.50000000E+00 -1.52963260E+00
 -9.50000000E+00 -1.65931772E+00
 -9.50000000E+00 -1.83557319E+00
 -9.50000000E+00 -1.96525831E+00
 -9.50000000E+00 -2.14151379E+00
 -9.50000000E+00 -2.27119891E+00
 -9.50000000E+00 -2.44745438E+00
 -9.50000000E+00 -2.57713950E+00
 -9.50000000E+00 -2.75339498E+00
 -9.50000000E+00 -2.88308010E+00
 -9.50000000E+00 -3.05933557E+00
 -9.50000000E+00 -3.18902069E+00
 -9.50000000E+00 -3.36527616E+00
 -9.50000000E+00 -3.49496128E+00
 -9.50000000E+00 -3.67121676E+00
 -9.50000000E+00 -3.80090188E+00
 -9.50000000E+00 -3.97715735E+00
 -9.50000000E+00 -4.10684247E+00
 -9.50000000E+00 -4.28309795E+00
 -9.50000000E+00 -4.41278307E+00
 -9.50000000E+00 -4.58903854E+00
 -9.50000000E+00 -4.71872366E+00
 -9.50000000E+00 -4.89497913E+00
 -9.50000000E+00 -5.02466426E+00
 -9.50000000E+00 -5.20091973E+00
 -9.50000000E+00 -5.33060485E+00
 -9.50000000E+00 -5.50686032E+00
 -9.50000000E+00 -5.63654544E+00
 -9.50000000E+00 -5.81280092E+00
 -9.50000000E+00 -5.94248604E+00
 -9.50000000E+00 -6.11874151E+00
 -9.50000000E+00 -6.24842663E+00
 -9.50000000E+00 -6.42468210E+00
 -9.50000000E+00 -6.55436723E+00
 -9.50000000E+00 -6.73062270E+00
 -9.50000000E+00 -6.86030782E+00
 -9.50000000E+00 -7.03656329E+00
 -9.50000000E+00 -7.16624841E+00
 -9.50000000E+00 -7.34250389E+00
 -9.50000000E+00 -7.47218901E+00
 -9.50000000E+00 -7.64844448E+00
 -9.50000000E+00 -7.77812960E+00
 -9.50000000E+00 -7.95438508E+00
 -9.50000000E+00 -8.08407020E+00
 -9.50000000E+00 -8.26032567E+00
 -9.50000000E+00 -8.39001079E+00
 -9.50000000E+00 -8.56626626E+00
 -9.50000000E+00 -8.69595138E+00
 -9.50000000E+00 -8.87220686E+00
 -9.50000000E+00 -9.00189198E+00
 -9.50000000E+00 -9.17814745E+00
 -9.50000000E+00 -9.30783257E+00
 -9.50000000E+00 -9.48408805E+00
 -9.50000000E+00 -9.61377317E+00
 -9.50000000E+00 -9.79002864E+00
 -9.50000000E+00 -9.91971376E+00
 -9.50000000E+00 -1.00959692E+01
 -9.50000000E+00 -1.02256544E+01
 -9.50000000E+00 -1.04019098E+01
 -9.50000000E+00 -1.05315949E+01
 -9.50000000E+00 -1.07078504E+01
 -9.50000000E+00 -1.08375355E+01
 -9.50000000E+00 -1.10137910E+01
 -9.50000000E+00 -1.11434761E+01
 -9.50000000E+00 -1.13197316E+01
 -9.50000000E+00 -1.14494167E+01
 -9.50000000E+00 -1.16256722E+01
 -9.50000000E+00 -1.17553573E+01
 -9.50000000E+00 -1.19316128E+01
 -9.50000000E+00 -1.20612979E+01
 -9.50000000E+00 -1.22375534E+01
 -9.50000000E+00 -1.23672385E+01
 -9.50000000E+00 -1.25434940E+01
 -9.50000000E+00 -1.26731791E+01
 -9.50000000E+00 -1.28494346E+01
 -9.50000000E+00 -1.29791197E+01
 -9.50000000E+00 -1.31553752E+01
 -9.50000000E+00 -1.32850603E+01
 -9.50000000E+00 -1.34613158E+01
 -9.50000000E+00 -1.35910009E+01
 -9.50000000E+00 -1.37672564E+01
 -9.50000000E+00 -1.38969415E+01
 -9.50000000E+00 -1.40731970E+01
 -9.50000000E+00 -1.42028821E+01
 -9.50000000E+00 -1.43791376E+01
 -9.50000000E+00 -1.45088227E+01
 -9.50000000E+00 -1.46850781E+01
 -9.50000000E+00 -1.48147633E+01
 -9.50000000E+00 -1.49910187E+01
 -9.50000000E+00 -1.51207039E+01
 -9.50000000E+00 -1.52969593E+01

hb:   line clip z  
frame:
 -9.9999756E+00 -1.4999930E+01
  1.0100024E+01 -1.4999930E+01
  1.0100024E+01  1.5000070E+01
 -9.9999756E+00  1.5000070E+01
clip:
  9.77796599E+00 -1.52969593E+01
  1.03956131E+01 -1.52969593E+01
  1.03956131E+01 -1.49910187E+01
  1.03956131E+01 -1.46850781E+01
  1.03956131E+01 -1.43791376E+01
  1.03956131E+01 -1.40731970E+01
  1.03956131E+01 -1.37672564E+01
  1.03956131E+01 -1.34613158E+01
  1.03956131E+01 -1.31553752E+01
  1.03956131E+01 -1.28494346E+01
  1.03956131E+01 -1.25434940E+01
  1.03956131E+01 -1.22375534E+01
  1.03956131E+01 -1.19316128E+01
  1.03956131E+01 -1.16256722E+01
  1.03956131E+01 -1.13197316E+01
  1.03956131E+01 -1.10137910E+01
  1.03956131E+01 -1.07078504E+01
  1.03956131E+01 -1.04019098E+01
  1.03956131E+01 -1.00959692E+01
  1.03956131E+01 -9.79002864E+00
  1.03956131E+01 -9.48408805E+00
  1.03956131E+01 -9.17814745E+00
  1.03956131E+01 -8.87220686E+00
  1.03956131E+01 -8.56626626E+00
  1.03956131E+01 -8.26032567E+00
  1.03956131E+01 -7.95438508E+00
  1.03956131E+01 -7.64844448E+00
  1.03956131E+01 -7.34250389E+00
  1.03956131E+01 -7.03656329E+00
  1.03956131E+01 -6.73062270E+00
  1.03956131E+01 -6.42468210E+00
  1.03956131E+01 -6.11874151E+00
  1.03956131E+01 -5.81280092E+00
  1.03956131E+01 -5.50686032E+00
  1.03956131E+01 -5.20091973E+00
  1.03956131E+01 -4.89497913E+00
  1.03956131E+01 -4.58903854E+00
  1.03956131E+01 -4.28309795E+00
  1.03956131E+01 -3.97715735E+00
  1.03956131E+01 -3.67121676E+00
  1.03956131E+01 -3.36527616E+00
  1.03956131E+01 -3.05933557E+00
  1.03956131E+01 -2.75339498E+00
  1.03956131E+01 -2.44745438E+00
  1.03956131E+01 -2.14151379E+00
  1.03956131E+01 -1.83557319E+00
  1.03956131E+01 -1.52963260E+00
  1.03956131E+01 -1.22369201E+00
  1.03956131E+01 -9.17751412E-01
  1.03956131E+01 -6.11810818E-01
  1.03956131E+01 -3.05870224E-01
  1.03956131E+01  7.03703670E-05
  1.03956131E+01  3.06010964E-01
  1.03956131E+01  6.11951558E-01
  1.03956131E+01  9.17892153E-01
  1.03956131E+01  1.22383275E+00
  1.03956131E+01  1.52977334E+00
  1.03956131E+01  1.83571393E+00
  1.03956131E+01  2.14165453E+00
  1.03956131E+01  2.44759512E+00
  1.03956131E+01  2.75353572E+00
  1.03956131E+01  3.05947631E+00
  1.03956131E+01  3.36541691E+00
  1.03956131E+01  3.67135750E+00
  1.03956131E+01  3.97729809E+00
  1.03956131E+01  4.28323869E+00
  1.03956131E+01  4.58917928E+00
  1.03956131E+01  4.89511988E+00
  1.03956131E+01  5.20106047E+00
  1.03956131E+01  5.50700106E+00
  1.03956131E+01  5.81294166E+00
  1.03956131E+01  6.11888225E+00
  1.03956131E+01  6.42482285E+00
  1.03956131E+01  6.73076344E+00
  1.03956131E+01  7.03670403E+00
  1.03956131E+01  7.34264463E+00
  1.03956131E+01  7.64858522E+00
  1.03956131E+01  7.95452582E+00
  1.03956131E+01  8.26046641E+00
  1.03956131E+01  8.56640700E+00
  1.03956131E+01  8.87234760E+00
  1.03956131E+01  9.17828819E+00
  1.03956131E+01  9.48422879E+00
  1.03956131E+01  9.79016938E+00
  1.03956131E+01  1.00961100E+01
  1.03956131E+01  1.04020506E+01
  1.03956131E+01  1.07079912E+01
  1.03956131E+01  1.10139318E+01
  1.03956131E+01  1.13198724E+01
  1.03956131E+01  1.16258129E+01
  1.03956131E+01  1.19317535E+01
  1.03956131E+01  1.22376941E+01
  1.03956131E+01  1.25436347E+01
  1.03956131E+01  1.28495753E+01
  1.03956131E+01  1.31555159E+01
  1.03956131E+01  1.34614565E+01
  1.03956131E+01  1.37673971E+01
  1.03956131E+01  1.40733377E+01
  1.03956131E+01  1.43792783E+01
  1.03956131E+01  1.46852189E+01
  1.03956131E+01  1.49911595E+01
  1.03956131E+01  1.52971001E+01
  1.00867895E+01  1.52971001E+01
  9.77796599E+00  1.52971001E+01
  9.50000000E+00  1.52971001E+01
  9.50000000E+00  1.50217290E+01
  9.50000000E+00  1.49911595E+01
  9.50000000E+00  1.47157884E+01
  9.50000000E+00  1.46852189E+01
  9.50000000E+00  1.44098478E+01
  9.50000000E+00  1.43792783E+01
  9.50000000E+00  1.41039072E+01
  9.50000000E+00  1.40733377E+01
  9.50000000E+00  1.37979666E+01
  9.50000000E+00  1.37673971E+01
  9.50000000E+00  1.34920260E+01
  9.50000000E+00  1.34614565E+01
  9.50000000E+00  1.31860854E+01
  9.50000000E+00  1.31555159E+01
  9.50000000E+00  1.28801448E+01
  9.50000000E+00  1.28495753E+01
  9.50000000E+00  1.25742042E+01
  9.50000000E+00  1.25436347E+01
  9.50000000E+00  1.22682636E+01
  9.50000000E+00  1.22376941E+01
  9.50000000E+00  1.19623230E+01
  9.50000000E+00  1.19317535E+01
  9.50000000E+00  1.16563824E+01
  9.50000000E+00  1.16258129E+01
  9.50000000E+00  1.13504418E+01
  9.50000000E+00  1.13198724E+01
  9.50000000E+00  1.10445012E+01
  9.50000000E+00  1.10139318E+01
  9.50000000E+00  1.07385606E+01
  9.50000000E+00  1.07079912E+01
  9.50000000E+00  1.04326200E+01
  9.50000000E+00  1.04020506E+01
  9.50000000E+00  1.01266795E+01
  9.50000000E+00  1.00961100E+01
  9.50000000E+00  9.82073886E+00
  9.50000000E+00  9.79016938E+00
  9.50000000E+00  9.51479826E+00
  9.50000000E+00  9.48422879E+00
  9.50000000E+00  9.20885767E+00
  9.50000000E+00  9.17828819E+00
  9.50000000E+00  8.90291707E+00
  9.50000000E+00  8.87234760E+00
  9.50000000E+00  8.59697648E+00
  9.50000000E+00  8.56640700E+00
  9.50000000E+00  8.29103589E+00
  9.50000000E+00  8.26046641E+00
  9.50000000E+00  7.98509529E+00
  9.50000000E+00  7.95452582E+00
  9.50000000E+00  7.67915470E+00
  9.50000000E+00  7.64858522E+00
  9.50000000E+00  7.37321410E+00
  9.50000000E+00  7.34264463E+00
  9.50000000E+00  7.06727351E+00
  9.50000000E+00  7.03670403E+00
  9.50000000E+00  6.76133292E+00
  9.50000000E+00  6.73076344E+00
  9.50000000E+00  6.45539232E+00
  9.50000000E+00  6.42482285E+00
  9.50000000E+00  6.14945173E+00
  9.50000000E+00  6.11888225E+00
  9.50000000E+00  5.84351113E+00
  9.50000000E+00  5.81294166E+00
  9.50000000E+00  5.53757054E+00
  9.50000000E+00  5.50700106E+00
  9.50000000E+00  5.23162995E+00
  9.50000000E+00  5.20106047E+00
  9.50000000E+00  4.92568935E+00
  9.50000000E+00  4.89511988E+00
  9.50000000E+00  4.61974876E+00
  9.50000000E+00  4.58917928E+00
  9.50000000E+00  4.31380816E+00
  9.50000000E+00  4.28323869E+00
  9.50000000E+00  4.00786757E+00
  9.50000000E+00  3.97729809E+00
  9.50000000E+00  3.70192698E+00
  9.50000000E+00  3.67135750E+00
  9.50000000E+00  3.39598638E+00
  9.50000000E+00  3.36541691E+00
  9.50000000E+00  3.09004579E+00
  9.50000000E+00  3.05947631E+00
  9.50000000E+00  2.78410519E+00
  9.50000000E+00  2.75353572E+00
  9.50000000E+00  2.47816460E+00
  9.50000000E+00  2.44759512E+00
  9.50000000E+00  2.17222401E+00
  9.50000000E+00  2.14165453E+00
  9.50000000E+00  1.86628341E+00
  9.50000000E+00  1.83571393E+00
  9.50000000E+00  1.56034282E+00
  9.50000000E+00  1.52977334E+00
  9.50000000E+00  1.25440222E+00
  9.50000000E+00  1.22383275E+00
  9.50000000E+00  9.48461629E-01
  9.50000000E+00  9.17892153E-01
  9.50000000E+00  6.42521035E-01
  9.50000000E+00  6.11951558E-01
  9.50000000E+00  3.36580441E-01
  9.50000000E+00  3.06010964E-01
  9.50000000E+00  3.06398466E-02
  9.50000000E+00  7.03703670E-05
  9.50000000E+00 -2.75300747E-01
  9.50000000E+00 -3.05870224E-01
  9.50000000E+00 -5.81241342E-01
  9.50000000E+00 -6.11810818E-01
  9.50000000E+00 -8.87181936E-01
  9.50000000E+00 -9.17751412E-01
  9.50000000E+00 -1.19312253E+00
  9.50000000E+00 -1.22369201E+00
  9.50000000E+00 -1.49906312E+00
  9.50000000E+00 -1.52963260E+00
  9.50000000E+00 -1.80500372E+00
  9.50000000E+00 -1.83557319E+00
  9.50000000E+00 -2.11094431E+00
  9.50000000E+00 -2.14151379E+00
  9.50000000E+00 -2.41688491E+00
  9.50000000E+00 -2.44745438E+00
  9.50000000E+00 -2.72282550E+00
  9.50000000E+00 -2.75339498E+00
  9.50000000E+00 -3.02876609E+00
  9.50000000E+00 -3.05933557E+00
  9.50000000E+00 -3.33470669E+00
  9.50000000E+00 -3.36527616E+00
  9.50000000E+00 -3.64064728E+00
  9.50000000E+00 -3.67121676E+00
  9.50000000E+00 -3.94658788E+00
  9.50000000E+00 -3.97715735E+00
  9.50000000E+00 -4.25252847E+00
  9.50000000E+00 -4.28309795E+00
  9.50000000E+00 -4.55846906E+00
  9.50000000E+00 -4.58903854E+00
  9.50000000E+00 -4.86440966E+00
  9.50000000E+00 -4.89497913E+00
  9.50000000E+00 -5.17035025E+00
  9.50000000E+00 -5.20091973E+00
  9.50000000E+00 -5.47629085E+00
  9.50000000E+00 -5.50686032E+00
  9.50000000E+00 -5.78223144E+00
  9.50000000E+00 -5.81280092E+00
  9.50000000E+00 -6.08817203E+00
  9.50000000E+00 -6.11874151E+00
  9.50000000E+00 -6.39411263E+00
  9.50000000E+00 -6.42468210E+00
  9.50000000E+00 -6.70005322E+00
  9.50000000E+00 -6.73062270E+00
  9.50000000E+00 -7.00599382E+00
  9.50000000E+00 -7.03656329E+00
  9.50000000E+00 -7.31193441E+00
  9.50000000E+00 -7.34250389E+00
  9.50000000E+00 -7.61787500E+00
  9.50000000E+00 -7.64844448E+00
  9.50000000E+00 -7.92381560E+00
  9.50000000E+00 -7.95438508E+00
  9.50000000E+00 -8.22975619E+00
  9.50000000E+00 -8.26032567E+00
  9.50000000E+00 -8.53569679E+00
  9.50000000E+00 -8.56626626E+00
  9.50000000E+00 -8.84163738E+00
  9.50000000E+00 -8.87220686E+00
  9.50000000E+00 -9.14757798E+00
  9.50000000E+00 -9.17814745E+00
  9.50000000E+00 -9.45351857E+00
  9.50000000E+00 -9.48408805E+00
  9.50000000E+00 -9.75945916E+00
  9.50000000E+00 -9.79002864E+00
  9.50000000E+00 -1.00653998E+01
  9.50000000E+00 -1.00959692E+01
  9.50000000E+00 -1.03713404E+01
  9.50000000E+00 -1.04019098E+01
  9.50000000E+00 -1.06772809E+01
  9.50000000E+00 -1.07078504E+01
  9.50000000E+00 -1.09832215E+01
  9.50000000E+00 -1.10137910E+01
  9.50000000E+00 -1.12891621E+01
  9.50000000E+00 -1.13197316E+01
  9.50000000E+00 -1.15951027E+01
  9.50000000E+00 -1.16256722E+01
  9.50000000E+00 -1.19010433E+01
  9.50000000E+00 -1.19316128E+01
  9.50000000E+00 -1.22069839E+01
  9.50000000E+00 -1.22375534E+01
  9.50000000E+00 -1.25129245E+01
  9.50000000E+00 -1.25434940E+01
  9.50000000E+00 -1.28188651E+01
  9.50000000E+00 -1.28494346E+01
  9.50000000E+00 -1.31248057E+01
  9.50000000E+00 -1.31553752E+01
  9.50000000E+00 -1.34307463E+01
  9.50000000E+00 -1.34613158E+01
  9.50000000E+00 -1.37366869E+01
  9.50000000E+00 -1.37672564E+01
  9.50000000E+00 -1.40426275E+01
  9.50000000E+00 -1.40731970E+01
  9.50000000E+00 -1.43485681E+01
  9.50000000E+00 -1.43791376E+01
  9.50000000E+00 -1.46545087E+01
  9.50000000E+00 -1.46850781E+01
  9.50000000E+00 -1.49604493E+01
  9.50000000E+00 -1.49910187E+01
  9.50000000E+00 -1.52663899E+01
  9.50000000E+00 -1.52969593E+01

hb:   line clip z  
clip:
 -2.62100000E+00 -1.47306733E+01
 -2.57497519E+00 -1.47885000E+01
 -2.47057877E+00 -1.47885000E+01
 -2.26615166E+00 -1.47885000E+01
 -2.16175524E+00 -1.47885000E+01
 -1.95732813E+00 -1.47885000E+01
 -1.85293171E+00 -1.47885000E+01
 -1.64850460E+00 -1.47885000E+01
 -1.54410818E+00 -1.47885000E+01
 -1.33968107E+00 -1.47885000E+01
 -1.23528465E+00 -1.47885000E+01
 -1.03085754E+00 -1.47885000E+01
 -9.26461119E-01 -1.47885000E+01
 -7.22034009E-01 -1.47885000E+01
 -6.17637590E-01 -1.47885000E+01
 -4.13210479E-01 -1.47885000E+01
 -3.08814060E-01 -1.47885000E+01
 -1.04386950E-01 -1.47885000E+01
  9.46908101E-06 -1.47885000E+01
  2.04436580E-01 -1.47885000E+01
  3.08832998E-01 -1.47885000E+01
  5.13260109E-01 -1.47885000E+01
  6.17656528E-01 -1.47885000E+01
  8.22083638E-01 -1.47885000E+01
  9.26480057E-01 -1.47885000E+01
  1.13090717E+00 -1.47885000E+01
  1.23530359E+00 -1.47885000E+01
  1.43973070E+00 -1.47885000E+01
  1.54412712E+00 -1.47885000E+01
  1.74855423E+00 -1.47885000E+01
  1.85295065E+00 -1.47885000E+01
  2.05737776E+00 -1.47885000E+01
  2.16177417E+00 -1.47885000E+01
  2.36620129E+00 -1.47885000E+01
  2.47059770E+00 -1.47885000E+01
  2.60900000E+00 -1.46850781E+01
  2.60900000E+00 -1.44445460E+01
  2.60900000E+00 -1.43791376E+01
  2.60900000E+00 -1.41386054E+01
  2.60900000E+00 -1.40731970E+01
  2.60900000E+00 -1.38326648E+01
  2.60900000E+00 -1.37672564E+01
  2.60900000E+00 -1.35267242E+01
  2.60900000E+00 -1.34613158E+01
  2.60900000E+00 -1.32207836E+01
  2.60900000E+00 -1.31553752E+01
  2.60900000E+00 -1.29148430E+01
  2.60900000E+00 -1.28494346E+01
  2.60900000E+00 -1.26089024E+01
  2.60900000E+00 -1.25434940E+01
  2.60900000E+00 -1.23029619E+01
  2.60900000E+00 -1.22375534E+01
  2.60900000E+00 -1.19970213E+01
  2.60900000E+00 -1.19316128E+01
  2.60900000E+00 -1.16910807E+01
  2.60900000E+00 -1.16256722E+01
  2.60900000E+00 -1.13851401E+01
  2.60900000E+00 -1.13197316E+01
  2.60900000E+00 -1.10791995E+01
  2.60900000E+00 -1.10137910E+01
  2.60900000E+00 -1.07732589E+01
  2.60900000E+00 -1.07078504E+01
  2.60900000E+00 -1.04673183E+01
  2.60900000E+00 -1.04019098E+01
  2.60900000E+00 -1.01613777E+01
  2.60900000E+00 -1.00959692E+01
  2.60900000E+00 -9.85543710E+00
  2.60900000E+00 -9.79002864E+00
  2.60900000E+00 -9.54949650E+00
  2.60900000E+00 -9.48408805E+00
  2.60900000E+00 -9.24355591E+00
  2.60900000E+00 -9.17814745E+00
  2.60900000E+00 -8.93761532E+00
  2.60900000E+00 -8.87220686E+00
  2.60900000E+00 -8.63167472E+00
  2.60900000E+00 -8.56626626E+00
  2.60900000E+00 -8.32573413E+00
  2.60900000E+00 -8.26032567E+00
  2.60900000E+00 -8.01979353E+00
  2.60900000E+00 -7.95438508E+00
  2.60900000E+00 -7.71385294E+00
  2.60900000E+00 -7.64844448E+00
  2.60900000E+00 -7.40791235E+00
  2.60900000E+00 -7.34250389E+00
  2.60900000E+00 -7.10197175E+00
  2.60900000E+00 -7.03656329E+00
  2.60900000E+00 -6.79603116E+00
  2.60900000E+00 -6.73062270E+00
  2.60900000E+00 -6.49009056E+00
  2.60900000E+00 -6.42468210E+00
  2.60900000E+00 -6.18414997E+00
  2.60900000E+00 -6.11874151E+00
  2.60900000E+00 -5.87820938E+00
  2.60900000E+00 -5.81280092E+00
  2.60900000E+00 -5.57226878E+00
  2.60900000E+00 -5.50686032E+00
  2.60900000E+00 -5.26632819E+00
  2.60900000E+00 -5.20091973E+00
  2.60900000E+00 -4.96038759E+00
  2.60900000E+00 -4.89497913E+00
  2.60900000E+00 -4.65444700E+00
  2.60900000E+00 -4.58903854E+00
  2.60900000E+00 -4.34850641E+00
  2.60900000E+00 -4.28309795E+00
  2.60900000E+00 -4.04256581E+00
  2.60900000E+00 -3.97715735E+00
  2.60900000E+00 -3.73662522E+00
  2.60900000E+00 -3.67121676E+00
  2.60900000E+00 -3.43068462E+00
  2.60900000E+00 -3.36527616E+00
  2.60900000E+00 -3.12474403E+00
  2.60900000E+00 -3.05933557E+00
  2.60900000E+00 -2.81880343E+00
  2.60900000E+00 -2.75339498E+00
  2.60900000E+00 -2.51286284E+00
  2.60900000E+00 -2.44745438E+00
  2.60900000E+00 -2.20692225E+00
  2.60900000E+00 -2.14151379E+00
  2.60900000E+00 -1.90098165E+00
  2.60900000E+00 -1.83557319E+00
  2.60900000E+00 -1.59504106E+00
  2.60900000E+00 -1.52963260E+00
  2.57932343E+00 -1.31850000E+00
  2.36620129E+00 -1.31850000E+00
  2.15307914E+00 -1.31850000E+00
  2.05737776E+00 -1.31850000E+00
  1.84425561E+00 -1.31850000E+00
  1.75000000E+00 -1.52963260E+00
  2.01814410E+00 -1.56850000E+00
  2.09661141E+00 -1.56850000E+00
  2.35900000E+00 -1.83557319E+00
  2.35900000E+00 -1.84270725E+00
  2.35900000E+00 -2.14151379E+00
  2.35900000E+00 -2.14864785E+00
  2.35900000E+00 -2.44745438E+00
  2.35900000E+00 -2.45458844E+00
  2.35900000E+00 -2.75339498E+00
  2.35900000E+00 -2.76052904E+00
  2.35900000E+00 -3.05933557E+00
  2.35900000E+00 -3.06646963E+00
  2.35900000E+00 -3.36527616E+00
  2.35900000E+00 -3.37241022E+00
  2.35900000E+00 -3.67121676E+00
  2.35900000E+00 -3.67835082E+00
  2.35900000E+00 -3.97715735E+00
  2.35900000E+00 -3.98429141E+00
  2.35900000E+00 -4.28309795E+00
  2.35900000E+00 -4.29023201E+00
  2.35900000E+00 -4.58903854E+00
  2.35900000E+00 -4.59617260E+00
  2.35900000E+00 -4.89497913E+00
  2.35900000E+00 -4.90211319E+00
  2.35900000E+00 -5.20091973E+00
  2.35900000E+00 -5.20805379E+00
  2.35900000E+00 -5.50686032E+00
  2.35900000E+00 -5.51399438E+00
  2.35900000E+00 -5.81280092E+00
  2.35900000E+00 -5.81993498E+00
  2.35900000E+00 -6.11874151E+00
  2.35900000E+00 -6.12587557E+00
  2.35900000E+00 -6.42468210E+00
  2.35900000E+00 -6.43181616E+00
  2.35900000E+00 -6.73062270E+00
  2.35900000E+00 -6.73775676E+00
  2.35900000E+00 -7.03656329E+00
  2.35900000E+00 -7.04369735E+00
  2.35900000E+00 -7.34250389E+00
  2.35900000E+00 -7.34963795E+00
  2.35900000E+00 -7.64844448E+00
  2.35900000E+00 -7.65557854E+00
  2.35900000E+00 -7.95438508E+00
  2.35900000E+00 -7.96151914E+00
  2.35900000E+00 -8.26032567E+00
  2.35900000E+00 -8.26745973E+00
  2.35900000E+00 -8.56626626E+00
  2.35900000E+00 -8.57340032E+00
  2.35900000E+00 -8.87220686E+00
  2.35900000E+00 -8.87934092E+00
  2.35900000E+00 -9.17814745E+00
  2.35900000E+00 -9.18528151E+00
  2.35900000E+00 -9.48408805E+00
  2.35900000E+00 -9.49122211E+00
  2.35900000E+00 -9.79002864E+00
  2.35900000E+00 -9.79716270E+00
  2.35900000E+00 -1.00959692E+01
  2.35900000E+00 -1.01031033E+01
  2.35900000E+00 -1.04019098E+01
  2.35900000E+00 -1.04090439E+01
  2.35900000E+00 -1.07078504E+01
  2.35900000E+00 -1.07149845E+01
  2.35900000E+00 -1.10137910E+01
  2.35900000E+00 -1.10209251E+01
  2.35900000E+00 -1.13197316E+01
  2.35900000E+00 -1.13268657E+01
  2.35900000E+00 -1.16256722E+01
  2.35900000E+00 -1.16328063E+01
  2.35900000E+00 -1.19316128E+01
  2.35900000E+00 -1.19387469E+01
  2.35900000E+00 -1.22375534E+01
  2.35900000E+00 -1.22446875E+01
  2.35900000E+00 -1.25434940E+01
  2.35900000E+00 -1.25506280E+01
  2.35900000E+00 -1.28494346E+01
  2.35900000E+00 -1.28565686E+01
  2.35900000E+00 -1.31553752E+01
  2.35900000E+00 -1.31625092E+01
  2.35900000E+00 -1.34613158E+01
  2.35900000E+00 -1.34684498E+01
  2.35900000E+00 -1.37672564E+01
  2.35900000E+00 -1.37743904E+01
  2.35900000E+00 -1.40731970E+01
  2.35900000E+00 -1.40803310E+01
  2.35900000E+00 -1.43791376E+01
  2.35900000E+00 -1.43862716E+01
  2.05737776E+00 -1.45385000E+01
  1.90941838E+00 -1.45385000E+01
  1.74855423E+00 -1.45385000E+01
  1.60059485E+00 -1.45385000E+01
  1.43973070E+00 -1.45385000E+01
  1.29177132E+00 -1.45385000E+01
  1.13090717E+00 -1.45385000E+01
  9.82947790E-01 -1.45385000E+01
  8.22083638E-01 -1.45385000E+01
  6.74124261E-01 -1.45385000E+01
  5.13260109E-01 -1.45385000E+01
  3.65300731E-01 -1.45385000E+01
  2.04436580E-01 -1.45385000E+01
  5.64772018E-02 -1.45385000E+01
 -1.04386950E-01 -1.45385000E+01
 -2.52346328E-01 -1.45385000E+01
 -4.13210479E-01 -1.45385000E+01
 -5.61169857E-01 -1.45385000E+01
 -7.22034009E-01 -1.45385000E+01
 -8.69993386E-01 -1.45385000E+01
 -1.03085754E+00 -1.45385000E+01
 -1.17881692E+00 -1.45385000E+01
 -1.33968107E+00 -1.45385000E+01
 -1.48764045E+00 -1.45385000E+01
 -1.64850460E+00 -1.45385000E+01
 -1.79646397E+00 -1.45385000E+01
 -1.95732813E+00 -1.45385000E+01
 -2.10528750E+00 -1.45385000E+01
 -2.26615166E+00 -1.45385000E+01
 -2.37100000E+00 -1.43791376E+01
 -2.37100000E+00 -1.41770665E+01
 -2.37100000E+00 -1.40731970E+01
 -2.37100000E+00 -1.38711259E+01
 -2.37100000E+00 -1.37672564E+01
 -2.37100000E+00 -1.35651853E+01
 -2.37100000E+00 -1.34613158E+01
 -2.37100000E+00 -1.32592447E+01
 -2.37100000E+00 -1.31553752E+01
 -2.37100000E+00 -1.29533041E+01
 -2.37100000E+00 -1.28494346E+01
 -2.37100000E+00 -1.26473635E+01
 -2.37100000E+00 -1.25434940E+01
 -2.37100000E+00 -1.23414230E+01
 -2.37100000E+00 -1.22375534E+01
 -2.37100000E+00 -1.20354824E+01
 -2.37100000E+00 -1.19316128E+01
 -2.37100000E+00 -1.17295418E+01
 -2.37100000E+00 -1.16256722E+01
 -2.37100000E+00 -1.14236012E+01
 -2.37100000E+00 -1.13197316E+01
 -2.37100000E+00 -1.11176606E+01
 -2.37100000E+00 -1.10137910E+01
 -2.37100000E+00 -1.08117200E+01
 -2.37100000E+00 -1.07078504E+01
 -2.37100000E+00 -1.05057794E+01
 -2.37100000E+00 -1.04019098E+01
 -2.37100000E+00 -1.01998388E+01
 -2.37100000E+00 -1.00959692E+01
 -2.37100000E+00 -9.89389820E+00
 -2.37100000E+00 -9.79002864E+00
 -2.37100000E+00 -9.58795761E+00
 -2.37100000E+00 -9.48408805E+00
 -2.37100000E+00 -9.28201701E+00
 -2.37100000E+00 -9.17814745E+00
 -2.37100000E+00 -8.97607642E+00
 -2.37100000E+00 -8.87220686E+00
 -2.37100000E+00 -8.67013583E+00
 -2.37100000E+00 -8.56626626E+00
 -2.37100000E+00 -8.36419523E+00
 -2.37100000E+00 -8.26032567E+00
 -2.37100000E+00 -8.05825464E+00
 -2.37100000E+00 -7.95438508E+00
 -2.37100000E+00 -7.75231404E+00
 -2.37100000E+00 -7.64844448E+00
 -2.37100000E+00 -7.44637345E+00
 -2.37100000E+00 -7.34250389E+00
 -2.37100000E+00 -7.14043285E+00
 -2.37100000E+00 -7.03656329E+00
 -2.37100000E+00 -6.83449226E+00
 -2.37100000E+00 -6.73062270E+00
 -2.37100000E+00 -6.52855167E+00
 -2.37100000E+00 -6.42468210E+00
 -2.37100000E+00 -6.22261107E+00
 -2.37100000E+00 -6.11874151E+00
 -2.37100000E+00 -5.91667048E+00
 -2.37100000E+00 -5.81280092E+00
 -2.37100000E+00 -5.61072988E+00
 -2.37100000E+00 -5.50686032E+00
 -2.37100000E+00 -5.30478929E+00
 -2.37100000E+00 -5.20091973E+00
 -2.37100000E+00 -4.99884870E+00
 -2.37100000E+00 -4.89497913E+00
 -2.37100000E+00 -4.69290810E+00
 -2.37100000E+00 -4.58903854E+00
 -2.37100000E+00 -4.38696751E+00
 -2.37100000E+00 -4.28309795E+00
 -2.37100000E+00 -4.08102691E+00
 -2.37100000E+00 -3.97715735E+00
 -2.37100000E+00 -3.77508632E+00
 -2.37100000E+00 -3.67121676E+00
 -2.37100000E+00 -3.46914573E+00
 -2.37100000E+00 -3.36527616E+00
 -2.37100000E+00 -3.16320513E+00
 -2.37100000E+00 -3.05933557E+00
 -2.37100000E+00 -2.85726454E+00
 -2.37100000E+00 -2.75339498E+00
 -2.37100000E+00 -2.55132394E+00
 -2.37100000E+00 -2.44745438E+00
 -2.37100000E+00 -2.24538335E+00
 -2.37100000E+00 -2.14151379E+00
 -2.37100000E+00 -1.93944276E+00
 -2.37100000E+00 -1.83557319E+00
 -2.37100000E+00 -1.63350216E+00
 -2.26615166E+00 -1.56850000E+00
 -1.91809447E+00 -1.56850000E+00
 -1.75000000E+00 -1.52963260E+00
 -1.75000000E+00 -1.32423993E+00
 -1.95732813E+00 -1.31850000E+00
 -2.17045027E+00 -1.31850000E+00
 -2.26615166E+00 -1.31850000E+00
 -2.47927380E+00 -1.31850000E+00
 -2.57497519E+00 -1.31850000E+00
 -2.62100000E+00 -1.48403744E+00
 -2.62100000E+00 -1.52963260E+00
 -2.62100000E+00 -1.57522776E+00
 -2.62100000E+00 -1.83557319E+00
 -2.62100000E+00 -1.88116836E+00
 -2.62100000E+00 -2.14151379E+00
 -2.62100000E+00 -2.18710895E+00
 -2.62100000E+00 -2.44745438E+00
 -2.62100000E+00 -2.49304955E+00
 -2.62100000E+00 -2.75339498E+00
 -2.62100000E+00 -2.79899014E+00
 -2.62100000E+00 -3.05933557E+00
 -2.62100000E+00 -3.10493073E+00
 -2.62100000E+00 -3.36527616E+00
 -2.62100000E+00 -3.41087133E+00
 -2.62100000E+00 -3.67121676E+00
 -2.62100000E+00 -3.71681192E+00
 -2.62100000E+00 -3.97715735E+00
 -2.62100000E+00 -4.02275252E+00
 -2.62100000E+00 -4.28309795E+00
 -2.62100000E+00 -4.32869311E+00
 -2.62100000E+00 -4.58903854E+00
 -2.62100000E+00 -4.63463370E+00
 -2.62100000E+00 -4.89497913E+00
 -2.62100000E+00 -4.94057430E+00
 -2.62100000E+00 -5.20091973E+00
 -2.62100000E+00 -5.24651489E+00
 -2.62100000E+00 -5.50686032E+00
 -2.62100000E+00 -5.55245549E+00
 -2.62100000E+00 -5.81280092E+00
 -2.62100000E+00 -5.85839608E+00
 -2.62100000E+00 -6.11874151E+00
 -2.62100000E+00 -6.16433667E+00
 -2.62100000E+00 -6.42468210E+00
 -2.62100000E+00 -6.47027727E+00
 -2.62100000E+00 -6.73062270E+00
 -2.62100000E+00 -6.77621786E+00
 -2.62100000E+00 -7.03656329E+00
 -2.62100000E+00 -7.08215846E+00
 -2.62100000E+00 -7.34250389E+00
 -2.62100000E+00 -7.38809905E+00
 -2.62100000E+00 -7.64844448E+00
 -2.62100000E+00 -7.69403964E+00
 -2.62100000E+00 -7.95438508E+00
 -2.62100000E+00 -7.99998024E+00
 -2.62100000E+00 -8.26032567E+00
 -2.62100000E+00 -8.30592083E+00
 -2.62100000E+00 -8.56626626E+00
 -2.62100000E+00 -8.61186143E+00
 -2.62100000E+00 -8.87220686E+00
 -2.62100000E+00 -8.91780202E+00
 -2.62100000E+00 -9.17814745E+00
 -2.62100000E+00 -9.22374261E+00
 -2.62100000E+00 -9.48408805E+00
 -2.62100000E+00 -9.52968321E+00
 -2.62100000E+00 -9.79002864E+00
 -2.62100000E+00 -9.83562380E+00
 -2.62100000E+00 -1.00959692E+01
 -2.62100000E+00 -1.01415644E+01
 -2.62100000E+00 -1.04019098E+01
 -2.62100000E+00 -1.04475050E+01
 -2.62100000E+00 -1.07078504E+01
 -2.62100000E+00 -1.07534456E+01
 -2.62100000E+00 -1.10137910E+01
 -2.62100000E+00 -1.10593862E+01
 -2.62100000E+00 -1.13197316E+01
 -2.62100000E+00 -1.13653268E+01
 -2.62100000E+00 -1.16256722E+01
 -2.62100000E+00 -1.16712674E+01
 -2.62100000E+00 -1.19316128E+01
 -2.62100000E+00 -1.19772080E+01
 -2.62100000E+00 -1.22375534E+01
 -2.62100000E+00 -1.22831486E+01
 -2.62100000E+00 -1.25434940E+01
 -2.62100000E+00 -1.25890891E+01
 -2.62100000E+00 -1.28494346E+01
 -2.62100000E+00 -1.28950297E+01
 -2.62100000E+00 -1.31553752E+01
 -2.62100000E+00 -1.32009703E+01
 -2.62100000E+00 -1.34613158E+01
 -2.62100000E+00 -1.35069109E+01
 -2.62100000E+00 -1.37672564E+01
 -2.62100000E+00 -1.38128515E+01
 -2.62100000E+00 -1.40731970E+01
 -2.62100000E+00 -1.41187921E+01
 -2.62100000E+00 -1.43791376E+01
 -2.62100000E+00 -1.44247327E+01
 -2.62100000E+00 -1.46850781E+01

hb:   line clip z  
clip:
 -2.37100000E+00 -1.44830071E+01
 -2.26615166E+00 -1.45385000E+01
 -2.10528750E+00 -1.45385000E+01
 -1.95732813E+00 -1.45385000E+01
 -1.79646397E+00 -1.45385000E+01
 -1.64850460E+00 -1.45385000E+01
 -1.48764045E+00 -1.45385000E+01
 -1.33968107E+00 -1.45385000E+01
 -1.17881692E+00 -1.45385000E+01
 -1.03085754E+00 -1.45385000E+01
 -8.69993386E-01 -1.45385000E+01
 -7.22034009E-01 -1.45385000E+01
 -5.61169857E-01 -1.45385000E+01
 -4.13210479E-01 -1.45385000E+01
 -2.52346328E-01 -1.45385000E+01
 -1.04386950E-01 -1.45385000E+01
  5.64772018E-02 -1.45385000E+01
  2.04436580E-01 -1.45385000E+01
  3.65300731E-01 -1.45385000E+01
  5.13260109E-01 -1.45385000E+01
  6.74124261E-01 -1.45385000E+01
  8.22083638E-01 -1.45385000E+01
  9.82947790E-01 -1.45385000E+01
  1.13090717E+00 -1.45385000E+01
  1.29177132E+00 -1.45385000E+01
  1.43973070E+00 -1.45385000E+01
  1.60059485E+00 -1.45385000E+01
  1.74855423E+00 -1.45385000E+01
  1.90941838E+00 -1.45385000E+01
  2.05737776E+00 -1.45385000E+01
  2.21824191E+00 -1.45385000E+01
  2.35900000E+00 -1.43791376E+01
  2.35900000E+00 -1.40803310E+01
  2.35900000E+00 -1.40731970E+01
  2.35900000E+00 -1.37743904E+01
  2.35900000E+00 -1.37672564E+01
  2.35900000E+00 -1.34684498E+01
  2.35900000E+00 -1.34613158E+01
  2.35900000E+00 -1.31625092E+01
  2.35900000E+00 -1.31553752E+01
  2.35900000E+00 -1.28565686E+01
  2.35900000E+00 -1.28494346E+01
  2.35900000E+00 -1.25506280E+01
  2.35900000E+00 -1.25434940E+01
  2.35900000E+00 -1.22446875E+01
  2.35900000E+00 -1.22375534E+01
  2.35900000E+00 -1.19387469E+01
  2.35900000E+00 -1.19316128E+01
  2.35900000E+00 -1.16328063E+01
  2.35900000E+00 -1.16256722E+01
  2.35900000E+00 -1.13268657E+01
  2.35900000E+00 -1.13197316E+01
  2.35900000E+00 -1.10209251E+01
  2.35900000E+00 -1.10137910E+01
  2.35900000E+00 -1.07149845E+01
  2.35900000E+00 -1.07078504E+01
  2.35900000E+00 -1.04090439E+01
  2.35900000E+00 -1.04019098E+01
  2.35900000E+00 -1.01031033E+01
  2.35900000E+00 -1.00959692E+01
  2.35900000E+00 -9.79716270E+00
  2.35900000E+00 -9.79002864E+00
  2.35900000E+00 -9.49122211E+00
  2.35900000E+00 -9.48408805E+00
  2.35900000E+00 -9.18528151E+00
  2.35900000E+00 -9.17814745E+00
  2.35900000E+00 -8.87934092E+00
  2.35900000E+00 -8.87220686E+00
  2.35900000E+00 -8.57340032E+00
  2.35900000E+00 -8.56626626E+00
  2.35900000E+00 -8.26745973E+00
  2.35900000E+00 -8.26032567E+00
  2.35900000E+00 -7.96151914E+00
  2.35900000E+00 -7.95438508E+00
  2.35900000E+00 -7.65557854E+00
  2.35900000E+00 -7.64844448E+00
  2.35900000E+00 -7.34963795E+00
  2.35900000E+00 -7.34250389E+00
  2.35900000E+00 -7.04369735E+00
  2.35900000E+00 -7.03656329E+00
  2.35900000E+00 -6.73775676E+00
  2.35900000E+00 -6.73062270E+00
  2.35900000E+00 -6.43181616E+00
  2.35900000E+00 -6.42468210E+00
  2.35900000E+00 -6.12587557E+00
  2.35900000E+00 -6.11874151E+00
  2.35900000E+00 -5.81993498E+00
  2.35900000E+00 -5.81280092E+00
  2.35900000E+00 -5.51399438E+00
  2.35900000E+00 -5.50686032E+00
  2.35900000E+00 -5.20805379E+00
  2.35900000E+00 -5.20091973E+00
  2.35900000E+00 -4.90211319E+00
  2.35900000E+00 -4.89497913E+00
  2.35900000E+00 -4.59617260E+00
  2.35900000E+00 -4.58903854E+00
  2.35900000E+00 -4.29023201E+00
  2.35900000E+00 -4.28309795E+00
  2.35900000E+00 -3.98429141E+00
  2.35900000E+00 -3.97715735E+00
  2.35900000E+00 -3.67835082E+00
  2.35900000E+00 -3.67121676E+00
  2.35900000E+00 -3.37241022E+00
  2.35900000E+00 -3.36527616E+00
  2.35900000E+00 -3.06646963E+00
  2.35900000E+00 -3.05933557E+00
  2.35900000E+00 -2.76052904E+00
  2.35900000E+00 -2.75339498E+00
  2.35900000E+00 -2.45458844E+00
  2.35900000E+00 -2.44745438E+00
  2.35900000E+00 -2.14864785E+00
  2.35900000E+00 -2.14151379E+00
  2.35900000E+00 -1.84270725E+00
  2.35900000E+00 -1.83557319E+00
  2.32696763E+00 -1.56850000E+00
  2.05737776E+00 -1.56850000E+00
  1.78778788E+00 -1.56850000E+00
  1.74855423E+00 -1.56850000E+00
  1.47896435E+00 -1.56850000E+00
  1.43973070E+00 -1.56850000E+00
  1.17014082E+00 -1.56850000E+00
  1.13090717E+00 -1.56850000E+00
  8.61317293E-01 -1.56850000E+00
  8.22083638E-01 -1.56850000E+00
  5.52493764E-01 -1.56850000E+00
  7.34495109E-01 -1.83557319E+00
  8.22083638E-01 -1.94885221E+00
  9.49427271E-01 -2.14151379E+00
  1.11495924E+00 -2.44745438E+00
  1.13090717E+00 -2.48061822E+00
  1.25076491E+00 -2.75339498E+00
  1.30363890E+00 -2.88821632E+00
  1.36570206E+00 -3.05933557E+00
  1.38447670E+00 -3.11407376E+00
  1.43973070E+00 -3.28396202E+00
  1.46467165E+00 -3.36527616E+00
  1.52745874E+00 -3.58430768E+00
  1.55072212E+00 -3.67121676E+00
  1.59046263E+00 -3.82783253E+00
  1.62589844E+00 -3.97715735E+00
  1.64823277E+00 -4.07654228E+00
  1.69164582E+00 -4.28309795E+00
  1.70100318E+00 -4.33020509E+00
  1.74855423E+00 -4.58635110E+00
  1.79222390E+00 -4.85171713E+00
  1.79883217E+00 -4.89497913E+00
  1.83090676E+00 -5.11933597E+00
  1.84168185E+00 -5.20091973E+00
  1.86506430E+00 -5.39143790E+00
  1.87804813E+00 -5.50686032E+00
  1.89472389E+00 -5.66799578E+00
  1.90830054E+00 -5.81280092E+00
  1.91988046E+00 -5.94901464E+00
  1.93272531E+00 -6.11874151E+00
  1.94049631E+00 -6.23453185E+00
  1.95154060E+00 -6.42468210E+00
  1.95649969E+00 -6.52461845E+00
  1.96490706E+00 -6.73062270E+00
  1.96778217E+00 -6.81938189E+00
  1.97293511E+00 -7.03656329E+00
  1.97419430E+00 -7.11897021E+00
  1.97568962E+00 -7.34250389E+00
  1.97553942E+00 -7.42357824E+00
  1.97319262E+00 -7.64844448E+00
  1.97156476E+00 -7.73345640E+00
  1.96542415E+00 -7.95438508E+00
  1.96194892E+00 -8.04892306E+00
  1.95232148E+00 -8.26032567E+00
  1.94628414E+00 -8.37038220E+00
  1.93377652E+00 -8.56626626E+00
  1.92405053E+00 -8.69834885E+00
  1.90963121E+00 -8.87220686E+00
  1.89457805E+00 -9.03348679E+00
  1.87967044E+00 -9.17814745E+00
  1.85698814E+00 -9.37666638E+00
  1.84361162E+00 -9.48408805E+00
  1.81010047E+00 -9.72905695E+00
  1.80108975E+00 -9.79002864E+00
  1.75227516E+00 -1.00922830E+01
  1.69464519E+00 -1.04019098E+01
  1.62933009E+00 -1.07078504E+01
  1.55464572E+00 -1.10137910E+01
  1.46916971E+00 -1.13197316E+01
  1.38826937E+00 -1.15746913E+01
  1.33370571E+00 -1.17307074E+01
  1.25683298E+00 -1.19316128E+01
  1.13090717E+00 -1.22193818E+01
  1.11420247E+00 -1.22541021E+01
  9.58452653E-01 -1.25434940E+01
  8.22083638E-01 -1.27511478E+01
  7.79870541E-01 -1.28076156E+01
  7.46781461E-01 -1.28494346E+01
  5.13260109E-01 -1.30873531E+01
  4.74896193E-01 -1.31173694E+01
  4.21072612E-01 -1.31553752E+01
  2.04436580E-01 -1.32614590E+01
  3.53230277E-02 -1.32937809E+01
 -1.04386950E-01 -1.32877420E+01
 -3.80092299E-01 -1.31881842E+01
 -4.13210479E-01 -1.31682056E+01
 -4.33072612E-01 -1.31553752E+01
 -5.93378278E-01 -1.30279205E+01
 -7.22034009E-01 -1.28934247E+01
 -7.58781461E-01 -1.28494346E+01
 -8.74164271E-01 -1.26942041E+01
 -9.70452653E-01 -1.25434940E+01
 -9.92719348E-01 -1.25057118E+01
 -1.03085754E+00 -1.24383105E+01
 -1.13421008E+00 -1.22375534E+01
 -1.19865647E+00 -1.20978453E+01
 -1.26883298E+00 -1.19316128E+01
 -1.28885872E+00 -1.18812649E+01
 -1.33968107E+00 -1.17472211E+01
 -1.38289374E+00 -1.16256722E+01
 -1.44821666E+00 -1.14272540E+01
 -1.48116971E+00 -1.13197316E+01
 -1.51856226E+00 -1.11910023E+01
 -1.56664572E+00 -1.10137910E+01
 -1.58326670E+00 -1.09491621E+01
 -1.64133009E+00 -1.07078504E+01
 -1.64265135E+00 -1.07020518E+01
 -1.64850460E+00 -1.06761852E+01
 -1.70664519E+00 -1.04019098E+01
 -1.74641628E+00 -1.01929669E+01
 -1.76363582E+00 -1.00959692E+01
 -1.79114266E+00 -9.93133515E+00
 -1.81308975E+00 -9.79002864E+00
 -1.83125659E+00 -9.66513401E+00
 -1.85561162E+00 -9.48408805E+00
 -1.86682979E+00 -9.39443453E+00
 -1.89167044E+00 -9.17814745E+00
 -1.89789997E+00 -9.11927407E+00
 -1.92163121E+00 -8.87220686E+00
 -1.92447220E+00 -8.83965765E+00
 -1.94577652E+00 -8.56626626E+00
 -1.94651911E+00 -8.55555815E+00
 -1.95732813E+00 -8.38670967E+00
 -1.96432148E+00 -8.26032567E+00
 -1.97675793E+00 -7.97363350E+00
 -1.97742415E+00 -7.95438508E+00
 -1.98471729E+00 -7.67557796E+00
 -1.98519262E+00 -7.64844448E+00
 -1.98767692E+00 -7.37256937E+00
 -1.98768962E+00 -7.34250389E+00
 -1.98540280E+00 -7.06437588E+00
 -1.98493511E+00 -7.03656329E+00
 -1.97759670E+00 -6.75070206E+00
 -1.97690706E+00 -6.73062270E+00
 -1.96388029E+00 -6.43117311E+00
 -1.96354060E+00 -6.42468210E+00
 -1.95732813E+00 -6.31329033E+00
 -1.94554496E+00 -6.13041468E+00
 -1.94472531E+00 -6.11874151E+00
 -1.94377227E+00 -6.10531220E+00
 -1.92030054E+00 -5.81280092E+00
 -1.91665483E+00 -5.77250731E+00
 -1.89004813E+00 -5.50686032E+00
 -1.88172285E+00 -5.43196084E+00
 -1.85368185E+00 -5.20091973E+00
 -1.83790380E+00 -5.08261025E+00
 -1.81083217E+00 -4.89497913E+00
 -1.78372492E+00 -4.72299655E+00
 -1.76102428E+00 -4.58903854E+00
 -1.71707780E+00 -4.35103100E+00
 -1.70364582E+00 -4.28309795E+00
 -1.64850460E+00 -4.02381481E+00
 -1.63986117E+00 -3.98572010E+00
 -1.63789844E+00 -3.97715735E+00
 -1.63476282E+00 -3.96354386E+00
 -1.56272212E+00 -3.67121676E+00
 -1.53149164E+00 -3.55529614E+00
 -1.47667165E+00 -3.36527616E+00
 -1.39725380E+00 -3.11637085E+00
 -1.37770206E+00 -3.05933557E+00
 -1.33968107E+00 -2.95277891E+00
 -1.28461336E+00 -2.80794861E+00
 -1.26276491E+00 -2.75339498E+00
 -1.20764113E+00 -2.62258766E+00
 -1.12695924E+00 -2.44745438E+00
 -1.03085754E+00 -2.26168954E+00
 -9.87180421E-01 -2.18478317E+00
 -9.61427271E-01 -2.14151379E+00
 -8.28145709E-01 -1.94069432E+00
 -7.46495109E-01 -1.83557319E+00
 -7.61267664E-01 -1.56850000E+00
 -1.03085754E+00 -1.56850000E+00
 -1.30044741E+00 -1.56850000E+00
 -1.33968107E+00 -1.56850000E+00
 -1.60927094E+00 -1.56850000E+00
 -1.64850460E+00 -1.56850000E+00
 -1.91809447E+00 -1.56850000E+00
 -1.95732813E+00 -1.56850000E+00
 -2.22691800E+00 -1.56850000E+00
 -2.26615166E+00 -1.56850000E+00
 -2.37100000E+00 -1.73170363E+00
 -2.37100000E+00 -1.83557319E+00
 -2.37100000E+00 -1.93944276E+00
 -2.37100000E+00 -2.14151379E+00
 -2.37100000E+00 -2.24538335E+00
 -2.37100000E+00 -2.44745438E+00
 -2.37100000E+00 -2.55132394E+00
 -2.37100000E+00 -2.75339498E+00
 -2.37100000E+00 -2.85726454E+00
 -2.37100000E+00 -3.05933557E+00
 -2.37100000E+00 -3.16320513E+00
 -2.37100000E+00 -3.36527616E+00
 -2.37100000E+00 -3.46914573E+00
 -2.37100000E+00 -3.67121676E+00
 -2.37100000E+00 -3.77508632E+00
 -2.37100000E+00 -3.97715735E+00
 -2.37100000E+00 -4.08102691E+00
 -2.37100000E+00 -4.28309795E+00
 -2.37100000E+00 -4.38696751E+00
 -2.37100000E+00 -4.58903854E+00
 -2.37100000E+00 -4.69290810E+00
 -2.37100000E+00 -4.89497913E+00
 -2.37100000E+00 -4.99884870E+00
 -2.37100000E+00 -5.20091973E+00
 -2.37100000E+00 -5.30478929E+00
 -2.37100000E+00 -5.50686032E+00
 -2.37100000E+00 -5.61072988E+00
 -2.37100000E+00 -5.81280092E+00
 -2.37100000E+00 -5.91667048E+00
 -2.37100000E+00 -6.11874151E+00
 -2.37100000E+00 -6.22261107E+00
 -2.37100000E+00 -6.42468210E+00
 -2.37100000E+00 -6.52855167E+00
 -2.37100000E+00 -6.73062270E+00
 -2.37100000E+00 -6.83449226E+00
 -2.37100000E+00 -7.03656329E+00
 -2.37100000E+00 -7.14043285E+00
 -2.37100000E+00 -7.34250389E+00
 -2.37100000E+00 -7.44637345E+00
 -2.37100000E+00 -7.64844448E+00
 -2.37100000E+00 -7.75231404E+00
 -2.37100000E+00 -7.95438508E+00
 -2.37100000E+00 -8.05825464E+00
 -2.37100000E+00 -8.26032567E+00
 -2.37100000E+00 -8.36419523E+00
 -2.37100000E+00 -8.56626626E+00
 -2.37100000E+00 -8.67013583E+00
 -2.37100000E+00 -8.87220686E+00
 -2.37100000E+00 -8.97607642E+00
 -2.37100000E+00 -9.17814745E+00
 -2.37100000E+00 -9.28201701E+00
 -2.37100000E+00 -9.48408805E+00
 -2.37100000E+00 -9.58795761E+00
 -2.37100000E+00 -9.79002864E+00
 -2.37100000E+00 -9.89389820E+00
 -2.37100000E+00 -1.00959692E+01
 -2.37100000E+00 -1.01998388E+01
 -2.37100000E+00 -1.04019098E+01
 -2.37100000E+00 -1.05057794E+01
 -2.37100000E+00 -1.07078504E+01
 -2.37100000E+00 -1.08117200E+01
 -2.37100000E+00 -1.10137910E+01
 -2.37100000E+00 -1.11176606E+01
 -2.37100000E+00 -1.13197316E+01
 -2.37100000E+00 -1.14236012E+01
 -2.37100000E+00 -1.16256722E+01
 -2.37100000E+00 -1.17295418E+01
 -2.37100000E+00 -1.19316128E+01
 -2.37100000E+00 -1.20354824E+01
 -2.37100000E+00 -1.22375534E+01
 -2.37100000E+00 -1.23414230E+01
 -2.37100000E+00 -1.25434940E+01
 -2.37100000E+00 -1.26473635E+01
 -2.37100000E+00 -1.28494346E+01
 -2.37100000E+00 -1.29533041E+01
 -2.37100000E+00 -1.31553752E+01
 -2.37100000E+00 -1.32592447E+01
 -2.37100000E+00 -1.34613158E+01
 -2.37100000E+00 -1.35651853E+01
 -2.37100000E+00 -1.37672564E+01
 -2.37100000E+00 -1.38711259E+01
 -2.37100000E+00 -1.40731970E+01
 -2.37100000E+00 -1.41770665E+01
 -2.37100000E+00 -1.43791376E+01

hb:   line clip z  
clip:
 -4.21096727E-01 -1.31631878E+01
 -4.13210479E-01 -1.31682056E+01
 -3.80092299E-01 -1.31881842E+01
 -1.04386950E-01 -1.32877420E+01
  3.53230277E-02 -1.32937809E+01
  2.04436580E-01 -1.32614590E+01
  2.81819227E-01 -1.32320354E+01
  4.21072612E-01 -1.31553752E+01
  5.13260109E-01 -1.30873531E+01
  6.37693560E-01 -1.29727064E+01
  7.46781461E-01 -1.28494346E+01
  8.22083638E-01 -1.27511478E+01
  9.06573434E-01 -1.26271951E+01
  9.58452653E-01 -1.25434940E+01
  1.11420247E+00 -1.22541021E+01
  1.12221008E+00 -1.22375534E+01
  1.13090717E+00 -1.22193818E+01
  1.22027116E+00 -1.20201426E+01
  1.25683298E+00 -1.19316128E+01
  1.33370571E+00 -1.17307074E+01
  1.37089374E+00 -1.16256722E+01
  1.43973070E+00 -1.14160380E+01
  1.46241566E+00 -1.13422048E+01
  1.46916971E+00 -1.13197316E+01
  1.48139693E+00 -1.12784543E+01
  1.55464572E+00 -1.10137910E+01
  1.59294871E+00 -1.08620033E+01
  1.62933009E+00 -1.07078504E+01
  1.68112639E+00 -1.04687082E+01
  1.69464519E+00 -1.04019098E+01
  1.74855423E+00 -1.01136489E+01
  1.75118341E+00 -1.00985739E+01
  1.75227516E+00 -1.00922830E+01
  1.80108975E+00 -9.79002864E+00
  1.81010047E+00 -9.72905695E+00
  1.84361162E+00 -9.48408805E+00
  1.85698814E+00 -9.37666638E+00
  1.87967044E+00 -9.17814745E+00
  1.89457805E+00 -9.03348679E+00
  1.90963121E+00 -8.87220686E+00
  1.92405053E+00 -8.69834885E+00
  1.93377652E+00 -8.56626626E+00
  1.94628414E+00 -8.37038220E+00
  1.95232148E+00 -8.26032567E+00
  1.96194892E+00 -8.04892306E+00
  1.96542415E+00 -7.95438508E+00
  1.97156476E+00 -7.73345640E+00
  1.97319262E+00 -7.64844448E+00
  1.97553942E+00 -7.42357824E+00
  1.97568962E+00 -7.34250389E+00
  1.97419430E+00 -7.11897021E+00
  1.97293511E+00 -7.03656329E+00
  1.96778217E+00 -6.81938189E+00
  1.96490706E+00 -6.73062270E+00
  1.95649969E+00 -6.52461845E+00
  1.95154060E+00 -6.42468210E+00
  1.94049631E+00 -6.23453185E+00
  1.93272531E+00 -6.11874151E+00
  1.91988046E+00 -5.94901464E+00
  1.90830054E+00 -5.81280092E+00
  1.89472389E+00 -5.66799578E+00
  1.87804813E+00 -5.50686032E+00
  1.86506430E+00 -5.39143790E+00
  1.84168185E+00 -5.20091973E+00
  1.83090676E+00 -5.11933597E+00
  1.79883217E+00 -4.89497913E+00
  1.79222390E+00 -4.85171713E+00
  1.74902428E+00 -4.58903854E+00
  1.69164582E+00 -4.28309795E+00
  1.64823277E+00 -4.07654228E+00
  1.62589844E+00 -3.97715735E+00
  1.59046263E+00 -3.82783253E+00
  1.55072212E+00 -3.67121676E+00
  1.52745874E+00 -3.58430768E+00
  1.46467165E+00 -3.36527616E+00
  1.45892288E+00 -3.34626315E+00
  1.43973070E+00 -3.28396202E+00
  1.36570206E+00 -3.05933557E+00
  1.30363890E+00 -2.88821632E+00
  1.25076491E+00 -2.75339498E+00
  1.21579169E+00 -2.66930287E+00
  1.13090717E+00 -2.48061822E+00
  1.11495924E+00 -2.44745438E+00
  1.01558112E+00 -2.25576324E+00
  9.49427271E-01 -2.14151379E+00
  9.00672468E-01 -2.06365860E+00
  8.22083638E-01 -1.94885221E+00
  7.34495109E-01 -1.83557319E+00
  6.30250828E-01 -1.71967461E+00
  5.13260109E-01 -1.61264691E+00
  2.45545014E-01 -1.57035728E+00
  2.04436580E-01 -1.59521500E+00
  1.67496014E-02 -1.64963831E+00
 -1.04386950E-01 -1.63589325E+00
 -4.11875628E-01 -1.53095499E+00
 -5.85549099E-01 -1.66484339E+00
 -7.22034009E-01 -1.80657527E+00
 -7.35423547E-01 -1.82230865E+00
 -7.46495109E-01 -1.83557319E+00
 -8.28145709E-01 -1.94069432E+00
 -9.61427271E-01 -2.14151379E+00
 -1.03085754E+00 -2.26168954E+00
 -1.09529100E+00 -2.38362243E+00
 -1.12695924E+00 -2.44745438E+00
 -1.20764113E+00 -2.62258766E+00
 -1.26276491E+00 -2.75339498E+00
 -1.33968107E+00 -2.95277891E+00
 -1.36791444E+00 -3.03136577E+00
 -1.37770206E+00 -3.05933557E+00
 -1.39725380E+00 -3.11637085E+00
 -1.47667165E+00 -3.36527616E+00
 -1.53149164E+00 -3.55529614E+00
 -1.56272212E+00 -3.67121676E+00
 -1.63476282E+00 -3.96354386E+00
 -1.63789844E+00 -3.97715735E+00
 -1.64850460E+00 -4.02381481E+00
 -1.69442211E+00 -4.23760909E+00
 -1.70364582E+00 -4.28309795E+00
 -1.71707780E+00 -4.35103100E+00
 -1.76102428E+00 -4.58903854E+00
 -1.78372492E+00 -4.72299655E+00
 -1.81083217E+00 -4.89497913E+00
 -1.83790380E+00 -5.08261025E+00
 -1.85368185E+00 -5.20091973E+00
 -1.88172285E+00 -5.43196084E+00
 -1.89004813E+00 -5.50686032E+00
 -1.91665483E+00 -5.77250731E+00
 -1.92030054E+00 -5.81280092E+00
 -1.94377227E+00 -6.10531220E+00
 -1.94472531E+00 -6.11874151E+00
 -1.95732813E+00 -6.31329033E+00
 -1.96323240E+00 -6.41883295E+00
 -1.96354060E+00 -6.42468210E+00
 -1.96388029E+00 -6.43117311E+00
 -1.97690706E+00 -6.73062270E+00
 -1.97759670E+00 -6.75070206E+00
 -1.98493511E+00 -7.03656329E+00
 -1.98540280E+00 -7.06437588E+00
 -1.98768962E+00 -7.34250389E+00
 -1.98767692E+00 -7.37256937E+00
 -1.98519262E+00 -7.64844448E+00
 -1.98471729E+00 -7.67557796E+00
 -1.97742415E+00 -7.95438508E+00
 -1.97675793E+00 -7.97363350E+00
 -1.96432148E+00 -8.26032567E+00
 -1.96397987E+00 -8.26691531E+00
 -1.95732813E+00 -8.38670967E+00
 -1.94577652E+00 -8.56626626E+00
 -1.92447220E+00 -8.83965765E+00
 -1.92163121E+00 -8.87220686E+00
 -1.89789997E+00 -9.11927407E+00
 -1.89167044E+00 -9.17814745E+00
 -1.86682979E+00 -9.39443453E+00
 -1.85561162E+00 -9.48408805E+00
 -1.83125659E+00 -9.66513401E+00
 -1.81308975E+00 -9.79002864E+00
 -1.79114266E+00 -9.93133515E+00
 -1.76363582E+00 -1.00959692E+01
 -1.74641628E+00 -1.01929669E+01
 -1.70664519E+00 -1.04019098E+01
 -1.69696898E+00 -1.04499218E+01
 -1.64850460E+00 -1.06761852E+01
 -1.64133009E+00 -1.07078504E+01
 -1.58326670E+00 -1.09491621E+01
 -1.56664572E+00 -1.10137910E+01
 -1.51856226E+00 -1.11910023E+01
 -1.48116971E+00 -1.13197316E+01
 -1.44821666E+00 -1.14272540E+01
 -1.38289374E+00 -1.16256722E+01
 -1.37182210E+00 -1.16575132E+01
 -1.33968107E+00 -1.17472211E+01
 -1.26883298E+00 -1.19316128E+01
 -1.19865647E+00 -1.20978453E+01
 -1.13421008E+00 -1.22375534E+01
 -1.10033680E+00 -1.23063840E+01
 -1.03085754E+00 -1.24383105E+01
 -9.70452653E-01 -1.25434940E+01
 -8.74164271E-01 -1.26942041E+01
 -7.58781461E-01 -1.28494346E+01
 -7.42285735E-01 -1.28694973E+01
 -7.22034009E-01 -1.28934247E+01
 -4.33072612E-01 -1.31553752E+01

hb:   line clip z  
clip:
 -1.68773825E+00 -1.56850000E+00
 -6.82800354E-01 -1.56850000E+00
 -4.09763323E-01 -1.52963260E+00
 -3.58311849E-01 -1.47524646E+00
 -4.13210479E-01 -1.41286082E+00
 -6.26332621E-01 -1.31850000E+00
 -7.22034009E-01 -1.31850000E+00
 -9.35156151E-01 -1.31850000E+00
 -1.03085754E+00 -1.31850000E+00
 -1.24397968E+00 -1.31850000E+00
 -1.33968107E+00 -1.31850000E+00
 -1.55280321E+00 -1.31850000E+00
 -1.64850460E+00 -1.31850000E+00
 -1.75000000E+00 -1.42908468E+00
 -1.75000000E+00 -1.52963260E+00

hb:   line clip z  
clip:
 -1.82144439E-01 -1.60666421E+00
 -1.04386950E-01 -1.63589325E+00
  1.67496014E-02 -1.64963831E+00
  2.04436580E-01 -1.59521500E+00
  2.45545014E-01 -1.57035728E+00
  2.99950060E-01 -1.52963260E+00
  5.13260109E-01 -1.26564932E+00
  5.28461461E-01 -1.23875145E+00
  5.36645993E-01 -1.22369201E+00
  5.60915892E-01 -1.17648110E+00
  6.64831828E-01 -9.17751412E-01
  7.21903326E-01 -7.11055925E-01
  7.42971972E-01 -6.11810818E-01
  7.82286257E-01 -3.45296088E-01
  7.86134148E-01 -3.05870224E-01
  7.99929680E-01 -2.18767758E-02
  7.99999999E-01  7.03703670E-05
  7.88958094E-01  2.73194655E-01
  7.86121272E-01  3.06010964E-01
  7.55013754E-01  5.45507786E-01
  7.42944724E-01  6.11951558E-01
  7.00392689E-01  7.97337215E-01
  6.64786152E-01  9.17892153E-01
  6.25383655E-01  1.02896900E+00
  5.36570541E-01  1.22383275E+00
  5.28411291E-01  1.23884249E+00
  5.13260109E-01  1.26564932E+00
  2.99781283E-01  1.52977334E+00
  2.45460009E-01  1.57041381E+00
  2.04436580E-01  1.59521500E+00
  9.48164571E-02  1.63837014E+00
 -1.04386950E-01  1.63589325E+00
 -1.82048878E-01  1.60671028E+00
 -2.99781283E-01  1.52977334E+00
 -4.13210479E-01  1.41286082E+00
 -4.91685574E-01  1.30157526E+00
 -5.36570541E-01  1.22383275E+00
 -6.34699353E-01  1.00441152E+00
 -6.64786152E-01  9.17892153E-01
 -7.22034009E-01  7.10491257E-01
 -7.39532704E-01  6.29286900E-01
 -7.42944724E-01  6.11951558E-01
 -7.47761436E-01  5.86464302E-01
 -7.86121272E-01  3.06010964E-01
 -7.91705113E-01  2.36990255E-01
 -7.99999999E-01  7.03703670E-05
 -7.99143759E-01 -7.63195433E-02
 -7.86134148E-01 -3.05870224E-01
 -7.80331644E-01 -3.63623638E-01
 -7.42971972E-01 -6.11810818E-01
 -7.22034009E-01 -7.10491257E-01
 -6.64831828E-01 -9.17751412E-01
 -5.96552645E-01 -1.09938204E+00
 -5.36645993E-01 -1.22369201E+00
 -4.13210479E-01 -1.41286082E+00
 -2.99950060E-01 -1.52963260E+00

hb:   line clip z  
clip:
  4.74026454E-01 -1.56850000E+00
  1.74855423E+00 -1.56850000E+00
  1.75000000E+00 -1.53106488E+00
  1.74855423E+00 -1.31850000E+00
  1.53543208E+00 -1.31850000E+00
  1.43973070E+00 -1.31850000E+00
  1.22660856E+00 -1.31850000E+00
  1.13090717E+00 -1.31850000E+00
  9.17785026E-01 -1.31850000E+00
  8.22083638E-01 -1.31850000E+00
  6.08961496E-01 -1.31850000E+00
  5.13260109E-01 -1.31850000E+00
  4.05252072E-01 -1.42263284E+00
  3.97763323E-01 -1.52963260E+00

hb:   line clip z  
clip:
 -2.05000000E+00 -1.31549877E+00
 -1.95732813E+00 -1.31850000E+00
 -1.86162674E+00 -1.31850000E+00
 -1.64850460E+00 -1.31850000E+00
 -1.55280321E+00 -1.31850000E+00
 -1.35000000E+00 -1.22369201E+00
 -1.35000000E+00 -9.27974015E-01
 -1.35000000E+00 -9.17751412E-01
 -1.35000000E+00 -6.22033421E-01
 -1.35000000E+00 -6.11810818E-01
 -1.35000000E+00 -3.16092827E-01
 -1.35000000E+00 -3.05870224E-01
 -1.35000000E+00 -1.01522326E-02
 -1.35000000E+00  7.03703670E-05
 -1.35000000E+00  2.95788361E-01
 -1.35000000E+00  3.06010964E-01
 -1.35000000E+00  6.01728956E-01
 -1.35000000E+00  6.11951558E-01
 -1.35000000E+00  9.07669550E-01
 -1.35000000E+00  9.17892153E-01
 -1.35000000E+00  1.21361014E+00
 -1.35000000E+00  1.22383275E+00
 -1.35000000E+00  1.51955074E+00
 -1.35000000E+00  1.52977334E+00
 -1.35000000E+00  1.82549133E+00
 -1.35000000E+00  1.83571393E+00
 -1.60228708E+00  1.88150000E+00
 -1.64850460E+00  1.88150000E+00
 -1.69472211E+00  1.88150000E+00
 -1.95732813E+00  1.88150000E+00
 -2.00354564E+00  1.88150000E+00
 -2.05000000E+00  1.83571393E+00
 -2.05000000E+00  1.74390717E+00
 -2.05000000E+00  1.52977334E+00
 -2.05000000E+00  1.43796658E+00
 -2.05000000E+00  1.22383275E+00
 -2.05000000E+00  1.13202599E+00
 -2.05000000E+00  9.17892153E-01
 -2.05000000E+00  8.26085391E-01
 -2.05000000E+00  6.11951558E-01
 -2.05000000E+00  5.20144797E-01
 -2.05000000E+00  3.06010964E-01
 -2.05000000E+00  2.14204203E-01
 -2.05000000E+00  7.03703670E-05
 -2.05000000E+00 -9.17363910E-02
 -2.05000000E+00 -3.05870224E-01
 -2.05000000E+00 -3.97676985E-01
 -2.05000000E+00 -6.11810818E-01
 -2.05000000E+00 -7.03617579E-01
 -2.05000000E+00 -9.17751412E-01
 -2.05000000E+00 -1.00955817E+00
 -2.05000000E+00 -1.22369201E+00

hb:   line clip z  
clip:
 -1.35000000E+00 -1.23391461E+00
 -1.33968107E+00 -1.31850000E+00
 -1.24397968E+00 -1.31850000E+00
 -1.03085754E+00 -1.31850000E+00
 -9.35156151E-01 -1.31850000E+00
 -7.22034009E-01 -1.31850000E+00
 -6.26332621E-01 -1.31850000E+00
 -5.36645993E-01 -1.22369201E+00
 -5.96552645E-01 -1.09938204E+00
 -6.64831828E-01 -9.17751412E-01
 -6.78392784E-01 -8.74517587E-01
 -7.22034009E-01 -7.10491257E-01
 -7.42971972E-01 -6.11810818E-01
 -7.80331644E-01 -3.63623638E-01
 -7.86134148E-01 -3.05870224E-01
 -7.99143759E-01 -7.63195433E-02
 -7.99999999E-01  7.03703670E-05
 -7.91705113E-01  2.36990255E-01
 -7.86121272E-01  3.06010964E-01
 -7.47761436E-01  5.86464302E-01
 -7.42944724E-01  6.11951558E-01
 -7.22034009E-01  7.10491257E-01
 -6.78359979E-01  8.74625830E-01
 -6.64786152E-01  9.17892153E-01
 -6.34699353E-01  1.00441152E+00
 -5.36570541E-01  1.22383275E+00
 -4.13210479E-01  1.41286082E+00
 -3.58242304E-01  1.47531831E+00
 -2.99781283E-01  1.52977334E+00
 -1.04386950E-01  1.63589325E+00
  9.48164571E-02  1.63837014E+00
  2.04436580E-01  1.59521500E+00
  2.99781283E-01  1.52977334E+00
  4.05188166E-01  1.42271027E+00
  5.13260109E-01  1.26564932E+00
  6.25383655E-01  1.02896900E+00
  7.00392689E-01  7.97337215E-01
  7.55013754E-01  5.45507786E-01
  7.88958094E-01  2.73194655E-01
  7.99999999E-01  7.03703670E-05
  7.86134148E-01 -3.05870224E-01
  7.42971972E-01 -6.11810818E-01
  6.64831828E-01 -9.17751412E-01
  5.36645993E-01 -1.22369201E+00
  7.26382251E-01 -1.31850000E+00
  8.22083638E-01 -1.31850000E+00
  9.17785026E-01 -1.31850000E+00
  1.13090717E+00 -1.31850000E+00
  1.22660856E+00 -1.31850000E+00
  1.35000000E+00 -1.22369201E+00
  1.35000000E+00 -1.00664445E+00
  1.35000000E+00 -9.17751412E-01
  1.35000000E+00 -7.00703859E-01
  1.35000000E+00 -6.11810818E-01
  1.35000000E+00 -3.94763265E-01
  1.35000000E+00 -3.05870224E-01
  1.35000000E+00 -8.88226711E-02
  1.35000000E+00  7.03703670E-05
  1.35000000E+00  2.17117923E-01
  1.35000000E+00  3.06010964E-01
  1.35000000E+00  5.23058517E-01
  1.35000000E+00  6.11951558E-01
  1.35000000E+00  8.28999111E-01
  1.35000000E+00  9.17892153E-01
  1.35000000E+00  1.13493971E+00
  1.35000000E+00  1.22383275E+00
  1.35000000E+00  1.44088030E+00
  1.35000000E+00  1.52977334E+00
  1.35000000E+00  1.74682089E+00
  1.35000000E+00  1.83571393E+00
  1.17712468E+00  1.88150000E+00
 -1.33968107E+00  1.88150000E+00
 -1.35000000E+00  1.84593654E+00
 -1.35000000E+00  1.83571393E+00
 -1.35000000E+00  1.82549133E+00
 -1.35000000E+00  1.52977334E+00
 -1.35000000E+00  1.51955074E+00
 -1.35000000E+00  1.22383275E+00
 -1.35000000E+00  1.21361014E+00
 -1.35000000E+00  9.17892153E-01
 -1.35000000E+00  9.07669550E-01
 -1.35000000E+00  6.11951558E-01
 -1.35000000E+00  6.01728956E-01
 -1.35000000E+00  3.06010964E-01
 -1.35000000E+00  2.95788361E-01
 -1.35000000E+00  7.03703670E-05
 -1.35000000E+00 -1.01522326E-02
 -1.35000000E+00 -3.05870224E-01
 -1.35000000E+00 -3.16092827E-01
 -1.35000000E+00 -6.11810818E-01
 -1.35000000E+00 -6.22033421E-01
 -1.35000000E+00 -9.17751412E-01
 -1.35000000E+00 -9.27974015E-01
 -1.35000000E+00 -1.22369201E+00

hb:   line clip z  
clip:
  1.35000000E+00 -1.31258505E+00
  1.43973070E+00 -1.31850000E+00
  1.53543208E+00 -1.31850000E+00
  1.74855423E+00 -1.31850000E+00
  1.84425561E+00 -1.31850000E+00
  2.05000000E+00 -1.22369201E+00
  2.05000000E+00 -9.25060295E-01
  2.05000000E+00 -9.17751412E-01
  2.05000000E+00 -6.19119701E-01
  2.05000000E+00 -6.11810818E-01
  2.05000000E+00 -3.13179107E-01
  2.05000000E+00 -3.05870224E-01
  2.05000000E+00 -7.23851265E-03
  2.05000000E+00  7.03703670E-05
  2.05000000E+00  2.98702081E-01
  2.05000000E+00  3.06010964E-01
  2.05000000E+00  6.04642675E-01
  2.05000000E+00  6.11951558E-01
  2.05000000E+00  9.10583270E-01
  2.05000000E+00  9.17892153E-01
  2.05000000E+00  1.21652386E+00
  2.05000000E+00  1.22383275E+00
  2.05000000E+00  1.52246446E+00
  2.05000000E+00  1.52977334E+00
  2.05000000E+00  1.82840505E+00
  2.05000000E+00  1.83571393E+00
  1.79477174E+00  1.88150000E+00
  1.74855423E+00  1.88150000E+00
  1.70233671E+00  1.88150000E+00
  1.43973070E+00  1.88150000E+00
  1.39351318E+00  1.88150000E+00
  1.35000000E+00  1.83571393E+00
  1.35000000E+00  1.74682089E+00
  1.35000000E+00  1.52977334E+00
  1.35000000E+00  1.44088030E+00
  1.35000000E+00  1.22383275E+00
  1.35000000E+00  1.13493971E+00
  1.35000000E+00  9.17892153E-01
  1.35000000E+00  8.28999111E-01
  1.35000000E+00  6.11951558E-01
  1.35000000E+00  5.23058517E-01
  1.35000000E+00  3.06010964E-01
  1.35000000E+00  2.17117923E-01
  1.35000000E+00  7.03703670E-05
  1.35000000E+00 -8.88226711E-02
  1.35000000E+00 -3.05870224E-01
  1.35000000E+00 -3.94763265E-01
  1.35000000E+00 -6.11810818E-01
  1.35000000E+00 -7.00703859E-01
  1.35000000E+00 -9.17751412E-01
  1.35000000E+00 -1.00664445E+00
  1.35000000E+00 -1.22369201E+00

hb:   line clip z  
clip:
 -2.05000000E+00  2.04984777E+00
 -1.95732813E+00  1.88150000E+00
 -1.69472211E+00  1.88150000E+00
  2.01116024E+00  1.88150000E+00
  2.05000000E+00  2.14165453E+00
  1.78877517E+00  2.18150000E+00
  1.74855423E+00  2.18150000E+00
  1.70833328E+00  2.18150000E+00
  1.43973070E+00  2.18150000E+00
  1.39950975E+00  2.18150000E+00
  1.13090717E+00  2.18150000E+00
  1.09068623E+00  2.18150000E+00
  8.22083638E-01  2.18150000E+00
  7.81862696E-01  2.18150000E+00
  5.13260109E-01  2.18150000E+00
  4.73039166E-01  2.18150000E+00
  2.04436580E-01  2.18150000E+00
  1.64215637E-01  2.18150000E+00
 -1.04386950E-01  2.18150000E+00
 -1.44607892E-01  2.18150000E+00
 -4.13210479E-01  2.18150000E+00
 -4.53431422E-01  2.18150000E+00
 -7.22034009E-01  2.18150000E+00
 -7.62254951E-01  2.18150000E+00
 -1.03085754E+00  2.18150000E+00
 -1.07107848E+00  2.18150000E+00
 -1.33968107E+00  2.18150000E+00
 -1.37990201E+00  2.18150000E+00
 -1.64850460E+00  2.18150000E+00
 -1.68872554E+00  2.18150000E+00
 -1.95732813E+00  2.18150000E+00
 -1.99754907E+00  2.18150000E+00
 -2.05000000E+00  2.14165453E+00

#------------------------------------------------------------------------------
z: xorg(1.03)
p: xfac[c2*0.05] form[c1/0.05] notc noxt noyt dmin(1)
p: ymin(0) ymax(1) xmin(0) xmax(1) cmin(1) cmax(100) nosp
hc: y= 0.005 to 0.995 by 0.01 ; x= 0.5 to 0.5 by 1 ;
 1  2  3  4  5  6  7  8  9 10 11 12 13 14 15 16 17 18 19 20
21 22 23 24 25 26 27 28 29 30 31 32 33 34 35 36 37 38 39 40
41 42 43 44 45 46 47 48 49 50 51 52 53 54 55 56 57 58 59 60
61 62 63 64 65 66 67 68 69 70 71 72 73 74 75 76 77 78 79 80
81 82 83 84 85 86 87 88 89 90 91 92 93 94 95 96 97 98 99 100
z: xorg(0.0)
p: xfac[c2*0.05] form[c1/0.05] nosp afac[c5*0.625] ymin[c3] ymax[c4]
p: noxt noxn ytxt(-1) ynum(-1) xltd(-1) xstd(-1) itic(1) ylog
y: Relative Error
#------------------------------------------------------------------------------

wt: s[c5]
\vspace{-3}
  emin  &=&   0.0000E+00 [MeV/n]
  emax  &=&   1.0000E+03 [MeV/n]
  zmin  &=&   9.8470E+01 [cm]
  zmax  &=&   9.8490E+01 [cm]
  part. &=& proton  
e:

#------------------------------------------------------------------------------
z: xorg[-1.03/0.05]
p: form[c1] xfac[c2] afac[c5] nosp notf
p: xmin( -10.00000    ) xmax(  10.10000    )
p: ymin( -15.00000    ) ymax(  15.00000    )

#------------------------------------------------------------------------------
 newpage:
#   no. =  2   ie  =  1   iz  =  1   part. = photon  
#   e = (   0.0000E+00  -   1.0000E+03  )
#   z = (   9.8470E+01  -   9.8490E+01  )

'no. =  2,  ie =  1,  iz =  1'
msuc: {\huge [t-track] in xyz mesh}
msdr: {\it plotted by \ANGEL \version}
msdl: {\it calculated by \PHITS  3.36}

x: x [cm]
y: y [cm]
set: c1[ 1.493] c2[ 0.737] c5[ 0.800] c6[ 0.849] c7[ 0.328] c8[ 0.000]
p: h2fs form[c1] xfac[c2] afac[c5] scal[c6] xorg[c7] yorg[c8] nosp
set: c3[1.0e-4] c4[1.0]
p: cmin[c3] cmax[c4]
p: dmin(1e-31)
p: zlog
p: xmin( -10.00000    ) xmax(  10.10000    )
p: ymin( -15.00000    ) ymax(  15.00000    )
#  ny = 100   nx =  67
# ( ( data(x,y), x = 1, nx ), y = ny, 1, -1 )

hc:  y =   14.85000     to  -14.85000     by  0.3000000     ; x =  -9.850000     to   9.950000     by  0.3000000     ;
  0.000E+00  6.244E-01  7.304E-01  6.312E-01  5.599E-01  1.000E+00  1.000E+00  1.000E+00  7.097E-01  1.000E+00
  0.000E+00  5.966E-01  0.000E+00  1.000E+00  5.992E-01  0.000E+00  5.830E-01  0.000E+00  1.000E+00  5.875E-01
  1.000E+00  7.400E-01  7.077E-01  5.941E-01  0.000E+00  7.279E-01  5.995E-01  5.384E-01  6.002E-01  6.688E-01
  1.000E+00  1.000E+00  8.866E-01  1.000E+00  0.000E+00  6.303E-01  7.230E-01  5.417E-01  5.900E-01  7.134E-01
  1.000E+00  7.395E-01  7.115E-01  5.698E-01  7.072E-01  1.000E+00  5.774E-01  5.045E-01  4.624E-01  8.245E-01
  4.983E-01  1.000E+00  7.094E-01  6.479E-01  0.000E+00  1.000E+00  1.000E+00  7.082E-01  7.330E-01  6.101E-01
  1.000E+00  5.468E-01  6.451E-01  1.000E+00  1.000E+00  5.829E-01  0.000E+00  1.000E+00  8.499E-01  7.793E-01
  7.816E-01  6.336E-01  6.149E-01  1.000E+00  7.084E-01  0.000E+00  1.000E+00  5.808E-01  1.000E+00  1.000E+00
  7.123E-01  7.764E-01  0.000E+00  5.843E-01  1.000E+00  6.347E-01  1.000E+00  7.087E-01  0.000E+00  4.967E-01
  6.735E-01  4.229E-01  5.286E-01  5.823E-01  7.326E-01  1.000E+00  0.000E+00  1.000E+00  6.401E-01  1.000E+00
  5.749E-01  6.615E-01  5.114E-01  7.424E-01  6.694E-01  8.213E-01  7.224E-01  5.812E-01  6.182E-01  0.000E+00
  7.964E-01  5.195E-01  7.777E-01  7.098E-01  5.624E-01  5.078E-01  7.390E-01  1.000E+00  1.000E+00  0.000E+00
  6.131E-01  4.915E-01  0.000E+00  8.223E-01  0.000E+00  5.200E-01  7.090E-01  5.776E-01  8.587E-01  5.091E-01
  5.971E-01  5.170E-01  0.000E+00  0.000E+00  8.211E-01  1.000E+00  1.000E+00  4.699E-01  7.335E-01  5.843E-01
  7.791E-01  7.197E-01  1.000E+00  5.445E-01  0.000E+00  1.000E+00  7.734E-01  0.000E+00  1.000E+00  0.000E+00
  6.138E-01  4.924E-01  7.495E-01  8.990E-01  6.362E-01  7.209E-01  7.100E-01  4.888E-01  4.665E-01  6.051E-01
  0.000E+00  0.000E+00  1.000E+00  5.416E-01  1.000E+00  5.167E-01  5.437E-01  4.931E-01  5.443E-01  7.879E-01
  7.251E-01  4.702E-01  1.000E+00  7.186E-01  5.308E-01  6.459E-01  7.588E-01  5.935E-01  6.370E-01  5.872E-01
  1.000E+00  7.751E-01  7.338E-01  8.150E-01  0.000E+00  6.586E-01  1.000E+00  7.071E-01  7.647E-01  7.444E-01
  0.000E+00  5.574E-01  8.826E-01  7.941E-01  6.650E-01  5.237E-01  6.186E-01  1.000E+00  0.000E+00  7.123E-01
  1.000E+00  6.955E-01  7.087E-01  5.875E-01  1.000E+00  7.086E-01  7.104E-01  7.305E-01  5.884E-01  4.555E-01
  6.137E-01  6.485E-01  8.192E-01  4.688E-01  0.000E+00  1.000E+00  5.862E-01  1.000E+00  6.857E-01  7.122E-01
  5.101E-01  7.653E-01  5.730E-01  0.000E+00  5.270E-01  7.285E-01  7.282E-01  1.000E+00  1.000E+00  0.000E+00
  7.767E-01  6.284E-01  5.974E-01  4.620E-01  7.310E-01  6.838E-01  7.259E-01  8.107E-01  1.000E+00  9.691E-01
  7.098E-01  5.826E-01  5.386E-01  1.000E+00  5.336E-01  7.592E-01  4.641E-01  6.225E-01  0.000E+00  7.294E-01
  6.257E-01  7.653E-01  6.921E-01  0.000E+00  1.000E+00  7.133E-01  8.205E-01  5.736E-01  7.114E-01  1.000E+00
  5.913E-01  1.000E+00  6.364E-01  7.307E-01  1.000E+00  6.170E-01  1.000E+00  8.604E-01  1.000E+00  1.000E+00
  7.708E-01  1.000E+00  5.469E-01  5.723E-01  5.968E-01  1.000E+00  4.400E-01  4.361E-01  3.908E-01  5.811E-01
  5.446E-01  0.000E+00  7.719E-01  7.391E-01  6.258E-01  5.536E-01  1.000E+00  5.845E-01  5.695E-01  6.518E-01
  7.193E-01  7.164E-01  6.213E-01  6.095E-01  7.501E-01  6.516E-01  5.495E-01  6.323E-01  5.044E-01  1.000E+00
  7.179E-01  1.000E+00  7.401E-01  6.362E-01  7.674E-01  4.425E-01  5.526E-01  5.220E-01  5.378E-01  7.123E-01
  1.000E+00  6.057E-01  6.629E-01  6.185E-01  7.086E-01  7.093E-01  8.144E-01  7.208E-01  1.000E+00  7.084E-01
  7.711E-01  5.423E-01  0.000E+00  0.000E+00  7.100E-01  8.718E-01  1.000E+00  6.021E-01  7.076E-01  6.754E-01
  5.818E-01  1.000E+00  7.085E-01  5.476E-01  0.000E+00  7.854E-01  1.000E+00  1.000E+00  6.445E-01  6.338E-01
  6.107E-01  5.679E-01  8.695E-01  5.057E-01  1.000E+00  8.330E-01  5.532E-01  5.162E-01  8.215E-01  6.545E-01
  6.419E-01  7.080E-01  4.699E-01  5.198E-01  5.855E-01  4.774E-01  1.000E+00  5.819E-01  5.854E-01  1.000E+00
  8.633E-01  4.829E-01  5.638E-01  5.391E-01  1.000E+00  6.091E-01  1.000E+00  0.000E+00  1.000E+00  4.803E-01
  7.081E-01  5.960E-01  5.540E-01  6.118E-01  4.851E-01  5.136E-01  5.974E-01  4.693E-01  5.610E-01  5.682E-01
  1.000E+00  7.351E-01  6.321E-01  8.684E-01  5.777E-01  1.000E+00  5.294E-01  4.597E-01  4.533E-01  0.000E+00
  4.616E-01  8.983E-01  6.523E-01  1.000E+00  0.000E+00  0.000E+00  0.000E+00  1.000E+00  7.344E-01  5.870E-01
  1.000E+00  7.504E-01  7.383E-01  5.778E-01  6.944E-01  1.000E+00  7.940E-01  6.526E-01  1.000E+00  4.460E-01
  8.072E-01  6.057E-01  7.612E-01  1.000E+00  6.862E-01  1.000E+00  5.666E-01  7.158E-01  5.961E-01  1.000E+00
  5.422E-01  7.643E-01  7.644E-01  5.680E-01  5.910E-01  7.033E-01  9.392E-01  7.071E-01  7.431E-01  1.000E+00
  5.958E-01  6.157E-01  8.745E-01  7.191E-01  7.121E-01  8.555E-01  4.696E-01  5.890E-01  5.521E-01  6.013E-01
  6.494E-01  9.825E-01  6.324E-01  5.256E-01  7.455E-01  5.039E-01  1.000E+00  1.000E+00  7.315E-01  6.635E-01
  5.356E-01  0.000E+00  6.733E-01  5.152E-01  7.997E-01  1.000E+00  7.290E-01  1.000E+00  1.000E+00  5.860E-01
  1.000E+00  5.058E-01  0.000E+00  1.000E+00  1.000E+00  5.235E-01  7.076E-01  5.909E-01  7.059E-01  5.013E-01
  0.000E+00  1.000E+00  1.000E+00  7.089E-01  7.563E-01  5.843E-01  6.109E-01  4.875E-01  1.000E+00  5.131E-01
  0.000E+00  7.393E-01  5.909E-01  8.369E-01  7.153E-01  5.358E-01  0.000E+00  5.403E-01  6.075E-01  5.812E-01
  4.597E-01  4.841E-01  4.491E-01  5.153E-01  6.176E-01  6.702E-01  0.000E+00  7.849E-01  5.311E-01  4.998E-01
  7.072E-01  5.094E-01  5.291E-01  8.192E-01  5.537E-01  5.700E-01  4.676E-01  7.490E-01  5.341E-01  1.000E+00
  7.162E-01  1.000E+00  6.111E-01  7.554E-01  7.940E-01  8.033E-01  8.138E-01  4.264E-01  7.071E-01  7.090E-01
  6.058E-01  7.111E-01  5.782E-01  6.869E-01  6.565E-01  4.322E-01  8.074E-01  1.000E+00  1.000E+00  5.811E-01
  7.031E-01  5.100E-01  6.460E-01  1.000E+00  5.190E-01  5.262E-01  6.176E-01  5.059E-01  1.000E+00  5.975E-01
  8.110E-01  6.108E-01  5.514E-01  1.000E+00  6.154E-01  7.072E-01  6.586E-01  6.530E-01  6.261E-01  4.643E-01
  7.076E-01  1.000E+00  1.000E+00  4.169E-01  6.111E-01  7.147E-01  1.000E+00  6.884E-01  7.076E-01  6.465E-01
  5.510E-01  8.537E-01  5.898E-01  5.342E-01  5.091E-01  7.072E-01  1.000E+00  5.282E-01  6.485E-01  5.602E-01
  4.793E-01  1.000E+00  5.479E-01  4.607E-01  5.162E-01  7.596E-01  5.549E-01  1.000E+00  0.000E+00  4.664E-01
  7.421E-01  7.245E-01  5.180E-01  5.934E-01  5.014E-01  7.206E-01  0.000E+00  5.965E-01  5.774E-01  5.038E-01
  5.994E-01  1.000E+00  7.109E-01  7.205E-01  1.000E+00  1.000E+00  7.057E-01  5.180E-01  5.939E-01  8.201E-01
  6.353E-01  6.049E-01  5.718E-01  1.000E+00  5.266E-01  7.638E-01  7.729E-01  5.332E-01  1.000E+00  7.494E-01
  5.838E-01  6.388E-01  7.994E-01  5.413E-01  1.000E+00  8.459E-01  1.000E+00  7.075E-01  7.665E-01  7.180E-01
  1.000E+00  5.863E-01  5.089E-01  0.000E+00  1.000E+00  8.405E-01  4.731E-01  5.183E-01  7.614E-01  0.000E+00
  7.075E-01  6.414E-01  1.000E+00  6.796E-01  6.139E-01  1.000E+00  6.030E-01  6.116E-01  6.053E-01  5.783E-01
  8.425E-01  5.503E-01  5.508E-01  6.357E-01  5.656E-01  4.949E-01  5.084E-01  4.868E-01  4.522E-01  4.180E-01
  5.501E-01  3.943E-01  7.073E-01  5.198E-01  7.855E-01  4.858E-01  4.657E-01  6.402E-01  7.130E-01  5.213E-01
  6.452E-01  5.002E-01  5.776E-01  1.000E+00  4.568E-01  1.000E+00  7.724E-01  5.026E-01  7.135E-01  1.000E+00
  7.164E-01  6.067E-01  5.987E-01  1.000E+00  5.363E-01  7.471E-01  7.412E-01  5.189E-01  8.112E-01  5.067E-01
  7.929E-01  6.256E-01  5.400E-01  5.442E-01  6.061E-01  1.000E+00  7.321E-01  6.763E-01  5.291E-01  1.000E+00
  5.783E-01  6.098E-01  7.234E-01  5.607E-01  4.988E-01  5.169E-01  6.652E-01  7.830E-01  5.425E-01  7.441E-01
  5.114E-01  3.673E-01  5.483E-01  5.395E-01  4.083E-01  4.102E-01  5.141E-01  5.047E-01  4.606E-01  5.699E-01
  4.650E-01  7.279E-01  6.929E-01  7.637E-01  7.126E-01  5.311E-01  7.016E-01  6.417E-01  4.807E-01  1.000E+00
  1.000E+00  6.476E-01  5.802E-01  4.837E-01  0.000E+00  5.498E-01  7.270E-01  6.754E-01  7.107E-01  5.241E-01
  6.348E-01  5.780E-01  7.620E-01  5.843E-01  7.661E-01  5.809E-01  6.412E-01  6.209E-01  1.000E+00  5.197E-01
  7.077E-01  8.417E-01  0.000E+00  6.866E-01  6.105E-01  9.047E-01  6.322E-01  5.260E-01  1.000E+00  5.406E-01
  7.072E-01  1.000E+00  7.133E-01  5.303E-01  6.472E-01  1.000E+00  1.000E+00  4.655E-01  4.860E-01  7.074E-01
  5.426E-01  4.811E-01  5.169E-01  5.288E-01  5.735E-01  4.520E-01  5.576E-01  5.020E-01  0.000E+00  5.327E-01
  7.331E-01  5.062E-01  1.000E+00  5.685E-01  5.106E-01  5.119E-01  5.241E-01  5.939E-01  6.646E-01  7.273E-01
  3.130E-01  4.938E-01  5.141E-01  8.056E-01  5.890E-01  5.807E-01  5.801E-01  1.000E+00  4.744E-01  5.689E-01
  4.172E-01  5.248E-01  5.649E-01  6.653E-01  6.079E-01  1.000E+00  1.000E+00  5.774E-01  7.071E-01  7.583E-01
  6.950E-01  5.242E-01  7.296E-01  7.382E-01  1.000E+00  7.254E-01  6.462E-01  7.399E-01  5.128E-01  5.908E-01
  6.173E-01  5.582E-01  8.073E-01  5.020E-01  8.330E-01  5.378E-01  5.024E-01  7.071E-01  5.116E-01  6.496E-01
  4.964E-01  5.620E-01  5.927E-01  7.516E-01  5.077E-01  5.774E-01  7.101E-01  1.000E+00  6.135E-01  4.617E-01
  6.442E-01  4.873E-01  7.598E-01  5.090E-01  4.791E-01  5.903E-01  5.288E-01  4.203E-01  6.150E-01  9.874E-01
  5.927E-01  6.301E-01  3.892E-01  5.509E-01  1.000E+00  8.745E-01  9.567E-01  6.366E-01  6.001E-01  1.000E+00
  6.066E-01  6.711E-01  5.956E-01  1.000E+00  1.000E+00  7.632E-01  5.888E-01  4.728E-01  6.965E-01  5.647E-01
  5.980E-01  7.486E-01  5.401E-01  6.614E-01  1.000E+00  4.536E-01  5.800E-01  1.000E+00  0.000E+00  1.000E+00
  8.103E-01  4.617E-01  7.203E-01  1.000E+00  1.000E+00  4.950E-01  7.097E-01  4.835E-01  7.247E-01  5.488E-01
  6.268E-01  5.653E-01  5.480E-01  5.548E-01  6.418E-01  6.941E-01  8.528E-01  7.699E-01  1.000E+00  6.477E-01
  5.222E-01  5.336E-01  4.875E-01  5.213E-01  4.551E-01  4.697E-01  4.384E-01  4.549E-01  0.000E+00  5.606E-01
  8.333E-01  5.746E-01  4.645E-01  4.745E-01  1.000E+00  5.199E-01  6.836E-01  4.202E-01  3.845E-01  5.782E-01
  8.276E-01  5.729E-01  4.131E-01  5.759E-01  5.381E-01  5.344E-01  6.058E-01  7.514E-01  4.840E-01  5.982E-01
  7.160E-01  1.000E+00  6.243E-01  6.321E-01  4.822E-01  6.817E-01  6.131E-01  1.000E+00  5.796E-01  5.194E-01
  5.401E-01  5.791E-01  6.715E-01  6.027E-01  5.294E-01  5.605E-01  0.000E+00  7.878E-01  1.000E+00  0.000E+00
  1.000E+00  7.532E-01  5.869E-01  1.000E+00  1.000E+00  6.552E-01  7.228E-01  4.657E-01  4.477E-01  5.161E-01
  5.342E-01  3.804E-01  4.813E-01  6.263E-01  6.844E-01  6.695E-01  5.459E-01  5.008E-01  6.940E-01  4.176E-01
  7.004E-01  4.973E-01  9.394E-01  6.391E-01  4.888E-01  5.508E-01  5.989E-01  1.000E+00  5.911E-01  4.545E-01
  6.527E-01  3.889E-01  5.071E-01  4.889E-01  4.870E-01  7.075E-01  7.073E-01  5.625E-01  5.628E-01  5.374E-01
  5.392E-01  1.000E+00  4.345E-01  5.727E-01  7.385E-01  7.411E-01  7.071E-01  5.100E-01  4.716E-01  7.356E-01
  3.458E-01  8.698E-01  6.164E-01  5.258E-01  4.730E-01  4.561E-01  5.776E-01  5.882E-01  5.763E-01  7.373E-01
  7.781E-01  5.525E-01  1.000E+00  9.028E-01  6.601E-01  4.905E-01  1.000E+00  1.000E+00  6.038E-01  6.009E-01
  6.065E-01  7.168E-01  6.088E-01  7.328E-01  4.848E-01  7.722E-01  4.098E-01  5.709E-01  5.702E-01  8.513E-01
  4.770E-01  4.333E-01  6.108E-01  4.838E-01  5.019E-01  7.195E-01  5.078E-01  5.083E-01  3.526E-01  5.578E-01
  7.253E-01  6.426E-01  4.710E-01  4.053E-01  4.993E-01  5.651E-01  5.445E-01  8.203E-01  5.700E-01  7.532E-01
  4.942E-01  7.090E-01  5.239E-01  4.794E-01  5.760E-01  5.438E-01  3.920E-01  4.988E-01  5.066E-01  3.795E-01
  7.480E-01  4.124E-01  4.989E-01  4.795E-01  5.948E-01  5.374E-01  4.593E-01  4.976E-01  8.546E-01  5.819E-01
  5.174E-01  6.330E-01  0.000E+00  7.083E-01  5.478E-01  6.341E-01  7.155E-01  4.416E-01  5.365E-01  6.466E-01
  3.782E-01  7.812E-01  7.079E-01  4.246E-01  6.298E-01  6.484E-01  4.540E-01  1.000E+00  5.617E-01  1.000E+00
  5.319E-01  5.097E-01  1.000E+00  4.775E-01  7.666E-01  5.524E-01  5.508E-01  8.387E-01  5.798E-01  5.841E-01
  0.000E+00  1.000E+00  4.516E-01  5.779E-01  4.331E-01  5.889E-01  4.541E-01  5.895E-01  4.755E-01  6.064E-01
  7.071E-01  4.431E-01  4.094E-01  6.047E-01  6.499E-01  4.844E-01  5.636E-01  5.201E-01  3.592E-01  3.852E-01
  5.838E-01  4.031E-01  4.250E-01  4.159E-01  3.562E-01  5.364E-01  5.884E-01  5.424E-01  3.795E-01  4.089E-01
  4.926E-01  6.785E-01  5.164E-01  4.247E-01  1.000E+00  6.378E-01  1.000E+00  5.188E-01  6.114E-01  1.000E+00
  0.000E+00  7.071E-01  9.033E-01  5.331E-01  9.783E-01  4.348E-01  4.601E-01  8.912E-01  1.000E+00  6.355E-01
  7.625E-01  7.179E-01  6.140E-01  5.400E-01  5.114E-01  6.083E-01  7.271E-01  5.977E-01  7.075E-01  8.130E-01
  4.403E-01  3.732E-01  6.090E-01  1.000E+00  4.704E-01  6.184E-01  5.980E-01  6.046E-01  4.817E-01  1.000E+00
  5.120E-01  4.147E-01  4.473E-01  3.313E-01  5.281E-01  6.669E-01  4.254E-01  3.914E-01  5.453E-01  4.875E-01
  4.224E-01  7.268E-01  5.666E-01  4.428E-01  4.618E-01  3.638E-01  6.379E-01  5.206E-01  4.698E-01  3.396E-01
  5.153E-01  3.720E-01  4.525E-01  7.976E-01  7.575E-01  5.253E-01  3.994E-01  4.605E-01  5.683E-01  4.422E-01
  9.736E-01  7.748E-01  5.175E-01  7.178E-01  1.000E+00  5.850E-01  6.526E-01  4.281E-01  7.315E-01  5.794E-01
  3.877E-01  4.537E-01  4.528E-01  8.298E-01  7.157E-01  7.449E-01  5.063E-01  6.270E-01  7.796E-01  1.000E+00
  6.141E-01  1.000E+00  5.445E-01  6.218E-01  5.701E-01  0.000E+00  5.700E-01  5.389E-01  8.610E-01  7.814E-01
  4.076E-01  7.173E-01  5.642E-01  6.071E-01  3.707E-01  1.000E+00  4.537E-01  4.949E-01  5.418E-01  4.815E-01
  3.899E-01  3.967E-01  4.649E-01  3.974E-01  3.352E-01  3.870E-01  6.155E-01  5.364E-01  6.876E-01  3.889E-01
  5.400E-01  5.405E-01  5.317E-01  3.746E-01  3.925E-01  5.147E-01  3.780E-01  4.797E-01  5.790E-01  3.981E-01
  4.360E-01  6.839E-01  5.959E-01  6.097E-01  3.685E-01  6.431E-01  4.930E-01  5.170E-01  5.862E-01  4.038E-01
  4.105E-01  7.217E-01  1.000E+00  7.171E-01  4.744E-01  5.928E-01  1.000E+00  6.544E-01  5.464E-01  6.791E-01
  5.270E-01  5.778E-01  6.984E-01  7.081E-01  5.859E-01  5.930E-01  5.093E-01  7.181E-01  5.906E-01  5.127E-01
  5.793E-01  5.869E-01  6.195E-01  4.240E-01  4.646E-01  6.062E-01  6.253E-01  6.324E-01  4.576E-01  3.255E-01
  5.025E-01  5.999E-01  4.332E-01  5.693E-01  3.791E-01  4.278E-01  4.934E-01  4.774E-01  4.878E-01  3.934E-01
  3.236E-01  4.569E-01  3.863E-01  4.612E-01  6.218E-01  3.230E-01  5.292E-01  4.086E-01  6.705E-01  4.951E-01
  3.848E-01  3.766E-01  3.466E-01  3.687E-01  4.627E-01  3.693E-01  4.153E-01  5.743E-01  5.015E-01  3.843E-01
  3.795E-01  4.640E-01  4.428E-01  4.539E-01  4.191E-01  3.970E-01  4.396E-01  5.233E-01  3.663E-01  7.120E-01
  5.824E-01  5.864E-01  4.785E-01  3.786E-01  1.000E+00  6.924E-01  1.000E+00  4.315E-01  8.060E-01  7.923E-01
  7.539E-01  6.059E-01  4.043E-01  6.386E-01  5.383E-01  6.383E-01  7.154E-01  4.697E-01  4.103E-01  4.477E-01
  5.689E-01  4.941E-01  4.387E-01  7.971E-01  5.907E-01  6.326E-01  4.212E-01  4.452E-01  5.358E-01  6.275E-01
  4.217E-01  4.991E-01  5.266E-01  3.183E-01  6.218E-01  3.585E-01  3.636E-01  3.666E-01  3.855E-01  4.101E-01
  4.732E-01  7.241E-01  5.237E-01  3.881E-01  3.834E-01  5.090E-01  7.079E-01  4.226E-01  4.171E-01  4.228E-01
  4.426E-01  4.068E-01  6.227E-01  4.914E-01  5.601E-01  4.534E-01  3.959E-01  2.968E-01  4.155E-01  3.914E-01
  5.917E-01  5.823E-01  4.292E-01  5.680E-01  4.058E-01  4.777E-01  5.035E-01  4.630E-01  7.349E-01  5.817E-01
  4.449E-01  6.641E-01  5.792E-01  9.652E-01  4.835E-01  7.801E-01  5.787E-01  5.662E-01  4.243E-01  5.134E-01
  5.452E-01  5.757E-01  4.304E-01  8.450E-01  4.427E-01  7.125E-01  4.287E-01  5.020E-01  4.301E-01  4.204E-01
  4.675E-01  6.249E-01  7.462E-01  6.230E-01  4.380E-01  4.016E-01  5.446E-01  6.475E-01  4.608E-01  3.881E-01
  4.333E-01  6.174E-01  3.842E-01  3.203E-01  4.557E-01  4.088E-01  3.877E-01  4.694E-01  4.467E-01  5.827E-01
  4.491E-01  4.734E-01  4.332E-01  5.871E-01  4.724E-01  4.137E-01  3.748E-01  4.186E-01  4.376E-01  5.864E-01
  5.068E-01  6.065E-01  4.526E-01  4.777E-01  4.054E-01  5.893E-01  4.535E-01  4.305E-01  3.971E-01  3.566E-01
  3.560E-01  4.372E-01  4.275E-01  5.061E-01  4.685E-01  5.286E-01  6.362E-01  9.296E-01  4.807E-01  7.082E-01
  8.116E-01  7.322E-01  5.143E-01  4.179E-01  5.517E-01  4.785E-01  5.786E-01  5.597E-01  7.394E-01  9.623E-01
  2.998E-01  8.979E-01  4.896E-01  4.317E-01  4.097E-01  4.668E-01  3.652E-01  4.191E-01  3.876E-01  5.984E-01
  4.653E-01  4.775E-01  4.412E-01  5.680E-01  6.948E-01  3.381E-01  3.794E-01  3.730E-01  5.735E-01  5.134E-01
  4.240E-01  5.824E-01  3.916E-01  3.806E-01  3.571E-01  3.946E-01  2.825E-01  3.534E-01  3.412E-01  3.983E-01
  4.039E-01  3.235E-01  3.283E-01  3.834E-01  4.630E-01  3.453E-01  6.827E-01  4.995E-01  5.042E-01  5.075E-01
  3.879E-01  4.500E-01  4.218E-01  5.874E-01  4.684E-01  5.855E-01  5.274E-01  5.001E-01  4.823E-01  4.489E-01
  4.803E-01  5.881E-01  5.457E-01  4.810E-01  6.715E-01  7.858E-01  4.254E-01  5.727E-01  5.845E-01  8.754E-01
  1.000E+00  7.098E-01  4.254E-01  7.146E-01  6.244E-01  7.074E-01  6.070E-01  5.261E-01  7.078E-01  7.603E-01
  4.393E-01  4.387E-01  5.912E-01  5.194E-01  4.923E-01  3.053E-01  9.423E-01  6.851E-01  4.636E-01  4.667E-01
  6.044E-01  3.712E-01  6.499E-01  5.251E-01  4.539E-01  7.705E-01  3.846E-01  4.423E-01  3.500E-01  5.106E-01
  3.014E-01  2.872E-01  4.800E-01  3.180E-01  5.739E-01  5.502E-01  3.749E-01  2.864E-01  5.162E-01  6.299E-01
  4.954E-01  3.197E-01  5.523E-01  3.071E-01  7.187E-01  6.229E-01  4.516E-01  5.097E-01  5.036E-01  3.640E-01
  5.491E-01  5.868E-01  4.755E-01  7.605E-01  7.330E-01  4.451E-01  4.368E-01  4.939E-01  4.238E-01  1.000E+00
  4.531E-01  5.275E-01  6.051E-01  3.741E-01  4.747E-01  4.653E-01  6.490E-01  5.284E-01  6.640E-01  5.196E-01
  6.005E-01  4.845E-01  5.948E-01  4.885E-01  8.833E-01  6.509E-01  4.777E-01  7.166E-01  6.737E-01  4.611E-01
  5.187E-01  4.484E-01  4.211E-01  3.512E-01  7.573E-01  4.979E-01  3.672E-01  5.012E-01  3.822E-01  5.138E-01
  4.912E-01  3.908E-01  3.334E-01  4.178E-01  3.350E-01  4.255E-01  3.265E-01  3.169E-01  4.215E-01  5.813E-01
  4.028E-01  4.914E-01  4.417E-01  3.804E-01  5.778E-01  3.279E-01  2.733E-01  4.880E-01  4.745E-01  5.313E-01
  6.938E-01  5.493E-01  4.568E-01  3.843E-01  5.812E-01  5.963E-01  3.647E-01  5.645E-01  5.446E-01  5.441E-01
  3.764E-01  5.398E-01  5.622E-01  6.843E-01  5.079E-01  5.214E-01  7.205E-01  5.710E-01  4.539E-01  4.420E-01
  4.371E-01  4.135E-01  4.822E-01  1.000E+00  7.071E-01  5.832E-01  5.245E-01  4.381E-01  5.018E-01  6.747E-01
  6.001E-01  5.888E-01  7.490E-01  3.572E-01  4.399E-01  5.069E-01  2.880E-01  4.113E-01  4.065E-01  3.558E-01
  3.942E-01  4.002E-01  6.988E-01  5.532E-01  3.075E-01  3.617E-01  3.527E-01  6.520E-01  5.297E-01  3.435E-01
  3.368E-01  4.373E-01  3.308E-01  3.912E-01  3.893E-01  2.731E-01  3.136E-01  2.951E-01  4.530E-01  3.888E-01
  3.196E-01  3.152E-01  3.408E-01  4.578E-01  3.777E-01  4.203E-01  4.994E-01  4.806E-01  4.981E-01  3.476E-01
  2.957E-01  0.000E+00  4.123E-01  3.944E-01  4.889E-01  4.221E-01  3.947E-01  5.214E-01  3.765E-01  7.179E-01
  6.225E-01  4.880E-01  4.375E-01  0.000E+00  4.070E-01  5.787E-01  4.094E-01  6.668E-01  5.306E-01  6.764E-01
  7.131E-01  6.118E-01  5.315E-01  5.041E-01  7.013E-01  3.584E-01  4.330E-01  8.231E-01  4.759E-01  4.249E-01
  6.109E-01  3.960E-01  4.382E-01  4.157E-01  4.352E-01  4.133E-01  3.538E-01  4.579E-01  4.048E-01  6.100E-01
  4.961E-01  3.691E-01  4.507E-01  3.494E-01  3.720E-01  7.624E-01  3.302E-01  4.032E-01  3.445E-01  3.793E-01
  3.489E-01  3.487E-01  3.495E-01  3.177E-01  3.059E-01  4.762E-01  4.096E-01  2.981E-01  3.092E-01  3.596E-01
  3.957E-01  5.046E-01  3.725E-01  3.614E-01  3.686E-01  5.612E-01  4.956E-01  3.956E-01  3.357E-01  2.892E-01
  4.246E-01  5.949E-01  4.066E-01  4.561E-01  3.587E-01  4.929E-01  4.568E-01  7.108E-01  5.875E-01  5.320E-01
  5.162E-01  6.004E-01  1.000E+00  4.750E-01  4.977E-01  5.196E-01  5.293E-01  6.075E-01  5.521E-01  7.077E-01
  4.767E-01  3.847E-01  6.273E-01  5.290E-01  4.456E-01  5.885E-01  4.151E-01  5.868E-01  4.753E-01  4.587E-01
  4.136E-01  7.156E-01  3.951E-01  3.160E-01  4.821E-01  4.459E-01  3.377E-01  5.617E-01  3.176E-01  2.940E-01
  3.127E-01  3.168E-01  5.001E-01  4.097E-01  3.488E-01  3.474E-01  3.214E-01  4.516E-01  3.695E-01  2.881E-01
  3.588E-01  3.472E-01  3.539E-01  4.252E-01  3.516E-01  4.641E-01  3.275E-01  3.550E-01  4.374E-01  4.212E-01
  3.953E-01  4.316E-01  5.131E-01  4.162E-01  3.213E-01  3.485E-01  3.228E-01  3.392E-01  4.438E-01  3.452E-01
  3.799E-01  2.840E-01  3.284E-01  4.204E-01  4.066E-01  4.039E-01  6.362E-01  5.008E-01  3.936E-01  5.588E-01
  4.912E-01  5.418E-01  4.131E-01  5.243E-01  1.000E+00  7.388E-01  6.129E-01  4.727E-01  3.807E-01  3.692E-01
  7.237E-01  6.345E-01  4.581E-01  4.622E-01  5.054E-01  4.240E-01  4.527E-01  6.267E-01  3.401E-01  2.933E-01
  2.946E-01  3.537E-01  3.376E-01  3.888E-01  5.053E-01  3.753E-01  3.039E-01  3.406E-01  4.124E-01  4.270E-01
  4.691E-01  4.484E-01  2.338E-01  3.267E-01  3.146E-01  3.429E-01  3.514E-01  4.067E-01  5.769E-01  4.187E-01
  3.047E-01  3.380E-01  3.455E-01  3.273E-01  3.162E-01  2.677E-01  3.541E-01  3.436E-01  3.025E-01  3.932E-01
  5.145E-01  2.890E-01  2.895E-01  3.077E-01  3.593E-01  6.425E-01  3.079E-01  6.086E-01  4.310E-01  3.870E-01
  4.121E-01  5.030E-01  3.890E-01  4.312E-01  5.340E-01  3.819E-01  4.550E-01  4.749E-01  5.253E-01  4.533E-01
  5.041E-01  7.190E-01  7.256E-01  6.572E-01  3.913E-01  6.594E-01  4.997E-01  4.831E-01  4.289E-01  5.245E-01
  4.229E-01  3.587E-01  1.000E+00  4.642E-01  3.908E-01  3.206E-01  3.421E-01  3.529E-01  3.399E-01  3.185E-01
  3.634E-01  3.249E-01  4.752E-01  4.009E-01  4.516E-01  3.289E-01  5.329E-01  5.195E-01  5.368E-01  3.027E-01
  3.236E-01  3.405E-01  3.593E-01  3.400E-01  2.602E-01  6.952E-01  2.775E-01  3.267E-01  3.518E-01  3.098E-01
  4.128E-01  3.081E-01  4.645E-01  2.585E-01  3.790E-01  4.376E-01  7.887E-01  3.270E-01  3.438E-01  3.088E-01
  3.634E-01  2.785E-01  4.476E-01  3.323E-01  4.575E-01  3.700E-01  5.210E-01  4.181E-01  3.194E-01  4.034E-01
  1.000E+00  3.701E-01  3.730E-01  5.127E-01  5.369E-01  7.356E-01  4.927E-01  5.077E-01  4.555E-01  1.000E+00
  5.677E-01  4.493E-01  3.824E-01  5.292E-01  5.972E-01  4.699E-01  7.103E-01  4.112E-01  5.210E-01  4.469E-01
  1.000E+00  5.281E-01  3.162E-01  5.334E-01  3.273E-01  3.117E-01  3.263E-01  4.725E-01  3.802E-01  4.520E-01
  3.535E-01  4.307E-01  2.719E-01  3.113E-01  2.950E-01  4.208E-01  3.638E-01  3.471E-01  4.097E-01  4.506E-01
  3.236E-01  3.039E-01  5.945E-01  4.247E-01  3.428E-01  3.380E-01  3.644E-01  2.813E-01  3.369E-01  3.054E-01
  3.277E-01  3.071E-01  5.636E-01  6.200E-01  3.534E-01  3.607E-01  3.772E-01  3.994E-01  3.407E-01  3.437E-01
  4.026E-01  3.746E-01  3.036E-01  4.120E-01  4.172E-01  4.427E-01  5.320E-01  4.256E-01  3.849E-01  3.898E-01
  5.428E-01  4.603E-01  6.189E-01  4.840E-01  6.618E-01  7.218E-01  5.021E-01  6.546E-01  5.334E-01  3.785E-01
  6.525E-01  3.967E-01  4.149E-01  5.395E-01  4.549E-01  6.089E-01  3.354E-01  6.439E-01  4.122E-01  3.456E-01
  2.909E-01  5.120E-01  3.231E-01  4.701E-01  3.977E-01  3.689E-01  3.360E-01  5.832E-01  3.753E-01  3.237E-01
  3.161E-01  3.407E-01  2.871E-01  5.308E-01  3.526E-01  3.655E-01  3.060E-01  4.505E-01  3.284E-01  3.534E-01
  3.456E-01  4.628E-01  5.060E-01  4.304E-01  4.464E-01  3.829E-01  2.795E-01  2.912E-01  4.237E-01  4.820E-01
  3.885E-01  2.906E-01  4.173E-01  3.740E-01  3.646E-01  3.200E-01  3.689E-01  3.662E-01  3.265E-01  3.603E-01
  3.122E-01  4.449E-01  3.403E-01  5.687E-01  6.751E-01  4.329E-01  3.829E-01  4.468E-01  4.458E-01  4.596E-01
  4.630E-01  4.669E-01  5.155E-01  5.462E-01  5.017E-01  4.109E-01  4.455E-01  4.090E-01  3.764E-01  4.204E-01
  6.785E-01  4.825E-01  3.990E-01  2.875E-01  3.972E-01  3.623E-01  4.242E-01  3.545E-01  3.189E-01  3.560E-01
  2.905E-01  3.185E-01  4.308E-01  3.073E-01  4.376E-01  4.012E-01  3.431E-01  5.267E-01  3.037E-01  3.383E-01
  3.414E-01  3.998E-01  3.082E-01  2.895E-01  3.015E-01  4.395E-01  3.862E-01  5.928E-01  6.040E-01  3.304E-01
  3.726E-01  3.078E-01  3.187E-01  3.128E-01  3.538E-01  2.683E-01  4.517E-01  4.135E-01  3.843E-01  3.545E-01
  3.036E-01  4.266E-01  3.378E-01  3.047E-01  4.371E-01  4.048E-01  5.027E-01  3.809E-01  3.955E-01  3.584E-01
  4.415E-01  4.757E-01  3.231E-01  6.288E-01  4.091E-01  4.146E-01  4.354E-01  5.179E-01  4.951E-01  8.795E-01
  6.064E-01  5.949E-01  5.172E-01  5.787E-01  5.108E-01  4.430E-01  4.483E-01  4.097E-01  6.037E-01  5.655E-01
  3.921E-01  5.105E-01  3.757E-01  5.387E-01  4.023E-01  3.271E-01  3.835E-01  3.269E-01  3.154E-01  2.764E-01
  3.487E-01  4.487E-01  5.432E-01  2.999E-01  3.431E-01  7.010E-01  4.370E-01  3.954E-01  4.449E-01  3.471E-01
  2.893E-01  3.579E-01  3.753E-01  4.648E-01  5.290E-01  4.831E-01  3.312E-01  3.150E-01  3.420E-01  3.575E-01
  4.277E-01  5.129E-01  4.691E-01  2.714E-01  3.940E-01  5.837E-01  4.096E-01  4.330E-01  4.177E-01  4.392E-01
  3.400E-01  2.734E-01  2.870E-01  5.815E-01  4.592E-01  4.029E-01  5.086E-01  4.186E-01  5.216E-01  6.506E-01
  4.276E-01  3.941E-01  3.478E-01  3.637E-01  4.416E-01  3.927E-01  5.671E-01  6.346E-01  7.643E-01  4.578E-01
  3.591E-01  5.038E-01  4.092E-01  4.112E-01  4.614E-01  3.941E-01  3.339E-01  4.588E-01  4.881E-01  3.796E-01
  4.920E-01  3.061E-01  2.530E-01  3.012E-01  3.305E-01  3.401E-01  3.238E-01  3.445E-01  4.887E-01  3.785E-01
  4.160E-01  3.642E-01  3.871E-01  4.043E-01  3.638E-01  3.458E-01  5.541E-01  3.355E-01  4.306E-01  6.637E-01
  3.964E-01  5.358E-01  3.200E-01  4.946E-01  2.690E-01  3.309E-01  3.544E-01  4.029E-01  3.704E-01  5.613E-01
  3.044E-01  5.023E-01  4.141E-01  3.978E-01  3.779E-01  3.376E-01  3.652E-01  4.474E-01  4.240E-01  3.837E-01
  4.351E-01  3.099E-01  4.091E-01  3.853E-01  6.708E-01  4.242E-01  5.039E-01  4.100E-01  5.781E-01  4.990E-01
  3.730E-01  4.914E-01  5.163E-01  3.855E-01  5.387E-01  4.479E-01  3.800E-01  5.103E-01  4.579E-01  3.907E-01
  3.532E-01  3.373E-01  5.062E-01  5.049E-01  3.104E-01  5.032E-01  3.077E-01  3.301E-01  2.690E-01  3.417E-01
  2.702E-01  3.238E-01  3.522E-01  3.438E-01  3.439E-01  2.748E-01  3.497E-01  4.314E-01  4.505E-01  4.322E-01
  2.764E-01  3.186E-01  3.405E-01  4.740E-01  4.216E-01  4.825E-01  4.091E-01  4.445E-01  4.316E-01  4.111E-01
  3.350E-01  4.886E-01  3.514E-01  3.763E-01  3.582E-01  3.526E-01  3.542E-01  5.755E-01  4.182E-01  3.250E-01
  2.926E-01  3.474E-01  3.114E-01  2.931E-01  3.037E-01  3.471E-01  4.912E-01  3.105E-01  3.755E-01  3.325E-01
  5.690E-01  5.019E-01  3.796E-01  4.129E-01  5.268E-01  7.000E-01  3.790E-01  5.024E-01  6.322E-01  3.879E-01
  4.176E-01  5.999E-01  5.148E-01  4.162E-01  4.134E-01  5.331E-01  3.842E-01  5.492E-01  5.370E-01  5.945E-01
  3.954E-01  3.537E-01  4.503E-01  3.498E-01  4.852E-01  5.717E-01  3.757E-01  3.908E-01  3.377E-01  4.284E-01
  2.667E-01  3.770E-01  4.168E-01  4.084E-01  4.392E-01  4.560E-01  4.517E-01  3.697E-01  4.020E-01  2.964E-01
  3.465E-01  5.128E-01  3.117E-01  4.406E-01  3.311E-01  4.618E-01  4.179E-01  3.262E-01  3.032E-01  3.476E-01
  3.579E-01  3.984E-01  2.985E-01  4.650E-01  2.817E-01  3.778E-01  3.386E-01  3.204E-01  2.500E-01  2.644E-01
  3.245E-01  3.630E-01  5.008E-01  3.980E-01  3.087E-01  3.981E-01  5.281E-01  4.052E-01  3.910E-01  5.266E-01
  5.876E-01  5.679E-01  4.157E-01  3.878E-01  5.745E-01  3.820E-01  3.579E-01  4.779E-01  4.309E-01  4.911E-01
  3.580E-01  4.612E-01  3.892E-01  3.880E-01  5.325E-01  4.618E-01  5.778E-01  3.373E-01  3.653E-01  3.307E-01
  3.854E-01  3.922E-01  4.150E-01  2.902E-01  3.841E-01  2.660E-01  3.404E-01  3.775E-01  2.952E-01  4.254E-01
  3.019E-01  3.171E-01  5.500E-01  2.996E-01  3.810E-01  3.865E-01  3.047E-01  3.620E-01  3.593E-01  7.039E-01
  4.218E-01  2.752E-01  3.959E-01  3.915E-01  2.822E-01  4.523E-01  5.419E-01  4.038E-01  6.724E-01  3.809E-01
  3.245E-01  4.727E-01  3.841E-01  3.594E-01  3.109E-01  2.740E-01  3.625E-01  3.247E-01  4.401E-01  3.766E-01
  2.677E-01  2.946E-01  4.328E-01  3.928E-01  3.738E-01  3.164E-01  3.918E-01  3.926E-01  4.523E-01  6.106E-01
  5.667E-01  3.896E-01  4.345E-01  5.406E-01  1.000E+00  4.195E-01  3.869E-01  5.189E-01  3.418E-01  5.978E-01
  3.408E-01  4.088E-01  4.262E-01  6.778E-01  3.624E-01  3.882E-01  5.924E-01  4.552E-01  3.554E-01  2.576E-01
  3.348E-01  3.061E-01  5.340E-01  4.151E-01  4.404E-01  2.863E-01  2.701E-01  2.820E-01  5.123E-01  3.536E-01
  5.197E-01  4.364E-01  6.123E-01  4.840E-01  4.627E-01  4.328E-01  3.113E-01  4.091E-01  3.747E-01  3.855E-01
  3.633E-01  3.272E-01  2.854E-01  4.188E-01  3.566E-01  3.304E-01  4.145E-01  3.095E-01  4.617E-01  4.386E-01
  3.346E-01  3.223E-01  3.337E-01  3.071E-01  3.608E-01  3.600E-01  3.299E-01  3.217E-01  3.412E-01  3.305E-01
  4.773E-01  2.760E-01  3.435E-01  4.441E-01  4.188E-01  4.245E-01  4.340E-01  4.799E-01  4.250E-01  4.310E-01
  5.096E-01  4.160E-01  3.225E-01  5.984E-01  3.651E-01  4.143E-01  5.182E-01  3.540E-01  4.610E-01  3.618E-01
  2.975E-01  5.838E-01  3.654E-01  3.327E-01  4.071E-01  3.678E-01  3.229E-01  4.226E-01  3.735E-01  3.896E-01
  3.993E-01  4.338E-01  4.023E-01  4.506E-01  3.316E-01  2.861E-01  5.559E-01  3.300E-01  3.793E-01  3.670E-01
  4.681E-01  4.500E-01  4.033E-01  3.662E-01  3.230E-01  2.882E-01  5.174E-01  4.026E-01  4.190E-01  5.096E-01
  4.178E-01  3.433E-01  3.857E-01  5.422E-01  3.116E-01  4.195E-01  6.540E-01  4.986E-01  5.922E-01  3.748E-01
  4.132E-01  3.622E-01  4.265E-01  3.839E-01  3.654E-01  3.650E-01  3.204E-01  2.764E-01  3.542E-01  3.404E-01
  3.827E-01  4.806E-01  3.414E-01  5.013E-01  2.516E-01  4.483E-01  5.306E-01  3.488E-01  4.422E-01  4.312E-01
  7.149E-01  4.845E-01  4.473E-01  3.750E-01  5.377E-01  3.800E-01  3.712E-01  3.805E-01  3.389E-01  2.690E-01
  2.635E-01  4.519E-01  2.423E-01  4.091E-01  3.096E-01  3.545E-01  3.585E-01  2.859E-01  2.753E-01  4.187E-01
  5.952E-01  4.073E-01  3.163E-01  3.636E-01  3.378E-01  2.965E-01  3.203E-01  5.240E-01  3.857E-01  4.599E-01
  3.953E-01  4.507E-01  2.580E-01  3.842E-01  3.552E-01  4.175E-01  3.885E-01  4.773E-01  3.925E-01  4.785E-01
  4.638E-01  5.276E-01  4.167E-01  2.792E-01  4.556E-01  4.042E-01  3.632E-01  4.261E-01  2.737E-01  3.246E-01
  3.822E-01  3.348E-01  3.572E-01  3.561E-01  3.263E-01  2.913E-01  2.988E-01  3.585E-01  3.648E-01  4.258E-01
  4.247E-01  4.382E-01  4.124E-01  6.532E-01  5.388E-01  6.814E-01  5.230E-01  3.525E-01  6.116E-01  5.942E-01
  4.610E-01  3.112E-01  3.854E-01  3.939E-01  4.310E-01  2.922E-01  3.426E-01  3.186E-01  4.507E-01  2.758E-01
  4.343E-01  3.217E-01  3.853E-01  3.728E-01  5.357E-01  5.775E-01  3.317E-01  4.882E-01  3.758E-01  4.022E-01
  4.574E-01  4.067E-01  3.404E-01  3.336E-01  2.666E-01  4.359E-01  4.143E-01  4.093E-01  3.980E-01  3.545E-01
  5.033E-01  3.223E-01  2.517E-01  3.642E-01  4.656E-01  3.037E-01  3.540E-01  4.310E-01  4.367E-01  3.749E-01
  3.307E-01  3.709E-01  2.796E-01  3.295E-01  3.343E-01  4.121E-01  3.272E-01  3.322E-01  3.347E-01  4.283E-01
  5.263E-01  6.948E-01  2.945E-01  4.350E-01  4.250E-01  3.447E-01  2.965E-01  3.715E-01  3.763E-01  5.630E-01
  3.396E-01  6.082E-01  5.869E-01  5.937E-01  4.298E-01  4.907E-01  3.211E-01  3.917E-01  3.588E-01  3.983E-01
  6.803E-01  4.522E-01  4.562E-01  3.656E-01  4.486E-01  5.275E-01  2.866E-01  2.917E-01  3.297E-01  3.268E-01
  4.858E-01  3.065E-01  3.214E-01  3.802E-01  4.205E-01  3.543E-01  5.321E-01  4.247E-01  5.034E-01  4.319E-01
  3.755E-01  2.043E-01  2.158E-01  2.688E-01  3.088E-01  2.341E-01  2.724E-01  2.241E-01  2.972E-01  2.528E-01
  2.640E-01  3.131E-01  2.151E-01  3.588E-01  3.807E-01  3.889E-01  3.872E-01  3.090E-01  2.895E-01  3.908E-01
  3.951E-01  3.008E-01  3.452E-01  3.316E-01  3.307E-01  4.555E-01  4.553E-01  4.068E-01  3.269E-01  4.427E-01
  3.071E-01  3.769E-01  4.108E-01  3.445E-01  4.148E-01  4.554E-01  3.704E-01  4.517E-01  5.029E-01  4.638E-01
  3.375E-01  5.362E-01  3.919E-01  3.643E-01  4.358E-01  4.224E-01  4.337E-01  4.701E-01  3.755E-01  3.422E-01
  3.549E-01  3.348E-01  4.020E-01  3.317E-01  3.181E-01  3.681E-01  2.360E-01  3.136E-01  6.099E-01  4.447E-01
  3.186E-01  3.436E-01  5.064E-01  3.628E-01  3.874E-01  3.848E-01  3.795E-01  3.029E-01  2.266E-01  2.054E-01
  2.010E-01  1.843E-01  1.822E-01  2.680E-01  1.734E-01  1.745E-01  1.999E-01  1.896E-01  2.160E-01  2.007E-01
  2.698E-01  3.031E-01  4.140E-01  2.797E-01  2.974E-01  3.876E-01  3.251E-01  4.208E-01  3.020E-01  3.263E-01
  4.143E-01  4.885E-01  3.326E-01  4.132E-01  3.687E-01  5.869E-01  3.344E-01  3.653E-01  2.957E-01  4.021E-01
  3.317E-01  3.271E-01  3.608E-01  5.529E-01  4.150E-01  4.539E-01  3.978E-01  3.945E-01  4.678E-01  5.307E-01
  3.619E-01  4.256E-01  3.689E-01  3.871E-01  3.384E-01  4.812E-01  3.456E-01  3.905E-01  2.820E-01  3.688E-01
  3.236E-01  3.680E-01  3.950E-01  3.334E-01  4.416E-01  5.973E-01  4.977E-01  3.960E-01  3.073E-01  5.274E-01
  3.903E-01  2.806E-01  4.189E-01  3.800E-01  2.927E-01  1.801E-01  2.641E-01  2.008E-01  2.191E-01  2.084E-01
  1.721E-01  2.601E-01  2.015E-01  2.392E-01  2.118E-01  1.998E-01  1.845E-01  2.230E-01  2.527E-01  3.012E-01
  4.243E-01  3.930E-01  3.164E-01  2.625E-01  2.890E-01  3.081E-01  2.784E-01  3.216E-01  4.053E-01  2.765E-01
  3.494E-01  3.390E-01  6.057E-01  3.180E-01  2.928E-01  4.611E-01  2.848E-01  4.678E-01  4.876E-01  3.860E-01
  3.495E-01  3.686E-01  5.352E-01  5.208E-01  4.115E-01  6.741E-01  5.887E-01  3.455E-01  5.249E-01  3.111E-01
  4.097E-01  4.499E-01  3.289E-01  3.316E-01  3.689E-01  3.618E-01  2.794E-01  2.954E-01  4.307E-01  3.490E-01
  4.565E-01  5.375E-01  4.804E-01  5.784E-01  5.646E-01  3.477E-01  4.199E-01  3.774E-01  3.098E-01  3.865E-01
  5.677E-01  2.142E-01  1.910E-01  1.970E-01  2.063E-01  1.614E-01  1.824E-01  2.060E-01  1.894E-01  1.700E-01
  2.186E-01  2.056E-01  2.076E-01  1.971E-01  2.257E-01  2.838E-01  3.178E-01  3.052E-01  4.657E-01  3.235E-01
  3.318E-01  3.640E-01  3.718E-01  3.197E-01  3.211E-01  3.278E-01  2.845E-01  3.415E-01  3.168E-01  3.552E-01
  2.898E-01  3.719E-01  3.770E-01  3.278E-01  4.703E-01  7.130E-01  5.993E-01  5.042E-01  3.403E-01  3.834E-01
  4.985E-01  3.515E-01  5.655E-01  4.242E-01  3.866E-01  4.956E-01  4.424E-01  4.312E-01  3.999E-01  3.147E-01
  3.396E-01  5.923E-01  3.116E-01  3.346E-01  3.618E-01  3.023E-01  4.042E-01  5.223E-01  2.846E-01  3.869E-01
  4.020E-01  4.035E-01  4.252E-01  4.449E-01  3.817E-01  4.847E-01  4.761E-01  3.384E-01  2.723E-01  1.687E-01
  2.128E-01  2.110E-01  1.869E-01  1.832E-01  1.653E-01  1.780E-01  1.963E-01  1.997E-01  2.005E-01  1.871E-01
  2.202E-01  1.621E-01  2.043E-01  4.027E-01  4.815E-01  4.771E-01  5.084E-01  3.995E-01  4.408E-01  2.594E-01
  2.816E-01  4.131E-01  3.139E-01  3.257E-01  4.105E-01  3.796E-01  3.081E-01  3.018E-01  3.441E-01  3.222E-01
  3.845E-01  4.290E-01  3.697E-01  4.779E-01  3.595E-01  3.305E-01  5.004E-01  6.011E-01  4.226E-01  4.208E-01
  4.249E-01  3.896E-01  4.577E-01  4.801E-01  3.974E-01  4.778E-01  3.356E-01  3.743E-01  3.484E-01  2.615E-01
  3.020E-01  3.377E-01  3.802E-01  2.909E-01  4.933E-01  3.820E-01  3.226E-01  3.330E-01  4.035E-01  3.513E-01
  3.128E-01  6.184E-01  4.515E-01  4.133E-01  3.541E-01  2.807E-01  1.708E-01  1.614E-01  1.661E-01  1.892E-01
  2.253E-01  2.189E-01  2.151E-01  2.304E-01  2.036E-01  1.932E-01  2.343E-01  2.364E-01  1.804E-01  3.034E-01
  4.287E-01  3.927E-01  3.282E-01  2.986E-01  2.659E-01  3.954E-01  3.611E-01  4.435E-01  4.504E-01  4.897E-01
  3.221E-01  3.204E-01  4.506E-01  2.890E-01  3.616E-01  2.338E-01  3.770E-01  3.095E-01  3.374E-01  3.568E-01
  3.898E-01  3.936E-01  3.985E-01  4.434E-01  5.248E-01  5.503E-01  4.236E-01  3.269E-01  3.598E-01  4.495E-01
  3.624E-01  4.937E-01  3.376E-01  4.643E-01  2.990E-01  3.357E-01  3.283E-01  2.954E-01  3.107E-01  3.608E-01
  3.021E-01  3.511E-01  3.695E-01  4.255E-01  3.744E-01  2.869E-01  2.377E-01  3.719E-01  4.146E-01  4.297E-01
  4.036E-01  3.012E-01  2.691E-01  1.759E-01  1.721E-01  1.675E-01  1.739E-01  2.068E-01  2.256E-01  2.591E-01
  1.614E-01  1.776E-01  2.541E-01  2.119E-01  1.970E-01  2.105E-01  3.316E-01  3.785E-01  4.093E-01  3.776E-01
  3.297E-01  3.514E-01  3.449E-01  3.138E-01  3.955E-01  3.814E-01  3.009E-01  6.458E-01  3.386E-01  3.136E-01
  3.528E-01  4.138E-01  2.639E-01  3.794E-01  5.529E-01  2.799E-01  2.811E-01  3.277E-01  3.713E-01  3.858E-01
  4.236E-01  4.827E-01  4.639E-01  4.843E-01  3.559E-01  3.223E-01  4.829E-01  5.021E-01  4.404E-01  4.371E-01
  4.560E-01  3.245E-01  5.651E-01  2.637E-01  3.346E-01  3.084E-01  4.365E-01  4.721E-01  3.725E-01  3.355E-01
  3.573E-01  3.939E-01  3.978E-01  3.393E-01  2.927E-01  3.826E-01  6.275E-01  2.849E-01  2.637E-01  2.626E-01
  1.730E-01  2.079E-01  2.103E-01  1.909E-01  1.978E-01  1.954E-01  2.236E-01  2.271E-01  1.939E-01  2.281E-01
  1.900E-01  1.766E-01  1.933E-01  2.884E-01  3.905E-01  4.866E-01  3.443E-01  2.793E-01  5.356E-01  4.753E-01
  4.521E-01  5.087E-01  4.940E-01  4.247E-01  3.481E-01  3.118E-01  3.476E-01  3.858E-01  2.975E-01  4.018E-01
  5.060E-01  3.289E-01  3.798E-01  5.735E-01  5.857E-01  5.250E-01  4.743E-01  6.688E-01  4.991E-01  7.062E-01
  4.357E-01  3.903E-01  4.064E-01  4.991E-01  4.626E-01  4.356E-01  3.182E-01  4.216E-01  4.107E-01  3.739E-01
  2.578E-01  3.454E-01  3.100E-01  2.879E-01  3.019E-01  2.793E-01  3.315E-01  4.887E-01  3.491E-01  3.424E-01
  4.435E-01  4.578E-01  4.215E-01  4.733E-01  3.313E-01  3.230E-01  2.273E-01  2.035E-01  2.017E-01  2.061E-01
  2.029E-01  1.972E-01  1.866E-01  1.843E-01  2.190E-01  1.820E-01  2.319E-01  2.267E-01  2.399E-01  2.063E-01
  3.014E-01  2.946E-01  3.385E-01  3.012E-01  4.035E-01  4.182E-01  4.063E-01  3.902E-01  5.853E-01  2.981E-01
  4.341E-01  3.391E-01  3.040E-01  2.575E-01  3.164E-01  4.193E-01  3.620E-01  2.849E-01  3.697E-01  3.068E-01
  3.633E-01  3.584E-01  4.058E-01  3.677E-01  4.135E-01  5.227E-01  4.044E-01  4.696E-01  6.530E-01  4.156E-01
  7.209E-01  3.480E-01  5.341E-01  2.885E-01  4.134E-01  4.747E-01  4.182E-01  3.760E-01  3.227E-01  3.031E-01
  2.908E-01  3.282E-01  4.598E-01  5.465E-01  3.135E-01  3.206E-01  2.926E-01  3.252E-01  3.162E-01  4.029E-01
  4.115E-01  4.575E-01  3.313E-01  2.698E-01  1.918E-01  1.698E-01  2.098E-01  1.857E-01  1.857E-01  1.802E-01
  1.644E-01  2.191E-01  2.510E-01  2.103E-01  1.863E-01  1.569E-01  2.102E-01  2.953E-01  4.776E-01  3.603E-01
  3.486E-01  3.668E-01  5.029E-01  3.756E-01  2.867E-01  3.379E-01  3.227E-01  3.588E-01  3.232E-01  2.919E-01
  3.817E-01  2.888E-01  3.087E-01  3.517E-01  3.617E-01  4.387E-01  4.137E-01  4.239E-01  5.780E-01  4.205E-01
  4.840E-01  5.074E-01  4.619E-01  5.014E-01  3.958E-01  8.020E-01  4.146E-01  5.925E-01  5.125E-01  5.883E-01
  5.457E-01  2.929E-01  3.851E-01  3.829E-01  5.554E-01  3.023E-01  2.997E-01  4.196E-01  3.382E-01  3.048E-01
  4.377E-01  5.618E-01  6.380E-01  5.809E-01  3.586E-01  4.392E-01  3.962E-01  4.676E-01  3.631E-01  3.486E-01
  2.825E-01  1.927E-01  1.962E-01  1.698E-01  1.923E-01  1.856E-01  1.775E-01  2.098E-01  1.974E-01  2.031E-01
  1.649E-01  1.824E-01  2.022E-01  1.952E-01  2.657E-01  3.786E-01  3.681E-01  3.758E-01  5.544E-01  3.614E-01
  3.756E-01  4.557E-01  3.768E-01  3.604E-01  2.920E-01  3.408E-01  2.814E-01  3.141E-01  3.505E-01  3.942E-01
  2.559E-01  3.574E-01  4.476E-01  4.172E-01  4.340E-01  3.883E-01  4.168E-01  4.197E-01  4.263E-01  3.612E-01
  3.603E-01  3.263E-01  5.296E-01  4.782E-01  5.485E-01  5.531E-01  3.541E-01  3.311E-01  3.128E-01  4.260E-01
  3.176E-01  3.981E-01  4.486E-01  2.905E-01  3.224E-01  3.991E-01  3.738E-01  3.740E-01  3.077E-01  4.030E-01
  5.957E-01  5.141E-01  2.812E-01  2.895E-01  2.696E-01  4.470E-01  2.932E-01  2.210E-01  1.782E-01  1.907E-01
  2.139E-01  2.168E-01  2.015E-01  2.322E-01  2.441E-01  2.151E-01  2.386E-01  1.659E-01  1.786E-01  1.955E-01
  2.192E-01  2.729E-01  4.114E-01  4.088E-01  4.273E-01  4.877E-01  4.332E-01  3.115E-01  4.031E-01  4.688E-01
  4.270E-01  3.619E-01  2.749E-01  3.412E-01  4.634E-01  4.786E-01  2.706E-01  3.054E-01  2.793E-01  3.211E-01
  3.226E-01  3.698E-01  3.332E-01  4.314E-01  4.441E-01  4.918E-01  4.263E-01  5.759E-01  7.387E-01  6.651E-01
  4.360E-01  4.250E-01  4.763E-01  3.525E-01  5.946E-01  3.384E-01  3.652E-01  3.899E-01  4.936E-01  5.129E-01
  3.885E-01  3.495E-01  4.530E-01  3.757E-01  3.263E-01  2.940E-01  4.380E-01  3.710E-01  3.403E-01  4.004E-01
  4.126E-01  3.473E-01  2.946E-01  3.629E-01  2.598E-01  2.506E-01  2.267E-01  2.900E-01  2.503E-01  2.645E-01
  2.511E-01  2.941E-01  3.145E-01  2.116E-01  2.130E-01  2.572E-01  2.426E-01  3.056E-01  3.458E-01  2.999E-01
  3.092E-01  3.660E-01  2.925E-01  3.671E-01  3.029E-01  4.137E-01  4.311E-01  4.481E-01  4.975E-01  3.726E-01
  2.785E-01  4.038E-01  2.593E-01  3.831E-01  3.623E-01  3.739E-01  3.494E-01  4.072E-01  4.673E-01  4.541E-01
  5.264E-01  3.915E-01  4.040E-01  5.534E-01  4.158E-01  3.597E-01  3.297E-01  4.239E-01  3.468E-01  4.249E-01
  3.351E-01  4.908E-01  5.752E-01  3.286E-01  6.754E-01  3.965E-01  3.542E-01  3.557E-01  3.032E-01  3.909E-01
  3.088E-01  2.729E-01  3.083E-01  3.316E-01  3.246E-01  2.600E-01  4.965E-01  3.362E-01  5.255E-01  3.607E-01
  4.027E-01  3.907E-01  3.603E-01  3.310E-01  2.831E-01  3.852E-01  3.058E-01  2.946E-01  3.143E-01  4.039E-01
  2.886E-01  3.211E-01  3.683E-01  3.616E-01  3.939E-01  3.306E-01  2.749E-01  3.799E-01  2.879E-01  3.219E-01
  3.473E-01  2.816E-01  4.098E-01  3.437E-01  4.185E-01  3.358E-01  4.108E-01  4.047E-01  2.661E-01  3.917E-01
  3.933E-01  3.928E-01  2.984E-01  2.948E-01  3.879E-01  2.827E-01  5.467E-01  5.162E-01  5.979E-01  6.372E-01
  4.907E-01  5.123E-01  5.714E-01  5.378E-01  3.441E-01  2.985E-01  3.754E-01  4.718E-01  3.609E-01  5.415E-01
  6.320E-01  3.457E-01  3.497E-01  3.163E-01  2.973E-01  4.125E-01  2.867E-01  2.938E-01  3.843E-01  3.225E-01
  3.971E-01  3.203E-01  3.861E-01  3.030E-01  5.802E-01  3.352E-01  2.680E-01  2.725E-01  3.547E-01  3.828E-01
  3.179E-01  2.621E-01  3.353E-01  3.079E-01  3.259E-01  3.339E-01  3.080E-01  3.926E-01  4.339E-01  4.844E-01
  5.755E-01  3.237E-01  5.130E-01  3.255E-01  4.082E-01  3.196E-01  5.301E-01  3.168E-01  5.954E-01  2.591E-01
  3.048E-01  2.912E-01  2.713E-01  6.010E-01  3.145E-01  3.492E-01  2.842E-01  2.420E-01  2.934E-01  2.774E-01
  3.382E-01  5.782E-01  3.507E-01  4.285E-01  3.312E-01  5.578E-01  3.431E-01  5.224E-01  7.052E-01  4.826E-01
  3.767E-01  3.220E-01  3.667E-01  4.210E-01  3.598E-01  3.492E-01  3.020E-01  5.839E-01  3.184E-01  3.173E-01
  3.626E-01  3.066E-01  3.949E-01  3.618E-01  2.769E-01  3.727E-01  3.266E-01  3.203E-01  3.753E-01  3.017E-01
  2.891E-01  3.701E-01  5.583E-01  5.885E-01  3.024E-01  4.675E-01  3.696E-01  3.855E-01  3.503E-01  2.934E-01
  3.384E-01  3.660E-01  4.387E-01  5.922E-01  3.712E-01  4.696E-01  3.604E-01  3.885E-01  3.294E-01  3.287E-01
  4.755E-01  3.721E-01  3.151E-01  2.810E-01  3.409E-01  3.763E-01  3.450E-01  2.821E-01  4.252E-01  3.053E-01
  3.421E-01  3.852E-01  3.289E-01  3.030E-01  3.992E-01  2.683E-01  3.426E-01  3.080E-01  5.093E-01  4.115E-01
  3.616E-01  3.001E-01  4.105E-01  3.374E-01  3.543E-01  3.557E-01  6.408E-01  7.806E-01  4.536E-01  3.768E-01
  4.421E-01  3.955E-01  5.026E-01  2.969E-01  5.660E-01  3.317E-01  3.212E-01  3.484E-01  3.179E-01  4.193E-01
  2.989E-01  3.203E-01  2.999E-01  3.991E-01  2.695E-01  2.897E-01  3.823E-01  2.824E-01  2.849E-01  5.753E-01
  2.701E-01  3.560E-01  2.953E-01  4.285E-01  2.848E-01  3.283E-01  2.675E-01  5.191E-01  4.235E-01  4.271E-01
  2.795E-01  3.643E-01  4.760E-01  3.212E-01  2.943E-01  3.822E-01  2.923E-01  3.897E-01  5.632E-01  4.021E-01
  3.950E-01  3.165E-01  3.483E-01  2.941E-01  2.590E-01  3.124E-01  2.775E-01  3.451E-01  3.258E-01  3.225E-01
  3.338E-01  3.469E-01  3.721E-01  4.004E-01  3.786E-01  3.959E-01  3.393E-01  3.869E-01  4.562E-01  5.991E-01
  5.076E-01  4.655E-01  5.008E-01  4.183E-01  5.032E-01  6.725E-01  3.649E-01  4.761E-01  6.156E-01  5.557E-01
  6.011E-01  3.142E-01  4.787E-01  4.624E-01  4.272E-01  4.380E-01  5.523E-01  3.159E-01  3.259E-01  3.180E-01
  2.600E-01  3.213E-01  2.890E-01  3.390E-01  3.585E-01  2.990E-01  5.753E-01  2.859E-01  2.657E-01  4.084E-01
  3.378E-01  2.892E-01  3.294E-01  3.136E-01  5.043E-01  3.623E-01  2.518E-01  2.758E-01  2.370E-01  3.093E-01
  3.136E-01  6.091E-01  5.116E-01  4.690E-01  3.287E-01  3.166E-01  4.183E-01  2.844E-01  2.826E-01  2.561E-01
  2.855E-01  3.355E-01  4.181E-01  2.859E-01  3.325E-01  2.864E-01  2.983E-01  3.210E-01  4.676E-01  4.367E-01
  3.656E-01  3.775E-01  3.748E-01  3.696E-01  5.940E-01  5.188E-01  3.073E-01  4.077E-01  7.257E-01  4.451E-01
  5.256E-01  4.197E-01  5.105E-01  6.366E-01  3.983E-01  3.631E-01  3.828E-01  3.713E-01  3.673E-01  4.531E-01
  4.061E-01  3.841E-01  3.766E-01  4.026E-01  5.978E-01  3.424E-01  4.309E-01  4.583E-01  3.423E-01  2.521E-01
  3.141E-01  2.556E-01  4.271E-01  4.469E-01  2.780E-01  4.591E-01  3.520E-01  2.845E-01  3.349E-01  2.548E-01
  3.273E-01  3.056E-01  4.607E-01  3.696E-01  2.935E-01  2.874E-01  2.482E-01  3.423E-01  3.333E-01  4.704E-01
  3.131E-01  2.868E-01  2.663E-01  3.298E-01  2.760E-01  3.041E-01  3.233E-01  3.310E-01  3.318E-01  3.050E-01
  3.559E-01  4.161E-01  3.988E-01  2.751E-01  4.008E-01  3.482E-01  3.615E-01  4.090E-01  5.370E-01  5.194E-01
  4.201E-01  5.798E-01  4.699E-01  4.418E-01  3.677E-01  5.921E-01  5.818E-01  5.138E-01  5.093E-01  4.139E-01
  2.944E-01  3.782E-01  3.621E-01  4.396E-01  3.542E-01  3.268E-01  3.930E-01  3.310E-01  3.360E-01  6.330E-01
  3.747E-01  4.075E-01  3.356E-01  2.828E-01  3.448E-01  3.989E-01  3.325E-01  4.208E-01  2.823E-01  3.154E-01
  3.351E-01  4.493E-01  3.054E-01  3.544E-01  3.691E-01  4.920E-01  3.563E-01  2.999E-01  3.277E-01  4.426E-01
  4.211E-01  2.803E-01  2.868E-01  2.987E-01  3.137E-01  4.310E-01  3.538E-01  3.357E-01  3.480E-01  3.111E-01
  4.193E-01  3.019E-01  3.658E-01  3.161E-01  3.166E-01  3.889E-01  2.537E-01  2.639E-01  5.111E-01  4.010E-01
  4.083E-01  3.124E-01  4.717E-01  3.402E-01  3.565E-01  4.944E-01  4.016E-01  7.016E-01  3.687E-01  6.420E-01
  5.321E-01  4.040E-01  7.556E-01  4.153E-01  5.189E-01  3.915E-01  4.817E-01  4.595E-01  5.709E-01  5.143E-01
  3.881E-01  3.371E-01  3.875E-01  3.888E-01  8.096E-01  5.494E-01  3.318E-01  2.901E-01  2.977E-01  4.771E-01
  4.044E-01  2.531E-01  2.855E-01  3.218E-01  3.224E-01  3.569E-01  4.748E-01  3.255E-01  3.216E-01  3.305E-01
  3.256E-01  4.112E-01  2.684E-01  2.944E-01  4.182E-01  2.751E-01  4.391E-01  3.147E-01  2.986E-01  2.636E-01
  3.100E-01  3.346E-01  5.095E-01  2.620E-01  3.627E-01  4.057E-01  2.893E-01  3.583E-01  3.057E-01  5.882E-01
  3.393E-01  2.725E-01  3.005E-01  4.065E-01  3.018E-01  3.635E-01  3.872E-01  3.411E-01  3.092E-01  3.798E-01
  4.301E-01  4.732E-01  5.213E-01  2.740E-01  3.564E-01  4.170E-01  3.681E-01  4.280E-01  4.288E-01  4.151E-01
  4.169E-01  5.111E-01  4.989E-01  4.269E-01  4.719E-01  3.366E-01  5.008E-01  3.579E-01  3.624E-01  5.314E-01
  5.117E-01  4.455E-01  3.803E-01  4.116E-01  2.969E-01  3.825E-01  4.129E-01  3.049E-01  2.960E-01  5.568E-01
  4.112E-01  6.176E-01  5.068E-01  3.021E-01  5.315E-01  3.255E-01  3.344E-01  2.712E-01  6.245E-01  4.102E-01
  2.971E-01  3.568E-01  2.513E-01  5.998E-01  3.201E-01  2.882E-01  2.418E-01  2.419E-01  3.561E-01  2.798E-01
  4.936E-01  3.034E-01  2.548E-01  2.818E-01  2.867E-01  3.362E-01  2.635E-01  2.714E-01  3.612E-01  3.225E-01
  2.757E-01  4.804E-01  2.785E-01  3.452E-01  3.411E-01  4.769E-01  3.919E-01  4.684E-01  3.491E-01  4.086E-01
  5.504E-01  4.401E-01  3.672E-01  4.113E-01  4.540E-01  3.334E-01  4.386E-01  4.843E-01  5.395E-01  7.600E-01
  7.071E-01  7.079E-01  3.586E-01  4.798E-01  7.073E-01  3.871E-01  4.114E-01  5.126E-01  3.098E-01  3.358E-01
  3.445E-01  3.150E-01  3.119E-01  3.308E-01  4.399E-01  3.875E-01  3.754E-01  4.971E-01  2.985E-01  2.978E-01
  3.118E-01  2.953E-01  2.801E-01  3.078E-01  2.496E-01  4.589E-01  3.786E-01  3.243E-01  2.531E-01  4.079E-01
  2.475E-01  2.351E-01  3.817E-01  4.701E-01  3.204E-01  3.319E-01  3.605E-01  4.234E-01  4.579E-01  2.971E-01
  2.814E-01  3.059E-01  3.133E-01  2.957E-01  2.620E-01  2.990E-01  3.081E-01  4.590E-01  2.920E-01  3.369E-01
  3.805E-01  3.581E-01  3.932E-01  3.313E-01  4.656E-01  5.324E-01  4.958E-01  5.450E-01  5.224E-01  5.061E-01
  3.371E-01  7.279E-01  4.959E-01  1.000E+00  4.382E-01  3.691E-01  5.233E-01  3.916E-01  6.809E-01  4.115E-01
  2.826E-01  5.977E-01  5.602E-01  3.695E-01  3.214E-01  3.909E-01  3.421E-01  3.671E-01  4.052E-01  4.002E-01
  3.524E-01  4.113E-01  6.436E-01  4.758E-01  4.148E-01  2.577E-01  3.873E-01  2.834E-01  3.612E-01  3.391E-01
  3.529E-01  3.481E-01  5.145E-01  3.114E-01  3.015E-01  2.942E-01  3.303E-01  3.303E-01  3.608E-01  3.926E-01
  4.742E-01  3.193E-01  3.566E-01  3.861E-01  3.427E-01  3.316E-01  4.731E-01  3.175E-01  3.004E-01  3.686E-01
  2.992E-01  3.420E-01  3.352E-01  3.247E-01  3.339E-01  3.363E-01  2.717E-01  3.367E-01  3.812E-01  3.735E-01
  3.581E-01  3.043E-01  6.362E-01  5.078E-01  6.567E-01  4.701E-01  4.391E-01  5.120E-01  3.895E-01  3.892E-01
  1.000E+00  1.000E+00  5.528E-01  4.573E-01  6.157E-01  4.504E-01  4.555E-01  6.576E-01  5.010E-01  3.005E-01
  4.328E-01  4.357E-01  3.932E-01  4.575E-01  3.673E-01  3.598E-01  3.455E-01  3.853E-01  4.263E-01  3.637E-01
  3.003E-01  4.101E-01  3.316E-01  5.779E-01  3.096E-01  3.490E-01  2.957E-01  3.560E-01  4.243E-01  3.002E-01
  3.963E-01  5.424E-01  3.575E-01  3.401E-01  3.084E-01  3.738E-01  3.285E-01  4.914E-01  2.655E-01  2.806E-01
  3.726E-01  4.867E-01  3.392E-01  3.036E-01  2.966E-01  3.036E-01  4.099E-01  3.488E-01  3.400E-01  3.091E-01
  3.281E-01  4.192E-01  3.379E-01  3.798E-01  3.322E-01  4.657E-01  4.527E-01  3.762E-01  4.473E-01  5.480E-01
  3.559E-01  4.196E-01  5.182E-01  3.864E-01  4.299E-01  5.121E-01  4.314E-01  4.255E-01  5.797E-01  8.043E-01
  4.613E-01  4.420E-01  6.600E-01  6.174E-01  8.468E-01  5.019E-01  4.429E-01  5.673E-01  4.363E-01  3.793E-01
  3.235E-01  4.264E-01  3.391E-01  2.555E-01  3.554E-01  3.261E-01  3.096E-01  3.756E-01  3.507E-01  3.273E-01
  3.605E-01  3.036E-01  3.184E-01  5.815E-01  4.170E-01  3.744E-01  3.978E-01  5.564E-01  3.643E-01  3.144E-01
  3.409E-01  3.317E-01  4.198E-01  3.290E-01  5.270E-01  5.459E-01  3.812E-01  2.988E-01  5.356E-01  2.856E-01
  6.582E-01  4.038E-01  3.909E-01  3.171E-01  5.513E-01  2.901E-01  2.758E-01  3.753E-01  2.551E-01  3.093E-01
  3.320E-01  4.191E-01  3.366E-01  3.431E-01  5.645E-01  4.600E-01  6.946E-01  4.219E-01  4.298E-01  3.481E-01
  5.356E-01  3.841E-01  4.306E-01  4.218E-01  4.288E-01  6.801E-01  6.794E-01  4.143E-01  4.842E-01  0.000E+00
  5.879E-01  4.621E-01  3.895E-01  4.686E-01  3.509E-01  4.794E-01  7.073E-01  3.190E-01  3.665E-01  3.678E-01
  5.115E-01  4.002E-01  3.813E-01  3.763E-01  5.124E-01  3.156E-01  6.140E-01  2.724E-01  2.658E-01  2.760E-01
  4.667E-01  4.314E-01  3.589E-01  2.854E-01  4.233E-01  3.227E-01  3.615E-01  5.978E-01  3.906E-01  3.209E-01
  4.645E-01  5.910E-01  2.592E-01  3.341E-01  4.007E-01  5.167E-01  2.875E-01  3.386E-01  4.823E-01  3.421E-01
  3.424E-01  5.119E-01  5.961E-01  4.424E-01  4.396E-01  3.325E-01  3.852E-01  2.884E-01  3.138E-01  4.733E-01
  3.652E-01  3.559E-01  3.446E-01  4.202E-01  4.480E-01  6.360E-01  4.773E-01  4.561E-01  4.429E-01  3.811E-01
  4.389E-01  5.006E-01  1.000E+00  1.000E+00  4.080E-01  4.980E-01  5.405E-01  5.790E-01  4.517E-01  3.866E-01
  3.555E-01  4.088E-01  3.020E-01  4.673E-01  3.775E-01  3.383E-01  3.729E-01  5.130E-01  3.355E-01  3.216E-01
  4.679E-01  3.208E-01  3.755E-01  2.945E-01  5.632E-01  4.227E-01  5.488E-01  4.667E-01  2.753E-01  4.206E-01
  3.364E-01  2.987E-01  3.216E-01  4.538E-01  6.138E-01  3.965E-01  3.991E-01  3.508E-01  3.995E-01  3.733E-01
  3.822E-01  3.527E-01  3.576E-01  4.961E-01  3.200E-01  3.019E-01  4.692E-01  5.145E-01  3.258E-01  7.370E-01
  4.157E-01  3.502E-01  4.687E-01  5.199E-01  5.017E-01  3.868E-01  5.989E-01  4.076E-01  4.477E-01  3.539E-01
  3.670E-01  4.601E-01  5.872E-01  5.188E-01  4.853E-01  3.607E-01  4.010E-01  6.004E-01  3.735E-01  6.028E-01
  6.086E-01  4.283E-01  7.445E-01  5.962E-01  4.539E-01  3.799E-01  4.306E-01  6.059E-01  5.780E-01  7.153E-01
  4.842E-01  3.794E-01  5.502E-01  4.585E-01  3.938E-01  4.463E-01  4.681E-01  2.890E-01  3.423E-01  3.327E-01
  3.963E-01  4.871E-01  4.216E-01  3.057E-01  3.841E-01  3.074E-01  4.064E-01  3.342E-01  3.526E-01  2.870E-01
  3.039E-01  4.590E-01  3.202E-01  3.664E-01  4.516E-01  3.593E-01  3.413E-01  3.182E-01  3.745E-01  3.346E-01
  5.051E-01  3.023E-01  3.648E-01  3.285E-01  3.938E-01  3.881E-01  5.551E-01  2.879E-01  3.681E-01  4.217E-01
  4.212E-01  3.915E-01  5.114E-01  3.129E-01  5.562E-01  4.240E-01  4.633E-01  4.286E-01  4.539E-01  3.511E-01
  5.558E-01  4.189E-01  5.275E-01  4.894E-01  4.316E-01  4.393E-01  5.805E-01  3.894E-01  6.384E-01  5.968E-01
  4.796E-01  4.261E-01  4.579E-01  7.093E-01  3.186E-01  4.309E-01  5.969E-01  7.125E-01  4.310E-01  5.451E-01
  6.891E-01  4.297E-01  3.592E-01  3.568E-01  4.065E-01  3.237E-01  8.622E-01  2.491E-01  2.976E-01  2.937E-01
  3.705E-01  3.457E-01  3.427E-01  3.281E-01  4.572E-01  3.278E-01  3.378E-01  3.473E-01  4.656E-01  4.585E-01
  2.971E-01  3.685E-01  3.765E-01  3.846E-01  2.956E-01  3.424E-01  3.391E-01  3.349E-01  3.856E-01  3.174E-01
  3.743E-01  3.908E-01  4.008E-01  5.844E-01  3.491E-01  3.680E-01  4.606E-01  4.079E-01  3.816E-01  5.020E-01
  3.346E-01  4.463E-01  3.642E-01  5.029E-01  4.582E-01  3.406E-01  4.350E-01  4.825E-01  5.415E-01  4.788E-01
  4.195E-01  3.633E-01  8.456E-01  1.000E+00  1.000E+00  5.898E-01  5.006E-01  3.948E-01  5.257E-01  5.832E-01
  4.375E-01  4.371E-01  5.027E-01  3.408E-01  7.072E-01  5.021E-01  5.372E-01  4.585E-01  3.404E-01  3.525E-01
  3.083E-01  3.558E-01  6.454E-01  4.640E-01  3.085E-01  4.795E-01  3.040E-01  3.057E-01  3.914E-01  4.316E-01
  3.630E-01  3.674E-01  4.041E-01  4.528E-01  5.185E-01  4.253E-01  4.226E-01  3.059E-01  4.912E-01  3.905E-01
  3.662E-01  3.033E-01  3.661E-01  3.853E-01  3.815E-01  3.993E-01  3.759E-01  4.140E-01  4.745E-01  3.752E-01
  5.788E-01  4.221E-01  2.557E-01  3.352E-01  3.399E-01  3.786E-01  4.492E-01  3.631E-01  3.724E-01  5.066E-01
  7.071E-01  5.053E-01  4.626E-01  1.000E+00  4.147E-01  5.440E-01  4.495E-01  3.918E-01  7.134E-01  4.386E-01
  4.571E-01  6.420E-01  7.545E-01  5.143E-01  6.645E-01  5.826E-01  5.156E-01  4.372E-01  4.792E-01  4.385E-01
  4.400E-01  4.490E-01  5.106E-01  7.396E-01  4.548E-01  3.751E-01  4.205E-01  3.753E-01  3.847E-01  4.147E-01
  4.245E-01  3.196E-01  3.311E-01  4.920E-01  3.775E-01  3.450E-01  3.790E-01  5.064E-01  3.911E-01  4.031E-01
  4.281E-01  3.135E-01  4.583E-01  4.240E-01  3.784E-01  3.567E-01  4.550E-01  4.411E-01  3.033E-01  2.973E-01
  3.269E-01  3.754E-01  4.777E-01  3.399E-01  4.361E-01  3.846E-01  4.166E-01  3.408E-01  3.769E-01  4.321E-01
  1.000E+00  5.095E-01  4.624E-01  5.380E-01  2.951E-01  3.260E-01  3.339E-01  4.733E-01  4.824E-01  7.116E-01
  5.476E-01  3.311E-01  4.173E-01  7.210E-01  6.165E-01  4.357E-01  5.190E-01  6.003E-01  5.976E-01  5.181E-01
  5.718E-01  3.843E-01  5.997E-01  7.094E-01  4.703E-01  7.195E-01  5.014E-01  5.020E-01  5.306E-01  5.331E-01
  5.813E-01  3.119E-01  4.317E-01  3.744E-01  3.083E-01  4.599E-01  3.923E-01  3.269E-01  3.431E-01  3.897E-01
  3.621E-01  4.434E-01  4.196E-01  4.049E-01  3.577E-01  4.345E-01  3.935E-01  3.476E-01  3.685E-01  5.110E-01
  2.918E-01  3.098E-01  3.003E-01  3.305E-01  4.278E-01  5.095E-01  3.086E-01  5.791E-01  3.679E-01  6.675E-01
  5.644E-01  4.287E-01  4.071E-01  3.198E-01  3.992E-01  7.762E-01  3.987E-01  4.168E-01  4.419E-01  4.193E-01
  4.175E-01  7.193E-01  3.607E-01  5.054E-01  6.680E-01  6.216E-01  3.745E-01  5.123E-01  4.321E-01  4.509E-01
  6.728E-01  8.889E-01  4.378E-01  5.046E-01  5.098E-01  5.028E-01  4.742E-01  4.687E-01  4.986E-01  5.117E-01
  7.736E-01  5.992E-01  4.545E-01  4.279E-01  3.760E-01  9.037E-01  4.281E-01  4.192E-01  5.978E-01  4.642E-01
  5.244E-01  4.385E-01  3.641E-01  3.230E-01  2.909E-01  4.033E-01  4.249E-01  3.820E-01  4.926E-01  4.613E-01
  2.939E-01  3.753E-01  3.819E-01  3.934E-01  4.246E-01  4.773E-01  4.034E-01  3.549E-01  4.032E-01  4.522E-01
  5.767E-01  3.672E-01  4.507E-01  5.333E-01  7.002E-01  6.201E-01  5.436E-01  3.971E-01  3.420E-01  3.030E-01
  4.018E-01  4.609E-01  3.011E-01  4.355E-01  4.575E-01  3.850E-01  2.918E-01  3.311E-01  4.474E-01  3.769E-01
  4.731E-01  5.952E-01  4.386E-01  5.798E-01  4.341E-01  5.289E-01  5.490E-01  6.409E-01  6.097E-01  5.090E-01
  5.195E-01  6.071E-01  6.177E-01  7.071E-01  6.449E-01  5.210E-01  5.513E-01  4.201E-01  1.000E+00  6.356E-01
  4.569E-01  4.832E-01  5.858E-01  3.845E-01  7.419E-01  4.556E-01  3.804E-01  6.022E-01  5.908E-01  4.852E-01
  4.164E-01  5.493E-01  5.366E-01  5.559E-01  5.295E-01  3.442E-01  5.128E-01  4.918E-01  3.661E-01  4.416E-01
  4.203E-01  5.532E-01  3.924E-01  3.281E-01  4.475E-01  4.957E-01  3.597E-01  3.986E-01  4.531E-01  4.315E-01
  4.734E-01  4.090E-01  3.873E-01  4.637E-01  3.599E-01  4.360E-01  4.025E-01  4.520E-01  3.497E-01  4.338E-01
  3.325E-01  3.415E-01  6.121E-01  3.803E-01  3.683E-01  4.536E-01  5.176E-01  4.782E-01  4.511E-01  5.326E-01
  4.216E-01  6.390E-01  5.802E-01  0.000E+00  8.125E-01  5.662E-01  0.000E+00  4.669E-01  8.642E-01  4.726E-01
  4.566E-01  5.386E-01  5.992E-01  7.086E-01  5.176E-01  4.338E-01  3.865E-01  1.000E+00  5.729E-01  5.381E-01
  6.476E-01  1.000E+00  4.742E-01  1.000E+00  4.194E-01  3.728E-01  3.631E-01  3.483E-01  4.526E-01  5.144E-01
  5.096E-01  7.155E-01  3.184E-01  6.899E-01  6.005E-01  4.468E-01  3.084E-01  4.578E-01  4.300E-01  4.416E-01
  5.214E-01  3.119E-01  4.898E-01  3.578E-01  4.626E-01  4.254E-01  6.757E-01  5.117E-01  4.633E-01  5.991E-01
  4.614E-01  4.419E-01  3.735E-01  3.540E-01  4.665E-01  4.076E-01  6.088E-01  5.469E-01  4.305E-01  4.568E-01
  4.560E-01  6.157E-01  4.424E-01  3.692E-01  4.255E-01  1.000E+00  1.000E+00  4.574E-01  6.084E-01  5.212E-01
  3.764E-01  4.564E-01  7.038E-01  7.156E-01  5.775E-01  7.820E-01  5.410E-01  7.102E-01  4.748E-01  6.963E-01
  6.761E-01  6.084E-01  7.187E-01  4.353E-01  4.790E-01  5.200E-01  5.808E-01  5.363E-01  5.789E-01  5.489E-01
  1.000E+00  5.962E-01  5.008E-01  5.536E-01  4.247E-01  3.339E-01  5.408E-01  6.301E-01  6.443E-01  5.471E-01
  4.106E-01  4.599E-01  5.114E-01  3.726E-01  4.840E-01  7.113E-01  5.270E-01  5.075E-01  5.098E-01  4.646E-01
  3.499E-01  3.658E-01  3.498E-01  4.652E-01  5.880E-01  4.164E-01  4.262E-01  3.894E-01  3.989E-01  7.760E-01
  6.090E-01  5.013E-01  4.226E-01  3.544E-01  4.815E-01  5.444E-01  3.531E-01  7.163E-01  6.130E-01  3.689E-01
  4.693E-01  4.985E-01  4.586E-01  6.035E-01  1.000E+00  5.551E-01  6.193E-01  4.345E-01  5.035E-01  4.611E-01
  5.871E-01  1.000E+00  6.687E-01  6.546E-01  5.232E-01  5.171E-01  7.631E-01  7.295E-01  6.238E-01  4.009E-01
  5.308E-01  4.291E-01  1.000E+00  5.013E-01  1.000E+00  5.527E-01  4.985E-01  5.506E-01  6.469E-01  4.751E-01
  6.581E-01  5.790E-01  6.243E-01  3.885E-01  5.505E-01  4.303E-01  3.773E-01  3.541E-01  5.021E-01  4.613E-01
  2.980E-01  4.812E-01  5.092E-01  5.796E-01  5.011E-01  5.623E-01  6.348E-01  5.438E-01  4.748E-01  5.444E-01
  4.221E-01  4.690E-01  4.152E-01  6.474E-01  5.583E-01  5.394E-01  4.385E-01  5.488E-01  7.330E-01  7.872E-01
  4.262E-01  5.326E-01  6.881E-01  4.957E-01  4.315E-01  5.881E-01  5.819E-01  4.297E-01  5.944E-01  6.466E-01
  3.714E-01  1.000E+00  4.713E-01  7.140E-01  5.362E-01  4.316E-01  6.053E-01  7.081E-01  5.861E-01  1.000E+00
  5.896E-01  6.204E-01  5.301E-01  4.849E-01  5.367E-01  5.191E-01  4.599E-01  4.732E-01  6.352E-01  5.689E-01
  5.177E-01  8.584E-01  4.100E-01  4.409E-01  3.688E-01  3.499E-01  5.567E-01  5.033E-01  4.478E-01  6.182E-01
  4.777E-01  4.583E-01  5.066E-01  8.046E-01  4.821E-01  4.901E-01  5.755E-01  5.303E-01  4.582E-01  6.533E-01
  5.929E-01  5.177E-01  3.680E-01  3.689E-01  4.611E-01  3.774E-01  4.311E-01  5.535E-01  3.903E-01  3.654E-01
  4.498E-01  6.396E-01  4.406E-01  4.100E-01  6.909E-01  4.002E-01  6.472E-01  3.986E-01  5.861E-01  7.650E-01
  5.847E-01  7.095E-01  4.435E-01  4.563E-01  6.711E-01  6.889E-01  4.315E-01  4.369E-01  5.018E-01  7.120E-01
  1.000E+00  5.808E-01  7.074E-01  6.066E-01  5.967E-01  6.404E-01  7.082E-01  6.007E-01  6.388E-01  1.000E+00
  5.782E-01  4.294E-01  4.997E-01  5.841E-01  7.595E-01  4.573E-01  5.580E-01  4.227E-01  5.963E-01  1.000E+00
  4.628E-01  6.056E-01  4.742E-01  8.028E-01  5.083E-01  5.069E-01  4.181E-01  5.849E-01  4.433E-01  5.353E-01
  7.299E-01  4.872E-01  8.215E-01  4.377E-01  4.549E-01  1.000E+00  3.818E-01  4.405E-01  4.829E-01  4.707E-01
  5.951E-01  8.624E-01  5.841E-01  8.138E-01  4.793E-01  5.584E-01  1.000E+00  6.011E-01  3.997E-01  4.791E-01
  3.734E-01  4.795E-01  4.879E-01  5.793E-01  4.357E-01  3.658E-01  7.879E-01  4.576E-01  5.242E-01  4.192E-01
  7.085E-01  5.603E-01  5.026E-01  4.274E-01  8.763E-01  1.000E+00  5.002E-01  4.908E-01  7.928E-01  0.000E+00
  7.728E-01  1.000E+00  5.853E-01  5.034E-01  1.000E+00  5.124E-01  1.000E+00  7.147E-01  6.135E-01  0.000E+00
  4.517E-01  8.656E-01  5.095E-01  5.013E-01  6.355E-01  5.453E-01  0.000E+00  4.726E-01  5.054E-01  4.637E-01
  8.624E-01  6.694E-01  4.686E-01  9.354E-01  7.084E-01  4.373E-01  5.373E-01  0.000E+00  5.887E-01  6.256E-01
  5.418E-01  4.984E-01  3.633E-01  5.242E-01  4.542E-01  3.509E-01  3.948E-01  9.624E-01  4.487E-01  5.980E-01
  6.827E-01  7.514E-01  7.551E-01  3.770E-01  5.065E-01  5.986E-01  4.423E-01  4.574E-01  3.807E-01  4.104E-01
  7.082E-01  5.890E-01  6.197E-01  6.731E-01  6.177E-01  6.754E-01  6.506E-01  6.109E-01  6.152E-01  4.613E-01
  7.102E-01  6.318E-01  6.337E-01  8.526E-01  6.064E-01  6.309E-01  6.255E-01  7.089E-01  6.105E-01  1.000E+00
  7.741E-01  1.000E+00  4.157E-01  7.543E-01  0.000E+00  1.000E+00  5.524E-01  5.553E-01  4.219E-01  6.926E-01
  3.642E-01  5.774E-01  5.968E-01  5.727E-01  5.950E-01  5.475E-01  7.887E-01  5.824E-01  5.249E-01  5.924E-01
  5.450E-01  6.528E-01  5.548E-01  7.090E-01  3.952E-01  3.907E-01  5.073E-01  4.827E-01  5.675E-01  5.911E-01
  6.176E-01  4.177E-01  4.882E-01  4.714E-01  5.084E-01  1.000E+00  5.325E-01  5.990E-01  4.000E-01  9.899E-01
  4.267E-01  4.316E-01  5.722E-01  7.309E-01  4.835E-01  6.909E-01  5.615E-01  5.198E-01  4.755E-01  4.240E-01
  7.093E-01  4.175E-01  7.230E-01  0.000E+00  5.440E-01  6.001E-01  1.000E+00  7.079E-01  6.577E-01  5.492E-01
  7.189E-01  0.000E+00  4.882E-01  5.347E-01  7.125E-01  1.000E+00  7.366E-01  1.000E+00  6.992E-01  7.563E-01
  5.331E-01  4.871E-01  6.092E-01  4.104E-01  6.058E-01  5.454E-01  5.836E-01  5.081E-01  4.481E-01  4.330E-01
  5.287E-01  4.825E-01  5.328E-01  7.465E-01  4.681E-01  5.826E-01  5.211E-01  7.007E-01  3.574E-01  4.859E-01
  5.616E-01  6.118E-01  5.465E-01  4.517E-01  6.617E-01  4.813E-01  3.711E-01  4.485E-01  4.741E-01  6.282E-01
  7.165E-01  5.344E-01  1.000E+00  4.910E-01  7.130E-01  5.943E-01  6.209E-01  5.778E-01  7.081E-01  5.809E-01
  5.801E-01  6.464E-01  6.022E-01  7.125E-01  5.741E-01  6.544E-01  6.115E-01  8.167E-01  7.205E-01  1.000E+00
  1.000E+00  6.208E-01  5.047E-01  7.626E-01  6.925E-01  5.729E-01  5.244E-01  4.653E-01  3.787E-01  6.842E-01
  6.301E-01  7.076E-01  1.000E+00  1.000E+00  5.007E-01  1.000E+00  1.000E+00  7.156E-01  1.000E+00  5.046E-01
  5.844E-01  6.301E-01  6.018E-01  8.550E-01  7.301E-01  5.092E-01  6.146E-01  5.481E-01  7.291E-01  5.473E-01
  5.917E-01  1.000E+00  5.774E-01  4.637E-01  6.369E-01  4.554E-01  5.976E-01  7.378E-01  4.435E-01  6.118E-01
  4.280E-01  4.588E-01  4.276E-01  7.132E-01  4.832E-01  5.629E-01  4.722E-01  4.698E-01  4.791E-01  5.214E-01
  4.091E-01  6.985E-01  5.105E-01  5.076E-01  6.793E-01  4.471E-01  5.231E-01  5.133E-01  4.236E-01  7.327E-01
  7.073E-01  4.491E-01  6.121E-01  4.849E-01  8.504E-01  5.576E-01  1.000E+00  7.100E-01  5.271E-01  5.484E-01
  5.811E-01  9.543E-01  6.115E-01  9.516E-01  5.520E-01  6.381E-01  5.051E-01  1.000E+00  6.949E-01  1.000E+00
  6.135E-01  0.000E+00  8.976E-01  7.071E-01  1.000E+00  5.299E-01  6.209E-01  5.004E-01  5.814E-01  7.527E-01
  8.114E-01  5.332E-01  4.562E-01  1.000E+00  6.032E-01  7.235E-01  8.288E-01  1.000E+00  7.475E-01  7.089E-01
  5.252E-01  4.443E-01  6.401E-01  8.332E-01  4.028E-01  6.722E-01  6.595E-01  5.266E-01  6.504E-01  9.705E-01
  7.243E-01  6.027E-01  4.842E-01  5.854E-01  6.617E-01  6.099E-01  6.909E-01  6.482E-01  4.331E-01  5.759E-01
  7.200E-01  8.125E-01  4.869E-01  5.855E-01  6.289E-01  7.085E-01  5.561E-01  5.380E-01  5.775E-01  5.658E-01
  5.895E-01  5.095E-01  5.794E-01  6.877E-01  6.405E-01  5.165E-01  4.781E-01  7.174E-01  7.387E-01  5.126E-01
  5.507E-01  5.938E-01  5.157E-01  1.000E+00  8.586E-01  6.250E-01  1.000E+00  7.075E-01  7.169E-01  5.081E-01
  9.313E-01  0.000E+00  5.917E-01  6.652E-01  4.265E-01  1.000E+00  1.000E+00  1.000E+00  5.790E-01  4.460E-01
  6.235E-01  6.025E-01  1.000E+00  7.080E-01  0.000E+00  4.142E-01  7.002E-01  4.623E-01  6.188E-01  9.222E-01
  6.835E-01  4.687E-01  6.188E-01  4.394E-01  5.801E-01  3.967E-01  5.787E-01  6.182E-01  8.112E-01  5.538E-01
  9.000E-01  6.611E-01  4.185E-01  4.850E-01  7.072E-01  5.343E-01  4.416E-01  6.584E-01  7.829E-01  5.871E-01
  4.205E-01  6.843E-01  7.478E-01  6.757E-01  5.924E-01  1.000E+00  6.128E-01  0.000E+00  6.182E-01  7.714E-01
  8.047E-01  4.312E-01  1.000E+00  5.964E-01  5.582E-01  5.079E-01  4.679E-01  5.425E-01  5.460E-01  5.716E-01
  4.695E-01  5.734E-01  5.856E-01  7.080E-01  1.000E+00  6.016E-01  7.257E-01  7.088E-01  5.018E-01  6.120E-01
  1.000E+00  4.928E-01  6.020E-01  0.000E+00  0.000E+00  1.000E+00  5.190E-01  5.969E-01  7.120E-01  6.497E-01
  5.092E-01  4.759E-01  6.099E-01  5.065E-01  6.146E-01  5.913E-01  6.416E-01  9.183E-01  7.073E-01  5.027E-01
  4.988E-01  9.210E-01  7.150E-01  0.000E+00  7.859E-01  5.977E-01  1.000E+00  4.506E-01  5.478E-01  7.404E-01
  0.000E+00  5.425E-01  5.069E-01  5.959E-01  7.848E-01  5.065E-01  6.315E-01  7.076E-01  5.738E-01  4.108E-01
  1.000E+00  6.623E-01  7.463E-01  5.648E-01  5.024E-01  6.318E-01  5.063E-01  1.000E+00  7.140E-01  7.079E-01
  1.000E+00  1.000E+00  0.000E+00  0.000E+00  6.671E-01  8.599E-01  1.000E+00  5.341E-01  1.000E+00  5.227E-01
  1.000E+00  1.000E+00  8.134E-01  1.000E+00  5.568E-01  5.548E-01  1.000E+00  0.000E+00  7.350E-01  5.095E-01
  1.000E+00  5.696E-01  7.791E-01  1.000E+00  1.000E+00  5.941E-01  7.361E-01  8.260E-01  1.000E+00  4.146E-01
  4.867E-01  9.139E-01  7.095E-01  7.071E-01  4.954E-01  4.494E-01  4.894E-01  5.933E-01  4.588E-01  6.315E-01
  4.603E-01  4.205E-01  0.000E+00  7.219E-01  5.412E-01  1.000E+00  7.599E-01  4.794E-01  5.543E-01  4.203E-01
  1.000E+00  4.845E-01  1.000E+00  6.536E-01  5.226E-01  4.776E-01  5.836E-01  4.077E-01  4.909E-01  1.000E+00
  6.167E-01  4.858E-01  6.040E-01  1.000E+00  1.000E+00  4.895E-01  8.363E-01  6.067E-01  4.835E-01  7.071E-01
  0.000E+00  6.981E-01  7.802E-01  1.000E+00  8.091E-01  6.108E-01  7.323E-01  1.000E+00  0.000E+00  8.676E-01
  8.477E-01  6.040E-01  7.456E-01  1.000E+00  9.144E-01  6.484E-01  1.000E+00  6.782E-01  7.273E-01  0.000E+00
  0.000E+00  8.055E-01  8.000E-01  6.617E-01  5.994E-01  6.281E-01  4.812E-01  7.529E-01  5.623E-01  6.267E-01
  1.000E+00  5.367E-01  5.976E-01  4.670E-01  1.000E+00  5.008E-01  0.000E+00  4.988E-01  7.847E-01  1.000E+00
  7.165E-01  5.922E-01  7.254E-01  5.438E-01  5.376E-01  5.263E-01  8.096E-01  5.860E-01  5.482E-01  1.000E+00
  7.810E-01  6.063E-01  8.829E-01  6.864E-01  1.000E+00  5.614E-01  8.960E-01  5.617E-01  7.324E-01  6.652E-01
  6.351E-01  7.073E-01  5.128E-01  5.454E-01  4.543E-01  0.000E+00  5.911E-01  6.288E-01  6.137E-01  7.708E-01
  6.099E-01  1.000E+00  7.601E-01  1.000E+00  6.177E-01  5.796E-01  1.000E+00  8.474E-01  5.508E-01  6.812E-01
  5.976E-01  8.206E-01  6.916E-01  8.826E-01  1.000E+00  1.000E+00  0.000E+00  4.529E-01  1.000E+00  1.000E+00
  1.000E+00  4.849E-01  5.271E-01  1.000E+00  1.000E+00  5.104E-01  8.728E-01  5.831E-01  7.391E-01  5.409E-01
  1.000E+00  1.000E+00  5.970E-01  0.000E+00  7.401E-01  7.071E-01  6.538E-01  5.073E-01  7.550E-01  7.129E-01
  8.285E-01  5.657E-01  0.000E+00  4.947E-01  5.786E-01  6.607E-01  5.021E-01  7.071E-01  8.786E-01  3.757E-01
  7.072E-01  1.000E+00  5.154E-01  6.798E-01  7.951E-01  1.000E+00  4.698E-01  1.000E+00  5.026E-01  4.600E-01
  0.000E+00  1.000E+00  5.933E-01  6.362E-01  5.129E-01  5.783E-01  5.532E-01  5.160E-01  8.129E-01  5.482E-01
  6.045E-01  5.321E-01  7.093E-01  1.000E+00  6.015E-01  7.866E-01  1.000E+00  8.147E-01  1.000E+00  1.000E+00
  6.107E-01  7.072E-01  7.657E-01  6.609E-01  5.810E-01  5.050E-01  6.052E-01  4.633E-01  7.770E-01  6.351E-01
  5.793E-01  1.000E+00  8.091E-01  7.113E-01  5.986E-01  7.078E-01  0.000E+00  5.655E-01  5.276E-01  1.000E+00
  6.354E-01  1.000E+00  7.349E-01  6.365E-01  7.623E-01  5.176E-01  5.343E-01  3.689E-01  6.269E-01  6.024E-01
  8.948E-01  5.651E-01  7.071E-01  7.867E-01  0.000E+00  7.612E-01  7.027E-01  5.512E-01  1.000E+00  6.413E-01
  1.000E+00  5.210E-01  5.680E-01  5.223E-01  7.120E-01  1.000E+00  5.867E-01  1.000E+00  7.280E-01  1.000E+00
  1.000E+00  7.117E-01  7.150E-01  7.074E-01  4.731E-01  6.698E-01  5.124E-01  4.863E-01  1.000E+00  7.231E-01
  5.845E-01  6.224E-01  5.989E-01  9.300E-01  7.062E-01  0.000E+00  1.000E+00  1.000E+00  7.223E-01  7.074E-01
  5.856E-01  1.000E+00  7.308E-01  1.000E+00  5.774E-01  0.000E+00  1.000E+00  6.332E-01  1.000E+00  1.000E+00
  7.450E-01  6.399E-01  7.211E-01  1.000E+00  5.382E-01  5.454E-01  1.000E+00  6.376E-01  1.000E+00  1.000E+00
  4.942E-01  4.883E-01  6.115E-01  6.980E-01  6.858E-01  6.090E-01  0.000E+00  7.187E-01  5.560E-01  7.123E-01
  6.457E-01  0.000E+00  6.494E-01  7.189E-01  4.689E-01  7.604E-01  1.000E+00  8.490E-01  6.071E-01  1.000E+00
  4.839E-01  0.000E+00  7.235E-01  8.799E-01  0.000E+00  0.000E+00  6.070E-01  5.774E-01  8.938E-01  6.336E-01
  1.000E+00  5.994E-01  7.399E-01  7.175E-01  7.073E-01  5.698E-01  6.063E-01  5.387E-01  7.103E-01  6.810E-01
  8.221E-01  7.329E-01  0.000E+00  0.000E+00  1.000E+00  7.122E-01  8.392E-01  1.000E+00  1.000E+00  4.648E-01
  1.000E+00  0.000E+00  7.567E-01  5.334E-01  5.098E-01  0.000E+00  9.063E-01  5.923E-01  7.174E-01  0.000E+00
  7.117E-01  8.868E-01  5.805E-01  7.585E-01  1.000E+00  7.074E-01  1.000E+00  4.578E-01  6.351E-01  4.410E-01
  7.905E-01  1.000E+00  7.078E-01  7.315E-01  4.863E-01  6.494E-01  5.225E-01  5.410E-01  4.723E-01  6.804E-01
  1.000E+00  1.000E+00  6.189E-01  1.000E+00  7.151E-01  7.071E-01  8.121E-01  0.000E+00  7.155E-01  7.071E-01
  5.961E-01  0.000E+00  1.000E+00  6.404E-01  0.000E+00  6.784E-01  5.826E-01  7.504E-01  7.849E-01  1.000E+00
  0.000E+00  6.154E-01  5.047E-01  5.851E-01  7.954E-01  6.782E-01  9.221E-01  7.072E-01  0.000E+00  0.000E+00
  7.445E-01  1.000E+00  5.982E-01  7.077E-01  7.124E-01  9.882E-01  9.132E-01  1.000E+00  1.000E+00  1.000E+00
  1.000E+00  8.791E-01  1.000E+00  1.000E+00  1.000E+00  7.071E-01  0.000E+00  6.642E-01  9.936E-01  1.000E+00
  0.000E+00  6.044E-01  7.751E-01  5.427E-01  1.000E+00  1.000E+00  6.140E-01  0.000E+00  9.082E-01  6.195E-01
  7.071E-01  4.752E-01  5.559E-01  1.000E+00  7.171E-01  5.985E-01  6.538E-01  6.583E-01  6.303E-01  7.499E-01
  7.071E-01  1.000E+00  5.816E-01  1.000E+00  0.000E+00  7.072E-01  1.000E+00  1.000E+00  1.000E+00  0.000E+00
  7.375E-01  1.000E+00  6.461E-01  9.397E-01  1.000E+00  5.122E-01  5.774E-01  5.186E-01  0.000E+00  4.772E-01
  0.000E+00  1.000E+00  9.206E-01  7.536E-01  7.077E-01  6.054E-01  6.547E-01  6.533E-01  1.000E+00  1.000E+00
  4.721E-01  7.079E-01  1.000E+00  1.000E+00  8.432E-01  9.137E-01  8.297E-01  1.000E+00  0.000E+00  5.799E-01
  7.262E-01  7.434E-01  1.000E+00  8.030E-01  7.063E-01  6.180E-01  7.799E-01  6.723E-01  7.773E-01  7.891E-01
  1.000E+00  7.926E-01  6.032E-01  7.797E-01  1.000E+00  1.000E+00  1.000E+00  0.000E+00  5.056E-01  7.071E-01
  7.111E-01  5.207E-01  7.365E-01  5.146E-01  5.771E-01  6.579E-01  7.207E-01  1.000E+00  5.882E-01  8.185E-01
  6.439E-01  6.709E-01  6.275E-01  6.933E-01  1.000E+00  0.000E+00  5.576E-01  5.933E-01  7.081E-01  7.454E-01
  1.000E+00  8.474E-01  7.882E-01  5.065E-01  7.891E-01  1.000E+00  5.220E-01  8.033E-01  6.105E-01  7.080E-01
  0.000E+00  7.574E-01  1.000E+00  8.089E-01  0.000E+00  7.984E-01  7.970E-01  5.416E-01  1.000E+00  7.078E-01
  1.000E+00  6.503E-01  8.266E-01  7.394E-01  5.582E-01  1.000E+00  7.094E-01  7.134E-01  7.310E-01  1.000E+00
  7.561E-01  7.163E-01  1.000E+00  7.076E-01  7.111E-01  4.634E-01  6.245E-01  1.000E+00  5.839E-01  1.000E+00
  5.203E-01  0.000E+00  6.483E-01  1.000E+00  8.161E-01  5.793E-01  7.074E-01  4.626E-01  1.000E+00  7.510E-01
  6.461E-01  0.000E+00  6.017E-01  6.101E-01  0.000E+00  5.969E-01  6.493E-01  1.000E+00  5.029E-01  0.000E+00
  7.104E-01  0.000E+00  1.000E+00  5.003E-01  1.000E+00  9.945E-01  7.081E-01  1.000E+00  8.518E-01  5.368E-01
  7.154E-01  7.129E-01  1.000E+00  7.547E-01  7.972E-01  5.685E-01  1.000E+00  6.795E-01  8.165E-01  5.881E-01
  1.000E+00  6.148E-01  7.104E-01  7.046E-01  1.000E+00  1.000E+00  5.003E-01  1.000E+00  5.791E-01  7.555E-01
  7.073E-01  7.420E-01  1.000E+00  7.835E-01  4.618E-01  5.862E-01  7.261E-01  6.047E-01  7.199E-01  1.000E+00
  7.079E-01  1.000E+00  7.336E-01  8.091E-01  9.183E-01  6.046E-01  7.251E-01  0.000E+00  0.000E+00  5.558E-01
  7.681E-01  1.000E+00  1.000E+00  8.238E-01  7.072E-01  1.000E+00  7.206E-01  5.917E-01  7.810E-01  6.274E-01
  1.000E+00  1.000E+00  7.378E-01  0.000E+00  1.000E+00  5.197E-01  5.787E-01  0.000E+00  6.681E-01  7.202E-01
  4.469E-01  5.332E-01  6.193E-01  7.167E-01  5.366E-01  0.000E+00  7.420E-01  0.000E+00  0.000E+00  5.831E-01
  1.000E+00  7.110E-01  9.195E-01  1.000E+00  7.071E-01  1.000E+00  0.000E+00  0.000E+00  5.513E-01  0.000E+00
  8.762E-01  6.103E-01  1.000E+00  1.000E+00  0.000E+00  1.000E+00  7.246E-01  1.000E+00  8.668E-01  1.000E+00
  1.000E+00  7.955E-01  6.367E-01  0.000E+00  1.000E+00  5.094E-01  1.000E+00  4.401E-01  5.430E-01  0.000E+00
  1.000E+00  7.857E-01  1.000E+00  7.163E-01  1.000E+00  6.146E-01  7.307E-01  1.000E+00  0.000E+00  7.616E-01
  7.273E-01  1.000E+00  6.234E-01  7.732E-01  6.984E-01  9.885E-01  8.621E-01  6.346E-01  1.000E+00  1.000E+00
  0.000E+00  6.443E-01  7.386E-01  1.000E+00  6.053E-01  6.668E-01  5.826E-01  6.597E-01  8.923E-01  6.394E-01
  1.000E+00  7.071E-01  0.000E+00  6.688E-01  6.104E-01  0.000E+00  0.000E+00  7.106E-01  1.000E+00  0.000E+00

#------------------------------------------------------------------------------
# gshow
#------------------------------------------------------------------------------

p: legs[c5*0.875]

hb:   line clip z  
frame:
 -9.9999756E+00 -1.4999930E+01
  1.0100024E+01 -1.4999930E+01
  1.0100024E+01  1.5000070E+01
 -9.9999756E+00  1.5000070E+01
clip:
 -1.02955634E+01 -1.52969593E+01
 -9.50000000E+00 -1.52969593E+01
 -9.50000000E+00 -1.51207039E+01
 -9.50000000E+00 -1.49910187E+01
 -9.50000000E+00 -1.48147633E+01
 -9.50000000E+00 -1.46850781E+01
 -9.50000000E+00 -1.45088227E+01
 -9.50000000E+00 -1.43791376E+01
 -9.50000000E+00 -1.42028821E+01
 -9.50000000E+00 -1.40731970E+01
 -9.50000000E+00 -1.38969415E+01
 -9.50000000E+00 -1.37672564E+01
 -9.50000000E+00 -1.35910009E+01
 -9.50000000E+00 -1.34613158E+01
 -9.50000000E+00 -1.32850603E+01
 -9.50000000E+00 -1.31553752E+01
 -9.50000000E+00 -1.29791197E+01
 -9.50000000E+00 -1.28494346E+01
 -9.50000000E+00 -1.26731791E+01
 -9.50000000E+00 -1.25434940E+01
 -9.50000000E+00 -1.23672385E+01
 -9.50000000E+00 -1.22375534E+01
 -9.50000000E+00 -1.20612979E+01
 -9.50000000E+00 -1.19316128E+01
 -9.50000000E+00 -1.17553573E+01
 -9.50000000E+00 -1.16256722E+01
 -9.50000000E+00 -1.14494167E+01
 -9.50000000E+00 -1.13197316E+01
 -9.50000000E+00 -1.11434761E+01
 -9.50000000E+00 -1.10137910E+01
 -9.50000000E+00 -1.08375355E+01
 -9.50000000E+00 -1.07078504E+01
 -9.50000000E+00 -1.05315949E+01
 -9.50000000E+00 -1.04019098E+01
 -9.50000000E+00 -1.02256544E+01
 -9.50000000E+00 -1.00959692E+01
 -9.50000000E+00 -9.91971376E+00
 -9.50000000E+00 -9.79002864E+00
 -9.50000000E+00 -9.61377317E+00
 -9.50000000E+00 -9.48408805E+00
 -9.50000000E+00 -9.30783257E+00
 -9.50000000E+00 -9.17814745E+00
 -9.50000000E+00 -9.00189198E+00
 -9.50000000E+00 -8.87220686E+00
 -9.50000000E+00 -8.69595138E+00
 -9.50000000E+00 -8.56626626E+00
 -9.50000000E+00 -8.39001079E+00
 -9.50000000E+00 -8.26032567E+00
 -9.50000000E+00 -8.08407020E+00
 -9.50000000E+00 -7.95438508E+00
 -9.50000000E+00 -7.77812960E+00
 -9.50000000E+00 -7.64844448E+00
 -9.50000000E+00 -7.47218901E+00
 -9.50000000E+00 -7.34250389E+00
 -9.50000000E+00 -7.16624841E+00
 -9.50000000E+00 -7.03656329E+00
 -9.50000000E+00 -6.86030782E+00
 -9.50000000E+00 -6.73062270E+00
 -9.50000000E+00 -6.55436723E+00
 -9.50000000E+00 -6.42468210E+00
 -9.50000000E+00 -6.24842663E+00
 -9.50000000E+00 -6.11874151E+00
 -9.50000000E+00 -5.94248604E+00
 -9.50000000E+00 -5.81280092E+00
 -9.50000000E+00 -5.63654544E+00
 -9.50000000E+00 -5.50686032E+00
 -9.50000000E+00 -5.33060485E+00
 -9.50000000E+00 -5.20091973E+00
 -9.50000000E+00 -5.02466426E+00
 -9.50000000E+00 -4.89497913E+00
 -9.50000000E+00 -4.71872366E+00
 -9.50000000E+00 -4.58903854E+00
 -9.50000000E+00 -4.41278307E+00
 -9.50000000E+00 -4.28309795E+00
 -9.50000000E+00 -4.10684247E+00
 -9.50000000E+00 -3.97715735E+00
 -9.50000000E+00 -3.80090188E+00
 -9.50000000E+00 -3.67121676E+00
 -9.50000000E+00 -3.49496128E+00
 -9.50000000E+00 -3.36527616E+00
 -9.50000000E+00 -3.18902069E+00
 -9.50000000E+00 -3.05933557E+00
 -9.50000000E+00 -2.88308010E+00
 -9.50000000E+00 -2.75339498E+00
 -9.50000000E+00 -2.57713950E+00
 -9.50000000E+00 -2.44745438E+00
 -9.50000000E+00 -2.27119891E+00
 -9.50000000E+00 -2.14151379E+00
 -9.50000000E+00 -1.96525831E+00
 -9.50000000E+00 -1.83557319E+00
 -9.50000000E+00 -1.65931772E+00
 -9.50000000E+00 -1.52963260E+00
 -9.50000000E+00 -1.35337713E+00
 -9.50000000E+00 -1.22369201E+00
 -9.50000000E+00 -1.04743653E+00
 -9.50000000E+00 -9.17751412E-01
 -9.50000000E+00 -7.41495938E-01
 -9.50000000E+00 -6.11810818E-01
 -9.50000000E+00 -4.35555344E-01
 -9.50000000E+00 -3.05870224E-01
 -9.50000000E+00 -1.29614750E-01
 -9.50000000E+00  7.03703670E-05
 -9.50000000E+00  1.76325844E-01
 -9.50000000E+00  3.06010964E-01
 -9.50000000E+00  4.82266438E-01
 -9.50000000E+00  6.11951558E-01
 -9.50000000E+00  7.88207032E-01
 -9.50000000E+00  9.17892153E-01
 -9.50000000E+00  1.09414763E+00
 -9.50000000E+00  1.22383275E+00
 -9.50000000E+00  1.40008822E+00
 -9.50000000E+00  1.52977334E+00
 -9.50000000E+00  1.70602881E+00
 -9.50000000E+00  1.83571393E+00
 -9.50000000E+00  2.01196941E+00
 -9.50000000E+00  2.14165453E+00
 -9.50000000E+00  2.31791000E+00
 -9.50000000E+00  2.44759512E+00
 -9.50000000E+00  2.62385060E+00
 -9.50000000E+00  2.75353572E+00
 -9.50000000E+00  2.92979119E+00
 -9.50000000E+00  3.05947631E+00
 -9.50000000E+00  3.23573178E+00
 -9.50000000E+00  3.36541691E+00
 -9.50000000E+00  3.54167238E+00
 -9.50000000E+00  3.67135750E+00
 -9.50000000E+00  3.84761297E+00
 -9.50000000E+00  3.97729809E+00
 -9.50000000E+00  4.15355357E+00
 -9.50000000E+00  4.28323869E+00
 -9.50000000E+00  4.45949416E+00
 -9.50000000E+00  4.58917928E+00
 -9.50000000E+00  4.76543475E+00
 -9.50000000E+00  4.89511988E+00
 -9.50000000E+00  5.07137535E+00
 -9.50000000E+00  5.20106047E+00
 -9.50000000E+00  5.37731594E+00
 -9.50000000E+00  5.50700106E+00
 -9.50000000E+00  5.68325654E+00
 -9.50000000E+00  5.81294166E+00
 -9.50000000E+00  5.98919713E+00
 -9.50000000E+00  6.11888225E+00
 -9.50000000E+00  6.29513772E+00
 -9.50000000E+00  6.42482285E+00
 -9.50000000E+00  6.60107832E+00
 -9.50000000E+00  6.73076344E+00
 -9.50000000E+00  6.90701891E+00
 -9.50000000E+00  7.03670403E+00
 -9.50000000E+00  7.21295951E+00
 -9.50000000E+00  7.34264463E+00
 -9.50000000E+00  7.51890010E+00
 -9.50000000E+00  7.64858522E+00
 -9.50000000E+00  7.82484070E+00
 -9.50000000E+00  7.95452582E+00
 -9.50000000E+00  8.13078129E+00
 -9.50000000E+00  8.26046641E+00
 -9.50000000E+00  8.43672188E+00
 -9.50000000E+00  8.56640700E+00
 -9.50000000E+00  8.74266248E+00
 -9.50000000E+00  8.87234760E+00
 -9.50000000E+00  9.04860307E+00
 -9.50000000E+00  9.17828819E+00
 -9.50000000E+00  9.35454367E+00
 -9.50000000E+00  9.48422879E+00
 -9.50000000E+00  9.66048426E+00
 -9.50000000E+00  9.79016938E+00
 -9.50000000E+00  9.96642485E+00
 -9.50000000E+00  1.00961100E+01
 -9.50000000E+00  1.02723654E+01
 -9.50000000E+00  1.04020506E+01
 -9.50000000E+00  1.05783060E+01
 -9.50000000E+00  1.07079912E+01
 -9.50000000E+00  1.08842466E+01
 -9.50000000E+00  1.10139318E+01
 -9.50000000E+00  1.11901872E+01
 -9.50000000E+00  1.13198724E+01
 -9.50000000E+00  1.14961278E+01
 -9.50000000E+00  1.16258129E+01
 -9.50000000E+00  1.18020684E+01
 -9.50000000E+00  1.19317535E+01
 -9.50000000E+00  1.21080090E+01
 -9.50000000E+00  1.22376941E+01
 -9.50000000E+00  1.24139496E+01
 -9.50000000E+00  1.25436347E+01
 -9.50000000E+00  1.27198902E+01
 -9.50000000E+00  1.28495753E+01
 -9.50000000E+00  1.30258308E+01
 -9.50000000E+00  1.31555159E+01
 -9.50000000E+00  1.33317714E+01
 -9.50000000E+00  1.34614565E+01
 -9.50000000E+00  1.36377120E+01
 -9.50000000E+00  1.37673971E+01
 -9.50000000E+00  1.39436526E+01
 -9.50000000E+00  1.40733377E+01
 -9.50000000E+00  1.42495932E+01
 -9.50000000E+00  1.43792783E+01
 -9.50000000E+00  1.45555338E+01
 -9.50000000E+00  1.46852189E+01
 -9.50000000E+00  1.48614744E+01
 -9.50000000E+00  1.49911595E+01
 -9.50000000E+00  1.51674150E+01
 -9.50000000E+00  1.52971001E+01
 -9.67791636E+00  1.52971001E+01
 -9.98673989E+00  1.52971001E+01
 -1.02955634E+01  1.52971001E+01
 -1.02955634E+01  1.49911595E+01
 -1.02955634E+01  1.46852189E+01
 -1.02955634E+01  1.43792783E+01
 -1.02955634E+01  1.40733377E+01
 -1.02955634E+01  1.37673971E+01
 -1.02955634E+01  1.34614565E+01
 -1.02955634E+01  1.31555159E+01
 -1.02955634E+01  1.28495753E+01
 -1.02955634E+01  1.25436347E+01
 -1.02955634E+01  1.22376941E+01
 -1.02955634E+01  1.19317535E+01
 -1.02955634E+01  1.16258129E+01
 -1.02955634E+01  1.13198724E+01
 -1.02955634E+01  1.10139318E+01
 -1.02955634E+01  1.07079912E+01
 -1.02955634E+01  1.04020506E+01
 -1.02955634E+01  1.00961100E+01
 -1.02955634E+01  9.79016938E+00
 -1.02955634E+01  9.48422879E+00
 -1.02955634E+01  9.17828819E+00
 -1.02955634E+01  8.87234760E+00
 -1.02955634E+01  8.56640700E+00
 -1.02955634E+01  8.26046641E+00
 -1.02955634E+01  7.95452582E+00
 -1.02955634E+01  7.64858522E+00
 -1.02955634E+01  7.34264463E+00
 -1.02955634E+01  7.03670403E+00
 -1.02955634E+01  6.73076344E+00
 -1.02955634E+01  6.42482285E+00
 -1.02955634E+01  6.11888225E+00
 -1.02955634E+01  5.81294166E+00
 -1.02955634E+01  5.50700106E+00
 -1.02955634E+01  5.20106047E+00
 -1.02955634E+01  4.89511988E+00
 -1.02955634E+01  4.58917928E+00
 -1.02955634E+01  4.28323869E+00
 -1.02955634E+01  3.97729809E+00
 -1.02955634E+01  3.67135750E+00
 -1.02955634E+01  3.36541691E+00
 -1.02955634E+01  3.05947631E+00
 -1.02955634E+01  2.75353572E+00
 -1.02955634E+01  2.44759512E+00
 -1.02955634E+01  2.14165453E+00
 -1.02955634E+01  1.83571393E+00
 -1.02955634E+01  1.52977334E+00
 -1.02955634E+01  1.22383275E+00
 -1.02955634E+01  9.17892153E-01
 -1.02955634E+01  6.11951558E-01
 -1.02955634E+01  3.06010964E-01
 -1.02955634E+01  7.03703670E-05
 -1.02955634E+01 -3.05870224E-01
 -1.02955634E+01 -6.11810818E-01
 -1.02955634E+01 -9.17751412E-01
 -1.02955634E+01 -1.22369201E+00
 -1.02955634E+01 -1.52963260E+00
 -1.02955634E+01 -1.83557319E+00
 -1.02955634E+01 -2.14151379E+00
 -1.02955634E+01 -2.44745438E+00
 -1.02955634E+01 -2.75339498E+00
 -1.02955634E+01 -3.05933557E+00
 -1.02955634E+01 -3.36527616E+00
 -1.02955634E+01 -3.67121676E+00
 -1.02955634E+01 -3.97715735E+00
 -1.02955634E+01 -4.28309795E+00
 -1.02955634E+01 -4.58903854E+00
 -1.02955634E+01 -4.89497913E+00
 -1.02955634E+01 -5.20091973E+00
 -1.02955634E+01 -5.50686032E+00
 -1.02955634E+01 -5.81280092E+00
 -1.02955634E+01 -6.11874151E+00
 -1.02955634E+01 -6.42468210E+00
 -1.02955634E+01 -6.73062270E+00
 -1.02955634E+01 -7.03656329E+00
 -1.02955634E+01 -7.34250389E+00
 -1.02955634E+01 -7.64844448E+00
 -1.02955634E+01 -7.95438508E+00
 -1.02955634E+01 -8.26032567E+00
 -1.02955634E+01 -8.56626626E+00
 -1.02955634E+01 -8.87220686E+00
 -1.02955634E+01 -9.17814745E+00
 -1.02955634E+01 -9.48408805E+00
 -1.02955634E+01 -9.79002864E+00
 -1.02955634E+01 -1.00959692E+01
 -1.02955634E+01 -1.04019098E+01
 -1.02955634E+01 -1.07078504E+01
 -1.02955634E+01 -1.10137910E+01
 -1.02955634E+01 -1.13197316E+01
 -1.02955634E+01 -1.16256722E+01
 -1.02955634E+01 -1.19316128E+01
 -1.02955634E+01 -1.22375534E+01
 -1.02955634E+01 -1.25434940E+01
 -1.02955634E+01 -1.28494346E+01
 -1.02955634E+01 -1.31553752E+01
 -1.02955634E+01 -1.34613158E+01
 -1.02955634E+01 -1.37672564E+01
 -1.02955634E+01 -1.40731970E+01
 -1.02955634E+01 -1.43791376E+01
 -1.02955634E+01 -1.46850781E+01
 -1.02955634E+01 -1.49910187E+01
 -1.02955634E+01 -1.52969593E+01

hb:   line clip z  
frame:
 -9.9999756E+00 -1.4999930E+01
  1.0100024E+01 -1.4999930E+01
  1.0100024E+01  1.5000070E+01
 -9.9999756E+00  1.5000070E+01
clip:
 -9.36909283E+00 -1.52969593E+01
  9.50000000E+00 -1.52969593E+01
  9.50000000E+00 -1.52663899E+01
  9.50000000E+00 -1.49910187E+01
  9.50000000E+00 -1.49604493E+01
  9.50000000E+00 -1.46850781E+01
  9.50000000E+00 -1.46545087E+01
  9.50000000E+00 -1.43791376E+01
  9.50000000E+00 -1.43485681E+01
  9.50000000E+00 -1.40731970E+01
  9.50000000E+00 -1.40426275E+01
  9.50000000E+00 -1.37672564E+01
  9.50000000E+00 -1.37366869E+01
  9.50000000E+00 -1.34613158E+01
  9.50000000E+00 -1.34307463E+01
  9.50000000E+00 -1.31553752E+01
  9.50000000E+00 -1.31248057E+01
  9.50000000E+00 -1.28494346E+01
  9.50000000E+00 -1.28188651E+01
  9.50000000E+00 -1.25434940E+01
  9.50000000E+00 -1.25129245E+01
  9.50000000E+00 -1.22375534E+01
  9.50000000E+00 -1.22069839E+01
  9.50000000E+00 -1.19316128E+01
  9.50000000E+00 -1.19010433E+01
  9.50000000E+00 -1.16256722E+01
  9.50000000E+00 -1.15951027E+01
  9.50000000E+00 -1.13197316E+01
  9.50000000E+00 -1.12891621E+01
  9.50000000E+00 -1.10137910E+01
  9.50000000E+00 -1.09832215E+01
  9.50000000E+00 -1.07078504E+01
  9.50000000E+00 -1.06772809E+01
  9.50000000E+00 -1.04019098E+01
  9.50000000E+00 -1.03713404E+01
  9.50000000E+00 -1.00959692E+01
  9.50000000E+00 -1.00653998E+01
  9.50000000E+00 -9.79002864E+00
  9.50000000E+00 -9.75945916E+00
  9.50000000E+00 -9.48408805E+00
  9.50000000E+00 -9.45351857E+00
  9.50000000E+00 -9.17814745E+00
  9.50000000E+00 -9.14757798E+00
  9.50000000E+00 -8.87220686E+00
  9.50000000E+00 -8.84163738E+00
  9.50000000E+00 -8.56626626E+00
  9.50000000E+00 -8.53569679E+00
  9.50000000E+00 -8.26032567E+00
  9.50000000E+00 -8.22975619E+00
  9.50000000E+00 -7.95438508E+00
  9.50000000E+00 -7.92381560E+00
  9.50000000E+00 -7.64844448E+00
  9.50000000E+00 -7.61787500E+00
  9.50000000E+00 -7.34250389E+00
  9.50000000E+00 -7.31193441E+00
  9.50000000E+00 -7.03656329E+00
  9.50000000E+00 -7.00599382E+00
  9.50000000E+00 -6.73062270E+00
  9.50000000E+00 -6.70005322E+00
  9.50000000E+00 -6.42468210E+00
  9.50000000E+00 -6.39411263E+00
  9.50000000E+00 -6.11874151E+00
  9.50000000E+00 -6.08817203E+00
  9.50000000E+00 -5.81280092E+00
  9.50000000E+00 -5.78223144E+00
  9.50000000E+00 -5.50686032E+00
  9.50000000E+00 -5.47629085E+00
  9.50000000E+00 -5.20091973E+00
  9.50000000E+00 -5.17035025E+00
  9.50000000E+00 -4.89497913E+00
  9.50000000E+00 -4.86440966E+00
  9.50000000E+00 -4.58903854E+00
  9.50000000E+00 -4.55846906E+00
  9.50000000E+00 -4.28309795E+00
  9.50000000E+00 -4.25252847E+00
  9.50000000E+00 -3.97715735E+00
  9.50000000E+00 -3.94658788E+00
  9.50000000E+00 -3.67121676E+00
  9.50000000E+00 -3.64064728E+00
  9.50000000E+00 -3.36527616E+00
  9.50000000E+00 -3.33470669E+00
  9.50000000E+00 -3.05933557E+00
  9.50000000E+00 -3.02876609E+00
  9.50000000E+00 -2.75339498E+00
  9.50000000E+00 -2.72282550E+00
  9.50000000E+00 -2.44745438E+00
  9.50000000E+00 -2.41688491E+00
  9.50000000E+00 -2.14151379E+00
  9.50000000E+00 -2.11094431E+00
  9.50000000E+00 -1.83557319E+00
  9.50000000E+00 -1.80500372E+00
  9.50000000E+00 -1.52963260E+00
  9.50000000E+00 -1.49906312E+00
  9.50000000E+00 -1.22369201E+00
  9.50000000E+00 -1.19312253E+00
  9.50000000E+00 -9.17751412E-01
  9.50000000E+00 -8.87181936E-01
  9.50000000E+00 -6.11810818E-01
  9.50000000E+00 -5.81241342E-01
  9.50000000E+00 -3.05870224E-01
  9.50000000E+00 -2.75300747E-01
  9.50000000E+00  7.03703670E-05
  9.50000000E+00  3.06398466E-02
  9.50000000E+00  3.06010964E-01
  9.50000000E+00  3.36580441E-01
  9.50000000E+00  6.11951558E-01
  9.50000000E+00  6.42521035E-01
  9.50000000E+00  9.17892153E-01
  9.50000000E+00  9.48461629E-01
  9.50000000E+00  1.22383275E+00
  9.50000000E+00  1.25440222E+00
  9.50000000E+00  1.52977334E+00
  9.50000000E+00  1.56034282E+00
  9.50000000E+00  1.83571393E+00
  9.50000000E+00  1.86628341E+00
  9.50000000E+00  2.14165453E+00
  9.50000000E+00  2.17222401E+00
  9.50000000E+00  2.44759512E+00
  9.50000000E+00  2.47816460E+00
  9.50000000E+00  2.75353572E+00
  9.50000000E+00  2.78410519E+00
  9.50000000E+00  3.05947631E+00
  9.50000000E+00  3.09004579E+00
  9.50000000E+00  3.36541691E+00
  9.50000000E+00  3.39598638E+00
  9.50000000E+00  3.67135750E+00
  9.50000000E+00  3.70192698E+00
  9.50000000E+00  3.97729809E+00
  9.50000000E+00  4.00786757E+00
  9.50000000E+00  4.28323869E+00
  9.50000000E+00  4.31380816E+00
  9.50000000E+00  4.58917928E+00
  9.50000000E+00  4.61974876E+00
  9.50000000E+00  4.89511988E+00
  9.50000000E+00  4.92568935E+00
  9.50000000E+00  5.20106047E+00
  9.50000000E+00  5.23162995E+00
  9.50000000E+00  5.50700106E+00
  9.50000000E+00  5.53757054E+00
  9.50000000E+00  5.81294166E+00
  9.50000000E+00  5.84351113E+00
  9.50000000E+00  6.11888225E+00
  9.50000000E+00  6.14945173E+00
  9.50000000E+00  6.42482285E+00
  9.50000000E+00  6.45539232E+00
  9.50000000E+00  6.73076344E+00
  9.50000000E+00  6.76133292E+00
  9.50000000E+00  7.03670403E+00
  9.50000000E+00  7.06727351E+00
  9.50000000E+00  7.34264463E+00
  9.50000000E+00  7.37321410E+00
  9.50000000E+00  7.64858522E+00
  9.50000000E+00  7.67915470E+00
  9.50000000E+00  7.95452582E+00
  9.50000000E+00  7.98509529E+00
  9.50000000E+00  8.26046641E+00
  9.50000000E+00  8.29103589E+00
  9.50000000E+00  8.56640700E+00
  9.50000000E+00  8.59697648E+00
  9.50000000E+00  8.87234760E+00
  9.50000000E+00  8.90291707E+00
  9.50000000E+00  9.17828819E+00
  9.50000000E+00  9.20885767E+00
  9.50000000E+00  9.48422879E+00
  9.50000000E+00  9.51479826E+00
  9.50000000E+00  9.79016938E+00
  9.50000000E+00  9.82073886E+00
  9.50000000E+00  1.00961100E+01
  9.50000000E+00  1.01266795E+01
  9.50000000E+00  1.04020506E+01
  9.50000000E+00  1.04326200E+01
  9.50000000E+00  1.07079912E+01
  9.50000000E+00  1.07385606E+01
  9.50000000E+00  1.10139318E+01
  9.50000000E+00  1.10445012E+01
  9.50000000E+00  1.13198724E+01
  9.50000000E+00  1.13504418E+01
  9.50000000E+00  1.16258129E+01
  9.50000000E+00  1.16563824E+01
  9.50000000E+00  1.19317535E+01
  9.50000000E+00  1.19623230E+01
  9.50000000E+00  1.22376941E+01
  9.50000000E+00  1.22682636E+01
  9.50000000E+00  1.25436347E+01
  9.50000000E+00  1.25742042E+01
  9.50000000E+00  1.28495753E+01
  9.50000000E+00  1.28801448E+01
  9.50000000E+00  1.31555159E+01
  9.50000000E+00  1.31860854E+01
  9.50000000E+00  1.34614565E+01
  9.50000000E+00  1.34920260E+01
  9.50000000E+00  1.37673971E+01
  9.50000000E+00  1.37979666E+01
  9.50000000E+00  1.40733377E+01
  9.50000000E+00  1.41039072E+01
  9.50000000E+00  1.43792783E+01
  9.50000000E+00  1.44098478E+01
  9.50000000E+00  1.46852189E+01
  9.50000000E+00  1.47157884E+01
  9.50000000E+00  1.49911595E+01
  9.50000000E+00  1.50217290E+01
  9.50000000E+00  1.52971001E+01
  9.46914246E+00  1.52971001E+01
  9.16031893E+00  1.52971001E+01
  8.85149540E+00  1.52971001E+01
  8.54267187E+00  1.52971001E+01
  8.23384834E+00  1.52971001E+01
  7.92502481E+00  1.52971001E+01
  7.61620129E+00  1.52971001E+01
  7.30737776E+00  1.52971001E+01
  6.99855423E+00  1.52971001E+01
  6.68973070E+00  1.52971001E+01
  6.38090717E+00  1.52971001E+01
  6.07208364E+00  1.52971001E+01
  5.76326011E+00  1.52971001E+01
  5.45443658E+00  1.52971001E+01
  5.14561305E+00  1.52971001E+01
  4.83678952E+00  1.52971001E+01
  4.52796599E+00  1.52971001E+01
  4.21914246E+00  1.52971001E+01
  3.91031893E+00  1.52971001E+01
  3.60149540E+00  1.52971001E+01
  3.29267187E+00  1.52971001E+01
  2.98384834E+00  1.52971001E+01
  2.67502481E+00  1.52971001E+01
  2.36620129E+00  1.52971001E+01
  2.05737776E+00  1.52971001E+01
  1.74855423E+00  1.52971001E+01
  1.43973070E+00  1.52971001E+01
  1.13090717E+00  1.52971001E+01
  8.22083638E-01  1.52971001E+01
  5.13260109E-01  1.52971001E+01
  2.04436580E-01  1.52971001E+01
 -1.04386950E-01  1.52971001E+01
 -4.13210479E-01  1.52971001E+01
 -7.22034009E-01  1.52971001E+01
 -1.03085754E+00  1.52971001E+01
 -1.33968107E+00  1.52971001E+01
 -1.64850460E+00  1.52971001E+01
 -1.95732813E+00  1.52971001E+01
 -2.26615166E+00  1.52971001E+01
 -2.57497519E+00  1.52971001E+01
 -2.88379871E+00  1.52971001E+01
 -3.19262224E+00  1.52971001E+01
 -3.50144577E+00  1.52971001E+01
 -3.81026930E+00  1.52971001E+01
 -4.11909283E+00  1.52971001E+01
 -4.42791636E+00  1.52971001E+01
 -4.73673989E+00  1.52971001E+01
 -5.04556342E+00  1.52971001E+01
 -5.35438695E+00  1.52971001E+01
 -5.66321048E+00  1.52971001E+01
 -5.97203401E+00  1.52971001E+01
 -6.28085754E+00  1.52971001E+01
 -6.58968107E+00  1.52971001E+01
 -6.89850460E+00  1.52971001E+01
 -7.20732813E+00  1.52971001E+01
 -7.51615166E+00  1.52971001E+01
 -7.82497519E+00  1.52971001E+01
 -8.13379871E+00  1.52971001E+01
 -8.44262224E+00  1.52971001E+01
 -8.75144577E+00  1.52971001E+01
 -9.06026930E+00  1.52971001E+01
 -9.36909283E+00  1.52971001E+01
 -9.50000000E+00  1.52971001E+01
 -9.50000000E+00  1.51674150E+01
 -9.50000000E+00  1.49911595E+01
 -9.50000000E+00  1.48614744E+01
 -9.50000000E+00  1.46852189E+01
 -9.50000000E+00  1.45555338E+01
 -9.50000000E+00  1.43792783E+01
 -9.50000000E+00  1.42495932E+01
 -9.50000000E+00  1.40733377E+01
 -9.50000000E+00  1.39436526E+01
 -9.50000000E+00  1.37673971E+01
 -9.50000000E+00  1.36377120E+01
 -9.50000000E+00  1.34614565E+01
 -9.50000000E+00  1.33317714E+01
 -9.50000000E+00  1.31555159E+01
 -9.50000000E+00  1.30258308E+01
 -9.50000000E+00  1.28495753E+01
 -9.50000000E+00  1.27198902E+01
 -9.50000000E+00  1.25436347E+01
 -9.50000000E+00  1.24139496E+01
 -9.50000000E+00  1.22376941E+01
 -9.50000000E+00  1.21080090E+01
 -9.50000000E+00  1.19317535E+01
 -9.50000000E+00  1.18020684E+01
 -9.50000000E+00  1.16258129E+01
 -9.50000000E+00  1.14961278E+01
 -9.50000000E+00  1.13198724E+01
 -9.50000000E+00  1.11901872E+01
 -9.50000000E+00  1.10139318E+01
 -9.50000000E+00  1.08842466E+01
 -9.50000000E+00  1.07079912E+01
 -9.50000000E+00  1.05783060E+01
 -9.50000000E+00  1.04020506E+01
 -9.50000000E+00  1.02723654E+01
 -9.50000000E+00  1.00961100E+01
 -9.50000000E+00  9.96642485E+00
 -9.50000000E+00  9.79016938E+00
 -9.50000000E+00  9.66048426E+00
 -9.50000000E+00  9.48422879E+00
 -9.50000000E+00  9.35454367E+00
 -9.50000000E+00  9.17828819E+00
 -9.50000000E+00  9.04860307E+00
 -9.50000000E+00  8.87234760E+00
 -9.50000000E+00  8.74266248E+00
 -9.50000000E+00  8.56640700E+00
 -9.50000000E+00  8.43672188E+00
 -9.50000000E+00  8.26046641E+00
 -9.50000000E+00  8.13078129E+00
 -9.50000000E+00  7.95452582E+00
 -9.50000000E+00  7.82484070E+00
 -9.50000000E+00  7.64858522E+00
 -9.50000000E+00  7.51890010E+00
 -9.50000000E+00  7.34264463E+00
 -9.50000000E+00  7.21295951E+00
 -9.50000000E+00  7.03670403E+00
 -9.50000000E+00  6.90701891E+00
 -9.50000000E+00  6.73076344E+00
 -9.50000000E+00  6.60107832E+00
 -9.50000000E+00  6.42482285E+00
 -9.50000000E+00  6.29513772E+00
 -9.50000000E+00  6.11888225E+00
 -9.50000000E+00  5.98919713E+00
 -9.50000000E+00  5.81294166E+00
 -9.50000000E+00  5.68325654E+00
 -9.50000000E+00  5.50700106E+00
 -9.50000000E+00  5.37731594E+00
 -9.50000000E+00  5.20106047E+00
 -9.50000000E+00  5.07137535E+00
 -9.50000000E+00  4.89511988E+00
 -9.50000000E+00  4.76543475E+00
 -9.50000000E+00  4.58917928E+00
 -9.50000000E+00  4.45949416E+00
 -9.50000000E+00  4.28323869E+00
 -9.50000000E+00  4.15355357E+00
 -9.50000000E+00  3.97729809E+00
 -9.50000000E+00  3.84761297E+00
 -9.50000000E+00  3.67135750E+00
 -9.50000000E+00  3.54167238E+00
 -9.50000000E+00  3.36541691E+00
 -9.50000000E+00  3.23573178E+00
 -9.50000000E+00  3.05947631E+00
 -9.50000000E+00  2.92979119E+00
 -9.50000000E+00  2.75353572E+00
 -9.50000000E+00  2.62385060E+00
 -9.50000000E+00  2.44759512E+00
 -9.50000000E+00  2.31791000E+00
 -9.50000000E+00  2.14165453E+00
 -9.50000000E+00  2.01196941E+00
 -9.50000000E+00  1.83571393E+00
 -9.50000000E+00  1.70602881E+00
 -9.50000000E+00  1.52977334E+00
 -9.50000000E+00  1.40008822E+00
 -9.50000000E+00  1.22383275E+00
 -9.50000000E+00  1.09414763E+00
 -9.50000000E+00  9.17892153E-01
 -9.50000000E+00  7.88207032E-01
 -9.50000000E+00  6.11951558E-01
 -9.50000000E+00  4.82266438E-01
 -9.50000000E+00  3.06010964E-01
 -9.50000000E+00  1.76325844E-01
 -9.50000000E+00  7.03703670E-05
 -9.50000000E+00 -1.29614750E-01
 -9.50000000E+00 -3.05870224E-01
 -9.50000000E+00 -4.35555344E-01
 -9.50000000E+00 -6.11810818E-01
 -9.50000000E+00 -7.41495938E-01
 -9.50000000E+00 -9.17751412E-01
 -9.50000000E+00 -1.04743653E+00
 -9.50000000E+00 -1.22369201E+00
 -9.50000000E+00 -1.35337713E+00
 -9.50000000E+00 -1.52963260E+00
 -9.50000000E+00 -1.65931772E+00
 -9.50000000E+00 -1.83557319E+00
 -9.50000000E+00 -1.96525831E+00
 -9.50000000E+00 -2.14151379E+00
 -9.50000000E+00 -2.27119891E+00
 -9.50000000E+00 -2.44745438E+00
 -9.50000000E+00 -2.57713950E+00
 -9.50000000E+00 -2.75339498E+00
 -9.50000000E+00 -2.88308010E+00
 -9.50000000E+00 -3.05933557E+00
 -9.50000000E+00 -3.18902069E+00
 -9.50000000E+00 -3.36527616E+00
 -9.50000000E+00 -3.49496128E+00
 -9.50000000E+00 -3.67121676E+00
 -9.50000000E+00 -3.80090188E+00
 -9.50000000E+00 -3.97715735E+00
 -9.50000000E+00 -4.10684247E+00
 -9.50000000E+00 -4.28309795E+00
 -9.50000000E+00 -4.41278307E+00
 -9.50000000E+00 -4.58903854E+00
 -9.50000000E+00 -4.71872366E+00
 -9.50000000E+00 -4.89497913E+00
 -9.50000000E+00 -5.02466426E+00
 -9.50000000E+00 -5.20091973E+00
 -9.50000000E+00 -5.33060485E+00
 -9.50000000E+00 -5.50686032E+00
 -9.50000000E+00 -5.63654544E+00
 -9.50000000E+00 -5.81280092E+00
 -9.50000000E+00 -5.94248604E+00
 -9.50000000E+00 -6.11874151E+00
 -9.50000000E+00 -6.24842663E+00
 -9.50000000E+00 -6.42468210E+00
 -9.50000000E+00 -6.55436723E+00
 -9.50000000E+00 -6.73062270E+00
 -9.50000000E+00 -6.86030782E+00
 -9.50000000E+00 -7.03656329E+00
 -9.50000000E+00 -7.16624841E+00
 -9.50000000E+00 -7.34250389E+00
 -9.50000000E+00 -7.47218901E+00
 -9.50000000E+00 -7.64844448E+00
 -9.50000000E+00 -7.77812960E+00
 -9.50000000E+00 -7.95438508E+00
 -9.50000000E+00 -8.08407020E+00
 -9.50000000E+00 -8.26032567E+00
 -9.50000000E+00 -8.39001079E+00
 -9.50000000E+00 -8.56626626E+00
 -9.50000000E+00 -8.69595138E+00
 -9.50000000E+00 -8.87220686E+00
 -9.50000000E+00 -9.00189198E+00
 -9.50000000E+00 -9.17814745E+00
 -9.50000000E+00 -9.30783257E+00
 -9.50000000E+00 -9.48408805E+00
 -9.50000000E+00 -9.61377317E+00
 -9.50000000E+00 -9.79002864E+00
 -9.50000000E+00 -9.91971376E+00
 -9.50000000E+00 -1.00959692E+01
 -9.50000000E+00 -1.02256544E+01
 -9.50000000E+00 -1.04019098E+01
 -9.50000000E+00 -1.05315949E+01
 -9.50000000E+00 -1.07078504E+01
 -9.50000000E+00 -1.08375355E+01
 -9.50000000E+00 -1.10137910E+01
 -9.50000000E+00 -1.11434761E+01
 -9.50000000E+00 -1.13197316E+01
 -9.50000000E+00 -1.14494167E+01
 -9.50000000E+00 -1.16256722E+01
 -9.50000000E+00 -1.17553573E+01
 -9.50000000E+00 -1.19316128E+01
 -9.50000000E+00 -1.20612979E+01
 -9.50000000E+00 -1.22375534E+01
 -9.50000000E+00 -1.23672385E+01
 -9.50000000E+00 -1.25434940E+01
 -9.50000000E+00 -1.26731791E+01
 -9.50000000E+00 -1.28494346E+01
 -9.50000000E+00 -1.29791197E+01
 -9.50000000E+00 -1.31553752E+01
 -9.50000000E+00 -1.32850603E+01
 -9.50000000E+00 -1.34613158E+01
 -9.50000000E+00 -1.35910009E+01
 -9.50000000E+00 -1.37672564E+01
 -9.50000000E+00 -1.38969415E+01
 -9.50000000E+00 -1.40731970E+01
 -9.50000000E+00 -1.42028821E+01
 -9.50000000E+00 -1.43791376E+01
 -9.50000000E+00 -1.45088227E+01
 -9.50000000E+00 -1.46850781E+01
 -9.50000000E+00 -1.48147633E+01
 -9.50000000E+00 -1.49910187E+01
 -9.50000000E+00 -1.51207039E+01
 -9.50000000E+00 -1.52969593E+01

hb:   line clip z  
frame:
 -9.9999756E+00 -1.4999930E+01
  1.0100024E+01 -1.4999930E+01
  1.0100024E+01  1.5000070E+01
 -9.9999756E+00  1.5000070E+01
clip:
  9.77796599E+00 -1.52969593E+01
  1.03956131E+01 -1.52969593E+01
  1.03956131E+01 -1.49910187E+01
  1.03956131E+01 -1.46850781E+01
  1.03956131E+01 -1.43791376E+01
  1.03956131E+01 -1.40731970E+01
  1.03956131E+01 -1.37672564E+01
  1.03956131E+01 -1.34613158E+01
  1.03956131E+01 -1.31553752E+01
  1.03956131E+01 -1.28494346E+01
  1.03956131E+01 -1.25434940E+01
  1.03956131E+01 -1.22375534E+01
  1.03956131E+01 -1.19316128E+01
  1.03956131E+01 -1.16256722E+01
  1.03956131E+01 -1.13197316E+01
  1.03956131E+01 -1.10137910E+01
  1.03956131E+01 -1.07078504E+01
  1.03956131E+01 -1.04019098E+01
  1.03956131E+01 -1.00959692E+01
  1.03956131E+01 -9.79002864E+00
  1.03956131E+01 -9.48408805E+00
  1.03956131E+01 -9.17814745E+00
  1.03956131E+01 -8.87220686E+00
  1.03956131E+01 -8.56626626E+00
  1.03956131E+01 -8.26032567E+00
  1.03956131E+01 -7.95438508E+00
  1.03956131E+01 -7.64844448E+00
  1.03956131E+01 -7.34250389E+00
  1.03956131E+01 -7.03656329E+00
  1.03956131E+01 -6.73062270E+00
  1.03956131E+01 -6.42468210E+00
  1.03956131E+01 -6.11874151E+00
  1.03956131E+01 -5.81280092E+00
  1.03956131E+01 -5.50686032E+00
  1.03956131E+01 -5.20091973E+00
  1.03956131E+01 -4.89497913E+00
  1.03956131E+01 -4.58903854E+00
  1.03956131E+01 -4.28309795E+00
  1.03956131E+01 -3.97715735E+00
  1.03956131E+01 -3.67121676E+00
  1.03956131E+01 -3.36527616E+00
  1.03956131E+01 -3.05933557E+00
  1.03956131E+01 -2.75339498E+00
  1.03956131E+01 -2.44745438E+00
  1.03956131E+01 -2.14151379E+00
  1.03956131E+01 -1.83557319E+00
  1.03956131E+01 -1.52963260E+00
  1.03956131E+01 -1.22369201E+00
  1.03956131E+01 -9.17751412E-01
  1.03956131E+01 -6.11810818E-01
  1.03956131E+01 -3.05870224E-01
  1.03956131E+01  7.03703670E-05
  1.03956131E+01  3.06010964E-01
  1.03956131E+01  6.11951558E-01
  1.03956131E+01  9.17892153E-01
  1.03956131E+01  1.22383275E+00
  1.03956131E+01  1.52977334E+00
  1.03956131E+01  1.83571393E+00
  1.03956131E+01  2.14165453E+00
  1.03956131E+01  2.44759512E+00
  1.03956131E+01  2.75353572E+00
  1.03956131E+01  3.05947631E+00
  1.03956131E+01  3.36541691E+00
  1.03956131E+01  3.67135750E+00
  1.03956131E+01  3.97729809E+00
  1.03956131E+01  4.28323869E+00
  1.03956131E+01  4.58917928E+00
  1.03956131E+01  4.89511988E+00
  1.03956131E+01  5.20106047E+00
  1.03956131E+01  5.50700106E+00
  1.03956131E+01  5.81294166E+00
  1.03956131E+01  6.11888225E+00
  1.03956131E+01  6.42482285E+00
  1.03956131E+01  6.73076344E+00
  1.03956131E+01  7.03670403E+00
  1.03956131E+01  7.34264463E+00
  1.03956131E+01  7.64858522E+00
  1.03956131E+01  7.95452582E+00
  1.03956131E+01  8.26046641E+00
  1.03956131E+01  8.56640700E+00
  1.03956131E+01  8.87234760E+00
  1.03956131E+01  9.17828819E+00
  1.03956131E+01  9.48422879E+00
  1.03956131E+01  9.79016938E+00
  1.03956131E+01  1.00961100E+01
  1.03956131E+01  1.04020506E+01
  1.03956131E+01  1.07079912E+01
  1.03956131E+01  1.10139318E+01
  1.03956131E+01  1.13198724E+01
  1.03956131E+01  1.16258129E+01
  1.03956131E+01  1.19317535E+01
  1.03956131E+01  1.22376941E+01
  1.03956131E+01  1.25436347E+01
  1.03956131E+01  1.28495753E+01
  1.03956131E+01  1.31555159E+01
  1.03956131E+01  1.34614565E+01
  1.03956131E+01  1.37673971E+01
  1.03956131E+01  1.40733377E+01
  1.03956131E+01  1.43792783E+01
  1.03956131E+01  1.46852189E+01
  1.03956131E+01  1.49911595E+01
  1.03956131E+01  1.52971001E+01
  1.00867895E+01  1.52971001E+01
  9.77796599E+00  1.52971001E+01
  9.50000000E+00  1.52971001E+01
  9.50000000E+00  1.50217290E+01
  9.50000000E+00  1.49911595E+01
  9.50000000E+00  1.47157884E+01
  9.50000000E+00  1.46852189E+01
  9.50000000E+00  1.44098478E+01
  9.50000000E+00  1.43792783E+01
  9.50000000E+00  1.41039072E+01
  9.50000000E+00  1.40733377E+01
  9.50000000E+00  1.37979666E+01
  9.50000000E+00  1.37673971E+01
  9.50000000E+00  1.34920260E+01
  9.50000000E+00  1.34614565E+01
  9.50000000E+00  1.31860854E+01
  9.50000000E+00  1.31555159E+01
  9.50000000E+00  1.28801448E+01
  9.50000000E+00  1.28495753E+01
  9.50000000E+00  1.25742042E+01
  9.50000000E+00  1.25436347E+01
  9.50000000E+00  1.22682636E+01
  9.50000000E+00  1.22376941E+01
  9.50000000E+00  1.19623230E+01
  9.50000000E+00  1.19317535E+01
  9.50000000E+00  1.16563824E+01
  9.50000000E+00  1.16258129E+01
  9.50000000E+00  1.13504418E+01
  9.50000000E+00  1.13198724E+01
  9.50000000E+00  1.10445012E+01
  9.50000000E+00  1.10139318E+01
  9.50000000E+00  1.07385606E+01
  9.50000000E+00  1.07079912E+01
  9.50000000E+00  1.04326200E+01
  9.50000000E+00  1.04020506E+01
  9.50000000E+00  1.01266795E+01
  9.50000000E+00  1.00961100E+01
  9.50000000E+00  9.82073886E+00
  9.50000000E+00  9.79016938E+00
  9.50000000E+00  9.51479826E+00
  9.50000000E+00  9.48422879E+00
  9.50000000E+00  9.20885767E+00
  9.50000000E+00  9.17828819E+00
  9.50000000E+00  8.90291707E+00
  9.50000000E+00  8.87234760E+00
  9.50000000E+00  8.59697648E+00
  9.50000000E+00  8.56640700E+00
  9.50000000E+00  8.29103589E+00
  9.50000000E+00  8.26046641E+00
  9.50000000E+00  7.98509529E+00
  9.50000000E+00  7.95452582E+00
  9.50000000E+00  7.67915470E+00
  9.50000000E+00  7.64858522E+00
  9.50000000E+00  7.37321410E+00
  9.50000000E+00  7.34264463E+00
  9.50000000E+00  7.06727351E+00
  9.50000000E+00  7.03670403E+00
  9.50000000E+00  6.76133292E+00
  9.50000000E+00  6.73076344E+00
  9.50000000E+00  6.45539232E+00
  9.50000000E+00  6.42482285E+00
  9.50000000E+00  6.14945173E+00
  9.50000000E+00  6.11888225E+00
  9.50000000E+00  5.84351113E+00
  9.50000000E+00  5.81294166E+00
  9.50000000E+00  5.53757054E+00
  9.50000000E+00  5.50700106E+00
  9.50000000E+00  5.23162995E+00
  9.50000000E+00  5.20106047E+00
  9.50000000E+00  4.92568935E+00
  9.50000000E+00  4.89511988E+00
  9.50000000E+00  4.61974876E+00
  9.50000000E+00  4.58917928E+00
  9.50000000E+00  4.31380816E+00
  9.50000000E+00  4.28323869E+00
  9.50000000E+00  4.00786757E+00
  9.50000000E+00  3.97729809E+00
  9.50000000E+00  3.70192698E+00
  9.50000000E+00  3.67135750E+00
  9.50000000E+00  3.39598638E+00
  9.50000000E+00  3.36541691E+00
  9.50000000E+00  3.09004579E+00
  9.50000000E+00  3.05947631E+00
  9.50000000E+00  2.78410519E+00
  9.50000000E+00  2.75353572E+00
  9.50000000E+00  2.47816460E+00
  9.50000000E+00  2.44759512E+00
  9.50000000E+00  2.17222401E+00
  9.50000000E+00  2.14165453E+00
  9.50000000E+00  1.86628341E+00
  9.50000000E+00  1.83571393E+00
  9.50000000E+00  1.56034282E+00
  9.50000000E+00  1.52977334E+00
  9.50000000E+00  1.25440222E+00
  9.50000000E+00  1.22383275E+00
  9.50000000E+00  9.48461629E-01
  9.50000000E+00  9.17892153E-01
  9.50000000E+00  6.42521035E-01
  9.50000000E+00  6.11951558E-01
  9.50000000E+00  3.36580441E-01
  9.50000000E+00  3.06010964E-01
  9.50000000E+00  3.06398466E-02
  9.50000000E+00  7.03703670E-05
  9.50000000E+00 -2.75300747E-01
  9.50000000E+00 -3.05870224E-01
  9.50000000E+00 -5.81241342E-01
  9.50000000E+00 -6.11810818E-01
  9.50000000E+00 -8.87181936E-01
  9.50000000E+00 -9.17751412E-01
  9.50000000E+00 -1.19312253E+00
  9.50000000E+00 -1.22369201E+00
  9.50000000E+00 -1.49906312E+00
  9.50000000E+00 -1.52963260E+00
  9.50000000E+00 -1.80500372E+00
  9.50000000E+00 -1.83557319E+00
  9.50000000E+00 -2.11094431E+00
  9.50000000E+00 -2.14151379E+00
  9.50000000E+00 -2.41688491E+00
  9.50000000E+00 -2.44745438E+00
  9.50000000E+00 -2.72282550E+00
  9.50000000E+00 -2.75339498E+00
  9.50000000E+00 -3.02876609E+00
  9.50000000E+00 -3.05933557E+00
  9.50000000E+00 -3.33470669E+00
  9.50000000E+00 -3.36527616E+00
  9.50000000E+00 -3.64064728E+00
  9.50000000E+00 -3.67121676E+00
  9.50000000E+00 -3.94658788E+00
  9.50000000E+00 -3.97715735E+00
  9.50000000E+00 -4.25252847E+00
  9.50000000E+00 -4.28309795E+00
  9.50000000E+00 -4.55846906E+00
  9.50000000E+00 -4.58903854E+00
  9.50000000E+00 -4.86440966E+00
  9.50000000E+00 -4.89497913E+00
  9.50000000E+00 -5.17035025E+00
  9.50000000E+00 -5.20091973E+00
  9.50000000E+00 -5.47629085E+00
  9.50000000E+00 -5.50686032E+00
  9.50000000E+00 -5.78223144E+00
  9.50000000E+00 -5.81280092E+00
  9.50000000E+00 -6.08817203E+00
  9.50000000E+00 -6.11874151E+00
  9.50000000E+00 -6.39411263E+00
  9.50000000E+00 -6.42468210E+00
  9.50000000E+00 -6.70005322E+00
  9.50000000E+00 -6.73062270E+00
  9.50000000E+00 -7.00599382E+00
  9.50000000E+00 -7.03656329E+00
  9.50000000E+00 -7.31193441E+00
  9.50000000E+00 -7.34250389E+00
  9.50000000E+00 -7.61787500E+00
  9.50000000E+00 -7.64844448E+00
  9.50000000E+00 -7.92381560E+00
  9.50000000E+00 -7.95438508E+00
  9.50000000E+00 -8.22975619E+00
  9.50000000E+00 -8.26032567E+00
  9.50000000E+00 -8.53569679E+00
  9.50000000E+00 -8.56626626E+00
  9.50000000E+00 -8.84163738E+00
  9.50000000E+00 -8.87220686E+00
  9.50000000E+00 -9.14757798E+00
  9.50000000E+00 -9.17814745E+00
  9.50000000E+00 -9.45351857E+00
  9.50000000E+00 -9.48408805E+00
  9.50000000E+00 -9.75945916E+00
  9.50000000E+00 -9.79002864E+00
  9.50000000E+00 -1.00653998E+01
  9.50000000E+00 -1.00959692E+01
  9.50000000E+00 -1.03713404E+01
  9.50000000E+00 -1.04019098E+01
  9.50000000E+00 -1.06772809E+01
  9.50000000E+00 -1.07078504E+01
  9.50000000E+00 -1.09832215E+01
  9.50000000E+00 -1.10137910E+01
  9.50000000E+00 -1.12891621E+01
  9.50000000E+00 -1.13197316E+01
  9.50000000E+00 -1.15951027E+01
  9.50000000E+00 -1.16256722E+01
  9.50000000E+00 -1.19010433E+01
  9.50000000E+00 -1.19316128E+01
  9.50000000E+00 -1.22069839E+01
  9.50000000E+00 -1.22375534E+01
  9.50000000E+00 -1.25129245E+01
  9.50000000E+00 -1.25434940E+01
  9.50000000E+00 -1.28188651E+01
  9.50000000E+00 -1.28494346E+01
  9.50000000E+00 -1.31248057E+01
  9.50000000E+00 -1.31553752E+01
  9.50000000E+00 -1.34307463E+01
  9.50000000E+00 -1.34613158E+01
  9.50000000E+00 -1.37366869E+01
  9.50000000E+00 -1.37672564E+01
  9.50000000E+00 -1.40426275E+01
  9.50000000E+00 -1.40731970E+01
  9.50000000E+00 -1.43485681E+01
  9.50000000E+00 -1.43791376E+01
  9.50000000E+00 -1.46545087E+01
  9.50000000E+00 -1.46850781E+01
  9.50000000E+00 -1.49604493E+01
  9.50000000E+00 -1.49910187E+01
  9.50000000E+00 -1.52663899E+01
  9.50000000E+00 -1.52969593E+01

hb:   line clip z  
clip:
 -2.62100000E+00 -1.47306733E+01
 -2.57497519E+00 -1.47885000E+01
 -2.47057877E+00 -1.47885000E+01
 -2.26615166E+00 -1.47885000E+01
 -2.16175524E+00 -1.47885000E+01
 -1.95732813E+00 -1.47885000E+01
 -1.85293171E+00 -1.47885000E+01
 -1.64850460E+00 -1.47885000E+01
 -1.54410818E+00 -1.47885000E+01
 -1.33968107E+00 -1.47885000E+01
 -1.23528465E+00 -1.47885000E+01
 -1.03085754E+00 -1.47885000E+01
 -9.26461119E-01 -1.47885000E+01
 -7.22034009E-01 -1.47885000E+01
 -6.17637590E-01 -1.47885000E+01
 -4.13210479E-01 -1.47885000E+01
 -3.08814060E-01 -1.47885000E+01
 -1.04386950E-01 -1.47885000E+01
  9.46908101E-06 -1.47885000E+01
  2.04436580E-01 -1.47885000E+01
  3.08832998E-01 -1.47885000E+01
  5.13260109E-01 -1.47885000E+01
  6.17656528E-01 -1.47885000E+01
  8.22083638E-01 -1.47885000E+01
  9.26480057E-01 -1.47885000E+01
  1.13090717E+00 -1.47885000E+01
  1.23530359E+00 -1.47885000E+01
  1.43973070E+00 -1.47885000E+01
  1.54412712E+00 -1.47885000E+01
  1.74855423E+00 -1.47885000E+01
  1.85295065E+00 -1.47885000E+01
  2.05737776E+00 -1.47885000E+01
  2.16177417E+00 -1.47885000E+01
  2.36620129E+00 -1.47885000E+01
  2.47059770E+00 -1.47885000E+01
  2.60900000E+00 -1.46850781E+01
  2.60900000E+00 -1.44445460E+01
  2.60900000E+00 -1.43791376E+01
  2.60900000E+00 -1.41386054E+01
  2.60900000E+00 -1.40731970E+01
  2.60900000E+00 -1.38326648E+01
  2.60900000E+00 -1.37672564E+01
  2.60900000E+00 -1.35267242E+01
  2.60900000E+00 -1.34613158E+01
  2.60900000E+00 -1.32207836E+01
  2.60900000E+00 -1.31553752E+01
  2.60900000E+00 -1.29148430E+01
  2.60900000E+00 -1.28494346E+01
  2.60900000E+00 -1.26089024E+01
  2.60900000E+00 -1.25434940E+01
  2.60900000E+00 -1.23029619E+01
  2.60900000E+00 -1.22375534E+01
  2.60900000E+00 -1.19970213E+01
  2.60900000E+00 -1.19316128E+01
  2.60900000E+00 -1.16910807E+01
  2.60900000E+00 -1.16256722E+01
  2.60900000E+00 -1.13851401E+01
  2.60900000E+00 -1.13197316E+01
  2.60900000E+00 -1.10791995E+01
  2.60900000E+00 -1.10137910E+01
  2.60900000E+00 -1.07732589E+01
  2.60900000E+00 -1.07078504E+01
  2.60900000E+00 -1.04673183E+01
  2.60900000E+00 -1.04019098E+01
  2.60900000E+00 -1.01613777E+01
  2.60900000E+00 -1.00959692E+01
  2.60900000E+00 -9.85543710E+00
  2.60900000E+00 -9.79002864E+00
  2.60900000E+00 -9.54949650E+00
  2.60900000E+00 -9.48408805E+00
  2.60900000E+00 -9.24355591E+00
  2.60900000E+00 -9.17814745E+00
  2.60900000E+00 -8.93761532E+00
  2.60900000E+00 -8.87220686E+00
  2.60900000E+00 -8.63167472E+00
  2.60900000E+00 -8.56626626E+00
  2.60900000E+00 -8.32573413E+00
  2.60900000E+00 -8.26032567E+00
  2.60900000E+00 -8.01979353E+00
  2.60900000E+00 -7.95438508E+00
  2.60900000E+00 -7.71385294E+00
  2.60900000E+00 -7.64844448E+00
  2.60900000E+00 -7.40791235E+00
  2.60900000E+00 -7.34250389E+00
  2.60900000E+00 -7.10197175E+00
  2.60900000E+00 -7.03656329E+00
  2.60900000E+00 -6.79603116E+00
  2.60900000E+00 -6.73062270E+00
  2.60900000E+00 -6.49009056E+00
  2.60900000E+00 -6.42468210E+00
  2.60900000E+00 -6.18414997E+00
  2.60900000E+00 -6.11874151E+00
  2.60900000E+00 -5.87820938E+00
  2.60900000E+00 -5.81280092E+00
  2.60900000E+00 -5.57226878E+00
  2.60900000E+00 -5.50686032E+00
  2.60900000E+00 -5.26632819E+00
  2.60900000E+00 -5.20091973E+00
  2.60900000E+00 -4.96038759E+00
  2.60900000E+00 -4.89497913E+00
  2.60900000E+00 -4.65444700E+00
  2.60900000E+00 -4.58903854E+00
  2.60900000E+00 -4.34850641E+00
  2.60900000E+00 -4.28309795E+00
  2.60900000E+00 -4.04256581E+00
  2.60900000E+00 -3.97715735E+00
  2.60900000E+00 -3.73662522E+00
  2.60900000E+00 -3.67121676E+00
  2.60900000E+00 -3.43068462E+00
  2.60900000E+00 -3.36527616E+00
  2.60900000E+00 -3.12474403E+00
  2.60900000E+00 -3.05933557E+00
  2.60900000E+00 -2.81880343E+00
  2.60900000E+00 -2.75339498E+00
  2.60900000E+00 -2.51286284E+00
  2.60900000E+00 -2.44745438E+00
  2.60900000E+00 -2.20692225E+00
  2.60900000E+00 -2.14151379E+00
  2.60900000E+00 -1.90098165E+00
  2.60900000E+00 -1.83557319E+00
  2.60900000E+00 -1.59504106E+00
  2.60900000E+00 -1.52963260E+00
  2.57932343E+00 -1.31850000E+00
  2.36620129E+00 -1.31850000E+00
  2.15307914E+00 -1.31850000E+00
  2.05737776E+00 -1.31850000E+00
  1.84425561E+00 -1.31850000E+00
  1.75000000E+00 -1.52963260E+00
  2.01814410E+00 -1.56850000E+00
  2.09661141E+00 -1.56850000E+00
  2.35900000E+00 -1.83557319E+00
  2.35900000E+00 -1.84270725E+00
  2.35900000E+00 -2.14151379E+00
  2.35900000E+00 -2.14864785E+00
  2.35900000E+00 -2.44745438E+00
  2.35900000E+00 -2.45458844E+00
  2.35900000E+00 -2.75339498E+00
  2.35900000E+00 -2.76052904E+00
  2.35900000E+00 -3.05933557E+00
  2.35900000E+00 -3.06646963E+00
  2.35900000E+00 -3.36527616E+00
  2.35900000E+00 -3.37241022E+00
  2.35900000E+00 -3.67121676E+00
  2.35900000E+00 -3.67835082E+00
  2.35900000E+00 -3.97715735E+00
  2.35900000E+00 -3.98429141E+00
  2.35900000E+00 -4.28309795E+00
  2.35900000E+00 -4.29023201E+00
  2.35900000E+00 -4.58903854E+00
  2.35900000E+00 -4.59617260E+00
  2.35900000E+00 -4.89497913E+00
  2.35900000E+00 -4.90211319E+00
  2.35900000E+00 -5.20091973E+00
  2.35900000E+00 -5.20805379E+00
  2.35900000E+00 -5.50686032E+00
  2.35900000E+00 -5.51399438E+00
  2.35900000E+00 -5.81280092E+00
  2.35900000E+00 -5.81993498E+00
  2.35900000E+00 -6.11874151E+00
  2.35900000E+00 -6.12587557E+00
  2.35900000E+00 -6.42468210E+00
  2.35900000E+00 -6.43181616E+00
  2.35900000E+00 -6.73062270E+00
  2.35900000E+00 -6.73775676E+00
  2.35900000E+00 -7.03656329E+00
  2.35900000E+00 -7.04369735E+00
  2.35900000E+00 -7.34250389E+00
  2.35900000E+00 -7.34963795E+00
  2.35900000E+00 -7.64844448E+00
  2.35900000E+00 -7.65557854E+00
  2.35900000E+00 -7.95438508E+00
  2.35900000E+00 -7.96151914E+00
  2.35900000E+00 -8.26032567E+00
  2.35900000E+00 -8.26745973E+00
  2.35900000E+00 -8.56626626E+00
  2.35900000E+00 -8.57340032E+00
  2.35900000E+00 -8.87220686E+00
  2.35900000E+00 -8.87934092E+00
  2.35900000E+00 -9.17814745E+00
  2.35900000E+00 -9.18528151E+00
  2.35900000E+00 -9.48408805E+00
  2.35900000E+00 -9.49122211E+00
  2.35900000E+00 -9.79002864E+00
  2.35900000E+00 -9.79716270E+00
  2.35900000E+00 -1.00959692E+01
  2.35900000E+00 -1.01031033E+01
  2.35900000E+00 -1.04019098E+01
  2.35900000E+00 -1.04090439E+01
  2.35900000E+00 -1.07078504E+01
  2.35900000E+00 -1.07149845E+01
  2.35900000E+00 -1.10137910E+01
  2.35900000E+00 -1.10209251E+01
  2.35900000E+00 -1.13197316E+01
  2.35900000E+00 -1.13268657E+01
  2.35900000E+00 -1.16256722E+01
  2.35900000E+00 -1.16328063E+01
  2.35900000E+00 -1.19316128E+01
  2.35900000E+00 -1.19387469E+01
  2.35900000E+00 -1.22375534E+01
  2.35900000E+00 -1.22446875E+01
  2.35900000E+00 -1.25434940E+01
  2.35900000E+00 -1.25506280E+01
  2.35900000E+00 -1.28494346E+01
  2.35900000E+00 -1.28565686E+01
  2.35900000E+00 -1.31553752E+01
  2.35900000E+00 -1.31625092E+01
  2.35900000E+00 -1.34613158E+01
  2.35900000E+00 -1.34684498E+01
  2.35900000E+00 -1.37672564E+01
  2.35900000E+00 -1.37743904E+01
  2.35900000E+00 -1.40731970E+01
  2.35900000E+00 -1.40803310E+01
  2.35900000E+00 -1.43791376E+01
  2.35900000E+00 -1.43862716E+01
  2.05737776E+00 -1.45385000E+01
  1.90941838E+00 -1.45385000E+01
  1.74855423E+00 -1.45385000E+01
  1.60059485E+00 -1.45385000E+01
  1.43973070E+00 -1.45385000E+01
  1.29177132E+00 -1.45385000E+01
  1.13090717E+00 -1.45385000E+01
  9.82947790E-01 -1.45385000E+01
  8.22083638E-01 -1.45385000E+01
  6.74124261E-01 -1.45385000E+01
  5.13260109E-01 -1.45385000E+01
  3.65300731E-01 -1.45385000E+01
  2.04436580E-01 -1.45385000E+01
  5.64772018E-02 -1.45385000E+01
 -1.04386950E-01 -1.45385000E+01
 -2.52346328E-01 -1.45385000E+01
 -4.13210479E-01 -1.45385000E+01
 -5.61169857E-01 -1.45385000E+01
 -7.22034009E-01 -1.45385000E+01
 -8.69993386E-01 -1.45385000E+01
 -1.03085754E+00 -1.45385000E+01
 -1.17881692E+00 -1.45385000E+01
 -1.33968107E+00 -1.45385000E+01
 -1.48764045E+00 -1.45385000E+01
 -1.64850460E+00 -1.45385000E+01
 -1.79646397E+00 -1.45385000E+01
 -1.95732813E+00 -1.45385000E+01
 -2.10528750E+00 -1.45385000E+01
 -2.26615166E+00 -1.45385000E+01
 -2.37100000E+00 -1.43791376E+01
 -2.37100000E+00 -1.41770665E+01
 -2.37100000E+00 -1.40731970E+01
 -2.37100000E+00 -1.38711259E+01
 -2.37100000E+00 -1.37672564E+01
 -2.37100000E+00 -1.35651853E+01
 -2.37100000E+00 -1.34613158E+01
 -2.37100000E+00 -1.32592447E+01
 -2.37100000E+00 -1.31553752E+01
 -2.37100000E+00 -1.29533041E+01
 -2.37100000E+00 -1.28494346E+01
 -2.37100000E+00 -1.26473635E+01
 -2.37100000E+00 -1.25434940E+01
 -2.37100000E+00 -1.23414230E+01
 -2.37100000E+00 -1.22375534E+01
 -2.37100000E+00 -1.20354824E+01
 -2.37100000E+00 -1.19316128E+01
 -2.37100000E+00 -1.17295418E+01
 -2.37100000E+00 -1.16256722E+01
 -2.37100000E+00 -1.14236012E+01
 -2.37100000E+00 -1.13197316E+01
 -2.37100000E+00 -1.11176606E+01
 -2.37100000E+00 -1.10137910E+01
 -2.37100000E+00 -1.08117200E+01
 -2.37100000E+00 -1.07078504E+01
 -2.37100000E+00 -1.05057794E+01
 -2.37100000E+00 -1.04019098E+01
 -2.37100000E+00 -1.01998388E+01
 -2.37100000E+00 -1.00959692E+01
 -2.37100000E+00 -9.89389820E+00
 -2.37100000E+00 -9.79002864E+00
 -2.37100000E+00 -9.58795761E+00
 -2.37100000E+00 -9.48408805E+00
 -2.37100000E+00 -9.28201701E+00
 -2.37100000E+00 -9.17814745E+00
 -2.37100000E+00 -8.97607642E+00
 -2.37100000E+00 -8.87220686E+00
 -2.37100000E+00 -8.67013583E+00
 -2.37100000E+00 -8.56626626E+00
 -2.37100000E+00 -8.36419523E+00
 -2.37100000E+00 -8.26032567E+00
 -2.37100000E+00 -8.05825464E+00
 -2.37100000E+00 -7.95438508E+00
 -2.37100000E+00 -7.75231404E+00
 -2.37100000E+00 -7.64844448E+00
 -2.37100000E+00 -7.44637345E+00
 -2.37100000E+00 -7.34250389E+00
 -2.37100000E+00 -7.14043285E+00
 -2.37100000E+00 -7.03656329E+00
 -2.37100000E+00 -6.83449226E+00
 -2.37100000E+00 -6.73062270E+00
 -2.37100000E+00 -6.52855167E+00
 -2.37100000E+00 -6.42468210E+00
 -2.37100000E+00 -6.22261107E+00
 -2.37100000E+00 -6.11874151E+00
 -2.37100000E+00 -5.91667048E+00
 -2.37100000E+00 -5.81280092E+00
 -2.37100000E+00 -5.61072988E+00
 -2.37100000E+00 -5.50686032E+00
 -2.37100000E+00 -5.30478929E+00
 -2.37100000E+00 -5.20091973E+00
 -2.37100000E+00 -4.99884870E+00
 -2.37100000E+00 -4.89497913E+00
 -2.37100000E+00 -4.69290810E+00
 -2.37100000E+00 -4.58903854E+00
 -2.37100000E+00 -4.38696751E+00
 -2.37100000E+00 -4.28309795E+00
 -2.37100000E+00 -4.08102691E+00
 -2.37100000E+00 -3.97715735E+00
 -2.37100000E+00 -3.77508632E+00
 -2.37100000E+00 -3.67121676E+00
 -2.37100000E+00 -3.46914573E+00
 -2.37100000E+00 -3.36527616E+00
 -2.37100000E+00 -3.16320513E+00
 -2.37100000E+00 -3.05933557E+00
 -2.37100000E+00 -2.85726454E+00
 -2.37100000E+00 -2.75339498E+00
 -2.37100000E+00 -2.55132394E+00
 -2.37100000E+00 -2.44745438E+00
 -2.37100000E+00 -2.24538335E+00
 -2.37100000E+00 -2.14151379E+00
 -2.37100000E+00 -1.93944276E+00
 -2.37100000E+00 -1.83557319E+00
 -2.37100000E+00 -1.63350216E+00
 -2.26615166E+00 -1.56850000E+00
 -1.91809447E+00 -1.56850000E+00
 -1.75000000E+00 -1.52963260E+00
 -1.75000000E+00 -1.32423993E+00
 -1.95732813E+00 -1.31850000E+00
 -2.17045027E+00 -1.31850000E+00
 -2.26615166E+00 -1.31850000E+00
 -2.47927380E+00 -1.31850000E+00
 -2.57497519E+00 -1.31850000E+00
 -2.62100000E+00 -1.48403744E+00
 -2.62100000E+00 -1.52963260E+00
 -2.62100000E+00 -1.57522776E+00
 -2.62100000E+00 -1.83557319E+00
 -2.62100000E+00 -1.88116836E+00
 -2.62100000E+00 -2.14151379E+00
 -2.62100000E+00 -2.18710895E+00
 -2.62100000E+00 -2.44745438E+00
 -2.62100000E+00 -2.49304955E+00
 -2.62100000E+00 -2.75339498E+00
 -2.62100000E+00 -2.79899014E+00
 -2.62100000E+00 -3.05933557E+00
 -2.62100000E+00 -3.10493073E+00
 -2.62100000E+00 -3.36527616E+00
 -2.62100000E+00 -3.41087133E+00
 -2.62100000E+00 -3.67121676E+00
 -2.62100000E+00 -3.71681192E+00
 -2.62100000E+00 -3.97715735E+00
 -2.62100000E+00 -4.02275252E+00
 -2.62100000E+00 -4.28309795E+00
 -2.62100000E+00 -4.32869311E+00
 -2.62100000E+00 -4.58903854E+00
 -2.62100000E+00 -4.63463370E+00
 -2.62100000E+00 -4.89497913E+00
 -2.62100000E+00 -4.94057430E+00
 -2.62100000E+00 -5.20091973E+00
 -2.62100000E+00 -5.24651489E+00
 -2.62100000E+00 -5.50686032E+00
 -2.62100000E+00 -5.55245549E+00
 -2.62100000E+00 -5.81280092E+00
 -2.62100000E+00 -5.85839608E+00
 -2.62100000E+00 -6.11874151E+00
 -2.62100000E+00 -6.16433667E+00
 -2.62100000E+00 -6.42468210E+00
 -2.62100000E+00 -6.47027727E+00
 -2.62100000E+00 -6.73062270E+00
 -2.62100000E+00 -6.77621786E+00
 -2.62100000E+00 -7.03656329E+00
 -2.62100000E+00 -7.08215846E+00
 -2.62100000E+00 -7.34250389E+00
 -2.62100000E+00 -7.38809905E+00
 -2.62100000E+00 -7.64844448E+00
 -2.62100000E+00 -7.69403964E+00
 -2.62100000E+00 -7.95438508E+00
 -2.62100000E+00 -7.99998024E+00
 -2.62100000E+00 -8.26032567E+00
 -2.62100000E+00 -8.30592083E+00
 -2.62100000E+00 -8.56626626E+00
 -2.62100000E+00 -8.61186143E+00
 -2.62100000E+00 -8.87220686E+00
 -2.62100000E+00 -8.91780202E+00
 -2.62100000E+00 -9.17814745E+00
 -2.62100000E+00 -9.22374261E+00
 -2.62100000E+00 -9.48408805E+00
 -2.62100000E+00 -9.52968321E+00
 -2.62100000E+00 -9.79002864E+00
 -2.62100000E+00 -9.83562380E+00
 -2.62100000E+00 -1.00959692E+01
 -2.62100000E+00 -1.01415644E+01
 -2.62100000E+00 -1.04019098E+01
 -2.62100000E+00 -1.04475050E+01
 -2.62100000E+00 -1.07078504E+01
 -2.62100000E+00 -1.07534456E+01
 -2.62100000E+00 -1.10137910E+01
 -2.62100000E+00 -1.10593862E+01
 -2.62100000E+00 -1.13197316E+01
 -2.62100000E+00 -1.13653268E+01
 -2.62100000E+00 -1.16256722E+01
 -2.62100000E+00 -1.16712674E+01
 -2.62100000E+00 -1.19316128E+01
 -2.62100000E+00 -1.19772080E+01
 -2.62100000E+00 -1.22375534E+01
 -2.62100000E+00 -1.22831486E+01
 -2.62100000E+00 -1.25434940E+01
 -2.62100000E+00 -1.25890891E+01
 -2.62100000E+00 -1.28494346E+01
 -2.62100000E+00 -1.28950297E+01
 -2.62100000E+00 -1.31553752E+01
 -2.62100000E+00 -1.32009703E+01
 -2.62100000E+00 -1.34613158E+01
 -2.62100000E+00 -1.35069109E+01
 -2.62100000E+00 -1.37672564E+01
 -2.62100000E+00 -1.38128515E+01
 -2.62100000E+00 -1.40731970E+01
 -2.62100000E+00 -1.41187921E+01
 -2.62100000E+00 -1.43791376E+01
 -2.62100000E+00 -1.44247327E+01
 -2.62100000E+00 -1.46850781E+01

hb:   line clip z  
clip:
 -2.37100000E+00 -1.44830071E+01
 -2.26615166E+00 -1.45385000E+01
 -2.10528750E+00 -1.45385000E+01
 -1.95732813E+00 -1.45385000E+01
 -1.79646397E+00 -1.45385000E+01
 -1.64850460E+00 -1.45385000E+01
 -1.48764045E+00 -1.45385000E+01
 -1.33968107E+00 -1.45385000E+01
 -1.17881692E+00 -1.45385000E+01
 -1.03085754E+00 -1.45385000E+01
 -8.69993386E-01 -1.45385000E+01
 -7.22034009E-01 -1.45385000E+01
 -5.61169857E-01 -1.45385000E+01
 -4.13210479E-01 -1.45385000E+01
 -2.52346328E-01 -1.45385000E+01
 -1.04386950E-01 -1.45385000E+01
  5.64772018E-02 -1.45385000E+01
  2.04436580E-01 -1.45385000E+01
  3.65300731E-01 -1.45385000E+01
  5.13260109E-01 -1.45385000E+01
  6.74124261E-01 -1.45385000E+01
  8.22083638E-01 -1.45385000E+01
  9.82947790E-01 -1.45385000E+01
  1.13090717E+00 -1.45385000E+01
  1.29177132E+00 -1.45385000E+01
  1.43973070E+00 -1.45385000E+01
  1.60059485E+00 -1.45385000E+01
  1.74855423E+00 -1.45385000E+01
  1.90941838E+00 -1.45385000E+01
  2.05737776E+00 -1.45385000E+01
  2.21824191E+00 -1.45385000E+01
  2.35900000E+00 -1.43791376E+01
  2.35900000E+00 -1.40803310E+01
  2.35900000E+00 -1.40731970E+01
  2.35900000E+00 -1.37743904E+01
  2.35900000E+00 -1.37672564E+01
  2.35900000E+00 -1.34684498E+01
  2.35900000E+00 -1.34613158E+01
  2.35900000E+00 -1.31625092E+01
  2.35900000E+00 -1.31553752E+01
  2.35900000E+00 -1.28565686E+01
  2.35900000E+00 -1.28494346E+01
  2.35900000E+00 -1.25506280E+01
  2.35900000E+00 -1.25434940E+01
  2.35900000E+00 -1.22446875E+01
  2.35900000E+00 -1.22375534E+01
  2.35900000E+00 -1.19387469E+01
  2.35900000E+00 -1.19316128E+01
  2.35900000E+00 -1.16328063E+01
  2.35900000E+00 -1.16256722E+01
  2.35900000E+00 -1.13268657E+01
  2.35900000E+00 -1.13197316E+01
  2.35900000E+00 -1.10209251E+01
  2.35900000E+00 -1.10137910E+01
  2.35900000E+00 -1.07149845E+01
  2.35900000E+00 -1.07078504E+01
  2.35900000E+00 -1.04090439E+01
  2.35900000E+00 -1.04019098E+01
  2.35900000E+00 -1.01031033E+01
  2.35900000E+00 -1.00959692E+01
  2.35900000E+00 -9.79716270E+00
  2.35900000E+00 -9.79002864E+00
  2.35900000E+00 -9.49122211E+00
  2.35900000E+00 -9.48408805E+00
  2.35900000E+00 -9.18528151E+00
  2.35900000E+00 -9.17814745E+00
  2.35900000E+00 -8.87934092E+00
  2.35900000E+00 -8.87220686E+00
  2.35900000E+00 -8.57340032E+00
  2.35900000E+00 -8.56626626E+00
  2.35900000E+00 -8.26745973E+00
  2.35900000E+00 -8.26032567E+00
  2.35900000E+00 -7.96151914E+00
  2.35900000E+00 -7.95438508E+00
  2.35900000E+00 -7.65557854E+00
  2.35900000E+00 -7.64844448E+00
  2.35900000E+00 -7.34963795E+00
  2.35900000E+00 -7.34250389E+00
  2.35900000E+00 -7.04369735E+00
  2.35900000E+00 -7.03656329E+00
  2.35900000E+00 -6.73775676E+00
  2.35900000E+00 -6.73062270E+00
  2.35900000E+00 -6.43181616E+00
  2.35900000E+00 -6.42468210E+00
  2.35900000E+00 -6.12587557E+00
  2.35900000E+00 -6.11874151E+00
  2.35900000E+00 -5.81993498E+00
  2.35900000E+00 -5.81280092E+00
  2.35900000E+00 -5.51399438E+00
  2.35900000E+00 -5.50686032E+00
  2.35900000E+00 -5.20805379E+00
  2.35900000E+00 -5.20091973E+00
  2.35900000E+00 -4.90211319E+00
  2.35900000E+00 -4.89497913E+00
  2.35900000E+00 -4.59617260E+00
  2.35900000E+00 -4.58903854E+00
  2.35900000E+00 -4.29023201E+00
  2.35900000E+00 -4.28309795E+00
  2.35900000E+00 -3.98429141E+00
  2.35900000E+00 -3.97715735E+00
  2.35900000E+00 -3.67835082E+00
  2.35900000E+00 -3.67121676E+00
  2.35900000E+00 -3.37241022E+00
  2.35900000E+00 -3.36527616E+00
  2.35900000E+00 -3.06646963E+00
  2.35900000E+00 -3.05933557E+00
  2.35900000E+00 -2.76052904E+00
  2.35900000E+00 -2.75339498E+00
  2.35900000E+00 -2.45458844E+00
  2.35900000E+00 -2.44745438E+00
  2.35900000E+00 -2.14864785E+00
  2.35900000E+00 -2.14151379E+00
  2.35900000E+00 -1.84270725E+00
  2.35900000E+00 -1.83557319E+00
  2.32696763E+00 -1.56850000E+00
  2.05737776E+00 -1.56850000E+00
  1.78778788E+00 -1.56850000E+00
  1.74855423E+00 -1.56850000E+00
  1.47896435E+00 -1.56850000E+00
  1.43973070E+00 -1.56850000E+00
  1.17014082E+00 -1.56850000E+00
  1.13090717E+00 -1.56850000E+00
  8.61317293E-01 -1.56850000E+00
  8.22083638E-01 -1.56850000E+00
  5.52493764E-01 -1.56850000E+00
  7.34495109E-01 -1.83557319E+00
  8.22083638E-01 -1.94885221E+00
  9.49427271E-01 -2.14151379E+00
  1.11495924E+00 -2.44745438E+00
  1.13090717E+00 -2.48061822E+00
  1.25076491E+00 -2.75339498E+00
  1.30363890E+00 -2.88821632E+00
  1.36570206E+00 -3.05933557E+00
  1.38447670E+00 -3.11407376E+00
  1.43973070E+00 -3.28396202E+00
  1.46467165E+00 -3.36527616E+00
  1.52745874E+00 -3.58430768E+00
  1.55072212E+00 -3.67121676E+00
  1.59046263E+00 -3.82783253E+00
  1.62589844E+00 -3.97715735E+00
  1.64823277E+00 -4.07654228E+00
  1.69164582E+00 -4.28309795E+00
  1.70100318E+00 -4.33020509E+00
  1.74855423E+00 -4.58635110E+00
  1.79222390E+00 -4.85171713E+00
  1.79883217E+00 -4.89497913E+00
  1.83090676E+00 -5.11933597E+00
  1.84168185E+00 -5.20091973E+00
  1.86506430E+00 -5.39143790E+00
  1.87804813E+00 -5.50686032E+00
  1.89472389E+00 -5.66799578E+00
  1.90830054E+00 -5.81280092E+00
  1.91988046E+00 -5.94901464E+00
  1.93272531E+00 -6.11874151E+00
  1.94049631E+00 -6.23453185E+00
  1.95154060E+00 -6.42468210E+00
  1.95649969E+00 -6.52461845E+00
  1.96490706E+00 -6.73062270E+00
  1.96778217E+00 -6.81938189E+00
  1.97293511E+00 -7.03656329E+00
  1.97419430E+00 -7.11897021E+00
  1.97568962E+00 -7.34250389E+00
  1.97553942E+00 -7.42357824E+00
  1.97319262E+00 -7.64844448E+00
  1.97156476E+00 -7.73345640E+00
  1.96542415E+00 -7.95438508E+00
  1.96194892E+00 -8.04892306E+00
  1.95232148E+00 -8.26032567E+00
  1.94628414E+00 -8.37038220E+00
  1.93377652E+00 -8.56626626E+00
  1.92405053E+00 -8.69834885E+00
  1.90963121E+00 -8.87220686E+00
  1.89457805E+00 -9.03348679E+00
  1.87967044E+00 -9.17814745E+00
  1.85698814E+00 -9.37666638E+00
  1.84361162E+00 -9.48408805E+00
  1.81010047E+00 -9.72905695E+00
  1.80108975E+00 -9.79002864E+00
  1.75227516E+00 -1.00922830E+01
  1.69464519E+00 -1.04019098E+01
  1.62933009E+00 -1.07078504E+01
  1.55464572E+00 -1.10137910E+01
  1.46916971E+00 -1.13197316E+01
  1.38826937E+00 -1.15746913E+01
  1.33370571E+00 -1.17307074E+01
  1.25683298E+00 -1.19316128E+01
  1.13090717E+00 -1.22193818E+01
  1.11420247E+00 -1.22541021E+01
  9.58452653E-01 -1.25434940E+01
  8.22083638E-01 -1.27511478E+01
  7.79870541E-01 -1.28076156E+01
  7.46781461E-01 -1.28494346E+01
  5.13260109E-01 -1.30873531E+01
  4.74896193E-01 -1.31173694E+01
  4.21072612E-01 -1.31553752E+01
  2.04436580E-01 -1.32614590E+01
  3.53230277E-02 -1.32937809E+01
 -1.04386950E-01 -1.32877420E+01
 -3.80092299E-01 -1.31881842E+01
 -4.13210479E-01 -1.31682056E+01
 -4.33072612E-01 -1.31553752E+01
 -5.93378278E-01 -1.30279205E+01
 -7.22034009E-01 -1.28934247E+01
 -7.58781461E-01 -1.28494346E+01
 -8.74164271E-01 -1.26942041E+01
 -9.70452653E-01 -1.25434940E+01
 -9.92719348E-01 -1.25057118E+01
 -1.03085754E+00 -1.24383105E+01
 -1.13421008E+00 -1.22375534E+01
 -1.19865647E+00 -1.20978453E+01
 -1.26883298E+00 -1.19316128E+01
 -1.28885872E+00 -1.18812649E+01
 -1.33968107E+00 -1.17472211E+01
 -1.38289374E+00 -1.16256722E+01
 -1.44821666E+00 -1.14272540E+01
 -1.48116971E+00 -1.13197316E+01
 -1.51856226E+00 -1.11910023E+01
 -1.56664572E+00 -1.10137910E+01
 -1.58326670E+00 -1.09491621E+01
 -1.64133009E+00 -1.07078504E+01
 -1.64265135E+00 -1.07020518E+01
 -1.64850460E+00 -1.06761852E+01
 -1.70664519E+00 -1.04019098E+01
 -1.74641628E+00 -1.01929669E+01
 -1.76363582E+00 -1.00959692E+01
 -1.79114266E+00 -9.93133515E+00
 -1.81308975E+00 -9.79002864E+00
 -1.83125659E+00 -9.66513401E+00
 -1.85561162E+00 -9.48408805E+00
 -1.86682979E+00 -9.39443453E+00
 -1.89167044E+00 -9.17814745E+00
 -1.89789997E+00 -9.11927407E+00
 -1.92163121E+00 -8.87220686E+00
 -1.92447220E+00 -8.83965765E+00
 -1.94577652E+00 -8.56626626E+00
 -1.94651911E+00 -8.55555815E+00
 -1.95732813E+00 -8.38670967E+00
 -1.96432148E+00 -8.26032567E+00
 -1.97675793E+00 -7.97363350E+00
 -1.97742415E+00 -7.95438508E+00
 -1.98471729E+00 -7.67557796E+00
 -1.98519262E+00 -7.64844448E+00
 -1.98767692E+00 -7.37256937E+00
 -1.98768962E+00 -7.34250389E+00
 -1.98540280E+00 -7.06437588E+00
 -1.98493511E+00 -7.03656329E+00
 -1.97759670E+00 -6.75070206E+00
 -1.97690706E+00 -6.73062270E+00
 -1.96388029E+00 -6.43117311E+00
 -1.96354060E+00 -6.42468210E+00
 -1.95732813E+00 -6.31329033E+00
 -1.94554496E+00 -6.13041468E+00
 -1.94472531E+00 -6.11874151E+00
 -1.94377227E+00 -6.10531220E+00
 -1.92030054E+00 -5.81280092E+00
 -1.91665483E+00 -5.77250731E+00
 -1.89004813E+00 -5.50686032E+00
 -1.88172285E+00 -5.43196084E+00
 -1.85368185E+00 -5.20091973E+00
 -1.83790380E+00 -5.08261025E+00
 -1.81083217E+00 -4.89497913E+00
 -1.78372492E+00 -4.72299655E+00
 -1.76102428E+00 -4.58903854E+00
 -1.71707780E+00 -4.35103100E+00
 -1.70364582E+00 -4.28309795E+00
 -1.64850460E+00 -4.02381481E+00
 -1.63986117E+00 -3.98572010E+00
 -1.63789844E+00 -3.97715735E+00
 -1.63476282E+00 -3.96354386E+00
 -1.56272212E+00 -3.67121676E+00
 -1.53149164E+00 -3.55529614E+00
 -1.47667165E+00 -3.36527616E+00
 -1.39725380E+00 -3.11637085E+00
 -1.37770206E+00 -3.05933557E+00
 -1.33968107E+00 -2.95277891E+00
 -1.28461336E+00 -2.80794861E+00
 -1.26276491E+00 -2.75339498E+00
 -1.20764113E+00 -2.62258766E+00
 -1.12695924E+00 -2.44745438E+00
 -1.03085754E+00 -2.26168954E+00
 -9.87180421E-01 -2.18478317E+00
 -9.61427271E-01 -2.14151379E+00
 -8.28145709E-01 -1.94069432E+00
 -7.46495109E-01 -1.83557319E+00
 -7.61267664E-01 -1.56850000E+00
 -1.03085754E+00 -1.56850000E+00
 -1.30044741E+00 -1.56850000E+00
 -1.33968107E+00 -1.56850000E+00
 -1.60927094E+00 -1.56850000E+00
 -1.64850460E+00 -1.56850000E+00
 -1.91809447E+00 -1.56850000E+00
 -1.95732813E+00 -1.56850000E+00
 -2.22691800E+00 -1.56850000E+00
 -2.26615166E+00 -1.56850000E+00
 -2.37100000E+00 -1.73170363E+00
 -2.37100000E+00 -1.83557319E+00
 -2.37100000E+00 -1.93944276E+00
 -2.37100000E+00 -2.14151379E+00
 -2.37100000E+00 -2.24538335E+00
 -2.37100000E+00 -2.44745438E+00
 -2.37100000E+00 -2.55132394E+00
 -2.37100000E+00 -2.75339498E+00
 -2.37100000E+00 -2.85726454E+00
 -2.37100000E+00 -3.05933557E+00
 -2.37100000E+00 -3.16320513E+00
 -2.37100000E+00 -3.36527616E+00
 -2.37100000E+00 -3.46914573E+00
 -2.37100000E+00 -3.67121676E+00
 -2.37100000E+00 -3.77508632E+00
 -2.37100000E+00 -3.97715735E+00
 -2.37100000E+00 -4.08102691E+00
 -2.37100000E+00 -4.28309795E+00
 -2.37100000E+00 -4.38696751E+00
 -2.37100000E+00 -4.58903854E+00
 -2.37100000E+00 -4.69290810E+00
 -2.37100000E+00 -4.89497913E+00
 -2.37100000E+00 -4.99884870E+00
 -2.37100000E+00 -5.20091973E+00
 -2.37100000E+00 -5.30478929E+00
 -2.37100000E+00 -5.50686032E+00
 -2.37100000E+00 -5.61072988E+00
 -2.37100000E+00 -5.81280092E+00
 -2.37100000E+00 -5.91667048E+00
 -2.37100000E+00 -6.11874151E+00
 -2.37100000E+00 -6.22261107E+00
 -2.37100000E+00 -6.42468210E+00
 -2.37100000E+00 -6.52855167E+00
 -2.37100000E+00 -6.73062270E+00
 -2.37100000E+00 -6.83449226E+00
 -2.37100000E+00 -7.03656329E+00
 -2.37100000E+00 -7.14043285E+00
 -2.37100000E+00 -7.34250389E+00
 -2.37100000E+00 -7.44637345E+00
 -2.37100000E+00 -7.64844448E+00
 -2.37100000E+00 -7.75231404E+00
 -2.37100000E+00 -7.95438508E+00
 -2.37100000E+00 -8.05825464E+00
 -2.37100000E+00 -8.26032567E+00
 -2.37100000E+00 -8.36419523E+00
 -2.37100000E+00 -8.56626626E+00
 -2.37100000E+00 -8.67013583E+00
 -2.37100000E+00 -8.87220686E+00
 -2.37100000E+00 -8.97607642E+00
 -2.37100000E+00 -9.17814745E+00
 -2.37100000E+00 -9.28201701E+00
 -2.37100000E+00 -9.48408805E+00
 -2.37100000E+00 -9.58795761E+00
 -2.37100000E+00 -9.79002864E+00
 -2.37100000E+00 -9.89389820E+00
 -2.37100000E+00 -1.00959692E+01
 -2.37100000E+00 -1.01998388E+01
 -2.37100000E+00 -1.04019098E+01
 -2.37100000E+00 -1.05057794E+01
 -2.37100000E+00 -1.07078504E+01
 -2.37100000E+00 -1.08117200E+01
 -2.37100000E+00 -1.10137910E+01
 -2.37100000E+00 -1.11176606E+01
 -2.37100000E+00 -1.13197316E+01
 -2.37100000E+00 -1.14236012E+01
 -2.37100000E+00 -1.16256722E+01
 -2.37100000E+00 -1.17295418E+01
 -2.37100000E+00 -1.19316128E+01
 -2.37100000E+00 -1.20354824E+01
 -2.37100000E+00 -1.22375534E+01
 -2.37100000E+00 -1.23414230E+01
 -2.37100000E+00 -1.25434940E+01
 -2.37100000E+00 -1.26473635E+01
 -2.37100000E+00 -1.28494346E+01
 -2.37100000E+00 -1.29533041E+01
 -2.37100000E+00 -1.31553752E+01
 -2.37100000E+00 -1.32592447E+01
 -2.37100000E+00 -1.34613158E+01
 -2.37100000E+00 -1.35651853E+01
 -2.37100000E+00 -1.37672564E+01
 -2.37100000E+00 -1.38711259E+01
 -2.37100000E+00 -1.40731970E+01
 -2.37100000E+00 -1.41770665E+01
 -2.37100000E+00 -1.43791376E+01

hb:   line clip z  
clip:
 -4.21096727E-01 -1.31631878E+01
 -4.13210479E-01 -1.31682056E+01
 -3.80092299E-01 -1.31881842E+01
 -1.04386950E-01 -1.32877420E+01
  3.53230277E-02 -1.32937809E+01
  2.04436580E-01 -1.32614590E+01
  2.81819227E-01 -1.32320354E+01
  4.21072612E-01 -1.31553752E+01
  5.13260109E-01 -1.30873531E+01
  6.37693560E-01 -1.29727064E+01
  7.46781461E-01 -1.28494346E+01
  8.22083638E-01 -1.27511478E+01
  9.06573434E-01 -1.26271951E+01
  9.58452653E-01 -1.25434940E+01
  1.11420247E+00 -1.22541021E+01
  1.12221008E+00 -1.22375534E+01
  1.13090717E+00 -1.22193818E+01
  1.22027116E+00 -1.20201426E+01
  1.25683298E+00 -1.19316128E+01
  1.33370571E+00 -1.17307074E+01
  1.37089374E+00 -1.16256722E+01
  1.43973070E+00 -1.14160380E+01
  1.46241566E+00 -1.13422048E+01
  1.46916971E+00 -1.13197316E+01
  1.48139693E+00 -1.12784543E+01
  1.55464572E+00 -1.10137910E+01
  1.59294871E+00 -1.08620033E+01
  1.62933009E+00 -1.07078504E+01
  1.68112639E+00 -1.04687082E+01
  1.69464519E+00 -1.04019098E+01
  1.74855423E+00 -1.01136489E+01
  1.75118341E+00 -1.00985739E+01
  1.75227516E+00 -1.00922830E+01
  1.80108975E+00 -9.79002864E+00
  1.81010047E+00 -9.72905695E+00
  1.84361162E+00 -9.48408805E+00
  1.85698814E+00 -9.37666638E+00
  1.87967044E+00 -9.17814745E+00
  1.89457805E+00 -9.03348679E+00
  1.90963121E+00 -8.87220686E+00
  1.92405053E+00 -8.69834885E+00
  1.93377652E+00 -8.56626626E+00
  1.94628414E+00 -8.37038220E+00
  1.95232148E+00 -8.26032567E+00
  1.96194892E+00 -8.04892306E+00
  1.96542415E+00 -7.95438508E+00
  1.97156476E+00 -7.73345640E+00
  1.97319262E+00 -7.64844448E+00
  1.97553942E+00 -7.42357824E+00
  1.97568962E+00 -7.34250389E+00
  1.97419430E+00 -7.11897021E+00
  1.97293511E+00 -7.03656329E+00
  1.96778217E+00 -6.81938189E+00
  1.96490706E+00 -6.73062270E+00
  1.95649969E+00 -6.52461845E+00
  1.95154060E+00 -6.42468210E+00
  1.94049631E+00 -6.23453185E+00
  1.93272531E+00 -6.11874151E+00
  1.91988046E+00 -5.94901464E+00
  1.90830054E+00 -5.81280092E+00
  1.89472389E+00 -5.66799578E+00
  1.87804813E+00 -5.50686032E+00
  1.86506430E+00 -5.39143790E+00
  1.84168185E+00 -5.20091973E+00
  1.83090676E+00 -5.11933597E+00
  1.79883217E+00 -4.89497913E+00
  1.79222390E+00 -4.85171713E+00
  1.74902428E+00 -4.58903854E+00
  1.69164582E+00 -4.28309795E+00
  1.64823277E+00 -4.07654228E+00
  1.62589844E+00 -3.97715735E+00
  1.59046263E+00 -3.82783253E+00
  1.55072212E+00 -3.67121676E+00
  1.52745874E+00 -3.58430768E+00
  1.46467165E+00 -3.36527616E+00
  1.45892288E+00 -3.34626315E+00
  1.43973070E+00 -3.28396202E+00
  1.36570206E+00 -3.05933557E+00
  1.30363890E+00 -2.88821632E+00
  1.25076491E+00 -2.75339498E+00
  1.21579169E+00 -2.66930287E+00
  1.13090717E+00 -2.48061822E+00
  1.11495924E+00 -2.44745438E+00
  1.01558112E+00 -2.25576324E+00
  9.49427271E-01 -2.14151379E+00
  9.00672468E-01 -2.06365860E+00
  8.22083638E-01 -1.94885221E+00
  7.34495109E-01 -1.83557319E+00
  6.30250828E-01 -1.71967461E+00
  5.13260109E-01 -1.61264691E+00
  2.45545014E-01 -1.57035728E+00
  2.04436580E-01 -1.59521500E+00
  1.67496014E-02 -1.64963831E+00
 -1.04386950E-01 -1.63589325E+00
 -4.11875628E-01 -1.53095499E+00
 -5.85549099E-01 -1.66484339E+00
 -7.22034009E-01 -1.80657527E+00
 -7.35423547E-01 -1.82230865E+00
 -7.46495109E-01 -1.83557319E+00
 -8.28145709E-01 -1.94069432E+00
 -9.61427271E-01 -2.14151379E+00
 -1.03085754E+00 -2.26168954E+00
 -1.09529100E+00 -2.38362243E+00
 -1.12695924E+00 -2.44745438E+00
 -1.20764113E+00 -2.62258766E+00
 -1.26276491E+00 -2.75339498E+00
 -1.33968107E+00 -2.95277891E+00
 -1.36791444E+00 -3.03136577E+00
 -1.37770206E+00 -3.05933557E+00
 -1.39725380E+00 -3.11637085E+00
 -1.47667165E+00 -3.36527616E+00
 -1.53149164E+00 -3.55529614E+00
 -1.56272212E+00 -3.67121676E+00
 -1.63476282E+00 -3.96354386E+00
 -1.63789844E+00 -3.97715735E+00
 -1.64850460E+00 -4.02381481E+00
 -1.69442211E+00 -4.23760909E+00
 -1.70364582E+00 -4.28309795E+00
 -1.71707780E+00 -4.35103100E+00
 -1.76102428E+00 -4.58903854E+00
 -1.78372492E+00 -4.72299655E+00
 -1.81083217E+00 -4.89497913E+00
 -1.83790380E+00 -5.08261025E+00
 -1.85368185E+00 -5.20091973E+00
 -1.88172285E+00 -5.43196084E+00
 -1.89004813E+00 -5.50686032E+00
 -1.91665483E+00 -5.77250731E+00
 -1.92030054E+00 -5.81280092E+00
 -1.94377227E+00 -6.10531220E+00
 -1.94472531E+00 -6.11874151E+00
 -1.95732813E+00 -6.31329033E+00
 -1.96323240E+00 -6.41883295E+00
 -1.96354060E+00 -6.42468210E+00
 -1.96388029E+00 -6.43117311E+00
 -1.97690706E+00 -6.73062270E+00
 -1.97759670E+00 -6.75070206E+00
 -1.98493511E+00 -7.03656329E+00
 -1.98540280E+00 -7.06437588E+00
 -1.98768962E+00 -7.34250389E+00
 -1.98767692E+00 -7.37256937E+00
 -1.98519262E+00 -7.64844448E+00
 -1.98471729E+00 -7.67557796E+00
 -1.97742415E+00 -7.95438508E+00
 -1.97675793E+00 -7.97363350E+00
 -1.96432148E+00 -8.26032567E+00
 -1.96397987E+00 -8.26691531E+00
 -1.95732813E+00 -8.38670967E+00
 -1.94577652E+00 -8.56626626E+00
 -1.92447220E+00 -8.83965765E+00
 -1.92163121E+00 -8.87220686E+00
 -1.89789997E+00 -9.11927407E+00
 -1.89167044E+00 -9.17814745E+00
 -1.86682979E+00 -9.39443453E+00
 -1.85561162E+00 -9.48408805E+00
 -1.83125659E+00 -9.66513401E+00
 -1.81308975E+00 -9.79002864E+00
 -1.79114266E+00 -9.93133515E+00
 -1.76363582E+00 -1.00959692E+01
 -1.74641628E+00 -1.01929669E+01
 -1.70664519E+00 -1.04019098E+01
 -1.69696898E+00 -1.04499218E+01
 -1.64850460E+00 -1.06761852E+01
 -1.64133009E+00 -1.07078504E+01
 -1.58326670E+00 -1.09491621E+01
 -1.56664572E+00 -1.10137910E+01
 -1.51856226E+00 -1.11910023E+01
 -1.48116971E+00 -1.13197316E+01
 -1.44821666E+00 -1.14272540E+01
 -1.38289374E+00 -1.16256722E+01
 -1.37182210E+00 -1.16575132E+01
 -1.33968107E+00 -1.17472211E+01
 -1.26883298E+00 -1.19316128E+01
 -1.19865647E+00 -1.20978453E+01
 -1.13421008E+00 -1.22375534E+01
 -1.10033680E+00 -1.23063840E+01
 -1.03085754E+00 -1.24383105E+01
 -9.70452653E-01 -1.25434940E+01
 -8.74164271E-01 -1.26942041E+01
 -7.58781461E-01 -1.28494346E+01
 -7.42285735E-01 -1.28694973E+01
 -7.22034009E-01 -1.28934247E+01
 -4.33072612E-01 -1.31553752E+01

hb:   line clip z  
clip:
 -1.68773825E+00 -1.56850000E+00
 -6.82800354E-01 -1.56850000E+00
 -4.09763323E-01 -1.52963260E+00
 -3.58311849E-01 -1.47524646E+00
 -4.13210479E-01 -1.41286082E+00
 -6.26332621E-01 -1.31850000E+00
 -7.22034009E-01 -1.31850000E+00
 -9.35156151E-01 -1.31850000E+00
 -1.03085754E+00 -1.31850000E+00
 -1.24397968E+00 -1.31850000E+00
 -1.33968107E+00 -1.31850000E+00
 -1.55280321E+00 -1.31850000E+00
 -1.64850460E+00 -1.31850000E+00
 -1.75000000E+00 -1.42908468E+00
 -1.75000000E+00 -1.52963260E+00

hb:   line clip z  
clip:
 -1.82144439E-01 -1.60666421E+00
 -1.04386950E-01 -1.63589325E+00
  1.67496014E-02 -1.64963831E+00
  2.04436580E-01 -1.59521500E+00
  2.45545014E-01 -1.57035728E+00
  2.99950060E-01 -1.52963260E+00
  5.13260109E-01 -1.26564932E+00
  5.28461461E-01 -1.23875145E+00
  5.36645993E-01 -1.22369201E+00
  5.60915892E-01 -1.17648110E+00
  6.64831828E-01 -9.17751412E-01
  7.21903326E-01 -7.11055925E-01
  7.42971972E-01 -6.11810818E-01
  7.82286257E-01 -3.45296088E-01
  7.86134148E-01 -3.05870224E-01
  7.99929680E-01 -2.18767758E-02
  7.99999999E-01  7.03703670E-05
  7.88958094E-01  2.73194655E-01
  7.86121272E-01  3.06010964E-01
  7.55013754E-01  5.45507786E-01
  7.42944724E-01  6.11951558E-01
  7.00392689E-01  7.97337215E-01
  6.64786152E-01  9.17892153E-01
  6.25383655E-01  1.02896900E+00
  5.36570541E-01  1.22383275E+00
  5.28411291E-01  1.23884249E+00
  5.13260109E-01  1.26564932E+00
  2.99781283E-01  1.52977334E+00
  2.45460009E-01  1.57041381E+00
  2.04436580E-01  1.59521500E+00
  9.48164571E-02  1.63837014E+00
 -1.04386950E-01  1.63589325E+00
 -1.82048878E-01  1.60671028E+00
 -2.99781283E-01  1.52977334E+00
 -4.13210479E-01  1.41286082E+00
 -4.91685574E-01  1.30157526E+00
 -5.36570541E-01  1.22383275E+00
 -6.34699353E-01  1.00441152E+00
 -6.64786152E-01  9.17892153E-01
 -7.22034009E-01  7.10491257E-01
 -7.39532704E-01  6.29286900E-01
 -7.42944724E-01  6.11951558E-01
 -7.47761436E-01  5.86464302E-01
 -7.86121272E-01  3.06010964E-01
 -7.91705113E-01  2.36990255E-01
 -7.99999999E-01  7.03703670E-05
 -7.99143759E-01 -7.63195433E-02
 -7.86134148E-01 -3.05870224E-01
 -7.80331644E-01 -3.63623638E-01
 -7.42971972E-01 -6.11810818E-01
 -7.22034009E-01 -7.10491257E-01
 -6.64831828E-01 -9.17751412E-01
 -5.96552645E-01 -1.09938204E+00
 -5.36645993E-01 -1.22369201E+00
 -4.13210479E-01 -1.41286082E+00
 -2.99950060E-01 -1.52963260E+00

hb:   line clip z  
clip:
  4.74026454E-01 -1.56850000E+00
  1.74855423E+00 -1.56850000E+00
  1.75000000E+00 -1.53106488E+00
  1.74855423E+00 -1.31850000E+00
  1.53543208E+00 -1.31850000E+00
  1.43973070E+00 -1.31850000E+00
  1.22660856E+00 -1.31850000E+00
  1.13090717E+00 -1.31850000E+00
  9.17785026E-01 -1.31850000E+00
  8.22083638E-01 -1.31850000E+00
  6.08961496E-01 -1.31850000E+00
  5.13260109E-01 -1.31850000E+00
  4.05252072E-01 -1.42263284E+00
  3.97763323E-01 -1.52963260E+00

hb:   line clip z  
clip:
 -2.05000000E+00 -1.31549877E+00
 -1.95732813E+00 -1.31850000E+00
 -1.86162674E+00 -1.31850000E+00
 -1.64850460E+00 -1.31850000E+00
 -1.55280321E+00 -1.31850000E+00
 -1.35000000E+00 -1.22369201E+00
 -1.35000000E+00 -9.27974015E-01
 -1.35000000E+00 -9.17751412E-01
 -1.35000000E+00 -6.22033421E-01
 -1.35000000E+00 -6.11810818E-01
 -1.35000000E+00 -3.16092827E-01
 -1.35000000E+00 -3.05870224E-01
 -1.35000000E+00 -1.01522326E-02
 -1.35000000E+00  7.03703670E-05
 -1.35000000E+00  2.95788361E-01
 -1.35000000E+00  3.06010964E-01
 -1.35000000E+00  6.01728956E-01
 -1.35000000E+00  6.11951558E-01
 -1.35000000E+00  9.07669550E-01
 -1.35000000E+00  9.17892153E-01
 -1.35000000E+00  1.21361014E+00
 -1.35000000E+00  1.22383275E+00
 -1.35000000E+00  1.51955074E+00
 -1.35000000E+00  1.52977334E+00
 -1.35000000E+00  1.82549133E+00
 -1.35000000E+00  1.83571393E+00
 -1.60228708E+00  1.88150000E+00
 -1.64850460E+00  1.88150000E+00
 -1.69472211E+00  1.88150000E+00
 -1.95732813E+00  1.88150000E+00
 -2.00354564E+00  1.88150000E+00
 -2.05000000E+00  1.83571393E+00
 -2.05000000E+00  1.74390717E+00
 -2.05000000E+00  1.52977334E+00
 -2.05000000E+00  1.43796658E+00
 -2.05000000E+00  1.22383275E+00
 -2.05000000E+00  1.13202599E+00
 -2.05000000E+00  9.17892153E-01
 -2.05000000E+00  8.26085391E-01
 -2.05000000E+00  6.11951558E-01
 -2.05000000E+00  5.20144797E-01
 -2.05000000E+00  3.06010964E-01
 -2.05000000E+00  2.14204203E-01
 -2.05000000E+00  7.03703670E-05
 -2.05000000E+00 -9.17363910E-02
 -2.05000000E+00 -3.05870224E-01
 -2.05000000E+00 -3.97676985E-01
 -2.05000000E+00 -6.11810818E-01
 -2.05000000E+00 -7.03617579E-01
 -2.05000000E+00 -9.17751412E-01
 -2.05000000E+00 -1.00955817E+00
 -2.05000000E+00 -1.22369201E+00

hb:   line clip z  
clip:
 -1.35000000E+00 -1.23391461E+00
 -1.33968107E+00 -1.31850000E+00
 -1.24397968E+00 -1.31850000E+00
 -1.03085754E+00 -1.31850000E+00
 -9.35156151E-01 -1.31850000E+00
 -7.22034009E-01 -1.31850000E+00
 -6.26332621E-01 -1.31850000E+00
 -5.36645993E-01 -1.22369201E+00
 -5.96552645E-01 -1.09938204E+00
 -6.64831828E-01 -9.17751412E-01
 -6.78392784E-01 -8.74517587E-01
 -7.22034009E-01 -7.10491257E-01
 -7.42971972E-01 -6.11810818E-01
 -7.80331644E-01 -3.63623638E-01
 -7.86134148E-01 -3.05870224E-01
 -7.99143759E-01 -7.63195433E-02
 -7.99999999E-01  7.03703670E-05
 -7.91705113E-01  2.36990255E-01
 -7.86121272E-01  3.06010964E-01
 -7.47761436E-01  5.86464302E-01
 -7.42944724E-01  6.11951558E-01
 -7.22034009E-01  7.10491257E-01
 -6.78359979E-01  8.74625830E-01
 -6.64786152E-01  9.17892153E-01
 -6.34699353E-01  1.00441152E+00
 -5.36570541E-01  1.22383275E+00
 -4.13210479E-01  1.41286082E+00
 -3.58242304E-01  1.47531831E+00
 -2.99781283E-01  1.52977334E+00
 -1.04386950E-01  1.63589325E+00
  9.48164571E-02  1.63837014E+00
  2.04436580E-01  1.59521500E+00
  2.99781283E-01  1.52977334E+00
  4.05188166E-01  1.42271027E+00
  5.13260109E-01  1.26564932E+00
  6.25383655E-01  1.02896900E+00
  7.00392689E-01  7.97337215E-01
  7.55013754E-01  5.45507786E-01
  7.88958094E-01  2.73194655E-01
  7.99999999E-01  7.03703670E-05
  7.86134148E-01 -3.05870224E-01
  7.42971972E-01 -6.11810818E-01
  6.64831828E-01 -9.17751412E-01
  5.36645993E-01 -1.22369201E+00
  7.26382251E-01 -1.31850000E+00
  8.22083638E-01 -1.31850000E+00
  9.17785026E-01 -1.31850000E+00
  1.13090717E+00 -1.31850000E+00
  1.22660856E+00 -1.31850000E+00
  1.35000000E+00 -1.22369201E+00
  1.35000000E+00 -1.00664445E+00
  1.35000000E+00 -9.17751412E-01
  1.35000000E+00 -7.00703859E-01
  1.35000000E+00 -6.11810818E-01
  1.35000000E+00 -3.94763265E-01
  1.35000000E+00 -3.05870224E-01
  1.35000000E+00 -8.88226711E-02
  1.35000000E+00  7.03703670E-05
  1.35000000E+00  2.17117923E-01
  1.35000000E+00  3.06010964E-01
  1.35000000E+00  5.23058517E-01
  1.35000000E+00  6.11951558E-01
  1.35000000E+00  8.28999111E-01
  1.35000000E+00  9.17892153E-01
  1.35000000E+00  1.13493971E+00
  1.35000000E+00  1.22383275E+00
  1.35000000E+00  1.44088030E+00
  1.35000000E+00  1.52977334E+00
  1.35000000E+00  1.74682089E+00
  1.35000000E+00  1.83571393E+00
  1.17712468E+00  1.88150000E+00
 -1.33968107E+00  1.88150000E+00
 -1.35000000E+00  1.84593654E+00
 -1.35000000E+00  1.83571393E+00
 -1.35000000E+00  1.82549133E+00
 -1.35000000E+00  1.52977334E+00
 -1.35000000E+00  1.51955074E+00
 -1.35000000E+00  1.22383275E+00
 -1.35000000E+00  1.21361014E+00
 -1.35000000E+00  9.17892153E-01
 -1.35000000E+00  9.07669550E-01
 -1.35000000E+00  6.11951558E-01
 -1.35000000E+00  6.01728956E-01
 -1.35000000E+00  3.06010964E-01
 -1.35000000E+00  2.95788361E-01
 -1.35000000E+00  7.03703670E-05
 -1.35000000E+00 -1.01522326E-02
 -1.35000000E+00 -3.05870224E-01
 -1.35000000E+00 -3.16092827E-01
 -1.35000000E+00 -6.11810818E-01
 -1.35000000E+00 -6.22033421E-01
 -1.35000000E+00 -9.17751412E-01
 -1.35000000E+00 -9.27974015E-01
 -1.35000000E+00 -1.22369201E+00

hb:   line clip z  
clip:
  1.35000000E+00 -1.31258505E+00
  1.43973070E+00 -1.31850000E+00
  1.53543208E+00 -1.31850000E+00
  1.74855423E+00 -1.31850000E+00
  1.84425561E+00 -1.31850000E+00
  2.05000000E+00 -1.22369201E+00
  2.05000000E+00 -9.25060295E-01
  2.05000000E+00 -9.17751412E-01
  2.05000000E+00 -6.19119701E-01
  2.05000000E+00 -6.11810818E-01
  2.05000000E+00 -3.13179107E-01
  2.05000000E+00 -3.05870224E-01
  2.05000000E+00 -7.23851265E-03
  2.05000000E+00  7.03703670E-05
  2.05000000E+00  2.98702081E-01
  2.05000000E+00  3.06010964E-01
  2.05000000E+00  6.04642675E-01
  2.05000000E+00  6.11951558E-01
  2.05000000E+00  9.10583270E-01
  2.05000000E+00  9.17892153E-01
  2.05000000E+00  1.21652386E+00
  2.05000000E+00  1.22383275E+00
  2.05000000E+00  1.52246446E+00
  2.05000000E+00  1.52977334E+00
  2.05000000E+00  1.82840505E+00
  2.05000000E+00  1.83571393E+00
  1.79477174E+00  1.88150000E+00
  1.74855423E+00  1.88150000E+00
  1.70233671E+00  1.88150000E+00
  1.43973070E+00  1.88150000E+00
  1.39351318E+00  1.88150000E+00
  1.35000000E+00  1.83571393E+00
  1.35000000E+00  1.74682089E+00
  1.35000000E+00  1.52977334E+00
  1.35000000E+00  1.44088030E+00
  1.35000000E+00  1.22383275E+00
  1.35000000E+00  1.13493971E+00
  1.35000000E+00  9.17892153E-01
  1.35000000E+00  8.28999111E-01
  1.35000000E+00  6.11951558E-01
  1.35000000E+00  5.23058517E-01
  1.35000000E+00  3.06010964E-01
  1.35000000E+00  2.17117923E-01
  1.35000000E+00  7.03703670E-05
  1.35000000E+00 -8.88226711E-02
  1.35000000E+00 -3.05870224E-01
  1.35000000E+00 -3.94763265E-01
  1.35000000E+00 -6.11810818E-01
  1.35000000E+00 -7.00703859E-01
  1.35000000E+00 -9.17751412E-01
  1.35000000E+00 -1.00664445E+00
  1.35000000E+00 -1.22369201E+00

hb:   line clip z  
clip:
 -2.05000000E+00  2.04984777E+00
 -1.95732813E+00  1.88150000E+00
 -1.69472211E+00  1.88150000E+00
  2.01116024E+00  1.88150000E+00
  2.05000000E+00  2.14165453E+00
  1.78877517E+00  2.18150000E+00
  1.74855423E+00  2.18150000E+00
  1.70833328E+00  2.18150000E+00
  1.43973070E+00  2.18150000E+00
  1.39950975E+00  2.18150000E+00
  1.13090717E+00  2.18150000E+00
  1.09068623E+00  2.18150000E+00
  8.22083638E-01  2.18150000E+00
  7.81862696E-01  2.18150000E+00
  5.13260109E-01  2.18150000E+00
  4.73039166E-01  2.18150000E+00
  2.04436580E-01  2.18150000E+00
  1.64215637E-01  2.18150000E+00
 -1.04386950E-01  2.18150000E+00
 -1.44607892E-01  2.18150000E+00
 -4.13210479E-01  2.18150000E+00
 -4.53431422E-01  2.18150000E+00
 -7.22034009E-01  2.18150000E+00
 -7.62254951E-01  2.18150000E+00
 -1.03085754E+00  2.18150000E+00
 -1.07107848E+00  2.18150000E+00
 -1.33968107E+00  2.18150000E+00
 -1.37990201E+00  2.18150000E+00
 -1.64850460E+00  2.18150000E+00
 -1.68872554E+00  2.18150000E+00
 -1.95732813E+00  2.18150000E+00
 -1.99754907E+00  2.18150000E+00
 -2.05000000E+00  2.14165453E+00

#------------------------------------------------------------------------------
z: xorg(1.03)
p: xfac[c2*0.05] form[c1/0.05] notc noxt noyt dmin(1)
p: ymin(0) ymax(1) xmin(0) xmax(1) cmin(1) cmax(100) nosp
hc: y= 0.005 to 0.995 by 0.01 ; x= 0.5 to 0.5 by 1 ;
 1  2  3  4  5  6  7  8  9 10 11 12 13 14 15 16 17 18 19 20
21 22 23 24 25 26 27 28 29 30 31 32 33 34 35 36 37 38 39 40
41 42 43 44 45 46 47 48 49 50 51 52 53 54 55 56 57 58 59 60
61 62 63 64 65 66 67 68 69 70 71 72 73 74 75 76 77 78 79 80
81 82 83 84 85 86 87 88 89 90 91 92 93 94 95 96 97 98 99 100
z: xorg(0.0)
p: xfac[c2*0.05] form[c1/0.05] nosp afac[c5*0.625] ymin[c3] ymax[c4]
p: noxt noxn ytxt(-1) ynum(-1) xltd(-1) xstd(-1) itic(1) ylog
y: Relative Error
#------------------------------------------------------------------------------

wt: s[c5]
\vspace{-3}
  emin  &=&   0.0000E+00 [MeV/n]
  emax  &=&   1.0000E+03 [MeV/n]
  zmin  &=&   9.8470E+01 [cm]
  zmax  &=&   9.8490E+01 [cm]
  part. &=& photon  
e:

#------------------------------------------------------------------------------
z: xorg[-1.03/0.05]
p: form[c1] xfac[c2] afac[c5] nosp notf
p: xmin( -10.00000    ) xmax(  10.10000    )
p: ymin( -15.00000    ) ymax(  15.00000    )
 
# Information for Restart Calculation
# This calculation was newly started
# istdev =  2 # 1:Batch variance, 2:History variance
# resc2  = 7.99726505359516816E-03 # Total source weight or Total source weight / maxcas
# resc3  = 4.99149910000000000E+07 # Total history number or Total batch number
# maxcas =       10001 # History / Batch, only used for istdev=1
# bitrseed = 1101001001110101011011100000110110000101001010110000001101011100 # bit data of rseed
