[ T-Deposit ]
    title = Histograma
     mesh =  xyz            # mesh type is xyz scoring mesh
   x-type =    2            # x-mesh is linear given by xmin, xmax and nx
     xmin = -0.8000000      # minimum value of x-mesh points
     xmax =  0.8000000      # maximum value of x-mesh points
#    xdel =  0.1000000      # mesh width of x-mesh points
       nx =     16          # number of x-mesh points
#    data = ( x(i), i = 1, nx + 1 )
#          -8.00000E-01 -7.00000E-01 -6.00000E-01 -5.00000E-01 -4.00000E-01
#          -3.00000E-01 -2.00000E-01 -1.00000E-01  0.00000E+00  1.00000E-01
#           2.00000E-01  3.00000E-01  4.00000E-01  5.00000E-01  6.00000E-01
#           7.00000E-01  8.00000E-01
   y-type =    2            # y-mesh is linear given by ymin, ymax and ny
     ymin =  -1.650000      # minimum value of y-mesh points
     ymax =   1.650000      # maximum value of y-mesh points
#    ydel =  0.1000000      # mesh width of y-mesh points
       ny =     33          # number of y-mesh points
#    data = ( y(i), i = 1, ny + 1 )
#          -1.65000E+00 -1.55000E+00 -1.45000E+00 -1.35000E+00 -1.25000E+00
#          -1.15000E+00 -1.05000E+00 -9.50000E-01 -8.50000E-01 -7.50000E-01
#          -6.50000E-01 -5.50000E-01 -4.50000E-01 -3.50000E-01 -2.50000E-01
#          -1.50000E-01 -5.00000E-02  5.00000E-02  1.50000E-01  2.50000E-01
#           3.50000E-01  4.50000E-01  5.50000E-01  6.50000E-01  7.50000E-01
#           8.50000E-01  9.50000E-01  1.05000E+00  1.15000E+00  1.25000E+00
#           1.35000E+00  1.45000E+00  1.55000E+00  1.65000E+00
   z-type =    2            # z-mesh is linear given by zmin, zmax and nz
     zmin =   98.38000      # minimum value of z-mesh points
     zmax =   98.58000      # maximum value of z-mesh points
#    zdel =  5.0000000E-02  # mesh width of z-mesh points
       nz =      4          # number of z-mesh points
#    data = ( z(i), i = 1, nz + 1 )
#           9.83800E+01  9.84300E+01  9.84800E+01  9.85300E+01  9.85800E+01
     unit =    0            # unit is [Gy/source]
   letmat =    0            # (D=0) mat ID for LET, 0:real mat, <0: electron for H2O
  dedxfnc =    0            # (D=0) user defined multiplier, 0(no), 1, 2
 material =  all            # (D=all) number of specific material
   output =  dose           # total deposit energy
  deposit =    0            # (D=0) 0-> total deposit dist, 1-> each process
     axis =     z           # axis of output
     file = histograma_dosis_L.out  # file name of output for the above axis
     part =  proton   
# kf/name :  2212     
   epsout =    1            # (D=0) generate eps file by ANGEL
   mother =  all            # (D=all) number of specific mother
#    used :        main (  %)        temp (  %)       total (  %)
#  memory :          59 (  0)           0 (  0)          59 (  0)

#------------------------------------------------------------------------------
#newpage:
#   no. =  1   ix  =  1   iy  =  1
#   x = (  -8.0000E-01  -  -7.0000E-01  )
#   y = (  -1.6500E+00  -  -1.5500E+00  )

x: z[cm]
y: Dose [Gy/source]      
p: xlin ylog afac(0.8) form(0.9)
h: n            x            y(proton  ),hh0l n 
#  z-lower      z-upper        proton    r.err 
   9.8380E+01   9.8430E+01   0.0000E+00  0.0000
   9.8430E+01   9.8480E+01   0.0000E+00  0.0000
   9.8480E+01   9.8530E+01   0.0000E+00  0.0000
   9.8530E+01   9.8580E+01   0.0000E+00  0.0000

#   sum over    2.0000E-03   0.0000E+00  0.0000

'no. =  1,  ix =  1,  iy =  1'
msuc: {\huge Histograma}
msdr: {\it plotted by \ANGEL \version}
msdl: {\it calculated by \PHITS  3.35}
wt: s(0.7)
\vspace{-3}
  xmin  &=&  -8.0000E-01 [cm]
  xmax  &=&  -7.0000E-01 [cm]
  ymin  &=&  -1.6500E+00 [cm]
  ymax  &=&  -1.5500E+00 [cm]
e:

#------------------------------------------------------------------------------
 newpage:
#   no. =  2   ix  =  1   iy  =  2
#   x = (  -8.0000E-01  -  -7.0000E-01  )
#   y = (  -1.5500E+00  -  -1.4500E+00  )

x: z[cm]
y: Dose [Gy/source]      
p: xlin ylog afac(0.8) form(0.9)
h: n            x            y(proton  ),hh0l n 
#  z-lower      z-upper        proton    r.err 
   9.8380E+01   9.8430E+01   0.0000E+00  0.0000
   9.8430E+01   9.8480E+01   0.0000E+00  0.0000
   9.8480E+01   9.8530E+01   0.0000E+00  0.0000
   9.8530E+01   9.8580E+01   0.0000E+00  0.0000

#   sum over    2.0000E-03   0.0000E+00  0.0000

'no. =  2,  ix =  1,  iy =  2'
msuc: {\huge Histograma}
msdr: {\it plotted by \ANGEL \version}
msdl: {\it calculated by \PHITS  3.35}
wt: s(0.7)
\vspace{-3}
  xmin  &=&  -8.0000E-01 [cm]
  xmax  &=&  -7.0000E-01 [cm]
  ymin  &=&  -1.5500E+00 [cm]
  ymax  &=&  -1.4500E+00 [cm]
e:

#------------------------------------------------------------------------------
 newpage:
#   no. =  3   ix  =  1   iy  =  3
#   x = (  -8.0000E-01  -  -7.0000E-01  )
#   y = (  -1.4500E+00  -  -1.3500E+00  )

x: z[cm]
y: Dose [Gy/source]      
p: xlin ylog afac(0.8) form(0.9)
h: n            x            y(proton  ),hh0l n 
#  z-lower      z-upper        proton    r.err 
   9.8380E+01   9.8430E+01   0.0000E+00  0.0000
   9.8430E+01   9.8480E+01   0.0000E+00  0.0000
   9.8480E+01   9.8530E+01   0.0000E+00  0.0000
   9.8530E+01   9.8580E+01   3.4972E-06  1.0000

#   sum over    2.0000E-03   8.7431E-07  1.0000

'no. =  3,  ix =  1,  iy =  3'
msuc: {\huge Histograma}
msdr: {\it plotted by \ANGEL \version}
msdl: {\it calculated by \PHITS  3.35}
wt: s(0.7)
\vspace{-3}
  xmin  &=&  -8.0000E-01 [cm]
  xmax  &=&  -7.0000E-01 [cm]
  ymin  &=&  -1.4500E+00 [cm]
  ymax  &=&  -1.3500E+00 [cm]
e:

#------------------------------------------------------------------------------
 newpage:
#   no. =  4   ix  =  1   iy  =  4
#   x = (  -8.0000E-01  -  -7.0000E-01  )
#   y = (  -1.3500E+00  -  -1.2500E+00  )

x: z[cm]
y: Dose [Gy/source]      
p: xlin ylog afac(0.8) form(0.9)
h: n            x            y(proton  ),hh0l n 
#  z-lower      z-upper        proton    r.err 
   9.8380E+01   9.8430E+01   5.8682E-03  0.0897
   9.8430E+01   9.8480E+01   5.9501E-03  0.0892
   9.8480E+01   9.8530E+01   5.9813E-03  0.0969
   9.8530E+01   9.8580E+01   5.6558E-03  0.1077

#   sum over    2.0000E-03   5.8638E-03  0.0834

'no. =  4,  ix =  1,  iy =  4'
msuc: {\huge Histograma}
msdr: {\it plotted by \ANGEL \version}
msdl: {\it calculated by \PHITS  3.35}
wt: s(0.7)
\vspace{-3}
  xmin  &=&  -8.0000E-01 [cm]
  xmax  &=&  -7.0000E-01 [cm]
  ymin  &=&  -1.3500E+00 [cm]
  ymax  &=&  -1.2500E+00 [cm]
e:

#------------------------------------------------------------------------------
 newpage:
#   no. =  5   ix  =  1   iy  =  5
#   x = (  -8.0000E-01  -  -7.0000E-01  )
#   y = (  -1.2500E+00  -  -1.1500E+00  )

x: z[cm]
y: Dose [Gy/source]      
p: xlin ylog afac(0.8) form(0.9)
h: n            x            y(proton  ),hh0l n 
#  z-lower      z-upper        proton    r.err 
   9.8380E+01   9.8430E+01   8.2866E-03  0.0775
   9.8430E+01   9.8480E+01   7.8155E-03  0.0788
   9.8480E+01   9.8530E+01   7.6055E-03  0.0847
   9.8530E+01   9.8580E+01   7.9164E-03  0.0943

#   sum over    2.0000E-03   7.9060E-03  0.0725

'no. =  5,  ix =  1,  iy =  5'
msuc: {\huge Histograma}
msdr: {\it plotted by \ANGEL \version}
msdl: {\it calculated by \PHITS  3.35}
wt: s(0.7)
\vspace{-3}
  xmin  &=&  -8.0000E-01 [cm]
  xmax  &=&  -7.0000E-01 [cm]
  ymin  &=&  -1.2500E+00 [cm]
  ymax  &=&  -1.1500E+00 [cm]
e:

#------------------------------------------------------------------------------
 newpage:
#   no. =  6   ix  =  1   iy  =  6
#   x = (  -8.0000E-01  -  -7.0000E-01  )
#   y = (  -1.1500E+00  -  -1.0500E+00  )

x: z[cm]
y: Dose [Gy/source]      
p: xlin ylog afac(0.8) form(0.9)
h: n            x            y(proton  ),hh0l n 
#  z-lower      z-upper        proton    r.err 
   9.8380E+01   9.8430E+01   8.5628E-03  0.0719
   9.8430E+01   9.8480E+01   9.4514E-03  0.0733
   9.8480E+01   9.8530E+01   9.3573E-03  0.0770
   9.8530E+01   9.8580E+01   8.8344E-03  0.0876

#   sum over    2.0000E-03   9.0515E-03  0.0679

'no. =  6,  ix =  1,  iy =  6'
msuc: {\huge Histograma}
msdr: {\it plotted by \ANGEL \version}
msdl: {\it calculated by \PHITS  3.35}
wt: s(0.7)
\vspace{-3}
  xmin  &=&  -8.0000E-01 [cm]
  xmax  &=&  -7.0000E-01 [cm]
  ymin  &=&  -1.1500E+00 [cm]
  ymax  &=&  -1.0500E+00 [cm]
e:

#------------------------------------------------------------------------------
 newpage:
#   no. =  7   ix  =  1   iy  =  7
#   x = (  -8.0000E-01  -  -7.0000E-01  )
#   y = (  -1.0500E+00  -  -9.5000E-01  )

x: z[cm]
y: Dose [Gy/source]      
p: xlin ylog afac(0.8) form(0.9)
h: n            x            y(proton  ),hh0l n 
#  z-lower      z-upper        proton    r.err 
   9.8380E+01   9.8430E+01   9.5207E-03  0.0715
   9.8430E+01   9.8480E+01   9.4136E-03  0.0734
   9.8480E+01   9.8530E+01   8.6212E-03  0.0815
   9.8530E+01   9.8580E+01   8.1002E-03  0.0929

#   sum over    2.0000E-03   8.9139E-03  0.0677

'no. =  7,  ix =  1,  iy =  7'
msuc: {\huge Histograma}
msdr: {\it plotted by \ANGEL \version}
msdl: {\it calculated by \PHITS  3.35}
wt: s(0.7)
\vspace{-3}
  xmin  &=&  -8.0000E-01 [cm]
  xmax  &=&  -7.0000E-01 [cm]
  ymin  &=&  -1.0500E+00 [cm]
  ymax  &=&  -9.5000E-01 [cm]
e:

#------------------------------------------------------------------------------
 newpage:
#   no. =  8   ix  =  1   iy  =  8
#   x = (  -8.0000E-01  -  -7.0000E-01  )
#   y = (  -9.5000E-01  -  -8.5000E-01  )

x: z[cm]
y: Dose [Gy/source]      
p: xlin ylog afac(0.8) form(0.9)
h: n            x            y(proton  ),hh0l n 
#  z-lower      z-upper        proton    r.err 
   9.8380E+01   9.8430E+01   7.7418E-03  0.0750
   9.8430E+01   9.8480E+01   8.1864E-03  0.0775
   9.8480E+01   9.8530E+01   8.3514E-03  0.0830
   9.8530E+01   9.8580E+01   7.8330E-03  0.0945

#   sum over    2.0000E-03   8.0281E-03  0.0725

'no. =  8,  ix =  1,  iy =  8'
msuc: {\huge Histograma}
msdr: {\it plotted by \ANGEL \version}
msdl: {\it calculated by \PHITS  3.35}
wt: s(0.7)
\vspace{-3}
  xmin  &=&  -8.0000E-01 [cm]
  xmax  &=&  -7.0000E-01 [cm]
  ymin  &=&  -9.5000E-01 [cm]
  ymax  &=&  -8.5000E-01 [cm]
e:

#------------------------------------------------------------------------------
 newpage:
#   no. =  9   ix  =  1   iy  =  9
#   x = (  -8.0000E-01  -  -7.0000E-01  )
#   y = (  -8.5000E-01  -  -7.5000E-01  )

x: z[cm]
y: Dose [Gy/source]      
p: xlin ylog afac(0.8) form(0.9)
h: n            x            y(proton  ),hh0l n 
#  z-lower      z-upper        proton    r.err 
   9.8380E+01   9.8430E+01   7.5435E-03  0.0799
   9.8430E+01   9.8480E+01   7.8163E-03  0.0839
   9.8480E+01   9.8530E+01   6.9067E-03  0.0904
   9.8530E+01   9.8580E+01   6.3072E-03  0.1063

#   sum over    2.0000E-03   7.1434E-03  0.0753

'no. =  9,  ix =  1,  iy =  9'
msuc: {\huge Histograma}
msdr: {\it plotted by \ANGEL \version}
msdl: {\it calculated by \PHITS  3.35}
wt: s(0.7)
\vspace{-3}
  xmin  &=&  -8.0000E-01 [cm]
  xmax  &=&  -7.0000E-01 [cm]
  ymin  &=&  -8.5000E-01 [cm]
  ymax  &=&  -7.5000E-01 [cm]
e:

#------------------------------------------------------------------------------
 newpage:
#   no. = 10   ix  =  1   iy  = 10
#   x = (  -8.0000E-01  -  -7.0000E-01  )
#   y = (  -7.5000E-01  -  -6.5000E-01  )

x: z[cm]
y: Dose [Gy/source]      
p: xlin ylog afac(0.8) form(0.9)
h: n            x            y(proton  ),hh0l n 
#  z-lower      z-upper        proton    r.err 
   9.8380E+01   9.8430E+01   7.7453E-03  0.0733
   9.8430E+01   9.8480E+01   8.8586E-03  0.0742
   9.8480E+01   9.8530E+01   8.9505E-03  0.0790
   9.8530E+01   9.8580E+01   8.9904E-03  0.0871

#   sum over    2.0000E-03   8.6362E-03  0.0696

'no. = 10,  ix =  1,  iy = 10'
msuc: {\huge Histograma}
msdr: {\it plotted by \ANGEL \version}
msdl: {\it calculated by \PHITS  3.35}
wt: s(0.7)
\vspace{-3}
  xmin  &=&  -8.0000E-01 [cm]
  xmax  &=&  -7.0000E-01 [cm]
  ymin  &=&  -7.5000E-01 [cm]
  ymax  &=&  -6.5000E-01 [cm]
e:

#------------------------------------------------------------------------------
 newpage:
#   no. = 11   ix  =  1   iy  = 11
#   x = (  -8.0000E-01  -  -7.0000E-01  )
#   y = (  -6.5000E-01  -  -5.5000E-01  )

x: z[cm]
y: Dose [Gy/source]      
p: xlin ylog afac(0.8) form(0.9)
h: n            x            y(proton  ),hh0l n 
#  z-lower      z-upper        proton    r.err 
   9.8380E+01   9.8430E+01   8.0164E-03  0.0738
   9.8430E+01   9.8480E+01   8.7468E-03  0.0755
   9.8480E+01   9.8530E+01   8.6868E-03  0.0780
   9.8530E+01   9.8580E+01   8.8105E-03  0.0869

#   sum over    2.0000E-03   8.5651E-03  0.0694

'no. = 11,  ix =  1,  iy = 11'
msuc: {\huge Histograma}
msdr: {\it plotted by \ANGEL \version}
msdl: {\it calculated by \PHITS  3.35}
wt: s(0.7)
\vspace{-3}
  xmin  &=&  -8.0000E-01 [cm]
  xmax  &=&  -7.0000E-01 [cm]
  ymin  &=&  -6.5000E-01 [cm]
  ymax  &=&  -5.5000E-01 [cm]
e:

#------------------------------------------------------------------------------
 newpage:
#   no. = 12   ix  =  1   iy  = 12
#   x = (  -8.0000E-01  -  -7.0000E-01  )
#   y = (  -5.5000E-01  -  -4.5000E-01  )

x: z[cm]
y: Dose [Gy/source]      
p: xlin ylog afac(0.8) form(0.9)
h: n            x            y(proton  ),hh0l n 
#  z-lower      z-upper        proton    r.err 
   9.8380E+01   9.8430E+01   8.2913E-03  0.0735
   9.8430E+01   9.8480E+01   9.0984E-03  0.0750
   9.8480E+01   9.8530E+01   8.4351E-03  0.0819
   9.8530E+01   9.8580E+01   8.4376E-03  0.0906

#   sum over    2.0000E-03   8.5656E-03  0.0698

'no. = 12,  ix =  1,  iy = 12'
msuc: {\huge Histograma}
msdr: {\it plotted by \ANGEL \version}
msdl: {\it calculated by \PHITS  3.35}
wt: s(0.7)
\vspace{-3}
  xmin  &=&  -8.0000E-01 [cm]
  xmax  &=&  -7.0000E-01 [cm]
  ymin  &=&  -5.5000E-01 [cm]
  ymax  &=&  -4.5000E-01 [cm]
e:

#------------------------------------------------------------------------------
 newpage:
#   no. = 13   ix  =  1   iy  = 13
#   x = (  -8.0000E-01  -  -7.0000E-01  )
#   y = (  -4.5000E-01  -  -3.5000E-01  )

x: z[cm]
y: Dose [Gy/source]      
p: xlin ylog afac(0.8) form(0.9)
h: n            x            y(proton  ),hh0l n 
#  z-lower      z-upper        proton    r.err 
   9.8380E+01   9.8430E+01   8.1824E-03  0.0751
   9.8430E+01   9.8480E+01   8.5058E-03  0.0760
   9.8480E+01   9.8530E+01   8.8329E-03  0.0822
   9.8530E+01   9.8580E+01   7.4919E-03  0.0934

#   sum over    2.0000E-03   8.2532E-03  0.0705

'no. = 13,  ix =  1,  iy = 13'
msuc: {\huge Histograma}
msdr: {\it plotted by \ANGEL \version}
msdl: {\it calculated by \PHITS  3.35}
wt: s(0.7)
\vspace{-3}
  xmin  &=&  -8.0000E-01 [cm]
  xmax  &=&  -7.0000E-01 [cm]
  ymin  &=&  -4.5000E-01 [cm]
  ymax  &=&  -3.5000E-01 [cm]
e:

#------------------------------------------------------------------------------
 newpage:
#   no. = 14   ix  =  1   iy  = 14
#   x = (  -8.0000E-01  -  -7.0000E-01  )
#   y = (  -3.5000E-01  -  -2.5000E-01  )

x: z[cm]
y: Dose [Gy/source]      
p: xlin ylog afac(0.8) form(0.9)
h: n            x            y(proton  ),hh0l n 
#  z-lower      z-upper        proton    r.err 
   9.8380E+01   9.8430E+01   8.8748E-03  0.0711
   9.8430E+01   9.8480E+01   9.6217E-03  0.0720
   9.8480E+01   9.8530E+01   9.8375E-03  0.0765
   9.8530E+01   9.8580E+01   9.0068E-03  0.0866

#   sum over    2.0000E-03   9.3352E-03  0.0664

'no. = 14,  ix =  1,  iy = 14'
msuc: {\huge Histograma}
msdr: {\it plotted by \ANGEL \version}
msdl: {\it calculated by \PHITS  3.35}
wt: s(0.7)
\vspace{-3}
  xmin  &=&  -8.0000E-01 [cm]
  xmax  &=&  -7.0000E-01 [cm]
  ymin  &=&  -3.5000E-01 [cm]
  ymax  &=&  -2.5000E-01 [cm]
e:

#------------------------------------------------------------------------------
 newpage:
#   no. = 15   ix  =  1   iy  = 15
#   x = (  -8.0000E-01  -  -7.0000E-01  )
#   y = (  -2.5000E-01  -  -1.5000E-01  )

x: z[cm]
y: Dose [Gy/source]      
p: xlin ylog afac(0.8) form(0.9)
h: n            x            y(proton  ),hh0l n 
#  z-lower      z-upper        proton    r.err 
   9.8380E+01   9.8430E+01   7.4227E-03  0.0767
   9.8430E+01   9.8480E+01   8.1335E-03  0.0772
   9.8480E+01   9.8530E+01   8.2351E-03  0.0813
   9.8530E+01   9.8580E+01   8.2650E-03  0.0898

#   sum over    2.0000E-03   8.0141E-03  0.0718

'no. = 15,  ix =  1,  iy = 15'
msuc: {\huge Histograma}
msdr: {\it plotted by \ANGEL \version}
msdl: {\it calculated by \PHITS  3.35}
wt: s(0.7)
\vspace{-3}
  xmin  &=&  -8.0000E-01 [cm]
  xmax  &=&  -7.0000E-01 [cm]
  ymin  &=&  -2.5000E-01 [cm]
  ymax  &=&  -1.5000E-01 [cm]
e:

#------------------------------------------------------------------------------
 newpage:
#   no. = 16   ix  =  1   iy  = 16
#   x = (  -8.0000E-01  -  -7.0000E-01  )
#   y = (  -1.5000E-01  -  -5.0000E-02  )

x: z[cm]
y: Dose [Gy/source]      
p: xlin ylog afac(0.8) form(0.9)
h: n            x            y(proton  ),hh0l n 
#  z-lower      z-upper        proton    r.err 
   9.8380E+01   9.8430E+01   7.1492E-03  0.0780
   9.8430E+01   9.8480E+01   7.7295E-03  0.0793
   9.8480E+01   9.8530E+01   8.3255E-03  0.0839
   9.8530E+01   9.8580E+01   7.7168E-03  0.0947

#   sum over    2.0000E-03   7.7302E-03  0.0738

'no. = 16,  ix =  1,  iy = 16'
msuc: {\huge Histograma}
msdr: {\it plotted by \ANGEL \version}
msdl: {\it calculated by \PHITS  3.35}
wt: s(0.7)
\vspace{-3}
  xmin  &=&  -8.0000E-01 [cm]
  xmax  &=&  -7.0000E-01 [cm]
  ymin  &=&  -1.5000E-01 [cm]
  ymax  &=&  -5.0000E-02 [cm]
e:

#------------------------------------------------------------------------------
 newpage:
#   no. = 17   ix  =  1   iy  = 17
#   x = (  -8.0000E-01  -  -7.0000E-01  )
#   y = (  -5.0000E-02  -   5.0000E-02  )

x: z[cm]
y: Dose [Gy/source]      
p: xlin ylog afac(0.8) form(0.9)
h: n            x            y(proton  ),hh0l n 
#  z-lower      z-upper        proton    r.err 
   9.8380E+01   9.8430E+01   7.1859E-03  0.0803
   9.8430E+01   9.8480E+01   7.6139E-03  0.0826
   9.8480E+01   9.8530E+01   7.1020E-03  0.0892
   9.8530E+01   9.8580E+01   6.8039E-03  0.1002

#   sum over    2.0000E-03   7.1764E-03  0.0757

'no. = 17,  ix =  1,  iy = 17'
msuc: {\huge Histograma}
msdr: {\it plotted by \ANGEL \version}
msdl: {\it calculated by \PHITS  3.35}
wt: s(0.7)
\vspace{-3}
  xmin  &=&  -8.0000E-01 [cm]
  xmax  &=&  -7.0000E-01 [cm]
  ymin  &=&  -5.0000E-02 [cm]
  ymax  &=&   5.0000E-02 [cm]
e:

#------------------------------------------------------------------------------
 newpage:
#   no. = 18   ix  =  1   iy  = 18
#   x = (  -8.0000E-01  -  -7.0000E-01  )
#   y = (   5.0000E-02  -   1.5000E-01  )

x: z[cm]
y: Dose [Gy/source]      
p: xlin ylog afac(0.8) form(0.9)
h: n            x            y(proton  ),hh0l n 
#  z-lower      z-upper        proton    r.err 
   9.8380E+01   9.8430E+01   6.5343E-03  0.0816
   9.8430E+01   9.8480E+01   7.2500E-03  0.0829
   9.8480E+01   9.8530E+01   6.8603E-03  0.0890
   9.8530E+01   9.8580E+01   7.1313E-03  0.0979

#   sum over    2.0000E-03   6.9440E-03  0.0777

'no. = 18,  ix =  1,  iy = 18'
msuc: {\huge Histograma}
msdr: {\it plotted by \ANGEL \version}
msdl: {\it calculated by \PHITS  3.35}
wt: s(0.7)
\vspace{-3}
  xmin  &=&  -8.0000E-01 [cm]
  xmax  &=&  -7.0000E-01 [cm]
  ymin  &=&   5.0000E-02 [cm]
  ymax  &=&   1.5000E-01 [cm]
e:

#------------------------------------------------------------------------------
 newpage:
#   no. = 19   ix  =  1   iy  = 19
#   x = (  -8.0000E-01  -  -7.0000E-01  )
#   y = (   1.5000E-01  -   2.5000E-01  )

x: z[cm]
y: Dose [Gy/source]      
p: xlin ylog afac(0.8) form(0.9)
h: n            x            y(proton  ),hh0l n 
#  z-lower      z-upper        proton    r.err 
   9.8380E+01   9.8430E+01   8.0990E-03  0.0737
   9.8430E+01   9.8480E+01   8.5661E-03  0.0755
   9.8480E+01   9.8530E+01   8.4002E-03  0.0805
   9.8530E+01   9.8580E+01   8.1711E-03  0.0876

#   sum over    2.0000E-03   8.3091E-03  0.0696

'no. = 19,  ix =  1,  iy = 19'
msuc: {\huge Histograma}
msdr: {\it plotted by \ANGEL \version}
msdl: {\it calculated by \PHITS  3.35}
wt: s(0.7)
\vspace{-3}
  xmin  &=&  -8.0000E-01 [cm]
  xmax  &=&  -7.0000E-01 [cm]
  ymin  &=&   1.5000E-01 [cm]
  ymax  &=&   2.5000E-01 [cm]
e:

#------------------------------------------------------------------------------
 newpage:
#   no. = 20   ix  =  1   iy  = 20
#   x = (  -8.0000E-01  -  -7.0000E-01  )
#   y = (   2.5000E-01  -   3.5000E-01  )

x: z[cm]
y: Dose [Gy/source]      
p: xlin ylog afac(0.8) form(0.9)
h: n            x            y(proton  ),hh0l n 
#  z-lower      z-upper        proton    r.err 
   9.8380E+01   9.8430E+01   8.2549E-03  0.0726
   9.8430E+01   9.8480E+01   8.8525E-03  0.0742
   9.8480E+01   9.8530E+01   8.8984E-03  0.0781
   9.8530E+01   9.8580E+01   9.6256E-03  0.0845

#   sum over    2.0000E-03   8.9078E-03  0.0687

'no. = 20,  ix =  1,  iy = 20'
msuc: {\huge Histograma}
msdr: {\it plotted by \ANGEL \version}
msdl: {\it calculated by \PHITS  3.35}
wt: s(0.7)
\vspace{-3}
  xmin  &=&  -8.0000E-01 [cm]
  xmax  &=&  -7.0000E-01 [cm]
  ymin  &=&   2.5000E-01 [cm]
  ymax  &=&   3.5000E-01 [cm]
e:

#------------------------------------------------------------------------------
 newpage:
#   no. = 21   ix  =  1   iy  = 21
#   x = (  -8.0000E-01  -  -7.0000E-01  )
#   y = (   3.5000E-01  -   4.5000E-01  )

x: z[cm]
y: Dose [Gy/source]      
p: xlin ylog afac(0.8) form(0.9)
h: n            x            y(proton  ),hh0l n 
#  z-lower      z-upper        proton    r.err 
   9.8380E+01   9.8430E+01   8.5249E-03  0.0709
   9.8430E+01   9.8480E+01   9.3406E-03  0.0729
   9.8480E+01   9.8530E+01   9.4436E-03  0.0773
   9.8530E+01   9.8580E+01   8.3824E-03  0.0891

#   sum over    2.0000E-03   8.9228E-03  0.0683

'no. = 21,  ix =  1,  iy = 21'
msuc: {\huge Histograma}
msdr: {\it plotted by \ANGEL \version}
msdl: {\it calculated by \PHITS  3.35}
wt: s(0.7)
\vspace{-3}
  xmin  &=&  -8.0000E-01 [cm]
  xmax  &=&  -7.0000E-01 [cm]
  ymin  &=&   3.5000E-01 [cm]
  ymax  &=&   4.5000E-01 [cm]
e:

#------------------------------------------------------------------------------
 newpage:
#   no. = 22   ix  =  1   iy  = 22
#   x = (  -8.0000E-01  -  -7.0000E-01  )
#   y = (   4.5000E-01  -   5.5000E-01  )

x: z[cm]
y: Dose [Gy/source]      
p: xlin ylog afac(0.8) form(0.9)
h: n            x            y(proton  ),hh0l n 
#  z-lower      z-upper        proton    r.err 
   9.8380E+01   9.8430E+01   8.6736E-03  0.0732
   9.8430E+01   9.8480E+01   9.2169E-03  0.0746
   9.8480E+01   9.8530E+01   8.8737E-03  0.0812
   9.8530E+01   9.8580E+01   7.9479E-03  0.0923

#   sum over    2.0000E-03   8.6780E-03  0.0690

'no. = 22,  ix =  1,  iy = 22'
msuc: {\huge Histograma}
msdr: {\it plotted by \ANGEL \version}
msdl: {\it calculated by \PHITS  3.35}
wt: s(0.7)
\vspace{-3}
  xmin  &=&  -8.0000E-01 [cm]
  xmax  &=&  -7.0000E-01 [cm]
  ymin  &=&   4.5000E-01 [cm]
  ymax  &=&   5.5000E-01 [cm]
e:

#------------------------------------------------------------------------------
 newpage:
#   no. = 23   ix  =  1   iy  = 23
#   x = (  -8.0000E-01  -  -7.0000E-01  )
#   y = (   5.5000E-01  -   6.5000E-01  )

x: z[cm]
y: Dose [Gy/source]      
p: xlin ylog afac(0.8) form(0.9)
h: n            x            y(proton  ),hh0l n 
#  z-lower      z-upper        proton    r.err 
   9.8380E+01   9.8430E+01   8.4467E-03  0.0749
   9.8430E+01   9.8480E+01   8.9604E-03  0.0770
   9.8480E+01   9.8530E+01   8.1525E-03  0.0828
   9.8530E+01   9.8580E+01   7.2554E-03  0.0969

#   sum over    2.0000E-03   8.2038E-03  0.0705

'no. = 23,  ix =  1,  iy = 23'
msuc: {\huge Histograma}
msdr: {\it plotted by \ANGEL \version}
msdl: {\it calculated by \PHITS  3.35}
wt: s(0.7)
\vspace{-3}
  xmin  &=&  -8.0000E-01 [cm]
  xmax  &=&  -7.0000E-01 [cm]
  ymin  &=&   5.5000E-01 [cm]
  ymax  &=&   6.5000E-01 [cm]
e:

#------------------------------------------------------------------------------
 newpage:
#   no. = 24   ix  =  1   iy  = 24
#   x = (  -8.0000E-01  -  -7.0000E-01  )
#   y = (   6.5000E-01  -   7.5000E-01  )

x: z[cm]
y: Dose [Gy/source]      
p: xlin ylog afac(0.8) form(0.9)
h: n            x            y(proton  ),hh0l n 
#  z-lower      z-upper        proton    r.err 
   9.8380E+01   9.8430E+01   9.5122E-03  0.0691
   9.8430E+01   9.8480E+01   1.0122E-02  0.0703
   9.8480E+01   9.8530E+01   9.5578E-03  0.0770
   9.8530E+01   9.8580E+01   9.2724E-03  0.0858

#   sum over    2.0000E-03   9.6160E-03  0.0654

'no. = 24,  ix =  1,  iy = 24'
msuc: {\huge Histograma}
msdr: {\it plotted by \ANGEL \version}
msdl: {\it calculated by \PHITS  3.35}
wt: s(0.7)
\vspace{-3}
  xmin  &=&  -8.0000E-01 [cm]
  xmax  &=&  -7.0000E-01 [cm]
  ymin  &=&   6.5000E-01 [cm]
  ymax  &=&   7.5000E-01 [cm]
e:

#------------------------------------------------------------------------------
 newpage:
#   no. = 25   ix  =  1   iy  = 25
#   x = (  -8.0000E-01  -  -7.0000E-01  )
#   y = (   7.5000E-01  -   8.5000E-01  )

x: z[cm]
y: Dose [Gy/source]      
p: xlin ylog afac(0.8) form(0.9)
h: n            x            y(proton  ),hh0l n 
#  z-lower      z-upper        proton    r.err 
   9.8380E+01   9.8430E+01   8.6331E-03  0.0740
   9.8430E+01   9.8480E+01   8.4466E-03  0.0780
   9.8480E+01   9.8530E+01   7.9357E-03  0.0822
   9.8530E+01   9.8580E+01   7.9022E-03  0.0936

#   sum over    2.0000E-03   8.2294E-03  0.0698

'no. = 25,  ix =  1,  iy = 25'
msuc: {\huge Histograma}
msdr: {\it plotted by \ANGEL \version}
msdl: {\it calculated by \PHITS  3.35}
wt: s(0.7)
\vspace{-3}
  xmin  &=&  -8.0000E-01 [cm]
  xmax  &=&  -7.0000E-01 [cm]
  ymin  &=&   7.5000E-01 [cm]
  ymax  &=&   8.5000E-01 [cm]
e:

#------------------------------------------------------------------------------
 newpage:
#   no. = 26   ix  =  1   iy  = 26
#   x = (  -8.0000E-01  -  -7.0000E-01  )
#   y = (   8.5000E-01  -   9.5000E-01  )

x: z[cm]
y: Dose [Gy/source]      
p: xlin ylog afac(0.8) form(0.9)
h: n            x            y(proton  ),hh0l n 
#  z-lower      z-upper        proton    r.err 
   9.8380E+01   9.8430E+01   7.7030E-03  0.0767
   9.8430E+01   9.8480E+01   7.9687E-03  0.0785
   9.8480E+01   9.8530E+01   7.6562E-03  0.0839
   9.8530E+01   9.8580E+01   8.2292E-03  0.0912

#   sum over    2.0000E-03   7.8893E-03  0.0722

'no. = 26,  ix =  1,  iy = 26'
msuc: {\huge Histograma}
msdr: {\it plotted by \ANGEL \version}
msdl: {\it calculated by \PHITS  3.35}
wt: s(0.7)
\vspace{-3}
  xmin  &=&  -8.0000E-01 [cm]
  xmax  &=&  -7.0000E-01 [cm]
  ymin  &=&   8.5000E-01 [cm]
  ymax  &=&   9.5000E-01 [cm]
e:

#------------------------------------------------------------------------------
 newpage:
#   no. = 27   ix  =  1   iy  = 27
#   x = (  -8.0000E-01  -  -7.0000E-01  )
#   y = (   9.5000E-01  -   1.0500E+00  )

x: z[cm]
y: Dose [Gy/source]      
p: xlin ylog afac(0.8) form(0.9)
h: n            x            y(proton  ),hh0l n 
#  z-lower      z-upper        proton    r.err 
   9.8380E+01   9.8430E+01   7.6958E-03  0.0738
   9.8430E+01   9.8480E+01   8.8308E-03  0.0762
   9.8480E+01   9.8530E+01   8.2558E-03  0.0820
   9.8530E+01   9.8580E+01   8.1400E-03  0.0931

#   sum over    2.0000E-03   8.2306E-03  0.0717

'no. = 27,  ix =  1,  iy = 27'
msuc: {\huge Histograma}
msdr: {\it plotted by \ANGEL \version}
msdl: {\it calculated by \PHITS  3.35}
wt: s(0.7)
\vspace{-3}
  xmin  &=&  -8.0000E-01 [cm]
  xmax  &=&  -7.0000E-01 [cm]
  ymin  &=&   9.5000E-01 [cm]
  ymax  &=&   1.0500E+00 [cm]
e:

#------------------------------------------------------------------------------
 newpage:
#   no. = 28   ix  =  1   iy  = 28
#   x = (  -8.0000E-01  -  -7.0000E-01  )
#   y = (   1.0500E+00  -   1.1500E+00  )

x: z[cm]
y: Dose [Gy/source]      
p: xlin ylog afac(0.8) form(0.9)
h: n            x            y(proton  ),hh0l n 
#  z-lower      z-upper        proton    r.err 
   9.8380E+01   9.8430E+01   7.8460E-03  0.0769
   9.8430E+01   9.8480E+01   8.1238E-03  0.0797
   9.8480E+01   9.8530E+01   7.8442E-03  0.0855
   9.8530E+01   9.8580E+01   7.4478E-03  0.0964

#   sum over    2.0000E-03   7.8154E-03  0.0725

'no. = 28,  ix =  1,  iy = 28'
msuc: {\huge Histograma}
msdr: {\it plotted by \ANGEL \version}
msdl: {\it calculated by \PHITS  3.35}
wt: s(0.7)
\vspace{-3}
  xmin  &=&  -8.0000E-01 [cm]
  xmax  &=&  -7.0000E-01 [cm]
  ymin  &=&   1.0500E+00 [cm]
  ymax  &=&   1.1500E+00 [cm]
e:

#------------------------------------------------------------------------------
 newpage:
#   no. = 29   ix  =  1   iy  = 29
#   x = (  -8.0000E-01  -  -7.0000E-01  )
#   y = (   1.1500E+00  -   1.2500E+00  )

x: z[cm]
y: Dose [Gy/source]      
p: xlin ylog afac(0.8) form(0.9)
h: n            x            y(proton  ),hh0l n 
#  z-lower      z-upper        proton    r.err 
   9.8380E+01   9.8430E+01   7.7947E-03  0.0752
   9.8430E+01   9.8480E+01   8.3469E-03  0.0765
   9.8480E+01   9.8530E+01   8.3513E-03  0.0814
   9.8530E+01   9.8580E+01   8.9970E-03  0.0889

#   sum over    2.0000E-03   8.3725E-03  0.0710

'no. = 29,  ix =  1,  iy = 29'
msuc: {\huge Histograma}
msdr: {\it plotted by \ANGEL \version}
msdl: {\it calculated by \PHITS  3.35}
wt: s(0.7)
\vspace{-3}
  xmin  &=&  -8.0000E-01 [cm]
  xmax  &=&  -7.0000E-01 [cm]
  ymin  &=&   1.1500E+00 [cm]
  ymax  &=&   1.2500E+00 [cm]
e:

#------------------------------------------------------------------------------
 newpage:
#   no. = 30   ix  =  1   iy  = 30
#   x = (  -8.0000E-01  -  -7.0000E-01  )
#   y = (   1.2500E+00  -   1.3500E+00  )

x: z[cm]
y: Dose [Gy/source]      
p: xlin ylog afac(0.8) form(0.9)
h: n            x            y(proton  ),hh0l n 
#  z-lower      z-upper        proton    r.err 
   9.8380E+01   9.8430E+01   8.6628E-03  0.0735
   9.8430E+01   9.8480E+01   8.9202E-03  0.0749
   9.8480E+01   9.8530E+01   8.8065E-03  0.0800
   9.8530E+01   9.8580E+01   8.3428E-03  0.0908

#   sum over    2.0000E-03   8.6831E-03  0.0689

'no. = 30,  ix =  1,  iy = 30'
msuc: {\huge Histograma}
msdr: {\it plotted by \ANGEL \version}
msdl: {\it calculated by \PHITS  3.35}
wt: s(0.7)
\vspace{-3}
  xmin  &=&  -8.0000E-01 [cm]
  xmax  &=&  -7.0000E-01 [cm]
  ymin  &=&   1.2500E+00 [cm]
  ymax  &=&   1.3500E+00 [cm]
e:

#------------------------------------------------------------------------------
 newpage:
#   no. = 31   ix  =  1   iy  = 31
#   x = (  -8.0000E-01  -  -7.0000E-01  )
#   y = (   1.3500E+00  -   1.4500E+00  )

x: z[cm]
y: Dose [Gy/source]      
p: xlin ylog afac(0.8) form(0.9)
h: n            x            y(proton  ),hh0l n 
#  z-lower      z-upper        proton    r.err 
   9.8380E+01   9.8430E+01   7.4894E-03  0.0784
   9.8430E+01   9.8480E+01   7.7823E-03  0.0811
   9.8480E+01   9.8530E+01   7.5593E-03  0.0876
   9.8530E+01   9.8580E+01   6.9224E-03  0.0994

#   sum over    2.0000E-03   7.4384E-03  0.0747

'no. = 31,  ix =  1,  iy = 31'
msuc: {\huge Histograma}
msdr: {\it plotted by \ANGEL \version}
msdl: {\it calculated by \PHITS  3.35}
wt: s(0.7)
\vspace{-3}
  xmin  &=&  -8.0000E-01 [cm]
  xmax  &=&  -7.0000E-01 [cm]
  ymin  &=&   1.3500E+00 [cm]
  ymax  &=&   1.4500E+00 [cm]
e:

#------------------------------------------------------------------------------
 newpage:
#   no. = 32   ix  =  1   iy  = 32
#   x = (  -8.0000E-01  -  -7.0000E-01  )
#   y = (   1.4500E+00  -   1.5500E+00  )

x: z[cm]
y: Dose [Gy/source]      
p: xlin ylog afac(0.8) form(0.9)
h: n            x            y(proton  ),hh0l n 
#  z-lower      z-upper        proton    r.err 
   9.8380E+01   9.8430E+01   7.7821E-03  0.0762
   9.8430E+01   9.8480E+01   8.3640E-03  0.0766
   9.8480E+01   9.8530E+01   8.5814E-03  0.0818
   9.8530E+01   9.8580E+01   8.6533E-03  0.0892

#   sum over    2.0000E-03   8.3452E-03  0.0706

'no. = 32,  ix =  1,  iy = 32'
msuc: {\huge Histograma}
msdr: {\it plotted by \ANGEL \version}
msdl: {\it calculated by \PHITS  3.35}
wt: s(0.7)
\vspace{-3}
  xmin  &=&  -8.0000E-01 [cm]
  xmax  &=&  -7.0000E-01 [cm]
  ymin  &=&   1.4500E+00 [cm]
  ymax  &=&   1.5500E+00 [cm]
e:

#------------------------------------------------------------------------------
 newpage:
#   no. = 33   ix  =  1   iy  = 33
#   x = (  -8.0000E-01  -  -7.0000E-01  )
#   y = (   1.5500E+00  -   1.6500E+00  )

x: z[cm]
y: Dose [Gy/source]      
p: xlin ylog afac(0.8) form(0.9)
h: n            x            y(proton  ),hh0l n 
#  z-lower      z-upper        proton    r.err 
   9.8380E+01   9.8430E+01   8.3539E-03  0.0735
   9.8430E+01   9.8480E+01   8.9323E-03  0.0761
   9.8480E+01   9.8530E+01   8.0733E-03  0.0824
   9.8530E+01   9.8580E+01   8.0065E-03  0.0927

#   sum over    2.0000E-03   8.3415E-03  0.0705

'no. = 33,  ix =  1,  iy = 33'
msuc: {\huge Histograma}
msdr: {\it plotted by \ANGEL \version}
msdl: {\it calculated by \PHITS  3.35}
wt: s(0.7)
\vspace{-3}
  xmin  &=&  -8.0000E-01 [cm]
  xmax  &=&  -7.0000E-01 [cm]
  ymin  &=&   1.5500E+00 [cm]
  ymax  &=&   1.6500E+00 [cm]
e:

#------------------------------------------------------------------------------
 newpage:
#   no. = 34   ix  =  2   iy  =  1
#   x = (  -7.0000E-01  -  -6.0000E-01  )
#   y = (  -1.6500E+00  -  -1.5500E+00  )

x: z[cm]
y: Dose [Gy/source]      
p: xlin ylog afac(0.8) form(0.9)
h: n            x            y(proton  ),hh0l n 
#  z-lower      z-upper        proton    r.err 
   9.8380E+01   9.8430E+01   0.0000E+00  0.0000
   9.8430E+01   9.8480E+01   0.0000E+00  0.0000
   9.8480E+01   9.8530E+01   0.0000E+00  0.0000
   9.8530E+01   9.8580E+01   0.0000E+00  0.0000

#   sum over    2.0000E-03   0.0000E+00  0.0000

'no. = 34,  ix =  2,  iy =  1'
msuc: {\huge Histograma}
msdr: {\it plotted by \ANGEL \version}
msdl: {\it calculated by \PHITS  3.35}
wt: s(0.7)
\vspace{-3}
  xmin  &=&  -7.0000E-01 [cm]
  xmax  &=&  -6.0000E-01 [cm]
  ymin  &=&  -1.6500E+00 [cm]
  ymax  &=&  -1.5500E+00 [cm]
e:

#------------------------------------------------------------------------------
 newpage:
#   no. = 35   ix  =  2   iy  =  2
#   x = (  -7.0000E-01  -  -6.0000E-01  )
#   y = (  -1.5500E+00  -  -1.4500E+00  )

x: z[cm]
y: Dose [Gy/source]      
p: xlin ylog afac(0.8) form(0.9)
h: n            x            y(proton  ),hh0l n 
#  z-lower      z-upper        proton    r.err 
   9.8380E+01   9.8430E+01   0.0000E+00  0.0000
   9.8430E+01   9.8480E+01   0.0000E+00  0.0000
   9.8480E+01   9.8530E+01   0.0000E+00  0.0000
   9.8530E+01   9.8580E+01   0.0000E+00  0.0000

#   sum over    2.0000E-03   0.0000E+00  0.0000

'no. = 35,  ix =  2,  iy =  2'
msuc: {\huge Histograma}
msdr: {\it plotted by \ANGEL \version}
msdl: {\it calculated by \PHITS  3.35}
wt: s(0.7)
\vspace{-3}
  xmin  &=&  -7.0000E-01 [cm]
  xmax  &=&  -6.0000E-01 [cm]
  ymin  &=&  -1.5500E+00 [cm]
  ymax  &=&  -1.4500E+00 [cm]
e:

#------------------------------------------------------------------------------
 newpage:
#   no. = 36   ix  =  2   iy  =  3
#   x = (  -7.0000E-01  -  -6.0000E-01  )
#   y = (  -1.4500E+00  -  -1.3500E+00  )

x: z[cm]
y: Dose [Gy/source]      
p: xlin ylog afac(0.8) form(0.9)
h: n            x            y(proton  ),hh0l n 
#  z-lower      z-upper        proton    r.err 
   9.8380E+01   9.8430E+01   0.0000E+00  0.0000
   9.8430E+01   9.8480E+01   0.0000E+00  0.0000
   9.8480E+01   9.8530E+01   0.0000E+00  0.0000
   9.8530E+01   9.8580E+01   0.0000E+00  0.0000

#   sum over    2.0000E-03   0.0000E+00  0.0000

'no. = 36,  ix =  2,  iy =  3'
msuc: {\huge Histograma}
msdr: {\it plotted by \ANGEL \version}
msdl: {\it calculated by \PHITS  3.35}
wt: s(0.7)
\vspace{-3}
  xmin  &=&  -7.0000E-01 [cm]
  xmax  &=&  -6.0000E-01 [cm]
  ymin  &=&  -1.4500E+00 [cm]
  ymax  &=&  -1.3500E+00 [cm]
e:

#------------------------------------------------------------------------------
 newpage:
#   no. = 37   ix  =  2   iy  =  4
#   x = (  -7.0000E-01  -  -6.0000E-01  )
#   y = (  -1.3500E+00  -  -1.2500E+00  )

x: z[cm]
y: Dose [Gy/source]      
p: xlin ylog afac(0.8) form(0.9)
h: n            x            y(proton  ),hh0l n 
#  z-lower      z-upper        proton    r.err 
   9.8380E+01   9.8430E+01   5.6480E-03  0.0889
   9.8430E+01   9.8480E+01   5.7854E-03  0.0909
   9.8480E+01   9.8530E+01   5.8462E-03  0.0982
   9.8530E+01   9.8580E+01   5.9298E-03  0.1081

#   sum over    2.0000E-03   5.8023E-03  0.0845

'no. = 37,  ix =  2,  iy =  4'
msuc: {\huge Histograma}
msdr: {\it plotted by \ANGEL \version}
msdl: {\it calculated by \PHITS  3.35}
wt: s(0.7)
\vspace{-3}
  xmin  &=&  -7.0000E-01 [cm]
  xmax  &=&  -6.0000E-01 [cm]
  ymin  &=&  -1.3500E+00 [cm]
  ymax  &=&  -1.2500E+00 [cm]
e:

#------------------------------------------------------------------------------
 newpage:
#   no. = 38   ix  =  2   iy  =  5
#   x = (  -7.0000E-01  -  -6.0000E-01  )
#   y = (  -1.2500E+00  -  -1.1500E+00  )

x: z[cm]
y: Dose [Gy/source]      
p: xlin ylog afac(0.8) form(0.9)
h: n            x            y(proton  ),hh0l n 
#  z-lower      z-upper        proton    r.err 
   9.8380E+01   9.8430E+01   8.3895E-03  0.0714
   9.8430E+01   9.8480E+01   9.1513E-03  0.0738
   9.8480E+01   9.8530E+01   9.2736E-03  0.0769
   9.8530E+01   9.8580E+01   9.7628E-03  0.0849

#   sum over    2.0000E-03   9.1443E-03  0.0678

'no. = 38,  ix =  2,  iy =  5'
msuc: {\huge Histograma}
msdr: {\it plotted by \ANGEL \version}
msdl: {\it calculated by \PHITS  3.35}
wt: s(0.7)
\vspace{-3}
  xmin  &=&  -7.0000E-01 [cm]
  xmax  &=&  -6.0000E-01 [cm]
  ymin  &=&  -1.2500E+00 [cm]
  ymax  &=&  -1.1500E+00 [cm]
e:

#------------------------------------------------------------------------------
 newpage:
#   no. = 39   ix  =  2   iy  =  6
#   x = (  -7.0000E-01  -  -6.0000E-01  )
#   y = (  -1.1500E+00  -  -1.0500E+00  )

x: z[cm]
y: Dose [Gy/source]      
p: xlin ylog afac(0.8) form(0.9)
h: n            x            y(proton  ),hh0l n 
#  z-lower      z-upper        proton    r.err 
   9.8380E+01   9.8430E+01   7.6378E-03  0.0759
   9.8430E+01   9.8480E+01   8.4853E-03  0.0771
   9.8480E+01   9.8530E+01   8.1171E-03  0.0819
   9.8530E+01   9.8580E+01   8.4271E-03  0.0905

#   sum over    2.0000E-03   8.1668E-03  0.0714

'no. = 39,  ix =  2,  iy =  6'
msuc: {\huge Histograma}
msdr: {\it plotted by \ANGEL \version}
msdl: {\it calculated by \PHITS  3.35}
wt: s(0.7)
\vspace{-3}
  xmin  &=&  -7.0000E-01 [cm]
  xmax  &=&  -6.0000E-01 [cm]
  ymin  &=&  -1.1500E+00 [cm]
  ymax  &=&  -1.0500E+00 [cm]
e:

#------------------------------------------------------------------------------
 newpage:
#   no. = 40   ix  =  2   iy  =  7
#   x = (  -7.0000E-01  -  -6.0000E-01  )
#   y = (  -1.0500E+00  -  -9.5000E-01  )

x: z[cm]
y: Dose [Gy/source]      
p: xlin ylog afac(0.8) form(0.9)
h: n            x            y(proton  ),hh0l n 
#  z-lower      z-upper        proton    r.err 
   9.8380E+01   9.8430E+01   8.3325E-03  0.0730
   9.8430E+01   9.8480E+01   8.7978E-03  0.0756
   9.8480E+01   9.8530E+01   8.3400E-03  0.0823
   9.8530E+01   9.8580E+01   8.2122E-03  0.0920

#   sum over    2.0000E-03   8.4206E-03  0.0700

'no. = 40,  ix =  2,  iy =  7'
msuc: {\huge Histograma}
msdr: {\it plotted by \ANGEL \version}
msdl: {\it calculated by \PHITS  3.35}
wt: s(0.7)
\vspace{-3}
  xmin  &=&  -7.0000E-01 [cm]
  xmax  &=&  -6.0000E-01 [cm]
  ymin  &=&  -1.0500E+00 [cm]
  ymax  &=&  -9.5000E-01 [cm]
e:

#------------------------------------------------------------------------------
 newpage:
#   no. = 41   ix  =  2   iy  =  8
#   x = (  -7.0000E-01  -  -6.0000E-01  )
#   y = (  -9.5000E-01  -  -8.5000E-01  )

x: z[cm]
y: Dose [Gy/source]      
p: xlin ylog afac(0.8) form(0.9)
h: n            x            y(proton  ),hh0l n 
#  z-lower      z-upper        proton    r.err 
   9.8380E+01   9.8430E+01   6.9972E-03  0.0787
   9.8430E+01   9.8480E+01   7.8680E-03  0.0797
   9.8480E+01   9.8530E+01   8.0923E-03  0.0840
   9.8530E+01   9.8580E+01   8.0510E-03  0.0941

#   sum over    2.0000E-03   7.7521E-03  0.0740

'no. = 41,  ix =  2,  iy =  8'
msuc: {\huge Histograma}
msdr: {\it plotted by \ANGEL \version}
msdl: {\it calculated by \PHITS  3.35}
wt: s(0.7)
\vspace{-3}
  xmin  &=&  -7.0000E-01 [cm]
  xmax  &=&  -6.0000E-01 [cm]
  ymin  &=&  -9.5000E-01 [cm]
  ymax  &=&  -8.5000E-01 [cm]
e:

#------------------------------------------------------------------------------
 newpage:
#   no. = 42   ix  =  2   iy  =  9
#   x = (  -7.0000E-01  -  -6.0000E-01  )
#   y = (  -8.5000E-01  -  -7.5000E-01  )

x: z[cm]
y: Dose [Gy/source]      
p: xlin ylog afac(0.8) form(0.9)
h: n            x            y(proton  ),hh0l n 
#  z-lower      z-upper        proton    r.err 
   9.8380E+01   9.8430E+01   9.1249E-03  0.0732
   9.8430E+01   9.8480E+01   8.7546E-03  0.0758
   9.8480E+01   9.8530E+01   8.7918E-03  0.0812
   9.8530E+01   9.8580E+01   7.5420E-03  0.0949

#   sum over    2.0000E-03   8.5533E-03  0.0694

'no. = 42,  ix =  2,  iy =  9'
msuc: {\huge Histograma}
msdr: {\it plotted by \ANGEL \version}
msdl: {\it calculated by \PHITS  3.35}
wt: s(0.7)
\vspace{-3}
  xmin  &=&  -7.0000E-01 [cm]
  xmax  &=&  -6.0000E-01 [cm]
  ymin  &=&  -8.5000E-01 [cm]
  ymax  &=&  -7.5000E-01 [cm]
e:

#------------------------------------------------------------------------------
 newpage:
#   no. = 43   ix  =  2   iy  = 10
#   x = (  -7.0000E-01  -  -6.0000E-01  )
#   y = (  -7.5000E-01  -  -6.5000E-01  )

x: z[cm]
y: Dose [Gy/source]      
p: xlin ylog afac(0.8) form(0.9)
h: n            x            y(proton  ),hh0l n 
#  z-lower      z-upper        proton    r.err 
   9.8380E+01   9.8430E+01   8.3168E-03  0.0727
   9.8430E+01   9.8480E+01   8.5490E-03  0.0737
   9.8480E+01   9.8530E+01   9.0559E-03  0.0787
   9.8530E+01   9.8580E+01   8.7308E-03  0.0875

#   sum over    2.0000E-03   8.6631E-03  0.0692

'no. = 43,  ix =  2,  iy = 10'
msuc: {\huge Histograma}
msdr: {\it plotted by \ANGEL \version}
msdl: {\it calculated by \PHITS  3.35}
wt: s(0.7)
\vspace{-3}
  xmin  &=&  -7.0000E-01 [cm]
  xmax  &=&  -6.0000E-01 [cm]
  ymin  &=&  -7.5000E-01 [cm]
  ymax  &=&  -6.5000E-01 [cm]
e:

#------------------------------------------------------------------------------
 newpage:
#   no. = 44   ix  =  2   iy  = 11
#   x = (  -7.0000E-01  -  -6.0000E-01  )
#   y = (  -6.5000E-01  -  -5.5000E-01  )

x: z[cm]
y: Dose [Gy/source]      
p: xlin ylog afac(0.8) form(0.9)
h: n            x            y(proton  ),hh0l n 
#  z-lower      z-upper        proton    r.err 
   9.8380E+01   9.8430E+01   7.7247E-03  0.0758
   9.8430E+01   9.8480E+01   8.2307E-03  0.0773
   9.8480E+01   9.8530E+01   8.3296E-03  0.0833
   9.8530E+01   9.8580E+01   7.7564E-03  0.0937

#   sum over    2.0000E-03   8.0104E-03  0.0720

'no. = 44,  ix =  2,  iy = 11'
msuc: {\huge Histograma}
msdr: {\it plotted by \ANGEL \version}
msdl: {\it calculated by \PHITS  3.35}
wt: s(0.7)
\vspace{-3}
  xmin  &=&  -7.0000E-01 [cm]
  xmax  &=&  -6.0000E-01 [cm]
  ymin  &=&  -6.5000E-01 [cm]
  ymax  &=&  -5.5000E-01 [cm]
e:

#------------------------------------------------------------------------------
 newpage:
#   no. = 45   ix  =  2   iy  = 12
#   x = (  -7.0000E-01  -  -6.0000E-01  )
#   y = (  -5.5000E-01  -  -4.5000E-01  )

x: z[cm]
y: Dose [Gy/source]      
p: xlin ylog afac(0.8) form(0.9)
h: n            x            y(proton  ),hh0l n 
#  z-lower      z-upper        proton    r.err 
   9.8380E+01   9.8430E+01   7.9222E-03  0.0752
   9.8430E+01   9.8480E+01   8.1804E-03  0.0778
   9.8480E+01   9.8530E+01   8.2173E-03  0.0824
   9.8530E+01   9.8580E+01   8.6246E-03  0.0893

#   sum over    2.0000E-03   8.2361E-03  0.0709

'no. = 45,  ix =  2,  iy = 12'
msuc: {\huge Histograma}
msdr: {\it plotted by \ANGEL \version}
msdl: {\it calculated by \PHITS  3.35}
wt: s(0.7)
\vspace{-3}
  xmin  &=&  -7.0000E-01 [cm]
  xmax  &=&  -6.0000E-01 [cm]
  ymin  &=&  -5.5000E-01 [cm]
  ymax  &=&  -4.5000E-01 [cm]
e:

#------------------------------------------------------------------------------
 newpage:
#   no. = 46   ix  =  2   iy  = 13
#   x = (  -7.0000E-01  -  -6.0000E-01  )
#   y = (  -4.5000E-01  -  -3.5000E-01  )

x: z[cm]
y: Dose [Gy/source]      
p: xlin ylog afac(0.8) form(0.9)
h: n            x            y(proton  ),hh0l n 
#  z-lower      z-upper        proton    r.err 
   9.8380E+01   9.8430E+01   7.6593E-03  0.0764
   9.8430E+01   9.8480E+01   8.2703E-03  0.0780
   9.8480E+01   9.8530E+01   7.4393E-03  0.0854
   9.8530E+01   9.8580E+01   7.3922E-03  0.0972

#   sum over    2.0000E-03   7.6903E-03  0.0730

'no. = 46,  ix =  2,  iy = 13'
msuc: {\huge Histograma}
msdr: {\it plotted by \ANGEL \version}
msdl: {\it calculated by \PHITS  3.35}
wt: s(0.7)
\vspace{-3}
  xmin  &=&  -7.0000E-01 [cm]
  xmax  &=&  -6.0000E-01 [cm]
  ymin  &=&  -4.5000E-01 [cm]
  ymax  &=&  -3.5000E-01 [cm]
e:

#------------------------------------------------------------------------------
 newpage:
#   no. = 47   ix  =  2   iy  = 14
#   x = (  -7.0000E-01  -  -6.0000E-01  )
#   y = (  -3.5000E-01  -  -2.5000E-01  )

x: z[cm]
y: Dose [Gy/source]      
p: xlin ylog afac(0.8) form(0.9)
h: n            x            y(proton  ),hh0l n 
#  z-lower      z-upper        proton    r.err 
   9.8380E+01   9.8430E+01   8.2329E-03  0.0725
   9.8430E+01   9.8480E+01   8.9724E-03  0.0750
   9.8480E+01   9.8530E+01   8.8656E-03  0.0802
   9.8530E+01   9.8580E+01   8.6187E-03  0.0885

#   sum over    2.0000E-03   8.6724E-03  0.0692

'no. = 47,  ix =  2,  iy = 14'
msuc: {\huge Histograma}
msdr: {\it plotted by \ANGEL \version}
msdl: {\it calculated by \PHITS  3.35}
wt: s(0.7)
\vspace{-3}
  xmin  &=&  -7.0000E-01 [cm]
  xmax  &=&  -6.0000E-01 [cm]
  ymin  &=&  -3.5000E-01 [cm]
  ymax  &=&  -2.5000E-01 [cm]
e:

#------------------------------------------------------------------------------
 newpage:
#   no. = 48   ix  =  2   iy  = 15
#   x = (  -7.0000E-01  -  -6.0000E-01  )
#   y = (  -2.5000E-01  -  -1.5000E-01  )

x: z[cm]
y: Dose [Gy/source]      
p: xlin ylog afac(0.8) form(0.9)
h: n            x            y(proton  ),hh0l n 
#  z-lower      z-upper        proton    r.err 
   9.8380E+01   9.8430E+01   7.5219E-03  0.0774
   9.8430E+01   9.8480E+01   7.7360E-03  0.0790
   9.8480E+01   9.8530E+01   7.9097E-03  0.0840
   9.8530E+01   9.8580E+01   7.7470E-03  0.0948

#   sum over    2.0000E-03   7.7287E-03  0.0734

'no. = 48,  ix =  2,  iy = 15'
msuc: {\huge Histograma}
msdr: {\it plotted by \ANGEL \version}
msdl: {\it calculated by \PHITS  3.35}
wt: s(0.7)
\vspace{-3}
  xmin  &=&  -7.0000E-01 [cm]
  xmax  &=&  -6.0000E-01 [cm]
  ymin  &=&  -2.5000E-01 [cm]
  ymax  &=&  -1.5000E-01 [cm]
e:

#------------------------------------------------------------------------------
 newpage:
#   no. = 49   ix  =  2   iy  = 16
#   x = (  -7.0000E-01  -  -6.0000E-01  )
#   y = (  -1.5000E-01  -  -5.0000E-02  )

x: z[cm]
y: Dose [Gy/source]      
p: xlin ylog afac(0.8) form(0.9)
h: n            x            y(proton  ),hh0l n 
#  z-lower      z-upper        proton    r.err 
   9.8380E+01   9.8430E+01   7.6972E-03  0.0750
   9.8430E+01   9.8480E+01   8.7660E-03  0.0763
   9.8480E+01   9.8530E+01   9.0921E-03  0.0804
   9.8530E+01   9.8580E+01   7.8885E-03  0.0930

#   sum over    2.0000E-03   8.3609E-03  0.0705

'no. = 49,  ix =  2,  iy = 16'
msuc: {\huge Histograma}
msdr: {\it plotted by \ANGEL \version}
msdl: {\it calculated by \PHITS  3.35}
wt: s(0.7)
\vspace{-3}
  xmin  &=&  -7.0000E-01 [cm]
  xmax  &=&  -6.0000E-01 [cm]
  ymin  &=&  -1.5000E-01 [cm]
  ymax  &=&  -5.0000E-02 [cm]
e:

#------------------------------------------------------------------------------
 newpage:
#   no. = 50   ix  =  2   iy  = 17
#   x = (  -7.0000E-01  -  -6.0000E-01  )
#   y = (  -5.0000E-02  -   5.0000E-02  )

x: z[cm]
y: Dose [Gy/source]      
p: xlin ylog afac(0.8) form(0.9)
h: n            x            y(proton  ),hh0l n 
#  z-lower      z-upper        proton    r.err 
   9.8380E+01   9.8430E+01   8.8870E-03  0.0718
   9.8430E+01   9.8480E+01   9.3323E-03  0.0746
   9.8480E+01   9.8530E+01   8.5764E-03  0.0818
   9.8530E+01   9.8580E+01   7.2537E-03  0.0970

#   sum over    2.0000E-03   8.5123E-03  0.0690

'no. = 50,  ix =  2,  iy = 17'
msuc: {\huge Histograma}
msdr: {\it plotted by \ANGEL \version}
msdl: {\it calculated by \PHITS  3.35}
wt: s(0.7)
\vspace{-3}
  xmin  &=&  -7.0000E-01 [cm]
  xmax  &=&  -6.0000E-01 [cm]
  ymin  &=&  -5.0000E-02 [cm]
  ymax  &=&   5.0000E-02 [cm]
e:

#------------------------------------------------------------------------------
 newpage:
#   no. = 51   ix  =  2   iy  = 18
#   x = (  -7.0000E-01  -  -6.0000E-01  )
#   y = (   5.0000E-02  -   1.5000E-01  )

x: z[cm]
y: Dose [Gy/source]      
p: xlin ylog afac(0.8) form(0.9)
h: n            x            y(proton  ),hh0l n 
#  z-lower      z-upper        proton    r.err 
   9.8380E+01   9.8430E+01   8.1822E-03  0.0754
   9.8430E+01   9.8480E+01   8.8927E-03  0.0785
   9.8480E+01   9.8530E+01   7.3246E-03  0.0861
   9.8530E+01   9.8580E+01   7.7051E-03  0.0968

#   sum over    2.0000E-03   8.0261E-03  0.0719

'no. = 51,  ix =  2,  iy = 18'
msuc: {\huge Histograma}
msdr: {\it plotted by \ANGEL \version}
msdl: {\it calculated by \PHITS  3.35}
wt: s(0.7)
\vspace{-3}
  xmin  &=&  -7.0000E-01 [cm]
  xmax  &=&  -6.0000E-01 [cm]
  ymin  &=&   5.0000E-02 [cm]
  ymax  &=&   1.5000E-01 [cm]
e:

#------------------------------------------------------------------------------
 newpage:
#   no. = 52   ix  =  2   iy  = 19
#   x = (  -7.0000E-01  -  -6.0000E-01  )
#   y = (   1.5000E-01  -   2.5000E-01  )

x: z[cm]
y: Dose [Gy/source]      
p: xlin ylog afac(0.8) form(0.9)
h: n            x            y(proton  ),hh0l n 
#  z-lower      z-upper        proton    r.err 
   9.8380E+01   9.8430E+01   8.2250E-03  0.0747
   9.8430E+01   9.8480E+01   8.5348E-03  0.0768
   9.8480E+01   9.8530E+01   7.6891E-03  0.0845
   9.8530E+01   9.8580E+01   7.6305E-03  0.0930

#   sum over    2.0000E-03   8.0199E-03  0.0708

'no. = 52,  ix =  2,  iy = 19'
msuc: {\huge Histograma}
msdr: {\it plotted by \ANGEL \version}
msdl: {\it calculated by \PHITS  3.35}
wt: s(0.7)
\vspace{-3}
  xmin  &=&  -7.0000E-01 [cm]
  xmax  &=&  -6.0000E-01 [cm]
  ymin  &=&   1.5000E-01 [cm]
  ymax  &=&   2.5000E-01 [cm]
e:

#------------------------------------------------------------------------------
 newpage:
#   no. = 53   ix  =  2   iy  = 20
#   x = (  -7.0000E-01  -  -6.0000E-01  )
#   y = (   2.5000E-01  -   3.5000E-01  )

x: z[cm]
y: Dose [Gy/source]      
p: xlin ylog afac(0.8) form(0.9)
h: n            x            y(proton  ),hh0l n 
#  z-lower      z-upper        proton    r.err 
   9.8380E+01   9.8430E+01   7.8973E-03  0.0746
   9.8430E+01   9.8480E+01   8.6961E-03  0.0749
   9.8480E+01   9.8530E+01   8.7226E-03  0.0789
   9.8530E+01   9.8580E+01   8.6686E-03  0.0887

#   sum over    2.0000E-03   8.4962E-03  0.0698

'no. = 53,  ix =  2,  iy = 20'
msuc: {\huge Histograma}
msdr: {\it plotted by \ANGEL \version}
msdl: {\it calculated by \PHITS  3.35}
wt: s(0.7)
\vspace{-3}
  xmin  &=&  -7.0000E-01 [cm]
  xmax  &=&  -6.0000E-01 [cm]
  ymin  &=&   2.5000E-01 [cm]
  ymax  &=&   3.5000E-01 [cm]
e:

#------------------------------------------------------------------------------
 newpage:
#   no. = 54   ix  =  2   iy  = 21
#   x = (  -7.0000E-01  -  -6.0000E-01  )
#   y = (   3.5000E-01  -   4.5000E-01  )

x: z[cm]
y: Dose [Gy/source]      
p: xlin ylog afac(0.8) form(0.9)
h: n            x            y(proton  ),hh0l n 
#  z-lower      z-upper        proton    r.err 
   9.8380E+01   9.8430E+01   7.7032E-03  0.0779
   9.8430E+01   9.8480E+01   7.3121E-03  0.0814
   9.8480E+01   9.8530E+01   7.2558E-03  0.0892
   9.8530E+01   9.8580E+01   7.2419E-03  0.0975

#   sum over    2.0000E-03   7.3782E-03  0.0749

'no. = 54,  ix =  2,  iy = 21'
msuc: {\huge Histograma}
msdr: {\it plotted by \ANGEL \version}
msdl: {\it calculated by \PHITS  3.35}
wt: s(0.7)
\vspace{-3}
  xmin  &=&  -7.0000E-01 [cm]
  xmax  &=&  -6.0000E-01 [cm]
  ymin  &=&   3.5000E-01 [cm]
  ymax  &=&   4.5000E-01 [cm]
e:

#------------------------------------------------------------------------------
 newpage:
#   no. = 55   ix  =  2   iy  = 22
#   x = (  -7.0000E-01  -  -6.0000E-01  )
#   y = (   4.5000E-01  -   5.5000E-01  )

x: z[cm]
y: Dose [Gy/source]      
p: xlin ylog afac(0.8) form(0.9)
h: n            x            y(proton  ),hh0l n 
#  z-lower      z-upper        proton    r.err 
   9.8380E+01   9.8430E+01   8.1736E-03  0.0740
   9.8430E+01   9.8480E+01   8.7889E-03  0.0748
   9.8480E+01   9.8530E+01   8.6183E-03  0.0810
   9.8530E+01   9.8580E+01   8.0585E-03  0.0906

#   sum over    2.0000E-03   8.4098E-03  0.0698

'no. = 55,  ix =  2,  iy = 22'
msuc: {\huge Histograma}
msdr: {\it plotted by \ANGEL \version}
msdl: {\it calculated by \PHITS  3.35}
wt: s(0.7)
\vspace{-3}
  xmin  &=&  -7.0000E-01 [cm]
  xmax  &=&  -6.0000E-01 [cm]
  ymin  &=&   4.5000E-01 [cm]
  ymax  &=&   5.5000E-01 [cm]
e:

#------------------------------------------------------------------------------
 newpage:
#   no. = 56   ix  =  2   iy  = 23
#   x = (  -7.0000E-01  -  -6.0000E-01  )
#   y = (   5.5000E-01  -   6.5000E-01  )

x: z[cm]
y: Dose [Gy/source]      
p: xlin ylog afac(0.8) form(0.9)
h: n            x            y(proton  ),hh0l n 
#  z-lower      z-upper        proton    r.err 
   9.8380E+01   9.8430E+01   9.1397E-03  0.0737
   9.8430E+01   9.8480E+01   8.6303E-03  0.0750
   9.8480E+01   9.8530E+01   8.4933E-03  0.0794
   9.8530E+01   9.8580E+01   9.0745E-03  0.0865

#   sum over    2.0000E-03   8.8344E-03  0.0686

'no. = 56,  ix =  2,  iy = 23'
msuc: {\huge Histograma}
msdr: {\it plotted by \ANGEL \version}
msdl: {\it calculated by \PHITS  3.35}
wt: s(0.7)
\vspace{-3}
  xmin  &=&  -7.0000E-01 [cm]
  xmax  &=&  -6.0000E-01 [cm]
  ymin  &=&   5.5000E-01 [cm]
  ymax  &=&   6.5000E-01 [cm]
e:

#------------------------------------------------------------------------------
 newpage:
#   no. = 57   ix  =  2   iy  = 24
#   x = (  -7.0000E-01  -  -6.0000E-01  )
#   y = (   6.5000E-01  -   7.5000E-01  )

x: z[cm]
y: Dose [Gy/source]      
p: xlin ylog afac(0.8) form(0.9)
h: n            x            y(proton  ),hh0l n 
#  z-lower      z-upper        proton    r.err 
   9.8380E+01   9.8430E+01   7.9514E-03  0.0741
   9.8430E+01   9.8480E+01   8.4260E-03  0.0761
   9.8480E+01   9.8530E+01   8.5310E-03  0.0802
   9.8530E+01   9.8580E+01   8.8464E-03  0.0870

#   sum over    2.0000E-03   8.4387E-03  0.0695

'no. = 57,  ix =  2,  iy = 24'
msuc: {\huge Histograma}
msdr: {\it plotted by \ANGEL \version}
msdl: {\it calculated by \PHITS  3.35}
wt: s(0.7)
\vspace{-3}
  xmin  &=&  -7.0000E-01 [cm]
  xmax  &=&  -6.0000E-01 [cm]
  ymin  &=&   6.5000E-01 [cm]
  ymax  &=&   7.5000E-01 [cm]
e:

#------------------------------------------------------------------------------
 newpage:
#   no. = 58   ix  =  2   iy  = 25
#   x = (  -7.0000E-01  -  -6.0000E-01  )
#   y = (   7.5000E-01  -   8.5000E-01  )

x: z[cm]
y: Dose [Gy/source]      
p: xlin ylog afac(0.8) form(0.9)
h: n            x            y(proton  ),hh0l n 
#  z-lower      z-upper        proton    r.err 
   9.8380E+01   9.8430E+01   7.8246E-03  0.0748
   9.8430E+01   9.8480E+01   8.7610E-03  0.0764
   9.8480E+01   9.8530E+01   8.4052E-03  0.0811
   9.8530E+01   9.8580E+01   8.3941E-03  0.0896

#   sum over    2.0000E-03   8.3462E-03  0.0701

'no. = 58,  ix =  2,  iy = 25'
msuc: {\huge Histograma}
msdr: {\it plotted by \ANGEL \version}
msdl: {\it calculated by \PHITS  3.35}
wt: s(0.7)
\vspace{-3}
  xmin  &=&  -7.0000E-01 [cm]
  xmax  &=&  -6.0000E-01 [cm]
  ymin  &=&   7.5000E-01 [cm]
  ymax  &=&   8.5000E-01 [cm]
e:

#------------------------------------------------------------------------------
 newpage:
#   no. = 59   ix  =  2   iy  = 26
#   x = (  -7.0000E-01  -  -6.0000E-01  )
#   y = (   8.5000E-01  -   9.5000E-01  )

x: z[cm]
y: Dose [Gy/source]      
p: xlin ylog afac(0.8) form(0.9)
h: n            x            y(proton  ),hh0l n 
#  z-lower      z-upper        proton    r.err 
   9.8380E+01   9.8430E+01   7.3598E-03  0.0783
   9.8430E+01   9.8480E+01   8.0738E-03  0.0793
   9.8480E+01   9.8530E+01   7.4717E-03  0.0856
   9.8530E+01   9.8580E+01   7.1570E-03  0.0990

#   sum over    2.0000E-03   7.5156E-03  0.0742

'no. = 59,  ix =  2,  iy = 26'
msuc: {\huge Histograma}
msdr: {\it plotted by \ANGEL \version}
msdl: {\it calculated by \PHITS  3.35}
wt: s(0.7)
\vspace{-3}
  xmin  &=&  -7.0000E-01 [cm]
  xmax  &=&  -6.0000E-01 [cm]
  ymin  &=&   8.5000E-01 [cm]
  ymax  &=&   9.5000E-01 [cm]
e:

#------------------------------------------------------------------------------
 newpage:
#   no. = 60   ix  =  2   iy  = 27
#   x = (  -7.0000E-01  -  -6.0000E-01  )
#   y = (   9.5000E-01  -   1.0500E+00  )

x: z[cm]
y: Dose [Gy/source]      
p: xlin ylog afac(0.8) form(0.9)
h: n            x            y(proton  ),hh0l n 
#  z-lower      z-upper        proton    r.err 
   9.8380E+01   9.8430E+01   8.2218E-03  0.0737
   9.8430E+01   9.8480E+01   8.8983E-03  0.0758
   9.8480E+01   9.8530E+01   8.2219E-03  0.0816
   9.8530E+01   9.8580E+01   7.9008E-03  0.0927

#   sum over    2.0000E-03   8.3107E-03  0.0706

'no. = 60,  ix =  2,  iy = 27'
msuc: {\huge Histograma}
msdr: {\it plotted by \ANGEL \version}
msdl: {\it calculated by \PHITS  3.35}
wt: s(0.7)
\vspace{-3}
  xmin  &=&  -7.0000E-01 [cm]
  xmax  &=&  -6.0000E-01 [cm]
  ymin  &=&   9.5000E-01 [cm]
  ymax  &=&   1.0500E+00 [cm]
e:

#------------------------------------------------------------------------------
 newpage:
#   no. = 61   ix  =  2   iy  = 28
#   x = (  -7.0000E-01  -  -6.0000E-01  )
#   y = (   1.0500E+00  -   1.1500E+00  )

x: z[cm]
y: Dose [Gy/source]      
p: xlin ylog afac(0.8) form(0.9)
h: n            x            y(proton  ),hh0l n 
#  z-lower      z-upper        proton    r.err 
   9.8380E+01   9.8430E+01   8.4887E-03  0.0736
   9.8430E+01   9.8480E+01   9.1541E-03  0.0758
   9.8480E+01   9.8530E+01   8.5656E-03  0.0813
   9.8530E+01   9.8580E+01   8.3835E-03  0.0924

#   sum over    2.0000E-03   8.6480E-03  0.0693

'no. = 61,  ix =  2,  iy = 28'
msuc: {\huge Histograma}
msdr: {\it plotted by \ANGEL \version}
msdl: {\it calculated by \PHITS  3.35}
wt: s(0.7)
\vspace{-3}
  xmin  &=&  -7.0000E-01 [cm]
  xmax  &=&  -6.0000E-01 [cm]
  ymin  &=&   1.0500E+00 [cm]
  ymax  &=&   1.1500E+00 [cm]
e:

#------------------------------------------------------------------------------
 newpage:
#   no. = 62   ix  =  2   iy  = 29
#   x = (  -7.0000E-01  -  -6.0000E-01  )
#   y = (   1.1500E+00  -   1.2500E+00  )

x: z[cm]
y: Dose [Gy/source]      
p: xlin ylog afac(0.8) form(0.9)
h: n            x            y(proton  ),hh0l n 
#  z-lower      z-upper        proton    r.err 
   9.8380E+01   9.8430E+01   8.5171E-03  0.0772
   9.8430E+01   9.8480E+01   7.5610E-03  0.0802
   9.8480E+01   9.8530E+01   7.1798E-03  0.0900
   9.8530E+01   9.8580E+01   6.8159E-03  0.0994

#   sum over    2.0000E-03   7.5184E-03  0.0735

'no. = 62,  ix =  2,  iy = 29'
msuc: {\huge Histograma}
msdr: {\it plotted by \ANGEL \version}
msdl: {\it calculated by \PHITS  3.35}
wt: s(0.7)
\vspace{-3}
  xmin  &=&  -7.0000E-01 [cm]
  xmax  &=&  -6.0000E-01 [cm]
  ymin  &=&   1.1500E+00 [cm]
  ymax  &=&   1.2500E+00 [cm]
e:

#------------------------------------------------------------------------------
 newpage:
#   no. = 63   ix  =  2   iy  = 30
#   x = (  -7.0000E-01  -  -6.0000E-01  )
#   y = (   1.2500E+00  -   1.3500E+00  )

x: z[cm]
y: Dose [Gy/source]      
p: xlin ylog afac(0.8) form(0.9)
h: n            x            y(proton  ),hh0l n 
#  z-lower      z-upper        proton    r.err 
   9.8380E+01   9.8430E+01   8.5853E-03  0.0724
   9.8430E+01   9.8480E+01   8.9188E-03  0.0734
   9.8480E+01   9.8530E+01   9.1229E-03  0.0790
   9.8530E+01   9.8580E+01   8.9500E-03  0.0879

#   sum over    2.0000E-03   8.8943E-03  0.0687

'no. = 63,  ix =  2,  iy = 30'
msuc: {\huge Histograma}
msdr: {\it plotted by \ANGEL \version}
msdl: {\it calculated by \PHITS  3.35}
wt: s(0.7)
\vspace{-3}
  xmin  &=&  -7.0000E-01 [cm]
  xmax  &=&  -6.0000E-01 [cm]
  ymin  &=&   1.2500E+00 [cm]
  ymax  &=&   1.3500E+00 [cm]
e:

#------------------------------------------------------------------------------
 newpage:
#   no. = 64   ix  =  2   iy  = 31
#   x = (  -7.0000E-01  -  -6.0000E-01  )
#   y = (   1.3500E+00  -   1.4500E+00  )

x: z[cm]
y: Dose [Gy/source]      
p: xlin ylog afac(0.8) form(0.9)
h: n            x            y(proton  ),hh0l n 
#  z-lower      z-upper        proton    r.err 
   9.8380E+01   9.8430E+01   8.1822E-03  0.0733
   9.8430E+01   9.8480E+01   8.7295E-03  0.0762
   9.8480E+01   9.8530E+01   8.5934E-03  0.0820
   9.8530E+01   9.8580E+01   7.8688E-03  0.0924

#   sum over    2.0000E-03   8.3435E-03  0.0710

'no. = 64,  ix =  2,  iy = 31'
msuc: {\huge Histograma}
msdr: {\it plotted by \ANGEL \version}
msdl: {\it calculated by \PHITS  3.35}
wt: s(0.7)
\vspace{-3}
  xmin  &=&  -7.0000E-01 [cm]
  xmax  &=&  -6.0000E-01 [cm]
  ymin  &=&   1.3500E+00 [cm]
  ymax  &=&   1.4500E+00 [cm]
e:

#------------------------------------------------------------------------------
 newpage:
#   no. = 65   ix  =  2   iy  = 32
#   x = (  -7.0000E-01  -  -6.0000E-01  )
#   y = (   1.4500E+00  -   1.5500E+00  )

x: z[cm]
y: Dose [Gy/source]      
p: xlin ylog afac(0.8) form(0.9)
h: n            x            y(proton  ),hh0l n 
#  z-lower      z-upper        proton    r.err 
   9.8380E+01   9.8430E+01   9.1422E-03  0.0716
   9.8430E+01   9.8480E+01   9.4116E-03  0.0723
   9.8480E+01   9.8530E+01   9.6053E-03  0.0772
   9.8530E+01   9.8580E+01   9.3947E-03  0.0866

#   sum over    2.0000E-03   9.3884E-03  0.0668

'no. = 65,  ix =  2,  iy = 32'
msuc: {\huge Histograma}
msdr: {\it plotted by \ANGEL \version}
msdl: {\it calculated by \PHITS  3.35}
wt: s(0.7)
\vspace{-3}
  xmin  &=&  -7.0000E-01 [cm]
  xmax  &=&  -6.0000E-01 [cm]
  ymin  &=&   1.4500E+00 [cm]
  ymax  &=&   1.5500E+00 [cm]
e:

#------------------------------------------------------------------------------
 newpage:
#   no. = 66   ix  =  2   iy  = 33
#   x = (  -7.0000E-01  -  -6.0000E-01  )
#   y = (   1.5500E+00  -   1.6500E+00  )

x: z[cm]
y: Dose [Gy/source]      
p: xlin ylog afac(0.8) form(0.9)
h: n            x            y(proton  ),hh0l n 
#  z-lower      z-upper        proton    r.err 
   9.8380E+01   9.8430E+01   7.4952E-03  0.0764
   9.8430E+01   9.8480E+01   7.9203E-03  0.0798
   9.8480E+01   9.8530E+01   7.9798E-03  0.0838
   9.8530E+01   9.8580E+01   7.8612E-03  0.0937

#   sum over    2.0000E-03   7.8141E-03  0.0734

'no. = 66,  ix =  2,  iy = 33'
msuc: {\huge Histograma}
msdr: {\it plotted by \ANGEL \version}
msdl: {\it calculated by \PHITS  3.35}
wt: s(0.7)
\vspace{-3}
  xmin  &=&  -7.0000E-01 [cm]
  xmax  &=&  -6.0000E-01 [cm]
  ymin  &=&   1.5500E+00 [cm]
  ymax  &=&   1.6500E+00 [cm]
e:

#------------------------------------------------------------------------------
 newpage:
#   no. = 67   ix  =  3   iy  =  1
#   x = (  -6.0000E-01  -  -5.0000E-01  )
#   y = (  -1.6500E+00  -  -1.5500E+00  )

x: z[cm]
y: Dose [Gy/source]      
p: xlin ylog afac(0.8) form(0.9)
h: n            x            y(proton  ),hh0l n 
#  z-lower      z-upper        proton    r.err 
   9.8380E+01   9.8430E+01   0.0000E+00  0.0000
   9.8430E+01   9.8480E+01   0.0000E+00  0.0000
   9.8480E+01   9.8530E+01   0.0000E+00  0.0000
   9.8530E+01   9.8580E+01   0.0000E+00  0.0000

#   sum over    2.0000E-03   0.0000E+00  0.0000

'no. = 67,  ix =  3,  iy =  1'
msuc: {\huge Histograma}
msdr: {\it plotted by \ANGEL \version}
msdl: {\it calculated by \PHITS  3.35}
wt: s(0.7)
\vspace{-3}
  xmin  &=&  -6.0000E-01 [cm]
  xmax  &=&  -5.0000E-01 [cm]
  ymin  &=&  -1.6500E+00 [cm]
  ymax  &=&  -1.5500E+00 [cm]
e:

#------------------------------------------------------------------------------
 newpage:
#   no. = 68   ix  =  3   iy  =  2
#   x = (  -6.0000E-01  -  -5.0000E-01  )
#   y = (  -1.5500E+00  -  -1.4500E+00  )

x: z[cm]
y: Dose [Gy/source]      
p: xlin ylog afac(0.8) form(0.9)
h: n            x            y(proton  ),hh0l n 
#  z-lower      z-upper        proton    r.err 
   9.8380E+01   9.8430E+01   0.0000E+00  0.0000
   9.8430E+01   9.8480E+01   0.0000E+00  0.0000
   9.8480E+01   9.8530E+01   0.0000E+00  0.0000
   9.8530E+01   9.8580E+01   0.0000E+00  0.0000

#   sum over    2.0000E-03   0.0000E+00  0.0000

'no. = 68,  ix =  3,  iy =  2'
msuc: {\huge Histograma}
msdr: {\it plotted by \ANGEL \version}
msdl: {\it calculated by \PHITS  3.35}
wt: s(0.7)
\vspace{-3}
  xmin  &=&  -6.0000E-01 [cm]
  xmax  &=&  -5.0000E-01 [cm]
  ymin  &=&  -1.5500E+00 [cm]
  ymax  &=&  -1.4500E+00 [cm]
e:

#------------------------------------------------------------------------------
 newpage:
#   no. = 69   ix  =  3   iy  =  3
#   x = (  -6.0000E-01  -  -5.0000E-01  )
#   y = (  -1.4500E+00  -  -1.3500E+00  )

x: z[cm]
y: Dose [Gy/source]      
p: xlin ylog afac(0.8) form(0.9)
h: n            x            y(proton  ),hh0l n 
#  z-lower      z-upper        proton    r.err 
   9.8380E+01   9.8430E+01   0.0000E+00  0.0000
   9.8430E+01   9.8480E+01   0.0000E+00  0.0000
   9.8480E+01   9.8530E+01   0.0000E+00  0.0000
   9.8530E+01   9.8580E+01   0.0000E+00  0.0000

#   sum over    2.0000E-03   0.0000E+00  0.0000

'no. = 69,  ix =  3,  iy =  3'
msuc: {\huge Histograma}
msdr: {\it plotted by \ANGEL \version}
msdl: {\it calculated by \PHITS  3.35}
wt: s(0.7)
\vspace{-3}
  xmin  &=&  -6.0000E-01 [cm]
  xmax  &=&  -5.0000E-01 [cm]
  ymin  &=&  -1.4500E+00 [cm]
  ymax  &=&  -1.3500E+00 [cm]
e:

#------------------------------------------------------------------------------
 newpage:
#   no. = 70   ix  =  3   iy  =  4
#   x = (  -6.0000E-01  -  -5.0000E-01  )
#   y = (  -1.3500E+00  -  -1.2500E+00  )

x: z[cm]
y: Dose [Gy/source]      
p: xlin ylog afac(0.8) form(0.9)
h: n            x            y(proton  ),hh0l n 
#  z-lower      z-upper        proton    r.err 
   9.8380E+01   9.8430E+01   5.7115E-03  0.0911
   9.8430E+01   9.8480E+01   5.8554E-03  0.0920
   9.8480E+01   9.8530E+01   5.9939E-03  0.0983
   9.8530E+01   9.8580E+01   5.4329E-03  0.1131

#   sum over    2.0000E-03   5.7484E-03  0.0866

'no. = 70,  ix =  3,  iy =  4'
msuc: {\huge Histograma}
msdr: {\it plotted by \ANGEL \version}
msdl: {\it calculated by \PHITS  3.35}
wt: s(0.7)
\vspace{-3}
  xmin  &=&  -6.0000E-01 [cm]
  xmax  &=&  -5.0000E-01 [cm]
  ymin  &=&  -1.3500E+00 [cm]
  ymax  &=&  -1.2500E+00 [cm]
e:

#------------------------------------------------------------------------------
 newpage:
#   no. = 71   ix  =  3   iy  =  5
#   x = (  -6.0000E-01  -  -5.0000E-01  )
#   y = (  -1.2500E+00  -  -1.1500E+00  )

x: z[cm]
y: Dose [Gy/source]      
p: xlin ylog afac(0.8) form(0.9)
h: n            x            y(proton  ),hh0l n 
#  z-lower      z-upper        proton    r.err 
   9.8380E+01   9.8430E+01   6.9045E-03  0.0771
   9.8430E+01   9.8480E+01   7.9333E-03  0.0785
   9.8480E+01   9.8530E+01   8.0114E-03  0.0836
   9.8530E+01   9.8580E+01   7.4423E-03  0.0966

#   sum over    2.0000E-03   7.5729E-03  0.0746

'no. = 71,  ix =  3,  iy =  5'
msuc: {\huge Histograma}
msdr: {\it plotted by \ANGEL \version}
msdl: {\it calculated by \PHITS  3.35}
wt: s(0.7)
\vspace{-3}
  xmin  &=&  -6.0000E-01 [cm]
  xmax  &=&  -5.0000E-01 [cm]
  ymin  &=&  -1.2500E+00 [cm]
  ymax  &=&  -1.1500E+00 [cm]
e:

#------------------------------------------------------------------------------
 newpage:
#   no. = 72   ix  =  3   iy  =  6
#   x = (  -6.0000E-01  -  -5.0000E-01  )
#   y = (  -1.1500E+00  -  -1.0500E+00  )

x: z[cm]
y: Dose [Gy/source]      
p: xlin ylog afac(0.8) form(0.9)
h: n            x            y(proton  ),hh0l n 
#  z-lower      z-upper        proton    r.err 
   9.8380E+01   9.8430E+01   8.6545E-03  0.0733
   9.8430E+01   9.8480E+01   9.1822E-03  0.0738
   9.8480E+01   9.8530E+01   8.6613E-03  0.0797
   9.8530E+01   9.8580E+01   8.5628E-03  0.0881

#   sum over    2.0000E-03   8.7652E-03  0.0686

'no. = 72,  ix =  3,  iy =  6'
msuc: {\huge Histograma}
msdr: {\it plotted by \ANGEL \version}
msdl: {\it calculated by \PHITS  3.35}
wt: s(0.7)
\vspace{-3}
  xmin  &=&  -6.0000E-01 [cm]
  xmax  &=&  -5.0000E-01 [cm]
  ymin  &=&  -1.1500E+00 [cm]
  ymax  &=&  -1.0500E+00 [cm]
e:

#------------------------------------------------------------------------------
 newpage:
#   no. = 73   ix  =  3   iy  =  7
#   x = (  -6.0000E-01  -  -5.0000E-01  )
#   y = (  -1.0500E+00  -  -9.5000E-01  )

x: z[cm]
y: Dose [Gy/source]      
p: xlin ylog afac(0.8) form(0.9)
h: n            x            y(proton  ),hh0l n 
#  z-lower      z-upper        proton    r.err 
   9.8380E+01   9.8430E+01   8.2898E-03  0.0731
   9.8430E+01   9.8480E+01   8.9970E-03  0.0762
   9.8480E+01   9.8530E+01   8.3186E-03  0.0827
   9.8530E+01   9.8580E+01   7.6473E-03  0.0952

#   sum over    2.0000E-03   8.3132E-03  0.0704

'no. = 73,  ix =  3,  iy =  7'
msuc: {\huge Histograma}
msdr: {\it plotted by \ANGEL \version}
msdl: {\it calculated by \PHITS  3.35}
wt: s(0.7)
\vspace{-3}
  xmin  &=&  -6.0000E-01 [cm]
  xmax  &=&  -5.0000E-01 [cm]
  ymin  &=&  -1.0500E+00 [cm]
  ymax  &=&  -9.5000E-01 [cm]
e:

#------------------------------------------------------------------------------
 newpage:
#   no. = 74   ix  =  3   iy  =  8
#   x = (  -6.0000E-01  -  -5.0000E-01  )
#   y = (  -9.5000E-01  -  -8.5000E-01  )

x: z[cm]
y: Dose [Gy/source]      
p: xlin ylog afac(0.8) form(0.9)
h: n            x            y(proton  ),hh0l n 
#  z-lower      z-upper        proton    r.err 
   9.8380E+01   9.8430E+01   7.1948E-03  0.0785
   9.8430E+01   9.8480E+01   7.9757E-03  0.0811
   9.8480E+01   9.8530E+01   7.6607E-03  0.0857
   9.8530E+01   9.8580E+01   7.3052E-03  0.0976

#   sum over    2.0000E-03   7.5341E-03  0.0740

'no. = 74,  ix =  3,  iy =  8'
msuc: {\huge Histograma}
msdr: {\it plotted by \ANGEL \version}
msdl: {\it calculated by \PHITS  3.35}
wt: s(0.7)
\vspace{-3}
  xmin  &=&  -6.0000E-01 [cm]
  xmax  &=&  -5.0000E-01 [cm]
  ymin  &=&  -9.5000E-01 [cm]
  ymax  &=&  -8.5000E-01 [cm]
e:

#------------------------------------------------------------------------------
 newpage:
#   no. = 75   ix  =  3   iy  =  9
#   x = (  -6.0000E-01  -  -5.0000E-01  )
#   y = (  -8.5000E-01  -  -7.5000E-01  )

x: z[cm]
y: Dose [Gy/source]      
p: xlin ylog afac(0.8) form(0.9)
h: n            x            y(proton  ),hh0l n 
#  z-lower      z-upper        proton    r.err 
   9.8380E+01   9.8430E+01   9.1410E-03  0.0704
   9.8430E+01   9.8480E+01   9.8632E-03  0.0724
   9.8480E+01   9.8530E+01   9.1982E-03  0.0785
   9.8530E+01   9.8580E+01   8.3895E-03  0.0910

#   sum over    2.0000E-03   9.1480E-03  0.0671

'no. = 75,  ix =  3,  iy =  9'
msuc: {\huge Histograma}
msdr: {\it plotted by \ANGEL \version}
msdl: {\it calculated by \PHITS  3.35}
wt: s(0.7)
\vspace{-3}
  xmin  &=&  -6.0000E-01 [cm]
  xmax  &=&  -5.0000E-01 [cm]
  ymin  &=&  -8.5000E-01 [cm]
  ymax  &=&  -7.5000E-01 [cm]
e:

#------------------------------------------------------------------------------
 newpage:
#   no. = 76   ix  =  3   iy  = 10
#   x = (  -6.0000E-01  -  -5.0000E-01  )
#   y = (  -7.5000E-01  -  -6.5000E-01  )

x: z[cm]
y: Dose [Gy/source]      
p: xlin ylog afac(0.8) form(0.9)
h: n            x            y(proton  ),hh0l n 
#  z-lower      z-upper        proton    r.err 
   9.8380E+01   9.8430E+01   7.8247E-03  0.0788
   9.8430E+01   9.8480E+01   7.6087E-03  0.0811
   9.8480E+01   9.8530E+01   7.5245E-03  0.0857
   9.8530E+01   9.8580E+01   7.7809E-03  0.0930

#   sum over    2.0000E-03   7.6847E-03  0.0725

'no. = 76,  ix =  3,  iy = 10'
msuc: {\huge Histograma}
msdr: {\it plotted by \ANGEL \version}
msdl: {\it calculated by \PHITS  3.35}
wt: s(0.7)
\vspace{-3}
  xmin  &=&  -6.0000E-01 [cm]
  xmax  &=&  -5.0000E-01 [cm]
  ymin  &=&  -7.5000E-01 [cm]
  ymax  &=&  -6.5000E-01 [cm]
e:

#------------------------------------------------------------------------------
 newpage:
#   no. = 77   ix  =  3   iy  = 11
#   x = (  -6.0000E-01  -  -5.0000E-01  )
#   y = (  -6.5000E-01  -  -5.5000E-01  )

x: z[cm]
y: Dose [Gy/source]      
p: xlin ylog afac(0.8) form(0.9)
h: n            x            y(proton  ),hh0l n 
#  z-lower      z-upper        proton    r.err 
   9.8380E+01   9.8430E+01   8.2703E-03  0.0751
   9.8430E+01   9.8480E+01   8.2264E-03  0.0781
   9.8480E+01   9.8530E+01   7.9378E-03  0.0837
   9.8530E+01   9.8580E+01   7.7660E-03  0.0925

#   sum over    2.0000E-03   8.0501E-03  0.0709

'no. = 77,  ix =  3,  iy = 11'
msuc: {\huge Histograma}
msdr: {\it plotted by \ANGEL \version}
msdl: {\it calculated by \PHITS  3.35}
wt: s(0.7)
\vspace{-3}
  xmin  &=&  -6.0000E-01 [cm]
  xmax  &=&  -5.0000E-01 [cm]
  ymin  &=&  -6.5000E-01 [cm]
  ymax  &=&  -5.5000E-01 [cm]
e:

#------------------------------------------------------------------------------
 newpage:
#   no. = 78   ix  =  3   iy  = 12
#   x = (  -6.0000E-01  -  -5.0000E-01  )
#   y = (  -5.5000E-01  -  -4.5000E-01  )

x: z[cm]
y: Dose [Gy/source]      
p: xlin ylog afac(0.8) form(0.9)
h: n            x            y(proton  ),hh0l n 
#  z-lower      z-upper        proton    r.err 
   9.8380E+01   9.8430E+01   7.8805E-03  0.0740
   9.8430E+01   9.8480E+01   8.7652E-03  0.0757
   9.8480E+01   9.8530E+01   8.3298E-03  0.0802
   9.8530E+01   9.8580E+01   8.7172E-03  0.0879

#   sum over    2.0000E-03   8.4232E-03  0.0703

'no. = 78,  ix =  3,  iy = 12'
msuc: {\huge Histograma}
msdr: {\it plotted by \ANGEL \version}
msdl: {\it calculated by \PHITS  3.35}
wt: s(0.7)
\vspace{-3}
  xmin  &=&  -6.0000E-01 [cm]
  xmax  &=&  -5.0000E-01 [cm]
  ymin  &=&  -5.5000E-01 [cm]
  ymax  &=&  -4.5000E-01 [cm]
e:

#------------------------------------------------------------------------------
 newpage:
#   no. = 79   ix  =  3   iy  = 13
#   x = (  -6.0000E-01  -  -5.0000E-01  )
#   y = (  -4.5000E-01  -  -3.5000E-01  )

x: z[cm]
y: Dose [Gy/source]      
p: xlin ylog afac(0.8) form(0.9)
h: n            x            y(proton  ),hh0l n 
#  z-lower      z-upper        proton    r.err 
   9.8380E+01   9.8430E+01   7.8826E-03  0.0742
   9.8430E+01   9.8480E+01   8.8279E-03  0.0769
   9.8480E+01   9.8530E+01   8.5668E-03  0.0824
   9.8530E+01   9.8580E+01   8.1226E-03  0.0929

#   sum over    2.0000E-03   8.3500E-03  0.0710

'no. = 79,  ix =  3,  iy = 13'
msuc: {\huge Histograma}
msdr: {\it plotted by \ANGEL \version}
msdl: {\it calculated by \PHITS  3.35}
wt: s(0.7)
\vspace{-3}
  xmin  &=&  -6.0000E-01 [cm]
  xmax  &=&  -5.0000E-01 [cm]
  ymin  &=&  -4.5000E-01 [cm]
  ymax  &=&  -3.5000E-01 [cm]
e:

#------------------------------------------------------------------------------
 newpage:
#   no. = 80   ix  =  3   iy  = 14
#   x = (  -6.0000E-01  -  -5.0000E-01  )
#   y = (  -3.5000E-01  -  -2.5000E-01  )

x: z[cm]
y: Dose [Gy/source]      
p: xlin ylog afac(0.8) form(0.9)
h: n            x            y(proton  ),hh0l n 
#  z-lower      z-upper        proton    r.err 
   9.8380E+01   9.8430E+01   7.6802E-03  0.0781
   9.8430E+01   9.8480E+01   7.7250E-03  0.0799
   9.8480E+01   9.8530E+01   7.8013E-03  0.0831
   9.8530E+01   9.8580E+01   7.5006E-03  0.0938

#   sum over    2.0000E-03   7.6768E-03  0.0727

'no. = 80,  ix =  3,  iy = 14'
msuc: {\huge Histograma}
msdr: {\it plotted by \ANGEL \version}
msdl: {\it calculated by \PHITS  3.35}
wt: s(0.7)
\vspace{-3}
  xmin  &=&  -6.0000E-01 [cm]
  xmax  &=&  -5.0000E-01 [cm]
  ymin  &=&  -3.5000E-01 [cm]
  ymax  &=&  -2.5000E-01 [cm]
e:

#------------------------------------------------------------------------------
 newpage:
#   no. = 81   ix  =  3   iy  = 15
#   x = (  -6.0000E-01  -  -5.0000E-01  )
#   y = (  -2.5000E-01  -  -1.5000E-01  )

x: z[cm]
y: Dose [Gy/source]      
p: xlin ylog afac(0.8) form(0.9)
h: n            x            y(proton  ),hh0l n 
#  z-lower      z-upper        proton    r.err 
   9.8380E+01   9.8430E+01   6.5802E-03  0.0817
   9.8430E+01   9.8480E+01   7.3928E-03  0.0831
   9.8480E+01   9.8530E+01   7.4304E-03  0.0875
   9.8530E+01   9.8580E+01   6.2291E-03  0.1035

#   sum over    2.0000E-03   6.9081E-03  0.0773

'no. = 81,  ix =  3,  iy = 15'
msuc: {\huge Histograma}
msdr: {\it plotted by \ANGEL \version}
msdl: {\it calculated by \PHITS  3.35}
wt: s(0.7)
\vspace{-3}
  xmin  &=&  -6.0000E-01 [cm]
  xmax  &=&  -5.0000E-01 [cm]
  ymin  &=&  -2.5000E-01 [cm]
  ymax  &=&  -1.5000E-01 [cm]
e:

#------------------------------------------------------------------------------
 newpage:
#   no. = 82   ix  =  3   iy  = 16
#   x = (  -6.0000E-01  -  -5.0000E-01  )
#   y = (  -1.5000E-01  -  -5.0000E-02  )

x: z[cm]
y: Dose [Gy/source]      
p: xlin ylog afac(0.8) form(0.9)
h: n            x            y(proton  ),hh0l n 
#  z-lower      z-upper        proton    r.err 
   9.8380E+01   9.8430E+01   8.0360E-03  0.0753
   9.8430E+01   9.8480E+01   8.1196E-03  0.0780
   9.8480E+01   9.8530E+01   8.0375E-03  0.0849
   9.8530E+01   9.8580E+01   7.3189E-03  0.0976

#   sum over    2.0000E-03   7.8780E-03  0.0724

'no. = 82,  ix =  3,  iy = 16'
msuc: {\huge Histograma}
msdr: {\it plotted by \ANGEL \version}
msdl: {\it calculated by \PHITS  3.35}
wt: s(0.7)
\vspace{-3}
  xmin  &=&  -6.0000E-01 [cm]
  xmax  &=&  -5.0000E-01 [cm]
  ymin  &=&  -1.5000E-01 [cm]
  ymax  &=&  -5.0000E-02 [cm]
e:

#------------------------------------------------------------------------------
 newpage:
#   no. = 83   ix  =  3   iy  = 17
#   x = (  -6.0000E-01  -  -5.0000E-01  )
#   y = (  -5.0000E-02  -   5.0000E-02  )

x: z[cm]
y: Dose [Gy/source]      
p: xlin ylog afac(0.8) form(0.9)
h: n            x            y(proton  ),hh0l n 
#  z-lower      z-upper        proton    r.err 
   9.8380E+01   9.8430E+01   8.8664E-03  0.0721
   9.8430E+01   9.8480E+01   9.0318E-03  0.0739
   9.8480E+01   9.8530E+01   8.7766E-03  0.0785
   9.8530E+01   9.8580E+01   8.8875E-03  0.0873

#   sum over    2.0000E-03   8.8906E-03  0.0676

'no. = 83,  ix =  3,  iy = 17'
msuc: {\huge Histograma}
msdr: {\it plotted by \ANGEL \version}
msdl: {\it calculated by \PHITS  3.35}
wt: s(0.7)
\vspace{-3}
  xmin  &=&  -6.0000E-01 [cm]
  xmax  &=&  -5.0000E-01 [cm]
  ymin  &=&  -5.0000E-02 [cm]
  ymax  &=&   5.0000E-02 [cm]
e:

#------------------------------------------------------------------------------
 newpage:
#   no. = 84   ix  =  3   iy  = 18
#   x = (  -6.0000E-01  -  -5.0000E-01  )
#   y = (   5.0000E-02  -   1.5000E-01  )

x: z[cm]
y: Dose [Gy/source]      
p: xlin ylog afac(0.8) form(0.9)
h: n            x            y(proton  ),hh0l n 
#  z-lower      z-upper        proton    r.err 
   9.8380E+01   9.8430E+01   9.0815E-03  0.0710
   9.8430E+01   9.8480E+01   9.6239E-03  0.0728
   9.8480E+01   9.8530E+01   9.0029E-03  0.0791
   9.8530E+01   9.8580E+01   9.6455E-03  0.0850

#   sum over    2.0000E-03   9.3384E-03  0.0666

'no. = 84,  ix =  3,  iy = 18'
msuc: {\huge Histograma}
msdr: {\it plotted by \ANGEL \version}
msdl: {\it calculated by \PHITS  3.35}
wt: s(0.7)
\vspace{-3}
  xmin  &=&  -6.0000E-01 [cm]
  xmax  &=&  -5.0000E-01 [cm]
  ymin  &=&   5.0000E-02 [cm]
  ymax  &=&   1.5000E-01 [cm]
e:

#------------------------------------------------------------------------------
 newpage:
#   no. = 85   ix  =  3   iy  = 19
#   x = (  -6.0000E-01  -  -5.0000E-01  )
#   y = (   1.5000E-01  -   2.5000E-01  )

x: z[cm]
y: Dose [Gy/source]      
p: xlin ylog afac(0.8) form(0.9)
h: n            x            y(proton  ),hh0l n 
#  z-lower      z-upper        proton    r.err 
   9.8380E+01   9.8430E+01   8.0448E-03  0.0754
   9.8430E+01   9.8480E+01   8.6714E-03  0.0761
   9.8480E+01   9.8530E+01   8.9012E-03  0.0799
   9.8530E+01   9.8580E+01   8.6896E-03  0.0886

#   sum over    2.0000E-03   8.5768E-03  0.0696

'no. = 85,  ix =  3,  iy = 19'
msuc: {\huge Histograma}
msdr: {\it plotted by \ANGEL \version}
msdl: {\it calculated by \PHITS  3.35}
wt: s(0.7)
\vspace{-3}
  xmin  &=&  -6.0000E-01 [cm]
  xmax  &=&  -5.0000E-01 [cm]
  ymin  &=&   1.5000E-01 [cm]
  ymax  &=&   2.5000E-01 [cm]
e:

#------------------------------------------------------------------------------
 newpage:
#   no. = 86   ix  =  3   iy  = 20
#   x = (  -6.0000E-01  -  -5.0000E-01  )
#   y = (   2.5000E-01  -   3.5000E-01  )

x: z[cm]
y: Dose [Gy/source]      
p: xlin ylog afac(0.8) form(0.9)
h: n            x            y(proton  ),hh0l n 
#  z-lower      z-upper        proton    r.err 
   9.8380E+01   9.8430E+01   7.2575E-03  0.0809
   9.8430E+01   9.8480E+01   7.2253E-03  0.0838
   9.8480E+01   9.8530E+01   6.6147E-03  0.0932
   9.8530E+01   9.8580E+01   6.4585E-03  0.1050

#   sum over    2.0000E-03   6.8890E-03  0.0772

'no. = 86,  ix =  3,  iy = 20'
msuc: {\huge Histograma}
msdr: {\it plotted by \ANGEL \version}
msdl: {\it calculated by \PHITS  3.35}
wt: s(0.7)
\vspace{-3}
  xmin  &=&  -6.0000E-01 [cm]
  xmax  &=&  -5.0000E-01 [cm]
  ymin  &=&   2.5000E-01 [cm]
  ymax  &=&   3.5000E-01 [cm]
e:

#------------------------------------------------------------------------------
 newpage:
#   no. = 87   ix  =  3   iy  = 21
#   x = (  -6.0000E-01  -  -5.0000E-01  )
#   y = (   3.5000E-01  -   4.5000E-01  )

x: z[cm]
y: Dose [Gy/source]      
p: xlin ylog afac(0.8) form(0.9)
h: n            x            y(proton  ),hh0l n 
#  z-lower      z-upper        proton    r.err 
   9.8380E+01   9.8430E+01   8.3231E-03  0.0744
   9.8430E+01   9.8480E+01   8.5409E-03  0.0762
   9.8480E+01   9.8530E+01   8.4405E-03  0.0819
   9.8530E+01   9.8580E+01   8.1256E-03  0.0919

#   sum over    2.0000E-03   8.3575E-03  0.0702

'no. = 87,  ix =  3,  iy = 21'
msuc: {\huge Histograma}
msdr: {\it plotted by \ANGEL \version}
msdl: {\it calculated by \PHITS  3.35}
wt: s(0.7)
\vspace{-3}
  xmin  &=&  -6.0000E-01 [cm]
  xmax  &=&  -5.0000E-01 [cm]
  ymin  &=&   3.5000E-01 [cm]
  ymax  &=&   4.5000E-01 [cm]
e:

#------------------------------------------------------------------------------
 newpage:
#   no. = 88   ix  =  3   iy  = 22
#   x = (  -6.0000E-01  -  -5.0000E-01  )
#   y = (   4.5000E-01  -   5.5000E-01  )

x: z[cm]
y: Dose [Gy/source]      
p: xlin ylog afac(0.8) form(0.9)
h: n            x            y(proton  ),hh0l n 
#  z-lower      z-upper        proton    r.err 
   9.8380E+01   9.8430E+01   7.3293E-03  0.0805
   9.8430E+01   9.8480E+01   7.1216E-03  0.0815
   9.8480E+01   9.8530E+01   7.1759E-03  0.0853
   9.8530E+01   9.8580E+01   7.5529E-03  0.0944

#   sum over    2.0000E-03   7.2949E-03  0.0747

'no. = 88,  ix =  3,  iy = 22'
msuc: {\huge Histograma}
msdr: {\it plotted by \ANGEL \version}
msdl: {\it calculated by \PHITS  3.35}
wt: s(0.7)
\vspace{-3}
  xmin  &=&  -6.0000E-01 [cm]
  xmax  &=&  -5.0000E-01 [cm]
  ymin  &=&   4.5000E-01 [cm]
  ymax  &=&   5.5000E-01 [cm]
e:

#------------------------------------------------------------------------------
 newpage:
#   no. = 89   ix  =  3   iy  = 23
#   x = (  -6.0000E-01  -  -5.0000E-01  )
#   y = (   5.5000E-01  -   6.5000E-01  )

x: z[cm]
y: Dose [Gy/source]      
p: xlin ylog afac(0.8) form(0.9)
h: n            x            y(proton  ),hh0l n 
#  z-lower      z-upper        proton    r.err 
   9.8380E+01   9.8430E+01   9.0724E-03  0.0715
   9.8430E+01   9.8480E+01   9.2913E-03  0.0730
   9.8480E+01   9.8530E+01   9.2309E-03  0.0789
   9.8530E+01   9.8580E+01   8.4327E-03  0.0910

#   sum over    2.0000E-03   9.0068E-03  0.0679

'no. = 89,  ix =  3,  iy = 23'
msuc: {\huge Histograma}
msdr: {\it plotted by \ANGEL \version}
msdl: {\it calculated by \PHITS  3.35}
wt: s(0.7)
\vspace{-3}
  xmin  &=&  -6.0000E-01 [cm]
  xmax  &=&  -5.0000E-01 [cm]
  ymin  &=&   5.5000E-01 [cm]
  ymax  &=&   6.5000E-01 [cm]
e:

#------------------------------------------------------------------------------
 newpage:
#   no. = 90   ix  =  3   iy  = 24
#   x = (  -6.0000E-01  -  -5.0000E-01  )
#   y = (   6.5000E-01  -   7.5000E-01  )

x: z[cm]
y: Dose [Gy/source]      
p: xlin ylog afac(0.8) form(0.9)
h: n            x            y(proton  ),hh0l n 
#  z-lower      z-upper        proton    r.err 
   9.8380E+01   9.8430E+01   7.9995E-03  0.0740
   9.8430E+01   9.8480E+01   8.8696E-03  0.0776
   9.8480E+01   9.8530E+01   8.0291E-03  0.0826
   9.8530E+01   9.8580E+01   7.8248E-03  0.0918

#   sum over    2.0000E-03   8.1807E-03  0.0701

'no. = 90,  ix =  3,  iy = 24'
msuc: {\huge Histograma}
msdr: {\it plotted by \ANGEL \version}
msdl: {\it calculated by \PHITS  3.35}
wt: s(0.7)
\vspace{-3}
  xmin  &=&  -6.0000E-01 [cm]
  xmax  &=&  -5.0000E-01 [cm]
  ymin  &=&   6.5000E-01 [cm]
  ymax  &=&   7.5000E-01 [cm]
e:

#------------------------------------------------------------------------------
 newpage:
#   no. = 91   ix  =  3   iy  = 25
#   x = (  -6.0000E-01  -  -5.0000E-01  )
#   y = (   7.5000E-01  -   8.5000E-01  )

x: z[cm]
y: Dose [Gy/source]      
p: xlin ylog afac(0.8) form(0.9)
h: n            x            y(proton  ),hh0l n 
#  z-lower      z-upper        proton    r.err 
   9.8380E+01   9.8430E+01   7.2881E-03  0.0783
   9.8430E+01   9.8480E+01   8.1487E-03  0.0789
   9.8480E+01   9.8530E+01   7.5130E-03  0.0852
   9.8530E+01   9.8580E+01   7.3459E-03  0.0968

#   sum over    2.0000E-03   7.5739E-03  0.0735

'no. = 91,  ix =  3,  iy = 25'
msuc: {\huge Histograma}
msdr: {\it plotted by \ANGEL \version}
msdl: {\it calculated by \PHITS  3.35}
wt: s(0.7)
\vspace{-3}
  xmin  &=&  -6.0000E-01 [cm]
  xmax  &=&  -5.0000E-01 [cm]
  ymin  &=&   7.5000E-01 [cm]
  ymax  &=&   8.5000E-01 [cm]
e:

#------------------------------------------------------------------------------
 newpage:
#   no. = 92   ix  =  3   iy  = 26
#   x = (  -6.0000E-01  -  -5.0000E-01  )
#   y = (   8.5000E-01  -   9.5000E-01  )

x: z[cm]
y: Dose [Gy/source]      
p: xlin ylog afac(0.8) form(0.9)
h: n            x            y(proton  ),hh0l n 
#  z-lower      z-upper        proton    r.err 
   9.8380E+01   9.8430E+01   7.5903E-03  0.0766
   9.8430E+01   9.8480E+01   8.2123E-03  0.0789
   9.8480E+01   9.8530E+01   8.0688E-03  0.0837
   9.8530E+01   9.8580E+01   8.1704E-03  0.0915

#   sum over    2.0000E-03   8.0105E-03  0.0724

'no. = 92,  ix =  3,  iy = 26'
msuc: {\huge Histograma}
msdr: {\it plotted by \ANGEL \version}
msdl: {\it calculated by \PHITS  3.35}
wt: s(0.7)
\vspace{-3}
  xmin  &=&  -6.0000E-01 [cm]
  xmax  &=&  -5.0000E-01 [cm]
  ymin  &=&   8.5000E-01 [cm]
  ymax  &=&   9.5000E-01 [cm]
e:

#------------------------------------------------------------------------------
 newpage:
#   no. = 93   ix  =  3   iy  = 27
#   x = (  -6.0000E-01  -  -5.0000E-01  )
#   y = (   9.5000E-01  -   1.0500E+00  )

x: z[cm]
y: Dose [Gy/source]      
p: xlin ylog afac(0.8) form(0.9)
h: n            x            y(proton  ),hh0l n 
#  z-lower      z-upper        proton    r.err 
   9.8380E+01   9.8430E+01   8.1322E-03  0.0761
   9.8430E+01   9.8480E+01   8.5144E-03  0.0788
   9.8480E+01   9.8530E+01   7.3417E-03  0.0862
   9.8530E+01   9.8580E+01   7.8267E-03  0.0950

#   sum over    2.0000E-03   7.9537E-03  0.0716

'no. = 93,  ix =  3,  iy = 27'
msuc: {\huge Histograma}
msdr: {\it plotted by \ANGEL \version}
msdl: {\it calculated by \PHITS  3.35}
wt: s(0.7)
\vspace{-3}
  xmin  &=&  -6.0000E-01 [cm]
  xmax  &=&  -5.0000E-01 [cm]
  ymin  &=&   9.5000E-01 [cm]
  ymax  &=&   1.0500E+00 [cm]
e:

#------------------------------------------------------------------------------
 newpage:
#   no. = 94   ix  =  3   iy  = 28
#   x = (  -6.0000E-01  -  -5.0000E-01  )
#   y = (   1.0500E+00  -   1.1500E+00  )

x: z[cm]
y: Dose [Gy/source]      
p: xlin ylog afac(0.8) form(0.9)
h: n            x            y(proton  ),hh0l n 
#  z-lower      z-upper        proton    r.err 
   9.8380E+01   9.8430E+01   8.8590E-03  0.0708
   9.8430E+01   9.8480E+01   9.3441E-03  0.0729
   9.8480E+01   9.8530E+01   9.0199E-03  0.0788
   9.8530E+01   9.8580E+01   8.4730E-03  0.0887

#   sum over    2.0000E-03   8.9240E-03  0.0678

'no. = 94,  ix =  3,  iy = 28'
msuc: {\huge Histograma}
msdr: {\it plotted by \ANGEL \version}
msdl: {\it calculated by \PHITS  3.35}
wt: s(0.7)
\vspace{-3}
  xmin  &=&  -6.0000E-01 [cm]
  xmax  &=&  -5.0000E-01 [cm]
  ymin  &=&   1.0500E+00 [cm]
  ymax  &=&   1.1500E+00 [cm]
e:

#------------------------------------------------------------------------------
 newpage:
#   no. = 95   ix  =  3   iy  = 29
#   x = (  -6.0000E-01  -  -5.0000E-01  )
#   y = (   1.1500E+00  -   1.2500E+00  )

x: z[cm]
y: Dose [Gy/source]      
p: xlin ylog afac(0.8) form(0.9)
h: n            x            y(proton  ),hh0l n 
#  z-lower      z-upper        proton    r.err 
   9.8380E+01   9.8430E+01   8.6942E-03  0.0733
   9.8430E+01   9.8480E+01   9.5312E-03  0.0743
   9.8480E+01   9.8530E+01   8.7055E-03  0.0806
   9.8530E+01   9.8580E+01   7.9564E-03  0.0930

#   sum over    2.0000E-03   8.7218E-03  0.0688

'no. = 95,  ix =  3,  iy = 29'
msuc: {\huge Histograma}
msdr: {\it plotted by \ANGEL \version}
msdl: {\it calculated by \PHITS  3.35}
wt: s(0.7)
\vspace{-3}
  xmin  &=&  -6.0000E-01 [cm]
  xmax  &=&  -5.0000E-01 [cm]
  ymin  &=&   1.1500E+00 [cm]
  ymax  &=&   1.2500E+00 [cm]
e:

#------------------------------------------------------------------------------
 newpage:
#   no. = 96   ix  =  3   iy  = 30
#   x = (  -6.0000E-01  -  -5.0000E-01  )
#   y = (   1.2500E+00  -   1.3500E+00  )

x: z[cm]
y: Dose [Gy/source]      
p: xlin ylog afac(0.8) form(0.9)
h: n            x            y(proton  ),hh0l n 
#  z-lower      z-upper        proton    r.err 
   9.8380E+01   9.8430E+01   7.1042E-03  0.0767
   9.8430E+01   9.8480E+01   7.9606E-03  0.0783
   9.8480E+01   9.8530E+01   8.1017E-03  0.0821
   9.8530E+01   9.8580E+01   8.1208E-03  0.0918

#   sum over    2.0000E-03   7.8218E-03  0.0731

'no. = 96,  ix =  3,  iy = 30'
msuc: {\huge Histograma}
msdr: {\it plotted by \ANGEL \version}
msdl: {\it calculated by \PHITS  3.35}
wt: s(0.7)
\vspace{-3}
  xmin  &=&  -6.0000E-01 [cm]
  xmax  &=&  -5.0000E-01 [cm]
  ymin  &=&   1.2500E+00 [cm]
  ymax  &=&   1.3500E+00 [cm]
e:

#------------------------------------------------------------------------------
 newpage:
#   no. = 97   ix  =  3   iy  = 31
#   x = (  -6.0000E-01  -  -5.0000E-01  )
#   y = (   1.3500E+00  -   1.4500E+00  )

x: z[cm]
y: Dose [Gy/source]      
p: xlin ylog afac(0.8) form(0.9)
h: n            x            y(proton  ),hh0l n 
#  z-lower      z-upper        proton    r.err 
   9.8380E+01   9.8430E+01   7.9734E-03  0.0736
   9.8430E+01   9.8480E+01   8.6493E-03  0.0762
   9.8480E+01   9.8530E+01   8.2096E-03  0.0818
   9.8530E+01   9.8580E+01   8.2035E-03  0.0913

#   sum over    2.0000E-03   8.2590E-03  0.0710

'no. = 97,  ix =  3,  iy = 31'
msuc: {\huge Histograma}
msdr: {\it plotted by \ANGEL \version}
msdl: {\it calculated by \PHITS  3.35}
wt: s(0.7)
\vspace{-3}
  xmin  &=&  -6.0000E-01 [cm]
  xmax  &=&  -5.0000E-01 [cm]
  ymin  &=&   1.3500E+00 [cm]
  ymax  &=&   1.4500E+00 [cm]
e:

#------------------------------------------------------------------------------
 newpage:
#   no. = 98   ix  =  3   iy  = 32
#   x = (  -6.0000E-01  -  -5.0000E-01  )
#   y = (   1.4500E+00  -   1.5500E+00  )

x: z[cm]
y: Dose [Gy/source]      
p: xlin ylog afac(0.8) form(0.9)
h: n            x            y(proton  ),hh0l n 
#  z-lower      z-upper        proton    r.err 
   9.8380E+01   9.8430E+01   7.6099E-03  0.0738
   9.8430E+01   9.8480E+01   8.7296E-03  0.0751
   9.8480E+01   9.8530E+01   9.0088E-03  0.0783
   9.8530E+01   9.8580E+01   8.7928E-03  0.0896

#   sum over    2.0000E-03   8.5353E-03  0.0705

'no. = 98,  ix =  3,  iy = 32'
msuc: {\huge Histograma}
msdr: {\it plotted by \ANGEL \version}
msdl: {\it calculated by \PHITS  3.35}
wt: s(0.7)
\vspace{-3}
  xmin  &=&  -6.0000E-01 [cm]
  xmax  &=&  -5.0000E-01 [cm]
  ymin  &=&   1.4500E+00 [cm]
  ymax  &=&   1.5500E+00 [cm]
e:

#------------------------------------------------------------------------------
 newpage:
#   no. = 99   ix  =  3   iy  = 33
#   x = (  -6.0000E-01  -  -5.0000E-01  )
#   y = (   1.5500E+00  -   1.6500E+00  )

x: z[cm]
y: Dose [Gy/source]      
p: xlin ylog afac(0.8) form(0.9)
h: n            x            y(proton  ),hh0l n 
#  z-lower      z-upper        proton    r.err 
   9.8380E+01   9.8430E+01   7.5440E-03  0.0758
   9.8430E+01   9.8480E+01   8.5623E-03  0.0775
   9.8480E+01   9.8530E+01   8.6459E-03  0.0814
   9.8530E+01   9.8580E+01   7.4010E-03  0.0948

#   sum over    2.0000E-03   8.0383E-03  0.0712

'no. = 99,  ix =  3,  iy = 33'
msuc: {\huge Histograma}
msdr: {\it plotted by \ANGEL \version}
msdl: {\it calculated by \PHITS  3.35}
wt: s(0.7)
\vspace{-3}
  xmin  &=&  -6.0000E-01 [cm]
  xmax  &=&  -5.0000E-01 [cm]
  ymin  &=&   1.5500E+00 [cm]
  ymax  &=&   1.6500E+00 [cm]
e:

#------------------------------------------------------------------------------
 newpage:
#   no. =100   ix  =  4   iy  =  1
#   x = (  -5.0000E-01  -  -4.0000E-01  )
#   y = (  -1.6500E+00  -  -1.5500E+00  )

x: z[cm]
y: Dose [Gy/source]      
p: xlin ylog afac(0.8) form(0.9)
h: n            x            y(proton  ),hh0l n 
#  z-lower      z-upper        proton    r.err 
   9.8380E+01   9.8430E+01   0.0000E+00  0.0000
   9.8430E+01   9.8480E+01   0.0000E+00  0.0000
   9.8480E+01   9.8530E+01   0.0000E+00  0.0000
   9.8530E+01   9.8580E+01   0.0000E+00  0.0000

#   sum over    2.0000E-03   0.0000E+00  0.0000

'no. =100,  ix =  4,  iy =  1'
msuc: {\huge Histograma}
msdr: {\it plotted by \ANGEL \version}
msdl: {\it calculated by \PHITS  3.35}
wt: s(0.7)
\vspace{-3}
  xmin  &=&  -5.0000E-01 [cm]
  xmax  &=&  -4.0000E-01 [cm]
  ymin  &=&  -1.6500E+00 [cm]
  ymax  &=&  -1.5500E+00 [cm]
e:

#------------------------------------------------------------------------------
 newpage:
#   no. =101   ix  =  4   iy  =  2
#   x = (  -5.0000E-01  -  -4.0000E-01  )
#   y = (  -1.5500E+00  -  -1.4500E+00  )

x: z[cm]
y: Dose [Gy/source]      
p: xlin ylog afac(0.8) form(0.9)
h: n            x            y(proton  ),hh0l n 
#  z-lower      z-upper        proton    r.err 
   9.8380E+01   9.8430E+01   0.0000E+00  0.0000
   9.8430E+01   9.8480E+01   0.0000E+00  0.0000
   9.8480E+01   9.8530E+01   0.0000E+00  0.0000
   9.8530E+01   9.8580E+01   0.0000E+00  0.0000

#   sum over    2.0000E-03   0.0000E+00  0.0000

'no. =101,  ix =  4,  iy =  2'
msuc: {\huge Histograma}
msdr: {\it plotted by \ANGEL \version}
msdl: {\it calculated by \PHITS  3.35}
wt: s(0.7)
\vspace{-3}
  xmin  &=&  -5.0000E-01 [cm]
  xmax  &=&  -4.0000E-01 [cm]
  ymin  &=&  -1.5500E+00 [cm]
  ymax  &=&  -1.4500E+00 [cm]
e:

#------------------------------------------------------------------------------
 newpage:
#   no. =102   ix  =  4   iy  =  3
#   x = (  -5.0000E-01  -  -4.0000E-01  )
#   y = (  -1.4500E+00  -  -1.3500E+00  )

x: z[cm]
y: Dose [Gy/source]      
p: xlin ylog afac(0.8) form(0.9)
h: n            x            y(proton  ),hh0l n 
#  z-lower      z-upper        proton    r.err 
   9.8380E+01   9.8430E+01   0.0000E+00  0.0000
   9.8430E+01   9.8480E+01   0.0000E+00  0.0000
   9.8480E+01   9.8530E+01   0.0000E+00  0.0000
   9.8530E+01   9.8580E+01   0.0000E+00  0.0000

#   sum over    2.0000E-03   0.0000E+00  0.0000

'no. =102,  ix =  4,  iy =  3'
msuc: {\huge Histograma}
msdr: {\it plotted by \ANGEL \version}
msdl: {\it calculated by \PHITS  3.35}
wt: s(0.7)
\vspace{-3}
  xmin  &=&  -5.0000E-01 [cm]
  xmax  &=&  -4.0000E-01 [cm]
  ymin  &=&  -1.4500E+00 [cm]
  ymax  &=&  -1.3500E+00 [cm]
e:

#------------------------------------------------------------------------------
 newpage:
#   no. =103   ix  =  4   iy  =  4
#   x = (  -5.0000E-01  -  -4.0000E-01  )
#   y = (  -1.3500E+00  -  -1.2500E+00  )

x: z[cm]
y: Dose [Gy/source]      
p: xlin ylog afac(0.8) form(0.9)
h: n            x            y(proton  ),hh0l n 
#  z-lower      z-upper        proton    r.err 
   9.8380E+01   9.8430E+01   5.3056E-03  0.0941
   9.8430E+01   9.8480E+01   5.1727E-03  0.0972
   9.8480E+01   9.8530E+01   5.2938E-03  0.1039
   9.8530E+01   9.8580E+01   4.8716E-03  0.1152

#   sum over    2.0000E-03   5.1609E-03  0.0885

'no. =103,  ix =  4,  iy =  4'
msuc: {\huge Histograma}
msdr: {\it plotted by \ANGEL \version}
msdl: {\it calculated by \PHITS  3.35}
wt: s(0.7)
\vspace{-3}
  xmin  &=&  -5.0000E-01 [cm]
  xmax  &=&  -4.0000E-01 [cm]
  ymin  &=&  -1.3500E+00 [cm]
  ymax  &=&  -1.2500E+00 [cm]
e:

#------------------------------------------------------------------------------
 newpage:
#   no. =104   ix  =  4   iy  =  5
#   x = (  -5.0000E-01  -  -4.0000E-01  )
#   y = (  -1.2500E+00  -  -1.1500E+00  )

x: z[cm]
y: Dose [Gy/source]      
p: xlin ylog afac(0.8) form(0.9)
h: n            x            y(proton  ),hh0l n 
#  z-lower      z-upper        proton    r.err 
   9.8380E+01   9.8430E+01   7.4194E-03  0.0786
   9.8430E+01   9.8480E+01   7.4595E-03  0.0805
   9.8480E+01   9.8530E+01   8.0307E-03  0.0844
   9.8530E+01   9.8580E+01   7.5146E-03  0.0945

#   sum over    2.0000E-03   7.6060E-03  0.0735

'no. =104,  ix =  4,  iy =  5'
msuc: {\huge Histograma}
msdr: {\it plotted by \ANGEL \version}
msdl: {\it calculated by \PHITS  3.35}
wt: s(0.7)
\vspace{-3}
  xmin  &=&  -5.0000E-01 [cm]
  xmax  &=&  -4.0000E-01 [cm]
  ymin  &=&  -1.2500E+00 [cm]
  ymax  &=&  -1.1500E+00 [cm]
e:

#------------------------------------------------------------------------------
 newpage:
#   no. =105   ix  =  4   iy  =  6
#   x = (  -5.0000E-01  -  -4.0000E-01  )
#   y = (  -1.1500E+00  -  -1.0500E+00  )

x: z[cm]
y: Dose [Gy/source]      
p: xlin ylog afac(0.8) form(0.9)
h: n            x            y(proton  ),hh0l n 
#  z-lower      z-upper        proton    r.err 
   9.8380E+01   9.8430E+01   7.1325E-03  0.0792
   9.8430E+01   9.8480E+01   7.4631E-03  0.0809
   9.8480E+01   9.8530E+01   7.3005E-03  0.0873
   9.8530E+01   9.8580E+01   7.2502E-03  0.0984

#   sum over    2.0000E-03   7.2866E-03  0.0753

'no. =105,  ix =  4,  iy =  6'
msuc: {\huge Histograma}
msdr: {\it plotted by \ANGEL \version}
msdl: {\it calculated by \PHITS  3.35}
wt: s(0.7)
\vspace{-3}
  xmin  &=&  -5.0000E-01 [cm]
  xmax  &=&  -4.0000E-01 [cm]
  ymin  &=&  -1.1500E+00 [cm]
  ymax  &=&  -1.0500E+00 [cm]
e:

#------------------------------------------------------------------------------
 newpage:
#   no. =106   ix  =  4   iy  =  7
#   x = (  -5.0000E-01  -  -4.0000E-01  )
#   y = (  -1.0500E+00  -  -9.5000E-01  )

x: z[cm]
y: Dose [Gy/source]      
p: xlin ylog afac(0.8) form(0.9)
h: n            x            y(proton  ),hh0l n 
#  z-lower      z-upper        proton    r.err 
   9.8380E+01   9.8430E+01   7.2581E-03  0.0789
   9.8430E+01   9.8480E+01   8.0207E-03  0.0802
   9.8480E+01   9.8530E+01   7.3461E-03  0.0867
   9.8530E+01   9.8580E+01   7.6482E-03  0.0956

#   sum over    2.0000E-03   7.5683E-03  0.0741

'no. =106,  ix =  4,  iy =  7'
msuc: {\huge Histograma}
msdr: {\it plotted by \ANGEL \version}
msdl: {\it calculated by \PHITS  3.35}
wt: s(0.7)
\vspace{-3}
  xmin  &=&  -5.0000E-01 [cm]
  xmax  &=&  -4.0000E-01 [cm]
  ymin  &=&  -1.0500E+00 [cm]
  ymax  &=&  -9.5000E-01 [cm]
e:

#------------------------------------------------------------------------------
 newpage:
#   no. =107   ix  =  4   iy  =  8
#   x = (  -5.0000E-01  -  -4.0000E-01  )
#   y = (  -9.5000E-01  -  -8.5000E-01  )

x: z[cm]
y: Dose [Gy/source]      
p: xlin ylog afac(0.8) form(0.9)
h: n            x            y(proton  ),hh0l n 
#  z-lower      z-upper        proton    r.err 
   9.8380E+01   9.8430E+01   7.5756E-03  0.0766
   9.8430E+01   9.8480E+01   7.9505E-03  0.0787
   9.8480E+01   9.8530E+01   7.9332E-03  0.0852
   9.8530E+01   9.8580E+01   7.3481E-03  0.0968

#   sum over    2.0000E-03   7.7019E-03  0.0734

'no. =107,  ix =  4,  iy =  8'
msuc: {\huge Histograma}
msdr: {\it plotted by \ANGEL \version}
msdl: {\it calculated by \PHITS  3.35}
wt: s(0.7)
\vspace{-3}
  xmin  &=&  -5.0000E-01 [cm]
  xmax  &=&  -4.0000E-01 [cm]
  ymin  &=&  -9.5000E-01 [cm]
  ymax  &=&  -8.5000E-01 [cm]
e:

#------------------------------------------------------------------------------
 newpage:
#   no. =108   ix  =  4   iy  =  9
#   x = (  -5.0000E-01  -  -4.0000E-01  )
#   y = (  -8.5000E-01  -  -7.5000E-01  )

x: z[cm]
y: Dose [Gy/source]      
p: xlin ylog afac(0.8) form(0.9)
h: n            x            y(proton  ),hh0l n 
#  z-lower      z-upper        proton    r.err 
   9.8380E+01   9.8430E+01   6.5283E-03  0.0812
   9.8430E+01   9.8480E+01   7.0187E-03  0.0835
   9.8480E+01   9.8530E+01   7.2002E-03  0.0886
   9.8530E+01   9.8580E+01   6.6509E-03  0.1002

#   sum over    2.0000E-03   6.8495E-03  0.0772

'no. =108,  ix =  4,  iy =  9'
msuc: {\huge Histograma}
msdr: {\it plotted by \ANGEL \version}
msdl: {\it calculated by \PHITS  3.35}
wt: s(0.7)
\vspace{-3}
  xmin  &=&  -5.0000E-01 [cm]
  xmax  &=&  -4.0000E-01 [cm]
  ymin  &=&  -8.5000E-01 [cm]
  ymax  &=&  -7.5000E-01 [cm]
e:

#------------------------------------------------------------------------------
 newpage:
#   no. =109   ix  =  4   iy  = 10
#   x = (  -5.0000E-01  -  -4.0000E-01  )
#   y = (  -7.5000E-01  -  -6.5000E-01  )

x: z[cm]
y: Dose [Gy/source]      
p: xlin ylog afac(0.8) form(0.9)
h: n            x            y(proton  ),hh0l n 
#  z-lower      z-upper        proton    r.err 
   9.8380E+01   9.8430E+01   8.6715E-03  0.0718
   9.8430E+01   9.8480E+01   8.9468E-03  0.0743
   9.8480E+01   9.8530E+01   8.4654E-03  0.0822
   9.8530E+01   9.8580E+01   8.0800E-03  0.0937

#   sum over    2.0000E-03   8.5409E-03  0.0694

'no. =109,  ix =  4,  iy = 10'
msuc: {\huge Histograma}
msdr: {\it plotted by \ANGEL \version}
msdl: {\it calculated by \PHITS  3.35}
wt: s(0.7)
\vspace{-3}
  xmin  &=&  -5.0000E-01 [cm]
  xmax  &=&  -4.0000E-01 [cm]
  ymin  &=&  -7.5000E-01 [cm]
  ymax  &=&  -6.5000E-01 [cm]
e:

#------------------------------------------------------------------------------
 newpage:
#   no. =110   ix  =  4   iy  = 11
#   x = (  -5.0000E-01  -  -4.0000E-01  )
#   y = (  -6.5000E-01  -  -5.5000E-01  )

x: z[cm]
y: Dose [Gy/source]      
p: xlin ylog afac(0.8) form(0.9)
h: n            x            y(proton  ),hh0l n 
#  z-lower      z-upper        proton    r.err 
   9.8380E+01   9.8430E+01   7.9348E-03  0.0727
   9.8430E+01   9.8480E+01   9.0092E-03  0.0739
   9.8480E+01   9.8530E+01   8.9869E-03  0.0795
   9.8530E+01   9.8580E+01   8.4566E-03  0.0919

#   sum over    2.0000E-03   8.5969E-03  0.0700

'no. =110,  ix =  4,  iy = 11'
msuc: {\huge Histograma}
msdr: {\it plotted by \ANGEL \version}
msdl: {\it calculated by \PHITS  3.35}
wt: s(0.7)
\vspace{-3}
  xmin  &=&  -5.0000E-01 [cm]
  xmax  &=&  -4.0000E-01 [cm]
  ymin  &=&  -6.5000E-01 [cm]
  ymax  &=&  -5.5000E-01 [cm]
e:

#------------------------------------------------------------------------------
 newpage:
#   no. =111   ix  =  4   iy  = 12
#   x = (  -5.0000E-01  -  -4.0000E-01  )
#   y = (  -5.5000E-01  -  -4.5000E-01  )

x: z[cm]
y: Dose [Gy/source]      
p: xlin ylog afac(0.8) form(0.9)
h: n            x            y(proton  ),hh0l n 
#  z-lower      z-upper        proton    r.err 
   9.8380E+01   9.8430E+01   8.1650E-03  0.0740
   9.8430E+01   9.8480E+01   9.1979E-03  0.0756
   9.8480E+01   9.8530E+01   8.1045E-03  0.0829
   9.8530E+01   9.8580E+01   7.0019E-03  0.0984

#   sum over    2.0000E-03   8.1173E-03  0.0708

'no. =111,  ix =  4,  iy = 12'
msuc: {\huge Histograma}
msdr: {\it plotted by \ANGEL \version}
msdl: {\it calculated by \PHITS  3.35}
wt: s(0.7)
\vspace{-3}
  xmin  &=&  -5.0000E-01 [cm]
  xmax  &=&  -4.0000E-01 [cm]
  ymin  &=&  -5.5000E-01 [cm]
  ymax  &=&  -4.5000E-01 [cm]
e:

#------------------------------------------------------------------------------
 newpage:
#   no. =112   ix  =  4   iy  = 13
#   x = (  -5.0000E-01  -  -4.0000E-01  )
#   y = (  -4.5000E-01  -  -3.5000E-01  )

x: z[cm]
y: Dose [Gy/source]      
p: xlin ylog afac(0.8) form(0.9)
h: n            x            y(proton  ),hh0l n 
#  z-lower      z-upper        proton    r.err 
   9.8380E+01   9.8430E+01   7.2653E-03  0.0771
   9.8430E+01   9.8480E+01   8.1379E-03  0.0776
   9.8480E+01   9.8530E+01   9.1089E-03  0.0798
   9.8530E+01   9.8580E+01   7.8602E-03  0.0915

#   sum over    2.0000E-03   8.0931E-03  0.0713

'no. =112,  ix =  4,  iy = 13'
msuc: {\huge Histograma}
msdr: {\it plotted by \ANGEL \version}
msdl: {\it calculated by \PHITS  3.35}
wt: s(0.7)
\vspace{-3}
  xmin  &=&  -5.0000E-01 [cm]
  xmax  &=&  -4.0000E-01 [cm]
  ymin  &=&  -4.5000E-01 [cm]
  ymax  &=&  -3.5000E-01 [cm]
e:

#------------------------------------------------------------------------------
 newpage:
#   no. =113   ix  =  4   iy  = 14
#   x = (  -5.0000E-01  -  -4.0000E-01  )
#   y = (  -3.5000E-01  -  -2.5000E-01  )

x: z[cm]
y: Dose [Gy/source]      
p: xlin ylog afac(0.8) form(0.9)
h: n            x            y(proton  ),hh0l n 
#  z-lower      z-upper        proton    r.err 
   9.8380E+01   9.8430E+01   8.0480E-03  0.0747
   9.8430E+01   9.8480E+01   8.3187E-03  0.0764
   9.8480E+01   9.8530E+01   8.0680E-03  0.0821
   9.8530E+01   9.8580E+01   8.4851E-03  0.0887

#   sum over    2.0000E-03   8.2299E-03  0.0709

'no. =113,  ix =  4,  iy = 14'
msuc: {\huge Histograma}
msdr: {\it plotted by \ANGEL \version}
msdl: {\it calculated by \PHITS  3.35}
wt: s(0.7)
\vspace{-3}
  xmin  &=&  -5.0000E-01 [cm]
  xmax  &=&  -4.0000E-01 [cm]
  ymin  &=&  -3.5000E-01 [cm]
  ymax  &=&  -2.5000E-01 [cm]
e:

#------------------------------------------------------------------------------
 newpage:
#   no. =114   ix  =  4   iy  = 15
#   x = (  -5.0000E-01  -  -4.0000E-01  )
#   y = (  -2.5000E-01  -  -1.5000E-01  )

x: z[cm]
y: Dose [Gy/source]      
p: xlin ylog afac(0.8) form(0.9)
h: n            x            y(proton  ),hh0l n 
#  z-lower      z-upper        proton    r.err 
   9.8380E+01   9.8430E+01   7.8634E-03  0.0760
   9.8430E+01   9.8480E+01   7.9294E-03  0.0783
   9.8480E+01   9.8530E+01   8.2227E-03  0.0825
   9.8530E+01   9.8580E+01   8.6363E-03  0.0907

#   sum over    2.0000E-03   8.1629E-03  0.0720

'no. =114,  ix =  4,  iy = 15'
msuc: {\huge Histograma}
msdr: {\it plotted by \ANGEL \version}
msdl: {\it calculated by \PHITS  3.35}
wt: s(0.7)
\vspace{-3}
  xmin  &=&  -5.0000E-01 [cm]
  xmax  &=&  -4.0000E-01 [cm]
  ymin  &=&  -2.5000E-01 [cm]
  ymax  &=&  -1.5000E-01 [cm]
e:

#------------------------------------------------------------------------------
 newpage:
#   no. =115   ix  =  4   iy  = 16
#   x = (  -5.0000E-01  -  -4.0000E-01  )
#   y = (  -1.5000E-01  -  -5.0000E-02  )

x: z[cm]
y: Dose [Gy/source]      
p: xlin ylog afac(0.8) form(0.9)
h: n            x            y(proton  ),hh0l n 
#  z-lower      z-upper        proton    r.err 
   9.8380E+01   9.8430E+01   7.3091E-03  0.0812
   9.8430E+01   9.8480E+01   7.1748E-03  0.0827
   9.8480E+01   9.8530E+01   7.2025E-03  0.0871
   9.8530E+01   9.8580E+01   7.0243E-03  0.1006

#   sum over    2.0000E-03   7.1777E-03  0.0760

'no. =115,  ix =  4,  iy = 16'
msuc: {\huge Histograma}
msdr: {\it plotted by \ANGEL \version}
msdl: {\it calculated by \PHITS  3.35}
wt: s(0.7)
\vspace{-3}
  xmin  &=&  -5.0000E-01 [cm]
  xmax  &=&  -4.0000E-01 [cm]
  ymin  &=&  -1.5000E-01 [cm]
  ymax  &=&  -5.0000E-02 [cm]
e:

#------------------------------------------------------------------------------
 newpage:
#   no. =116   ix  =  4   iy  = 17
#   x = (  -5.0000E-01  -  -4.0000E-01  )
#   y = (  -5.0000E-02  -   5.0000E-02  )

x: z[cm]
y: Dose [Gy/source]      
p: xlin ylog afac(0.8) form(0.9)
h: n            x            y(proton  ),hh0l n 
#  z-lower      z-upper        proton    r.err 
   9.8380E+01   9.8430E+01   7.4271E-03  0.0779
   9.8430E+01   9.8480E+01   7.3987E-03  0.0808
   9.8480E+01   9.8530E+01   7.6232E-03  0.0856
   9.8530E+01   9.8580E+01   7.7789E-03  0.0943

#   sum over    2.0000E-03   7.5570E-03  0.0738

'no. =116,  ix =  4,  iy = 17'
msuc: {\huge Histograma}
msdr: {\it plotted by \ANGEL \version}
msdl: {\it calculated by \PHITS  3.35}
wt: s(0.7)
\vspace{-3}
  xmin  &=&  -5.0000E-01 [cm]
  xmax  &=&  -4.0000E-01 [cm]
  ymin  &=&  -5.0000E-02 [cm]
  ymax  &=&   5.0000E-02 [cm]
e:

#------------------------------------------------------------------------------
 newpage:
#   no. =117   ix  =  4   iy  = 18
#   x = (  -5.0000E-01  -  -4.0000E-01  )
#   y = (   5.0000E-02  -   1.5000E-01  )

x: z[cm]
y: Dose [Gy/source]      
p: xlin ylog afac(0.8) form(0.9)
h: n            x            y(proton  ),hh0l n 
#  z-lower      z-upper        proton    r.err 
   9.8380E+01   9.8430E+01   7.4103E-03  0.0756
   9.8430E+01   9.8480E+01   8.2869E-03  0.0778
   9.8480E+01   9.8530E+01   8.2506E-03  0.0816
   9.8530E+01   9.8580E+01   8.4382E-03  0.0918

#   sum over    2.0000E-03   8.0965E-03  0.0726

'no. =117,  ix =  4,  iy = 18'
msuc: {\huge Histograma}
msdr: {\it plotted by \ANGEL \version}
msdl: {\it calculated by \PHITS  3.35}
wt: s(0.7)
\vspace{-3}
  xmin  &=&  -5.0000E-01 [cm]
  xmax  &=&  -4.0000E-01 [cm]
  ymin  &=&   5.0000E-02 [cm]
  ymax  &=&   1.5000E-01 [cm]
e:

#------------------------------------------------------------------------------
 newpage:
#   no. =118   ix  =  4   iy  = 19
#   x = (  -5.0000E-01  -  -4.0000E-01  )
#   y = (   1.5000E-01  -   2.5000E-01  )

x: z[cm]
y: Dose [Gy/source]      
p: xlin ylog afac(0.8) form(0.9)
h: n            x            y(proton  ),hh0l n 
#  z-lower      z-upper        proton    r.err 
   9.8380E+01   9.8430E+01   7.9810E-03  0.0736
   9.8430E+01   9.8480E+01   9.0259E-03  0.0749
   9.8480E+01   9.8530E+01   8.3593E-03  0.0797
   9.8530E+01   9.8580E+01   8.8676E-03  0.0870

#   sum over    2.0000E-03   8.5584E-03  0.0696

'no. =118,  ix =  4,  iy = 19'
msuc: {\huge Histograma}
msdr: {\it plotted by \ANGEL \version}
msdl: {\it calculated by \PHITS  3.35}
wt: s(0.7)
\vspace{-3}
  xmin  &=&  -5.0000E-01 [cm]
  xmax  &=&  -4.0000E-01 [cm]
  ymin  &=&   1.5000E-01 [cm]
  ymax  &=&   2.5000E-01 [cm]
e:

#------------------------------------------------------------------------------
 newpage:
#   no. =119   ix  =  4   iy  = 20
#   x = (  -5.0000E-01  -  -4.0000E-01  )
#   y = (   2.5000E-01  -   3.5000E-01  )

x: z[cm]
y: Dose [Gy/source]      
p: xlin ylog afac(0.8) form(0.9)
h: n            x            y(proton  ),hh0l n 
#  z-lower      z-upper        proton    r.err 
   9.8380E+01   9.8430E+01   8.2069E-03  0.0737
   9.8430E+01   9.8480E+01   8.5920E-03  0.0749
   9.8480E+01   9.8530E+01   9.4228E-03  0.0780
   9.8530E+01   9.8580E+01   8.6712E-03  0.0882

#   sum over    2.0000E-03   8.7232E-03  0.0695

'no. =119,  ix =  4,  iy = 20'
msuc: {\huge Histograma}
msdr: {\it plotted by \ANGEL \version}
msdl: {\it calculated by \PHITS  3.35}
wt: s(0.7)
\vspace{-3}
  xmin  &=&  -5.0000E-01 [cm]
  xmax  &=&  -4.0000E-01 [cm]
  ymin  &=&   2.5000E-01 [cm]
  ymax  &=&   3.5000E-01 [cm]
e:

#------------------------------------------------------------------------------
 newpage:
#   no. =120   ix  =  4   iy  = 21
#   x = (  -5.0000E-01  -  -4.0000E-01  )
#   y = (   3.5000E-01  -   4.5000E-01  )

x: z[cm]
y: Dose [Gy/source]      
p: xlin ylog afac(0.8) form(0.9)
h: n            x            y(proton  ),hh0l n 
#  z-lower      z-upper        proton    r.err 
   9.8380E+01   9.8430E+01   7.6029E-03  0.0764
   9.8430E+01   9.8480E+01   7.8968E-03  0.0801
   9.8480E+01   9.8530E+01   7.2934E-03  0.0856
   9.8530E+01   9.8580E+01   7.4559E-03  0.0954

#   sum over    2.0000E-03   7.5623E-03  0.0738

'no. =120,  ix =  4,  iy = 21'
msuc: {\huge Histograma}
msdr: {\it plotted by \ANGEL \version}
msdl: {\it calculated by \PHITS  3.35}
wt: s(0.7)
\vspace{-3}
  xmin  &=&  -5.0000E-01 [cm]
  xmax  &=&  -4.0000E-01 [cm]
  ymin  &=&   3.5000E-01 [cm]
  ymax  &=&   4.5000E-01 [cm]
e:

#------------------------------------------------------------------------------
 newpage:
#   no. =121   ix  =  4   iy  = 22
#   x = (  -5.0000E-01  -  -4.0000E-01  )
#   y = (   4.5000E-01  -   5.5000E-01  )

x: z[cm]
y: Dose [Gy/source]      
p: xlin ylog afac(0.8) form(0.9)
h: n            x            y(proton  ),hh0l n 
#  z-lower      z-upper        proton    r.err 
   9.8380E+01   9.8430E+01   7.8397E-03  0.0735
   9.8430E+01   9.8480E+01   8.8593E-03  0.0757
   9.8480E+01   9.8530E+01   8.2308E-03  0.0811
   9.8530E+01   9.8580E+01   8.8927E-03  0.0878

#   sum over    2.0000E-03   8.4556E-03  0.0702

'no. =121,  ix =  4,  iy = 22'
msuc: {\huge Histograma}
msdr: {\it plotted by \ANGEL \version}
msdl: {\it calculated by \PHITS  3.35}
wt: s(0.7)
\vspace{-3}
  xmin  &=&  -5.0000E-01 [cm]
  xmax  &=&  -4.0000E-01 [cm]
  ymin  &=&   4.5000E-01 [cm]
  ymax  &=&   5.5000E-01 [cm]
e:

#------------------------------------------------------------------------------
 newpage:
#   no. =122   ix  =  4   iy  = 23
#   x = (  -5.0000E-01  -  -4.0000E-01  )
#   y = (   5.5000E-01  -   6.5000E-01  )

x: z[cm]
y: Dose [Gy/source]      
p: xlin ylog afac(0.8) form(0.9)
h: n            x            y(proton  ),hh0l n 
#  z-lower      z-upper        proton    r.err 
   9.8380E+01   9.8430E+01   8.1257E-03  0.0752
   9.8430E+01   9.8480E+01   8.5405E-03  0.0776
   9.8480E+01   9.8530E+01   7.7484E-03  0.0844
   9.8530E+01   9.8580E+01   7.2400E-03  0.0981

#   sum over    2.0000E-03   7.9136E-03  0.0719

'no. =122,  ix =  4,  iy = 23'
msuc: {\huge Histograma}
msdr: {\it plotted by \ANGEL \version}
msdl: {\it calculated by \PHITS  3.35}
wt: s(0.7)
\vspace{-3}
  xmin  &=&  -5.0000E-01 [cm]
  xmax  &=&  -4.0000E-01 [cm]
  ymin  &=&   5.5000E-01 [cm]
  ymax  &=&   6.5000E-01 [cm]
e:

#------------------------------------------------------------------------------
 newpage:
#   no. =123   ix  =  4   iy  = 24
#   x = (  -5.0000E-01  -  -4.0000E-01  )
#   y = (   6.5000E-01  -   7.5000E-01  )

x: z[cm]
y: Dose [Gy/source]      
p: xlin ylog afac(0.8) form(0.9)
h: n            x            y(proton  ),hh0l n 
#  z-lower      z-upper        proton    r.err 
   9.8380E+01   9.8430E+01   7.4782E-03  0.0791
   9.8430E+01   9.8480E+01   7.7724E-03  0.0785
   9.8480E+01   9.8530E+01   8.0762E-03  0.0822
   9.8530E+01   9.8580E+01   8.0857E-03  0.0914

#   sum over    2.0000E-03   7.8531E-03  0.0723

'no. =123,  ix =  4,  iy = 24'
msuc: {\huge Histograma}
msdr: {\it plotted by \ANGEL \version}
msdl: {\it calculated by \PHITS  3.35}
wt: s(0.7)
\vspace{-3}
  xmin  &=&  -5.0000E-01 [cm]
  xmax  &=&  -4.0000E-01 [cm]
  ymin  &=&   6.5000E-01 [cm]
  ymax  &=&   7.5000E-01 [cm]
e:

#------------------------------------------------------------------------------
 newpage:
#   no. =124   ix  =  4   iy  = 25
#   x = (  -5.0000E-01  -  -4.0000E-01  )
#   y = (   7.5000E-01  -   8.5000E-01  )

x: z[cm]
y: Dose [Gy/source]      
p: xlin ylog afac(0.8) form(0.9)
h: n            x            y(proton  ),hh0l n 
#  z-lower      z-upper        proton    r.err 
   9.8380E+01   9.8430E+01   8.8566E-03  0.0739
   9.8430E+01   9.8480E+01   8.4045E-03  0.0773
   9.8480E+01   9.8530E+01   7.6877E-03  0.0851
   9.8530E+01   9.8580E+01   7.6877E-03  0.0943

#   sum over    2.0000E-03   8.1591E-03  0.0707

'no. =124,  ix =  4,  iy = 25'
msuc: {\huge Histograma}
msdr: {\it plotted by \ANGEL \version}
msdl: {\it calculated by \PHITS  3.35}
wt: s(0.7)
\vspace{-3}
  xmin  &=&  -5.0000E-01 [cm]
  xmax  &=&  -4.0000E-01 [cm]
  ymin  &=&   7.5000E-01 [cm]
  ymax  &=&   8.5000E-01 [cm]
e:

#------------------------------------------------------------------------------
 newpage:
#   no. =125   ix  =  4   iy  = 26
#   x = (  -5.0000E-01  -  -4.0000E-01  )
#   y = (   8.5000E-01  -   9.5000E-01  )

x: z[cm]
y: Dose [Gy/source]      
p: xlin ylog afac(0.8) form(0.9)
h: n            x            y(proton  ),hh0l n 
#  z-lower      z-upper        proton    r.err 
   9.8380E+01   9.8430E+01   7.8940E-03  0.0754
   9.8430E+01   9.8480E+01   7.9705E-03  0.0774
   9.8480E+01   9.8530E+01   8.3964E-03  0.0818
   9.8530E+01   9.8580E+01   8.2217E-03  0.0909

#   sum over    2.0000E-03   8.1206E-03  0.0712

'no. =125,  ix =  4,  iy = 26'
msuc: {\huge Histograma}
msdr: {\it plotted by \ANGEL \version}
msdl: {\it calculated by \PHITS  3.35}
wt: s(0.7)
\vspace{-3}
  xmin  &=&  -5.0000E-01 [cm]
  xmax  &=&  -4.0000E-01 [cm]
  ymin  &=&   8.5000E-01 [cm]
  ymax  &=&   9.5000E-01 [cm]
e:

#------------------------------------------------------------------------------
 newpage:
#   no. =126   ix  =  4   iy  = 27
#   x = (  -5.0000E-01  -  -4.0000E-01  )
#   y = (   9.5000E-01  -   1.0500E+00  )

x: z[cm]
y: Dose [Gy/source]      
p: xlin ylog afac(0.8) form(0.9)
h: n            x            y(proton  ),hh0l n 
#  z-lower      z-upper        proton    r.err 
   9.8380E+01   9.8430E+01   7.4238E-03  0.0742
   9.8430E+01   9.8480E+01   8.5005E-03  0.0759
   9.8480E+01   9.8530E+01   8.4437E-03  0.0820
   9.8530E+01   9.8580E+01   8.3696E-03  0.0918

#   sum over    2.0000E-03   8.1844E-03  0.0722

'no. =126,  ix =  4,  iy = 27'
msuc: {\huge Histograma}
msdr: {\it plotted by \ANGEL \version}
msdl: {\it calculated by \PHITS  3.35}
wt: s(0.7)
\vspace{-3}
  xmin  &=&  -5.0000E-01 [cm]
  xmax  &=&  -4.0000E-01 [cm]
  ymin  &=&   9.5000E-01 [cm]
  ymax  &=&   1.0500E+00 [cm]
e:

#------------------------------------------------------------------------------
 newpage:
#   no. =127   ix  =  4   iy  = 28
#   x = (  -5.0000E-01  -  -4.0000E-01  )
#   y = (   1.0500E+00  -   1.1500E+00  )

x: z[cm]
y: Dose [Gy/source]      
p: xlin ylog afac(0.8) form(0.9)
h: n            x            y(proton  ),hh0l n 
#  z-lower      z-upper        proton    r.err 
   9.8380E+01   9.8430E+01   6.9208E-03  0.0826
   9.8430E+01   9.8480E+01   7.0133E-03  0.0862
   9.8480E+01   9.8530E+01   5.8292E-03  0.0938
   9.8530E+01   9.8580E+01   6.2018E-03  0.1040

#   sum over    2.0000E-03   6.4912E-03  0.0783

'no. =127,  ix =  4,  iy = 28'
msuc: {\huge Histograma}
msdr: {\it plotted by \ANGEL \version}
msdl: {\it calculated by \PHITS  3.35}
wt: s(0.7)
\vspace{-3}
  xmin  &=&  -5.0000E-01 [cm]
  xmax  &=&  -4.0000E-01 [cm]
  ymin  &=&   1.0500E+00 [cm]
  ymax  &=&   1.1500E+00 [cm]
e:

#------------------------------------------------------------------------------
 newpage:
#   no. =128   ix  =  4   iy  = 29
#   x = (  -5.0000E-01  -  -4.0000E-01  )
#   y = (   1.1500E+00  -   1.2500E+00  )

x: z[cm]
y: Dose [Gy/source]      
p: xlin ylog afac(0.8) form(0.9)
h: n            x            y(proton  ),hh0l n 
#  z-lower      z-upper        proton    r.err 
   9.8380E+01   9.8430E+01   7.7448E-03  0.0781
   9.8430E+01   9.8480E+01   8.0243E-03  0.0794
   9.8480E+01   9.8530E+01   6.9938E-03  0.0892
   9.8530E+01   9.8580E+01   7.2217E-03  0.0999

#   sum over    2.0000E-03   7.4961E-03  0.0738

'no. =128,  ix =  4,  iy = 29'
msuc: {\huge Histograma}
msdr: {\it plotted by \ANGEL \version}
msdl: {\it calculated by \PHITS  3.35}
wt: s(0.7)
\vspace{-3}
  xmin  &=&  -5.0000E-01 [cm]
  xmax  &=&  -4.0000E-01 [cm]
  ymin  &=&   1.1500E+00 [cm]
  ymax  &=&   1.2500E+00 [cm]
e:

#------------------------------------------------------------------------------
 newpage:
#   no. =129   ix  =  4   iy  = 30
#   x = (  -5.0000E-01  -  -4.0000E-01  )
#   y = (   1.2500E+00  -   1.3500E+00  )

x: z[cm]
y: Dose [Gy/source]      
p: xlin ylog afac(0.8) form(0.9)
h: n            x            y(proton  ),hh0l n 
#  z-lower      z-upper        proton    r.err 
   9.8380E+01   9.8430E+01   9.2103E-03  0.0709
   9.8430E+01   9.8480E+01   9.7808E-03  0.0716
   9.8480E+01   9.8530E+01   9.4842E-03  0.0777
   9.8530E+01   9.8580E+01   8.5031E-03  0.0894

#   sum over    2.0000E-03   9.2446E-03  0.0670

'no. =129,  ix =  4,  iy = 30'
msuc: {\huge Histograma}
msdr: {\it plotted by \ANGEL \version}
msdl: {\it calculated by \PHITS  3.35}
wt: s(0.7)
\vspace{-3}
  xmin  &=&  -5.0000E-01 [cm]
  xmax  &=&  -4.0000E-01 [cm]
  ymin  &=&   1.2500E+00 [cm]
  ymax  &=&   1.3500E+00 [cm]
e:

#------------------------------------------------------------------------------
 newpage:
#   no. =130   ix  =  4   iy  = 31
#   x = (  -5.0000E-01  -  -4.0000E-01  )
#   y = (   1.3500E+00  -   1.4500E+00  )

x: z[cm]
y: Dose [Gy/source]      
p: xlin ylog afac(0.8) form(0.9)
h: n            x            y(proton  ),hh0l n 
#  z-lower      z-upper        proton    r.err 
   9.8380E+01   9.8430E+01   8.0037E-03  0.0749
   9.8430E+01   9.8480E+01   8.5223E-03  0.0777
   9.8480E+01   9.8530E+01   7.9307E-03  0.0833
   9.8530E+01   9.8580E+01   8.2714E-03  0.0918

#   sum over    2.0000E-03   8.1820E-03  0.0711

'no. =130,  ix =  4,  iy = 31'
msuc: {\huge Histograma}
msdr: {\it plotted by \ANGEL \version}
msdl: {\it calculated by \PHITS  3.35}
wt: s(0.7)
\vspace{-3}
  xmin  &=&  -5.0000E-01 [cm]
  xmax  &=&  -4.0000E-01 [cm]
  ymin  &=&   1.3500E+00 [cm]
  ymax  &=&   1.4500E+00 [cm]
e:

#------------------------------------------------------------------------------
 newpage:
#   no. =131   ix  =  4   iy  = 32
#   x = (  -5.0000E-01  -  -4.0000E-01  )
#   y = (   1.4500E+00  -   1.5500E+00  )

x: z[cm]
y: Dose [Gy/source]      
p: xlin ylog afac(0.8) form(0.9)
h: n            x            y(proton  ),hh0l n 
#  z-lower      z-upper        proton    r.err 
   9.8380E+01   9.8430E+01   7.8734E-03  0.0747
   9.8430E+01   9.8480E+01   8.2214E-03  0.0777
   9.8480E+01   9.8530E+01   7.9598E-03  0.0838
   9.8530E+01   9.8580E+01   7.9868E-03  0.0926

#   sum over    2.0000E-03   8.0104E-03  0.0716

'no. =131,  ix =  4,  iy = 32'
msuc: {\huge Histograma}
msdr: {\it plotted by \ANGEL \version}
msdl: {\it calculated by \PHITS  3.35}
wt: s(0.7)
\vspace{-3}
  xmin  &=&  -5.0000E-01 [cm]
  xmax  &=&  -4.0000E-01 [cm]
  ymin  &=&   1.4500E+00 [cm]
  ymax  &=&   1.5500E+00 [cm]
e:

#------------------------------------------------------------------------------
 newpage:
#   no. =132   ix  =  4   iy  = 33
#   x = (  -5.0000E-01  -  -4.0000E-01  )
#   y = (   1.5500E+00  -   1.6500E+00  )

x: z[cm]
y: Dose [Gy/source]      
p: xlin ylog afac(0.8) form(0.9)
h: n            x            y(proton  ),hh0l n 
#  z-lower      z-upper        proton    r.err 
   9.8380E+01   9.8430E+01   8.1358E-03  0.0757
   9.8430E+01   9.8480E+01   7.9055E-03  0.0781
   9.8480E+01   9.8530E+01   7.6823E-03  0.0821
   9.8530E+01   9.8580E+01   8.6638E-03  0.0900

#   sum over    2.0000E-03   8.0968E-03  0.0713

'no. =132,  ix =  4,  iy = 33'
msuc: {\huge Histograma}
msdr: {\it plotted by \ANGEL \version}
msdl: {\it calculated by \PHITS  3.35}
wt: s(0.7)
\vspace{-3}
  xmin  &=&  -5.0000E-01 [cm]
  xmax  &=&  -4.0000E-01 [cm]
  ymin  &=&   1.5500E+00 [cm]
  ymax  &=&   1.6500E+00 [cm]
e:

#------------------------------------------------------------------------------
 newpage:
#   no. =133   ix  =  5   iy  =  1
#   x = (  -4.0000E-01  -  -3.0000E-01  )
#   y = (  -1.6500E+00  -  -1.5500E+00  )

x: z[cm]
y: Dose [Gy/source]      
p: xlin ylog afac(0.8) form(0.9)
h: n            x            y(proton  ),hh0l n 
#  z-lower      z-upper        proton    r.err 
   9.8380E+01   9.8430E+01   0.0000E+00  0.0000
   9.8430E+01   9.8480E+01   0.0000E+00  0.0000
   9.8480E+01   9.8530E+01   0.0000E+00  0.0000
   9.8530E+01   9.8580E+01   0.0000E+00  0.0000

#   sum over    2.0000E-03   0.0000E+00  0.0000

'no. =133,  ix =  5,  iy =  1'
msuc: {\huge Histograma}
msdr: {\it plotted by \ANGEL \version}
msdl: {\it calculated by \PHITS  3.35}
wt: s(0.7)
\vspace{-3}
  xmin  &=&  -4.0000E-01 [cm]
  xmax  &=&  -3.0000E-01 [cm]
  ymin  &=&  -1.6500E+00 [cm]
  ymax  &=&  -1.5500E+00 [cm]
e:

#------------------------------------------------------------------------------
 newpage:
#   no. =134   ix  =  5   iy  =  2
#   x = (  -4.0000E-01  -  -3.0000E-01  )
#   y = (  -1.5500E+00  -  -1.4500E+00  )

x: z[cm]
y: Dose [Gy/source]      
p: xlin ylog afac(0.8) form(0.9)
h: n            x            y(proton  ),hh0l n 
#  z-lower      z-upper        proton    r.err 
   9.8380E+01   9.8430E+01   0.0000E+00  0.0000
   9.8430E+01   9.8480E+01   0.0000E+00  0.0000
   9.8480E+01   9.8530E+01   0.0000E+00  0.0000
   9.8530E+01   9.8580E+01   0.0000E+00  0.0000

#   sum over    2.0000E-03   0.0000E+00  0.0000

'no. =134,  ix =  5,  iy =  2'
msuc: {\huge Histograma}
msdr: {\it plotted by \ANGEL \version}
msdl: {\it calculated by \PHITS  3.35}
wt: s(0.7)
\vspace{-3}
  xmin  &=&  -4.0000E-01 [cm]
  xmax  &=&  -3.0000E-01 [cm]
  ymin  &=&  -1.5500E+00 [cm]
  ymax  &=&  -1.4500E+00 [cm]
e:

#------------------------------------------------------------------------------
 newpage:
#   no. =135   ix  =  5   iy  =  3
#   x = (  -4.0000E-01  -  -3.0000E-01  )
#   y = (  -1.4500E+00  -  -1.3500E+00  )

x: z[cm]
y: Dose [Gy/source]      
p: xlin ylog afac(0.8) form(0.9)
h: n            x            y(proton  ),hh0l n 
#  z-lower      z-upper        proton    r.err 
   9.8380E+01   9.8430E+01   0.0000E+00  0.0000
   9.8430E+01   9.8480E+01   6.9963E-07  1.0000
   9.8480E+01   9.8530E+01   7.9918E-05  1.0000
   9.8530E+01   9.8580E+01   2.6575E-05  1.0000

#   sum over    2.0000E-03   2.6798E-05  1.0000

'no. =135,  ix =  5,  iy =  3'
msuc: {\huge Histograma}
msdr: {\it plotted by \ANGEL \version}
msdl: {\it calculated by \PHITS  3.35}
wt: s(0.7)
\vspace{-3}
  xmin  &=&  -4.0000E-01 [cm]
  xmax  &=&  -3.0000E-01 [cm]
  ymin  &=&  -1.4500E+00 [cm]
  ymax  &=&  -1.3500E+00 [cm]
e:

#------------------------------------------------------------------------------
 newpage:
#   no. =136   ix  =  5   iy  =  4
#   x = (  -4.0000E-01  -  -3.0000E-01  )
#   y = (  -1.3500E+00  -  -1.2500E+00  )

x: z[cm]
y: Dose [Gy/source]      
p: xlin ylog afac(0.8) form(0.9)
h: n            x            y(proton  ),hh0l n 
#  z-lower      z-upper        proton    r.err 
   9.8380E+01   9.8430E+01   6.0849E-03  0.0862
   9.8430E+01   9.8480E+01   6.5754E-03  0.0861
   9.8480E+01   9.8530E+01   6.8455E-03  0.0925
   9.8530E+01   9.8580E+01   6.2864E-03  0.1046

#   sum over    2.0000E-03   6.4480E-03  0.0803

'no. =136,  ix =  5,  iy =  4'
msuc: {\huge Histograma}
msdr: {\it plotted by \ANGEL \version}
msdl: {\it calculated by \PHITS  3.35}
wt: s(0.7)
\vspace{-3}
  xmin  &=&  -4.0000E-01 [cm]
  xmax  &=&  -3.0000E-01 [cm]
  ymin  &=&  -1.3500E+00 [cm]
  ymax  &=&  -1.2500E+00 [cm]
e:

#------------------------------------------------------------------------------
 newpage:
#   no. =137   ix  =  5   iy  =  5
#   x = (  -4.0000E-01  -  -3.0000E-01  )
#   y = (  -1.2500E+00  -  -1.1500E+00  )

x: z[cm]
y: Dose [Gy/source]      
p: xlin ylog afac(0.8) form(0.9)
h: n            x            y(proton  ),hh0l n 
#  z-lower      z-upper        proton    r.err 
   9.8380E+01   9.8430E+01   8.2809E-03  0.0751
   9.8430E+01   9.8480E+01   8.9587E-03  0.0765
   9.8480E+01   9.8530E+01   7.9995E-03  0.0834
   9.8530E+01   9.8580E+01   8.0923E-03  0.0927

#   sum over    2.0000E-03   8.3329E-03  0.0706

'no. =137,  ix =  5,  iy =  5'
msuc: {\huge Histograma}
msdr: {\it plotted by \ANGEL \version}
msdl: {\it calculated by \PHITS  3.35}
wt: s(0.7)
\vspace{-3}
  xmin  &=&  -4.0000E-01 [cm]
  xmax  &=&  -3.0000E-01 [cm]
  ymin  &=&  -1.2500E+00 [cm]
  ymax  &=&  -1.1500E+00 [cm]
e:

#------------------------------------------------------------------------------
 newpage:
#   no. =138   ix  =  5   iy  =  6
#   x = (  -4.0000E-01  -  -3.0000E-01  )
#   y = (  -1.1500E+00  -  -1.0500E+00  )

x: z[cm]
y: Dose [Gy/source]      
p: xlin ylog afac(0.8) form(0.9)
h: n            x            y(proton  ),hh0l n 
#  z-lower      z-upper        proton    r.err 
   9.8380E+01   9.8430E+01   7.4857E-03  0.0748
   9.8430E+01   9.8480E+01   8.4536E-03  0.0772
   9.8480E+01   9.8530E+01   7.8575E-03  0.0830
   9.8530E+01   9.8580E+01   8.6248E-03  0.0899

#   sum over    2.0000E-03   8.1054E-03  0.0725

'no. =138,  ix =  5,  iy =  6'
msuc: {\huge Histograma}
msdr: {\it plotted by \ANGEL \version}
msdl: {\it calculated by \PHITS  3.35}
wt: s(0.7)
\vspace{-3}
  xmin  &=&  -4.0000E-01 [cm]
  xmax  &=&  -3.0000E-01 [cm]
  ymin  &=&  -1.1500E+00 [cm]
  ymax  &=&  -1.0500E+00 [cm]
e:

#------------------------------------------------------------------------------
 newpage:
#   no. =139   ix  =  5   iy  =  7
#   x = (  -4.0000E-01  -  -3.0000E-01  )
#   y = (  -1.0500E+00  -  -9.5000E-01  )

x: z[cm]
y: Dose [Gy/source]      
p: xlin ylog afac(0.8) form(0.9)
h: n            x            y(proton  ),hh0l n 
#  z-lower      z-upper        proton    r.err 
   9.8380E+01   9.8430E+01   7.7231E-03  0.0778
   9.8430E+01   9.8480E+01   8.1732E-03  0.0790
   9.8480E+01   9.8530E+01   7.6563E-03  0.0869
   9.8530E+01   9.8580E+01   7.1277E-03  0.0984

#   sum over    2.0000E-03   7.6701E-03  0.0734

'no. =139,  ix =  5,  iy =  7'
msuc: {\huge Histograma}
msdr: {\it plotted by \ANGEL \version}
msdl: {\it calculated by \PHITS  3.35}
wt: s(0.7)
\vspace{-3}
  xmin  &=&  -4.0000E-01 [cm]
  xmax  &=&  -3.0000E-01 [cm]
  ymin  &=&  -1.0500E+00 [cm]
  ymax  &=&  -9.5000E-01 [cm]
e:

#------------------------------------------------------------------------------
 newpage:
#   no. =140   ix  =  5   iy  =  8
#   x = (  -4.0000E-01  -  -3.0000E-01  )
#   y = (  -9.5000E-01  -  -8.5000E-01  )

x: z[cm]
y: Dose [Gy/source]      
p: xlin ylog afac(0.8) form(0.9)
h: n            x            y(proton  ),hh0l n 
#  z-lower      z-upper        proton    r.err 
   9.8380E+01   9.8430E+01   8.2733E-03  0.0730
   9.8430E+01   9.8480E+01   9.0807E-03  0.0748
   9.8480E+01   9.8530E+01   9.2441E-03  0.0809
   9.8530E+01   9.8580E+01   7.5547E-03  0.0953

#   sum over    2.0000E-03   8.5382E-03  0.0698

'no. =140,  ix =  5,  iy =  8'
msuc: {\huge Histograma}
msdr: {\it plotted by \ANGEL \version}
msdl: {\it calculated by \PHITS  3.35}
wt: s(0.7)
\vspace{-3}
  xmin  &=&  -4.0000E-01 [cm]
  xmax  &=&  -3.0000E-01 [cm]
  ymin  &=&  -9.5000E-01 [cm]
  ymax  &=&  -8.5000E-01 [cm]
e:

#------------------------------------------------------------------------------
 newpage:
#   no. =141   ix  =  5   iy  =  9
#   x = (  -4.0000E-01  -  -3.0000E-01  )
#   y = (  -8.5000E-01  -  -7.5000E-01  )

x: z[cm]
y: Dose [Gy/source]      
p: xlin ylog afac(0.8) form(0.9)
h: n            x            y(proton  ),hh0l n 
#  z-lower      z-upper        proton    r.err 
   9.8380E+01   9.8430E+01   6.9869E-03  0.0802
   9.8430E+01   9.8480E+01   7.6228E-03  0.0810
   9.8480E+01   9.8530E+01   7.5191E-03  0.0862
   9.8530E+01   9.8580E+01   7.0216E-03  0.0971

#   sum over    2.0000E-03   7.2876E-03  0.0750

'no. =141,  ix =  5,  iy =  9'
msuc: {\huge Histograma}
msdr: {\it plotted by \ANGEL \version}
msdl: {\it calculated by \PHITS  3.35}
wt: s(0.7)
\vspace{-3}
  xmin  &=&  -4.0000E-01 [cm]
  xmax  &=&  -3.0000E-01 [cm]
  ymin  &=&  -8.5000E-01 [cm]
  ymax  &=&  -7.5000E-01 [cm]
e:

#------------------------------------------------------------------------------
 newpage:
#   no. =142   ix  =  5   iy  = 10
#   x = (  -4.0000E-01  -  -3.0000E-01  )
#   y = (  -7.5000E-01  -  -6.5000E-01  )

x: z[cm]
y: Dose [Gy/source]      
p: xlin ylog afac(0.8) form(0.9)
h: n            x            y(proton  ),hh0l n 
#  z-lower      z-upper        proton    r.err 
   9.8380E+01   9.8430E+01   7.4198E-03  0.0778
   9.8430E+01   9.8480E+01   7.6718E-03  0.0789
   9.8480E+01   9.8530E+01   7.6325E-03  0.0829
   9.8530E+01   9.8580E+01   8.0760E-03  0.0899

#   sum over    2.0000E-03   7.7000E-03  0.0722

'no. =142,  ix =  5,  iy = 10'
msuc: {\huge Histograma}
msdr: {\it plotted by \ANGEL \version}
msdl: {\it calculated by \PHITS  3.35}
wt: s(0.7)
\vspace{-3}
  xmin  &=&  -4.0000E-01 [cm]
  xmax  &=&  -3.0000E-01 [cm]
  ymin  &=&  -7.5000E-01 [cm]
  ymax  &=&  -6.5000E-01 [cm]
e:

#------------------------------------------------------------------------------
 newpage:
#   no. =143   ix  =  5   iy  = 11
#   x = (  -4.0000E-01  -  -3.0000E-01  )
#   y = (  -6.5000E-01  -  -5.5000E-01  )

x: z[cm]
y: Dose [Gy/source]      
p: xlin ylog afac(0.8) form(0.9)
h: n            x            y(proton  ),hh0l n 
#  z-lower      z-upper        proton    r.err 
   9.8380E+01   9.8430E+01   8.4159E-03  0.0715
   9.8430E+01   9.8480E+01   9.4555E-03  0.0732
   9.8480E+01   9.8530E+01   8.9058E-03  0.0797
   9.8530E+01   9.8580E+01   8.4852E-03  0.0909

#   sum over    2.0000E-03   8.8156E-03  0.0685

'no. =143,  ix =  5,  iy = 11'
msuc: {\huge Histograma}
msdr: {\it plotted by \ANGEL \version}
msdl: {\it calculated by \PHITS  3.35}
wt: s(0.7)
\vspace{-3}
  xmin  &=&  -4.0000E-01 [cm]
  xmax  &=&  -3.0000E-01 [cm]
  ymin  &=&  -6.5000E-01 [cm]
  ymax  &=&  -5.5000E-01 [cm]
e:

#------------------------------------------------------------------------------
 newpage:
#   no. =144   ix  =  5   iy  = 12
#   x = (  -4.0000E-01  -  -3.0000E-01  )
#   y = (  -5.5000E-01  -  -4.5000E-01  )

x: z[cm]
y: Dose [Gy/source]      
p: xlin ylog afac(0.8) form(0.9)
h: n            x            y(proton  ),hh0l n 
#  z-lower      z-upper        proton    r.err 
   9.8380E+01   9.8430E+01   7.7074E-03  0.0756
   9.8430E+01   9.8480E+01   8.5430E-03  0.0778
   9.8480E+01   9.8530E+01   8.3676E-03  0.0829
   9.8530E+01   9.8580E+01   7.8474E-03  0.0935

#   sum over    2.0000E-03   8.1163E-03  0.0716

'no. =144,  ix =  5,  iy = 12'
msuc: {\huge Histograma}
msdr: {\it plotted by \ANGEL \version}
msdl: {\it calculated by \PHITS  3.35}
wt: s(0.7)
\vspace{-3}
  xmin  &=&  -4.0000E-01 [cm]
  xmax  &=&  -3.0000E-01 [cm]
  ymin  &=&  -5.5000E-01 [cm]
  ymax  &=&  -4.5000E-01 [cm]
e:

#------------------------------------------------------------------------------
 newpage:
#   no. =145   ix  =  5   iy  = 13
#   x = (  -4.0000E-01  -  -3.0000E-01  )
#   y = (  -4.5000E-01  -  -3.5000E-01  )

x: z[cm]
y: Dose [Gy/source]      
p: xlin ylog afac(0.8) form(0.9)
h: n            x            y(proton  ),hh0l n 
#  z-lower      z-upper        proton    r.err 
   9.8380E+01   9.8430E+01   7.8648E-03  0.0786
   9.8430E+01   9.8480E+01   7.5519E-03  0.0787
   9.8480E+01   9.8530E+01   7.6813E-03  0.0852
   9.8530E+01   9.8580E+01   7.8062E-03  0.0946

#   sum over    2.0000E-03   7.7260E-03  0.0733

'no. =145,  ix =  5,  iy = 13'
msuc: {\huge Histograma}
msdr: {\it plotted by \ANGEL \version}
msdl: {\it calculated by \PHITS  3.35}
wt: s(0.7)
\vspace{-3}
  xmin  &=&  -4.0000E-01 [cm]
  xmax  &=&  -3.0000E-01 [cm]
  ymin  &=&  -4.5000E-01 [cm]
  ymax  &=&  -3.5000E-01 [cm]
e:

#------------------------------------------------------------------------------
 newpage:
#   no. =146   ix  =  5   iy  = 14
#   x = (  -4.0000E-01  -  -3.0000E-01  )
#   y = (  -3.5000E-01  -  -2.5000E-01  )

x: z[cm]
y: Dose [Gy/source]      
p: xlin ylog afac(0.8) form(0.9)
h: n            x            y(proton  ),hh0l n 
#  z-lower      z-upper        proton    r.err 
   9.8380E+01   9.8430E+01   8.3277E-03  0.0734
   9.8430E+01   9.8480E+01   9.0557E-03  0.0747
   9.8480E+01   9.8530E+01   8.9417E-03  0.0819
   9.8530E+01   9.8580E+01   7.1756E-03  0.0964

#   sum over    2.0000E-03   8.3752E-03  0.0704

'no. =146,  ix =  5,  iy = 14'
msuc: {\huge Histograma}
msdr: {\it plotted by \ANGEL \version}
msdl: {\it calculated by \PHITS  3.35}
wt: s(0.7)
\vspace{-3}
  xmin  &=&  -4.0000E-01 [cm]
  xmax  &=&  -3.0000E-01 [cm]
  ymin  &=&  -3.5000E-01 [cm]
  ymax  &=&  -2.5000E-01 [cm]
e:

#------------------------------------------------------------------------------
 newpage:
#   no. =147   ix  =  5   iy  = 15
#   x = (  -4.0000E-01  -  -3.0000E-01  )
#   y = (  -2.5000E-01  -  -1.5000E-01  )

x: z[cm]
y: Dose [Gy/source]      
p: xlin ylog afac(0.8) form(0.9)
h: n            x            y(proton  ),hh0l n 
#  z-lower      z-upper        proton    r.err 
   9.8380E+01   9.8430E+01   7.7137E-03  0.0777
   9.8430E+01   9.8480E+01   7.8828E-03  0.0790
   9.8480E+01   9.8530E+01   8.0384E-03  0.0851
   9.8530E+01   9.8580E+01   6.7645E-03  0.1003

#   sum over    2.0000E-03   7.5998E-03  0.0735

'no. =147,  ix =  5,  iy = 15'
msuc: {\huge Histograma}
msdr: {\it plotted by \ANGEL \version}
msdl: {\it calculated by \PHITS  3.35}
wt: s(0.7)
\vspace{-3}
  xmin  &=&  -4.0000E-01 [cm]
  xmax  &=&  -3.0000E-01 [cm]
  ymin  &=&  -2.5000E-01 [cm]
  ymax  &=&  -1.5000E-01 [cm]
e:

#------------------------------------------------------------------------------
 newpage:
#   no. =148   ix  =  5   iy  = 16
#   x = (  -4.0000E-01  -  -3.0000E-01  )
#   y = (  -1.5000E-01  -  -5.0000E-02  )

x: z[cm]
y: Dose [Gy/source]      
p: xlin ylog afac(0.8) form(0.9)
h: n            x            y(proton  ),hh0l n 
#  z-lower      z-upper        proton    r.err 
   9.8380E+01   9.8430E+01   7.9309E-03  0.0758
   9.8430E+01   9.8480E+01   7.9366E-03  0.0796
   9.8480E+01   9.8530E+01   7.3676E-03  0.0834
   9.8530E+01   9.8580E+01   7.7565E-03  0.0939

#   sum over    2.0000E-03   7.7479E-03  0.0725

'no. =148,  ix =  5,  iy = 16'
msuc: {\huge Histograma}
msdr: {\it plotted by \ANGEL \version}
msdl: {\it calculated by \PHITS  3.35}
wt: s(0.7)
\vspace{-3}
  xmin  &=&  -4.0000E-01 [cm]
  xmax  &=&  -3.0000E-01 [cm]
  ymin  &=&  -1.5000E-01 [cm]
  ymax  &=&  -5.0000E-02 [cm]
e:

#------------------------------------------------------------------------------
 newpage:
#   no. =149   ix  =  5   iy  = 17
#   x = (  -4.0000E-01  -  -3.0000E-01  )
#   y = (  -5.0000E-02  -   5.0000E-02  )

x: z[cm]
y: Dose [Gy/source]      
p: xlin ylog afac(0.8) form(0.9)
h: n            x            y(proton  ),hh0l n 
#  z-lower      z-upper        proton    r.err 
   9.8380E+01   9.8430E+01   8.8060E-03  0.0712
   9.8430E+01   9.8480E+01   9.5500E-03  0.0727
   9.8480E+01   9.8530E+01   9.2395E-03  0.0780
   9.8530E+01   9.8580E+01   9.1823E-03  0.0869

#   sum over    2.0000E-03   9.1944E-03  0.0676

'no. =149,  ix =  5,  iy = 17'
msuc: {\huge Histograma}
msdr: {\it plotted by \ANGEL \version}
msdl: {\it calculated by \PHITS  3.35}
wt: s(0.7)
\vspace{-3}
  xmin  &=&  -4.0000E-01 [cm]
  xmax  &=&  -3.0000E-01 [cm]
  ymin  &=&  -5.0000E-02 [cm]
  ymax  &=&   5.0000E-02 [cm]
e:

#------------------------------------------------------------------------------
 newpage:
#   no. =150   ix  =  5   iy  = 18
#   x = (  -4.0000E-01  -  -3.0000E-01  )
#   y = (   5.0000E-02  -   1.5000E-01  )

x: z[cm]
y: Dose [Gy/source]      
p: xlin ylog afac(0.8) form(0.9)
h: n            x            y(proton  ),hh0l n 
#  z-lower      z-upper        proton    r.err 
   9.8380E+01   9.8430E+01   7.7439E-03  0.0758
   9.8430E+01   9.8480E+01   8.3044E-03  0.0763
   9.8480E+01   9.8530E+01   8.8348E-03  0.0816
   9.8530E+01   9.8580E+01   7.4042E-03  0.0941

#   sum over    2.0000E-03   8.0718E-03  0.0713

'no. =150,  ix =  5,  iy = 18'
msuc: {\huge Histograma}
msdr: {\it plotted by \ANGEL \version}
msdl: {\it calculated by \PHITS  3.35}
wt: s(0.7)
\vspace{-3}
  xmin  &=&  -4.0000E-01 [cm]
  xmax  &=&  -3.0000E-01 [cm]
  ymin  &=&   5.0000E-02 [cm]
  ymax  &=&   1.5000E-01 [cm]
e:

#------------------------------------------------------------------------------
 newpage:
#   no. =151   ix  =  5   iy  = 19
#   x = (  -4.0000E-01  -  -3.0000E-01  )
#   y = (   1.5000E-01  -   2.5000E-01  )

x: z[cm]
y: Dose [Gy/source]      
p: xlin ylog afac(0.8) form(0.9)
h: n            x            y(proton  ),hh0l n 
#  z-lower      z-upper        proton    r.err 
   9.8380E+01   9.8430E+01   7.5298E-03  0.0767
   9.8430E+01   9.8480E+01   8.1742E-03  0.0783
   9.8480E+01   9.8530E+01   8.1573E-03  0.0829
   9.8530E+01   9.8580E+01   7.7713E-03  0.0943

#   sum over    2.0000E-03   7.9081E-03  0.0721

'no. =151,  ix =  5,  iy = 19'
msuc: {\huge Histograma}
msdr: {\it plotted by \ANGEL \version}
msdl: {\it calculated by \PHITS  3.35}
wt: s(0.7)
\vspace{-3}
  xmin  &=&  -4.0000E-01 [cm]
  xmax  &=&  -3.0000E-01 [cm]
  ymin  &=&   1.5000E-01 [cm]
  ymax  &=&   2.5000E-01 [cm]
e:

#------------------------------------------------------------------------------
 newpage:
#   no. =152   ix  =  5   iy  = 20
#   x = (  -4.0000E-01  -  -3.0000E-01  )
#   y = (   2.5000E-01  -   3.5000E-01  )

x: z[cm]
y: Dose [Gy/source]      
p: xlin ylog afac(0.8) form(0.9)
h: n            x            y(proton  ),hh0l n 
#  z-lower      z-upper        proton    r.err 
   9.8380E+01   9.8430E+01   8.1898E-03  0.0759
   9.8430E+01   9.8480E+01   8.4917E-03  0.0770
   9.8480E+01   9.8530E+01   7.9366E-03  0.0846
   9.8530E+01   9.8580E+01   7.4722E-03  0.0945

#   sum over    2.0000E-03   8.0226E-03  0.0715

'no. =152,  ix =  5,  iy = 20'
msuc: {\huge Histograma}
msdr: {\it plotted by \ANGEL \version}
msdl: {\it calculated by \PHITS  3.35}
wt: s(0.7)
\vspace{-3}
  xmin  &=&  -4.0000E-01 [cm]
  xmax  &=&  -3.0000E-01 [cm]
  ymin  &=&   2.5000E-01 [cm]
  ymax  &=&   3.5000E-01 [cm]
e:

#------------------------------------------------------------------------------
 newpage:
#   no. =153   ix  =  5   iy  = 21
#   x = (  -4.0000E-01  -  -3.0000E-01  )
#   y = (   3.5000E-01  -   4.5000E-01  )

x: z[cm]
y: Dose [Gy/source]      
p: xlin ylog afac(0.8) form(0.9)
h: n            x            y(proton  ),hh0l n 
#  z-lower      z-upper        proton    r.err 
   9.8380E+01   9.8430E+01   7.4292E-03  0.0772
   9.8430E+01   9.8480E+01   7.9036E-03  0.0790
   9.8480E+01   9.8530E+01   7.9482E-03  0.0837
   9.8530E+01   9.8580E+01   7.9800E-03  0.0929

#   sum over    2.0000E-03   7.8153E-03  0.0728

'no. =153,  ix =  5,  iy = 21'
msuc: {\huge Histograma}
msdr: {\it plotted by \ANGEL \version}
msdl: {\it calculated by \PHITS  3.35}
wt: s(0.7)
\vspace{-3}
  xmin  &=&  -4.0000E-01 [cm]
  xmax  &=&  -3.0000E-01 [cm]
  ymin  &=&   3.5000E-01 [cm]
  ymax  &=&   4.5000E-01 [cm]
e:

#------------------------------------------------------------------------------
 newpage:
#   no. =154   ix  =  5   iy  = 22
#   x = (  -4.0000E-01  -  -3.0000E-01  )
#   y = (   4.5000E-01  -   5.5000E-01  )

x: z[cm]
y: Dose [Gy/source]      
p: xlin ylog afac(0.8) form(0.9)
h: n            x            y(proton  ),hh0l n 
#  z-lower      z-upper        proton    r.err 
   9.8380E+01   9.8430E+01   7.3240E-03  0.0769
   9.8430E+01   9.8480E+01   8.2336E-03  0.0790
   9.8480E+01   9.8530E+01   7.9083E-03  0.0847
   9.8530E+01   9.8580E+01   7.5939E-03  0.0922

#   sum over    2.0000E-03   7.7650E-03  0.0722

'no. =154,  ix =  5,  iy = 22'
msuc: {\huge Histograma}
msdr: {\it plotted by \ANGEL \version}
msdl: {\it calculated by \PHITS  3.35}
wt: s(0.7)
\vspace{-3}
  xmin  &=&  -4.0000E-01 [cm]
  xmax  &=&  -3.0000E-01 [cm]
  ymin  &=&   4.5000E-01 [cm]
  ymax  &=&   5.5000E-01 [cm]
e:

#------------------------------------------------------------------------------
 newpage:
#   no. =155   ix  =  5   iy  = 23
#   x = (  -4.0000E-01  -  -3.0000E-01  )
#   y = (   5.5000E-01  -   6.5000E-01  )

x: z[cm]
y: Dose [Gy/source]      
p: xlin ylog afac(0.8) form(0.9)
h: n            x            y(proton  ),hh0l n 
#  z-lower      z-upper        proton    r.err 
   9.8380E+01   9.8430E+01   7.2558E-03  0.0776
   9.8430E+01   9.8480E+01   7.9656E-03  0.0800
   9.8480E+01   9.8530E+01   7.5885E-03  0.0862
   9.8530E+01   9.8580E+01   7.5948E-03  0.0956

#   sum over    2.0000E-03   7.6012E-03  0.0738

'no. =155,  ix =  5,  iy = 23'
msuc: {\huge Histograma}
msdr: {\it plotted by \ANGEL \version}
msdl: {\it calculated by \PHITS  3.35}
wt: s(0.7)
\vspace{-3}
  xmin  &=&  -4.0000E-01 [cm]
  xmax  &=&  -3.0000E-01 [cm]
  ymin  &=&   5.5000E-01 [cm]
  ymax  &=&   6.5000E-01 [cm]
e:

#------------------------------------------------------------------------------
 newpage:
#   no. =156   ix  =  5   iy  = 24
#   x = (  -4.0000E-01  -  -3.0000E-01  )
#   y = (   6.5000E-01  -   7.5000E-01  )

x: z[cm]
y: Dose [Gy/source]      
p: xlin ylog afac(0.8) form(0.9)
h: n            x            y(proton  ),hh0l n 
#  z-lower      z-upper        proton    r.err 
   9.8380E+01   9.8430E+01   7.8749E-03  0.0752
   9.8430E+01   9.8480E+01   7.7942E-03  0.0767
   9.8480E+01   9.8530E+01   8.2200E-03  0.0817
   9.8530E+01   9.8580E+01   8.1318E-03  0.0906

#   sum over    2.0000E-03   8.0053E-03  0.0712

'no. =156,  ix =  5,  iy = 24'
msuc: {\huge Histograma}
msdr: {\it plotted by \ANGEL \version}
msdl: {\it calculated by \PHITS  3.35}
wt: s(0.7)
\vspace{-3}
  xmin  &=&  -4.0000E-01 [cm]
  xmax  &=&  -3.0000E-01 [cm]
  ymin  &=&   6.5000E-01 [cm]
  ymax  &=&   7.5000E-01 [cm]
e:

#------------------------------------------------------------------------------
 newpage:
#   no. =157   ix  =  5   iy  = 25
#   x = (  -4.0000E-01  -  -3.0000E-01  )
#   y = (   7.5000E-01  -   8.5000E-01  )

x: z[cm]
y: Dose [Gy/source]      
p: xlin ylog afac(0.8) form(0.9)
h: n            x            y(proton  ),hh0l n 
#  z-lower      z-upper        proton    r.err 
   9.8380E+01   9.8430E+01   8.3150E-03  0.0728
   9.8430E+01   9.8480E+01   9.1189E-03  0.0755
   9.8480E+01   9.8530E+01   8.6993E-03  0.0812
   9.8530E+01   9.8580E+01   8.2346E-03  0.0908

#   sum over    2.0000E-03   8.5919E-03  0.0693

'no. =157,  ix =  5,  iy = 25'
msuc: {\huge Histograma}
msdr: {\it plotted by \ANGEL \version}
msdl: {\it calculated by \PHITS  3.35}
wt: s(0.7)
\vspace{-3}
  xmin  &=&  -4.0000E-01 [cm]
  xmax  &=&  -3.0000E-01 [cm]
  ymin  &=&   7.5000E-01 [cm]
  ymax  &=&   8.5000E-01 [cm]
e:

#------------------------------------------------------------------------------
 newpage:
#   no. =158   ix  =  5   iy  = 26
#   x = (  -4.0000E-01  -  -3.0000E-01  )
#   y = (   8.5000E-01  -   9.5000E-01  )

x: z[cm]
y: Dose [Gy/source]      
p: xlin ylog afac(0.8) form(0.9)
h: n            x            y(proton  ),hh0l n 
#  z-lower      z-upper        proton    r.err 
   9.8380E+01   9.8430E+01   8.1429E-03  0.0763
   9.8430E+01   9.8480E+01   8.4284E-03  0.0768
   9.8480E+01   9.8530E+01   8.2623E-03  0.0818
   9.8530E+01   9.8580E+01   7.6051E-03  0.0941

#   sum over    2.0000E-03   8.1097E-03  0.0709

'no. =158,  ix =  5,  iy = 26'
msuc: {\huge Histograma}
msdr: {\it plotted by \ANGEL \version}
msdl: {\it calculated by \PHITS  3.35}
wt: s(0.7)
\vspace{-3}
  xmin  &=&  -4.0000E-01 [cm]
  xmax  &=&  -3.0000E-01 [cm]
  ymin  &=&   8.5000E-01 [cm]
  ymax  &=&   9.5000E-01 [cm]
e:

#------------------------------------------------------------------------------
 newpage:
#   no. =159   ix  =  5   iy  = 27
#   x = (  -4.0000E-01  -  -3.0000E-01  )
#   y = (   9.5000E-01  -   1.0500E+00  )

x: z[cm]
y: Dose [Gy/source]      
p: xlin ylog afac(0.8) form(0.9)
h: n            x            y(proton  ),hh0l n 
#  z-lower      z-upper        proton    r.err 
   9.8380E+01   9.8430E+01   7.6322E-03  0.0771
   9.8430E+01   9.8480E+01   8.1890E-03  0.0774
   9.8480E+01   9.8530E+01   8.0248E-03  0.0842
   9.8530E+01   9.8580E+01   7.5871E-03  0.0940

#   sum over    2.0000E-03   7.8583E-03  0.0729

'no. =159,  ix =  5,  iy = 27'
msuc: {\huge Histograma}
msdr: {\it plotted by \ANGEL \version}
msdl: {\it calculated by \PHITS  3.35}
wt: s(0.7)
\vspace{-3}
  xmin  &=&  -4.0000E-01 [cm]
  xmax  &=&  -3.0000E-01 [cm]
  ymin  &=&   9.5000E-01 [cm]
  ymax  &=&   1.0500E+00 [cm]
e:

#------------------------------------------------------------------------------
 newpage:
#   no. =160   ix  =  5   iy  = 28
#   x = (  -4.0000E-01  -  -3.0000E-01  )
#   y = (   1.0500E+00  -   1.1500E+00  )

x: z[cm]
y: Dose [Gy/source]      
p: xlin ylog afac(0.8) form(0.9)
h: n            x            y(proton  ),hh0l n 
#  z-lower      z-upper        proton    r.err 
   9.8380E+01   9.8430E+01   7.5706E-03  0.0766
   9.8430E+01   9.8480E+01   8.0723E-03  0.0790
   9.8480E+01   9.8530E+01   8.0211E-03  0.0843
   9.8530E+01   9.8580E+01   7.2580E-03  0.0964

#   sum over    2.0000E-03   7.7305E-03  0.0731

'no. =160,  ix =  5,  iy = 28'
msuc: {\huge Histograma}
msdr: {\it plotted by \ANGEL \version}
msdl: {\it calculated by \PHITS  3.35}
wt: s(0.7)
\vspace{-3}
  xmin  &=&  -4.0000E-01 [cm]
  xmax  &=&  -3.0000E-01 [cm]
  ymin  &=&   1.0500E+00 [cm]
  ymax  &=&   1.1500E+00 [cm]
e:

#------------------------------------------------------------------------------
 newpage:
#   no. =161   ix  =  5   iy  = 29
#   x = (  -4.0000E-01  -  -3.0000E-01  )
#   y = (   1.1500E+00  -   1.2500E+00  )

x: z[cm]
y: Dose [Gy/source]      
p: xlin ylog afac(0.8) form(0.9)
h: n            x            y(proton  ),hh0l n 
#  z-lower      z-upper        proton    r.err 
   9.8380E+01   9.8430E+01   7.8954E-03  0.0761
   9.8430E+01   9.8480E+01   8.0714E-03  0.0780
   9.8480E+01   9.8530E+01   8.0935E-03  0.0832
   9.8530E+01   9.8580E+01   7.7594E-03  0.0932

#   sum over    2.0000E-03   7.9549E-03  0.0727

'no. =161,  ix =  5,  iy = 29'
msuc: {\huge Histograma}
msdr: {\it plotted by \ANGEL \version}
msdl: {\it calculated by \PHITS  3.35}
wt: s(0.7)
\vspace{-3}
  xmin  &=&  -4.0000E-01 [cm]
  xmax  &=&  -3.0000E-01 [cm]
  ymin  &=&   1.1500E+00 [cm]
  ymax  &=&   1.2500E+00 [cm]
e:

#------------------------------------------------------------------------------
 newpage:
#   no. =162   ix  =  5   iy  = 30
#   x = (  -4.0000E-01  -  -3.0000E-01  )
#   y = (   1.2500E+00  -   1.3500E+00  )

x: z[cm]
y: Dose [Gy/source]      
p: xlin ylog afac(0.8) form(0.9)
h: n            x            y(proton  ),hh0l n 
#  z-lower      z-upper        proton    r.err 
   9.8380E+01   9.8430E+01   8.2306E-03  0.0757
   9.8430E+01   9.8480E+01   8.5523E-03  0.0768
   9.8480E+01   9.8530E+01   7.7969E-03  0.0851
   9.8530E+01   9.8580E+01   7.6202E-03  0.0927

#   sum over    2.0000E-03   8.0500E-03  0.0712

'no. =162,  ix =  5,  iy = 30'
msuc: {\huge Histograma}
msdr: {\it plotted by \ANGEL \version}
msdl: {\it calculated by \PHITS  3.35}
wt: s(0.7)
\vspace{-3}
  xmin  &=&  -4.0000E-01 [cm]
  xmax  &=&  -3.0000E-01 [cm]
  ymin  &=&   1.2500E+00 [cm]
  ymax  &=&   1.3500E+00 [cm]
e:

#------------------------------------------------------------------------------
 newpage:
#   no. =163   ix  =  5   iy  = 31
#   x = (  -4.0000E-01  -  -3.0000E-01  )
#   y = (   1.3500E+00  -   1.4500E+00  )

x: z[cm]
y: Dose [Gy/source]      
p: xlin ylog afac(0.8) form(0.9)
h: n            x            y(proton  ),hh0l n 
#  z-lower      z-upper        proton    r.err 
   9.8380E+01   9.8430E+01   7.3074E-03  0.0769
   9.8430E+01   9.8480E+01   7.6769E-03  0.0792
   9.8480E+01   9.8530E+01   7.8840E-03  0.0840
   9.8530E+01   9.8580E+01   8.0542E-03  0.0922

#   sum over    2.0000E-03   7.7306E-03  0.0733

'no. =163,  ix =  5,  iy = 31'
msuc: {\huge Histograma}
msdr: {\it plotted by \ANGEL \version}
msdl: {\it calculated by \PHITS  3.35}
wt: s(0.7)
\vspace{-3}
  xmin  &=&  -4.0000E-01 [cm]
  xmax  &=&  -3.0000E-01 [cm]
  ymin  &=&   1.3500E+00 [cm]
  ymax  &=&   1.4500E+00 [cm]
e:

#------------------------------------------------------------------------------
 newpage:
#   no. =164   ix  =  5   iy  = 32
#   x = (  -4.0000E-01  -  -3.0000E-01  )
#   y = (   1.4500E+00  -   1.5500E+00  )

x: z[cm]
y: Dose [Gy/source]      
p: xlin ylog afac(0.8) form(0.9)
h: n            x            y(proton  ),hh0l n 
#  z-lower      z-upper        proton    r.err 
   9.8380E+01   9.8430E+01   8.0165E-03  0.0743
   9.8430E+01   9.8480E+01   9.1098E-03  0.0762
   9.8480E+01   9.8530E+01   8.3330E-03  0.0807
   9.8530E+01   9.8580E+01   7.6862E-03  0.0922

#   sum over    2.0000E-03   8.2864E-03  0.0702

'no. =164,  ix =  5,  iy = 32'
msuc: {\huge Histograma}
msdr: {\it plotted by \ANGEL \version}
msdl: {\it calculated by \PHITS  3.35}
wt: s(0.7)
\vspace{-3}
  xmin  &=&  -4.0000E-01 [cm]
  xmax  &=&  -3.0000E-01 [cm]
  ymin  &=&   1.4500E+00 [cm]
  ymax  &=&   1.5500E+00 [cm]
e:

#------------------------------------------------------------------------------
 newpage:
#   no. =165   ix  =  5   iy  = 33
#   x = (  -4.0000E-01  -  -3.0000E-01  )
#   y = (   1.5500E+00  -   1.6500E+00  )

x: z[cm]
y: Dose [Gy/source]      
p: xlin ylog afac(0.8) form(0.9)
h: n            x            y(proton  ),hh0l n 
#  z-lower      z-upper        proton    r.err 
   9.8380E+01   9.8430E+01   8.8927E-03  0.0721
   9.8430E+01   9.8480E+01   8.8977E-03  0.0726
   9.8480E+01   9.8530E+01   8.9645E-03  0.0783
   9.8530E+01   9.8580E+01   9.5474E-03  0.0858

#   sum over    2.0000E-03   9.0756E-03  0.0676

'no. =165,  ix =  5,  iy = 33'
msuc: {\huge Histograma}
msdr: {\it plotted by \ANGEL \version}
msdl: {\it calculated by \PHITS  3.35}
wt: s(0.7)
\vspace{-3}
  xmin  &=&  -4.0000E-01 [cm]
  xmax  &=&  -3.0000E-01 [cm]
  ymin  &=&   1.5500E+00 [cm]
  ymax  &=&   1.6500E+00 [cm]
e:

#------------------------------------------------------------------------------
 newpage:
#   no. =166   ix  =  6   iy  =  1
#   x = (  -3.0000E-01  -  -2.0000E-01  )
#   y = (  -1.6500E+00  -  -1.5500E+00  )

x: z[cm]
y: Dose [Gy/source]      
p: xlin ylog afac(0.8) form(0.9)
h: n            x            y(proton  ),hh0l n 
#  z-lower      z-upper        proton    r.err 
   9.8380E+01   9.8430E+01   0.0000E+00  0.0000
   9.8430E+01   9.8480E+01   0.0000E+00  0.0000
   9.8480E+01   9.8530E+01   0.0000E+00  0.0000
   9.8530E+01   9.8580E+01   0.0000E+00  0.0000

#   sum over    2.0000E-03   0.0000E+00  0.0000

'no. =166,  ix =  6,  iy =  1'
msuc: {\huge Histograma}
msdr: {\it plotted by \ANGEL \version}
msdl: {\it calculated by \PHITS  3.35}
wt: s(0.7)
\vspace{-3}
  xmin  &=&  -3.0000E-01 [cm]
  xmax  &=&  -2.0000E-01 [cm]
  ymin  &=&  -1.6500E+00 [cm]
  ymax  &=&  -1.5500E+00 [cm]
e:

#------------------------------------------------------------------------------
 newpage:
#   no. =167   ix  =  6   iy  =  2
#   x = (  -3.0000E-01  -  -2.0000E-01  )
#   y = (  -1.5500E+00  -  -1.4500E+00  )

x: z[cm]
y: Dose [Gy/source]      
p: xlin ylog afac(0.8) form(0.9)
h: n            x            y(proton  ),hh0l n 
#  z-lower      z-upper        proton    r.err 
   9.8380E+01   9.8430E+01   0.0000E+00  0.0000
   9.8430E+01   9.8480E+01   0.0000E+00  0.0000
   9.8480E+01   9.8530E+01   0.0000E+00  0.0000
   9.8530E+01   9.8580E+01   0.0000E+00  0.0000

#   sum over    2.0000E-03   0.0000E+00  0.0000

'no. =167,  ix =  6,  iy =  2'
msuc: {\huge Histograma}
msdr: {\it plotted by \ANGEL \version}
msdl: {\it calculated by \PHITS  3.35}
wt: s(0.7)
\vspace{-3}
  xmin  &=&  -3.0000E-01 [cm]
  xmax  &=&  -2.0000E-01 [cm]
  ymin  &=&  -1.5500E+00 [cm]
  ymax  &=&  -1.4500E+00 [cm]
e:

#------------------------------------------------------------------------------
 newpage:
#   no. =168   ix  =  6   iy  =  3
#   x = (  -3.0000E-01  -  -2.0000E-01  )
#   y = (  -1.4500E+00  -  -1.3500E+00  )

x: z[cm]
y: Dose [Gy/source]      
p: xlin ylog afac(0.8) form(0.9)
h: n            x            y(proton  ),hh0l n 
#  z-lower      z-upper        proton    r.err 
   9.8380E+01   9.8430E+01   0.0000E+00  0.0000
   9.8430E+01   9.8480E+01   0.0000E+00  0.0000
   9.8480E+01   9.8530E+01   7.7928E-06  1.0000
   9.8530E+01   9.8580E+01   9.1449E-05  1.0000

#   sum over    2.0000E-03   2.4810E-05  1.0000

'no. =168,  ix =  6,  iy =  3'
msuc: {\huge Histograma}
msdr: {\it plotted by \ANGEL \version}
msdl: {\it calculated by \PHITS  3.35}
wt: s(0.7)
\vspace{-3}
  xmin  &=&  -3.0000E-01 [cm]
  xmax  &=&  -2.0000E-01 [cm]
  ymin  &=&  -1.4500E+00 [cm]
  ymax  &=&  -1.3500E+00 [cm]
e:

#------------------------------------------------------------------------------
 newpage:
#   no. =169   ix  =  6   iy  =  4
#   x = (  -3.0000E-01  -  -2.0000E-01  )
#   y = (  -1.3500E+00  -  -1.2500E+00  )

x: z[cm]
y: Dose [Gy/source]      
p: xlin ylog afac(0.8) form(0.9)
h: n            x            y(proton  ),hh0l n 
#  z-lower      z-upper        proton    r.err 
   9.8380E+01   9.8430E+01   5.2525E-03  0.0902
   9.8430E+01   9.8480E+01   5.8948E-03  0.0926
   9.8480E+01   9.8530E+01   5.6867E-03  0.0971
   9.8530E+01   9.8580E+01   5.6773E-03  0.1106

#   sum over    2.0000E-03   5.6278E-03  0.0859

'no. =169,  ix =  6,  iy =  4'
msuc: {\huge Histograma}
msdr: {\it plotted by \ANGEL \version}
msdl: {\it calculated by \PHITS  3.35}
wt: s(0.7)
\vspace{-3}
  xmin  &=&  -3.0000E-01 [cm]
  xmax  &=&  -2.0000E-01 [cm]
  ymin  &=&  -1.3500E+00 [cm]
  ymax  &=&  -1.2500E+00 [cm]
e:

#------------------------------------------------------------------------------
 newpage:
#   no. =170   ix  =  6   iy  =  5
#   x = (  -3.0000E-01  -  -2.0000E-01  )
#   y = (  -1.2500E+00  -  -1.1500E+00  )

x: z[cm]
y: Dose [Gy/source]      
p: xlin ylog afac(0.8) form(0.9)
h: n            x            y(proton  ),hh0l n 
#  z-lower      z-upper        proton    r.err 
   9.8380E+01   9.8430E+01   6.8343E-03  0.0767
   9.8430E+01   9.8480E+01   8.0596E-03  0.0794
   9.8480E+01   9.8530E+01   7.8783E-03  0.0824
   9.8530E+01   9.8580E+01   8.5614E-03  0.0899

#   sum over    2.0000E-03   7.8334E-03  0.0730

'no. =170,  ix =  6,  iy =  5'
msuc: {\huge Histograma}
msdr: {\it plotted by \ANGEL \version}
msdl: {\it calculated by \PHITS  3.35}
wt: s(0.7)
\vspace{-3}
  xmin  &=&  -3.0000E-01 [cm]
  xmax  &=&  -2.0000E-01 [cm]
  ymin  &=&  -1.2500E+00 [cm]
  ymax  &=&  -1.1500E+00 [cm]
e:

#------------------------------------------------------------------------------
 newpage:
#   no. =171   ix  =  6   iy  =  6
#   x = (  -3.0000E-01  -  -2.0000E-01  )
#   y = (  -1.1500E+00  -  -1.0500E+00  )

x: z[cm]
y: Dose [Gy/source]      
p: xlin ylog afac(0.8) form(0.9)
h: n            x            y(proton  ),hh0l n 
#  z-lower      z-upper        proton    r.err 
   9.8380E+01   9.8430E+01   8.2363E-03  0.0723
   9.8430E+01   9.8480E+01   8.8982E-03  0.0738
   9.8480E+01   9.8530E+01   8.9819E-03  0.0775
   9.8530E+01   9.8580E+01   9.2229E-03  0.0871

#   sum over    2.0000E-03   8.8348E-03  0.0689

'no. =171,  ix =  6,  iy =  6'
msuc: {\huge Histograma}
msdr: {\it plotted by \ANGEL \version}
msdl: {\it calculated by \PHITS  3.35}
wt: s(0.7)
\vspace{-3}
  xmin  &=&  -3.0000E-01 [cm]
  xmax  &=&  -2.0000E-01 [cm]
  ymin  &=&  -1.1500E+00 [cm]
  ymax  &=&  -1.0500E+00 [cm]
e:

#------------------------------------------------------------------------------
 newpage:
#   no. =172   ix  =  6   iy  =  7
#   x = (  -3.0000E-01  -  -2.0000E-01  )
#   y = (  -1.0500E+00  -  -9.5000E-01  )

x: z[cm]
y: Dose [Gy/source]      
p: xlin ylog afac(0.8) form(0.9)
h: n            x            y(proton  ),hh0l n 
#  z-lower      z-upper        proton    r.err 
   9.8380E+01   9.8430E+01   8.4331E-03  0.0733
   9.8430E+01   9.8480E+01   8.9916E-03  0.0749
   9.8480E+01   9.8530E+01   9.2943E-03  0.0797
   9.8530E+01   9.8580E+01   8.4434E-03  0.0888

#   sum over    2.0000E-03   8.7906E-03  0.0693

'no. =172,  ix =  6,  iy =  7'
msuc: {\huge Histograma}
msdr: {\it plotted by \ANGEL \version}
msdl: {\it calculated by \PHITS  3.35}
wt: s(0.7)
\vspace{-3}
  xmin  &=&  -3.0000E-01 [cm]
  xmax  &=&  -2.0000E-01 [cm]
  ymin  &=&  -1.0500E+00 [cm]
  ymax  &=&  -9.5000E-01 [cm]
e:

#------------------------------------------------------------------------------
 newpage:
#   no. =173   ix  =  6   iy  =  8
#   x = (  -3.0000E-01  -  -2.0000E-01  )
#   y = (  -9.5000E-01  -  -8.5000E-01  )

x: z[cm]
y: Dose [Gy/source]      
p: xlin ylog afac(0.8) form(0.9)
h: n            x            y(proton  ),hh0l n 
#  z-lower      z-upper        proton    r.err 
   9.8380E+01   9.8430E+01   8.3941E-03  0.0742
   9.8430E+01   9.8480E+01   8.7178E-03  0.0760
   9.8480E+01   9.8530E+01   8.3444E-03  0.0813
   9.8530E+01   9.8580E+01   8.1207E-03  0.0919

#   sum over    2.0000E-03   8.3942E-03  0.0701

'no. =173,  ix =  6,  iy =  8'
msuc: {\huge Histograma}
msdr: {\it plotted by \ANGEL \version}
msdl: {\it calculated by \PHITS  3.35}
wt: s(0.7)
\vspace{-3}
  xmin  &=&  -3.0000E-01 [cm]
  xmax  &=&  -2.0000E-01 [cm]
  ymin  &=&  -9.5000E-01 [cm]
  ymax  &=&  -8.5000E-01 [cm]
e:

#------------------------------------------------------------------------------
 newpage:
#   no. =174   ix  =  6   iy  =  9
#   x = (  -3.0000E-01  -  -2.0000E-01  )
#   y = (  -8.5000E-01  -  -7.5000E-01  )

x: z[cm]
y: Dose [Gy/source]      
p: xlin ylog afac(0.8) form(0.9)
h: n            x            y(proton  ),hh0l n 
#  z-lower      z-upper        proton    r.err 
   9.8380E+01   9.8430E+01   8.6150E-03  0.0727
   9.8430E+01   9.8480E+01   9.1993E-03  0.0754
   9.8480E+01   9.8530E+01   9.0644E-03  0.0813
   9.8530E+01   9.8580E+01   7.4081E-03  0.0963

#   sum over    2.0000E-03   8.5717E-03  0.0694

'no. =174,  ix =  6,  iy =  9'
msuc: {\huge Histograma}
msdr: {\it plotted by \ANGEL \version}
msdl: {\it calculated by \PHITS  3.35}
wt: s(0.7)
\vspace{-3}
  xmin  &=&  -3.0000E-01 [cm]
  xmax  &=&  -2.0000E-01 [cm]
  ymin  &=&  -8.5000E-01 [cm]
  ymax  &=&  -7.5000E-01 [cm]
e:

#------------------------------------------------------------------------------
 newpage:
#   no. =175   ix  =  6   iy  = 10
#   x = (  -3.0000E-01  -  -2.0000E-01  )
#   y = (  -7.5000E-01  -  -6.5000E-01  )

x: z[cm]
y: Dose [Gy/source]      
p: xlin ylog afac(0.8) form(0.9)
h: n            x            y(proton  ),hh0l n 
#  z-lower      z-upper        proton    r.err 
   9.8380E+01   9.8430E+01   8.1868E-03  0.0747
   9.8430E+01   9.8480E+01   8.4697E-03  0.0749
   9.8480E+01   9.8530E+01   8.6706E-03  0.0787
   9.8530E+01   9.8580E+01   8.8775E-03  0.0865

#   sum over    2.0000E-03   8.5511E-03  0.0690

'no. =175,  ix =  6,  iy = 10'
msuc: {\huge Histograma}
msdr: {\it plotted by \ANGEL \version}
msdl: {\it calculated by \PHITS  3.35}
wt: s(0.7)
\vspace{-3}
  xmin  &=&  -3.0000E-01 [cm]
  xmax  &=&  -2.0000E-01 [cm]
  ymin  &=&  -7.5000E-01 [cm]
  ymax  &=&  -6.5000E-01 [cm]
e:

#------------------------------------------------------------------------------
 newpage:
#   no. =176   ix  =  6   iy  = 11
#   x = (  -3.0000E-01  -  -2.0000E-01  )
#   y = (  -6.5000E-01  -  -5.5000E-01  )

x: z[cm]
y: Dose [Gy/source]      
p: xlin ylog afac(0.8) form(0.9)
h: n            x            y(proton  ),hh0l n 
#  z-lower      z-upper        proton    r.err 
   9.8380E+01   9.8430E+01   7.6937E-03  0.0744
   9.8430E+01   9.8480E+01   8.3117E-03  0.0764
   9.8480E+01   9.8530E+01   8.0991E-03  0.0820
   9.8530E+01   9.8580E+01   8.5508E-03  0.0895

#   sum over    2.0000E-03   8.1638E-03  0.0713

'no. =176,  ix =  6,  iy = 11'
msuc: {\huge Histograma}
msdr: {\it plotted by \ANGEL \version}
msdl: {\it calculated by \PHITS  3.35}
wt: s(0.7)
\vspace{-3}
  xmin  &=&  -3.0000E-01 [cm]
  xmax  &=&  -2.0000E-01 [cm]
  ymin  &=&  -6.5000E-01 [cm]
  ymax  &=&  -5.5000E-01 [cm]
e:

#------------------------------------------------------------------------------
 newpage:
#   no. =177   ix  =  6   iy  = 12
#   x = (  -3.0000E-01  -  -2.0000E-01  )
#   y = (  -5.5000E-01  -  -4.5000E-01  )

x: z[cm]
y: Dose [Gy/source]      
p: xlin ylog afac(0.8) form(0.9)
h: n            x            y(proton  ),hh0l n 
#  z-lower      z-upper        proton    r.err 
   9.8380E+01   9.8430E+01   7.3997E-03  0.0750
   9.8430E+01   9.8480E+01   8.4519E-03  0.0762
   9.8480E+01   9.8530E+01   8.3729E-03  0.0819
   9.8530E+01   9.8580E+01   8.4277E-03  0.0907

#   sum over    2.0000E-03   8.1631E-03  0.0722

'no. =177,  ix =  6,  iy = 12'
msuc: {\huge Histograma}
msdr: {\it plotted by \ANGEL \version}
msdl: {\it calculated by \PHITS  3.35}
wt: s(0.7)
\vspace{-3}
  xmin  &=&  -3.0000E-01 [cm]
  xmax  &=&  -2.0000E-01 [cm]
  ymin  &=&  -5.5000E-01 [cm]
  ymax  &=&  -4.5000E-01 [cm]
e:

#------------------------------------------------------------------------------
 newpage:
#   no. =178   ix  =  6   iy  = 13
#   x = (  -3.0000E-01  -  -2.0000E-01  )
#   y = (  -4.5000E-01  -  -3.5000E-01  )

x: z[cm]
y: Dose [Gy/source]      
p: xlin ylog afac(0.8) form(0.9)
h: n            x            y(proton  ),hh0l n 
#  z-lower      z-upper        proton    r.err 
   9.8380E+01   9.8430E+01   8.9537E-03  0.0741
   9.8430E+01   9.8480E+01   8.9836E-03  0.0767
   9.8480E+01   9.8530E+01   7.8322E-03  0.0867
   9.8530E+01   9.8580E+01   6.7023E-03  0.0994

#   sum over    2.0000E-03   8.1179E-03  0.0705

'no. =178,  ix =  6,  iy = 13'
msuc: {\huge Histograma}
msdr: {\it plotted by \ANGEL \version}
msdl: {\it calculated by \PHITS  3.35}
wt: s(0.7)
\vspace{-3}
  xmin  &=&  -3.0000E-01 [cm]
  xmax  &=&  -2.0000E-01 [cm]
  ymin  &=&  -4.5000E-01 [cm]
  ymax  &=&  -3.5000E-01 [cm]
e:

#------------------------------------------------------------------------------
 newpage:
#   no. =179   ix  =  6   iy  = 14
#   x = (  -3.0000E-01  -  -2.0000E-01  )
#   y = (  -3.5000E-01  -  -2.5000E-01  )

x: z[cm]
y: Dose [Gy/source]      
p: xlin ylog afac(0.8) form(0.9)
h: n            x            y(proton  ),hh0l n 
#  z-lower      z-upper        proton    r.err 
   9.8380E+01   9.8430E+01   7.3058E-03  0.0803
   9.8430E+01   9.8480E+01   7.1329E-03  0.0829
   9.8480E+01   9.8530E+01   7.0533E-03  0.0889
   9.8530E+01   9.8580E+01   7.1486E-03  0.0983

#   sum over    2.0000E-03   7.1601E-03  0.0761

'no. =179,  ix =  6,  iy = 14'
msuc: {\huge Histograma}
msdr: {\it plotted by \ANGEL \version}
msdl: {\it calculated by \PHITS  3.35}
wt: s(0.7)
\vspace{-3}
  xmin  &=&  -3.0000E-01 [cm]
  xmax  &=&  -2.0000E-01 [cm]
  ymin  &=&  -3.5000E-01 [cm]
  ymax  &=&  -2.5000E-01 [cm]
e:

#------------------------------------------------------------------------------
 newpage:
#   no. =180   ix  =  6   iy  = 15
#   x = (  -3.0000E-01  -  -2.0000E-01  )
#   y = (  -2.5000E-01  -  -1.5000E-01  )

x: z[cm]
y: Dose [Gy/source]      
p: xlin ylog afac(0.8) form(0.9)
h: n            x            y(proton  ),hh0l n 
#  z-lower      z-upper        proton    r.err 
   9.8380E+01   9.8430E+01   8.0333E-03  0.0735
   9.8430E+01   9.8480E+01   9.1256E-03  0.0752
   9.8480E+01   9.8530E+01   8.6325E-03  0.0812
   9.8530E+01   9.8580E+01   7.9158E-03  0.0919

#   sum over    2.0000E-03   8.4268E-03  0.0696

'no. =180,  ix =  6,  iy = 15'
msuc: {\huge Histograma}
msdr: {\it plotted by \ANGEL \version}
msdl: {\it calculated by \PHITS  3.35}
wt: s(0.7)
\vspace{-3}
  xmin  &=&  -3.0000E-01 [cm]
  xmax  &=&  -2.0000E-01 [cm]
  ymin  &=&  -2.5000E-01 [cm]
  ymax  &=&  -1.5000E-01 [cm]
e:

#------------------------------------------------------------------------------
 newpage:
#   no. =181   ix  =  6   iy  = 16
#   x = (  -3.0000E-01  -  -2.0000E-01  )
#   y = (  -1.5000E-01  -  -5.0000E-02  )

x: z[cm]
y: Dose [Gy/source]      
p: xlin ylog afac(0.8) form(0.9)
h: n            x            y(proton  ),hh0l n 
#  z-lower      z-upper        proton    r.err 
   9.8380E+01   9.8430E+01   7.2070E-03  0.0794
   9.8430E+01   9.8480E+01   7.6098E-03  0.0805
   9.8480E+01   9.8530E+01   7.7215E-03  0.0848
   9.8530E+01   9.8580E+01   7.2294E-03  0.0976

#   sum over    2.0000E-03   7.4419E-03  0.0743

'no. =181,  ix =  6,  iy = 16'
msuc: {\huge Histograma}
msdr: {\it plotted by \ANGEL \version}
msdl: {\it calculated by \PHITS  3.35}
wt: s(0.7)
\vspace{-3}
  xmin  &=&  -3.0000E-01 [cm]
  xmax  &=&  -2.0000E-01 [cm]
  ymin  &=&  -1.5000E-01 [cm]
  ymax  &=&  -5.0000E-02 [cm]
e:

#------------------------------------------------------------------------------
 newpage:
#   no. =182   ix  =  6   iy  = 17
#   x = (  -3.0000E-01  -  -2.0000E-01  )
#   y = (  -5.0000E-02  -   5.0000E-02  )

x: z[cm]
y: Dose [Gy/source]      
p: xlin ylog afac(0.8) form(0.9)
h: n            x            y(proton  ),hh0l n 
#  z-lower      z-upper        proton    r.err 
   9.8380E+01   9.8430E+01   7.3790E-03  0.0792
   9.8430E+01   9.8480E+01   7.5590E-03  0.0811
   9.8480E+01   9.8530E+01   7.4410E-03  0.0881
   9.8530E+01   9.8580E+01   6.9323E-03  0.0998

#   sum over    2.0000E-03   7.3278E-03  0.0754

'no. =182,  ix =  6,  iy = 17'
msuc: {\huge Histograma}
msdr: {\it plotted by \ANGEL \version}
msdl: {\it calculated by \PHITS  3.35}
wt: s(0.7)
\vspace{-3}
  xmin  &=&  -3.0000E-01 [cm]
  xmax  &=&  -2.0000E-01 [cm]
  ymin  &=&  -5.0000E-02 [cm]
  ymax  &=&   5.0000E-02 [cm]
e:

#------------------------------------------------------------------------------
 newpage:
#   no. =183   ix  =  6   iy  = 18
#   x = (  -3.0000E-01  -  -2.0000E-01  )
#   y = (   5.0000E-02  -   1.5000E-01  )

x: z[cm]
y: Dose [Gy/source]      
p: xlin ylog afac(0.8) form(0.9)
h: n            x            y(proton  ),hh0l n 
#  z-lower      z-upper        proton    r.err 
   9.8380E+01   9.8430E+01   7.3995E-03  0.0765
   9.8430E+01   9.8480E+01   7.7478E-03  0.0791
   9.8480E+01   9.8530E+01   7.8849E-03  0.0838
   9.8530E+01   9.8580E+01   8.1661E-03  0.0916

#   sum over    2.0000E-03   7.7996E-03  0.0732

'no. =183,  ix =  6,  iy = 18'
msuc: {\huge Histograma}
msdr: {\it plotted by \ANGEL \version}
msdl: {\it calculated by \PHITS  3.35}
wt: s(0.7)
\vspace{-3}
  xmin  &=&  -3.0000E-01 [cm]
  xmax  &=&  -2.0000E-01 [cm]
  ymin  &=&   5.0000E-02 [cm]
  ymax  &=&   1.5000E-01 [cm]
e:

#------------------------------------------------------------------------------
 newpage:
#   no. =184   ix  =  6   iy  = 19
#   x = (  -3.0000E-01  -  -2.0000E-01  )
#   y = (   1.5000E-01  -   2.5000E-01  )

x: z[cm]
y: Dose [Gy/source]      
p: xlin ylog afac(0.8) form(0.9)
h: n            x            y(proton  ),hh0l n 
#  z-lower      z-upper        proton    r.err 
   9.8380E+01   9.8430E+01   8.9175E-03  0.0734
   9.8430E+01   9.8480E+01   9.0935E-03  0.0765
   9.8480E+01   9.8530E+01   8.1495E-03  0.0825
   9.8530E+01   9.8580E+01   7.7114E-03  0.0946

#   sum over    2.0000E-03   8.4680E-03  0.0690

'no. =184,  ix =  6,  iy = 19'
msuc: {\huge Histograma}
msdr: {\it plotted by \ANGEL \version}
msdl: {\it calculated by \PHITS  3.35}
wt: s(0.7)
\vspace{-3}
  xmin  &=&  -3.0000E-01 [cm]
  xmax  &=&  -2.0000E-01 [cm]
  ymin  &=&   1.5000E-01 [cm]
  ymax  &=&   2.5000E-01 [cm]
e:

#------------------------------------------------------------------------------
 newpage:
#   no. =185   ix  =  6   iy  = 20
#   x = (  -3.0000E-01  -  -2.0000E-01  )
#   y = (   2.5000E-01  -   3.5000E-01  )

x: z[cm]
y: Dose [Gy/source]      
p: xlin ylog afac(0.8) form(0.9)
h: n            x            y(proton  ),hh0l n 
#  z-lower      z-upper        proton    r.err 
   9.8380E+01   9.8430E+01   8.7572E-03  0.0730
   9.8430E+01   9.8480E+01   8.8896E-03  0.0746
   9.8480E+01   9.8530E+01   8.9629E-03  0.0786
   9.8530E+01   9.8580E+01   9.2855E-03  0.0869

#   sum over    2.0000E-03   8.9738E-03  0.0682

'no. =185,  ix =  6,  iy = 20'
msuc: {\huge Histograma}
msdr: {\it plotted by \ANGEL \version}
msdl: {\it calculated by \PHITS  3.35}
wt: s(0.7)
\vspace{-3}
  xmin  &=&  -3.0000E-01 [cm]
  xmax  &=&  -2.0000E-01 [cm]
  ymin  &=&   2.5000E-01 [cm]
  ymax  &=&   3.5000E-01 [cm]
e:

#------------------------------------------------------------------------------
 newpage:
#   no. =186   ix  =  6   iy  = 21
#   x = (  -3.0000E-01  -  -2.0000E-01  )
#   y = (   3.5000E-01  -   4.5000E-01  )

x: z[cm]
y: Dose [Gy/source]      
p: xlin ylog afac(0.8) form(0.9)
h: n            x            y(proton  ),hh0l n 
#  z-lower      z-upper        proton    r.err 
   9.8380E+01   9.8430E+01   8.5640E-03  0.0739
   9.8430E+01   9.8480E+01   8.7574E-03  0.0756
   9.8480E+01   9.8530E+01   8.4189E-03  0.0824
   9.8530E+01   9.8580E+01   7.7833E-03  0.0939

#   sum over    2.0000E-03   8.3809E-03  0.0700

'no. =186,  ix =  6,  iy = 21'
msuc: {\huge Histograma}
msdr: {\it plotted by \ANGEL \version}
msdl: {\it calculated by \PHITS  3.35}
wt: s(0.7)
\vspace{-3}
  xmin  &=&  -3.0000E-01 [cm]
  xmax  &=&  -2.0000E-01 [cm]
  ymin  &=&   3.5000E-01 [cm]
  ymax  &=&   4.5000E-01 [cm]
e:

#------------------------------------------------------------------------------
 newpage:
#   no. =187   ix  =  6   iy  = 22
#   x = (  -3.0000E-01  -  -2.0000E-01  )
#   y = (   4.5000E-01  -   5.5000E-01  )

x: z[cm]
y: Dose [Gy/source]      
p: xlin ylog afac(0.8) form(0.9)
h: n            x            y(proton  ),hh0l n 
#  z-lower      z-upper        proton    r.err 
   9.8380E+01   9.8430E+01   8.1682E-03  0.0752
   9.8430E+01   9.8480E+01   8.9058E-03  0.0758
   9.8480E+01   9.8530E+01   8.8600E-03  0.0804
   9.8530E+01   9.8580E+01   7.7003E-03  0.0930

#   sum over    2.0000E-03   8.4086E-03  0.0699

'no. =187,  ix =  6,  iy = 22'
msuc: {\huge Histograma}
msdr: {\it plotted by \ANGEL \version}
msdl: {\it calculated by \PHITS  3.35}
wt: s(0.7)
\vspace{-3}
  xmin  &=&  -3.0000E-01 [cm]
  xmax  &=&  -2.0000E-01 [cm]
  ymin  &=&   4.5000E-01 [cm]
  ymax  &=&   5.5000E-01 [cm]
e:

#------------------------------------------------------------------------------
 newpage:
#   no. =188   ix  =  6   iy  = 23
#   x = (  -3.0000E-01  -  -2.0000E-01  )
#   y = (   5.5000E-01  -   6.5000E-01  )

x: z[cm]
y: Dose [Gy/source]      
p: xlin ylog afac(0.8) form(0.9)
h: n            x            y(proton  ),hh0l n 
#  z-lower      z-upper        proton    r.err 
   9.8380E+01   9.8430E+01   7.9986E-03  0.0746
   9.8430E+01   9.8480E+01   8.4258E-03  0.0772
   9.8480E+01   9.8530E+01   8.3813E-03  0.0798
   9.8530E+01   9.8580E+01   8.4695E-03  0.0896

#   sum over    2.0000E-03   8.3188E-03  0.0705

'no. =188,  ix =  6,  iy = 23'
msuc: {\huge Histograma}
msdr: {\it plotted by \ANGEL \version}
msdl: {\it calculated by \PHITS  3.35}
wt: s(0.7)
\vspace{-3}
  xmin  &=&  -3.0000E-01 [cm]
  xmax  &=&  -2.0000E-01 [cm]
  ymin  &=&   5.5000E-01 [cm]
  ymax  &=&   6.5000E-01 [cm]
e:

#------------------------------------------------------------------------------
 newpage:
#   no. =189   ix  =  6   iy  = 24
#   x = (  -3.0000E-01  -  -2.0000E-01  )
#   y = (   6.5000E-01  -   7.5000E-01  )

x: z[cm]
y: Dose [Gy/source]      
p: xlin ylog afac(0.8) form(0.9)
h: n            x            y(proton  ),hh0l n 
#  z-lower      z-upper        proton    r.err 
   9.8380E+01   9.8430E+01   8.2304E-03  0.0770
   9.8430E+01   9.8480E+01   8.0188E-03  0.0786
   9.8480E+01   9.8530E+01   7.6278E-03  0.0849
   9.8530E+01   9.8580E+01   7.0850E-03  0.0975

#   sum over    2.0000E-03   7.7405E-03  0.0719

'no. =189,  ix =  6,  iy = 24'
msuc: {\huge Histograma}
msdr: {\it plotted by \ANGEL \version}
msdl: {\it calculated by \PHITS  3.35}
wt: s(0.7)
\vspace{-3}
  xmin  &=&  -3.0000E-01 [cm]
  xmax  &=&  -2.0000E-01 [cm]
  ymin  &=&   6.5000E-01 [cm]
  ymax  &=&   7.5000E-01 [cm]
e:

#------------------------------------------------------------------------------
 newpage:
#   no. =190   ix  =  6   iy  = 25
#   x = (  -3.0000E-01  -  -2.0000E-01  )
#   y = (   7.5000E-01  -   8.5000E-01  )

x: z[cm]
y: Dose [Gy/source]      
p: xlin ylog afac(0.8) form(0.9)
h: n            x            y(proton  ),hh0l n 
#  z-lower      z-upper        proton    r.err 
   9.8380E+01   9.8430E+01   7.3218E-03  0.0799
   9.8430E+01   9.8480E+01   7.5455E-03  0.0827
   9.8480E+01   9.8530E+01   7.0638E-03  0.0887
   9.8530E+01   9.8580E+01   6.5872E-03  0.1014

#   sum over    2.0000E-03   7.1296E-03  0.0752

'no. =190,  ix =  6,  iy = 25'
msuc: {\huge Histograma}
msdr: {\it plotted by \ANGEL \version}
msdl: {\it calculated by \PHITS  3.35}
wt: s(0.7)
\vspace{-3}
  xmin  &=&  -3.0000E-01 [cm]
  xmax  &=&  -2.0000E-01 [cm]
  ymin  &=&   7.5000E-01 [cm]
  ymax  &=&   8.5000E-01 [cm]
e:

#------------------------------------------------------------------------------
 newpage:
#   no. =191   ix  =  6   iy  = 26
#   x = (  -3.0000E-01  -  -2.0000E-01  )
#   y = (   8.5000E-01  -   9.5000E-01  )

x: z[cm]
y: Dose [Gy/source]      
p: xlin ylog afac(0.8) form(0.9)
h: n            x            y(proton  ),hh0l n 
#  z-lower      z-upper        proton    r.err 
   9.8380E+01   9.8430E+01   6.8692E-03  0.0795
   9.8430E+01   9.8480E+01   7.3974E-03  0.0822
   9.8480E+01   9.8530E+01   7.4112E-03  0.0860
   9.8530E+01   9.8580E+01   7.7441E-03  0.0945

#   sum over    2.0000E-03   7.3555E-03  0.0758

'no. =191,  ix =  6,  iy = 26'
msuc: {\huge Histograma}
msdr: {\it plotted by \ANGEL \version}
msdl: {\it calculated by \PHITS  3.35}
wt: s(0.7)
\vspace{-3}
  xmin  &=&  -3.0000E-01 [cm]
  xmax  &=&  -2.0000E-01 [cm]
  ymin  &=&   8.5000E-01 [cm]
  ymax  &=&   9.5000E-01 [cm]
e:

#------------------------------------------------------------------------------
 newpage:
#   no. =192   ix  =  6   iy  = 27
#   x = (  -3.0000E-01  -  -2.0000E-01  )
#   y = (   9.5000E-01  -   1.0500E+00  )

x: z[cm]
y: Dose [Gy/source]      
p: xlin ylog afac(0.8) form(0.9)
h: n            x            y(proton  ),hh0l n 
#  z-lower      z-upper        proton    r.err 
   9.8380E+01   9.8430E+01   6.9848E-03  0.0768
   9.8430E+01   9.8480E+01   8.0946E-03  0.0778
   9.8480E+01   9.8530E+01   8.8087E-03  0.0814
   9.8530E+01   9.8580E+01   8.0312E-03  0.0939

#   sum over    2.0000E-03   7.9798E-03  0.0733

'no. =192,  ix =  6,  iy = 27'
msuc: {\huge Histograma}
msdr: {\it plotted by \ANGEL \version}
msdl: {\it calculated by \PHITS  3.35}
wt: s(0.7)
\vspace{-3}
  xmin  &=&  -3.0000E-01 [cm]
  xmax  &=&  -2.0000E-01 [cm]
  ymin  &=&   9.5000E-01 [cm]
  ymax  &=&   1.0500E+00 [cm]
e:

#------------------------------------------------------------------------------
 newpage:
#   no. =193   ix  =  6   iy  = 28
#   x = (  -3.0000E-01  -  -2.0000E-01  )
#   y = (   1.0500E+00  -   1.1500E+00  )

x: z[cm]
y: Dose [Gy/source]      
p: xlin ylog afac(0.8) form(0.9)
h: n            x            y(proton  ),hh0l n 
#  z-lower      z-upper        proton    r.err 
   9.8380E+01   9.8430E+01   9.1173E-03  0.0725
   9.8430E+01   9.8480E+01   9.1028E-03  0.0751
   9.8480E+01   9.8530E+01   8.6427E-03  0.0798
   9.8530E+01   9.8580E+01   8.3967E-03  0.0898

#   sum over    2.0000E-03   8.8149E-03  0.0681

'no. =193,  ix =  6,  iy = 28'
msuc: {\huge Histograma}
msdr: {\it plotted by \ANGEL \version}
msdl: {\it calculated by \PHITS  3.35}
wt: s(0.7)
\vspace{-3}
  xmin  &=&  -3.0000E-01 [cm]
  xmax  &=&  -2.0000E-01 [cm]
  ymin  &=&   1.0500E+00 [cm]
  ymax  &=&   1.1500E+00 [cm]
e:

#------------------------------------------------------------------------------
 newpage:
#   no. =194   ix  =  6   iy  = 29
#   x = (  -3.0000E-01  -  -2.0000E-01  )
#   y = (   1.1500E+00  -   1.2500E+00  )

x: z[cm]
y: Dose [Gy/source]      
p: xlin ylog afac(0.8) form(0.9)
h: n            x            y(proton  ),hh0l n 
#  z-lower      z-upper        proton    r.err 
   9.8380E+01   9.8430E+01   9.3220E-03  0.0718
   9.8430E+01   9.8480E+01   9.1410E-03  0.0741
   9.8480E+01   9.8530E+01   9.0331E-03  0.0797
   9.8530E+01   9.8580E+01   8.5414E-03  0.0879

#   sum over    2.0000E-03   9.0094E-03  0.0673

'no. =194,  ix =  6,  iy = 29'
msuc: {\huge Histograma}
msdr: {\it plotted by \ANGEL \version}
msdl: {\it calculated by \PHITS  3.35}
wt: s(0.7)
\vspace{-3}
  xmin  &=&  -3.0000E-01 [cm]
  xmax  &=&  -2.0000E-01 [cm]
  ymin  &=&   1.1500E+00 [cm]
  ymax  &=&   1.2500E+00 [cm]
e:

#------------------------------------------------------------------------------
 newpage:
#   no. =195   ix  =  6   iy  = 30
#   x = (  -3.0000E-01  -  -2.0000E-01  )
#   y = (   1.2500E+00  -   1.3500E+00  )

x: z[cm]
y: Dose [Gy/source]      
p: xlin ylog afac(0.8) form(0.9)
h: n            x            y(proton  ),hh0l n 
#  z-lower      z-upper        proton    r.err 
   9.8380E+01   9.8430E+01   8.0861E-03  0.0758
   9.8430E+01   9.8480E+01   7.9266E-03  0.0760
   9.8480E+01   9.8530E+01   8.3786E-03  0.0806
   9.8530E+01   9.8580E+01   8.6168E-03  0.0882

#   sum over    2.0000E-03   8.2520E-03  0.0707

'no. =195,  ix =  6,  iy = 30'
msuc: {\huge Histograma}
msdr: {\it plotted by \ANGEL \version}
msdl: {\it calculated by \PHITS  3.35}
wt: s(0.7)
\vspace{-3}
  xmin  &=&  -3.0000E-01 [cm]
  xmax  &=&  -2.0000E-01 [cm]
  ymin  &=&   1.2500E+00 [cm]
  ymax  &=&   1.3500E+00 [cm]
e:

#------------------------------------------------------------------------------
 newpage:
#   no. =196   ix  =  6   iy  = 31
#   x = (  -3.0000E-01  -  -2.0000E-01  )
#   y = (   1.3500E+00  -   1.4500E+00  )

x: z[cm]
y: Dose [Gy/source]      
p: xlin ylog afac(0.8) form(0.9)
h: n            x            y(proton  ),hh0l n 
#  z-lower      z-upper        proton    r.err 
   9.8380E+01   9.8430E+01   8.8562E-03  0.0717
   9.8430E+01   9.8480E+01   9.1860E-03  0.0736
   9.8480E+01   9.8530E+01   8.9051E-03  0.0782
   9.8530E+01   9.8580E+01   9.6052E-03  0.0849

#   sum over    2.0000E-03   9.1381E-03  0.0673

'no. =196,  ix =  6,  iy = 31'
msuc: {\huge Histograma}
msdr: {\it plotted by \ANGEL \version}
msdl: {\it calculated by \PHITS  3.35}
wt: s(0.7)
\vspace{-3}
  xmin  &=&  -3.0000E-01 [cm]
  xmax  &=&  -2.0000E-01 [cm]
  ymin  &=&   1.3500E+00 [cm]
  ymax  &=&   1.4500E+00 [cm]
e:

#------------------------------------------------------------------------------
 newpage:
#   no. =197   ix  =  6   iy  = 32
#   x = (  -3.0000E-01  -  -2.0000E-01  )
#   y = (   1.4500E+00  -   1.5500E+00  )

x: z[cm]
y: Dose [Gy/source]      
p: xlin ylog afac(0.8) form(0.9)
h: n            x            y(proton  ),hh0l n 
#  z-lower      z-upper        proton    r.err 
   9.8380E+01   9.8430E+01   7.3035E-03  0.0788
   9.8430E+01   9.8480E+01   7.7545E-03  0.0801
   9.8480E+01   9.8530E+01   7.3373E-03  0.0866
   9.8530E+01   9.8580E+01   7.6655E-03  0.0970

#   sum over    2.0000E-03   7.5152E-03  0.0744

'no. =197,  ix =  6,  iy = 32'
msuc: {\huge Histograma}
msdr: {\it plotted by \ANGEL \version}
msdl: {\it calculated by \PHITS  3.35}
wt: s(0.7)
\vspace{-3}
  xmin  &=&  -3.0000E-01 [cm]
  xmax  &=&  -2.0000E-01 [cm]
  ymin  &=&   1.4500E+00 [cm]
  ymax  &=&   1.5500E+00 [cm]
e:

#------------------------------------------------------------------------------
 newpage:
#   no. =198   ix  =  6   iy  = 33
#   x = (  -3.0000E-01  -  -2.0000E-01  )
#   y = (   1.5500E+00  -   1.6500E+00  )

x: z[cm]
y: Dose [Gy/source]      
p: xlin ylog afac(0.8) form(0.9)
h: n            x            y(proton  ),hh0l n 
#  z-lower      z-upper        proton    r.err 
   9.8380E+01   9.8430E+01   7.1667E-03  0.0769
   9.8430E+01   9.8480E+01   8.0313E-03  0.0795
   9.8480E+01   9.8530E+01   7.7154E-03  0.0840
   9.8530E+01   9.8580E+01   7.4560E-03  0.0952

#   sum over    2.0000E-03   7.5924E-03  0.0739

'no. =198,  ix =  6,  iy = 33'
msuc: {\huge Histograma}
msdr: {\it plotted by \ANGEL \version}
msdl: {\it calculated by \PHITS  3.35}
wt: s(0.7)
\vspace{-3}
  xmin  &=&  -3.0000E-01 [cm]
  xmax  &=&  -2.0000E-01 [cm]
  ymin  &=&   1.5500E+00 [cm]
  ymax  &=&   1.6500E+00 [cm]
e:

#------------------------------------------------------------------------------
 newpage:
#   no. =199   ix  =  7   iy  =  1
#   x = (  -2.0000E-01  -  -1.0000E-01  )
#   y = (  -1.6500E+00  -  -1.5500E+00  )

x: z[cm]
y: Dose [Gy/source]      
p: xlin ylog afac(0.8) form(0.9)
h: n            x            y(proton  ),hh0l n 
#  z-lower      z-upper        proton    r.err 
   9.8380E+01   9.8430E+01   0.0000E+00  0.0000
   9.8430E+01   9.8480E+01   0.0000E+00  0.0000
   9.8480E+01   9.8530E+01   0.0000E+00  0.0000
   9.8530E+01   9.8580E+01   0.0000E+00  0.0000

#   sum over    2.0000E-03   0.0000E+00  0.0000

'no. =199,  ix =  7,  iy =  1'
msuc: {\huge Histograma}
msdr: {\it plotted by \ANGEL \version}
msdl: {\it calculated by \PHITS  3.35}
wt: s(0.7)
\vspace{-3}
  xmin  &=&  -2.0000E-01 [cm]
  xmax  &=&  -1.0000E-01 [cm]
  ymin  &=&  -1.6500E+00 [cm]
  ymax  &=&  -1.5500E+00 [cm]
e:

#------------------------------------------------------------------------------
 newpage:
#   no. =200   ix  =  7   iy  =  2
#   x = (  -2.0000E-01  -  -1.0000E-01  )
#   y = (  -1.5500E+00  -  -1.4500E+00  )

x: z[cm]
y: Dose [Gy/source]      
p: xlin ylog afac(0.8) form(0.9)
h: n            x            y(proton  ),hh0l n 
#  z-lower      z-upper        proton    r.err 
   9.8380E+01   9.8430E+01   0.0000E+00  0.0000
   9.8430E+01   9.8480E+01   0.0000E+00  0.0000
   9.8480E+01   9.8530E+01   0.0000E+00  0.0000
   9.8530E+01   9.8580E+01   0.0000E+00  0.0000

#   sum over    2.0000E-03   0.0000E+00  0.0000

'no. =200,  ix =  7,  iy =  2'
msuc: {\huge Histograma}
msdr: {\it plotted by \ANGEL \version}
msdl: {\it calculated by \PHITS  3.35}
wt: s(0.7)
\vspace{-3}
  xmin  &=&  -2.0000E-01 [cm]
  xmax  &=&  -1.0000E-01 [cm]
  ymin  &=&  -1.5500E+00 [cm]
  ymax  &=&  -1.4500E+00 [cm]
e:

#------------------------------------------------------------------------------
 newpage:
#   no. =201   ix  =  7   iy  =  3
#   x = (  -2.0000E-01  -  -1.0000E-01  )
#   y = (  -1.4500E+00  -  -1.3500E+00  )

x: z[cm]
y: Dose [Gy/source]      
p: xlin ylog afac(0.8) form(0.9)
h: n            x            y(proton  ),hh0l n 
#  z-lower      z-upper        proton    r.err 
   9.8380E+01   9.8430E+01   0.0000E+00  0.0000
   9.8430E+01   9.8480E+01   0.0000E+00  0.0000
   9.8480E+01   9.8530E+01   0.0000E+00  0.0000
   9.8530E+01   9.8580E+01   0.0000E+00  0.0000

#   sum over    2.0000E-03   0.0000E+00  0.0000

'no. =201,  ix =  7,  iy =  3'
msuc: {\huge Histograma}
msdr: {\it plotted by \ANGEL \version}
msdl: {\it calculated by \PHITS  3.35}
wt: s(0.7)
\vspace{-3}
  xmin  &=&  -2.0000E-01 [cm]
  xmax  &=&  -1.0000E-01 [cm]
  ymin  &=&  -1.4500E+00 [cm]
  ymax  &=&  -1.3500E+00 [cm]
e:

#------------------------------------------------------------------------------
 newpage:
#   no. =202   ix  =  7   iy  =  4
#   x = (  -2.0000E-01  -  -1.0000E-01  )
#   y = (  -1.3500E+00  -  -1.2500E+00  )

x: z[cm]
y: Dose [Gy/source]      
p: xlin ylog afac(0.8) form(0.9)
h: n            x            y(proton  ),hh0l n 
#  z-lower      z-upper        proton    r.err 
   9.8380E+01   9.8430E+01   5.5074E-03  0.0865
   9.8430E+01   9.8480E+01   6.5199E-03  0.0889
   9.8480E+01   9.8530E+01   6.3836E-03  0.0950
   9.8530E+01   9.8580E+01   6.2278E-03  0.1067

#   sum over    2.0000E-03   6.1597E-03  0.0831

'no. =202,  ix =  7,  iy =  4'
msuc: {\huge Histograma}
msdr: {\it plotted by \ANGEL \version}
msdl: {\it calculated by \PHITS  3.35}
wt: s(0.7)
\vspace{-3}
  xmin  &=&  -2.0000E-01 [cm]
  xmax  &=&  -1.0000E-01 [cm]
  ymin  &=&  -1.3500E+00 [cm]
  ymax  &=&  -1.2500E+00 [cm]
e:

#------------------------------------------------------------------------------
 newpage:
#   no. =203   ix  =  7   iy  =  5
#   x = (  -2.0000E-01  -  -1.0000E-01  )
#   y = (  -1.2500E+00  -  -1.1500E+00  )

x: z[cm]
y: Dose [Gy/source]      
p: xlin ylog afac(0.8) form(0.9)
h: n            x            y(proton  ),hh0l n 
#  z-lower      z-upper        proton    r.err 
   9.8380E+01   9.8430E+01   7.2446E-03  0.0794
   9.8430E+01   9.8480E+01   7.5667E-03  0.0806
   9.8480E+01   9.8530E+01   7.0490E-03  0.0862
   9.8530E+01   9.8580E+01   7.2455E-03  0.0965

#   sum over    2.0000E-03   7.2765E-03  0.0749

'no. =203,  ix =  7,  iy =  5'
msuc: {\huge Histograma}
msdr: {\it plotted by \ANGEL \version}
msdl: {\it calculated by \PHITS  3.35}
wt: s(0.7)
\vspace{-3}
  xmin  &=&  -2.0000E-01 [cm]
  xmax  &=&  -1.0000E-01 [cm]
  ymin  &=&  -1.2500E+00 [cm]
  ymax  &=&  -1.1500E+00 [cm]
e:

#------------------------------------------------------------------------------
 newpage:
#   no. =204   ix  =  7   iy  =  6
#   x = (  -2.0000E-01  -  -1.0000E-01  )
#   y = (  -1.1500E+00  -  -1.0500E+00  )

x: z[cm]
y: Dose [Gy/source]      
p: xlin ylog afac(0.8) form(0.9)
h: n            x            y(proton  ),hh0l n 
#  z-lower      z-upper        proton    r.err 
   9.8380E+01   9.8430E+01   8.3322E-03  0.0744
   9.8430E+01   9.8480E+01   8.5379E-03  0.0759
   9.8480E+01   9.8530E+01   8.3458E-03  0.0809
   9.8530E+01   9.8580E+01   8.7591E-03  0.0897

#   sum over    2.0000E-03   8.4937E-03  0.0700

'no. =204,  ix =  7,  iy =  6'
msuc: {\huge Histograma}
msdr: {\it plotted by \ANGEL \version}
msdl: {\it calculated by \PHITS  3.35}
wt: s(0.7)
\vspace{-3}
  xmin  &=&  -2.0000E-01 [cm]
  xmax  &=&  -1.0000E-01 [cm]
  ymin  &=&  -1.1500E+00 [cm]
  ymax  &=&  -1.0500E+00 [cm]
e:

#------------------------------------------------------------------------------
 newpage:
#   no. =205   ix  =  7   iy  =  7
#   x = (  -2.0000E-01  -  -1.0000E-01  )
#   y = (  -1.0500E+00  -  -9.5000E-01  )

x: z[cm]
y: Dose [Gy/source]      
p: xlin ylog afac(0.8) form(0.9)
h: n            x            y(proton  ),hh0l n 
#  z-lower      z-upper        proton    r.err 
   9.8380E+01   9.8430E+01   7.0936E-03  0.0792
   9.8430E+01   9.8480E+01   7.5819E-03  0.0798
   9.8480E+01   9.8530E+01   7.4833E-03  0.0849
   9.8530E+01   9.8580E+01   8.8238E-03  0.0902

#   sum over    2.0000E-03   7.7456E-03  0.0740

'no. =205,  ix =  7,  iy =  7'
msuc: {\huge Histograma}
msdr: {\it plotted by \ANGEL \version}
msdl: {\it calculated by \PHITS  3.35}
wt: s(0.7)
\vspace{-3}
  xmin  &=&  -2.0000E-01 [cm]
  xmax  &=&  -1.0000E-01 [cm]
  ymin  &=&  -1.0500E+00 [cm]
  ymax  &=&  -9.5000E-01 [cm]
e:

#------------------------------------------------------------------------------
 newpage:
#   no. =206   ix  =  7   iy  =  8
#   x = (  -2.0000E-01  -  -1.0000E-01  )
#   y = (  -9.5000E-01  -  -8.5000E-01  )

x: z[cm]
y: Dose [Gy/source]      
p: xlin ylog afac(0.8) form(0.9)
h: n            x            y(proton  ),hh0l n 
#  z-lower      z-upper        proton    r.err 
   9.8380E+01   9.8430E+01   8.0707E-03  0.0742
   9.8430E+01   9.8480E+01   8.3794E-03  0.0765
   9.8480E+01   9.8530E+01   9.2039E-03  0.0807
   9.8530E+01   9.8580E+01   7.5331E-03  0.0943

#   sum over    2.0000E-03   8.2968E-03  0.0708

'no. =206,  ix =  7,  iy =  8'
msuc: {\huge Histograma}
msdr: {\it plotted by \ANGEL \version}
msdl: {\it calculated by \PHITS  3.35}
wt: s(0.7)
\vspace{-3}
  xmin  &=&  -2.0000E-01 [cm]
  xmax  &=&  -1.0000E-01 [cm]
  ymin  &=&  -9.5000E-01 [cm]
  ymax  &=&  -8.5000E-01 [cm]
e:

#------------------------------------------------------------------------------
 newpage:
#   no. =207   ix  =  7   iy  =  9
#   x = (  -2.0000E-01  -  -1.0000E-01  )
#   y = (  -8.5000E-01  -  -7.5000E-01  )

x: z[cm]
y: Dose [Gy/source]      
p: xlin ylog afac(0.8) form(0.9)
h: n            x            y(proton  ),hh0l n 
#  z-lower      z-upper        proton    r.err 
   9.8380E+01   9.8430E+01   7.4593E-03  0.0768
   9.8430E+01   9.8480E+01   8.1483E-03  0.0783
   9.8480E+01   9.8530E+01   7.7599E-03  0.0846
   9.8530E+01   9.8580E+01   7.4311E-03  0.0967

#   sum over    2.0000E-03   7.6997E-03  0.0735

'no. =207,  ix =  7,  iy =  9'
msuc: {\huge Histograma}
msdr: {\it plotted by \ANGEL \version}
msdl: {\it calculated by \PHITS  3.35}
wt: s(0.7)
\vspace{-3}
  xmin  &=&  -2.0000E-01 [cm]
  xmax  &=&  -1.0000E-01 [cm]
  ymin  &=&  -8.5000E-01 [cm]
  ymax  &=&  -7.5000E-01 [cm]
e:

#------------------------------------------------------------------------------
 newpage:
#   no. =208   ix  =  7   iy  = 10
#   x = (  -2.0000E-01  -  -1.0000E-01  )
#   y = (  -7.5000E-01  -  -6.5000E-01  )

x: z[cm]
y: Dose [Gy/source]      
p: xlin ylog afac(0.8) form(0.9)
h: n            x            y(proton  ),hh0l n 
#  z-lower      z-upper        proton    r.err 
   9.8380E+01   9.8430E+01   8.3528E-03  0.0745
   9.8430E+01   9.8480E+01   8.6184E-03  0.0757
   9.8480E+01   9.8530E+01   8.6766E-03  0.0830
   9.8530E+01   9.8580E+01   8.0099E-03  0.0927

#   sum over    2.0000E-03   8.4144E-03  0.0705

'no. =208,  ix =  7,  iy = 10'
msuc: {\huge Histograma}
msdr: {\it plotted by \ANGEL \version}
msdl: {\it calculated by \PHITS  3.35}
wt: s(0.7)
\vspace{-3}
  xmin  &=&  -2.0000E-01 [cm]
  xmax  &=&  -1.0000E-01 [cm]
  ymin  &=&  -7.5000E-01 [cm]
  ymax  &=&  -6.5000E-01 [cm]
e:

#------------------------------------------------------------------------------
 newpage:
#   no. =209   ix  =  7   iy  = 11
#   x = (  -2.0000E-01  -  -1.0000E-01  )
#   y = (  -6.5000E-01  -  -5.5000E-01  )

x: z[cm]
y: Dose [Gy/source]      
p: xlin ylog afac(0.8) form(0.9)
h: n            x            y(proton  ),hh0l n 
#  z-lower      z-upper        proton    r.err 
   9.8380E+01   9.8430E+01   7.3844E-03  0.0781
   9.8430E+01   9.8480E+01   7.6458E-03  0.0795
   9.8480E+01   9.8530E+01   7.7696E-03  0.0841
   9.8530E+01   9.8580E+01   7.5752E-03  0.0939

#   sum over    2.0000E-03   7.5937E-03  0.0731

'no. =209,  ix =  7,  iy = 11'
msuc: {\huge Histograma}
msdr: {\it plotted by \ANGEL \version}
msdl: {\it calculated by \PHITS  3.35}
wt: s(0.7)
\vspace{-3}
  xmin  &=&  -2.0000E-01 [cm]
  xmax  &=&  -1.0000E-01 [cm]
  ymin  &=&  -6.5000E-01 [cm]
  ymax  &=&  -5.5000E-01 [cm]
e:

#------------------------------------------------------------------------------
 newpage:
#   no. =210   ix  =  7   iy  = 12
#   x = (  -2.0000E-01  -  -1.0000E-01  )
#   y = (  -5.5000E-01  -  -4.5000E-01  )

x: z[cm]
y: Dose [Gy/source]      
p: xlin ylog afac(0.8) form(0.9)
h: n            x            y(proton  ),hh0l n 
#  z-lower      z-upper        proton    r.err 
   9.8380E+01   9.8430E+01   7.6533E-03  0.0763
   9.8430E+01   9.8480E+01   7.9872E-03  0.0790
   9.8480E+01   9.8530E+01   7.5317E-03  0.0859
   9.8530E+01   9.8580E+01   8.3177E-03  0.0924

#   sum over    2.0000E-03   7.8725E-03  0.0730

'no. =210,  ix =  7,  iy = 12'
msuc: {\huge Histograma}
msdr: {\it plotted by \ANGEL \version}
msdl: {\it calculated by \PHITS  3.35}
wt: s(0.7)
\vspace{-3}
  xmin  &=&  -2.0000E-01 [cm]
  xmax  &=&  -1.0000E-01 [cm]
  ymin  &=&  -5.5000E-01 [cm]
  ymax  &=&  -4.5000E-01 [cm]
e:

#------------------------------------------------------------------------------
 newpage:
#   no. =211   ix  =  7   iy  = 13
#   x = (  -2.0000E-01  -  -1.0000E-01  )
#   y = (  -4.5000E-01  -  -3.5000E-01  )

x: z[cm]
y: Dose [Gy/source]      
p: xlin ylog afac(0.8) form(0.9)
h: n            x            y(proton  ),hh0l n 
#  z-lower      z-upper        proton    r.err 
   9.8380E+01   9.8430E+01   7.0189E-03  0.0822
   9.8430E+01   9.8480E+01   6.7540E-03  0.0848
   9.8480E+01   9.8530E+01   6.7058E-03  0.0910
   9.8530E+01   9.8580E+01   6.6412E-03  0.1010

#   sum over    2.0000E-03   6.7800E-03  0.0778

'no. =211,  ix =  7,  iy = 13'
msuc: {\huge Histograma}
msdr: {\it plotted by \ANGEL \version}
msdl: {\it calculated by \PHITS  3.35}
wt: s(0.7)
\vspace{-3}
  xmin  &=&  -2.0000E-01 [cm]
  xmax  &=&  -1.0000E-01 [cm]
  ymin  &=&  -4.5000E-01 [cm]
  ymax  &=&  -3.5000E-01 [cm]
e:

#------------------------------------------------------------------------------
 newpage:
#   no. =212   ix  =  7   iy  = 14
#   x = (  -2.0000E-01  -  -1.0000E-01  )
#   y = (  -3.5000E-01  -  -2.5000E-01  )

x: z[cm]
y: Dose [Gy/source]      
p: xlin ylog afac(0.8) form(0.9)
h: n            x            y(proton  ),hh0l n 
#  z-lower      z-upper        proton    r.err 
   9.8380E+01   9.8430E+01   7.4191E-03  0.0790
   9.8430E+01   9.8480E+01   7.8540E-03  0.0813
   9.8480E+01   9.8530E+01   7.7627E-03  0.0875
   9.8530E+01   9.8580E+01   5.9677E-03  0.1084

#   sum over    2.0000E-03   7.2509E-03  0.0755

'no. =212,  ix =  7,  iy = 14'
msuc: {\huge Histograma}
msdr: {\it plotted by \ANGEL \version}
msdl: {\it calculated by \PHITS  3.35}
wt: s(0.7)
\vspace{-3}
  xmin  &=&  -2.0000E-01 [cm]
  xmax  &=&  -1.0000E-01 [cm]
  ymin  &=&  -3.5000E-01 [cm]
  ymax  &=&  -2.5000E-01 [cm]
e:

#------------------------------------------------------------------------------
 newpage:
#   no. =213   ix  =  7   iy  = 15
#   x = (  -2.0000E-01  -  -1.0000E-01  )
#   y = (  -2.5000E-01  -  -1.5000E-01  )

x: z[cm]
y: Dose [Gy/source]      
p: xlin ylog afac(0.8) form(0.9)
h: n            x            y(proton  ),hh0l n 
#  z-lower      z-upper        proton    r.err 
   9.8380E+01   9.8430E+01   7.6540E-03  0.0754
   9.8430E+01   9.8480E+01   8.4772E-03  0.0774
   9.8480E+01   9.8530E+01   8.9066E-03  0.0808
   9.8530E+01   9.8580E+01   7.6255E-03  0.0952

#   sum over    2.0000E-03   8.1658E-03  0.0712

'no. =213,  ix =  7,  iy = 15'
msuc: {\huge Histograma}
msdr: {\it plotted by \ANGEL \version}
msdl: {\it calculated by \PHITS  3.35}
wt: s(0.7)
\vspace{-3}
  xmin  &=&  -2.0000E-01 [cm]
  xmax  &=&  -1.0000E-01 [cm]
  ymin  &=&  -2.5000E-01 [cm]
  ymax  &=&  -1.5000E-01 [cm]
e:

#------------------------------------------------------------------------------
 newpage:
#   no. =214   ix  =  7   iy  = 16
#   x = (  -2.0000E-01  -  -1.0000E-01  )
#   y = (  -1.5000E-01  -  -5.0000E-02  )

x: z[cm]
y: Dose [Gy/source]      
p: xlin ylog afac(0.8) form(0.9)
h: n            x            y(proton  ),hh0l n 
#  z-lower      z-upper        proton    r.err 
   9.8380E+01   9.8430E+01   8.3244E-03  0.0765
   9.8430E+01   9.8480E+01   7.9101E-03  0.0801
   9.8480E+01   9.8530E+01   7.2862E-03  0.0884
   9.8530E+01   9.8580E+01   6.7005E-03  0.0993

#   sum over    2.0000E-03   7.5553E-03  0.0727

'no. =214,  ix =  7,  iy = 16'
msuc: {\huge Histograma}
msdr: {\it plotted by \ANGEL \version}
msdl: {\it calculated by \PHITS  3.35}
wt: s(0.7)
\vspace{-3}
  xmin  &=&  -2.0000E-01 [cm]
  xmax  &=&  -1.0000E-01 [cm]
  ymin  &=&  -1.5000E-01 [cm]
  ymax  &=&  -5.0000E-02 [cm]
e:

#------------------------------------------------------------------------------
 newpage:
#   no. =215   ix  =  7   iy  = 17
#   x = (  -2.0000E-01  -  -1.0000E-01  )
#   y = (  -5.0000E-02  -   5.0000E-02  )

x: z[cm]
y: Dose [Gy/source]      
p: xlin ylog afac(0.8) form(0.9)
h: n            x            y(proton  ),hh0l n 
#  z-lower      z-upper        proton    r.err 
   9.8380E+01   9.8430E+01   7.7749E-03  0.0767
   9.8430E+01   9.8480E+01   8.0053E-03  0.0775
   9.8480E+01   9.8530E+01   7.5445E-03  0.0827
   9.8530E+01   9.8580E+01   8.1030E-03  0.0916

#   sum over    2.0000E-03   7.8569E-03  0.0723

'no. =215,  ix =  7,  iy = 17'
msuc: {\huge Histograma}
msdr: {\it plotted by \ANGEL \version}
msdl: {\it calculated by \PHITS  3.35}
wt: s(0.7)
\vspace{-3}
  xmin  &=&  -2.0000E-01 [cm]
  xmax  &=&  -1.0000E-01 [cm]
  ymin  &=&  -5.0000E-02 [cm]
  ymax  &=&   5.0000E-02 [cm]
e:

#------------------------------------------------------------------------------
 newpage:
#   no. =216   ix  =  7   iy  = 18
#   x = (  -2.0000E-01  -  -1.0000E-01  )
#   y = (   5.0000E-02  -   1.5000E-01  )

x: z[cm]
y: Dose [Gy/source]      
p: xlin ylog afac(0.8) form(0.9)
h: n            x            y(proton  ),hh0l n 
#  z-lower      z-upper        proton    r.err 
   9.8380E+01   9.8430E+01   7.7721E-03  0.0763
   9.8430E+01   9.8480E+01   8.5809E-03  0.0770
   9.8480E+01   9.8530E+01   8.4242E-03  0.0829
   9.8530E+01   9.8580E+01   6.9766E-03  0.0991

#   sum over    2.0000E-03   7.9384E-03  0.0719

'no. =216,  ix =  7,  iy = 18'
msuc: {\huge Histograma}
msdr: {\it plotted by \ANGEL \version}
msdl: {\it calculated by \PHITS  3.35}
wt: s(0.7)
\vspace{-3}
  xmin  &=&  -2.0000E-01 [cm]
  xmax  &=&  -1.0000E-01 [cm]
  ymin  &=&   5.0000E-02 [cm]
  ymax  &=&   1.5000E-01 [cm]
e:

#------------------------------------------------------------------------------
 newpage:
#   no. =217   ix  =  7   iy  = 19
#   x = (  -2.0000E-01  -  -1.0000E-01  )
#   y = (   1.5000E-01  -   2.5000E-01  )

x: z[cm]
y: Dose [Gy/source]      
p: xlin ylog afac(0.8) form(0.9)
h: n            x            y(proton  ),hh0l n 
#  z-lower      z-upper        proton    r.err 
   9.8380E+01   9.8430E+01   7.3105E-03  0.0787
   9.8430E+01   9.8480E+01   7.7287E-03  0.0782
   9.8480E+01   9.8530E+01   8.3602E-03  0.0825
   9.8530E+01   9.8580E+01   8.1707E-03  0.0929

#   sum over    2.0000E-03   7.8925E-03  0.0736

'no. =217,  ix =  7,  iy = 19'
msuc: {\huge Histograma}
msdr: {\it plotted by \ANGEL \version}
msdl: {\it calculated by \PHITS  3.35}
wt: s(0.7)
\vspace{-3}
  xmin  &=&  -2.0000E-01 [cm]
  xmax  &=&  -1.0000E-01 [cm]
  ymin  &=&   1.5000E-01 [cm]
  ymax  &=&   2.5000E-01 [cm]
e:

#------------------------------------------------------------------------------
 newpage:
#   no. =218   ix  =  7   iy  = 20
#   x = (  -2.0000E-01  -  -1.0000E-01  )
#   y = (   2.5000E-01  -   3.5000E-01  )

x: z[cm]
y: Dose [Gy/source]      
p: xlin ylog afac(0.8) form(0.9)
h: n            x            y(proton  ),hh0l n 
#  z-lower      z-upper        proton    r.err 
   9.8380E+01   9.8430E+01   7.8812E-03  0.0760
   9.8430E+01   9.8480E+01   8.3583E-03  0.0785
   9.8480E+01   9.8530E+01   7.3449E-03  0.0842
   9.8530E+01   9.8580E+01   7.6554E-03  0.0952

#   sum over    2.0000E-03   7.8099E-03  0.0731

'no. =218,  ix =  7,  iy = 20'
msuc: {\huge Histograma}
msdr: {\it plotted by \ANGEL \version}
msdl: {\it calculated by \PHITS  3.35}
wt: s(0.7)
\vspace{-3}
  xmin  &=&  -2.0000E-01 [cm]
  xmax  &=&  -1.0000E-01 [cm]
  ymin  &=&   2.5000E-01 [cm]
  ymax  &=&   3.5000E-01 [cm]
e:

#------------------------------------------------------------------------------
 newpage:
#   no. =219   ix  =  7   iy  = 21
#   x = (  -2.0000E-01  -  -1.0000E-01  )
#   y = (   3.5000E-01  -   4.5000E-01  )

x: z[cm]
y: Dose [Gy/source]      
p: xlin ylog afac(0.8) form(0.9)
h: n            x            y(proton  ),hh0l n 
#  z-lower      z-upper        proton    r.err 
   9.8380E+01   9.8430E+01   7.1467E-03  0.0787
   9.8430E+01   9.8480E+01   7.7641E-03  0.0815
   9.8480E+01   9.8530E+01   7.0938E-03  0.0879
   9.8530E+01   9.8580E+01   7.3147E-03  0.0981

#   sum over    2.0000E-03   7.3298E-03  0.0758

'no. =219,  ix =  7,  iy = 21'
msuc: {\huge Histograma}
msdr: {\it plotted by \ANGEL \version}
msdl: {\it calculated by \PHITS  3.35}
wt: s(0.7)
\vspace{-3}
  xmin  &=&  -2.0000E-01 [cm]
  xmax  &=&  -1.0000E-01 [cm]
  ymin  &=&   3.5000E-01 [cm]
  ymax  &=&   4.5000E-01 [cm]
e:

#------------------------------------------------------------------------------
 newpage:
#   no. =220   ix  =  7   iy  = 22
#   x = (  -2.0000E-01  -  -1.0000E-01  )
#   y = (   4.5000E-01  -   5.5000E-01  )

x: z[cm]
y: Dose [Gy/source]      
p: xlin ylog afac(0.8) form(0.9)
h: n            x            y(proton  ),hh0l n 
#  z-lower      z-upper        proton    r.err 
   9.8380E+01   9.8430E+01   8.5218E-03  0.0738
   9.8430E+01   9.8480E+01   8.7192E-03  0.0753
   9.8480E+01   9.8530E+01   8.3703E-03  0.0804
   9.8530E+01   9.8580E+01   8.7796E-03  0.0893

#   sum over    2.0000E-03   8.5977E-03  0.0692

'no. =220,  ix =  7,  iy = 22'
msuc: {\huge Histograma}
msdr: {\it plotted by \ANGEL \version}
msdl: {\it calculated by \PHITS  3.35}
wt: s(0.7)
\vspace{-3}
  xmin  &=&  -2.0000E-01 [cm]
  xmax  &=&  -1.0000E-01 [cm]
  ymin  &=&   4.5000E-01 [cm]
  ymax  &=&   5.5000E-01 [cm]
e:

#------------------------------------------------------------------------------
 newpage:
#   no. =221   ix  =  7   iy  = 23
#   x = (  -2.0000E-01  -  -1.0000E-01  )
#   y = (   5.5000E-01  -   6.5000E-01  )

x: z[cm]
y: Dose [Gy/source]      
p: xlin ylog afac(0.8) form(0.9)
h: n            x            y(proton  ),hh0l n 
#  z-lower      z-upper        proton    r.err 
   9.8380E+01   9.8430E+01   8.5089E-03  0.0733
   9.8430E+01   9.8480E+01   9.2714E-03  0.0742
   9.8480E+01   9.8530E+01   8.5582E-03  0.0817
   9.8530E+01   9.8580E+01   7.6955E-03  0.0945

#   sum over    2.0000E-03   8.5085E-03  0.0695

'no. =221,  ix =  7,  iy = 23'
msuc: {\huge Histograma}
msdr: {\it plotted by \ANGEL \version}
msdl: {\it calculated by \PHITS  3.35}
wt: s(0.7)
\vspace{-3}
  xmin  &=&  -2.0000E-01 [cm]
  xmax  &=&  -1.0000E-01 [cm]
  ymin  &=&   5.5000E-01 [cm]
  ymax  &=&   6.5000E-01 [cm]
e:

#------------------------------------------------------------------------------
 newpage:
#   no. =222   ix  =  7   iy  = 24
#   x = (  -2.0000E-01  -  -1.0000E-01  )
#   y = (   6.5000E-01  -   7.5000E-01  )

x: z[cm]
y: Dose [Gy/source]      
p: xlin ylog afac(0.8) form(0.9)
h: n            x            y(proton  ),hh0l n 
#  z-lower      z-upper        proton    r.err 
   9.8380E+01   9.8430E+01   8.7354E-03  0.0710
   9.8430E+01   9.8480E+01   8.8404E-03  0.0737
   9.8480E+01   9.8530E+01   8.6685E-03  0.0794
   9.8530E+01   9.8580E+01   8.6852E-03  0.0873

#   sum over    2.0000E-03   8.7324E-03  0.0685

'no. =222,  ix =  7,  iy = 24'
msuc: {\huge Histograma}
msdr: {\it plotted by \ANGEL \version}
msdl: {\it calculated by \PHITS  3.35}
wt: s(0.7)
\vspace{-3}
  xmin  &=&  -2.0000E-01 [cm]
  xmax  &=&  -1.0000E-01 [cm]
  ymin  &=&   6.5000E-01 [cm]
  ymax  &=&   7.5000E-01 [cm]
e:

#------------------------------------------------------------------------------
 newpage:
#   no. =223   ix  =  7   iy  = 25
#   x = (  -2.0000E-01  -  -1.0000E-01  )
#   y = (   7.5000E-01  -   8.5000E-01  )

x: z[cm]
y: Dose [Gy/source]      
p: xlin ylog afac(0.8) form(0.9)
h: n            x            y(proton  ),hh0l n 
#  z-lower      z-upper        proton    r.err 
   9.8380E+01   9.8430E+01   7.7720E-03  0.0769
   9.8430E+01   9.8480E+01   8.2357E-03  0.0790
   9.8480E+01   9.8530E+01   7.3458E-03  0.0858
   9.8530E+01   9.8580E+01   8.0094E-03  0.0933

#   sum over    2.0000E-03   7.8407E-03  0.0727

'no. =223,  ix =  7,  iy = 25'
msuc: {\huge Histograma}
msdr: {\it plotted by \ANGEL \version}
msdl: {\it calculated by \PHITS  3.35}
wt: s(0.7)
\vspace{-3}
  xmin  &=&  -2.0000E-01 [cm]
  xmax  &=&  -1.0000E-01 [cm]
  ymin  &=&   7.5000E-01 [cm]
  ymax  &=&   8.5000E-01 [cm]
e:

#------------------------------------------------------------------------------
 newpage:
#   no. =224   ix  =  7   iy  = 26
#   x = (  -2.0000E-01  -  -1.0000E-01  )
#   y = (   8.5000E-01  -   9.5000E-01  )

x: z[cm]
y: Dose [Gy/source]      
p: xlin ylog afac(0.8) form(0.9)
h: n            x            y(proton  ),hh0l n 
#  z-lower      z-upper        proton    r.err 
   9.8380E+01   9.8430E+01   8.1136E-03  0.0732
   9.8430E+01   9.8480E+01   8.7344E-03  0.0742
   9.8480E+01   9.8530E+01   8.7558E-03  0.0794
   9.8530E+01   9.8580E+01   8.8550E-03  0.0882

#   sum over    2.0000E-03   8.6147E-03  0.0696

'no. =224,  ix =  7,  iy = 26'
msuc: {\huge Histograma}
msdr: {\it plotted by \ANGEL \version}
msdl: {\it calculated by \PHITS  3.35}
wt: s(0.7)
\vspace{-3}
  xmin  &=&  -2.0000E-01 [cm]
  xmax  &=&  -1.0000E-01 [cm]
  ymin  &=&   8.5000E-01 [cm]
  ymax  &=&   9.5000E-01 [cm]
e:

#------------------------------------------------------------------------------
 newpage:
#   no. =225   ix  =  7   iy  = 27
#   x = (  -2.0000E-01  -  -1.0000E-01  )
#   y = (   9.5000E-01  -   1.0500E+00  )

x: z[cm]
y: Dose [Gy/source]      
p: xlin ylog afac(0.8) form(0.9)
h: n            x            y(proton  ),hh0l n 
#  z-lower      z-upper        proton    r.err 
   9.8380E+01   9.8430E+01   7.5696E-03  0.0769
   9.8430E+01   9.8480E+01   7.5487E-03  0.0804
   9.8480E+01   9.8530E+01   7.4928E-03  0.0854
   9.8530E+01   9.8580E+01   7.9671E-03  0.0915

#   sum over    2.0000E-03   7.6446E-03  0.0730

'no. =225,  ix =  7,  iy = 27'
msuc: {\huge Histograma}
msdr: {\it plotted by \ANGEL \version}
msdl: {\it calculated by \PHITS  3.35}
wt: s(0.7)
\vspace{-3}
  xmin  &=&  -2.0000E-01 [cm]
  xmax  &=&  -1.0000E-01 [cm]
  ymin  &=&   9.5000E-01 [cm]
  ymax  &=&   1.0500E+00 [cm]
e:

#------------------------------------------------------------------------------
 newpage:
#   no. =226   ix  =  7   iy  = 28
#   x = (  -2.0000E-01  -  -1.0000E-01  )
#   y = (   1.0500E+00  -   1.1500E+00  )

x: z[cm]
y: Dose [Gy/source]      
p: xlin ylog afac(0.8) form(0.9)
h: n            x            y(proton  ),hh0l n 
#  z-lower      z-upper        proton    r.err 
   9.8380E+01   9.8430E+01   8.2269E-03  0.0736
   9.8430E+01   9.8480E+01   8.7812E-03  0.0752
   9.8480E+01   9.8530E+01   8.6460E-03  0.0813
   9.8530E+01   9.8580E+01   8.2918E-03  0.0913

#   sum over    2.0000E-03   8.4865E-03  0.0699

'no. =226,  ix =  7,  iy = 28'
msuc: {\huge Histograma}
msdr: {\it plotted by \ANGEL \version}
msdl: {\it calculated by \PHITS  3.35}
wt: s(0.7)
\vspace{-3}
  xmin  &=&  -2.0000E-01 [cm]
  xmax  &=&  -1.0000E-01 [cm]
  ymin  &=&   1.0500E+00 [cm]
  ymax  &=&   1.1500E+00 [cm]
e:

#------------------------------------------------------------------------------
 newpage:
#   no. =227   ix  =  7   iy  = 29
#   x = (  -2.0000E-01  -  -1.0000E-01  )
#   y = (   1.1500E+00  -   1.2500E+00  )

x: z[cm]
y: Dose [Gy/source]      
p: xlin ylog afac(0.8) form(0.9)
h: n            x            y(proton  ),hh0l n 
#  z-lower      z-upper        proton    r.err 
   9.8380E+01   9.8430E+01   8.7498E-03  0.0706
   9.8430E+01   9.8480E+01   9.4802E-03  0.0720
   9.8480E+01   9.8530E+01   9.4748E-03  0.0767
   9.8530E+01   9.8580E+01   9.0686E-03  0.0873

#   sum over    2.0000E-03   9.1933E-03  0.0674

'no. =227,  ix =  7,  iy = 29'
msuc: {\huge Histograma}
msdr: {\it plotted by \ANGEL \version}
msdl: {\it calculated by \PHITS  3.35}
wt: s(0.7)
\vspace{-3}
  xmin  &=&  -2.0000E-01 [cm]
  xmax  &=&  -1.0000E-01 [cm]
  ymin  &=&   1.1500E+00 [cm]
  ymax  &=&   1.2500E+00 [cm]
e:

#------------------------------------------------------------------------------
 newpage:
#   no. =228   ix  =  7   iy  = 30
#   x = (  -2.0000E-01  -  -1.0000E-01  )
#   y = (   1.2500E+00  -   1.3500E+00  )

x: z[cm]
y: Dose [Gy/source]      
p: xlin ylog afac(0.8) form(0.9)
h: n            x            y(proton  ),hh0l n 
#  z-lower      z-upper        proton    r.err 
   9.8380E+01   9.8430E+01   8.2562E-03  0.0747
   9.8430E+01   9.8480E+01   8.7906E-03  0.0761
   9.8480E+01   9.8530E+01   7.9841E-03  0.0828
   9.8530E+01   9.8580E+01   7.9797E-03  0.0939

#   sum over    2.0000E-03   8.2526E-03  0.0706

'no. =228,  ix =  7,  iy = 30'
msuc: {\huge Histograma}
msdr: {\it plotted by \ANGEL \version}
msdl: {\it calculated by \PHITS  3.35}
wt: s(0.7)
\vspace{-3}
  xmin  &=&  -2.0000E-01 [cm]
  xmax  &=&  -1.0000E-01 [cm]
  ymin  &=&   1.2500E+00 [cm]
  ymax  &=&   1.3500E+00 [cm]
e:

#------------------------------------------------------------------------------
 newpage:
#   no. =229   ix  =  7   iy  = 31
#   x = (  -2.0000E-01  -  -1.0000E-01  )
#   y = (   1.3500E+00  -   1.4500E+00  )

x: z[cm]
y: Dose [Gy/source]      
p: xlin ylog afac(0.8) form(0.9)
h: n            x            y(proton  ),hh0l n 
#  z-lower      z-upper        proton    r.err 
   9.8380E+01   9.8430E+01   7.5124E-03  0.0764
   9.8430E+01   9.8480E+01   8.7277E-03  0.0765
   9.8480E+01   9.8530E+01   8.6723E-03  0.0820
   9.8530E+01   9.8580E+01   7.4177E-03  0.0935

#   sum over    2.0000E-03   8.0825E-03  0.0714

'no. =229,  ix =  7,  iy = 31'
msuc: {\huge Histograma}
msdr: {\it plotted by \ANGEL \version}
msdl: {\it calculated by \PHITS  3.35}
wt: s(0.7)
\vspace{-3}
  xmin  &=&  -2.0000E-01 [cm]
  xmax  &=&  -1.0000E-01 [cm]
  ymin  &=&   1.3500E+00 [cm]
  ymax  &=&   1.4500E+00 [cm]
e:

#------------------------------------------------------------------------------
 newpage:
#   no. =230   ix  =  7   iy  = 32
#   x = (  -2.0000E-01  -  -1.0000E-01  )
#   y = (   1.4500E+00  -   1.5500E+00  )

x: z[cm]
y: Dose [Gy/source]      
p: xlin ylog afac(0.8) form(0.9)
h: n            x            y(proton  ),hh0l n 
#  z-lower      z-upper        proton    r.err 
   9.8380E+01   9.8430E+01   8.5222E-03  0.0748
   9.8430E+01   9.8480E+01   8.8006E-03  0.0764
   9.8480E+01   9.8530E+01   7.5271E-03  0.0855
   9.8530E+01   9.8580E+01   7.4544E-03  0.0957

#   sum over    2.0000E-03   8.0761E-03  0.0710

'no. =230,  ix =  7,  iy = 32'
msuc: {\huge Histograma}
msdr: {\it plotted by \ANGEL \version}
msdl: {\it calculated by \PHITS  3.35}
wt: s(0.7)
\vspace{-3}
  xmin  &=&  -2.0000E-01 [cm]
  xmax  &=&  -1.0000E-01 [cm]
  ymin  &=&   1.4500E+00 [cm]
  ymax  &=&   1.5500E+00 [cm]
e:

#------------------------------------------------------------------------------
 newpage:
#   no. =231   ix  =  7   iy  = 33
#   x = (  -2.0000E-01  -  -1.0000E-01  )
#   y = (   1.5500E+00  -   1.6500E+00  )

x: z[cm]
y: Dose [Gy/source]      
p: xlin ylog afac(0.8) form(0.9)
h: n            x            y(proton  ),hh0l n 
#  z-lower      z-upper        proton    r.err 
   9.8380E+01   9.8430E+01   8.4846E-03  0.0706
   9.8430E+01   9.8480E+01   9.1765E-03  0.0715
   9.8480E+01   9.8530E+01   1.0397E-02  0.0743
   9.8530E+01   9.8580E+01   9.4307E-03  0.0848

#   sum over    2.0000E-03   9.3721E-03  0.0672

'no. =231,  ix =  7,  iy = 33'
msuc: {\huge Histograma}
msdr: {\it plotted by \ANGEL \version}
msdl: {\it calculated by \PHITS  3.35}
wt: s(0.7)
\vspace{-3}
  xmin  &=&  -2.0000E-01 [cm]
  xmax  &=&  -1.0000E-01 [cm]
  ymin  &=&   1.5500E+00 [cm]
  ymax  &=&   1.6500E+00 [cm]
e:

#------------------------------------------------------------------------------
 newpage:
#   no. =232   ix  =  8   iy  =  1
#   x = (  -1.0000E-01  -   0.0000E+00  )
#   y = (  -1.6500E+00  -  -1.5500E+00  )

x: z[cm]
y: Dose [Gy/source]      
p: xlin ylog afac(0.8) form(0.9)
h: n            x            y(proton  ),hh0l n 
#  z-lower      z-upper        proton    r.err 
   9.8380E+01   9.8430E+01   0.0000E+00  0.0000
   9.8430E+01   9.8480E+01   0.0000E+00  0.0000
   9.8480E+01   9.8530E+01   0.0000E+00  0.0000
   9.8530E+01   9.8580E+01   0.0000E+00  0.0000

#   sum over    2.0000E-03   0.0000E+00  0.0000

'no. =232,  ix =  8,  iy =  1'
msuc: {\huge Histograma}
msdr: {\it plotted by \ANGEL \version}
msdl: {\it calculated by \PHITS  3.35}
wt: s(0.7)
\vspace{-3}
  xmin  &=&  -1.0000E-01 [cm]
  xmax  &=&   0.0000E+00 [cm]
  ymin  &=&  -1.6500E+00 [cm]
  ymax  &=&  -1.5500E+00 [cm]
e:

#------------------------------------------------------------------------------
 newpage:
#   no. =233   ix  =  8   iy  =  2
#   x = (  -1.0000E-01  -   0.0000E+00  )
#   y = (  -1.5500E+00  -  -1.4500E+00  )

x: z[cm]
y: Dose [Gy/source]      
p: xlin ylog afac(0.8) form(0.9)
h: n            x            y(proton  ),hh0l n 
#  z-lower      z-upper        proton    r.err 
   9.8380E+01   9.8430E+01   0.0000E+00  0.0000
   9.8430E+01   9.8480E+01   0.0000E+00  0.0000
   9.8480E+01   9.8530E+01   0.0000E+00  0.0000
   9.8530E+01   9.8580E+01   0.0000E+00  0.0000

#   sum over    2.0000E-03   0.0000E+00  0.0000

'no. =233,  ix =  8,  iy =  2'
msuc: {\huge Histograma}
msdr: {\it plotted by \ANGEL \version}
msdl: {\it calculated by \PHITS  3.35}
wt: s(0.7)
\vspace{-3}
  xmin  &=&  -1.0000E-01 [cm]
  xmax  &=&   0.0000E+00 [cm]
  ymin  &=&  -1.5500E+00 [cm]
  ymax  &=&  -1.4500E+00 [cm]
e:

#------------------------------------------------------------------------------
 newpage:
#   no. =234   ix  =  8   iy  =  3
#   x = (  -1.0000E-01  -   0.0000E+00  )
#   y = (  -1.4500E+00  -  -1.3500E+00  )

x: z[cm]
y: Dose [Gy/source]      
p: xlin ylog afac(0.8) form(0.9)
h: n            x            y(proton  ),hh0l n 
#  z-lower      z-upper        proton    r.err 
   9.8380E+01   9.8430E+01   0.0000E+00  0.0000
   9.8430E+01   9.8480E+01   0.0000E+00  0.0000
   9.8480E+01   9.8530E+01   0.0000E+00  0.0000
   9.8530E+01   9.8580E+01   0.0000E+00  0.0000

#   sum over    2.0000E-03   0.0000E+00  0.0000

'no. =234,  ix =  8,  iy =  3'
msuc: {\huge Histograma}
msdr: {\it plotted by \ANGEL \version}
msdl: {\it calculated by \PHITS  3.35}
wt: s(0.7)
\vspace{-3}
  xmin  &=&  -1.0000E-01 [cm]
  xmax  &=&   0.0000E+00 [cm]
  ymin  &=&  -1.4500E+00 [cm]
  ymax  &=&  -1.3500E+00 [cm]
e:

#------------------------------------------------------------------------------
 newpage:
#   no. =235   ix  =  8   iy  =  4
#   x = (  -1.0000E-01  -   0.0000E+00  )
#   y = (  -1.3500E+00  -  -1.2500E+00  )

x: z[cm]
y: Dose [Gy/source]      
p: xlin ylog afac(0.8) form(0.9)
h: n            x            y(proton  ),hh0l n 
#  z-lower      z-upper        proton    r.err 
   9.8380E+01   9.8430E+01   6.5628E-03  0.0872
   9.8430E+01   9.8480E+01   6.4961E-03  0.0900
   9.8480E+01   9.8530E+01   6.1124E-03  0.0972
   9.8530E+01   9.8580E+01   5.0475E-03  0.1151

#   sum over    2.0000E-03   6.0547E-03  0.0820

'no. =235,  ix =  8,  iy =  4'
msuc: {\huge Histograma}
msdr: {\it plotted by \ANGEL \version}
msdl: {\it calculated by \PHITS  3.35}
wt: s(0.7)
\vspace{-3}
  xmin  &=&  -1.0000E-01 [cm]
  xmax  &=&   0.0000E+00 [cm]
  ymin  &=&  -1.3500E+00 [cm]
  ymax  &=&  -1.2500E+00 [cm]
e:

#------------------------------------------------------------------------------
 newpage:
#   no. =236   ix  =  8   iy  =  5
#   x = (  -1.0000E-01  -   0.0000E+00  )
#   y = (  -1.2500E+00  -  -1.1500E+00  )

x: z[cm]
y: Dose [Gy/source]      
p: xlin ylog afac(0.8) form(0.9)
h: n            x            y(proton  ),hh0l n 
#  z-lower      z-upper        proton    r.err 
   9.8380E+01   9.8430E+01   7.1313E-03  0.0812
   9.8430E+01   9.8480E+01   7.3674E-03  0.0830
   9.8480E+01   9.8530E+01   6.7720E-03  0.0913
   9.8530E+01   9.8580E+01   6.5335E-03  0.1022

#   sum over    2.0000E-03   6.9510E-03  0.0768

'no. =236,  ix =  8,  iy =  5'
msuc: {\huge Histograma}
msdr: {\it plotted by \ANGEL \version}
msdl: {\it calculated by \PHITS  3.35}
wt: s(0.7)
\vspace{-3}
  xmin  &=&  -1.0000E-01 [cm]
  xmax  &=&   0.0000E+00 [cm]
  ymin  &=&  -1.2500E+00 [cm]
  ymax  &=&  -1.1500E+00 [cm]
e:

#------------------------------------------------------------------------------
 newpage:
#   no. =237   ix  =  8   iy  =  6
#   x = (  -1.0000E-01  -   0.0000E+00  )
#   y = (  -1.1500E+00  -  -1.0500E+00  )

x: z[cm]
y: Dose [Gy/source]      
p: xlin ylog afac(0.8) form(0.9)
h: n            x            y(proton  ),hh0l n 
#  z-lower      z-upper        proton    r.err 
   9.8380E+01   9.8430E+01   6.7821E-03  0.0791
   9.8430E+01   9.8480E+01   7.6240E-03  0.0814
   9.8480E+01   9.8530E+01   7.6775E-03  0.0857
   9.8530E+01   9.8580E+01   7.3126E-03  0.0971

#   sum over    2.0000E-03   7.3491E-03  0.0758

'no. =237,  ix =  8,  iy =  6'
msuc: {\huge Histograma}
msdr: {\it plotted by \ANGEL \version}
msdl: {\it calculated by \PHITS  3.35}
wt: s(0.7)
\vspace{-3}
  xmin  &=&  -1.0000E-01 [cm]
  xmax  &=&   0.0000E+00 [cm]
  ymin  &=&  -1.1500E+00 [cm]
  ymax  &=&  -1.0500E+00 [cm]
e:

#------------------------------------------------------------------------------
 newpage:
#   no. =238   ix  =  8   iy  =  7
#   x = (  -1.0000E-01  -   0.0000E+00  )
#   y = (  -1.0500E+00  -  -9.5000E-01  )

x: z[cm]
y: Dose [Gy/source]      
p: xlin ylog afac(0.8) form(0.9)
h: n            x            y(proton  ),hh0l n 
#  z-lower      z-upper        proton    r.err 
   9.8380E+01   9.8430E+01   7.9754E-03  0.0729
   9.8430E+01   9.8480E+01   8.4523E-03  0.0759
   9.8480E+01   9.8530E+01   8.1142E-03  0.0802
   9.8530E+01   9.8580E+01   9.0445E-03  0.0863

#   sum over    2.0000E-03   8.3966E-03  0.0699

'no. =238,  ix =  8,  iy =  7'
msuc: {\huge Histograma}
msdr: {\it plotted by \ANGEL \version}
msdl: {\it calculated by \PHITS  3.35}
wt: s(0.7)
\vspace{-3}
  xmin  &=&  -1.0000E-01 [cm]
  xmax  &=&   0.0000E+00 [cm]
  ymin  &=&  -1.0500E+00 [cm]
  ymax  &=&  -9.5000E-01 [cm]
e:

#------------------------------------------------------------------------------
 newpage:
#   no. =239   ix  =  8   iy  =  8
#   x = (  -1.0000E-01  -   0.0000E+00  )
#   y = (  -9.5000E-01  -  -8.5000E-01  )

x: z[cm]
y: Dose [Gy/source]      
p: xlin ylog afac(0.8) form(0.9)
h: n            x            y(proton  ),hh0l n 
#  z-lower      z-upper        proton    r.err 
   9.8380E+01   9.8430E+01   7.9412E-03  0.0776
   9.8430E+01   9.8480E+01   8.4423E-03  0.0782
   9.8480E+01   9.8530E+01   7.7026E-03  0.0851
   9.8530E+01   9.8580E+01   7.1112E-03  0.0981

#   sum over    2.0000E-03   7.7993E-03  0.0722

'no. =239,  ix =  8,  iy =  8'
msuc: {\huge Histograma}
msdr: {\it plotted by \ANGEL \version}
msdl: {\it calculated by \PHITS  3.35}
wt: s(0.7)
\vspace{-3}
  xmin  &=&  -1.0000E-01 [cm]
  xmax  &=&   0.0000E+00 [cm]
  ymin  &=&  -9.5000E-01 [cm]
  ymax  &=&  -8.5000E-01 [cm]
e:

#------------------------------------------------------------------------------
 newpage:
#   no. =240   ix  =  8   iy  =  9
#   x = (  -1.0000E-01  -   0.0000E+00  )
#   y = (  -8.5000E-01  -  -7.5000E-01  )

x: z[cm]
y: Dose [Gy/source]      
p: xlin ylog afac(0.8) form(0.9)
h: n            x            y(proton  ),hh0l n 
#  z-lower      z-upper        proton    r.err 
   9.8380E+01   9.8430E+01   8.0088E-03  0.0771
   9.8430E+01   9.8480E+01   7.8816E-03  0.0814
   9.8480E+01   9.8530E+01   7.6898E-03  0.0857
   9.8530E+01   9.8580E+01   7.4621E-03  0.0961

#   sum over    2.0000E-03   7.7606E-03  0.0727

'no. =240,  ix =  8,  iy =  9'
msuc: {\huge Histograma}
msdr: {\it plotted by \ANGEL \version}
msdl: {\it calculated by \PHITS  3.35}
wt: s(0.7)
\vspace{-3}
  xmin  &=&  -1.0000E-01 [cm]
  xmax  &=&   0.0000E+00 [cm]
  ymin  &=&  -8.5000E-01 [cm]
  ymax  &=&  -7.5000E-01 [cm]
e:

#------------------------------------------------------------------------------
 newpage:
#   no. =241   ix  =  8   iy  = 10
#   x = (  -1.0000E-01  -   0.0000E+00  )
#   y = (  -7.5000E-01  -  -6.5000E-01  )

x: z[cm]
y: Dose [Gy/source]      
p: xlin ylog afac(0.8) form(0.9)
h: n            x            y(proton  ),hh0l n 
#  z-lower      z-upper        proton    r.err 
   9.8380E+01   9.8430E+01   6.8850E-03  0.0805
   9.8430E+01   9.8480E+01   7.2442E-03  0.0817
   9.8480E+01   9.8530E+01   7.3705E-03  0.0860
   9.8530E+01   9.8580E+01   7.4520E-03  0.0945

#   sum over    2.0000E-03   7.2379E-03  0.0755

'no. =241,  ix =  8,  iy = 10'
msuc: {\huge Histograma}
msdr: {\it plotted by \ANGEL \version}
msdl: {\it calculated by \PHITS  3.35}
wt: s(0.7)
\vspace{-3}
  xmin  &=&  -1.0000E-01 [cm]
  xmax  &=&   0.0000E+00 [cm]
  ymin  &=&  -7.5000E-01 [cm]
  ymax  &=&  -6.5000E-01 [cm]
e:

#------------------------------------------------------------------------------
 newpage:
#   no. =242   ix  =  8   iy  = 11
#   x = (  -1.0000E-01  -   0.0000E+00  )
#   y = (  -6.5000E-01  -  -5.5000E-01  )

x: z[cm]
y: Dose [Gy/source]      
p: xlin ylog afac(0.8) form(0.9)
h: n            x            y(proton  ),hh0l n 
#  z-lower      z-upper        proton    r.err 
   9.8380E+01   9.8430E+01   8.0168E-03  0.0761
   9.8430E+01   9.8480E+01   8.2993E-03  0.0777
   9.8480E+01   9.8530E+01   8.0443E-03  0.0841
   9.8530E+01   9.8580E+01   7.3463E-03  0.0969

#   sum over    2.0000E-03   7.9267E-03  0.0722

'no. =242,  ix =  8,  iy = 11'
msuc: {\huge Histograma}
msdr: {\it plotted by \ANGEL \version}
msdl: {\it calculated by \PHITS  3.35}
wt: s(0.7)
\vspace{-3}
  xmin  &=&  -1.0000E-01 [cm]
  xmax  &=&   0.0000E+00 [cm]
  ymin  &=&  -6.5000E-01 [cm]
  ymax  &=&  -5.5000E-01 [cm]
e:

#------------------------------------------------------------------------------
 newpage:
#   no. =243   ix  =  8   iy  = 12
#   x = (  -1.0000E-01  -   0.0000E+00  )
#   y = (  -5.5000E-01  -  -4.5000E-01  )

x: z[cm]
y: Dose [Gy/source]      
p: xlin ylog afac(0.8) form(0.9)
h: n            x            y(proton  ),hh0l n 
#  z-lower      z-upper        proton    r.err 
   9.8380E+01   9.8430E+01   8.7471E-03  0.0736
   9.8430E+01   9.8480E+01   9.1258E-03  0.0761
   9.8480E+01   9.8530E+01   8.0305E-03  0.0838
   9.8530E+01   9.8580E+01   7.6820E-03  0.0938

#   sum over    2.0000E-03   8.3963E-03  0.0696

'no. =243,  ix =  8,  iy = 12'
msuc: {\huge Histograma}
msdr: {\it plotted by \ANGEL \version}
msdl: {\it calculated by \PHITS  3.35}
wt: s(0.7)
\vspace{-3}
  xmin  &=&  -1.0000E-01 [cm]
  xmax  &=&   0.0000E+00 [cm]
  ymin  &=&  -5.5000E-01 [cm]
  ymax  &=&  -4.5000E-01 [cm]
e:

#------------------------------------------------------------------------------
 newpage:
#   no. =244   ix  =  8   iy  = 13
#   x = (  -1.0000E-01  -   0.0000E+00  )
#   y = (  -4.5000E-01  -  -3.5000E-01  )

x: z[cm]
y: Dose [Gy/source]      
p: xlin ylog afac(0.8) form(0.9)
h: n            x            y(proton  ),hh0l n 
#  z-lower      z-upper        proton    r.err 
   9.8380E+01   9.8430E+01   7.8772E-03  0.0759
   9.8430E+01   9.8480E+01   8.1566E-03  0.0766
   9.8480E+01   9.8530E+01   8.8583E-03  0.0807
   9.8530E+01   9.8580E+01   8.6104E-03  0.0891

#   sum over    2.0000E-03   8.3756E-03  0.0713

'no. =244,  ix =  8,  iy = 13'
msuc: {\huge Histograma}
msdr: {\it plotted by \ANGEL \version}
msdl: {\it calculated by \PHITS  3.35}
wt: s(0.7)
\vspace{-3}
  xmin  &=&  -1.0000E-01 [cm]
  xmax  &=&   0.0000E+00 [cm]
  ymin  &=&  -4.5000E-01 [cm]
  ymax  &=&  -3.5000E-01 [cm]
e:

#------------------------------------------------------------------------------
 newpage:
#   no. =245   ix  =  8   iy  = 14
#   x = (  -1.0000E-01  -   0.0000E+00  )
#   y = (  -3.5000E-01  -  -2.5000E-01  )

x: z[cm]
y: Dose [Gy/source]      
p: xlin ylog afac(0.8) form(0.9)
h: n            x            y(proton  ),hh0l n 
#  z-lower      z-upper        proton    r.err 
   9.8380E+01   9.8430E+01   8.1467E-03  0.0749
   9.8430E+01   9.8480E+01   8.7092E-03  0.0778
   9.8480E+01   9.8530E+01   7.5257E-03  0.0848
   9.8530E+01   9.8580E+01   7.7792E-03  0.0956

#   sum over    2.0000E-03   8.0402E-03  0.0717

'no. =245,  ix =  8,  iy = 14'
msuc: {\huge Histograma}
msdr: {\it plotted by \ANGEL \version}
msdl: {\it calculated by \PHITS  3.35}
wt: s(0.7)
\vspace{-3}
  xmin  &=&  -1.0000E-01 [cm]
  xmax  &=&   0.0000E+00 [cm]
  ymin  &=&  -3.5000E-01 [cm]
  ymax  &=&  -2.5000E-01 [cm]
e:

#------------------------------------------------------------------------------
 newpage:
#   no. =246   ix  =  8   iy  = 15
#   x = (  -1.0000E-01  -   0.0000E+00  )
#   y = (  -2.5000E-01  -  -1.5000E-01  )

x: z[cm]
y: Dose [Gy/source]      
p: xlin ylog afac(0.8) form(0.9)
h: n            x            y(proton  ),hh0l n 
#  z-lower      z-upper        proton    r.err 
   9.8380E+01   9.8430E+01   7.9841E-03  0.0748
   9.8430E+01   9.8480E+01   8.5060E-03  0.0768
   9.8480E+01   9.8530E+01   8.7070E-03  0.0821
   9.8530E+01   9.8580E+01   7.7075E-03  0.0923

#   sum over    2.0000E-03   8.2262E-03  0.0710

'no. =246,  ix =  8,  iy = 15'
msuc: {\huge Histograma}
msdr: {\it plotted by \ANGEL \version}
msdl: {\it calculated by \PHITS  3.35}
wt: s(0.7)
\vspace{-3}
  xmin  &=&  -1.0000E-01 [cm]
  xmax  &=&   0.0000E+00 [cm]
  ymin  &=&  -2.5000E-01 [cm]
  ymax  &=&  -1.5000E-01 [cm]
e:

#------------------------------------------------------------------------------
 newpage:
#   no. =247   ix  =  8   iy  = 16
#   x = (  -1.0000E-01  -   0.0000E+00  )
#   y = (  -1.5000E-01  -  -5.0000E-02  )

x: z[cm]
y: Dose [Gy/source]      
p: xlin ylog afac(0.8) form(0.9)
h: n            x            y(proton  ),hh0l n 
#  z-lower      z-upper        proton    r.err 
   9.8380E+01   9.8430E+01   7.5648E-03  0.0773
   9.8430E+01   9.8480E+01   8.0347E-03  0.0788
   9.8480E+01   9.8530E+01   7.8684E-03  0.0836
   9.8530E+01   9.8580E+01   7.8940E-03  0.0925

#   sum over    2.0000E-03   7.8405E-03  0.0728

'no. =247,  ix =  8,  iy = 16'
msuc: {\huge Histograma}
msdr: {\it plotted by \ANGEL \version}
msdl: {\it calculated by \PHITS  3.35}
wt: s(0.7)
\vspace{-3}
  xmin  &=&  -1.0000E-01 [cm]
  xmax  &=&   0.0000E+00 [cm]
  ymin  &=&  -1.5000E-01 [cm]
  ymax  &=&  -5.0000E-02 [cm]
e:

#------------------------------------------------------------------------------
 newpage:
#   no. =248   ix  =  8   iy  = 17
#   x = (  -1.0000E-01  -   0.0000E+00  )
#   y = (  -5.0000E-02  -   5.0000E-02  )

x: z[cm]
y: Dose [Gy/source]      
p: xlin ylog afac(0.8) form(0.9)
h: n            x            y(proton  ),hh0l n 
#  z-lower      z-upper        proton    r.err 
   9.8380E+01   9.8430E+01   6.7306E-03  0.0808
   9.8430E+01   9.8480E+01   7.2613E-03  0.0814
   9.8480E+01   9.8530E+01   7.7187E-03  0.0835
   9.8530E+01   9.8580E+01   8.3875E-03  0.0906

#   sum over    2.0000E-03   7.5245E-03  0.0745

'no. =248,  ix =  8,  iy = 17'
msuc: {\huge Histograma}
msdr: {\it plotted by \ANGEL \version}
msdl: {\it calculated by \PHITS  3.35}
wt: s(0.7)
\vspace{-3}
  xmin  &=&  -1.0000E-01 [cm]
  xmax  &=&   0.0000E+00 [cm]
  ymin  &=&  -5.0000E-02 [cm]
  ymax  &=&   5.0000E-02 [cm]
e:

#------------------------------------------------------------------------------
 newpage:
#   no. =249   ix  =  8   iy  = 18
#   x = (  -1.0000E-01  -   0.0000E+00  )
#   y = (   5.0000E-02  -   1.5000E-01  )

x: z[cm]
y: Dose [Gy/source]      
p: xlin ylog afac(0.8) form(0.9)
h: n            x            y(proton  ),hh0l n 
#  z-lower      z-upper        proton    r.err 
   9.8380E+01   9.8430E+01   7.7955E-03  0.0778
   9.8430E+01   9.8480E+01   8.1762E-03  0.0794
   9.8480E+01   9.8530E+01   7.3283E-03  0.0867
   9.8530E+01   9.8580E+01   6.7756E-03  0.1008

#   sum over    2.0000E-03   7.5189E-03  0.0735

'no. =249,  ix =  8,  iy = 18'
msuc: {\huge Histograma}
msdr: {\it plotted by \ANGEL \version}
msdl: {\it calculated by \PHITS  3.35}
wt: s(0.7)
\vspace{-3}
  xmin  &=&  -1.0000E-01 [cm]
  xmax  &=&   0.0000E+00 [cm]
  ymin  &=&   5.0000E-02 [cm]
  ymax  &=&   1.5000E-01 [cm]
e:

#------------------------------------------------------------------------------
 newpage:
#   no. =250   ix  =  8   iy  = 19
#   x = (  -1.0000E-01  -   0.0000E+00  )
#   y = (   1.5000E-01  -   2.5000E-01  )

x: z[cm]
y: Dose [Gy/source]      
p: xlin ylog afac(0.8) form(0.9)
h: n            x            y(proton  ),hh0l n 
#  z-lower      z-upper        proton    r.err 
   9.8380E+01   9.8430E+01   7.4851E-03  0.0765
   9.8430E+01   9.8480E+01   7.9386E-03  0.0773
   9.8480E+01   9.8530E+01   8.1842E-03  0.0825
   9.8530E+01   9.8580E+01   8.2060E-03  0.0912

#   sum over    2.0000E-03   7.9535E-03  0.0728

'no. =250,  ix =  8,  iy = 19'
msuc: {\huge Histograma}
msdr: {\it plotted by \ANGEL \version}
msdl: {\it calculated by \PHITS  3.35}
wt: s(0.7)
\vspace{-3}
  xmin  &=&  -1.0000E-01 [cm]
  xmax  &=&   0.0000E+00 [cm]
  ymin  &=&   1.5000E-01 [cm]
  ymax  &=&   2.5000E-01 [cm]
e:

#------------------------------------------------------------------------------
 newpage:
#   no. =251   ix  =  8   iy  = 20
#   x = (  -1.0000E-01  -   0.0000E+00  )
#   y = (   2.5000E-01  -   3.5000E-01  )

x: z[cm]
y: Dose [Gy/source]      
p: xlin ylog afac(0.8) form(0.9)
h: n            x            y(proton  ),hh0l n 
#  z-lower      z-upper        proton    r.err 
   9.8380E+01   9.8430E+01   7.9577E-03  0.0751
   9.8430E+01   9.8480E+01   8.5610E-03  0.0764
   9.8480E+01   9.8530E+01   8.1794E-03  0.0832
   9.8530E+01   9.8580E+01   8.5124E-03  0.0914

#   sum over    2.0000E-03   8.3026E-03  0.0716

'no. =251,  ix =  8,  iy = 20'
msuc: {\huge Histograma}
msdr: {\it plotted by \ANGEL \version}
msdl: {\it calculated by \PHITS  3.35}
wt: s(0.7)
\vspace{-3}
  xmin  &=&  -1.0000E-01 [cm]
  xmax  &=&   0.0000E+00 [cm]
  ymin  &=&   2.5000E-01 [cm]
  ymax  &=&   3.5000E-01 [cm]
e:

#------------------------------------------------------------------------------
 newpage:
#   no. =252   ix  =  8   iy  = 21
#   x = (  -1.0000E-01  -   0.0000E+00  )
#   y = (   3.5000E-01  -   4.5000E-01  )

x: z[cm]
y: Dose [Gy/source]      
p: xlin ylog afac(0.8) form(0.9)
h: n            x            y(proton  ),hh0l n 
#  z-lower      z-upper        proton    r.err 
   9.8380E+01   9.8430E+01   8.0377E-03  0.0772
   9.8430E+01   9.8480E+01   8.2984E-03  0.0790
   9.8480E+01   9.8530E+01   7.4835E-03  0.0877
   9.8530E+01   9.8580E+01   6.2403E-03  0.1032

#   sum over    2.0000E-03   7.5150E-03  0.0733

'no. =252,  ix =  8,  iy = 21'
msuc: {\huge Histograma}
msdr: {\it plotted by \ANGEL \version}
msdl: {\it calculated by \PHITS  3.35}
wt: s(0.7)
\vspace{-3}
  xmin  &=&  -1.0000E-01 [cm]
  xmax  &=&   0.0000E+00 [cm]
  ymin  &=&   3.5000E-01 [cm]
  ymax  &=&   4.5000E-01 [cm]
e:

#------------------------------------------------------------------------------
 newpage:
#   no. =253   ix  =  8   iy  = 22
#   x = (  -1.0000E-01  -   0.0000E+00  )
#   y = (   4.5000E-01  -   5.5000E-01  )

x: z[cm]
y: Dose [Gy/source]      
p: xlin ylog afac(0.8) form(0.9)
h: n            x            y(proton  ),hh0l n 
#  z-lower      z-upper        proton    r.err 
   9.8380E+01   9.8430E+01   7.5337E-03  0.0774
   9.8430E+01   9.8480E+01   8.4167E-03  0.0779
   9.8480E+01   9.8530E+01   8.2041E-03  0.0833
   9.8530E+01   9.8580E+01   7.4026E-03  0.0966

#   sum over    2.0000E-03   7.8893E-03  0.0726

'no. =253,  ix =  8,  iy = 22'
msuc: {\huge Histograma}
msdr: {\it plotted by \ANGEL \version}
msdl: {\it calculated by \PHITS  3.35}
wt: s(0.7)
\vspace{-3}
  xmin  &=&  -1.0000E-01 [cm]
  xmax  &=&   0.0000E+00 [cm]
  ymin  &=&   4.5000E-01 [cm]
  ymax  &=&   5.5000E-01 [cm]
e:

#------------------------------------------------------------------------------
 newpage:
#   no. =254   ix  =  8   iy  = 23
#   x = (  -1.0000E-01  -   0.0000E+00  )
#   y = (   5.5000E-01  -   6.5000E-01  )

x: z[cm]
y: Dose [Gy/source]      
p: xlin ylog afac(0.8) form(0.9)
h: n            x            y(proton  ),hh0l n 
#  z-lower      z-upper        proton    r.err 
   9.8380E+01   9.8430E+01   8.3804E-03  0.0729
   9.8430E+01   9.8480E+01   9.0732E-03  0.0741
   9.8480E+01   9.8530E+01   9.0634E-03  0.0772
   9.8530E+01   9.8580E+01   9.2072E-03  0.0863

#   sum over    2.0000E-03   8.9311E-03  0.0678

'no. =254,  ix =  8,  iy = 23'
msuc: {\huge Histograma}
msdr: {\it plotted by \ANGEL \version}
msdl: {\it calculated by \PHITS  3.35}
wt: s(0.7)
\vspace{-3}
  xmin  &=&  -1.0000E-01 [cm]
  xmax  &=&   0.0000E+00 [cm]
  ymin  &=&   5.5000E-01 [cm]
  ymax  &=&   6.5000E-01 [cm]
e:

#------------------------------------------------------------------------------
 newpage:
#   no. =255   ix  =  8   iy  = 24
#   x = (  -1.0000E-01  -   0.0000E+00  )
#   y = (   6.5000E-01  -   7.5000E-01  )

x: z[cm]
y: Dose [Gy/source]      
p: xlin ylog afac(0.8) form(0.9)
h: n            x            y(proton  ),hh0l n 
#  z-lower      z-upper        proton    r.err 
   9.8380E+01   9.8430E+01   8.4726E-03  0.0725
   9.8430E+01   9.8480E+01   9.0429E-03  0.0745
   9.8480E+01   9.8530E+01   8.0433E-03  0.0812
   9.8530E+01   9.8580E+01   8.6145E-03  0.0894

#   sum over    2.0000E-03   8.5433E-03  0.0691

'no. =255,  ix =  8,  iy = 24'
msuc: {\huge Histograma}
msdr: {\it plotted by \ANGEL \version}
msdl: {\it calculated by \PHITS  3.35}
wt: s(0.7)
\vspace{-3}
  xmin  &=&  -1.0000E-01 [cm]
  xmax  &=&   0.0000E+00 [cm]
  ymin  &=&   6.5000E-01 [cm]
  ymax  &=&   7.5000E-01 [cm]
e:

#------------------------------------------------------------------------------
 newpage:
#   no. =256   ix  =  8   iy  = 25
#   x = (  -1.0000E-01  -   0.0000E+00  )
#   y = (   7.5000E-01  -   8.5000E-01  )

x: z[cm]
y: Dose [Gy/source]      
p: xlin ylog afac(0.8) form(0.9)
h: n            x            y(proton  ),hh0l n 
#  z-lower      z-upper        proton    r.err 
   9.8380E+01   9.8430E+01   8.7599E-03  0.0728
   9.8430E+01   9.8480E+01   9.2946E-03  0.0743
   9.8480E+01   9.8530E+01   8.6468E-03  0.0795
   9.8530E+01   9.8580E+01   8.8433E-03  0.0889

#   sum over    2.0000E-03   8.8861E-03  0.0682

'no. =256,  ix =  8,  iy = 25'
msuc: {\huge Histograma}
msdr: {\it plotted by \ANGEL \version}
msdl: {\it calculated by \PHITS  3.35}
wt: s(0.7)
\vspace{-3}
  xmin  &=&  -1.0000E-01 [cm]
  xmax  &=&   0.0000E+00 [cm]
  ymin  &=&   7.5000E-01 [cm]
  ymax  &=&   8.5000E-01 [cm]
e:

#------------------------------------------------------------------------------
 newpage:
#   no. =257   ix  =  8   iy  = 26
#   x = (  -1.0000E-01  -   0.0000E+00  )
#   y = (   8.5000E-01  -   9.5000E-01  )

x: z[cm]
y: Dose [Gy/source]      
p: xlin ylog afac(0.8) form(0.9)
h: n            x            y(proton  ),hh0l n 
#  z-lower      z-upper        proton    r.err 
   9.8380E+01   9.8430E+01   8.4045E-03  0.0764
   9.8430E+01   9.8480E+01   8.4918E-03  0.0785
   9.8480E+01   9.8530E+01   7.3890E-03  0.0859
   9.8530E+01   9.8580E+01   7.1118E-03  0.0991

#   sum over    2.0000E-03   7.8493E-03  0.0724

'no. =257,  ix =  8,  iy = 26'
msuc: {\huge Histograma}
msdr: {\it plotted by \ANGEL \version}
msdl: {\it calculated by \PHITS  3.35}
wt: s(0.7)
\vspace{-3}
  xmin  &=&  -1.0000E-01 [cm]
  xmax  &=&   0.0000E+00 [cm]
  ymin  &=&   8.5000E-01 [cm]
  ymax  &=&   9.5000E-01 [cm]
e:

#------------------------------------------------------------------------------
 newpage:
#   no. =258   ix  =  8   iy  = 27
#   x = (  -1.0000E-01  -   0.0000E+00  )
#   y = (   9.5000E-01  -   1.0500E+00  )

x: z[cm]
y: Dose [Gy/source]      
p: xlin ylog afac(0.8) form(0.9)
h: n            x            y(proton  ),hh0l n 
#  z-lower      z-upper        proton    r.err 
   9.8380E+01   9.8430E+01   8.2923E-03  0.0732
   9.8430E+01   9.8480E+01   9.0631E-03  0.0742
   9.8480E+01   9.8530E+01   8.5754E-03  0.0792
   9.8530E+01   9.8580E+01   8.6799E-03  0.0885

#   sum over    2.0000E-03   8.6527E-03  0.0696

'no. =258,  ix =  8,  iy = 27'
msuc: {\huge Histograma}
msdr: {\it plotted by \ANGEL \version}
msdl: {\it calculated by \PHITS  3.35}
wt: s(0.7)
\vspace{-3}
  xmin  &=&  -1.0000E-01 [cm]
  xmax  &=&   0.0000E+00 [cm]
  ymin  &=&   9.5000E-01 [cm]
  ymax  &=&   1.0500E+00 [cm]
e:

#------------------------------------------------------------------------------
 newpage:
#   no. =259   ix  =  8   iy  = 28
#   x = (  -1.0000E-01  -   0.0000E+00  )
#   y = (   1.0500E+00  -   1.1500E+00  )

x: z[cm]
y: Dose [Gy/source]      
p: xlin ylog afac(0.8) form(0.9)
h: n            x            y(proton  ),hh0l n 
#  z-lower      z-upper        proton    r.err 
   9.8380E+01   9.8430E+01   8.5932E-03  0.0718
   9.8430E+01   9.8480E+01   9.4766E-03  0.0726
   9.8480E+01   9.8530E+01   9.3490E-03  0.0767
   9.8530E+01   9.8580E+01   9.5304E-03  0.0865

#   sum over    2.0000E-03   9.2373E-03  0.0673

'no. =259,  ix =  8,  iy = 28'
msuc: {\huge Histograma}
msdr: {\it plotted by \ANGEL \version}
msdl: {\it calculated by \PHITS  3.35}
wt: s(0.7)
\vspace{-3}
  xmin  &=&  -1.0000E-01 [cm]
  xmax  &=&   0.0000E+00 [cm]
  ymin  &=&   1.0500E+00 [cm]
  ymax  &=&   1.1500E+00 [cm]
e:

#------------------------------------------------------------------------------
 newpage:
#   no. =260   ix  =  8   iy  = 29
#   x = (  -1.0000E-01  -   0.0000E+00  )
#   y = (   1.1500E+00  -   1.2500E+00  )

x: z[cm]
y: Dose [Gy/source]      
p: xlin ylog afac(0.8) form(0.9)
h: n            x            y(proton  ),hh0l n 
#  z-lower      z-upper        proton    r.err 
   9.8380E+01   9.8430E+01   8.3521E-03  0.0745
   9.8430E+01   9.8480E+01   8.6270E-03  0.0773
   9.8480E+01   9.8530E+01   8.1260E-03  0.0833
   9.8530E+01   9.8580E+01   7.6106E-03  0.0941

#   sum over    2.0000E-03   8.1790E-03  0.0707

'no. =260,  ix =  8,  iy = 29'
msuc: {\huge Histograma}
msdr: {\it plotted by \ANGEL \version}
msdl: {\it calculated by \PHITS  3.35}
wt: s(0.7)
\vspace{-3}
  xmin  &=&  -1.0000E-01 [cm]
  xmax  &=&   0.0000E+00 [cm]
  ymin  &=&   1.1500E+00 [cm]
  ymax  &=&   1.2500E+00 [cm]
e:

#------------------------------------------------------------------------------
 newpage:
#   no. =261   ix  =  8   iy  = 30
#   x = (  -1.0000E-01  -   0.0000E+00  )
#   y = (   1.2500E+00  -   1.3500E+00  )

x: z[cm]
y: Dose [Gy/source]      
p: xlin ylog afac(0.8) form(0.9)
h: n            x            y(proton  ),hh0l n 
#  z-lower      z-upper        proton    r.err 
   9.8380E+01   9.8430E+01   7.2128E-03  0.0768
   9.8430E+01   9.8480E+01   7.7463E-03  0.0789
   9.8480E+01   9.8530E+01   8.1992E-03  0.0813
   9.8530E+01   9.8580E+01   8.5981E-03  0.0892

#   sum over    2.0000E-03   7.9391E-03  0.0725

'no. =261,  ix =  8,  iy = 30'
msuc: {\huge Histograma}
msdr: {\it plotted by \ANGEL \version}
msdl: {\it calculated by \PHITS  3.35}
wt: s(0.7)
\vspace{-3}
  xmin  &=&  -1.0000E-01 [cm]
  xmax  &=&   0.0000E+00 [cm]
  ymin  &=&   1.2500E+00 [cm]
  ymax  &=&   1.3500E+00 [cm]
e:

#------------------------------------------------------------------------------
 newpage:
#   no. =262   ix  =  8   iy  = 31
#   x = (  -1.0000E-01  -   0.0000E+00  )
#   y = (   1.3500E+00  -   1.4500E+00  )

x: z[cm]
y: Dose [Gy/source]      
p: xlin ylog afac(0.8) form(0.9)
h: n            x            y(proton  ),hh0l n 
#  z-lower      z-upper        proton    r.err 
   9.8380E+01   9.8430E+01   8.9436E-03  0.0720
   9.8430E+01   9.8480E+01   8.9229E-03  0.0724
   9.8480E+01   9.8530E+01   8.8612E-03  0.0797
   9.8530E+01   9.8580E+01   9.0819E-03  0.0878

#   sum over    2.0000E-03   8.9524E-03  0.0678

'no. =262,  ix =  8,  iy = 31'
msuc: {\huge Histograma}
msdr: {\it plotted by \ANGEL \version}
msdl: {\it calculated by \PHITS  3.35}
wt: s(0.7)
\vspace{-3}
  xmin  &=&  -1.0000E-01 [cm]
  xmax  &=&   0.0000E+00 [cm]
  ymin  &=&   1.3500E+00 [cm]
  ymax  &=&   1.4500E+00 [cm]
e:

#------------------------------------------------------------------------------
 newpage:
#   no. =263   ix  =  8   iy  = 32
#   x = (  -1.0000E-01  -   0.0000E+00  )
#   y = (   1.4500E+00  -   1.5500E+00  )

x: z[cm]
y: Dose [Gy/source]      
p: xlin ylog afac(0.8) form(0.9)
h: n            x            y(proton  ),hh0l n 
#  z-lower      z-upper        proton    r.err 
   9.8380E+01   9.8430E+01   9.1581E-03  0.0709
   9.8430E+01   9.8480E+01   9.2956E-03  0.0724
   9.8480E+01   9.8530E+01   9.4920E-03  0.0774
   9.8530E+01   9.8580E+01   9.4907E-03  0.0846

#   sum over    2.0000E-03   9.3591E-03  0.0664

'no. =263,  ix =  8,  iy = 32'
msuc: {\huge Histograma}
msdr: {\it plotted by \ANGEL \version}
msdl: {\it calculated by \PHITS  3.35}
wt: s(0.7)
\vspace{-3}
  xmin  &=&  -1.0000E-01 [cm]
  xmax  &=&   0.0000E+00 [cm]
  ymin  &=&   1.4500E+00 [cm]
  ymax  &=&   1.5500E+00 [cm]
e:

#------------------------------------------------------------------------------
 newpage:
#   no. =264   ix  =  8   iy  = 33
#   x = (  -1.0000E-01  -   0.0000E+00  )
#   y = (   1.5500E+00  -   1.6500E+00  )

x: z[cm]
y: Dose [Gy/source]      
p: xlin ylog afac(0.8) form(0.9)
h: n            x            y(proton  ),hh0l n 
#  z-lower      z-upper        proton    r.err 
   9.8380E+01   9.8430E+01   7.9582E-03  0.0756
   9.8430E+01   9.8480E+01   8.0374E-03  0.0771
   9.8480E+01   9.8530E+01   8.1849E-03  0.0818
   9.8530E+01   9.8580E+01   9.1449E-03  0.0870

#   sum over    2.0000E-03   8.3313E-03  0.0707

'no. =264,  ix =  8,  iy = 33'
msuc: {\huge Histograma}
msdr: {\it plotted by \ANGEL \version}
msdl: {\it calculated by \PHITS  3.35}
wt: s(0.7)
\vspace{-3}
  xmin  &=&  -1.0000E-01 [cm]
  xmax  &=&   0.0000E+00 [cm]
  ymin  &=&   1.5500E+00 [cm]
  ymax  &=&   1.6500E+00 [cm]
e:

#------------------------------------------------------------------------------
 newpage:
#   no. =265   ix  =  9   iy  =  1
#   x = (   0.0000E+00  -   1.0000E-01  )
#   y = (  -1.6500E+00  -  -1.5500E+00  )

x: z[cm]
y: Dose [Gy/source]      
p: xlin ylog afac(0.8) form(0.9)
h: n            x            y(proton  ),hh0l n 
#  z-lower      z-upper        proton    r.err 
   9.8380E+01   9.8430E+01   0.0000E+00  0.0000
   9.8430E+01   9.8480E+01   0.0000E+00  0.0000
   9.8480E+01   9.8530E+01   0.0000E+00  0.0000
   9.8530E+01   9.8580E+01   0.0000E+00  0.0000

#   sum over    2.0000E-03   0.0000E+00  0.0000

'no. =265,  ix =  9,  iy =  1'
msuc: {\huge Histograma}
msdr: {\it plotted by \ANGEL \version}
msdl: {\it calculated by \PHITS  3.35}
wt: s(0.7)
\vspace{-3}
  xmin  &=&   0.0000E+00 [cm]
  xmax  &=&   1.0000E-01 [cm]
  ymin  &=&  -1.6500E+00 [cm]
  ymax  &=&  -1.5500E+00 [cm]
e:

#------------------------------------------------------------------------------
 newpage:
#   no. =266   ix  =  9   iy  =  2
#   x = (   0.0000E+00  -   1.0000E-01  )
#   y = (  -1.5500E+00  -  -1.4500E+00  )

x: z[cm]
y: Dose [Gy/source]      
p: xlin ylog afac(0.8) form(0.9)
h: n            x            y(proton  ),hh0l n 
#  z-lower      z-upper        proton    r.err 
   9.8380E+01   9.8430E+01   0.0000E+00  0.0000
   9.8430E+01   9.8480E+01   0.0000E+00  0.0000
   9.8480E+01   9.8530E+01   0.0000E+00  0.0000
   9.8530E+01   9.8580E+01   0.0000E+00  0.0000

#   sum over    2.0000E-03   0.0000E+00  0.0000

'no. =266,  ix =  9,  iy =  2'
msuc: {\huge Histograma}
msdr: {\it plotted by \ANGEL \version}
msdl: {\it calculated by \PHITS  3.35}
wt: s(0.7)
\vspace{-3}
  xmin  &=&   0.0000E+00 [cm]
  xmax  &=&   1.0000E-01 [cm]
  ymin  &=&  -1.5500E+00 [cm]
  ymax  &=&  -1.4500E+00 [cm]
e:

#------------------------------------------------------------------------------
 newpage:
#   no. =267   ix  =  9   iy  =  3
#   x = (   0.0000E+00  -   1.0000E-01  )
#   y = (  -1.4500E+00  -  -1.3500E+00  )

x: z[cm]
y: Dose [Gy/source]      
p: xlin ylog afac(0.8) form(0.9)
h: n            x            y(proton  ),hh0l n 
#  z-lower      z-upper        proton    r.err 
   9.8380E+01   9.8430E+01   0.0000E+00  0.0000
   9.8430E+01   9.8480E+01   0.0000E+00  0.0000
   9.8480E+01   9.8530E+01   0.0000E+00  0.0000
   9.8530E+01   9.8580E+01   0.0000E+00  0.0000

#   sum over    2.0000E-03   0.0000E+00  0.0000

'no. =267,  ix =  9,  iy =  3'
msuc: {\huge Histograma}
msdr: {\it plotted by \ANGEL \version}
msdl: {\it calculated by \PHITS  3.35}
wt: s(0.7)
\vspace{-3}
  xmin  &=&   0.0000E+00 [cm]
  xmax  &=&   1.0000E-01 [cm]
  ymin  &=&  -1.4500E+00 [cm]
  ymax  &=&  -1.3500E+00 [cm]
e:

#------------------------------------------------------------------------------
 newpage:
#   no. =268   ix  =  9   iy  =  4
#   x = (   0.0000E+00  -   1.0000E-01  )
#   y = (  -1.3500E+00  -  -1.2500E+00  )

x: z[cm]
y: Dose [Gy/source]      
p: xlin ylog afac(0.8) form(0.9)
h: n            x            y(proton  ),hh0l n 
#  z-lower      z-upper        proton    r.err 
   9.8380E+01   9.8430E+01   5.6902E-03  0.0879
   9.8430E+01   9.8480E+01   6.1776E-03  0.0888
   9.8480E+01   9.8530E+01   6.4620E-03  0.0927
   9.8530E+01   9.8580E+01   6.8455E-03  0.1006

#   sum over    2.0000E-03   6.2938E-03  0.0820

'no. =268,  ix =  9,  iy =  4'
msuc: {\huge Histograma}
msdr: {\it plotted by \ANGEL \version}
msdl: {\it calculated by \PHITS  3.35}
wt: s(0.7)
\vspace{-3}
  xmin  &=&   0.0000E+00 [cm]
  xmax  &=&   1.0000E-01 [cm]
  ymin  &=&  -1.3500E+00 [cm]
  ymax  &=&  -1.2500E+00 [cm]
e:

#------------------------------------------------------------------------------
 newpage:
#   no. =269   ix  =  9   iy  =  5
#   x = (   0.0000E+00  -   1.0000E-01  )
#   y = (  -1.2500E+00  -  -1.1500E+00  )

x: z[cm]
y: Dose [Gy/source]      
p: xlin ylog afac(0.8) form(0.9)
h: n            x            y(proton  ),hh0l n 
#  z-lower      z-upper        proton    r.err 
   9.8380E+01   9.8430E+01   8.1937E-03  0.0726
   9.8430E+01   9.8480E+01   8.7984E-03  0.0747
   9.8480E+01   9.8530E+01   8.5391E-03  0.0785
   9.8530E+01   9.8580E+01   8.9943E-03  0.0870

#   sum over    2.0000E-03   8.6314E-03  0.0697

'no. =269,  ix =  9,  iy =  5'
msuc: {\huge Histograma}
msdr: {\it plotted by \ANGEL \version}
msdl: {\it calculated by \PHITS  3.35}
wt: s(0.7)
\vspace{-3}
  xmin  &=&   0.0000E+00 [cm]
  xmax  &=&   1.0000E-01 [cm]
  ymin  &=&  -1.2500E+00 [cm]
  ymax  &=&  -1.1500E+00 [cm]
e:

#------------------------------------------------------------------------------
 newpage:
#   no. =270   ix  =  9   iy  =  6
#   x = (   0.0000E+00  -   1.0000E-01  )
#   y = (  -1.1500E+00  -  -1.0500E+00  )

x: z[cm]
y: Dose [Gy/source]      
p: xlin ylog afac(0.8) form(0.9)
h: n            x            y(proton  ),hh0l n 
#  z-lower      z-upper        proton    r.err 
   9.8380E+01   9.8430E+01   7.7068E-03  0.0767
   9.8430E+01   9.8480E+01   8.3484E-03  0.0784
   9.8480E+01   9.8530E+01   7.8361E-03  0.0842
   9.8530E+01   9.8580E+01   7.6835E-03  0.0952

#   sum over    2.0000E-03   7.8937E-03  0.0728

'no. =270,  ix =  9,  iy =  6'
msuc: {\huge Histograma}
msdr: {\it plotted by \ANGEL \version}
msdl: {\it calculated by \PHITS  3.35}
wt: s(0.7)
\vspace{-3}
  xmin  &=&   0.0000E+00 [cm]
  xmax  &=&   1.0000E-01 [cm]
  ymin  &=&  -1.1500E+00 [cm]
  ymax  &=&  -1.0500E+00 [cm]
e:

#------------------------------------------------------------------------------
 newpage:
#   no. =271   ix  =  9   iy  =  7
#   x = (   0.0000E+00  -   1.0000E-01  )
#   y = (  -1.0500E+00  -  -9.5000E-01  )

x: z[cm]
y: Dose [Gy/source]      
p: xlin ylog afac(0.8) form(0.9)
h: n            x            y(proton  ),hh0l n 
#  z-lower      z-upper        proton    r.err 
   9.8380E+01   9.8430E+01   6.8048E-03  0.0789
   9.8430E+01   9.8480E+01   7.7129E-03  0.0775
   9.8480E+01   9.8530E+01   8.4422E-03  0.0815
   9.8530E+01   9.8580E+01   8.7732E-03  0.0898

#   sum over    2.0000E-03   7.9333E-03  0.0726

'no. =271,  ix =  9,  iy =  7'
msuc: {\huge Histograma}
msdr: {\it plotted by \ANGEL \version}
msdl: {\it calculated by \PHITS  3.35}
wt: s(0.7)
\vspace{-3}
  xmin  &=&   0.0000E+00 [cm]
  xmax  &=&   1.0000E-01 [cm]
  ymin  &=&  -1.0500E+00 [cm]
  ymax  &=&  -9.5000E-01 [cm]
e:

#------------------------------------------------------------------------------
 newpage:
#   no. =272   ix  =  9   iy  =  8
#   x = (   0.0000E+00  -   1.0000E-01  )
#   y = (  -9.5000E-01  -  -8.5000E-01  )

x: z[cm]
y: Dose [Gy/source]      
p: xlin ylog afac(0.8) form(0.9)
h: n            x            y(proton  ),hh0l n 
#  z-lower      z-upper        proton    r.err 
   9.8380E+01   9.8430E+01   7.5403E-03  0.0769
   9.8430E+01   9.8480E+01   7.9052E-03  0.0801
   9.8480E+01   9.8530E+01   7.1963E-03  0.0887
   9.8530E+01   9.8580E+01   6.7155E-03  0.1032

#   sum over    2.0000E-03   7.3393E-03  0.0750

'no. =272,  ix =  9,  iy =  8'
msuc: {\huge Histograma}
msdr: {\it plotted by \ANGEL \version}
msdl: {\it calculated by \PHITS  3.35}
wt: s(0.7)
\vspace{-3}
  xmin  &=&   0.0000E+00 [cm]
  xmax  &=&   1.0000E-01 [cm]
  ymin  &=&  -9.5000E-01 [cm]
  ymax  &=&  -8.5000E-01 [cm]
e:

#------------------------------------------------------------------------------
 newpage:
#   no. =273   ix  =  9   iy  =  9
#   x = (   0.0000E+00  -   1.0000E-01  )
#   y = (  -8.5000E-01  -  -7.5000E-01  )

x: z[cm]
y: Dose [Gy/source]      
p: xlin ylog afac(0.8) form(0.9)
h: n            x            y(proton  ),hh0l n 
#  z-lower      z-upper        proton    r.err 
   9.8380E+01   9.8430E+01   7.3724E-03  0.0786
   9.8430E+01   9.8480E+01   7.5850E-03  0.0801
   9.8480E+01   9.8530E+01   7.3551E-03  0.0841
   9.8530E+01   9.8580E+01   8.1341E-03  0.0914

#   sum over    2.0000E-03   7.6116E-03  0.0738

'no. =273,  ix =  9,  iy =  9'
msuc: {\huge Histograma}
msdr: {\it plotted by \ANGEL \version}
msdl: {\it calculated by \PHITS  3.35}
wt: s(0.7)
\vspace{-3}
  xmin  &=&   0.0000E+00 [cm]
  xmax  &=&   1.0000E-01 [cm]
  ymin  &=&  -8.5000E-01 [cm]
  ymax  &=&  -7.5000E-01 [cm]
e:

#------------------------------------------------------------------------------
 newpage:
#   no. =274   ix  =  9   iy  = 10
#   x = (   0.0000E+00  -   1.0000E-01  )
#   y = (  -7.5000E-01  -  -6.5000E-01  )

x: z[cm]
y: Dose [Gy/source]      
p: xlin ylog afac(0.8) form(0.9)
h: n            x            y(proton  ),hh0l n 
#  z-lower      z-upper        proton    r.err 
   9.8380E+01   9.8430E+01   8.0871E-03  0.0749
   9.8430E+01   9.8480E+01   8.3892E-03  0.0759
   9.8480E+01   9.8530E+01   8.6113E-03  0.0809
   9.8530E+01   9.8580E+01   8.4028E-03  0.0904

#   sum over    2.0000E-03   8.3726E-03  0.0703

'no. =274,  ix =  9,  iy = 10'
msuc: {\huge Histograma}
msdr: {\it plotted by \ANGEL \version}
msdl: {\it calculated by \PHITS  3.35}
wt: s(0.7)
\vspace{-3}
  xmin  &=&   0.0000E+00 [cm]
  xmax  &=&   1.0000E-01 [cm]
  ymin  &=&  -7.5000E-01 [cm]
  ymax  &=&  -6.5000E-01 [cm]
e:

#------------------------------------------------------------------------------
 newpage:
#   no. =275   ix  =  9   iy  = 11
#   x = (   0.0000E+00  -   1.0000E-01  )
#   y = (  -6.5000E-01  -  -5.5000E-01  )

x: z[cm]
y: Dose [Gy/source]      
p: xlin ylog afac(0.8) form(0.9)
h: n            x            y(proton  ),hh0l n 
#  z-lower      z-upper        proton    r.err 
   9.8380E+01   9.8430E+01   6.8948E-03  0.0838
   9.8430E+01   9.8480E+01   7.1096E-03  0.0874
   9.8480E+01   9.8530E+01   5.6704E-03  0.0971
   9.8530E+01   9.8580E+01   5.7238E-03  0.1076

#   sum over    2.0000E-03   6.3497E-03  0.0795

'no. =275,  ix =  9,  iy = 11'
msuc: {\huge Histograma}
msdr: {\it plotted by \ANGEL \version}
msdl: {\it calculated by \PHITS  3.35}
wt: s(0.7)
\vspace{-3}
  xmin  &=&   0.0000E+00 [cm]
  xmax  &=&   1.0000E-01 [cm]
  ymin  &=&  -6.5000E-01 [cm]
  ymax  &=&  -5.5000E-01 [cm]
e:

#------------------------------------------------------------------------------
 newpage:
#   no. =276   ix  =  9   iy  = 12
#   x = (   0.0000E+00  -   1.0000E-01  )
#   y = (  -5.5000E-01  -  -4.5000E-01  )

x: z[cm]
y: Dose [Gy/source]      
p: xlin ylog afac(0.8) form(0.9)
h: n            x            y(proton  ),hh0l n 
#  z-lower      z-upper        proton    r.err 
   9.8380E+01   9.8430E+01   8.2521E-03  0.0754
   9.8430E+01   9.8480E+01   8.6826E-03  0.0764
   9.8480E+01   9.8530E+01   8.4061E-03  0.0827
   9.8530E+01   9.8580E+01   7.4477E-03  0.0952

#   sum over    2.0000E-03   8.1971E-03  0.0704

'no. =276,  ix =  9,  iy = 12'
msuc: {\huge Histograma}
msdr: {\it plotted by \ANGEL \version}
msdl: {\it calculated by \PHITS  3.35}
wt: s(0.7)
\vspace{-3}
  xmin  &=&   0.0000E+00 [cm]
  xmax  &=&   1.0000E-01 [cm]
  ymin  &=&  -5.5000E-01 [cm]
  ymax  &=&  -4.5000E-01 [cm]
e:

#------------------------------------------------------------------------------
 newpage:
#   no. =277   ix  =  9   iy  = 13
#   x = (   0.0000E+00  -   1.0000E-01  )
#   y = (  -4.5000E-01  -  -3.5000E-01  )

x: z[cm]
y: Dose [Gy/source]      
p: xlin ylog afac(0.8) form(0.9)
h: n            x            y(proton  ),hh0l n 
#  z-lower      z-upper        proton    r.err 
   9.8380E+01   9.8430E+01   7.9480E-03  0.0756
   9.8430E+01   9.8480E+01   8.3065E-03  0.0783
   9.8480E+01   9.8530E+01   8.2434E-03  0.0838
   9.8530E+01   9.8580E+01   7.7123E-03  0.0943

#   sum over    2.0000E-03   8.0525E-03  0.0714

'no. =277,  ix =  9,  iy = 13'
msuc: {\huge Histograma}
msdr: {\it plotted by \ANGEL \version}
msdl: {\it calculated by \PHITS  3.35}
wt: s(0.7)
\vspace{-3}
  xmin  &=&   0.0000E+00 [cm]
  xmax  &=&   1.0000E-01 [cm]
  ymin  &=&  -4.5000E-01 [cm]
  ymax  &=&  -3.5000E-01 [cm]
e:

#------------------------------------------------------------------------------
 newpage:
#   no. =278   ix  =  9   iy  = 14
#   x = (   0.0000E+00  -   1.0000E-01  )
#   y = (  -3.5000E-01  -  -2.5000E-01  )

x: z[cm]
y: Dose [Gy/source]      
p: xlin ylog afac(0.8) form(0.9)
h: n            x            y(proton  ),hh0l n 
#  z-lower      z-upper        proton    r.err 
   9.8380E+01   9.8430E+01   6.8646E-03  0.0793
   9.8430E+01   9.8480E+01   7.6885E-03  0.0805
   9.8480E+01   9.8530E+01   7.7872E-03  0.0844
   9.8530E+01   9.8580E+01   7.5252E-03  0.0944

#   sum over    2.0000E-03   7.4664E-03  0.0742

'no. =278,  ix =  9,  iy = 14'
msuc: {\huge Histograma}
msdr: {\it plotted by \ANGEL \version}
msdl: {\it calculated by \PHITS  3.35}
wt: s(0.7)
\vspace{-3}
  xmin  &=&   0.0000E+00 [cm]
  xmax  &=&   1.0000E-01 [cm]
  ymin  &=&  -3.5000E-01 [cm]
  ymax  &=&  -2.5000E-01 [cm]
e:

#------------------------------------------------------------------------------
 newpage:
#   no. =279   ix  =  9   iy  = 15
#   x = (   0.0000E+00  -   1.0000E-01  )
#   y = (  -2.5000E-01  -  -1.5000E-01  )

x: z[cm]
y: Dose [Gy/source]      
p: xlin ylog afac(0.8) form(0.9)
h: n            x            y(proton  ),hh0l n 
#  z-lower      z-upper        proton    r.err 
   9.8380E+01   9.8430E+01   7.7930E-03  0.0758
   9.8430E+01   9.8480E+01   8.1638E-03  0.0787
   9.8480E+01   9.8530E+01   7.6524E-03  0.0845
   9.8530E+01   9.8580E+01   7.5092E-03  0.0932

#   sum over    2.0000E-03   7.7796E-03  0.0724

'no. =279,  ix =  9,  iy = 15'
msuc: {\huge Histograma}
msdr: {\it plotted by \ANGEL \version}
msdl: {\it calculated by \PHITS  3.35}
wt: s(0.7)
\vspace{-3}
  xmin  &=&   0.0000E+00 [cm]
  xmax  &=&   1.0000E-01 [cm]
  ymin  &=&  -2.5000E-01 [cm]
  ymax  &=&  -1.5000E-01 [cm]
e:

#------------------------------------------------------------------------------
 newpage:
#   no. =280   ix  =  9   iy  = 16
#   x = (   0.0000E+00  -   1.0000E-01  )
#   y = (  -1.5000E-01  -  -5.0000E-02  )

x: z[cm]
y: Dose [Gy/source]      
p: xlin ylog afac(0.8) form(0.9)
h: n            x            y(proton  ),hh0l n 
#  z-lower      z-upper        proton    r.err 
   9.8380E+01   9.8430E+01   8.5236E-03  0.0748
   9.8430E+01   9.8480E+01   9.0266E-03  0.0768
   9.8480E+01   9.8530E+01   8.1195E-03  0.0836
   9.8530E+01   9.8580E+01   7.2991E-03  0.0966

#   sum over    2.0000E-03   8.2422E-03  0.0708

'no. =280,  ix =  9,  iy = 16'
msuc: {\huge Histograma}
msdr: {\it plotted by \ANGEL \version}
msdl: {\it calculated by \PHITS  3.35}
wt: s(0.7)
\vspace{-3}
  xmin  &=&   0.0000E+00 [cm]
  xmax  &=&   1.0000E-01 [cm]
  ymin  &=&  -1.5000E-01 [cm]
  ymax  &=&  -5.0000E-02 [cm]
e:

#------------------------------------------------------------------------------
 newpage:
#   no. =281   ix  =  9   iy  = 17
#   x = (   0.0000E+00  -   1.0000E-01  )
#   y = (  -5.0000E-02  -   5.0000E-02  )

x: z[cm]
y: Dose [Gy/source]      
p: xlin ylog afac(0.8) form(0.9)
h: n            x            y(proton  ),hh0l n 
#  z-lower      z-upper        proton    r.err 
   9.8380E+01   9.8430E+01   8.1777E-03  0.0744
   9.8430E+01   9.8480E+01   8.5681E-03  0.0765
   9.8480E+01   9.8530E+01   8.3805E-03  0.0838
   9.8530E+01   9.8580E+01   7.7545E-03  0.0944

#   sum over    2.0000E-03   8.2202E-03  0.0712

'no. =281,  ix =  9,  iy = 17'
msuc: {\huge Histograma}
msdr: {\it plotted by \ANGEL \version}
msdl: {\it calculated by \PHITS  3.35}
wt: s(0.7)
\vspace{-3}
  xmin  &=&   0.0000E+00 [cm]
  xmax  &=&   1.0000E-01 [cm]
  ymin  &=&  -5.0000E-02 [cm]
  ymax  &=&   5.0000E-02 [cm]
e:

#------------------------------------------------------------------------------
 newpage:
#   no. =282   ix  =  9   iy  = 18
#   x = (   0.0000E+00  -   1.0000E-01  )
#   y = (   5.0000E-02  -   1.5000E-01  )

x: z[cm]
y: Dose [Gy/source]      
p: xlin ylog afac(0.8) form(0.9)
h: n            x            y(proton  ),hh0l n 
#  z-lower      z-upper        proton    r.err 
   9.8380E+01   9.8430E+01   7.9894E-03  0.0756
   9.8430E+01   9.8480E+01   8.6827E-03  0.0782
   9.8480E+01   9.8530E+01   7.6925E-03  0.0847
   9.8530E+01   9.8580E+01   7.2292E-03  0.0959

#   sum over    2.0000E-03   7.8984E-03  0.0716

'no. =282,  ix =  9,  iy = 18'
msuc: {\huge Histograma}
msdr: {\it plotted by \ANGEL \version}
msdl: {\it calculated by \PHITS  3.35}
wt: s(0.7)
\vspace{-3}
  xmin  &=&   0.0000E+00 [cm]
  xmax  &=&   1.0000E-01 [cm]
  ymin  &=&   5.0000E-02 [cm]
  ymax  &=&   1.5000E-01 [cm]
e:

#------------------------------------------------------------------------------
 newpage:
#   no. =283   ix  =  9   iy  = 19
#   x = (   0.0000E+00  -   1.0000E-01  )
#   y = (   1.5000E-01  -   2.5000E-01  )

x: z[cm]
y: Dose [Gy/source]      
p: xlin ylog afac(0.8) form(0.9)
h: n            x            y(proton  ),hh0l n 
#  z-lower      z-upper        proton    r.err 
   9.8380E+01   9.8430E+01   8.2504E-03  0.0733
   9.8430E+01   9.8480E+01   8.5990E-03  0.0765
   9.8480E+01   9.8530E+01   8.8924E-03  0.0809
   9.8530E+01   9.8580E+01   7.9698E-03  0.0928

#   sum over    2.0000E-03   8.4279E-03  0.0702

'no. =283,  ix =  9,  iy = 19'
msuc: {\huge Histograma}
msdr: {\it plotted by \ANGEL \version}
msdl: {\it calculated by \PHITS  3.35}
wt: s(0.7)
\vspace{-3}
  xmin  &=&   0.0000E+00 [cm]
  xmax  &=&   1.0000E-01 [cm]
  ymin  &=&   1.5000E-01 [cm]
  ymax  &=&   2.5000E-01 [cm]
e:

#------------------------------------------------------------------------------
 newpage:
#   no. =284   ix  =  9   iy  = 20
#   x = (   0.0000E+00  -   1.0000E-01  )
#   y = (   2.5000E-01  -   3.5000E-01  )

x: z[cm]
y: Dose [Gy/source]      
p: xlin ylog afac(0.8) form(0.9)
h: n            x            y(proton  ),hh0l n 
#  z-lower      z-upper        proton    r.err 
   9.8380E+01   9.8430E+01   7.5610E-03  0.0755
   9.8430E+01   9.8480E+01   8.7126E-03  0.0761
   9.8480E+01   9.8530E+01   8.7777E-03  0.0802
   9.8530E+01   9.8580E+01   7.8503E-03  0.0925

#   sum over    2.0000E-03   8.2254E-03  0.0706

'no. =284,  ix =  9,  iy = 20'
msuc: {\huge Histograma}
msdr: {\it plotted by \ANGEL \version}
msdl: {\it calculated by \PHITS  3.35}
wt: s(0.7)
\vspace{-3}
  xmin  &=&   0.0000E+00 [cm]
  xmax  &=&   1.0000E-01 [cm]
  ymin  &=&   2.5000E-01 [cm]
  ymax  &=&   3.5000E-01 [cm]
e:

#------------------------------------------------------------------------------
 newpage:
#   no. =285   ix  =  9   iy  = 21
#   x = (   0.0000E+00  -   1.0000E-01  )
#   y = (   3.5000E-01  -   4.5000E-01  )

x: z[cm]
y: Dose [Gy/source]      
p: xlin ylog afac(0.8) form(0.9)
h: n            x            y(proton  ),hh0l n 
#  z-lower      z-upper        proton    r.err 
   9.8380E+01   9.8430E+01   7.8218E-03  0.0746
   9.8430E+01   9.8480E+01   8.2788E-03  0.0765
   9.8480E+01   9.8530E+01   8.1355E-03  0.0841
   9.8530E+01   9.8580E+01   7.1292E-03  0.0965

#   sum over    2.0000E-03   7.8413E-03  0.0719

'no. =285,  ix =  9,  iy = 21'
msuc: {\huge Histograma}
msdr: {\it plotted by \ANGEL \version}
msdl: {\it calculated by \PHITS  3.35}
wt: s(0.7)
\vspace{-3}
  xmin  &=&   0.0000E+00 [cm]
  xmax  &=&   1.0000E-01 [cm]
  ymin  &=&   3.5000E-01 [cm]
  ymax  &=&   4.5000E-01 [cm]
e:

#------------------------------------------------------------------------------
 newpage:
#   no. =286   ix  =  9   iy  = 22
#   x = (   0.0000E+00  -   1.0000E-01  )
#   y = (   4.5000E-01  -   5.5000E-01  )

x: z[cm]
y: Dose [Gy/source]      
p: xlin ylog afac(0.8) form(0.9)
h: n            x            y(proton  ),hh0l n 
#  z-lower      z-upper        proton    r.err 
   9.8380E+01   9.8430E+01   7.4657E-03  0.0780
   9.8430E+01   9.8480E+01   7.8517E-03  0.0791
   9.8480E+01   9.8530E+01   7.5757E-03  0.0847
   9.8530E+01   9.8580E+01   7.9772E-03  0.0939

#   sum over    2.0000E-03   7.7176E-03  0.0736

'no. =286,  ix =  9,  iy = 22'
msuc: {\huge Histograma}
msdr: {\it plotted by \ANGEL \version}
msdl: {\it calculated by \PHITS  3.35}
wt: s(0.7)
\vspace{-3}
  xmin  &=&   0.0000E+00 [cm]
  xmax  &=&   1.0000E-01 [cm]
  ymin  &=&   4.5000E-01 [cm]
  ymax  &=&   5.5000E-01 [cm]
e:

#------------------------------------------------------------------------------
 newpage:
#   no. =287   ix  =  9   iy  = 23
#   x = (   0.0000E+00  -   1.0000E-01  )
#   y = (   5.5000E-01  -   6.5000E-01  )

x: z[cm]
y: Dose [Gy/source]      
p: xlin ylog afac(0.8) form(0.9)
h: n            x            y(proton  ),hh0l n 
#  z-lower      z-upper        proton    r.err 
   9.8380E+01   9.8430E+01   7.6347E-03  0.0779
   9.8430E+01   9.8480E+01   7.9553E-03  0.0793
   9.8480E+01   9.8530E+01   7.9325E-03  0.0845
   9.8530E+01   9.8580E+01   7.1470E-03  0.0956

#   sum over    2.0000E-03   7.6674E-03  0.0729

'no. =287,  ix =  9,  iy = 23'
msuc: {\huge Histograma}
msdr: {\it plotted by \ANGEL \version}
msdl: {\it calculated by \PHITS  3.35}
wt: s(0.7)
\vspace{-3}
  xmin  &=&   0.0000E+00 [cm]
  xmax  &=&   1.0000E-01 [cm]
  ymin  &=&   5.5000E-01 [cm]
  ymax  &=&   6.5000E-01 [cm]
e:

#------------------------------------------------------------------------------
 newpage:
#   no. =288   ix  =  9   iy  = 24
#   x = (   0.0000E+00  -   1.0000E-01  )
#   y = (   6.5000E-01  -   7.5000E-01  )

x: z[cm]
y: Dose [Gy/source]      
p: xlin ylog afac(0.8) form(0.9)
h: n            x            y(proton  ),hh0l n 
#  z-lower      z-upper        proton    r.err 
   9.8380E+01   9.8430E+01   7.1554E-03  0.0770
   9.8430E+01   9.8480E+01   8.3702E-03  0.0771
   9.8480E+01   9.8530E+01   7.9853E-03  0.0809
   9.8530E+01   9.8580E+01   8.7191E-03  0.0891

#   sum over    2.0000E-03   8.0575E-03  0.0722

'no. =288,  ix =  9,  iy = 24'
msuc: {\huge Histograma}
msdr: {\it plotted by \ANGEL \version}
msdl: {\it calculated by \PHITS  3.35}
wt: s(0.7)
\vspace{-3}
  xmin  &=&   0.0000E+00 [cm]
  xmax  &=&   1.0000E-01 [cm]
  ymin  &=&   6.5000E-01 [cm]
  ymax  &=&   7.5000E-01 [cm]
e:

#------------------------------------------------------------------------------
 newpage:
#   no. =289   ix  =  9   iy  = 25
#   x = (   0.0000E+00  -   1.0000E-01  )
#   y = (   7.5000E-01  -   8.5000E-01  )

x: z[cm]
y: Dose [Gy/source]      
p: xlin ylog afac(0.8) form(0.9)
h: n            x            y(proton  ),hh0l n 
#  z-lower      z-upper        proton    r.err 
   9.8380E+01   9.8430E+01   7.8180E-03  0.0745
   9.8430E+01   9.8480E+01   8.6408E-03  0.0749
   9.8480E+01   9.8530E+01   8.4445E-03  0.0801
   9.8530E+01   9.8580E+01   8.9402E-03  0.0891

#   sum over    2.0000E-03   8.4609E-03  0.0703

'no. =289,  ix =  9,  iy = 25'
msuc: {\huge Histograma}
msdr: {\it plotted by \ANGEL \version}
msdl: {\it calculated by \PHITS  3.35}
wt: s(0.7)
\vspace{-3}
  xmin  &=&   0.0000E+00 [cm]
  xmax  &=&   1.0000E-01 [cm]
  ymin  &=&   7.5000E-01 [cm]
  ymax  &=&   8.5000E-01 [cm]
e:

#------------------------------------------------------------------------------
 newpage:
#   no. =290   ix  =  9   iy  = 26
#   x = (   0.0000E+00  -   1.0000E-01  )
#   y = (   8.5000E-01  -   9.5000E-01  )

x: z[cm]
y: Dose [Gy/source]      
p: xlin ylog afac(0.8) form(0.9)
h: n            x            y(proton  ),hh0l n 
#  z-lower      z-upper        proton    r.err 
   9.8380E+01   9.8430E+01   8.0125E-03  0.0758
   9.8430E+01   9.8480E+01   7.9813E-03  0.0776
   9.8480E+01   9.8530E+01   8.1599E-03  0.0839
   9.8530E+01   9.8580E+01   8.0354E-03  0.0927

#   sum over    2.0000E-03   8.0473E-03  0.0715

'no. =290,  ix =  9,  iy = 26'
msuc: {\huge Histograma}
msdr: {\it plotted by \ANGEL \version}
msdl: {\it calculated by \PHITS  3.35}
wt: s(0.7)
\vspace{-3}
  xmin  &=&   0.0000E+00 [cm]
  xmax  &=&   1.0000E-01 [cm]
  ymin  &=&   8.5000E-01 [cm]
  ymax  &=&   9.5000E-01 [cm]
e:

#------------------------------------------------------------------------------
 newpage:
#   no. =291   ix  =  9   iy  = 27
#   x = (   0.0000E+00  -   1.0000E-01  )
#   y = (   9.5000E-01  -   1.0500E+00  )

x: z[cm]
y: Dose [Gy/source]      
p: xlin ylog afac(0.8) form(0.9)
h: n            x            y(proton  ),hh0l n 
#  z-lower      z-upper        proton    r.err 
   9.8380E+01   9.8430E+01   8.5509E-03  0.0732
   9.8430E+01   9.8480E+01   9.0470E-03  0.0761
   9.8480E+01   9.8530E+01   7.8680E-03  0.0838
   9.8530E+01   9.8580E+01   8.1500E-03  0.0916

#   sum over    2.0000E-03   8.4040E-03  0.0702

'no. =291,  ix =  9,  iy = 27'
msuc: {\huge Histograma}
msdr: {\it plotted by \ANGEL \version}
msdl: {\it calculated by \PHITS  3.35}
wt: s(0.7)
\vspace{-3}
  xmin  &=&   0.0000E+00 [cm]
  xmax  &=&   1.0000E-01 [cm]
  ymin  &=&   9.5000E-01 [cm]
  ymax  &=&   1.0500E+00 [cm]
e:

#------------------------------------------------------------------------------
 newpage:
#   no. =292   ix  =  9   iy  = 28
#   x = (   0.0000E+00  -   1.0000E-01  )
#   y = (   1.0500E+00  -   1.1500E+00  )

x: z[cm]
y: Dose [Gy/source]      
p: xlin ylog afac(0.8) form(0.9)
h: n            x            y(proton  ),hh0l n 
#  z-lower      z-upper        proton    r.err 
   9.8380E+01   9.8430E+01   7.0589E-03  0.0783
   9.8430E+01   9.8480E+01   7.6262E-03  0.0788
   9.8480E+01   9.8530E+01   8.2099E-03  0.0814
   9.8530E+01   9.8580E+01   7.8905E-03  0.0926

#   sum over    2.0000E-03   7.6964E-03  0.0729

'no. =292,  ix =  9,  iy = 28'
msuc: {\huge Histograma}
msdr: {\it plotted by \ANGEL \version}
msdl: {\it calculated by \PHITS  3.35}
wt: s(0.7)
\vspace{-3}
  xmin  &=&   0.0000E+00 [cm]
  xmax  &=&   1.0000E-01 [cm]
  ymin  &=&   1.0500E+00 [cm]
  ymax  &=&   1.1500E+00 [cm]
e:

#------------------------------------------------------------------------------
 newpage:
#   no. =293   ix  =  9   iy  = 29
#   x = (   0.0000E+00  -   1.0000E-01  )
#   y = (   1.1500E+00  -   1.2500E+00  )

x: z[cm]
y: Dose [Gy/source]      
p: xlin ylog afac(0.8) form(0.9)
h: n            x            y(proton  ),hh0l n 
#  z-lower      z-upper        proton    r.err 
   9.8380E+01   9.8430E+01   7.9331E-03  0.0729
   9.8430E+01   9.8480E+01   8.5916E-03  0.0738
   9.8480E+01   9.8530E+01   9.3538E-03  0.0770
   9.8530E+01   9.8580E+01   9.2210E-03  0.0862

#   sum over    2.0000E-03   8.7749E-03  0.0695

'no. =293,  ix =  9,  iy = 29'
msuc: {\huge Histograma}
msdr: {\it plotted by \ANGEL \version}
msdl: {\it calculated by \PHITS  3.35}
wt: s(0.7)
\vspace{-3}
  xmin  &=&   0.0000E+00 [cm]
  xmax  &=&   1.0000E-01 [cm]
  ymin  &=&   1.1500E+00 [cm]
  ymax  &=&   1.2500E+00 [cm]
e:

#------------------------------------------------------------------------------
 newpage:
#   no. =294   ix  =  9   iy  = 30
#   x = (   0.0000E+00  -   1.0000E-01  )
#   y = (   1.2500E+00  -   1.3500E+00  )

x: z[cm]
y: Dose [Gy/source]      
p: xlin ylog afac(0.8) form(0.9)
h: n            x            y(proton  ),hh0l n 
#  z-lower      z-upper        proton    r.err 
   9.8380E+01   9.8430E+01   8.6703E-03  0.0747
   9.8430E+01   9.8480E+01   8.8059E-03  0.0759
   9.8480E+01   9.8530E+01   8.3366E-03  0.0833
   9.8530E+01   9.8580E+01   7.5281E-03  0.0960

#   sum over    2.0000E-03   8.3352E-03  0.0705

'no. =294,  ix =  9,  iy = 30'
msuc: {\huge Histograma}
msdr: {\it plotted by \ANGEL \version}
msdl: {\it calculated by \PHITS  3.35}
wt: s(0.7)
\vspace{-3}
  xmin  &=&   0.0000E+00 [cm]
  xmax  &=&   1.0000E-01 [cm]
  ymin  &=&   1.2500E+00 [cm]
  ymax  &=&   1.3500E+00 [cm]
e:

#------------------------------------------------------------------------------
 newpage:
#   no. =295   ix  =  9   iy  = 31
#   x = (   0.0000E+00  -   1.0000E-01  )
#   y = (   1.3500E+00  -   1.4500E+00  )

x: z[cm]
y: Dose [Gy/source]      
p: xlin ylog afac(0.8) form(0.9)
h: n            x            y(proton  ),hh0l n 
#  z-lower      z-upper        proton    r.err 
   9.8380E+01   9.8430E+01   7.2907E-03  0.0772
   9.8430E+01   9.8480E+01   8.0624E-03  0.0785
   9.8480E+01   9.8530E+01   8.0261E-03  0.0842
   9.8530E+01   9.8580E+01   7.6993E-03  0.0945

#   sum over    2.0000E-03   7.7696E-03  0.0733

'no. =295,  ix =  9,  iy = 31'
msuc: {\huge Histograma}
msdr: {\it plotted by \ANGEL \version}
msdl: {\it calculated by \PHITS  3.35}
wt: s(0.7)
\vspace{-3}
  xmin  &=&   0.0000E+00 [cm]
  xmax  &=&   1.0000E-01 [cm]
  ymin  &=&   1.3500E+00 [cm]
  ymax  &=&   1.4500E+00 [cm]
e:

#------------------------------------------------------------------------------
 newpage:
#   no. =296   ix  =  9   iy  = 32
#   x = (   0.0000E+00  -   1.0000E-01  )
#   y = (   1.4500E+00  -   1.5500E+00  )

x: z[cm]
y: Dose [Gy/source]      
p: xlin ylog afac(0.8) form(0.9)
h: n            x            y(proton  ),hh0l n 
#  z-lower      z-upper        proton    r.err 
   9.8380E+01   9.8430E+01   8.2398E-03  0.0716
   9.8430E+01   9.8480E+01   9.3681E-03  0.0728
   9.8480E+01   9.8530E+01   9.2028E-03  0.0776
   9.8530E+01   9.8580E+01   9.1461E-03  0.0867

#   sum over    2.0000E-03   8.9892E-03  0.0685

'no. =296,  ix =  9,  iy = 32'
msuc: {\huge Histograma}
msdr: {\it plotted by \ANGEL \version}
msdl: {\it calculated by \PHITS  3.35}
wt: s(0.7)
\vspace{-3}
  xmin  &=&   0.0000E+00 [cm]
  xmax  &=&   1.0000E-01 [cm]
  ymin  &=&   1.4500E+00 [cm]
  ymax  &=&   1.5500E+00 [cm]
e:

#------------------------------------------------------------------------------
 newpage:
#   no. =297   ix  =  9   iy  = 33
#   x = (   0.0000E+00  -   1.0000E-01  )
#   y = (   1.5500E+00  -   1.6500E+00  )

x: z[cm]
y: Dose [Gy/source]      
p: xlin ylog afac(0.8) form(0.9)
h: n            x            y(proton  ),hh0l n 
#  z-lower      z-upper        proton    r.err 
   9.8380E+01   9.8430E+01   8.9686E-03  0.0724
   9.8430E+01   9.8480E+01   8.8322E-03  0.0763
   9.8480E+01   9.8530E+01   8.3190E-03  0.0813
   9.8530E+01   9.8580E+01   8.4782E-03  0.0894

#   sum over    2.0000E-03   8.6495E-03  0.0685

'no. =297,  ix =  9,  iy = 33'
msuc: {\huge Histograma}
msdr: {\it plotted by \ANGEL \version}
msdl: {\it calculated by \PHITS  3.35}
wt: s(0.7)
\vspace{-3}
  xmin  &=&   0.0000E+00 [cm]
  xmax  &=&   1.0000E-01 [cm]
  ymin  &=&   1.5500E+00 [cm]
  ymax  &=&   1.6500E+00 [cm]
e:

#------------------------------------------------------------------------------
 newpage:
#   no. =298   ix  = 10   iy  =  1
#   x = (   1.0000E-01  -   2.0000E-01  )
#   y = (  -1.6500E+00  -  -1.5500E+00  )

x: z[cm]
y: Dose [Gy/source]      
p: xlin ylog afac(0.8) form(0.9)
h: n            x            y(proton  ),hh0l n 
#  z-lower      z-upper        proton    r.err 
   9.8380E+01   9.8430E+01   0.0000E+00  0.0000
   9.8430E+01   9.8480E+01   0.0000E+00  0.0000
   9.8480E+01   9.8530E+01   0.0000E+00  0.0000
   9.8530E+01   9.8580E+01   0.0000E+00  0.0000

#   sum over    2.0000E-03   0.0000E+00  0.0000

'no. =298,  ix = 10,  iy =  1'
msuc: {\huge Histograma}
msdr: {\it plotted by \ANGEL \version}
msdl: {\it calculated by \PHITS  3.35}
wt: s(0.7)
\vspace{-3}
  xmin  &=&   1.0000E-01 [cm]
  xmax  &=&   2.0000E-01 [cm]
  ymin  &=&  -1.6500E+00 [cm]
  ymax  &=&  -1.5500E+00 [cm]
e:

#------------------------------------------------------------------------------
 newpage:
#   no. =299   ix  = 10   iy  =  2
#   x = (   1.0000E-01  -   2.0000E-01  )
#   y = (  -1.5500E+00  -  -1.4500E+00  )

x: z[cm]
y: Dose [Gy/source]      
p: xlin ylog afac(0.8) form(0.9)
h: n            x            y(proton  ),hh0l n 
#  z-lower      z-upper        proton    r.err 
   9.8380E+01   9.8430E+01   0.0000E+00  0.0000
   9.8430E+01   9.8480E+01   0.0000E+00  0.0000
   9.8480E+01   9.8530E+01   0.0000E+00  0.0000
   9.8530E+01   9.8580E+01   0.0000E+00  0.0000

#   sum over    2.0000E-03   0.0000E+00  0.0000

'no. =299,  ix = 10,  iy =  2'
msuc: {\huge Histograma}
msdr: {\it plotted by \ANGEL \version}
msdl: {\it calculated by \PHITS  3.35}
wt: s(0.7)
\vspace{-3}
  xmin  &=&   1.0000E-01 [cm]
  xmax  &=&   2.0000E-01 [cm]
  ymin  &=&  -1.5500E+00 [cm]
  ymax  &=&  -1.4500E+00 [cm]
e:

#------------------------------------------------------------------------------
 newpage:
#   no. =300   ix  = 10   iy  =  3
#   x = (   1.0000E-01  -   2.0000E-01  )
#   y = (  -1.4500E+00  -  -1.3500E+00  )

x: z[cm]
y: Dose [Gy/source]      
p: xlin ylog afac(0.8) form(0.9)
h: n            x            y(proton  ),hh0l n 
#  z-lower      z-upper        proton    r.err 
   9.8380E+01   9.8430E+01   0.0000E+00  0.0000
   9.8430E+01   9.8480E+01   0.0000E+00  0.0000
   9.8480E+01   9.8530E+01   0.0000E+00  0.0000
   9.8530E+01   9.8580E+01   0.0000E+00  0.0000

#   sum over    2.0000E-03   0.0000E+00  0.0000

'no. =300,  ix = 10,  iy =  3'
msuc: {\huge Histograma}
msdr: {\it plotted by \ANGEL \version}
msdl: {\it calculated by \PHITS  3.35}
wt: s(0.7)
\vspace{-3}
  xmin  &=&   1.0000E-01 [cm]
  xmax  &=&   2.0000E-01 [cm]
  ymin  &=&  -1.4500E+00 [cm]
  ymax  &=&  -1.3500E+00 [cm]
e:

#------------------------------------------------------------------------------
 newpage:
#   no. =301   ix  = 10   iy  =  4
#   x = (   1.0000E-01  -   2.0000E-01  )
#   y = (  -1.3500E+00  -  -1.2500E+00  )

x: z[cm]
y: Dose [Gy/source]      
p: xlin ylog afac(0.8) form(0.9)
h: n            x            y(proton  ),hh0l n 
#  z-lower      z-upper        proton    r.err 
   9.8380E+01   9.8430E+01   6.8175E-03  0.0814
   9.8430E+01   9.8480E+01   7.4041E-03  0.0844
   9.8480E+01   9.8530E+01   7.1654E-03  0.0879
   9.8530E+01   9.8580E+01   6.9541E-03  0.0995

#   sum over    2.0000E-03   7.0853E-03  0.0763

'no. =301,  ix = 10,  iy =  4'
msuc: {\huge Histograma}
msdr: {\it plotted by \ANGEL \version}
msdl: {\it calculated by \PHITS  3.35}
wt: s(0.7)
\vspace{-3}
  xmin  &=&   1.0000E-01 [cm]
  xmax  &=&   2.0000E-01 [cm]
  ymin  &=&  -1.3500E+00 [cm]
  ymax  &=&  -1.2500E+00 [cm]
e:

#------------------------------------------------------------------------------
 newpage:
#   no. =302   ix  = 10   iy  =  5
#   x = (   1.0000E-01  -   2.0000E-01  )
#   y = (  -1.2500E+00  -  -1.1500E+00  )

x: z[cm]
y: Dose [Gy/source]      
p: xlin ylog afac(0.8) form(0.9)
h: n            x            y(proton  ),hh0l n 
#  z-lower      z-upper        proton    r.err 
   9.8380E+01   9.8430E+01   8.5362E-03  0.0731
   9.8430E+01   9.8480E+01   9.0808E-03  0.0749
   9.8480E+01   9.8530E+01   8.9554E-03  0.0804
   9.8530E+01   9.8580E+01   7.7554E-03  0.0925

#   sum over    2.0000E-03   8.5819E-03  0.0695

'no. =302,  ix = 10,  iy =  5'
msuc: {\huge Histograma}
msdr: {\it plotted by \ANGEL \version}
msdl: {\it calculated by \PHITS  3.35}
wt: s(0.7)
\vspace{-3}
  xmin  &=&   1.0000E-01 [cm]
  xmax  &=&   2.0000E-01 [cm]
  ymin  &=&  -1.2500E+00 [cm]
  ymax  &=&  -1.1500E+00 [cm]
e:

#------------------------------------------------------------------------------
 newpage:
#   no. =303   ix  = 10   iy  =  6
#   x = (   1.0000E-01  -   2.0000E-01  )
#   y = (  -1.1500E+00  -  -1.0500E+00  )

x: z[cm]
y: Dose [Gy/source]      
p: xlin ylog afac(0.8) form(0.9)
h: n            x            y(proton  ),hh0l n 
#  z-lower      z-upper        proton    r.err 
   9.8380E+01   9.8430E+01   6.6218E-03  0.0825
   9.8430E+01   9.8480E+01   6.8277E-03  0.0853
   9.8480E+01   9.8530E+01   6.3064E-03  0.0938
   9.8530E+01   9.8580E+01   6.3510E-03  0.1034

#   sum over    2.0000E-03   6.5267E-03  0.0793

'no. =303,  ix = 10,  iy =  6'
msuc: {\huge Histograma}
msdr: {\it plotted by \ANGEL \version}
msdl: {\it calculated by \PHITS  3.35}
wt: s(0.7)
\vspace{-3}
  xmin  &=&   1.0000E-01 [cm]
  xmax  &=&   2.0000E-01 [cm]
  ymin  &=&  -1.1500E+00 [cm]
  ymax  &=&  -1.0500E+00 [cm]
e:

#------------------------------------------------------------------------------
 newpage:
#   no. =304   ix  = 10   iy  =  7
#   x = (   1.0000E-01  -   2.0000E-01  )
#   y = (  -1.0500E+00  -  -9.5000E-01  )

x: z[cm]
y: Dose [Gy/source]      
p: xlin ylog afac(0.8) form(0.9)
h: n            x            y(proton  ),hh0l n 
#  z-lower      z-upper        proton    r.err 
   9.8380E+01   9.8430E+01   8.4161E-03  0.0741
   9.8430E+01   9.8480E+01   9.0376E-03  0.0766
   9.8480E+01   9.8530E+01   8.1808E-03  0.0837
   9.8530E+01   9.8580E+01   7.8612E-03  0.0957

#   sum over    2.0000E-03   8.3739E-03  0.0705

'no. =304,  ix = 10,  iy =  7'
msuc: {\huge Histograma}
msdr: {\it plotted by \ANGEL \version}
msdl: {\it calculated by \PHITS  3.35}
wt: s(0.7)
\vspace{-3}
  xmin  &=&   1.0000E-01 [cm]
  xmax  &=&   2.0000E-01 [cm]
  ymin  &=&  -1.0500E+00 [cm]
  ymax  &=&  -9.5000E-01 [cm]
e:

#------------------------------------------------------------------------------
 newpage:
#   no. =305   ix  = 10   iy  =  8
#   x = (   1.0000E-01  -   2.0000E-01  )
#   y = (  -9.5000E-01  -  -8.5000E-01  )

x: z[cm]
y: Dose [Gy/source]      
p: xlin ylog afac(0.8) form(0.9)
h: n            x            y(proton  ),hh0l n 
#  z-lower      z-upper        proton    r.err 
   9.8380E+01   9.8430E+01   8.5574E-03  0.0739
   9.8430E+01   9.8480E+01   8.6458E-03  0.0751
   9.8480E+01   9.8530E+01   8.6559E-03  0.0803
   9.8530E+01   9.8580E+01   8.1877E-03  0.0909

#   sum over    2.0000E-03   8.5117E-03  0.0696

'no. =305,  ix = 10,  iy =  8'
msuc: {\huge Histograma}
msdr: {\it plotted by \ANGEL \version}
msdl: {\it calculated by \PHITS  3.35}
wt: s(0.7)
\vspace{-3}
  xmin  &=&   1.0000E-01 [cm]
  xmax  &=&   2.0000E-01 [cm]
  ymin  &=&  -9.5000E-01 [cm]
  ymax  &=&  -8.5000E-01 [cm]
e:

#------------------------------------------------------------------------------
 newpage:
#   no. =306   ix  = 10   iy  =  9
#   x = (   1.0000E-01  -   2.0000E-01  )
#   y = (  -8.5000E-01  -  -7.5000E-01  )

x: z[cm]
y: Dose [Gy/source]      
p: xlin ylog afac(0.8) form(0.9)
h: n            x            y(proton  ),hh0l n 
#  z-lower      z-upper        proton    r.err 
   9.8380E+01   9.8430E+01   8.4099E-03  0.0740
   9.8430E+01   9.8480E+01   8.6714E-03  0.0756
   9.8480E+01   9.8530E+01   8.4568E-03  0.0811
   9.8530E+01   9.8580E+01   8.4251E-03  0.0909

#   sum over    2.0000E-03   8.4908E-03  0.0699

'no. =306,  ix = 10,  iy =  9'
msuc: {\huge Histograma}
msdr: {\it plotted by \ANGEL \version}
msdl: {\it calculated by \PHITS  3.35}
wt: s(0.7)
\vspace{-3}
  xmin  &=&   1.0000E-01 [cm]
  xmax  &=&   2.0000E-01 [cm]
  ymin  &=&  -8.5000E-01 [cm]
  ymax  &=&  -7.5000E-01 [cm]
e:

#------------------------------------------------------------------------------
 newpage:
#   no. =307   ix  = 10   iy  = 10
#   x = (   1.0000E-01  -   2.0000E-01  )
#   y = (  -7.5000E-01  -  -6.5000E-01  )

x: z[cm]
y: Dose [Gy/source]      
p: xlin ylog afac(0.8) form(0.9)
h: n            x            y(proton  ),hh0l n 
#  z-lower      z-upper        proton    r.err 
   9.8380E+01   9.8430E+01   8.4019E-03  0.0735
   9.8430E+01   9.8480E+01   9.2771E-03  0.0749
   9.8480E+01   9.8530E+01   8.5012E-03  0.0821
   9.8530E+01   9.8580E+01   7.2557E-03  0.0971

#   sum over    2.0000E-03   8.3590E-03  0.0697

'no. =307,  ix = 10,  iy = 10'
msuc: {\huge Histograma}
msdr: {\it plotted by \ANGEL \version}
msdl: {\it calculated by \PHITS  3.35}
wt: s(0.7)
\vspace{-3}
  xmin  &=&   1.0000E-01 [cm]
  xmax  &=&   2.0000E-01 [cm]
  ymin  &=&  -7.5000E-01 [cm]
  ymax  &=&  -6.5000E-01 [cm]
e:

#------------------------------------------------------------------------------
 newpage:
#   no. =308   ix  = 10   iy  = 11
#   x = (   1.0000E-01  -   2.0000E-01  )
#   y = (  -6.5000E-01  -  -5.5000E-01  )

x: z[cm]
y: Dose [Gy/source]      
p: xlin ylog afac(0.8) form(0.9)
h: n            x            y(proton  ),hh0l n 
#  z-lower      z-upper        proton    r.err 
   9.8380E+01   9.8430E+01   8.2561E-03  0.0758
   9.8430E+01   9.8480E+01   8.5838E-03  0.0774
   9.8480E+01   9.8530E+01   7.6071E-03  0.0840
   9.8530E+01   9.8580E+01   7.4620E-03  0.0970

#   sum over    2.0000E-03   7.9772E-03  0.0715

'no. =308,  ix = 10,  iy = 11'
msuc: {\huge Histograma}
msdr: {\it plotted by \ANGEL \version}
msdl: {\it calculated by \PHITS  3.35}
wt: s(0.7)
\vspace{-3}
  xmin  &=&   1.0000E-01 [cm]
  xmax  &=&   2.0000E-01 [cm]
  ymin  &=&  -6.5000E-01 [cm]
  ymax  &=&  -5.5000E-01 [cm]
e:

#------------------------------------------------------------------------------
 newpage:
#   no. =309   ix  = 10   iy  = 12
#   x = (   1.0000E-01  -   2.0000E-01  )
#   y = (  -5.5000E-01  -  -4.5000E-01  )

x: z[cm]
y: Dose [Gy/source]      
p: xlin ylog afac(0.8) form(0.9)
h: n            x            y(proton  ),hh0l n 
#  z-lower      z-upper        proton    r.err 
   9.8380E+01   9.8430E+01   7.7690E-03  0.0775
   9.8430E+01   9.8480E+01   7.2801E-03  0.0794
   9.8480E+01   9.8530E+01   7.8587E-03  0.0840
   9.8530E+01   9.8580E+01   8.2258E-03  0.0902

#   sum over    2.0000E-03   7.7834E-03  0.0726

'no. =309,  ix = 10,  iy = 12'
msuc: {\huge Histograma}
msdr: {\it plotted by \ANGEL \version}
msdl: {\it calculated by \PHITS  3.35}
wt: s(0.7)
\vspace{-3}
  xmin  &=&   1.0000E-01 [cm]
  xmax  &=&   2.0000E-01 [cm]
  ymin  &=&  -5.5000E-01 [cm]
  ymax  &=&  -4.5000E-01 [cm]
e:

#------------------------------------------------------------------------------
 newpage:
#   no. =310   ix  = 10   iy  = 13
#   x = (   1.0000E-01  -   2.0000E-01  )
#   y = (  -4.5000E-01  -  -3.5000E-01  )

x: z[cm]
y: Dose [Gy/source]      
p: xlin ylog afac(0.8) form(0.9)
h: n            x            y(proton  ),hh0l n 
#  z-lower      z-upper        proton    r.err 
   9.8380E+01   9.8430E+01   7.9047E-03  0.0769
   9.8430E+01   9.8480E+01   7.8530E-03  0.0787
   9.8480E+01   9.8530E+01   7.4268E-03  0.0839
   9.8530E+01   9.8580E+01   8.0513E-03  0.0928

#   sum over    2.0000E-03   7.8090E-03  0.0723

'no. =310,  ix = 10,  iy = 13'
msuc: {\huge Histograma}
msdr: {\it plotted by \ANGEL \version}
msdl: {\it calculated by \PHITS  3.35}
wt: s(0.7)
\vspace{-3}
  xmin  &=&   1.0000E-01 [cm]
  xmax  &=&   2.0000E-01 [cm]
  ymin  &=&  -4.5000E-01 [cm]
  ymax  &=&  -3.5000E-01 [cm]
e:

#------------------------------------------------------------------------------
 newpage:
#   no. =311   ix  = 10   iy  = 14
#   x = (   1.0000E-01  -   2.0000E-01  )
#   y = (  -3.5000E-01  -  -2.5000E-01  )

x: z[cm]
y: Dose [Gy/source]      
p: xlin ylog afac(0.8) form(0.9)
h: n            x            y(proton  ),hh0l n 
#  z-lower      z-upper        proton    r.err 
   9.8380E+01   9.8430E+01   6.9537E-03  0.0810
   9.8430E+01   9.8480E+01   6.6121E-03  0.0825
   9.8480E+01   9.8530E+01   6.7071E-03  0.0893
   9.8530E+01   9.8580E+01   7.3973E-03  0.0978

#   sum over    2.0000E-03   6.9175E-03  0.0777

'no. =311,  ix = 10,  iy = 14'
msuc: {\huge Histograma}
msdr: {\it plotted by \ANGEL \version}
msdl: {\it calculated by \PHITS  3.35}
wt: s(0.7)
\vspace{-3}
  xmin  &=&   1.0000E-01 [cm]
  xmax  &=&   2.0000E-01 [cm]
  ymin  &=&  -3.5000E-01 [cm]
  ymax  &=&  -2.5000E-01 [cm]
e:

#------------------------------------------------------------------------------
 newpage:
#   no. =312   ix  = 10   iy  = 15
#   x = (   1.0000E-01  -   2.0000E-01  )
#   y = (  -2.5000E-01  -  -1.5000E-01  )

x: z[cm]
y: Dose [Gy/source]      
p: xlin ylog afac(0.8) form(0.9)
h: n            x            y(proton  ),hh0l n 
#  z-lower      z-upper        proton    r.err 
   9.8380E+01   9.8430E+01   7.4342E-03  0.0773
   9.8430E+01   9.8480E+01   7.7911E-03  0.0789
   9.8480E+01   9.8530E+01   7.6401E-03  0.0834
   9.8530E+01   9.8580E+01   8.0111E-03  0.0919

#   sum over    2.0000E-03   7.7191E-03  0.0728

'no. =312,  ix = 10,  iy = 15'
msuc: {\huge Histograma}
msdr: {\it plotted by \ANGEL \version}
msdl: {\it calculated by \PHITS  3.35}
wt: s(0.7)
\vspace{-3}
  xmin  &=&   1.0000E-01 [cm]
  xmax  &=&   2.0000E-01 [cm]
  ymin  &=&  -2.5000E-01 [cm]
  ymax  &=&  -1.5000E-01 [cm]
e:

#------------------------------------------------------------------------------
 newpage:
#   no. =313   ix  = 10   iy  = 16
#   x = (   1.0000E-01  -   2.0000E-01  )
#   y = (  -1.5000E-01  -  -5.0000E-02  )

x: z[cm]
y: Dose [Gy/source]      
p: xlin ylog afac(0.8) form(0.9)
h: n            x            y(proton  ),hh0l n 
#  z-lower      z-upper        proton    r.err 
   9.8380E+01   9.8430E+01   7.9605E-03  0.0767
   9.8430E+01   9.8480E+01   7.9641E-03  0.0781
   9.8480E+01   9.8530E+01   8.2855E-03  0.0821
   9.8530E+01   9.8580E+01   7.9588E-03  0.0917

#   sum over    2.0000E-03   8.0422E-03  0.0714

'no. =313,  ix = 10,  iy = 16'
msuc: {\huge Histograma}
msdr: {\it plotted by \ANGEL \version}
msdl: {\it calculated by \PHITS  3.35}
wt: s(0.7)
\vspace{-3}
  xmin  &=&   1.0000E-01 [cm]
  xmax  &=&   2.0000E-01 [cm]
  ymin  &=&  -1.5000E-01 [cm]
  ymax  &=&  -5.0000E-02 [cm]
e:

#------------------------------------------------------------------------------
 newpage:
#   no. =314   ix  = 10   iy  = 17
#   x = (   1.0000E-01  -   2.0000E-01  )
#   y = (  -5.0000E-02  -   5.0000E-02  )

x: z[cm]
y: Dose [Gy/source]      
p: xlin ylog afac(0.8) form(0.9)
h: n            x            y(proton  ),hh0l n 
#  z-lower      z-upper        proton    r.err 
   9.8380E+01   9.8430E+01   7.1354E-03  0.0784
   9.8430E+01   9.8480E+01   8.1936E-03  0.0789
   9.8480E+01   9.8530E+01   8.1643E-03  0.0843
   9.8530E+01   9.8580E+01   6.9220E-03  0.1008

#   sum over    2.0000E-03   7.6038E-03  0.0740

'no. =314,  ix = 10,  iy = 17'
msuc: {\huge Histograma}
msdr: {\it plotted by \ANGEL \version}
msdl: {\it calculated by \PHITS  3.35}
wt: s(0.7)
\vspace{-3}
  xmin  &=&   1.0000E-01 [cm]
  xmax  &=&   2.0000E-01 [cm]
  ymin  &=&  -5.0000E-02 [cm]
  ymax  &=&   5.0000E-02 [cm]
e:

#------------------------------------------------------------------------------
 newpage:
#   no. =315   ix  = 10   iy  = 18
#   x = (   1.0000E-01  -   2.0000E-01  )
#   y = (   5.0000E-02  -   1.5000E-01  )

x: z[cm]
y: Dose [Gy/source]      
p: xlin ylog afac(0.8) form(0.9)
h: n            x            y(proton  ),hh0l n 
#  z-lower      z-upper        proton    r.err 
   9.8380E+01   9.8430E+01   8.0513E-03  0.0768
   9.8430E+01   9.8480E+01   8.0533E-03  0.0775
   9.8480E+01   9.8530E+01   8.0531E-03  0.0840
   9.8530E+01   9.8580E+01   7.2199E-03  0.0965

#   sum over    2.0000E-03   7.8444E-03  0.0716

'no. =315,  ix = 10,  iy = 18'
msuc: {\huge Histograma}
msdr: {\it plotted by \ANGEL \version}
msdl: {\it calculated by \PHITS  3.35}
wt: s(0.7)
\vspace{-3}
  xmin  &=&   1.0000E-01 [cm]
  xmax  &=&   2.0000E-01 [cm]
  ymin  &=&   5.0000E-02 [cm]
  ymax  &=&   1.5000E-01 [cm]
e:

#------------------------------------------------------------------------------
 newpage:
#   no. =316   ix  = 10   iy  = 19
#   x = (   1.0000E-01  -   2.0000E-01  )
#   y = (   1.5000E-01  -   2.5000E-01  )

x: z[cm]
y: Dose [Gy/source]      
p: xlin ylog afac(0.8) form(0.9)
h: n            x            y(proton  ),hh0l n 
#  z-lower      z-upper        proton    r.err 
   9.8380E+01   9.8430E+01   8.3381E-03  0.0762
   9.8430E+01   9.8480E+01   8.1173E-03  0.0784
   9.8480E+01   9.8530E+01   7.9328E-03  0.0852
   9.8530E+01   9.8580E+01   7.3248E-03  0.0957

#   sum over    2.0000E-03   7.9282E-03  0.0717

'no. =316,  ix = 10,  iy = 19'
msuc: {\huge Histograma}
msdr: {\it plotted by \ANGEL \version}
msdl: {\it calculated by \PHITS  3.35}
wt: s(0.7)
\vspace{-3}
  xmin  &=&   1.0000E-01 [cm]
  xmax  &=&   2.0000E-01 [cm]
  ymin  &=&   1.5000E-01 [cm]
  ymax  &=&   2.5000E-01 [cm]
e:

#------------------------------------------------------------------------------
 newpage:
#   no. =317   ix  = 10   iy  = 20
#   x = (   1.0000E-01  -   2.0000E-01  )
#   y = (   2.5000E-01  -   3.5000E-01  )

x: z[cm]
y: Dose [Gy/source]      
p: xlin ylog afac(0.8) form(0.9)
h: n            x            y(proton  ),hh0l n 
#  z-lower      z-upper        proton    r.err 
   9.8380E+01   9.8430E+01   7.6620E-03  0.0756
   9.8430E+01   9.8480E+01   8.4209E-03  0.0771
   9.8480E+01   9.8530E+01   7.8921E-03  0.0828
   9.8530E+01   9.8580E+01   7.9586E-03  0.0928

#   sum over    2.0000E-03   7.9834E-03  0.0719

'no. =317,  ix = 10,  iy = 20'
msuc: {\huge Histograma}
msdr: {\it plotted by \ANGEL \version}
msdl: {\it calculated by \PHITS  3.35}
wt: s(0.7)
\vspace{-3}
  xmin  &=&   1.0000E-01 [cm]
  xmax  &=&   2.0000E-01 [cm]
  ymin  &=&   2.5000E-01 [cm]
  ymax  &=&   3.5000E-01 [cm]
e:

#------------------------------------------------------------------------------
 newpage:
#   no. =318   ix  = 10   iy  = 21
#   x = (   1.0000E-01  -   2.0000E-01  )
#   y = (   3.5000E-01  -   4.5000E-01  )

x: z[cm]
y: Dose [Gy/source]      
p: xlin ylog afac(0.8) form(0.9)
h: n            x            y(proton  ),hh0l n 
#  z-lower      z-upper        proton    r.err 
   9.8380E+01   9.8430E+01   8.5693E-03  0.0742
   9.8430E+01   9.8480E+01   8.7744E-03  0.0756
   9.8480E+01   9.8530E+01   8.4351E-03  0.0822
   9.8530E+01   9.8580E+01   8.2416E-03  0.0901

#   sum over    2.0000E-03   8.5051E-03  0.0696

'no. =318,  ix = 10,  iy = 21'
msuc: {\huge Histograma}
msdr: {\it plotted by \ANGEL \version}
msdl: {\it calculated by \PHITS  3.35}
wt: s(0.7)
\vspace{-3}
  xmin  &=&   1.0000E-01 [cm]
  xmax  &=&   2.0000E-01 [cm]
  ymin  &=&   3.5000E-01 [cm]
  ymax  &=&   4.5000E-01 [cm]
e:

#------------------------------------------------------------------------------
 newpage:
#   no. =319   ix  = 10   iy  = 22
#   x = (   1.0000E-01  -   2.0000E-01  )
#   y = (   4.5000E-01  -   5.5000E-01  )

x: z[cm]
y: Dose [Gy/source]      
p: xlin ylog afac(0.8) form(0.9)
h: n            x            y(proton  ),hh0l n 
#  z-lower      z-upper        proton    r.err 
   9.8380E+01   9.8430E+01   8.1910E-03  0.0755
   9.8430E+01   9.8480E+01   7.8426E-03  0.0786
   9.8480E+01   9.8530E+01   8.1161E-03  0.0820
   9.8530E+01   9.8580E+01   8.3447E-03  0.0915

#   sum over    2.0000E-03   8.1236E-03  0.0716

'no. =319,  ix = 10,  iy = 22'
msuc: {\huge Histograma}
msdr: {\it plotted by \ANGEL \version}
msdl: {\it calculated by \PHITS  3.35}
wt: s(0.7)
\vspace{-3}
  xmin  &=&   1.0000E-01 [cm]
  xmax  &=&   2.0000E-01 [cm]
  ymin  &=&   4.5000E-01 [cm]
  ymax  &=&   5.5000E-01 [cm]
e:

#------------------------------------------------------------------------------
 newpage:
#   no. =320   ix  = 10   iy  = 23
#   x = (   1.0000E-01  -   2.0000E-01  )
#   y = (   5.5000E-01  -   6.5000E-01  )

x: z[cm]
y: Dose [Gy/source]      
p: xlin ylog afac(0.8) form(0.9)
h: n            x            y(proton  ),hh0l n 
#  z-lower      z-upper        proton    r.err 
   9.8380E+01   9.8430E+01   8.9760E-03  0.0727
   9.8430E+01   9.8480E+01   8.4825E-03  0.0747
   9.8480E+01   9.8530E+01   8.5332E-03  0.0801
   9.8530E+01   9.8580E+01   9.3366E-03  0.0862

#   sum over    2.0000E-03   8.8321E-03  0.0681

'no. =320,  ix = 10,  iy = 23'
msuc: {\huge Histograma}
msdr: {\it plotted by \ANGEL \version}
msdl: {\it calculated by \PHITS  3.35}
wt: s(0.7)
\vspace{-3}
  xmin  &=&   1.0000E-01 [cm]
  xmax  &=&   2.0000E-01 [cm]
  ymin  &=&   5.5000E-01 [cm]
  ymax  &=&   6.5000E-01 [cm]
e:

#------------------------------------------------------------------------------
 newpage:
#   no. =321   ix  = 10   iy  = 24
#   x = (   1.0000E-01  -   2.0000E-01  )
#   y = (   6.5000E-01  -   7.5000E-01  )

x: z[cm]
y: Dose [Gy/source]      
p: xlin ylog afac(0.8) form(0.9)
h: n            x            y(proton  ),hh0l n 
#  z-lower      z-upper        proton    r.err 
   9.8380E+01   9.8430E+01   7.7790E-03  0.0769
   9.8430E+01   9.8480E+01   8.3248E-03  0.0782
   9.8480E+01   9.8530E+01   8.1613E-03  0.0835
   9.8530E+01   9.8580E+01   7.2713E-03  0.0967

#   sum over    2.0000E-03   7.8841E-03  0.0719

'no. =321,  ix = 10,  iy = 24'
msuc: {\huge Histograma}
msdr: {\it plotted by \ANGEL \version}
msdl: {\it calculated by \PHITS  3.35}
wt: s(0.7)
\vspace{-3}
  xmin  &=&   1.0000E-01 [cm]
  xmax  &=&   2.0000E-01 [cm]
  ymin  &=&   6.5000E-01 [cm]
  ymax  &=&   7.5000E-01 [cm]
e:

#------------------------------------------------------------------------------
 newpage:
#   no. =322   ix  = 10   iy  = 25
#   x = (   1.0000E-01  -   2.0000E-01  )
#   y = (   7.5000E-01  -   8.5000E-01  )

x: z[cm]
y: Dose [Gy/source]      
p: xlin ylog afac(0.8) form(0.9)
h: n            x            y(proton  ),hh0l n 
#  z-lower      z-upper        proton    r.err 
   9.8380E+01   9.8430E+01   7.8197E-03  0.0744
   9.8430E+01   9.8480E+01   8.2466E-03  0.0774
   9.8480E+01   9.8530E+01   8.1014E-03  0.0838
   9.8530E+01   9.8580E+01   7.4100E-03  0.0957

#   sum over    2.0000E-03   7.8944E-03  0.0720

'no. =322,  ix = 10,  iy = 25'
msuc: {\huge Histograma}
msdr: {\it plotted by \ANGEL \version}
msdl: {\it calculated by \PHITS  3.35}
wt: s(0.7)
\vspace{-3}
  xmin  &=&   1.0000E-01 [cm]
  xmax  &=&   2.0000E-01 [cm]
  ymin  &=&   7.5000E-01 [cm]
  ymax  &=&   8.5000E-01 [cm]
e:

#------------------------------------------------------------------------------
 newpage:
#   no. =323   ix  = 10   iy  = 26
#   x = (   1.0000E-01  -   2.0000E-01  )
#   y = (   8.5000E-01  -   9.5000E-01  )

x: z[cm]
y: Dose [Gy/source]      
p: xlin ylog afac(0.8) form(0.9)
h: n            x            y(proton  ),hh0l n 
#  z-lower      z-upper        proton    r.err 
   9.8380E+01   9.8430E+01   8.1398E-03  0.0742
   9.8430E+01   9.8480E+01   8.8037E-03  0.0756
   9.8480E+01   9.8530E+01   8.6523E-03  0.0808
   9.8530E+01   9.8580E+01   8.5390E-03  0.0898

#   sum over    2.0000E-03   8.5337E-03  0.0696

'no. =323,  ix = 10,  iy = 26'
msuc: {\huge Histograma}
msdr: {\it plotted by \ANGEL \version}
msdl: {\it calculated by \PHITS  3.35}
wt: s(0.7)
\vspace{-3}
  xmin  &=&   1.0000E-01 [cm]
  xmax  &=&   2.0000E-01 [cm]
  ymin  &=&   8.5000E-01 [cm]
  ymax  &=&   9.5000E-01 [cm]
e:

#------------------------------------------------------------------------------
 newpage:
#   no. =324   ix  = 10   iy  = 27
#   x = (   1.0000E-01  -   2.0000E-01  )
#   y = (   9.5000E-01  -   1.0500E+00  )

x: z[cm]
y: Dose [Gy/source]      
p: xlin ylog afac(0.8) form(0.9)
h: n            x            y(proton  ),hh0l n 
#  z-lower      z-upper        proton    r.err 
   9.8380E+01   9.8430E+01   8.2129E-03  0.0752
   9.8430E+01   9.8480E+01   8.3536E-03  0.0779
   9.8480E+01   9.8530E+01   8.1500E-03  0.0824
   9.8530E+01   9.8580E+01   8.6523E-03  0.0910

#   sum over    2.0000E-03   8.3422E-03  0.0707

'no. =324,  ix = 10,  iy = 27'
msuc: {\huge Histograma}
msdr: {\it plotted by \ANGEL \version}
msdl: {\it calculated by \PHITS  3.35}
wt: s(0.7)
\vspace{-3}
  xmin  &=&   1.0000E-01 [cm]
  xmax  &=&   2.0000E-01 [cm]
  ymin  &=&   9.5000E-01 [cm]
  ymax  &=&   1.0500E+00 [cm]
e:

#------------------------------------------------------------------------------
 newpage:
#   no. =325   ix  = 10   iy  = 28
#   x = (   1.0000E-01  -   2.0000E-01  )
#   y = (   1.0500E+00  -   1.1500E+00  )

x: z[cm]
y: Dose [Gy/source]      
p: xlin ylog afac(0.8) form(0.9)
h: n            x            y(proton  ),hh0l n 
#  z-lower      z-upper        proton    r.err 
   9.8380E+01   9.8430E+01   7.6533E-03  0.0741
   9.8430E+01   9.8480E+01   8.5168E-03  0.0748
   9.8480E+01   9.8530E+01   8.7694E-03  0.0798
   9.8530E+01   9.8580E+01   8.8440E-03  0.0875

#   sum over    2.0000E-03   8.4458E-03  0.0703

'no. =325,  ix = 10,  iy = 28'
msuc: {\huge Histograma}
msdr: {\it plotted by \ANGEL \version}
msdl: {\it calculated by \PHITS  3.35}
wt: s(0.7)
\vspace{-3}
  xmin  &=&   1.0000E-01 [cm]
  xmax  &=&   2.0000E-01 [cm]
  ymin  &=&   1.0500E+00 [cm]
  ymax  &=&   1.1500E+00 [cm]
e:

#------------------------------------------------------------------------------
 newpage:
#   no. =326   ix  = 10   iy  = 29
#   x = (   1.0000E-01  -   2.0000E-01  )
#   y = (   1.1500E+00  -   1.2500E+00  )

x: z[cm]
y: Dose [Gy/source]      
p: xlin ylog afac(0.8) form(0.9)
h: n            x            y(proton  ),hh0l n 
#  z-lower      z-upper        proton    r.err 
   9.8380E+01   9.8430E+01   9.1646E-03  0.0709
   9.8430E+01   9.8480E+01   9.6537E-03  0.0718
   9.8480E+01   9.8530E+01   8.9876E-03  0.0787
   9.8530E+01   9.8580E+01   8.7635E-03  0.0884

#   sum over    2.0000E-03   9.1423E-03  0.0673

'no. =326,  ix = 10,  iy = 29'
msuc: {\huge Histograma}
msdr: {\it plotted by \ANGEL \version}
msdl: {\it calculated by \PHITS  3.35}
wt: s(0.7)
\vspace{-3}
  xmin  &=&   1.0000E-01 [cm]
  xmax  &=&   2.0000E-01 [cm]
  ymin  &=&   1.1500E+00 [cm]
  ymax  &=&   1.2500E+00 [cm]
e:

#------------------------------------------------------------------------------
 newpage:
#   no. =327   ix  = 10   iy  = 30
#   x = (   1.0000E-01  -   2.0000E-01  )
#   y = (   1.2500E+00  -   1.3500E+00  )

x: z[cm]
y: Dose [Gy/source]      
p: xlin ylog afac(0.8) form(0.9)
h: n            x            y(proton  ),hh0l n 
#  z-lower      z-upper        proton    r.err 
   9.8380E+01   9.8430E+01   9.5752E-03  0.0694
   9.8430E+01   9.8480E+01   9.7901E-03  0.0711
   9.8480E+01   9.8530E+01   9.6660E-03  0.0761
   9.8530E+01   9.8580E+01   9.2516E-03  0.0855

#   sum over    2.0000E-03   9.5707E-03  0.0655

'no. =327,  ix = 10,  iy = 30'
msuc: {\huge Histograma}
msdr: {\it plotted by \ANGEL \version}
msdl: {\it calculated by \PHITS  3.35}
wt: s(0.7)
\vspace{-3}
  xmin  &=&   1.0000E-01 [cm]
  xmax  &=&   2.0000E-01 [cm]
  ymin  &=&   1.2500E+00 [cm]
  ymax  &=&   1.3500E+00 [cm]
e:

#------------------------------------------------------------------------------
 newpage:
#   no. =328   ix  = 10   iy  = 31
#   x = (   1.0000E-01  -   2.0000E-01  )
#   y = (   1.3500E+00  -   1.4500E+00  )

x: z[cm]
y: Dose [Gy/source]      
p: xlin ylog afac(0.8) form(0.9)
h: n            x            y(proton  ),hh0l n 
#  z-lower      z-upper        proton    r.err 
   9.8380E+01   9.8430E+01   8.0005E-03  0.0762
   9.8430E+01   9.8480E+01   8.2401E-03  0.0773
   9.8480E+01   9.8530E+01   8.7325E-03  0.0813
   9.8530E+01   9.8580E+01   7.7565E-03  0.0931

#   sum over    2.0000E-03   8.1824E-03  0.0707

'no. =328,  ix = 10,  iy = 31'
msuc: {\huge Histograma}
msdr: {\it plotted by \ANGEL \version}
msdl: {\it calculated by \PHITS  3.35}
wt: s(0.7)
\vspace{-3}
  xmin  &=&   1.0000E-01 [cm]
  xmax  &=&   2.0000E-01 [cm]
  ymin  &=&   1.3500E+00 [cm]
  ymax  &=&   1.4500E+00 [cm]
e:

#------------------------------------------------------------------------------
 newpage:
#   no. =329   ix  = 10   iy  = 32
#   x = (   1.0000E-01  -   2.0000E-01  )
#   y = (   1.4500E+00  -   1.5500E+00  )

x: z[cm]
y: Dose [Gy/source]      
p: xlin ylog afac(0.8) form(0.9)
h: n            x            y(proton  ),hh0l n 
#  z-lower      z-upper        proton    r.err 
   9.8380E+01   9.8430E+01   7.9912E-03  0.0744
   9.8430E+01   9.8480E+01   8.5734E-03  0.0772
   9.8480E+01   9.8530E+01   8.2357E-03  0.0813
   9.8530E+01   9.8580E+01   8.2413E-03  0.0918

#   sum over    2.0000E-03   8.2604E-03  0.0707

'no. =329,  ix = 10,  iy = 32'
msuc: {\huge Histograma}
msdr: {\it plotted by \ANGEL \version}
msdl: {\it calculated by \PHITS  3.35}
wt: s(0.7)
\vspace{-3}
  xmin  &=&   1.0000E-01 [cm]
  xmax  &=&   2.0000E-01 [cm]
  ymin  &=&   1.4500E+00 [cm]
  ymax  &=&   1.5500E+00 [cm]
e:

#------------------------------------------------------------------------------
 newpage:
#   no. =330   ix  = 10   iy  = 33
#   x = (   1.0000E-01  -   2.0000E-01  )
#   y = (   1.5500E+00  -   1.6500E+00  )

x: z[cm]
y: Dose [Gy/source]      
p: xlin ylog afac(0.8) form(0.9)
h: n            x            y(proton  ),hh0l n 
#  z-lower      z-upper        proton    r.err 
   9.8380E+01   9.8430E+01   8.6986E-03  0.0745
   9.8430E+01   9.8480E+01   8.3417E-03  0.0763
   9.8480E+01   9.8530E+01   8.0362E-03  0.0823
   9.8530E+01   9.8580E+01   8.1013E-03  0.0929

#   sum over    2.0000E-03   8.2945E-03  0.0699

'no. =330,  ix = 10,  iy = 33'
msuc: {\huge Histograma}
msdr: {\it plotted by \ANGEL \version}
msdl: {\it calculated by \PHITS  3.35}
wt: s(0.7)
\vspace{-3}
  xmin  &=&   1.0000E-01 [cm]
  xmax  &=&   2.0000E-01 [cm]
  ymin  &=&   1.5500E+00 [cm]
  ymax  &=&   1.6500E+00 [cm]
e:

#------------------------------------------------------------------------------
 newpage:
#   no. =331   ix  = 11   iy  =  1
#   x = (   2.0000E-01  -   3.0000E-01  )
#   y = (  -1.6500E+00  -  -1.5500E+00  )

x: z[cm]
y: Dose [Gy/source]      
p: xlin ylog afac(0.8) form(0.9)
h: n            x            y(proton  ),hh0l n 
#  z-lower      z-upper        proton    r.err 
   9.8380E+01   9.8430E+01   0.0000E+00  0.0000
   9.8430E+01   9.8480E+01   0.0000E+00  0.0000
   9.8480E+01   9.8530E+01   0.0000E+00  0.0000
   9.8530E+01   9.8580E+01   0.0000E+00  0.0000

#   sum over    2.0000E-03   0.0000E+00  0.0000

'no. =331,  ix = 11,  iy =  1'
msuc: {\huge Histograma}
msdr: {\it plotted by \ANGEL \version}
msdl: {\it calculated by \PHITS  3.35}
wt: s(0.7)
\vspace{-3}
  xmin  &=&   2.0000E-01 [cm]
  xmax  &=&   3.0000E-01 [cm]
  ymin  &=&  -1.6500E+00 [cm]
  ymax  &=&  -1.5500E+00 [cm]
e:

#------------------------------------------------------------------------------
 newpage:
#   no. =332   ix  = 11   iy  =  2
#   x = (   2.0000E-01  -   3.0000E-01  )
#   y = (  -1.5500E+00  -  -1.4500E+00  )

x: z[cm]
y: Dose [Gy/source]      
p: xlin ylog afac(0.8) form(0.9)
h: n            x            y(proton  ),hh0l n 
#  z-lower      z-upper        proton    r.err 
   9.8380E+01   9.8430E+01   0.0000E+00  0.0000
   9.8430E+01   9.8480E+01   0.0000E+00  0.0000
   9.8480E+01   9.8530E+01   0.0000E+00  0.0000
   9.8530E+01   9.8580E+01   0.0000E+00  0.0000

#   sum over    2.0000E-03   0.0000E+00  0.0000

'no. =332,  ix = 11,  iy =  2'
msuc: {\huge Histograma}
msdr: {\it plotted by \ANGEL \version}
msdl: {\it calculated by \PHITS  3.35}
wt: s(0.7)
\vspace{-3}
  xmin  &=&   2.0000E-01 [cm]
  xmax  &=&   3.0000E-01 [cm]
  ymin  &=&  -1.5500E+00 [cm]
  ymax  &=&  -1.4500E+00 [cm]
e:

#------------------------------------------------------------------------------
 newpage:
#   no. =333   ix  = 11   iy  =  3
#   x = (   2.0000E-01  -   3.0000E-01  )
#   y = (  -1.4500E+00  -  -1.3500E+00  )

x: z[cm]
y: Dose [Gy/source]      
p: xlin ylog afac(0.8) form(0.9)
h: n            x            y(proton  ),hh0l n 
#  z-lower      z-upper        proton    r.err 
   9.8380E+01   9.8430E+01   0.0000E+00  0.0000
   9.8430E+01   9.8480E+01   0.0000E+00  0.0000
   9.8480E+01   9.8530E+01   2.2730E-05  1.0000
   9.8530E+01   9.8580E+01   0.0000E+00  0.0000

#   sum over    2.0000E-03   5.6825E-06  1.0000

'no. =333,  ix = 11,  iy =  3'
msuc: {\huge Histograma}
msdr: {\it plotted by \ANGEL \version}
msdl: {\it calculated by \PHITS  3.35}
wt: s(0.7)
\vspace{-3}
  xmin  &=&   2.0000E-01 [cm]
  xmax  &=&   3.0000E-01 [cm]
  ymin  &=&  -1.4500E+00 [cm]
  ymax  &=&  -1.3500E+00 [cm]
e:

#------------------------------------------------------------------------------
 newpage:
#   no. =334   ix  = 11   iy  =  4
#   x = (   2.0000E-01  -   3.0000E-01  )
#   y = (  -1.3500E+00  -  -1.2500E+00  )

x: z[cm]
y: Dose [Gy/source]      
p: xlin ylog afac(0.8) form(0.9)
h: n            x            y(proton  ),hh0l n 
#  z-lower      z-upper        proton    r.err 
   9.8380E+01   9.8430E+01   5.6391E-03  0.0901
   9.8430E+01   9.8480E+01   6.1892E-03  0.0905
   9.8480E+01   9.8530E+01   5.7020E-03  0.0976
   9.8530E+01   9.8580E+01   5.8755E-03  0.1083

#   sum over    2.0000E-03   5.8514E-03  0.0837

'no. =334,  ix = 11,  iy =  4'
msuc: {\huge Histograma}
msdr: {\it plotted by \ANGEL \version}
msdl: {\it calculated by \PHITS  3.35}
wt: s(0.7)
\vspace{-3}
  xmin  &=&   2.0000E-01 [cm]
  xmax  &=&   3.0000E-01 [cm]
  ymin  &=&  -1.3500E+00 [cm]
  ymax  &=&  -1.2500E+00 [cm]
e:

#------------------------------------------------------------------------------
 newpage:
#   no. =335   ix  = 11   iy  =  5
#   x = (   2.0000E-01  -   3.0000E-01  )
#   y = (  -1.2500E+00  -  -1.1500E+00  )

x: z[cm]
y: Dose [Gy/source]      
p: xlin ylog afac(0.8) form(0.9)
h: n            x            y(proton  ),hh0l n 
#  z-lower      z-upper        proton    r.err 
   9.8380E+01   9.8430E+01   8.1346E-03  0.0741
   9.8430E+01   9.8480E+01   8.4915E-03  0.0769
   9.8480E+01   9.8530E+01   8.6276E-03  0.0815
   9.8530E+01   9.8580E+01   8.5419E-03  0.0888

#   sum over    2.0000E-03   8.4489E-03  0.0709

'no. =335,  ix = 11,  iy =  5'
msuc: {\huge Histograma}
msdr: {\it plotted by \ANGEL \version}
msdl: {\it calculated by \PHITS  3.35}
wt: s(0.7)
\vspace{-3}
  xmin  &=&   2.0000E-01 [cm]
  xmax  &=&   3.0000E-01 [cm]
  ymin  &=&  -1.2500E+00 [cm]
  ymax  &=&  -1.1500E+00 [cm]
e:

#------------------------------------------------------------------------------
 newpage:
#   no. =336   ix  = 11   iy  =  6
#   x = (   2.0000E-01  -   3.0000E-01  )
#   y = (  -1.1500E+00  -  -1.0500E+00  )

x: z[cm]
y: Dose [Gy/source]      
p: xlin ylog afac(0.8) form(0.9)
h: n            x            y(proton  ),hh0l n 
#  z-lower      z-upper        proton    r.err 
   9.8380E+01   9.8430E+01   7.4514E-03  0.0768
   9.8430E+01   9.8480E+01   8.2143E-03  0.0784
   9.8480E+01   9.8530E+01   7.8593E-03  0.0844
   9.8530E+01   9.8580E+01   7.8208E-03  0.0939

#   sum over    2.0000E-03   7.8365E-03  0.0729

'no. =336,  ix = 11,  iy =  6'
msuc: {\huge Histograma}
msdr: {\it plotted by \ANGEL \version}
msdl: {\it calculated by \PHITS  3.35}
wt: s(0.7)
\vspace{-3}
  xmin  &=&   2.0000E-01 [cm]
  xmax  &=&   3.0000E-01 [cm]
  ymin  &=&  -1.1500E+00 [cm]
  ymax  &=&  -1.0500E+00 [cm]
e:

#------------------------------------------------------------------------------
 newpage:
#   no. =337   ix  = 11   iy  =  7
#   x = (   2.0000E-01  -   3.0000E-01  )
#   y = (  -1.0500E+00  -  -9.5000E-01  )

x: z[cm]
y: Dose [Gy/source]      
p: xlin ylog afac(0.8) form(0.9)
h: n            x            y(proton  ),hh0l n 
#  z-lower      z-upper        proton    r.err 
   9.8380E+01   9.8430E+01   7.5709E-03  0.0755
   9.8430E+01   9.8480E+01   8.4695E-03  0.0763
   9.8480E+01   9.8530E+01   8.4407E-03  0.0817
   9.8530E+01   9.8580E+01   8.0890E-03  0.0924

#   sum over    2.0000E-03   8.1425E-03  0.0719

'no. =337,  ix = 11,  iy =  7'
msuc: {\huge Histograma}
msdr: {\it plotted by \ANGEL \version}
msdl: {\it calculated by \PHITS  3.35}
wt: s(0.7)
\vspace{-3}
  xmin  &=&   2.0000E-01 [cm]
  xmax  &=&   3.0000E-01 [cm]
  ymin  &=&  -1.0500E+00 [cm]
  ymax  &=&  -9.5000E-01 [cm]
e:

#------------------------------------------------------------------------------
 newpage:
#   no. =338   ix  = 11   iy  =  8
#   x = (   2.0000E-01  -   3.0000E-01  )
#   y = (  -9.5000E-01  -  -8.5000E-01  )

x: z[cm]
y: Dose [Gy/source]      
p: xlin ylog afac(0.8) form(0.9)
h: n            x            y(proton  ),hh0l n 
#  z-lower      z-upper        proton    r.err 
   9.8380E+01   9.8430E+01   7.1728E-03  0.0792
   9.8430E+01   9.8480E+01   7.9711E-03  0.0798
   9.8480E+01   9.8530E+01   7.3153E-03  0.0858
   9.8530E+01   9.8580E+01   7.3031E-03  0.0962

#   sum over    2.0000E-03   7.4406E-03  0.0741

'no. =338,  ix = 11,  iy =  8'
msuc: {\huge Histograma}
msdr: {\it plotted by \ANGEL \version}
msdl: {\it calculated by \PHITS  3.35}
wt: s(0.7)
\vspace{-3}
  xmin  &=&   2.0000E-01 [cm]
  xmax  &=&   3.0000E-01 [cm]
  ymin  &=&  -9.5000E-01 [cm]
  ymax  &=&  -8.5000E-01 [cm]
e:

#------------------------------------------------------------------------------
 newpage:
#   no. =339   ix  = 11   iy  =  9
#   x = (   2.0000E-01  -   3.0000E-01  )
#   y = (  -8.5000E-01  -  -7.5000E-01  )

x: z[cm]
y: Dose [Gy/source]      
p: xlin ylog afac(0.8) form(0.9)
h: n            x            y(proton  ),hh0l n 
#  z-lower      z-upper        proton    r.err 
   9.8380E+01   9.8430E+01   7.1611E-03  0.0813
   9.8430E+01   9.8480E+01   6.9506E-03  0.0817
   9.8480E+01   9.8530E+01   7.3022E-03  0.0888
   9.8530E+01   9.8580E+01   7.1507E-03  0.0969

#   sum over    2.0000E-03   7.1412E-03  0.0755

'no. =339,  ix = 11,  iy =  9'
msuc: {\huge Histograma}
msdr: {\it plotted by \ANGEL \version}
msdl: {\it calculated by \PHITS  3.35}
wt: s(0.7)
\vspace{-3}
  xmin  &=&   2.0000E-01 [cm]
  xmax  &=&   3.0000E-01 [cm]
  ymin  &=&  -8.5000E-01 [cm]
  ymax  &=&  -7.5000E-01 [cm]
e:

#------------------------------------------------------------------------------
 newpage:
#   no. =340   ix  = 11   iy  = 10
#   x = (   2.0000E-01  -   3.0000E-01  )
#   y = (  -7.5000E-01  -  -6.5000E-01  )

x: z[cm]
y: Dose [Gy/source]      
p: xlin ylog afac(0.8) form(0.9)
h: n            x            y(proton  ),hh0l n 
#  z-lower      z-upper        proton    r.err 
   9.8380E+01   9.8430E+01   8.0115E-03  0.0735
   9.8430E+01   9.8480E+01   8.8856E-03  0.0756
   9.8480E+01   9.8530E+01   8.9366E-03  0.0804
   9.8530E+01   9.8580E+01   7.8834E-03  0.0932

#   sum over    2.0000E-03   8.4293E-03  0.0704

'no. =340,  ix = 11,  iy = 10'
msuc: {\huge Histograma}
msdr: {\it plotted by \ANGEL \version}
msdl: {\it calculated by \PHITS  3.35}
wt: s(0.7)
\vspace{-3}
  xmin  &=&   2.0000E-01 [cm]
  xmax  &=&   3.0000E-01 [cm]
  ymin  &=&  -7.5000E-01 [cm]
  ymax  &=&  -6.5000E-01 [cm]
e:

#------------------------------------------------------------------------------
 newpage:
#   no. =341   ix  = 11   iy  = 11
#   x = (   2.0000E-01  -   3.0000E-01  )
#   y = (  -6.5000E-01  -  -5.5000E-01  )

x: z[cm]
y: Dose [Gy/source]      
p: xlin ylog afac(0.8) form(0.9)
h: n            x            y(proton  ),hh0l n 
#  z-lower      z-upper        proton    r.err 
   9.8380E+01   9.8430E+01   8.4955E-03  0.0733
   9.8430E+01   9.8480E+01   8.8026E-03  0.0750
   9.8480E+01   9.8530E+01   8.6826E-03  0.0812
   9.8530E+01   9.8580E+01   8.2311E-03  0.0910

#   sum over    2.0000E-03   8.5529E-03  0.0697

'no. =341,  ix = 11,  iy = 11'
msuc: {\huge Histograma}
msdr: {\it plotted by \ANGEL \version}
msdl: {\it calculated by \PHITS  3.35}
wt: s(0.7)
\vspace{-3}
  xmin  &=&   2.0000E-01 [cm]
  xmax  &=&   3.0000E-01 [cm]
  ymin  &=&  -6.5000E-01 [cm]
  ymax  &=&  -5.5000E-01 [cm]
e:

#------------------------------------------------------------------------------
 newpage:
#   no. =342   ix  = 11   iy  = 12
#   x = (   2.0000E-01  -   3.0000E-01  )
#   y = (  -5.5000E-01  -  -4.5000E-01  )

x: z[cm]
y: Dose [Gy/source]      
p: xlin ylog afac(0.8) form(0.9)
h: n            x            y(proton  ),hh0l n 
#  z-lower      z-upper        proton    r.err 
   9.8380E+01   9.8430E+01   8.0643E-03  0.0751
   9.8430E+01   9.8480E+01   8.5250E-03  0.0768
   9.8480E+01   9.8530E+01   8.0408E-03  0.0813
   9.8530E+01   9.8580E+01   8.0733E-03  0.0917

#   sum over    2.0000E-03   8.1759E-03  0.0710

'no. =342,  ix = 11,  iy = 12'
msuc: {\huge Histograma}
msdr: {\it plotted by \ANGEL \version}
msdl: {\it calculated by \PHITS  3.35}
wt: s(0.7)
\vspace{-3}
  xmin  &=&   2.0000E-01 [cm]
  xmax  &=&   3.0000E-01 [cm]
  ymin  &=&  -5.5000E-01 [cm]
  ymax  &=&  -4.5000E-01 [cm]
e:

#------------------------------------------------------------------------------
 newpage:
#   no. =343   ix  = 11   iy  = 13
#   x = (   2.0000E-01  -   3.0000E-01  )
#   y = (  -4.5000E-01  -  -3.5000E-01  )

x: z[cm]
y: Dose [Gy/source]      
p: xlin ylog afac(0.8) form(0.9)
h: n            x            y(proton  ),hh0l n 
#  z-lower      z-upper        proton    r.err 
   9.8380E+01   9.8430E+01   7.7315E-03  0.0789
   9.8430E+01   9.8480E+01   7.6628E-03  0.0798
   9.8480E+01   9.8530E+01   7.8970E-03  0.0856
   9.8530E+01   9.8580E+01   6.7063E-03  0.1003

#   sum over    2.0000E-03   7.4994E-03  0.0741

'no. =343,  ix = 11,  iy = 13'
msuc: {\huge Histograma}
msdr: {\it plotted by \ANGEL \version}
msdl: {\it calculated by \PHITS  3.35}
wt: s(0.7)
\vspace{-3}
  xmin  &=&   2.0000E-01 [cm]
  xmax  &=&   3.0000E-01 [cm]
  ymin  &=&  -4.5000E-01 [cm]
  ymax  &=&  -3.5000E-01 [cm]
e:

#------------------------------------------------------------------------------
 newpage:
#   no. =344   ix  = 11   iy  = 14
#   x = (   2.0000E-01  -   3.0000E-01  )
#   y = (  -3.5000E-01  -  -2.5000E-01  )

x: z[cm]
y: Dose [Gy/source]      
p: xlin ylog afac(0.8) form(0.9)
h: n            x            y(proton  ),hh0l n 
#  z-lower      z-upper        proton    r.err 
   9.8380E+01   9.8430E+01   7.9892E-03  0.0742
   9.8430E+01   9.8480E+01   9.0088E-03  0.0758
   9.8480E+01   9.8530E+01   8.5067E-03  0.0805
   9.8530E+01   9.8580E+01   8.3084E-03  0.0921

#   sum over    2.0000E-03   8.4533E-03  0.0703

'no. =344,  ix = 11,  iy = 14'
msuc: {\huge Histograma}
msdr: {\it plotted by \ANGEL \version}
msdl: {\it calculated by \PHITS  3.35}
wt: s(0.7)
\vspace{-3}
  xmin  &=&   2.0000E-01 [cm]
  xmax  &=&   3.0000E-01 [cm]
  ymin  &=&  -3.5000E-01 [cm]
  ymax  &=&  -2.5000E-01 [cm]
e:

#------------------------------------------------------------------------------
 newpage:
#   no. =345   ix  = 11   iy  = 15
#   x = (   2.0000E-01  -   3.0000E-01  )
#   y = (  -2.5000E-01  -  -1.5000E-01  )

x: z[cm]
y: Dose [Gy/source]      
p: xlin ylog afac(0.8) form(0.9)
h: n            x            y(proton  ),hh0l n 
#  z-lower      z-upper        proton    r.err 
   9.8380E+01   9.8430E+01   7.6131E-03  0.0764
   9.8430E+01   9.8480E+01   8.4541E-03  0.0780
   9.8480E+01   9.8530E+01   8.1786E-03  0.0817
   9.8530E+01   9.8580E+01   8.2873E-03  0.0916

#   sum over    2.0000E-03   8.1333E-03  0.0714

'no. =345,  ix = 11,  iy = 15'
msuc: {\huge Histograma}
msdr: {\it plotted by \ANGEL \version}
msdl: {\it calculated by \PHITS  3.35}
wt: s(0.7)
\vspace{-3}
  xmin  &=&   2.0000E-01 [cm]
  xmax  &=&   3.0000E-01 [cm]
  ymin  &=&  -2.5000E-01 [cm]
  ymax  &=&  -1.5000E-01 [cm]
e:

#------------------------------------------------------------------------------
 newpage:
#   no. =346   ix  = 11   iy  = 16
#   x = (   2.0000E-01  -   3.0000E-01  )
#   y = (  -1.5000E-01  -  -5.0000E-02  )

x: z[cm]
y: Dose [Gy/source]      
p: xlin ylog afac(0.8) form(0.9)
h: n            x            y(proton  ),hh0l n 
#  z-lower      z-upper        proton    r.err 
   9.8380E+01   9.8430E+01   7.2595E-03  0.0781
   9.8430E+01   9.8480E+01   7.9639E-03  0.0796
   9.8480E+01   9.8530E+01   7.6725E-03  0.0856
   9.8530E+01   9.8580E+01   7.2076E-03  0.0976

#   sum over    2.0000E-03   7.5259E-03  0.0743

'no. =346,  ix = 11,  iy = 16'
msuc: {\huge Histograma}
msdr: {\it plotted by \ANGEL \version}
msdl: {\it calculated by \PHITS  3.35}
wt: s(0.7)
\vspace{-3}
  xmin  &=&   2.0000E-01 [cm]
  xmax  &=&   3.0000E-01 [cm]
  ymin  &=&  -1.5000E-01 [cm]
  ymax  &=&  -5.0000E-02 [cm]
e:

#------------------------------------------------------------------------------
 newpage:
#   no. =347   ix  = 11   iy  = 17
#   x = (   2.0000E-01  -   3.0000E-01  )
#   y = (  -5.0000E-02  -   5.0000E-02  )

x: z[cm]
y: Dose [Gy/source]      
p: xlin ylog afac(0.8) form(0.9)
h: n            x            y(proton  ),hh0l n 
#  z-lower      z-upper        proton    r.err 
   9.8380E+01   9.8430E+01   7.3160E-03  0.0774
   9.8430E+01   9.8480E+01   7.6983E-03  0.0795
   9.8480E+01   9.8530E+01   7.8109E-03  0.0855
   9.8530E+01   9.8580E+01   7.7845E-03  0.0954

#   sum over    2.0000E-03   7.6524E-03  0.0742

'no. =347,  ix = 11,  iy = 17'
msuc: {\huge Histograma}
msdr: {\it plotted by \ANGEL \version}
msdl: {\it calculated by \PHITS  3.35}
wt: s(0.7)
\vspace{-3}
  xmin  &=&   2.0000E-01 [cm]
  xmax  &=&   3.0000E-01 [cm]
  ymin  &=&  -5.0000E-02 [cm]
  ymax  &=&   5.0000E-02 [cm]
e:

#------------------------------------------------------------------------------
 newpage:
#   no. =348   ix  = 11   iy  = 18
#   x = (   2.0000E-01  -   3.0000E-01  )
#   y = (   5.0000E-02  -   1.5000E-01  )

x: z[cm]
y: Dose [Gy/source]      
p: xlin ylog afac(0.8) form(0.9)
h: n            x            y(proton  ),hh0l n 
#  z-lower      z-upper        proton    r.err 
   9.8380E+01   9.8430E+01   9.1724E-03  0.0729
   9.8430E+01   9.8480E+01   8.5657E-03  0.0762
   9.8480E+01   9.8530E+01   8.7882E-03  0.0811
   9.8530E+01   9.8580E+01   7.4195E-03  0.0952

#   sum over    2.0000E-03   8.4864E-03  0.0693

'no. =348,  ix = 11,  iy = 18'
msuc: {\huge Histograma}
msdr: {\it plotted by \ANGEL \version}
msdl: {\it calculated by \PHITS  3.35}
wt: s(0.7)
\vspace{-3}
  xmin  &=&   2.0000E-01 [cm]
  xmax  &=&   3.0000E-01 [cm]
  ymin  &=&   5.0000E-02 [cm]
  ymax  &=&   1.5000E-01 [cm]
e:

#------------------------------------------------------------------------------
 newpage:
#   no. =349   ix  = 11   iy  = 19
#   x = (   2.0000E-01  -   3.0000E-01  )
#   y = (   1.5000E-01  -   2.5000E-01  )

x: z[cm]
y: Dose [Gy/source]      
p: xlin ylog afac(0.8) form(0.9)
h: n            x            y(proton  ),hh0l n 
#  z-lower      z-upper        proton    r.err 
   9.8380E+01   9.8430E+01   7.8114E-03  0.0761
   9.8430E+01   9.8480E+01   7.9494E-03  0.0779
   9.8480E+01   9.8530E+01   8.1541E-03  0.0849
   9.8530E+01   9.8580E+01   7.4810E-03  0.0943

#   sum over    2.0000E-03   7.8490E-03  0.0723

'no. =349,  ix = 11,  iy = 19'
msuc: {\huge Histograma}
msdr: {\it plotted by \ANGEL \version}
msdl: {\it calculated by \PHITS  3.35}
wt: s(0.7)
\vspace{-3}
  xmin  &=&   2.0000E-01 [cm]
  xmax  &=&   3.0000E-01 [cm]
  ymin  &=&   1.5000E-01 [cm]
  ymax  &=&   2.5000E-01 [cm]
e:

#------------------------------------------------------------------------------
 newpage:
#   no. =350   ix  = 11   iy  = 20
#   x = (   2.0000E-01  -   3.0000E-01  )
#   y = (   2.5000E-01  -   3.5000E-01  )

x: z[cm]
y: Dose [Gy/source]      
p: xlin ylog afac(0.8) form(0.9)
h: n            x            y(proton  ),hh0l n 
#  z-lower      z-upper        proton    r.err 
   9.8380E+01   9.8430E+01   8.0601E-03  0.0763
   9.8430E+01   9.8480E+01   8.1391E-03  0.0804
   9.8480E+01   9.8530E+01   7.3394E-03  0.0858
   9.8530E+01   9.8580E+01   7.7524E-03  0.0934

#   sum over    2.0000E-03   7.8228E-03  0.0722

'no. =350,  ix = 11,  iy = 20'
msuc: {\huge Histograma}
msdr: {\it plotted by \ANGEL \version}
msdl: {\it calculated by \PHITS  3.35}
wt: s(0.7)
\vspace{-3}
  xmin  &=&   2.0000E-01 [cm]
  xmax  &=&   3.0000E-01 [cm]
  ymin  &=&   2.5000E-01 [cm]
  ymax  &=&   3.5000E-01 [cm]
e:

#------------------------------------------------------------------------------
 newpage:
#   no. =351   ix  = 11   iy  = 21
#   x = (   2.0000E-01  -   3.0000E-01  )
#   y = (   3.5000E-01  -   4.5000E-01  )

x: z[cm]
y: Dose [Gy/source]      
p: xlin ylog afac(0.8) form(0.9)
h: n            x            y(proton  ),hh0l n 
#  z-lower      z-upper        proton    r.err 
   9.8380E+01   9.8430E+01   8.0423E-03  0.0774
   9.8430E+01   9.8480E+01   7.8460E-03  0.0799
   9.8480E+01   9.8530E+01   7.5562E-03  0.0867
   9.8530E+01   9.8580E+01   7.4825E-03  0.0964

#   sum over    2.0000E-03   7.7318E-03  0.0729

'no. =351,  ix = 11,  iy = 21'
msuc: {\huge Histograma}
msdr: {\it plotted by \ANGEL \version}
msdl: {\it calculated by \PHITS  3.35}
wt: s(0.7)
\vspace{-3}
  xmin  &=&   2.0000E-01 [cm]
  xmax  &=&   3.0000E-01 [cm]
  ymin  &=&   3.5000E-01 [cm]
  ymax  &=&   4.5000E-01 [cm]
e:

#------------------------------------------------------------------------------
 newpage:
#   no. =352   ix  = 11   iy  = 22
#   x = (   2.0000E-01  -   3.0000E-01  )
#   y = (   4.5000E-01  -   5.5000E-01  )

x: z[cm]
y: Dose [Gy/source]      
p: xlin ylog afac(0.8) form(0.9)
h: n            x            y(proton  ),hh0l n 
#  z-lower      z-upper        proton    r.err 
   9.8380E+01   9.8430E+01   7.8192E-03  0.0749
   9.8430E+01   9.8480E+01   8.5810E-03  0.0759
   9.8480E+01   9.8530E+01   8.5223E-03  0.0803
   9.8530E+01   9.8580E+01   8.2805E-03  0.0915

#   sum over    2.0000E-03   8.3007E-03  0.0707

'no. =352,  ix = 11,  iy = 22'
msuc: {\huge Histograma}
msdr: {\it plotted by \ANGEL \version}
msdl: {\it calculated by \PHITS  3.35}
wt: s(0.7)
\vspace{-3}
  xmin  &=&   2.0000E-01 [cm]
  xmax  &=&   3.0000E-01 [cm]
  ymin  &=&   4.5000E-01 [cm]
  ymax  &=&   5.5000E-01 [cm]
e:

#------------------------------------------------------------------------------
 newpage:
#   no. =353   ix  = 11   iy  = 23
#   x = (   2.0000E-01  -   3.0000E-01  )
#   y = (   5.5000E-01  -   6.5000E-01  )

x: z[cm]
y: Dose [Gy/source]      
p: xlin ylog afac(0.8) form(0.9)
h: n            x            y(proton  ),hh0l n 
#  z-lower      z-upper        proton    r.err 
   9.8380E+01   9.8430E+01   7.7613E-03  0.0745
   9.8430E+01   9.8480E+01   8.3299E-03  0.0781
   9.8480E+01   9.8530E+01   7.6530E-03  0.0832
   9.8530E+01   9.8580E+01   7.5726E-03  0.0938

#   sum over    2.0000E-03   7.8292E-03  0.0718

'no. =353,  ix = 11,  iy = 23'
msuc: {\huge Histograma}
msdr: {\it plotted by \ANGEL \version}
msdl: {\it calculated by \PHITS  3.35}
wt: s(0.7)
\vspace{-3}
  xmin  &=&   2.0000E-01 [cm]
  xmax  &=&   3.0000E-01 [cm]
  ymin  &=&   5.5000E-01 [cm]
  ymax  &=&   6.5000E-01 [cm]
e:

#------------------------------------------------------------------------------
 newpage:
#   no. =354   ix  = 11   iy  = 24
#   x = (   2.0000E-01  -   3.0000E-01  )
#   y = (   6.5000E-01  -   7.5000E-01  )

x: z[cm]
y: Dose [Gy/source]      
p: xlin ylog afac(0.8) form(0.9)
h: n            x            y(proton  ),hh0l n 
#  z-lower      z-upper        proton    r.err 
   9.8380E+01   9.8430E+01   8.1171E-03  0.0744
   9.8430E+01   9.8480E+01   9.2333E-03  0.0755
   9.8480E+01   9.8530E+01   8.5278E-03  0.0816
   9.8530E+01   9.8580E+01   7.5989E-03  0.0951

#   sum over    2.0000E-03   8.3693E-03  0.0701

'no. =354,  ix = 11,  iy = 24'
msuc: {\huge Histograma}
msdr: {\it plotted by \ANGEL \version}
msdl: {\it calculated by \PHITS  3.35}
wt: s(0.7)
\vspace{-3}
  xmin  &=&   2.0000E-01 [cm]
  xmax  &=&   3.0000E-01 [cm]
  ymin  &=&   6.5000E-01 [cm]
  ymax  &=&   7.5000E-01 [cm]
e:

#------------------------------------------------------------------------------
 newpage:
#   no. =355   ix  = 11   iy  = 25
#   x = (   2.0000E-01  -   3.0000E-01  )
#   y = (   7.5000E-01  -   8.5000E-01  )

x: z[cm]
y: Dose [Gy/source]      
p: xlin ylog afac(0.8) form(0.9)
h: n            x            y(proton  ),hh0l n 
#  z-lower      z-upper        proton    r.err 
   9.8380E+01   9.8430E+01   8.1735E-03  0.0739
   9.8430E+01   9.8480E+01   8.9401E-03  0.0756
   9.8480E+01   9.8530E+01   8.2984E-03  0.0818
   9.8530E+01   9.8580E+01   8.2002E-03  0.0923

#   sum over    2.0000E-03   8.4030E-03  0.0703

'no. =355,  ix = 11,  iy = 25'
msuc: {\huge Histograma}
msdr: {\it plotted by \ANGEL \version}
msdl: {\it calculated by \PHITS  3.35}
wt: s(0.7)
\vspace{-3}
  xmin  &=&   2.0000E-01 [cm]
  xmax  &=&   3.0000E-01 [cm]
  ymin  &=&   7.5000E-01 [cm]
  ymax  &=&   8.5000E-01 [cm]
e:

#------------------------------------------------------------------------------
 newpage:
#   no. =356   ix  = 11   iy  = 26
#   x = (   2.0000E-01  -   3.0000E-01  )
#   y = (   8.5000E-01  -   9.5000E-01  )

x: z[cm]
y: Dose [Gy/source]      
p: xlin ylog afac(0.8) form(0.9)
h: n            x            y(proton  ),hh0l n 
#  z-lower      z-upper        proton    r.err 
   9.8380E+01   9.8430E+01   7.5511E-03  0.0751
   9.8430E+01   9.8480E+01   8.4360E-03  0.0767
   9.8480E+01   9.8530E+01   8.1079E-03  0.0829
   9.8530E+01   9.8580E+01   7.9488E-03  0.0925

#   sum over    2.0000E-03   8.0109E-03  0.0720

'no. =356,  ix = 11,  iy = 26'
msuc: {\huge Histograma}
msdr: {\it plotted by \ANGEL \version}
msdl: {\it calculated by \PHITS  3.35}
wt: s(0.7)
\vspace{-3}
  xmin  &=&   2.0000E-01 [cm]
  xmax  &=&   3.0000E-01 [cm]
  ymin  &=&   8.5000E-01 [cm]
  ymax  &=&   9.5000E-01 [cm]
e:

#------------------------------------------------------------------------------
 newpage:
#   no. =357   ix  = 11   iy  = 27
#   x = (   2.0000E-01  -   3.0000E-01  )
#   y = (   9.5000E-01  -   1.0500E+00  )

x: z[cm]
y: Dose [Gy/source]      
p: xlin ylog afac(0.8) form(0.9)
h: n            x            y(proton  ),hh0l n 
#  z-lower      z-upper        proton    r.err 
   9.8380E+01   9.8430E+01   7.4836E-03  0.0788
   9.8430E+01   9.8480E+01   7.8814E-03  0.0793
   9.8480E+01   9.8530E+01   7.8481E-03  0.0838
   9.8530E+01   9.8580E+01   7.9689E-03  0.0934

#   sum over    2.0000E-03   7.7955E-03  0.0726

'no. =357,  ix = 11,  iy = 27'
msuc: {\huge Histograma}
msdr: {\it plotted by \ANGEL \version}
msdl: {\it calculated by \PHITS  3.35}
wt: s(0.7)
\vspace{-3}
  xmin  &=&   2.0000E-01 [cm]
  xmax  &=&   3.0000E-01 [cm]
  ymin  &=&   9.5000E-01 [cm]
  ymax  &=&   1.0500E+00 [cm]
e:

#------------------------------------------------------------------------------
 newpage:
#   no. =358   ix  = 11   iy  = 28
#   x = (   2.0000E-01  -   3.0000E-01  )
#   y = (   1.0500E+00  -   1.1500E+00  )

x: z[cm]
y: Dose [Gy/source]      
p: xlin ylog afac(0.8) form(0.9)
h: n            x            y(proton  ),hh0l n 
#  z-lower      z-upper        proton    r.err 
   9.8380E+01   9.8430E+01   8.1017E-03  0.0761
   9.8430E+01   9.8480E+01   8.2432E-03  0.0778
   9.8480E+01   9.8530E+01   8.0897E-03  0.0833
   9.8530E+01   9.8580E+01   7.9411E-03  0.0940

#   sum over    2.0000E-03   8.0939E-03  0.0710

'no. =358,  ix = 11,  iy = 28'
msuc: {\huge Histograma}
msdr: {\it plotted by \ANGEL \version}
msdl: {\it calculated by \PHITS  3.35}
wt: s(0.7)
\vspace{-3}
  xmin  &=&   2.0000E-01 [cm]
  xmax  &=&   3.0000E-01 [cm]
  ymin  &=&   1.0500E+00 [cm]
  ymax  &=&   1.1500E+00 [cm]
e:

#------------------------------------------------------------------------------
 newpage:
#   no. =359   ix  = 11   iy  = 29
#   x = (   2.0000E-01  -   3.0000E-01  )
#   y = (   1.1500E+00  -   1.2500E+00  )

x: z[cm]
y: Dose [Gy/source]      
p: xlin ylog afac(0.8) form(0.9)
h: n            x            y(proton  ),hh0l n 
#  z-lower      z-upper        proton    r.err 
   9.8380E+01   9.8430E+01   8.3611E-03  0.0746
   9.8430E+01   9.8480E+01   7.9082E-03  0.0770
   9.8480E+01   9.8530E+01   8.5354E-03  0.0821
   9.8530E+01   9.8580E+01   8.3343E-03  0.0910

#   sum over    2.0000E-03   8.2848E-03  0.0708

'no. =359,  ix = 11,  iy = 29'
msuc: {\huge Histograma}
msdr: {\it plotted by \ANGEL \version}
msdl: {\it calculated by \PHITS  3.35}
wt: s(0.7)
\vspace{-3}
  xmin  &=&   2.0000E-01 [cm]
  xmax  &=&   3.0000E-01 [cm]
  ymin  &=&   1.1500E+00 [cm]
  ymax  &=&   1.2500E+00 [cm]
e:

#------------------------------------------------------------------------------
 newpage:
#   no. =360   ix  = 11   iy  = 30
#   x = (   2.0000E-01  -   3.0000E-01  )
#   y = (   1.2500E+00  -   1.3500E+00  )

x: z[cm]
y: Dose [Gy/source]      
p: xlin ylog afac(0.8) form(0.9)
h: n            x            y(proton  ),hh0l n 
#  z-lower      z-upper        proton    r.err 
   9.8380E+01   9.8430E+01   9.4580E-03  0.0705
   9.8430E+01   9.8480E+01   9.5229E-03  0.0733
   9.8480E+01   9.8530E+01   8.8142E-03  0.0797
   9.8530E+01   9.8580E+01   8.0035E-03  0.0919

#   sum over    2.0000E-03   8.9496E-03  0.0673

'no. =360,  ix = 11,  iy = 30'
msuc: {\huge Histograma}
msdr: {\it plotted by \ANGEL \version}
msdl: {\it calculated by \PHITS  3.35}
wt: s(0.7)
\vspace{-3}
  xmin  &=&   2.0000E-01 [cm]
  xmax  &=&   3.0000E-01 [cm]
  ymin  &=&   1.2500E+00 [cm]
  ymax  &=&   1.3500E+00 [cm]
e:

#------------------------------------------------------------------------------
 newpage:
#   no. =361   ix  = 11   iy  = 31
#   x = (   2.0000E-01  -   3.0000E-01  )
#   y = (   1.3500E+00  -   1.4500E+00  )

x: z[cm]
y: Dose [Gy/source]      
p: xlin ylog afac(0.8) form(0.9)
h: n            x            y(proton  ),hh0l n 
#  z-lower      z-upper        proton    r.err 
   9.8380E+01   9.8430E+01   8.1833E-03  0.0735
   9.8430E+01   9.8480E+01   8.9487E-03  0.0744
   9.8480E+01   9.8530E+01   8.8586E-03  0.0803
   9.8530E+01   9.8580E+01   7.7986E-03  0.0939

#   sum over    2.0000E-03   8.4473E-03  0.0697

'no. =361,  ix = 11,  iy = 31'
msuc: {\huge Histograma}
msdr: {\it plotted by \ANGEL \version}
msdl: {\it calculated by \PHITS  3.35}
wt: s(0.7)
\vspace{-3}
  xmin  &=&   2.0000E-01 [cm]
  xmax  &=&   3.0000E-01 [cm]
  ymin  &=&   1.3500E+00 [cm]
  ymax  &=&   1.4500E+00 [cm]
e:

#------------------------------------------------------------------------------
 newpage:
#   no. =362   ix  = 11   iy  = 32
#   x = (   2.0000E-01  -   3.0000E-01  )
#   y = (   1.4500E+00  -   1.5500E+00  )

x: z[cm]
y: Dose [Gy/source]      
p: xlin ylog afac(0.8) form(0.9)
h: n            x            y(proton  ),hh0l n 
#  z-lower      z-upper        proton    r.err 
   9.8380E+01   9.8430E+01   8.2170E-03  0.0732
   9.8430E+01   9.8480E+01   8.6574E-03  0.0765
   9.8480E+01   9.8530E+01   7.6871E-03  0.0827
   9.8530E+01   9.8580E+01   8.1771E-03  0.0916

#   sum over    2.0000E-03   8.1847E-03  0.0705

'no. =362,  ix = 11,  iy = 32'
msuc: {\huge Histograma}
msdr: {\it plotted by \ANGEL \version}
msdl: {\it calculated by \PHITS  3.35}
wt: s(0.7)
\vspace{-3}
  xmin  &=&   2.0000E-01 [cm]
  xmax  &=&   3.0000E-01 [cm]
  ymin  &=&   1.4500E+00 [cm]
  ymax  &=&   1.5500E+00 [cm]
e:

#------------------------------------------------------------------------------
 newpage:
#   no. =363   ix  = 11   iy  = 33
#   x = (   2.0000E-01  -   3.0000E-01  )
#   y = (   1.5500E+00  -   1.6500E+00  )

x: z[cm]
y: Dose [Gy/source]      
p: xlin ylog afac(0.8) form(0.9)
h: n            x            y(proton  ),hh0l n 
#  z-lower      z-upper        proton    r.err 
   9.8380E+01   9.8430E+01   7.9524E-03  0.0748
   9.8430E+01   9.8480E+01   8.3924E-03  0.0753
   9.8480E+01   9.8530E+01   8.9740E-03  0.0802
   9.8530E+01   9.8580E+01   8.8039E-03  0.0874

#   sum over    2.0000E-03   8.5307E-03  0.0704

'no. =363,  ix = 11,  iy = 33'
msuc: {\huge Histograma}
msdr: {\it plotted by \ANGEL \version}
msdl: {\it calculated by \PHITS  3.35}
wt: s(0.7)
\vspace{-3}
  xmin  &=&   2.0000E-01 [cm]
  xmax  &=&   3.0000E-01 [cm]
  ymin  &=&   1.5500E+00 [cm]
  ymax  &=&   1.6500E+00 [cm]
e:

#------------------------------------------------------------------------------
 newpage:
#   no. =364   ix  = 12   iy  =  1
#   x = (   3.0000E-01  -   4.0000E-01  )
#   y = (  -1.6500E+00  -  -1.5500E+00  )

x: z[cm]
y: Dose [Gy/source]      
p: xlin ylog afac(0.8) form(0.9)
h: n            x            y(proton  ),hh0l n 
#  z-lower      z-upper        proton    r.err 
   9.8380E+01   9.8430E+01   0.0000E+00  0.0000
   9.8430E+01   9.8480E+01   0.0000E+00  0.0000
   9.8480E+01   9.8530E+01   0.0000E+00  0.0000
   9.8530E+01   9.8580E+01   0.0000E+00  0.0000

#   sum over    2.0000E-03   0.0000E+00  0.0000

'no. =364,  ix = 12,  iy =  1'
msuc: {\huge Histograma}
msdr: {\it plotted by \ANGEL \version}
msdl: {\it calculated by \PHITS  3.35}
wt: s(0.7)
\vspace{-3}
  xmin  &=&   3.0000E-01 [cm]
  xmax  &=&   4.0000E-01 [cm]
  ymin  &=&  -1.6500E+00 [cm]
  ymax  &=&  -1.5500E+00 [cm]
e:

#------------------------------------------------------------------------------
 newpage:
#   no. =365   ix  = 12   iy  =  2
#   x = (   3.0000E-01  -   4.0000E-01  )
#   y = (  -1.5500E+00  -  -1.4500E+00  )

x: z[cm]
y: Dose [Gy/source]      
p: xlin ylog afac(0.8) form(0.9)
h: n            x            y(proton  ),hh0l n 
#  z-lower      z-upper        proton    r.err 
   9.8380E+01   9.8430E+01   0.0000E+00  0.0000
   9.8430E+01   9.8480E+01   0.0000E+00  0.0000
   9.8480E+01   9.8530E+01   0.0000E+00  0.0000
   9.8530E+01   9.8580E+01   0.0000E+00  0.0000

#   sum over    2.0000E-03   0.0000E+00  0.0000

'no. =365,  ix = 12,  iy =  2'
msuc: {\huge Histograma}
msdr: {\it plotted by \ANGEL \version}
msdl: {\it calculated by \PHITS  3.35}
wt: s(0.7)
\vspace{-3}
  xmin  &=&   3.0000E-01 [cm]
  xmax  &=&   4.0000E-01 [cm]
  ymin  &=&  -1.5500E+00 [cm]
  ymax  &=&  -1.4500E+00 [cm]
e:

#------------------------------------------------------------------------------
 newpage:
#   no. =366   ix  = 12   iy  =  3
#   x = (   3.0000E-01  -   4.0000E-01  )
#   y = (  -1.4500E+00  -  -1.3500E+00  )

x: z[cm]
y: Dose [Gy/source]      
p: xlin ylog afac(0.8) form(0.9)
h: n            x            y(proton  ),hh0l n 
#  z-lower      z-upper        proton    r.err 
   9.8380E+01   9.8430E+01   0.0000E+00  0.0000
   9.8430E+01   9.8480E+01   0.0000E+00  0.0000
   9.8480E+01   9.8530E+01   0.0000E+00  0.0000
   9.8530E+01   9.8580E+01   0.0000E+00  0.0000

#   sum over    2.0000E-03   0.0000E+00  0.0000

'no. =366,  ix = 12,  iy =  3'
msuc: {\huge Histograma}
msdr: {\it plotted by \ANGEL \version}
msdl: {\it calculated by \PHITS  3.35}
wt: s(0.7)
\vspace{-3}
  xmin  &=&   3.0000E-01 [cm]
  xmax  &=&   4.0000E-01 [cm]
  ymin  &=&  -1.4500E+00 [cm]
  ymax  &=&  -1.3500E+00 [cm]
e:

#------------------------------------------------------------------------------
 newpage:
#   no. =367   ix  = 12   iy  =  4
#   x = (   3.0000E-01  -   4.0000E-01  )
#   y = (  -1.3500E+00  -  -1.2500E+00  )

x: z[cm]
y: Dose [Gy/source]      
p: xlin ylog afac(0.8) form(0.9)
h: n            x            y(proton  ),hh0l n 
#  z-lower      z-upper        proton    r.err 
   9.8380E+01   9.8430E+01   5.8244E-03  0.0874
   9.8430E+01   9.8480E+01   6.0726E-03  0.0907
   9.8480E+01   9.8530E+01   5.9224E-03  0.0976
   9.8530E+01   9.8580E+01   6.1920E-03  0.1059

#   sum over    2.0000E-03   6.0028E-03  0.0831

'no. =367,  ix = 12,  iy =  4'
msuc: {\huge Histograma}
msdr: {\it plotted by \ANGEL \version}
msdl: {\it calculated by \PHITS  3.35}
wt: s(0.7)
\vspace{-3}
  xmin  &=&   3.0000E-01 [cm]
  xmax  &=&   4.0000E-01 [cm]
  ymin  &=&  -1.3500E+00 [cm]
  ymax  &=&  -1.2500E+00 [cm]
e:

#------------------------------------------------------------------------------
 newpage:
#   no. =368   ix  = 12   iy  =  5
#   x = (   3.0000E-01  -   4.0000E-01  )
#   y = (  -1.2500E+00  -  -1.1500E+00  )

x: z[cm]
y: Dose [Gy/source]      
p: xlin ylog afac(0.8) form(0.9)
h: n            x            y(proton  ),hh0l n 
#  z-lower      z-upper        proton    r.err 
   9.8380E+01   9.8430E+01   7.7844E-03  0.0765
   9.8430E+01   9.8480E+01   8.1579E-03  0.0784
   9.8480E+01   9.8530E+01   7.7630E-03  0.0837
   9.8530E+01   9.8580E+01   7.5749E-03  0.0950

#   sum over    2.0000E-03   7.8201E-03  0.0723

'no. =368,  ix = 12,  iy =  5'
msuc: {\huge Histograma}
msdr: {\it plotted by \ANGEL \version}
msdl: {\it calculated by \PHITS  3.35}
wt: s(0.7)
\vspace{-3}
  xmin  &=&   3.0000E-01 [cm]
  xmax  &=&   4.0000E-01 [cm]
  ymin  &=&  -1.2500E+00 [cm]
  ymax  &=&  -1.1500E+00 [cm]
e:

#------------------------------------------------------------------------------
 newpage:
#   no. =369   ix  = 12   iy  =  6
#   x = (   3.0000E-01  -   4.0000E-01  )
#   y = (  -1.1500E+00  -  -1.0500E+00  )

x: z[cm]
y: Dose [Gy/source]      
p: xlin ylog afac(0.8) form(0.9)
h: n            x            y(proton  ),hh0l n 
#  z-lower      z-upper        proton    r.err 
   9.8380E+01   9.8430E+01   7.9666E-03  0.0770
   9.8430E+01   9.8480E+01   8.0002E-03  0.0786
   9.8480E+01   9.8530E+01   7.8296E-03  0.0839
   9.8530E+01   9.8580E+01   7.6821E-03  0.0941

#   sum over    2.0000E-03   7.8696E-03  0.0719

'no. =369,  ix = 12,  iy =  6'
msuc: {\huge Histograma}
msdr: {\it plotted by \ANGEL \version}
msdl: {\it calculated by \PHITS  3.35}
wt: s(0.7)
\vspace{-3}
  xmin  &=&   3.0000E-01 [cm]
  xmax  &=&   4.0000E-01 [cm]
  ymin  &=&  -1.1500E+00 [cm]
  ymax  &=&  -1.0500E+00 [cm]
e:

#------------------------------------------------------------------------------
 newpage:
#   no. =370   ix  = 12   iy  =  7
#   x = (   3.0000E-01  -   4.0000E-01  )
#   y = (  -1.0500E+00  -  -9.5000E-01  )

x: z[cm]
y: Dose [Gy/source]      
p: xlin ylog afac(0.8) form(0.9)
h: n            x            y(proton  ),hh0l n 
#  z-lower      z-upper        proton    r.err 
   9.8380E+01   9.8430E+01   7.9309E-03  0.0752
   9.8430E+01   9.8480E+01   8.5154E-03  0.0771
   9.8480E+01   9.8530E+01   8.6793E-03  0.0812
   9.8530E+01   9.8580E+01   7.9734E-03  0.0921

#   sum over    2.0000E-03   8.2747E-03  0.0705

'no. =370,  ix = 12,  iy =  7'
msuc: {\huge Histograma}
msdr: {\it plotted by \ANGEL \version}
msdl: {\it calculated by \PHITS  3.35}
wt: s(0.7)
\vspace{-3}
  xmin  &=&   3.0000E-01 [cm]
  xmax  &=&   4.0000E-01 [cm]
  ymin  &=&  -1.0500E+00 [cm]
  ymax  &=&  -9.5000E-01 [cm]
e:

#------------------------------------------------------------------------------
 newpage:
#   no. =371   ix  = 12   iy  =  8
#   x = (   3.0000E-01  -   4.0000E-01  )
#   y = (  -9.5000E-01  -  -8.5000E-01  )

x: z[cm]
y: Dose [Gy/source]      
p: xlin ylog afac(0.8) form(0.9)
h: n            x            y(proton  ),hh0l n 
#  z-lower      z-upper        proton    r.err 
   9.8380E+01   9.8430E+01   9.0455E-03  0.0695
   9.8430E+01   9.8480E+01   1.0349E-02  0.0709
   9.8480E+01   9.8530E+01   9.6376E-03  0.0762
   9.8530E+01   9.8580E+01   9.5300E-03  0.0848

#   sum over    2.0000E-03   9.6406E-03  0.0661

'no. =371,  ix = 12,  iy =  8'
msuc: {\huge Histograma}
msdr: {\it plotted by \ANGEL \version}
msdl: {\it calculated by \PHITS  3.35}
wt: s(0.7)
\vspace{-3}
  xmin  &=&   3.0000E-01 [cm]
  xmax  &=&   4.0000E-01 [cm]
  ymin  &=&  -9.5000E-01 [cm]
  ymax  &=&  -8.5000E-01 [cm]
e:

#------------------------------------------------------------------------------
 newpage:
#   no. =372   ix  = 12   iy  =  9
#   x = (   3.0000E-01  -   4.0000E-01  )
#   y = (  -8.5000E-01  -  -7.5000E-01  )

x: z[cm]
y: Dose [Gy/source]      
p: xlin ylog afac(0.8) form(0.9)
h: n            x            y(proton  ),hh0l n 
#  z-lower      z-upper        proton    r.err 
   9.8380E+01   9.8430E+01   7.6374E-03  0.0754
   9.8430E+01   9.8480E+01   8.2795E-03  0.0763
   9.8480E+01   9.8530E+01   8.7857E-03  0.0799
   9.8530E+01   9.8580E+01   8.1408E-03  0.0913

#   sum over    2.0000E-03   8.2108E-03  0.0707

'no. =372,  ix = 12,  iy =  9'
msuc: {\huge Histograma}
msdr: {\it plotted by \ANGEL \version}
msdl: {\it calculated by \PHITS  3.35}
wt: s(0.7)
\vspace{-3}
  xmin  &=&   3.0000E-01 [cm]
  xmax  &=&   4.0000E-01 [cm]
  ymin  &=&  -8.5000E-01 [cm]
  ymax  &=&  -7.5000E-01 [cm]
e:

#------------------------------------------------------------------------------
 newpage:
#   no. =373   ix  = 12   iy  = 10
#   x = (   3.0000E-01  -   4.0000E-01  )
#   y = (  -7.5000E-01  -  -6.5000E-01  )

x: z[cm]
y: Dose [Gy/source]      
p: xlin ylog afac(0.8) form(0.9)
h: n            x            y(proton  ),hh0l n 
#  z-lower      z-upper        proton    r.err 
   9.8380E+01   9.8430E+01   7.5026E-03  0.0751
   9.8430E+01   9.8480E+01   8.0652E-03  0.0772
   9.8480E+01   9.8530E+01   8.3609E-03  0.0830
   9.8530E+01   9.8580E+01   7.6286E-03  0.0958

#   sum over    2.0000E-03   7.8893E-03  0.0733

'no. =373,  ix = 12,  iy = 10'
msuc: {\huge Histograma}
msdr: {\it plotted by \ANGEL \version}
msdl: {\it calculated by \PHITS  3.35}
wt: s(0.7)
\vspace{-3}
  xmin  &=&   3.0000E-01 [cm]
  xmax  &=&   4.0000E-01 [cm]
  ymin  &=&  -7.5000E-01 [cm]
  ymax  &=&  -6.5000E-01 [cm]
e:

#------------------------------------------------------------------------------
 newpage:
#   no. =374   ix  = 12   iy  = 11
#   x = (   3.0000E-01  -   4.0000E-01  )
#   y = (  -6.5000E-01  -  -5.5000E-01  )

x: z[cm]
y: Dose [Gy/source]      
p: xlin ylog afac(0.8) form(0.9)
h: n            x            y(proton  ),hh0l n 
#  z-lower      z-upper        proton    r.err 
   9.8380E+01   9.8430E+01   8.1245E-03  0.0754
   9.8430E+01   9.8480E+01   8.7867E-03  0.0771
   9.8480E+01   9.8530E+01   7.8819E-03  0.0833
   9.8530E+01   9.8580E+01   8.0472E-03  0.0918

#   sum over    2.0000E-03   8.2101E-03  0.0707

'no. =374,  ix = 12,  iy = 11'
msuc: {\huge Histograma}
msdr: {\it plotted by \ANGEL \version}
msdl: {\it calculated by \PHITS  3.35}
wt: s(0.7)
\vspace{-3}
  xmin  &=&   3.0000E-01 [cm]
  xmax  &=&   4.0000E-01 [cm]
  ymin  &=&  -6.5000E-01 [cm]
  ymax  &=&  -5.5000E-01 [cm]
e:

#------------------------------------------------------------------------------
 newpage:
#   no. =375   ix  = 12   iy  = 12
#   x = (   3.0000E-01  -   4.0000E-01  )
#   y = (  -5.5000E-01  -  -4.5000E-01  )

x: z[cm]
y: Dose [Gy/source]      
p: xlin ylog afac(0.8) form(0.9)
h: n            x            y(proton  ),hh0l n 
#  z-lower      z-upper        proton    r.err 
   9.8380E+01   9.8430E+01   7.2369E-03  0.0788
   9.8430E+01   9.8480E+01   7.5426E-03  0.0804
   9.8480E+01   9.8530E+01   7.3984E-03  0.0850
   9.8530E+01   9.8580E+01   7.8924E-03  0.0954

#   sum over    2.0000E-03   7.5176E-03  0.0743

'no. =375,  ix = 12,  iy = 12'
msuc: {\huge Histograma}
msdr: {\it plotted by \ANGEL \version}
msdl: {\it calculated by \PHITS  3.35}
wt: s(0.7)
\vspace{-3}
  xmin  &=&   3.0000E-01 [cm]
  xmax  &=&   4.0000E-01 [cm]
  ymin  &=&  -5.5000E-01 [cm]
  ymax  &=&  -4.5000E-01 [cm]
e:

#------------------------------------------------------------------------------
 newpage:
#   no. =376   ix  = 12   iy  = 13
#   x = (   3.0000E-01  -   4.0000E-01  )
#   y = (  -4.5000E-01  -  -3.5000E-01  )

x: z[cm]
y: Dose [Gy/source]      
p: xlin ylog afac(0.8) form(0.9)
h: n            x            y(proton  ),hh0l n 
#  z-lower      z-upper        proton    r.err 
   9.8380E+01   9.8430E+01   8.0485E-03  0.0745
   9.8430E+01   9.8480E+01   8.6112E-03  0.0754
   9.8480E+01   9.8530E+01   8.7193E-03  0.0805
   9.8530E+01   9.8580E+01   8.1618E-03  0.0911

#   sum over    2.0000E-03   8.3852E-03  0.0702

'no. =376,  ix = 12,  iy = 13'
msuc: {\huge Histograma}
msdr: {\it plotted by \ANGEL \version}
msdl: {\it calculated by \PHITS  3.35}
wt: s(0.7)
\vspace{-3}
  xmin  &=&   3.0000E-01 [cm]
  xmax  &=&   4.0000E-01 [cm]
  ymin  &=&  -4.5000E-01 [cm]
  ymax  &=&  -3.5000E-01 [cm]
e:

#------------------------------------------------------------------------------
 newpage:
#   no. =377   ix  = 12   iy  = 14
#   x = (   3.0000E-01  -   4.0000E-01  )
#   y = (  -3.5000E-01  -  -2.5000E-01  )

x: z[cm]
y: Dose [Gy/source]      
p: xlin ylog afac(0.8) form(0.9)
h: n            x            y(proton  ),hh0l n 
#  z-lower      z-upper        proton    r.err 
   9.8380E+01   9.8430E+01   8.3256E-03  0.0728
   9.8430E+01   9.8480E+01   8.9800E-03  0.0733
   9.8480E+01   9.8530E+01   9.0741E-03  0.0783
   9.8530E+01   9.8580E+01   9.2624E-03  0.0853

#   sum over    2.0000E-03   8.9105E-03  0.0687

'no. =377,  ix = 12,  iy = 14'
msuc: {\huge Histograma}
msdr: {\it plotted by \ANGEL \version}
msdl: {\it calculated by \PHITS  3.35}
wt: s(0.7)
\vspace{-3}
  xmin  &=&   3.0000E-01 [cm]
  xmax  &=&   4.0000E-01 [cm]
  ymin  &=&  -3.5000E-01 [cm]
  ymax  &=&  -2.5000E-01 [cm]
e:

#------------------------------------------------------------------------------
 newpage:
#   no. =378   ix  = 12   iy  = 15
#   x = (   3.0000E-01  -   4.0000E-01  )
#   y = (  -2.5000E-01  -  -1.5000E-01  )

x: z[cm]
y: Dose [Gy/source]      
p: xlin ylog afac(0.8) form(0.9)
h: n            x            y(proton  ),hh0l n 
#  z-lower      z-upper        proton    r.err 
   9.8380E+01   9.8430E+01   8.3119E-03  0.0758
   9.8430E+01   9.8480E+01   8.2681E-03  0.0782
   9.8480E+01   9.8530E+01   7.9765E-03  0.0835
   9.8530E+01   9.8580E+01   7.6315E-03  0.0950

#   sum over    2.0000E-03   8.0470E-03  0.0714

'no. =378,  ix = 12,  iy = 15'
msuc: {\huge Histograma}
msdr: {\it plotted by \ANGEL \version}
msdl: {\it calculated by \PHITS  3.35}
wt: s(0.7)
\vspace{-3}
  xmin  &=&   3.0000E-01 [cm]
  xmax  &=&   4.0000E-01 [cm]
  ymin  &=&  -2.5000E-01 [cm]
  ymax  &=&  -1.5000E-01 [cm]
e:

#------------------------------------------------------------------------------
 newpage:
#   no. =379   ix  = 12   iy  = 16
#   x = (   3.0000E-01  -   4.0000E-01  )
#   y = (  -1.5000E-01  -  -5.0000E-02  )

x: z[cm]
y: Dose [Gy/source]      
p: xlin ylog afac(0.8) form(0.9)
h: n            x            y(proton  ),hh0l n 
#  z-lower      z-upper        proton    r.err 
   9.8380E+01   9.8430E+01   8.0876E-03  0.0757
   9.8430E+01   9.8480E+01   8.0002E-03  0.0790
   9.8480E+01   9.8530E+01   7.9827E-03  0.0853
   9.8530E+01   9.8580E+01   7.6147E-03  0.0950

#   sum over    2.0000E-03   7.9213E-03  0.0720

'no. =379,  ix = 12,  iy = 16'
msuc: {\huge Histograma}
msdr: {\it plotted by \ANGEL \version}
msdl: {\it calculated by \PHITS  3.35}
wt: s(0.7)
\vspace{-3}
  xmin  &=&   3.0000E-01 [cm]
  xmax  &=&   4.0000E-01 [cm]
  ymin  &=&  -1.5000E-01 [cm]
  ymax  &=&  -5.0000E-02 [cm]
e:

#------------------------------------------------------------------------------
 newpage:
#   no. =380   ix  = 12   iy  = 17
#   x = (   3.0000E-01  -   4.0000E-01  )
#   y = (  -5.0000E-02  -   5.0000E-02  )

x: z[cm]
y: Dose [Gy/source]      
p: xlin ylog afac(0.8) form(0.9)
h: n            x            y(proton  ),hh0l n 
#  z-lower      z-upper        proton    r.err 
   9.8380E+01   9.8430E+01   7.9798E-03  0.0745
   9.8430E+01   9.8480E+01   9.1177E-03  0.0761
   9.8480E+01   9.8530E+01   8.4701E-03  0.0821
   9.8530E+01   9.8580E+01   7.8058E-03  0.0941

#   sum over    2.0000E-03   8.3434E-03  0.0709

'no. =380,  ix = 12,  iy = 17'
msuc: {\huge Histograma}
msdr: {\it plotted by \ANGEL \version}
msdl: {\it calculated by \PHITS  3.35}
wt: s(0.7)
\vspace{-3}
  xmin  &=&   3.0000E-01 [cm]
  xmax  &=&   4.0000E-01 [cm]
  ymin  &=&  -5.0000E-02 [cm]
  ymax  &=&   5.0000E-02 [cm]
e:

#------------------------------------------------------------------------------
 newpage:
#   no. =381   ix  = 12   iy  = 18
#   x = (   3.0000E-01  -   4.0000E-01  )
#   y = (   5.0000E-02  -   1.5000E-01  )

x: z[cm]
y: Dose [Gy/source]      
p: xlin ylog afac(0.8) form(0.9)
h: n            x            y(proton  ),hh0l n 
#  z-lower      z-upper        proton    r.err 
   9.8380E+01   9.8430E+01   7.3560E-03  0.0799
   9.8430E+01   9.8480E+01   7.4105E-03  0.0820
   9.8480E+01   9.8530E+01   7.3218E-03  0.0859
   9.8530E+01   9.8580E+01   7.4439E-03  0.0965

#   sum over    2.0000E-03   7.3831E-03  0.0745

'no. =381,  ix = 12,  iy = 18'
msuc: {\huge Histograma}
msdr: {\it plotted by \ANGEL \version}
msdl: {\it calculated by \PHITS  3.35}
wt: s(0.7)
\vspace{-3}
  xmin  &=&   3.0000E-01 [cm]
  xmax  &=&   4.0000E-01 [cm]
  ymin  &=&   5.0000E-02 [cm]
  ymax  &=&   1.5000E-01 [cm]
e:

#------------------------------------------------------------------------------
 newpage:
#   no. =382   ix  = 12   iy  = 19
#   x = (   3.0000E-01  -   4.0000E-01  )
#   y = (   1.5000E-01  -   2.5000E-01  )

x: z[cm]
y: Dose [Gy/source]      
p: xlin ylog afac(0.8) form(0.9)
h: n            x            y(proton  ),hh0l n 
#  z-lower      z-upper        proton    r.err 
   9.8380E+01   9.8430E+01   8.0865E-03  0.0747
   9.8430E+01   9.8480E+01   8.7298E-03  0.0763
   9.8480E+01   9.8530E+01   7.9501E-03  0.0816
   9.8530E+01   9.8580E+01   8.7443E-03  0.0894

#   sum over    2.0000E-03   8.3777E-03  0.0706

'no. =382,  ix = 12,  iy = 19'
msuc: {\huge Histograma}
msdr: {\it plotted by \ANGEL \version}
msdl: {\it calculated by \PHITS  3.35}
wt: s(0.7)
\vspace{-3}
  xmin  &=&   3.0000E-01 [cm]
  xmax  &=&   4.0000E-01 [cm]
  ymin  &=&   1.5000E-01 [cm]
  ymax  &=&   2.5000E-01 [cm]
e:

#------------------------------------------------------------------------------
 newpage:
#   no. =383   ix  = 12   iy  = 20
#   x = (   3.0000E-01  -   4.0000E-01  )
#   y = (   2.5000E-01  -   3.5000E-01  )

x: z[cm]
y: Dose [Gy/source]      
p: xlin ylog afac(0.8) form(0.9)
h: n            x            y(proton  ),hh0l n 
#  z-lower      z-upper        proton    r.err 
   9.8380E+01   9.8430E+01   8.1376E-03  0.0734
   9.8430E+01   9.8480E+01   8.9391E-03  0.0752
   9.8480E+01   9.8530E+01   9.0694E-03  0.0805
   9.8530E+01   9.8580E+01   8.1561E-03  0.0910

#   sum over    2.0000E-03   8.5756E-03  0.0701

'no. =383,  ix = 12,  iy = 20'
msuc: {\huge Histograma}
msdr: {\it plotted by \ANGEL \version}
msdl: {\it calculated by \PHITS  3.35}
wt: s(0.7)
\vspace{-3}
  xmin  &=&   3.0000E-01 [cm]
  xmax  &=&   4.0000E-01 [cm]
  ymin  &=&   2.5000E-01 [cm]
  ymax  &=&   3.5000E-01 [cm]
e:

#------------------------------------------------------------------------------
 newpage:
#   no. =384   ix  = 12   iy  = 21
#   x = (   3.0000E-01  -   4.0000E-01  )
#   y = (   3.5000E-01  -   4.5000E-01  )

x: z[cm]
y: Dose [Gy/source]      
p: xlin ylog afac(0.8) form(0.9)
h: n            x            y(proton  ),hh0l n 
#  z-lower      z-upper        proton    r.err 
   9.8380E+01   9.8430E+01   7.8899E-03  0.0767
   9.8430E+01   9.8480E+01   8.3273E-03  0.0789
   9.8480E+01   9.8530E+01   7.5130E-03  0.0859
   9.8530E+01   9.8580E+01   6.7393E-03  0.1010

#   sum over    2.0000E-03   7.6174E-03  0.0727

'no. =384,  ix = 12,  iy = 21'
msuc: {\huge Histograma}
msdr: {\it plotted by \ANGEL \version}
msdl: {\it calculated by \PHITS  3.35}
wt: s(0.7)
\vspace{-3}
  xmin  &=&   3.0000E-01 [cm]
  xmax  &=&   4.0000E-01 [cm]
  ymin  &=&   3.5000E-01 [cm]
  ymax  &=&   4.5000E-01 [cm]
e:

#------------------------------------------------------------------------------
 newpage:
#   no. =385   ix  = 12   iy  = 22
#   x = (   3.0000E-01  -   4.0000E-01  )
#   y = (   4.5000E-01  -   5.5000E-01  )

x: z[cm]
y: Dose [Gy/source]      
p: xlin ylog afac(0.8) form(0.9)
h: n            x            y(proton  ),hh0l n 
#  z-lower      z-upper        proton    r.err 
   9.8380E+01   9.8430E+01   8.4204E-03  0.0765
   9.8430E+01   9.8480E+01   7.7035E-03  0.0804
   9.8480E+01   9.8530E+01   7.3073E-03  0.0869
   9.8530E+01   9.8580E+01   7.4930E-03  0.0966

#   sum over    2.0000E-03   7.7311E-03  0.0726

'no. =385,  ix = 12,  iy = 22'
msuc: {\huge Histograma}
msdr: {\it plotted by \ANGEL \version}
msdl: {\it calculated by \PHITS  3.35}
wt: s(0.7)
\vspace{-3}
  xmin  &=&   3.0000E-01 [cm]
  xmax  &=&   4.0000E-01 [cm]
  ymin  &=&   4.5000E-01 [cm]
  ymax  &=&   5.5000E-01 [cm]
e:

#------------------------------------------------------------------------------
 newpage:
#   no. =386   ix  = 12   iy  = 23
#   x = (   3.0000E-01  -   4.0000E-01  )
#   y = (   5.5000E-01  -   6.5000E-01  )

x: z[cm]
y: Dose [Gy/source]      
p: xlin ylog afac(0.8) form(0.9)
h: n            x            y(proton  ),hh0l n 
#  z-lower      z-upper        proton    r.err 
   9.8380E+01   9.8430E+01   7.2975E-03  0.0763
   9.8430E+01   9.8480E+01   8.2073E-03  0.0774
   9.8480E+01   9.8530E+01   8.6441E-03  0.0812
   9.8530E+01   9.8580E+01   8.7011E-03  0.0883

#   sum over    2.0000E-03   8.2125E-03  0.0717

'no. =386,  ix = 12,  iy = 23'
msuc: {\huge Histograma}
msdr: {\it plotted by \ANGEL \version}
msdl: {\it calculated by \PHITS  3.35}
wt: s(0.7)
\vspace{-3}
  xmin  &=&   3.0000E-01 [cm]
  xmax  &=&   4.0000E-01 [cm]
  ymin  &=&   5.5000E-01 [cm]
  ymax  &=&   6.5000E-01 [cm]
e:

#------------------------------------------------------------------------------
 newpage:
#   no. =387   ix  = 12   iy  = 24
#   x = (   3.0000E-01  -   4.0000E-01  )
#   y = (   6.5000E-01  -   7.5000E-01  )

x: z[cm]
y: Dose [Gy/source]      
p: xlin ylog afac(0.8) form(0.9)
h: n            x            y(proton  ),hh0l n 
#  z-lower      z-upper        proton    r.err 
   9.8380E+01   9.8430E+01   7.8421E-03  0.0775
   9.8430E+01   9.8480E+01   8.0985E-03  0.0792
   9.8480E+01   9.8530E+01   8.0666E-03  0.0835
   9.8530E+01   9.8580E+01   7.3580E-03  0.0959

#   sum over    2.0000E-03   7.8413E-03  0.0729

'no. =387,  ix = 12,  iy = 24'
msuc: {\huge Histograma}
msdr: {\it plotted by \ANGEL \version}
msdl: {\it calculated by \PHITS  3.35}
wt: s(0.7)
\vspace{-3}
  xmin  &=&   3.0000E-01 [cm]
  xmax  &=&   4.0000E-01 [cm]
  ymin  &=&   6.5000E-01 [cm]
  ymax  &=&   7.5000E-01 [cm]
e:

#------------------------------------------------------------------------------
 newpage:
#   no. =388   ix  = 12   iy  = 25
#   x = (   3.0000E-01  -   4.0000E-01  )
#   y = (   7.5000E-01  -   8.5000E-01  )

x: z[cm]
y: Dose [Gy/source]      
p: xlin ylog afac(0.8) form(0.9)
h: n            x            y(proton  ),hh0l n 
#  z-lower      z-upper        proton    r.err 
   9.8380E+01   9.8430E+01   7.4930E-03  0.0764
   9.8430E+01   9.8480E+01   7.9885E-03  0.0777
   9.8480E+01   9.8530E+01   8.3600E-03  0.0809
   9.8530E+01   9.8580E+01   8.0701E-03  0.0910

#   sum over    2.0000E-03   7.9779E-03  0.0719

'no. =388,  ix = 12,  iy = 25'
msuc: {\huge Histograma}
msdr: {\it plotted by \ANGEL \version}
msdl: {\it calculated by \PHITS  3.35}
wt: s(0.7)
\vspace{-3}
  xmin  &=&   3.0000E-01 [cm]
  xmax  &=&   4.0000E-01 [cm]
  ymin  &=&   7.5000E-01 [cm]
  ymax  &=&   8.5000E-01 [cm]
e:

#------------------------------------------------------------------------------
 newpage:
#   no. =389   ix  = 12   iy  = 26
#   x = (   3.0000E-01  -   4.0000E-01  )
#   y = (   8.5000E-01  -   9.5000E-01  )

x: z[cm]
y: Dose [Gy/source]      
p: xlin ylog afac(0.8) form(0.9)
h: n            x            y(proton  ),hh0l n 
#  z-lower      z-upper        proton    r.err 
   9.8380E+01   9.8430E+01   8.7990E-03  0.0718
   9.8430E+01   9.8480E+01   9.3226E-03  0.0729
   9.8480E+01   9.8530E+01   9.2684E-03  0.0771
   9.8530E+01   9.8580E+01   9.4739E-03  0.0857

#   sum over    2.0000E-03   9.2160E-03  0.0672

'no. =389,  ix = 12,  iy = 26'
msuc: {\huge Histograma}
msdr: {\it plotted by \ANGEL \version}
msdl: {\it calculated by \PHITS  3.35}
wt: s(0.7)
\vspace{-3}
  xmin  &=&   3.0000E-01 [cm]
  xmax  &=&   4.0000E-01 [cm]
  ymin  &=&   8.5000E-01 [cm]
  ymax  &=&   9.5000E-01 [cm]
e:

#------------------------------------------------------------------------------
 newpage:
#   no. =390   ix  = 12   iy  = 27
#   x = (   3.0000E-01  -   4.0000E-01  )
#   y = (   9.5000E-01  -   1.0500E+00  )

x: z[cm]
y: Dose [Gy/source]      
p: xlin ylog afac(0.8) form(0.9)
h: n            x            y(proton  ),hh0l n 
#  z-lower      z-upper        proton    r.err 
   9.8380E+01   9.8430E+01   7.6170E-03  0.0768
   9.8430E+01   9.8480E+01   7.8690E-03  0.0794
   9.8480E+01   9.8530E+01   7.4467E-03  0.0854
   9.8530E+01   9.8580E+01   7.9262E-03  0.0945

#   sum over    2.0000E-03   7.7147E-03  0.0733

'no. =390,  ix = 12,  iy = 27'
msuc: {\huge Histograma}
msdr: {\it plotted by \ANGEL \version}
msdl: {\it calculated by \PHITS  3.35}
wt: s(0.7)
\vspace{-3}
  xmin  &=&   3.0000E-01 [cm]
  xmax  &=&   4.0000E-01 [cm]
  ymin  &=&   9.5000E-01 [cm]
  ymax  &=&   1.0500E+00 [cm]
e:

#------------------------------------------------------------------------------
 newpage:
#   no. =391   ix  = 12   iy  = 28
#   x = (   3.0000E-01  -   4.0000E-01  )
#   y = (   1.0500E+00  -   1.1500E+00  )

x: z[cm]
y: Dose [Gy/source]      
p: xlin ylog afac(0.8) form(0.9)
h: n            x            y(proton  ),hh0l n 
#  z-lower      z-upper        proton    r.err 
   9.8380E+01   9.8430E+01   7.3061E-03  0.0763
   9.8430E+01   9.8480E+01   8.2765E-03  0.0775
   9.8480E+01   9.8530E+01   8.4773E-03  0.0828
   9.8530E+01   9.8580E+01   7.7741E-03  0.0939

#   sum over    2.0000E-03   7.9585E-03  0.0725

'no. =391,  ix = 12,  iy = 28'
msuc: {\huge Histograma}
msdr: {\it plotted by \ANGEL \version}
msdl: {\it calculated by \PHITS  3.35}
wt: s(0.7)
\vspace{-3}
  xmin  &=&   3.0000E-01 [cm]
  xmax  &=&   4.0000E-01 [cm]
  ymin  &=&   1.0500E+00 [cm]
  ymax  &=&   1.1500E+00 [cm]
e:

#------------------------------------------------------------------------------
 newpage:
#   no. =392   ix  = 12   iy  = 29
#   x = (   3.0000E-01  -   4.0000E-01  )
#   y = (   1.1500E+00  -   1.2500E+00  )

x: z[cm]
y: Dose [Gy/source]      
p: xlin ylog afac(0.8) form(0.9)
h: n            x            y(proton  ),hh0l n 
#  z-lower      z-upper        proton    r.err 
   9.8380E+01   9.8430E+01   7.8087E-03  0.0789
   9.8430E+01   9.8480E+01   7.4451E-03  0.0803
   9.8480E+01   9.8530E+01   7.7319E-03  0.0856
   9.8530E+01   9.8580E+01   7.5034E-03  0.0966

#   sum over    2.0000E-03   7.6223E-03  0.0738

'no. =392,  ix = 12,  iy = 29'
msuc: {\huge Histograma}
msdr: {\it plotted by \ANGEL \version}
msdl: {\it calculated by \PHITS  3.35}
wt: s(0.7)
\vspace{-3}
  xmin  &=&   3.0000E-01 [cm]
  xmax  &=&   4.0000E-01 [cm]
  ymin  &=&   1.1500E+00 [cm]
  ymax  &=&   1.2500E+00 [cm]
e:

#------------------------------------------------------------------------------
 newpage:
#   no. =393   ix  = 12   iy  = 30
#   x = (   3.0000E-01  -   4.0000E-01  )
#   y = (   1.2500E+00  -   1.3500E+00  )

x: z[cm]
y: Dose [Gy/source]      
p: xlin ylog afac(0.8) form(0.9)
h: n            x            y(proton  ),hh0l n 
#  z-lower      z-upper        proton    r.err 
   9.8380E+01   9.8430E+01   7.0321E-03  0.0816
   9.8430E+01   9.8480E+01   7.2696E-03  0.0849
   9.8480E+01   9.8530E+01   6.6916E-03  0.0929
   9.8530E+01   9.8580E+01   6.6158E-03  0.1021

#   sum over    2.0000E-03   6.9023E-03  0.0770

'no. =393,  ix = 12,  iy = 30'
msuc: {\huge Histograma}
msdr: {\it plotted by \ANGEL \version}
msdl: {\it calculated by \PHITS  3.35}
wt: s(0.7)
\vspace{-3}
  xmin  &=&   3.0000E-01 [cm]
  xmax  &=&   4.0000E-01 [cm]
  ymin  &=&   1.2500E+00 [cm]
  ymax  &=&   1.3500E+00 [cm]
e:

#------------------------------------------------------------------------------
 newpage:
#   no. =394   ix  = 12   iy  = 31
#   x = (   3.0000E-01  -   4.0000E-01  )
#   y = (   1.3500E+00  -   1.4500E+00  )

x: z[cm]
y: Dose [Gy/source]      
p: xlin ylog afac(0.8) form(0.9)
h: n            x            y(proton  ),hh0l n 
#  z-lower      z-upper        proton    r.err 
   9.8380E+01   9.8430E+01   8.4096E-03  0.0716
   9.8430E+01   9.8480E+01   9.3720E-03  0.0730
   9.8480E+01   9.8530E+01   9.2909E-03  0.0772
   9.8530E+01   9.8580E+01   9.3605E-03  0.0851

#   sum over    2.0000E-03   9.1082E-03  0.0674

'no. =394,  ix = 12,  iy = 31'
msuc: {\huge Histograma}
msdr: {\it plotted by \ANGEL \version}
msdl: {\it calculated by \PHITS  3.35}
wt: s(0.7)
\vspace{-3}
  xmin  &=&   3.0000E-01 [cm]
  xmax  &=&   4.0000E-01 [cm]
  ymin  &=&   1.3500E+00 [cm]
  ymax  &=&   1.4500E+00 [cm]
e:

#------------------------------------------------------------------------------
 newpage:
#   no. =395   ix  = 12   iy  = 32
#   x = (   3.0000E-01  -   4.0000E-01  )
#   y = (   1.4500E+00  -   1.5500E+00  )

x: z[cm]
y: Dose [Gy/source]      
p: xlin ylog afac(0.8) form(0.9)
h: n            x            y(proton  ),hh0l n 
#  z-lower      z-upper        proton    r.err 
   9.8380E+01   9.8430E+01   7.7255E-03  0.0762
   9.8430E+01   9.8480E+01   8.2142E-03  0.0771
   9.8480E+01   9.8530E+01   8.2242E-03  0.0823
   9.8530E+01   9.8580E+01   8.0850E-03  0.0920

#   sum over    2.0000E-03   8.0622E-03  0.0717

'no. =395,  ix = 12,  iy = 32'
msuc: {\huge Histograma}
msdr: {\it plotted by \ANGEL \version}
msdl: {\it calculated by \PHITS  3.35}
wt: s(0.7)
\vspace{-3}
  xmin  &=&   3.0000E-01 [cm]
  xmax  &=&   4.0000E-01 [cm]
  ymin  &=&   1.4500E+00 [cm]
  ymax  &=&   1.5500E+00 [cm]
e:

#------------------------------------------------------------------------------
 newpage:
#   no. =396   ix  = 12   iy  = 33
#   x = (   3.0000E-01  -   4.0000E-01  )
#   y = (   1.5500E+00  -   1.6500E+00  )

x: z[cm]
y: Dose [Gy/source]      
p: xlin ylog afac(0.8) form(0.9)
h: n            x            y(proton  ),hh0l n 
#  z-lower      z-upper        proton    r.err 
   9.8380E+01   9.8430E+01   8.1112E-03  0.0737
   9.8430E+01   9.8480E+01   8.4886E-03  0.0745
   9.8480E+01   9.8530E+01   9.0185E-03  0.0805
   9.8530E+01   9.8580E+01   8.8685E-03  0.0889

#   sum over    2.0000E-03   8.6217E-03  0.0703

'no. =396,  ix = 12,  iy = 33'
msuc: {\huge Histograma}
msdr: {\it plotted by \ANGEL \version}
msdl: {\it calculated by \PHITS  3.35}
wt: s(0.7)
\vspace{-3}
  xmin  &=&   3.0000E-01 [cm]
  xmax  &=&   4.0000E-01 [cm]
  ymin  &=&   1.5500E+00 [cm]
  ymax  &=&   1.6500E+00 [cm]
e:

#------------------------------------------------------------------------------
 newpage:
#   no. =397   ix  = 13   iy  =  1
#   x = (   4.0000E-01  -   5.0000E-01  )
#   y = (  -1.6500E+00  -  -1.5500E+00  )

x: z[cm]
y: Dose [Gy/source]      
p: xlin ylog afac(0.8) form(0.9)
h: n            x            y(proton  ),hh0l n 
#  z-lower      z-upper        proton    r.err 
   9.8380E+01   9.8430E+01   0.0000E+00  0.0000
   9.8430E+01   9.8480E+01   0.0000E+00  0.0000
   9.8480E+01   9.8530E+01   0.0000E+00  0.0000
   9.8530E+01   9.8580E+01   0.0000E+00  0.0000

#   sum over    2.0000E-03   0.0000E+00  0.0000

'no. =397,  ix = 13,  iy =  1'
msuc: {\huge Histograma}
msdr: {\it plotted by \ANGEL \version}
msdl: {\it calculated by \PHITS  3.35}
wt: s(0.7)
\vspace{-3}
  xmin  &=&   4.0000E-01 [cm]
  xmax  &=&   5.0000E-01 [cm]
  ymin  &=&  -1.6500E+00 [cm]
  ymax  &=&  -1.5500E+00 [cm]
e:

#------------------------------------------------------------------------------
 newpage:
#   no. =398   ix  = 13   iy  =  2
#   x = (   4.0000E-01  -   5.0000E-01  )
#   y = (  -1.5500E+00  -  -1.4500E+00  )

x: z[cm]
y: Dose [Gy/source]      
p: xlin ylog afac(0.8) form(0.9)
h: n            x            y(proton  ),hh0l n 
#  z-lower      z-upper        proton    r.err 
   9.8380E+01   9.8430E+01   0.0000E+00  0.0000
   9.8430E+01   9.8480E+01   0.0000E+00  0.0000
   9.8480E+01   9.8530E+01   0.0000E+00  0.0000
   9.8530E+01   9.8580E+01   0.0000E+00  0.0000

#   sum over    2.0000E-03   0.0000E+00  0.0000

'no. =398,  ix = 13,  iy =  2'
msuc: {\huge Histograma}
msdr: {\it plotted by \ANGEL \version}
msdl: {\it calculated by \PHITS  3.35}
wt: s(0.7)
\vspace{-3}
  xmin  &=&   4.0000E-01 [cm]
  xmax  &=&   5.0000E-01 [cm]
  ymin  &=&  -1.5500E+00 [cm]
  ymax  &=&  -1.4500E+00 [cm]
e:

#------------------------------------------------------------------------------
 newpage:
#   no. =399   ix  = 13   iy  =  3
#   x = (   4.0000E-01  -   5.0000E-01  )
#   y = (  -1.4500E+00  -  -1.3500E+00  )

x: z[cm]
y: Dose [Gy/source]      
p: xlin ylog afac(0.8) form(0.9)
h: n            x            y(proton  ),hh0l n 
#  z-lower      z-upper        proton    r.err 
   9.8380E+01   9.8430E+01   0.0000E+00  0.0000
   9.8430E+01   9.8480E+01   0.0000E+00  0.0000
   9.8480E+01   9.8530E+01   0.0000E+00  0.0000
   9.8530E+01   9.8580E+01   0.0000E+00  0.0000

#   sum over    2.0000E-03   0.0000E+00  0.0000

'no. =399,  ix = 13,  iy =  3'
msuc: {\huge Histograma}
msdr: {\it plotted by \ANGEL \version}
msdl: {\it calculated by \PHITS  3.35}
wt: s(0.7)
\vspace{-3}
  xmin  &=&   4.0000E-01 [cm]
  xmax  &=&   5.0000E-01 [cm]
  ymin  &=&  -1.4500E+00 [cm]
  ymax  &=&  -1.3500E+00 [cm]
e:

#------------------------------------------------------------------------------
 newpage:
#   no. =400   ix  = 13   iy  =  4
#   x = (   4.0000E-01  -   5.0000E-01  )
#   y = (  -1.3500E+00  -  -1.2500E+00  )

x: z[cm]
y: Dose [Gy/source]      
p: xlin ylog afac(0.8) form(0.9)
h: n            x            y(proton  ),hh0l n 
#  z-lower      z-upper        proton    r.err 
   9.8380E+01   9.8430E+01   4.9873E-03  0.0929
   9.8430E+01   9.8480E+01   5.8537E-03  0.0956
   9.8480E+01   9.8530E+01   6.1868E-03  0.1038
   9.8530E+01   9.8580E+01   5.1059E-03  0.1142

#   sum over    2.0000E-03   5.5334E-03  0.0884

'no. =400,  ix = 13,  iy =  4'
msuc: {\huge Histograma}
msdr: {\it plotted by \ANGEL \version}
msdl: {\it calculated by \PHITS  3.35}
wt: s(0.7)
\vspace{-3}
  xmin  &=&   4.0000E-01 [cm]
  xmax  &=&   5.0000E-01 [cm]
  ymin  &=&  -1.3500E+00 [cm]
  ymax  &=&  -1.2500E+00 [cm]
e:

#------------------------------------------------------------------------------
 newpage:
#   no. =401   ix  = 13   iy  =  5
#   x = (   4.0000E-01  -   5.0000E-01  )
#   y = (  -1.2500E+00  -  -1.1500E+00  )

x: z[cm]
y: Dose [Gy/source]      
p: xlin ylog afac(0.8) form(0.9)
h: n            x            y(proton  ),hh0l n 
#  z-lower      z-upper        proton    r.err 
   9.8380E+01   9.8430E+01   8.6767E-03  0.0727
   9.8430E+01   9.8480E+01   8.8005E-03  0.0755
   9.8480E+01   9.8530E+01   8.6673E-03  0.0799
   9.8530E+01   9.8580E+01   8.9257E-03  0.0888

#   sum over    2.0000E-03   8.7676E-03  0.0692

'no. =401,  ix = 13,  iy =  5'
msuc: {\huge Histograma}
msdr: {\it plotted by \ANGEL \version}
msdl: {\it calculated by \PHITS  3.35}
wt: s(0.7)
\vspace{-3}
  xmin  &=&   4.0000E-01 [cm]
  xmax  &=&   5.0000E-01 [cm]
  ymin  &=&  -1.2500E+00 [cm]
  ymax  &=&  -1.1500E+00 [cm]
e:

#------------------------------------------------------------------------------
 newpage:
#   no. =402   ix  = 13   iy  =  6
#   x = (   4.0000E-01  -   5.0000E-01  )
#   y = (  -1.1500E+00  -  -1.0500E+00  )

x: z[cm]
y: Dose [Gy/source]      
p: xlin ylog afac(0.8) form(0.9)
h: n            x            y(proton  ),hh0l n 
#  z-lower      z-upper        proton    r.err 
   9.8380E+01   9.8430E+01   7.6297E-03  0.0766
   9.8430E+01   9.8480E+01   8.4094E-03  0.0775
   9.8480E+01   9.8530E+01   7.8603E-03  0.0833
   9.8530E+01   9.8580E+01   7.9932E-03  0.0943

#   sum over    2.0000E-03   7.9732E-03  0.0724

'no. =402,  ix = 13,  iy =  6'
msuc: {\huge Histograma}
msdr: {\it plotted by \ANGEL \version}
msdl: {\it calculated by \PHITS  3.35}
wt: s(0.7)
\vspace{-3}
  xmin  &=&   4.0000E-01 [cm]
  xmax  &=&   5.0000E-01 [cm]
  ymin  &=&  -1.1500E+00 [cm]
  ymax  &=&  -1.0500E+00 [cm]
e:

#------------------------------------------------------------------------------
 newpage:
#   no. =403   ix  = 13   iy  =  7
#   x = (   4.0000E-01  -   5.0000E-01  )
#   y = (  -1.0500E+00  -  -9.5000E-01  )

x: z[cm]
y: Dose [Gy/source]      
p: xlin ylog afac(0.8) form(0.9)
h: n            x            y(proton  ),hh0l n 
#  z-lower      z-upper        proton    r.err 
   9.8380E+01   9.8430E+01   7.7521E-03  0.0765
   9.8430E+01   9.8480E+01   7.8909E-03  0.0776
   9.8480E+01   9.8530E+01   7.9350E-03  0.0821
   9.8530E+01   9.8580E+01   8.3438E-03  0.0908

#   sum over    2.0000E-03   7.9804E-03  0.0720

'no. =403,  ix = 13,  iy =  7'
msuc: {\huge Histograma}
msdr: {\it plotted by \ANGEL \version}
msdl: {\it calculated by \PHITS  3.35}
wt: s(0.7)
\vspace{-3}
  xmin  &=&   4.0000E-01 [cm]
  xmax  &=&   5.0000E-01 [cm]
  ymin  &=&  -1.0500E+00 [cm]
  ymax  &=&  -9.5000E-01 [cm]
e:

#------------------------------------------------------------------------------
 newpage:
#   no. =404   ix  = 13   iy  =  8
#   x = (   4.0000E-01  -   5.0000E-01  )
#   y = (  -9.5000E-01  -  -8.5000E-01  )

x: z[cm]
y: Dose [Gy/source]      
p: xlin ylog afac(0.8) form(0.9)
h: n            x            y(proton  ),hh0l n 
#  z-lower      z-upper        proton    r.err 
   9.8380E+01   9.8430E+01   8.2696E-03  0.0755
   9.8430E+01   9.8480E+01   8.0131E-03  0.0773
   9.8480E+01   9.8530E+01   8.2227E-03  0.0826
   9.8530E+01   9.8580E+01   8.2303E-03  0.0911

#   sum over    2.0000E-03   8.1839E-03  0.0702

'no. =404,  ix = 13,  iy =  8'
msuc: {\huge Histograma}
msdr: {\it plotted by \ANGEL \version}
msdl: {\it calculated by \PHITS  3.35}
wt: s(0.7)
\vspace{-3}
  xmin  &=&   4.0000E-01 [cm]
  xmax  &=&   5.0000E-01 [cm]
  ymin  &=&  -9.5000E-01 [cm]
  ymax  &=&  -8.5000E-01 [cm]
e:

#------------------------------------------------------------------------------
 newpage:
#   no. =405   ix  = 13   iy  =  9
#   x = (   4.0000E-01  -   5.0000E-01  )
#   y = (  -8.5000E-01  -  -7.5000E-01  )

x: z[cm]
y: Dose [Gy/source]      
p: xlin ylog afac(0.8) form(0.9)
h: n            x            y(proton  ),hh0l n 
#  z-lower      z-upper        proton    r.err 
   9.8380E+01   9.8430E+01   8.5912E-03  0.0740
   9.8430E+01   9.8480E+01   8.7714E-03  0.0759
   9.8480E+01   9.8530E+01   7.9727E-03  0.0842
   9.8530E+01   9.8580E+01   7.0915E-03  0.0982

#   sum over    2.0000E-03   8.1067E-03  0.0698

'no. =405,  ix = 13,  iy =  9'
msuc: {\huge Histograma}
msdr: {\it plotted by \ANGEL \version}
msdl: {\it calculated by \PHITS  3.35}
wt: s(0.7)
\vspace{-3}
  xmin  &=&   4.0000E-01 [cm]
  xmax  &=&   5.0000E-01 [cm]
  ymin  &=&  -8.5000E-01 [cm]
  ymax  &=&  -7.5000E-01 [cm]
e:

#------------------------------------------------------------------------------
 newpage:
#   no. =406   ix  = 13   iy  = 10
#   x = (   4.0000E-01  -   5.0000E-01  )
#   y = (  -7.5000E-01  -  -6.5000E-01  )

x: z[cm]
y: Dose [Gy/source]      
p: xlin ylog afac(0.8) form(0.9)
h: n            x            y(proton  ),hh0l n 
#  z-lower      z-upper        proton    r.err 
   9.8380E+01   9.8430E+01   8.8590E-03  0.0712
   9.8430E+01   9.8480E+01   9.3068E-03  0.0740
   9.8480E+01   9.8530E+01   8.9668E-03  0.0783
   9.8530E+01   9.8580E+01   8.4550E-03  0.0891

#   sum over    2.0000E-03   8.8969E-03  0.0680

'no. =406,  ix = 13,  iy = 10'
msuc: {\huge Histograma}
msdr: {\it plotted by \ANGEL \version}
msdl: {\it calculated by \PHITS  3.35}
wt: s(0.7)
\vspace{-3}
  xmin  &=&   4.0000E-01 [cm]
  xmax  &=&   5.0000E-01 [cm]
  ymin  &=&  -7.5000E-01 [cm]
  ymax  &=&  -6.5000E-01 [cm]
e:

#------------------------------------------------------------------------------
 newpage:
#   no. =407   ix  = 13   iy  = 11
#   x = (   4.0000E-01  -   5.0000E-01  )
#   y = (  -6.5000E-01  -  -5.5000E-01  )

x: z[cm]
y: Dose [Gy/source]      
p: xlin ylog afac(0.8) form(0.9)
h: n            x            y(proton  ),hh0l n 
#  z-lower      z-upper        proton    r.err 
   9.8380E+01   9.8430E+01   8.0256E-03  0.0757
   9.8430E+01   9.8480E+01   8.4100E-03  0.0770
   9.8480E+01   9.8530E+01   7.8563E-03  0.0833
   9.8530E+01   9.8580E+01   7.8798E-03  0.0932

#   sum over    2.0000E-03   8.0429E-03  0.0716

'no. =407,  ix = 13,  iy = 11'
msuc: {\huge Histograma}
msdr: {\it plotted by \ANGEL \version}
msdl: {\it calculated by \PHITS  3.35}
wt: s(0.7)
\vspace{-3}
  xmin  &=&   4.0000E-01 [cm]
  xmax  &=&   5.0000E-01 [cm]
  ymin  &=&  -6.5000E-01 [cm]
  ymax  &=&  -5.5000E-01 [cm]
e:

#------------------------------------------------------------------------------
 newpage:
#   no. =408   ix  = 13   iy  = 12
#   x = (   4.0000E-01  -   5.0000E-01  )
#   y = (  -5.5000E-01  -  -4.5000E-01  )

x: z[cm]
y: Dose [Gy/source]      
p: xlin ylog afac(0.8) form(0.9)
h: n            x            y(proton  ),hh0l n 
#  z-lower      z-upper        proton    r.err 
   9.8380E+01   9.8430E+01   7.1771E-03  0.0765
   9.8430E+01   9.8480E+01   8.1928E-03  0.0792
   9.8480E+01   9.8530E+01   8.0737E-03  0.0830
   9.8530E+01   9.8580E+01   7.6282E-03  0.0939

#   sum over    2.0000E-03   7.7679E-03  0.0733

'no. =408,  ix = 13,  iy = 12'
msuc: {\huge Histograma}
msdr: {\it plotted by \ANGEL \version}
msdl: {\it calculated by \PHITS  3.35}
wt: s(0.7)
\vspace{-3}
  xmin  &=&   4.0000E-01 [cm]
  xmax  &=&   5.0000E-01 [cm]
  ymin  &=&  -5.5000E-01 [cm]
  ymax  &=&  -4.5000E-01 [cm]
e:

#------------------------------------------------------------------------------
 newpage:
#   no. =409   ix  = 13   iy  = 13
#   x = (   4.0000E-01  -   5.0000E-01  )
#   y = (  -4.5000E-01  -  -3.5000E-01  )

x: z[cm]
y: Dose [Gy/source]      
p: xlin ylog afac(0.8) form(0.9)
h: n            x            y(proton  ),hh0l n 
#  z-lower      z-upper        proton    r.err 
   9.8380E+01   9.8430E+01   7.9641E-03  0.0773
   9.8430E+01   9.8480E+01   8.1341E-03  0.0792
   9.8480E+01   9.8530E+01   7.4676E-03  0.0858
   9.8530E+01   9.8580E+01   7.2105E-03  0.0978

#   sum over    2.0000E-03   7.6941E-03  0.0726

'no. =409,  ix = 13,  iy = 13'
msuc: {\huge Histograma}
msdr: {\it plotted by \ANGEL \version}
msdl: {\it calculated by \PHITS  3.35}
wt: s(0.7)
\vspace{-3}
  xmin  &=&   4.0000E-01 [cm]
  xmax  &=&   5.0000E-01 [cm]
  ymin  &=&  -4.5000E-01 [cm]
  ymax  &=&  -3.5000E-01 [cm]
e:

#------------------------------------------------------------------------------
 newpage:
#   no. =410   ix  = 13   iy  = 14
#   x = (   4.0000E-01  -   5.0000E-01  )
#   y = (  -3.5000E-01  -  -2.5000E-01  )

x: z[cm]
y: Dose [Gy/source]      
p: xlin ylog afac(0.8) form(0.9)
h: n            x            y(proton  ),hh0l n 
#  z-lower      z-upper        proton    r.err 
   9.8380E+01   9.8430E+01   8.6155E-03  0.0727
   9.8430E+01   9.8480E+01   8.7914E-03  0.0763
   9.8480E+01   9.8530E+01   8.3439E-03  0.0824
   9.8530E+01   9.8580E+01   7.9671E-03  0.0938

#   sum over    2.0000E-03   8.4295E-03  0.0705

'no. =410,  ix = 13,  iy = 14'
msuc: {\huge Histograma}
msdr: {\it plotted by \ANGEL \version}
msdl: {\it calculated by \PHITS  3.35}
wt: s(0.7)
\vspace{-3}
  xmin  &=&   4.0000E-01 [cm]
  xmax  &=&   5.0000E-01 [cm]
  ymin  &=&  -3.5000E-01 [cm]
  ymax  &=&  -2.5000E-01 [cm]
e:

#------------------------------------------------------------------------------
 newpage:
#   no. =411   ix  = 13   iy  = 15
#   x = (   4.0000E-01  -   5.0000E-01  )
#   y = (  -2.5000E-01  -  -1.5000E-01  )

x: z[cm]
y: Dose [Gy/source]      
p: xlin ylog afac(0.8) form(0.9)
h: n            x            y(proton  ),hh0l n 
#  z-lower      z-upper        proton    r.err 
   9.8380E+01   9.8430E+01   8.4004E-03  0.0749
   9.8430E+01   9.8480E+01   8.7957E-03  0.0758
   9.8480E+01   9.8530E+01   8.3516E-03  0.0829
   9.8530E+01   9.8580E+01   8.0040E-03  0.0931

#   sum over    2.0000E-03   8.3879E-03  0.0701

'no. =411,  ix = 13,  iy = 15'
msuc: {\huge Histograma}
msdr: {\it plotted by \ANGEL \version}
msdl: {\it calculated by \PHITS  3.35}
wt: s(0.7)
\vspace{-3}
  xmin  &=&   4.0000E-01 [cm]
  xmax  &=&   5.0000E-01 [cm]
  ymin  &=&  -2.5000E-01 [cm]
  ymax  &=&  -1.5000E-01 [cm]
e:

#------------------------------------------------------------------------------
 newpage:
#   no. =412   ix  = 13   iy  = 16
#   x = (   4.0000E-01  -   5.0000E-01  )
#   y = (  -1.5000E-01  -  -5.0000E-02  )

x: z[cm]
y: Dose [Gy/source]      
p: xlin ylog afac(0.8) form(0.9)
h: n            x            y(proton  ),hh0l n 
#  z-lower      z-upper        proton    r.err 
   9.8380E+01   9.8430E+01   6.5989E-03  0.0826
   9.8430E+01   9.8480E+01   7.0793E-03  0.0848
   9.8480E+01   9.8530E+01   6.6469E-03  0.0904
   9.8530E+01   9.8580E+01   6.8217E-03  0.1005

#   sum over    2.0000E-03   6.7867E-03  0.0776

'no. =412,  ix = 13,  iy = 16'
msuc: {\huge Histograma}
msdr: {\it plotted by \ANGEL \version}
msdl: {\it calculated by \PHITS  3.35}
wt: s(0.7)
\vspace{-3}
  xmin  &=&   4.0000E-01 [cm]
  xmax  &=&   5.0000E-01 [cm]
  ymin  &=&  -1.5000E-01 [cm]
  ymax  &=&  -5.0000E-02 [cm]
e:

#------------------------------------------------------------------------------
 newpage:
#   no. =413   ix  = 13   iy  = 17
#   x = (   4.0000E-01  -   5.0000E-01  )
#   y = (  -5.0000E-02  -   5.0000E-02  )

x: z[cm]
y: Dose [Gy/source]      
p: xlin ylog afac(0.8) form(0.9)
h: n            x            y(proton  ),hh0l n 
#  z-lower      z-upper        proton    r.err 
   9.8380E+01   9.8430E+01   8.7559E-03  0.0736
   9.8430E+01   9.8480E+01   9.2346E-03  0.0763
   9.8480E+01   9.8530E+01   7.6112E-03  0.0851
   9.8530E+01   9.8580E+01   7.0195E-03  0.0997

#   sum over    2.0000E-03   8.1553E-03  0.0705

'no. =413,  ix = 13,  iy = 17'
msuc: {\huge Histograma}
msdr: {\it plotted by \ANGEL \version}
msdl: {\it calculated by \PHITS  3.35}
wt: s(0.7)
\vspace{-3}
  xmin  &=&   4.0000E-01 [cm]
  xmax  &=&   5.0000E-01 [cm]
  ymin  &=&  -5.0000E-02 [cm]
  ymax  &=&   5.0000E-02 [cm]
e:

#------------------------------------------------------------------------------
 newpage:
#   no. =414   ix  = 13   iy  = 18
#   x = (   4.0000E-01  -   5.0000E-01  )
#   y = (   5.0000E-02  -   1.5000E-01  )

x: z[cm]
y: Dose [Gy/source]      
p: xlin ylog afac(0.8) form(0.9)
h: n            x            y(proton  ),hh0l n 
#  z-lower      z-upper        proton    r.err 
   9.8380E+01   9.8430E+01   7.8510E-03  0.0774
   9.8430E+01   9.8480E+01   8.1697E-03  0.0795
   9.8480E+01   9.8530E+01   7.4982E-03  0.0844
   9.8530E+01   9.8580E+01   7.0987E-03  0.0969

#   sum over    2.0000E-03   7.6544E-03  0.0724

'no. =414,  ix = 13,  iy = 18'
msuc: {\huge Histograma}
msdr: {\it plotted by \ANGEL \version}
msdl: {\it calculated by \PHITS  3.35}
wt: s(0.7)
\vspace{-3}
  xmin  &=&   4.0000E-01 [cm]
  xmax  &=&   5.0000E-01 [cm]
  ymin  &=&   5.0000E-02 [cm]
  ymax  &=&   1.5000E-01 [cm]
e:

#------------------------------------------------------------------------------
 newpage:
#   no. =415   ix  = 13   iy  = 19
#   x = (   4.0000E-01  -   5.0000E-01  )
#   y = (   1.5000E-01  -   2.5000E-01  )

x: z[cm]
y: Dose [Gy/source]      
p: xlin ylog afac(0.8) form(0.9)
h: n            x            y(proton  ),hh0l n 
#  z-lower      z-upper        proton    r.err 
   9.8380E+01   9.8430E+01   9.0359E-03  0.0714
   9.8430E+01   9.8480E+01   9.7494E-03  0.0728
   9.8480E+01   9.8530E+01   8.9060E-03  0.0809
   9.8530E+01   9.8580E+01   7.6925E-03  0.0943

#   sum over    2.0000E-03   8.8460E-03  0.0682

'no. =415,  ix = 13,  iy = 19'
msuc: {\huge Histograma}
msdr: {\it plotted by \ANGEL \version}
msdl: {\it calculated by \PHITS  3.35}
wt: s(0.7)
\vspace{-3}
  xmin  &=&   4.0000E-01 [cm]
  xmax  &=&   5.0000E-01 [cm]
  ymin  &=&   1.5000E-01 [cm]
  ymax  &=&   2.5000E-01 [cm]
e:

#------------------------------------------------------------------------------
 newpage:
#   no. =416   ix  = 13   iy  = 20
#   x = (   4.0000E-01  -   5.0000E-01  )
#   y = (   2.5000E-01  -   3.5000E-01  )

x: z[cm]
y: Dose [Gy/source]      
p: xlin ylog afac(0.8) form(0.9)
h: n            x            y(proton  ),hh0l n 
#  z-lower      z-upper        proton    r.err 
   9.8380E+01   9.8430E+01   7.2441E-03  0.0781
   9.8430E+01   9.8480E+01   7.5621E-03  0.0822
   9.8480E+01   9.8530E+01   7.2870E-03  0.0870
   9.8530E+01   9.8580E+01   7.7457E-03  0.0934

#   sum over    2.0000E-03   7.4597E-03  0.0744

'no. =416,  ix = 13,  iy = 20'
msuc: {\huge Histograma}
msdr: {\it plotted by \ANGEL \version}
msdl: {\it calculated by \PHITS  3.35}
wt: s(0.7)
\vspace{-3}
  xmin  &=&   4.0000E-01 [cm]
  xmax  &=&   5.0000E-01 [cm]
  ymin  &=&   2.5000E-01 [cm]
  ymax  &=&   3.5000E-01 [cm]
e:

#------------------------------------------------------------------------------
 newpage:
#   no. =417   ix  = 13   iy  = 21
#   x = (   4.0000E-01  -   5.0000E-01  )
#   y = (   3.5000E-01  -   4.5000E-01  )

x: z[cm]
y: Dose [Gy/source]      
p: xlin ylog afac(0.8) form(0.9)
h: n            x            y(proton  ),hh0l n 
#  z-lower      z-upper        proton    r.err 
   9.8380E+01   9.8430E+01   8.2652E-03  0.0741
   9.8430E+01   9.8480E+01   9.0126E-03  0.0753
   9.8480E+01   9.8530E+01   7.9656E-03  0.0810
   9.8530E+01   9.8580E+01   8.9559E-03  0.0880

#   sum over    2.0000E-03   8.5498E-03  0.0692

'no. =417,  ix = 13,  iy = 21'
msuc: {\huge Histograma}
msdr: {\it plotted by \ANGEL \version}
msdl: {\it calculated by \PHITS  3.35}
wt: s(0.7)
\vspace{-3}
  xmin  &=&   4.0000E-01 [cm]
  xmax  &=&   5.0000E-01 [cm]
  ymin  &=&   3.5000E-01 [cm]
  ymax  &=&   4.5000E-01 [cm]
e:

#------------------------------------------------------------------------------
 newpage:
#   no. =418   ix  = 13   iy  = 22
#   x = (   4.0000E-01  -   5.0000E-01  )
#   y = (   4.5000E-01  -   5.5000E-01  )

x: z[cm]
y: Dose [Gy/source]      
p: xlin ylog afac(0.8) form(0.9)
h: n            x            y(proton  ),hh0l n 
#  z-lower      z-upper        proton    r.err 
   9.8380E+01   9.8430E+01   9.1810E-03  0.0717
   9.8430E+01   9.8480E+01   9.2967E-03  0.0743
   9.8480E+01   9.8530E+01   8.5395E-03  0.0785
   9.8530E+01   9.8580E+01   9.0456E-03  0.0883

#   sum over    2.0000E-03   9.0157E-03  0.0678

'no. =418,  ix = 13,  iy = 22'
msuc: {\huge Histograma}
msdr: {\it plotted by \ANGEL \version}
msdl: {\it calculated by \PHITS  3.35}
wt: s(0.7)
\vspace{-3}
  xmin  &=&   4.0000E-01 [cm]
  xmax  &=&   5.0000E-01 [cm]
  ymin  &=&   4.5000E-01 [cm]
  ymax  &=&   5.5000E-01 [cm]
e:

#------------------------------------------------------------------------------
 newpage:
#   no. =419   ix  = 13   iy  = 23
#   x = (   4.0000E-01  -   5.0000E-01  )
#   y = (   5.5000E-01  -   6.5000E-01  )

x: z[cm]
y: Dose [Gy/source]      
p: xlin ylog afac(0.8) form(0.9)
h: n            x            y(proton  ),hh0l n 
#  z-lower      z-upper        proton    r.err 
   9.8380E+01   9.8430E+01   7.4254E-03  0.0809
   9.8430E+01   9.8480E+01   6.9819E-03  0.0842
   9.8480E+01   9.8530E+01   6.8319E-03  0.0901
   9.8530E+01   9.8580E+01   7.2673E-03  0.1001

#   sum over    2.0000E-03   7.1266E-03  0.0761

'no. =419,  ix = 13,  iy = 23'
msuc: {\huge Histograma}
msdr: {\it plotted by \ANGEL \version}
msdl: {\it calculated by \PHITS  3.35}
wt: s(0.7)
\vspace{-3}
  xmin  &=&   4.0000E-01 [cm]
  xmax  &=&   5.0000E-01 [cm]
  ymin  &=&   5.5000E-01 [cm]
  ymax  &=&   6.5000E-01 [cm]
e:

#------------------------------------------------------------------------------
 newpage:
#   no. =420   ix  = 13   iy  = 24
#   x = (   4.0000E-01  -   5.0000E-01  )
#   y = (   6.5000E-01  -   7.5000E-01  )

x: z[cm]
y: Dose [Gy/source]      
p: xlin ylog afac(0.8) form(0.9)
h: n            x            y(proton  ),hh0l n 
#  z-lower      z-upper        proton    r.err 
   9.8380E+01   9.8430E+01   8.5122E-03  0.0718
   9.8430E+01   9.8480E+01   9.1009E-03  0.0732
   9.8480E+01   9.8530E+01   9.5592E-03  0.0770
   9.8530E+01   9.8580E+01   9.1908E-03  0.0860

#   sum over    2.0000E-03   9.0908E-03  0.0677

'no. =420,  ix = 13,  iy = 24'
msuc: {\huge Histograma}
msdr: {\it plotted by \ANGEL \version}
msdl: {\it calculated by \PHITS  3.35}
wt: s(0.7)
\vspace{-3}
  xmin  &=&   4.0000E-01 [cm]
  xmax  &=&   5.0000E-01 [cm]
  ymin  &=&   6.5000E-01 [cm]
  ymax  &=&   7.5000E-01 [cm]
e:

#------------------------------------------------------------------------------
 newpage:
#   no. =421   ix  = 13   iy  = 25
#   x = (   4.0000E-01  -   5.0000E-01  )
#   y = (   7.5000E-01  -   8.5000E-01  )

x: z[cm]
y: Dose [Gy/source]      
p: xlin ylog afac(0.8) form(0.9)
h: n            x            y(proton  ),hh0l n 
#  z-lower      z-upper        proton    r.err 
   9.8380E+01   9.8430E+01   8.3349E-03  0.0745
   9.8430E+01   9.8480E+01   8.2979E-03  0.0768
   9.8480E+01   9.8530E+01   7.6255E-03  0.0841
   9.8530E+01   9.8580E+01   8.0450E-03  0.0929

#   sum over    2.0000E-03   8.0758E-03  0.0712

'no. =421,  ix = 13,  iy = 25'
msuc: {\huge Histograma}
msdr: {\it plotted by \ANGEL \version}
msdl: {\it calculated by \PHITS  3.35}
wt: s(0.7)
\vspace{-3}
  xmin  &=&   4.0000E-01 [cm]
  xmax  &=&   5.0000E-01 [cm]
  ymin  &=&   7.5000E-01 [cm]
  ymax  &=&   8.5000E-01 [cm]
e:

#------------------------------------------------------------------------------
 newpage:
#   no. =422   ix  = 13   iy  = 26
#   x = (   4.0000E-01  -   5.0000E-01  )
#   y = (   8.5000E-01  -   9.5000E-01  )

x: z[cm]
y: Dose [Gy/source]      
p: xlin ylog afac(0.8) form(0.9)
h: n            x            y(proton  ),hh0l n 
#  z-lower      z-upper        proton    r.err 
   9.8380E+01   9.8430E+01   6.9332E-03  0.0808
   9.8430E+01   9.8480E+01   7.2627E-03  0.0833
   9.8480E+01   9.8530E+01   7.2620E-03  0.0871
   9.8530E+01   9.8580E+01   7.1986E-03  0.0975

#   sum over    2.0000E-03   7.1641E-03  0.0755

'no. =422,  ix = 13,  iy = 26'
msuc: {\huge Histograma}
msdr: {\it plotted by \ANGEL \version}
msdl: {\it calculated by \PHITS  3.35}
wt: s(0.7)
\vspace{-3}
  xmin  &=&   4.0000E-01 [cm]
  xmax  &=&   5.0000E-01 [cm]
  ymin  &=&   8.5000E-01 [cm]
  ymax  &=&   9.5000E-01 [cm]
e:

#------------------------------------------------------------------------------
 newpage:
#   no. =423   ix  = 13   iy  = 27
#   x = (   4.0000E-01  -   5.0000E-01  )
#   y = (   9.5000E-01  -   1.0500E+00  )

x: z[cm]
y: Dose [Gy/source]      
p: xlin ylog afac(0.8) form(0.9)
h: n            x            y(proton  ),hh0l n 
#  z-lower      z-upper        proton    r.err 
   9.8380E+01   9.8430E+01   8.3347E-03  0.0712
   9.8430E+01   9.8480E+01   9.2530E-03  0.0733
   9.8480E+01   9.8530E+01   9.3848E-03  0.0773
   9.8530E+01   9.8580E+01   8.8093E-03  0.0886

#   sum over    2.0000E-03   8.9455E-03  0.0681

'no. =423,  ix = 13,  iy = 27'
msuc: {\huge Histograma}
msdr: {\it plotted by \ANGEL \version}
msdl: {\it calculated by \PHITS  3.35}
wt: s(0.7)
\vspace{-3}
  xmin  &=&   4.0000E-01 [cm]
  xmax  &=&   5.0000E-01 [cm]
  ymin  &=&   9.5000E-01 [cm]
  ymax  &=&   1.0500E+00 [cm]
e:

#------------------------------------------------------------------------------
 newpage:
#   no. =424   ix  = 13   iy  = 28
#   x = (   4.0000E-01  -   5.0000E-01  )
#   y = (   1.0500E+00  -   1.1500E+00  )

x: z[cm]
y: Dose [Gy/source]      
p: xlin ylog afac(0.8) form(0.9)
h: n            x            y(proton  ),hh0l n 
#  z-lower      z-upper        proton    r.err 
   9.8380E+01   9.8430E+01   7.4881E-03  0.0799
   9.8430E+01   9.8480E+01   7.3015E-03  0.0815
   9.8480E+01   9.8530E+01   7.5174E-03  0.0858
   9.8530E+01   9.8580E+01   7.3927E-03  0.0953

#   sum over    2.0000E-03   7.4249E-03  0.0740

'no. =424,  ix = 13,  iy = 28'
msuc: {\huge Histograma}
msdr: {\it plotted by \ANGEL \version}
msdl: {\it calculated by \PHITS  3.35}
wt: s(0.7)
\vspace{-3}
  xmin  &=&   4.0000E-01 [cm]
  xmax  &=&   5.0000E-01 [cm]
  ymin  &=&   1.0500E+00 [cm]
  ymax  &=&   1.1500E+00 [cm]
e:

#------------------------------------------------------------------------------
 newpage:
#   no. =425   ix  = 13   iy  = 29
#   x = (   4.0000E-01  -   5.0000E-01  )
#   y = (   1.1500E+00  -   1.2500E+00  )

x: z[cm]
y: Dose [Gy/source]      
p: xlin ylog afac(0.8) form(0.9)
h: n            x            y(proton  ),hh0l n 
#  z-lower      z-upper        proton    r.err 
   9.8380E+01   9.8430E+01   8.1062E-03  0.0758
   9.8430E+01   9.8480E+01   8.5789E-03  0.0789
   9.8480E+01   9.8530E+01   7.6120E-03  0.0854
   9.8530E+01   9.8580E+01   6.9848E-03  0.0975

#   sum over    2.0000E-03   7.8205E-03  0.0719

'no. =425,  ix = 13,  iy = 29'
msuc: {\huge Histograma}
msdr: {\it plotted by \ANGEL \version}
msdl: {\it calculated by \PHITS  3.35}
wt: s(0.7)
\vspace{-3}
  xmin  &=&   4.0000E-01 [cm]
  xmax  &=&   5.0000E-01 [cm]
  ymin  &=&   1.1500E+00 [cm]
  ymax  &=&   1.2500E+00 [cm]
e:

#------------------------------------------------------------------------------
 newpage:
#   no. =426   ix  = 13   iy  = 30
#   x = (   4.0000E-01  -   5.0000E-01  )
#   y = (   1.2500E+00  -   1.3500E+00  )

x: z[cm]
y: Dose [Gy/source]      
p: xlin ylog afac(0.8) form(0.9)
h: n            x            y(proton  ),hh0l n 
#  z-lower      z-upper        proton    r.err 
   9.8380E+01   9.8430E+01   8.1225E-03  0.0746
   9.8430E+01   9.8480E+01   8.3694E-03  0.0754
   9.8480E+01   9.8530E+01   8.6320E-03  0.0786
   9.8530E+01   9.8580E+01   9.2575E-03  0.0866

#   sum over    2.0000E-03   8.5953E-03  0.0696

'no. =426,  ix = 13,  iy = 30'
msuc: {\huge Histograma}
msdr: {\it plotted by \ANGEL \version}
msdl: {\it calculated by \PHITS  3.35}
wt: s(0.7)
\vspace{-3}
  xmin  &=&   4.0000E-01 [cm]
  xmax  &=&   5.0000E-01 [cm]
  ymin  &=&   1.2500E+00 [cm]
  ymax  &=&   1.3500E+00 [cm]
e:

#------------------------------------------------------------------------------
 newpage:
#   no. =427   ix  = 13   iy  = 31
#   x = (   4.0000E-01  -   5.0000E-01  )
#   y = (   1.3500E+00  -   1.4500E+00  )

x: z[cm]
y: Dose [Gy/source]      
p: xlin ylog afac(0.8) form(0.9)
h: n            x            y(proton  ),hh0l n 
#  z-lower      z-upper        proton    r.err 
   9.8380E+01   9.8430E+01   7.3862E-03  0.0779
   9.8430E+01   9.8480E+01   7.8560E-03  0.0803
   9.8480E+01   9.8530E+01   7.8988E-03  0.0876
   9.8530E+01   9.8580E+01   7.0704E-03  0.0978

#   sum over    2.0000E-03   7.5529E-03  0.0741

'no. =427,  ix = 13,  iy = 31'
msuc: {\huge Histograma}
msdr: {\it plotted by \ANGEL \version}
msdl: {\it calculated by \PHITS  3.35}
wt: s(0.7)
\vspace{-3}
  xmin  &=&   4.0000E-01 [cm]
  xmax  &=&   5.0000E-01 [cm]
  ymin  &=&   1.3500E+00 [cm]
  ymax  &=&   1.4500E+00 [cm]
e:

#------------------------------------------------------------------------------
 newpage:
#   no. =428   ix  = 13   iy  = 32
#   x = (   4.0000E-01  -   5.0000E-01  )
#   y = (   1.4500E+00  -   1.5500E+00  )

x: z[cm]
y: Dose [Gy/source]      
p: xlin ylog afac(0.8) form(0.9)
h: n            x            y(proton  ),hh0l n 
#  z-lower      z-upper        proton    r.err 
   9.8380E+01   9.8430E+01   8.0266E-03  0.0755
   9.8430E+01   9.8480E+01   8.4224E-03  0.0780
   9.8480E+01   9.8530E+01   8.1076E-03  0.0828
   9.8530E+01   9.8580E+01   7.9211E-03  0.0923

#   sum over    2.0000E-03   8.1194E-03  0.0713

'no. =428,  ix = 13,  iy = 32'
msuc: {\huge Histograma}
msdr: {\it plotted by \ANGEL \version}
msdl: {\it calculated by \PHITS  3.35}
wt: s(0.7)
\vspace{-3}
  xmin  &=&   4.0000E-01 [cm]
  xmax  &=&   5.0000E-01 [cm]
  ymin  &=&   1.4500E+00 [cm]
  ymax  &=&   1.5500E+00 [cm]
e:

#------------------------------------------------------------------------------
 newpage:
#   no. =429   ix  = 13   iy  = 33
#   x = (   4.0000E-01  -   5.0000E-01  )
#   y = (   1.5500E+00  -   1.6500E+00  )

x: z[cm]
y: Dose [Gy/source]      
p: xlin ylog afac(0.8) form(0.9)
h: n            x            y(proton  ),hh0l n 
#  z-lower      z-upper        proton    r.err 
   9.8380E+01   9.8430E+01   8.2672E-03  0.0757
   9.8430E+01   9.8480E+01   8.5022E-03  0.0770
   9.8480E+01   9.8530E+01   8.4340E-03  0.0828
   9.8530E+01   9.8580E+01   7.0692E-03  0.0974

#   sum over    2.0000E-03   8.0682E-03  0.0714

'no. =429,  ix = 13,  iy = 33'
msuc: {\huge Histograma}
msdr: {\it plotted by \ANGEL \version}
msdl: {\it calculated by \PHITS  3.35}
wt: s(0.7)
\vspace{-3}
  xmin  &=&   4.0000E-01 [cm]
  xmax  &=&   5.0000E-01 [cm]
  ymin  &=&   1.5500E+00 [cm]
  ymax  &=&   1.6500E+00 [cm]
e:

#------------------------------------------------------------------------------
 newpage:
#   no. =430   ix  = 14   iy  =  1
#   x = (   5.0000E-01  -   6.0000E-01  )
#   y = (  -1.6500E+00  -  -1.5500E+00  )

x: z[cm]
y: Dose [Gy/source]      
p: xlin ylog afac(0.8) form(0.9)
h: n            x            y(proton  ),hh0l n 
#  z-lower      z-upper        proton    r.err 
   9.8380E+01   9.8430E+01   0.0000E+00  0.0000
   9.8430E+01   9.8480E+01   0.0000E+00  0.0000
   9.8480E+01   9.8530E+01   0.0000E+00  0.0000
   9.8530E+01   9.8580E+01   0.0000E+00  0.0000

#   sum over    2.0000E-03   0.0000E+00  0.0000

'no. =430,  ix = 14,  iy =  1'
msuc: {\huge Histograma}
msdr: {\it plotted by \ANGEL \version}
msdl: {\it calculated by \PHITS  3.35}
wt: s(0.7)
\vspace{-3}
  xmin  &=&   5.0000E-01 [cm]
  xmax  &=&   6.0000E-01 [cm]
  ymin  &=&  -1.6500E+00 [cm]
  ymax  &=&  -1.5500E+00 [cm]
e:

#------------------------------------------------------------------------------
 newpage:
#   no. =431   ix  = 14   iy  =  2
#   x = (   5.0000E-01  -   6.0000E-01  )
#   y = (  -1.5500E+00  -  -1.4500E+00  )

x: z[cm]
y: Dose [Gy/source]      
p: xlin ylog afac(0.8) form(0.9)
h: n            x            y(proton  ),hh0l n 
#  z-lower      z-upper        proton    r.err 
   9.8380E+01   9.8430E+01   0.0000E+00  0.0000
   9.8430E+01   9.8480E+01   0.0000E+00  0.0000
   9.8480E+01   9.8530E+01   0.0000E+00  0.0000
   9.8530E+01   9.8580E+01   0.0000E+00  0.0000

#   sum over    2.0000E-03   0.0000E+00  0.0000

'no. =431,  ix = 14,  iy =  2'
msuc: {\huge Histograma}
msdr: {\it plotted by \ANGEL \version}
msdl: {\it calculated by \PHITS  3.35}
wt: s(0.7)
\vspace{-3}
  xmin  &=&   5.0000E-01 [cm]
  xmax  &=&   6.0000E-01 [cm]
  ymin  &=&  -1.5500E+00 [cm]
  ymax  &=&  -1.4500E+00 [cm]
e:

#------------------------------------------------------------------------------
 newpage:
#   no. =432   ix  = 14   iy  =  3
#   x = (   5.0000E-01  -   6.0000E-01  )
#   y = (  -1.4500E+00  -  -1.3500E+00  )

x: z[cm]
y: Dose [Gy/source]      
p: xlin ylog afac(0.8) form(0.9)
h: n            x            y(proton  ),hh0l n 
#  z-lower      z-upper        proton    r.err 
   9.8380E+01   9.8430E+01   0.0000E+00  0.0000
   9.8430E+01   9.8480E+01   0.0000E+00  0.0000
   9.8480E+01   9.8530E+01   5.0418E-05  1.0000
   9.8530E+01   9.8580E+01   4.2238E-05  1.0000

#   sum over    2.0000E-03   2.3164E-05  1.0000

'no. =432,  ix = 14,  iy =  3'
msuc: {\huge Histograma}
msdr: {\it plotted by \ANGEL \version}
msdl: {\it calculated by \PHITS  3.35}
wt: s(0.7)
\vspace{-3}
  xmin  &=&   5.0000E-01 [cm]
  xmax  &=&   6.0000E-01 [cm]
  ymin  &=&  -1.4500E+00 [cm]
  ymax  &=&  -1.3500E+00 [cm]
e:

#------------------------------------------------------------------------------
 newpage:
#   no. =433   ix  = 14   iy  =  4
#   x = (   5.0000E-01  -   6.0000E-01  )
#   y = (  -1.3500E+00  -  -1.2500E+00  )

x: z[cm]
y: Dose [Gy/source]      
p: xlin ylog afac(0.8) form(0.9)
h: n            x            y(proton  ),hh0l n 
#  z-lower      z-upper        proton    r.err 
   9.8380E+01   9.8430E+01   6.3973E-03  0.0972
   9.8430E+01   9.8480E+01   6.3773E-03  0.0901
   9.8480E+01   9.8530E+01   6.0260E-03  0.0968
   9.8530E+01   9.8580E+01   5.6560E-03  0.1076

#   sum over    2.0000E-03   6.1142E-03  0.0823

'no. =433,  ix = 14,  iy =  4'
msuc: {\huge Histograma}
msdr: {\it plotted by \ANGEL \version}
msdl: {\it calculated by \PHITS  3.35}
wt: s(0.7)
\vspace{-3}
  xmin  &=&   5.0000E-01 [cm]
  xmax  &=&   6.0000E-01 [cm]
  ymin  &=&  -1.3500E+00 [cm]
  ymax  &=&  -1.2500E+00 [cm]
e:

#------------------------------------------------------------------------------
 newpage:
#   no. =434   ix  = 14   iy  =  5
#   x = (   5.0000E-01  -   6.0000E-01  )
#   y = (  -1.2500E+00  -  -1.1500E+00  )

x: z[cm]
y: Dose [Gy/source]      
p: xlin ylog afac(0.8) form(0.9)
h: n            x            y(proton  ),hh0l n 
#  z-lower      z-upper        proton    r.err 
   9.8380E+01   9.8430E+01   8.2593E-03  0.0758
   9.8430E+01   9.8480E+01   8.1246E-03  0.0781
   9.8480E+01   9.8530E+01   7.8443E-03  0.0845
   9.8530E+01   9.8580E+01   8.1146E-03  0.0927

#   sum over    2.0000E-03   8.0857E-03  0.0717

'no. =434,  ix = 14,  iy =  5'
msuc: {\huge Histograma}
msdr: {\it plotted by \ANGEL \version}
msdl: {\it calculated by \PHITS  3.35}
wt: s(0.7)
\vspace{-3}
  xmin  &=&   5.0000E-01 [cm]
  xmax  &=&   6.0000E-01 [cm]
  ymin  &=&  -1.2500E+00 [cm]
  ymax  &=&  -1.1500E+00 [cm]
e:

#------------------------------------------------------------------------------
 newpage:
#   no. =435   ix  = 14   iy  =  6
#   x = (   5.0000E-01  -   6.0000E-01  )
#   y = (  -1.1500E+00  -  -1.0500E+00  )

x: z[cm]
y: Dose [Gy/source]      
p: xlin ylog afac(0.8) form(0.9)
h: n            x            y(proton  ),hh0l n 
#  z-lower      z-upper        proton    r.err 
   9.8380E+01   9.8430E+01   7.5252E-03  0.0754
   9.8430E+01   9.8480E+01   8.2276E-03  0.0768
   9.8480E+01   9.8530E+01   8.5864E-03  0.0810
   9.8530E+01   9.8580E+01   8.4311E-03  0.0902

#   sum over    2.0000E-03   8.1926E-03  0.0721

'no. =435,  ix = 14,  iy =  6'
msuc: {\huge Histograma}
msdr: {\it plotted by \ANGEL \version}
msdl: {\it calculated by \PHITS  3.35}
wt: s(0.7)
\vspace{-3}
  xmin  &=&   5.0000E-01 [cm]
  xmax  &=&   6.0000E-01 [cm]
  ymin  &=&  -1.1500E+00 [cm]
  ymax  &=&  -1.0500E+00 [cm]
e:

#------------------------------------------------------------------------------
 newpage:
#   no. =436   ix  = 14   iy  =  7
#   x = (   5.0000E-01  -   6.0000E-01  )
#   y = (  -1.0500E+00  -  -9.5000E-01  )

x: z[cm]
y: Dose [Gy/source]      
p: xlin ylog afac(0.8) form(0.9)
h: n            x            y(proton  ),hh0l n 
#  z-lower      z-upper        proton    r.err 
   9.8380E+01   9.8430E+01   7.9760E-03  0.0777
   9.8430E+01   9.8480E+01   8.2741E-03  0.0804
   9.8480E+01   9.8530E+01   7.4018E-03  0.0868
   9.8530E+01   9.8580E+01   6.8107E-03  0.0998

#   sum over    2.0000E-03   7.6156E-03  0.0728

'no. =436,  ix = 14,  iy =  7'
msuc: {\huge Histograma}
msdr: {\it plotted by \ANGEL \version}
msdl: {\it calculated by \PHITS  3.35}
wt: s(0.7)
\vspace{-3}
  xmin  &=&   5.0000E-01 [cm]
  xmax  &=&   6.0000E-01 [cm]
  ymin  &=&  -1.0500E+00 [cm]
  ymax  &=&  -9.5000E-01 [cm]
e:

#------------------------------------------------------------------------------
 newpage:
#   no. =437   ix  = 14   iy  =  8
#   x = (   5.0000E-01  -   6.0000E-01  )
#   y = (  -9.5000E-01  -  -8.5000E-01  )

x: z[cm]
y: Dose [Gy/source]      
p: xlin ylog afac(0.8) form(0.9)
h: n            x            y(proton  ),hh0l n 
#  z-lower      z-upper        proton    r.err 
   9.8380E+01   9.8430E+01   7.9648E-03  0.0761
   9.8430E+01   9.8480E+01   7.9547E-03  0.0793
   9.8480E+01   9.8530E+01   8.0390E-03  0.0841
   9.8530E+01   9.8580E+01   7.3996E-03  0.0955

#   sum over    2.0000E-03   7.8395E-03  0.0721

'no. =437,  ix = 14,  iy =  8'
msuc: {\huge Histograma}
msdr: {\it plotted by \ANGEL \version}
msdl: {\it calculated by \PHITS  3.35}
wt: s(0.7)
\vspace{-3}
  xmin  &=&   5.0000E-01 [cm]
  xmax  &=&   6.0000E-01 [cm]
  ymin  &=&  -9.5000E-01 [cm]
  ymax  &=&  -8.5000E-01 [cm]
e:

#------------------------------------------------------------------------------
 newpage:
#   no. =438   ix  = 14   iy  =  9
#   x = (   5.0000E-01  -   6.0000E-01  )
#   y = (  -8.5000E-01  -  -7.5000E-01  )

x: z[cm]
y: Dose [Gy/source]      
p: xlin ylog afac(0.8) form(0.9)
h: n            x            y(proton  ),hh0l n 
#  z-lower      z-upper        proton    r.err 
   9.8380E+01   9.8430E+01   8.3435E-03  0.0745
   9.8430E+01   9.8480E+01   8.4533E-03  0.0768
   9.8480E+01   9.8530E+01   7.9870E-03  0.0823
   9.8530E+01   9.8580E+01   8.1498E-03  0.0908

#   sum over    2.0000E-03   8.2334E-03  0.0700

'no. =438,  ix = 14,  iy =  9'
msuc: {\huge Histograma}
msdr: {\it plotted by \ANGEL \version}
msdl: {\it calculated by \PHITS  3.35}
wt: s(0.7)
\vspace{-3}
  xmin  &=&   5.0000E-01 [cm]
  xmax  &=&   6.0000E-01 [cm]
  ymin  &=&  -8.5000E-01 [cm]
  ymax  &=&  -7.5000E-01 [cm]
e:

#------------------------------------------------------------------------------
 newpage:
#   no. =439   ix  = 14   iy  = 10
#   x = (   5.0000E-01  -   6.0000E-01  )
#   y = (  -7.5000E-01  -  -6.5000E-01  )

x: z[cm]
y: Dose [Gy/source]      
p: xlin ylog afac(0.8) form(0.9)
h: n            x            y(proton  ),hh0l n 
#  z-lower      z-upper        proton    r.err 
   9.8380E+01   9.8430E+01   7.3700E-03  0.0781
   9.8430E+01   9.8480E+01   7.9532E-03  0.0803
   9.8480E+01   9.8530E+01   7.4498E-03  0.0866
   9.8530E+01   9.8580E+01   7.3266E-03  0.0956

#   sum over    2.0000E-03   7.5249E-03  0.0737

'no. =439,  ix = 14,  iy = 10'
msuc: {\huge Histograma}
msdr: {\it plotted by \ANGEL \version}
msdl: {\it calculated by \PHITS  3.35}
wt: s(0.7)
\vspace{-3}
  xmin  &=&   5.0000E-01 [cm]
  xmax  &=&   6.0000E-01 [cm]
  ymin  &=&  -7.5000E-01 [cm]
  ymax  &=&  -6.5000E-01 [cm]
e:

#------------------------------------------------------------------------------
 newpage:
#   no. =440   ix  = 14   iy  = 11
#   x = (   5.0000E-01  -   6.0000E-01  )
#   y = (  -6.5000E-01  -  -5.5000E-01  )

x: z[cm]
y: Dose [Gy/source]      
p: xlin ylog afac(0.8) form(0.9)
h: n            x            y(proton  ),hh0l n 
#  z-lower      z-upper        proton    r.err 
   9.8380E+01   9.8430E+01   8.4484E-03  0.0759
   9.8430E+01   9.8480E+01   8.5270E-03  0.0790
   9.8480E+01   9.8530E+01   7.3120E-03  0.0867
   9.8530E+01   9.8580E+01   7.2556E-03  0.0974

#   sum over    2.0000E-03   7.8858E-03  0.0719

'no. =440,  ix = 14,  iy = 11'
msuc: {\huge Histograma}
msdr: {\it plotted by \ANGEL \version}
msdl: {\it calculated by \PHITS  3.35}
wt: s(0.7)
\vspace{-3}
  xmin  &=&   5.0000E-01 [cm]
  xmax  &=&   6.0000E-01 [cm]
  ymin  &=&  -6.5000E-01 [cm]
  ymax  &=&  -5.5000E-01 [cm]
e:

#------------------------------------------------------------------------------
 newpage:
#   no. =441   ix  = 14   iy  = 12
#   x = (   5.0000E-01  -   6.0000E-01  )
#   y = (  -5.5000E-01  -  -4.5000E-01  )

x: z[cm]
y: Dose [Gy/source]      
p: xlin ylog afac(0.8) form(0.9)
h: n            x            y(proton  ),hh0l n 
#  z-lower      z-upper        proton    r.err 
   9.8380E+01   9.8430E+01   7.5642E-03  0.0793
   9.8430E+01   9.8480E+01   7.4747E-03  0.0819
   9.8480E+01   9.8530E+01   7.2433E-03  0.0858
   9.8530E+01   9.8580E+01   7.2392E-03  0.0977

#   sum over    2.0000E-03   7.3803E-03  0.0743

'no. =441,  ix = 14,  iy = 12'
msuc: {\huge Histograma}
msdr: {\it plotted by \ANGEL \version}
msdl: {\it calculated by \PHITS  3.35}
wt: s(0.7)
\vspace{-3}
  xmin  &=&   5.0000E-01 [cm]
  xmax  &=&   6.0000E-01 [cm]
  ymin  &=&  -5.5000E-01 [cm]
  ymax  &=&  -4.5000E-01 [cm]
e:

#------------------------------------------------------------------------------
 newpage:
#   no. =442   ix  = 14   iy  = 13
#   x = (   5.0000E-01  -   6.0000E-01  )
#   y = (  -4.5000E-01  -  -3.5000E-01  )

x: z[cm]
y: Dose [Gy/source]      
p: xlin ylog afac(0.8) form(0.9)
h: n            x            y(proton  ),hh0l n 
#  z-lower      z-upper        proton    r.err 
   9.8380E+01   9.8430E+01   7.2933E-03  0.0769
   9.8430E+01   9.8480E+01   7.7521E-03  0.0775
   9.8480E+01   9.8530E+01   7.8588E-03  0.0832
   9.8530E+01   9.8580E+01   7.7274E-03  0.0933

#   sum over    2.0000E-03   7.6579E-03  0.0733

'no. =442,  ix = 14,  iy = 13'
msuc: {\huge Histograma}
msdr: {\it plotted by \ANGEL \version}
msdl: {\it calculated by \PHITS  3.35}
wt: s(0.7)
\vspace{-3}
  xmin  &=&   5.0000E-01 [cm]
  xmax  &=&   6.0000E-01 [cm]
  ymin  &=&  -4.5000E-01 [cm]
  ymax  &=&  -3.5000E-01 [cm]
e:

#------------------------------------------------------------------------------
 newpage:
#   no. =443   ix  = 14   iy  = 14
#   x = (   5.0000E-01  -   6.0000E-01  )
#   y = (  -3.5000E-01  -  -2.5000E-01  )

x: z[cm]
y: Dose [Gy/source]      
p: xlin ylog afac(0.8) form(0.9)
h: n            x            y(proton  ),hh0l n 
#  z-lower      z-upper        proton    r.err 
   9.8380E+01   9.8430E+01   8.2584E-03  0.0758
   9.8430E+01   9.8480E+01   8.7463E-03  0.0769
   9.8480E+01   9.8530E+01   8.0830E-03  0.0834
   9.8530E+01   9.8580E+01   7.6194E-03  0.0962

#   sum over    2.0000E-03   8.1768E-03  0.0709

'no. =443,  ix = 14,  iy = 14'
msuc: {\huge Histograma}
msdr: {\it plotted by \ANGEL \version}
msdl: {\it calculated by \PHITS  3.35}
wt: s(0.7)
\vspace{-3}
  xmin  &=&   5.0000E-01 [cm]
  xmax  &=&   6.0000E-01 [cm]
  ymin  &=&  -3.5000E-01 [cm]
  ymax  &=&  -2.5000E-01 [cm]
e:

#------------------------------------------------------------------------------
 newpage:
#   no. =444   ix  = 14   iy  = 15
#   x = (   5.0000E-01  -   6.0000E-01  )
#   y = (  -2.5000E-01  -  -1.5000E-01  )

x: z[cm]
y: Dose [Gy/source]      
p: xlin ylog afac(0.8) form(0.9)
h: n            x            y(proton  ),hh0l n 
#  z-lower      z-upper        proton    r.err 
   9.8380E+01   9.8430E+01   8.5344E-03  0.0723
   9.8430E+01   9.8480E+01   9.4184E-03  0.0754
   9.8480E+01   9.8530E+01   8.2216E-03  0.0824
   9.8530E+01   9.8580E+01   7.5082E-03  0.0959

#   sum over    2.0000E-03   8.4206E-03  0.0693

'no. =444,  ix = 14,  iy = 15'
msuc: {\huge Histograma}
msdr: {\it plotted by \ANGEL \version}
msdl: {\it calculated by \PHITS  3.35}
wt: s(0.7)
\vspace{-3}
  xmin  &=&   5.0000E-01 [cm]
  xmax  &=&   6.0000E-01 [cm]
  ymin  &=&  -2.5000E-01 [cm]
  ymax  &=&  -1.5000E-01 [cm]
e:

#------------------------------------------------------------------------------
 newpage:
#   no. =445   ix  = 14   iy  = 16
#   x = (   5.0000E-01  -   6.0000E-01  )
#   y = (  -1.5000E-01  -  -5.0000E-02  )

x: z[cm]
y: Dose [Gy/source]      
p: xlin ylog afac(0.8) form(0.9)
h: n            x            y(proton  ),hh0l n 
#  z-lower      z-upper        proton    r.err 
   9.8380E+01   9.8430E+01   6.7866E-03  0.0804
   9.8430E+01   9.8480E+01   7.4103E-03  0.0812
   9.8480E+01   9.8530E+01   7.4636E-03  0.0871
   9.8530E+01   9.8580E+01   7.5563E-03  0.0961

#   sum over    2.0000E-03   7.3042E-03  0.0758

'no. =445,  ix = 14,  iy = 16'
msuc: {\huge Histograma}
msdr: {\it plotted by \ANGEL \version}
msdl: {\it calculated by \PHITS  3.35}
wt: s(0.7)
\vspace{-3}
  xmin  &=&   5.0000E-01 [cm]
  xmax  &=&   6.0000E-01 [cm]
  ymin  &=&  -1.5000E-01 [cm]
  ymax  &=&  -5.0000E-02 [cm]
e:

#------------------------------------------------------------------------------
 newpage:
#   no. =446   ix  = 14   iy  = 17
#   x = (   5.0000E-01  -   6.0000E-01  )
#   y = (  -5.0000E-02  -   5.0000E-02  )

x: z[cm]
y: Dose [Gy/source]      
p: xlin ylog afac(0.8) form(0.9)
h: n            x            y(proton  ),hh0l n 
#  z-lower      z-upper        proton    r.err 
   9.8380E+01   9.8430E+01   7.8883E-03  0.0748
   9.8430E+01   9.8480E+01   8.2885E-03  0.0757
   9.8480E+01   9.8530E+01   8.5581E-03  0.0824
   9.8530E+01   9.8580E+01   7.9986E-03  0.0909

#   sum over    2.0000E-03   8.1834E-03  0.0716

'no. =446,  ix = 14,  iy = 17'
msuc: {\huge Histograma}
msdr: {\it plotted by \ANGEL \version}
msdl: {\it calculated by \PHITS  3.35}
wt: s(0.7)
\vspace{-3}
  xmin  &=&   5.0000E-01 [cm]
  xmax  &=&   6.0000E-01 [cm]
  ymin  &=&  -5.0000E-02 [cm]
  ymax  &=&   5.0000E-02 [cm]
e:

#------------------------------------------------------------------------------
 newpage:
#   no. =447   ix  = 14   iy  = 18
#   x = (   5.0000E-01  -   6.0000E-01  )
#   y = (   5.0000E-02  -   1.5000E-01  )

x: z[cm]
y: Dose [Gy/source]      
p: xlin ylog afac(0.8) form(0.9)
h: n            x            y(proton  ),hh0l n 
#  z-lower      z-upper        proton    r.err 
   9.8380E+01   9.8430E+01   8.4300E-03  0.0733
   9.8430E+01   9.8480E+01   9.2383E-03  0.0750
   9.8480E+01   9.8530E+01   8.2803E-03  0.0807
   9.8530E+01   9.8580E+01   8.1031E-03  0.0922

#   sum over    2.0000E-03   8.5129E-03  0.0693

'no. =447,  ix = 14,  iy = 18'
msuc: {\huge Histograma}
msdr: {\it plotted by \ANGEL \version}
msdl: {\it calculated by \PHITS  3.35}
wt: s(0.7)
\vspace{-3}
  xmin  &=&   5.0000E-01 [cm]
  xmax  &=&   6.0000E-01 [cm]
  ymin  &=&   5.0000E-02 [cm]
  ymax  &=&   1.5000E-01 [cm]
e:

#------------------------------------------------------------------------------
 newpage:
#   no. =448   ix  = 14   iy  = 19
#   x = (   5.0000E-01  -   6.0000E-01  )
#   y = (   1.5000E-01  -   2.5000E-01  )

x: z[cm]
y: Dose [Gy/source]      
p: xlin ylog afac(0.8) form(0.9)
h: n            x            y(proton  ),hh0l n 
#  z-lower      z-upper        proton    r.err 
   9.8380E+01   9.8430E+01   7.9533E-03  0.0777
   9.8430E+01   9.8480E+01   7.9557E-03  0.0778
   9.8480E+01   9.8530E+01   7.7716E-03  0.0824
   9.8530E+01   9.8580E+01   7.7886E-03  0.0920

#   sum over    2.0000E-03   7.8673E-03  0.0722

'no. =448,  ix = 14,  iy = 19'
msuc: {\huge Histograma}
msdr: {\it plotted by \ANGEL \version}
msdl: {\it calculated by \PHITS  3.35}
wt: s(0.7)
\vspace{-3}
  xmin  &=&   5.0000E-01 [cm]
  xmax  &=&   6.0000E-01 [cm]
  ymin  &=&   1.5000E-01 [cm]
  ymax  &=&   2.5000E-01 [cm]
e:

#------------------------------------------------------------------------------
 newpage:
#   no. =449   ix  = 14   iy  = 20
#   x = (   5.0000E-01  -   6.0000E-01  )
#   y = (   2.5000E-01  -   3.5000E-01  )

x: z[cm]
y: Dose [Gy/source]      
p: xlin ylog afac(0.8) form(0.9)
h: n            x            y(proton  ),hh0l n 
#  z-lower      z-upper        proton    r.err 
   9.8380E+01   9.8430E+01   8.1406E-03  0.0759
   9.8430E+01   9.8480E+01   8.4121E-03  0.0752
   9.8480E+01   9.8530E+01   8.5340E-03  0.0819
   9.8530E+01   9.8580E+01   8.3553E-03  0.0919

#   sum over    2.0000E-03   8.3605E-03  0.0710

'no. =449,  ix = 14,  iy = 20'
msuc: {\huge Histograma}
msdr: {\it plotted by \ANGEL \version}
msdl: {\it calculated by \PHITS  3.35}
wt: s(0.7)
\vspace{-3}
  xmin  &=&   5.0000E-01 [cm]
  xmax  &=&   6.0000E-01 [cm]
  ymin  &=&   2.5000E-01 [cm]
  ymax  &=&   3.5000E-01 [cm]
e:

#------------------------------------------------------------------------------
 newpage:
#   no. =450   ix  = 14   iy  = 21
#   x = (   5.0000E-01  -   6.0000E-01  )
#   y = (   3.5000E-01  -   4.5000E-01  )

x: z[cm]
y: Dose [Gy/source]      
p: xlin ylog afac(0.8) form(0.9)
h: n            x            y(proton  ),hh0l n 
#  z-lower      z-upper        proton    r.err 
   9.8380E+01   9.8430E+01   7.2713E-03  0.0775
   9.8430E+01   9.8480E+01   7.8086E-03  0.0793
   9.8480E+01   9.8530E+01   8.2052E-03  0.0836
   9.8530E+01   9.8580E+01   7.8893E-03  0.0918

#   sum over    2.0000E-03   7.7936E-03  0.0737

'no. =450,  ix = 14,  iy = 21'
msuc: {\huge Histograma}
msdr: {\it plotted by \ANGEL \version}
msdl: {\it calculated by \PHITS  3.35}
wt: s(0.7)
\vspace{-3}
  xmin  &=&   5.0000E-01 [cm]
  xmax  &=&   6.0000E-01 [cm]
  ymin  &=&   3.5000E-01 [cm]
  ymax  &=&   4.5000E-01 [cm]
e:

#------------------------------------------------------------------------------
 newpage:
#   no. =451   ix  = 14   iy  = 22
#   x = (   5.0000E-01  -   6.0000E-01  )
#   y = (   4.5000E-01  -   5.5000E-01  )

x: z[cm]
y: Dose [Gy/source]      
p: xlin ylog afac(0.8) form(0.9)
h: n            x            y(proton  ),hh0l n 
#  z-lower      z-upper        proton    r.err 
   9.8380E+01   9.8430E+01   8.8602E-03  0.0725
   9.8430E+01   9.8480E+01   9.1842E-03  0.0753
   9.8480E+01   9.8530E+01   7.8128E-03  0.0829
   9.8530E+01   9.8580E+01   8.8770E-03  0.0879

#   sum over    2.0000E-03   8.6836E-03  0.0690

'no. =451,  ix = 14,  iy = 22'
msuc: {\huge Histograma}
msdr: {\it plotted by \ANGEL \version}
msdl: {\it calculated by \PHITS  3.35}
wt: s(0.7)
\vspace{-3}
  xmin  &=&   5.0000E-01 [cm]
  xmax  &=&   6.0000E-01 [cm]
  ymin  &=&   4.5000E-01 [cm]
  ymax  &=&   5.5000E-01 [cm]
e:

#------------------------------------------------------------------------------
 newpage:
#   no. =452   ix  = 14   iy  = 23
#   x = (   5.0000E-01  -   6.0000E-01  )
#   y = (   5.5000E-01  -   6.5000E-01  )

x: z[cm]
y: Dose [Gy/source]      
p: xlin ylog afac(0.8) form(0.9)
h: n            x            y(proton  ),hh0l n 
#  z-lower      z-upper        proton    r.err 
   9.8380E+01   9.8430E+01   8.6207E-03  0.0757
   9.8430E+01   9.8480E+01   7.9392E-03  0.0787
   9.8480E+01   9.8530E+01   7.2270E-03  0.0849
   9.8530E+01   9.8580E+01   7.8518E-03  0.0929

#   sum over    2.0000E-03   7.9097E-03  0.0710

'no. =452,  ix = 14,  iy = 23'
msuc: {\huge Histograma}
msdr: {\it plotted by \ANGEL \version}
msdl: {\it calculated by \PHITS  3.35}
wt: s(0.7)
\vspace{-3}
  xmin  &=&   5.0000E-01 [cm]
  xmax  &=&   6.0000E-01 [cm]
  ymin  &=&   5.5000E-01 [cm]
  ymax  &=&   6.5000E-01 [cm]
e:

#------------------------------------------------------------------------------
 newpage:
#   no. =453   ix  = 14   iy  = 24
#   x = (   5.0000E-01  -   6.0000E-01  )
#   y = (   6.5000E-01  -   7.5000E-01  )

x: z[cm]
y: Dose [Gy/source]      
p: xlin ylog afac(0.8) form(0.9)
h: n            x            y(proton  ),hh0l n 
#  z-lower      z-upper        proton    r.err 
   9.8380E+01   9.8430E+01   6.6461E-03  0.0807
   9.8430E+01   9.8480E+01   7.0641E-03  0.0813
   9.8480E+01   9.8530E+01   7.6938E-03  0.0848
   9.8530E+01   9.8580E+01   7.7099E-03  0.0950

#   sum over    2.0000E-03   7.2785E-03  0.0760

'no. =453,  ix = 14,  iy = 24'
msuc: {\huge Histograma}
msdr: {\it plotted by \ANGEL \version}
msdl: {\it calculated by \PHITS  3.35}
wt: s(0.7)
\vspace{-3}
  xmin  &=&   5.0000E-01 [cm]
  xmax  &=&   6.0000E-01 [cm]
  ymin  &=&   6.5000E-01 [cm]
  ymax  &=&   7.5000E-01 [cm]
e:

#------------------------------------------------------------------------------
 newpage:
#   no. =454   ix  = 14   iy  = 25
#   x = (   5.0000E-01  -   6.0000E-01  )
#   y = (   7.5000E-01  -   8.5000E-01  )

x: z[cm]
y: Dose [Gy/source]      
p: xlin ylog afac(0.8) form(0.9)
h: n            x            y(proton  ),hh0l n 
#  z-lower      z-upper        proton    r.err 
   9.8380E+01   9.8430E+01   7.3871E-03  0.0756
   9.8430E+01   9.8480E+01   7.9763E-03  0.0778
   9.8480E+01   9.8530E+01   8.0515E-03  0.0814
   9.8530E+01   9.8580E+01   8.4652E-03  0.0911

#   sum over    2.0000E-03   7.9700E-03  0.0727

'no. =454,  ix = 14,  iy = 25'
msuc: {\huge Histograma}
msdr: {\it plotted by \ANGEL \version}
msdl: {\it calculated by \PHITS  3.35}
wt: s(0.7)
\vspace{-3}
  xmin  &=&   5.0000E-01 [cm]
  xmax  &=&   6.0000E-01 [cm]
  ymin  &=&   7.5000E-01 [cm]
  ymax  &=&   8.5000E-01 [cm]
e:

#------------------------------------------------------------------------------
 newpage:
#   no. =455   ix  = 14   iy  = 26
#   x = (   5.0000E-01  -   6.0000E-01  )
#   y = (   8.5000E-01  -   9.5000E-01  )

x: z[cm]
y: Dose [Gy/source]      
p: xlin ylog afac(0.8) form(0.9)
h: n            x            y(proton  ),hh0l n 
#  z-lower      z-upper        proton    r.err 
   9.8380E+01   9.8430E+01   8.4384E-03  0.0738
   9.8430E+01   9.8480E+01   8.9501E-03  0.0755
   9.8480E+01   9.8530E+01   7.7754E-03  0.0837
   9.8530E+01   9.8580E+01   7.7587E-03  0.0935

#   sum over    2.0000E-03   8.2307E-03  0.0705

'no. =455,  ix = 14,  iy = 26'
msuc: {\huge Histograma}
msdr: {\it plotted by \ANGEL \version}
msdl: {\it calculated by \PHITS  3.35}
wt: s(0.7)
\vspace{-3}
  xmin  &=&   5.0000E-01 [cm]
  xmax  &=&   6.0000E-01 [cm]
  ymin  &=&   8.5000E-01 [cm]
  ymax  &=&   9.5000E-01 [cm]
e:

#------------------------------------------------------------------------------
 newpage:
#   no. =456   ix  = 14   iy  = 27
#   x = (   5.0000E-01  -   6.0000E-01  )
#   y = (   9.5000E-01  -   1.0500E+00  )

x: z[cm]
y: Dose [Gy/source]      
p: xlin ylog afac(0.8) form(0.9)
h: n            x            y(proton  ),hh0l n 
#  z-lower      z-upper        proton    r.err 
   9.8380E+01   9.8430E+01   7.6223E-03  0.0778
   9.8430E+01   9.8480E+01   7.9199E-03  0.0788
   9.8480E+01   9.8530E+01   8.2536E-03  0.0827
   9.8530E+01   9.8580E+01   7.5903E-03  0.0954

#   sum over    2.0000E-03   7.8465E-03  0.0726

'no. =456,  ix = 14,  iy = 27'
msuc: {\huge Histograma}
msdr: {\it plotted by \ANGEL \version}
msdl: {\it calculated by \PHITS  3.35}
wt: s(0.7)
\vspace{-3}
  xmin  &=&   5.0000E-01 [cm]
  xmax  &=&   6.0000E-01 [cm]
  ymin  &=&   9.5000E-01 [cm]
  ymax  &=&   1.0500E+00 [cm]
e:

#------------------------------------------------------------------------------
 newpage:
#   no. =457   ix  = 14   iy  = 28
#   x = (   5.0000E-01  -   6.0000E-01  )
#   y = (   1.0500E+00  -   1.1500E+00  )

x: z[cm]
y: Dose [Gy/source]      
p: xlin ylog afac(0.8) form(0.9)
h: n            x            y(proton  ),hh0l n 
#  z-lower      z-upper        proton    r.err 
   9.8380E+01   9.8430E+01   7.6919E-03  0.0755
   9.8430E+01   9.8480E+01   8.9818E-03  0.0758
   9.8480E+01   9.8530E+01   8.8892E-03  0.0806
   9.8530E+01   9.8580E+01   7.8646E-03  0.0934

#   sum over    2.0000E-03   8.3569E-03  0.0709

'no. =457,  ix = 14,  iy = 28'
msuc: {\huge Histograma}
msdr: {\it plotted by \ANGEL \version}
msdl: {\it calculated by \PHITS  3.35}
wt: s(0.7)
\vspace{-3}
  xmin  &=&   5.0000E-01 [cm]
  xmax  &=&   6.0000E-01 [cm]
  ymin  &=&   1.0500E+00 [cm]
  ymax  &=&   1.1500E+00 [cm]
e:

#------------------------------------------------------------------------------
 newpage:
#   no. =458   ix  = 14   iy  = 29
#   x = (   5.0000E-01  -   6.0000E-01  )
#   y = (   1.1500E+00  -   1.2500E+00  )

x: z[cm]
y: Dose [Gy/source]      
p: xlin ylog afac(0.8) form(0.9)
h: n            x            y(proton  ),hh0l n 
#  z-lower      z-upper        proton    r.err 
   9.8380E+01   9.8430E+01   7.4971E-03  0.0782
   9.8430E+01   9.8480E+01   7.8258E-03  0.0814
   9.8480E+01   9.8530E+01   7.0322E-03  0.0901
   9.8530E+01   9.8580E+01   6.6087E-03  0.1018

#   sum over    2.0000E-03   7.2410E-03  0.0753

'no. =458,  ix = 14,  iy = 29'
msuc: {\huge Histograma}
msdr: {\it plotted by \ANGEL \version}
msdl: {\it calculated by \PHITS  3.35}
wt: s(0.7)
\vspace{-3}
  xmin  &=&   5.0000E-01 [cm]
  xmax  &=&   6.0000E-01 [cm]
  ymin  &=&   1.1500E+00 [cm]
  ymax  &=&   1.2500E+00 [cm]
e:

#------------------------------------------------------------------------------
 newpage:
#   no. =459   ix  = 14   iy  = 30
#   x = (   5.0000E-01  -   6.0000E-01  )
#   y = (   1.2500E+00  -   1.3500E+00  )

x: z[cm]
y: Dose [Gy/source]      
p: xlin ylog afac(0.8) form(0.9)
h: n            x            y(proton  ),hh0l n 
#  z-lower      z-upper        proton    r.err 
   9.8380E+01   9.8430E+01   8.7415E-03  0.0721
   9.8430E+01   9.8480E+01   8.7251E-03  0.0747
   9.8480E+01   9.8530E+01   9.3819E-03  0.0776
   9.8530E+01   9.8580E+01   8.8042E-03  0.0878

#   sum over    2.0000E-03   8.9132E-03  0.0684

'no. =459,  ix = 14,  iy = 30'
msuc: {\huge Histograma}
msdr: {\it plotted by \ANGEL \version}
msdl: {\it calculated by \PHITS  3.35}
wt: s(0.7)
\vspace{-3}
  xmin  &=&   5.0000E-01 [cm]
  xmax  &=&   6.0000E-01 [cm]
  ymin  &=&   1.2500E+00 [cm]
  ymax  &=&   1.3500E+00 [cm]
e:

#------------------------------------------------------------------------------
 newpage:
#   no. =460   ix  = 14   iy  = 31
#   x = (   5.0000E-01  -   6.0000E-01  )
#   y = (   1.3500E+00  -   1.4500E+00  )

x: z[cm]
y: Dose [Gy/source]      
p: xlin ylog afac(0.8) form(0.9)
h: n            x            y(proton  ),hh0l n 
#  z-lower      z-upper        proton    r.err 
   9.8380E+01   9.8430E+01   8.6534E-03  0.0729
   9.8430E+01   9.8480E+01   9.2303E-03  0.0750
   9.8480E+01   9.8530E+01   8.3152E-03  0.0804
   9.8530E+01   9.8580E+01   8.4242E-03  0.0913

#   sum over    2.0000E-03   8.6558E-03  0.0691

'no. =460,  ix = 14,  iy = 31'
msuc: {\huge Histograma}
msdr: {\it plotted by \ANGEL \version}
msdl: {\it calculated by \PHITS  3.35}
wt: s(0.7)
\vspace{-3}
  xmin  &=&   5.0000E-01 [cm]
  xmax  &=&   6.0000E-01 [cm]
  ymin  &=&   1.3500E+00 [cm]
  ymax  &=&   1.4500E+00 [cm]
e:

#------------------------------------------------------------------------------
 newpage:
#   no. =461   ix  = 14   iy  = 32
#   x = (   5.0000E-01  -   6.0000E-01  )
#   y = (   1.4500E+00  -   1.5500E+00  )

x: z[cm]
y: Dose [Gy/source]      
p: xlin ylog afac(0.8) form(0.9)
h: n            x            y(proton  ),hh0l n 
#  z-lower      z-upper        proton    r.err 
   9.8380E+01   9.8430E+01   7.3047E-03  0.0767
   9.8430E+01   9.8480E+01   7.7884E-03  0.0786
   9.8480E+01   9.8530E+01   8.3646E-03  0.0833
   9.8530E+01   9.8580E+01   7.5048E-03  0.0942

#   sum over    2.0000E-03   7.7406E-03  0.0737

'no. =461,  ix = 14,  iy = 32'
msuc: {\huge Histograma}
msdr: {\it plotted by \ANGEL \version}
msdl: {\it calculated by \PHITS  3.35}
wt: s(0.7)
\vspace{-3}
  xmin  &=&   5.0000E-01 [cm]
  xmax  &=&   6.0000E-01 [cm]
  ymin  &=&   1.4500E+00 [cm]
  ymax  &=&   1.5500E+00 [cm]
e:

#------------------------------------------------------------------------------
 newpage:
#   no. =462   ix  = 14   iy  = 33
#   x = (   5.0000E-01  -   6.0000E-01  )
#   y = (   1.5500E+00  -   1.6500E+00  )

x: z[cm]
y: Dose [Gy/source]      
p: xlin ylog afac(0.8) form(0.9)
h: n            x            y(proton  ),hh0l n 
#  z-lower      z-upper        proton    r.err 
   9.8380E+01   9.8430E+01   7.3937E-03  0.0788
   9.8430E+01   9.8480E+01   7.7255E-03  0.0814
   9.8480E+01   9.8530E+01   7.6624E-03  0.0861
   9.8530E+01   9.8580E+01   7.0090E-03  0.0983

#   sum over    2.0000E-03   7.4476E-03  0.0742

'no. =462,  ix = 14,  iy = 33'
msuc: {\huge Histograma}
msdr: {\it plotted by \ANGEL \version}
msdl: {\it calculated by \PHITS  3.35}
wt: s(0.7)
\vspace{-3}
  xmin  &=&   5.0000E-01 [cm]
  xmax  &=&   6.0000E-01 [cm]
  ymin  &=&   1.5500E+00 [cm]
  ymax  &=&   1.6500E+00 [cm]
e:

#------------------------------------------------------------------------------
 newpage:
#   no. =463   ix  = 15   iy  =  1
#   x = (   6.0000E-01  -   7.0000E-01  )
#   y = (  -1.6500E+00  -  -1.5500E+00  )

x: z[cm]
y: Dose [Gy/source]      
p: xlin ylog afac(0.8) form(0.9)
h: n            x            y(proton  ),hh0l n 
#  z-lower      z-upper        proton    r.err 
   9.8380E+01   9.8430E+01   0.0000E+00  0.0000
   9.8430E+01   9.8480E+01   0.0000E+00  0.0000
   9.8480E+01   9.8530E+01   0.0000E+00  0.0000
   9.8530E+01   9.8580E+01   0.0000E+00  0.0000

#   sum over    2.0000E-03   0.0000E+00  0.0000

'no. =463,  ix = 15,  iy =  1'
msuc: {\huge Histograma}
msdr: {\it plotted by \ANGEL \version}
msdl: {\it calculated by \PHITS  3.35}
wt: s(0.7)
\vspace{-3}
  xmin  &=&   6.0000E-01 [cm]
  xmax  &=&   7.0000E-01 [cm]
  ymin  &=&  -1.6500E+00 [cm]
  ymax  &=&  -1.5500E+00 [cm]
e:

#------------------------------------------------------------------------------
 newpage:
#   no. =464   ix  = 15   iy  =  2
#   x = (   6.0000E-01  -   7.0000E-01  )
#   y = (  -1.5500E+00  -  -1.4500E+00  )

x: z[cm]
y: Dose [Gy/source]      
p: xlin ylog afac(0.8) form(0.9)
h: n            x            y(proton  ),hh0l n 
#  z-lower      z-upper        proton    r.err 
   9.8380E+01   9.8430E+01   0.0000E+00  0.0000
   9.8430E+01   9.8480E+01   0.0000E+00  0.0000
   9.8480E+01   9.8530E+01   0.0000E+00  0.0000
   9.8530E+01   9.8580E+01   0.0000E+00  0.0000

#   sum over    2.0000E-03   0.0000E+00  0.0000

'no. =464,  ix = 15,  iy =  2'
msuc: {\huge Histograma}
msdr: {\it plotted by \ANGEL \version}
msdl: {\it calculated by \PHITS  3.35}
wt: s(0.7)
\vspace{-3}
  xmin  &=&   6.0000E-01 [cm]
  xmax  &=&   7.0000E-01 [cm]
  ymin  &=&  -1.5500E+00 [cm]
  ymax  &=&  -1.4500E+00 [cm]
e:

#------------------------------------------------------------------------------
 newpage:
#   no. =465   ix  = 15   iy  =  3
#   x = (   6.0000E-01  -   7.0000E-01  )
#   y = (  -1.4500E+00  -  -1.3500E+00  )

x: z[cm]
y: Dose [Gy/source]      
p: xlin ylog afac(0.8) form(0.9)
h: n            x            y(proton  ),hh0l n 
#  z-lower      z-upper        proton    r.err 
   9.8380E+01   9.8430E+01   0.0000E+00  0.0000
   9.8430E+01   9.8480E+01   0.0000E+00  0.0000
   9.8480E+01   9.8530E+01   1.9821E-06  1.0000
   9.8530E+01   9.8580E+01   0.0000E+00  0.0000

#   sum over    2.0000E-03   4.9553E-07  1.0000

'no. =465,  ix = 15,  iy =  3'
msuc: {\huge Histograma}
msdr: {\it plotted by \ANGEL \version}
msdl: {\it calculated by \PHITS  3.35}
wt: s(0.7)
\vspace{-3}
  xmin  &=&   6.0000E-01 [cm]
  xmax  &=&   7.0000E-01 [cm]
  ymin  &=&  -1.4500E+00 [cm]
  ymax  &=&  -1.3500E+00 [cm]
e:

#------------------------------------------------------------------------------
 newpage:
#   no. =466   ix  = 15   iy  =  4
#   x = (   6.0000E-01  -   7.0000E-01  )
#   y = (  -1.3500E+00  -  -1.2500E+00  )

x: z[cm]
y: Dose [Gy/source]      
p: xlin ylog afac(0.8) form(0.9)
h: n            x            y(proton  ),hh0l n 
#  z-lower      z-upper        proton    r.err 
   9.8380E+01   9.8430E+01   5.9921E-03  0.0875
   9.8430E+01   9.8480E+01   6.4484E-03  0.0906
   9.8480E+01   9.8530E+01   6.3294E-03  0.0948
   9.8530E+01   9.8580E+01   6.5211E-03  0.1026

#   sum over    2.0000E-03   6.3227E-03  0.0826

'no. =466,  ix = 15,  iy =  4'
msuc: {\huge Histograma}
msdr: {\it plotted by \ANGEL \version}
msdl: {\it calculated by \PHITS  3.35}
wt: s(0.7)
\vspace{-3}
  xmin  &=&   6.0000E-01 [cm]
  xmax  &=&   7.0000E-01 [cm]
  ymin  &=&  -1.3500E+00 [cm]
  ymax  &=&  -1.2500E+00 [cm]
e:

#------------------------------------------------------------------------------
 newpage:
#   no. =467   ix  = 15   iy  =  5
#   x = (   6.0000E-01  -   7.0000E-01  )
#   y = (  -1.2500E+00  -  -1.1500E+00  )

x: z[cm]
y: Dose [Gy/source]      
p: xlin ylog afac(0.8) form(0.9)
h: n            x            y(proton  ),hh0l n 
#  z-lower      z-upper        proton    r.err 
   9.8380E+01   9.8430E+01   7.5214E-03  0.0783
   9.8430E+01   9.8480E+01   7.6033E-03  0.0809
   9.8480E+01   9.8530E+01   7.5224E-03  0.0872
   9.8530E+01   9.8580E+01   6.9294E-03  0.0994

#   sum over    2.0000E-03   7.3941E-03  0.0742

'no. =467,  ix = 15,  iy =  5'
msuc: {\huge Histograma}
msdr: {\it plotted by \ANGEL \version}
msdl: {\it calculated by \PHITS  3.35}
wt: s(0.7)
\vspace{-3}
  xmin  &=&   6.0000E-01 [cm]
  xmax  &=&   7.0000E-01 [cm]
  ymin  &=&  -1.2500E+00 [cm]
  ymax  &=&  -1.1500E+00 [cm]
e:

#------------------------------------------------------------------------------
 newpage:
#   no. =468   ix  = 15   iy  =  6
#   x = (   6.0000E-01  -   7.0000E-01  )
#   y = (  -1.1500E+00  -  -1.0500E+00  )

x: z[cm]
y: Dose [Gy/source]      
p: xlin ylog afac(0.8) form(0.9)
h: n            x            y(proton  ),hh0l n 
#  z-lower      z-upper        proton    r.err 
   9.8380E+01   9.8430E+01   7.1573E-03  0.0779
   9.8430E+01   9.8480E+01   7.5882E-03  0.0800
   9.8480E+01   9.8530E+01   7.6893E-03  0.0839
   9.8530E+01   9.8580E+01   7.7438E-03  0.0941

#   sum over    2.0000E-03   7.5446E-03  0.0747

'no. =468,  ix = 15,  iy =  6'
msuc: {\huge Histograma}
msdr: {\it plotted by \ANGEL \version}
msdl: {\it calculated by \PHITS  3.35}
wt: s(0.7)
\vspace{-3}
  xmin  &=&   6.0000E-01 [cm]
  xmax  &=&   7.0000E-01 [cm]
  ymin  &=&  -1.1500E+00 [cm]
  ymax  &=&  -1.0500E+00 [cm]
e:

#------------------------------------------------------------------------------
 newpage:
#   no. =469   ix  = 15   iy  =  7
#   x = (   6.0000E-01  -   7.0000E-01  )
#   y = (  -1.0500E+00  -  -9.5000E-01  )

x: z[cm]
y: Dose [Gy/source]      
p: xlin ylog afac(0.8) form(0.9)
h: n            x            y(proton  ),hh0l n 
#  z-lower      z-upper        proton    r.err 
   9.8380E+01   9.8430E+01   7.9135E-03  0.0748
   9.8430E+01   9.8480E+01   8.1594E-03  0.0761
   9.8480E+01   9.8530E+01   8.6699E-03  0.0803
   9.8530E+01   9.8580E+01   9.0315E-03  0.0869

#   sum over    2.0000E-03   8.4436E-03  0.0700

'no. =469,  ix = 15,  iy =  7'
msuc: {\huge Histograma}
msdr: {\it plotted by \ANGEL \version}
msdl: {\it calculated by \PHITS  3.35}
wt: s(0.7)
\vspace{-3}
  xmin  &=&   6.0000E-01 [cm]
  xmax  &=&   7.0000E-01 [cm]
  ymin  &=&  -1.0500E+00 [cm]
  ymax  &=&  -9.5000E-01 [cm]
e:

#------------------------------------------------------------------------------
 newpage:
#   no. =470   ix  = 15   iy  =  8
#   x = (   6.0000E-01  -   7.0000E-01  )
#   y = (  -9.5000E-01  -  -8.5000E-01  )

x: z[cm]
y: Dose [Gy/source]      
p: xlin ylog afac(0.8) form(0.9)
h: n            x            y(proton  ),hh0l n 
#  z-lower      z-upper        proton    r.err 
   9.8380E+01   9.8430E+01   7.4625E-03  0.0753
   9.8430E+01   9.8480E+01   8.1149E-03  0.0777
   9.8480E+01   9.8530E+01   8.5071E-03  0.0810
   9.8530E+01   9.8580E+01   8.2162E-03  0.0913

#   sum over    2.0000E-03   8.0752E-03  0.0718

'no. =470,  ix = 15,  iy =  8'
msuc: {\huge Histograma}
msdr: {\it plotted by \ANGEL \version}
msdl: {\it calculated by \PHITS  3.35}
wt: s(0.7)
\vspace{-3}
  xmin  &=&   6.0000E-01 [cm]
  xmax  &=&   7.0000E-01 [cm]
  ymin  &=&  -9.5000E-01 [cm]
  ymax  &=&  -8.5000E-01 [cm]
e:

#------------------------------------------------------------------------------
 newpage:
#   no. =471   ix  = 15   iy  =  9
#   x = (   6.0000E-01  -   7.0000E-01  )
#   y = (  -8.5000E-01  -  -7.5000E-01  )

x: z[cm]
y: Dose [Gy/source]      
p: xlin ylog afac(0.8) form(0.9)
h: n            x            y(proton  ),hh0l n 
#  z-lower      z-upper        proton    r.err 
   9.8380E+01   9.8430E+01   7.1951E-03  0.0789
   9.8430E+01   9.8480E+01   7.2723E-03  0.0817
   9.8480E+01   9.8530E+01   7.5212E-03  0.0860
   9.8530E+01   9.8580E+01   7.6466E-03  0.0956

#   sum over    2.0000E-03   7.4088E-03  0.0743

'no. =471,  ix = 15,  iy =  9'
msuc: {\huge Histograma}
msdr: {\it plotted by \ANGEL \version}
msdl: {\it calculated by \PHITS  3.35}
wt: s(0.7)
\vspace{-3}
  xmin  &=&   6.0000E-01 [cm]
  xmax  &=&   7.0000E-01 [cm]
  ymin  &=&  -8.5000E-01 [cm]
  ymax  &=&  -7.5000E-01 [cm]
e:

#------------------------------------------------------------------------------
 newpage:
#   no. =472   ix  = 15   iy  = 10
#   x = (   6.0000E-01  -   7.0000E-01  )
#   y = (  -7.5000E-01  -  -6.5000E-01  )

x: z[cm]
y: Dose [Gy/source]      
p: xlin ylog afac(0.8) form(0.9)
h: n            x            y(proton  ),hh0l n 
#  z-lower      z-upper        proton    r.err 
   9.8380E+01   9.8430E+01   8.0340E-03  0.0736
   9.8430E+01   9.8480E+01   8.8262E-03  0.0741
   9.8480E+01   9.8530E+01   8.8800E-03  0.0797
   9.8530E+01   9.8580E+01   8.2492E-03  0.0904

#   sum over    2.0000E-03   8.4974E-03  0.0694

'no. =472,  ix = 15,  iy = 10'
msuc: {\huge Histograma}
msdr: {\it plotted by \ANGEL \version}
msdl: {\it calculated by \PHITS  3.35}
wt: s(0.7)
\vspace{-3}
  xmin  &=&   6.0000E-01 [cm]
  xmax  &=&   7.0000E-01 [cm]
  ymin  &=&  -7.5000E-01 [cm]
  ymax  &=&  -6.5000E-01 [cm]
e:

#------------------------------------------------------------------------------
 newpage:
#   no. =473   ix  = 15   iy  = 11
#   x = (   6.0000E-01  -   7.0000E-01  )
#   y = (  -6.5000E-01  -  -5.5000E-01  )

x: z[cm]
y: Dose [Gy/source]      
p: xlin ylog afac(0.8) form(0.9)
h: n            x            y(proton  ),hh0l n 
#  z-lower      z-upper        proton    r.err 
   9.8380E+01   9.8430E+01   7.9484E-03  0.0753
   9.8430E+01   9.8480E+01   8.6874E-03  0.0765
   9.8480E+01   9.8530E+01   7.7082E-03  0.0848
   9.8530E+01   9.8580E+01   7.7684E-03  0.0937

#   sum over    2.0000E-03   8.0281E-03  0.0714

'no. =473,  ix = 15,  iy = 11'
msuc: {\huge Histograma}
msdr: {\it plotted by \ANGEL \version}
msdl: {\it calculated by \PHITS  3.35}
wt: s(0.7)
\vspace{-3}
  xmin  &=&   6.0000E-01 [cm]
  xmax  &=&   7.0000E-01 [cm]
  ymin  &=&  -6.5000E-01 [cm]
  ymax  &=&  -5.5000E-01 [cm]
e:

#------------------------------------------------------------------------------
 newpage:
#   no. =474   ix  = 15   iy  = 12
#   x = (   6.0000E-01  -   7.0000E-01  )
#   y = (  -5.5000E-01  -  -4.5000E-01  )

x: z[cm]
y: Dose [Gy/source]      
p: xlin ylog afac(0.8) form(0.9)
h: n            x            y(proton  ),hh0l n 
#  z-lower      z-upper        proton    r.err 
   9.8380E+01   9.8430E+01   7.9853E-03  0.0732
   9.8430E+01   9.8480E+01   8.9819E-03  0.0751
   9.8480E+01   9.8530E+01   8.1324E-03  0.0825
   9.8530E+01   9.8580E+01   7.7668E-03  0.0937

#   sum over    2.0000E-03   8.2166E-03  0.0706

'no. =474,  ix = 15,  iy = 12'
msuc: {\huge Histograma}
msdr: {\it plotted by \ANGEL \version}
msdl: {\it calculated by \PHITS  3.35}
wt: s(0.7)
\vspace{-3}
  xmin  &=&   6.0000E-01 [cm]
  xmax  &=&   7.0000E-01 [cm]
  ymin  &=&  -5.5000E-01 [cm]
  ymax  &=&  -4.5000E-01 [cm]
e:

#------------------------------------------------------------------------------
 newpage:
#   no. =475   ix  = 15   iy  = 13
#   x = (   6.0000E-01  -   7.0000E-01  )
#   y = (  -4.5000E-01  -  -3.5000E-01  )

x: z[cm]
y: Dose [Gy/source]      
p: xlin ylog afac(0.8) form(0.9)
h: n            x            y(proton  ),hh0l n 
#  z-lower      z-upper        proton    r.err 
   9.8380E+01   9.8430E+01   7.6419E-03  0.0769
   9.8430E+01   9.8480E+01   8.4956E-03  0.0785
   9.8480E+01   9.8530E+01   7.8567E-03  0.0830
   9.8530E+01   9.8580E+01   7.4472E-03  0.0960

#   sum over    2.0000E-03   7.8603E-03  0.0719

'no. =475,  ix = 15,  iy = 13'
msuc: {\huge Histograma}
msdr: {\it plotted by \ANGEL \version}
msdl: {\it calculated by \PHITS  3.35}
wt: s(0.7)
\vspace{-3}
  xmin  &=&   6.0000E-01 [cm]
  xmax  &=&   7.0000E-01 [cm]
  ymin  &=&  -4.5000E-01 [cm]
  ymax  &=&  -3.5000E-01 [cm]
e:

#------------------------------------------------------------------------------
 newpage:
#   no. =476   ix  = 15   iy  = 14
#   x = (   6.0000E-01  -   7.0000E-01  )
#   y = (  -3.5000E-01  -  -2.5000E-01  )

x: z[cm]
y: Dose [Gy/source]      
p: xlin ylog afac(0.8) form(0.9)
h: n            x            y(proton  ),hh0l n 
#  z-lower      z-upper        proton    r.err 
   9.8380E+01   9.8430E+01   8.2216E-03  0.0745
   9.8430E+01   9.8480E+01   8.4852E-03  0.0766
   9.8480E+01   9.8530E+01   7.6105E-03  0.0848
   9.8530E+01   9.8580E+01   7.6151E-03  0.0933

#   sum over    2.0000E-03   7.9831E-03  0.0711

'no. =476,  ix = 15,  iy = 14'
msuc: {\huge Histograma}
msdr: {\it plotted by \ANGEL \version}
msdl: {\it calculated by \PHITS  3.35}
wt: s(0.7)
\vspace{-3}
  xmin  &=&   6.0000E-01 [cm]
  xmax  &=&   7.0000E-01 [cm]
  ymin  &=&  -3.5000E-01 [cm]
  ymax  &=&  -2.5000E-01 [cm]
e:

#------------------------------------------------------------------------------
 newpage:
#   no. =477   ix  = 15   iy  = 15
#   x = (   6.0000E-01  -   7.0000E-01  )
#   y = (  -2.5000E-01  -  -1.5000E-01  )

x: z[cm]
y: Dose [Gy/source]      
p: xlin ylog afac(0.8) form(0.9)
h: n            x            y(proton  ),hh0l n 
#  z-lower      z-upper        proton    r.err 
   9.8380E+01   9.8430E+01   8.7365E-03  0.0723
   9.8430E+01   9.8480E+01   9.0640E-03  0.0743
   9.8480E+01   9.8530E+01   8.8591E-03  0.0802
   9.8530E+01   9.8580E+01   8.1713E-03  0.0910

#   sum over    2.0000E-03   8.7077E-03  0.0691

'no. =477,  ix = 15,  iy = 15'
msuc: {\huge Histograma}
msdr: {\it plotted by \ANGEL \version}
msdl: {\it calculated by \PHITS  3.35}
wt: s(0.7)
\vspace{-3}
  xmin  &=&   6.0000E-01 [cm]
  xmax  &=&   7.0000E-01 [cm]
  ymin  &=&  -2.5000E-01 [cm]
  ymax  &=&  -1.5000E-01 [cm]
e:

#------------------------------------------------------------------------------
 newpage:
#   no. =478   ix  = 15   iy  = 16
#   x = (   6.0000E-01  -   7.0000E-01  )
#   y = (  -1.5000E-01  -  -5.0000E-02  )

x: z[cm]
y: Dose [Gy/source]      
p: xlin ylog afac(0.8) form(0.9)
h: n            x            y(proton  ),hh0l n 
#  z-lower      z-upper        proton    r.err 
   9.8380E+01   9.8430E+01   7.5629E-03  0.0770
   9.8430E+01   9.8480E+01   7.8267E-03  0.0785
   9.8480E+01   9.8530E+01   7.8236E-03  0.0826
   9.8530E+01   9.8580E+01   8.5109E-03  0.0911

#   sum over    2.0000E-03   7.9310E-03  0.0728

'no. =478,  ix = 15,  iy = 16'
msuc: {\huge Histograma}
msdr: {\it plotted by \ANGEL \version}
msdl: {\it calculated by \PHITS  3.35}
wt: s(0.7)
\vspace{-3}
  xmin  &=&   6.0000E-01 [cm]
  xmax  &=&   7.0000E-01 [cm]
  ymin  &=&  -1.5000E-01 [cm]
  ymax  &=&  -5.0000E-02 [cm]
e:

#------------------------------------------------------------------------------
 newpage:
#   no. =479   ix  = 15   iy  = 17
#   x = (   6.0000E-01  -   7.0000E-01  )
#   y = (  -5.0000E-02  -   5.0000E-02  )

x: z[cm]
y: Dose [Gy/source]      
p: xlin ylog afac(0.8) form(0.9)
h: n            x            y(proton  ),hh0l n 
#  z-lower      z-upper        proton    r.err 
   9.8380E+01   9.8430E+01   8.0353E-03  0.0767
   9.8430E+01   9.8480E+01   8.1790E-03  0.0789
   9.8480E+01   9.8530E+01   7.6731E-03  0.0848
   9.8530E+01   9.8580E+01   7.2605E-03  0.0971

#   sum over    2.0000E-03   7.7870E-03  0.0725

'no. =479,  ix = 15,  iy = 17'
msuc: {\huge Histograma}
msdr: {\it plotted by \ANGEL \version}
msdl: {\it calculated by \PHITS  3.35}
wt: s(0.7)
\vspace{-3}
  xmin  &=&   6.0000E-01 [cm]
  xmax  &=&   7.0000E-01 [cm]
  ymin  &=&  -5.0000E-02 [cm]
  ymax  &=&   5.0000E-02 [cm]
e:

#------------------------------------------------------------------------------
 newpage:
#   no. =480   ix  = 15   iy  = 18
#   x = (   6.0000E-01  -   7.0000E-01  )
#   y = (   5.0000E-02  -   1.5000E-01  )

x: z[cm]
y: Dose [Gy/source]      
p: xlin ylog afac(0.8) form(0.9)
h: n            x            y(proton  ),hh0l n 
#  z-lower      z-upper        proton    r.err 
   9.8380E+01   9.8430E+01   7.4620E-03  0.0795
   9.8430E+01   9.8480E+01   7.5959E-03  0.0809
   9.8480E+01   9.8530E+01   7.4302E-03  0.0871
   9.8530E+01   9.8580E+01   6.7260E-03  0.0985

#   sum over    2.0000E-03   7.3035E-03  0.0741

'no. =480,  ix = 15,  iy = 18'
msuc: {\huge Histograma}
msdr: {\it plotted by \ANGEL \version}
msdl: {\it calculated by \PHITS  3.35}
wt: s(0.7)
\vspace{-3}
  xmin  &=&   6.0000E-01 [cm]
  xmax  &=&   7.0000E-01 [cm]
  ymin  &=&   5.0000E-02 [cm]
  ymax  &=&   1.5000E-01 [cm]
e:

#------------------------------------------------------------------------------
 newpage:
#   no. =481   ix  = 15   iy  = 19
#   x = (   6.0000E-01  -   7.0000E-01  )
#   y = (   1.5000E-01  -   2.5000E-01  )

x: z[cm]
y: Dose [Gy/source]      
p: xlin ylog afac(0.8) form(0.9)
h: n            x            y(proton  ),hh0l n 
#  z-lower      z-upper        proton    r.err 
   9.8380E+01   9.8430E+01   8.1001E-03  0.0756
   9.8430E+01   9.8480E+01   8.4185E-03  0.0782
   9.8480E+01   9.8530E+01   7.7792E-03  0.0846
   9.8530E+01   9.8580E+01   7.6096E-03  0.0939

#   sum over    2.0000E-03   7.9769E-03  0.0718

'no. =481,  ix = 15,  iy = 19'
msuc: {\huge Histograma}
msdr: {\it plotted by \ANGEL \version}
msdl: {\it calculated by \PHITS  3.35}
wt: s(0.7)
\vspace{-3}
  xmin  &=&   6.0000E-01 [cm]
  xmax  &=&   7.0000E-01 [cm]
  ymin  &=&   1.5000E-01 [cm]
  ymax  &=&   2.5000E-01 [cm]
e:

#------------------------------------------------------------------------------
 newpage:
#   no. =482   ix  = 15   iy  = 20
#   x = (   6.0000E-01  -   7.0000E-01  )
#   y = (   2.5000E-01  -   3.5000E-01  )

x: z[cm]
y: Dose [Gy/source]      
p: xlin ylog afac(0.8) form(0.9)
h: n            x            y(proton  ),hh0l n 
#  z-lower      z-upper        proton    r.err 
   9.8380E+01   9.8430E+01   7.4880E-03  0.0767
   9.8430E+01   9.8480E+01   7.9198E-03  0.0774
   9.8480E+01   9.8530E+01   7.8495E-03  0.0834
   9.8530E+01   9.8580E+01   7.9299E-03  0.0931

#   sum over    2.0000E-03   7.7968E-03  0.0730

'no. =482,  ix = 15,  iy = 20'
msuc: {\huge Histograma}
msdr: {\it plotted by \ANGEL \version}
msdl: {\it calculated by \PHITS  3.35}
wt: s(0.7)
\vspace{-3}
  xmin  &=&   6.0000E-01 [cm]
  xmax  &=&   7.0000E-01 [cm]
  ymin  &=&   2.5000E-01 [cm]
  ymax  &=&   3.5000E-01 [cm]
e:

#------------------------------------------------------------------------------
 newpage:
#   no. =483   ix  = 15   iy  = 21
#   x = (   6.0000E-01  -   7.0000E-01  )
#   y = (   3.5000E-01  -   4.5000E-01  )

x: z[cm]
y: Dose [Gy/source]      
p: xlin ylog afac(0.8) form(0.9)
h: n            x            y(proton  ),hh0l n 
#  z-lower      z-upper        proton    r.err 
   9.8380E+01   9.8430E+01   9.7128E-03  0.0698
   9.8430E+01   9.8480E+01   9.6954E-03  0.0718
   9.8480E+01   9.8530E+01   9.0826E-03  0.0779
   9.8530E+01   9.8580E+01   9.3760E-03  0.0861

#   sum over    2.0000E-03   9.4667E-03  0.0659

'no. =483,  ix = 15,  iy = 21'
msuc: {\huge Histograma}
msdr: {\it plotted by \ANGEL \version}
msdl: {\it calculated by \PHITS  3.35}
wt: s(0.7)
\vspace{-3}
  xmin  &=&   6.0000E-01 [cm]
  xmax  &=&   7.0000E-01 [cm]
  ymin  &=&   3.5000E-01 [cm]
  ymax  &=&   4.5000E-01 [cm]
e:

#------------------------------------------------------------------------------
 newpage:
#   no. =484   ix  = 15   iy  = 22
#   x = (   6.0000E-01  -   7.0000E-01  )
#   y = (   4.5000E-01  -   5.5000E-01  )

x: z[cm]
y: Dose [Gy/source]      
p: xlin ylog afac(0.8) form(0.9)
h: n            x            y(proton  ),hh0l n 
#  z-lower      z-upper        proton    r.err 
   9.8380E+01   9.8430E+01   8.4215E-03  0.0734
   9.8430E+01   9.8480E+01   8.8260E-03  0.0755
   9.8480E+01   9.8530E+01   8.1326E-03  0.0818
   9.8530E+01   9.8580E+01   8.2864E-03  0.0914

#   sum over    2.0000E-03   8.4166E-03  0.0700

'no. =484,  ix = 15,  iy = 22'
msuc: {\huge Histograma}
msdr: {\it plotted by \ANGEL \version}
msdl: {\it calculated by \PHITS  3.35}
wt: s(0.7)
\vspace{-3}
  xmin  &=&   6.0000E-01 [cm]
  xmax  &=&   7.0000E-01 [cm]
  ymin  &=&   4.5000E-01 [cm]
  ymax  &=&   5.5000E-01 [cm]
e:

#------------------------------------------------------------------------------
 newpage:
#   no. =485   ix  = 15   iy  = 23
#   x = (   6.0000E-01  -   7.0000E-01  )
#   y = (   5.5000E-01  -   6.5000E-01  )

x: z[cm]
y: Dose [Gy/source]      
p: xlin ylog afac(0.8) form(0.9)
h: n            x            y(proton  ),hh0l n 
#  z-lower      z-upper        proton    r.err 
   9.8380E+01   9.8430E+01   8.2561E-03  0.0738
   9.8430E+01   9.8480E+01   8.8087E-03  0.0774
   9.8480E+01   9.8530E+01   7.8043E-03  0.0826
   9.8530E+01   9.8580E+01   6.9836E-03  0.0963

#   sum over    2.0000E-03   7.9632E-03  0.0712

'no. =485,  ix = 15,  iy = 23'
msuc: {\huge Histograma}
msdr: {\it plotted by \ANGEL \version}
msdl: {\it calculated by \PHITS  3.35}
wt: s(0.7)
\vspace{-3}
  xmin  &=&   6.0000E-01 [cm]
  xmax  &=&   7.0000E-01 [cm]
  ymin  &=&   5.5000E-01 [cm]
  ymax  &=&   6.5000E-01 [cm]
e:

#------------------------------------------------------------------------------
 newpage:
#   no. =486   ix  = 15   iy  = 24
#   x = (   6.0000E-01  -   7.0000E-01  )
#   y = (   6.5000E-01  -   7.5000E-01  )

x: z[cm]
y: Dose [Gy/source]      
p: xlin ylog afac(0.8) form(0.9)
h: n            x            y(proton  ),hh0l n 
#  z-lower      z-upper        proton    r.err 
   9.8380E+01   9.8430E+01   7.0776E-03  0.0803
   9.8430E+01   9.8480E+01   7.4990E-03  0.0829
   9.8480E+01   9.8530E+01   7.2510E-03  0.0884
   9.8530E+01   9.8580E+01   6.9838E-03  0.0971

#   sum over    2.0000E-03   7.2028E-03  0.0749

'no. =486,  ix = 15,  iy = 24'
msuc: {\huge Histograma}
msdr: {\it plotted by \ANGEL \version}
msdl: {\it calculated by \PHITS  3.35}
wt: s(0.7)
\vspace{-3}
  xmin  &=&   6.0000E-01 [cm]
  xmax  &=&   7.0000E-01 [cm]
  ymin  &=&   6.5000E-01 [cm]
  ymax  &=&   7.5000E-01 [cm]
e:

#------------------------------------------------------------------------------
 newpage:
#   no. =487   ix  = 15   iy  = 25
#   x = (   6.0000E-01  -   7.0000E-01  )
#   y = (   7.5000E-01  -   8.5000E-01  )

x: z[cm]
y: Dose [Gy/source]      
p: xlin ylog afac(0.8) form(0.9)
h: n            x            y(proton  ),hh0l n 
#  z-lower      z-upper        proton    r.err 
   9.8380E+01   9.8430E+01   7.3849E-03  0.0776
   9.8430E+01   9.8480E+01   8.0130E-03  0.0778
   9.8480E+01   9.8530E+01   8.1885E-03  0.0829
   9.8530E+01   9.8580E+01   7.9900E-03  0.0925

#   sum over    2.0000E-03   7.8941E-03  0.0727

'no. =487,  ix = 15,  iy = 25'
msuc: {\huge Histograma}
msdr: {\it plotted by \ANGEL \version}
msdl: {\it calculated by \PHITS  3.35}
wt: s(0.7)
\vspace{-3}
  xmin  &=&   6.0000E-01 [cm]
  xmax  &=&   7.0000E-01 [cm]
  ymin  &=&   7.5000E-01 [cm]
  ymax  &=&   8.5000E-01 [cm]
e:

#------------------------------------------------------------------------------
 newpage:
#   no. =488   ix  = 15   iy  = 26
#   x = (   6.0000E-01  -   7.0000E-01  )
#   y = (   8.5000E-01  -   9.5000E-01  )

x: z[cm]
y: Dose [Gy/source]      
p: xlin ylog afac(0.8) form(0.9)
h: n            x            y(proton  ),hh0l n 
#  z-lower      z-upper        proton    r.err 
   9.8380E+01   9.8430E+01   8.5866E-03  0.0719
   9.8430E+01   9.8480E+01   9.2470E-03  0.0730
   9.8480E+01   9.8530E+01   9.3818E-03  0.0781
   9.8530E+01   9.8580E+01   8.3355E-03  0.0902

#   sum over    2.0000E-03   8.8877E-03  0.0679

'no. =488,  ix = 15,  iy = 26'
msuc: {\huge Histograma}
msdr: {\it plotted by \ANGEL \version}
msdl: {\it calculated by \PHITS  3.35}
wt: s(0.7)
\vspace{-3}
  xmin  &=&   6.0000E-01 [cm]
  xmax  &=&   7.0000E-01 [cm]
  ymin  &=&   8.5000E-01 [cm]
  ymax  &=&   9.5000E-01 [cm]
e:

#------------------------------------------------------------------------------
 newpage:
#   no. =489   ix  = 15   iy  = 27
#   x = (   6.0000E-01  -   7.0000E-01  )
#   y = (   9.5000E-01  -   1.0500E+00  )

x: z[cm]
y: Dose [Gy/source]      
p: xlin ylog afac(0.8) form(0.9)
h: n            x            y(proton  ),hh0l n 
#  z-lower      z-upper        proton    r.err 
   9.8380E+01   9.8430E+01   8.6017E-03  0.0725
   9.8430E+01   9.8480E+01   9.4854E-03  0.0743
   9.8480E+01   9.8530E+01   8.2380E-03  0.0816
   9.8530E+01   9.8580E+01   7.7120E-03  0.0941

#   sum over    2.0000E-03   8.5093E-03  0.0695

'no. =489,  ix = 15,  iy = 27'
msuc: {\huge Histograma}
msdr: {\it plotted by \ANGEL \version}
msdl: {\it calculated by \PHITS  3.35}
wt: s(0.7)
\vspace{-3}
  xmin  &=&   6.0000E-01 [cm]
  xmax  &=&   7.0000E-01 [cm]
  ymin  &=&   9.5000E-01 [cm]
  ymax  &=&   1.0500E+00 [cm]
e:

#------------------------------------------------------------------------------
 newpage:
#   no. =490   ix  = 15   iy  = 28
#   x = (   6.0000E-01  -   7.0000E-01  )
#   y = (   1.0500E+00  -   1.1500E+00  )

x: z[cm]
y: Dose [Gy/source]      
p: xlin ylog afac(0.8) form(0.9)
h: n            x            y(proton  ),hh0l n 
#  z-lower      z-upper        proton    r.err 
   9.8380E+01   9.8430E+01   8.1096E-03  0.0741
   9.8430E+01   9.8480E+01   8.8946E-03  0.0748
   9.8480E+01   9.8530E+01   8.4004E-03  0.0810
   9.8530E+01   9.8580E+01   8.9752E-03  0.0881

#   sum over    2.0000E-03   8.5950E-03  0.0699

'no. =490,  ix = 15,  iy = 28'
msuc: {\huge Histograma}
msdr: {\it plotted by \ANGEL \version}
msdl: {\it calculated by \PHITS  3.35}
wt: s(0.7)
\vspace{-3}
  xmin  &=&   6.0000E-01 [cm]
  xmax  &=&   7.0000E-01 [cm]
  ymin  &=&   1.0500E+00 [cm]
  ymax  &=&   1.1500E+00 [cm]
e:

#------------------------------------------------------------------------------
 newpage:
#   no. =491   ix  = 15   iy  = 29
#   x = (   6.0000E-01  -   7.0000E-01  )
#   y = (   1.1500E+00  -   1.2500E+00  )

x: z[cm]
y: Dose [Gy/source]      
p: xlin ylog afac(0.8) form(0.9)
h: n            x            y(proton  ),hh0l n 
#  z-lower      z-upper        proton    r.err 
   9.8380E+01   9.8430E+01   7.8731E-03  0.0737
   9.8430E+01   9.8480E+01   8.4317E-03  0.0749
   9.8480E+01   9.8530E+01   9.2333E-03  0.0787
   9.8530E+01   9.8580E+01   8.6673E-03  0.0886

#   sum over    2.0000E-03   8.5513E-03  0.0702

'no. =491,  ix = 15,  iy = 29'
msuc: {\huge Histograma}
msdr: {\it plotted by \ANGEL \version}
msdl: {\it calculated by \PHITS  3.35}
wt: s(0.7)
\vspace{-3}
  xmin  &=&   6.0000E-01 [cm]
  xmax  &=&   7.0000E-01 [cm]
  ymin  &=&   1.1500E+00 [cm]
  ymax  &=&   1.2500E+00 [cm]
e:

#------------------------------------------------------------------------------
 newpage:
#   no. =492   ix  = 15   iy  = 30
#   x = (   6.0000E-01  -   7.0000E-01  )
#   y = (   1.2500E+00  -   1.3500E+00  )

x: z[cm]
y: Dose [Gy/source]      
p: xlin ylog afac(0.8) form(0.9)
h: n            x            y(proton  ),hh0l n 
#  z-lower      z-upper        proton    r.err 
   9.8380E+01   9.8430E+01   6.8795E-03  0.0789
   9.8430E+01   9.8480E+01   7.8656E-03  0.0799
   9.8480E+01   9.8530E+01   8.1598E-03  0.0826
   9.8530E+01   9.8580E+01   7.6702E-03  0.0940

#   sum over    2.0000E-03   7.6438E-03  0.0735

'no. =492,  ix = 15,  iy = 30'
msuc: {\huge Histograma}
msdr: {\it plotted by \ANGEL \version}
msdl: {\it calculated by \PHITS  3.35}
wt: s(0.7)
\vspace{-3}
  xmin  &=&   6.0000E-01 [cm]
  xmax  &=&   7.0000E-01 [cm]
  ymin  &=&   1.2500E+00 [cm]
  ymax  &=&   1.3500E+00 [cm]
e:

#------------------------------------------------------------------------------
 newpage:
#   no. =493   ix  = 15   iy  = 31
#   x = (   6.0000E-01  -   7.0000E-01  )
#   y = (   1.3500E+00  -   1.4500E+00  )

x: z[cm]
y: Dose [Gy/source]      
p: xlin ylog afac(0.8) form(0.9)
h: n            x            y(proton  ),hh0l n 
#  z-lower      z-upper        proton    r.err 
   9.8380E+01   9.8430E+01   7.5324E-03  0.0785
   9.8430E+01   9.8480E+01   8.0387E-03  0.0790
   9.8480E+01   9.8530E+01   7.4390E-03  0.0875
   9.8530E+01   9.8580E+01   6.8861E-03  0.0996

#   sum over    2.0000E-03   7.4741E-03  0.0737

'no. =493,  ix = 15,  iy = 31'
msuc: {\huge Histograma}
msdr: {\it plotted by \ANGEL \version}
msdl: {\it calculated by \PHITS  3.35}
wt: s(0.7)
\vspace{-3}
  xmin  &=&   6.0000E-01 [cm]
  xmax  &=&   7.0000E-01 [cm]
  ymin  &=&   1.3500E+00 [cm]
  ymax  &=&   1.4500E+00 [cm]
e:

#------------------------------------------------------------------------------
 newpage:
#   no. =494   ix  = 15   iy  = 32
#   x = (   6.0000E-01  -   7.0000E-01  )
#   y = (   1.4500E+00  -   1.5500E+00  )

x: z[cm]
y: Dose [Gy/source]      
p: xlin ylog afac(0.8) form(0.9)
h: n            x            y(proton  ),hh0l n 
#  z-lower      z-upper        proton    r.err 
   9.8380E+01   9.8430E+01   8.7530E-03  0.0731
   9.8430E+01   9.8480E+01   8.9790E-03  0.0751
   9.8480E+01   9.8530E+01   8.9235E-03  0.0785
   9.8530E+01   9.8580E+01   8.8105E-03  0.0873

#   sum over    2.0000E-03   8.8665E-03  0.0680

'no. =494,  ix = 15,  iy = 32'
msuc: {\huge Histograma}
msdr: {\it plotted by \ANGEL \version}
msdl: {\it calculated by \PHITS  3.35}
wt: s(0.7)
\vspace{-3}
  xmin  &=&   6.0000E-01 [cm]
  xmax  &=&   7.0000E-01 [cm]
  ymin  &=&   1.4500E+00 [cm]
  ymax  &=&   1.5500E+00 [cm]
e:

#------------------------------------------------------------------------------
 newpage:
#   no. =495   ix  = 15   iy  = 33
#   x = (   6.0000E-01  -   7.0000E-01  )
#   y = (   1.5500E+00  -   1.6500E+00  )

x: z[cm]
y: Dose [Gy/source]      
p: xlin ylog afac(0.8) form(0.9)
h: n            x            y(proton  ),hh0l n 
#  z-lower      z-upper        proton    r.err 
   9.8380E+01   9.8430E+01   7.9371E-03  0.0770
   9.8430E+01   9.8480E+01   7.8118E-03  0.0803
   9.8480E+01   9.8530E+01   7.7681E-03  0.0830
   9.8530E+01   9.8580E+01   8.0165E-03  0.0933

#   sum over    2.0000E-03   7.8834E-03  0.0722

'no. =495,  ix = 15,  iy = 33'
msuc: {\huge Histograma}
msdr: {\it plotted by \ANGEL \version}
msdl: {\it calculated by \PHITS  3.35}
wt: s(0.7)
\vspace{-3}
  xmin  &=&   6.0000E-01 [cm]
  xmax  &=&   7.0000E-01 [cm]
  ymin  &=&   1.5500E+00 [cm]
  ymax  &=&   1.6500E+00 [cm]
e:

#------------------------------------------------------------------------------
 newpage:
#   no. =496   ix  = 16   iy  =  1
#   x = (   7.0000E-01  -   8.0000E-01  )
#   y = (  -1.6500E+00  -  -1.5500E+00  )

x: z[cm]
y: Dose [Gy/source]      
p: xlin ylog afac(0.8) form(0.9)
h: n            x            y(proton  ),hh0l n 
#  z-lower      z-upper        proton    r.err 
   9.8380E+01   9.8430E+01   0.0000E+00  0.0000
   9.8430E+01   9.8480E+01   0.0000E+00  0.0000
   9.8480E+01   9.8530E+01   0.0000E+00  0.0000
   9.8530E+01   9.8580E+01   0.0000E+00  0.0000

#   sum over    2.0000E-03   0.0000E+00  0.0000

'no. =496,  ix = 16,  iy =  1'
msuc: {\huge Histograma}
msdr: {\it plotted by \ANGEL \version}
msdl: {\it calculated by \PHITS  3.35}
wt: s(0.7)
\vspace{-3}
  xmin  &=&   7.0000E-01 [cm]
  xmax  &=&   8.0000E-01 [cm]
  ymin  &=&  -1.6500E+00 [cm]
  ymax  &=&  -1.5500E+00 [cm]
e:

#------------------------------------------------------------------------------
 newpage:
#   no. =497   ix  = 16   iy  =  2
#   x = (   7.0000E-01  -   8.0000E-01  )
#   y = (  -1.5500E+00  -  -1.4500E+00  )

x: z[cm]
y: Dose [Gy/source]      
p: xlin ylog afac(0.8) form(0.9)
h: n            x            y(proton  ),hh0l n 
#  z-lower      z-upper        proton    r.err 
   9.8380E+01   9.8430E+01   0.0000E+00  0.0000
   9.8430E+01   9.8480E+01   0.0000E+00  0.0000
   9.8480E+01   9.8530E+01   0.0000E+00  0.0000
   9.8530E+01   9.8580E+01   0.0000E+00  0.0000

#   sum over    2.0000E-03   0.0000E+00  0.0000

'no. =497,  ix = 16,  iy =  2'
msuc: {\huge Histograma}
msdr: {\it plotted by \ANGEL \version}
msdl: {\it calculated by \PHITS  3.35}
wt: s(0.7)
\vspace{-3}
  xmin  &=&   7.0000E-01 [cm]
  xmax  &=&   8.0000E-01 [cm]
  ymin  &=&  -1.5500E+00 [cm]
  ymax  &=&  -1.4500E+00 [cm]
e:

#------------------------------------------------------------------------------
 newpage:
#   no. =498   ix  = 16   iy  =  3
#   x = (   7.0000E-01  -   8.0000E-01  )
#   y = (  -1.4500E+00  -  -1.3500E+00  )

x: z[cm]
y: Dose [Gy/source]      
p: xlin ylog afac(0.8) form(0.9)
h: n            x            y(proton  ),hh0l n 
#  z-lower      z-upper        proton    r.err 
   9.8380E+01   9.8430E+01   0.0000E+00  0.0000
   9.8430E+01   9.8480E+01   0.0000E+00  0.0000
   9.8480E+01   9.8530E+01   0.0000E+00  0.0000
   9.8530E+01   9.8580E+01   0.0000E+00  0.0000

#   sum over    2.0000E-03   0.0000E+00  0.0000

'no. =498,  ix = 16,  iy =  3'
msuc: {\huge Histograma}
msdr: {\it plotted by \ANGEL \version}
msdl: {\it calculated by \PHITS  3.35}
wt: s(0.7)
\vspace{-3}
  xmin  &=&   7.0000E-01 [cm]
  xmax  &=&   8.0000E-01 [cm]
  ymin  &=&  -1.4500E+00 [cm]
  ymax  &=&  -1.3500E+00 [cm]
e:

#------------------------------------------------------------------------------
 newpage:
#   no. =499   ix  = 16   iy  =  4
#   x = (   7.0000E-01  -   8.0000E-01  )
#   y = (  -1.3500E+00  -  -1.2500E+00  )

x: z[cm]
y: Dose [Gy/source]      
p: xlin ylog afac(0.8) form(0.9)
h: n            x            y(proton  ),hh0l n 
#  z-lower      z-upper        proton    r.err 
   9.8380E+01   9.8430E+01   5.4623E-03  0.0973
   9.8430E+01   9.8480E+01   5.4174E-03  0.0993
   9.8480E+01   9.8530E+01   5.7017E-03  0.1028
   9.8530E+01   9.8580E+01   5.7066E-03  0.1135

#   sum over    2.0000E-03   5.5720E-03  0.0916

'no. =499,  ix = 16,  iy =  4'
msuc: {\huge Histograma}
msdr: {\it plotted by \ANGEL \version}
msdl: {\it calculated by \PHITS  3.35}
wt: s(0.7)
\vspace{-3}
  xmin  &=&   7.0000E-01 [cm]
  xmax  &=&   8.0000E-01 [cm]
  ymin  &=&  -1.3500E+00 [cm]
  ymax  &=&  -1.2500E+00 [cm]
e:

#------------------------------------------------------------------------------
 newpage:
#   no. =500   ix  = 16   iy  =  5
#   x = (   7.0000E-01  -   8.0000E-01  )
#   y = (  -1.2500E+00  -  -1.1500E+00  )

x: z[cm]
y: Dose [Gy/source]      
p: xlin ylog afac(0.8) form(0.9)
h: n            x            y(proton  ),hh0l n 
#  z-lower      z-upper        proton    r.err 
   9.8380E+01   9.8430E+01   8.3807E-03  0.0745
   9.8430E+01   9.8480E+01   8.7055E-03  0.0761
   9.8480E+01   9.8530E+01   8.6070E-03  0.0827
   9.8530E+01   9.8580E+01   7.4258E-03  0.0963

#   sum over    2.0000E-03   8.2798E-03  0.0710

'no. =500,  ix = 16,  iy =  5'
msuc: {\huge Histograma}
msdr: {\it plotted by \ANGEL \version}
msdl: {\it calculated by \PHITS  3.35}
wt: s(0.7)
\vspace{-3}
  xmin  &=&   7.0000E-01 [cm]
  xmax  &=&   8.0000E-01 [cm]
  ymin  &=&  -1.2500E+00 [cm]
  ymax  &=&  -1.1500E+00 [cm]
e:

#------------------------------------------------------------------------------
 newpage:
#   no. =501   ix  = 16   iy  =  6
#   x = (   7.0000E-01  -   8.0000E-01  )
#   y = (  -1.1500E+00  -  -1.0500E+00  )

x: z[cm]
y: Dose [Gy/source]      
p: xlin ylog afac(0.8) form(0.9)
h: n            x            y(proton  ),hh0l n 
#  z-lower      z-upper        proton    r.err 
   9.8380E+01   9.8430E+01   6.6136E-03  0.0810
   9.8430E+01   9.8480E+01   7.0762E-03  0.0817
   9.8480E+01   9.8530E+01   7.9303E-03  0.0848
   9.8530E+01   9.8580E+01   7.3590E-03  0.0968

#   sum over    2.0000E-03   7.2448E-03  0.0761

'no. =501,  ix = 16,  iy =  6'
msuc: {\huge Histograma}
msdr: {\it plotted by \ANGEL \version}
msdl: {\it calculated by \PHITS  3.35}
wt: s(0.7)
\vspace{-3}
  xmin  &=&   7.0000E-01 [cm]
  xmax  &=&   8.0000E-01 [cm]
  ymin  &=&  -1.1500E+00 [cm]
  ymax  &=&  -1.0500E+00 [cm]
e:

#------------------------------------------------------------------------------
 newpage:
#   no. =502   ix  = 16   iy  =  7
#   x = (   7.0000E-01  -   8.0000E-01  )
#   y = (  -1.0500E+00  -  -9.5000E-01  )

x: z[cm]
y: Dose [Gy/source]      
p: xlin ylog afac(0.8) form(0.9)
h: n            x            y(proton  ),hh0l n 
#  z-lower      z-upper        proton    r.err 
   9.8380E+01   9.8430E+01   7.7955E-03  0.0773
   9.8430E+01   9.8480E+01   8.1493E-03  0.0785
   9.8480E+01   9.8530E+01   8.3239E-03  0.0834
   9.8530E+01   9.8580E+01   7.6747E-03  0.0947

#   sum over    2.0000E-03   7.9859E-03  0.0723

'no. =502,  ix = 16,  iy =  7'
msuc: {\huge Histograma}
msdr: {\it plotted by \ANGEL \version}
msdl: {\it calculated by \PHITS  3.35}
wt: s(0.7)
\vspace{-3}
  xmin  &=&   7.0000E-01 [cm]
  xmax  &=&   8.0000E-01 [cm]
  ymin  &=&  -1.0500E+00 [cm]
  ymax  &=&  -9.5000E-01 [cm]
e:

#------------------------------------------------------------------------------
 newpage:
#   no. =503   ix  = 16   iy  =  8
#   x = (   7.0000E-01  -   8.0000E-01  )
#   y = (  -9.5000E-01  -  -8.5000E-01  )

x: z[cm]
y: Dose [Gy/source]      
p: xlin ylog afac(0.8) form(0.9)
h: n            x            y(proton  ),hh0l n 
#  z-lower      z-upper        proton    r.err 
   9.8380E+01   9.8430E+01   8.5429E-03  0.0745
   9.8430E+01   9.8480E+01   8.7082E-03  0.0758
   9.8480E+01   9.8530E+01   8.1745E-03  0.0827
   9.8530E+01   9.8580E+01   7.9176E-03  0.0944

#   sum over    2.0000E-03   8.3358E-03  0.0706

'no. =503,  ix = 16,  iy =  8'
msuc: {\huge Histograma}
msdr: {\it plotted by \ANGEL \version}
msdl: {\it calculated by \PHITS  3.35}
wt: s(0.7)
\vspace{-3}
  xmin  &=&   7.0000E-01 [cm]
  xmax  &=&   8.0000E-01 [cm]
  ymin  &=&  -9.5000E-01 [cm]
  ymax  &=&  -8.5000E-01 [cm]
e:

#------------------------------------------------------------------------------
 newpage:
#   no. =504   ix  = 16   iy  =  9
#   x = (   7.0000E-01  -   8.0000E-01  )
#   y = (  -8.5000E-01  -  -7.5000E-01  )

x: z[cm]
y: Dose [Gy/source]      
p: xlin ylog afac(0.8) form(0.9)
h: n            x            y(proton  ),hh0l n 
#  z-lower      z-upper        proton    r.err 
   9.8380E+01   9.8430E+01   7.9992E-03  0.0738
   9.8430E+01   9.8480E+01   8.7621E-03  0.0755
   9.8480E+01   9.8530E+01   8.8966E-03  0.0797
   9.8530E+01   9.8580E+01   8.5638E-03  0.0894

#   sum over    2.0000E-03   8.5555E-03  0.0700

'no. =504,  ix = 16,  iy =  9'
msuc: {\huge Histograma}
msdr: {\it plotted by \ANGEL \version}
msdl: {\it calculated by \PHITS  3.35}
wt: s(0.7)
\vspace{-3}
  xmin  &=&   7.0000E-01 [cm]
  xmax  &=&   8.0000E-01 [cm]
  ymin  &=&  -8.5000E-01 [cm]
  ymax  &=&  -7.5000E-01 [cm]
e:

#------------------------------------------------------------------------------
 newpage:
#   no. =505   ix  = 16   iy  = 10
#   x = (   7.0000E-01  -   8.0000E-01  )
#   y = (  -7.5000E-01  -  -6.5000E-01  )

x: z[cm]
y: Dose [Gy/source]      
p: xlin ylog afac(0.8) form(0.9)
h: n            x            y(proton  ),hh0l n 
#  z-lower      z-upper        proton    r.err 
   9.8380E+01   9.8430E+01   7.7944E-03  0.0747
   9.8430E+01   9.8480E+01   9.0426E-03  0.0763
   9.8480E+01   9.8530E+01   8.0865E-03  0.0817
   9.8530E+01   9.8580E+01   8.2812E-03  0.0902

#   sum over    2.0000E-03   8.3012E-03  0.0703

'no. =505,  ix = 16,  iy = 10'
msuc: {\huge Histograma}
msdr: {\it plotted by \ANGEL \version}
msdl: {\it calculated by \PHITS  3.35}
wt: s(0.7)
\vspace{-3}
  xmin  &=&   7.0000E-01 [cm]
  xmax  &=&   8.0000E-01 [cm]
  ymin  &=&  -7.5000E-01 [cm]
  ymax  &=&  -6.5000E-01 [cm]
e:

#------------------------------------------------------------------------------
 newpage:
#   no. =506   ix  = 16   iy  = 11
#   x = (   7.0000E-01  -   8.0000E-01  )
#   y = (  -6.5000E-01  -  -5.5000E-01  )

x: z[cm]
y: Dose [Gy/source]      
p: xlin ylog afac(0.8) form(0.9)
h: n            x            y(proton  ),hh0l n 
#  z-lower      z-upper        proton    r.err 
   9.8380E+01   9.8430E+01   7.4770E-03  0.0793
   9.8430E+01   9.8480E+01   7.5288E-03  0.0833
   9.8480E+01   9.8530E+01   7.2310E-03  0.0880
   9.8530E+01   9.8580E+01   6.8308E-03  0.1011

#   sum over    2.0000E-03   7.2669E-03  0.0752

'no. =506,  ix = 16,  iy = 11'
msuc: {\huge Histograma}
msdr: {\it plotted by \ANGEL \version}
msdl: {\it calculated by \PHITS  3.35}
wt: s(0.7)
\vspace{-3}
  xmin  &=&   7.0000E-01 [cm]
  xmax  &=&   8.0000E-01 [cm]
  ymin  &=&  -6.5000E-01 [cm]
  ymax  &=&  -5.5000E-01 [cm]
e:

#------------------------------------------------------------------------------
 newpage:
#   no. =507   ix  = 16   iy  = 12
#   x = (   7.0000E-01  -   8.0000E-01  )
#   y = (  -5.5000E-01  -  -4.5000E-01  )

x: z[cm]
y: Dose [Gy/source]      
p: xlin ylog afac(0.8) form(0.9)
h: n            x            y(proton  ),hh0l n 
#  z-lower      z-upper        proton    r.err 
   9.8380E+01   9.8430E+01   8.1292E-03  0.0732
   9.8430E+01   9.8480E+01   8.8679E-03  0.0743
   9.8480E+01   9.8530E+01   9.0560E-03  0.0774
   9.8530E+01   9.8580E+01   9.2047E-03  0.0870

#   sum over    2.0000E-03   8.8145E-03  0.0684

'no. =507,  ix = 16,  iy = 12'
msuc: {\huge Histograma}
msdr: {\it plotted by \ANGEL \version}
msdl: {\it calculated by \PHITS  3.35}
wt: s(0.7)
\vspace{-3}
  xmin  &=&   7.0000E-01 [cm]
  xmax  &=&   8.0000E-01 [cm]
  ymin  &=&  -5.5000E-01 [cm]
  ymax  &=&  -4.5000E-01 [cm]
e:

#------------------------------------------------------------------------------
 newpage:
#   no. =508   ix  = 16   iy  = 13
#   x = (   7.0000E-01  -   8.0000E-01  )
#   y = (  -4.5000E-01  -  -3.5000E-01  )

x: z[cm]
y: Dose [Gy/source]      
p: xlin ylog afac(0.8) form(0.9)
h: n            x            y(proton  ),hh0l n 
#  z-lower      z-upper        proton    r.err 
   9.8380E+01   9.8430E+01   7.8990E-03  0.0736
   9.8430E+01   9.8480E+01   8.4311E-03  0.0748
   9.8480E+01   9.8530E+01   9.1381E-03  0.0773
   9.8530E+01   9.8580E+01   9.2547E-03  0.0860

#   sum over    2.0000E-03   8.6807E-03  0.0691

'no. =508,  ix = 16,  iy = 13'
msuc: {\huge Histograma}
msdr: {\it plotted by \ANGEL \version}
msdl: {\it calculated by \PHITS  3.35}
wt: s(0.7)
\vspace{-3}
  xmin  &=&   7.0000E-01 [cm]
  xmax  &=&   8.0000E-01 [cm]
  ymin  &=&  -4.5000E-01 [cm]
  ymax  &=&  -3.5000E-01 [cm]
e:

#------------------------------------------------------------------------------
 newpage:
#   no. =509   ix  = 16   iy  = 14
#   x = (   7.0000E-01  -   8.0000E-01  )
#   y = (  -3.5000E-01  -  -2.5000E-01  )

x: z[cm]
y: Dose [Gy/source]      
p: xlin ylog afac(0.8) form(0.9)
h: n            x            y(proton  ),hh0l n 
#  z-lower      z-upper        proton    r.err 
   9.8380E+01   9.8430E+01   6.2957E-03  0.0868
   9.8430E+01   9.8480E+01   6.3752E-03  0.0888
   9.8480E+01   9.8530E+01   6.0522E-03  0.0988
   9.8530E+01   9.8580E+01   5.1554E-03  0.1130

#   sum over    2.0000E-03   5.9696E-03  0.0819

'no. =509,  ix = 16,  iy = 14'
msuc: {\huge Histograma}
msdr: {\it plotted by \ANGEL \version}
msdl: {\it calculated by \PHITS  3.35}
wt: s(0.7)
\vspace{-3}
  xmin  &=&   7.0000E-01 [cm]
  xmax  &=&   8.0000E-01 [cm]
  ymin  &=&  -3.5000E-01 [cm]
  ymax  &=&  -2.5000E-01 [cm]
e:

#------------------------------------------------------------------------------
 newpage:
#   no. =510   ix  = 16   iy  = 15
#   x = (   7.0000E-01  -   8.0000E-01  )
#   y = (  -2.5000E-01  -  -1.5000E-01  )

x: z[cm]
y: Dose [Gy/source]      
p: xlin ylog afac(0.8) form(0.9)
h: n            x            y(proton  ),hh0l n 
#  z-lower      z-upper        proton    r.err 
   9.8380E+01   9.8430E+01   8.1813E-03  0.0743
   9.8430E+01   9.8480E+01   8.9754E-03  0.0760
   9.8480E+01   9.8530E+01   8.1889E-03  0.0811
   9.8530E+01   9.8580E+01   8.3979E-03  0.0913

#   sum over    2.0000E-03   8.4359E-03  0.0702

'no. =510,  ix = 16,  iy = 15'
msuc: {\huge Histograma}
msdr: {\it plotted by \ANGEL \version}
msdl: {\it calculated by \PHITS  3.35}
wt: s(0.7)
\vspace{-3}
  xmin  &=&   7.0000E-01 [cm]
  xmax  &=&   8.0000E-01 [cm]
  ymin  &=&  -2.5000E-01 [cm]
  ymax  &=&  -1.5000E-01 [cm]
e:

#------------------------------------------------------------------------------
 newpage:
#   no. =511   ix  = 16   iy  = 16
#   x = (   7.0000E-01  -   8.0000E-01  )
#   y = (  -1.5000E-01  -  -5.0000E-02  )

x: z[cm]
y: Dose [Gy/source]      
p: xlin ylog afac(0.8) form(0.9)
h: n            x            y(proton  ),hh0l n 
#  z-lower      z-upper        proton    r.err 
   9.8380E+01   9.8430E+01   7.5528E-03  0.0777
   9.8430E+01   9.8480E+01   7.9840E-03  0.0791
   9.8480E+01   9.8530E+01   8.1024E-03  0.0849
   9.8530E+01   9.8580E+01   7.4948E-03  0.0969

#   sum over    2.0000E-03   7.7835E-03  0.0733

'no. =511,  ix = 16,  iy = 16'
msuc: {\huge Histograma}
msdr: {\it plotted by \ANGEL \version}
msdl: {\it calculated by \PHITS  3.35}
wt: s(0.7)
\vspace{-3}
  xmin  &=&   7.0000E-01 [cm]
  xmax  &=&   8.0000E-01 [cm]
  ymin  &=&  -1.5000E-01 [cm]
  ymax  &=&  -5.0000E-02 [cm]
e:

#------------------------------------------------------------------------------
 newpage:
#   no. =512   ix  = 16   iy  = 17
#   x = (   7.0000E-01  -   8.0000E-01  )
#   y = (  -5.0000E-02  -   5.0000E-02  )

x: z[cm]
y: Dose [Gy/source]      
p: xlin ylog afac(0.8) form(0.9)
h: n            x            y(proton  ),hh0l n 
#  z-lower      z-upper        proton    r.err 
   9.8380E+01   9.8430E+01   8.0067E-03  0.0751
   9.8430E+01   9.8480E+01   8.5144E-03  0.0768
   9.8480E+01   9.8530E+01   8.5610E-03  0.0828
   9.8530E+01   9.8580E+01   7.9730E-03  0.0931

#   sum over    2.0000E-03   8.2638E-03  0.0707

'no. =512,  ix = 16,  iy = 17'
msuc: {\huge Histograma}
msdr: {\it plotted by \ANGEL \version}
msdl: {\it calculated by \PHITS  3.35}
wt: s(0.7)
\vspace{-3}
  xmin  &=&   7.0000E-01 [cm]
  xmax  &=&   8.0000E-01 [cm]
  ymin  &=&  -5.0000E-02 [cm]
  ymax  &=&   5.0000E-02 [cm]
e:

#------------------------------------------------------------------------------
 newpage:
#   no. =513   ix  = 16   iy  = 18
#   x = (   7.0000E-01  -   8.0000E-01  )
#   y = (   5.0000E-02  -   1.5000E-01  )

x: z[cm]
y: Dose [Gy/source]      
p: xlin ylog afac(0.8) form(0.9)
h: n            x            y(proton  ),hh0l n 
#  z-lower      z-upper        proton    r.err 
   9.8380E+01   9.8430E+01   8.6035E-03  0.0714
   9.8430E+01   9.8480E+01   9.3646E-03  0.0730
   9.8480E+01   9.8530E+01   9.4645E-03  0.0775
   9.8530E+01   9.8580E+01   8.6550E-03  0.0893

#   sum over    2.0000E-03   9.0219E-03  0.0681

'no. =513,  ix = 16,  iy = 18'
msuc: {\huge Histograma}
msdr: {\it plotted by \ANGEL \version}
msdl: {\it calculated by \PHITS  3.35}
wt: s(0.7)
\vspace{-3}
  xmin  &=&   7.0000E-01 [cm]
  xmax  &=&   8.0000E-01 [cm]
  ymin  &=&   5.0000E-02 [cm]
  ymax  &=&   1.5000E-01 [cm]
e:

#------------------------------------------------------------------------------
 newpage:
#   no. =514   ix  = 16   iy  = 19
#   x = (   7.0000E-01  -   8.0000E-01  )
#   y = (   1.5000E-01  -   2.5000E-01  )

x: z[cm]
y: Dose [Gy/source]      
p: xlin ylog afac(0.8) form(0.9)
h: n            x            y(proton  ),hh0l n 
#  z-lower      z-upper        proton    r.err 
   9.8380E+01   9.8430E+01   7.3154E-03  0.0818
   9.8430E+01   9.8480E+01   7.2832E-03  0.0850
   9.8480E+01   9.8530E+01   5.9849E-03  0.0950
   9.8530E+01   9.8580E+01   6.0164E-03  0.1056

#   sum over    2.0000E-03   6.6500E-03  0.0773

'no. =514,  ix = 16,  iy = 19'
msuc: {\huge Histograma}
msdr: {\it plotted by \ANGEL \version}
msdl: {\it calculated by \PHITS  3.35}
wt: s(0.7)
\vspace{-3}
  xmin  &=&   7.0000E-01 [cm]
  xmax  &=&   8.0000E-01 [cm]
  ymin  &=&   1.5000E-01 [cm]
  ymax  &=&   2.5000E-01 [cm]
e:

#------------------------------------------------------------------------------
 newpage:
#   no. =515   ix  = 16   iy  = 20
#   x = (   7.0000E-01  -   8.0000E-01  )
#   y = (   2.5000E-01  -   3.5000E-01  )

x: z[cm]
y: Dose [Gy/source]      
p: xlin ylog afac(0.8) form(0.9)
h: n            x            y(proton  ),hh0l n 
#  z-lower      z-upper        proton    r.err 
   9.8380E+01   9.8430E+01   8.3601E-03  0.0741
   9.8430E+01   9.8480E+01   9.0050E-03  0.0760
   9.8480E+01   9.8530E+01   8.6309E-03  0.0811
   9.8530E+01   9.8580E+01   7.5821E-03  0.0950

#   sum over    2.0000E-03   8.3945E-03  0.0700

'no. =515,  ix = 16,  iy = 20'
msuc: {\huge Histograma}
msdr: {\it plotted by \ANGEL \version}
msdl: {\it calculated by \PHITS  3.35}
wt: s(0.7)
\vspace{-3}
  xmin  &=&   7.0000E-01 [cm]
  xmax  &=&   8.0000E-01 [cm]
  ymin  &=&   2.5000E-01 [cm]
  ymax  &=&   3.5000E-01 [cm]
e:

#------------------------------------------------------------------------------
 newpage:
#   no. =516   ix  = 16   iy  = 21
#   x = (   7.0000E-01  -   8.0000E-01  )
#   y = (   3.5000E-01  -   4.5000E-01  )

x: z[cm]
y: Dose [Gy/source]      
p: xlin ylog afac(0.8) form(0.9)
h: n            x            y(proton  ),hh0l n 
#  z-lower      z-upper        proton    r.err 
   9.8380E+01   9.8430E+01   8.0311E-03  0.0751
   9.8430E+01   9.8480E+01   8.7293E-03  0.0750
   9.8480E+01   9.8530E+01   8.9735E-03  0.0790
   9.8530E+01   9.8580E+01   8.6214E-03  0.0886

#   sum over    2.0000E-03   8.5888E-03  0.0698

'no. =516,  ix = 16,  iy = 21'
msuc: {\huge Histograma}
msdr: {\it plotted by \ANGEL \version}
msdl: {\it calculated by \PHITS  3.35}
wt: s(0.7)
\vspace{-3}
  xmin  &=&   7.0000E-01 [cm]
  xmax  &=&   8.0000E-01 [cm]
  ymin  &=&   3.5000E-01 [cm]
  ymax  &=&   4.5000E-01 [cm]
e:

#------------------------------------------------------------------------------
 newpage:
#   no. =517   ix  = 16   iy  = 22
#   x = (   7.0000E-01  -   8.0000E-01  )
#   y = (   4.5000E-01  -   5.5000E-01  )

x: z[cm]
y: Dose [Gy/source]      
p: xlin ylog afac(0.8) form(0.9)
h: n            x            y(proton  ),hh0l n 
#  z-lower      z-upper        proton    r.err 
   9.8380E+01   9.8430E+01   9.0367E-03  0.0697
   9.8430E+01   9.8480E+01   9.5358E-03  0.0721
   9.8480E+01   9.8530E+01   9.3822E-03  0.0781
   9.8530E+01   9.8580E+01   9.1954E-03  0.0872

#   sum over    2.0000E-03   9.2875E-03  0.0673

'no. =517,  ix = 16,  iy = 22'
msuc: {\huge Histograma}
msdr: {\it plotted by \ANGEL \version}
msdl: {\it calculated by \PHITS  3.35}
wt: s(0.7)
\vspace{-3}
  xmin  &=&   7.0000E-01 [cm]
  xmax  &=&   8.0000E-01 [cm]
  ymin  &=&   4.5000E-01 [cm]
  ymax  &=&   5.5000E-01 [cm]
e:

#------------------------------------------------------------------------------
 newpage:
#   no. =518   ix  = 16   iy  = 23
#   x = (   7.0000E-01  -   8.0000E-01  )
#   y = (   5.5000E-01  -   6.5000E-01  )

x: z[cm]
y: Dose [Gy/source]      
p: xlin ylog afac(0.8) form(0.9)
h: n            x            y(proton  ),hh0l n 
#  z-lower      z-upper        proton    r.err 
   9.8380E+01   9.8430E+01   7.6202E-03  0.0749
   9.8430E+01   9.8480E+01   8.8296E-03  0.0767
   9.8480E+01   9.8530E+01   8.4562E-03  0.0807
   9.8530E+01   9.8580E+01   8.7039E-03  0.0911

#   sum over    2.0000E-03   8.4025E-03  0.0711

'no. =518,  ix = 16,  iy = 23'
msuc: {\huge Histograma}
msdr: {\it plotted by \ANGEL \version}
msdl: {\it calculated by \PHITS  3.35}
wt: s(0.7)
\vspace{-3}
  xmin  &=&   7.0000E-01 [cm]
  xmax  &=&   8.0000E-01 [cm]
  ymin  &=&   5.5000E-01 [cm]
  ymax  &=&   6.5000E-01 [cm]
e:

#------------------------------------------------------------------------------
 newpage:
#   no. =519   ix  = 16   iy  = 24
#   x = (   7.0000E-01  -   8.0000E-01  )
#   y = (   6.5000E-01  -   7.5000E-01  )

x: z[cm]
y: Dose [Gy/source]      
p: xlin ylog afac(0.8) form(0.9)
h: n            x            y(proton  ),hh0l n 
#  z-lower      z-upper        proton    r.err 
   9.8380E+01   9.8430E+01   8.7375E-03  0.0722
   9.8430E+01   9.8480E+01   9.0906E-03  0.0738
   9.8480E+01   9.8530E+01   8.9246E-03  0.0781
   9.8530E+01   9.8580E+01   9.2833E-03  0.0866

#   sum over    2.0000E-03   9.0090E-03  0.0680

'no. =519,  ix = 16,  iy = 24'
msuc: {\huge Histograma}
msdr: {\it plotted by \ANGEL \version}
msdl: {\it calculated by \PHITS  3.35}
wt: s(0.7)
\vspace{-3}
  xmin  &=&   7.0000E-01 [cm]
  xmax  &=&   8.0000E-01 [cm]
  ymin  &=&   6.5000E-01 [cm]
  ymax  &=&   7.5000E-01 [cm]
e:

#------------------------------------------------------------------------------
 newpage:
#   no. =520   ix  = 16   iy  = 25
#   x = (   7.0000E-01  -   8.0000E-01  )
#   y = (   7.5000E-01  -   8.5000E-01  )

x: z[cm]
y: Dose [Gy/source]      
p: xlin ylog afac(0.8) form(0.9)
h: n            x            y(proton  ),hh0l n 
#  z-lower      z-upper        proton    r.err 
   9.8380E+01   9.8430E+01   8.7678E-03  0.0721
   9.8430E+01   9.8480E+01   9.0297E-03  0.0744
   9.8480E+01   9.8530E+01   9.2315E-03  0.0794
   9.8530E+01   9.8580E+01   8.1812E-03  0.0914

#   sum over    2.0000E-03   8.8026E-03  0.0684

'no. =520,  ix = 16,  iy = 25'
msuc: {\huge Histograma}
msdr: {\it plotted by \ANGEL \version}
msdl: {\it calculated by \PHITS  3.35}
wt: s(0.7)
\vspace{-3}
  xmin  &=&   7.0000E-01 [cm]
  xmax  &=&   8.0000E-01 [cm]
  ymin  &=&   7.5000E-01 [cm]
  ymax  &=&   8.5000E-01 [cm]
e:

#------------------------------------------------------------------------------
 newpage:
#   no. =521   ix  = 16   iy  = 26
#   x = (   7.0000E-01  -   8.0000E-01  )
#   y = (   8.5000E-01  -   9.5000E-01  )

x: z[cm]
y: Dose [Gy/source]      
p: xlin ylog afac(0.8) form(0.9)
h: n            x            y(proton  ),hh0l n 
#  z-lower      z-upper        proton    r.err 
   9.8380E+01   9.8430E+01   8.2458E-03  0.0745
   9.8430E+01   9.8480E+01   8.4443E-03  0.0764
   9.8480E+01   9.8530E+01   8.7917E-03  0.0789
   9.8530E+01   9.8580E+01   9.0660E-03  0.0880

#   sum over    2.0000E-03   8.6370E-03  0.0695

'no. =521,  ix = 16,  iy = 26'
msuc: {\huge Histograma}
msdr: {\it plotted by \ANGEL \version}
msdl: {\it calculated by \PHITS  3.35}
wt: s(0.7)
\vspace{-3}
  xmin  &=&   7.0000E-01 [cm]
  xmax  &=&   8.0000E-01 [cm]
  ymin  &=&   8.5000E-01 [cm]
  ymax  &=&   9.5000E-01 [cm]
e:

#------------------------------------------------------------------------------
 newpage:
#   no. =522   ix  = 16   iy  = 27
#   x = (   7.0000E-01  -   8.0000E-01  )
#   y = (   9.5000E-01  -   1.0500E+00  )

x: z[cm]
y: Dose [Gy/source]      
p: xlin ylog afac(0.8) form(0.9)
h: n            x            y(proton  ),hh0l n 
#  z-lower      z-upper        proton    r.err 
   9.8380E+01   9.8430E+01   7.4306E-03  0.0785
   9.8430E+01   9.8480E+01   8.0621E-03  0.0806
   9.8480E+01   9.8530E+01   7.1318E-03  0.0868
   9.8530E+01   9.8580E+01   7.2918E-03  0.0985

#   sum over    2.0000E-03   7.4791E-03  0.0746

'no. =522,  ix = 16,  iy = 27'
msuc: {\huge Histograma}
msdr: {\it plotted by \ANGEL \version}
msdl: {\it calculated by \PHITS  3.35}
wt: s(0.7)
\vspace{-3}
  xmin  &=&   7.0000E-01 [cm]
  xmax  &=&   8.0000E-01 [cm]
  ymin  &=&   9.5000E-01 [cm]
  ymax  &=&   1.0500E+00 [cm]
e:

#------------------------------------------------------------------------------
 newpage:
#   no. =523   ix  = 16   iy  = 28
#   x = (   7.0000E-01  -   8.0000E-01  )
#   y = (   1.0500E+00  -   1.1500E+00  )

x: z[cm]
y: Dose [Gy/source]      
p: xlin ylog afac(0.8) form(0.9)
h: n            x            y(proton  ),hh0l n 
#  z-lower      z-upper        proton    r.err 
   9.8380E+01   9.8430E+01   8.4091E-03  0.0730
   9.8430E+01   9.8480E+01   8.8791E-03  0.0745
   9.8480E+01   9.8530E+01   8.5300E-03  0.0812
   9.8530E+01   9.8580E+01   8.3926E-03  0.0907

#   sum over    2.0000E-03   8.5527E-03  0.0699

'no. =523,  ix = 16,  iy = 28'
msuc: {\huge Histograma}
msdr: {\it plotted by \ANGEL \version}
msdl: {\it calculated by \PHITS  3.35}
wt: s(0.7)
\vspace{-3}
  xmin  &=&   7.0000E-01 [cm]
  xmax  &=&   8.0000E-01 [cm]
  ymin  &=&   1.0500E+00 [cm]
  ymax  &=&   1.1500E+00 [cm]
e:

#------------------------------------------------------------------------------
 newpage:
#   no. =524   ix  = 16   iy  = 29
#   x = (   7.0000E-01  -   8.0000E-01  )
#   y = (   1.1500E+00  -   1.2500E+00  )

x: z[cm]
y: Dose [Gy/source]      
p: xlin ylog afac(0.8) form(0.9)
h: n            x            y(proton  ),hh0l n 
#  z-lower      z-upper        proton    r.err 
   9.8380E+01   9.8430E+01   6.9779E-03  0.0831
   9.8430E+01   9.8480E+01   6.5741E-03  0.0857
   9.8480E+01   9.8530E+01   6.4648E-03  0.0932
   9.8530E+01   9.8580E+01   6.2775E-03  0.1038

#   sum over    2.0000E-03   6.5736E-03  0.0781

'no. =524,  ix = 16,  iy = 29'
msuc: {\huge Histograma}
msdr: {\it plotted by \ANGEL \version}
msdl: {\it calculated by \PHITS  3.35}
wt: s(0.7)
\vspace{-3}
  xmin  &=&   7.0000E-01 [cm]
  xmax  &=&   8.0000E-01 [cm]
  ymin  &=&   1.1500E+00 [cm]
  ymax  &=&   1.2500E+00 [cm]
e:

#------------------------------------------------------------------------------
 newpage:
#   no. =525   ix  = 16   iy  = 30
#   x = (   7.0000E-01  -   8.0000E-01  )
#   y = (   1.2500E+00  -   1.3500E+00  )

x: z[cm]
y: Dose [Gy/source]      
p: xlin ylog afac(0.8) form(0.9)
h: n            x            y(proton  ),hh0l n 
#  z-lower      z-upper        proton    r.err 
   9.8380E+01   9.8430E+01   8.1465E-03  0.0730
   9.8430E+01   9.8480E+01   8.9863E-03  0.0741
   9.8480E+01   9.8530E+01   9.2700E-03  0.0781
   9.8530E+01   9.8580E+01   9.0402E-03  0.0875

#   sum over    2.0000E-03   8.8607E-03  0.0692

'no. =525,  ix = 16,  iy = 30'
msuc: {\huge Histograma}
msdr: {\it plotted by \ANGEL \version}
msdl: {\it calculated by \PHITS  3.35}
wt: s(0.7)
\vspace{-3}
  xmin  &=&   7.0000E-01 [cm]
  xmax  &=&   8.0000E-01 [cm]
  ymin  &=&   1.2500E+00 [cm]
  ymax  &=&   1.3500E+00 [cm]
e:

#------------------------------------------------------------------------------
 newpage:
#   no. =526   ix  = 16   iy  = 31
#   x = (   7.0000E-01  -   8.0000E-01  )
#   y = (   1.3500E+00  -   1.4500E+00  )

x: z[cm]
y: Dose [Gy/source]      
p: xlin ylog afac(0.8) form(0.9)
h: n            x            y(proton  ),hh0l n 
#  z-lower      z-upper        proton    r.err 
   9.8380E+01   9.8430E+01   8.0105E-03  0.0736
   9.8430E+01   9.8480E+01   8.8143E-03  0.0744
   9.8480E+01   9.8530E+01   8.9367E-03  0.0794
   9.8530E+01   9.8580E+01   8.1576E-03  0.0905

#   sum over    2.0000E-03   8.4798E-03  0.0697

'no. =526,  ix = 16,  iy = 31'
msuc: {\huge Histograma}
msdr: {\it plotted by \ANGEL \version}
msdl: {\it calculated by \PHITS  3.35}
wt: s(0.7)
\vspace{-3}
  xmin  &=&   7.0000E-01 [cm]
  xmax  &=&   8.0000E-01 [cm]
  ymin  &=&   1.3500E+00 [cm]
  ymax  &=&   1.4500E+00 [cm]
e:

#------------------------------------------------------------------------------
 newpage:
#   no. =527   ix  = 16   iy  = 32
#   x = (   7.0000E-01  -   8.0000E-01  )
#   y = (   1.4500E+00  -   1.5500E+00  )

x: z[cm]
y: Dose [Gy/source]      
p: xlin ylog afac(0.8) form(0.9)
h: n            x            y(proton  ),hh0l n 
#  z-lower      z-upper        proton    r.err 
   9.8380E+01   9.8430E+01   7.0688E-03  0.0783
   9.8430E+01   9.8480E+01   7.8855E-03  0.0811
   9.8480E+01   9.8530E+01   6.7072E-03  0.0878
   9.8530E+01   9.8580E+01   7.1523E-03  0.0976

#   sum over    2.0000E-03   7.2034E-03  0.0751

'no. =527,  ix = 16,  iy = 32'
msuc: {\huge Histograma}
msdr: {\it plotted by \ANGEL \version}
msdl: {\it calculated by \PHITS  3.35}
wt: s(0.7)
\vspace{-3}
  xmin  &=&   7.0000E-01 [cm]
  xmax  &=&   8.0000E-01 [cm]
  ymin  &=&   1.4500E+00 [cm]
  ymax  &=&   1.5500E+00 [cm]
e:

#------------------------------------------------------------------------------
 newpage:
#   no. =528   ix  = 16   iy  = 33
#   x = (   7.0000E-01  -   8.0000E-01  )
#   y = (   1.5500E+00  -   1.6500E+00  )

x: z[cm]
y: Dose [Gy/source]      
p: xlin ylog afac(0.8) form(0.9)
h: n            x            y(proton  ),hh0l n 
#  z-lower      z-upper        proton    r.err 
   9.8380E+01   9.8430E+01   7.8598E-03  0.0752
   9.8430E+01   9.8480E+01   8.2020E-03  0.0779
   9.8480E+01   9.8530E+01   8.2901E-03  0.0828
   9.8530E+01   9.8580E+01   7.9718E-03  0.0908

#   sum over    2.0000E-03   8.0809E-03  0.0719

'no. =528,  ix = 16,  iy = 33'
msuc: {\huge Histograma}
msdr: {\it plotted by \ANGEL \version}
msdl: {\it calculated by \PHITS  3.35}
wt: s(0.7)
\vspace{-3}
  xmin  &=&   7.0000E-01 [cm]
  xmax  &=&   8.0000E-01 [cm]
  ymin  &=&   1.5500E+00 [cm]
  ymax  &=&   1.6500E+00 [cm]
e:
 
# Information for Restart Calculation
# This calculation was newly started
# istdev =  2 # 1:Batch variance, 2:History variance
# resc2  = 2.00272125193213177E-02 # Total source weight or Total source weight / maxcas
# resc3  = 1.25000000000000000E+08 # Total history number or Total batch number
# maxcas =       25000 # History / Batch, only used for istdev=1
# bitrseed = 1011110110000000011000010101100001101110100111001100010100001110 # bit data of rseed
