[ T-Track ]
    title = [t-track] in xyz mesh
     mesh =  xyz            # mesh type is xyz scoring mesh
   x-type =    4            # x-mesh is linear given by xmin, xmax and xdel
     xmin =  -10.00000      # minimum value of x-mesh points
     xmax =   10.00000      # maximum value of x-mesh points
     xdel =  0.3000000      # mesh width of x-mesh points
#      nx =   67            # number of x-mesh points
#    data = ( x(i), i = 1, nx + 1 )
#          -1.00000E+01 -9.70000E+00 -9.40000E+00 -9.10000E+00 -8.80000E+00
#          -8.50000E+00 -8.20000E+00 -7.90000E+00 -7.60000E+00 -7.30000E+00
#          -7.00000E+00 -6.70000E+00 -6.40000E+00 -6.10000E+00 -5.80000E+00
#          -5.50000E+00 -5.20000E+00 -4.90000E+00 -4.60000E+00 -4.30000E+00
#          -4.00000E+00 -3.70000E+00 -3.40000E+00 -3.10000E+00 -2.80000E+00
#          -2.50000E+00 -2.20000E+00 -1.90000E+00 -1.60000E+00 -1.30000E+00
#          -1.00000E+00 -7.00000E-01 -4.00000E-01 -1.00000E-01  2.00000E-01
#           5.00000E-01  8.00000E-01  1.10000E+00  1.40000E+00  1.70000E+00
#           2.00000E+00  2.30000E+00  2.60000E+00  2.90000E+00  3.20000E+00
#           3.50000E+00  3.80000E+00  4.10000E+00  4.40000E+00  4.70000E+00
#           5.00000E+00  5.30000E+00  5.60000E+00  5.90000E+00  6.20000E+00
#           6.50000E+00  6.80000E+00  7.10000E+00  7.40000E+00  7.70000E+00
#           8.00000E+00  8.30000E+00  8.60000E+00  8.90000E+00  9.20000E+00
#           9.50000E+00  9.80000E+00  1.01000E+01
   y-type =    4            # y-mesh is linear given by ymin, ymax and ydel
     ymin =  -15.00000      # minimum value of y-mesh points
     ymax =   15.00000      # maximum value of y-mesh points
     ydel =  0.3000000      # mesh width of y-mesh points
#      ny =  100            # number of y-mesh points
#    data = ( y(i), i = 1, ny + 1 )
#          -1.50000E+01 -1.47000E+01 -1.44000E+01 -1.41000E+01 -1.38000E+01
#          -1.35000E+01 -1.32000E+01 -1.29000E+01 -1.26000E+01 -1.23000E+01
#          -1.20000E+01 -1.17000E+01 -1.14000E+01 -1.11000E+01 -1.08000E+01
#          -1.05000E+01 -1.02000E+01 -9.90000E+00 -9.60000E+00 -9.30000E+00
#          -9.00000E+00 -8.70000E+00 -8.40000E+00 -8.10000E+00 -7.80000E+00
#          -7.50000E+00 -7.20000E+00 -6.90000E+00 -6.60000E+00 -6.30000E+00
#          -6.00000E+00 -5.70000E+00 -5.40000E+00 -5.10000E+00 -4.80000E+00
#          -4.50000E+00 -4.20000E+00 -3.90000E+00 -3.60000E+00 -3.30000E+00
#          -3.00000E+00 -2.70000E+00 -2.40000E+00 -2.10000E+00 -1.80000E+00
#          -1.50000E+00 -1.20000E+00 -9.00000E-01 -6.00000E-01 -3.00000E-01
#           0.00000E+00  3.00000E-01  6.00000E-01  9.00000E-01  1.20000E+00
#           1.50000E+00  1.80000E+00  2.10000E+00  2.40000E+00  2.70000E+00
#           3.00000E+00  3.30000E+00  3.60000E+00  3.90000E+00  4.20000E+00
#           4.50000E+00  4.80000E+00  5.10000E+00  5.40000E+00  5.70000E+00
#           6.00000E+00  6.30000E+00  6.60000E+00  6.90000E+00  7.20000E+00
#           7.50000E+00  7.80000E+00  8.10000E+00  8.40000E+00  8.70000E+00
#           9.00000E+00  9.30000E+00  9.60000E+00  9.90000E+00  1.02000E+01
#           1.05000E+01  1.08000E+01  1.11000E+01  1.14000E+01  1.17000E+01
#           1.20000E+01  1.23000E+01  1.26000E+01  1.29000E+01  1.32000E+01
#           1.35000E+01  1.38000E+01  1.41000E+01  1.44000E+01  1.47000E+01
#           1.50000E+01
   z-type =    1            # z-mesh is given by the below data
       nz =      1          # number of z-mesh points
#    data = ( z(i), i = 1, nz + 1 )
            9.84700E+01  9.84900E+01
   e-type =    1            # e-mesh is given by the below data
       ne =      1          # number of e-mesh points
#    data = ( e(i), i = 1, ne + 1 )
            0.00000E+00  1.00000E+03
     unit =    1            # unit is [1/cm^2/source]
 material =  all            # (D=all) number of specific material
  2D-type =    3            # 1:Cont, 2:Clust, 3:Color, 4:xyz, 5:mat, 6:Clust+Cont, 7:Col+Cont
     axis =      xy            # axis of output
     file = ./out/track_xy_L.out  # file name of output for the above axis
     part =  proton     photon   
# kf/name :  2212       22       
    gshow =    1            # 0: no 1:bnd, 2:bnd+mat, 3:bnd+reg 4:bnd+lat 5:bmp style
    resol =    1            # (D=1) resolution of gshow or rshow
    width = 0.5000000       # (D=0.5) width of lines for gshow or rshow
   epsout =    1            # (D=0) generate eps file by ANGEL
#    used :        main (  %)        temp (  %)       total (  %)
#  memory :         177 (  0)           0 (  0)         177 (  0)

#------------------------------------------------------------------------------
#newpage:
#   no. =  1   ie  =  1   iz  =  1   part. = proton  
#   e = (   0.0000E+00  -   1.0000E+03  )
#   z = (   9.8470E+01  -   9.8490E+01  )

'no. =  1,  ie =  1,  iz =  1'
msuc: {\huge [t-track] in xyz mesh}
msdr: {\it plotted by \ANGEL \version}
msdl: {\it calculated by \PHITS  3.36}

x: x [cm]
y: y [cm]
set: c1[ 1.493] c2[ 0.737] c5[ 0.800] c6[ 0.849] c7[ 0.328] c8[ 0.000]
p: h2fs form[c1] xfac[c2] afac[c5] scal[c6] xorg[c7] yorg[c8] nosp
set: c3[   3.549848E+00] c4[   4.397960E+07]
p: cmin[c3] cmax[c4]
p: dmin(1e-31)
p: zlog
p: xmin( -10.00000    ) xmax(  10.10000    )
p: ymin( -15.00000    ) ymax(  15.00000    )
#  ny = 100   nx =  67
# ( ( data(x,y), x = 1, nx ), y = ny, 1, -1 )

hc:  y =   14.85000     to  -14.85000     by  0.3000000     ; x =  -9.850000     to   9.950000     by  0.3000000     ;
  0.000E+00  6.707E+02  3.613E+03  2.655E+03  8.939E+02  2.351E+03  1.121E+03  5.561E+03  1.551E+03  2.661E+03
  2.382E+03  4.115E+03  1.605E+03  2.842E+03  2.348E+03  1.630E+03  2.545E+03  2.202E+03  7.478E+02  1.964E+03
  3.164E+03  2.588E+03  4.621E+03  3.687E+03  1.155E+03  1.262E+03  5.352E+03  3.050E+03  2.735E+03  3.621E+03
  5.831E+03  4.389E+03  1.568E+03  2.680E+03  3.116E+03  4.869E+03  2.515E+03  3.806E+03  3.210E+03  3.644E+03
  3.548E+03  3.443E+03  2.857E+03  1.910E+03  2.628E+03  1.070E+03  1.486E+03  1.181E+03  2.405E+03  3.586E+03
  4.208E+03  1.815E+03  1.556E+03  3.668E+03  3.568E+03  3.569E+03  2.143E+03  1.220E+03  1.562E+03  1.780E+03
  2.436E+03  1.907E+03  3.215E+03  7.130E+03  2.395E+03  0.000E+00  0.000E+00  0.000E+00  3.709E+02  4.386E+03
  2.857E+03  1.575E+03  2.491E+03  1.772E+03  1.556E+03  9.180E+02  2.279E+03  2.666E+03  2.415E+03  3.218E+03
  2.228E+03  2.034E+03  3.610E+03  2.607E+03  2.268E+03  4.972E+03  4.968E+03  2.247E+03  2.469E+03  1.105E+03
  3.277E+03  4.050E+03  4.812E+03  3.743E+03  1.279E+03  2.360E+03  3.075E+03  2.549E+03  5.576E+03  3.174E+03
  4.076E+03  6.033E+03  2.320E+03  5.057E+03  3.292E+03  1.894E+03  1.833E+03  1.658E+03  2.665E+03  2.908E+03
  1.895E+03  2.060E+03  3.547E+03  2.036E+03  2.675E+03  3.432E+03  2.061E+03  2.496E+03  2.673E+03  8.011E+02
  3.561E+03  2.591E+03  2.780E+03  1.736E+03  2.921E+03  3.836E+03  2.346E+03  2.483E+03  3.073E+03  6.255E+03
  2.357E+03  1.979E+03  0.000E+00  0.000E+00  0.000E+00  1.941E+03  3.246E+03  1.692E+03  1.430E+03  2.382E+03
  1.918E+03  1.876E+03  2.930E+03  1.368E+03  3.590E+03  3.549E+03  3.013E+03  2.435E+03  1.979E+03  2.690E+03
  2.537E+03  1.410E+03  1.695E+03  2.681E+03  4.545E+03  1.958E+03  3.122E+03  4.873E+03  3.156E+03  1.473E+03
  4.117E+03  2.840E+03  1.477E+03  2.164E+03  5.801E+03  3.552E+03  4.583E+03  4.472E+03  2.551E+03  2.306E+03
  4.997E+03  2.310E+03  2.249E+03  3.609E+03  3.801E+03  1.903E+03  3.873E+03  5.721E+03  2.891E+03  2.242E+03
  2.847E+03  5.972E+03  4.023E+02  2.005E+03  2.355E+03  4.458E+03  7.906E+02  4.971E+03  2.411E+03  1.879E+03
  1.705E+03  3.495E+03  6.336E+03  3.030E+03  1.532E+03  1.282E+03  2.000E+03  5.603E+02  3.072E+03  1.609E+02
  0.000E+00  0.000E+00  3.821E+02  2.807E+03  2.698E+03  1.632E+03  2.047E+03  1.183E+03  2.712E+03  3.532E+03
  2.971E+03  3.833E+03  3.246E+03  1.014E+03  3.288E+03  2.799E+03  4.160E+03  2.234E+03  2.116E+03  2.410E+03
  2.217E+03  2.386E+03  3.374E+03  4.932E+03  2.874E+03  3.330E+03  4.039E+03  4.242E+03  2.132E+03  3.427E+03
  3.360E+03  3.216E+03  3.540E+03  6.756E+03  2.714E+03  4.196E+03  4.277E+03  2.046E+03  8.231E+02  2.988E+03
  2.803E+03  4.813E+03  2.676E+03  1.366E+03  5.222E+03  3.436E+03  8.819E+02  3.708E+03  4.074E+03  2.608E+03
  2.516E+03  3.234E+03  4.384E+03  5.619E+03  4.580E+03  1.870E+03  2.234E+03  3.095E+03  1.746E+03  2.665E+03
  6.231E+02  1.524E+03  1.722E+03  2.961E+03  2.999E+03  1.969E+03  0.000E+00  0.000E+00  0.000E+00  1.110E+03
  1.573E+03  8.208E+02  2.965E+03  1.914E+03  2.616E+03  3.498E+03  3.349E+03  3.136E+03  3.023E+03  2.772E+03
  3.767E+03  2.699E+03  3.207E+03  3.277E+03  3.635E+03  2.699E+03  2.272E+03  1.549E+03  4.972E+03  5.769E+03
  5.061E+03  2.264E+03  2.756E+03  2.086E+03  4.004E+03  4.905E+03  4.789E+03  3.601E+03  6.009E+03  3.370E+03
  3.898E+03  6.152E+03  3.429E+03  5.267E+03  8.987E+03  2.053E+03  4.630E+03  8.875E+03  3.625E+03  2.298E+03
  6.522E+03  5.168E+03  4.207E+03  2.827E+03  3.278E+03  2.295E+03  7.607E+02  2.435E+03  3.622E+03  3.516E+03
  3.441E+03  3.935E+03  4.778E+03  6.522E+03  3.557E+03  2.462E+03  1.965E+03  2.279E+03  1.739E+03  2.365E+03
  2.374E+03  2.099E+03  2.149E+03  0.000E+00  0.000E+00  0.000E+00  7.972E+02  4.106E+03  1.138E+03  1.916E+03
  2.024E+03  3.198E+03  3.156E+03  5.569E+03  3.268E+03  1.495E+03  3.641E+03  2.360E+03  1.530E+03  3.586E+03
  2.985E+03  3.090E+03  2.651E+03  2.900E+03  2.580E+03  3.679E+03  2.635E+03  4.148E+03  4.070E+03  5.810E+03
  4.039E+03  4.763E+03  3.387E+03  3.708E+03  4.344E+03  4.061E+03  4.624E+03  5.632E+03  4.330E+03  5.667E+03
  4.490E+03  9.701E+03  3.667E+03  2.493E+03  3.817E+03  4.586E+03  2.897E+03  7.492E+03  3.229E+03  5.411E+03
  4.001E+03  4.781E+03  4.469E+03  2.195E+03  4.828E+03  2.081E+03  3.158E+03  3.937E+03  4.971E+03  3.702E+03
  3.109E+03  7.044E+03  2.598E+03  1.684E+03  2.826E+03  1.951E+03  1.562E+03  1.722E+03  3.147E+03  3.243E+03
  0.000E+00  0.000E+00  0.000E+00  1.134E+03  1.546E+03  1.526E+03  3.630E+03  1.972E+03  1.720E+03  1.726E+03
  2.682E+03  1.906E+03  3.600E+03  4.094E+03  3.674E+03  4.565E+03  2.411E+03  2.742E+03  1.466E+03  4.339E+03
  3.364E+03  4.852E+03  3.927E+03  3.529E+03  4.693E+03  6.060E+03  3.022E+03  3.357E+03  4.432E+03  8.478E+03
  1.840E+03  4.876E+03  5.704E+03  2.078E+03  3.833E+03  5.333E+03  2.640E+03  8.415E+03  4.733E+03  2.642E+03
  3.907E+03  3.337E+03  4.660E+03  3.144E+03  7.456E+03  5.074E+03  2.405E+03  4.664E+03  4.271E+03  2.664E+03
  3.318E+03  4.229E+03  2.267E+03  3.619E+03  2.058E+03  1.363E+03  3.038E+03  2.668E+03  2.317E+03  3.948E+03
  2.943E+03  2.788E+03  1.997E+03  3.682E+03  2.305E+03  3.082E+03  3.492E+03  0.000E+00  0.000E+00  0.000E+00
  7.550E+02  2.745E+03  1.753E+03  2.825E+03  2.550E+03  2.065E+03  3.467E+03  4.369E+03  3.930E+03  2.830E+03
  1.125E+03  2.310E+03  3.693E+03  4.436E+03  6.297E+03  2.938E+03  5.586E+03  2.261E+03  4.341E+03  3.992E+03
  3.243E+03  4.466E+03  5.891E+03  3.582E+03  2.947E+03  3.181E+03  7.909E+03  5.019E+03  8.448E+03  2.882E+03
  5.554E+03  4.614E+03  4.601E+03  4.414E+03  1.113E+04  2.989E+03  5.334E+03  4.015E+03  3.730E+03  1.884E+03
  6.869E+03  3.827E+03  4.817E+03  3.009E+03  4.110E+03  2.421E+03  3.339E+03  3.718E+03  3.904E+03  3.326E+03
  3.517E+03  3.796E+03  5.152E+03  4.865E+03  1.494E+03  3.655E+03  2.914E+03  4.138E+03  2.289E+03  4.995E+03
  1.215E+03  1.749E+03  3.323E+03  1.133E+03  2.627E+02  0.000E+00  0.000E+00  3.704E+02  2.551E+03  1.625E+03
  4.219E+03  3.681E+03  1.984E+03  3.374E+03  3.470E+03  3.286E+03  2.756E+03  6.609E+03  3.349E+03  4.919E+03
  2.019E+03  4.361E+03  3.072E+03  1.658E+03  3.854E+03  3.013E+03  2.984E+03  7.250E+03  4.751E+03  8.308E+03
  2.177E+03  6.154E+03  6.112E+03  3.905E+03  6.894E+03  5.493E+03  5.702E+03  4.096E+03  5.597E+03  9.052E+03
  5.552E+03  1.257E+04  1.097E+04  9.031E+03  5.289E+03  5.120E+03  6.878E+03  4.747E+03  5.794E+03  4.212E+03
  7.366E+03  3.604E+03  6.376E+03  2.289E+03  4.043E+03  4.154E+03  7.061E+03  1.702E+03  2.764E+03  2.875E+03
  3.996E+03  2.317E+03  5.617E+03  3.596E+03  3.561E+03  4.668E+03  3.481E+03  3.005E+03  3.785E+03  2.428E+03
  3.873E+03  0.000E+00  0.000E+00  0.000E+00  1.321E+03  3.168E+03  1.934E+03  4.611E+03  2.737E+03  2.933E+03
  3.879E+03  5.592E+03  4.551E+03  3.470E+03  4.600E+03  5.814E+03  4.187E+03  6.957E+03  5.108E+03  5.639E+03
  9.846E+03  5.315E+03  4.125E+03  5.582E+03  7.208E+03  4.146E+03  4.958E+03  4.886E+03  6.325E+03  5.799E+03
  6.114E+03  8.513E+03  1.039E+04  1.130E+04  7.312E+03  7.824E+03  7.847E+03  7.780E+03  8.934E+03  6.201E+03
  8.952E+03  4.131E+03  3.279E+03  4.215E+03  8.108E+03  5.243E+03  2.940E+03  3.756E+03  2.150E+03  7.320E+03
  3.801E+03  4.720E+03  3.861E+03  2.039E+03  5.667E+03  6.904E+03  4.593E+03  3.471E+03  4.441E+03  4.380E+03
  8.313E+03  3.031E+03  5.259E+03  3.748E+03  1.853E+03  2.313E+03  3.237E+03  4.040E+03  0.000E+00  0.000E+00
  0.000E+00  1.580E+03  1.532E+03  7.741E+02  5.584E+03  3.170E+03  4.066E+03  3.048E+03  2.576E+03  4.209E+03
  4.225E+03  5.187E+03  2.641E+03  7.096E+03  7.561E+03  4.125E+03  3.045E+03  4.757E+03  6.233E+03  9.388E+03
  6.380E+03  5.317E+03  4.466E+03  9.301E+03  5.474E+03  8.158E+03  1.031E+04  8.488E+03  1.507E+04  1.329E+04
  1.779E+04  1.220E+04  1.581E+04  1.491E+04  1.238E+04  1.250E+04  1.507E+04  1.458E+04  1.160E+04  1.194E+04
  7.577E+03  7.458E+03  1.126E+04  8.163E+03  8.176E+03  7.422E+03  8.218E+03  3.515E+03  5.768E+03  5.374E+03
  1.760E+03  5.253E+03  4.643E+03  4.598E+03  4.877E+03  3.109E+03  2.336E+03  5.176E+03  4.638E+03  5.349E+03
  4.840E+03  2.793E+03  2.759E+03  5.088E+03  2.255E+03  9.151E+01  0.000E+00  0.000E+00  2.208E+03  4.259E+03
  2.984E+03  4.609E+03  3.200E+03  3.912E+03  3.193E+03  5.009E+03  4.501E+03  4.853E+03  8.066E+03  7.222E+03
  5.216E+03  5.865E+03  5.407E+03  4.566E+03  7.250E+03  4.083E+03  8.426E+03  7.596E+03  9.485E+03  1.283E+04
  1.455E+04  1.388E+04  1.759E+04  1.842E+04  2.209E+04  2.059E+04  3.008E+04  3.067E+04  3.155E+04  2.963E+04
  2.886E+04  3.139E+04  3.047E+04  2.517E+04  1.897E+04  2.401E+04  2.664E+04  1.897E+04  1.376E+04  1.333E+04
  9.679E+03  1.199E+04  8.675E+03  8.124E+03  6.465E+03  8.057E+03  4.414E+03  4.741E+03  4.226E+03  7.673E+03
  5.970E+03  3.041E+03  4.232E+03  4.197E+03  4.475E+03  3.011E+03  3.054E+03  3.881E+03  2.960E+03  3.175E+03
  3.152E+03  6.871E+03  0.000E+00  0.000E+00  0.000E+00  1.680E+03  3.592E+03  1.879E+03  3.071E+03  4.943E+03
  1.980E+03  1.968E+03  4.415E+03  4.172E+03  5.358E+03  4.596E+03  7.899E+03  3.922E+03  6.790E+03  5.534E+03
  7.083E+03  8.465E+03  8.713E+03  1.071E+04  1.506E+04  1.547E+04  1.981E+04  2.750E+04  2.524E+04  3.435E+04
  4.252E+04  5.306E+04  5.621E+04  5.034E+04  6.424E+04  6.449E+04  6.730E+04  6.969E+04  6.633E+04  6.527E+04
  5.416E+04  5.540E+04  5.309E+04  3.960E+04  4.505E+04  4.008E+04  3.463E+04  2.616E+04  1.752E+04  1.599E+04
  1.623E+04  9.385E+03  5.668E+03  7.512E+03  8.581E+03  3.387E+03  5.603E+03  4.519E+03  2.102E+03  8.742E+03
  6.308E+03  1.563E+03  2.779E+03  4.953E+03  3.521E+03  1.451E+03  1.856E+03  3.134E+03  3.836E+03  0.000E+00
  0.000E+00  0.000E+00  8.838E+02  4.009E+03  3.069E+03  7.504E+03  6.553E+03  2.456E+03  4.212E+03  3.679E+03
  4.914E+03  6.691E+03  3.819E+03  6.634E+03  5.138E+03  3.645E+03  9.838E+03  1.165E+04  1.269E+04  1.465E+04
  1.765E+04  2.823E+04  3.938E+04  4.966E+04  6.186E+04  6.145E+04  8.440E+04  9.029E+04  1.017E+05  1.047E+05
  1.323E+05  1.302E+05  1.397E+05  1.440E+05  1.509E+05  1.346E+05  1.264E+05  1.369E+05  1.160E+05  1.048E+05
  9.547E+04  8.629E+04  6.796E+04  6.077E+04  5.354E+04  3.791E+04  3.075E+04  2.621E+04  1.909E+04  1.224E+04
  1.036E+04  5.277E+03  5.140E+03  7.375E+03  4.258E+03  4.345E+03  4.979E+03  4.954E+03  6.490E+03  5.611E+03
  3.567E+03  2.235E+03  5.688E+03  2.692E+03  4.876E+03  3.136E+03  0.000E+00  0.000E+00  0.000E+00  3.335E+03
  4.522E+03  2.370E+03  7.222E+03  3.076E+03  5.137E+03  7.931E+03  5.086E+03  4.554E+03  5.083E+03  5.472E+03
  6.933E+03  6.446E+03  1.094E+04  1.522E+04  1.598E+04  2.464E+04  2.935E+04  4.389E+04  5.331E+04  7.357E+04
  7.856E+04  1.039E+05  1.265E+05  1.449E+05  1.897E+05  2.024E+05  2.126E+05  2.289E+05  2.319E+05  2.681E+05
  2.440E+05  2.840E+05  2.485E+05  2.694E+05  2.391E+05  2.220E+05  2.000E+05  1.938E+05  1.682E+05  1.487E+05
  1.228E+05  1.014E+05  8.696E+04  7.913E+04  4.533E+04  3.317E+04  3.373E+04  2.429E+04  1.391E+04  1.122E+04
  7.706E+03  9.362E+03  7.339E+03  4.930E+03  6.547E+03  3.997E+03  3.653E+03  2.283E+03  4.371E+03  5.499E+03
  3.593E+03  1.690E+03  5.969E+03  3.703E+02  0.000E+00  0.000E+00  8.280E+02  2.795E+03  3.690E+03  1.725E+03
  3.244E+03  4.315E+03  3.897E+03  3.948E+03  4.933E+03  4.356E+03  5.516E+03  8.518E+03  9.626E+03  1.793E+04
  2.377E+04  3.249E+04  4.432E+04  6.053E+04  8.697E+04  1.125E+05  1.463E+05  1.876E+05  2.186E+05  2.690E+05
  2.806E+05  3.272E+05  3.490E+05  3.829E+05  4.551E+05  4.197E+05  4.474E+05  4.794E+05  4.911E+05  4.417E+05
  4.598E+05  4.256E+05  4.090E+05  3.880E+05  3.469E+05  3.096E+05  2.693E+05  2.467E+05  2.088E+05  1.504E+05
  1.200E+05  9.772E+04  7.826E+04  5.072E+04  4.760E+04  2.771E+04  2.767E+04  1.378E+04  1.088E+04  1.033E+04
  5.317E+03  9.080E+03  6.875E+03  6.606E+03  6.843E+03  7.054E+03  4.496E+03  3.325E+03  1.520E+03  4.512E+03
  2.704E+02  0.000E+00  0.000E+00  2.409E+03  4.046E+03  5.519E+03  4.077E+03  6.108E+03  8.876E+03  3.316E+03
  4.531E+03  3.294E+03  9.510E+03  1.153E+04  1.836E+04  2.227E+04  3.402E+04  4.778E+04  6.627E+04  8.789E+04
  1.233E+05  1.721E+05  2.258E+05  2.602E+05  3.195E+05  3.776E+05  4.235E+05  4.815E+05  5.390E+05  6.051E+05
  6.252E+05  6.665E+05  6.822E+05  7.274E+05  7.472E+05  7.351E+05  7.225E+05  7.058E+05  6.539E+05  6.731E+05
  6.039E+05  5.512E+05  5.224E+05  4.673E+05  4.047E+05  3.547E+05  3.188E+05  2.515E+05  1.875E+05  1.558E+05
  1.136E+05  9.510E+04  6.697E+04  4.473E+04  2.935E+04  2.199E+04  1.299E+04  1.011E+04  6.330E+03  9.545E+03
  6.065E+03  4.253E+03  1.902E+03  2.237E+03  3.578E+03  4.186E+03  2.285E+03  5.570E+01  0.000E+00  0.000E+00
  1.714E+03  5.762E+03  3.917E+03  4.602E+03  7.057E+03  5.362E+03  4.104E+03  9.068E+03  5.120E+03  1.860E+04
  1.852E+04  3.094E+04  4.115E+04  6.032E+04  9.811E+04  1.292E+05  1.844E+05  2.455E+05  2.858E+05  3.566E+05
  4.533E+05  5.536E+05  5.921E+05  6.742E+05  7.394E+05  8.062E+05  8.571E+05  9.193E+05  9.719E+05  9.715E+05
  1.055E+06  1.038E+06  1.041E+06  1.056E+06  9.972E+05  9.858E+05  9.614E+05  9.158E+05  8.196E+05  7.943E+05
  7.276E+05  6.616E+05  5.844E+05  5.089E+05  3.962E+05  3.574E+05  2.635E+05  2.179E+05  1.541E+05  1.108E+05
  7.687E+04  5.471E+04  3.622E+04  3.072E+04  1.729E+04  9.449E+03  8.619E+03  5.235E+03  6.793E+03  5.728E+03
  4.492E+03  3.786E+03  2.686E+03  3.452E+03  0.000E+00  0.000E+00  0.000E+00  2.088E+03  2.839E+03  6.123E+03
  4.176E+03  3.268E+03  4.343E+03  6.248E+03  1.013E+04  1.619E+04  2.625E+04  4.017E+04  5.344E+04  7.444E+04
  1.180E+05  1.732E+05  2.392E+05  3.078E+05  4.027E+05  5.029E+05  5.895E+05  6.755E+05  7.632E+05  8.953E+05
  9.607E+05  1.035E+06  1.136E+06  1.222E+06  1.273E+06  1.314E+06  8.748E+05  3.791E+05  1.463E+05  7.028E+04
  1.866E+05  5.208E+05  1.135E+06  1.301E+06  1.245E+06  1.180E+06  1.114E+06  1.012E+06  9.555E+05  8.552E+05
  7.763E+05  6.358E+05  5.787E+05  4.679E+05  3.915E+05  2.949E+05  2.192E+05  1.539E+05  1.148E+05  6.906E+04
  4.859E+04  2.488E+04  1.777E+04  1.200E+04  1.047E+04  6.590E+03  7.208E+03  5.658E+03  5.235E+03  3.364E+03
  3.057E+03  1.773E+02  0.000E+00  0.000E+00  2.168E+03  4.016E+03  3.408E+03  6.910E+03  4.994E+03  9.206E+03
  1.088E+04  1.399E+04  3.290E+04  4.852E+04  6.965E+04  8.858E+04  1.535E+05  2.058E+05  3.047E+05  3.870E+05
  5.068E+05  6.120E+05  7.214E+05  8.479E+05  9.783E+05  1.120E+06  1.230E+06  1.329E+06  1.391E+06  1.517E+06
  1.604E+06  1.508E+06  4.269E+05  1.475E+03  7.905E+02  5.308E+02  2.123E+03  1.417E+02  6.307E+02  2.932E+04
  8.316E+05  1.631E+06  1.572E+06  1.503E+06  1.377E+06  1.273E+06  1.164E+06  1.029E+06  9.364E+05  8.247E+05
  7.380E+05  5.673E+05  4.566E+05  3.716E+05  2.668E+05  1.968E+05  1.323E+05  8.552E+04  5.805E+04  3.723E+04
  1.592E+04  1.387E+04  1.026E+04  7.827E+03  8.034E+03  1.245E+04  5.767E+03  4.059E+03  0.000E+00  0.000E+00
  0.000E+00  3.369E+03  4.217E+03  5.990E+03  6.755E+03  7.808E+03  1.464E+04  2.352E+04  2.719E+04  4.733E+04
  8.079E+04  1.269E+05  1.762E+05  2.611E+05  3.568E+05  4.765E+05  6.138E+05  7.524E+05  8.786E+05  1.008E+06
  1.163E+06  1.323E+06  1.441E+06  1.565E+06  1.726E+06  1.839E+06  1.920E+06  1.903E+06  3.823E+05  5.821E+02
  0.000E+00  0.000E+00  6.572E+02  1.401E+03  1.784E+03  1.394E+03  4.210E+03  4.346E+02  9.753E+05  2.041E+06
  1.863E+06  1.739E+06  1.677E+06  1.522E+06  1.383E+06  1.265E+06  1.131E+06  9.982E+05  8.379E+05  6.681E+05
  5.540E+05  4.448E+05  3.200E+05  2.409E+05  1.676E+05  1.067E+05  6.988E+04  4.230E+04  3.100E+04  1.798E+04
  9.318E+03  7.734E+03  5.028E+03  1.801E+03  5.514E+03  3.659E+02  0.000E+00  0.000E+00  8.111E+02  5.528E+03
  8.026E+03  5.888E+03  9.613E+03  1.544E+04  3.336E+04  5.483E+04  9.007E+04  1.456E+05  2.162E+05  2.936E+05
  4.281E+05  5.642E+05  7.192E+05  8.757E+05  9.975E+05  1.182E+06  1.354E+06  1.517E+06  1.647E+06  1.842E+06
  1.998E+06  2.191E+06  2.258E+06  2.440E+06  1.152E+06  0.000E+00  8.213E+02  0.000E+00  0.000E+00  0.000E+00
  0.000E+00  0.000E+00  4.510E+03  5.201E+02  1.113E+01  1.416E+04  1.981E+06  2.405E+06  2.212E+06  2.034E+06
  1.949E+06  1.798E+06  1.592E+06  1.454E+06  1.288E+06  1.104E+06  9.518E+05  8.268E+05  6.646E+05  5.082E+05
  3.647E+05  2.780E+05  1.758E+05  1.238E+05  7.282E+04  5.176E+04  2.734E+04  2.296E+04  1.642E+04  1.170E+04
  3.861E+03  4.645E+03  3.716E+02  0.000E+00  0.000E+00  2.076E+03  6.923E+03  7.858E+03  1.393E+04  2.211E+04
  3.014E+04  5.067E+04  9.274E+04  1.571E+05  2.283E+05  3.636E+05  4.355E+05  6.041E+05  7.840E+05  9.562E+05
  1.175E+06  1.333E+06  1.495E+06  1.664E+06  1.898E+06  2.083E+06  2.271E+06  2.474E+06  2.580E+06  2.807E+06
  2.871E+06  1.422E+05  2.768E+02  0.000E+00  0.000E+00  0.000E+00  0.000E+00  0.000E+00  8.183E+02  3.965E+02
  3.358E+02  1.149E+03  7.080E+02  1.027E+06  2.941E+06  2.781E+06  2.626E+06  2.470E+06  2.210E+06  1.999E+06
  1.821E+06  1.612E+06  1.427E+06  1.263E+06  1.100E+06  9.020E+05  7.238E+05  5.737E+05  4.257E+05  3.010E+05
  2.045E+05  1.215E+05  7.230E+04  5.072E+04  2.758E+04  1.533E+04  9.496E+03  5.430E+03  7.522E+03  3.581E+02
  0.000E+00  0.000E+00  3.532E+03  6.737E+03  1.433E+04  1.972E+04  3.309E+04  4.976E+04  8.594E+04  1.627E+05
  2.462E+05  3.375E+05  5.475E+05  6.822E+05  8.565E+05  1.038E+06  1.233E+06  1.440E+06  1.695E+06  1.897E+06
  2.105E+06  2.394E+06  2.576E+06  2.826E+06  2.997E+06  3.307E+06  3.556E+06  2.702E+06  3.817E+02  1.565E+02
  0.000E+00  0.000E+00  4.647E+03  4.526E+03  1.104E+03  2.515E+03  6.743E+02  5.626E+02  0.000E+00  3.139E+02
  2.616E+05  3.633E+06  3.428E+06  3.195E+06  2.990E+06  2.735E+06  2.530E+06  2.273E+06  2.032E+06  1.833E+06
  1.612E+06  1.406E+06  1.175E+06  9.714E+05  8.073E+05  6.116E+05  4.552E+05  3.117E+05  2.035E+05  1.401E+05
  8.308E+04  5.018E+04  3.046E+04  1.132E+04  1.423E+04  8.095E+03  1.268E+02  0.000E+00  0.000E+00  3.441E+03
  1.386E+04  2.288E+04  2.412E+04  5.916E+04  9.482E+04  1.576E+05  2.591E+05  3.860E+05  5.488E+05  7.137E+05
  9.194E+05  1.132E+06  1.344E+06  1.571E+06  1.819E+06  2.022E+06  2.296E+06  2.561E+06  2.883E+06  3.184E+06
  3.420E+06  3.777E+06  4.044E+06  4.311E+06  2.801E+06  2.236E+03  7.400E+02  5.176E+02  0.000E+00  6.417E+02
  9.737E+02  2.084E+05  1.216E+03  4.797E+02  0.000E+00  0.000E+00  1.453E+03  7.890E+03  4.207E+06  4.256E+06
  3.904E+06  3.626E+06  3.314E+06  3.114E+06  2.717E+06  2.510E+06  2.221E+06  1.902E+06  1.696E+06  1.508E+06
  1.283E+06  1.057E+06  8.467E+05  6.673E+05  4.802E+05  3.572E+05  2.196E+05  1.457E+05  8.698E+04  4.370E+04
  2.081E+04  1.571E+04  1.630E+04  2.397E+02  0.000E+00  0.000E+00  7.472E+03  1.275E+04  2.740E+04  5.103E+04
  9.623E+04  1.452E+05  2.541E+05  3.861E+05  5.505E+05  7.211E+05  9.585E+05  1.157E+06  1.377E+06  1.702E+06
  1.919E+06  2.214E+06  2.523E+06  2.789E+06  3.206E+06  3.456E+06  3.855E+06  4.282E+06  4.563E+06  4.946E+06
  5.185E+06  3.604E+06  1.514E+03  2.183E+03  1.925E+03  0.000E+00  4.067E+02  0.000E+00  8.442E+03  4.226E+03
  2.020E+03  4.981E+02  1.662E+03  1.565E+03  6.361E+04  5.313E+06  5.139E+06  4.800E+06  4.408E+06  4.055E+06
  3.723E+06  3.394E+06  3.083E+06  2.723E+06  2.403E+06  2.109E+06  1.809E+06  1.577E+06  1.353E+06  1.114E+06
  8.542E+05  6.491E+05  4.944E+05  3.384E+05  2.114E+05  1.224E+05  7.494E+04  4.304E+04  1.906E+04  1.369E+04
  3.542E+02  0.000E+00  0.000E+00  3.892E+03  2.498E+04  4.334E+04  7.737E+04  1.433E+05  2.600E+05  3.695E+05
  5.426E+05  7.482E+05  9.554E+05  1.221E+06  1.478E+06  1.715E+06  1.997E+06  2.292E+06  2.658E+06  3.009E+06
  3.419E+06  3.796E+06  4.239E+06  4.711E+06  5.050E+06  5.551E+06  5.939E+06  6.409E+06  5.583E+06  5.246E+03
  4.463E+02  3.694E+02  1.446E+03  8.217E+02  0.000E+00  1.648E+03  1.283E+02  1.706E+03  0.000E+00  3.800E+03
  6.784E+02  1.214E+06  6.602E+06  6.215E+06  5.811E+06  5.403E+06  4.936E+06  4.474E+06  4.120E+06  3.638E+06
  3.259E+06  2.883E+06  2.550E+06  2.209E+06  1.950E+06  1.671E+06  1.411E+06  1.158E+06  9.270E+05  6.928E+05
  5.006E+05  3.135E+05  1.870E+05  1.294E+05  7.410E+04  3.187E+04  1.977E+04  7.343E+02  0.000E+00  0.000E+00
  9.621E+03  3.810E+04  7.727E+04  1.289E+05  2.168E+05  3.460E+05  5.272E+05  7.280E+05  9.484E+05  1.255E+06
  1.477E+06  1.768E+06  2.098E+06  2.404E+06  2.744E+06  3.160E+06  3.550E+06  4.059E+06  4.552E+06  4.998E+06
  5.597E+06  6.133E+06  6.603E+06  7.118E+06  7.632E+06  8.091E+06  1.640E+06  1.065E+03  1.438E+03  1.218E+03
  0.000E+00  4.940E+02  1.608E+03  2.256E+03  1.667E+03  3.009E+03  4.845E+02  7.794E+02  4.333E+06  8.031E+06
  7.485E+06  6.975E+06  6.537E+06  5.967E+06  5.416E+06  4.857E+06  4.398E+06  3.927E+06  3.492E+06  3.071E+06
  2.657E+06  2.272E+06  2.005E+06  1.719E+06  1.375E+06  1.124E+06  8.728E+05  6.521E+05  4.551E+05  2.981E+05
  1.919E+05  1.089E+05  6.088E+04  3.253E+04  1.619E+03  0.000E+00  0.000E+00  1.511E+04  6.545E+04  1.155E+05
  1.946E+05  3.136E+05  5.176E+05  7.264E+05  9.417E+05  1.198E+06  1.492E+06  1.752E+06  2.081E+06  2.514E+06
  2.878E+06  3.372E+06  3.762E+06  4.319E+06  4.895E+06  5.468E+06  6.026E+06  6.660E+06  7.291E+06  7.882E+06
  8.623E+06  9.128E+06  9.722E+06  7.493E+06  6.863E+04  2.954E+03  6.155E+02  1.158E+03  4.247E+02  0.000E+00
  1.845E+02  1.244E+03  1.561E+03  1.138E+03  1.305E+06  9.650E+06  9.569E+06  9.033E+06  8.363E+06  7.769E+06
  7.013E+06  6.367E+06  5.849E+06  5.240E+06  4.721E+06  4.119E+06  3.579E+06  3.205E+06  2.747E+06  2.342E+06
  2.022E+06  1.651E+06  1.338E+06  1.133E+06  8.521E+05  6.235E+05  4.254E+05  2.820E+05  1.616E+05  9.486E+04
  5.755E+04  4.018E+02  0.000E+00  0.000E+00  1.965E+04  1.018E+05  1.657E+05  2.762E+05  4.597E+05  6.727E+05
  9.124E+05  1.176E+06  1.428E+06  1.747E+06  2.103E+06  2.450E+06  2.926E+06  3.356E+06  3.962E+06  4.455E+06
  5.090E+06  5.750E+06  6.436E+06  7.091E+06  7.854E+06  8.627E+06  9.419E+06  1.015E+07  1.094E+07  1.148E+07
  1.206E+07  6.954E+06  5.596E+04  5.002E+03  1.904E+03  1.328E+03  4.919E+03  3.996E+03  2.420E+03  5.078E+03
  1.031E+06  1.012E+07  1.202E+07  1.123E+07  1.070E+07  9.898E+06  9.182E+06  8.391E+06  7.695E+06  6.924E+06
  6.171E+06  5.555E+06  4.919E+06  4.289E+06  3.831E+06  3.228E+06  2.831E+06  2.365E+06  1.993E+06  1.649E+06
  1.366E+06  1.081E+06  7.909E+05  5.780E+05  4.046E+05  2.463E+05  1.345E+05  7.393E+04  1.089E+03  0.000E+00
  0.000E+00  3.640E+04  1.451E+05  2.363E+05  4.015E+05  6.008E+05  8.392E+05  1.101E+06  1.431E+06  1.744E+06
  2.017E+06  2.473E+06  2.894E+06  3.388E+06  4.001E+06  4.581E+06  5.200E+06  6.008E+06  6.808E+06  7.547E+06
  8.379E+06  9.316E+06  1.008E+07  1.104E+07  1.187E+07  1.269E+07  1.346E+07  1.413E+07  1.481E+07  1.079E+07
  2.173E+06  7.820E+03  5.980E+03  3.835E+03  6.508E+03  6.622E+04  4.620E+06  1.325E+07  1.462E+07  1.382E+07
  1.319E+07  1.246E+07  1.144E+07  1.074E+07  9.851E+06  8.849E+06  8.026E+06  7.321E+06  6.409E+06  5.681E+06
  5.061E+06  4.444E+06  3.826E+06  3.215E+06  2.727E+06  2.288E+06  1.936E+06  1.560E+06  1.305E+06  9.749E+05
  7.453E+05  5.242E+05  3.451E+05  2.048E+05  1.136E+05  2.800E+03  0.000E+00  0.000E+00  4.509E+04  2.066E+05
  3.304E+05  5.356E+05  7.507E+05  1.029E+06  1.325E+06  1.657E+06  2.027E+06  2.348E+06  2.805E+06  3.400E+06
  3.992E+06  4.640E+06  5.314E+06  6.073E+06  6.950E+06  7.981E+06  8.783E+06  9.737E+06  1.076E+07  1.161E+07
  1.279E+07  1.385E+07  1.490E+07  1.573E+07  1.628E+07  1.729E+07  1.778E+07  1.805E+07  1.414E+07  1.047E+07
  9.519E+06  1.142E+07  1.584E+07  1.817E+07  1.782E+07  1.705E+07  1.624E+07  1.546E+07  1.446E+07  1.344E+07
  1.248E+07  1.146E+07  1.033E+07  9.414E+06  8.544E+06  7.531E+06  6.670E+06  5.782E+06  5.153E+06  4.434E+06
  3.831E+06  3.208E+06  2.668E+06  2.258E+06  1.878E+06  1.520E+06  1.195E+06  9.491E+05  6.552E+05  4.585E+05
  3.084E+05  1.742E+05  1.831E+03  0.000E+00  0.000E+00  7.783E+04  2.739E+05  4.232E+05  6.866E+05  9.350E+05
  1.255E+06  1.546E+06  1.895E+06  2.335E+06  2.779E+06  3.278E+06  3.909E+06  4.527E+06  5.287E+06  6.144E+06
  7.147E+06  7.982E+06  8.968E+06  1.013E+07  1.117E+07  1.249E+07  1.367E+07  1.468E+07  1.586E+07  1.702E+07
  1.805E+07  1.889E+07  1.982E+07  2.037E+07  2.093E+07  2.131E+07  2.167E+07  2.162E+07  2.170E+07  2.131E+07
  2.082E+07  2.042E+07  1.954E+07  1.852E+07  1.771E+07  1.665E+07  1.550E+07  1.436E+07  1.320E+07  1.209E+07
  1.084E+07  9.755E+06  8.613E+06  7.713E+06  6.679E+06  5.907E+06  5.009E+06  4.334E+06  3.728E+06  3.179E+06
  2.619E+06  2.184E+06  1.753E+06  1.457E+06  1.109E+06  8.679E+05  5.949E+05  3.954E+05  2.165E+05  2.548E+03
  0.000E+00  0.000E+00  8.383E+04  3.602E+05  5.651E+05  8.260E+05  1.125E+06  1.444E+06  1.786E+06  2.146E+06
  2.608E+06  3.166E+06  3.822E+06  4.470E+06  5.262E+06  6.028E+06  6.960E+06  8.069E+06  9.150E+06  1.029E+07
  1.161E+07  1.300E+07  1.420E+07  1.556E+07  1.683E+07  1.811E+07  1.948E+07  2.064E+07  2.166E+07  2.236E+07
  2.324E+07  2.391E+07  2.424E+07  2.452E+07  2.473E+07  2.463E+07  2.418E+07  2.361E+07  2.291E+07  2.225E+07
  2.126E+07  2.025E+07  1.883E+07  1.785E+07  1.642E+07  1.512E+07  1.384E+07  1.238E+07  1.124E+07  9.994E+06
  8.748E+06  7.712E+06  6.720E+06  5.834E+06  4.908E+06  4.159E+06  3.514E+06  2.944E+06  2.435E+06  2.047E+06
  1.663E+06  1.293E+06  1.005E+06  7.170E+05  4.885E+05  2.910E+05  4.529E+03  0.000E+00  0.000E+00  1.129E+05
  4.674E+05  6.910E+05  9.758E+05  1.288E+06  1.686E+06  2.013E+06  2.421E+06  2.992E+06  3.622E+06  4.289E+06
  5.080E+06  5.943E+06  6.977E+06  8.095E+06  9.197E+06  1.040E+07  1.182E+07  1.324E+07  1.469E+07  1.604E+07
  1.757E+07  1.907E+07  2.053E+07  2.187E+07  2.309E+07  2.428E+07  2.524E+07  2.606E+07  2.671E+07  2.719E+07
  2.758E+07  2.743E+07  2.746E+07  2.721E+07  2.649E+07  2.593E+07  2.479E+07  2.381E+07  2.281E+07  2.124E+07
  2.020E+07  1.869E+07  1.716E+07  1.557E+07  1.416E+07  1.270E+07  1.140E+07  1.007E+07  8.803E+06  7.638E+06
  6.552E+06  5.637E+06  4.837E+06  4.040E+06  3.384E+06  2.848E+06  2.240E+06  1.906E+06  1.503E+06  1.155E+06
  8.839E+05  6.446E+05  4.152E+05  5.071E+03  0.000E+00  0.000E+00  1.408E+05  5.655E+05  8.244E+05  1.102E+06
  1.464E+06  1.841E+06  2.300E+06  2.762E+06  3.273E+06  3.960E+06  4.793E+06  5.727E+06  6.701E+06  7.733E+06
  9.011E+06  1.041E+07  1.181E+07  1.321E+07  1.484E+07  1.641E+07  1.801E+07  1.967E+07  2.137E+07  2.284E+07
  2.438E+07  2.558E+07  2.695E+07  2.795E+07  2.889E+07  2.958E+07  3.022E+07  3.047E+07  3.039E+07  3.045E+07
  2.993E+07  2.938E+07  2.877E+07  2.767E+07  2.665E+07  2.534E+07  2.399E+07  2.247E+07  2.077E+07  1.914E+07
  1.762E+07  1.589E+07  1.429E+07  1.271E+07  1.131E+07  9.928E+06  8.573E+06  7.495E+06  6.364E+06  5.429E+06
  4.574E+06  3.826E+06  3.051E+06  2.615E+06  2.104E+06  1.730E+06  1.354E+06  1.040E+06  7.403E+05  5.020E+05
  6.869E+03  0.000E+00  0.000E+00  1.807E+05  7.113E+05  9.468E+05  1.294E+06  1.659E+06  2.046E+06  2.561E+06
  3.052E+06  3.758E+06  4.489E+06  5.323E+06  6.417E+06  7.555E+06  8.663E+06  1.011E+07  1.157E+07  1.310E+07
  1.476E+07  1.644E+07  1.836E+07  2.020E+07  2.185E+07  2.369E+07  2.543E+07  2.683E+07  2.853E+07  2.972E+07
  3.066E+07  3.164E+07  3.240E+07  3.288E+07  3.337E+07  3.341E+07  3.321E+07  3.294E+07  3.227E+07  3.154E+07
  3.054E+07  2.907E+07  2.790E+07  2.635E+07  2.493E+07  2.313E+07  2.134E+07  1.959E+07  1.771E+07  1.607E+07
  1.433E+07  1.273E+07  1.119E+07  9.647E+06  8.309E+06  7.155E+06  6.068E+06  5.077E+06  4.246E+06  3.543E+06
  2.929E+06  2.425E+06  1.887E+06  1.536E+06  1.171E+06  8.951E+05  6.024E+05  7.864E+03  0.000E+00  0.000E+00
  2.174E+05  8.208E+05  1.113E+06  1.422E+06  1.899E+06  2.271E+06  2.786E+06  3.440E+06  4.179E+06  5.028E+06
  5.954E+06  7.092E+06  8.300E+06  9.702E+06  1.123E+07  1.284E+07  1.444E+07  1.646E+07  1.828E+07  2.027E+07
  2.215E+07  2.402E+07  2.591E+07  2.776E+07  2.941E+07  3.091E+07  3.233E+07  3.339E+07  3.434E+07  3.515E+07
  3.562E+07  3.594E+07  3.586E+07  3.585E+07  3.550E+07  3.488E+07  3.397E+07  3.312E+07  3.169E+07  3.050E+07
  2.885E+07  2.724E+07  2.526E+07  2.356E+07  2.142E+07  1.966E+07  1.761E+07  1.573E+07  1.404E+07  1.229E+07
  1.072E+07  9.238E+06  7.843E+06  6.656E+06  5.694E+06  4.713E+06  3.886E+06  3.256E+06  2.637E+06  2.096E+06
  1.691E+06  1.297E+06  1.024E+06  7.340E+05  1.152E+04  0.000E+00  0.000E+00  2.817E+05  9.218E+05  1.224E+06
  1.588E+06  1.992E+06  2.477E+06  3.107E+06  3.765E+06  4.615E+06  5.565E+06  6.546E+06  7.874E+06  9.233E+06
  1.073E+07  1.235E+07  1.425E+07  1.592E+07  1.798E+07  1.996E+07  2.218E+07  2.411E+07  2.631E+07  2.818E+07
  3.018E+07  3.196E+07  3.339E+07  3.483E+07  3.591E+07  3.687E+07  3.748E+07  3.816E+07  3.815E+07  3.839E+07
  3.808E+07  3.774E+07  3.726E+07  3.674E+07  3.556E+07  3.430E+07  3.283E+07  3.128E+07  2.950E+07  2.764E+07
  2.553E+07  2.345E+07  2.133E+07  1.929E+07  1.735E+07  1.531E+07  1.362E+07  1.179E+07  1.016E+07  8.722E+06
  7.324E+06  6.264E+06  5.075E+06  4.331E+06  3.522E+06  2.858E+06  2.315E+06  1.837E+06  1.477E+06  1.096E+06
  8.232E+05  1.045E+04  0.000E+00  0.000E+00  2.803E+05  1.037E+06  1.350E+06  1.708E+06  2.181E+06  2.705E+06
  3.353E+06  4.072E+06  4.932E+06  6.104E+06  7.210E+06  8.541E+06  9.927E+06  1.171E+07  1.342E+07  1.543E+07
  1.752E+07  1.944E+07  2.187E+07  2.398E+07  2.619E+07  2.836E+07  3.053E+07  3.208E+07  3.409E+07  3.549E+07
  3.692E+07  3.781E+07  3.874E+07  3.956E+07  4.015E+07  4.036E+07  4.047E+07  4.039E+07  3.990E+07  3.937E+07
  3.863E+07  3.773E+07  3.655E+07  3.508E+07  3.348E+07  3.188E+07  2.965E+07  2.732E+07  2.556E+07  2.318E+07
  2.115E+07  1.880E+07  1.668E+07  1.459E+07  1.274E+07  1.112E+07  9.462E+06  7.988E+06  6.687E+06  5.591E+06
  4.663E+06  3.850E+06  3.147E+06  2.483E+06  2.049E+06  1.592E+06  1.286E+06  9.516E+05  1.341E+04  0.000E+00
  0.000E+00  3.234E+05  1.128E+06  1.489E+06  1.914E+06  2.392E+06  2.962E+06  3.641E+06  4.426E+06  5.426E+06
  6.436E+06  7.780E+06  9.158E+06  1.085E+07  1.270E+07  1.465E+07  1.671E+07  1.881E+07  2.113E+07  2.344E+07
  2.580E+07  2.816E+07  3.032E+07  3.244E+07  3.438E+07  3.600E+07  3.750E+07  3.881E+07  3.972E+07  4.068E+07
  4.116E+07  4.176E+07  4.190E+07  4.199E+07  4.182E+07  4.155E+07  4.092E+07  4.022E+07  3.935E+07  3.826E+07
  3.699E+07  3.554E+07  3.360E+07  3.152E+07  2.955E+07  2.742E+07  2.504E+07  2.252E+07  2.024E+07  1.798E+07
  1.599E+07  1.387E+07  1.211E+07  1.035E+07  8.680E+06  7.343E+06  6.129E+06  5.118E+06  4.179E+06  3.418E+06
  2.795E+06  2.216E+06  1.756E+06  1.354E+06  1.018E+06  2.006E+04  0.000E+00  0.000E+00  3.425E+05  1.222E+06
  1.600E+06  2.003E+06  2.565E+06  3.184E+06  3.887E+06  4.799E+06  5.811E+06  6.949E+06  8.283E+06  9.942E+06
  1.161E+07  1.351E+07  1.556E+07  1.792E+07  2.037E+07  2.244E+07  2.500E+07  2.717E+07  2.989E+07  3.204E+07
  3.424E+07  3.588E+07  3.764E+07  3.900E+07  4.048E+07  4.119E+07  4.186E+07  4.239E+07  4.280E+07  4.304E+07
  4.304E+07  4.295E+07  4.290E+07  4.230E+07  4.162E+07  4.094E+07  3.998E+07  3.848E+07  3.720E+07  3.544E+07
  3.330E+07  3.146E+07  2.889E+07  2.665E+07  2.434E+07  2.184E+07  1.942E+07  1.716E+07  1.493E+07  1.285E+07
  1.109E+07  9.406E+06  7.914E+06  6.621E+06  5.478E+06  4.403E+06  3.626E+06  2.903E+06  2.412E+06  1.886E+06
  1.467E+06  1.141E+06  1.659E+04  0.000E+00  0.000E+00  3.766E+05  1.362E+06  1.710E+06  2.118E+06  2.779E+06
  3.334E+06  4.196E+06  5.109E+06  6.203E+06  7.479E+06  8.918E+06  1.058E+07  1.234E+07  1.454E+07  1.666E+07
  1.887E+07  2.154E+07  2.403E+07  2.655E+07  2.906E+07  3.139E+07  3.366E+07  3.586E+07  3.771E+07  3.901E+07
  4.038E+07  4.154E+07  4.230E+07  4.323E+07  4.328E+07  4.344E+07  4.386E+07  4.355E+07  4.378E+07  4.348E+07
  4.319E+07  4.271E+07  4.201E+07  4.141E+07  4.002E+07  3.892E+07  3.705E+07  3.512E+07  3.294E+07  3.074E+07
  2.823E+07  2.565E+07  2.330E+07  2.058E+07  1.828E+07  1.595E+07  1.370E+07  1.179E+07  1.001E+07  8.412E+06
  7.063E+06  5.767E+06  4.775E+06  3.959E+06  3.142E+06  2.497E+06  1.973E+06  1.553E+06  1.229E+06  1.843E+04
  0.000E+00  0.000E+00  3.920E+05  1.422E+06  1.800E+06  2.291E+06  2.878E+06  3.509E+06  4.476E+06  5.434E+06
  6.564E+06  7.979E+06  9.504E+06  1.116E+07  1.326E+07  1.523E+07  1.752E+07  2.005E+07  2.249E+07  2.526E+07
  2.802E+07  3.036E+07  3.308E+07  3.493E+07  3.727E+07  3.896E+07  4.051E+07  4.166E+07  4.246E+07  4.299E+07
  4.354E+07  3.893E+07  2.388E+07  1.481E+07  1.269E+07  1.706E+07  2.838E+07  4.238E+07  4.346E+07  4.263E+07
  4.204E+07  4.137E+07  3.986E+07  3.827E+07  3.663E+07  3.428E+07  3.228E+07  2.955E+07  2.696E+07  2.429E+07
  2.171E+07  1.923E+07  1.676E+07  1.468E+07  1.255E+07  1.057E+07  8.846E+06  7.533E+06  6.193E+06  5.004E+06
  4.058E+06  3.310E+06  2.622E+06  2.132E+06  1.642E+06  1.280E+06  1.975E+04  0.000E+00  0.000E+00  4.265E+05
  1.472E+06  1.914E+06  2.436E+06  2.952E+06  3.797E+06  4.658E+06  5.688E+06  6.800E+06  8.245E+06  9.933E+06
  1.178E+07  1.375E+07  1.593E+07  1.853E+07  2.099E+07  2.367E+07  2.616E+07  2.911E+07  3.153E+07  3.420E+07
  3.631E+07  3.841E+07  3.981E+07  4.153E+07  4.249E+07  4.293E+07  4.286E+07  2.162E+07  1.146E+06  6.544E+03
  2.889E+03  2.076E+03  5.002E+03  4.123E+03  5.058E+06  3.175E+07  4.324E+07  4.275E+07  4.219E+07  4.104E+07
  3.962E+07  3.761E+07  3.573E+07  3.325E+07  3.077E+07  2.807E+07  2.525E+07  2.267E+07  2.013E+07  1.768E+07
  1.523E+07  1.294E+07  1.110E+07  9.451E+06  7.791E+06  6.448E+06  5.278E+06  4.311E+06  3.465E+06  2.824E+06
  2.261E+06  1.749E+06  1.349E+06  2.329E+04  0.000E+00  0.000E+00  4.657E+05  1.545E+06  1.943E+06  2.467E+06
  3.106E+06  3.890E+06  4.876E+06  5.823E+06  7.179E+06  8.722E+06  1.017E+07  1.222E+07  1.433E+07  1.660E+07
  1.918E+07  2.159E+07  2.447E+07  2.729E+07  2.995E+07  3.272E+07  3.526E+07  3.710E+07  3.933E+07  4.067E+07
  4.201E+07  4.280E+07  4.326E+07  1.577E+07  4.992E+03  3.577E+03  5.913E+02  3.332E+03  9.295E+02  8.505E+02
  2.500E+03  2.756E+03  6.953E+05  2.959E+07  4.327E+07  4.269E+07  4.162E+07  4.033E+07  3.863E+07  3.650E+07
  3.406E+07  3.136E+07  2.898E+07  2.632E+07  2.338E+07  2.086E+07  1.831E+07  1.577E+07  1.348E+07  1.149E+07
  9.712E+06  8.119E+06  6.749E+06  5.477E+06  4.505E+06  3.654E+06  2.931E+06  2.244E+06  1.839E+06  1.426E+06
  2.406E+04  0.000E+00  0.000E+00  4.729E+05  1.563E+06  2.028E+06  2.591E+06  3.140E+06  4.022E+06  4.981E+06
  6.057E+06  7.456E+06  8.925E+06  1.068E+07  1.267E+07  1.471E+07  1.717E+07  1.976E+07  2.235E+07  2.522E+07
  2.801E+07  3.081E+07  3.346E+07  3.577E+07  3.801E+07  3.975E+07  4.163E+07  4.265E+07  4.336E+07  2.657E+07
  3.691E+03  1.670E+03  3.600E+02  1.965E+03  3.895E+02  1.431E+03  8.767E+02  1.068E+03  2.135E+03  2.879E+03
  2.268E+06  3.869E+07  4.303E+07  4.213E+07  4.110E+07  3.926E+07  3.757E+07  3.497E+07  3.246E+07  2.988E+07
  2.712E+07  2.421E+07  2.146E+07  1.889E+07  1.638E+07  1.411E+07  1.187E+07  1.004E+07  8.401E+06  6.902E+06
  5.687E+06  4.633E+06  3.785E+06  2.945E+06  2.380E+06  1.896E+06  1.504E+06  2.404E+04  0.000E+00  0.000E+00
  4.714E+05  1.609E+06  2.129E+06  2.641E+06  3.262E+06  4.168E+06  5.136E+06  6.138E+06  7.631E+06  9.135E+06
  1.097E+07  1.294E+07  1.519E+07  1.764E+07  2.019E+07  2.293E+07  2.568E+07  2.860E+07  3.142E+07  3.403E+07
  3.641E+07  3.853E+07  4.034E+07  4.199E+07  4.277E+07  4.274E+07  5.113E+06  5.052E+03  1.442E+03  3.556E+02
  0.000E+00  3.678E+02  1.646E+03  2.805E+03  3.868E+02  1.272E+03  3.590E+02  2.410E+03  1.906E+07  4.317E+07
  4.242E+07  4.145E+07  3.964E+07  3.777E+07  3.556E+07  3.296E+07  3.030E+07  2.771E+07  2.489E+07  2.199E+07
  1.923E+07  1.670E+07  1.447E+07  1.224E+07  1.035E+07  8.643E+06  7.181E+06  5.852E+06  4.699E+06  3.787E+06
  3.082E+06  2.438E+06  1.917E+06  1.492E+06  2.840E+04  0.000E+00  0.000E+00  4.692E+05  1.643E+06  2.120E+06
  2.668E+06  3.312E+06  4.160E+06  5.146E+06  6.351E+06  7.664E+06  9.293E+06  1.103E+07  1.308E+07  1.541E+07
  1.783E+07  2.043E+07  2.322E+07  2.628E+07  2.903E+07  3.186E+07  3.439E+07  3.693E+07  3.921E+07  4.076E+07
  4.198E+07  4.274E+07  3.427E+07  7.813E+03  6.198E+03  1.188E+03  1.973E+03  5.569E+02  0.000E+00  1.327E+03
  5.706E+03  1.817E+03  0.000E+00  3.553E+02  2.463E+03  5.517E+06  4.336E+07  4.259E+07  4.177E+07  4.006E+07
  3.850E+07  3.609E+07  3.354E+07  3.088E+07  2.816E+07  2.510E+07  2.236E+07  1.965E+07  1.698E+07  1.459E+07
  1.250E+07  1.052E+07  8.586E+06  7.289E+06  5.875E+06  4.820E+06  3.931E+06  3.094E+06  2.456E+06  1.971E+06
  1.566E+06  2.698E+04  0.000E+00  0.000E+00  4.955E+05  1.667E+06  2.173E+06  2.696E+06  3.370E+06  4.158E+06
  5.153E+06  6.379E+06  7.740E+06  9.292E+06  1.113E+07  1.334E+07  1.540E+07  1.805E+07  2.070E+07  2.345E+07
  2.605E+07  2.922E+07  3.223E+07  3.464E+07  3.727E+07  3.898E+07  4.103E+07  4.210E+07  4.305E+07  2.787E+07
  2.455E+03  3.046E+03  2.381E+03  3.902E+03  9.064E+02  5.447E+03  1.210E+06  2.435E+03  3.071E+03  1.362E+03
  1.707E+03  1.595E+03  2.045E+05  4.211E+07  4.293E+07  4.150E+07  4.027E+07  3.834E+07  3.638E+07  3.373E+07
  3.110E+07  2.819E+07  2.535E+07  2.257E+07  1.977E+07  1.723E+07  1.474E+07  1.261E+07  1.053E+07  8.944E+06
  7.226E+06  5.987E+06  4.873E+06  3.968E+06  3.108E+06  2.488E+06  1.983E+06  1.504E+06  2.808E+04  0.000E+00
  0.000E+00  5.002E+05  1.666E+06  2.150E+06  2.682E+06  3.404E+06  4.261E+06  5.137E+06  6.392E+06  7.716E+06
  9.336E+06  1.112E+07  1.333E+07  1.553E+07  1.794E+07  2.066E+07  2.333E+07  2.653E+07  2.945E+07  3.186E+07
  3.466E+07  3.700E+07  3.923E+07  4.096E+07  4.219E+07  4.295E+07  2.783E+07  1.100E+03  2.842E+02  1.364E+03
  8.940E+02  5.406E+02  6.069E+03  1.199E+06  1.371E+03  0.000E+00  4.950E+02  2.056E+03  8.721E+02  2.088E+05
  4.193E+07  4.267E+07  4.171E+07  4.036E+07  3.850E+07  3.627E+07  3.385E+07  3.104E+07  2.824E+07  2.547E+07
  2.250E+07  1.978E+07  1.704E+07  1.489E+07  1.253E+07  1.044E+07  8.846E+06  7.237E+06  5.925E+06  4.871E+06
  3.891E+06  3.167E+06  2.466E+06  1.988E+06  1.623E+06  2.076E+04  0.000E+00  0.000E+00  4.758E+05  1.661E+06
  2.101E+06  2.696E+06  3.338E+06  4.193E+06  5.141E+06  6.363E+06  7.676E+06  9.279E+06  1.099E+07  1.310E+07
  1.537E+07  1.787E+07  2.062E+07  2.339E+07  2.616E+07  2.906E+07  3.196E+07  3.454E+07  3.707E+07  3.900E+07
  4.059E+07  4.192E+07  4.297E+07  3.437E+07  6.153E+03  6.614E+02  1.212E+03  1.286E+03  2.264E+03  1.248E+03
  1.606E+03  1.609E+03  9.849E+02  8.938E+02  3.661E+03  1.044E+03  5.399E+06  4.339E+07  4.277E+07  4.157E+07
  4.008E+07  3.838E+07  3.609E+07  3.362E+07  3.086E+07  2.807E+07  2.521E+07  2.250E+07  1.958E+07  1.705E+07
  1.457E+07  1.248E+07  1.049E+07  8.783E+06  7.204E+06  5.924E+06  4.888E+06  3.902E+06  3.086E+06  2.429E+06
  1.953E+06  1.527E+06  2.946E+04  0.000E+00  0.000E+00  4.875E+05  1.646E+06  2.168E+06  2.652E+06  3.329E+06
  4.052E+06  5.193E+06  6.247E+06  7.638E+06  9.083E+06  1.098E+07  1.285E+07  1.506E+07  1.755E+07  2.037E+07
  2.300E+07  2.568E+07  2.866E+07  3.117E+07  3.399E+07  3.643E+07  3.859E+07  4.024E+07  4.170E+07  4.255E+07
  4.316E+07  5.186E+06  1.791E+03  3.653E+02  2.372E+03  2.832E+03  1.856E+02  4.063E+03  2.203E+03  1.609E+03
  2.669E+03  2.823E+03  5.039E+03  1.915E+07  4.333E+07  4.244E+07  4.140E+07  3.972E+07  3.791E+07  3.551E+07
  3.327E+07  3.050E+07  2.769E+07  2.481E+07  2.178E+07  1.925E+07  1.673E+07  1.442E+07  1.218E+07  1.037E+07
  8.617E+06  7.143E+06  5.798E+06  4.714E+06  3.882E+06  3.101E+06  2.412E+06  1.950E+06  1.459E+06  3.083E+04
  0.000E+00  0.000E+00  4.685E+05  1.582E+06  2.021E+06  2.489E+06  3.205E+06  3.993E+06  4.916E+06  6.016E+06
  7.444E+06  8.913E+06  1.070E+07  1.261E+07  1.486E+07  1.722E+07  1.974E+07  2.230E+07  2.532E+07  2.796E+07
  3.063E+07  3.343E+07  3.578E+07  3.817E+07  3.994E+07  4.125E+07  4.233E+07  4.296E+07  2.662E+07  8.501E+03
  5.020E+03  2.113E+03  2.072E+03  3.593E+03  2.338E+03  4.349E+02  3.029E+01  2.508E+03  2.870E+03  2.300E+06
  3.866E+07  4.293E+07  4.201E+07  4.090E+07  3.921E+07  3.753E+07  3.511E+07  3.248E+07  2.991E+07  2.698E+07
  2.428E+07  2.156E+07  1.893E+07  1.628E+07  1.409E+07  1.201E+07  1.004E+07  8.361E+06  6.911E+06  5.709E+06
  4.690E+06  3.728E+06  3.004E+06  2.396E+06  1.903E+06  1.476E+06  2.522E+04  0.000E+00  0.000E+00  4.484E+05
  1.555E+06  1.962E+06  2.508E+06  3.153E+06  3.889E+06  4.803E+06  5.861E+06  7.126E+06  8.665E+06  1.041E+07
  1.221E+07  1.442E+07  1.674E+07  1.908E+07  2.174E+07  2.444E+07  2.737E+07  3.006E+07  3.270E+07  3.507E+07
  3.731E+07  3.908E+07  4.084E+07  4.182E+07  4.273E+07  4.305E+07  1.583E+07  3.936E+03  1.444E+03  1.924E+03
  9.072E+02  1.496E+03  6.436E+02  1.633E+03  3.526E+03  6.708E+05  2.971E+07  4.323E+07  4.272E+07  4.168E+07
  4.038E+07  3.860E+07  3.646E+07  3.430E+07  3.173E+07  2.897E+07  2.630E+07  2.359E+07  2.084E+07  1.845E+07
  1.587E+07  1.365E+07  1.146E+07  9.895E+06  8.095E+06  6.704E+06  5.477E+06  4.471E+06  3.664E+06  2.941E+06
  2.291E+06  1.786E+06  1.408E+06  1.900E+04  0.000E+00  0.000E+00  4.401E+05  1.427E+06  1.910E+06  2.376E+06
  3.027E+06  3.754E+06  4.600E+06  5.645E+06  6.856E+06  8.280E+06  9.881E+06  1.173E+07  1.371E+07  1.595E+07
  1.841E+07  2.094E+07  2.346E+07  2.618E+07  2.887E+07  3.166E+07  3.401E+07  3.640E+07  3.808E+07  4.013E+07
  4.122E+07  4.255E+07  4.294E+07  4.289E+07  2.169E+07  1.203E+06  3.018E+03  2.327E+03  4.121E+02  1.003E+03
  4.499E+03  5.081E+06  3.176E+07  4.339E+07  4.270E+07  4.200E+07  4.096E+07  3.953E+07  3.763E+07  3.566E+07
  3.321E+07  3.075E+07  2.806E+07  2.548E+07  2.277E+07  2.024E+07  1.766E+07  1.520E+07  1.305E+07  1.103E+07
  9.360E+06  7.800E+06  6.472E+06  5.249E+06  4.368E+06  3.478E+06  2.717E+06  2.211E+06  1.786E+06  1.376E+06
  2.285E+04  0.000E+00  0.000E+00  4.088E+05  1.412E+06  1.777E+06  2.288E+06  2.919E+06  3.565E+06  4.384E+06
  5.394E+06  6.630E+06  7.854E+06  9.507E+06  1.112E+07  1.311E+07  1.513E+07  1.771E+07  2.002E+07  2.255E+07
  2.522E+07  2.778E+07  3.049E+07  3.290E+07  3.522E+07  3.742E+07  3.889E+07  4.024E+07  4.155E+07  4.233E+07
  4.307E+07  4.356E+07  3.899E+07  2.393E+07  1.484E+07  1.279E+07  1.714E+07  2.859E+07  4.221E+07  4.352E+07
  4.313E+07  4.228E+07  4.151E+07  3.994E+07  3.816E+07  3.649E+07  3.428E+07  3.194E+07  2.955E+07  2.707E+07
  2.437E+07  2.172E+07  1.936E+07  1.689E+07  1.455E+07  1.247E+07  1.067E+07  8.892E+06  7.453E+06  6.194E+06
  5.009E+06  4.103E+06  3.254E+06  2.640E+06  2.139E+06  1.678E+06  1.271E+06  1.914E+04  0.000E+00  0.000E+00
  3.779E+05  1.354E+06  1.726E+06  2.133E+06  2.723E+06  3.417E+06  4.169E+06  5.123E+06  6.084E+06  7.424E+06
  8.975E+06  1.070E+07  1.238E+07  1.450E+07  1.660E+07  1.889E+07  2.137E+07  2.389E+07  2.643E+07  2.906E+07
  3.140E+07  3.374E+07  3.580E+07  3.763E+07  3.932E+07  4.040E+07  4.137E+07  4.213E+07  4.306E+07  4.331E+07
  4.350E+07  4.359E+07  4.353E+07  4.398E+07  4.359E+07  4.327E+07  4.262E+07  4.211E+07  4.107E+07  4.020E+07
  3.859E+07  3.711E+07  3.507E+07  3.285E+07  3.077E+07  2.812E+07  2.555E+07  2.319E+07  2.068E+07  1.812E+07
  1.600E+07  1.378E+07  1.173E+07  1.001E+07  8.304E+06  7.019E+06  5.820E+06  4.844E+06  3.924E+06  3.182E+06
  2.512E+06  2.016E+06  1.568E+06  1.186E+06  1.882E+04  0.000E+00  0.000E+00  3.464E+05  1.206E+06  1.626E+06
  1.990E+06  2.538E+06  3.158E+06  3.902E+06  4.834E+06  5.826E+06  6.965E+06  8.264E+06  9.924E+06  1.166E+07
  1.360E+07  1.567E+07  1.768E+07  2.015E+07  2.260E+07  2.490E+07  2.745E+07  2.968E+07  3.209E+07  3.419E+07
  3.596E+07  3.804E+07  3.895E+07  4.015E+07  4.122E+07  4.208E+07  4.234E+07  4.285E+07  4.304E+07  4.302E+07
  4.301E+07  4.258E+07  4.241E+07  4.184E+07  4.101E+07  4.004E+07  3.856E+07  3.722E+07  3.549E+07  3.355E+07
  3.132E+07  2.921E+07  2.674E+07  2.419E+07  2.182E+07  1.948E+07  1.721E+07  1.486E+07  1.291E+07  1.107E+07
  9.301E+06  7.831E+06  6.601E+06  5.463E+06  4.489E+06  3.676E+06  2.935E+06  2.369E+06  1.870E+06  1.483E+06
  1.125E+06  1.756E+04  0.000E+00  0.000E+00  3.327E+05  1.148E+06  1.500E+06  1.896E+06  2.355E+06  2.970E+06
  3.631E+06  4.513E+06  5.378E+06  6.529E+06  7.770E+06  9.166E+06  1.085E+07  1.270E+07  1.462E+07  1.656E+07
  1.869E+07  2.104E+07  2.332E+07  2.566E+07  2.796E+07  3.030E+07  3.214E+07  3.428E+07  3.616E+07  3.744E+07
  3.899E+07  3.982E+07  4.056E+07  4.109E+07  4.160E+07  4.164E+07  4.199E+07  4.182E+07  4.153E+07  4.087E+07
  4.020E+07  3.959E+07  3.823E+07  3.711E+07  3.533E+07  3.383E+07  3.161E+07  2.947E+07  2.727E+07  2.488E+07
  2.263E+07  2.023E+07  1.806E+07  1.592E+07  1.382E+07  1.203E+07  1.024E+07  8.696E+06  7.335E+06  6.174E+06
  5.080E+06  4.166E+06  3.395E+06  2.775E+06  2.200E+06  1.759E+06  1.389E+06  1.030E+06  1.691E+04  0.000E+00
  0.000E+00  2.894E+05  1.027E+06  1.375E+06  1.720E+06  2.166E+06  2.709E+06  3.387E+06  4.118E+06  4.903E+06
  5.970E+06  7.178E+06  8.503E+06  9.964E+06  1.176E+07  1.337E+07  1.544E+07  1.738E+07  1.953E+07  2.180E+07
  2.412E+07  2.607E+07  2.835E+07  3.051E+07  3.225E+07  3.389E+07  3.546E+07  3.685E+07  3.808E+07  3.869E+07
  3.939E+07  3.977E+07  4.029E+07  4.024E+07  4.012E+07  3.985E+07  3.934E+07  3.853E+07  3.748E+07  3.665E+07
  3.505E+07  3.353E+07  3.160E+07  2.960E+07  2.765E+07  2.550E+07  2.322E+07  2.111E+07  1.881E+07  1.666E+07
  1.468E+07  1.281E+07  1.102E+07  9.418E+06  8.081E+06  6.824E+06  5.680E+06  4.737E+06  3.833E+06  3.158E+06
  2.525E+06  1.989E+06  1.601E+06  1.263E+06  9.800E+05  1.467E+04  0.000E+00  0.000E+00  2.621E+05  9.239E+05
  1.216E+06  1.609E+06  2.051E+06  2.533E+06  3.062E+06  3.777E+06  4.559E+06  5.408E+06  6.701E+06  7.814E+06
  9.220E+06  1.073E+07  1.237E+07  1.408E+07  1.593E+07  1.801E+07  2.002E+07  2.211E+07  2.412E+07  2.619E+07
  2.816E+07  3.012E+07  3.171E+07  3.343E+07  3.467E+07  3.578E+07  3.674E+07  3.740E+07  3.795E+07  3.821E+07
  3.843E+07  3.820E+07  3.774E+07  3.727E+07  3.648E+07  3.529E+07  3.433E+07  3.305E+07  3.122E+07  2.948E+07
  2.745E+07  2.565E+07  2.360E+07  2.157E+07  1.929E+07  1.733E+07  1.548E+07  1.356E+07  1.168E+07  1.018E+07
  8.662E+06  7.416E+06  6.225E+06  5.182E+06  4.276E+06  3.537E+06  2.928E+06  2.338E+06  1.866E+06  1.493E+06
  1.125E+06  8.109E+05  1.137E+04  0.000E+00  0.000E+00  2.155E+05  8.238E+05  1.104E+06  1.441E+06  1.875E+06
  2.258E+06  2.816E+06  3.475E+06  4.152E+06  5.015E+06  6.033E+06  7.125E+06  8.293E+06  9.727E+06  1.131E+07
  1.277E+07  1.447E+07  1.632E+07  1.830E+07  2.018E+07  2.213E+07  2.422E+07  2.591E+07  2.781E+07  2.966E+07
  3.090E+07  3.228E+07  3.331E+07  3.437E+07  3.525E+07  3.556E+07  3.589E+07  3.590E+07  3.567E+07  3.544E+07
  3.489E+07  3.393E+07  3.311E+07  3.170E+07  3.032E+07  2.903E+07  2.723E+07  2.566E+07  2.348E+07  2.151E+07
  1.961E+07  1.769E+07  1.586E+07  1.397E+07  1.227E+07  1.072E+07  9.234E+06  7.876E+06  6.742E+06  5.557E+06
  4.760E+06  3.893E+06  3.230E+06  2.608E+06  2.126E+06  1.741E+06  1.307E+06  1.016E+06  7.087E+05  1.172E+04
  0.000E+00  0.000E+00  1.898E+05  7.009E+05  1.020E+06  1.290E+06  1.638E+06  2.063E+06  2.570E+06  3.095E+06
  3.776E+06  4.515E+06  5.437E+06  6.391E+06  7.566E+06  8.748E+06  1.000E+07  1.163E+07  1.299E+07  1.482E+07
  1.647E+07  1.838E+07  2.006E+07  2.194E+07  2.364E+07  2.532E+07  2.690E+07  2.848E+07  2.971E+07  3.069E+07
  3.183E+07  3.252E+07  3.301E+07  3.320E+07  3.337E+07  3.323E+07  3.280E+07  3.223E+07  3.143E+07  3.048E+07
  2.916E+07  2.790E+07  2.640E+07  2.450E+07  2.316E+07  2.134E+07  1.951E+07  1.773E+07  1.594E+07  1.417E+07
  1.256E+07  1.108E+07  9.733E+06  8.304E+06  7.120E+06  6.078E+06  5.095E+06  4.274E+06  3.483E+06  2.833E+06
  2.391E+06  1.908E+06  1.553E+06  1.170E+06  8.858E+05  6.000E+05  8.281E+03  0.000E+00  0.000E+00  1.589E+05
  5.706E+05  8.408E+05  1.151E+06  1.453E+06  1.832E+06  2.291E+06  2.797E+06  3.362E+06  4.009E+06  4.845E+06
  5.763E+06  6.662E+06  7.814E+06  9.056E+06  1.041E+07  1.180E+07  1.342E+07  1.474E+07  1.652E+07  1.811E+07
  1.984E+07  2.119E+07  2.291E+07  2.428E+07  2.562E+07  2.690E+07  2.794E+07  2.898E+07  2.963E+07  3.022E+07
  3.041E+07  3.033E+07  3.034E+07  2.977E+07  2.938E+07  2.868E+07  2.785E+07  2.661E+07  2.534E+07  2.391E+07
  2.234E+07  2.078E+07  1.913E+07  1.758E+07  1.586E+07  1.438E+07  1.279E+07  1.144E+07  9.899E+06  8.697E+06
  7.444E+06  6.294E+06  5.439E+06  4.556E+06  3.737E+06  3.156E+06  2.603E+06  2.098E+06  1.740E+06  1.362E+06
  1.018E+06  7.579E+05  4.965E+05  5.696E+03  0.000E+00  0.000E+00  1.192E+05  4.673E+05  7.130E+05  9.614E+05
  1.293E+06  1.635E+06  2.023E+06  2.475E+06  2.970E+06  3.587E+06  4.274E+06  5.141E+06  5.934E+06  6.850E+06
  8.024E+06  9.265E+06  1.042E+07  1.185E+07  1.323E+07  1.465E+07  1.613E+07  1.759E+07  1.901E+07  2.038E+07
  2.185E+07  2.295E+07  2.438E+07  2.520E+07  2.610E+07  2.670E+07  2.741E+07  2.765E+07  2.736E+07  2.761E+07
  2.704E+07  2.662E+07  2.568E+07  2.497E+07  2.394E+07  2.252E+07  2.149E+07  2.002E+07  1.848E+07  1.705E+07
  1.560E+07  1.398E+07  1.262E+07  1.141E+07  9.888E+06  8.681E+06  7.605E+06  6.566E+06  5.637E+06  4.748E+06
  4.140E+06  3.307E+06  2.816E+06  2.324E+06  1.854E+06  1.530E+06  1.169E+06  8.898E+05  6.471E+05  4.003E+05
  6.013E+03  0.000E+00  0.000E+00  1.072E+05  3.750E+05  5.881E+05  8.035E+05  1.088E+06  1.443E+06  1.825E+06
  2.163E+06  2.666E+06  3.086E+06  3.750E+06  4.395E+06  5.212E+06  6.044E+06  6.991E+06  8.052E+06  9.195E+06
  1.034E+07  1.164E+07  1.286E+07  1.414E+07  1.556E+07  1.680E+07  1.824E+07  1.927E+07  2.050E+07  2.155E+07
  2.254E+07  2.337E+07  2.379E+07  2.442E+07  2.446E+07  2.459E+07  2.440E+07  2.416E+07  2.378E+07  2.307E+07
  2.230E+07  2.118E+07  2.013E+07  1.894E+07  1.775E+07  1.637E+07  1.503E+07  1.376E+07  1.249E+07  1.117E+07
  9.933E+06  8.862E+06  7.801E+06  6.678E+06  5.845E+06  4.974E+06  4.198E+06  3.601E+06  3.006E+06  2.431E+06
  2.010E+06  1.683E+06  1.314E+06  1.013E+06  7.575E+05  4.810E+05  3.099E+05  3.179E+03  0.000E+00  0.000E+00
  6.045E+04  2.653E+05  4.304E+05  6.756E+05  9.241E+05  1.241E+06  1.511E+06  1.888E+06  2.330E+06  2.717E+06
  3.299E+06  3.905E+06  4.587E+06  5.289E+06  6.131E+06  7.038E+06  8.047E+06  9.076E+06  1.022E+07  1.128E+07
  1.230E+07  1.343E+07  1.483E+07  1.583E+07  1.700E+07  1.810E+07  1.899E+07  1.970E+07  2.060E+07  2.113E+07
  2.135E+07  2.157E+07  2.168E+07  2.160E+07  2.131E+07  2.095E+07  2.017E+07  1.964E+07  1.858E+07  1.773E+07
  1.664E+07  1.542E+07  1.444E+07  1.307E+07  1.200E+07  1.088E+07  9.773E+06  8.634E+06  7.752E+06  6.704E+06
  5.810E+06  4.960E+06  4.367E+06  3.739E+06  3.094E+06  2.610E+06  2.160E+06  1.755E+06  1.391E+06  1.117E+06
  8.214E+05  5.896E+05  3.962E+05  2.302E+05  1.557E+03  0.000E+00  0.000E+00  4.202E+04  1.955E+05  3.365E+05
  5.025E+05  7.615E+05  1.038E+06  1.311E+06  1.599E+06  2.010E+06  2.371E+06  2.876E+06  3.331E+06  4.031E+06
  4.617E+06  5.270E+06  6.143E+06  6.902E+06  7.818E+06  8.774E+06  9.776E+06  1.072E+07  1.178E+07  1.275E+07
  1.388E+07  1.476E+07  1.561E+07  1.638E+07  1.727E+07  1.772E+07  1.838E+07  1.865E+07  1.877E+07  1.890E+07
  1.891E+07  1.854E+07  1.816E+07  1.762E+07  1.696E+07  1.621E+07  1.538E+07  1.447E+07  1.354E+07  1.241E+07
  1.140E+07  1.035E+07  9.459E+06  8.442E+06  7.454E+06  6.679E+06  5.849E+06  5.162E+06  4.362E+06  3.759E+06
  3.242E+06  2.701E+06  2.270E+06  1.920E+06  1.538E+06  1.228E+06  9.655E+05  6.835E+05  4.801E+05  2.907E+05
  1.535E+05  1.215E+03  0.000E+00  0.000E+00  3.489E+04  1.396E+05  2.584E+05  4.019E+05  5.864E+05  8.613E+05
  1.096E+06  1.364E+06  1.750E+06  2.083E+06  2.406E+06  2.928E+06  3.370E+06  3.990E+06  4.592E+06  5.287E+06
  5.932E+06  6.756E+06  7.402E+06  8.496E+06  9.329E+06  1.027E+07  1.101E+07  1.183E+07  1.268E+07  1.341E+07
  1.418E+07  1.488E+07  1.546E+07  1.580E+07  1.610E+07  1.621E+07  1.637E+07  1.634E+07  1.603E+07  1.571E+07
  1.524E+07  1.465E+07  1.391E+07  1.317E+07  1.231E+07  1.156E+07  1.063E+07  9.808E+06  8.922E+06  8.146E+06
  7.157E+06  6.459E+06  5.726E+06  5.007E+06  4.367E+06  3.754E+06  3.248E+06  2.740E+06  2.334E+06  1.949E+06
  1.615E+06  1.289E+06  1.058E+06  7.693E+05  5.114E+05  3.425E+05  1.980E+05  1.107E+05  4.977E+02  0.000E+00
  0.000E+00  2.002E+04  9.842E+04  1.717E+05  2.946E+05  4.606E+05  6.638E+05  9.091E+05  1.162E+06  1.453E+06
  1.754E+06  2.137E+06  2.513E+06  2.920E+06  3.393E+06  3.937E+06  4.446E+06  5.157E+06  5.747E+06  6.401E+06
  7.248E+06  7.885E+06  8.628E+06  9.320E+06  1.009E+07  1.079E+07  1.155E+07  1.213E+07  1.263E+07  1.306E+07
  1.360E+07  1.373E+07  1.395E+07  1.392E+07  1.392E+07  1.365E+07  1.328E+07  1.295E+07  1.256E+07  1.188E+07
  1.121E+07  1.050E+07  9.838E+06  9.091E+06  8.365E+06  7.773E+06  6.929E+06  6.259E+06  5.622E+06  4.870E+06
  4.294E+06  3.777E+06  3.200E+06  2.804E+06  2.345E+06  2.001E+06  1.624E+06  1.367E+06  1.090E+06  8.083E+05
  5.733E+05  3.884E+05  2.588E+05  1.467E+05  7.143E+04  1.143E+03  0.000E+00  0.000E+00  1.409E+04  6.013E+04
  1.133E+05  1.822E+05  3.099E+05  4.781E+05  7.287E+05  9.292E+05  1.196E+06  1.470E+06  1.806E+06  2.093E+06
  2.424E+06  2.870E+06  3.265E+06  3.723E+06  4.353E+06  4.812E+06  5.409E+06  6.048E+06  6.633E+06  7.272E+06
  7.829E+06  8.447E+06  9.094E+06  9.731E+06  1.029E+07  1.070E+07  1.113E+07  1.143E+07  1.165E+07  1.178E+07
  1.182E+07  1.168E+07  1.146E+07  1.119E+07  1.109E+07  1.046E+07  1.012E+07  9.538E+06  8.961E+06  8.351E+06
  7.725E+06  6.988E+06  6.542E+06  5.909E+06  5.227E+06  4.645E+06  4.117E+06  3.554E+06  3.158E+06  2.763E+06
  2.371E+06  1.976E+06  1.668E+06  1.372E+06  1.099E+06  8.932E+05  6.243E+05  4.521E+05  2.761E+05  1.651E+05
  9.767E+04  5.352E+04  3.370E+02  0.000E+00  0.000E+00  9.304E+03  4.749E+04  7.674E+04  1.376E+05  2.253E+05
  3.588E+05  5.431E+05  7.331E+05  9.859E+05  1.253E+06  1.504E+06  1.814E+06  2.085E+06  2.354E+06  2.779E+06
  3.212E+06  3.552E+06  4.125E+06  4.558E+06  5.109E+06  5.649E+06  6.123E+06  6.651E+06  7.132E+06  7.608E+06
  8.073E+06  8.620E+06  9.005E+06  9.436E+06  9.536E+06  9.782E+06  9.818E+06  9.904E+06  9.905E+06  9.794E+06
  9.685E+06  9.207E+06  8.879E+06  8.487E+06  7.931E+06  7.535E+06  7.107E+06  6.381E+06  5.969E+06  5.357E+06
  4.918E+06  4.415E+06  3.949E+06  3.458E+06  3.086E+06  2.631E+06  2.285E+06  1.972E+06  1.671E+06  1.362E+06
  1.146E+06  9.018E+05  6.782E+05  4.663E+05  3.078E+05  1.819E+05  1.165E+05  6.316E+04  3.339E+04  5.308E+02
  0.000E+00  0.000E+00  6.542E+03  2.247E+04  5.593E+04  7.917E+04  1.593E+05  2.459E+05  3.651E+05  5.365E+05
  7.563E+05  9.956E+05  1.232E+06  1.467E+06  1.699E+06  2.026E+06  2.284E+06  2.685E+06  3.011E+06  3.442E+06
  3.760E+06  4.226E+06  4.704E+06  5.116E+06  5.561E+06  5.982E+06  6.319E+06  6.671E+06  7.123E+06  7.434E+06
  7.726E+06  8.015E+06  8.158E+06  8.222E+06  8.163E+06  8.200E+06  8.177E+06  7.869E+06  7.640E+06  7.351E+06
  7.052E+06  6.577E+06  6.264E+06  5.819E+06  5.417E+06  4.954E+06  4.501E+06  4.040E+06  3.674E+06  3.261E+06
  2.896E+06  2.537E+06  2.213E+06  1.898E+06  1.657E+06  1.414E+06  1.120E+06  9.022E+05  6.655E+05  4.704E+05
  3.167E+05  2.065E+05  1.219E+05  6.534E+04  3.736E+04  2.422E+04  6.768E+02  0.000E+00  0.000E+00  6.577E+03
  1.878E+04  3.118E+04  5.064E+04  9.287E+04  1.636E+05  2.597E+05  3.712E+05  5.238E+05  7.463E+05  9.459E+05
  1.146E+06  1.405E+06  1.674E+06  1.911E+06  2.202E+06  2.532E+06  2.804E+06  3.146E+06  3.503E+06  3.875E+06
  4.141E+06  4.661E+06  4.881E+06  5.200E+06  5.564E+06  5.958E+06  6.139E+06  6.417E+06  6.471E+06  6.625E+06
  6.790E+06  6.768E+06  6.708E+06  6.692E+06  6.517E+06  6.279E+06  5.977E+06  5.789E+06  5.432E+06  5.165E+06
  4.721E+06  4.496E+06  4.070E+06  3.704E+06  3.343E+06  2.965E+06  2.716E+06  2.437E+06  2.144E+06  1.804E+06
  1.598E+06  1.324E+06  1.124E+06  9.015E+05  6.802E+05  4.887E+05  3.341E+05  2.142E+05  1.225E+05  7.607E+04
  4.578E+04  2.638E+04  1.503E+04  2.357E+02  0.000E+00  0.000E+00  3.460E+03  9.955E+03  1.933E+04  3.587E+04
  5.869E+04  8.983E+04  1.592E+05  2.661E+05  3.800E+05  5.257E+05  7.079E+05  9.213E+05  1.099E+06  1.327E+06
  1.592E+06  1.813E+06  2.067E+06  2.326E+06  2.590E+06  2.864E+06  3.151E+06  3.441E+06  3.775E+06  4.031E+06
  4.344E+06  4.587E+06  4.800E+06  5.105E+06  5.242E+06  5.319E+06  5.410E+06  5.439E+06  5.506E+06  5.494E+06
  5.445E+06  5.321E+06  5.134E+06  4.982E+06  4.720E+06  4.616E+06  4.206E+06  3.927E+06  3.706E+06  3.356E+06
  3.040E+06  2.809E+06  2.466E+06  2.245E+06  1.946E+06  1.773E+06  1.461E+06  1.282E+06  1.063E+06  8.511E+05
  6.468E+05  4.687E+05  3.372E+05  2.209E+05  1.455E+05  8.257E+04  5.124E+04  2.510E+04  1.620E+04  9.962E+03
  8.703E+02  0.000E+00  0.000E+00  1.520E+03  7.434E+03  1.333E+04  1.392E+04  3.934E+04  5.605E+04  1.023E+05
  1.536E+05  2.649E+05  3.798E+05  5.144E+05  6.849E+05  8.382E+05  1.099E+06  1.255E+06  1.463E+06  1.676E+06
  1.887E+06  2.143E+06  2.353E+06  2.542E+06  2.857E+06  3.050E+06  3.322E+06  3.463E+06  3.758E+06  3.918E+06
  4.047E+06  4.267E+06  4.329E+06  4.424E+06  4.235E+06  3.982E+06  4.339E+06  4.444E+06  4.335E+06  4.243E+06
  4.010E+06  3.863E+06  3.688E+06  3.425E+06  3.233E+06  2.960E+06  2.728E+06  2.483E+06  2.284E+06  1.995E+06
  1.801E+06  1.597E+06  1.386E+06  1.168E+06  9.857E+05  7.919E+05  6.083E+05  4.541E+05  3.318E+05  2.079E+05
  1.471E+05  8.460E+04  4.751E+04  3.069E+04  2.227E+04  1.022E+04  8.064E+03  2.165E+02  0.000E+00  0.000E+00
  1.504E+03  1.007E+04  7.732E+03  1.246E+04  2.091E+04  2.978E+04  5.903E+04  1.013E+05  1.607E+05  2.161E+05
  3.454E+05  4.592E+05  6.189E+05  7.747E+05  9.556E+05  1.176E+06  1.329E+06  1.554E+06  1.712E+06  1.912E+06
  2.086E+06  2.293E+06  2.536E+06  2.672E+06  2.783E+06  3.002E+06  3.150E+06  3.291E+06  3.303E+06  1.843E+06
  5.227E+05  2.172E+04  1.343E+04  7.639E+04  9.190E+05  2.446E+06  3.392E+06  3.238E+06  3.148E+06  3.034E+06
  2.813E+06  2.587E+06  2.416E+06  2.198E+06  2.013E+06  1.861E+06  1.608E+06  1.469E+06  1.254E+06  1.071E+06
  9.038E+05  7.380E+05  5.652E+05  3.973E+05  3.003E+05  2.075E+05  1.264E+05  7.689E+04  4.890E+04  3.108E+04
  1.586E+04  1.122E+04  9.556E+03  4.561E+03  7.917E+02  0.000E+00  0.000E+00  3.404E+03  4.708E+03  7.461E+03
  6.893E+03  1.062E+04  2.104E+04  3.026E+04  5.820E+04  9.347E+04  1.396E+05  2.249E+05  3.129E+05  4.305E+05
  5.720E+05  6.946E+05  8.564E+05  1.051E+06  1.170E+06  1.330E+06  1.513E+06  1.665E+06  1.866E+06  2.001E+06
  2.082E+06  2.311E+06  2.439E+06  2.545E+06  2.209E+06  3.848E+05  1.320E+03  5.548E+02  8.750E+02  6.845E+03
  2.789E+03  2.198E+03  5.302E+03  9.304E+05  2.513E+06  2.524E+06  2.375E+06  2.174E+06  2.057E+06  1.947E+06
  1.745E+06  1.618E+06  1.496E+06  1.271E+06  1.121E+06  9.754E+05  8.189E+05  6.601E+05  5.060E+05  3.913E+05
  2.696E+05  1.747E+05  1.250E+05  7.689E+04  4.843E+04  3.110E+04  1.673E+04  1.171E+04  6.631E+03  5.625E+03
  4.519E+03  0.000E+00  0.000E+00  0.000E+00  7.850E+02  3.651E+03  3.432E+03  5.133E+03  7.322E+03  1.049E+04
  1.800E+04  3.557E+04  5.094E+04  7.625E+04  1.174E+05  1.891E+05  2.571E+05  3.605E+05  4.502E+05  6.132E+05
  7.168E+05  8.600E+05  1.020E+06  1.197E+06  1.284E+06  1.407E+06  1.599E+06  1.689E+06  1.811E+06  1.914E+06
  1.853E+06  2.323E+05  0.000E+00  3.063E+03  1.550E+02  5.847E+02  9.791E+02  5.276E+02  8.568E+02  1.154E+03
  1.960E+03  7.251E+05  2.033E+06  1.857E+06  1.800E+06  1.633E+06  1.515E+06  1.415E+06  1.268E+06  1.102E+06
  9.645E+05  8.452E+05  6.947E+05  5.554E+05  4.563E+05  3.334E+05  2.365E+05  1.529E+05  8.580E+04  6.518E+04
  4.071E+04  2.054E+04  1.066E+04  8.065E+03  7.291E+03  7.464E+03  5.259E+03  2.234E+03  0.000E+00  0.000E+00
  0.000E+00  2.331E+03  5.253E+03  3.743E+03  5.975E+03  6.986E+03  1.092E+04  8.842E+03  1.844E+04  2.555E+04
  4.777E+04  6.717E+04  1.026E+05  1.385E+05  2.143E+05  2.952E+05  4.095E+05  4.926E+05  6.073E+05  7.209E+05
  8.429E+05  9.682E+05  1.095E+06  1.215E+06  1.300E+06  1.417E+06  1.473E+06  6.230E+05  7.539E+02  1.888E+03
  4.705E+02  1.571E+03  0.000E+00  0.000E+00  1.750E+03  0.000E+00  1.246E+03  4.049E+02  4.013E+03  1.104E+06
  1.468E+06  1.364E+06  1.291E+06  1.140E+06  1.075E+06  9.425E+05  8.148E+05  7.065E+05  5.731E+05  4.561E+05
  3.684E+05  2.601E+05  1.930E+05  1.267E+05  9.571E+04  6.250E+04  3.217E+04  2.504E+04  1.339E+04  1.016E+04
  1.150E+04  5.824E+03  5.891E+03  3.216E+03  4.038E+03  0.000E+00  0.000E+00  0.000E+00  1.419E+03  2.582E+03
  3.691E+03  4.465E+03  4.542E+03  7.583E+03  6.678E+03  9.740E+03  1.561E+04  2.639E+04  3.470E+04  5.161E+04
  8.955E+04  1.207E+05  1.779E+05  2.329E+05  3.051E+05  4.042E+05  4.996E+05  5.810E+05  6.832E+05  7.995E+05
  8.914E+05  9.660E+05  1.061E+06  1.059E+06  3.188E+04  5.423E+02  5.065E+02  0.000E+00  0.000E+00  0.000E+00
  1.495E+03  0.000E+00  5.445E+01  1.698E+03  1.114E+03  5.688E+02  3.444E+05  1.120E+06  1.021E+06  9.368E+05
  8.689E+05  7.472E+05  6.410E+05  5.476E+05  4.565E+05  3.722E+05  2.754E+05  2.128E+05  1.592E+05  1.151E+05
  6.815E+04  4.916E+04  3.202E+04  1.929E+04  1.809E+04  9.278E+03  6.695E+03  4.623E+03  4.638E+03  6.101E+03
  2.841E+03  5.552E+03  0.000E+00  0.000E+00  0.000E+00  1.450E+03  6.627E+03  2.098E+03  2.854E+03  4.111E+03
  7.395E+03  7.255E+03  7.944E+03  6.932E+03  1.300E+04  1.950E+04  2.790E+04  4.657E+04  6.284E+04  8.925E+04
  1.179E+05  1.805E+05  2.364E+05  3.019E+05  3.536E+05  4.561E+05  5.140E+05  6.065E+05  6.984E+05  7.463E+05
  5.707E+05  0.000E+00  0.000E+00  5.930E+02  0.000E+00  0.000E+00  9.107E+02  0.000E+00  0.000E+00  6.017E+02
  0.000E+00  1.287E+03  1.924E+02  4.054E+04  7.968E+05  7.249E+05  6.723E+05  5.555E+05  4.692E+05  4.376E+05
  3.455E+05  2.558E+05  1.998E+05  1.709E+05  1.169E+05  8.534E+04  5.393E+04  3.660E+04  2.671E+04  1.430E+04
  1.003E+04  4.527E+03  6.589E+03  5.628E+03  4.833E+03  5.090E+03  4.936E+03  2.442E+03  5.544E+03  5.310E+02
  0.000E+00  0.000E+00  9.272E+01  2.990E+03  1.962E+03  2.575E+03  2.728E+03  4.338E+03  8.724E+03  4.743E+03
  8.686E+03  6.545E+03  1.311E+04  1.436E+04  1.936E+04  3.469E+04  5.037E+04  7.031E+04  9.410E+04  1.377E+05
  1.709E+05  2.053E+05  2.593E+05  3.104E+05  3.672E+05  4.398E+05  4.987E+05  3.206E+05  0.000E+00  0.000E+00
  4.538E+02  0.000E+00  0.000E+00  9.831E+02  1.787E+04  0.000E+00  0.000E+00  0.000E+00  0.000E+00  2.043E+02
  2.893E+03  4.999E+05  4.433E+05  4.114E+05  3.411E+05  2.951E+05  2.399E+05  2.019E+05  1.520E+05  1.101E+05
  8.816E+04  6.302E+04  5.413E+04  3.365E+04  1.598E+04  1.459E+04  1.249E+04  8.658E+03  6.737E+03  5.285E+03
  3.955E+03  4.014E+03  3.960E+03  4.736E+03  4.760E+03  3.424E+03  3.610E+02  0.000E+00  0.000E+00  1.585E+03
  3.899E+03  4.289E+03  2.636E+03  3.418E+03  3.766E+03  4.072E+03  2.546E+03  6.844E+03  9.043E+03  7.907E+03
  9.277E+03  1.032E+04  1.491E+04  2.361E+04  3.764E+04  4.584E+04  6.612E+04  9.131E+04  1.116E+05  1.486E+05
  1.801E+05  2.250E+05  2.428E+05  2.942E+05  2.110E+05  0.000E+00  0.000E+00  0.000E+00  0.000E+00  0.000E+00
  1.095E+03  0.000E+00  1.556E+03  0.000E+00  7.979E+02  0.000E+00  3.725E+02  5.130E+03  3.031E+05  2.918E+05
  2.293E+05  2.047E+05  1.588E+05  1.384E+05  1.035E+05  7.846E+04  6.554E+04  4.192E+04  2.407E+04  2.667E+04
  1.297E+04  1.260E+04  5.447E+03  8.723E+03  4.387E+03  4.956E+03  6.101E+03  7.460E+03  3.240E+03  4.923E+03
  4.159E+03  4.324E+03  2.305E+03  0.000E+00  0.000E+00  0.000E+00  4.947E+02  2.659E+03  3.066E+03  2.296E+03
  3.411E+03  4.176E+03  3.617E+03  5.751E+03  1.003E+04  7.616E+03  8.819E+03  3.846E+03  9.153E+03  1.560E+04
  1.179E+04  1.747E+04  3.063E+04  3.241E+04  3.885E+04  6.500E+04  7.195E+04  8.741E+04  1.165E+05  1.254E+05
  1.497E+05  1.502E+05  6.653E+02  4.245E+02  1.251E+03  0.000E+00  6.566E+02  1.324E+03  8.842E+02  0.000E+00
  6.792E+02  0.000E+00  3.550E+00  0.000E+00  3.635E+04  1.710E+05  1.353E+05  1.210E+05  9.613E+04  8.573E+04
  6.630E+04  5.037E+04  3.884E+04  3.033E+04  1.854E+04  1.170E+04  1.180E+04  7.472E+03  7.724E+03  7.057E+03
  4.257E+03  4.802E+03  5.287E+03  3.521E+03  4.547E+03  5.780E+03  3.960E+03  5.241E+03  2.575E+03  3.163E+03
  0.000E+00  0.000E+00  0.000E+00  1.189E+03  3.095E+03  2.772E+03  3.243E+03  3.464E+03  4.543E+03  6.075E+03
  2.849E+03  3.961E+03  5.161E+03  2.982E+03  7.892E+03  6.263E+03  5.737E+03  8.610E+03  8.233E+03  1.091E+04
  1.242E+04  2.043E+04  3.105E+04  3.460E+04  4.511E+04  5.247E+04  6.095E+04  8.166E+04  8.403E+04  1.888E+04
  2.067E+02  9.658E+02  7.208E+02  0.000E+00  0.000E+00  0.000E+00  0.000E+00  0.000E+00  2.294E+03  5.643E+02
  0.000E+00  5.055E+04  8.513E+04  8.301E+04  6.068E+04  5.054E+04  3.822E+04  3.548E+04  2.361E+04  2.638E+04
  1.598E+04  7.484E+03  1.098E+04  8.596E+03  7.858E+03  4.855E+03  4.127E+03  4.055E+03  3.888E+03  4.680E+03
  3.381E+03  9.464E+03  4.358E+03  3.481E+03  1.981E+03  4.595E+03  5.399E+03  0.000E+00  0.000E+00  0.000E+00
  2.266E+03  2.729E+03  3.145E+03  6.803E+03  6.873E+03  3.515E+03  3.127E+03  4.038E+03  5.173E+03  4.174E+03
  5.066E+03  5.377E+03  7.126E+03  5.502E+03  7.288E+03  7.478E+03  8.570E+03  9.926E+03  1.183E+04  9.569E+03
  1.505E+04  1.934E+04  2.335E+04  3.115E+04  3.571E+04  3.870E+04  3.414E+04  1.758E+03  7.650E+02  0.000E+00
  0.000E+00  0.000E+00  0.000E+00  0.000E+00  0.000E+00  5.347E+03  1.597E+03  4.574E+03  4.111E+04  4.113E+04
  3.025E+04  2.994E+04  2.449E+04  2.173E+04  1.817E+04  1.252E+04  1.141E+04  7.681E+03  9.016E+03  6.748E+03
  7.501E+03  7.178E+03  4.067E+03  4.786E+03  4.988E+03  3.488E+03  3.809E+03  2.460E+03  3.971E+03  5.517E+03
  4.028E+03  2.006E+03  2.938E+03  1.856E+03  0.000E+00  0.000E+00  0.000E+00  1.131E+03  4.098E+03  4.156E+03
  5.641E+03  4.883E+03  3.192E+03  1.628E+03  7.912E+03  2.307E+03  3.396E+03  4.173E+03  2.883E+03  4.568E+03
  5.034E+03  5.503E+03  7.738E+03  4.280E+03  8.050E+03  9.888E+03  5.945E+03  8.903E+03  9.824E+03  1.405E+04
  1.462E+04  1.456E+04  1.688E+04  2.124E+04  8.770E+03  1.058E+03  0.000E+00  9.462E+02  0.000E+00  0.000E+00
  2.053E+03  0.000E+00  5.305E+03  2.115E+03  1.852E+04  2.067E+04  2.034E+04  1.326E+04  1.118E+04  1.398E+04
  9.840E+03  1.069E+04  7.928E+03  1.256E+04  7.196E+03  4.828E+03  4.216E+03  6.557E+03  4.075E+03  4.215E+03
  4.590E+03  6.138E+03  4.163E+03  5.310E+03  4.588E+03  8.024E+03  3.387E+03  4.329E+02  1.167E+03  4.380E+03
  2.865E+03  0.000E+00  0.000E+00  0.000E+00  2.212E+03  2.389E+03  2.282E+03  3.611E+03  1.509E+03  2.770E+03
  4.965E+03  3.771E+03  3.155E+03  2.339E+03  6.178E+03  3.186E+03  3.468E+03  9.692E+03  3.517E+03  3.272E+03
  4.110E+03  5.051E+03  6.892E+03  6.269E+03  4.593E+03  9.140E+03  1.102E+04  9.033E+03  6.622E+03  1.026E+04
  1.163E+04  1.363E+04  6.757E+03  3.531E+02  0.000E+00  0.000E+00  6.315E+02  1.007E+02  7.043E+02  7.127E+03
  1.415E+04  1.178E+04  9.325E+03  8.642E+03  6.037E+03  6.453E+03  6.341E+03  5.425E+03  7.632E+03  7.103E+03
  6.739E+03  5.317E+03  8.057E+03  5.805E+03  2.300E+03  5.796E+03  4.893E+03  4.776E+03  5.300E+03  2.120E+03
  4.092E+03  4.511E+03  3.425E+03  3.180E+03  4.391E+03  3.588E+03  2.489E+03  1.227E+03  0.000E+00  0.000E+00
  0.000E+00  2.180E+03  2.528E+03  3.017E+03  5.066E+03  3.204E+03  9.546E+02  2.798E+03  4.922E+03  4.730E+03
  3.866E+03  2.284E+03  4.559E+03  4.562E+03  4.822E+03  5.361E+03  5.099E+03  3.138E+03  5.225E+03  2.674E+03
  4.676E+03  3.940E+03  5.818E+03  5.858E+03  4.439E+03  7.276E+03  8.401E+03  5.309E+03  9.193E+03  8.451E+03
  5.903E+03  5.681E+03  1.700E+03  2.478E+03  7.132E+03  4.409E+03  1.240E+04  6.575E+03  6.018E+03  8.196E+03
  3.988E+03  6.553E+03  6.950E+03  3.513E+03  3.726E+03  3.803E+03  3.044E+03  4.818E+03  4.116E+03  4.101E+03
  2.664E+03  4.312E+03  3.818E+03  4.618E+03  6.109E+03  2.640E+03  2.978E+03  5.224E+03  2.232E+03  2.490E+03
  1.203E+03  3.176E+03  5.160E+03  4.132E+03  4.662E+03  0.000E+00  0.000E+00  0.000E+00  7.682E+02  4.494E+03
  8.241E+02  3.885E+03  4.583E+03  2.996E+03  3.346E+03  4.988E+03  2.342E+03  3.311E+03  4.462E+03  4.438E+03
  3.078E+03  6.074E+03  3.859E+03  5.864E+03  3.376E+03  5.255E+03  7.356E+03  5.752E+03  6.220E+03  8.144E+03
  4.103E+03  4.517E+03  6.429E+03  5.883E+03  4.481E+03  6.995E+03  2.942E+03  6.719E+03  6.760E+03  4.301E+03
  7.764E+03  5.263E+03  5.802E+03  5.849E+03  7.468E+03  5.355E+03  7.518E+03  3.233E+03  3.497E+03  5.341E+03
  8.767E+03  2.939E+03  3.889E+03  3.850E+03  3.831E+03  5.443E+03  4.710E+03  6.327E+03  4.019E+03  4.801E+03
  3.978E+03  3.680E+03  3.006E+03  2.970E+03  2.365E+03  3.202E+03  4.027E+03  4.166E+03  5.267E+03  2.719E+03
  3.145E+03  2.393E+03  3.849E+02  0.000E+00  0.000E+00  3.631E+02  1.594E+03  3.138E+03  2.137E+03  1.914E+03
  1.115E+03  4.843E+03  3.163E+03  3.122E+03  2.538E+03  2.985E+03  3.706E+03  3.088E+03  1.499E+03  4.066E+03
  4.611E+03  2.914E+03  5.434E+03  2.927E+03  3.355E+03  1.540E+03  4.844E+03  4.159E+03  7.036E+03  6.139E+03
  4.769E+03  4.844E+03  4.658E+03  3.030E+03  5.920E+03  4.034E+03  4.431E+03  4.691E+03  3.258E+03  4.488E+03
  7.596E+03  4.537E+03  6.722E+03  4.292E+03  3.363E+03  4.009E+03  3.901E+03  4.304E+03  2.402E+03  5.535E+03
  1.672E+03  7.352E+03  2.285E+03  3.648E+03  4.590E+03  3.859E+03  2.732E+03  3.881E+03  4.355E+03  5.204E+03
  3.612E+03  1.257E+03  4.283E+03  2.271E+03  2.974E+03  3.672E+03  2.101E+03  1.630E+03  2.836E+03  0.000E+00
  0.000E+00  0.000E+00  7.509E+02  1.998E+03  2.461E+03  2.781E+03  2.780E+03  3.430E+03  2.475E+03  2.874E+03
  3.860E+03  3.025E+03  2.368E+03  2.816E+03  1.661E+03  2.859E+03  2.309E+03  5.201E+03  5.401E+03  4.335E+03
  4.764E+03  4.639E+03  4.336E+03  3.909E+03  6.292E+03  3.796E+03  2.558E+03  2.473E+03  5.246E+03  8.041E+03
  5.176E+03  6.076E+03  3.696E+03  7.237E+03  5.304E+03  3.499E+03  5.023E+03  3.984E+03  5.062E+03  5.285E+03
  3.109E+03  3.856E+03  4.531E+03  3.930E+03  4.833E+03  4.848E+03  4.410E+03  5.387E+03  2.878E+03  4.648E+03
  5.037E+03  1.012E+03  3.231E+03  2.915E+03  3.750E+03  4.079E+03  3.025E+03  4.925E+03  3.663E+03  3.381E+03
  1.029E+03  2.864E+03  2.186E+03  2.629E+03  3.416E+03  5.330E+03  3.432E+02  0.000E+00  0.000E+00  1.136E+03
  1.139E+03  3.779E+03  2.805E+03  4.049E+03  6.856E+02  3.051E+03  1.520E+03  3.339E+03  2.544E+03  8.506E+02
  1.970E+03  3.338E+03  3.607E+03  2.556E+03  4.736E+03  3.995E+03  4.598E+03  2.909E+03  4.358E+03  3.027E+03
  3.215E+03  4.217E+03  5.688E+03  5.145E+03  3.472E+03  3.777E+03  3.608E+03  3.477E+03  4.566E+03  5.239E+03
  4.269E+03  3.763E+03  3.239E+03  4.992E+03  2.196E+03  3.422E+03  3.006E+03  3.942E+03  4.878E+03  6.618E+03
  2.670E+03  3.811E+03  6.766E+03  5.180E+03  5.140E+03  4.429E+03  5.380E+03  4.070E+03  2.897E+03  2.846E+03
  3.028E+03  2.669E+03  2.305E+03  1.577E+03  1.138E+03  1.668E+03  5.097E+03  3.195E+03  2.007E+03  4.235E+03
  1.779E+03  5.817E+03  2.033E+03  0.000E+00  0.000E+00  0.000E+00  3.830E+02  1.534E+03  1.747E+03  2.324E+03
  2.092E+03  1.307E+03  3.535E+03  3.148E+03  2.391E+03  3.557E+03  3.717E+03  5.269E+03  1.205E+03  4.685E+03
  4.275E+03  4.321E+03  5.119E+03  2.208E+03  4.816E+03  3.453E+03  2.937E+03  3.192E+03  4.265E+03  4.115E+03
  2.852E+03  2.748E+03  3.054E+03  2.902E+03  6.152E+03  3.599E+03  5.396E+03  4.950E+03  3.990E+03  2.251E+03
  3.785E+03  4.472E+03  3.516E+03  3.219E+03  6.042E+03  2.691E+03  7.030E+03  3.197E+03  3.599E+03  2.413E+03
  5.124E+03  4.256E+03  1.113E+03  4.410E+03  2.219E+03  2.287E+03  4.404E+03  4.452E+03  3.537E+03  1.642E+03
  2.706E+03  1.544E+03  1.871E+03  1.177E+03  1.882E+03  2.007E+03  2.103E+03  4.135E+03  1.559E+03  2.266E+03
  4.425E+02  0.000E+00  0.000E+00  9.438E+02  1.883E+03  2.470E+03  2.835E+03  3.145E+03  2.029E+03  1.861E+03
  2.057E+03  1.836E+03  3.132E+03  2.468E+03  4.137E+03  3.608E+03  6.942E+03  1.846E+03  2.192E+03  2.641E+03
  2.312E+03  2.078E+03  3.612E+03  2.678E+03  2.175E+03  3.543E+03  2.651E+03  2.933E+03  4.115E+03  1.921E+03
  3.859E+03  2.693E+03  2.311E+03  2.470E+03  2.191E+03  3.360E+03  2.507E+03  1.654E+03  5.030E+03  1.917E+03
  2.642E+03  3.506E+03  4.328E+03  6.039E+03  3.683E+03  1.699E+03  2.716E+03  1.647E+03  2.996E+03  3.102E+03
  4.506E+03  3.601E+03  5.405E+03  2.768E+03  1.870E+03  3.800E+03  2.661E+03  4.769E+03  1.141E+03  1.186E+03
  1.484E+03  3.540E+03  1.494E+03  4.259E+03  3.913E+02  3.835E+02  1.627E+03  3.652E+02  0.000E+00  0.000E+00
  1.187E+03  2.438E+03  3.468E+03  1.892E+03  3.039E+03  3.356E+03  1.335E+03  3.228E+03  3.138E+03  3.251E+03
  1.110E+03  3.038E+03  1.506E+03  2.394E+03  2.654E+03  2.973E+03  2.431E+03  1.110E+03  2.295E+03  3.118E+03
  1.140E+03  5.278E+03  2.633E+03  4.709E+03  3.912E+03  3.233E+03  2.294E+03  6.157E+03  4.102E+03  3.815E+03
  2.367E+03  2.523E+03  4.372E+03  4.454E+03  3.927E+03  3.882E+03  5.971E+03  5.412E+03  4.680E+03  2.030E+03
  3.869E+03  4.569E+03  1.951E+03  1.969E+03  4.109E+03  4.510E+03  3.530E+03  3.216E+03  2.264E+03  2.703E+03
  2.794E+03  4.901E+03  3.960E+03  2.578E+03  5.210E+03  2.361E+03  2.762E+03  7.731E+02  2.878E+03  2.810E+03
  3.391E+03  1.938E+03  1.540E+03  1.690E+03  9.483E+01  0.000E+00  0.000E+00  0.000E+00  3.270E+03  2.772E+03
  1.803E+03  5.997E+03  1.621E+03  1.010E+03  2.398E+03  2.786E+03  2.057E+03  3.395E+03  2.716E+03  5.358E+03
  1.506E+03  2.101E+03  2.821E+03  2.854E+03  8.659E+02  3.164E+03  1.530E+03  9.534E+02  1.926E+03  3.162E+03
  2.814E+03  4.428E+03  2.689E+03  4.418E+03  3.040E+03  4.539E+03  2.055E+03  1.863E+03  4.747E+03  3.032E+03
  4.926E+03  2.225E+03  3.511E+03  1.875E+03  1.848E+03  5.000E+03  2.985E+03  2.363E+03  3.940E+03  4.491E+03
  3.709E+03  3.711E+03  1.588E+03  3.241E+03  3.689E+03  5.870E+03  2.630E+03  2.235E+03  1.820E+03  1.141E+03
  2.114E+03  2.092E+03  1.679E+03  4.215E+03  2.419E+03  8.585E+02  2.033E+03  2.586E+03  2.056E+03  2.791E+03
  1.118E+03  0.000E+00  0.000E+00  0.000E+00  3.737E+02  1.914E+03  1.799E+03  2.053E+03  2.873E+03  1.874E+03
  1.513E+03  8.636E+02  5.286E+03  3.486E+03  3.456E+03  2.754E+03  3.843E+03  1.479E+03  1.514E+03  2.627E+03
  3.424E+03  1.303E+03  8.553E+02  3.848E+03  2.240E+03  2.242E+03  2.314E+03  2.344E+03  1.974E+03  1.677E+03
  4.675E+03  2.688E+03  4.057E+03  2.035E+03  4.599E+02  1.974E+03  4.557E+03  2.350E+03  4.648E+03  4.762E+03
  1.981E+03  4.320E+03  3.962E+03  1.887E+03  2.556E+03  4.391E+03  1.371E+03  2.330E+03  2.328E+03  2.279E+03
  2.430E+03  3.664E+03  3.846E+03  2.578E+03  2.264E+03  1.238E+03  2.257E+03  3.704E+03  1.005E+03  4.037E+02
  7.451E+02  1.571E+03  2.233E+03  1.915E+03  2.172E+03  1.606E+03  2.838E+03  1.729E+03  0.000E+00  0.000E+00

#------------------------------------------------------------------------------
# gshow
#------------------------------------------------------------------------------

p: legs[c5*0.875]

hb:   line clip z  
frame:
 -9.9999756E+00 -1.4999930E+01
  1.0100024E+01 -1.4999930E+01
  1.0100024E+01  1.5000070E+01
 -9.9999756E+00  1.5000070E+01
clip:
 -1.02955634E+01 -1.52969593E+01
 -9.50000000E+00 -1.52969593E+01
 -9.50000000E+00 -1.51207039E+01
 -9.50000000E+00 -1.49910187E+01
 -9.50000000E+00 -1.48147633E+01
 -9.50000000E+00 -1.46850781E+01
 -9.50000000E+00 -1.45088227E+01
 -9.50000000E+00 -1.43791376E+01
 -9.50000000E+00 -1.42028821E+01
 -9.50000000E+00 -1.40731970E+01
 -9.50000000E+00 -1.38969415E+01
 -9.50000000E+00 -1.37672564E+01
 -9.50000000E+00 -1.35910009E+01
 -9.50000000E+00 -1.34613158E+01
 -9.50000000E+00 -1.32850603E+01
 -9.50000000E+00 -1.31553752E+01
 -9.50000000E+00 -1.29791197E+01
 -9.50000000E+00 -1.28494346E+01
 -9.50000000E+00 -1.26731791E+01
 -9.50000000E+00 -1.25434940E+01
 -9.50000000E+00 -1.23672385E+01
 -9.50000000E+00 -1.22375534E+01
 -9.50000000E+00 -1.20612979E+01
 -9.50000000E+00 -1.19316128E+01
 -9.50000000E+00 -1.17553573E+01
 -9.50000000E+00 -1.16256722E+01
 -9.50000000E+00 -1.14494167E+01
 -9.50000000E+00 -1.13197316E+01
 -9.50000000E+00 -1.11434761E+01
 -9.50000000E+00 -1.10137910E+01
 -9.50000000E+00 -1.08375355E+01
 -9.50000000E+00 -1.07078504E+01
 -9.50000000E+00 -1.05315949E+01
 -9.50000000E+00 -1.04019098E+01
 -9.50000000E+00 -1.02256544E+01
 -9.50000000E+00 -1.00959692E+01
 -9.50000000E+00 -9.91971376E+00
 -9.50000000E+00 -9.79002864E+00
 -9.50000000E+00 -9.61377317E+00
 -9.50000000E+00 -9.48408805E+00
 -9.50000000E+00 -9.30783257E+00
 -9.50000000E+00 -9.17814745E+00
 -9.50000000E+00 -9.00189198E+00
 -9.50000000E+00 -8.87220686E+00
 -9.50000000E+00 -8.69595138E+00
 -9.50000000E+00 -8.56626626E+00
 -9.50000000E+00 -8.39001079E+00
 -9.50000000E+00 -8.26032567E+00
 -9.50000000E+00 -8.08407020E+00
 -9.50000000E+00 -7.95438508E+00
 -9.50000000E+00 -7.77812960E+00
 -9.50000000E+00 -7.64844448E+00
 -9.50000000E+00 -7.47218901E+00
 -9.50000000E+00 -7.34250389E+00
 -9.50000000E+00 -7.16624841E+00
 -9.50000000E+00 -7.03656329E+00
 -9.50000000E+00 -6.86030782E+00
 -9.50000000E+00 -6.73062270E+00
 -9.50000000E+00 -6.55436723E+00
 -9.50000000E+00 -6.42468210E+00
 -9.50000000E+00 -6.24842663E+00
 -9.50000000E+00 -6.11874151E+00
 -9.50000000E+00 -5.94248604E+00
 -9.50000000E+00 -5.81280092E+00
 -9.50000000E+00 -5.63654544E+00
 -9.50000000E+00 -5.50686032E+00
 -9.50000000E+00 -5.33060485E+00
 -9.50000000E+00 -5.20091973E+00
 -9.50000000E+00 -5.02466426E+00
 -9.50000000E+00 -4.89497913E+00
 -9.50000000E+00 -4.71872366E+00
 -9.50000000E+00 -4.58903854E+00
 -9.50000000E+00 -4.41278307E+00
 -9.50000000E+00 -4.28309795E+00
 -9.50000000E+00 -4.10684247E+00
 -9.50000000E+00 -3.97715735E+00
 -9.50000000E+00 -3.80090188E+00
 -9.50000000E+00 -3.67121676E+00
 -9.50000000E+00 -3.49496128E+00
 -9.50000000E+00 -3.36527616E+00
 -9.50000000E+00 -3.18902069E+00
 -9.50000000E+00 -3.05933557E+00
 -9.50000000E+00 -2.88308010E+00
 -9.50000000E+00 -2.75339498E+00
 -9.50000000E+00 -2.57713950E+00
 -9.50000000E+00 -2.44745438E+00
 -9.50000000E+00 -2.27119891E+00
 -9.50000000E+00 -2.14151379E+00
 -9.50000000E+00 -1.96525831E+00
 -9.50000000E+00 -1.83557319E+00
 -9.50000000E+00 -1.65931772E+00
 -9.50000000E+00 -1.52963260E+00
 -9.50000000E+00 -1.35337713E+00
 -9.50000000E+00 -1.22369201E+00
 -9.50000000E+00 -1.04743653E+00
 -9.50000000E+00 -9.17751412E-01
 -9.50000000E+00 -7.41495938E-01
 -9.50000000E+00 -6.11810818E-01
 -9.50000000E+00 -4.35555344E-01
 -9.50000000E+00 -3.05870224E-01
 -9.50000000E+00 -1.29614750E-01
 -9.50000000E+00  7.03703670E-05
 -9.50000000E+00  1.76325844E-01
 -9.50000000E+00  3.06010964E-01
 -9.50000000E+00  4.82266438E-01
 -9.50000000E+00  6.11951558E-01
 -9.50000000E+00  7.88207032E-01
 -9.50000000E+00  9.17892153E-01
 -9.50000000E+00  1.09414763E+00
 -9.50000000E+00  1.22383275E+00
 -9.50000000E+00  1.40008822E+00
 -9.50000000E+00  1.52977334E+00
 -9.50000000E+00  1.70602881E+00
 -9.50000000E+00  1.83571393E+00
 -9.50000000E+00  2.01196941E+00
 -9.50000000E+00  2.14165453E+00
 -9.50000000E+00  2.31791000E+00
 -9.50000000E+00  2.44759512E+00
 -9.50000000E+00  2.62385060E+00
 -9.50000000E+00  2.75353572E+00
 -9.50000000E+00  2.92979119E+00
 -9.50000000E+00  3.05947631E+00
 -9.50000000E+00  3.23573178E+00
 -9.50000000E+00  3.36541691E+00
 -9.50000000E+00  3.54167238E+00
 -9.50000000E+00  3.67135750E+00
 -9.50000000E+00  3.84761297E+00
 -9.50000000E+00  3.97729809E+00
 -9.50000000E+00  4.15355357E+00
 -9.50000000E+00  4.28323869E+00
 -9.50000000E+00  4.45949416E+00
 -9.50000000E+00  4.58917928E+00
 -9.50000000E+00  4.76543475E+00
 -9.50000000E+00  4.89511988E+00
 -9.50000000E+00  5.07137535E+00
 -9.50000000E+00  5.20106047E+00
 -9.50000000E+00  5.37731594E+00
 -9.50000000E+00  5.50700106E+00
 -9.50000000E+00  5.68325654E+00
 -9.50000000E+00  5.81294166E+00
 -9.50000000E+00  5.98919713E+00
 -9.50000000E+00  6.11888225E+00
 -9.50000000E+00  6.29513772E+00
 -9.50000000E+00  6.42482285E+00
 -9.50000000E+00  6.60107832E+00
 -9.50000000E+00  6.73076344E+00
 -9.50000000E+00  6.90701891E+00
 -9.50000000E+00  7.03670403E+00
 -9.50000000E+00  7.21295951E+00
 -9.50000000E+00  7.34264463E+00
 -9.50000000E+00  7.51890010E+00
 -9.50000000E+00  7.64858522E+00
 -9.50000000E+00  7.82484070E+00
 -9.50000000E+00  7.95452582E+00
 -9.50000000E+00  8.13078129E+00
 -9.50000000E+00  8.26046641E+00
 -9.50000000E+00  8.43672188E+00
 -9.50000000E+00  8.56640700E+00
 -9.50000000E+00  8.74266248E+00
 -9.50000000E+00  8.87234760E+00
 -9.50000000E+00  9.04860307E+00
 -9.50000000E+00  9.17828819E+00
 -9.50000000E+00  9.35454367E+00
 -9.50000000E+00  9.48422879E+00
 -9.50000000E+00  9.66048426E+00
 -9.50000000E+00  9.79016938E+00
 -9.50000000E+00  9.96642485E+00
 -9.50000000E+00  1.00961100E+01
 -9.50000000E+00  1.02723654E+01
 -9.50000000E+00  1.04020506E+01
 -9.50000000E+00  1.05783060E+01
 -9.50000000E+00  1.07079912E+01
 -9.50000000E+00  1.08842466E+01
 -9.50000000E+00  1.10139318E+01
 -9.50000000E+00  1.11901872E+01
 -9.50000000E+00  1.13198724E+01
 -9.50000000E+00  1.14961278E+01
 -9.50000000E+00  1.16258129E+01
 -9.50000000E+00  1.18020684E+01
 -9.50000000E+00  1.19317535E+01
 -9.50000000E+00  1.21080090E+01
 -9.50000000E+00  1.22376941E+01
 -9.50000000E+00  1.24139496E+01
 -9.50000000E+00  1.25436347E+01
 -9.50000000E+00  1.27198902E+01
 -9.50000000E+00  1.28495753E+01
 -9.50000000E+00  1.30258308E+01
 -9.50000000E+00  1.31555159E+01
 -9.50000000E+00  1.33317714E+01
 -9.50000000E+00  1.34614565E+01
 -9.50000000E+00  1.36377120E+01
 -9.50000000E+00  1.37673971E+01
 -9.50000000E+00  1.39436526E+01
 -9.50000000E+00  1.40733377E+01
 -9.50000000E+00  1.42495932E+01
 -9.50000000E+00  1.43792783E+01
 -9.50000000E+00  1.45555338E+01
 -9.50000000E+00  1.46852189E+01
 -9.50000000E+00  1.48614744E+01
 -9.50000000E+00  1.49911595E+01
 -9.50000000E+00  1.51674150E+01
 -9.50000000E+00  1.52971001E+01
 -9.67791636E+00  1.52971001E+01
 -9.98673989E+00  1.52971001E+01
 -1.02955634E+01  1.52971001E+01
 -1.02955634E+01  1.49911595E+01
 -1.02955634E+01  1.46852189E+01
 -1.02955634E+01  1.43792783E+01
 -1.02955634E+01  1.40733377E+01
 -1.02955634E+01  1.37673971E+01
 -1.02955634E+01  1.34614565E+01
 -1.02955634E+01  1.31555159E+01
 -1.02955634E+01  1.28495753E+01
 -1.02955634E+01  1.25436347E+01
 -1.02955634E+01  1.22376941E+01
 -1.02955634E+01  1.19317535E+01
 -1.02955634E+01  1.16258129E+01
 -1.02955634E+01  1.13198724E+01
 -1.02955634E+01  1.10139318E+01
 -1.02955634E+01  1.07079912E+01
 -1.02955634E+01  1.04020506E+01
 -1.02955634E+01  1.00961100E+01
 -1.02955634E+01  9.79016938E+00
 -1.02955634E+01  9.48422879E+00
 -1.02955634E+01  9.17828819E+00
 -1.02955634E+01  8.87234760E+00
 -1.02955634E+01  8.56640700E+00
 -1.02955634E+01  8.26046641E+00
 -1.02955634E+01  7.95452582E+00
 -1.02955634E+01  7.64858522E+00
 -1.02955634E+01  7.34264463E+00
 -1.02955634E+01  7.03670403E+00
 -1.02955634E+01  6.73076344E+00
 -1.02955634E+01  6.42482285E+00
 -1.02955634E+01  6.11888225E+00
 -1.02955634E+01  5.81294166E+00
 -1.02955634E+01  5.50700106E+00
 -1.02955634E+01  5.20106047E+00
 -1.02955634E+01  4.89511988E+00
 -1.02955634E+01  4.58917928E+00
 -1.02955634E+01  4.28323869E+00
 -1.02955634E+01  3.97729809E+00
 -1.02955634E+01  3.67135750E+00
 -1.02955634E+01  3.36541691E+00
 -1.02955634E+01  3.05947631E+00
 -1.02955634E+01  2.75353572E+00
 -1.02955634E+01  2.44759512E+00
 -1.02955634E+01  2.14165453E+00
 -1.02955634E+01  1.83571393E+00
 -1.02955634E+01  1.52977334E+00
 -1.02955634E+01  1.22383275E+00
 -1.02955634E+01  9.17892153E-01
 -1.02955634E+01  6.11951558E-01
 -1.02955634E+01  3.06010964E-01
 -1.02955634E+01  7.03703670E-05
 -1.02955634E+01 -3.05870224E-01
 -1.02955634E+01 -6.11810818E-01
 -1.02955634E+01 -9.17751412E-01
 -1.02955634E+01 -1.22369201E+00
 -1.02955634E+01 -1.52963260E+00
 -1.02955634E+01 -1.83557319E+00
 -1.02955634E+01 -2.14151379E+00
 -1.02955634E+01 -2.44745438E+00
 -1.02955634E+01 -2.75339498E+00
 -1.02955634E+01 -3.05933557E+00
 -1.02955634E+01 -3.36527616E+00
 -1.02955634E+01 -3.67121676E+00
 -1.02955634E+01 -3.97715735E+00
 -1.02955634E+01 -4.28309795E+00
 -1.02955634E+01 -4.58903854E+00
 -1.02955634E+01 -4.89497913E+00
 -1.02955634E+01 -5.20091973E+00
 -1.02955634E+01 -5.50686032E+00
 -1.02955634E+01 -5.81280092E+00
 -1.02955634E+01 -6.11874151E+00
 -1.02955634E+01 -6.42468210E+00
 -1.02955634E+01 -6.73062270E+00
 -1.02955634E+01 -7.03656329E+00
 -1.02955634E+01 -7.34250389E+00
 -1.02955634E+01 -7.64844448E+00
 -1.02955634E+01 -7.95438508E+00
 -1.02955634E+01 -8.26032567E+00
 -1.02955634E+01 -8.56626626E+00
 -1.02955634E+01 -8.87220686E+00
 -1.02955634E+01 -9.17814745E+00
 -1.02955634E+01 -9.48408805E+00
 -1.02955634E+01 -9.79002864E+00
 -1.02955634E+01 -1.00959692E+01
 -1.02955634E+01 -1.04019098E+01
 -1.02955634E+01 -1.07078504E+01
 -1.02955634E+01 -1.10137910E+01
 -1.02955634E+01 -1.13197316E+01
 -1.02955634E+01 -1.16256722E+01
 -1.02955634E+01 -1.19316128E+01
 -1.02955634E+01 -1.22375534E+01
 -1.02955634E+01 -1.25434940E+01
 -1.02955634E+01 -1.28494346E+01
 -1.02955634E+01 -1.31553752E+01
 -1.02955634E+01 -1.34613158E+01
 -1.02955634E+01 -1.37672564E+01
 -1.02955634E+01 -1.40731970E+01
 -1.02955634E+01 -1.43791376E+01
 -1.02955634E+01 -1.46850781E+01
 -1.02955634E+01 -1.49910187E+01
 -1.02955634E+01 -1.52969593E+01

hb:   line clip z  
frame:
 -9.9999756E+00 -1.4999930E+01
  1.0100024E+01 -1.4999930E+01
  1.0100024E+01  1.5000070E+01
 -9.9999756E+00  1.5000070E+01
clip:
 -9.36909283E+00 -1.52969593E+01
  9.50000000E+00 -1.52969593E+01
  9.50000000E+00 -1.52663899E+01
  9.50000000E+00 -1.49910187E+01
  9.50000000E+00 -1.49604493E+01
  9.50000000E+00 -1.46850781E+01
  9.50000000E+00 -1.46545087E+01
  9.50000000E+00 -1.43791376E+01
  9.50000000E+00 -1.43485681E+01
  9.50000000E+00 -1.40731970E+01
  9.50000000E+00 -1.40426275E+01
  9.50000000E+00 -1.37672564E+01
  9.50000000E+00 -1.37366869E+01
  9.50000000E+00 -1.34613158E+01
  9.50000000E+00 -1.34307463E+01
  9.50000000E+00 -1.31553752E+01
  9.50000000E+00 -1.31248057E+01
  9.50000000E+00 -1.28494346E+01
  9.50000000E+00 -1.28188651E+01
  9.50000000E+00 -1.25434940E+01
  9.50000000E+00 -1.25129245E+01
  9.50000000E+00 -1.22375534E+01
  9.50000000E+00 -1.22069839E+01
  9.50000000E+00 -1.19316128E+01
  9.50000000E+00 -1.19010433E+01
  9.50000000E+00 -1.16256722E+01
  9.50000000E+00 -1.15951027E+01
  9.50000000E+00 -1.13197316E+01
  9.50000000E+00 -1.12891621E+01
  9.50000000E+00 -1.10137910E+01
  9.50000000E+00 -1.09832215E+01
  9.50000000E+00 -1.07078504E+01
  9.50000000E+00 -1.06772809E+01
  9.50000000E+00 -1.04019098E+01
  9.50000000E+00 -1.03713404E+01
  9.50000000E+00 -1.00959692E+01
  9.50000000E+00 -1.00653998E+01
  9.50000000E+00 -9.79002864E+00
  9.50000000E+00 -9.75945916E+00
  9.50000000E+00 -9.48408805E+00
  9.50000000E+00 -9.45351857E+00
  9.50000000E+00 -9.17814745E+00
  9.50000000E+00 -9.14757798E+00
  9.50000000E+00 -8.87220686E+00
  9.50000000E+00 -8.84163738E+00
  9.50000000E+00 -8.56626626E+00
  9.50000000E+00 -8.53569679E+00
  9.50000000E+00 -8.26032567E+00
  9.50000000E+00 -8.22975619E+00
  9.50000000E+00 -7.95438508E+00
  9.50000000E+00 -7.92381560E+00
  9.50000000E+00 -7.64844448E+00
  9.50000000E+00 -7.61787500E+00
  9.50000000E+00 -7.34250389E+00
  9.50000000E+00 -7.31193441E+00
  9.50000000E+00 -7.03656329E+00
  9.50000000E+00 -7.00599382E+00
  9.50000000E+00 -6.73062270E+00
  9.50000000E+00 -6.70005322E+00
  9.50000000E+00 -6.42468210E+00
  9.50000000E+00 -6.39411263E+00
  9.50000000E+00 -6.11874151E+00
  9.50000000E+00 -6.08817203E+00
  9.50000000E+00 -5.81280092E+00
  9.50000000E+00 -5.78223144E+00
  9.50000000E+00 -5.50686032E+00
  9.50000000E+00 -5.47629085E+00
  9.50000000E+00 -5.20091973E+00
  9.50000000E+00 -5.17035025E+00
  9.50000000E+00 -4.89497913E+00
  9.50000000E+00 -4.86440966E+00
  9.50000000E+00 -4.58903854E+00
  9.50000000E+00 -4.55846906E+00
  9.50000000E+00 -4.28309795E+00
  9.50000000E+00 -4.25252847E+00
  9.50000000E+00 -3.97715735E+00
  9.50000000E+00 -3.94658788E+00
  9.50000000E+00 -3.67121676E+00
  9.50000000E+00 -3.64064728E+00
  9.50000000E+00 -3.36527616E+00
  9.50000000E+00 -3.33470669E+00
  9.50000000E+00 -3.05933557E+00
  9.50000000E+00 -3.02876609E+00
  9.50000000E+00 -2.75339498E+00
  9.50000000E+00 -2.72282550E+00
  9.50000000E+00 -2.44745438E+00
  9.50000000E+00 -2.41688491E+00
  9.50000000E+00 -2.14151379E+00
  9.50000000E+00 -2.11094431E+00
  9.50000000E+00 -1.83557319E+00
  9.50000000E+00 -1.80500372E+00
  9.50000000E+00 -1.52963260E+00
  9.50000000E+00 -1.49906312E+00
  9.50000000E+00 -1.22369201E+00
  9.50000000E+00 -1.19312253E+00
  9.50000000E+00 -9.17751412E-01
  9.50000000E+00 -8.87181936E-01
  9.50000000E+00 -6.11810818E-01
  9.50000000E+00 -5.81241342E-01
  9.50000000E+00 -3.05870224E-01
  9.50000000E+00 -2.75300747E-01
  9.50000000E+00  7.03703670E-05
  9.50000000E+00  3.06398466E-02
  9.50000000E+00  3.06010964E-01
  9.50000000E+00  3.36580441E-01
  9.50000000E+00  6.11951558E-01
  9.50000000E+00  6.42521035E-01
  9.50000000E+00  9.17892153E-01
  9.50000000E+00  9.48461629E-01
  9.50000000E+00  1.22383275E+00
  9.50000000E+00  1.25440222E+00
  9.50000000E+00  1.52977334E+00
  9.50000000E+00  1.56034282E+00
  9.50000000E+00  1.83571393E+00
  9.50000000E+00  1.86628341E+00
  9.50000000E+00  2.14165453E+00
  9.50000000E+00  2.17222401E+00
  9.50000000E+00  2.44759512E+00
  9.50000000E+00  2.47816460E+00
  9.50000000E+00  2.75353572E+00
  9.50000000E+00  2.78410519E+00
  9.50000000E+00  3.05947631E+00
  9.50000000E+00  3.09004579E+00
  9.50000000E+00  3.36541691E+00
  9.50000000E+00  3.39598638E+00
  9.50000000E+00  3.67135750E+00
  9.50000000E+00  3.70192698E+00
  9.50000000E+00  3.97729809E+00
  9.50000000E+00  4.00786757E+00
  9.50000000E+00  4.28323869E+00
  9.50000000E+00  4.31380816E+00
  9.50000000E+00  4.58917928E+00
  9.50000000E+00  4.61974876E+00
  9.50000000E+00  4.89511988E+00
  9.50000000E+00  4.92568935E+00
  9.50000000E+00  5.20106047E+00
  9.50000000E+00  5.23162995E+00
  9.50000000E+00  5.50700106E+00
  9.50000000E+00  5.53757054E+00
  9.50000000E+00  5.81294166E+00
  9.50000000E+00  5.84351113E+00
  9.50000000E+00  6.11888225E+00
  9.50000000E+00  6.14945173E+00
  9.50000000E+00  6.42482285E+00
  9.50000000E+00  6.45539232E+00
  9.50000000E+00  6.73076344E+00
  9.50000000E+00  6.76133292E+00
  9.50000000E+00  7.03670403E+00
  9.50000000E+00  7.06727351E+00
  9.50000000E+00  7.34264463E+00
  9.50000000E+00  7.37321410E+00
  9.50000000E+00  7.64858522E+00
  9.50000000E+00  7.67915470E+00
  9.50000000E+00  7.95452582E+00
  9.50000000E+00  7.98509529E+00
  9.50000000E+00  8.26046641E+00
  9.50000000E+00  8.29103589E+00
  9.50000000E+00  8.56640700E+00
  9.50000000E+00  8.59697648E+00
  9.50000000E+00  8.87234760E+00
  9.50000000E+00  8.90291707E+00
  9.50000000E+00  9.17828819E+00
  9.50000000E+00  9.20885767E+00
  9.50000000E+00  9.48422879E+00
  9.50000000E+00  9.51479826E+00
  9.50000000E+00  9.79016938E+00
  9.50000000E+00  9.82073886E+00
  9.50000000E+00  1.00961100E+01
  9.50000000E+00  1.01266795E+01
  9.50000000E+00  1.04020506E+01
  9.50000000E+00  1.04326200E+01
  9.50000000E+00  1.07079912E+01
  9.50000000E+00  1.07385606E+01
  9.50000000E+00  1.10139318E+01
  9.50000000E+00  1.10445012E+01
  9.50000000E+00  1.13198724E+01
  9.50000000E+00  1.13504418E+01
  9.50000000E+00  1.16258129E+01
  9.50000000E+00  1.16563824E+01
  9.50000000E+00  1.19317535E+01
  9.50000000E+00  1.19623230E+01
  9.50000000E+00  1.22376941E+01
  9.50000000E+00  1.22682636E+01
  9.50000000E+00  1.25436347E+01
  9.50000000E+00  1.25742042E+01
  9.50000000E+00  1.28495753E+01
  9.50000000E+00  1.28801448E+01
  9.50000000E+00  1.31555159E+01
  9.50000000E+00  1.31860854E+01
  9.50000000E+00  1.34614565E+01
  9.50000000E+00  1.34920260E+01
  9.50000000E+00  1.37673971E+01
  9.50000000E+00  1.37979666E+01
  9.50000000E+00  1.40733377E+01
  9.50000000E+00  1.41039072E+01
  9.50000000E+00  1.43792783E+01
  9.50000000E+00  1.44098478E+01
  9.50000000E+00  1.46852189E+01
  9.50000000E+00  1.47157884E+01
  9.50000000E+00  1.49911595E+01
  9.50000000E+00  1.50217290E+01
  9.50000000E+00  1.52971001E+01
  9.46914246E+00  1.52971001E+01
  9.16031893E+00  1.52971001E+01
  8.85149540E+00  1.52971001E+01
  8.54267187E+00  1.52971001E+01
  8.23384834E+00  1.52971001E+01
  7.92502481E+00  1.52971001E+01
  7.61620129E+00  1.52971001E+01
  7.30737776E+00  1.52971001E+01
  6.99855423E+00  1.52971001E+01
  6.68973070E+00  1.52971001E+01
  6.38090717E+00  1.52971001E+01
  6.07208364E+00  1.52971001E+01
  5.76326011E+00  1.52971001E+01
  5.45443658E+00  1.52971001E+01
  5.14561305E+00  1.52971001E+01
  4.83678952E+00  1.52971001E+01
  4.52796599E+00  1.52971001E+01
  4.21914246E+00  1.52971001E+01
  3.91031893E+00  1.52971001E+01
  3.60149540E+00  1.52971001E+01
  3.29267187E+00  1.52971001E+01
  2.98384834E+00  1.52971001E+01
  2.67502481E+00  1.52971001E+01
  2.36620129E+00  1.52971001E+01
  2.05737776E+00  1.52971001E+01
  1.74855423E+00  1.52971001E+01
  1.43973070E+00  1.52971001E+01
  1.13090717E+00  1.52971001E+01
  8.22083638E-01  1.52971001E+01
  5.13260109E-01  1.52971001E+01
  2.04436580E-01  1.52971001E+01
 -1.04386950E-01  1.52971001E+01
 -4.13210479E-01  1.52971001E+01
 -7.22034009E-01  1.52971001E+01
 -1.03085754E+00  1.52971001E+01
 -1.33968107E+00  1.52971001E+01
 -1.64850460E+00  1.52971001E+01
 -1.95732813E+00  1.52971001E+01
 -2.26615166E+00  1.52971001E+01
 -2.57497519E+00  1.52971001E+01
 -2.88379871E+00  1.52971001E+01
 -3.19262224E+00  1.52971001E+01
 -3.50144577E+00  1.52971001E+01
 -3.81026930E+00  1.52971001E+01
 -4.11909283E+00  1.52971001E+01
 -4.42791636E+00  1.52971001E+01
 -4.73673989E+00  1.52971001E+01
 -5.04556342E+00  1.52971001E+01
 -5.35438695E+00  1.52971001E+01
 -5.66321048E+00  1.52971001E+01
 -5.97203401E+00  1.52971001E+01
 -6.28085754E+00  1.52971001E+01
 -6.58968107E+00  1.52971001E+01
 -6.89850460E+00  1.52971001E+01
 -7.20732813E+00  1.52971001E+01
 -7.51615166E+00  1.52971001E+01
 -7.82497519E+00  1.52971001E+01
 -8.13379871E+00  1.52971001E+01
 -8.44262224E+00  1.52971001E+01
 -8.75144577E+00  1.52971001E+01
 -9.06026930E+00  1.52971001E+01
 -9.36909283E+00  1.52971001E+01
 -9.50000000E+00  1.52971001E+01
 -9.50000000E+00  1.51674150E+01
 -9.50000000E+00  1.49911595E+01
 -9.50000000E+00  1.48614744E+01
 -9.50000000E+00  1.46852189E+01
 -9.50000000E+00  1.45555338E+01
 -9.50000000E+00  1.43792783E+01
 -9.50000000E+00  1.42495932E+01
 -9.50000000E+00  1.40733377E+01
 -9.50000000E+00  1.39436526E+01
 -9.50000000E+00  1.37673971E+01
 -9.50000000E+00  1.36377120E+01
 -9.50000000E+00  1.34614565E+01
 -9.50000000E+00  1.33317714E+01
 -9.50000000E+00  1.31555159E+01
 -9.50000000E+00  1.30258308E+01
 -9.50000000E+00  1.28495753E+01
 -9.50000000E+00  1.27198902E+01
 -9.50000000E+00  1.25436347E+01
 -9.50000000E+00  1.24139496E+01
 -9.50000000E+00  1.22376941E+01
 -9.50000000E+00  1.21080090E+01
 -9.50000000E+00  1.19317535E+01
 -9.50000000E+00  1.18020684E+01
 -9.50000000E+00  1.16258129E+01
 -9.50000000E+00  1.14961278E+01
 -9.50000000E+00  1.13198724E+01
 -9.50000000E+00  1.11901872E+01
 -9.50000000E+00  1.10139318E+01
 -9.50000000E+00  1.08842466E+01
 -9.50000000E+00  1.07079912E+01
 -9.50000000E+00  1.05783060E+01
 -9.50000000E+00  1.04020506E+01
 -9.50000000E+00  1.02723654E+01
 -9.50000000E+00  1.00961100E+01
 -9.50000000E+00  9.96642485E+00
 -9.50000000E+00  9.79016938E+00
 -9.50000000E+00  9.66048426E+00
 -9.50000000E+00  9.48422879E+00
 -9.50000000E+00  9.35454367E+00
 -9.50000000E+00  9.17828819E+00
 -9.50000000E+00  9.04860307E+00
 -9.50000000E+00  8.87234760E+00
 -9.50000000E+00  8.74266248E+00
 -9.50000000E+00  8.56640700E+00
 -9.50000000E+00  8.43672188E+00
 -9.50000000E+00  8.26046641E+00
 -9.50000000E+00  8.13078129E+00
 -9.50000000E+00  7.95452582E+00
 -9.50000000E+00  7.82484070E+00
 -9.50000000E+00  7.64858522E+00
 -9.50000000E+00  7.51890010E+00
 -9.50000000E+00  7.34264463E+00
 -9.50000000E+00  7.21295951E+00
 -9.50000000E+00  7.03670403E+00
 -9.50000000E+00  6.90701891E+00
 -9.50000000E+00  6.73076344E+00
 -9.50000000E+00  6.60107832E+00
 -9.50000000E+00  6.42482285E+00
 -9.50000000E+00  6.29513772E+00
 -9.50000000E+00  6.11888225E+00
 -9.50000000E+00  5.98919713E+00
 -9.50000000E+00  5.81294166E+00
 -9.50000000E+00  5.68325654E+00
 -9.50000000E+00  5.50700106E+00
 -9.50000000E+00  5.37731594E+00
 -9.50000000E+00  5.20106047E+00
 -9.50000000E+00  5.07137535E+00
 -9.50000000E+00  4.89511988E+00
 -9.50000000E+00  4.76543475E+00
 -9.50000000E+00  4.58917928E+00
 -9.50000000E+00  4.45949416E+00
 -9.50000000E+00  4.28323869E+00
 -9.50000000E+00  4.15355357E+00
 -9.50000000E+00  3.97729809E+00
 -9.50000000E+00  3.84761297E+00
 -9.50000000E+00  3.67135750E+00
 -9.50000000E+00  3.54167238E+00
 -9.50000000E+00  3.36541691E+00
 -9.50000000E+00  3.23573178E+00
 -9.50000000E+00  3.05947631E+00
 -9.50000000E+00  2.92979119E+00
 -9.50000000E+00  2.75353572E+00
 -9.50000000E+00  2.62385060E+00
 -9.50000000E+00  2.44759512E+00
 -9.50000000E+00  2.31791000E+00
 -9.50000000E+00  2.14165453E+00
 -9.50000000E+00  2.01196941E+00
 -9.50000000E+00  1.83571393E+00
 -9.50000000E+00  1.70602881E+00
 -9.50000000E+00  1.52977334E+00
 -9.50000000E+00  1.40008822E+00
 -9.50000000E+00  1.22383275E+00
 -9.50000000E+00  1.09414763E+00
 -9.50000000E+00  9.17892153E-01
 -9.50000000E+00  7.88207032E-01
 -9.50000000E+00  6.11951558E-01
 -9.50000000E+00  4.82266438E-01
 -9.50000000E+00  3.06010964E-01
 -9.50000000E+00  1.76325844E-01
 -9.50000000E+00  7.03703670E-05
 -9.50000000E+00 -1.29614750E-01
 -9.50000000E+00 -3.05870224E-01
 -9.50000000E+00 -4.35555344E-01
 -9.50000000E+00 -6.11810818E-01
 -9.50000000E+00 -7.41495938E-01
 -9.50000000E+00 -9.17751412E-01
 -9.50000000E+00 -1.04743653E+00
 -9.50000000E+00 -1.22369201E+00
 -9.50000000E+00 -1.35337713E+00
 -9.50000000E+00 -1.52963260E+00
 -9.50000000E+00 -1.65931772E+00
 -9.50000000E+00 -1.83557319E+00
 -9.50000000E+00 -1.96525831E+00
 -9.50000000E+00 -2.14151379E+00
 -9.50000000E+00 -2.27119891E+00
 -9.50000000E+00 -2.44745438E+00
 -9.50000000E+00 -2.57713950E+00
 -9.50000000E+00 -2.75339498E+00
 -9.50000000E+00 -2.88308010E+00
 -9.50000000E+00 -3.05933557E+00
 -9.50000000E+00 -3.18902069E+00
 -9.50000000E+00 -3.36527616E+00
 -9.50000000E+00 -3.49496128E+00
 -9.50000000E+00 -3.67121676E+00
 -9.50000000E+00 -3.80090188E+00
 -9.50000000E+00 -3.97715735E+00
 -9.50000000E+00 -4.10684247E+00
 -9.50000000E+00 -4.28309795E+00
 -9.50000000E+00 -4.41278307E+00
 -9.50000000E+00 -4.58903854E+00
 -9.50000000E+00 -4.71872366E+00
 -9.50000000E+00 -4.89497913E+00
 -9.50000000E+00 -5.02466426E+00
 -9.50000000E+00 -5.20091973E+00
 -9.50000000E+00 -5.33060485E+00
 -9.50000000E+00 -5.50686032E+00
 -9.50000000E+00 -5.63654544E+00
 -9.50000000E+00 -5.81280092E+00
 -9.50000000E+00 -5.94248604E+00
 -9.50000000E+00 -6.11874151E+00
 -9.50000000E+00 -6.24842663E+00
 -9.50000000E+00 -6.42468210E+00
 -9.50000000E+00 -6.55436723E+00
 -9.50000000E+00 -6.73062270E+00
 -9.50000000E+00 -6.86030782E+00
 -9.50000000E+00 -7.03656329E+00
 -9.50000000E+00 -7.16624841E+00
 -9.50000000E+00 -7.34250389E+00
 -9.50000000E+00 -7.47218901E+00
 -9.50000000E+00 -7.64844448E+00
 -9.50000000E+00 -7.77812960E+00
 -9.50000000E+00 -7.95438508E+00
 -9.50000000E+00 -8.08407020E+00
 -9.50000000E+00 -8.26032567E+00
 -9.50000000E+00 -8.39001079E+00
 -9.50000000E+00 -8.56626626E+00
 -9.50000000E+00 -8.69595138E+00
 -9.50000000E+00 -8.87220686E+00
 -9.50000000E+00 -9.00189198E+00
 -9.50000000E+00 -9.17814745E+00
 -9.50000000E+00 -9.30783257E+00
 -9.50000000E+00 -9.48408805E+00
 -9.50000000E+00 -9.61377317E+00
 -9.50000000E+00 -9.79002864E+00
 -9.50000000E+00 -9.91971376E+00
 -9.50000000E+00 -1.00959692E+01
 -9.50000000E+00 -1.02256544E+01
 -9.50000000E+00 -1.04019098E+01
 -9.50000000E+00 -1.05315949E+01
 -9.50000000E+00 -1.07078504E+01
 -9.50000000E+00 -1.08375355E+01
 -9.50000000E+00 -1.10137910E+01
 -9.50000000E+00 -1.11434761E+01
 -9.50000000E+00 -1.13197316E+01
 -9.50000000E+00 -1.14494167E+01
 -9.50000000E+00 -1.16256722E+01
 -9.50000000E+00 -1.17553573E+01
 -9.50000000E+00 -1.19316128E+01
 -9.50000000E+00 -1.20612979E+01
 -9.50000000E+00 -1.22375534E+01
 -9.50000000E+00 -1.23672385E+01
 -9.50000000E+00 -1.25434940E+01
 -9.50000000E+00 -1.26731791E+01
 -9.50000000E+00 -1.28494346E+01
 -9.50000000E+00 -1.29791197E+01
 -9.50000000E+00 -1.31553752E+01
 -9.50000000E+00 -1.32850603E+01
 -9.50000000E+00 -1.34613158E+01
 -9.50000000E+00 -1.35910009E+01
 -9.50000000E+00 -1.37672564E+01
 -9.50000000E+00 -1.38969415E+01
 -9.50000000E+00 -1.40731970E+01
 -9.50000000E+00 -1.42028821E+01
 -9.50000000E+00 -1.43791376E+01
 -9.50000000E+00 -1.45088227E+01
 -9.50000000E+00 -1.46850781E+01
 -9.50000000E+00 -1.48147633E+01
 -9.50000000E+00 -1.49910187E+01
 -9.50000000E+00 -1.51207039E+01
 -9.50000000E+00 -1.52969593E+01

hb:   line clip z  
frame:
 -9.9999756E+00 -1.4999930E+01
  1.0100024E+01 -1.4999930E+01
  1.0100024E+01  1.5000070E+01
 -9.9999756E+00  1.5000070E+01
clip:
  9.77796599E+00 -1.52969593E+01
  1.03956131E+01 -1.52969593E+01
  1.03956131E+01 -1.49910187E+01
  1.03956131E+01 -1.46850781E+01
  1.03956131E+01 -1.43791376E+01
  1.03956131E+01 -1.40731970E+01
  1.03956131E+01 -1.37672564E+01
  1.03956131E+01 -1.34613158E+01
  1.03956131E+01 -1.31553752E+01
  1.03956131E+01 -1.28494346E+01
  1.03956131E+01 -1.25434940E+01
  1.03956131E+01 -1.22375534E+01
  1.03956131E+01 -1.19316128E+01
  1.03956131E+01 -1.16256722E+01
  1.03956131E+01 -1.13197316E+01
  1.03956131E+01 -1.10137910E+01
  1.03956131E+01 -1.07078504E+01
  1.03956131E+01 -1.04019098E+01
  1.03956131E+01 -1.00959692E+01
  1.03956131E+01 -9.79002864E+00
  1.03956131E+01 -9.48408805E+00
  1.03956131E+01 -9.17814745E+00
  1.03956131E+01 -8.87220686E+00
  1.03956131E+01 -8.56626626E+00
  1.03956131E+01 -8.26032567E+00
  1.03956131E+01 -7.95438508E+00
  1.03956131E+01 -7.64844448E+00
  1.03956131E+01 -7.34250389E+00
  1.03956131E+01 -7.03656329E+00
  1.03956131E+01 -6.73062270E+00
  1.03956131E+01 -6.42468210E+00
  1.03956131E+01 -6.11874151E+00
  1.03956131E+01 -5.81280092E+00
  1.03956131E+01 -5.50686032E+00
  1.03956131E+01 -5.20091973E+00
  1.03956131E+01 -4.89497913E+00
  1.03956131E+01 -4.58903854E+00
  1.03956131E+01 -4.28309795E+00
  1.03956131E+01 -3.97715735E+00
  1.03956131E+01 -3.67121676E+00
  1.03956131E+01 -3.36527616E+00
  1.03956131E+01 -3.05933557E+00
  1.03956131E+01 -2.75339498E+00
  1.03956131E+01 -2.44745438E+00
  1.03956131E+01 -2.14151379E+00
  1.03956131E+01 -1.83557319E+00
  1.03956131E+01 -1.52963260E+00
  1.03956131E+01 -1.22369201E+00
  1.03956131E+01 -9.17751412E-01
  1.03956131E+01 -6.11810818E-01
  1.03956131E+01 -3.05870224E-01
  1.03956131E+01  7.03703670E-05
  1.03956131E+01  3.06010964E-01
  1.03956131E+01  6.11951558E-01
  1.03956131E+01  9.17892153E-01
  1.03956131E+01  1.22383275E+00
  1.03956131E+01  1.52977334E+00
  1.03956131E+01  1.83571393E+00
  1.03956131E+01  2.14165453E+00
  1.03956131E+01  2.44759512E+00
  1.03956131E+01  2.75353572E+00
  1.03956131E+01  3.05947631E+00
  1.03956131E+01  3.36541691E+00
  1.03956131E+01  3.67135750E+00
  1.03956131E+01  3.97729809E+00
  1.03956131E+01  4.28323869E+00
  1.03956131E+01  4.58917928E+00
  1.03956131E+01  4.89511988E+00
  1.03956131E+01  5.20106047E+00
  1.03956131E+01  5.50700106E+00
  1.03956131E+01  5.81294166E+00
  1.03956131E+01  6.11888225E+00
  1.03956131E+01  6.42482285E+00
  1.03956131E+01  6.73076344E+00
  1.03956131E+01  7.03670403E+00
  1.03956131E+01  7.34264463E+00
  1.03956131E+01  7.64858522E+00
  1.03956131E+01  7.95452582E+00
  1.03956131E+01  8.26046641E+00
  1.03956131E+01  8.56640700E+00
  1.03956131E+01  8.87234760E+00
  1.03956131E+01  9.17828819E+00
  1.03956131E+01  9.48422879E+00
  1.03956131E+01  9.79016938E+00
  1.03956131E+01  1.00961100E+01
  1.03956131E+01  1.04020506E+01
  1.03956131E+01  1.07079912E+01
  1.03956131E+01  1.10139318E+01
  1.03956131E+01  1.13198724E+01
  1.03956131E+01  1.16258129E+01
  1.03956131E+01  1.19317535E+01
  1.03956131E+01  1.22376941E+01
  1.03956131E+01  1.25436347E+01
  1.03956131E+01  1.28495753E+01
  1.03956131E+01  1.31555159E+01
  1.03956131E+01  1.34614565E+01
  1.03956131E+01  1.37673971E+01
  1.03956131E+01  1.40733377E+01
  1.03956131E+01  1.43792783E+01
  1.03956131E+01  1.46852189E+01
  1.03956131E+01  1.49911595E+01
  1.03956131E+01  1.52971001E+01
  1.00867895E+01  1.52971001E+01
  9.77796599E+00  1.52971001E+01
  9.50000000E+00  1.52971001E+01
  9.50000000E+00  1.50217290E+01
  9.50000000E+00  1.49911595E+01
  9.50000000E+00  1.47157884E+01
  9.50000000E+00  1.46852189E+01
  9.50000000E+00  1.44098478E+01
  9.50000000E+00  1.43792783E+01
  9.50000000E+00  1.41039072E+01
  9.50000000E+00  1.40733377E+01
  9.50000000E+00  1.37979666E+01
  9.50000000E+00  1.37673971E+01
  9.50000000E+00  1.34920260E+01
  9.50000000E+00  1.34614565E+01
  9.50000000E+00  1.31860854E+01
  9.50000000E+00  1.31555159E+01
  9.50000000E+00  1.28801448E+01
  9.50000000E+00  1.28495753E+01
  9.50000000E+00  1.25742042E+01
  9.50000000E+00  1.25436347E+01
  9.50000000E+00  1.22682636E+01
  9.50000000E+00  1.22376941E+01
  9.50000000E+00  1.19623230E+01
  9.50000000E+00  1.19317535E+01
  9.50000000E+00  1.16563824E+01
  9.50000000E+00  1.16258129E+01
  9.50000000E+00  1.13504418E+01
  9.50000000E+00  1.13198724E+01
  9.50000000E+00  1.10445012E+01
  9.50000000E+00  1.10139318E+01
  9.50000000E+00  1.07385606E+01
  9.50000000E+00  1.07079912E+01
  9.50000000E+00  1.04326200E+01
  9.50000000E+00  1.04020506E+01
  9.50000000E+00  1.01266795E+01
  9.50000000E+00  1.00961100E+01
  9.50000000E+00  9.82073886E+00
  9.50000000E+00  9.79016938E+00
  9.50000000E+00  9.51479826E+00
  9.50000000E+00  9.48422879E+00
  9.50000000E+00  9.20885767E+00
  9.50000000E+00  9.17828819E+00
  9.50000000E+00  8.90291707E+00
  9.50000000E+00  8.87234760E+00
  9.50000000E+00  8.59697648E+00
  9.50000000E+00  8.56640700E+00
  9.50000000E+00  8.29103589E+00
  9.50000000E+00  8.26046641E+00
  9.50000000E+00  7.98509529E+00
  9.50000000E+00  7.95452582E+00
  9.50000000E+00  7.67915470E+00
  9.50000000E+00  7.64858522E+00
  9.50000000E+00  7.37321410E+00
  9.50000000E+00  7.34264463E+00
  9.50000000E+00  7.06727351E+00
  9.50000000E+00  7.03670403E+00
  9.50000000E+00  6.76133292E+00
  9.50000000E+00  6.73076344E+00
  9.50000000E+00  6.45539232E+00
  9.50000000E+00  6.42482285E+00
  9.50000000E+00  6.14945173E+00
  9.50000000E+00  6.11888225E+00
  9.50000000E+00  5.84351113E+00
  9.50000000E+00  5.81294166E+00
  9.50000000E+00  5.53757054E+00
  9.50000000E+00  5.50700106E+00
  9.50000000E+00  5.23162995E+00
  9.50000000E+00  5.20106047E+00
  9.50000000E+00  4.92568935E+00
  9.50000000E+00  4.89511988E+00
  9.50000000E+00  4.61974876E+00
  9.50000000E+00  4.58917928E+00
  9.50000000E+00  4.31380816E+00
  9.50000000E+00  4.28323869E+00
  9.50000000E+00  4.00786757E+00
  9.50000000E+00  3.97729809E+00
  9.50000000E+00  3.70192698E+00
  9.50000000E+00  3.67135750E+00
  9.50000000E+00  3.39598638E+00
  9.50000000E+00  3.36541691E+00
  9.50000000E+00  3.09004579E+00
  9.50000000E+00  3.05947631E+00
  9.50000000E+00  2.78410519E+00
  9.50000000E+00  2.75353572E+00
  9.50000000E+00  2.47816460E+00
  9.50000000E+00  2.44759512E+00
  9.50000000E+00  2.17222401E+00
  9.50000000E+00  2.14165453E+00
  9.50000000E+00  1.86628341E+00
  9.50000000E+00  1.83571393E+00
  9.50000000E+00  1.56034282E+00
  9.50000000E+00  1.52977334E+00
  9.50000000E+00  1.25440222E+00
  9.50000000E+00  1.22383275E+00
  9.50000000E+00  9.48461629E-01
  9.50000000E+00  9.17892153E-01
  9.50000000E+00  6.42521035E-01
  9.50000000E+00  6.11951558E-01
  9.50000000E+00  3.36580441E-01
  9.50000000E+00  3.06010964E-01
  9.50000000E+00  3.06398466E-02
  9.50000000E+00  7.03703670E-05
  9.50000000E+00 -2.75300747E-01
  9.50000000E+00 -3.05870224E-01
  9.50000000E+00 -5.81241342E-01
  9.50000000E+00 -6.11810818E-01
  9.50000000E+00 -8.87181936E-01
  9.50000000E+00 -9.17751412E-01
  9.50000000E+00 -1.19312253E+00
  9.50000000E+00 -1.22369201E+00
  9.50000000E+00 -1.49906312E+00
  9.50000000E+00 -1.52963260E+00
  9.50000000E+00 -1.80500372E+00
  9.50000000E+00 -1.83557319E+00
  9.50000000E+00 -2.11094431E+00
  9.50000000E+00 -2.14151379E+00
  9.50000000E+00 -2.41688491E+00
  9.50000000E+00 -2.44745438E+00
  9.50000000E+00 -2.72282550E+00
  9.50000000E+00 -2.75339498E+00
  9.50000000E+00 -3.02876609E+00
  9.50000000E+00 -3.05933557E+00
  9.50000000E+00 -3.33470669E+00
  9.50000000E+00 -3.36527616E+00
  9.50000000E+00 -3.64064728E+00
  9.50000000E+00 -3.67121676E+00
  9.50000000E+00 -3.94658788E+00
  9.50000000E+00 -3.97715735E+00
  9.50000000E+00 -4.25252847E+00
  9.50000000E+00 -4.28309795E+00
  9.50000000E+00 -4.55846906E+00
  9.50000000E+00 -4.58903854E+00
  9.50000000E+00 -4.86440966E+00
  9.50000000E+00 -4.89497913E+00
  9.50000000E+00 -5.17035025E+00
  9.50000000E+00 -5.20091973E+00
  9.50000000E+00 -5.47629085E+00
  9.50000000E+00 -5.50686032E+00
  9.50000000E+00 -5.78223144E+00
  9.50000000E+00 -5.81280092E+00
  9.50000000E+00 -6.08817203E+00
  9.50000000E+00 -6.11874151E+00
  9.50000000E+00 -6.39411263E+00
  9.50000000E+00 -6.42468210E+00
  9.50000000E+00 -6.70005322E+00
  9.50000000E+00 -6.73062270E+00
  9.50000000E+00 -7.00599382E+00
  9.50000000E+00 -7.03656329E+00
  9.50000000E+00 -7.31193441E+00
  9.50000000E+00 -7.34250389E+00
  9.50000000E+00 -7.61787500E+00
  9.50000000E+00 -7.64844448E+00
  9.50000000E+00 -7.92381560E+00
  9.50000000E+00 -7.95438508E+00
  9.50000000E+00 -8.22975619E+00
  9.50000000E+00 -8.26032567E+00
  9.50000000E+00 -8.53569679E+00
  9.50000000E+00 -8.56626626E+00
  9.50000000E+00 -8.84163738E+00
  9.50000000E+00 -8.87220686E+00
  9.50000000E+00 -9.14757798E+00
  9.50000000E+00 -9.17814745E+00
  9.50000000E+00 -9.45351857E+00
  9.50000000E+00 -9.48408805E+00
  9.50000000E+00 -9.75945916E+00
  9.50000000E+00 -9.79002864E+00
  9.50000000E+00 -1.00653998E+01
  9.50000000E+00 -1.00959692E+01
  9.50000000E+00 -1.03713404E+01
  9.50000000E+00 -1.04019098E+01
  9.50000000E+00 -1.06772809E+01
  9.50000000E+00 -1.07078504E+01
  9.50000000E+00 -1.09832215E+01
  9.50000000E+00 -1.10137910E+01
  9.50000000E+00 -1.12891621E+01
  9.50000000E+00 -1.13197316E+01
  9.50000000E+00 -1.15951027E+01
  9.50000000E+00 -1.16256722E+01
  9.50000000E+00 -1.19010433E+01
  9.50000000E+00 -1.19316128E+01
  9.50000000E+00 -1.22069839E+01
  9.50000000E+00 -1.22375534E+01
  9.50000000E+00 -1.25129245E+01
  9.50000000E+00 -1.25434940E+01
  9.50000000E+00 -1.28188651E+01
  9.50000000E+00 -1.28494346E+01
  9.50000000E+00 -1.31248057E+01
  9.50000000E+00 -1.31553752E+01
  9.50000000E+00 -1.34307463E+01
  9.50000000E+00 -1.34613158E+01
  9.50000000E+00 -1.37366869E+01
  9.50000000E+00 -1.37672564E+01
  9.50000000E+00 -1.40426275E+01
  9.50000000E+00 -1.40731970E+01
  9.50000000E+00 -1.43485681E+01
  9.50000000E+00 -1.43791376E+01
  9.50000000E+00 -1.46545087E+01
  9.50000000E+00 -1.46850781E+01
  9.50000000E+00 -1.49604493E+01
  9.50000000E+00 -1.49910187E+01
  9.50000000E+00 -1.52663899E+01
  9.50000000E+00 -1.52969593E+01

hb:   line clip z  
clip:
 -7.51592152E-01 -1.19608950E+01
 -7.22034009E-01 -1.19719703E+01
 -6.59208847E-01 -1.19938515E+01
 -4.13210479E-01 -1.20589456E+01
 -2.59480867E-01 -1.20839073E+01
 -1.04386950E-01 -1.20974040E+01
  6.45842748E-02 -1.20990066E+01
  2.04436580E-01 -1.20900253E+01
  3.45520886E-01 -1.20713801E+01
  5.13260109E-01 -1.20363114E+01
  5.96053728E-01 -1.20136335E+01
  8.22083638E-01 -1.19324023E+01
  1.13090717E+00 -1.17694770E+01
  1.21726136E+00 -1.17112203E+01
  1.32935694E+00 -1.16256722E+01
  1.43973070E+00 -1.15287824E+01
  1.54417885E+00 -1.14232047E+01
  1.63349578E+00 -1.13197316E+01
  1.74855423E+00 -1.11629953E+01
  1.80634258E+00 -1.10710399E+01
  1.83908341E+00 -1.10137910E+01
  1.92521331E+00 -1.08387811E+01
  1.97710591E+00 -1.07078504E+01
  2.05737776E+00 -1.04209475E+01
  2.06056345E+00 -1.04050658E+01
  2.06118133E+00 -1.04019098E+01
  2.06208519E+00 -1.03972463E+01
  2.09780597E+00 -1.00959692E+01
  2.09929413E+00 -1.00544442E+01
  2.08947650E+00 -9.79002864E+00
  2.08638849E+00 -9.76128873E+00
  2.05737776E+00 -9.57905253E+00
  2.03564114E+00 -9.48408805E+00
  1.96785779E+00 -9.26683173E+00
  1.93250055E+00 -9.17814745E+00
  1.87452763E+00 -9.05335004E+00
  1.77146341E+00 -8.87220686E+00
  1.76255586E+00 -8.85833593E+00
  1.74855423E+00 -8.83700468E+00
  1.53440789E+00 -8.56626626E+00
  1.48814520E+00 -8.51830372E+00
  1.43973070E+00 -8.47121763E+00
  1.17623689E+00 -8.26032567E+00
  1.14911199E+00 -8.24229080E+00
  1.13090717E+00 -8.23052296E+00
  1.05284489E+00 -8.18299212E+00
  8.22083638E-01 -8.06759774E+00
  5.25912793E-01 -7.96691964E+00
  5.13260109E-01 -7.96368861E+00
  4.74825841E-01 -7.95438508E+00
  2.44873379E-01 -7.91432576E+00
  2.04436580E-01 -7.90997472E+00
  1.55347004E-01 -7.90575376E+00
 -1.04386950E-01 -7.90259604E+00
 -1.53606142E-01 -7.90562536E+00
 -4.13210479E-01 -7.94105437E+00
 -4.24373556E-01 -7.94332621E+00
 -4.74825841E-01 -7.95438508E+00
 -7.22034009E-01 -8.02802969E+00
 -8.87259710E-01 -8.09664239E+00
 -1.03085754E+00 -8.17042826E+00
 -1.08793411E+00 -8.20378192E+00
 -1.17623689E+00 -8.26032567E+00
 -1.33968107E+00 -8.38282511E+00
 -1.43762465E+00 -8.46923700E+00
 -1.53440789E+00 -8.56626626E+00
 -1.64850460E+00 -8.69906472E+00
 -1.72256144E+00 -8.79884135E+00
 -1.77146341E+00 -8.87220686E+00
 -1.91341618E+00 -9.13464543E+00
 -1.93250055E+00 -9.17814745E+00
 -1.95732813E+00 -9.23916716E+00
 -2.01913522E+00 -9.42285793E+00
 -2.03564114E+00 -9.48408805E+00
 -2.05843445E+00 -9.58425051E+00
 -2.08947650E+00 -9.79002864E+00
 -2.09884033E+00 -9.93021979E+00
 -2.09780597E+00 -1.00959692E+01
 -2.08787912E+00 -1.02253015E+01
 -2.06118133E+00 -1.04019098E+01
 -2.04284047E+00 -1.04866239E+01
 -1.97710591E+00 -1.07078504E+01
 -1.95732813E+00 -1.07608328E+01
 -1.83908341E+00 -1.10137910E+01
 -1.76840918E+00 -1.11325763E+01
 -1.64850460E+00 -1.13009353E+01
 -1.49558811E+00 -1.14741832E+01
 -1.32935694E+00 -1.16256722E+01
 -1.03085754E+00 -1.18295717E+01
 -8.23936890E-01 -1.19316128E+01

hb:   line clip z  
clip:
 -8.20468357E-01 -1.93308864E+00
 -7.22034009E-01 -1.97197031E+00
 -5.21525102E-01 -2.03421031E+00
 -4.13210479E-01 -2.05894563E+00
 -1.51840320E-01 -2.09450341E+00
  1.56627353E-01 -2.09415087E+00
  4.27059387E-01 -2.05611777E+00
  6.69548936E-01 -1.99040303E+00
  8.89466725E-01 -1.90232724E+00
  1.13090717E+00 -1.76947704E+00
  1.43882734E+00 -1.52963260E+00
  1.70662763E+00 -1.22369201E+00
  1.84134554E+00 -1.00967649E+00
  1.98598755E+00 -6.82534581E-01
  2.05737776E+00 -4.20947466E-01
  2.07760521E+00 -3.05870224E-01
  2.10000000E+00  7.03703670E-05
  2.07758448E+00  3.06010964E-01
  2.05737776E+00  4.20947466E-01
  2.00885920E+00  6.11951558E-01
  1.94069862E+00  8.02302238E-01
  1.88877579E+00  9.17892153E-01
  1.74855423E+00  1.16299532E+00
  1.58959260E+00  1.37229566E+00
  1.27278961E+00  1.67033128E+00
  1.01987958E+00  1.83571393E+00
  8.22083638E-01  1.93240226E+00
  5.13260109E-01  2.03631139E+00
  2.04436580E-01  2.09002528E+00
 -1.04386950E-01  2.09740396E+00
 -4.13210479E-01  2.05894563E+00
 -7.22034009E-01  1.97197031E+00
 -1.01987958E+00  1.83571393E+00
 -1.21537044E+00  1.71256378E+00
 -1.38706851E+00  1.57671841E+00
 -1.64850460E+00  1.30093528E+00
 -1.70652671E+00  1.22383275E+00
 -1.81140858E+00  1.06244951E+00
 -1.88877579E+00  9.17892153E-01
 -1.95732813E+00  7.60832837E-01
 -1.99659505E+00  6.50851915E-01
 -2.02917861E+00  5.40771811E-01
 -2.07758448E+00  3.06010964E-01
 -2.09297465E+00  1.71630729E-01
 -2.10000000E+00  7.03703670E-05
 -2.09553638E+00 -1.36847677E-01
 -2.07760521E+00 -3.05870224E-01
 -2.06005593E+00 -4.07639036E-01
 -2.00890207E+00 -6.11810818E-01
 -1.95732813E+00 -7.60832837E-01
 -1.88884418E+00 -9.17751412E-01
 -1.80519272E+00 -1.07297682E+00
 -1.70662763E+00 -1.22369201E+00
 -1.64850460E+00 -1.30093528E+00
 -1.43882734E+00 -1.52963260E+00
 -1.33968107E+00 -1.61717489E+00
 -1.04507628E+00 -1.82148718E+00
 -1.02013286E+00 -1.83557319E+00

hb:   line clip z  
clip:
 -4.67926474E-01  5.45279585E+00
 -4.13210479E-01  5.44105437E+00
 -3.31832861E-01  5.42638312E+00
 -1.04386950E-01  5.40259604E+00
  3.61925634E-03  5.40000312E+00
  2.04436580E-01  5.40997472E+00
  2.91871825E-01  5.42038205E+00
  5.13260109E-01  5.46368861E+00
  6.61781867E-01  5.50700106E+00
  8.22083638E-01  5.56759774E+00
  9.89076499E-01  5.64750771E+00
  1.13090717E+00  5.73052296E+00
  1.25053355E+00  5.81294166E+00
  1.43973070E+00  5.97121763E+00
  1.58193355E+00  6.11888225E+00
  1.74855423E+00  6.33700468E+00
  1.80388306E+00  6.42482285E+00
  1.87072053E+00  6.54584870E+00
  1.95404071E+00  6.73076344E+00
  2.04557780E+00  7.02501423E+00
  2.05737776E+00  7.07905253E+00
  2.09129961E+00  7.30903944E+00
  2.09665718E+00  7.38155737E+00
  2.09473684E+00  7.64858522E+00
  2.05737776E+00  7.92094747E+00
  1.98413345E+00  8.18790585E+00
  1.89481430E+00  8.40536112E+00
  1.78643142E+00  8.60393061E+00
  1.58954776E+00  8.87234760E+00
  1.43973070E+00  9.02878237E+00
  1.26227919E+00  9.17828819E+00
  1.13090717E+00  9.26947704E+00
  9.18960617E-01  9.38825618E+00
  6.87630805E-01  9.48422879E+00
  5.13260109E-01  9.53631139E+00
  2.04436580E-01  9.59002528E+00
 -1.04386950E-01  9.59740396E+00
 -4.13210479E-01  9.55894563E+00
 -6.87630805E-01  9.48422879E+00
 -9.29010167E-01  9.38333218E+00
 -1.12603768E+00  9.27257980E+00
 -1.33968107E+00  9.11717489E+00
 -1.58954776E+00  8.87234760E+00
 -1.74754035E+00  8.66451824E+00
 -1.95732813E+00  8.26083284E+00
 -2.07216909E+00  7.84075692E+00
 -2.09998746E+00  7.50725765E+00
 -2.08123537E+00  7.21989408E+00
 -2.03050087E+00  6.96421438E+00
 -1.95404071E+00  6.73076344E+00
 -1.80388306E+00  6.42482285E+00
 -1.64850460E+00  6.19906472E+00
 -1.46465270E+00  5.99507726E+00
 -1.25053355E+00  5.81294166E+00
 -1.03085754E+00  5.67042826E+00
 -7.56248360E-01  5.54089602E+00
 -6.61781867E-01  5.50700106E+00

#------------------------------------------------------------------------------
z: xorg(1.03)
p: xfac[c2*0.05] form[c1/0.05] notc noxt noyt dmin(1)
p: ymin(0) ymax(1) xmin(0) xmax(1) cmin(1) cmax(100) nosp
hc: y= 0.005 to 0.995 by 0.01 ; x= 0.5 to 0.5 by 1 ;
 1  2  3  4  5  6  7  8  9 10 11 12 13 14 15 16 17 18 19 20
21 22 23 24 25 26 27 28 29 30 31 32 33 34 35 36 37 38 39 40
41 42 43 44 45 46 47 48 49 50 51 52 53 54 55 56 57 58 59 60
61 62 63 64 65 66 67 68 69 70 71 72 73 74 75 76 77 78 79 80
81 82 83 84 85 86 87 88 89 90 91 92 93 94 95 96 97 98 99 100
z: xorg(0.0)
p: xfac[c2*0.05] form[c1/0.05] nosp afac[c5*0.625] ymin[c3] ymax[c4]
p: noxt noxn ytxt(-1) ynum(-1) xltd(-1) xstd(-1) itic(1) ylog
y: Flux [1/cm^2/source]              
#------------------------------------------------------------------------------

wt: s[c5]
\vspace{-3}
  emin  &=&   0.0000E+00 [MeV/n]
  emax  &=&   1.0000E+03 [MeV/n]
  zmin  &=&   9.8470E+01 [cm]
  zmax  &=&   9.8490E+01 [cm]
  part. &=& proton  
e:

#------------------------------------------------------------------------------
z: xorg[-1.03/0.05]
p: form[c1] xfac[c2] afac[c5] nosp notf
p: xmin( -10.00000    ) xmax(  10.10000    )
p: ymin( -15.00000    ) ymax(  15.00000    )

#------------------------------------------------------------------------------
 newpage:
#   no. =  2   ie  =  1   iz  =  1   part. = photon  
#   e = (   0.0000E+00  -   1.0000E+03  )
#   z = (   9.8470E+01  -   9.8490E+01  )

'no. =  2,  ie =  1,  iz =  1'
msuc: {\huge [t-track] in xyz mesh}
msdr: {\it plotted by \ANGEL \version}
msdl: {\it calculated by \PHITS  3.36}

x: x [cm]
y: y [cm]
set: c1[ 1.493] c2[ 0.737] c5[ 0.800] c6[ 0.849] c7[ 0.328] c8[ 0.000]
p: h2fs form[c1] xfac[c2] afac[c5] scal[c6] xorg[c7] yorg[c8] nosp
set: c3[   3.549848E+00] c4[   4.397960E+07]
p: cmin[c3] cmax[c4]
p: dmin(1e-31)
p: zlog
p: xmin( -10.00000    ) xmax(  10.10000    )
p: ymin( -15.00000    ) ymax(  15.00000    )
#  ny = 100   nx =  67
# ( ( data(x,y), x = 1, nx ), y = ny, 1, -1 )

hc:  y =   14.85000     to  -14.85000     by  0.3000000     ; x =  -9.850000     to   9.950000     by  0.3000000     ;
  2.278E+03  5.825E+03  4.148E+03  8.363E+03  7.138E+03  9.905E+03  5.420E+03  1.673E+03  4.609E+03  5.225E+03
  2.839E+03  4.860E+03  1.869E+03  5.659E+03  7.749E+03  9.744E+03  1.703E+03  6.983E+03  7.369E+03  7.331E+03
  5.283E+03  1.042E+04  1.113E+04  2.307E+04  8.395E+03  8.736E+03  7.066E+03  3.007E+03  1.133E+04  6.340E+03
  8.644E+03  1.385E+04  7.016E+03  9.694E+03  8.286E+03  8.357E+03  7.307E+03  1.273E+04  1.850E+04  7.202E+03
  7.877E+03  7.348E+03  5.500E+03  8.883E+03  1.410E+04  6.773E+03  7.531E+03  7.649E+03  9.540E+03  4.893E+03
  3.948E+03  4.477E+03  6.951E+03  3.884E+03  4.540E+03  4.078E+03  1.143E+03  4.807E+03  3.022E+03  3.088E+03
  8.650E+03  9.801E+03  4.306E+03  3.799E+03  1.042E+04  9.657E+03  5.978E+03  3.990E+03  7.549E+03  4.624E+03
  7.422E+03  5.236E+03  1.030E+04  9.931E+03  1.540E+04  8.126E+03  1.004E+04  4.160E+03  5.866E+03  7.006E+03
  3.333E+03  5.645E+03  4.380E+03  1.326E+04  1.082E+04  8.602E+03  8.808E+03  1.337E+04  1.400E+04  4.748E+03
  1.695E+04  9.207E+03  3.690E+03  3.131E+03  9.436E+03  1.900E+04  1.450E+04  6.741E+03  6.897E+03  3.594E+03
  5.496E+03  9.049E+03  1.047E+04  5.430E+03  4.912E+03  8.008E+03  6.357E+03  1.910E+04  7.598E+03  1.666E+04
  9.119E+03  1.126E+04  6.031E+03  4.860E+03  8.061E+03  4.450E+03  1.013E+04  6.351E+03  8.226E+03  5.235E+03
  6.407E+03  9.771E+03  4.266E+03  5.679E+03  3.094E+03  6.846E+03  5.107E+03  6.726E+03  3.067E+03  3.855E+03
  8.593E+03  2.743E+03  2.347E+03  2.018E+03  5.083E+03  7.897E+03  2.278E+03  7.669E+03  5.678E+03  8.473E+03
  1.349E+04  1.200E+04  1.060E+04  1.529E+04  5.391E+03  4.817E+03  4.425E+03  4.202E+03  7.623E+03  8.849E+03
  8.804E+03  6.059E+03  6.544E+03  6.235E+03  6.299E+03  5.556E+03  9.811E+03  1.255E+04  1.743E+04  7.300E+03
  8.045E+03  8.032E+03  2.463E+04  1.047E+04  6.482E+03  1.710E+04  3.792E+03  7.017E+03  5.239E+03  1.482E+04
  6.122E+03  9.960E+03  1.629E+04  6.096E+03  3.855E+03  1.004E+04  1.455E+04  1.666E+04  6.153E+03  4.776E+03
  8.300E+03  1.505E+04  8.922E+03  7.813E+03  5.952E+03  3.839E+03  5.835E+03  7.912E+03  1.038E+04  4.733E+03
  2.905E+03  5.262E+03  4.315E+03  9.905E+03  6.029E+03  1.213E+04  3.187E+03  2.042E+03  5.047E+03  5.556E+03
  5.685E+03  5.781E+03  5.698E+03  1.043E+04  1.082E+04  4.865E+03  4.694E+03  6.974E+03  6.369E+03  6.367E+03
  9.528E+03  1.127E+04  6.582E+03  4.765E+03  5.483E+03  6.813E+03  1.069E+04  5.442E+03  7.881E+03  5.803E+03
  1.501E+04  3.609E+03  6.823E+03  1.111E+04  1.192E+04  1.492E+04  1.232E+04  6.484E+03  1.084E+04  1.154E+04
  3.402E+03  1.262E+04  1.556E+04  5.081E+03  1.155E+04  1.491E+04  7.181E+03  1.313E+04  9.001E+03  2.370E+04
  1.213E+04  7.009E+03  1.019E+04  1.064E+04  9.610E+03  1.442E+04  1.017E+04  7.222E+03  3.758E+03  6.639E+03
  1.327E+04  7.335E+03  5.965E+03  6.777E+03  1.108E+04  3.924E+03  1.675E+03  7.410E+03  8.106E+03  9.255E+03
  1.408E+04  9.680E+03  1.072E+04  3.564E+03  2.294E+03  4.429E+03  4.528E+03  4.219E+03  8.868E+03  7.382E+03
  7.450E+03  9.102E+03  1.073E+04  7.860E+03  4.491E+03  6.809E+03  1.156E+04  1.198E+04  7.866E+03  8.900E+03
  6.460E+03  9.381E+03  7.344E+03  9.052E+03  4.411E+03  9.564E+03  9.733E+03  9.896E+03  9.062E+03  1.025E+04
  1.081E+04  4.609E+03  8.442E+03  1.806E+04  1.277E+04  6.039E+03  1.194E+04  7.703E+03  9.976E+03  1.696E+04
  9.127E+03  6.561E+03  8.992E+03  1.153E+04  5.460E+03  4.066E+03  1.176E+04  7.026E+03  7.596E+02  1.164E+04
  6.190E+03  9.024E+03  1.730E+04  8.715E+03  7.246E+03  9.400E+03  6.561E+03  7.992E+03  1.083E+04  1.000E+04
  6.192E+03  4.075E+03  4.058E+03  1.347E+04  4.612E+03  1.120E+04  1.001E+04  3.543E+03  1.050E+04  1.441E+04
  8.494E+03  9.028E+03  1.009E+04  5.356E+03  2.646E+03  5.892E+03  9.724E+03  9.520E+03  1.134E+04  6.850E+03
  1.491E+04  1.045E+04  3.676E+03  7.274E+03  1.359E+04  8.767E+03  1.035E+04  6.798E+03  9.080E+03  1.636E+04
  4.330E+03  1.661E+04  8.007E+03  1.076E+04  6.544E+03  9.269E+03  7.826E+03  8.058E+03  1.023E+04  8.486E+03
  6.508E+03  1.496E+04  1.201E+04  1.037E+04  5.992E+03  4.640E+03  1.055E+04  1.763E+04  1.588E+03  1.202E+04
  6.824E+03  1.112E+04  1.170E+04  1.423E+04  8.387E+03  8.468E+03  6.344E+03  1.338E+04  1.444E+04  1.063E+04
  7.820E+03  7.692E+03  7.966E+03  8.065E+03  1.021E+04  6.996E+03  2.942E+03  1.212E+04  7.449E+03  5.989E+03
  7.540E+03  6.873E+03  4.126E+03  4.727E+03  6.637E+03  2.826E+03  1.061E+04  1.226E+04  7.284E+03  1.674E+04
  1.052E+04  2.742E+03  1.053E+04  1.183E+04  1.187E+04  4.447E+03  7.406E+03  6.348E+03  3.505E+03  9.834E+03
  6.343E+03  8.807E+03  1.351E+04  4.511E+03  8.765E+03  4.754E+03  1.166E+04  1.051E+04  1.750E+04  7.138E+03
  1.296E+04  7.296E+03  1.512E+04  9.684E+03  6.956E+03  9.039E+03  6.377E+03  7.968E+03  8.708E+03  1.110E+04
  9.356E+03  1.266E+04  1.208E+04  1.365E+04  4.160E+03  4.734E+03  1.098E+04  6.734E+03  1.241E+04  1.119E+04
  8.052E+03  1.050E+04  4.637E+03  1.823E+04  1.316E+04  1.209E+04  8.674E+03  6.149E+03  1.238E+04  5.812E+03
  8.487E+03  8.708E+03  6.268E+03  1.260E+04  9.950E+03  1.034E+04  5.785E+03  1.115E+04  7.055E+03  1.371E+04
  1.064E+04  9.682E+03  1.533E+04  1.779E+03  5.665E+03  1.106E+04  2.178E+03  4.362E+03  6.012E+03  9.824E+03
  5.937E+03  1.110E+04  9.101E+03  1.167E+04  1.291E+04  9.941E+03  5.813E+03  1.058E+04  4.581E+03  1.112E+04
  8.192E+03  1.033E+04  2.408E+04  1.366E+04  9.545E+03  8.147E+03  8.397E+03  1.012E+04  5.995E+03  1.150E+04
  1.314E+04  1.077E+04  1.249E+04  7.071E+03  7.475E+03  1.513E+04  1.118E+04  1.122E+04  8.165E+03  7.456E+03
  4.697E+03  1.125E+04  8.580E+03  1.161E+04  1.707E+04  1.076E+04  1.234E+04  1.024E+04  5.635E+03  6.789E+03
  6.859E+03  1.452E+04  1.271E+04  1.433E+04  1.869E+04  9.324E+03  1.161E+04  6.209E+03  1.387E+04  2.427E+03
  1.208E+04  5.939E+03  1.226E+04  5.825E+03  5.361E+03  8.366E+03  1.414E+04  1.002E+04  1.559E+04  2.200E+03
  7.846E+03  6.147E+03  8.027E+03  6.659E+03  6.201E+03  7.043E+03  4.231E+03  1.449E+04  5.761E+03  1.105E+04
  6.098E+03  6.593E+03  5.681E+03  9.470E+03  6.817E+03  8.851E+03  5.605E+03  1.032E+04  5.242E+03  1.890E+04
  2.017E+04  1.199E+04  5.781E+03  8.331E+03  1.201E+04  1.233E+04  1.230E+04  6.845E+03  1.180E+04  1.317E+04
  1.448E+04  7.727E+03  1.812E+04  9.731E+03  1.762E+04  6.042E+03  4.969E+03  4.798E+03  1.408E+04  1.086E+04
  1.429E+04  1.266E+04  1.166E+04  4.769E+03  1.487E+04  8.555E+03  7.459E+03  1.210E+04  1.042E+04  9.056E+03
  1.099E+04  1.434E+04  1.162E+04  1.723E+04  6.648E+03  1.065E+04  5.845E+03  4.395E+03  1.029E+04  1.329E+04
  6.958E+03  1.027E+04  1.026E+04  7.004E+03  1.022E+04  1.573E+04  2.173E+04  6.988E+03  1.088E+04  7.032E+03
  1.371E+04  5.179E+03  6.505E+03  7.058E+03  1.159E+04  1.465E+04  7.121E+03  5.859E+03  6.969E+03  9.206E+03
  3.543E+03  5.134E+03  8.276E+03  9.953E+03  6.260E+03  6.324E+03  5.855E+03  9.952E+03  1.502E+04  2.526E+04
  1.214E+04  8.363E+03  1.422E+04  4.182E+03  3.300E+03  1.851E+04  7.734E+03  9.801E+03  1.086E+04  1.869E+04
  9.661E+03  1.134E+04  5.860E+03  1.482E+04  1.985E+04  1.210E+04  8.248E+03  1.758E+04  2.033E+04  9.439E+03
  9.204E+03  1.681E+04  1.140E+04  1.247E+04  8.789E+03  1.534E+04  1.240E+04  5.955E+03  6.625E+03  6.699E+03
  5.788E+03  1.351E+04  7.070E+03  6.300E+03  9.214E+03  1.229E+04  1.371E+04  1.030E+04  2.856E+03  7.712E+03
  4.759E+03  1.221E+04  1.326E+04  2.295E+04  5.853E+03  1.193E+04  1.099E+04  7.794E+03  1.529E+04  7.226E+03
  7.121E+03  1.256E+04  1.203E+04  1.355E+04  1.250E+04  1.151E+04  1.029E+04  1.009E+04  1.307E+04  9.054E+03
  6.876E+03  1.662E+04  1.278E+04  6.626E+03  3.474E+03  1.281E+04  1.452E+04  5.482E+03  1.421E+04  1.038E+04
  1.089E+04  1.059E+04  1.720E+04  7.654E+03  1.052E+04  6.899E+03  1.208E+04  8.718E+03  8.186E+03  8.343E+03
  1.979E+04  1.866E+04  1.241E+04  5.890E+03  1.268E+04  1.123E+04  1.006E+04  1.042E+04  6.191E+03  1.193E+04
  1.346E+04  1.335E+04  1.260E+04  7.193E+03  6.859E+03  3.107E+03  6.132E+03  8.002E+03  1.864E+04  1.681E+04
  1.740E+04  9.797E+03  6.189E+03  1.257E+04  6.946E+03  7.339E+03  4.077E+03  1.131E+04  1.201E+04  8.458E+03
  4.904E+03  4.615E+03  8.930E+03  1.078E+04  6.437E+03  8.178E+03  1.452E+04  8.737E+03  6.567E+03  9.424E+03
  1.666E+04  1.406E+04  8.669E+03  6.724E+03  1.147E+04  4.107E+03  9.065E+03  9.746E+03  8.463E+03  6.621E+03
  4.706E+03  1.068E+04  4.991E+03  8.251E+03  1.557E+04  1.381E+04  7.725E+03  8.762E+03  1.127E+04  1.234E+04
  1.587E+04  1.501E+04  1.760E+04  8.038E+03  6.383E+03  1.407E+04  1.336E+04  1.873E+04  1.492E+04  9.910E+03
  8.975E+03  6.849E+03  1.132E+04  2.041E+04  1.003E+04  1.465E+04  6.343E+03  1.633E+04  1.975E+04  5.425E+03
  6.940E+03  1.122E+04  1.091E+04  1.131E+04  7.891E+03  8.596E+03  6.579E+03  1.178E+04  1.510E+04  1.288E+04
  9.203E+03  1.257E+04  8.451E+03  1.237E+04  1.218E+04  9.467E+03  1.332E+04  9.971E+03  1.042E+04  1.074E+04
  1.117E+04  5.046E+03  2.656E+03  7.788E+03  6.373E+03  1.133E+04  5.812E+03  1.264E+04  2.186E+04  1.307E+04
  3.154E+03  8.818E+03  8.032E+03  1.526E+04  1.144E+04  9.817E+03  1.937E+04  1.580E+04  1.064E+04  1.134E+04
  1.263E+04  1.868E+04  1.301E+04  1.084E+04  1.169E+04  1.202E+04  1.802E+04  2.003E+04  1.103E+04  2.737E+04
  1.092E+04  1.170E+04  1.852E+04  1.477E+04  1.422E+04  1.123E+04  1.190E+04  1.705E+04  8.769E+03  6.729E+03
  1.615E+04  1.109E+04  1.696E+04  4.275E+03  1.421E+04  2.006E+04  1.174E+04  1.197E+04  2.055E+04  1.491E+04
  6.990E+03  7.765E+03  1.753E+04  1.283E+04  8.301E+03  1.148E+04  1.187E+04  8.827E+03  1.092E+04  1.782E+04
  1.001E+04  5.250E+03  8.636E+03  4.569E+03  8.636E+03  1.003E+04  1.792E+04  1.170E+04  1.094E+04  1.363E+04
  3.172E+03  8.134E+03  7.249E+03  1.614E+04  1.357E+04  7.438E+03  1.283E+04  1.959E+04  1.674E+04  1.005E+04
  2.243E+04  1.183E+04  6.594E+03  1.273E+04  1.366E+04  1.096E+04  1.406E+04  8.276E+03  1.273E+04  7.599E+03
  1.557E+04  1.306E+04  1.643E+04  1.113E+04  9.358E+03  1.318E+04  1.963E+04  1.073E+04  1.676E+04  1.270E+04
  8.186E+03  2.006E+04  1.315E+04  1.964E+04  1.742E+04  1.496E+04  9.681E+03  2.219E+04  1.822E+04  1.691E+04
  1.477E+04  1.250E+04  1.408E+04  1.075E+04  1.646E+04  1.374E+04  5.440E+03  9.536E+03  1.341E+04  8.675E+03
  1.315E+04  1.230E+04  7.255E+03  1.444E+04  1.011E+04  9.055E+03  2.032E+04  7.147E+03  1.613E+04  5.542E+03
  7.563E+03  1.150E+04  1.281E+04  1.353E+04  7.351E+03  1.065E+04  2.116E+04  1.205E+04  8.006E+03  1.460E+04
  1.191E+04  1.027E+04  7.128E+03  5.388E+03  2.552E+03  1.709E+04  1.082E+04  1.044E+04  1.341E+04  1.577E+04
  5.055E+03  1.127E+04  1.623E+04  1.549E+04  1.385E+04  1.065E+04  5.636E+03  1.539E+04  2.806E+04  1.285E+04
  1.618E+04  1.730E+04  2.160E+04  1.204E+04  2.166E+04  2.383E+04  1.218E+04  6.029E+03  1.992E+04  1.050E+04
  2.063E+04  1.509E+04  1.801E+04  1.914E+04  1.982E+04  1.451E+04  1.301E+04  1.482E+04  1.156E+04  1.474E+04
  1.464E+04  1.401E+04  2.058E+04  1.259E+04  2.260E+04  1.364E+04  5.433E+03  9.411E+03  1.501E+04  8.928E+03
  9.196E+03  1.879E+04  1.105E+04  9.926E+03  1.232E+04  1.570E+04  1.340E+04  8.611E+03  6.980E+03  1.313E+04
  6.849E+03  6.457E+03  1.322E+04  1.241E+04  4.402E+03  1.092E+04  8.592E+03  1.550E+04  1.106E+04  9.581E+03
  9.446E+03  1.089E+04  6.948E+03  1.301E+04  1.696E+04  5.240E+03  1.878E+04  1.397E+04  1.713E+04  8.583E+03
  1.372E+04  1.431E+04  1.187E+04  1.701E+04  1.054E+04  1.619E+04  1.780E+04  1.034E+04  8.197E+03  9.329E+03
  1.288E+04  1.917E+04  1.397E+04  2.025E+04  1.835E+04  1.355E+04  2.063E+04  1.013E+04  1.547E+04  1.938E+04
  1.140E+04  2.318E+04  2.021E+04  2.150E+04  1.558E+04  2.097E+04  1.829E+04  2.001E+04  2.192E+04  1.569E+04
  1.571E+04  1.853E+04  1.287E+04  1.149E+04  8.875E+03  8.989E+03  1.369E+04  1.559E+04  1.142E+04  1.379E+04
  1.098E+04  8.831E+03  6.769E+03  1.166E+04  8.262E+03  1.165E+04  9.759E+03  6.260E+03  6.307E+03  7.037E+03
  1.222E+04  1.001E+04  9.735E+03  1.397E+04  1.117E+04  1.506E+04  1.164E+04  8.758E+03  6.597E+03  1.453E+04
  1.552E+04  1.225E+04  1.104E+04  1.391E+04  8.779E+03  1.413E+04  1.437E+04  1.382E+04  1.188E+04  1.495E+04
  1.414E+04  2.342E+04  1.210E+04  1.663E+04  1.866E+04  2.321E+04  1.601E+04  2.384E+04  2.146E+04  1.459E+04
  1.236E+04  2.342E+04  2.436E+04  1.435E+04  1.648E+04  1.731E+04  1.786E+04  1.372E+04  1.796E+04  2.814E+04
  1.304E+04  9.554E+03  1.940E+04  1.872E+04  1.875E+04  1.445E+04  2.869E+04  3.408E+04  1.251E+04  1.872E+04
  1.275E+04  7.983E+03  1.543E+04  1.064E+04  1.718E+04  1.141E+04  1.554E+04  1.440E+04  1.219E+04  9.383E+03
  1.324E+04  2.165E+03  1.041E+04  9.480E+03  6.184E+03  1.405E+04  8.364E+03  4.320E+03  1.955E+04  8.691E+03
  9.506E+03  1.096E+04  7.092E+03  1.524E+04  8.626E+03  8.058E+03  9.374E+03  1.615E+04  1.136E+04  1.341E+04
  2.361E+04  1.514E+04  1.301E+04  1.143E+04  6.623E+03  1.755E+04  1.317E+04  3.242E+04  1.427E+04  1.797E+04
  1.485E+04  2.371E+04  2.055E+04  8.236E+03  1.540E+04  1.256E+04  8.120E+03  1.528E+04  2.067E+04  1.734E+04
  1.331E+04  1.723E+04  1.851E+04  1.521E+04  1.452E+04  2.338E+04  3.227E+04  1.715E+04  1.976E+04  1.755E+04
  1.186E+04  1.451E+04  1.773E+04  1.574E+04  2.967E+04  1.577E+04  1.739E+04  1.814E+04  1.283E+04  1.774E+04
  1.107E+04  1.752E+04  5.832E+03  2.320E+04  1.249E+04  1.933E+04  1.595E+04  1.101E+04  5.342E+03  9.970E+03
  7.935E+03  1.217E+04  1.733E+04  1.192E+04  6.948E+03  1.098E+04  1.111E+04  2.063E+04  1.455E+04  1.997E+04
  1.297E+04  2.058E+04  9.670E+03  7.657E+03  1.100E+04  8.237E+03  1.200E+04  9.933E+03  9.904E+03  1.013E+04
  1.212E+04  1.200E+04  5.910E+03  1.458E+04  1.622E+04  1.923E+04  1.200E+04  2.331E+04  1.729E+04  2.425E+04
  1.492E+04  1.296E+04  1.345E+04  1.348E+04  2.035E+04  1.741E+04  2.550E+04  1.302E+04  2.186E+04  2.130E+04
  2.175E+04  1.850E+04  2.517E+04  1.929E+04  2.684E+04  1.614E+04  1.584E+04  1.166E+04  1.291E+04  1.301E+04
  2.289E+04  2.009E+04  1.124E+04  7.696E+03  1.623E+04  1.775E+04  8.073E+03  8.966E+03  1.112E+04  1.392E+04
  1.046E+04  8.238E+03  1.703E+04  1.133E+04  7.473E+03  9.713E+03  1.137E+04  4.228E+03  1.505E+04  1.340E+04
  5.738E+03  7.354E+03  1.062E+04  1.027E+04  1.020E+04  9.733E+03  1.303E+04  1.104E+04  1.120E+04  1.388E+04
  1.273E+04  9.935E+03  1.515E+04  6.525E+03  1.295E+04  1.219E+04  1.621E+04  1.689E+04  1.880E+04  1.696E+04
  1.433E+04  1.007E+04  1.534E+04  1.977E+04  1.984E+04  2.142E+04  2.574E+04  8.303E+03  2.473E+04  1.936E+04
  1.832E+04  1.774E+04  2.037E+04  3.201E+04  2.758E+04  3.210E+04  2.505E+04  2.636E+04  1.376E+04  2.686E+04
  1.638E+04  1.941E+04  2.834E+04  1.979E+04  1.695E+04  1.205E+04  1.208E+04  2.518E+04  1.987E+04  2.428E+04
  2.332E+04  2.955E+04  1.552E+04  1.413E+04  1.631E+04  7.706E+03  1.557E+04  7.251E+03  1.035E+04  1.183E+04
  2.314E+04  8.484E+03  1.335E+04  9.969E+03  7.394E+03  9.468E+03  8.611E+03  1.315E+04  8.320E+03  1.341E+04
  5.684E+03  9.974E+03  2.482E+03  8.479E+03  1.544E+04  1.586E+04  1.534E+04  1.425E+04  7.686E+03  1.065E+04
  1.351E+04  1.484E+04  2.007E+04  7.425E+03  1.300E+04  1.116E+04  1.828E+04  1.332E+04  1.680E+04  1.410E+04
  1.393E+04  1.615E+04  2.208E+04  2.473E+04  1.924E+04  1.860E+04  1.403E+04  2.119E+04  1.987E+04  2.360E+04
  2.683E+04  1.944E+04  3.791E+04  2.668E+04  2.279E+04  2.291E+04  2.180E+04  1.849E+04  2.392E+04  2.825E+04
  1.919E+04  1.451E+04  1.955E+04  3.047E+04  1.622E+04  1.490E+04  2.069E+04  2.123E+04  9.052E+03  1.731E+04
  1.175E+04  1.998E+04  1.672E+04  1.681E+04  1.592E+04  8.576E+03  9.725E+03  1.011E+04  6.857E+03  7.246E+03
  1.037E+04  1.548E+04  8.329E+03  1.082E+04  8.736E+03  6.715E+03  9.828E+03  3.994E+03  1.948E+04  1.084E+04
  8.741E+03  1.008E+04  1.350E+04  1.247E+04  1.184E+04  1.090E+04  8.502E+03  1.150E+04  1.649E+04  1.582E+04
  1.853E+04  2.291E+04  1.546E+04  1.742E+04  1.876E+04  1.278E+04  1.668E+04  1.683E+04  2.024E+04  2.257E+04
  1.790E+04  1.588E+04  1.851E+04  2.999E+04  2.773E+04  1.911E+04  1.922E+04  3.752E+04  2.814E+04  5.722E+04
  3.675E+04  2.412E+04  3.109E+04  2.029E+04  2.909E+04  2.800E+04  3.035E+04  2.794E+04  3.001E+04  1.968E+04
  2.691E+04  1.673E+04  1.546E+04  2.346E+04  2.015E+04  2.182E+04  2.160E+04  7.940E+03  9.853E+03  1.970E+04
  2.317E+04  1.580E+04  1.768E+04  9.851E+03  1.276E+04  1.751E+04  1.475E+04  1.089E+04  1.924E+04  1.576E+04
  9.097E+03  2.136E+04  1.468E+04  7.197E+03  6.496E+03  1.195E+04  1.272E+04  1.868E+04  9.351E+03  1.023E+04
  1.641E+04  1.931E+04  1.164E+04  1.666E+04  1.480E+04  1.406E+04  1.341E+04  2.032E+04  1.219E+04  9.108E+03
  1.439E+04  2.325E+04  1.486E+04  2.137E+04  2.294E+04  3.097E+04  3.041E+04  3.049E+04  2.675E+04  2.556E+04
  2.455E+04  2.753E+04  3.566E+04  3.504E+04  2.998E+04  2.125E+04  3.068E+04  3.892E+04  2.929E+04  3.252E+04
  3.999E+04  2.877E+04  2.071E+04  2.818E+04  2.519E+04  2.293E+04  1.785E+04  2.139E+04  2.851E+04  1.130E+04
  2.429E+04  2.115E+04  1.706E+04  1.784E+04  1.446E+04  1.875E+04  2.629E+04  1.344E+04  1.972E+04  1.668E+04
  1.854E+04  1.524E+04  1.239E+04  1.787E+04  1.017E+04  1.683E+04  8.604E+03  1.038E+04  6.959E+03  8.221E+03
  7.165E+03  6.643E+03  1.207E+04  1.174E+04  1.100E+04  6.308E+03  1.832E+04  1.248E+04  1.226E+04  1.367E+04
  1.584E+04  1.351E+04  1.060E+04  3.229E+04  1.974E+04  7.336E+03  1.889E+04  1.727E+04  1.565E+04  1.911E+04
  2.199E+04  2.942E+04  2.457E+04  2.297E+04  2.623E+04  2.910E+04  1.587E+04  2.092E+04  3.452E+04  2.752E+04
  2.596E+04  3.582E+04  4.357E+04  4.386E+04  3.713E+04  3.348E+04  2.872E+04  3.098E+04  3.304E+04  2.716E+04
  2.483E+04  2.263E+04  3.320E+04  2.343E+04  2.684E+04  2.687E+04  1.686E+04  3.475E+04  1.916E+04  1.236E+04
  1.748E+04  2.500E+04  2.337E+04  1.246E+04  2.576E+04  2.265E+04  1.216E+04  6.641E+03  1.768E+04  8.649E+03
  1.167E+04  1.510E+04  8.036E+03  1.057E+04  1.895E+04  1.249E+04  1.233E+04  1.129E+04  1.706E+04  2.151E+04
  1.856E+04  1.622E+04  9.580E+03  1.685E+04  1.628E+04  1.654E+04  1.869E+04  1.683E+04  1.048E+04  1.897E+04
  2.250E+04  2.186E+04  1.786E+04  2.482E+04  1.331E+04  2.235E+04  1.395E+04  2.260E+04  1.284E+04  2.081E+04
  3.126E+04  3.473E+04  3.006E+04  2.717E+04  2.673E+04  2.545E+04  3.724E+04  4.040E+04  3.875E+04  4.875E+04
  3.780E+04  3.277E+04  4.310E+04  4.727E+04  3.745E+04  3.483E+04  2.125E+04  3.015E+04  3.166E+04  2.036E+04
  2.875E+04  2.621E+04  2.078E+04  2.363E+04  1.997E+04  3.401E+04  2.160E+04  1.757E+04  1.572E+04  1.843E+04
  1.427E+04  1.221E+04  1.532E+04  1.988E+04  1.820E+04  1.409E+04  2.101E+04  9.322E+03  1.774E+04  2.046E+04
  8.579E+03  1.076E+04  1.772E+04  1.396E+04  5.949E+03  6.613E+03  1.043E+04  5.488E+03  1.098E+04  1.426E+04
  1.306E+04  1.187E+04  1.903E+04  1.934E+04  1.122E+04  1.541E+04  2.556E+04  1.608E+04  1.804E+04  2.458E+04
  1.528E+04  1.745E+04  1.991E+04  1.924E+04  1.806E+04  2.664E+04  2.487E+04  2.286E+04  2.339E+04  3.050E+04
  2.849E+04  2.760E+04  3.282E+04  3.966E+04  4.552E+04  3.506E+04  4.255E+04  3.931E+04  3.844E+04  3.992E+04
  3.611E+04  3.879E+04  3.771E+04  2.657E+04  3.850E+04  2.171E+04  2.727E+04  3.011E+04  2.669E+04  2.360E+04
  3.172E+04  2.404E+04  2.153E+04  2.831E+04  2.511E+04  1.519E+04  1.956E+04  1.974E+04  1.589E+04  1.323E+04
  1.045E+04  1.174E+04  2.120E+04  1.521E+04  1.109E+04  1.619E+04  1.488E+04  1.162E+04  1.198E+04  1.667E+04
  1.852E+04  7.713E+03  9.257E+03  1.478E+04  8.046E+03  1.476E+04  1.288E+04  1.575E+04  1.846E+04  1.806E+04
  2.047E+04  1.817E+04  1.716E+04  1.452E+04  1.670E+04  2.114E+04  1.417E+04  2.573E+04  2.319E+04  2.542E+04
  2.044E+04  2.373E+04  3.395E+04  3.324E+04  3.009E+04  2.474E+04  2.453E+04  2.259E+04  2.699E+04  3.933E+04
  2.522E+04  3.678E+04  3.782E+04  3.341E+04  4.682E+04  4.173E+04  4.324E+04  4.552E+04  3.354E+04  3.601E+04
  2.872E+04  2.969E+04  2.957E+04  4.203E+04  2.763E+04  2.124E+04  2.464E+04  2.072E+04  2.637E+04  2.455E+04
  2.123E+04  2.338E+04  1.989E+04  1.504E+04  2.764E+04  1.833E+04  1.548E+04  1.219E+04  2.249E+04  1.474E+04
  8.082E+03  8.240E+03  9.594E+03  1.995E+04  1.259E+04  9.696E+03  4.675E+03  9.164E+03  9.703E+03  1.018E+04
  1.585E+04  1.193E+04  1.189E+04  1.780E+04  1.472E+04  1.708E+04  1.825E+04  3.288E+04  1.748E+04  2.372E+04
  1.079E+04  1.471E+04  2.303E+04  1.854E+04  1.301E+04  2.101E+04  2.008E+04  2.204E+04  3.449E+04  2.769E+04
  3.575E+04  2.856E+04  2.623E+04  2.552E+04  3.922E+04  3.398E+04  3.107E+04  3.917E+04  4.349E+04  4.835E+04
  3.301E+04  4.242E+04  3.536E+04  5.058E+04  5.670E+04  4.233E+04  5.372E+04  3.981E+04  2.880E+04  3.270E+04
  3.087E+04  3.945E+04  2.868E+04  2.037E+04  1.974E+04  1.671E+04  1.955E+04  1.774E+04  1.619E+04  2.092E+04
  2.169E+04  2.586E+04  2.288E+04  2.622E+04  1.519E+04  1.685E+04  1.438E+04  1.347E+04  1.676E+04  2.007E+04
  1.669E+04  1.843E+04  1.499E+04  2.037E+04  1.482E+04  1.164E+04  1.550E+04  1.352E+04  1.546E+04  1.363E+04
  1.194E+04  1.382E+04  1.939E+04  9.479E+03  1.439E+04  1.556E+04  2.544E+04  2.427E+04  2.244E+04  2.391E+04
  1.781E+04  2.011E+04  1.930E+04  1.413E+04  3.060E+04  2.277E+04  2.096E+04  3.305E+04  2.074E+04  2.584E+04
  2.884E+04  3.463E+04  3.765E+04  3.581E+04  3.345E+04  3.317E+04  4.707E+04  5.771E+04  6.422E+04  4.985E+04
  5.908E+04  4.459E+04  3.618E+04  4.391E+04  3.985E+04  3.692E+04  2.369E+04  3.283E+04  2.513E+04  2.024E+04
  3.143E+04  2.300E+04  2.912E+04  2.065E+04  1.894E+04  1.567E+04  2.798E+04  1.241E+04  1.917E+04  9.958E+03
  1.875E+04  1.960E+04  1.277E+04  1.543E+04  1.255E+04  1.430E+04  1.112E+04  9.938E+03  1.867E+04  1.581E+04
  2.151E+04  1.720E+04  1.672E+04  1.172E+04  7.669E+03  9.747E+03  1.594E+04  1.173E+04  1.982E+04  2.643E+04
  1.850E+04  1.099E+04  2.000E+04  1.252E+04  1.647E+04  1.825E+04  2.610E+04  2.125E+04  2.177E+04  2.163E+04
  2.382E+04  2.475E+04  1.772E+04  3.658E+04  1.917E+04  3.659E+04  2.653E+04  2.327E+04  2.873E+04  3.506E+04
  2.839E+04  3.393E+04  3.746E+04  5.406E+04  6.543E+04  5.799E+04  6.175E+04  4.795E+04  5.501E+04  4.798E+04
  4.321E+04  3.668E+04  2.859E+04  3.763E+04  2.942E+04  3.630E+04  2.612E+04  4.027E+04  2.267E+04  2.659E+04
  1.596E+04  2.535E+04  2.424E+04  3.768E+04  2.243E+04  1.777E+04  2.076E+04  2.576E+04  1.863E+04  1.927E+04
  2.462E+04  1.260E+04  2.111E+04  1.830E+04  1.704E+04  2.594E+04  1.047E+04  1.992E+04  5.138E+03  1.535E+04
  6.702E+03  8.907E+03  1.357E+04  1.460E+04  1.953E+04  1.502E+04  1.777E+04  9.394E+03  3.145E+04  2.450E+04
  2.262E+04  1.662E+04  1.852E+04  2.384E+04  2.097E+04  1.912E+04  2.723E+04  1.890E+04  2.487E+04  1.722E+04
  2.095E+04  1.956E+04  2.638E+04  3.826E+04  3.876E+04  4.002E+04  3.223E+04  2.967E+04  2.775E+04  2.690E+04
  4.102E+04  4.712E+04  6.504E+04  5.893E+04  5.514E+04  4.118E+04  4.871E+04  5.593E+04  3.605E+04  4.126E+04
  3.539E+04  3.709E+04  3.320E+04  3.687E+04  3.191E+04  2.863E+04  3.444E+04  2.368E+04  2.012E+04  2.272E+04
  3.682E+04  3.059E+04  2.022E+04  1.336E+04  1.849E+04  1.565E+04  2.223E+04  2.163E+04  1.781E+04  1.095E+04
  1.271E+04  1.155E+04  1.618E+04  1.997E+04  1.143E+04  1.787E+04  1.397E+04  8.567E+03  1.298E+04  1.008E+04
  1.371E+04  2.211E+04  1.068E+04  1.602E+04  2.231E+04  1.924E+04  1.155E+04  8.510E+03  1.578E+04  1.935E+04
  1.658E+04  2.956E+04  1.700E+04  2.288E+04  2.980E+04  2.486E+04  2.644E+04  2.491E+04  3.068E+04  3.329E+04
  3.609E+04  3.308E+04  3.890E+04  4.150E+04  3.870E+04  4.520E+04  3.242E+04  4.148E+04  4.675E+04  5.230E+04
  5.456E+04  5.759E+04  5.812E+04  3.746E+04  5.329E+04  4.821E+04  3.485E+04  3.662E+04  2.996E+04  2.342E+04
  2.807E+04  3.189E+04  2.312E+04  3.575E+04  2.741E+04  2.205E+04  2.720E+04  2.501E+04  2.106E+04  1.515E+04
  1.864E+04  1.478E+04  1.713E+04  1.664E+04  1.657E+04  1.480E+04  1.528E+04  1.304E+04  2.436E+04  1.939E+04
  1.467E+04  2.221E+04  9.969E+03  8.587E+03  1.454E+04  1.482E+04  1.451E+04  1.047E+04  1.338E+04  1.497E+04
  2.026E+04  1.650E+04  2.514E+04  2.104E+04  1.883E+04  2.107E+04  1.814E+04  1.349E+04  2.147E+04  2.309E+04
  2.188E+04  3.550E+04  2.841E+04  3.307E+04  3.595E+04  2.032E+04  3.508E+04  4.458E+04  2.879E+04  3.232E+04
  2.247E+04  3.823E+04  3.579E+04  3.468E+04  5.224E+04  4.149E+04  5.395E+04  4.655E+04  5.804E+04  4.221E+04
  4.270E+04  4.042E+04  4.547E+04  3.231E+04  3.061E+04  2.043E+04  2.921E+04  2.167E+04  2.761E+04  1.843E+04
  3.488E+04  3.286E+04  2.346E+04  2.466E+04  2.006E+04  2.196E+04  2.954E+04  3.047E+04  1.950E+04  1.730E+04
  2.046E+04  2.922E+04  1.950E+04  1.958E+04  1.035E+04  1.462E+04  2.121E+04  1.666E+04  1.367E+04  1.612E+04
  1.628E+04  1.683E+04  1.876E+04  2.131E+04  1.727E+04  8.055E+03  1.597E+04  2.040E+04  2.162E+04  2.026E+04
  1.556E+04  2.001E+04  2.857E+04  1.872E+04  2.814E+04  2.912E+04  3.006E+04  2.561E+04  3.076E+04  3.773E+04
  2.573E+04  3.260E+04  3.505E+04  3.150E+04  4.799E+04  4.117E+04  4.271E+04  4.231E+04  2.548E+04  4.463E+04
  3.438E+04  4.177E+04  3.631E+04  4.477E+04  4.330E+04  4.337E+04  5.418E+04  4.108E+04  3.501E+04  3.754E+04
  2.822E+04  3.952E+04  3.656E+04  2.120E+04  3.314E+04  4.068E+04  2.225E+04  2.294E+04  2.444E+04  2.448E+04
  1.999E+04  2.184E+04  2.116E+04  2.801E+04  2.810E+04  1.563E+04  3.859E+04  2.921E+04  2.135E+04  1.982E+04
  2.169E+04  1.830E+04  1.453E+04  1.063E+04  1.371E+04  1.281E+04  1.509E+04  1.656E+04  1.032E+04  1.649E+04
  1.526E+04  1.973E+04  1.412E+04  1.534E+04  1.392E+04  2.015E+04  8.276E+03  1.755E+04  2.430E+04  2.671E+04
  1.801E+04  2.461E+04  1.905E+04  1.877E+04  2.785E+04  4.030E+04  2.743E+04  2.967E+04  3.101E+04  3.375E+04
  3.330E+04  3.556E+04  3.829E+04  4.170E+04  3.101E+04  3.988E+04  4.431E+04  2.516E+04  3.584E+04  3.630E+04
  4.303E+04  4.475E+04  3.933E+04  5.017E+04  3.574E+04  3.508E+04  4.129E+04  3.483E+04  4.319E+04  4.608E+04
  2.324E+04  2.255E+04  4.006E+04  3.265E+04  2.548E+04  3.449E+04  3.168E+04  2.634E+04  3.205E+04  1.900E+04
  2.875E+04  2.174E+04  2.363E+04  2.265E+04  2.285E+04  2.281E+04  1.750E+04  2.257E+04  2.305E+04  2.037E+04
  2.510E+04  2.239E+04  1.510E+04  1.626E+04  1.585E+04  1.204E+04  1.067E+04  1.439E+04  1.205E+04  1.387E+04
  1.375E+04  1.668E+04  2.191E+04  3.048E+04  1.727E+04  1.520E+04  2.851E+04  1.602E+04  2.805E+04  2.011E+04
  4.309E+04  2.274E+04  3.673E+04  3.101E+04  2.506E+04  2.671E+04  3.206E+04  2.780E+04  4.135E+04  4.604E+04
  3.397E+04  3.807E+04  2.779E+04  3.083E+04  3.667E+04  4.120E+04  5.290E+04  6.151E+04  3.517E+04  3.950E+04
  3.373E+04  3.779E+04  4.629E+04  4.128E+04  4.107E+04  2.807E+04  3.408E+04  3.804E+04  3.554E+04  3.033E+04
  2.595E+04  3.746E+04  2.541E+04  3.600E+04  3.683E+04  2.287E+04  2.360E+04  3.322E+04  1.736E+04  1.466E+04
  2.353E+04  2.969E+04  2.206E+04  2.100E+04  1.646E+04  1.592E+04  1.697E+04  2.186E+04  1.634E+04  2.263E+04
  1.916E+04  1.271E+04  1.003E+04  1.536E+04  2.705E+04  1.542E+04  2.425E+04  1.753E+04  1.967E+04  2.320E+04
  2.105E+04  1.461E+04  2.556E+04  1.800E+04  1.842E+04  2.336E+04  3.228E+04  3.600E+04  2.928E+04  3.016E+04
  2.433E+04  3.194E+04  3.596E+04  2.610E+04  4.900E+04  4.731E+04  2.885E+04  2.965E+04  3.848E+04  4.016E+04
  4.891E+04  5.199E+04  3.925E+04  3.964E+04  4.371E+04  5.153E+04  5.144E+04  4.337E+04  2.782E+04  4.615E+04
  4.045E+04  4.897E+04  3.564E+04  4.589E+04  2.949E+04  3.304E+04  2.258E+04  3.606E+04  2.868E+04  3.431E+04
  2.857E+04  3.303E+04  2.820E+04  2.458E+04  3.661E+04  3.322E+04  2.778E+04  1.798E+04  1.424E+04  2.248E+04
  1.286E+04  2.402E+04  1.099E+04  1.320E+04  1.848E+04  2.893E+04  1.512E+04  2.871E+04  2.715E+04  1.371E+04
  2.302E+04  2.701E+04  1.974E+04  1.355E+04  1.330E+04  2.134E+04  1.995E+04  2.078E+04  3.287E+04  3.332E+04
  1.910E+04  1.948E+04  2.694E+04  2.195E+04  2.711E+04  1.973E+04  2.594E+04  2.925E+04  4.240E+04  3.151E+04
  2.308E+04  4.284E+04  2.587E+04  4.211E+04  3.045E+04  4.118E+04  2.794E+04  3.497E+04  3.788E+04  4.408E+04
  4.712E+04  3.839E+04  6.840E+04  3.915E+04  4.907E+04  6.505E+04  5.458E+04  3.757E+04  3.837E+04  4.365E+04
  3.510E+04  4.301E+04  3.654E+04  2.317E+04  2.620E+04  3.520E+04  3.390E+04  3.265E+04  3.465E+04  4.136E+04
  2.564E+04  2.073E+04  2.700E+04  1.658E+04  1.383E+04  2.215E+04  1.665E+04  2.234E+04  2.009E+04  2.854E+04
  1.871E+04  2.122E+04  1.355E+04  1.886E+04  1.269E+04  1.260E+04  7.347E+03  1.409E+04  2.088E+04  2.491E+04
  2.826E+04  2.188E+04  2.269E+04  2.813E+04  2.428E+04  2.909E+04  2.647E+04  2.731E+04  2.277E+04  2.388E+04
  3.519E+04  4.030E+04  2.845E+04  3.994E+04  3.154E+04  4.995E+04  4.238E+04  3.106E+04  4.087E+04  3.725E+04
  2.553E+04  3.836E+04  4.188E+04  4.413E+04  3.912E+04  4.841E+04  4.806E+04  4.338E+04  6.293E+04  4.470E+04
  4.957E+04  4.888E+04  5.606E+04  4.089E+04  4.209E+04  4.453E+04  4.281E+04  4.389E+04  4.327E+04  3.674E+04
  2.397E+04  2.394E+04  2.423E+04  3.145E+04  3.196E+04  3.528E+04  3.889E+04  2.984E+04  2.333E+04  2.586E+04
  1.591E+04  2.644E+04  1.550E+04  2.347E+04  1.905E+04  1.800E+04  2.306E+04  2.020E+04  1.489E+04  2.146E+04
  1.367E+04  2.121E+04  2.126E+04  1.561E+04  2.390E+04  2.191E+04  2.622E+04  1.833E+04  1.723E+04  2.288E+04
  2.622E+04  2.264E+04  3.116E+04  3.244E+04  2.195E+04  2.192E+04  3.037E+04  3.203E+04  2.813E+04  4.425E+04
  4.135E+04  3.483E+04  4.496E+04  5.015E+04  4.016E+04  2.979E+04  3.366E+04  3.755E+04  4.179E+04  4.118E+04
  4.236E+04  5.618E+04  7.090E+04  5.668E+04  4.368E+04  5.321E+04  3.807E+04  4.714E+04  5.253E+04  5.490E+04
  4.920E+04  3.413E+04  3.973E+04  3.178E+04  4.469E+04  3.827E+04  4.995E+04  3.729E+04  4.338E+04  2.811E+04
  2.172E+04  2.758E+04  3.043E+04  2.324E+04  2.769E+04  3.303E+04  2.371E+04  2.371E+04  2.958E+04  2.329E+04
  2.362E+04  1.905E+04  2.087E+04  1.934E+04  2.241E+04  1.805E+04  1.391E+04  2.067E+04  1.237E+04  8.032E+03
  1.174E+04  2.213E+04  2.799E+04  1.332E+04  1.963E+04  2.111E+04  2.206E+04  2.672E+04  3.236E+04  1.830E+04
  2.955E+04  2.577E+04  1.824E+04  3.053E+04  2.548E+04  3.805E+04  3.165E+04  2.947E+04  2.661E+04  3.272E+04
  3.477E+04  3.786E+04  3.197E+04  3.419E+04  4.605E+04  5.653E+04  6.704E+04  4.962E+04  6.001E+04  6.942E+04
  4.804E+04  7.548E+04  7.469E+04  6.285E+04  6.465E+04  6.609E+04  4.970E+04  7.227E+04  4.568E+04  5.074E+04
  5.703E+04  3.761E+04  3.288E+04  4.654E+04  4.838E+04  2.616E+04  2.900E+04  2.930E+04  3.171E+04  3.247E+04
  4.723E+04  2.227E+04  3.081E+04  1.916E+04  2.037E+04  3.096E+04  3.479E+04  2.543E+04  2.961E+04  2.407E+04
  2.680E+04  1.726E+04  2.269E+04  2.324E+04  1.904E+04  1.126E+04  1.129E+04  1.493E+04  1.567E+04  2.140E+04
  1.977E+04  2.072E+04  2.373E+04  2.392E+04  2.796E+04  2.131E+04  2.302E+04  1.860E+04  1.547E+04  2.106E+04
  2.228E+04  2.625E+04  2.914E+04  2.146E+04  3.098E+04  3.967E+04  3.244E+04  3.594E+04  3.490E+04  3.356E+04
  4.208E+04  4.000E+04  4.919E+04  4.481E+04  5.518E+04  6.166E+04  6.624E+04  7.683E+04  5.708E+04  7.606E+04
  8.850E+04  7.125E+04  7.211E+04  6.609E+04  6.473E+04  4.661E+04  6.420E+04  4.389E+04  4.979E+04  3.250E+04
  3.039E+04  4.086E+04  3.956E+04  3.206E+04  3.342E+04  2.574E+04  2.953E+04  3.146E+04  2.840E+04  2.493E+04
  3.018E+04  3.053E+04  1.710E+04  1.960E+04  2.555E+04  2.180E+04  2.434E+04  3.361E+04  1.594E+04  2.274E+04
  2.319E+04  1.707E+04  1.518E+04  1.687E+04  1.068E+04  1.528E+04  1.211E+04  1.890E+04  1.786E+04  2.068E+04
  3.204E+04  1.541E+04  2.912E+04  3.068E+04  1.905E+04  2.995E+04  2.220E+04  2.767E+04  4.020E+04  2.495E+04
  3.490E+04  2.730E+04  3.643E+04  3.800E+04  4.229E+04  4.157E+04  5.221E+04  4.153E+04  5.914E+04  4.397E+04
  7.087E+04  7.346E+04  7.081E+04  7.165E+04  6.842E+04  8.073E+04  8.684E+04  9.234E+04  9.763E+04  8.936E+04
  8.447E+04  7.726E+04  7.128E+04  5.522E+04  5.254E+04  5.111E+04  3.776E+04  4.227E+04  4.738E+04  4.665E+04
  4.406E+04  3.636E+04  3.971E+04  2.015E+04  3.417E+04  4.428E+04  2.674E+04  2.133E+04  2.389E+04  3.093E+04
  3.039E+04  1.974E+04  2.891E+04  2.674E+04  2.663E+04  1.170E+04  3.009E+04  1.446E+04  2.094E+04  1.544E+04
  1.079E+04  1.423E+04  1.588E+04  1.645E+04  1.441E+04  2.285E+04  2.391E+04  2.261E+04  1.945E+04  2.346E+04
  2.756E+04  3.104E+04  2.831E+04  3.128E+04  2.756E+04  3.458E+04  3.818E+04  3.340E+04  3.490E+04  4.146E+04
  4.043E+04  3.555E+04  3.728E+04  3.700E+04  3.632E+04  4.017E+04  6.605E+04  5.392E+04  6.451E+04  9.115E+04
  8.851E+04  1.108E+05  9.927E+04  1.262E+05  1.060E+05  1.091E+05  1.189E+05  1.014E+05  8.815E+04  7.513E+04
  7.894E+04  6.215E+04  6.108E+04  6.311E+04  5.273E+04  5.025E+04  4.505E+04  3.277E+04  3.327E+04  2.835E+04
  3.330E+04  2.651E+04  2.934E+04  3.410E+04  4.269E+04  3.193E+04  3.391E+04  2.405E+04  2.456E+04  3.458E+04
  1.848E+04  2.585E+04  1.881E+04  2.897E+04  2.480E+04  2.615E+04  1.428E+04  1.478E+04  1.247E+04  1.540E+04
  1.884E+04  3.201E+04  2.237E+04  2.338E+04  1.675E+04  1.400E+04  2.056E+04  2.086E+04  2.786E+04  4.067E+04
  2.898E+04  3.073E+04  4.077E+04  2.856E+04  2.126E+04  2.757E+04  4.277E+04  2.659E+04  2.777E+04  3.321E+04
  4.827E+04  5.987E+04  6.890E+04  6.253E+04  7.559E+04  7.734E+04  8.775E+04  1.079E+05  1.230E+05  1.424E+05
  1.556E+05  1.602E+05  1.330E+05  1.220E+05  1.129E+05  1.012E+05  8.529E+04  8.339E+04  7.773E+04  6.187E+04
  5.484E+04  4.427E+04  4.729E+04  4.629E+04  3.534E+04  3.872E+04  3.365E+04  3.528E+04  3.584E+04  3.528E+04
  3.376E+04  2.323E+04  2.954E+04  2.570E+04  3.214E+04  2.548E+04  2.754E+04  3.773E+04  2.464E+04  2.307E+04
  1.793E+04  2.782E+04  2.595E+04  1.392E+04  9.576E+03  1.540E+04  2.051E+04  1.688E+04  1.583E+04  1.411E+04
  1.449E+04  1.659E+04  2.574E+04  2.910E+04  3.370E+04  2.442E+04  3.058E+04  2.647E+04  3.118E+04  3.148E+04
  3.348E+04  3.095E+04  4.887E+04  4.600E+04  4.085E+04  3.569E+04  3.657E+04  5.424E+04  5.922E+04  7.508E+04
  7.183E+04  8.067E+04  1.050E+05  1.269E+05  1.503E+05  1.490E+05  1.478E+05  1.380E+05  1.655E+05  1.566E+05
  1.444E+05  1.513E+05  1.228E+05  1.115E+05  7.633E+04  7.250E+04  6.909E+04  6.109E+04  6.134E+04  4.234E+04
  4.217E+04  3.681E+04  3.585E+04  4.178E+04  3.249E+04  2.744E+04  3.276E+04  2.816E+04  3.183E+04  3.139E+04
  2.877E+04  2.754E+04  1.476E+04  2.352E+04  2.111E+04  2.376E+04  1.947E+04  2.185E+04  2.264E+04  2.393E+04
  1.888E+04  1.836E+04  9.729E+03  1.688E+04  3.083E+04  1.965E+04  1.744E+04  2.159E+04  1.450E+04  2.481E+04
  2.127E+04  3.072E+04  2.924E+04  3.497E+04  2.331E+04  3.753E+04  3.231E+04  4.712E+04  3.421E+04  4.322E+04
  2.777E+04  3.550E+04  3.966E+04  3.650E+04  4.973E+04  6.223E+04  7.065E+04  7.965E+04  9.436E+04  1.200E+05
  1.265E+05  1.503E+05  1.536E+05  1.738E+05  1.737E+05  1.806E+05  1.742E+05  1.611E+05  1.542E+05  1.236E+05
  1.138E+05  1.062E+05  8.556E+04  6.658E+04  6.925E+04  4.718E+04  4.617E+04  3.967E+04  4.247E+04  3.628E+04
  2.989E+04  3.406E+04  3.583E+04  2.685E+04  3.456E+04  3.390E+04  1.672E+04  3.783E+04  2.596E+04  2.049E+04
  2.918E+04  2.060E+04  1.954E+04  1.752E+04  2.047E+04  2.236E+04  1.951E+04  1.275E+04  2.376E+04  1.352E+04
  2.003E+04  1.450E+04  1.605E+04  2.778E+04  2.805E+04  2.374E+04  2.083E+04  2.007E+04  2.220E+04  1.860E+04
  1.167E+04  2.040E+04  2.954E+04  2.352E+04  3.943E+04  4.278E+04  3.303E+04  3.240E+04  2.862E+04  2.840E+04
  5.090E+04  6.144E+04  5.748E+04  7.162E+04  7.906E+04  9.644E+04  1.300E+05  1.293E+05  1.453E+05  1.608E+05
  1.586E+05  1.813E+05  1.796E+05  1.501E+05  1.700E+05  1.620E+05  1.377E+05  1.389E+05  8.721E+04  7.554E+04
  7.407E+04  5.284E+04  5.162E+04  4.860E+04  3.801E+04  5.045E+04  3.182E+04  3.833E+04  3.758E+04  3.369E+04
  2.757E+04  3.161E+04  3.468E+04  2.804E+04  3.616E+04  3.829E+04  1.624E+04  1.812E+04  3.094E+04  1.956E+04
  3.413E+04  2.050E+04  1.224E+04  1.836E+04  1.890E+04  2.331E+04  1.928E+04  1.354E+04  1.652E+04  2.911E+04
  1.236E+04  1.794E+04  2.443E+04  1.947E+04  3.099E+04  2.155E+04  2.096E+04  1.605E+04  2.631E+04  2.243E+04
  3.488E+04  3.284E+04  3.148E+04  4.034E+04  2.646E+04  3.741E+04  4.015E+04  4.000E+04  5.293E+04  4.714E+04
  7.011E+04  9.774E+04  1.129E+05  1.223E+05  1.674E+05  1.558E+05  1.675E+05  1.814E+05  2.012E+05  1.542E+05
  1.699E+05  1.934E+05  1.568E+05  1.665E+05  1.578E+05  1.126E+05  1.052E+05  9.144E+04  6.851E+04  5.960E+04
  4.733E+04  4.138E+04  3.545E+04  4.042E+04  3.758E+04  2.775E+04  3.193E+04  3.078E+04  2.533E+04  2.337E+04
  2.766E+04  3.210E+04  1.981E+04  2.651E+04  1.597E+04  2.089E+04  2.196E+04  2.763E+04  2.961E+04  2.102E+04
  2.290E+04  2.972E+04  1.520E+04  2.641E+04  1.781E+04  1.360E+04  1.594E+04  2.568E+04  1.807E+04  2.063E+04
  1.330E+04  1.854E+04  2.301E+04  3.094E+04  4.027E+04  3.829E+04  2.646E+04  4.379E+04  4.316E+04  4.024E+04
  3.297E+04  2.842E+04  3.432E+04  3.468E+04  2.685E+04  5.231E+04  6.075E+04  7.627E+04  7.559E+04  1.330E+05
  1.299E+05  1.464E+05  1.851E+05  1.672E+05  1.758E+05  1.813E+05  1.839E+05  1.923E+05  1.957E+05  1.672E+05
  1.564E+05  1.426E+05  1.136E+05  8.529E+04  7.060E+04  6.564E+04  4.720E+04  4.848E+04  4.538E+04  2.970E+04
  3.737E+04  4.071E+04  3.924E+04  3.797E+04  2.435E+04  3.521E+04  2.167E+04  3.534E+04  2.705E+04  2.284E+04
  2.139E+04  2.444E+04  2.257E+04  2.559E+04  2.352E+04  1.259E+04  1.825E+04  2.179E+04  1.443E+04  1.203E+04
  1.440E+04  1.584E+04  1.429E+04  2.583E+04  2.718E+04  2.969E+04  2.195E+04  3.709E+04  3.723E+04  3.344E+04
  3.959E+04  2.120E+04  3.327E+04  2.865E+04  3.019E+04  4.274E+04  3.042E+04  3.951E+04  4.031E+04  3.741E+04
  4.182E+04  4.942E+04  4.734E+04  6.878E+04  6.903E+04  7.727E+04  1.050E+05  1.409E+05  1.518E+05  1.638E+05
  1.755E+05  1.824E+05  1.971E+05  1.958E+05  2.075E+05  1.746E+05  1.616E+05  1.584E+05  1.400E+05  1.147E+05
  1.126E+05  6.946E+04  6.763E+04  5.918E+04  5.231E+04  4.511E+04  3.714E+04  3.561E+04  2.836E+04  3.379E+04
  3.107E+04  2.869E+04  1.895E+04  2.158E+04  2.465E+04  3.440E+04  2.435E+04  2.738E+04  2.111E+04  2.419E+04
  2.293E+04  3.025E+04  2.843E+04  1.815E+04  2.077E+04  1.428E+04  1.393E+04  2.095E+04  1.557E+04  2.004E+04
  1.288E+04  2.646E+04  1.750E+04  2.069E+04  3.862E+04  2.266E+04  2.211E+04  2.112E+04  3.184E+04  3.247E+04
  2.755E+04  2.961E+04  2.189E+04  3.698E+04  2.791E+04  4.020E+04  6.046E+04  3.201E+04  4.206E+04  4.115E+04
  4.511E+04  5.743E+04  8.078E+04  9.593E+04  1.128E+05  1.367E+05  1.501E+05  1.886E+05  1.829E+05  1.750E+05
  1.805E+05  1.725E+05  1.972E+05  1.780E+05  1.550E+05  1.437E+05  1.170E+05  9.708E+04  7.362E+04  6.104E+04
  4.816E+04  5.340E+04  6.017E+04  5.299E+04  6.122E+04  3.027E+04  2.866E+04  3.663E+04  3.823E+04  3.275E+04
  3.240E+04  3.857E+04  3.061E+04  3.010E+04  2.458E+04  2.257E+04  2.636E+04  2.351E+04  2.398E+04  1.736E+04
  2.071E+04  1.641E+04  1.390E+04  1.865E+04  1.397E+04  1.754E+04  2.268E+04  2.126E+04  1.383E+04  2.203E+04
  2.055E+04  1.864E+04  3.268E+04  2.432E+04  3.123E+04  2.517E+04  2.367E+04  2.444E+04  3.390E+04  4.058E+04
  4.324E+04  2.523E+04  3.030E+04  3.740E+04  3.784E+04  4.228E+04  6.329E+04  5.407E+04  6.171E+04  7.314E+04
  1.030E+05  1.138E+05  1.438E+05  1.580E+05  1.414E+05  1.682E+05  1.738E+05  1.884E+05  1.860E+05  1.535E+05
  1.689E+05  1.418E+05  1.338E+05  1.095E+05  1.097E+05  8.734E+04  7.027E+04  5.834E+04  5.919E+04  6.537E+04
  4.079E+04  4.244E+04  3.606E+04  3.602E+04  3.019E+04  3.767E+04  3.609E+04  2.994E+04  3.551E+04  2.968E+04
  1.988E+04  2.866E+04  2.249E+04  1.742E+04  2.258E+04  1.905E+04  1.612E+04  2.214E+04  2.552E+04  2.102E+04
  1.424E+04  8.734E+03  2.056E+04  1.856E+04  1.682E+04  2.143E+04  2.559E+04  2.649E+04  2.197E+04  2.714E+04
  3.616E+04  3.652E+04  3.746E+04  2.185E+04  2.736E+04  3.404E+04  3.160E+04  5.088E+04  3.390E+04  3.579E+04
  3.156E+04  3.952E+04  5.458E+04  5.810E+04  6.523E+04  6.234E+04  8.003E+04  8.031E+04  9.503E+04  1.202E+05
  1.307E+05  1.407E+05  1.513E+05  1.801E+05  1.784E+05  1.922E+05  1.631E+05  1.438E+05  1.258E+05  1.282E+05
  9.652E+04  9.576E+04  6.989E+04  5.657E+04  5.819E+04  4.721E+04  3.865E+04  3.783E+04  4.397E+04  2.521E+04
  3.188E+04  3.222E+04  2.863E+04  3.454E+04  3.283E+04  2.205E+04  2.448E+04  2.928E+04  2.919E+04  2.083E+04
  2.573E+04  1.649E+04  2.550E+04  2.276E+04  1.764E+04  2.274E+04  2.549E+04  1.235E+04  1.580E+04  1.655E+04
  1.804E+04  2.193E+04  1.733E+04  2.568E+04  2.369E+04  2.157E+04  2.650E+04  2.444E+04  2.461E+04  2.721E+04
  2.316E+04  2.132E+04  2.372E+04  3.429E+04  2.608E+04  3.342E+04  3.428E+04  3.204E+04  4.081E+04  4.467E+04
  4.787E+04  4.874E+04  5.614E+04  6.506E+04  7.616E+04  9.671E+04  1.234E+05  1.515E+05  1.491E+05  1.462E+05
  1.356E+05  1.604E+05  1.607E+05  1.368E+05  1.347E+05  1.241E+05  1.122E+05  9.269E+04  8.234E+04  5.929E+04
  5.937E+04  4.358E+04  4.065E+04  4.173E+04  3.219E+04  4.068E+04  2.665E+04  3.771E+04  2.916E+04  3.049E+04
  2.888E+04  2.405E+04  2.121E+04  2.291E+04  2.526E+04  2.212E+04  2.949E+04  2.629E+04  2.701E+04  1.530E+04
  2.119E+04  2.226E+04  1.825E+04  1.785E+04  1.859E+04  1.567E+04  2.854E+04  1.692E+04  1.400E+04  2.181E+04
  1.394E+04  1.654E+04  2.214E+04  2.568E+04  2.899E+04  3.302E+04  2.747E+04  3.562E+04  2.682E+04  3.479E+04
  3.602E+04  2.853E+04  4.179E+04  3.899E+04  4.946E+04  3.303E+04  3.962E+04  4.085E+04  5.280E+04  6.200E+04
  6.956E+04  6.160E+04  6.702E+04  9.093E+04  1.062E+05  1.056E+05  1.424E+05  1.262E+05  1.577E+05  1.576E+05
  1.322E+05  1.070E+05  1.046E+05  8.839E+04  7.270E+04  7.024E+04  6.705E+04  7.017E+04  4.324E+04  4.414E+04
  3.846E+04  3.427E+04  3.368E+04  5.089E+04  2.758E+04  2.150E+04  3.920E+04  3.122E+04  2.718E+04  2.762E+04
  3.039E+04  2.620E+04  1.992E+04  2.531E+04  3.014E+04  3.328E+04  1.388E+04  9.669E+03  1.474E+04  1.596E+04
  2.184E+04  1.491E+04  1.860E+04  1.825E+04  1.928E+04  2.843E+04  2.068E+04  2.363E+04  1.590E+04  3.125E+04
  2.343E+04  2.852E+04  2.290E+04  2.583E+04  3.414E+04  2.819E+04  2.857E+04  3.495E+04  2.904E+04  2.713E+04
  3.133E+04  2.994E+04  3.570E+04  3.822E+04  3.342E+04  6.056E+04  4.778E+04  4.778E+04  6.873E+04  8.438E+04
  8.085E+04  9.214E+04  9.058E+04  1.093E+05  1.047E+05  1.184E+05  1.106E+05  1.004E+05  1.035E+05  8.476E+04
  8.622E+04  7.897E+04  5.787E+04  5.129E+04  5.638E+04  5.128E+04  3.801E+04  3.174E+04  4.342E+04  3.255E+04
  2.963E+04  3.173E+04  3.864E+04  3.379E+04  3.801E+04  1.935E+04  3.245E+04  3.301E+04  2.600E+04  2.577E+04
  3.780E+04  2.989E+04  2.877E+04  2.729E+04  2.817E+04  2.106E+04  2.439E+04  2.550E+04  1.875E+04  2.535E+04
  1.967E+04  1.816E+04  2.508E+04  1.853E+04  1.805E+04  2.214E+04  2.397E+04  2.152E+04  2.890E+04  2.280E+04
  2.771E+04  3.412E+04  2.820E+04  2.338E+04  3.414E+04  4.088E+04  3.363E+04  4.248E+04  4.628E+04  4.845E+04
  3.193E+04  3.174E+04  3.462E+04  4.199E+04  6.002E+04  5.651E+04  4.906E+04  7.459E+04  6.611E+04  8.685E+04
  1.080E+05  8.642E+04  9.267E+04  1.074E+05  8.149E+04  8.588E+04  7.502E+04  5.762E+04  5.560E+04  5.168E+04
  4.710E+04  4.836E+04  5.177E+04  4.794E+04  3.211E+04  3.820E+04  2.860E+04  2.970E+04  3.331E+04  3.047E+04
  2.793E+04  1.979E+04  2.555E+04  3.161E+04  2.596E+04  2.182E+04  3.546E+04  2.595E+04  2.260E+04  1.644E+04
  2.652E+04  3.025E+04  2.580E+04  1.826E+04  1.518E+04  1.969E+04  1.206E+04  2.023E+04  2.203E+04  2.776E+04
  1.230E+04  2.030E+04  1.477E+04  2.583E+04  3.237E+04  2.960E+04  1.918E+04  2.271E+04  3.184E+04  2.707E+04
  2.857E+04  3.082E+04  3.028E+04  3.208E+04  3.920E+04  2.947E+04  2.873E+04  3.937E+04  4.114E+04  3.490E+04
  4.797E+04  5.001E+04  6.039E+04  5.677E+04  5.676E+04  7.165E+04  6.947E+04  7.856E+04  7.886E+04  7.777E+04
  8.013E+04  9.013E+04  6.178E+04  5.937E+04  6.677E+04  4.699E+04  5.082E+04  5.507E+04  4.502E+04  4.168E+04
  4.371E+04  4.809E+04  3.346E+04  2.596E+04  2.376E+04  2.842E+04  2.554E+04  4.494E+04  1.958E+04  2.596E+04
  2.370E+04  2.619E+04  3.008E+04  1.913E+04  3.067E+04  3.283E+04  2.537E+04  2.336E+04  2.144E+04  1.761E+04
  1.340E+04  1.511E+04  1.112E+04  1.430E+04  1.819E+04  1.805E+04  2.304E+04  2.269E+04  3.083E+04  2.261E+04
  1.996E+04  2.428E+04  3.679E+04  2.214E+04  2.395E+04  2.088E+04  2.793E+04  3.386E+04  3.096E+04  3.465E+04
  2.433E+04  4.330E+04  3.059E+04  3.432E+04  2.842E+04  4.508E+04  4.221E+04  3.834E+04  5.298E+04  4.799E+04
  6.054E+04  6.208E+04  7.674E+04  6.390E+04  6.695E+04  6.877E+04  8.295E+04  5.767E+04  5.730E+04  6.834E+04
  6.066E+04  5.419E+04  5.829E+04  5.572E+04  4.981E+04  3.871E+04  3.167E+04  4.049E+04  2.633E+04  3.355E+04
  3.677E+04  3.054E+04  3.767E+04  2.694E+04  2.824E+04  3.970E+04  2.265E+04  3.081E+04  2.680E+04  3.053E+04
  3.086E+04  2.933E+04  3.018E+04  1.306E+04  1.052E+04  2.232E+04  2.054E+04  2.066E+04  1.965E+04  1.204E+04
  1.490E+04  1.090E+04  2.418E+04  1.966E+04  1.676E+04  2.143E+04  3.826E+04  2.706E+04  1.529E+04  2.450E+04
  1.693E+04  1.923E+04  2.393E+04  3.123E+04  2.511E+04  2.530E+04  2.234E+04  2.828E+04  3.096E+04  3.961E+04
  4.272E+04  5.101E+04  3.573E+04  5.488E+04  3.861E+04  3.778E+04  3.030E+04  4.741E+04  4.841E+04  3.807E+04
  4.190E+04  6.661E+04  6.135E+04  5.160E+04  6.384E+04  4.413E+04  5.047E+04  5.059E+04  4.146E+04  4.953E+04
  4.106E+04  4.584E+04  3.342E+04  3.695E+04  3.776E+04  3.521E+04  3.489E+04  2.834E+04  4.503E+04  3.851E+04
  3.102E+04  2.793E+04  2.958E+04  2.224E+04  2.371E+04  2.672E+04  2.425E+04  1.720E+04  2.155E+04  3.343E+04
  3.322E+04  2.012E+04  1.851E+04  2.686E+04  1.243E+04  1.753E+04  1.056E+04  1.421E+04  2.173E+04  1.833E+04
  1.359E+04  2.136E+04  2.488E+04  2.481E+04  1.455E+04  2.713E+04  2.522E+04  2.370E+04  1.492E+04  2.076E+04
  2.908E+04  2.620E+04  3.356E+04  3.063E+04  2.909E+04  2.148E+04  3.067E+04  3.393E+04  3.871E+04  3.728E+04
  3.278E+04  3.553E+04  3.564E+04  2.966E+04  4.444E+04  4.754E+04  3.861E+04  4.800E+04  4.943E+04  5.957E+04
  5.723E+04  5.610E+04  4.897E+04  5.655E+04  5.103E+04  4.652E+04  3.817E+04  3.300E+04  3.901E+04  2.588E+04
  3.718E+04  2.874E+04  3.953E+04  3.251E+04  4.454E+04  2.980E+04  4.211E+04  2.576E+04  3.255E+04  2.765E+04
  3.229E+04  2.365E+04  2.868E+04  1.374E+04  1.811E+04  2.699E+04  1.334E+04  2.706E+04  2.748E+04  1.932E+04
  1.044E+04  1.660E+04  1.574E+04  1.444E+04  1.283E+04  1.176E+04  1.170E+04  1.674E+04  1.820E+04  1.563E+04
  1.323E+04  2.250E+04  1.779E+04  2.219E+04  2.277E+04  2.455E+04  3.380E+04  2.840E+04  2.440E+04  3.510E+04
  3.874E+04  3.197E+04  3.612E+04  3.659E+04  3.164E+04  2.728E+04  3.571E+04  3.217E+04  4.363E+04  3.684E+04
  4.691E+04  2.252E+04  3.725E+04  3.603E+04  3.830E+04  4.947E+04  4.125E+04  4.800E+04  4.220E+04  4.309E+04
  4.508E+04  5.834E+04  4.344E+04  4.794E+04  3.071E+04  4.071E+04  2.280E+04  3.562E+04  2.715E+04  3.611E+04
  3.316E+04  1.856E+04  2.823E+04  3.549E+04  3.180E+04  2.854E+04  3.251E+04  2.972E+04  2.741E+04  2.181E+04
  1.954E+04  1.601E+04  2.085E+04  1.824E+04  2.107E+04  3.529E+04  1.538E+04  1.316E+04  1.301E+04  1.890E+04
  1.915E+04  1.293E+04  1.090E+04  1.379E+04  1.460E+04  1.738E+04  2.013E+04  1.525E+04  2.208E+04  1.724E+04
  1.661E+04  2.412E+04  2.476E+04  2.643E+04  3.847E+04  3.370E+04  2.728E+04  2.610E+04  1.820E+04  2.576E+04
  2.953E+04  1.799E+04  4.249E+04  3.499E+04  3.473E+04  2.774E+04  4.780E+04  3.766E+04  2.620E+04  3.122E+04
  3.629E+04  3.620E+04  5.606E+04  4.883E+04  5.597E+04  3.904E+04  4.598E+04  3.116E+04  3.945E+04  4.441E+04
  4.152E+04  3.258E+04  3.793E+04  3.114E+04  2.528E+04  3.198E+04  2.296E+04  2.133E+04  2.379E+04  2.726E+04
  2.925E+04  2.961E+04  2.169E+04  1.715E+04  2.385E+04  1.951E+04  2.185E+04  1.850E+04  1.763E+04  3.228E+04
  1.485E+04  1.441E+04  2.105E+04  2.923E+04  1.773E+04  1.726E+04  1.526E+04  2.191E+04  1.396E+04  1.628E+04
  1.209E+04  8.510E+03  1.707E+04  2.176E+04  1.433E+04  2.957E+04  1.691E+04  2.916E+04  2.172E+04  1.895E+04
  1.361E+04  2.438E+04  2.745E+04  2.576E+04  3.122E+04  3.134E+04  2.409E+04  3.275E+04  2.555E+04  2.283E+04
  3.190E+04  2.013E+04  3.313E+04  3.834E+04  4.193E+04  4.395E+04  4.498E+04  3.954E+04  3.676E+04  4.634E+04
  4.170E+04  3.720E+04  3.793E+04  3.710E+04  3.558E+04  4.581E+04  3.727E+04  2.206E+04  3.310E+04  2.600E+04
  3.517E+04  2.436E+04  3.277E+04  2.086E+04  2.900E+04  3.037E+04  2.753E+04  2.322E+04  2.835E+04  2.666E+04
  3.218E+04  2.260E+04  1.512E+04  1.840E+04  2.934E+04  2.470E+04  2.346E+04  1.752E+04  1.256E+04  1.486E+04
  1.003E+04  1.777E+04  1.967E+04  1.430E+04  9.883E+03  1.384E+04  1.581E+04  1.252E+04  1.775E+04  2.043E+04
  2.082E+04  2.449E+04  1.679E+04  3.280E+04  1.443E+04  2.314E+04  2.730E+04  2.659E+04  2.471E+04  2.466E+04
  3.140E+04  2.078E+04  2.182E+04  2.788E+04  2.876E+04  1.995E+04  3.136E+04  1.923E+04  3.286E+04  2.509E+04
  3.136E+04  3.193E+04  2.264E+04  2.914E+04  2.348E+04  4.074E+04  3.290E+04  4.110E+04  3.573E+04  3.461E+04
  3.271E+04  2.881E+04  4.301E+04  3.447E+04  3.103E+04  3.103E+04  2.786E+04  4.199E+04  2.968E+04  3.159E+04
  2.650E+04  3.046E+04  2.723E+04  3.098E+04  2.974E+04  2.336E+04  2.269E+04  2.083E+04  2.370E+04  2.356E+04
  3.065E+04  1.848E+04  2.844E+04  2.385E+04  2.495E+04  2.171E+04  1.386E+04  1.218E+04  1.772E+04  1.495E+04
  1.335E+04  1.474E+04  8.824E+03  1.873E+04  1.707E+04  1.723E+04  1.252E+04  1.825E+04  2.246E+04  2.409E+04
  1.701E+04  2.406E+04  2.358E+04  3.456E+04  2.768E+04  2.368E+04  2.644E+04  2.673E+04  2.016E+04  1.914E+04
  3.061E+04  2.034E+04  2.975E+04  2.556E+04  2.391E+04  2.835E+04  2.400E+04  3.270E+04  2.013E+04  3.774E+04
  2.526E+04  3.182E+04  2.546E+04  3.398E+04  3.762E+04  4.721E+04  3.953E+04  4.536E+04  3.605E+04  3.845E+04
  3.139E+04  2.472E+04  4.373E+04  3.247E+04  3.403E+04  3.582E+04  2.873E+04  2.645E+04  3.671E+04  2.875E+04
  3.112E+04  2.746E+04  2.533E+04  1.950E+04  2.731E+04  3.363E+04  1.286E+04  1.432E+04  3.034E+04  2.165E+04
  2.499E+04  1.259E+04  2.874E+04  2.257E+04  2.585E+04  1.774E+04  1.377E+04  6.771E+03  1.286E+04  8.765E+03
  1.514E+04  8.253E+03  1.225E+04  2.170E+04  2.761E+04  1.905E+04  3.185E+04  2.036E+04  2.028E+04  2.910E+04
  1.907E+04  3.399E+04  1.692E+04  2.640E+04  1.898E+04  2.844E+04  2.033E+04  3.127E+04  2.757E+04  3.283E+04
  2.510E+04  3.595E+04  3.413E+04  3.149E+04  3.199E+04  3.551E+04  3.597E+04  2.940E+04  2.651E+04  3.331E+04
  2.629E+04  3.273E+04  2.955E+04  2.704E+04  3.389E+04  2.744E+04  3.427E+04  3.191E+04  2.974E+04  3.654E+04
  3.228E+04  4.108E+04  2.723E+04  2.605E+04  3.012E+04  3.204E+04  3.240E+04  1.805E+04  2.881E+04  2.908E+04
  1.521E+04  2.078E+04  2.227E+04  2.418E+04  1.721E+04  2.238E+04  1.912E+04  2.107E+04  2.166E+04  2.014E+04
  2.177E+04  1.502E+04  1.222E+04  1.242E+04  1.593E+04  8.112E+03  1.958E+04  1.972E+04  2.365E+04  2.319E+04
  1.173E+04  2.154E+04  2.781E+04  1.480E+04  1.995E+04  1.946E+04  1.674E+04  1.702E+04  2.316E+04  3.284E+04
  2.206E+04  2.999E+04  2.343E+04  2.727E+04  2.442E+04  2.124E+04  3.529E+04  2.579E+04  2.093E+04  3.228E+04
  2.768E+04  2.937E+04  3.029E+04  2.637E+04  3.927E+04  2.044E+04  2.313E+04  3.149E+04  3.388E+04  4.174E+04
  2.996E+04  4.305E+04  3.780E+04  4.512E+04  4.052E+04  2.908E+04  2.350E+04  1.657E+04  3.551E+04  2.778E+04
  2.796E+04  1.729E+04  1.762E+04  2.077E+04  2.148E+04  2.334E+04  2.192E+04  2.411E+04  2.144E+04  2.025E+04
  1.841E+04  1.618E+04  1.892E+04  2.134E+04  2.595E+04  1.536E+04  9.119E+03  1.618E+04  1.141E+04  1.811E+04
  1.888E+04  1.549E+04  1.010E+04  1.481E+04  2.400E+04  1.347E+04  1.748E+04  2.356E+04  1.361E+04  2.104E+04
  8.523E+03  2.117E+04  1.160E+04  2.898E+04  1.324E+04  1.602E+04  2.247E+04  1.898E+04  2.594E+04  1.876E+04
  1.451E+04  2.434E+04  3.315E+04  2.167E+04  3.345E+04  2.060E+04  2.274E+04  2.651E+04  2.206E+04  2.567E+04
  3.073E+04  1.822E+04  2.164E+04  2.944E+04  3.214E+04  3.843E+04  4.849E+04  3.133E+04  4.250E+04  2.963E+04
  2.743E+04  2.184E+04  1.954E+04  1.991E+04  2.149E+04  2.832E+04  2.764E+04  3.069E+04  2.081E+04  2.727E+04
  2.169E+04  2.480E+04  2.806E+04  2.135E+04  2.554E+04  2.263E+04  2.915E+04  2.104E+04  1.201E+04  1.442E+04
  2.473E+04  1.223E+04  2.214E+04  1.824E+04  1.987E+04  1.360E+04  1.147E+04  2.075E+04  2.300E+04  1.346E+04
  1.134E+04  1.120E+04  1.013E+04  1.413E+04  1.163E+04  1.803E+04  1.975E+04  1.373E+04  1.501E+04  1.164E+04
  1.357E+04  2.640E+04  1.910E+04  2.155E+04  3.493E+04  1.859E+04  1.590E+04  2.487E+04  1.954E+04  3.276E+04
  2.749E+04  3.365E+04  2.715E+04  2.414E+04  3.336E+04  2.022E+04  3.039E+04  3.586E+04  2.446E+04  2.445E+04
  2.413E+04  2.728E+04  3.295E+04  3.249E+04  4.011E+04  3.344E+04  3.782E+04  2.587E+04  2.366E+04  2.531E+04
  2.308E+04  2.560E+04  1.861E+04  2.832E+04  3.773E+04  3.304E+04  3.050E+04  2.485E+04  2.042E+04  2.406E+04
  1.860E+04  2.361E+04  1.729E+04  2.908E+04  3.494E+04  2.600E+04  1.623E+04  2.365E+04  1.772E+04  1.455E+04
  1.088E+04  1.665E+04  1.111E+04  1.026E+04  1.463E+04  2.070E+04  1.301E+04  7.274E+03  1.259E+04  1.113E+04
  9.511E+03  8.896E+03  1.610E+04  1.556E+04  1.371E+04  1.325E+04  1.530E+04  1.729E+04  1.568E+04  2.118E+04
  2.145E+04  2.129E+04  1.221E+04  1.834E+04  2.790E+04  3.210E+04  2.814E+04  2.443E+04  2.664E+04  2.839E+04
  2.987E+04  2.557E+04  2.819E+04  2.079E+04  3.844E+04  1.989E+04  1.379E+04  2.010E+04  1.835E+04  2.611E+04
  2.500E+04  3.741E+04  2.512E+04  3.832E+04  2.310E+04  2.825E+04  2.935E+04  3.023E+04  3.545E+04  2.675E+04
  2.236E+04  3.879E+04  2.596E+04  2.309E+04  3.279E+04  2.457E+04  2.348E+04  1.944E+04  1.498E+04  1.762E+04
  1.444E+04  1.617E+04  2.395E+04  1.182E+04  1.723E+04  1.956E+04  1.745E+04  1.273E+04  1.788E+04  1.773E+04
  1.877E+04  1.505E+04  1.450E+04  8.755E+03  1.590E+04  1.394E+04  1.819E+04  1.974E+04  1.594E+04  1.582E+04
  1.645E+04  1.997E+04  2.037E+04  1.407E+04  2.201E+04  2.153E+04  1.404E+04  1.523E+04  2.863E+04  2.896E+04
  2.613E+04  3.323E+04  2.022E+04  2.302E+04  3.143E+04  2.275E+04  1.941E+04  2.696E+04  2.083E+04  2.075E+04
  2.269E+04  1.778E+04  2.946E+04  2.221E+04  2.840E+04  2.937E+04  2.552E+04  2.669E+04  2.062E+04  2.429E+04
  2.835E+04  2.965E+04  2.482E+04  3.159E+04  2.602E+04  2.392E+04  2.289E+04  2.731E+04  1.616E+04  2.251E+04
  2.801E+04  2.718E+04  2.010E+04  1.664E+04  2.150E+04  1.711E+04  1.872E+04  1.470E+04  2.617E+04  1.581E+04
  2.712E+04  1.911E+04  2.193E+04  1.601E+04  9.895E+03  1.823E+04  1.735E+04  1.811E+04  1.779E+04  1.250E+04
  6.969E+03  1.515E+04  1.448E+04  1.314E+04  1.006E+04  1.327E+04  1.004E+04  1.054E+04  1.436E+04  1.093E+04
  1.335E+04  1.933E+04  1.836E+04  1.269E+04  2.060E+04  1.830E+04  1.718E+04  2.764E+04  2.048E+04  2.190E+04
  3.240E+04  2.576E+04  2.526E+04  3.752E+04  1.985E+04  2.766E+04  3.513E+04  1.976E+04  2.425E+04  3.021E+04
  3.597E+04  2.677E+04  1.915E+04  2.088E+04  2.729E+04  2.707E+04  3.820E+04  2.714E+04  2.710E+04  3.101E+04
  2.907E+04  2.504E+04  2.739E+04  2.452E+04  2.500E+04  1.743E+04  2.441E+04  2.917E+04  3.276E+04  2.439E+04
  2.004E+04  2.064E+04  1.987E+04  1.728E+04  1.458E+04  2.835E+04  1.283E+04  1.610E+04  2.346E+04  6.080E+03
  1.062E+04  1.400E+04  1.087E+04  1.357E+04  1.200E+04  1.252E+04  1.633E+04  5.531E+03  1.273E+04  9.429E+03
  2.880E+04  2.063E+04  9.613E+03  2.159E+04  1.741E+04  1.861E+04  1.758E+04  1.092E+04  1.224E+04  1.587E+04
  1.253E+04  2.157E+04  1.752E+04  1.810E+04  1.671E+04  1.141E+04  1.869E+04  2.546E+04  1.764E+04  2.212E+04
  3.056E+04  2.228E+04  2.047E+04  2.891E+04  2.559E+04  2.457E+04  2.109E+04  1.959E+04  2.251E+04  2.335E+04
  2.763E+04  1.681E+04  1.723E+04  2.789E+04  2.026E+04  2.508E+04  2.122E+04  1.941E+04  2.427E+04  3.024E+04
  2.835E+04  2.236E+04  1.593E+04  1.146E+04  2.458E+04  1.813E+04  2.362E+04  2.659E+04  1.490E+04  1.277E+04
  1.709E+04  1.691E+04  1.464E+04  1.362E+04  9.739E+03  1.772E+04  3.153E+04  1.947E+04  1.879E+04  1.190E+04
  7.720E+03  1.786E+04  1.304E+04  8.557E+03  6.282E+03  1.700E+04  2.511E+04  9.168E+03  1.208E+04  8.322E+03
  1.056E+04  1.311E+04  1.387E+04  1.307E+04  1.232E+04  1.509E+04  1.242E+04  1.888E+04  1.641E+04  1.785E+04
  1.228E+04  3.155E+04  2.059E+04  2.001E+04  1.534E+04  2.139E+04  2.806E+04  1.567E+04  2.970E+04  1.288E+04
  2.460E+04  2.511E+04  2.493E+04  2.093E+04  2.537E+04  2.464E+04  2.299E+04  2.012E+04  3.272E+04  2.049E+04
  2.598E+04  3.328E+04  2.379E+04  3.502E+04  1.960E+04  2.522E+04  1.560E+04  2.460E+04  1.689E+04  2.243E+04
  1.376E+04  2.304E+04  1.886E+04  1.596E+04  1.852E+04  2.205E+04  1.800E+04  1.599E+04  2.040E+04  2.378E+04
  2.172E+04  1.577E+04  1.157E+04  1.004E+04  1.534E+04  1.599E+04  1.232E+04  8.331E+03  1.845E+04  1.637E+04
  1.678E+04  1.915E+04  1.308E+04  1.605E+04  9.325E+03  7.654E+03  1.282E+04  1.508E+04  1.860E+04  2.337E+04
  2.492E+04  2.406E+04  1.906E+04  2.231E+04  2.069E+04  1.990E+04  2.057E+04  8.738E+03  1.728E+04  1.395E+04
  2.580E+04  2.484E+04  2.424E+04  1.615E+04  2.035E+04  2.366E+04  1.662E+04  2.799E+04  1.241E+04  3.165E+04
  2.249E+04  2.769E+04  2.467E+04  2.905E+04  2.829E+04  2.577E+04  2.204E+04  2.588E+04  2.084E+04  3.446E+04
  3.303E+04  2.189E+04  2.383E+04  2.010E+04  2.193E+04  1.834E+04  1.496E+04  2.751E+04  1.905E+04  2.580E+04
  2.425E+04  1.455E+04  2.136E+04  1.384E+04  2.076E+04  1.652E+04  2.462E+04  1.344E+04  1.559E+04  1.429E+04
  9.514E+03  1.159E+04  1.494E+04  8.927E+03  1.617E+04  2.598E+04  1.404E+04  4.274E+03  9.166E+03  4.956E+03
  1.031E+04  1.505E+04  2.671E+04  1.934E+04  1.535E+04  1.393E+04  1.657E+04  1.267E+04  7.950E+03  2.498E+04
  1.250E+04  1.363E+04  2.113E+04  1.312E+04  1.001E+04  1.335E+04  1.267E+04  1.460E+04  2.173E+04  1.545E+04
  1.849E+04  1.405E+04  1.649E+04  1.846E+04  2.392E+04  1.218E+04  1.884E+04  2.363E+04  1.938E+04  2.524E+04
  2.402E+04  2.082E+04  3.020E+04  2.298E+04  3.093E+04  2.675E+04  2.219E+04  2.153E+04  2.672E+04  1.789E+04
  2.725E+04  1.644E+04  2.176E+04  2.124E+04  1.846E+04  1.510E+04  1.024E+04  2.127E+04  1.768E+04  2.119E+04
  7.918E+03  1.470E+04  1.708E+04  1.364E+04  1.004E+04  1.729E+04  1.296E+04  2.266E+04  2.091E+04  1.385E+04
  1.166E+04  2.088E+04  1.500E+04  8.043E+03  1.175E+04  1.006E+04  8.132E+03  1.507E+04  6.221E+03  1.396E+04
  1.266E+04  1.453E+04  1.280E+04  1.226E+04  9.709E+03  6.825E+03  1.165E+04  1.913E+04  1.703E+04  1.637E+04
  1.557E+04  9.348E+03  1.852E+04  1.346E+04  2.030E+04  2.486E+04  1.542E+04  1.974E+04  1.545E+04  2.143E+04
  1.522E+04  3.225E+04  2.010E+04  1.815E+04  2.538E+04  2.292E+04  2.694E+04  3.604E+04  2.807E+04  2.134E+04
  2.353E+04  2.636E+04  3.017E+04  1.841E+04  2.723E+04  1.897E+04  1.644E+04  2.656E+04  2.043E+04  1.552E+04
  1.913E+04  1.288E+04  2.058E+04  1.555E+04  1.781E+04  1.887E+04  1.776E+04  1.540E+04  1.319E+04  1.538E+04
  2.184E+04  1.609E+04  1.494E+04  1.446E+04  1.269E+04  9.109E+03  1.000E+04  1.504E+04  1.140E+04  6.282E+03
  6.734E+03  8.595E+03  1.320E+04  9.226E+03  1.456E+04  1.631E+04  1.287E+04  8.599E+03  1.937E+04  1.369E+04
  9.666E+03  1.409E+04  1.348E+04  1.028E+04  1.587E+04  9.939E+03  1.345E+04  1.648E+04  1.550E+04  1.648E+04
  1.387E+04  1.156E+04  2.351E+04  1.613E+04  1.664E+04  1.168E+04  1.527E+04  1.310E+04  1.965E+04  1.972E+04
  2.160E+04  1.958E+04  1.945E+04  2.205E+04  1.958E+04  1.823E+04  2.773E+04  3.219E+04  1.969E+04  1.972E+04
  2.119E+04  2.134E+04  2.820E+04  2.736E+04  2.095E+04  2.100E+04  1.201E+04  1.132E+04  1.680E+04  1.529E+04
  1.324E+04  2.584E+04  1.645E+04  1.275E+04  1.578E+04  1.436E+04  1.473E+04  1.363E+04  2.105E+04  1.050E+04
  1.333E+04  1.077E+04  1.197E+04  1.119E+04  1.893E+04  1.041E+04  1.150E+04  7.926E+03  1.007E+04  9.654E+03
  4.090E+03  1.550E+04  1.010E+04  8.250E+03  8.712E+03  1.444E+04  5.285E+03  6.594E+03  1.380E+04  8.422E+03
  5.906E+03  2.429E+04  7.715E+03  1.735E+04  1.479E+04  1.381E+04  1.118E+04  1.379E+04  1.747E+04  1.196E+04
  1.221E+04  1.569E+04  2.235E+04  1.337E+04  2.498E+04  1.457E+04  1.982E+04  1.977E+04  1.985E+04  1.927E+04
  1.842E+04  2.154E+04  2.028E+04  2.271E+04  1.831E+04  1.854E+04  2.418E+04  1.904E+04  2.405E+04  1.388E+04
  2.161E+04  1.938E+04  1.616E+04  1.776E+04  1.364E+04  2.059E+04  2.113E+04  2.949E+04  1.828E+04  2.100E+04
  7.542E+03  1.531E+04  2.610E+04  2.156E+04  9.389E+03  1.459E+04  7.268E+03  1.720E+04  1.421E+04  8.445E+03
  1.094E+04  1.186E+04  1.550E+04  9.537E+03  8.621E+03  1.015E+04  9.592E+03  6.788E+03  4.245E+03  6.426E+03
  4.721E+03  9.855E+03  1.339E+04  1.362E+04  1.082E+04  1.424E+04  1.159E+04  1.170E+04  1.553E+04  1.512E+04
  1.007E+04  1.146E+04  5.023E+03  1.778E+04  1.558E+04  1.281E+04  1.197E+04  1.252E+04  1.813E+04  1.070E+04
  1.240E+04  1.802E+04  1.370E+04  1.897E+04  2.084E+04  2.525E+04  1.462E+04  1.859E+04  1.860E+04  2.376E+04
  2.236E+04  2.531E+04  9.222E+03  2.255E+04  1.758E+04  1.991E+04  1.269E+04  2.092E+04  2.083E+04  2.605E+04
  1.695E+04  1.926E+04  2.334E+04  1.712E+04  1.344E+04  1.392E+04  1.440E+04  2.070E+04  1.848E+04  1.729E+04
  1.382E+04  8.388E+03  1.126E+04  1.095E+04  2.271E+04  1.626E+04  8.318E+03  9.152E+03  9.488E+03  1.609E+04
  1.225E+04  1.324E+04  7.077E+03  2.182E+03  1.197E+04  6.920E+03  9.982E+03  3.872E+03  1.191E+04  1.566E+04
  4.871E+03  1.244E+04  1.425E+04  7.481E+03  5.706E+03  1.089E+04  1.539E+04  1.121E+04  9.080E+03  1.002E+04
  1.845E+04  1.835E+04  1.608E+04  1.024E+04  9.838E+03  1.441E+04  1.284E+04  1.425E+04  1.179E+04  2.008E+04
  1.410E+04  1.500E+04  1.689E+04  1.818E+04  2.312E+04  1.881E+04  3.478E+04  2.677E+04  1.149E+04  2.134E+04
  2.140E+04  1.503E+04  1.659E+04  2.850E+04  1.857E+04  1.566E+04  2.759E+04  1.749E+04  1.969E+04  1.326E+04
  1.511E+04  1.412E+04  1.824E+04  1.309E+04  1.614E+04  1.345E+04  1.262E+04  1.477E+04  1.091E+04  2.435E+04
  1.756E+04  1.311E+04  1.406E+04  1.237E+04  1.477E+04  1.346E+04  1.735E+04  6.793E+03  1.445E+04  1.012E+04
  9.002E+03  6.781E+03  9.993E+03  1.323E+04  1.057E+04  7.077E+03  1.761E+04  1.231E+04  9.811E+03  7.312E+03
  1.206E+04  1.521E+04  1.050E+04  1.476E+04  1.056E+04  1.600E+04  1.116E+04  2.131E+04  1.229E+04  1.565E+04
  9.993E+03  1.681E+04  1.606E+04  1.805E+04  1.344E+04  1.128E+04  1.871E+04  1.254E+04  1.321E+04  1.487E+04
  1.823E+04  2.167E+04  2.031E+04  1.481E+04  1.913E+04  1.621E+04  2.008E+04  1.392E+04  2.402E+04  1.741E+04
  1.165E+04  2.128E+04  1.900E+04  1.956E+04  1.934E+04  1.462E+04  1.400E+04  1.086E+04  1.251E+04  2.092E+04
  1.441E+04  1.761E+04  9.192E+03  1.378E+04  1.552E+04  6.663E+03  1.466E+04  7.123E+03  1.551E+04  1.129E+04
  9.838E+03  1.770E+04  2.139E+04  3.400E+03  1.006E+04  4.985E+03  1.184E+04  8.541E+03  8.353E+03  1.264E+04
  2.797E+03  1.777E+04  1.079E+04  4.701E+03  1.276E+04  1.094E+04  1.189E+04  1.092E+04  1.331E+04  6.951E+03
  8.995E+03  9.717E+03  1.039E+04  7.046E+03  1.815E+04  1.322E+04  1.634E+04  1.293E+04  1.398E+04  1.700E+04
  1.549E+04  1.360E+04  4.962E+03  4.470E+03  1.837E+04  1.604E+04  1.542E+04  2.185E+04  1.355E+04  1.108E+04
  8.380E+03  1.642E+04  2.012E+04  2.162E+04  1.366E+04  1.584E+04  1.251E+04  1.382E+04  2.087E+04  1.153E+04
  1.088E+04  1.365E+04  1.309E+04  1.518E+04  1.863E+04  5.455E+03  1.203E+04  9.724E+03  1.188E+04  1.018E+04
  9.247E+03  1.020E+04  9.142E+03  1.607E+04  7.112E+03  1.372E+04  7.736E+03  1.025E+04  1.917E+04  1.340E+04
  7.507E+03  4.096E+03  7.136E+03  8.604E+03  6.105E+03  5.234E+03  7.175E+03  1.002E+04  1.120E+04  1.303E+04
  6.948E+03  1.476E+04  9.115E+03  1.036E+04  7.761E+03  6.684E+03  9.805E+03  8.268E+03  1.272E+04  7.848E+03
  5.472E+03  1.575E+04  1.204E+04  1.168E+04  1.572E+04  1.454E+04  1.250E+04  1.515E+04  8.746E+03  7.846E+03
  1.202E+04  2.002E+04  1.386E+04  1.551E+04  2.437E+04  1.180E+04  1.843E+04  1.602E+04  1.862E+04  1.827E+04
  2.492E+04  1.810E+04  1.236E+04  9.572E+03  1.223E+04  5.925E+03  2.302E+04  8.515E+03  1.528E+04  1.591E+04
  1.552E+04  1.804E+04  1.669E+04  8.296E+03  1.568E+04  1.426E+04  6.819E+03  1.125E+04  2.073E+04  7.996E+03
  8.107E+03  1.086E+04  8.939E+03  8.114E+03  4.972E+03  8.751E+03  8.368E+03  3.820E+03  5.433E+03  9.422E+03
  5.119E+03  7.339E+03  5.613E+03  7.154E+03  1.379E+04  6.803E+03  7.296E+03  6.181E+03  1.314E+04  1.336E+04
  8.213E+03  1.080E+04  8.072E+03  8.266E+03  1.299E+04  1.013E+04  1.271E+04  1.025E+04  1.405E+04  6.294E+03
  1.336E+04  1.167E+04  8.137E+03  2.104E+04  1.617E+04  1.431E+04  7.782E+03  7.741E+03  1.085E+04  1.157E+04
  2.005E+04  1.780E+04  9.155E+03  1.141E+04  1.503E+04  2.311E+04  5.705E+03  1.560E+04  1.616E+04  1.413E+04
  6.413E+03  1.353E+04  9.950E+03  9.520E+03  1.794E+04  1.578E+04  1.807E+04  1.208E+04  1.546E+04  1.269E+04
  6.723E+03  8.061E+03  8.472E+03  1.553E+04  1.014E+04  1.131E+04  9.063E+03  5.622E+03  6.728E+03  9.329E+03
  9.055E+03  1.053E+04  8.499E+03  8.761E+03  8.558E+03  9.926E+03  6.313E+03  9.796E+03  5.543E+03  9.339E+03
  1.404E+04  9.339E+03  1.401E+04  8.020E+03  1.070E+04  1.316E+04  4.141E+03  6.156E+03  3.100E+03  1.275E+04
  4.528E+03  1.172E+04  1.270E+04  6.783E+03  1.080E+04  1.413E+04  1.297E+04  1.932E+04  4.644E+03  9.592E+03
  1.579E+04  1.859E+04  1.290E+04  1.583E+04  1.848E+04  1.219E+04  1.002E+04  2.211E+04  7.563E+03  1.913E+04
  1.075E+04  1.532E+04  1.904E+04  8.805E+03  6.936E+03  1.284E+04  1.103E+04  1.351E+04  1.190E+04  1.525E+04
  8.246E+03  1.679E+04  1.487E+04  1.419E+04  9.107E+03  1.451E+04  5.003E+03  2.702E+03  7.726E+03  1.496E+04
  1.091E+04  1.218E+04  4.958E+03  8.341E+03  6.723E+03  9.470E+03  1.135E+04  1.266E+04  7.224E+03  1.024E+04
  9.822E+03  5.583E+03  8.452E+03  1.052E+04  3.584E+03  8.920E+03  5.264E+03  3.340E+03  7.392E+03  1.018E+04
  1.221E+04  1.112E+04  1.344E+04  1.391E+04  1.197E+04  7.089E+03  1.039E+04  7.584E+03  1.082E+04  1.426E+04
  8.679E+03  1.422E+04  6.024E+03  2.756E+04  1.339E+04  1.203E+04  8.940E+03  1.022E+04  1.113E+04  1.669E+04
  1.917E+04  1.002E+04  1.816E+04  8.599E+03  1.647E+04  1.461E+04  2.368E+04  1.161E+04  8.170E+03  7.308E+03
  4.125E+03  2.089E+04  1.406E+04  1.161E+04  1.269E+04  1.250E+04  1.081E+04  6.094E+03  2.855E+04  1.822E+04
  1.211E+04  1.622E+04  1.016E+04  4.055E+03  1.080E+04  1.534E+04  7.613E+03  5.775E+03  1.335E+04  5.418E+03
  1.199E+04  8.697E+03  8.565E+03  7.124E+03  1.006E+04  7.138E+03  8.330E+03  4.915E+03  1.448E+04  8.187E+03
  8.907E+03  1.238E+04  7.985E+03  1.115E+04  7.258E+03  6.394E+03  5.794E+03  9.621E+03  8.530E+03  5.485E+03
  1.255E+04  8.193E+03  4.773E+03  1.104E+04  7.586E+03  7.819E+03  5.085E+03  1.447E+04  1.189E+04  1.256E+04
  1.181E+04  1.040E+04  6.645E+03  8.823E+03  6.001E+03  3.213E+03  1.058E+04  1.041E+04  1.540E+04  1.026E+04
  1.058E+04  1.762E+04  1.280E+04  1.972E+04  1.057E+04  8.964E+03  1.800E+04  7.162E+03  9.862E+03  6.757E+03
  7.962E+03  1.155E+04  5.969E+03  1.141E+04  1.285E+04  1.246E+04  1.159E+04  7.058E+03  5.068E+03  1.044E+04
  7.518E+03  9.661E+03  1.444E+04  5.729E+03  7.970E+03  5.726E+03  3.995E+03  9.454E+03  1.699E+04  8.541E+03
  1.541E+04  1.639E+04  8.639E+03  7.040E+03  9.264E+03  1.109E+04  1.138E+04  9.260E+03  4.876E+03  5.765E+03
  4.224E+03  8.897E+03  8.864E+03  8.856E+03  5.518E+03  5.286E+03  4.342E+03  7.090E+03  5.810E+03  3.948E+03
  7.505E+03  3.823E+03  8.449E+03  4.306E+03  9.199E+03  1.077E+04  1.139E+04  1.668E+04  1.232E+04  5.338E+03
  9.799E+03  9.726E+03  5.280E+03  1.218E+04  8.404E+03  7.984E+03  7.778E+03  8.653E+03  1.676E+04  6.183E+03
  6.846E+03  6.325E+03  1.311E+04  9.317E+03  1.316E+04  1.987E+04  1.169E+04  9.707E+03  2.421E+04  4.602E+03
  1.674E+04  9.784E+03  1.244E+04  9.628E+03  1.641E+04  1.012E+04  5.570E+03  7.152E+03  6.374E+03  1.616E+04
  9.495E+03  1.097E+04  5.284E+03  1.063E+04  9.671E+03  8.041E+03  5.455E+03  1.066E+04  1.372E+04  1.019E+04
  6.739E+03  9.991E+03  1.190E+04  9.254E+03  8.945E+03  9.884E+03  2.667E+03  3.264E+03  6.276E+03  8.502E+03
  6.122E+03  6.517E+03  9.909E+03  7.931E+03  7.510E+03  2.239E+03  1.139E+04  1.133E+04  1.073E+04  1.550E+04
  5.737E+03  4.207E+03  1.222E+04  1.183E+04  8.939E+03  6.987E+03  3.846E+03  1.034E+04  3.346E+03  9.506E+03
  1.465E+04  4.138E+03  7.449E+03  1.092E+04  1.032E+04  1.871E+04  1.615E+04  9.573E+03  6.715E+03  8.271E+03
  1.708E+04  1.281E+04  1.739E+04  1.105E+04  9.642E+03  1.111E+04  1.156E+04  1.671E+04  1.090E+04  5.851E+03
  7.438E+03  7.365E+03  9.260E+03  9.757E+03  9.652E+03  7.082E+03  1.328E+04  1.284E+04  8.598E+03  2.148E+03
  5.475E+03  9.695E+03  4.811E+03  7.765E+03  8.042E+03  9.054E+03  9.751E+03  7.228E+03  3.983E+03  1.067E+04
  1.102E+04  7.916E+03  9.544E+03  2.016E+03  9.467E+03  7.779E+03  9.327E+03  7.409E+02  4.545E+03  8.176E+03
  3.743E+03  5.682E+03  4.495E+03  7.892E+03  6.609E+03  1.611E+03  7.781E+03  1.057E+04  9.488E+03  8.845E+03
  5.154E+03  8.619E+03  8.555E+03  2.452E+03  6.452E+03  8.363E+03  9.555E+03  1.006E+04  1.436E+04  1.850E+04
  1.144E+04  1.047E+04  1.155E+04  1.047E+04  8.657E+03  7.909E+03  1.186E+04  1.670E+04  7.146E+03  3.911E+03
  1.225E+04  1.528E+04  1.431E+04  6.419E+03  1.081E+04  3.423E+03  4.860E+03  7.905E+03  1.065E+04  4.519E+03
  1.349E+04  7.571E+03  1.450E+04  5.578E+03  6.846E+03  1.187E+04  5.027E+03  1.150E+04  5.393E+03  5.171E+03
  1.439E+04  4.547E+03  7.508E+03  7.462E+03  1.181E+04  8.688E+03  6.364E+03  6.166E+03  8.387E+03  4.124E+03
  5.876E+03  5.662E+03  2.118E+03  3.080E+03  9.009E+03  3.910E+03  6.444E+03  3.299E+03  8.526E+03  6.089E+03
  9.272E+03  3.118E+03  7.864E+03  1.099E+04  7.243E+03  8.160E+03  5.222E+03  9.808E+03  6.169E+03  1.147E+04
  6.138E+03  3.267E+03  7.772E+03  1.288E+04  1.998E+04  1.752E+04  1.338E+04  4.491E+03  6.260E+03  8.204E+03
  5.943E+03  6.903E+03  1.048E+04  1.318E+04  1.266E+04  5.552E+03  1.543E+04  8.979E+03  6.754E+03  6.619E+03
  1.062E+04  5.873E+03  8.109E+03  1.051E+04  1.263E+04  1.218E+04  1.226E+04  1.002E+04  2.593E+03  1.808E+04
  4.138E+03  7.628E+03  7.616E+03  1.018E+04  3.470E+03  1.038E+04  8.896E+03  1.240E+04  1.287E+04  8.361E+03
  5.314E+03  4.700E+03  1.294E+04  6.387E+03  7.541E+03  4.837E+03  4.232E+03  1.096E+04  1.080E+04  8.375E+03
  7.826E+03  1.497E+03  5.206E+03  5.812E+03  2.293E+03  5.079E+03  8.944E+03  5.398E+03  1.219E+04  4.128E+03
  7.685E+03  6.911E+03  4.867E+03  9.186E+03  1.738E+04  1.195E+04  1.094E+04  7.746E+03  1.170E+04  8.059E+03
  7.316E+03  1.063E+04  1.723E+04  9.318E+03  6.515E+03  7.619E+03  6.753E+03  9.927E+03  1.228E+04  9.680E+03
  1.684E+04  1.107E+04  9.267E+03  1.563E+04  6.822E+03  1.084E+04  9.743E+03  1.334E+04  5.422E+03  4.850E+03
  6.413E+03  1.202E+04  5.238E+03  6.272E+03  9.048E+03  7.693E+03  1.155E+04  6.417E+03  5.446E+03  5.647E+03
  4.650E+03  6.076E+03  1.011E+04  1.358E+04  1.133E+04  7.203E+03  3.497E+03  3.559E+03  7.794E+03  1.900E+03
  3.925E+03  1.242E+04  3.516E+03  8.387E+03  6.615E+03  1.424E+04  5.587E+03  1.278E+04  6.029E+03  9.529E+03
  1.434E+04  2.928E+03  5.400E+03  5.605E+03  8.931E+03  3.842E+03  7.885E+03  7.076E+03  9.979E+03  6.917E+03
  8.505E+03  6.209E+03  1.427E+04  1.222E+04  8.188E+03  9.060E+03  8.336E+03  6.534E+03  7.593E+03  8.845E+03
  9.576E+03  6.189E+03  4.580E+03  1.088E+04  9.794E+03  5.097E+03  1.737E+04  1.963E+04  1.697E+04  5.670E+03
  2.115E+03  1.246E+04  5.385E+03  4.127E+03  1.490E+04  8.838E+03  5.435E+03  7.144E+03  6.367E+03  2.678E+03
  8.191E+03  7.757E+03  8.811E+03  7.225E+03  2.753E+03  9.974E+03  7.592E+03  9.130E+03  1.173E+04  4.426E+03
  6.992E+03  8.805E+03  1.269E+04  7.864E+03  5.217E+03  4.822E+03  6.746E+03  6.593E+03  8.956E+03  9.005E+03
  8.507E+03  6.677E+03  8.547E+03  1.149E+04  6.143E+03  6.371E+03  9.212E+03  1.012E+04  1.126E+04  5.401E+03
  5.894E+03  5.033E+03  4.348E+03  6.906E+03  1.167E+04  3.293E+03  3.973E+03  7.007E+03  9.933E+03  7.095E+03
  7.309E+03  4.113E+03  1.012E+04  6.154E+03  3.172E+03  6.546E+03  1.068E+04  6.682E+03  1.009E+04  8.294E+03
  7.411E+03  1.621E+04  1.301E+04  8.036E+03  4.105E+03  9.687E+03  1.091E+04  1.128E+04  5.420E+03  5.298E+03
  5.908E+03  1.331E+04  5.502E+03  5.099E+03  6.665E+03  3.278E+03  5.708E+03  6.799E+03  4.736E+03  5.939E+03
  8.464E+03  8.222E+03  4.423E+03  7.696E+03  6.167E+03  9.701E+03  5.469E+03  7.769E+03  2.346E+03  7.982E+03
  9.871E+03  4.096E+03  6.203E+03  5.319E+03  5.062E+03  7.610E+03  1.364E+04  4.830E+03  4.251E+03  4.882E+03
  7.770E+03  3.881E+03  5.791E+03  7.212E+03  5.155E+03  2.560E+03  5.363E+03  4.291E+03  7.295E+03  4.470E+03
  6.882E+03  6.463E+03  6.007E+03  1.098E+04  7.201E+03  1.385E+04  9.730E+03  6.792E+03  5.617E+03  1.126E+04
  2.068E+03  5.030E+03  1.046E+04  4.825E+03  4.128E+03  1.546E+04  9.705E+03  9.252E+03  1.137E+04  1.400E+04
  1.130E+04  5.747E+03  4.167E+03  1.074E+04  1.739E+04  5.666E+03  1.425E+04  1.030E+04  7.294E+03  4.352E+03
  6.677E+03  8.211E+03  8.399E+03  6.457E+03  6.565E+03  4.850E+03  5.234E+03  1.309E+04  9.374E+03  5.267E+03
  9.909E+03  6.114E+03  5.188E+03  7.769E+03  6.786E+03  8.360E+03  5.971E+03  5.242E+03  6.763E+03  5.608E+03
  5.914E+03  3.959E+03  1.321E+04  8.078E+03  8.630E+03  2.572E+03  1.153E+04  4.853E+03  1.011E+03  3.655E+03
  2.054E+03  5.062E+03  7.423E+03  3.149E+03  6.562E+03  3.530E+03  5.650E+03  1.111E+04  6.029E+03  9.290E+03
  8.149E+03  2.403E+03  1.091E+04  7.626E+03  1.253E+04  4.091E+03  5.390E+03  1.172E+04  7.231E+03  6.142E+03
  5.630E+03  6.962E+03  1.499E+04  3.874E+03  9.830E+03  1.070E+04  1.476E+04  8.878E+03  8.638E+03  2.368E+03
  4.399E+03  4.452E+03  7.518E+03  5.349E+03  9.013E+03  5.100E+03  2.900E+03  1.579E+04  7.198E+03  9.138E+03
  8.206E+03  4.910E+03  5.518E+03  1.035E+04  6.616E+03  9.071E+03  7.995E+03  3.441E+03  3.490E+03  1.146E+03
  5.582E+03  7.018E+03  1.401E+04  1.360E+04  3.405E+03  4.484E+03  6.069E+03  9.475E+03  4.315E+03  4.983E+03
  6.037E+03  5.014E+03  2.293E+03  6.323E+03  5.220E+03  4.680E+03  2.526E+03  4.909E+03  4.872E+03  2.624E+03
  1.809E+03  5.496E+03  6.007E+03  5.569E+03  1.075E+04  4.014E+03  8.007E+03  7.680E+03  8.323E+03  7.680E+03
  4.696E+03  7.252E+03  5.083E+03  1.086E+04  1.142E+04  1.164E+04  6.937E+03  5.224E+03  5.913E+03  9.043E+03
  6.152E+03  2.746E+03  3.856E+03  8.949E+03  5.845E+03  8.496E+03  1.137E+04  6.773E+03  8.535E+03  8.927E+03
  1.585E+04  7.119E+03  1.977E+03  6.083E+03  5.074E+03  8.056E+03  5.300E+03  1.140E+04  1.035E+04  2.200E+03
  3.098E+03  5.635E+03  1.013E+04  8.655E+03  4.338E+03  4.453E+03  3.682E+03  6.119E+03  5.047E+03  1.263E+04
  7.088E+03  3.176E+03  6.902E+03  7.815E+03  8.267E+03  6.815E+03  3.859E+03  5.237E+03  3.429E+03  4.717E+03

#------------------------------------------------------------------------------
# gshow
#------------------------------------------------------------------------------

p: legs[c5*0.875]

hb:   line clip z  
frame:
 -9.9999756E+00 -1.4999930E+01
  1.0100024E+01 -1.4999930E+01
  1.0100024E+01  1.5000070E+01
 -9.9999756E+00  1.5000070E+01
clip:
 -1.02955634E+01 -1.52969593E+01
 -9.50000000E+00 -1.52969593E+01
 -9.50000000E+00 -1.51207039E+01
 -9.50000000E+00 -1.49910187E+01
 -9.50000000E+00 -1.48147633E+01
 -9.50000000E+00 -1.46850781E+01
 -9.50000000E+00 -1.45088227E+01
 -9.50000000E+00 -1.43791376E+01
 -9.50000000E+00 -1.42028821E+01
 -9.50000000E+00 -1.40731970E+01
 -9.50000000E+00 -1.38969415E+01
 -9.50000000E+00 -1.37672564E+01
 -9.50000000E+00 -1.35910009E+01
 -9.50000000E+00 -1.34613158E+01
 -9.50000000E+00 -1.32850603E+01
 -9.50000000E+00 -1.31553752E+01
 -9.50000000E+00 -1.29791197E+01
 -9.50000000E+00 -1.28494346E+01
 -9.50000000E+00 -1.26731791E+01
 -9.50000000E+00 -1.25434940E+01
 -9.50000000E+00 -1.23672385E+01
 -9.50000000E+00 -1.22375534E+01
 -9.50000000E+00 -1.20612979E+01
 -9.50000000E+00 -1.19316128E+01
 -9.50000000E+00 -1.17553573E+01
 -9.50000000E+00 -1.16256722E+01
 -9.50000000E+00 -1.14494167E+01
 -9.50000000E+00 -1.13197316E+01
 -9.50000000E+00 -1.11434761E+01
 -9.50000000E+00 -1.10137910E+01
 -9.50000000E+00 -1.08375355E+01
 -9.50000000E+00 -1.07078504E+01
 -9.50000000E+00 -1.05315949E+01
 -9.50000000E+00 -1.04019098E+01
 -9.50000000E+00 -1.02256544E+01
 -9.50000000E+00 -1.00959692E+01
 -9.50000000E+00 -9.91971376E+00
 -9.50000000E+00 -9.79002864E+00
 -9.50000000E+00 -9.61377317E+00
 -9.50000000E+00 -9.48408805E+00
 -9.50000000E+00 -9.30783257E+00
 -9.50000000E+00 -9.17814745E+00
 -9.50000000E+00 -9.00189198E+00
 -9.50000000E+00 -8.87220686E+00
 -9.50000000E+00 -8.69595138E+00
 -9.50000000E+00 -8.56626626E+00
 -9.50000000E+00 -8.39001079E+00
 -9.50000000E+00 -8.26032567E+00
 -9.50000000E+00 -8.08407020E+00
 -9.50000000E+00 -7.95438508E+00
 -9.50000000E+00 -7.77812960E+00
 -9.50000000E+00 -7.64844448E+00
 -9.50000000E+00 -7.47218901E+00
 -9.50000000E+00 -7.34250389E+00
 -9.50000000E+00 -7.16624841E+00
 -9.50000000E+00 -7.03656329E+00
 -9.50000000E+00 -6.86030782E+00
 -9.50000000E+00 -6.73062270E+00
 -9.50000000E+00 -6.55436723E+00
 -9.50000000E+00 -6.42468210E+00
 -9.50000000E+00 -6.24842663E+00
 -9.50000000E+00 -6.11874151E+00
 -9.50000000E+00 -5.94248604E+00
 -9.50000000E+00 -5.81280092E+00
 -9.50000000E+00 -5.63654544E+00
 -9.50000000E+00 -5.50686032E+00
 -9.50000000E+00 -5.33060485E+00
 -9.50000000E+00 -5.20091973E+00
 -9.50000000E+00 -5.02466426E+00
 -9.50000000E+00 -4.89497913E+00
 -9.50000000E+00 -4.71872366E+00
 -9.50000000E+00 -4.58903854E+00
 -9.50000000E+00 -4.41278307E+00
 -9.50000000E+00 -4.28309795E+00
 -9.50000000E+00 -4.10684247E+00
 -9.50000000E+00 -3.97715735E+00
 -9.50000000E+00 -3.80090188E+00
 -9.50000000E+00 -3.67121676E+00
 -9.50000000E+00 -3.49496128E+00
 -9.50000000E+00 -3.36527616E+00
 -9.50000000E+00 -3.18902069E+00
 -9.50000000E+00 -3.05933557E+00
 -9.50000000E+00 -2.88308010E+00
 -9.50000000E+00 -2.75339498E+00
 -9.50000000E+00 -2.57713950E+00
 -9.50000000E+00 -2.44745438E+00
 -9.50000000E+00 -2.27119891E+00
 -9.50000000E+00 -2.14151379E+00
 -9.50000000E+00 -1.96525831E+00
 -9.50000000E+00 -1.83557319E+00
 -9.50000000E+00 -1.65931772E+00
 -9.50000000E+00 -1.52963260E+00
 -9.50000000E+00 -1.35337713E+00
 -9.50000000E+00 -1.22369201E+00
 -9.50000000E+00 -1.04743653E+00
 -9.50000000E+00 -9.17751412E-01
 -9.50000000E+00 -7.41495938E-01
 -9.50000000E+00 -6.11810818E-01
 -9.50000000E+00 -4.35555344E-01
 -9.50000000E+00 -3.05870224E-01
 -9.50000000E+00 -1.29614750E-01
 -9.50000000E+00  7.03703670E-05
 -9.50000000E+00  1.76325844E-01
 -9.50000000E+00  3.06010964E-01
 -9.50000000E+00  4.82266438E-01
 -9.50000000E+00  6.11951558E-01
 -9.50000000E+00  7.88207032E-01
 -9.50000000E+00  9.17892153E-01
 -9.50000000E+00  1.09414763E+00
 -9.50000000E+00  1.22383275E+00
 -9.50000000E+00  1.40008822E+00
 -9.50000000E+00  1.52977334E+00
 -9.50000000E+00  1.70602881E+00
 -9.50000000E+00  1.83571393E+00
 -9.50000000E+00  2.01196941E+00
 -9.50000000E+00  2.14165453E+00
 -9.50000000E+00  2.31791000E+00
 -9.50000000E+00  2.44759512E+00
 -9.50000000E+00  2.62385060E+00
 -9.50000000E+00  2.75353572E+00
 -9.50000000E+00  2.92979119E+00
 -9.50000000E+00  3.05947631E+00
 -9.50000000E+00  3.23573178E+00
 -9.50000000E+00  3.36541691E+00
 -9.50000000E+00  3.54167238E+00
 -9.50000000E+00  3.67135750E+00
 -9.50000000E+00  3.84761297E+00
 -9.50000000E+00  3.97729809E+00
 -9.50000000E+00  4.15355357E+00
 -9.50000000E+00  4.28323869E+00
 -9.50000000E+00  4.45949416E+00
 -9.50000000E+00  4.58917928E+00
 -9.50000000E+00  4.76543475E+00
 -9.50000000E+00  4.89511988E+00
 -9.50000000E+00  5.07137535E+00
 -9.50000000E+00  5.20106047E+00
 -9.50000000E+00  5.37731594E+00
 -9.50000000E+00  5.50700106E+00
 -9.50000000E+00  5.68325654E+00
 -9.50000000E+00  5.81294166E+00
 -9.50000000E+00  5.98919713E+00
 -9.50000000E+00  6.11888225E+00
 -9.50000000E+00  6.29513772E+00
 -9.50000000E+00  6.42482285E+00
 -9.50000000E+00  6.60107832E+00
 -9.50000000E+00  6.73076344E+00
 -9.50000000E+00  6.90701891E+00
 -9.50000000E+00  7.03670403E+00
 -9.50000000E+00  7.21295951E+00
 -9.50000000E+00  7.34264463E+00
 -9.50000000E+00  7.51890010E+00
 -9.50000000E+00  7.64858522E+00
 -9.50000000E+00  7.82484070E+00
 -9.50000000E+00  7.95452582E+00
 -9.50000000E+00  8.13078129E+00
 -9.50000000E+00  8.26046641E+00
 -9.50000000E+00  8.43672188E+00
 -9.50000000E+00  8.56640700E+00
 -9.50000000E+00  8.74266248E+00
 -9.50000000E+00  8.87234760E+00
 -9.50000000E+00  9.04860307E+00
 -9.50000000E+00  9.17828819E+00
 -9.50000000E+00  9.35454367E+00
 -9.50000000E+00  9.48422879E+00
 -9.50000000E+00  9.66048426E+00
 -9.50000000E+00  9.79016938E+00
 -9.50000000E+00  9.96642485E+00
 -9.50000000E+00  1.00961100E+01
 -9.50000000E+00  1.02723654E+01
 -9.50000000E+00  1.04020506E+01
 -9.50000000E+00  1.05783060E+01
 -9.50000000E+00  1.07079912E+01
 -9.50000000E+00  1.08842466E+01
 -9.50000000E+00  1.10139318E+01
 -9.50000000E+00  1.11901872E+01
 -9.50000000E+00  1.13198724E+01
 -9.50000000E+00  1.14961278E+01
 -9.50000000E+00  1.16258129E+01
 -9.50000000E+00  1.18020684E+01
 -9.50000000E+00  1.19317535E+01
 -9.50000000E+00  1.21080090E+01
 -9.50000000E+00  1.22376941E+01
 -9.50000000E+00  1.24139496E+01
 -9.50000000E+00  1.25436347E+01
 -9.50000000E+00  1.27198902E+01
 -9.50000000E+00  1.28495753E+01
 -9.50000000E+00  1.30258308E+01
 -9.50000000E+00  1.31555159E+01
 -9.50000000E+00  1.33317714E+01
 -9.50000000E+00  1.34614565E+01
 -9.50000000E+00  1.36377120E+01
 -9.50000000E+00  1.37673971E+01
 -9.50000000E+00  1.39436526E+01
 -9.50000000E+00  1.40733377E+01
 -9.50000000E+00  1.42495932E+01
 -9.50000000E+00  1.43792783E+01
 -9.50000000E+00  1.45555338E+01
 -9.50000000E+00  1.46852189E+01
 -9.50000000E+00  1.48614744E+01
 -9.50000000E+00  1.49911595E+01
 -9.50000000E+00  1.51674150E+01
 -9.50000000E+00  1.52971001E+01
 -9.67791636E+00  1.52971001E+01
 -9.98673989E+00  1.52971001E+01
 -1.02955634E+01  1.52971001E+01
 -1.02955634E+01  1.49911595E+01
 -1.02955634E+01  1.46852189E+01
 -1.02955634E+01  1.43792783E+01
 -1.02955634E+01  1.40733377E+01
 -1.02955634E+01  1.37673971E+01
 -1.02955634E+01  1.34614565E+01
 -1.02955634E+01  1.31555159E+01
 -1.02955634E+01  1.28495753E+01
 -1.02955634E+01  1.25436347E+01
 -1.02955634E+01  1.22376941E+01
 -1.02955634E+01  1.19317535E+01
 -1.02955634E+01  1.16258129E+01
 -1.02955634E+01  1.13198724E+01
 -1.02955634E+01  1.10139318E+01
 -1.02955634E+01  1.07079912E+01
 -1.02955634E+01  1.04020506E+01
 -1.02955634E+01  1.00961100E+01
 -1.02955634E+01  9.79016938E+00
 -1.02955634E+01  9.48422879E+00
 -1.02955634E+01  9.17828819E+00
 -1.02955634E+01  8.87234760E+00
 -1.02955634E+01  8.56640700E+00
 -1.02955634E+01  8.26046641E+00
 -1.02955634E+01  7.95452582E+00
 -1.02955634E+01  7.64858522E+00
 -1.02955634E+01  7.34264463E+00
 -1.02955634E+01  7.03670403E+00
 -1.02955634E+01  6.73076344E+00
 -1.02955634E+01  6.42482285E+00
 -1.02955634E+01  6.11888225E+00
 -1.02955634E+01  5.81294166E+00
 -1.02955634E+01  5.50700106E+00
 -1.02955634E+01  5.20106047E+00
 -1.02955634E+01  4.89511988E+00
 -1.02955634E+01  4.58917928E+00
 -1.02955634E+01  4.28323869E+00
 -1.02955634E+01  3.97729809E+00
 -1.02955634E+01  3.67135750E+00
 -1.02955634E+01  3.36541691E+00
 -1.02955634E+01  3.05947631E+00
 -1.02955634E+01  2.75353572E+00
 -1.02955634E+01  2.44759512E+00
 -1.02955634E+01  2.14165453E+00
 -1.02955634E+01  1.83571393E+00
 -1.02955634E+01  1.52977334E+00
 -1.02955634E+01  1.22383275E+00
 -1.02955634E+01  9.17892153E-01
 -1.02955634E+01  6.11951558E-01
 -1.02955634E+01  3.06010964E-01
 -1.02955634E+01  7.03703670E-05
 -1.02955634E+01 -3.05870224E-01
 -1.02955634E+01 -6.11810818E-01
 -1.02955634E+01 -9.17751412E-01
 -1.02955634E+01 -1.22369201E+00
 -1.02955634E+01 -1.52963260E+00
 -1.02955634E+01 -1.83557319E+00
 -1.02955634E+01 -2.14151379E+00
 -1.02955634E+01 -2.44745438E+00
 -1.02955634E+01 -2.75339498E+00
 -1.02955634E+01 -3.05933557E+00
 -1.02955634E+01 -3.36527616E+00
 -1.02955634E+01 -3.67121676E+00
 -1.02955634E+01 -3.97715735E+00
 -1.02955634E+01 -4.28309795E+00
 -1.02955634E+01 -4.58903854E+00
 -1.02955634E+01 -4.89497913E+00
 -1.02955634E+01 -5.20091973E+00
 -1.02955634E+01 -5.50686032E+00
 -1.02955634E+01 -5.81280092E+00
 -1.02955634E+01 -6.11874151E+00
 -1.02955634E+01 -6.42468210E+00
 -1.02955634E+01 -6.73062270E+00
 -1.02955634E+01 -7.03656329E+00
 -1.02955634E+01 -7.34250389E+00
 -1.02955634E+01 -7.64844448E+00
 -1.02955634E+01 -7.95438508E+00
 -1.02955634E+01 -8.26032567E+00
 -1.02955634E+01 -8.56626626E+00
 -1.02955634E+01 -8.87220686E+00
 -1.02955634E+01 -9.17814745E+00
 -1.02955634E+01 -9.48408805E+00
 -1.02955634E+01 -9.79002864E+00
 -1.02955634E+01 -1.00959692E+01
 -1.02955634E+01 -1.04019098E+01
 -1.02955634E+01 -1.07078504E+01
 -1.02955634E+01 -1.10137910E+01
 -1.02955634E+01 -1.13197316E+01
 -1.02955634E+01 -1.16256722E+01
 -1.02955634E+01 -1.19316128E+01
 -1.02955634E+01 -1.22375534E+01
 -1.02955634E+01 -1.25434940E+01
 -1.02955634E+01 -1.28494346E+01
 -1.02955634E+01 -1.31553752E+01
 -1.02955634E+01 -1.34613158E+01
 -1.02955634E+01 -1.37672564E+01
 -1.02955634E+01 -1.40731970E+01
 -1.02955634E+01 -1.43791376E+01
 -1.02955634E+01 -1.46850781E+01
 -1.02955634E+01 -1.49910187E+01
 -1.02955634E+01 -1.52969593E+01

hb:   line clip z  
frame:
 -9.9999756E+00 -1.4999930E+01
  1.0100024E+01 -1.4999930E+01
  1.0100024E+01  1.5000070E+01
 -9.9999756E+00  1.5000070E+01
clip:
 -9.36909283E+00 -1.52969593E+01
  9.50000000E+00 -1.52969593E+01
  9.50000000E+00 -1.52663899E+01
  9.50000000E+00 -1.49910187E+01
  9.50000000E+00 -1.49604493E+01
  9.50000000E+00 -1.46850781E+01
  9.50000000E+00 -1.46545087E+01
  9.50000000E+00 -1.43791376E+01
  9.50000000E+00 -1.43485681E+01
  9.50000000E+00 -1.40731970E+01
  9.50000000E+00 -1.40426275E+01
  9.50000000E+00 -1.37672564E+01
  9.50000000E+00 -1.37366869E+01
  9.50000000E+00 -1.34613158E+01
  9.50000000E+00 -1.34307463E+01
  9.50000000E+00 -1.31553752E+01
  9.50000000E+00 -1.31248057E+01
  9.50000000E+00 -1.28494346E+01
  9.50000000E+00 -1.28188651E+01
  9.50000000E+00 -1.25434940E+01
  9.50000000E+00 -1.25129245E+01
  9.50000000E+00 -1.22375534E+01
  9.50000000E+00 -1.22069839E+01
  9.50000000E+00 -1.19316128E+01
  9.50000000E+00 -1.19010433E+01
  9.50000000E+00 -1.16256722E+01
  9.50000000E+00 -1.15951027E+01
  9.50000000E+00 -1.13197316E+01
  9.50000000E+00 -1.12891621E+01
  9.50000000E+00 -1.10137910E+01
  9.50000000E+00 -1.09832215E+01
  9.50000000E+00 -1.07078504E+01
  9.50000000E+00 -1.06772809E+01
  9.50000000E+00 -1.04019098E+01
  9.50000000E+00 -1.03713404E+01
  9.50000000E+00 -1.00959692E+01
  9.50000000E+00 -1.00653998E+01
  9.50000000E+00 -9.79002864E+00
  9.50000000E+00 -9.75945916E+00
  9.50000000E+00 -9.48408805E+00
  9.50000000E+00 -9.45351857E+00
  9.50000000E+00 -9.17814745E+00
  9.50000000E+00 -9.14757798E+00
  9.50000000E+00 -8.87220686E+00
  9.50000000E+00 -8.84163738E+00
  9.50000000E+00 -8.56626626E+00
  9.50000000E+00 -8.53569679E+00
  9.50000000E+00 -8.26032567E+00
  9.50000000E+00 -8.22975619E+00
  9.50000000E+00 -7.95438508E+00
  9.50000000E+00 -7.92381560E+00
  9.50000000E+00 -7.64844448E+00
  9.50000000E+00 -7.61787500E+00
  9.50000000E+00 -7.34250389E+00
  9.50000000E+00 -7.31193441E+00
  9.50000000E+00 -7.03656329E+00
  9.50000000E+00 -7.00599382E+00
  9.50000000E+00 -6.73062270E+00
  9.50000000E+00 -6.70005322E+00
  9.50000000E+00 -6.42468210E+00
  9.50000000E+00 -6.39411263E+00
  9.50000000E+00 -6.11874151E+00
  9.50000000E+00 -6.08817203E+00
  9.50000000E+00 -5.81280092E+00
  9.50000000E+00 -5.78223144E+00
  9.50000000E+00 -5.50686032E+00
  9.50000000E+00 -5.47629085E+00
  9.50000000E+00 -5.20091973E+00
  9.50000000E+00 -5.17035025E+00
  9.50000000E+00 -4.89497913E+00
  9.50000000E+00 -4.86440966E+00
  9.50000000E+00 -4.58903854E+00
  9.50000000E+00 -4.55846906E+00
  9.50000000E+00 -4.28309795E+00
  9.50000000E+00 -4.25252847E+00
  9.50000000E+00 -3.97715735E+00
  9.50000000E+00 -3.94658788E+00
  9.50000000E+00 -3.67121676E+00
  9.50000000E+00 -3.64064728E+00
  9.50000000E+00 -3.36527616E+00
  9.50000000E+00 -3.33470669E+00
  9.50000000E+00 -3.05933557E+00
  9.50000000E+00 -3.02876609E+00
  9.50000000E+00 -2.75339498E+00
  9.50000000E+00 -2.72282550E+00
  9.50000000E+00 -2.44745438E+00
  9.50000000E+00 -2.41688491E+00
  9.50000000E+00 -2.14151379E+00
  9.50000000E+00 -2.11094431E+00
  9.50000000E+00 -1.83557319E+00
  9.50000000E+00 -1.80500372E+00
  9.50000000E+00 -1.52963260E+00
  9.50000000E+00 -1.49906312E+00
  9.50000000E+00 -1.22369201E+00
  9.50000000E+00 -1.19312253E+00
  9.50000000E+00 -9.17751412E-01
  9.50000000E+00 -8.87181936E-01
  9.50000000E+00 -6.11810818E-01
  9.50000000E+00 -5.81241342E-01
  9.50000000E+00 -3.05870224E-01
  9.50000000E+00 -2.75300747E-01
  9.50000000E+00  7.03703670E-05
  9.50000000E+00  3.06398466E-02
  9.50000000E+00  3.06010964E-01
  9.50000000E+00  3.36580441E-01
  9.50000000E+00  6.11951558E-01
  9.50000000E+00  6.42521035E-01
  9.50000000E+00  9.17892153E-01
  9.50000000E+00  9.48461629E-01
  9.50000000E+00  1.22383275E+00
  9.50000000E+00  1.25440222E+00
  9.50000000E+00  1.52977334E+00
  9.50000000E+00  1.56034282E+00
  9.50000000E+00  1.83571393E+00
  9.50000000E+00  1.86628341E+00
  9.50000000E+00  2.14165453E+00
  9.50000000E+00  2.17222401E+00
  9.50000000E+00  2.44759512E+00
  9.50000000E+00  2.47816460E+00
  9.50000000E+00  2.75353572E+00
  9.50000000E+00  2.78410519E+00
  9.50000000E+00  3.05947631E+00
  9.50000000E+00  3.09004579E+00
  9.50000000E+00  3.36541691E+00
  9.50000000E+00  3.39598638E+00
  9.50000000E+00  3.67135750E+00
  9.50000000E+00  3.70192698E+00
  9.50000000E+00  3.97729809E+00
  9.50000000E+00  4.00786757E+00
  9.50000000E+00  4.28323869E+00
  9.50000000E+00  4.31380816E+00
  9.50000000E+00  4.58917928E+00
  9.50000000E+00  4.61974876E+00
  9.50000000E+00  4.89511988E+00
  9.50000000E+00  4.92568935E+00
  9.50000000E+00  5.20106047E+00
  9.50000000E+00  5.23162995E+00
  9.50000000E+00  5.50700106E+00
  9.50000000E+00  5.53757054E+00
  9.50000000E+00  5.81294166E+00
  9.50000000E+00  5.84351113E+00
  9.50000000E+00  6.11888225E+00
  9.50000000E+00  6.14945173E+00
  9.50000000E+00  6.42482285E+00
  9.50000000E+00  6.45539232E+00
  9.50000000E+00  6.73076344E+00
  9.50000000E+00  6.76133292E+00
  9.50000000E+00  7.03670403E+00
  9.50000000E+00  7.06727351E+00
  9.50000000E+00  7.34264463E+00
  9.50000000E+00  7.37321410E+00
  9.50000000E+00  7.64858522E+00
  9.50000000E+00  7.67915470E+00
  9.50000000E+00  7.95452582E+00
  9.50000000E+00  7.98509529E+00
  9.50000000E+00  8.26046641E+00
  9.50000000E+00  8.29103589E+00
  9.50000000E+00  8.56640700E+00
  9.50000000E+00  8.59697648E+00
  9.50000000E+00  8.87234760E+00
  9.50000000E+00  8.90291707E+00
  9.50000000E+00  9.17828819E+00
  9.50000000E+00  9.20885767E+00
  9.50000000E+00  9.48422879E+00
  9.50000000E+00  9.51479826E+00
  9.50000000E+00  9.79016938E+00
  9.50000000E+00  9.82073886E+00
  9.50000000E+00  1.00961100E+01
  9.50000000E+00  1.01266795E+01
  9.50000000E+00  1.04020506E+01
  9.50000000E+00  1.04326200E+01
  9.50000000E+00  1.07079912E+01
  9.50000000E+00  1.07385606E+01
  9.50000000E+00  1.10139318E+01
  9.50000000E+00  1.10445012E+01
  9.50000000E+00  1.13198724E+01
  9.50000000E+00  1.13504418E+01
  9.50000000E+00  1.16258129E+01
  9.50000000E+00  1.16563824E+01
  9.50000000E+00  1.19317535E+01
  9.50000000E+00  1.19623230E+01
  9.50000000E+00  1.22376941E+01
  9.50000000E+00  1.22682636E+01
  9.50000000E+00  1.25436347E+01
  9.50000000E+00  1.25742042E+01
  9.50000000E+00  1.28495753E+01
  9.50000000E+00  1.28801448E+01
  9.50000000E+00  1.31555159E+01
  9.50000000E+00  1.31860854E+01
  9.50000000E+00  1.34614565E+01
  9.50000000E+00  1.34920260E+01
  9.50000000E+00  1.37673971E+01
  9.50000000E+00  1.37979666E+01
  9.50000000E+00  1.40733377E+01
  9.50000000E+00  1.41039072E+01
  9.50000000E+00  1.43792783E+01
  9.50000000E+00  1.44098478E+01
  9.50000000E+00  1.46852189E+01
  9.50000000E+00  1.47157884E+01
  9.50000000E+00  1.49911595E+01
  9.50000000E+00  1.50217290E+01
  9.50000000E+00  1.52971001E+01
  9.46914246E+00  1.52971001E+01
  9.16031893E+00  1.52971001E+01
  8.85149540E+00  1.52971001E+01
  8.54267187E+00  1.52971001E+01
  8.23384834E+00  1.52971001E+01
  7.92502481E+00  1.52971001E+01
  7.61620129E+00  1.52971001E+01
  7.30737776E+00  1.52971001E+01
  6.99855423E+00  1.52971001E+01
  6.68973070E+00  1.52971001E+01
  6.38090717E+00  1.52971001E+01
  6.07208364E+00  1.52971001E+01
  5.76326011E+00  1.52971001E+01
  5.45443658E+00  1.52971001E+01
  5.14561305E+00  1.52971001E+01
  4.83678952E+00  1.52971001E+01
  4.52796599E+00  1.52971001E+01
  4.21914246E+00  1.52971001E+01
  3.91031893E+00  1.52971001E+01
  3.60149540E+00  1.52971001E+01
  3.29267187E+00  1.52971001E+01
  2.98384834E+00  1.52971001E+01
  2.67502481E+00  1.52971001E+01
  2.36620129E+00  1.52971001E+01
  2.05737776E+00  1.52971001E+01
  1.74855423E+00  1.52971001E+01
  1.43973070E+00  1.52971001E+01
  1.13090717E+00  1.52971001E+01
  8.22083638E-01  1.52971001E+01
  5.13260109E-01  1.52971001E+01
  2.04436580E-01  1.52971001E+01
 -1.04386950E-01  1.52971001E+01
 -4.13210479E-01  1.52971001E+01
 -7.22034009E-01  1.52971001E+01
 -1.03085754E+00  1.52971001E+01
 -1.33968107E+00  1.52971001E+01
 -1.64850460E+00  1.52971001E+01
 -1.95732813E+00  1.52971001E+01
 -2.26615166E+00  1.52971001E+01
 -2.57497519E+00  1.52971001E+01
 -2.88379871E+00  1.52971001E+01
 -3.19262224E+00  1.52971001E+01
 -3.50144577E+00  1.52971001E+01
 -3.81026930E+00  1.52971001E+01
 -4.11909283E+00  1.52971001E+01
 -4.42791636E+00  1.52971001E+01
 -4.73673989E+00  1.52971001E+01
 -5.04556342E+00  1.52971001E+01
 -5.35438695E+00  1.52971001E+01
 -5.66321048E+00  1.52971001E+01
 -5.97203401E+00  1.52971001E+01
 -6.28085754E+00  1.52971001E+01
 -6.58968107E+00  1.52971001E+01
 -6.89850460E+00  1.52971001E+01
 -7.20732813E+00  1.52971001E+01
 -7.51615166E+00  1.52971001E+01
 -7.82497519E+00  1.52971001E+01
 -8.13379871E+00  1.52971001E+01
 -8.44262224E+00  1.52971001E+01
 -8.75144577E+00  1.52971001E+01
 -9.06026930E+00  1.52971001E+01
 -9.36909283E+00  1.52971001E+01
 -9.50000000E+00  1.52971001E+01
 -9.50000000E+00  1.51674150E+01
 -9.50000000E+00  1.49911595E+01
 -9.50000000E+00  1.48614744E+01
 -9.50000000E+00  1.46852189E+01
 -9.50000000E+00  1.45555338E+01
 -9.50000000E+00  1.43792783E+01
 -9.50000000E+00  1.42495932E+01
 -9.50000000E+00  1.40733377E+01
 -9.50000000E+00  1.39436526E+01
 -9.50000000E+00  1.37673971E+01
 -9.50000000E+00  1.36377120E+01
 -9.50000000E+00  1.34614565E+01
 -9.50000000E+00  1.33317714E+01
 -9.50000000E+00  1.31555159E+01
 -9.50000000E+00  1.30258308E+01
 -9.50000000E+00  1.28495753E+01
 -9.50000000E+00  1.27198902E+01
 -9.50000000E+00  1.25436347E+01
 -9.50000000E+00  1.24139496E+01
 -9.50000000E+00  1.22376941E+01
 -9.50000000E+00  1.21080090E+01
 -9.50000000E+00  1.19317535E+01
 -9.50000000E+00  1.18020684E+01
 -9.50000000E+00  1.16258129E+01
 -9.50000000E+00  1.14961278E+01
 -9.50000000E+00  1.13198724E+01
 -9.50000000E+00  1.11901872E+01
 -9.50000000E+00  1.10139318E+01
 -9.50000000E+00  1.08842466E+01
 -9.50000000E+00  1.07079912E+01
 -9.50000000E+00  1.05783060E+01
 -9.50000000E+00  1.04020506E+01
 -9.50000000E+00  1.02723654E+01
 -9.50000000E+00  1.00961100E+01
 -9.50000000E+00  9.96642485E+00
 -9.50000000E+00  9.79016938E+00
 -9.50000000E+00  9.66048426E+00
 -9.50000000E+00  9.48422879E+00
 -9.50000000E+00  9.35454367E+00
 -9.50000000E+00  9.17828819E+00
 -9.50000000E+00  9.04860307E+00
 -9.50000000E+00  8.87234760E+00
 -9.50000000E+00  8.74266248E+00
 -9.50000000E+00  8.56640700E+00
 -9.50000000E+00  8.43672188E+00
 -9.50000000E+00  8.26046641E+00
 -9.50000000E+00  8.13078129E+00
 -9.50000000E+00  7.95452582E+00
 -9.50000000E+00  7.82484070E+00
 -9.50000000E+00  7.64858522E+00
 -9.50000000E+00  7.51890010E+00
 -9.50000000E+00  7.34264463E+00
 -9.50000000E+00  7.21295951E+00
 -9.50000000E+00  7.03670403E+00
 -9.50000000E+00  6.90701891E+00
 -9.50000000E+00  6.73076344E+00
 -9.50000000E+00  6.60107832E+00
 -9.50000000E+00  6.42482285E+00
 -9.50000000E+00  6.29513772E+00
 -9.50000000E+00  6.11888225E+00
 -9.50000000E+00  5.98919713E+00
 -9.50000000E+00  5.81294166E+00
 -9.50000000E+00  5.68325654E+00
 -9.50000000E+00  5.50700106E+00
 -9.50000000E+00  5.37731594E+00
 -9.50000000E+00  5.20106047E+00
 -9.50000000E+00  5.07137535E+00
 -9.50000000E+00  4.89511988E+00
 -9.50000000E+00  4.76543475E+00
 -9.50000000E+00  4.58917928E+00
 -9.50000000E+00  4.45949416E+00
 -9.50000000E+00  4.28323869E+00
 -9.50000000E+00  4.15355357E+00
 -9.50000000E+00  3.97729809E+00
 -9.50000000E+00  3.84761297E+00
 -9.50000000E+00  3.67135750E+00
 -9.50000000E+00  3.54167238E+00
 -9.50000000E+00  3.36541691E+00
 -9.50000000E+00  3.23573178E+00
 -9.50000000E+00  3.05947631E+00
 -9.50000000E+00  2.92979119E+00
 -9.50000000E+00  2.75353572E+00
 -9.50000000E+00  2.62385060E+00
 -9.50000000E+00  2.44759512E+00
 -9.50000000E+00  2.31791000E+00
 -9.50000000E+00  2.14165453E+00
 -9.50000000E+00  2.01196941E+00
 -9.50000000E+00  1.83571393E+00
 -9.50000000E+00  1.70602881E+00
 -9.50000000E+00  1.52977334E+00
 -9.50000000E+00  1.40008822E+00
 -9.50000000E+00  1.22383275E+00
 -9.50000000E+00  1.09414763E+00
 -9.50000000E+00  9.17892153E-01
 -9.50000000E+00  7.88207032E-01
 -9.50000000E+00  6.11951558E-01
 -9.50000000E+00  4.82266438E-01
 -9.50000000E+00  3.06010964E-01
 -9.50000000E+00  1.76325844E-01
 -9.50000000E+00  7.03703670E-05
 -9.50000000E+00 -1.29614750E-01
 -9.50000000E+00 -3.05870224E-01
 -9.50000000E+00 -4.35555344E-01
 -9.50000000E+00 -6.11810818E-01
 -9.50000000E+00 -7.41495938E-01
 -9.50000000E+00 -9.17751412E-01
 -9.50000000E+00 -1.04743653E+00
 -9.50000000E+00 -1.22369201E+00
 -9.50000000E+00 -1.35337713E+00
 -9.50000000E+00 -1.52963260E+00
 -9.50000000E+00 -1.65931772E+00
 -9.50000000E+00 -1.83557319E+00
 -9.50000000E+00 -1.96525831E+00
 -9.50000000E+00 -2.14151379E+00
 -9.50000000E+00 -2.27119891E+00
 -9.50000000E+00 -2.44745438E+00
 -9.50000000E+00 -2.57713950E+00
 -9.50000000E+00 -2.75339498E+00
 -9.50000000E+00 -2.88308010E+00
 -9.50000000E+00 -3.05933557E+00
 -9.50000000E+00 -3.18902069E+00
 -9.50000000E+00 -3.36527616E+00
 -9.50000000E+00 -3.49496128E+00
 -9.50000000E+00 -3.67121676E+00
 -9.50000000E+00 -3.80090188E+00
 -9.50000000E+00 -3.97715735E+00
 -9.50000000E+00 -4.10684247E+00
 -9.50000000E+00 -4.28309795E+00
 -9.50000000E+00 -4.41278307E+00
 -9.50000000E+00 -4.58903854E+00
 -9.50000000E+00 -4.71872366E+00
 -9.50000000E+00 -4.89497913E+00
 -9.50000000E+00 -5.02466426E+00
 -9.50000000E+00 -5.20091973E+00
 -9.50000000E+00 -5.33060485E+00
 -9.50000000E+00 -5.50686032E+00
 -9.50000000E+00 -5.63654544E+00
 -9.50000000E+00 -5.81280092E+00
 -9.50000000E+00 -5.94248604E+00
 -9.50000000E+00 -6.11874151E+00
 -9.50000000E+00 -6.24842663E+00
 -9.50000000E+00 -6.42468210E+00
 -9.50000000E+00 -6.55436723E+00
 -9.50000000E+00 -6.73062270E+00
 -9.50000000E+00 -6.86030782E+00
 -9.50000000E+00 -7.03656329E+00
 -9.50000000E+00 -7.16624841E+00
 -9.50000000E+00 -7.34250389E+00
 -9.50000000E+00 -7.47218901E+00
 -9.50000000E+00 -7.64844448E+00
 -9.50000000E+00 -7.77812960E+00
 -9.50000000E+00 -7.95438508E+00
 -9.50000000E+00 -8.08407020E+00
 -9.50000000E+00 -8.26032567E+00
 -9.50000000E+00 -8.39001079E+00
 -9.50000000E+00 -8.56626626E+00
 -9.50000000E+00 -8.69595138E+00
 -9.50000000E+00 -8.87220686E+00
 -9.50000000E+00 -9.00189198E+00
 -9.50000000E+00 -9.17814745E+00
 -9.50000000E+00 -9.30783257E+00
 -9.50000000E+00 -9.48408805E+00
 -9.50000000E+00 -9.61377317E+00
 -9.50000000E+00 -9.79002864E+00
 -9.50000000E+00 -9.91971376E+00
 -9.50000000E+00 -1.00959692E+01
 -9.50000000E+00 -1.02256544E+01
 -9.50000000E+00 -1.04019098E+01
 -9.50000000E+00 -1.05315949E+01
 -9.50000000E+00 -1.07078504E+01
 -9.50000000E+00 -1.08375355E+01
 -9.50000000E+00 -1.10137910E+01
 -9.50000000E+00 -1.11434761E+01
 -9.50000000E+00 -1.13197316E+01
 -9.50000000E+00 -1.14494167E+01
 -9.50000000E+00 -1.16256722E+01
 -9.50000000E+00 -1.17553573E+01
 -9.50000000E+00 -1.19316128E+01
 -9.50000000E+00 -1.20612979E+01
 -9.50000000E+00 -1.22375534E+01
 -9.50000000E+00 -1.23672385E+01
 -9.50000000E+00 -1.25434940E+01
 -9.50000000E+00 -1.26731791E+01
 -9.50000000E+00 -1.28494346E+01
 -9.50000000E+00 -1.29791197E+01
 -9.50000000E+00 -1.31553752E+01
 -9.50000000E+00 -1.32850603E+01
 -9.50000000E+00 -1.34613158E+01
 -9.50000000E+00 -1.35910009E+01
 -9.50000000E+00 -1.37672564E+01
 -9.50000000E+00 -1.38969415E+01
 -9.50000000E+00 -1.40731970E+01
 -9.50000000E+00 -1.42028821E+01
 -9.50000000E+00 -1.43791376E+01
 -9.50000000E+00 -1.45088227E+01
 -9.50000000E+00 -1.46850781E+01
 -9.50000000E+00 -1.48147633E+01
 -9.50000000E+00 -1.49910187E+01
 -9.50000000E+00 -1.51207039E+01
 -9.50000000E+00 -1.52969593E+01

hb:   line clip z  
frame:
 -9.9999756E+00 -1.4999930E+01
  1.0100024E+01 -1.4999930E+01
  1.0100024E+01  1.5000070E+01
 -9.9999756E+00  1.5000070E+01
clip:
  9.77796599E+00 -1.52969593E+01
  1.03956131E+01 -1.52969593E+01
  1.03956131E+01 -1.49910187E+01
  1.03956131E+01 -1.46850781E+01
  1.03956131E+01 -1.43791376E+01
  1.03956131E+01 -1.40731970E+01
  1.03956131E+01 -1.37672564E+01
  1.03956131E+01 -1.34613158E+01
  1.03956131E+01 -1.31553752E+01
  1.03956131E+01 -1.28494346E+01
  1.03956131E+01 -1.25434940E+01
  1.03956131E+01 -1.22375534E+01
  1.03956131E+01 -1.19316128E+01
  1.03956131E+01 -1.16256722E+01
  1.03956131E+01 -1.13197316E+01
  1.03956131E+01 -1.10137910E+01
  1.03956131E+01 -1.07078504E+01
  1.03956131E+01 -1.04019098E+01
  1.03956131E+01 -1.00959692E+01
  1.03956131E+01 -9.79002864E+00
  1.03956131E+01 -9.48408805E+00
  1.03956131E+01 -9.17814745E+00
  1.03956131E+01 -8.87220686E+00
  1.03956131E+01 -8.56626626E+00
  1.03956131E+01 -8.26032567E+00
  1.03956131E+01 -7.95438508E+00
  1.03956131E+01 -7.64844448E+00
  1.03956131E+01 -7.34250389E+00
  1.03956131E+01 -7.03656329E+00
  1.03956131E+01 -6.73062270E+00
  1.03956131E+01 -6.42468210E+00
  1.03956131E+01 -6.11874151E+00
  1.03956131E+01 -5.81280092E+00
  1.03956131E+01 -5.50686032E+00
  1.03956131E+01 -5.20091973E+00
  1.03956131E+01 -4.89497913E+00
  1.03956131E+01 -4.58903854E+00
  1.03956131E+01 -4.28309795E+00
  1.03956131E+01 -3.97715735E+00
  1.03956131E+01 -3.67121676E+00
  1.03956131E+01 -3.36527616E+00
  1.03956131E+01 -3.05933557E+00
  1.03956131E+01 -2.75339498E+00
  1.03956131E+01 -2.44745438E+00
  1.03956131E+01 -2.14151379E+00
  1.03956131E+01 -1.83557319E+00
  1.03956131E+01 -1.52963260E+00
  1.03956131E+01 -1.22369201E+00
  1.03956131E+01 -9.17751412E-01
  1.03956131E+01 -6.11810818E-01
  1.03956131E+01 -3.05870224E-01
  1.03956131E+01  7.03703670E-05
  1.03956131E+01  3.06010964E-01
  1.03956131E+01  6.11951558E-01
  1.03956131E+01  9.17892153E-01
  1.03956131E+01  1.22383275E+00
  1.03956131E+01  1.52977334E+00
  1.03956131E+01  1.83571393E+00
  1.03956131E+01  2.14165453E+00
  1.03956131E+01  2.44759512E+00
  1.03956131E+01  2.75353572E+00
  1.03956131E+01  3.05947631E+00
  1.03956131E+01  3.36541691E+00
  1.03956131E+01  3.67135750E+00
  1.03956131E+01  3.97729809E+00
  1.03956131E+01  4.28323869E+00
  1.03956131E+01  4.58917928E+00
  1.03956131E+01  4.89511988E+00
  1.03956131E+01  5.20106047E+00
  1.03956131E+01  5.50700106E+00
  1.03956131E+01  5.81294166E+00
  1.03956131E+01  6.11888225E+00
  1.03956131E+01  6.42482285E+00
  1.03956131E+01  6.73076344E+00
  1.03956131E+01  7.03670403E+00
  1.03956131E+01  7.34264463E+00
  1.03956131E+01  7.64858522E+00
  1.03956131E+01  7.95452582E+00
  1.03956131E+01  8.26046641E+00
  1.03956131E+01  8.56640700E+00
  1.03956131E+01  8.87234760E+00
  1.03956131E+01  9.17828819E+00
  1.03956131E+01  9.48422879E+00
  1.03956131E+01  9.79016938E+00
  1.03956131E+01  1.00961100E+01
  1.03956131E+01  1.04020506E+01
  1.03956131E+01  1.07079912E+01
  1.03956131E+01  1.10139318E+01
  1.03956131E+01  1.13198724E+01
  1.03956131E+01  1.16258129E+01
  1.03956131E+01  1.19317535E+01
  1.03956131E+01  1.22376941E+01
  1.03956131E+01  1.25436347E+01
  1.03956131E+01  1.28495753E+01
  1.03956131E+01  1.31555159E+01
  1.03956131E+01  1.34614565E+01
  1.03956131E+01  1.37673971E+01
  1.03956131E+01  1.40733377E+01
  1.03956131E+01  1.43792783E+01
  1.03956131E+01  1.46852189E+01
  1.03956131E+01  1.49911595E+01
  1.03956131E+01  1.52971001E+01
  1.00867895E+01  1.52971001E+01
  9.77796599E+00  1.52971001E+01
  9.50000000E+00  1.52971001E+01
  9.50000000E+00  1.50217290E+01
  9.50000000E+00  1.49911595E+01
  9.50000000E+00  1.47157884E+01
  9.50000000E+00  1.46852189E+01
  9.50000000E+00  1.44098478E+01
  9.50000000E+00  1.43792783E+01
  9.50000000E+00  1.41039072E+01
  9.50000000E+00  1.40733377E+01
  9.50000000E+00  1.37979666E+01
  9.50000000E+00  1.37673971E+01
  9.50000000E+00  1.34920260E+01
  9.50000000E+00  1.34614565E+01
  9.50000000E+00  1.31860854E+01
  9.50000000E+00  1.31555159E+01
  9.50000000E+00  1.28801448E+01
  9.50000000E+00  1.28495753E+01
  9.50000000E+00  1.25742042E+01
  9.50000000E+00  1.25436347E+01
  9.50000000E+00  1.22682636E+01
  9.50000000E+00  1.22376941E+01
  9.50000000E+00  1.19623230E+01
  9.50000000E+00  1.19317535E+01
  9.50000000E+00  1.16563824E+01
  9.50000000E+00  1.16258129E+01
  9.50000000E+00  1.13504418E+01
  9.50000000E+00  1.13198724E+01
  9.50000000E+00  1.10445012E+01
  9.50000000E+00  1.10139318E+01
  9.50000000E+00  1.07385606E+01
  9.50000000E+00  1.07079912E+01
  9.50000000E+00  1.04326200E+01
  9.50000000E+00  1.04020506E+01
  9.50000000E+00  1.01266795E+01
  9.50000000E+00  1.00961100E+01
  9.50000000E+00  9.82073886E+00
  9.50000000E+00  9.79016938E+00
  9.50000000E+00  9.51479826E+00
  9.50000000E+00  9.48422879E+00
  9.50000000E+00  9.20885767E+00
  9.50000000E+00  9.17828819E+00
  9.50000000E+00  8.90291707E+00
  9.50000000E+00  8.87234760E+00
  9.50000000E+00  8.59697648E+00
  9.50000000E+00  8.56640700E+00
  9.50000000E+00  8.29103589E+00
  9.50000000E+00  8.26046641E+00
  9.50000000E+00  7.98509529E+00
  9.50000000E+00  7.95452582E+00
  9.50000000E+00  7.67915470E+00
  9.50000000E+00  7.64858522E+00
  9.50000000E+00  7.37321410E+00
  9.50000000E+00  7.34264463E+00
  9.50000000E+00  7.06727351E+00
  9.50000000E+00  7.03670403E+00
  9.50000000E+00  6.76133292E+00
  9.50000000E+00  6.73076344E+00
  9.50000000E+00  6.45539232E+00
  9.50000000E+00  6.42482285E+00
  9.50000000E+00  6.14945173E+00
  9.50000000E+00  6.11888225E+00
  9.50000000E+00  5.84351113E+00
  9.50000000E+00  5.81294166E+00
  9.50000000E+00  5.53757054E+00
  9.50000000E+00  5.50700106E+00
  9.50000000E+00  5.23162995E+00
  9.50000000E+00  5.20106047E+00
  9.50000000E+00  4.92568935E+00
  9.50000000E+00  4.89511988E+00
  9.50000000E+00  4.61974876E+00
  9.50000000E+00  4.58917928E+00
  9.50000000E+00  4.31380816E+00
  9.50000000E+00  4.28323869E+00
  9.50000000E+00  4.00786757E+00
  9.50000000E+00  3.97729809E+00
  9.50000000E+00  3.70192698E+00
  9.50000000E+00  3.67135750E+00
  9.50000000E+00  3.39598638E+00
  9.50000000E+00  3.36541691E+00
  9.50000000E+00  3.09004579E+00
  9.50000000E+00  3.05947631E+00
  9.50000000E+00  2.78410519E+00
  9.50000000E+00  2.75353572E+00
  9.50000000E+00  2.47816460E+00
  9.50000000E+00  2.44759512E+00
  9.50000000E+00  2.17222401E+00
  9.50000000E+00  2.14165453E+00
  9.50000000E+00  1.86628341E+00
  9.50000000E+00  1.83571393E+00
  9.50000000E+00  1.56034282E+00
  9.50000000E+00  1.52977334E+00
  9.50000000E+00  1.25440222E+00
  9.50000000E+00  1.22383275E+00
  9.50000000E+00  9.48461629E-01
  9.50000000E+00  9.17892153E-01
  9.50000000E+00  6.42521035E-01
  9.50000000E+00  6.11951558E-01
  9.50000000E+00  3.36580441E-01
  9.50000000E+00  3.06010964E-01
  9.50000000E+00  3.06398466E-02
  9.50000000E+00  7.03703670E-05
  9.50000000E+00 -2.75300747E-01
  9.50000000E+00 -3.05870224E-01
  9.50000000E+00 -5.81241342E-01
  9.50000000E+00 -6.11810818E-01
  9.50000000E+00 -8.87181936E-01
  9.50000000E+00 -9.17751412E-01
  9.50000000E+00 -1.19312253E+00
  9.50000000E+00 -1.22369201E+00
  9.50000000E+00 -1.49906312E+00
  9.50000000E+00 -1.52963260E+00
  9.50000000E+00 -1.80500372E+00
  9.50000000E+00 -1.83557319E+00
  9.50000000E+00 -2.11094431E+00
  9.50000000E+00 -2.14151379E+00
  9.50000000E+00 -2.41688491E+00
  9.50000000E+00 -2.44745438E+00
  9.50000000E+00 -2.72282550E+00
  9.50000000E+00 -2.75339498E+00
  9.50000000E+00 -3.02876609E+00
  9.50000000E+00 -3.05933557E+00
  9.50000000E+00 -3.33470669E+00
  9.50000000E+00 -3.36527616E+00
  9.50000000E+00 -3.64064728E+00
  9.50000000E+00 -3.67121676E+00
  9.50000000E+00 -3.94658788E+00
  9.50000000E+00 -3.97715735E+00
  9.50000000E+00 -4.25252847E+00
  9.50000000E+00 -4.28309795E+00
  9.50000000E+00 -4.55846906E+00
  9.50000000E+00 -4.58903854E+00
  9.50000000E+00 -4.86440966E+00
  9.50000000E+00 -4.89497913E+00
  9.50000000E+00 -5.17035025E+00
  9.50000000E+00 -5.20091973E+00
  9.50000000E+00 -5.47629085E+00
  9.50000000E+00 -5.50686032E+00
  9.50000000E+00 -5.78223144E+00
  9.50000000E+00 -5.81280092E+00
  9.50000000E+00 -6.08817203E+00
  9.50000000E+00 -6.11874151E+00
  9.50000000E+00 -6.39411263E+00
  9.50000000E+00 -6.42468210E+00
  9.50000000E+00 -6.70005322E+00
  9.50000000E+00 -6.73062270E+00
  9.50000000E+00 -7.00599382E+00
  9.50000000E+00 -7.03656329E+00
  9.50000000E+00 -7.31193441E+00
  9.50000000E+00 -7.34250389E+00
  9.50000000E+00 -7.61787500E+00
  9.50000000E+00 -7.64844448E+00
  9.50000000E+00 -7.92381560E+00
  9.50000000E+00 -7.95438508E+00
  9.50000000E+00 -8.22975619E+00
  9.50000000E+00 -8.26032567E+00
  9.50000000E+00 -8.53569679E+00
  9.50000000E+00 -8.56626626E+00
  9.50000000E+00 -8.84163738E+00
  9.50000000E+00 -8.87220686E+00
  9.50000000E+00 -9.14757798E+00
  9.50000000E+00 -9.17814745E+00
  9.50000000E+00 -9.45351857E+00
  9.50000000E+00 -9.48408805E+00
  9.50000000E+00 -9.75945916E+00
  9.50000000E+00 -9.79002864E+00
  9.50000000E+00 -1.00653998E+01
  9.50000000E+00 -1.00959692E+01
  9.50000000E+00 -1.03713404E+01
  9.50000000E+00 -1.04019098E+01
  9.50000000E+00 -1.06772809E+01
  9.50000000E+00 -1.07078504E+01
  9.50000000E+00 -1.09832215E+01
  9.50000000E+00 -1.10137910E+01
  9.50000000E+00 -1.12891621E+01
  9.50000000E+00 -1.13197316E+01
  9.50000000E+00 -1.15951027E+01
  9.50000000E+00 -1.16256722E+01
  9.50000000E+00 -1.19010433E+01
  9.50000000E+00 -1.19316128E+01
  9.50000000E+00 -1.22069839E+01
  9.50000000E+00 -1.22375534E+01
  9.50000000E+00 -1.25129245E+01
  9.50000000E+00 -1.25434940E+01
  9.50000000E+00 -1.28188651E+01
  9.50000000E+00 -1.28494346E+01
  9.50000000E+00 -1.31248057E+01
  9.50000000E+00 -1.31553752E+01
  9.50000000E+00 -1.34307463E+01
  9.50000000E+00 -1.34613158E+01
  9.50000000E+00 -1.37366869E+01
  9.50000000E+00 -1.37672564E+01
  9.50000000E+00 -1.40426275E+01
  9.50000000E+00 -1.40731970E+01
  9.50000000E+00 -1.43485681E+01
  9.50000000E+00 -1.43791376E+01
  9.50000000E+00 -1.46545087E+01
  9.50000000E+00 -1.46850781E+01
  9.50000000E+00 -1.49604493E+01
  9.50000000E+00 -1.49910187E+01
  9.50000000E+00 -1.52663899E+01
  9.50000000E+00 -1.52969593E+01

hb:   line clip z  
clip:
 -7.51592152E-01 -1.19608950E+01
 -7.22034009E-01 -1.19719703E+01
 -6.59208847E-01 -1.19938515E+01
 -4.13210479E-01 -1.20589456E+01
 -2.59480867E-01 -1.20839073E+01
 -1.04386950E-01 -1.20974040E+01
  6.45842748E-02 -1.20990066E+01
  2.04436580E-01 -1.20900253E+01
  3.45520886E-01 -1.20713801E+01
  5.13260109E-01 -1.20363114E+01
  5.96053728E-01 -1.20136335E+01
  8.22083638E-01 -1.19324023E+01
  1.13090717E+00 -1.17694770E+01
  1.21726136E+00 -1.17112203E+01
  1.32935694E+00 -1.16256722E+01
  1.43973070E+00 -1.15287824E+01
  1.54417885E+00 -1.14232047E+01
  1.63349578E+00 -1.13197316E+01
  1.74855423E+00 -1.11629953E+01
  1.80634258E+00 -1.10710399E+01
  1.83908341E+00 -1.10137910E+01
  1.92521331E+00 -1.08387811E+01
  1.97710591E+00 -1.07078504E+01
  2.05737776E+00 -1.04209475E+01
  2.06056345E+00 -1.04050658E+01
  2.06118133E+00 -1.04019098E+01
  2.06208519E+00 -1.03972463E+01
  2.09780597E+00 -1.00959692E+01
  2.09929413E+00 -1.00544442E+01
  2.08947650E+00 -9.79002864E+00
  2.08638849E+00 -9.76128873E+00
  2.05737776E+00 -9.57905253E+00
  2.03564114E+00 -9.48408805E+00
  1.96785779E+00 -9.26683173E+00
  1.93250055E+00 -9.17814745E+00
  1.87452763E+00 -9.05335004E+00
  1.77146341E+00 -8.87220686E+00
  1.76255586E+00 -8.85833593E+00
  1.74855423E+00 -8.83700468E+00
  1.53440789E+00 -8.56626626E+00
  1.48814520E+00 -8.51830372E+00
  1.43973070E+00 -8.47121763E+00
  1.17623689E+00 -8.26032567E+00
  1.14911199E+00 -8.24229080E+00
  1.13090717E+00 -8.23052296E+00
  1.05284489E+00 -8.18299212E+00
  8.22083638E-01 -8.06759774E+00
  5.25912793E-01 -7.96691964E+00
  5.13260109E-01 -7.96368861E+00
  4.74825841E-01 -7.95438508E+00
  2.44873379E-01 -7.91432576E+00
  2.04436580E-01 -7.90997472E+00
  1.55347004E-01 -7.90575376E+00
 -1.04386950E-01 -7.90259604E+00
 -1.53606142E-01 -7.90562536E+00
 -4.13210479E-01 -7.94105437E+00
 -4.24373556E-01 -7.94332621E+00
 -4.74825841E-01 -7.95438508E+00
 -7.22034009E-01 -8.02802969E+00
 -8.87259710E-01 -8.09664239E+00
 -1.03085754E+00 -8.17042826E+00
 -1.08793411E+00 -8.20378192E+00
 -1.17623689E+00 -8.26032567E+00
 -1.33968107E+00 -8.38282511E+00
 -1.43762465E+00 -8.46923700E+00
 -1.53440789E+00 -8.56626626E+00
 -1.64850460E+00 -8.69906472E+00
 -1.72256144E+00 -8.79884135E+00
 -1.77146341E+00 -8.87220686E+00
 -1.91341618E+00 -9.13464543E+00
 -1.93250055E+00 -9.17814745E+00
 -1.95732813E+00 -9.23916716E+00
 -2.01913522E+00 -9.42285793E+00
 -2.03564114E+00 -9.48408805E+00
 -2.05843445E+00 -9.58425051E+00
 -2.08947650E+00 -9.79002864E+00
 -2.09884033E+00 -9.93021979E+00
 -2.09780597E+00 -1.00959692E+01
 -2.08787912E+00 -1.02253015E+01
 -2.06118133E+00 -1.04019098E+01
 -2.04284047E+00 -1.04866239E+01
 -1.97710591E+00 -1.07078504E+01
 -1.95732813E+00 -1.07608328E+01
 -1.83908341E+00 -1.10137910E+01
 -1.76840918E+00 -1.11325763E+01
 -1.64850460E+00 -1.13009353E+01
 -1.49558811E+00 -1.14741832E+01
 -1.32935694E+00 -1.16256722E+01
 -1.03085754E+00 -1.18295717E+01
 -8.23936890E-01 -1.19316128E+01

hb:   line clip z  
clip:
 -8.20468357E-01 -1.93308864E+00
 -7.22034009E-01 -1.97197031E+00
 -5.21525102E-01 -2.03421031E+00
 -4.13210479E-01 -2.05894563E+00
 -1.51840320E-01 -2.09450341E+00
  1.56627353E-01 -2.09415087E+00
  4.27059387E-01 -2.05611777E+00
  6.69548936E-01 -1.99040303E+00
  8.89466725E-01 -1.90232724E+00
  1.13090717E+00 -1.76947704E+00
  1.43882734E+00 -1.52963260E+00
  1.70662763E+00 -1.22369201E+00
  1.84134554E+00 -1.00967649E+00
  1.98598755E+00 -6.82534581E-01
  2.05737776E+00 -4.20947466E-01
  2.07760521E+00 -3.05870224E-01
  2.10000000E+00  7.03703670E-05
  2.07758448E+00  3.06010964E-01
  2.05737776E+00  4.20947466E-01
  2.00885920E+00  6.11951558E-01
  1.94069862E+00  8.02302238E-01
  1.88877579E+00  9.17892153E-01
  1.74855423E+00  1.16299532E+00
  1.58959260E+00  1.37229566E+00
  1.27278961E+00  1.67033128E+00
  1.01987958E+00  1.83571393E+00
  8.22083638E-01  1.93240226E+00
  5.13260109E-01  2.03631139E+00
  2.04436580E-01  2.09002528E+00
 -1.04386950E-01  2.09740396E+00
 -4.13210479E-01  2.05894563E+00
 -7.22034009E-01  1.97197031E+00
 -1.01987958E+00  1.83571393E+00
 -1.21537044E+00  1.71256378E+00
 -1.38706851E+00  1.57671841E+00
 -1.64850460E+00  1.30093528E+00
 -1.70652671E+00  1.22383275E+00
 -1.81140858E+00  1.06244951E+00
 -1.88877579E+00  9.17892153E-01
 -1.95732813E+00  7.60832837E-01
 -1.99659505E+00  6.50851915E-01
 -2.02917861E+00  5.40771811E-01
 -2.07758448E+00  3.06010964E-01
 -2.09297465E+00  1.71630729E-01
 -2.10000000E+00  7.03703670E-05
 -2.09553638E+00 -1.36847677E-01
 -2.07760521E+00 -3.05870224E-01
 -2.06005593E+00 -4.07639036E-01
 -2.00890207E+00 -6.11810818E-01
 -1.95732813E+00 -7.60832837E-01
 -1.88884418E+00 -9.17751412E-01
 -1.80519272E+00 -1.07297682E+00
 -1.70662763E+00 -1.22369201E+00
 -1.64850460E+00 -1.30093528E+00
 -1.43882734E+00 -1.52963260E+00
 -1.33968107E+00 -1.61717489E+00
 -1.04507628E+00 -1.82148718E+00
 -1.02013286E+00 -1.83557319E+00

hb:   line clip z  
clip:
 -4.67926474E-01  5.45279585E+00
 -4.13210479E-01  5.44105437E+00
 -3.31832861E-01  5.42638312E+00
 -1.04386950E-01  5.40259604E+00
  3.61925634E-03  5.40000312E+00
  2.04436580E-01  5.40997472E+00
  2.91871825E-01  5.42038205E+00
  5.13260109E-01  5.46368861E+00
  6.61781867E-01  5.50700106E+00
  8.22083638E-01  5.56759774E+00
  9.89076499E-01  5.64750771E+00
  1.13090717E+00  5.73052296E+00
  1.25053355E+00  5.81294166E+00
  1.43973070E+00  5.97121763E+00
  1.58193355E+00  6.11888225E+00
  1.74855423E+00  6.33700468E+00
  1.80388306E+00  6.42482285E+00
  1.87072053E+00  6.54584870E+00
  1.95404071E+00  6.73076344E+00
  2.04557780E+00  7.02501423E+00
  2.05737776E+00  7.07905253E+00
  2.09129961E+00  7.30903944E+00
  2.09665718E+00  7.38155737E+00
  2.09473684E+00  7.64858522E+00
  2.05737776E+00  7.92094747E+00
  1.98413345E+00  8.18790585E+00
  1.89481430E+00  8.40536112E+00
  1.78643142E+00  8.60393061E+00
  1.58954776E+00  8.87234760E+00
  1.43973070E+00  9.02878237E+00
  1.26227919E+00  9.17828819E+00
  1.13090717E+00  9.26947704E+00
  9.18960617E-01  9.38825618E+00
  6.87630805E-01  9.48422879E+00
  5.13260109E-01  9.53631139E+00
  2.04436580E-01  9.59002528E+00
 -1.04386950E-01  9.59740396E+00
 -4.13210479E-01  9.55894563E+00
 -6.87630805E-01  9.48422879E+00
 -9.29010167E-01  9.38333218E+00
 -1.12603768E+00  9.27257980E+00
 -1.33968107E+00  9.11717489E+00
 -1.58954776E+00  8.87234760E+00
 -1.74754035E+00  8.66451824E+00
 -1.95732813E+00  8.26083284E+00
 -2.07216909E+00  7.84075692E+00
 -2.09998746E+00  7.50725765E+00
 -2.08123537E+00  7.21989408E+00
 -2.03050087E+00  6.96421438E+00
 -1.95404071E+00  6.73076344E+00
 -1.80388306E+00  6.42482285E+00
 -1.64850460E+00  6.19906472E+00
 -1.46465270E+00  5.99507726E+00
 -1.25053355E+00  5.81294166E+00
 -1.03085754E+00  5.67042826E+00
 -7.56248360E-01  5.54089602E+00
 -6.61781867E-01  5.50700106E+00

#------------------------------------------------------------------------------
z: xorg(1.03)
p: xfac[c2*0.05] form[c1/0.05] notc noxt noyt dmin(1)
p: ymin(0) ymax(1) xmin(0) xmax(1) cmin(1) cmax(100) nosp
hc: y= 0.005 to 0.995 by 0.01 ; x= 0.5 to 0.5 by 1 ;
 1  2  3  4  5  6  7  8  9 10 11 12 13 14 15 16 17 18 19 20
21 22 23 24 25 26 27 28 29 30 31 32 33 34 35 36 37 38 39 40
41 42 43 44 45 46 47 48 49 50 51 52 53 54 55 56 57 58 59 60
61 62 63 64 65 66 67 68 69 70 71 72 73 74 75 76 77 78 79 80
81 82 83 84 85 86 87 88 89 90 91 92 93 94 95 96 97 98 99 100
z: xorg(0.0)
p: xfac[c2*0.05] form[c1/0.05] nosp afac[c5*0.625] ymin[c3] ymax[c4]
p: noxt noxn ytxt(-1) ynum(-1) xltd(-1) xstd(-1) itic(1) ylog
y: Flux [1/cm^2/source]              
#------------------------------------------------------------------------------

wt: s[c5]
\vspace{-3}
  emin  &=&   0.0000E+00 [MeV/n]
  emax  &=&   1.0000E+03 [MeV/n]
  zmin  &=&   9.8470E+01 [cm]
  zmax  &=&   9.8490E+01 [cm]
  part. &=& photon  
e:

#------------------------------------------------------------------------------
z: xorg[-1.03/0.05]
p: form[c1] xfac[c2] afac[c5] nosp notf
p: xmin( -10.00000    ) xmax(  10.10000    )
p: ymin( -15.00000    ) ymax(  15.00000    )
 
# Information for Restart Calculation
# This calculation was newly started
# istdev =  2 # 1:Batch variance, 2:History variance
# resc2  = 3.20404958639304016E-02 # Total source weight or Total source weight / maxcas
# resc3  = 1.99981000000000000E+08 # Total history number or Total batch number
# maxcas =        1000 # History / Batch, only used for istdev=1
# bitrseed = 0001010110011101111001010011000010110000011010111001001010111000 # bit data of rseed
